celltype,set,gene,n_peaks,rna_sign,oriented_mean_lfc
Astro,frozen_hit_linked,PAPPA2,1,1,-0.2515
Astro,frozen_hit_linked,USH2A,2,-1,-0.0331
Astro,frozen_hit_linked,LYPD6,3,-1,0.0491
Astro,frozen_hit_linked,FAP,3,1,0.2459
Astro,frozen_hit_linked,FN1,1,-1,0.377
Astro,frozen_hit_linked,IGFBP5,2,1,0.0948
Astro,frozen_hit_linked,OTOS,2,1,0.0963
Astro,frozen_hit_linked,TAFA1,53,-1,0.1713
Astro,frozen_hit_linked,COL8A1,1,1,0.1818
Astro,frozen_hit_linked,APOD,3,1,-0.128
Astro,frozen_hit_linked,CXCL2,2,1,-0.0047
Astro,frozen_hit_linked,ANTXR2,1,1,0.1209
Astro,frozen_hit_linked,ADAMTS19,2,-1,0.3319
Astro,frozen_hit_linked,COL21A1,15,1,0.1768
Astro,frozen_hit_linked,COL12A1,5,1,0.0402
Astro,frozen_hit_linked,CCN2,1,1,-0.0068
Astro,frozen_hit_linked,SEMA3D,7,1,0.3557
Astro,frozen_hit_linked,COL26A1,1,-1,-0.0405
Astro,frozen_hit_linked,ANXA1,5,1,0.3495
Astro,frozen_hit_linked,ECM2,4,1,0.2122
Astro,frozen_hit_linked,TNC,6,1,0.3111
Astro,frozen_hit_linked,CRB2,5,1,0.1415
Astro,frozen_hit_linked,HMCN2,9,-1,0.2344
Astro,frozen_hit_linked,WNT5B,17,-1,0.2376
Astro,frozen_hit_linked,KITLG,1,1,0.397
Astro,frozen_hit_linked,CHST9,8,1,0.1692
Astro,all_secretome_linked,ISG15,5,1,-0.0354
Astro,all_secretome_linked,AGRN,1,1,-0.0413
Astro,all_secretome_linked,VWA1,3,1,0.0292
Astro,all_secretome_linked,MMEL1,1,1,0.0029
Astro,all_secretome_linked,MEGF6,25,1,-0.0009
Astro,all_secretome_linked,TNFRSF25,1,-1,-0.3157
Astro,all_secretome_linked,CORT,1,1,-0.1666
Astro,all_secretome_linked,ANGPTL7,2,1,-0.2998
Astro,all_secretome_linked,DRAXIN,2,1,0.2909
Astro,all_secretome_linked,NPPA,2,1,-0.1811
Astro,all_secretome_linked,TNFRSF1B,2,1,-0.1222
Astro,all_secretome_linked,CELA2B,1,1,0.1354
Astro,all_secretome_linked,NBL1,14,-1,0.1447
Astro,all_secretome_linked,PLA2G5,1,-1,0.295
Astro,all_secretome_linked,PLA2G2C,2,-1,0.3768
Astro,all_secretome_linked,VWA5B1,2,-1,-0.0511
Astro,all_secretome_linked,HSPG2,2,-1,-0.1117
Astro,all_secretome_linked,WNT4,1,1,0.4093
Astro,all_secretome_linked,C1QA,2,1,-0.3053
Astro,all_secretome_linked,C1QC,3,1,0.038
Astro,all_secretome_linked,C1QB,3,1,0.1214
Astro,all_secretome_linked,COL16A1,3,1,0.1195
Astro,all_secretome_linked,ADGRB2,5,-1,-0.0842
Astro,all_secretome_linked,FNDC5,2,-1,0.219
Astro,all_secretome_linked,COL8A2,7,1,-0.0724
Astro,all_secretome_linked,CSF3R,1,-1,0.1811
Astro,all_secretome_linked,EPHA10,3,-1,0.3067
Astro,all_secretome_linked,BMP8A,3,-1,0.394
Astro,all_secretome_linked,BMP8B,2,-1,0.1568
Astro,all_secretome_linked,PPT1,6,1,0.0303
Astro,all_secretome_linked,COL9A2,1,1,0.1437
Astro,all_secretome_linked,YBX1,1,1,0.068
Astro,all_secretome_linked,P3H1,1,-1,0.0086
Astro,all_secretome_linked,SVBP,1,1,0.1086
Astro,all_secretome_linked,ST3GAL3,7,-1,-0.0612
Astro,all_secretome_linked,SPATA6,1,-1,0.0756
Astro,all_secretome_linked,GPX7,1,-1,0.0647
Astro,all_secretome_linked,PODN,1,1,-0.0215
Astro,all_secretome_linked,LRP8,1,-1,0.0684
Astro,all_secretome_linked,SSBP3-AS1,1,-1,0.1807
Astro,all_secretome_linked,LEPR,20,-1,0.0165
Astro,all_secretome_linked,CCN1,2,1,0.0563
Astro,all_secretome_linked,COL24A1,1,-1,0.3152
Astro,all_secretome_linked,CLCA4,1,1,0.0532
Astro,all_secretome_linked,GBP1,1,1,0.2195
Astro,all_secretome_linked,TGFBR3,9,1,-0.0946
Astro,all_secretome_linked,F3,2,1,0.144
Astro,all_secretome_linked,VCAM1,2,1,0.0097
Astro,all_secretome_linked,EXTL2,1,1,-0.1325
Astro,all_secretome_linked,OLFM3,25,-1,0.147
Astro,all_secretome_linked,COL11A1,1,-1,-0.0093
Astro,all_secretome_linked,AMY2B,3,-1,0.1802
Astro,all_secretome_linked,AMY2A,1,-1,0.3193
Astro,all_secretome_linked,CSF1,2,1,0.0462
Astro,all_secretome_linked,CHI3L2,12,1,0.0701
Astro,all_secretome_linked,WNT2B,3,1,-0.0586
Astro,all_secretome_linked,OLFML3,2,1,0.0392
Astro,all_secretome_linked,NGF,1,1,0.115
Astro,all_secretome_linked,CD160,3,-1,0.1831
Astro,all_secretome_linked,NOTCH2NLA,1,1,0.6248
Astro,all_secretome_linked,NOTCH2NLC,1,1,-0.1323
Astro,all_secretome_linked,C1orf54,3,-1,-0.0906
Astro,all_secretome_linked,ECM1,3,1,-0.0808
Astro,all_secretome_linked,ADAMTSL4,2,1,-0.1244
Astro,all_secretome_linked,CTSS,2,1,-0.2492
Astro,all_secretome_linked,CTSK,2,1,-0.0711
Astro,all_secretome_linked,C1orf56,2,1,0.2166
Astro,all_secretome_linked,TUFT1,1,-1,0.2666
Astro,all_secretome_linked,S100A9,1,1,0.2401
Astro,all_secretome_linked,S100A8,1,-1,-0.3233
Astro,all_secretome_linked,S100A4,3,1,0.3144
Astro,all_secretome_linked,S100A13,2,1,0.1403
Astro,all_secretome_linked,IL6R,3,-1,-0.0829
Astro,all_secretome_linked,EFNA4,2,1,-0.1459
Astro,all_secretome_linked,EFNA1,2,1,-0.1992
Astro,all_secretome_linked,MUC1,2,1,-0.0119
Astro,all_secretome_linked,THBS3,1,-1,0.0024
Astro,all_secretome_linked,BGLAP,2,1,0.2854
Astro,all_secretome_linked,NAXE,2,1,-0.0997
Astro,all_secretome_linked,HAPLN2,1,1,-0.4623
Astro,all_secretome_linked,BCAN,2,-1,0.1499
Astro,all_secretome_linked,HDGF,1,1,-0.0017
Astro,all_secretome_linked,COPA,1,-1,0.195
Astro,all_secretome_linked,ADAMTS4,4,1,0.1199
Astro,all_secretome_linked,FCGR3A,1,1,0.0194
Astro,all_secretome_linked,OLFML2B,14,-1,0.0325
Astro,all_secretome_linked,CREG1,1,1,0.2964
Astro,all_secretome_linked,F5,2,1,0.2737
Astro,all_secretome_linked,TNN,2,-1,0.601
Astro,all_secretome_linked,TNR,3,-1,-0.0144
Astro,all_secretome_linked,PAPPA2,1,1,-0.2515
Astro,all_secretome_linked,BRINP2,1,-1,-0.1043
Astro,all_secretome_linked,ANGPTL1,1,-1,-0.0105
Astro,all_secretome_linked,QSOX1,2,-1,0.1194
Astro,all_secretome_linked,MR1,1,1,-0.2129
Astro,all_secretome_linked,LAMC1,1,1,0.18
Astro,all_secretome_linked,HMCN1,1,1,-0.2203
Astro,all_secretome_linked,BRINP3,3,-1,-0.0396
Astro,all_secretome_linked,CFH,2,1,-0.3637
Astro,all_secretome_linked,CRB1,31,1,0.1653
Astro,all_secretome_linked,RNPEP,1,1,0.1496
Astro,all_secretome_linked,CHI3L1,2,1,-0.4706
Astro,all_secretome_linked,CHIT1,1,1,-0.124
Astro,all_secretome_linked,FMOD,2,1,0.0585
Astro,all_secretome_linked,PRELP,3,1,0.0936
Astro,all_secretome_linked,REN,4,1,-0.4135
Astro,all_secretome_linked,CNTN2,2,1,-0.1946
Astro,all_secretome_linked,PM20D1,2,-1,-0.3818
Astro,all_secretome_linked,IL19,17,-1,0.0694
Astro,all_secretome_linked,C4BPA,1,1,0.0568
Astro,all_secretome_linked,CD55,1,1,0.0681
Astro,all_secretome_linked,CR1L,1,1,0.0941
Astro,all_secretome_linked,LAMB3,3,1,0.1632
Astro,all_secretome_linked,NENF,1,1,0.3869
Astro,all_secretome_linked,VASH2,2,-1,0.2377
Astro,all_secretome_linked,USH2A,2,-1,-0.0331
Astro,all_secretome_linked,TGFB2,3,1,0.1526
Astro,all_secretome_linked,SUSD4,1,-1,0.1272
Astro,all_secretome_linked,LEFTY1,2,1,-0.0243
Astro,all_secretome_linked,WNT9A,2,1,0.2725
Astro,all_secretome_linked,GALNT2,1,-1,-0.0202
Astro,all_secretome_linked,AGT,1,1,-0.0733
Astro,all_secretome_linked,NID1,2,-1,0.351
Astro,all_secretome_linked,GREM2,1,1,-0.2087
Astro,all_secretome_linked,NLRP3,2,1,-0.1575
Astro,all_secretome_linked,ALKAL2,1,-1,-0.3517
Astro,all_secretome_linked,PXDN,1,-1,0.2257
Astro,all_secretome_linked,COLEC11,5,1,-0.1604
Astro,all_secretome_linked,GDF7,1,-1,0.4746
Astro,all_secretome_linked,APOB,1,1,-0.0046
Astro,all_secretome_linked,POMC,1,-1,0.1091
Astro,all_secretome_linked,EMILIN1,1,1,-0.0882
Astro,all_secretome_linked,CGREF1,2,1,0.0412
Astro,all_secretome_linked,UCN,2,1,0.3381
Astro,all_secretome_linked,FNDC4,1,1,0.0836
Astro,all_secretome_linked,LTBP1,27,-1,0.0492
Astro,all_secretome_linked,CRIM1,2,-1,-0.1145
Astro,all_secretome_linked,VIT,1,-1,-0.112
Astro,all_secretome_linked,QPCT,2,1,-0.1265
Astro,all_secretome_linked,PKDCC,2,-1,-0.0861
Astro,all_secretome_linked,EFEMP1,1,1,0.3348
Astro,all_secretome_linked,TGFA,2,1,-0.3262
Astro,all_secretome_linked,PRADC1,1,1,-0.1485
Astro,all_secretome_linked,LOXL3,1,1,-0.0185
Astro,all_secretome_linked,GNLY,1,1,-0.4661
Astro,all_secretome_linked,CD8A,2,-1,-0.2043
Astro,all_secretome_linked,THNSL2,2,1,0.3814
Astro,all_secretome_linked,MGAT4A,11,-1,0.0517
Astro,all_secretome_linked,CREG2,2,1,-0.1618
Astro,all_secretome_linked,IL1R1,9,1,0.1895
Astro,all_secretome_linked,ECRG4,1,1,0.4834
Astro,all_secretome_linked,FBLN7,2,-1,0.1463
Astro,all_secretome_linked,IL1A,2,-1,-0.0803
Astro,all_secretome_linked,C1QL2,1,1,-0.3956
Astro,all_secretome_linked,INHBB,1,1,0.0726
Astro,all_secretome_linked,PROC,1,1,0.0054
Astro,all_secretome_linked,MGAT5,36,-1,0.0806
Astro,all_secretome_linked,NXPH2,3,-1,0.2177
Astro,all_secretome_linked,LYPD6,3,-1,0.0491
Astro,all_secretome_linked,NMI,1,-1,0.0566
Astro,all_secretome_linked,TNFAIP6,2,-1,-0.2025
Astro,all_secretome_linked,PLA2R1,3,-1,0.1424
Astro,all_secretome_linked,FAP,3,1,0.2459
Astro,all_secretome_linked,FRZB,2,1,-0.0282
Astro,all_secretome_linked,TFPI,3,1,-0.0804
Astro,all_secretome_linked,COL3A1,1,-1,-0.1866
Astro,all_secretome_linked,COL5A2,1,-1,-0.0751
Astro,all_secretome_linked,MSTN,4,-1,-0.1541
Astro,all_secretome_linked,TMEFF2,3,-1,0.068
Astro,all_secretome_linked,NRP2,2,1,0.0841
Astro,all_secretome_linked,ADAM23,1,1,0.2215
Astro,all_secretome_linked,VWC2L,1,1,-0.1768
Astro,all_secretome_linked,FN1,1,-1,0.377
Astro,all_secretome_linked,IGFBP2,4,-1,0.449
Astro,all_secretome_linked,IGFBP5,2,1,0.0948
Astro,all_secretome_linked,ABCB6,1,1,0.0338
Astro,all_secretome_linked,GLB1L,2,1,0.0481
Astro,all_secretome_linked,INHA,1,1,0.006
Astro,all_secretome_linked,SCG2,2,1,0.6137
Astro,all_secretome_linked,SERPINE2,3,-1,-0.0513
Astro,all_secretome_linked,COL4A4,1,1,-0.2764
Astro,all_secretome_linked,COL4A3,1,1,-0.2764
Astro,all_secretome_linked,NPPC,1,1,-0.0576
Astro,all_secretome_linked,SNORC,2,-1,-0.0345
Astro,all_secretome_linked,COL6A3,6,1,0.0177
Astro,all_secretome_linked,OTOS,2,1,0.0963
Astro,all_secretome_linked,GPC1,6,-1,0.0149
Astro,all_secretome_linked,SNED1,12,1,-0.0554
Astro,all_secretome_linked,CHL1,31,-1,0.0516
Astro,all_secretome_linked,CNTN4,69,-1,0.109
Astro,all_secretome_linked,IL17RE,2,1,0.2283
Astro,all_secretome_linked,GHRL,4,-1,0.1997
Astro,all_secretome_linked,TIMP4,1,1,-0.0939
Astro,all_secretome_linked,FBLN2,6,1,-0.3179
Astro,all_secretome_linked,WNT7A,1,-1,-0.0309
Astro,all_secretome_linked,COLQ,7,1,0.1416
Astro,all_secretome_linked,BTD,8,1,0.1635
Astro,all_secretome_linked,TGFBR2,2,1,0.3017
Astro,all_secretome_linked,CRTAP,1,1,0.1857
Astro,all_secretome_linked,PDCD6IP,1,1,0.0354
Astro,all_secretome_linked,CCK,4,1,0.1369
Astro,all_secretome_linked,GASK1A,2,-1,-0.0769
Astro,all_secretome_linked,CDCP1,2,1,0.1012
Astro,all_secretome_linked,LTF,2,1,-0.1929
Astro,all_secretome_linked,CSPG5,1,-1,0.1739
Astro,all_secretome_linked,SPINK8,1,1,0.0179
Astro,all_secretome_linked,PLXNB1,4,1,0.043
Astro,all_secretome_linked,COL7A1,3,1,-0.194
Astro,all_secretome_linked,LAMB2,1,1,0.0929
Astro,all_secretome_linked,DAG1,1,-1,-0.0546
Astro,all_secretome_linked,MST1,1,1,0.0134
Astro,all_secretome_linked,SEMA3F,3,-1,-0.0629
Astro,all_secretome_linked,SEMA3B,3,1,-0.0937
Astro,all_secretome_linked,HYAL1,2,1,0.0345
Astro,all_secretome_linked,MANF,1,1,0.005
Astro,all_secretome_linked,ITIH4,1,-1,-0.027
Astro,all_secretome_linked,MUSTN1,2,1,0.1761
Astro,all_secretome_linked,IL17RB,2,1,0.0453
Astro,all_secretome_linked,WNT5A,6,1,0.0491
Astro,all_secretome_linked,ADAMTS9,2,-1,-0.0945
Astro,all_secretome_linked,TAFA1,53,-1,0.1713
Astro,all_secretome_linked,TAFA4,1,-1,0.2186
Astro,all_secretome_linked,PROK2,1,1,0.2025
Astro,all_secretome_linked,EPHA3,1,1,-0.1268
Astro,all_secretome_linked,PROS1,2,-1,0.1274
Astro,all_secretome_linked,COL8A1,1,1,0.1818
Astro,all_secretome_linked,ABI3BP,1,1,0.6666
Astro,all_secretome_linked,NXPE3,4,1,-0.0818
Astro,all_secretome_linked,ZPLD1,26,1,0.0281
Astro,all_secretome_linked,ALCAM,33,-1,0.0018
Astro,all_secretome_linked,BTLA,1,1,0.0537
Astro,all_secretome_linked,CCDC80,2,-1,0.0684
Astro,all_secretome_linked,CD200R1,2,1,0.1742
Astro,all_secretome_linked,B4GALT4,3,1,-0.0673
Astro,all_secretome_linked,PLA1A,2,1,-0.0854
Astro,all_secretome_linked,FSTL1,1,-1,-0.0074
Astro,all_secretome_linked,MUC13,1,-1,0.1415
Astro,all_secretome_linked,HEG1,1,1,0.0726
Astro,all_secretome_linked,COL6A6,1,-1,0.2197
Astro,all_secretome_linked,TF,4,-1,0.0414
Astro,all_secretome_linked,PCOLCE2,1,-1,-0.0335
Astro,all_secretome_linked,DIPK2A,1,1,0.1059
Astro,all_secretome_linked,CPB1,5,-1,-0.1972
Astro,all_secretome_linked,CP,2,1,0.4578
Astro,all_secretome_linked,IGSF10,2,1,0.1702
Astro,all_secretome_linked,C3orf33,1,-1,0.1243
Astro,all_secretome_linked,PTX3,1,1,0.2169
Astro,all_secretome_linked,RARRES1,2,-1,0.0497
Astro,all_secretome_linked,IL12A,2,-1,0.2166
Astro,all_secretome_linked,BCHE,2,-1,0.0081
Astro,all_secretome_linked,SERPINI1,1,-1,0.1086
Astro,all_secretome_linked,TNFSF10,1,1,0.0316
Astro,all_secretome_linked,THPO,3,1,-0.3247
Astro,all_secretome_linked,CHRD,3,-1,0.3247
Astro,all_secretome_linked,ST6GAL1,29,1,-0.0408
Astro,all_secretome_linked,MASP1,2,-1,0.3351
Astro,all_secretome_linked,SST,1,-1,-0.019
Astro,all_secretome_linked,IL1RAP,12,1,0.1826
Astro,all_secretome_linked,UTS2B,7,1,0.1384
Astro,all_secretome_linked,APOD,3,1,-0.128
Astro,all_secretome_linked,MUC20,3,1,-0.0787
Astro,all_secretome_linked,TFRC,1,1,0.0605
Astro,all_secretome_linked,FBXO45,1,1,-0.0975
Astro,all_secretome_linked,SPON2,11,1,0.0654
Astro,all_secretome_linked,FGFR3,2,-1,0.0242
Astro,all_secretome_linked,C4orf48,1,1,0.0465
Astro,all_secretome_linked,HGFAC,3,-1,0.0814
Astro,all_secretome_linked,CYTL1,2,-1,0.1135
Astro,all_secretome_linked,MAN2B2,1,1,0.0351
Astro,all_secretome_linked,C1QTNF7,20,-1,0.0008
Astro,all_secretome_linked,SLIT2,2,-1,0.2247
Astro,all_secretome_linked,SOD3,1,1,-0.0895
Astro,all_secretome_linked,LGI2,2,-1,-0.1537
Astro,all_secretome_linked,SMIM20,1,-1,0.0726
Astro,all_secretome_linked,CORIN,10,-1,0.0878
Astro,all_secretome_linked,ERVMER34-1,1,-1,0.4346
Astro,all_secretome_linked,KDR,2,-1,-0.1339
Astro,all_secretome_linked,NMU,1,-1,0.5182
Astro,all_secretome_linked,IGFBP7,1,1,0.0649
Astro,all_secretome_linked,TMPRSS11D,1,1,0.2247
Astro,all_secretome_linked,GC,1,-1,-0.2002
Astro,all_secretome_linked,ADAMTS3,1,-1,0.0417
Astro,all_secretome_linked,ALB,1,-1,-0.1128
Astro,all_secretome_linked,CXCL5,1,1,0.1268
Astro,all_secretome_linked,CXCL3,2,1,0.034
Astro,all_secretome_linked,CXCL2,2,1,-0.0047
Astro,all_secretome_linked,BTC,1,1,0.3661
Astro,all_secretome_linked,ANTXR2,1,1,0.1209
Astro,all_secretome_linked,FGF5,1,-1,0.3644
Astro,all_secretome_linked,HPSE,2,1,-0.2214
Astro,all_secretome_linked,SPARCL1,3,-1,0.1916
Astro,all_secretome_linked,SPP1,4,1,0.156
Astro,all_secretome_linked,PKD2,8,1,0.0654
Astro,all_secretome_linked,SNCA,1,1,0.6062
Astro,all_secretome_linked,MMRN1,5,-1,0.1465
Astro,all_secretome_linked,NPNT,1,1,0.0826
Astro,all_secretome_linked,AIMP1,1,1,0.0504
Astro,all_secretome_linked,DKK2,21,-1,0.1153
Astro,all_secretome_linked,COL25A1,30,1,-0.0225
Astro,all_secretome_linked,PLA2G12A,1,1,-0.0609
Astro,all_secretome_linked,CFI,3,1,0.4928
Astro,all_secretome_linked,ARSJ,1,-1,0.1015
Astro,all_secretome_linked,PRSS12,1,-1,0.1414
Astro,all_secretome_linked,NDNF,2,1,0.2653
Astro,all_secretome_linked,FGF2,1,-1,0.2937
Astro,all_secretome_linked,ABHD18,1,1,0.1196
Astro,all_secretome_linked,PGRMC2,2,-1,-0.0952
Astro,all_secretome_linked,IL15,9,1,0.0403
Astro,all_secretome_linked,FREM3,1,-1,0.6793
Astro,all_secretome_linked,HHIP,2,1,-0.1754
Astro,all_secretome_linked,PRSS48,1,1,0.0516
Astro,all_secretome_linked,SFRP2,3,-1,-0.1418
Astro,all_secretome_linked,PDGFC,2,-1,-0.2041
Astro,all_secretome_linked,FSTL5,1,-1,0.143
Astro,all_secretome_linked,CPE,1,1,0.1773
Astro,all_secretome_linked,TLL1,1,-1,-0.1106
Astro,all_secretome_linked,SPOCK3,24,-1,0.0948
Astro,all_secretome_linked,HMGB2,1,1,-0.0131
Astro,all_secretome_linked,SCRG1,1,1,-0.0025
Astro,all_secretome_linked,VEGFC,1,-1,0.0554
Astro,all_secretome_linked,SNX25,3,1,0.2741
Astro,all_secretome_linked,KLKB1,1,1,-0.103
Astro,all_secretome_linked,EXOC3-AS1,2,1,-0.0851
Astro,all_secretome_linked,ADAMTS16,2,-1,-0.0844
Astro,all_secretome_linked,NSUN2,1,-1,-0.0497
Astro,all_secretome_linked,PDZD2,1,-1,0.1073
Astro,all_secretome_linked,ADAMTS12,2,1,-0.0248
Astro,all_secretome_linked,C1QTNF3,2,-1,0.2356
Astro,all_secretome_linked,PRLR,28,1,0.0879
Astro,all_secretome_linked,IL7R,2,-1,0.1395
Astro,all_secretome_linked,EGFLAM,25,-1,0.1122
Astro,all_secretome_linked,LIFR,11,-1,-0.0299
Astro,all_secretome_linked,C6,2,1,0.4185
Astro,all_secretome_linked,GHR,16,1,-0.0222
Astro,all_secretome_linked,SELENOP,5,1,0.198
Astro,all_secretome_linked,CCL28,3,1,0.3304
Astro,all_secretome_linked,FGF10,1,1,-0.2015
Astro,all_secretome_linked,IL6ST,5,-1,-0.0421
Astro,all_secretome_linked,ADAMTS6,2,-1,0.0112
Astro,all_secretome_linked,CARTPT,1,-1,0.2987
Astro,all_secretome_linked,CRHBP,2,-1,-0.0465
Astro,all_secretome_linked,AGGF1,1,-1,0.1029
Astro,all_secretome_linked,ZBED3,1,-1,-0.1688
Astro,all_secretome_linked,THBS4,2,1,0.0432
Astro,all_secretome_linked,VCAN,2,1,0.1372
Astro,all_secretome_linked,HAPLN1,5,-1,-0.0166
Astro,all_secretome_linked,EDIL3,2,1,-0.1976
Astro,all_secretome_linked,ARSK,1,-1,-0.0201
Astro,all_secretome_linked,PCSK1,2,-1,0.2409
Astro,all_secretome_linked,ERAP1,2,-1,-0.067
Astro,all_secretome_linked,ERAP2,3,1,0.058
Astro,all_secretome_linked,LNPEP,2,-1,0.0639
Astro,all_secretome_linked,ST8SIA4,2,1,0.0703
Astro,all_secretome_linked,PAM,2,1,0.1798
Astro,all_secretome_linked,TSLP,2,1,-0.2759
Astro,all_secretome_linked,LOX,1,1,0.0007
Astro,all_secretome_linked,FBN2,11,-1,0.0343
Astro,all_secretome_linked,ADAMTS19,2,-1,0.3319
Astro,all_secretome_linked,GDF9,1,-1,0.0333
Astro,all_secretome_linked,LEAP2,1,1,-0.458
Astro,all_secretome_linked,FSTL4,1,-1,0.3462
Astro,all_secretome_linked,CXCL14,1,-1,0.3768
Astro,all_secretome_linked,TGFBI,7,1,0.0457
Astro,all_secretome_linked,SPOCK1,66,-1,0.0212
Astro,all_secretome_linked,MZB1,1,-1,0.3841
Astro,all_secretome_linked,NRG2,33,-1,0.0061
Astro,all_secretome_linked,HBEGF,1,1,0.0973
Astro,all_secretome_linked,CD14,2,-1,0.1178
Astro,all_secretome_linked,PCDHA1,1,1,0.4317
Astro,all_secretome_linked,PCDHA6,1,1,0.1074
Astro,all_secretome_linked,PCDHA10,1,1,0.2124
Astro,all_secretome_linked,PCDH12,2,1,-0.3884
Astro,all_secretome_linked,NDFIP1,2,1,-0.0579
Astro,all_secretome_linked,FGF1,19,1,0.0196
Astro,all_secretome_linked,SPINK9,2,-1,-0.0341
Astro,all_secretome_linked,PCYOX1L,2,1,0.1611
Astro,all_secretome_linked,ARSI,13,1,-0.016
Astro,all_secretome_linked,CD74,3,1,0.2815
Astro,all_secretome_linked,GPX3,2,1,-0.0183
Astro,all_secretome_linked,SPARC,2,1,0.2946
Astro,all_secretome_linked,TIMD4,5,-1,0.0828
Astro,all_secretome_linked,C1QTNF2,1,-1,-0.1584
Astro,all_secretome_linked,SLIT3,92,-1,0.0743
Astro,all_secretome_linked,STC2,3,1,0.2275
Astro,all_secretome_linked,FGFR4,2,1,0.295
Astro,all_secretome_linked,ADAMTS2,1,-1,0.2994
Astro,all_secretome_linked,SERPINB1,1,1,0.0194
Astro,all_secretome_linked,F13A1,1,1,-0.5497
Astro,all_secretome_linked,LY86,2,-1,0.4026
Astro,all_secretome_linked,BMP6,2,1,-0.1818
Astro,all_secretome_linked,EDN1,3,-1,-0.1056
Astro,all_secretome_linked,GFOD1,24,-1,0.0718
Astro,all_secretome_linked,KIAA0319,18,-1,-0.0721
Astro,all_secretome_linked,SCGN,1,1,0.0739
Astro,all_secretome_linked,GABBR1,2,-1,-0.2484
Astro,all_secretome_linked,HLA-E,2,1,0.1732
Astro,all_secretome_linked,DDR1,4,1,0.1132
Astro,all_secretome_linked,HCG22,1,-1,-0.1029
Astro,all_secretome_linked,BAG6,1,1,-0.0012
Astro,all_secretome_linked,APOM,1,1,-0.0012
Astro,all_secretome_linked,LY6G5C,1,1,0.0291
Astro,all_secretome_linked,HSPA1A,1,1,0.0387
Astro,all_secretome_linked,C2,8,1,0.0436
Astro,all_secretome_linked,C4A,1,1,0.34
Astro,all_secretome_linked,C4B,1,1,0.8978
Astro,all_secretome_linked,TNXB,11,1,-0.0109
Astro,all_secretome_linked,EGFL8,1,1,0.2048
Astro,all_secretome_linked,COL11A2,3,1,-0.0792
Astro,all_secretome_linked,CUTA,2,1,-0.0233
Astro,all_secretome_linked,SCUBE3,1,-1,0.3486
Astro,all_secretome_linked,PI16,5,1,0.2605
Astro,all_secretome_linked,TREM2,3,1,-0.0845
Astro,all_secretome_linked,PTK7,1,-1,0.0888
Astro,all_secretome_linked,VEGFA,1,-1,-0.148
Astro,all_secretome_linked,HSP90AB1,1,1,0.0172
Astro,all_secretome_linked,ENPP5,2,1,0.0648
Astro,all_secretome_linked,PLA2G7,2,-1,0.1787
Astro,all_secretome_linked,COL21A1,15,1,0.1768
Astro,all_secretome_linked,EYS,16,1,-0.0235
Astro,all_secretome_linked,COL19A1,3,-1,0.1852
Astro,all_secretome_linked,COL9A1,5,-1,0.02
Astro,all_secretome_linked,COL12A1,5,1,0.0402
Astro,all_secretome_linked,PRSS35,1,-1,-0.1127
Astro,all_secretome_linked,CD164,2,1,0.0036
Astro,all_secretome_linked,METTL24,1,1,-0.0164
Astro,all_secretome_linked,LAMA4,2,1,0.0557
Astro,all_secretome_linked,SMPDL3A,1,-1,-0.0732
Astro,all_secretome_linked,RSPO3,1,1,-0.3294
Astro,all_secretome_linked,LAMA2,1,1,0.1562
Astro,all_secretome_linked,ENPP3,2,-1,-0.0078
Astro,all_secretome_linked,ENPP1,1,1,0.2134
Astro,all_secretome_linked,CCN2,1,1,-0.0068
Astro,all_secretome_linked,FUCA2,1,1,0.2198
Astro,all_secretome_linked,RAET1E,3,1,0.0961
Astro,all_secretome_linked,ULBP2,2,1,-0.0256
Astro,all_secretome_linked,VIP,2,-1,0.258
Astro,all_secretome_linked,FNDC1,1,-1,0.144
Astro,all_secretome_linked,LPA,2,1,0.2746
Astro,all_secretome_linked,RNASET2,1,1,0.1916
Astro,all_secretome_linked,SMOC2,35,1,-0.0738
Astro,all_secretome_linked,THBS2,2,1,0.0027
Astro,all_secretome_linked,C6orf120,2,-1,-0.1298
Astro,all_secretome_linked,FAM20C,1,1,0.0253
Astro,all_secretome_linked,PDGFA,2,1,0.0153
Astro,all_secretome_linked,NXPH1,48,1,0.003
Astro,all_secretome_linked,THSD7A,1,-1,-0.1034
Astro,all_secretome_linked,VWDE,1,-1,0.0269
Astro,all_secretome_linked,SOSTDC1,14,1,0.0193
Astro,all_secretome_linked,CCDC126,1,-1,0.0075
Astro,all_secretome_linked,NPY,3,-1,0.1259
Astro,all_secretome_linked,HNRNPA2B1,1,1,0.222
Astro,all_secretome_linked,BMPER,1,-1,-0.0514
Astro,all_secretome_linked,AOAH,2,1,-0.0927
Astro,all_secretome_linked,EPDR1,27,1,-0.0779
Astro,all_secretome_linked,SFRP4,1,1,0.1826
Astro,all_secretome_linked,INHBA,3,1,-0.0483
Astro,all_secretome_linked,AEBP1,6,1,0.382
Astro,all_secretome_linked,PPIA,1,1,0.055
Astro,all_secretome_linked,IGFBP3,3,1,-0.0991
Astro,all_secretome_linked,VWC2,1,-1,0.1121
Astro,all_secretome_linked,ZPBP,1,1,-0.0915
Astro,all_secretome_linked,VSTM2A,2,-1,0.0111
Astro,all_secretome_linked,EGFR,44,-1,-0.0631
Astro,all_secretome_linked,STX1A,4,-1,-0.0538
Astro,all_secretome_linked,ELN,1,1,-0.0153
Astro,all_secretome_linked,SSC4D,2,1,-0.1927
Astro,all_secretome_linked,ZP3,10,1,-0.1095
Astro,all_secretome_linked,FGL2,2,1,-0.0508
Astro,all_secretome_linked,SEMA3C,2,1,0.4163
Astro,all_secretome_linked,HGF,1,-1,-0.1779
Astro,all_secretome_linked,SEMA3E,1,1,-0.1448
Astro,all_secretome_linked,SEMA3A,2,-1,-0.2391
Astro,all_secretome_linked,SEMA3D,7,1,0.3557
Astro,all_secretome_linked,TFPI2,1,1,-0.3045
Astro,all_secretome_linked,COL1A2,1,1,-0.1068
Astro,all_secretome_linked,PON1,1,-1,0.1136
Astro,all_secretome_linked,PON3,1,-1,0.2527
Astro,all_secretome_linked,PON2,1,-1,-0.0502
Astro,all_secretome_linked,TAC1,2,-1,0.4222
Astro,all_secretome_linked,NPTX2,1,1,-0.1655
Astro,all_secretome_linked,AZGP1,1,1,0.383
Astro,all_secretome_linked,CNPY4,1,1,0.0098
Astro,all_secretome_linked,GPC2,2,1,0.2944
Astro,all_secretome_linked,PILRA,2,1,-0.4889
Astro,all_secretome_linked,PCOLCE,1,1,-0.1438
Astro,all_secretome_linked,ACHE,1,1,0.0019
Astro,all_secretome_linked,SERPINE1,1,1,-0.1312
Astro,all_secretome_linked,VGF,3,-1,0.0601
Astro,all_secretome_linked,PLOD3,1,1,0.0155
Astro,all_secretome_linked,COL26A1,1,-1,-0.0405
Astro,all_secretome_linked,LRRC17,2,-1,-0.1221
Astro,all_secretome_linked,RELN,1,1,-0.2038
Astro,all_secretome_linked,NAMPT,1,1,0.0032
Astro,all_secretome_linked,LAMB1,1,-1,0.4887
Astro,all_secretome_linked,NRCAM,51,-1,-0.0554
Astro,all_secretome_linked,MDFIC,1,1,-0.0224
Astro,all_secretome_linked,MET,9,-1,-0.0146
Astro,all_secretome_linked,WNT2,1,-1,0.1682
Astro,all_secretome_linked,WNT16,1,1,0.2416
Astro,all_secretome_linked,FAM3C,2,-1,-0.3449
Astro,all_secretome_linked,PTPRZ1,1,-1,0.0223
Astro,all_secretome_linked,HILPDA,2,1,0.0696
Astro,all_secretome_linked,CALU,1,-1,0.2145
Astro,all_secretome_linked,KCP,2,1,-0.2516
Astro,all_secretome_linked,FAM180A,1,1,-0.2426
Astro,all_secretome_linked,PTN,1,-1,0.1868
Astro,all_secretome_linked,EPHB6,1,1,0.3303
Astro,all_secretome_linked,RARRES2,1,1,-0.0241
Astro,all_secretome_linked,AOC1,5,1,0.121
Astro,all_secretome_linked,ANGPT2,1,1,-0.1485
Astro,all_secretome_linked,PRSS51,5,-1,0.1165
Astro,all_secretome_linked,CTSB,1,1,-0.0481
Astro,all_secretome_linked,FGF20,1,1,-0.1729
Astro,all_secretome_linked,PDGFRL,2,-1,-0.1082
Astro,all_secretome_linked,FGL1,7,1,-0.1442
Astro,all_secretome_linked,ASAH1,2,1,0.044
Astro,all_secretome_linked,LPL,1,1,-0.5168
Astro,all_secretome_linked,LGI3,2,-1,-0.0841
Astro,all_secretome_linked,BMP1,1,1,0.0434
Astro,all_secretome_linked,PEBP4,1,-1,0.0861
Astro,all_secretome_linked,LOXL2,1,1,0.0623
Astro,all_secretome_linked,ADAM28,2,1,-0.0644
Astro,all_secretome_linked,CLU,2,1,0.0423
Astro,all_secretome_linked,PNOC,7,-1,0.0669
Astro,all_secretome_linked,NRG1,89,-1,-0.0094
Astro,all_secretome_linked,HTRA4,2,1,0.0698
Astro,all_secretome_linked,ADAM9,1,-1,-0.1285
Astro,all_secretome_linked,SFRP1,1,-1,0.6994
Astro,all_secretome_linked,PLAT,3,-1,-0.1146
Astro,all_secretome_linked,PXDNL,2,-1,0.1394
Astro,all_secretome_linked,SDCBP,2,1,0.0618
Astro,all_secretome_linked,GGH,1,1,-0.0311
Astro,all_secretome_linked,CRH,2,-1,0.04
Astro,all_secretome_linked,CPA6,3,1,-0.0737
Astro,all_secretome_linked,SULF1,6,-1,0.0717
Astro,all_secretome_linked,SBSPON,1,1,0.1412
Astro,all_secretome_linked,LY96,1,1,-0.141
Astro,all_secretome_linked,PI15,1,-1,-0.7372
Astro,all_secretome_linked,CRISPLD1,2,-1,-0.2205
Astro,all_secretome_linked,IL7,2,1,0.0694
Astro,all_secretome_linked,FABP5,1,1,-0.2191
Astro,all_secretome_linked,MMP16,1,-1,0.1111
Astro,all_secretome_linked,CPQ,1,1,0.0806
Astro,all_secretome_linked,MATN2,6,1,0.0337
Astro,all_secretome_linked,CTHRC1,2,-1,0.2471
Astro,all_secretome_linked,RSPO2,2,1,-0.0857
Astro,all_secretome_linked,TNFRSF11B,1,1,0.1872
Astro,all_secretome_linked,CCN3,1,-1,-0.2467
Astro,all_secretome_linked,ENPP2,21,1,0.0644
Astro,all_secretome_linked,COL14A1,14,1,-0.0323
Astro,all_secretome_linked,TG,31,-1,0.0725
Astro,all_secretome_linked,CCN4,1,-1,-0.1118
Astro,all_secretome_linked,ST3GAL1,1,-1,0.0081
Astro,all_secretome_linked,COL22A1,8,-1,-0.0387
Astro,all_secretome_linked,ADGRB1,9,-1,0.3996
Astro,all_secretome_linked,LY6K,1,-1,-0.2057
Astro,all_secretome_linked,THEM6,1,1,-0.0224
Astro,all_secretome_linked,GSDMD,2,1,-0.0231
Astro,all_secretome_linked,INSL6,1,1,-0.5853
Astro,all_secretome_linked,CD274,2,1,0.1934
Astro,all_secretome_linked,PDCD1LG2,4,1,-0.1185
Astro,all_secretome_linked,IL33,9,-1,-0.0373
Astro,all_secretome_linked,FREM1,16,1,-0.0567
Astro,all_secretome_linked,ADAMTSL1,46,-1,-0.0271
Astro,all_secretome_linked,TEK,1,1,-0.063
Astro,all_secretome_linked,C9orf72,1,1,0.3113
Astro,all_secretome_linked,B4GALT1,1,-1,0.0691
Astro,all_secretome_linked,PRSS3,12,1,-0.1258
Astro,all_secretome_linked,ENHO,1,-1,-0.0587
Astro,all_secretome_linked,IL11RA,2,-1,0.1153
Astro,all_secretome_linked,CCL27,1,-1,0.1434
Astro,all_secretome_linked,IGFBPL1,1,-1,0.1296
Astro,all_secretome_linked,MAMDC2,1,1,-0.0213
Astro,all_secretome_linked,ANXA1,5,1,0.3495
Astro,all_secretome_linked,PCSK5,1,-1,-0.1236
Astro,all_secretome_linked,CTSL,1,1,0.092
Astro,all_secretome_linked,OGN,1,1,0.3445
Astro,all_secretome_linked,ASPN,2,1,-0.0237
Astro,all_secretome_linked,ECM2,4,1,0.2122
Astro,all_secretome_linked,NINJ1,3,1,0.0978
Astro,all_secretome_linked,COL15A1,1,1,-0.5869
Astro,all_secretome_linked,TXN,1,1,0.0616
Astro,all_secretome_linked,SVEP1,1,1,-0.2454
Astro,all_secretome_linked,COL27A1,2,1,-0.1314
Astro,all_secretome_linked,TNC,6,1,0.3111
Astro,all_secretome_linked,PAPPA,2,1,0.2295
Astro,all_secretome_linked,GSN,31,1,0.1056
Astro,all_secretome_linked,CRB2,5,1,0.1415
Astro,all_secretome_linked,OLFML2A,9,1,0.1247
Astro,all_secretome_linked,ANGPTL2,1,-1,-0.1011
Astro,all_secretome_linked,TOR2A,1,1,0.1863
Astro,all_secretome_linked,HMCN2,9,-1,0.2344
Astro,all_secretome_linked,LAMC3,1,-1,0.0293
Astro,all_secretome_linked,CEL,3,1,0.1024
Astro,all_secretome_linked,ABO,4,1,-0.0326
Astro,all_secretome_linked,ADAMTS13,5,1,-0.2399
Astro,all_secretome_linked,ADAMTSL2,2,-1,0.2111
Astro,all_secretome_linked,COL5A1,1,1,0.1204
Astro,all_secretome_linked,OLFM1,4,-1,0.3776
Astro,all_secretome_linked,QSOX2,2,-1,0.1244
Astro,all_secretome_linked,EGFL7,2,1,-0.1461
Astro,all_secretome_linked,C8G,1,1,-0.1021
Astro,all_secretome_linked,LCN12,2,-1,-0.0277
Astro,all_secretome_linked,PTGDS,2,1,0.2401
Astro,all_secretome_linked,DPP7,2,1,0.0285
Astro,all_secretome_linked,IL15RA,1,1,0.0435
Astro,all_secretome_linked,ITIH5,9,1,0.0594
Astro,all_secretome_linked,CELF2-AS1,2,-1,0.0401
Astro,all_secretome_linked,CCDC3,19,1,-0.0002
Astro,all_secretome_linked,CDNF,2,1,0.1149
Astro,all_secretome_linked,C1QL3,1,1,-0.2134
Astro,all_secretome_linked,NRP1,1,-1,0.2873
Astro,all_secretome_linked,CXCL12,2,1,-0.0216
Astro,all_secretome_linked,GDF10,2,1,-0.3955
Astro,all_secretome_linked,VSTM4,2,1,0.0716
Astro,all_secretome_linked,ASAH2,2,1,-0.1575
Astro,all_secretome_linked,DKK1,1,-1,-0.3538
Astro,all_secretome_linked,PCDH15,3,-1,0.004
Astro,all_secretome_linked,SRGN,3,1,0.015
Astro,all_secretome_linked,NODAL,1,-1,0.0604
Astro,all_secretome_linked,ADAMTS14,3,1,-0.0643
Astro,all_secretome_linked,PSAP,2,1,0.1367
Astro,all_secretome_linked,SPOCK2,2,1,0.0143
Astro,all_secretome_linked,PLAU,1,1,-0.332
Astro,all_secretome_linked,SFTPD,1,1,0.3555
Astro,all_secretome_linked,PLAC9,3,-1,0.2055
Astro,all_secretome_linked,PRXL2A,6,-1,0.0713
Astro,all_secretome_linked,NRG3,169,-1,-0.0432
Astro,all_secretome_linked,MMRN2,2,-1,-0.1688
Astro,all_secretome_linked,MINPP1,2,1,0.0957
Astro,all_secretome_linked,PTEN,1,-1,-0.0024
Astro,all_secretome_linked,RNLS,1,1,0.25
Astro,all_secretome_linked,FAS,1,1,-0.0002
Astro,all_secretome_linked,FGFBP3,1,1,-0.0132
Astro,all_secretome_linked,IDE,10,-1,-0.0252
Astro,all_secretome_linked,RBP4,2,1,-0.3563
Astro,all_secretome_linked,LGI1,2,1,0.1014
Astro,all_secretome_linked,TLL2,1,1,-0.0894
Astro,all_secretome_linked,SLIT1,2,-1,0.4554
Astro,all_secretome_linked,CRTAC1,3,1,-0.1542
Astro,all_secretome_linked,LOXL4,2,-1,0.0105
Astro,all_secretome_linked,HPSE2,35,1,0.0692
Astro,all_secretome_linked,WNT8B,1,-1,0.0945
Astro,all_secretome_linked,KAZALD1,2,-1,-0.0568
Astro,all_secretome_linked,CASP7,7,-1,0.003
Astro,all_secretome_linked,FGFR2,18,-1,-0.0365
Astro,all_secretome_linked,HTRA1,3,-1,-0.1672
Astro,all_secretome_linked,FAM24B,1,-1,-0.209
Astro,all_secretome_linked,CPXM2,2,1,-0.0761
Astro,all_secretome_linked,MMP21,2,1,0.1346
Astro,all_secretome_linked,ADAM12,2,1,0.0422
Astro,all_secretome_linked,DEAF1,2,1,0.2429
Astro,all_secretome_linked,GATD1,1,1,-0.0054
Astro,all_secretome_linked,CHID1,3,1,0.2549
Astro,all_secretome_linked,CTSD,1,1,0.0922
Astro,all_secretome_linked,MMP26,3,-1,0.1415
Astro,all_secretome_linked,SMPD1,1,-1,-0.0704
Astro,all_secretome_linked,HPX,2,-1,0.3676
Astro,all_secretome_linked,OLFML1,3,-1,-0.0989
Astro,all_secretome_linked,TUB,22,-1,-0.0403
Astro,all_secretome_linked,SCUBE2,1,-1,0.0817
Astro,all_secretome_linked,ADM,5,1,0.2929
Astro,all_secretome_linked,MTRNR2L8,1,-1,-0.2137
Astro,all_secretome_linked,DKK3,2,1,-0.0192
Astro,all_secretome_linked,SPON1,1,-1,0.0541
Astro,all_secretome_linked,CALCB,6,-1,0.0646
Astro,all_secretome_linked,NUCB2,1,1,0.1542
Astro,all_secretome_linked,OTOG,1,-1,0.1484
Astro,all_secretome_linked,SAA2,1,1,0.2104
Astro,all_secretome_linked,NELL1,2,-1,0.1424
Astro,all_secretome_linked,LUZP2,27,-1,0.0313
Astro,all_secretome_linked,FIBIN,3,1,0.0642
Astro,all_secretome_linked,BDNF,15,1,0.0251
Astro,all_secretome_linked,CD59,5,1,0.137
Astro,all_secretome_linked,CD44,13,1,0.1368
Astro,all_secretome_linked,PAMR1,12,-1,-0.0565
Astro,all_secretome_linked,FJX1,2,-1,0.0661
Astro,all_secretome_linked,EXT2,2,-1,-0.0476
Astro,all_secretome_linked,MDK,1,1,-0.2265
Astro,all_secretome_linked,C1QTNF4,3,-1,0.3821
Astro,all_secretome_linked,PTPRJ,1,-1,0.0651
Astro,all_secretome_linked,SERPING1,1,-1,0.3556
Astro,all_secretome_linked,MS4A13,1,-1,-0.0211
Astro,all_secretome_linked,CD6,2,1,-0.3723
Astro,all_secretome_linked,VWCE,6,1,0.0543
Astro,all_secretome_linked,SCGB1D2,1,1,0.7945
Astro,all_secretome_linked,FLRT1,2,-1,-0.4562
Astro,all_secretome_linked,VEGFB,2,1,-0.0868
Astro,all_secretome_linked,LTBP3,4,1,0.1406
Astro,all_secretome_linked,EFEMP2,1,1,-0.195
Astro,all_secretome_linked,CLCF1,1,1,0.4859
Astro,all_secretome_linked,DEFB131B,1,1,-0.1009
Astro,all_secretome_linked,IL18BP,2,-1,0.2993
Astro,all_secretome_linked,FOLR2,2,1,0.2893
Astro,all_secretome_linked,CHRDL2,1,-1,0.0806
Astro,all_secretome_linked,TSKU,3,1,-0.3137
Astro,all_secretome_linked,PRSS23,1,-1,-0.2881
Astro,all_secretome_linked,ENDOD1,1,1,0.2188
Astro,all_secretome_linked,ANGPTL5,1,1,0.0553
Astro,all_secretome_linked,PDGFD,1,-1,0.1027
Astro,all_secretome_linked,CASP4,3,-1,0.1452
Astro,all_secretome_linked,CRYAB,5,1,0.3998
Astro,all_secretome_linked,IL18,1,1,-0.0727
Astro,all_secretome_linked,NCAM1,1,-1,0.069
Astro,all_secretome_linked,TMEM25,1,-1,-0.2159
Astro,all_secretome_linked,NECTIN1,2,-1,0.015
Astro,all_secretome_linked,OAF,1,-1,-0.0384
Astro,all_secretome_linked,TECTA,2,-1,-0.0106
Astro,all_secretome_linked,SORL1,45,-1,-0.0954
Astro,all_secretome_linked,ST3GAL4,15,1,-0.0084
Astro,all_secretome_linked,KIRREL3,1,-1,0.3817
Astro,all_secretome_linked,ADAMTS8,2,-1,0.19
Astro,all_secretome_linked,ADAMTS15,2,1,-0.0591
Astro,all_secretome_linked,JAM3,1,1,0.1079
Astro,all_secretome_linked,GLB1L2,1,1,0.0503
Astro,all_secretome_linked,B3GAT1,9,-1,0.1082
Astro,all_secretome_linked,WNT5B,17,-1,0.2376
Astro,all_secretome_linked,TULP3,1,1,-0.0118
Astro,all_secretome_linked,NTF3,21,-1,0.0896
Astro,all_secretome_linked,VWF,2,1,-0.0209
Astro,all_secretome_linked,CD9,11,1,0.3675
Astro,all_secretome_linked,TNFRSF1A,2,1,0.0151
Astro,all_secretome_linked,ACRBP,1,1,-0.0597
Astro,all_secretome_linked,C1S,15,1,-0.0067
Astro,all_secretome_linked,C1R,2,1,-0.4774
Astro,all_secretome_linked,C1RL,1,1,0.1174
Astro,all_secretome_linked,CD163L1,1,1,0.1902
Astro,all_secretome_linked,CD163,1,1,0.0584
Astro,all_secretome_linked,MFAP5,2,1,0.0482
Astro,all_secretome_linked,A2ML1,6,1,0.118
Astro,all_secretome_linked,A2M,3,1,-0.2196
Astro,all_secretome_linked,OLR1,3,1,-0.3047
Astro,all_secretome_linked,PRR4,1,-1,0.2119
Astro,all_secretome_linked,PRH2,1,1,0.2767
Astro,all_secretome_linked,PRB1,2,1,0.0706
Astro,all_secretome_linked,PRB2,1,-1,-0.0896
Astro,all_secretome_linked,ART4,2,-1,-0.2357
Astro,all_secretome_linked,MGP,4,1,-0.0656
Astro,all_secretome_linked,SPX,2,1,0.0797
Astro,all_secretome_linked,PTHLH,1,-1,-0.0604
Astro,all_secretome_linked,OVCH1,1,1,0.1305
Astro,all_secretome_linked,ADAMTS20,2,-1,0.1337
Astro,all_secretome_linked,NELL2,3,-1,0.0959
Astro,all_secretome_linked,ENDOU,2,-1,0.1855
Astro,all_secretome_linked,WNT10B,2,1,0.0241
Astro,all_secretome_linked,IGFBP6,1,1,-0.0855
Astro,all_secretome_linked,NPFF,1,-1,0.0006
Astro,all_secretome_linked,CD63,1,1,0.0765
Astro,all_secretome_linked,GDF11,2,-1,0.0165
Astro,all_secretome_linked,MMP19,1,1,-0.2386
Astro,all_secretome_linked,PMEL,1,-1,0.2341
Astro,all_secretome_linked,ERBB3,3,1,-0.3567
Astro,all_secretome_linked,IL23A,2,-1,-0.2384
Astro,all_secretome_linked,TAC3,6,-1,0.032
Astro,all_secretome_linked,NXPH4,1,-1,0.0729
Astro,all_secretome_linked,WIF1,1,-1,0.2652
Astro,all_secretome_linked,LYZ,1,1,0.2508
Astro,all_secretome_linked,PTPRR,20,-1,0.0505
Astro,all_secretome_linked,GLIPR1L1,5,-1,0.0675
Astro,all_secretome_linked,OTOGL,15,-1,-0.0472
Astro,all_secretome_linked,NTS,2,1,0.1268
Astro,all_secretome_linked,KITLG,1,1,0.397
Astro,all_secretome_linked,LUM,1,1,0.2857
Astro,all_secretome_linked,DCN,2,1,-0.2384
Astro,all_secretome_linked,NTN4,1,-1,0.3512
Astro,all_secretome_linked,IGF1,2,-1,0.1102
Astro,all_secretome_linked,TMEM119,3,1,-0.1209
Astro,all_secretome_linked,DAO,4,1,-0.1165
Astro,all_secretome_linked,TCTN1,1,1,0.139
Astro,all_secretome_linked,OAS1,1,1,-0.3177
Astro,all_secretome_linked,GLT1D1,3,-1,0.4918
Astro,all_secretome_linked,MMP17,5,-1,0.0048
Astro,all_secretome_linked,IL17D,1,1,0.1716
Astro,all_secretome_linked,FGF9,1,-1,0.2236
Astro,all_secretome_linked,FLT1,35,1,-0.12
Astro,all_secretome_linked,HMGB1,21,1,0.1287
Astro,all_secretome_linked,KL,2,-1,0.1739
Astro,all_secretome_linked,NHLRC3,1,1,0.0573
Astro,all_secretome_linked,ENOX1,2,-1,-0.1433
Astro,all_secretome_linked,ITM2B,3,1,0.0263
Astro,all_secretome_linked,SERPINE3,3,-1,0.0904
Astro,all_secretome_linked,THSD1,4,-1,-0.0881
Astro,all_secretome_linked,CNMD,2,-1,0.1277
Astro,all_secretome_linked,PIBF1,1,-1,0.0224
Astro,all_secretome_linked,CLN5,1,-1,-0.062
Astro,all_secretome_linked,SLITRK1,3,-1,0.1578
Astro,all_secretome_linked,GPC5,35,-1,-0.0601
Astro,all_secretome_linked,GPC6,89,-1,0.0414
Astro,all_secretome_linked,ITGBL1,4,1,0.1551
Astro,all_secretome_linked,TNFSF13B,3,-1,-0.0621
Astro,all_secretome_linked,COL4A1,1,1,0.3137
Astro,all_secretome_linked,COL4A2,1,1,0.3137
Astro,all_secretome_linked,F10,3,-1,0.1234
Astro,all_secretome_linked,GAS6,2,-1,0.0664
Astro,all_secretome_linked,ANG,2,1,-0.0038
Astro,all_secretome_linked,RNASE4,2,1,-0.0038
Astro,all_secretome_linked,RNASE6,2,1,-0.2324
Astro,all_secretome_linked,RNASE1,3,1,0.1208
Astro,all_secretome_linked,C14orf93,1,-1,-0.1043
Astro,all_secretome_linked,DHRS4L2,9,1,-0.0786
Astro,all_secretome_linked,CBLN3,2,1,-0.1527
Astro,all_secretome_linked,COCH,1,1,-0.5122
Astro,all_secretome_linked,FAM177A1,2,-1,-0.1794
Astro,all_secretome_linked,TMX1,1,1,0.0344
Astro,all_secretome_linked,NID2,1,1,0.0083
Astro,all_secretome_linked,TXNDC16,1,-1,-0.0267
Astro,all_secretome_linked,ERO1A,1,-1,0.0826
Astro,all_secretome_linked,BMP4,2,1,0.313
Astro,all_secretome_linked,LGALS3,1,1,0.2204
Astro,all_secretome_linked,SMOC1,3,1,0.0619
Astro,all_secretome_linked,PAPLN,5,-1,0.1687
Astro,all_secretome_linked,ENTPD5,1,1,0.0552
Astro,all_secretome_linked,NPC2,1,1,-0.0513
Astro,all_secretome_linked,LTBP2,1,1,0.0151
Astro,all_secretome_linked,PGF,3,1,-0.1263
Astro,all_secretome_linked,TGFB3,3,-1,-0.1681
Astro,all_secretome_linked,VASH1,6,-1,0.0691
Astro,all_secretome_linked,ISM2,1,-1,-0.0478
Astro,all_secretome_linked,FLRT2,4,1,0.0985
Astro,all_secretome_linked,FBLN5,2,1,-0.0812
Astro,all_secretome_linked,CHGA,2,1,-0.3414
Astro,all_secretome_linked,SERPINA1,2,1,-0.3704
Astro,all_secretome_linked,SERPINA3,1,1,0.4045
Astro,all_secretome_linked,HHIPL1,2,-1,0.0796
Astro,all_secretome_linked,WDR25,3,1,-0.1218
Astro,all_secretome_linked,AMN,1,1,-0.0793
Astro,all_secretome_linked,IGHG4,2,-1,0.3386
Astro,all_secretome_linked,IGHG1,1,-1,0.3848
Astro,all_secretome_linked,SCG5,2,1,-0.2085
Astro,all_secretome_linked,GREM1,1,-1,0.1122
Astro,all_secretome_linked,THBS1,2,1,0.1287
Astro,all_secretome_linked,B2M,2,1,-0.0875
Astro,all_secretome_linked,SORD,6,1,0.0179
Astro,all_secretome_linked,FBN1,1,1,0.1631
Astro,all_secretome_linked,FGF7,2,1,-0.015
Astro,all_secretome_linked,GLDN,8,1,-0.0145
Astro,all_secretome_linked,SCG3,1,-1,0.0299
Astro,all_secretome_linked,LIPC,6,1,-0.1323
Astro,all_secretome_linked,ANXA2,1,1,0.3854
Astro,all_secretome_linked,PPIB,1,1,-0.1096
Astro,all_secretome_linked,CILP,1,-1,0.5109
Astro,all_secretome_linked,C15orf61,1,1,-0.0169
Astro,all_secretome_linked,SPESP1,1,1,0.099
Astro,all_secretome_linked,THSD4,62,-1,0.1714
Astro,all_secretome_linked,ADPGK,10,1,0.0065
Astro,all_secretome_linked,LOXL1,3,-1,0.1868
Astro,all_secretome_linked,ISLR,4,1,0.3168
Astro,all_secretome_linked,ADAMTS7,1,-1,0.248
Astro,all_secretome_linked,CEMIP,1,1,-0.1109
Astro,all_secretome_linked,IL16,24,1,-0.051
Astro,all_secretome_linked,ADAMTSL3,2,1,0.455
Astro,all_secretome_linked,NMB,1,1,0.1915
Astro,all_secretome_linked,HAPLN3,2,-1,0.119
Astro,all_secretome_linked,MFGE8,2,-1,0.1467
Astro,all_secretome_linked,NGRN,1,1,0.0348
Astro,all_secretome_linked,FURIN,5,-1,0.0936
Astro,all_secretome_linked,ST8SIA2,2,-1,0.0929
Astro,all_secretome_linked,RGMA,5,1,0.0331
Astro,all_secretome_linked,ADAMTS17,1,-1,0.0499
Astro,all_secretome_linked,CHSY1,1,-1,-0.1643
Astro,all_secretome_linked,PCSK6,45,-1,0.1122
Astro,all_secretome_linked,WFIKKN1,1,1,0.2065
Astro,all_secretome_linked,METRN,2,1,0.0234
Astro,all_secretome_linked,C1QTNF8,3,1,-0.1599
Astro,all_secretome_linked,TPSD1,3,-1,-0.2523
Astro,all_secretome_linked,GNPTG,1,1,0.2236
Astro,all_secretome_linked,GFER,2,1,0.1315
Astro,all_secretome_linked,PKD1,2,1,-0.0391
Astro,all_secretome_linked,DNASE1L2,1,1,-0.0709
Astro,all_secretome_linked,PRSS27,1,1,-0.2013
Astro,all_secretome_linked,MMP25,2,-1,0.3465
Astro,all_secretome_linked,IL32,1,1,-0.0048
Astro,all_secretome_linked,MTRNR2L4,1,1,-0.1944
Astro,all_secretome_linked,DNASE1,2,1,0.0144
Astro,all_secretome_linked,VASN,5,1,-0.0186
Astro,all_secretome_linked,C16orf89,1,1,0.2307
Astro,all_secretome_linked,XYLT1,1,-1,0.1202
Astro,all_secretome_linked,CLEC19A,2,-1,-0.2682
Astro,all_secretome_linked,OTOA,3,-1,-0.1041
Astro,all_secretome_linked,VWA3A,8,1,0.0156
Astro,all_secretome_linked,IL4R,12,1,0.1417
Astro,all_secretome_linked,CTF1,2,1,0.1115
Astro,all_secretome_linked,PRSS53,1,1,-0.2712
Astro,all_secretome_linked,PRSS36,2,-1,-0.1167
Astro,all_secretome_linked,ITFG1,1,-1,-0.0497
Astro,all_secretome_linked,MMP2,13,1,-0.0835
Astro,all_secretome_linked,CES5A,13,-1,0.198
Astro,all_secretome_linked,RSPRY1,1,-1,0.0145
Astro,all_secretome_linked,CX3CL1,1,1,0.3909
Astro,all_secretome_linked,ADGRG1,11,-1,-0.0249
Astro,all_secretome_linked,PRSS54,1,1,-0.1578
Astro,all_secretome_linked,CKLF,2,1,0.0538
Astro,all_secretome_linked,CES4A,4,1,0.0546
Astro,all_secretome_linked,GFOD2,1,1,0.2038
Astro,all_secretome_linked,NRN1L,2,1,-0.1629
Astro,all_secretome_linked,LCAT,3,1,-0.005
Astro,all_secretome_linked,PLA2G15,3,-1,-0.0409
Astro,all_secretome_linked,ST3GAL2,11,1,-0.0741
Astro,all_secretome_linked,IL34,14,1,-0.0564
Astro,all_secretome_linked,CLEC18B,1,1,0.6829
Astro,all_secretome_linked,ADAMTS18,1,1,-0.7751
Astro,all_secretome_linked,MBTPS1,1,-1,-0.0063
Astro,all_secretome_linked,WFDC1,1,-1,0.1122
Astro,all_secretome_linked,CRISPLD2,2,1,-0.2095
Astro,all_secretome_linked,SERPINF2,4,-1,0.2863
Astro,all_secretome_linked,SERPINF1,2,1,-0.189
Astro,all_secretome_linked,CYB5D2,1,1,0.0776
Astro,all_secretome_linked,CXCL16,1,-1,-0.0701
Astro,all_secretome_linked,VMO1,1,-1,0.1476
Astro,all_secretome_linked,C1QBP,1,1,0.1087
Astro,all_secretome_linked,ASGR1,1,-1,0.1053
Astro,all_secretome_linked,TNFSF12,1,1,-0.0329
Astro,all_secretome_linked,TNFSF13,2,-1,0.104
Astro,all_secretome_linked,SHBG,3,1,-0.1107
Astro,all_secretome_linked,NTN1,2,1,0.1905
Astro,all_secretome_linked,MFAP4,3,1,0.0343
Astro,all_secretome_linked,MTRNR2L1,2,1,1.1972
Astro,all_secretome_linked,LGALS9,3,1,-0.0987
Astro,all_secretome_linked,VTN,2,-1,-0.1508
Astro,all_secretome_linked,SDF2,1,1,0.0545
Astro,all_secretome_linked,DHRS13,1,-1,0.0629
Astro,all_secretome_linked,ABHD15,2,-1,0.0237
Astro,all_secretome_linked,TMEM98,1,-1,-0.0837
Astro,all_secretome_linked,CCL2,1,-1,0.0607
Astro,all_secretome_linked,MMP28,2,-1,0.2117
Astro,all_secretome_linked,CCL5,2,1,0.056
Astro,all_secretome_linked,CCL4L2,2,1,0.0214
Astro,all_secretome_linked,DHRS11,1,-1,-0.1651
Astro,all_secretome_linked,PLXDC1,2,1,-0.0709
Astro,all_secretome_linked,IGFBP4,1,1,-0.3624
Astro,all_secretome_linked,HCRT,1,-1,-0.0602
Astro,all_secretome_linked,IFI35,1,1,-0.0169
Astro,all_secretome_linked,PYY,8,1,-0.0305
Astro,all_secretome_linked,GRN,3,1,0.0547
Astro,all_secretome_linked,C1QL1,2,1,0.0341
Astro,all_secretome_linked,MAPT,19,1,0.1871
Astro,all_secretome_linked,WNT3,1,-1,0.0138
Astro,all_secretome_linked,WNT9B,1,1,-0.3914
Astro,all_secretome_linked,NXPH3,2,1,-0.1124
Astro,all_secretome_linked,COL1A1,1,1,0.5664
Astro,all_secretome_linked,XYLT2,1,-1,0.0002
Astro,all_secretome_linked,CHAD,4,-1,0.1718
Astro,all_secretome_linked,SPATA20,1,1,-0.0235
Astro,all_secretome_linked,CA10,3,-1,0.1706
Astro,all_secretome_linked,NOG,1,1,0.0205
Astro,all_secretome_linked,C17orf67,1,1,0.2768
Astro,all_secretome_linked,SCPEP1,1,1,0.2164
Astro,all_secretome_linked,LPO,5,-1,-0.0374
Astro,all_secretome_linked,RNF43,3,-1,0.1137
Astro,all_secretome_linked,ACE,2,1,-0.2666
Astro,all_secretome_linked,FAM20A,13,1,-0.1666
Astro,all_secretome_linked,BTBD17,2,-1,0.2666
Astro,all_secretome_linked,C17orf99,1,1,-0.033
Astro,all_secretome_linked,TIMP2,18,1,0.0827
Astro,all_secretome_linked,LGALS3BP,1,1,0.1133
Astro,all_secretome_linked,CANT1,5,-1,-0.001
Astro,all_secretome_linked,C1QTNF1,10,-1,-0.0834
Astro,all_secretome_linked,NPTX1,3,-1,0.0702
Astro,all_secretome_linked,P4HB,1,1,0.0794
Astro,all_secretome_linked,NPB,2,1,0.151
Astro,all_secretome_linked,NOTUM,2,-1,0.0329
Astro,all_secretome_linked,SECTM1,2,-1,0.2241
Astro,all_secretome_linked,METRNL,1,-1,0.0454
Astro,all_secretome_linked,CLUL1,5,1,0.1521
Astro,all_secretome_linked,ADCYAP1,2,-1,0.3092
Astro,all_secretome_linked,EMILIN2,3,-1,0.0691
Astro,all_secretome_linked,LAMA1,25,-1,-0.0575
Astro,all_secretome_linked,TWSG1,1,-1,-0.0211
Astro,all_secretome_linked,LAMA3,29,1,0.0178
Astro,all_secretome_linked,CHST9,8,1,0.1692
Astro,all_secretome_linked,TTR,8,-1,0.1331
Astro,all_secretome_linked,GALNT1,1,-1,0.3463
Astro,all_secretome_linked,LIPG,4,-1,-0.2023
Astro,all_secretome_linked,C18orf54,1,-1,-0.1156
Astro,all_secretome_linked,TCF4,89,-1,-0.05
Astro,all_secretome_linked,GRP,3,1,-0.2711
Astro,all_secretome_linked,CCBE1,36,-1,0.085
Astro,all_secretome_linked,HMSD,2,1,0.0795
Astro,all_secretome_linked,CBLN2,17,-1,0.1121
Astro,all_secretome_linked,NETO1,2,-1,0.0344
Astro,all_secretome_linked,CNDP1,1,1,-0.3141
Astro,all_secretome_linked,FGF22,1,-1,-0.0124
Astro,all_secretome_linked,FSTL3,3,1,0.0118
Astro,all_secretome_linked,CFD,2,1,0.1458
Astro,all_secretome_linked,ADAMTSL5,1,-1,0.0858
Astro,all_secretome_linked,IZUMO4,1,1,-0.0039
Astro,all_secretome_linked,AMH,1,-1,0.5509
Astro,all_secretome_linked,EBI3,1,1,0.0106
Astro,all_secretome_linked,MYDGF,2,1,-0.0435
Astro,all_secretome_linked,HSD11B1L,1,-1,0.077
Astro,all_secretome_linked,NRTN,1,1,-0.26
Astro,all_secretome_linked,FUT6,2,-1,0.1219
Astro,all_secretome_linked,PSPN,2,1,-0.2042
Astro,all_secretome_linked,TNFSF14,1,1,0.0379
Astro,all_secretome_linked,C3,2,1,0.7164
Astro,all_secretome_linked,ANGPTL4,2,1,0.1569
Astro,all_secretome_linked,ADAMTS10,4,1,0.306
Astro,all_secretome_linked,OLFM2,19,-1,-0.0167
Astro,all_secretome_linked,COL5A3,2,-1,0.1175
Astro,all_secretome_linked,EPOR,2,1,-0.1855
Astro,all_secretome_linked,MAN2B1,2,1,-0.0358
Astro,all_secretome_linked,RTBDN,3,1,0.0236
Astro,all_secretome_linked,CALR,1,1,0.0187
Astro,all_secretome_linked,DAND5,3,1,0.054
Astro,all_secretome_linked,PODNL1,2,1,0.3341
Astro,all_secretome_linked,SAMD1,1,1,-0.0085
Astro,all_secretome_linked,ADGRE5,1,1,0.025
Astro,all_secretome_linked,ADGRE3,4,1,-0.0185
Astro,all_secretome_linked,PGLYRP2,2,-1,-0.0242
Astro,all_secretome_linked,CPAMD8,2,1,-0.3052
Astro,all_secretome_linked,IFI30,1,1,-0.2981
Astro,all_secretome_linked,GDF15,2,1,0.3254
Astro,all_secretome_linked,CRLF1,2,-1,0.3402
Astro,all_secretome_linked,NCAN,3,-1,0.1768
Astro,all_secretome_linked,HAPLN4,1,-1,0.6759
Astro,all_secretome_linked,GPI,1,1,-0.1108
Astro,all_secretome_linked,SCGB2B2,13,1,0.0929
Astro,all_secretome_linked,SCN1B,2,1,0.1512
Astro,all_secretome_linked,LGI4,1,1,-0.0514
Astro,all_secretome_linked,HAMP,3,-1,0.1149
Astro,all_secretome_linked,DMKN,3,1,-0.0622
Astro,all_secretome_linked,HSPB6,1,1,0.1346
Astro,all_secretome_linked,CATSPERG,1,1,0.046
Astro,all_secretome_linked,CCER2,1,1,-0.5373
Astro,all_secretome_linked,ACP7,1,1,-0.1265
Astro,all_secretome_linked,FCGBP,6,1,0.0239
Astro,all_secretome_linked,LTBP4,7,1,0.1538
Astro,all_secretome_linked,MIA,1,1,-0.0549
Astro,all_secretome_linked,TGFB1,2,1,0.1169
Astro,all_secretome_linked,CXCL17,1,-1,-0.0041
Astro,all_secretome_linked,CEACAM1,1,1,-0.4602
Astro,all_secretome_linked,PSG3,1,-1,-0.1561
Astro,all_secretome_linked,PSG8,9,1,-0.1722
Astro,all_secretome_linked,PSG6,1,1,0.0278
Astro,all_secretome_linked,PINLYP,2,1,-0.0796
Astro,all_secretome_linked,PLAUR,2,1,-0.2001
Astro,all_secretome_linked,PVR,1,-1,0.2498
Astro,all_secretome_linked,APOE,3,-1,0.1677
Astro,all_secretome_linked,APOC1,2,-1,0.245
Astro,all_secretome_linked,APOC4,1,1,-0.3651
Astro,all_secretome_linked,APOC2,4,-1,0.2784
Astro,all_secretome_linked,PGLYRP1,1,1,0.2502
Astro,all_secretome_linked,IGFL4,7,-1,0.114
Astro,all_secretome_linked,IGFL3,3,-1,0.3936
Astro,all_secretome_linked,FKRP,2,-1,-0.1485
Astro,all_secretome_linked,CA11,1,-1,-0.2097
Astro,all_secretome_linked,NTN5,1,1,0.2338
Astro,all_secretome_linked,TULP2,1,-1,-0.0096
Astro,all_secretome_linked,NUCB1,1,-1,-0.0096
Astro,all_secretome_linked,DKKL1,2,-1,-0.2217
Astro,all_secretome_linked,FLT3LG,2,1,-0.0674
Astro,all_secretome_linked,IL4I1,9,1,-0.0671
Astro,all_secretome_linked,EMC10,2,1,0.119
Astro,all_secretome_linked,CLEC11A,2,1,0.0405
Astro,all_secretome_linked,KLK6,1,1,0.0788
Astro,all_secretome_linked,KLK7,2,1,-0.3726
Astro,all_secretome_linked,IGLON5,2,-1,0.1475
Astro,all_secretome_linked,SIGLEC10,2,1,0.2309
Astro,all_secretome_linked,OSCAR,2,1,-0.1044
Astro,all_secretome_linked,LILRA2,1,1,-0.4683
Astro,all_secretome_linked,LILRB1,3,-1,0.1148
Astro,all_secretome_linked,FCAR,2,1,-0.2157
Astro,all_secretome_linked,SSC5D,4,1,0.5619
Astro,all_secretome_linked,EDDM13,2,-1,0.0784
Astro,all_secretome_linked,A1BG,1,1,0.0591
Astro,all_secretome_linked,ANGPT4,2,-1,0.3172
Astro,all_secretome_linked,RSPO4,2,1,-0.3302
Astro,all_secretome_linked,PDYN,2,1,0.1881
Astro,all_secretome_linked,ATRN,1,1,-0.1345
Astro,all_secretome_linked,C20orf27,2,1,-0.0317
Astro,all_secretome_linked,CHGB,2,1,-0.0571
Astro,all_secretome_linked,BMP2,3,1,0.3598
Astro,all_secretome_linked,ISM1,1,1,-0.4657
Astro,all_secretome_linked,FLRT3,1,-1,0.2704
Astro,all_secretome_linked,PCSK2,2,-1,0.0332
Astro,all_secretome_linked,CST3,2,1,0.0414
Astro,all_secretome_linked,CST7,3,-1,-0.1489
Astro,all_secretome_linked,ENTPD6,1,1,-0.0091
Astro,all_secretome_linked,ASIP,11,-1,-0.0352
Astro,all_secretome_linked,MMP24,1,-1,0.5016
Astro,all_secretome_linked,GDF5,3,1,-0.1325
Astro,all_secretome_linked,SOGA1,2,-1,-0.0939
Astro,all_secretome_linked,VSTM2L,2,1,-0.3609
Astro,all_secretome_linked,TGM2,1,1,-0.0131
Astro,all_secretome_linked,EMILIN3,1,1,-0.6375
Astro,all_secretome_linked,CCN5,1,1,-0.2124
Astro,all_secretome_linked,SDC4,1,1,0.3099
Astro,all_secretome_linked,WFDC2,2,1,-0.3606
Astro,all_secretome_linked,WFDC10B,1,1,-0.1082
Astro,all_secretome_linked,WFDC3,1,1,-0.0418
Astro,all_secretome_linked,PLTP,1,1,0.2675
Astro,all_secretome_linked,CD40,1,-1,0.0245
Astro,all_secretome_linked,SULF2,1,1,0.1106
Astro,all_secretome_linked,CBLN4,1,-1,0.3528
Astro,all_secretome_linked,BMP7,1,-1,-0.0321
Astro,all_secretome_linked,GNAS,21,1,0.1438
Astro,all_secretome_linked,EDN3,2,1,0.0259
Astro,all_secretome_linked,LAMA5,1,1,0.2407
Astro,all_secretome_linked,COL9A3,1,1,0.0185
Astro,all_secretome_linked,COL20A1,3,-1,0.1159
Astro,all_secretome_linked,TNFRSF6B,2,1,-0.1594
Astro,all_secretome_linked,LIPI,1,1,-0.1554
Astro,all_secretome_linked,CXADR,1,1,-0.0683
Astro,all_secretome_linked,APP,8,1,-0.0321
Astro,all_secretome_linked,ADAMTS1,2,1,0.299
Astro,all_secretome_linked,ADAMTS5,1,-1,-0.0789
Astro,all_secretome_linked,C21orf62,1,1,-0.1424
Astro,all_secretome_linked,IFNAR2,1,-1,-0.066
Astro,all_secretome_linked,DSCAM,91,1,0.0264
Astro,all_secretome_linked,ERVH48-1,2,1,-0.0341
Astro,all_secretome_linked,COL18A1,14,1,-0.0312
Astro,all_secretome_linked,COL6A1,1,-1,0.1455
Astro,all_secretome_linked,COL6A2,3,1,0.0326
Astro,all_secretome_linked,S100B,2,1,0.0283
Astro,all_secretome_linked,IL17RA,1,-1,0.1202
Astro,all_secretome_linked,ADA2,5,-1,0.0668
Astro,all_secretome_linked,C22orf39,1,1,0.1386
Astro,all_secretome_linked,SERPIND1,4,1,-0.0639
Astro,all_secretome_linked,IGLL1,1,1,-0.2045
Astro,all_secretome_linked,MMP11,1,-1,0.1537
Astro,all_secretome_linked,MIF,1,1,-0.0021
Astro,all_secretome_linked,EMID1,1,-1,0.2536
Astro,all_secretome_linked,TCN2,3,1,0.1226
Astro,all_secretome_linked,PLA2G3,1,1,-0.2401
Astro,all_secretome_linked,BPIFC,1,1,-0.2352
Astro,all_secretome_linked,TIMP3,3,-1,-0.0838
Astro,all_secretome_linked,APOL4,2,-1,-0.168
Astro,all_secretome_linked,APOL1,2,1,-0.1789
Astro,all_secretome_linked,C1QTNF6,2,1,0.0087
Astro,all_secretome_linked,LGALS1,1,1,0.206
Astro,all_secretome_linked,PDGFB,4,1,-0.3189
Astro,all_secretome_linked,CHADL,2,-1,-0.0188
Astro,all_secretome_linked,CCDC134,1,-1,0.1245
Astro,all_secretome_linked,SCUBE1,2,1,-0.1299
Astro,all_secretome_linked,FBLN1,3,-1,0.1379
Astro,all_secretome_linked,WNT7B,5,-1,0.5064
Astro,all_secretome_linked,TAFA5,61,-1,-0.0312
Astro,all_secretome_linked,CSF2RA,5,1,0.1577
Astro,all_secretome_linked,DHRSX,2,-1,0.1652
Astro,all_secretome_linked,ARSF,4,-1,0.1403
Astro,all_secretome_linked,MXRA5,2,1,0.2101
Astro,all_secretome_linked,ANOS1,1,1,0.3058
Astro,all_secretome_linked,VEGFD,2,1,-0.3773
Astro,all_secretome_linked,APOO,1,-1,-0.1594
Astro,all_secretome_linked,SRPX,1,1,-0.0209
Astro,all_secretome_linked,NYX,1,1,0.1172
Astro,all_secretome_linked,NDP,2,-1,0.0972
Astro,all_secretome_linked,DIPK2B,1,1,-0.3004
Astro,all_secretome_linked,TIMP1,1,1,0.0886
Astro,all_secretome_linked,CFP,2,-1,-0.1454
Astro,all_secretome_linked,PCSK1N,2,1,-0.1811
Astro,all_secretome_linked,EDA,5,1,-0.0018
Astro,all_secretome_linked,PDZD11,1,1,0.0357
Astro,all_secretome_linked,SRPX2,2,1,0.4008
Astro,all_secretome_linked,COL4A6,2,1,0.0777
Astro,all_secretome_linked,COL4A5,9,1,0.2127
Astro,all_secretome_linked,CHRDL1,1,-1,-0.0575
Astro,all_secretome_linked,PGRMC1,1,1,0.1415
Astro,all_secretome_linked,APLN,2,1,0.0793
Astro,all_secretome_linked,ENOX2,38,-1,-0.0169
Astro,all_secretome_linked,IGSF1,11,-1,0.0185
Astro,all_secretome_linked,GPC4,2,1,-0.0002
Astro,all_secretome_linked,FGF13,15,-1,-0.016
Astro,all_secretome_linked,CD99L2,1,-1,0.1228
Astro,all_secretome_linked,BGN,1,1,-0.1064
Astro,all_secretome_linked,FAM3A,1,1,0.1219
Astro,all_secretome_linked,F8,3,1,0.3054
Micro,frozen_hit_linked,CYTL1,2,1,0.2968
Micro,frozen_hit_linked,IL15,8,1,0.5724
Micro,frozen_hit_linked,SERPINE1,1,1,0.7837
Micro,frozen_hit_linked,ASAH1,2,1,0.3336
Micro,frozen_hit_linked,SPON1,1,1,1.8344
Micro,frozen_hit_linked,LUZP2,24,-1,0.1215
Micro,frozen_hit_linked,GLT1D1,3,-1,0.4499
Micro,frozen_hit_linked,NPC2,1,1,-0.1694
Micro,frozen_hit_linked,LGALS9,3,1,-0.3252
Micro,frozen_hit_linked,LIPG,4,1,0.2264
Micro,frozen_hit_linked,APOE,3,1,0.3739
Micro,frozen_hit_linked,APOC1,2,1,-0.3484
Micro,all_secretome_linked,ISG15,5,1,-0.3639
Micro,all_secretome_linked,AGRN,1,1,-0.1525
Micro,all_secretome_linked,VWA1,3,-1,0.4181
Micro,all_secretome_linked,TNFRSF25,1,-1,-0.6404
Micro,all_secretome_linked,CORT,1,-1,0.0641
Micro,all_secretome_linked,TNFRSF1B,2,-1,-0.3215
Micro,all_secretome_linked,NBL1,14,1,0.0458
Micro,all_secretome_linked,PLA2G2C,2,1,0.0813
Micro,all_secretome_linked,HSPG2,2,-1,-0.3303
Micro,all_secretome_linked,C1QA,2,1,-0.1182
Micro,all_secretome_linked,C1QC,3,1,-0.2043
Micro,all_secretome_linked,C1QB,3,1,0.2893
Micro,all_secretome_linked,COL16A1,3,-1,0.1177
Micro,all_secretome_linked,ADGRB2,5,-1,-0.0689
Micro,all_secretome_linked,COL8A2,7,1,0.3288
Micro,all_secretome_linked,CSF3R,1,1,0.3497
Micro,all_secretome_linked,EPHA10,3,-1,-0.0149
Micro,all_secretome_linked,BMP8A,3,-1,-0.0496
Micro,all_secretome_linked,PPT1,6,-1,0.3437
Micro,all_secretome_linked,COL9A2,1,-1,-0.0034
Micro,all_secretome_linked,YBX1,1,1,0.0965
Micro,all_secretome_linked,P3H1,1,1,0.2463
Micro,all_secretome_linked,SVBP,1,1,0.5349
Micro,all_secretome_linked,ST3GAL3,7,-1,-0.0948
Micro,all_secretome_linked,SPATA6,1,-1,-0.084
Micro,all_secretome_linked,GPX7,1,-1,-0.1917
Micro,all_secretome_linked,LRP8,1,-1,-0.4607
Micro,all_secretome_linked,LEPR,18,1,-0.0971
Micro,all_secretome_linked,COL24A1,1,-1,0.673
Micro,all_secretome_linked,CLCA4,1,-1,0.3573
Micro,all_secretome_linked,GBP1,1,1,0.5715
Micro,all_secretome_linked,TGFBR3,8,-1,0.2385
Micro,all_secretome_linked,F3,2,-1,-0.1056
Micro,all_secretome_linked,EXTL2,1,1,0.0106
Micro,all_secretome_linked,OLFM3,21,-1,-0.0153
Micro,all_secretome_linked,COL11A1,1,-1,0.4604
Micro,all_secretome_linked,AMY2B,3,1,-0.1076
Micro,all_secretome_linked,CSF1,2,-1,0.7931
Micro,all_secretome_linked,CHI3L2,12,-1,-0.1346
Micro,all_secretome_linked,WNT2B,3,1,0.4141
Micro,all_secretome_linked,OLFML3,2,-1,-0.03
Micro,all_secretome_linked,NOTCH2NLA,1,1,0.5629
Micro,all_secretome_linked,NOTCH2NLC,1,1,-0.407
Micro,all_secretome_linked,C1orf54,3,1,0.4334
Micro,all_secretome_linked,ECM1,3,-1,0.0312
Micro,all_secretome_linked,ADAMTSL4,2,1,0.3637
Micro,all_secretome_linked,CTSS,2,1,0.4263
Micro,all_secretome_linked,CTSK,2,-1,-0.2627
Micro,all_secretome_linked,C1orf56,2,1,0.2723
Micro,all_secretome_linked,TUFT1,1,-1,-0.5077
Micro,all_secretome_linked,S100A9,1,-1,0.0451
Micro,all_secretome_linked,S100A8,1,1,0.061
Micro,all_secretome_linked,S100A4,3,1,0.5963
Micro,all_secretome_linked,S100A13,2,1,0.1503
Micro,all_secretome_linked,IL6R,3,-1,0.0255
Micro,all_secretome_linked,EFNA4,2,1,-0.5633
Micro,all_secretome_linked,EFNA1,2,-1,0.7161
Micro,all_secretome_linked,THBS3,1,-1,0.3428
Micro,all_secretome_linked,NAXE,2,-1,0.1408
Micro,all_secretome_linked,HAPLN2,1,-1,-0.0687
Micro,all_secretome_linked,BCAN,2,-1,-0.3154
Micro,all_secretome_linked,HDGF,1,1,-0.0112
Micro,all_secretome_linked,COPA,1,-1,-0.089
Micro,all_secretome_linked,ADAMTS4,4,-1,0.2158
Micro,all_secretome_linked,FCGR3A,1,1,0.3969
Micro,all_secretome_linked,OLFML2B,14,-1,-0.0458
Micro,all_secretome_linked,CREG1,1,-1,0.1943
Micro,all_secretome_linked,TNR,3,-1,-0.5408
Micro,all_secretome_linked,PAPPA2,1,-1,-0.1115
Micro,all_secretome_linked,BRINP2,1,-1,0.9435
Micro,all_secretome_linked,ANGPTL1,1,1,-0.1876
Micro,all_secretome_linked,QSOX1,2,-1,0.0595
Micro,all_secretome_linked,MR1,1,1,-0.147
Micro,all_secretome_linked,LAMC1,1,-1,1.0801
Micro,all_secretome_linked,HMCN1,1,1,-0.5919
Micro,all_secretome_linked,BRINP3,2,-1,-0.0761
Micro,all_secretome_linked,CRB1,29,-1,0.2294
Micro,all_secretome_linked,RNPEP,1,1,0.2788
Micro,all_secretome_linked,CHI3L1,2,1,0.0747
Micro,all_secretome_linked,CHIT1,1,1,-0.1454
Micro,all_secretome_linked,CNTN2,2,-1,-0.0524
Micro,all_secretome_linked,PM20D1,2,-1,-0.2643
Micro,all_secretome_linked,IL10,3,1,0.0904
Micro,all_secretome_linked,IL19,17,1,0.2928
Micro,all_secretome_linked,CD55,1,-1,-0.1474
Micro,all_secretome_linked,CR1L,1,-1,0.1671
Micro,all_secretome_linked,NENF,1,-1,0.1033
Micro,all_secretome_linked,VASH2,2,-1,0.3734
Micro,all_secretome_linked,USH2A,2,-1,0.1796
Micro,all_secretome_linked,TGFB2,3,-1,-0.211
Micro,all_secretome_linked,SUSD4,1,-1,0.6224
Micro,all_secretome_linked,LEFTY1,2,-1,0.2226
Micro,all_secretome_linked,GALNT2,1,1,-0.3698
Micro,all_secretome_linked,AGT,1,1,0.3763
Micro,all_secretome_linked,NLRP3,2,-1,-0.3578
Micro,all_secretome_linked,ALKAL2,1,-1,-0.5663
Micro,all_secretome_linked,COLEC11,5,1,-0.802
Micro,all_secretome_linked,POMC,1,-1,-0.2033
Micro,all_secretome_linked,EMILIN1,1,-1,0.2175
Micro,all_secretome_linked,CGREF1,2,-1,-0.2533
Micro,all_secretome_linked,UCN,2,1,0.3208
Micro,all_secretome_linked,FNDC4,1,1,-0.2476
Micro,all_secretome_linked,LTBP1,24,-1,-0.1388
Micro,all_secretome_linked,CRIM1,2,-1,0.3656
Micro,all_secretome_linked,QPCT,2,-1,0.742
Micro,all_secretome_linked,PKDCC,2,1,0.0647
Micro,all_secretome_linked,EFEMP1,1,1,-0.4547
Micro,all_secretome_linked,TGFA,2,-1,-0.1477
Micro,all_secretome_linked,PRADC1,1,1,0.3524
Micro,all_secretome_linked,LOXL3,1,1,0.0347
Micro,all_secretome_linked,GNLY,1,1,0.1512
Micro,all_secretome_linked,THNSL2,2,-1,0.0384
Micro,all_secretome_linked,MGAT4A,11,1,-0.0057
Micro,all_secretome_linked,CREG2,1,-1,0.7198
Micro,all_secretome_linked,IL1R1,9,-1,-0.4863
Micro,all_secretome_linked,IL1A,2,-1,-0.1282
Micro,all_secretome_linked,IL1B,1,-1,1.2105
Micro,all_secretome_linked,MGAT5,36,-1,-0.3448
Micro,all_secretome_linked,LYPD6,3,1,0.2829
Micro,all_secretome_linked,NMI,1,-1,-0.3651
Micro,all_secretome_linked,TNFAIP6,2,-1,-0.3335
Micro,all_secretome_linked,PLA2R1,3,-1,0.4203
Micro,all_secretome_linked,DPP4,2,-1,0.4541
Micro,all_secretome_linked,COL5A2,1,-1,-0.4453
Micro,all_secretome_linked,TMEFF2,3,-1,0.4427
Micro,all_secretome_linked,NRP2,2,1,0.075
Micro,all_secretome_linked,ADAM23,1,-1,0.7452
Micro,all_secretome_linked,VWC2L,1,-1,0.0568
Micro,all_secretome_linked,FN1,1,1,-0.6901
Micro,all_secretome_linked,IGFBP5,2,1,0.2979
Micro,all_secretome_linked,ABCB6,1,1,-0.2289
Micro,all_secretome_linked,GLB1L,2,-1,-0.0005
Micro,all_secretome_linked,SCG2,2,-1,-0.1803
Micro,all_secretome_linked,SERPINE2,2,-1,-0.1462
Micro,all_secretome_linked,COL4A4,1,-1,-0.4506
Micro,all_secretome_linked,COL4A3,1,1,0.4506
Micro,all_secretome_linked,SNORC,2,-1,-0.1942
Micro,all_secretome_linked,COL6A3,6,-1,0.09
Micro,all_secretome_linked,GPC1,6,-1,0.0638
Micro,all_secretome_linked,SNED1,10,-1,-0.2221
Micro,all_secretome_linked,CHL1,26,-1,0.0258
Micro,all_secretome_linked,CNTN4,59,-1,-0.1147
Micro,all_secretome_linked,IL17RE,2,1,0.6013
Micro,all_secretome_linked,GHRL,4,1,0.5052
Micro,all_secretome_linked,FBLN2,6,-1,-0.0587
Micro,all_secretome_linked,COLQ,7,-1,0.1542
Micro,all_secretome_linked,BTD,8,-1,-0.1942
Micro,all_secretome_linked,TGFBR2,2,-1,-0.4204
Micro,all_secretome_linked,CRTAP,1,1,-0.0395
Micro,all_secretome_linked,PDCD6IP,1,1,0.3263
Micro,all_secretome_linked,CCK,3,1,0.1876
Micro,all_secretome_linked,GASK1A,2,-1,-0.3201
Micro,all_secretome_linked,CDCP1,2,1,0.5469
Micro,all_secretome_linked,CSPG5,1,-1,0.1426
Micro,all_secretome_linked,PLXNB1,4,-1,0.5615
Micro,all_secretome_linked,LAMB2,1,1,0.4836
Micro,all_secretome_linked,DAG1,1,-1,-0.146
Micro,all_secretome_linked,MST1,1,1,0.2605
Micro,all_secretome_linked,SEMA3B,3,-1,0.2047
Micro,all_secretome_linked,HYAL1,2,-1,-0.0818
Micro,all_secretome_linked,MANF,1,1,-0.2703
Micro,all_secretome_linked,ITIH4,1,-1,-0.0688
Micro,all_secretome_linked,MUSTN1,2,-1,0.1789
Micro,all_secretome_linked,WNT5A,6,1,0.0637
Micro,all_secretome_linked,ADAMTS9,2,-1,1.3108
Micro,all_secretome_linked,TAFA1,48,-1,-0.1781
Micro,all_secretome_linked,TAFA4,1,-1,0.0959
Micro,all_secretome_linked,EPHA3,1,-1,-0.0825
Micro,all_secretome_linked,PROS1,2,-1,0.1924
Micro,all_secretome_linked,ABI3BP,1,1,0.8898
Micro,all_secretome_linked,NXPE3,4,-1,-0.1296
Micro,all_secretome_linked,ALCAM,32,1,0.0802
Micro,all_secretome_linked,CD200R1,2,1,0.6827
Micro,all_secretome_linked,B4GALT4,3,1,-0.1501
Micro,all_secretome_linked,FSTL1,1,1,0.1105
Micro,all_secretome_linked,HEG1,1,-1,-0.092
Micro,all_secretome_linked,COL6A6,1,-1,-0.512
Micro,all_secretome_linked,TF,4,-1,0.6875
Micro,all_secretome_linked,PCOLCE2,1,-1,2.0769
Micro,all_secretome_linked,DIPK2A,1,-1,-0.3386
Micro,all_secretome_linked,CPB1,5,-1,-0.0391
Micro,all_secretome_linked,CP,2,1,0.6993
Micro,all_secretome_linked,IGSF10,2,-1,0.1973
Micro,all_secretome_linked,C3orf33,1,-1,0.1715
Micro,all_secretome_linked,RARRES1,2,-1,-0.1392
Micro,all_secretome_linked,BCHE,2,-1,0.2514
Micro,all_secretome_linked,SERPINI1,1,-1,-0.0112
Micro,all_secretome_linked,TNFSF10,1,1,0.2224
Micro,all_secretome_linked,ST6GAL1,29,-1,-0.0136
Micro,all_secretome_linked,SST,1,-1,0.0178
Micro,all_secretome_linked,IL1RAP,12,-1,-0.1975
Micro,all_secretome_linked,APOD,3,1,-0.7128
Micro,all_secretome_linked,MUC20,3,-1,0.2008
Micro,all_secretome_linked,TFRC,1,1,-0.2748
Micro,all_secretome_linked,FBXO45,1,-1,-0.3027
Micro,all_secretome_linked,SPON2,11,-1,0.397
Micro,all_secretome_linked,FGFR3,2,-1,-0.0497
Micro,all_secretome_linked,C4orf48,1,1,0.3515
Micro,all_secretome_linked,CYTL1,2,1,0.2968
Micro,all_secretome_linked,MAN2B2,1,1,-1.3004
Micro,all_secretome_linked,C1QTNF7,20,-1,0.0569
Micro,all_secretome_linked,SLIT2,2,-1,0.7261
Micro,all_secretome_linked,SOD3,1,1,0.1772
Micro,all_secretome_linked,LGI2,2,1,-0.1972
Micro,all_secretome_linked,SMIM20,1,1,0.0878
Micro,all_secretome_linked,CORIN,10,-1,0.0428
Micro,all_secretome_linked,IGFBP7,1,1,-1.239
Micro,all_secretome_linked,TMPRSS11D,1,1,-0.2717
Micro,all_secretome_linked,ADAMTS3,1,-1,1.5989
Micro,all_secretome_linked,ANTXR2,1,1,-0.3401
Micro,all_secretome_linked,FGF5,1,-1,0.0498
Micro,all_secretome_linked,HPSE,2,1,0.6458
Micro,all_secretome_linked,SPARCL1,3,-1,-0.4854
Micro,all_secretome_linked,MEPE,1,1,-0.4598
Micro,all_secretome_linked,SPP1,4,1,0.1478
Micro,all_secretome_linked,PKD2,8,-1,-0.1893
Micro,all_secretome_linked,SNCA,1,1,0.0993
Micro,all_secretome_linked,MMRN1,5,-1,0.3525
Micro,all_secretome_linked,AIMP1,1,1,0.309
Micro,all_secretome_linked,DKK2,21,1,0.1276
Micro,all_secretome_linked,COL25A1,27,1,0.1287
Micro,all_secretome_linked,PLA2G12A,1,1,0.2362
Micro,all_secretome_linked,ARSJ,1,1,0.0868
Micro,all_secretome_linked,FGF2,1,-1,0.3805
Micro,all_secretome_linked,ABHD18,1,1,0.4233
Micro,all_secretome_linked,PGRMC2,2,-1,0.0384
Micro,all_secretome_linked,IL15,8,1,0.5724
Micro,all_secretome_linked,FREM3,1,-1,-0.5265
Micro,all_secretome_linked,HHIP,2,-1,0.8466
Micro,all_secretome_linked,SFRP2,3,-1,-0.6532
Micro,all_secretome_linked,PDGFC,2,1,-0.4134
Micro,all_secretome_linked,FSTL5,1,-1,-0.5161
Micro,all_secretome_linked,CPE,1,-1,0.0415
Micro,all_secretome_linked,TLL1,1,-1,-0.0376
Micro,all_secretome_linked,SPOCK3,24,-1,0.0642
Micro,all_secretome_linked,HMGB2,1,1,-0.1426
Micro,all_secretome_linked,SCRG1,1,1,0.3778
Micro,all_secretome_linked,SNX25,3,1,-0.0543
Micro,all_secretome_linked,EXOC3-AS1,2,1,-0.1602
Micro,all_secretome_linked,ADAMTS16,2,1,-0.2264
Micro,all_secretome_linked,NSUN2,1,-1,-0.1264
Micro,all_secretome_linked,PDZD2,1,-1,1.0934
Micro,all_secretome_linked,ADAMTS12,2,-1,0.1656
Micro,all_secretome_linked,C1QTNF3,2,-1,0.6849
Micro,all_secretome_linked,PRLR,25,1,0.1331
Micro,all_secretome_linked,LIFR,9,-1,0.3649
Micro,all_secretome_linked,GHR,13,-1,-0.1752
Micro,all_secretome_linked,SELENOP,5,1,0.1255
Micro,all_secretome_linked,IL6ST,5,1,0.1895
Micro,all_secretome_linked,ADAMTS6,2,-1,0.034
Micro,all_secretome_linked,CARTPT,1,-1,0.182
Micro,all_secretome_linked,CRHBP,2,-1,0.3111
Micro,all_secretome_linked,AGGF1,1,1,0.3302
Micro,all_secretome_linked,ZBED3,1,-1,0.0814
Micro,all_secretome_linked,THBS4,2,1,-0.103
Micro,all_secretome_linked,VCAN,2,-1,-0.0275
Micro,all_secretome_linked,EDIL3,2,-1,1.1633
Micro,all_secretome_linked,ARSK,1,-1,-0.1739
Micro,all_secretome_linked,PCSK1,2,1,0.3607
Micro,all_secretome_linked,ERAP1,2,-1,-0.0217
Micro,all_secretome_linked,ERAP2,3,1,0.3614
Micro,all_secretome_linked,LNPEP,2,1,0.0564
Micro,all_secretome_linked,ST8SIA4,2,1,-0.696
Micro,all_secretome_linked,PAM,1,-1,-0.3767
Micro,all_secretome_linked,ADAMTS19,2,-1,0.7134
Micro,all_secretome_linked,LEAP2,1,1,0.1066
Micro,all_secretome_linked,FSTL4,1,-1,0.4512
Micro,all_secretome_linked,CXCL14,1,-1,-0.6996
Micro,all_secretome_linked,TGFBI,7,1,0.5335
Micro,all_secretome_linked,SPOCK1,62,-1,0.002
Micro,all_secretome_linked,NRG2,31,-1,0.125
Micro,all_secretome_linked,HBEGF,1,-1,-0.2569
Micro,all_secretome_linked,CD14,2,-1,0.0319
Micro,all_secretome_linked,PCDHA10,1,-1,-0.5265
Micro,all_secretome_linked,PCDH12,2,-1,0.7259
Micro,all_secretome_linked,NDFIP1,2,1,0.6491
Micro,all_secretome_linked,FGF1,18,-1,-0.0161
Micro,all_secretome_linked,PCYOX1L,2,1,0.0762
Micro,all_secretome_linked,ARSI,13,-1,0.1474
Micro,all_secretome_linked,CD74,3,1,0.0235
Micro,all_secretome_linked,GPX3,2,1,0.0852
Micro,all_secretome_linked,SPARC,2,1,-0.3885
Micro,all_secretome_linked,TIMD4,5,1,0.5168
Micro,all_secretome_linked,SLIT3,87,-1,-0.2242
Micro,all_secretome_linked,ADAMTS2,1,1,0.0833
Micro,all_secretome_linked,SERPINB1,1,1,-0.8589
Micro,all_secretome_linked,F13A1,1,1,0.3917
Micro,all_secretome_linked,LY86,2,1,0.0209
Micro,all_secretome_linked,GFOD1,24,-1,-0.1607
Micro,all_secretome_linked,KIAA0319,16,-1,-0.1267
Micro,all_secretome_linked,SCGN,1,1,0.7185
Micro,all_secretome_linked,GABBR1,2,-1,0.0865
Micro,all_secretome_linked,HLA-E,2,1,-0.1539
Micro,all_secretome_linked,DDR1,4,-1,-0.3407
Micro,all_secretome_linked,HCG22,1,1,0.6508
Micro,all_secretome_linked,TNF,2,1,0.6424
Micro,all_secretome_linked,BAG6,1,-1,0.2793
Micro,all_secretome_linked,APOM,1,1,-0.2793
Micro,all_secretome_linked,HSPA1A,1,1,0.1722
Micro,all_secretome_linked,C2,7,-1,-0.1443
Micro,all_secretome_linked,CFB,1,-1,-0.2778
Micro,all_secretome_linked,TNXB,10,-1,-0.0089
Micro,all_secretome_linked,EGFL8,1,-1,0.3404
Micro,all_secretome_linked,CUTA,2,1,-0.1302
Micro,all_secretome_linked,SCUBE3,1,-1,0.1413
Micro,all_secretome_linked,PI16,5,-1,-0.1146
Micro,all_secretome_linked,TREM2,3,1,0.4724
Micro,all_secretome_linked,VEGFA,1,1,0.3139
Micro,all_secretome_linked,HSP90AB1,1,1,0.3374
Micro,all_secretome_linked,ENPP5,2,1,0.5707
Micro,all_secretome_linked,PLA2G7,2,1,-0.0233
Micro,all_secretome_linked,COL21A1,15,1,0.2246
Micro,all_secretome_linked,EYS,13,1,-0.1042
Micro,all_secretome_linked,COL19A1,3,1,-0.3787
Micro,all_secretome_linked,COL9A1,3,1,-0.1673
Micro,all_secretome_linked,COL12A1,5,-1,0.003
Micro,all_secretome_linked,CD164,2,1,0.0353
Micro,all_secretome_linked,METTL24,1,-1,0.4136
Micro,all_secretome_linked,LAMA4,2,-1,0.2878
Micro,all_secretome_linked,SMPDL3A,1,1,0.2239
Micro,all_secretome_linked,RSPO3,1,-1,-0.0332
Micro,all_secretome_linked,LAMA2,1,-1,2.5234
Micro,all_secretome_linked,ENPP3,2,1,-0.5982
Micro,all_secretome_linked,ENPP1,1,1,0.4142
Micro,all_secretome_linked,FUCA2,1,1,-0.0654
Micro,all_secretome_linked,FNDC1,1,-1,0.0851
Micro,all_secretome_linked,RNASET2,1,1,0.3888
Micro,all_secretome_linked,SMOC2,30,-1,-0.0837
Micro,all_secretome_linked,THBS2,2,-1,0.2966
Micro,all_secretome_linked,C6orf120,2,1,-0.0969
Micro,all_secretome_linked,FAM20C,1,-1,-0.1254
Micro,all_secretome_linked,PDGFA,2,-1,-0.1353
Micro,all_secretome_linked,NXPH1,42,-1,-0.0666
Micro,all_secretome_linked,THSD7A,1,-1,-0.1876
Micro,all_secretome_linked,IL6,4,1,0.1216
Micro,all_secretome_linked,CCDC126,1,1,0.4951
Micro,all_secretome_linked,NPY,3,1,0.3802
Micro,all_secretome_linked,HNRNPA2B1,1,1,0.3419
Micro,all_secretome_linked,BMPER,1,-1,-0.5524
Micro,all_secretome_linked,AOAH,2,1,-0.6181
Micro,all_secretome_linked,EPDR1,27,1,0.3808
Micro,all_secretome_linked,INHBA,3,1,0.2789
Micro,all_secretome_linked,PPIA,1,1,0.0753
Micro,all_secretome_linked,IGFBP3,3,-1,-0.2852
Micro,all_secretome_linked,VWC2,1,-1,0.711
Micro,all_secretome_linked,ZPBP,1,-1,-0.3158
Micro,all_secretome_linked,VSTM2A,2,-1,0.096
Micro,all_secretome_linked,EGFR,41,-1,-0.0922
Micro,all_secretome_linked,STX1A,4,1,0.1283
Micro,all_secretome_linked,ELN,1,-1,-0.7179
Micro,all_secretome_linked,SSC4D,2,1,-0.1753
Micro,all_secretome_linked,ZP3,10,1,-0.1894
Micro,all_secretome_linked,FGL2,2,1,-0.2784
Micro,all_secretome_linked,SEMA3C,2,-1,0.3325
Micro,all_secretome_linked,HGF,1,1,0.1567
Micro,all_secretome_linked,SEMA3E,1,1,0.1601
Micro,all_secretome_linked,SEMA3A,2,-1,-0.5277
Micro,all_secretome_linked,PON2,1,1,0.527
Micro,all_secretome_linked,TAC1,2,-1,0.0114
Micro,all_secretome_linked,NPTX2,1,1,0.2963
Micro,all_secretome_linked,AZGP1,1,1,0.88
Micro,all_secretome_linked,CNPY4,1,-1,0.0436
Micro,all_secretome_linked,GPC2,2,1,0.3163
Micro,all_secretome_linked,PILRA,2,1,0.272
Micro,all_secretome_linked,PCOLCE,1,1,0.1694
Micro,all_secretome_linked,SERPINE1,1,1,0.7837
Micro,all_secretome_linked,VGF,3,1,0.2628
Micro,all_secretome_linked,PLOD3,1,-1,-0.5641
Micro,all_secretome_linked,COL26A1,1,-1,-0.9246
Micro,all_secretome_linked,LRRC17,2,1,0.6894
Micro,all_secretome_linked,RELN,1,-1,1.1105
Micro,all_secretome_linked,NAMPT,1,1,-0.0068
Micro,all_secretome_linked,LAMB1,1,-1,0.5428
Micro,all_secretome_linked,NRCAM,47,-1,-0.0914
Micro,all_secretome_linked,MDFIC,1,1,-1.6304
Micro,all_secretome_linked,MET,9,-1,0.2976
Micro,all_secretome_linked,FAM3C,2,-1,-0.0047
Micro,all_secretome_linked,PTPRZ1,1,-1,0.6092
Micro,all_secretome_linked,HILPDA,2,1,-0.3781
Micro,all_secretome_linked,CALU,1,1,-0.8674
Micro,all_secretome_linked,PTN,1,-1,0.9426
Micro,all_secretome_linked,EPHB6,1,1,0.2852
Micro,all_secretome_linked,RARRES2,1,1,-0.2809
Micro,all_secretome_linked,ANGPT2,1,-1,-0.0481
Micro,all_secretome_linked,PRSS51,3,1,0.6236
Micro,all_secretome_linked,CTSB,1,1,0.0324
Micro,all_secretome_linked,FGF20,1,1,-0.5129
Micro,all_secretome_linked,PDGFRL,2,1,0.0274
Micro,all_secretome_linked,FGL1,7,-1,0.0641
Micro,all_secretome_linked,ASAH1,2,1,0.3336
Micro,all_secretome_linked,LPL,1,1,0.1779
Micro,all_secretome_linked,LGI3,2,-1,0.6122
Micro,all_secretome_linked,BMP1,1,-1,0.3958
Micro,all_secretome_linked,PEBP4,1,1,-0.1458
Micro,all_secretome_linked,LOXL2,1,-1,-0.1174
Micro,all_secretome_linked,ADAM28,2,1,-0.271
Micro,all_secretome_linked,CLU,2,1,0.1697
Micro,all_secretome_linked,NRG1,77,-1,-0.012
Micro,all_secretome_linked,HTRA4,2,1,0.822
Micro,all_secretome_linked,ADAM9,1,-1,-0.1819
Micro,all_secretome_linked,SFRP1,1,-1,-0.0842
Micro,all_secretome_linked,PLAT,3,-1,-0.3284
Micro,all_secretome_linked,PXDNL,2,1,-0.2134
Micro,all_secretome_linked,SDCBP,2,1,0.1578
Micro,all_secretome_linked,GGH,1,1,0.2017
Micro,all_secretome_linked,CPA6,3,1,1.0449
Micro,all_secretome_linked,SULF1,6,-1,-0.0478
Micro,all_secretome_linked,LY96,1,1,0.0135
Micro,all_secretome_linked,PI15,1,-1,-0.3455
Micro,all_secretome_linked,IL7,2,1,-0.0238
Micro,all_secretome_linked,FABP5,1,1,0.6495
Micro,all_secretome_linked,MMP16,1,-1,0.4743
Micro,all_secretome_linked,CPQ,1,-1,-0.5367
Micro,all_secretome_linked,MATN2,6,-1,0.0841
Micro,all_secretome_linked,CTHRC1,2,-1,-0.2968
Micro,all_secretome_linked,RSPO2,2,-1,0.0151
Micro,all_secretome_linked,TNFRSF11B,1,1,0.7497
Micro,all_secretome_linked,CCN3,1,1,-0.1564
Micro,all_secretome_linked,ENPP2,21,-1,0.0046
Micro,all_secretome_linked,COL14A1,13,-1,-0.3247
Micro,all_secretome_linked,TG,30,1,0.0922
Micro,all_secretome_linked,ST3GAL1,1,-1,-0.3419
Micro,all_secretome_linked,ADGRB1,9,-1,-0.0649
Micro,all_secretome_linked,THEM6,1,1,0.093
Micro,all_secretome_linked,GSDMD,2,1,0.2598
Micro,all_secretome_linked,INSL6,1,1,-0.547
Micro,all_secretome_linked,CD274,2,-1,0.0819
Micro,all_secretome_linked,PDCD1LG2,4,1,0.2638
Micro,all_secretome_linked,FREM1,15,-1,-0.0706
Micro,all_secretome_linked,ADAMTSL1,42,-1,-0.1321
Micro,all_secretome_linked,IFNE,1,-1,-0.4302
Micro,all_secretome_linked,TEK,1,-1,0.1842
Micro,all_secretome_linked,C9orf72,1,1,-0.0296
Micro,all_secretome_linked,B4GALT1,1,1,-0.1305
Micro,all_secretome_linked,PRSS3,9,-1,0.071
Micro,all_secretome_linked,ENHO,1,1,0.4589
Micro,all_secretome_linked,IL11RA,2,-1,0.6307
Micro,all_secretome_linked,MAMDC2,1,-1,0.2104
Micro,all_secretome_linked,ANXA1,5,1,0.278
Micro,all_secretome_linked,PCSK5,1,-1,0.1538
Micro,all_secretome_linked,CTSL,1,1,-0.2757
Micro,all_secretome_linked,OGN,1,1,0.2755
Micro,all_secretome_linked,ASPN,2,1,0.5874
Micro,all_secretome_linked,ECM2,4,1,0.6897
Micro,all_secretome_linked,NINJ1,3,-1,-0.4258
Micro,all_secretome_linked,COL15A1,1,1,0.3488
Micro,all_secretome_linked,TXN,1,1,0.1585
Micro,all_secretome_linked,SVEP1,1,-1,0.2796
Micro,all_secretome_linked,COL27A1,2,1,0.4556
Micro,all_secretome_linked,TNFSF15,1,1,0.395
Micro,all_secretome_linked,TNC,6,1,-0.276
Micro,all_secretome_linked,PAPPA,2,1,-0.1621
Micro,all_secretome_linked,GSN,30,-1,0.0315
Micro,all_secretome_linked,CRB2,5,1,-0.4623
Micro,all_secretome_linked,ANGPTL2,1,-1,0.2465
Micro,all_secretome_linked,TOR2A,1,1,0.3548
Micro,all_secretome_linked,LAMC3,1,-1,-0.7342
Micro,all_secretome_linked,ADAMTS13,5,-1,0.0647
Micro,all_secretome_linked,ADAMTSL2,2,1,0.2691
Micro,all_secretome_linked,COL5A1,1,-1,0.4335
Micro,all_secretome_linked,OLFM1,4,1,-0.2955
Micro,all_secretome_linked,QSOX2,2,-1,-0.2682
Micro,all_secretome_linked,EGFL7,2,-1,0.3866
Micro,all_secretome_linked,PTGDS,2,1,0.2089
Micro,all_secretome_linked,DPP7,2,1,0.3376
Micro,all_secretome_linked,IL15RA,1,1,-0.2044
Micro,all_secretome_linked,ITIH5,7,-1,0.1742
Micro,all_secretome_linked,CELF2-AS1,2,-1,0.3068
Micro,all_secretome_linked,CCDC3,15,-1,-0.196
Micro,all_secretome_linked,CDNF,2,1,0.3096
Micro,all_secretome_linked,C1QL3,1,1,-0.4677
Micro,all_secretome_linked,NRP1,1,-1,-0.2014
Micro,all_secretome_linked,CXCL12,2,1,-0.1876
Micro,all_secretome_linked,VSTM4,2,-1,-0.1407
Micro,all_secretome_linked,PCDH15,3,-1,-0.0535
Micro,all_secretome_linked,SRGN,3,1,0.7707
Micro,all_secretome_linked,ADAMTS14,3,-1,0.3078
Micro,all_secretome_linked,PSAP,2,1,0.2774
Micro,all_secretome_linked,SPOCK2,2,1,0.2238
Micro,all_secretome_linked,PLAU,1,1,0.328
Micro,all_secretome_linked,PLAC9,2,1,-0.0041
Micro,all_secretome_linked,PRXL2A,6,1,0.4267
Micro,all_secretome_linked,NRG3,147,-1,-0.0545
Micro,all_secretome_linked,MINPP1,2,-1,-0.3219
Micro,all_secretome_linked,PTEN,1,-1,-0.357
Micro,all_secretome_linked,RNLS,1,-1,0.1671
Micro,all_secretome_linked,FAS,1,1,0.4314
Micro,all_secretome_linked,FGFBP3,1,1,0.0451
Micro,all_secretome_linked,IDE,9,-1,-0.1255
Micro,all_secretome_linked,RBP4,1,1,1.1526
Micro,all_secretome_linked,LGI1,2,1,0.2242
Micro,all_secretome_linked,TLL2,1,-1,0.2334
Micro,all_secretome_linked,SLIT1,2,-1,1.1441
Micro,all_secretome_linked,HPSE2,28,-1,-0.0244
Micro,all_secretome_linked,CASP7,7,1,0.2176
Micro,all_secretome_linked,FGFR2,17,-1,0.0257
Micro,all_secretome_linked,HTRA1,3,-1,0.2616
Micro,all_secretome_linked,FAM24B,1,-1,0.0879
Micro,all_secretome_linked,CPXM2,2,-1,-0.7681
Micro,all_secretome_linked,MMP21,2,1,0.6992
Micro,all_secretome_linked,ADAM12,2,-1,2.0393
Micro,all_secretome_linked,DEAF1,2,-1,0.0219
Micro,all_secretome_linked,GATD1,1,1,-0.9569
Micro,all_secretome_linked,CHID1,3,1,0.3029
Micro,all_secretome_linked,CTSD,1,1,0.1739
Micro,all_secretome_linked,SMPD1,1,-1,-0.1741
Micro,all_secretome_linked,OLFML1,3,-1,0.4822
Micro,all_secretome_linked,TUB,22,-1,-0.108
Micro,all_secretome_linked,SCUBE2,1,-1,-0.2208
Micro,all_secretome_linked,MTRNR2L8,1,-1,0.2815
Micro,all_secretome_linked,DKK3,2,1,-0.0345
Micro,all_secretome_linked,SPON1,1,1,1.8344
Micro,all_secretome_linked,CALCB,6,-1,-0.0684
Micro,all_secretome_linked,NUCB2,1,1,0.2843
Micro,all_secretome_linked,NELL1,2,-1,-0.4268
Micro,all_secretome_linked,LUZP2,24,-1,0.1215
Micro,all_secretome_linked,BDNF,12,1,-0.1451
Micro,all_secretome_linked,CD59,5,1,0.2924
Micro,all_secretome_linked,CD44,12,1,0.1472
Micro,all_secretome_linked,PAMR1,12,-1,-0.1744
Micro,all_secretome_linked,FJX1,2,1,-0.4265
Micro,all_secretome_linked,EXT2,2,-1,-0.3285
Micro,all_secretome_linked,C1QTNF4,3,1,0.0208
Micro,all_secretome_linked,PTPRJ,1,1,-0.0501
Micro,all_secretome_linked,SERPING1,1,-1,-0.1022
Micro,all_secretome_linked,MPEG1,2,1,0.3888
Micro,all_secretome_linked,VWCE,6,-1,-0.0642
Micro,all_secretome_linked,FLRT1,2,1,0.238
Micro,all_secretome_linked,VEGFB,2,1,-0.1129
Micro,all_secretome_linked,LTBP3,4,1,0.6288
Micro,all_secretome_linked,EFEMP2,1,-1,-0.1557
Micro,all_secretome_linked,IL18BP,2,-1,-0.2746
Micro,all_secretome_linked,FOLR2,2,-1,-0.3734
Micro,all_secretome_linked,PRSS23,1,-1,-0.3348
Micro,all_secretome_linked,ENDOD1,1,-1,-0.2097
Micro,all_secretome_linked,PDGFD,1,-1,-0.2724
Micro,all_secretome_linked,CASP4,3,-1,-0.6282
Micro,all_secretome_linked,CRYAB,5,-1,0.0061
Micro,all_secretome_linked,IL18,1,1,0.7912
Micro,all_secretome_linked,NCAM1,1,-1,0.1443
Micro,all_secretome_linked,TMEM25,1,1,-0.1912
Micro,all_secretome_linked,NECTIN1,2,-1,-0.2777
Micro,all_secretome_linked,OAF,1,-1,-0.1943
Micro,all_secretome_linked,TECTA,2,-1,0.1036
Micro,all_secretome_linked,SORL1,45,1,-0.0601
Micro,all_secretome_linked,ST3GAL4,15,-1,0.5316
Micro,all_secretome_linked,KIRREL3,1,-1,0.3859
Micro,all_secretome_linked,ADAMTS8,2,1,-0.7765
Micro,all_secretome_linked,ADAMTS15,2,1,0.4472
Micro,all_secretome_linked,JAM3,1,-1,0.3219
Micro,all_secretome_linked,B3GAT1,9,-1,0.4305
Micro,all_secretome_linked,WNT5B,17,1,0.381
Micro,all_secretome_linked,TULP3,1,-1,-0.1994
Micro,all_secretome_linked,VWF,2,1,0.5788
Micro,all_secretome_linked,CD9,11,-1,0.1389
Micro,all_secretome_linked,TNFRSF1A,2,-1,-0.6048
Micro,all_secretome_linked,ACRBP,1,-1,-0.6686
Micro,all_secretome_linked,C1S,15,1,0.0534
Micro,all_secretome_linked,C1RL,1,1,0.0467
Micro,all_secretome_linked,CD163L1,1,1,-0.5645
Micro,all_secretome_linked,CD163,1,1,0.6246
Micro,all_secretome_linked,A2M,3,1,-0.0461
Micro,all_secretome_linked,OLR1,3,1,0.4078
Micro,all_secretome_linked,PRB1,1,1,-0.266
Micro,all_secretome_linked,PRB2,1,-1,0.266
Micro,all_secretome_linked,SPX,2,1,0.0628
Micro,all_secretome_linked,OVCH1,1,1,-0.4425
Micro,all_secretome_linked,NELL2,3,-1,0.1609
Micro,all_secretome_linked,NPFF,1,1,0.6545
Micro,all_secretome_linked,CD63,1,1,0.1842
Micro,all_secretome_linked,GDF11,2,-1,-0.3942
Micro,all_secretome_linked,MMP19,1,1,-0.3464
Micro,all_secretome_linked,ERBB3,3,-1,0.3121
Micro,all_secretome_linked,IL23A,2,-1,-0.5433
Micro,all_secretome_linked,TAC3,6,1,0.2618
Micro,all_secretome_linked,WIF1,1,-1,-0.6977
Micro,all_secretome_linked,LYZ,1,1,0.3469
Micro,all_secretome_linked,PTPRR,20,-1,0.1389
Micro,all_secretome_linked,GLIPR1L1,4,1,0.0368
Micro,all_secretome_linked,KITLG,1,-1,-0.8861
Micro,all_secretome_linked,DCN,2,1,-0.7859
Micro,all_secretome_linked,NTN4,1,-1,-0.3092
Micro,all_secretome_linked,IGF1,2,1,-0.507
Micro,all_secretome_linked,TMEM119,3,1,0.4789
Micro,all_secretome_linked,TCTN1,1,1,0.3557
Micro,all_secretome_linked,OAS1,1,1,0.3864
Micro,all_secretome_linked,GLT1D1,3,-1,0.4499
Micro,all_secretome_linked,MMP17,5,-1,-0.0866
Micro,all_secretome_linked,IL17D,1,-1,0.1334
Micro,all_secretome_linked,FGF9,1,-1,-0.0494
Micro,all_secretome_linked,FLT1,35,-1,0.0772
Micro,all_secretome_linked,HMGB1,20,1,0.0498
Micro,all_secretome_linked,KL,2,1,-0.3238
Micro,all_secretome_linked,NHLRC3,1,1,0.5163
Micro,all_secretome_linked,ENOX1,2,-1,0.4384
Micro,all_secretome_linked,ITM2B,3,1,-0.049
Micro,all_secretome_linked,SERPINE3,3,1,0.166
Micro,all_secretome_linked,THSD1,3,-1,0.3672
Micro,all_secretome_linked,PIBF1,1,-1,-0.2021
Micro,all_secretome_linked,CLN5,1,-1,-0.0053
Micro,all_secretome_linked,SLITRK1,3,-1,0.7422
Micro,all_secretome_linked,GPC5,32,-1,-0.0988
Micro,all_secretome_linked,GPC6,78,-1,-0.087
Micro,all_secretome_linked,ITGBL1,4,-1,0.2782
Micro,all_secretome_linked,TNFSF13B,3,1,0.5252
Micro,all_secretome_linked,COL4A1,1,-1,0.3001
Micro,all_secretome_linked,COL4A2,1,-1,0.3001
Micro,all_secretome_linked,GAS6,2,-1,-0.0074
Micro,all_secretome_linked,RNASE4,2,-1,0.0591
Micro,all_secretome_linked,RNASE6,2,1,0.0749
Micro,all_secretome_linked,RNASE1,3,-1,0.0269
Micro,all_secretome_linked,RNASE2,1,1,0.4036
Micro,all_secretome_linked,C14orf93,1,1,0.2982
Micro,all_secretome_linked,DHRS4L2,9,1,0.2926
Micro,all_secretome_linked,COCH,1,1,0.2346
Micro,all_secretome_linked,FAM177A1,2,-1,-0.2094
Micro,all_secretome_linked,TMX1,1,1,-0.3615
Micro,all_secretome_linked,NID2,1,-1,0.2448
Micro,all_secretome_linked,TXNDC16,1,-1,-0.1252
Micro,all_secretome_linked,ERO1A,1,1,-0.441
Micro,all_secretome_linked,LGALS3,1,1,0.5717
Micro,all_secretome_linked,SMOC1,3,-1,0.0765
Micro,all_secretome_linked,PAPLN,5,-1,-0.2253
Micro,all_secretome_linked,ENTPD5,1,1,0.2135
Micro,all_secretome_linked,NPC2,1,1,-0.1694
Micro,all_secretome_linked,LTBP2,1,1,0.7892
Micro,all_secretome_linked,TGFB3,3,-1,-0.0676
Micro,all_secretome_linked,VASH1,6,1,0.333
Micro,all_secretome_linked,FLRT2,4,-1,0.1356
Micro,all_secretome_linked,CHGA,2,-1,-0.14
Micro,all_secretome_linked,SERPINA1,2,1,0.1104
Micro,all_secretome_linked,SERPINA3,1,1,-0.5027
Micro,all_secretome_linked,HHIPL1,2,-1,-0.0627
Micro,all_secretome_linked,WDR25,3,1,0.5165
Micro,all_secretome_linked,SCG5,2,-1,-0.0991
Micro,all_secretome_linked,GREM1,1,-1,0.3929
Micro,all_secretome_linked,SPINT1,2,1,-0.1702
Micro,all_secretome_linked,B2M,2,1,0.1304
Micro,all_secretome_linked,SORD,6,-1,-0.3674
Micro,all_secretome_linked,FBN1,1,-1,1.0872
Micro,all_secretome_linked,FGF7,2,1,-0.0466
Micro,all_secretome_linked,GLDN,8,1,0.0183
Micro,all_secretome_linked,SCG3,1,1,0.6785
Micro,all_secretome_linked,LIPC,6,-1,0.1876
Micro,all_secretome_linked,ANXA2,1,1,1.0788
Micro,all_secretome_linked,PPIB,1,1,-0.1987
Micro,all_secretome_linked,C15orf61,1,1,0.3299
Micro,all_secretome_linked,SPESP1,1,-1,-0.5087
Micro,all_secretome_linked,THSD4,50,-1,-0.1492
Micro,all_secretome_linked,ADPGK,10,1,0.1724
Micro,all_secretome_linked,CEMIP,1,1,-0.6294
Micro,all_secretome_linked,IL16,19,1,0.262
Micro,all_secretome_linked,ADAMTSL3,2,-1,0.1108
Micro,all_secretome_linked,NMB,1,1,0.1252
Micro,all_secretome_linked,MFGE8,2,-1,-0.3869
Micro,all_secretome_linked,NGRN,1,1,0.2468
Micro,all_secretome_linked,FURIN,5,-1,-0.2742
Micro,all_secretome_linked,RGMA,5,1,0.165
Micro,all_secretome_linked,ADAMTS17,1,1,0.075
Micro,all_secretome_linked,CHSY1,1,-1,-0.1885
Micro,all_secretome_linked,PCSK6,41,-1,0.0984
Micro,all_secretome_linked,METRN,2,-1,-0.0634
Micro,all_secretome_linked,GNPTG,1,-1,-0.1458
Micro,all_secretome_linked,GFER,2,1,0.1777
Micro,all_secretome_linked,PKD1,2,-1,-0.3772
Micro,all_secretome_linked,DNASE1,2,-1,-0.1105
Micro,all_secretome_linked,C16orf89,1,1,-0.1437
Micro,all_secretome_linked,XYLT1,1,-1,-0.2176
Micro,all_secretome_linked,CLEC19A,2,1,0.2985
Micro,all_secretome_linked,OTOA,3,1,0.5756
Micro,all_secretome_linked,VWA3A,8,-1,-0.2095
Micro,all_secretome_linked,IL4R,12,1,0.019
Micro,all_secretome_linked,IL27,3,-1,-0.1729
Micro,all_secretome_linked,CTF1,2,1,-0.1673
Micro,all_secretome_linked,PRSS53,1,-1,-0.4658
Micro,all_secretome_linked,ITFG1,1,1,0.2517
Micro,all_secretome_linked,MMP2,13,1,0.2383
Micro,all_secretome_linked,RSPRY1,1,-1,-0.1939
Micro,all_secretome_linked,CX3CL1,1,-1,-0.2684
Micro,all_secretome_linked,ADGRG1,11,-1,0.1556
Micro,all_secretome_linked,CKLF,2,1,-0.6539
Micro,all_secretome_linked,CES4A,4,-1,-0.1117
Micro,all_secretome_linked,GFOD2,1,1,-0.404
Micro,all_secretome_linked,NRN1L,2,-1,0.5472
Micro,all_secretome_linked,LCAT,3,-1,0.1908
Micro,all_secretome_linked,PLA2G15,3,1,0.41
Micro,all_secretome_linked,ST3GAL2,11,-1,-0.1081
Micro,all_secretome_linked,IL34,11,-1,0.1572
Micro,all_secretome_linked,ADAMTS18,1,-1,-0.1826
Micro,all_secretome_linked,MBTPS1,1,1,0.0002
Micro,all_secretome_linked,CRISPLD2,2,-1,-0.7494
Micro,all_secretome_linked,SERPINF2,4,1,0.2697
Micro,all_secretome_linked,SERPINF1,2,-1,-0.2194
Micro,all_secretome_linked,CYB5D2,1,1,0.3362
Micro,all_secretome_linked,CXCL16,1,1,0.1931
Micro,all_secretome_linked,VMO1,1,1,0.573
Micro,all_secretome_linked,C1QBP,1,1,0.1468
Micro,all_secretome_linked,TNFSF12,1,1,-0.7027
Micro,all_secretome_linked,TNFSF13,2,1,0.206
Micro,all_secretome_linked,NTN1,2,-1,-0.0278
Micro,all_secretome_linked,MTRNR2L1,2,1,1.2338
Micro,all_secretome_linked,LGALS9,3,1,-0.3252
Micro,all_secretome_linked,SDF2,1,-1,0.9645
Micro,all_secretome_linked,DHRS13,1,-1,-0.1304
Micro,all_secretome_linked,ABHD15,2,1,0.4888
Micro,all_secretome_linked,TMEM98,1,-1,0.2525
Micro,all_secretome_linked,CCL2,1,-1,0.6597
Micro,all_secretome_linked,MMP28,1,-1,-0.0367
Micro,all_secretome_linked,CCL3,2,1,0.7123
Micro,all_secretome_linked,CCL4,2,1,0.7859
Micro,all_secretome_linked,CCL3L1,2,1,0.5493
Micro,all_secretome_linked,CCL4L2,2,1,0.6649
Micro,all_secretome_linked,DHRS11,1,-1,-0.0518
Micro,all_secretome_linked,PLXDC1,2,1,-1.0966
Micro,all_secretome_linked,IFI35,1,1,0.4304
Micro,all_secretome_linked,GRN,3,1,0.1476
Micro,all_secretome_linked,MAPT,19,-1,0.2708
Micro,all_secretome_linked,XYLT2,1,-1,-0.5114
Micro,all_secretome_linked,SPATA20,1,1,0.4853
Micro,all_secretome_linked,CA10,3,-1,0.1667
Micro,all_secretome_linked,C17orf67,1,1,0.209
Micro,all_secretome_linked,SCPEP1,1,1,0.2224
Micro,all_secretome_linked,FAM20A,12,1,0.057
Micro,all_secretome_linked,TIMP2,18,1,0.1308
Micro,all_secretome_linked,LGALS3BP,1,-1,-0.0079
Micro,all_secretome_linked,CANT1,5,-1,-0.2933
Micro,all_secretome_linked,NPTX1,3,-1,-0.1386
Micro,all_secretome_linked,P4HB,1,1,0.2787
Micro,all_secretome_linked,METRNL,1,1,0.5727
Micro,all_secretome_linked,CLUL1,5,1,0.364
Micro,all_secretome_linked,EMILIN2,3,1,0.0468
Micro,all_secretome_linked,LAMA1,22,-1,-0.2132
Micro,all_secretome_linked,TWSG1,1,1,0.3051
Micro,all_secretome_linked,LAMA3,27,-1,-0.0732
Micro,all_secretome_linked,CHST9,8,-1,0.1177
Micro,all_secretome_linked,TTR,8,-1,-0.0997
Micro,all_secretome_linked,GALNT1,1,1,-0.1537
Micro,all_secretome_linked,LIPG,4,1,0.2264
Micro,all_secretome_linked,C18orf54,1,-1,-0.1343
Micro,all_secretome_linked,TCF4,87,-1,0.0042
Micro,all_secretome_linked,CCBE1,33,-1,-0.079
Micro,all_secretome_linked,CBLN2,16,-1,-0.2775
Micro,all_secretome_linked,NETO1,2,-1,0.0871
Micro,all_secretome_linked,CNDP1,1,-1,0.0124
Micro,all_secretome_linked,FSTL3,3,1,-0.1715
Micro,all_secretome_linked,CFD,2,1,0.5749
Micro,all_secretome_linked,IZUMO4,1,1,-0.2444
Micro,all_secretome_linked,EBI3,1,1,0.2507
Micro,all_secretome_linked,MYDGF,2,1,-0.4224
Micro,all_secretome_linked,HSD11B1L,1,-1,-0.4486
Micro,all_secretome_linked,C3,2,-1,-0.4393
Micro,all_secretome_linked,ANGPTL4,2,1,0.0051
Micro,all_secretome_linked,ADAMTS10,4,1,0.1126
Micro,all_secretome_linked,OLFM2,19,-1,-0.2644
Micro,all_secretome_linked,ANGPTL6,3,-1,-0.0587
Micro,all_secretome_linked,EPOR,2,1,0.146
Micro,all_secretome_linked,MAN2B1,2,1,0.3142
Micro,all_secretome_linked,CALR,1,1,0.488
Micro,all_secretome_linked,SAMD1,1,-1,0.0806
Micro,all_secretome_linked,ADGRE5,1,-1,-0.258
Micro,all_secretome_linked,ADGRE3,4,1,0.2025
Micro,all_secretome_linked,CPAMD8,2,-1,-0.9979
Micro,all_secretome_linked,IFI30,1,1,0.4794
Micro,all_secretome_linked,CRLF1,2,1,-0.1246
Micro,all_secretome_linked,NCAN,3,-1,-0.1639
Micro,all_secretome_linked,GPI,1,-1,0.0005
Micro,all_secretome_linked,SCGB2B2,11,-1,0.012
Micro,all_secretome_linked,SCN1B,2,-1,-0.0571
Micro,all_secretome_linked,LGI4,1,-1,0.9149
Micro,all_secretome_linked,HAMP,3,1,0.0533
Micro,all_secretome_linked,CATSPERG,1,-1,0.1847
Micro,all_secretome_linked,FCGBP,6,1,0.5968
Micro,all_secretome_linked,LTBP4,7,-1,-0.2279
Micro,all_secretome_linked,TGFB1,2,-1,-0.1727
Micro,all_secretome_linked,CEACAM1,1,1,0.272
Micro,all_secretome_linked,PSG8,9,-1,0.3314
Micro,all_secretome_linked,PINLYP,2,1,0.0616
Micro,all_secretome_linked,PLAUR,2,1,0.0673
Micro,all_secretome_linked,PVR,1,1,0.2601
Micro,all_secretome_linked,APOE,3,1,0.3739
Micro,all_secretome_linked,APOC1,2,1,-0.3484
Micro,all_secretome_linked,APOC4,1,1,0.2868
Micro,all_secretome_linked,APOC2,4,1,0.1786
Micro,all_secretome_linked,IGFL4,7,-1,-0.2514
Micro,all_secretome_linked,FKRP,2,-1,-0.1567
Micro,all_secretome_linked,CA11,1,1,-0.0567
Micro,all_secretome_linked,NUCB1,1,1,-0.2032
Micro,all_secretome_linked,FLT3LG,2,-1,0.0079
Micro,all_secretome_linked,IL4I1,9,1,0.1787
Micro,all_secretome_linked,EMC10,2,-1,0.3775
Micro,all_secretome_linked,CLEC11A,2,1,0.1712
Micro,all_secretome_linked,KLK6,1,-1,0.0282
Micro,all_secretome_linked,IGLON5,2,-1,-0.6664
Micro,all_secretome_linked,SIGLEC10,2,1,0.1584
Micro,all_secretome_linked,OSCAR,2,1,0.2762
Micro,all_secretome_linked,LAIR2,1,-1,-0.5599
Micro,all_secretome_linked,LILRA2,1,1,-0.5311
Micro,all_secretome_linked,LILRB1,3,1,0.0597
Micro,all_secretome_linked,FCAR,2,1,0.416
Micro,all_secretome_linked,EDDM13,2,-1,-0.7321
Micro,all_secretome_linked,A1BG,1,1,0.0081
Micro,all_secretome_linked,PDYN,2,1,0.3493
Micro,all_secretome_linked,ATRN,1,1,-0.2041
Micro,all_secretome_linked,SIGLEC1,1,1,0.514
Micro,all_secretome_linked,C20orf27,2,1,0.5099
Micro,all_secretome_linked,CHGB,1,1,-0.5833
Micro,all_secretome_linked,FLRT3,1,-1,-0.0452
Micro,all_secretome_linked,PCSK2,2,-1,0.3052
Micro,all_secretome_linked,CST3,2,1,0.5483
Micro,all_secretome_linked,CST7,3,-1,-0.8863
Micro,all_secretome_linked,ENTPD6,1,1,-0.6313
Micro,all_secretome_linked,ASIP,10,-1,-0.2439
Micro,all_secretome_linked,MMP24,1,1,0.2973
Micro,all_secretome_linked,SOGA1,2,-1,-0.2582
Micro,all_secretome_linked,VSTM2L,2,1,0.26
Micro,all_secretome_linked,SDC4,1,-1,-0.5214
Micro,all_secretome_linked,PLTP,1,1,0.6621
Micro,all_secretome_linked,CD40,1,-1,-0.1011
Micro,all_secretome_linked,SULF2,1,-1,1.3798
Micro,all_secretome_linked,BMP7,1,-1,0.1704
Micro,all_secretome_linked,GNAS,20,1,0.1227
Micro,all_secretome_linked,LAMA5,1,-1,0.5102
Micro,all_secretome_linked,COL9A3,1,-1,0.1105
Micro,all_secretome_linked,CXADR,1,-1,0.1551
Micro,all_secretome_linked,APP,8,-1,0.0525
Micro,all_secretome_linked,ADAMTS1,2,-1,0.4255
Micro,all_secretome_linked,C21orf62,1,1,0.4801
Micro,all_secretome_linked,IFNAR2,1,1,0.3561
Micro,all_secretome_linked,DSCAM,79,1,0.3156
Micro,all_secretome_linked,FAM3B,2,-1,1.2335
Micro,all_secretome_linked,COL18A1,14,-1,-0.4081
Micro,all_secretome_linked,S100B,2,-1,-0.2175
Micro,all_secretome_linked,IL17RA,1,1,-0.4845
Micro,all_secretome_linked,ADA2,5,1,-0.2709
Micro,all_secretome_linked,C22orf39,1,-1,0.7312
Micro,all_secretome_linked,SERPIND1,3,1,0.1201
Micro,all_secretome_linked,MIF,1,1,0.4247
Micro,all_secretome_linked,EMID1,1,-1,-0.059
Micro,all_secretome_linked,OSM,3,1,0.0649
Micro,all_secretome_linked,TCN2,3,1,0.3026
Micro,all_secretome_linked,TIMP3,2,1,0.0412
Micro,all_secretome_linked,APOL1,2,1,0.2366
Micro,all_secretome_linked,C1QTNF6,2,1,0.0918
Micro,all_secretome_linked,LGALS1,1,1,0.6006
Micro,all_secretome_linked,PDGFB,4,1,0.2335
Micro,all_secretome_linked,CHADL,2,-1,-0.0871
Micro,all_secretome_linked,CCDC134,1,-1,-0.0572
Micro,all_secretome_linked,FBLN1,3,1,0.3245
Micro,all_secretome_linked,WNT7B,5,-1,-0.5032
Micro,all_secretome_linked,TAFA5,57,-1,0.0534
Micro,all_secretome_linked,CSF2RA,5,1,0.2217
Micro,all_secretome_linked,DHRSX,2,-1,-0.2976
Micro,all_secretome_linked,ANOS1,1,1,0.5139
Micro,all_secretome_linked,VEGFD,1,-1,-0.2196
Micro,all_secretome_linked,APOO,1,1,0.5165
Micro,all_secretome_linked,SRPX,1,-1,-0.3183
Micro,all_secretome_linked,NDP,2,-1,0.0574
Micro,all_secretome_linked,DIPK2B,1,-1,-0.5059
Micro,all_secretome_linked,TIMP1,1,1,0.3501
Micro,all_secretome_linked,PCSK1N,2,1,0.0311
Micro,all_secretome_linked,EDA,3,1,-0.1842
Micro,all_secretome_linked,PDZD11,1,1,0.412
Micro,all_secretome_linked,COL4A5,8,-1,-0.0481
Micro,all_secretome_linked,CHRDL1,1,-1,-0.6034
Micro,all_secretome_linked,PGRMC1,1,1,-0.0676
Micro,all_secretome_linked,ENOX2,35,1,-0.0256
Micro,all_secretome_linked,GPC4,2,-1,-0.6782
Micro,all_secretome_linked,FGF13,12,1,0.2844
Micro,all_secretome_linked,CD99L2,1,-1,0.3847
Micro,all_secretome_linked,FAM3A,1,-1,0.5124
Micro,all_secretome_linked,F8,2,1,0.0909
Oligo,frozen_hit_linked,EPHA3,1,1,0.3358
Oligo,frozen_hit_linked,CD74,3,1,-0.2523
Oligo,frozen_hit_linked,ECM2,4,1,-0.0011
Oligo,frozen_hit_linked,VSTM4,2,-1,0.0322
Oligo,frozen_hit_linked,PTPRR,20,-1,-0.0046
Oligo,all_secretome_linked,ISG15,5,1,-0.2694
Oligo,all_secretome_linked,AGRN,1,1,0.2326
Oligo,all_secretome_linked,VWA1,3,1,0.1395
Oligo,all_secretome_linked,MEGF6,25,1,-0.1976
Oligo,all_secretome_linked,TNFRSF25,1,1,-0.1759
Oligo,all_secretome_linked,CA6,2,1,-0.1444
Oligo,all_secretome_linked,CORT,1,-1,0.5384
Oligo,all_secretome_linked,ANGPTL7,2,-1,-0.0395
Oligo,all_secretome_linked,DRAXIN,2,1,0.1816
Oligo,all_secretome_linked,NPPA,2,1,-0.3545
Oligo,all_secretome_linked,TNFRSF1B,2,1,-0.1429
Oligo,all_secretome_linked,CELA2B,1,1,0.0363
Oligo,all_secretome_linked,NBL1,14,1,-0.0837
Oligo,all_secretome_linked,PLA2G5,1,1,-0.3603
Oligo,all_secretome_linked,HSPG2,2,1,-0.0619
Oligo,all_secretome_linked,WNT4,1,-1,0.0782
Oligo,all_secretome_linked,C1QA,2,1,0.0691
Oligo,all_secretome_linked,C1QC,3,1,-0.2626
Oligo,all_secretome_linked,C1QB,3,1,-0.2133
Oligo,all_secretome_linked,MATN1,1,-1,0.2532
Oligo,all_secretome_linked,COL16A1,3,-1,-0.1982
Oligo,all_secretome_linked,ADGRB2,5,-1,0.1172
Oligo,all_secretome_linked,FNDC5,2,-1,0.1418
Oligo,all_secretome_linked,COL8A2,7,1,-0.2684
Oligo,all_secretome_linked,CSF3R,1,-1,-0.2237
Oligo,all_secretome_linked,EPHA10,3,-1,0.264
Oligo,all_secretome_linked,BMP8A,3,-1,0.1281
Oligo,all_secretome_linked,BMP8B,2,-1,0.3355
Oligo,all_secretome_linked,PPT1,6,-1,0.2381
Oligo,all_secretome_linked,COL9A2,1,-1,-0.139
Oligo,all_secretome_linked,YBX1,1,1,0.183
Oligo,all_secretome_linked,P3H1,1,-1,-0.1193
Oligo,all_secretome_linked,SVBP,1,1,0.1857
Oligo,all_secretome_linked,ST3GAL3,7,-1,0.1678
Oligo,all_secretome_linked,SPATA6,1,-1,-0.1998
Oligo,all_secretome_linked,GPX7,1,1,-0.11
Oligo,all_secretome_linked,LRP8,1,-1,0.2431
Oligo,all_secretome_linked,CDCP2,1,1,0.0983
Oligo,all_secretome_linked,SSBP3-AS1,1,-1,-0.0316
Oligo,all_secretome_linked,LEPR,20,-1,0.0847
Oligo,all_secretome_linked,CCN1,2,1,0.0179
Oligo,all_secretome_linked,COL24A1,1,-1,0.6006
Oligo,all_secretome_linked,CLCA2,1,-1,-0.147
Oligo,all_secretome_linked,CLCA4,1,1,0.2178
Oligo,all_secretome_linked,GBP1,1,1,0.182
Oligo,all_secretome_linked,TGFBR3,9,-1,-0.1141
Oligo,all_secretome_linked,F3,2,1,0.1758
Oligo,all_secretome_linked,VCAM1,2,1,0.0437
Oligo,all_secretome_linked,EXTL2,1,1,0.2337
Oligo,all_secretome_linked,OLFM3,25,-1,0.0308
Oligo,all_secretome_linked,COL11A1,1,-1,0.0229
Oligo,all_secretome_linked,AMY2B,3,1,-0.0034
Oligo,all_secretome_linked,CSF1,2,1,0.0132
Oligo,all_secretome_linked,CHI3L2,12,1,0.0224
Oligo,all_secretome_linked,WNT2B,3,1,-0.0867
Oligo,all_secretome_linked,OLFML3,2,-1,0.158
Oligo,all_secretome_linked,NGF,1,-1,0.066
Oligo,all_secretome_linked,CD160,3,-1,0.0658
Oligo,all_secretome_linked,NOTCH2NLA,1,1,-0.0175
Oligo,all_secretome_linked,NOTCH2NLC,1,1,0.1667
Oligo,all_secretome_linked,C1orf54,3,1,0.1543
Oligo,all_secretome_linked,ECM1,3,1,0.2798
Oligo,all_secretome_linked,CTSS,2,1,-0.0045
Oligo,all_secretome_linked,CTSK,2,-1,0.1433
Oligo,all_secretome_linked,C1orf56,2,1,0.2122
Oligo,all_secretome_linked,TUFT1,1,-1,-0.0067
Oligo,all_secretome_linked,S100A9,1,1,0.1227
Oligo,all_secretome_linked,S100A8,1,1,0.0932
Oligo,all_secretome_linked,S100A4,3,1,-0.0419
Oligo,all_secretome_linked,S100A13,2,1,-0.0857
Oligo,all_secretome_linked,IL6R,3,-1,0.137
Oligo,all_secretome_linked,EFNA4,2,1,-0.2313
Oligo,all_secretome_linked,EFNA1,2,1,0.0904
Oligo,all_secretome_linked,THBS3,1,1,0.0788
Oligo,all_secretome_linked,BGLAP,2,1,-0.1644
Oligo,all_secretome_linked,NAXE,2,1,-0.0713
Oligo,all_secretome_linked,HAPLN2,1,1,0.149
Oligo,all_secretome_linked,BCAN,2,-1,-0.3572
Oligo,all_secretome_linked,HDGF,1,1,0.1133
Oligo,all_secretome_linked,COPA,1,-1,0.1144
Oligo,all_secretome_linked,ADAMTS4,4,-1,-0.0913
Oligo,all_secretome_linked,FCGR3A,1,1,-0.2295
Oligo,all_secretome_linked,FCRLA,1,1,-0.1135
Oligo,all_secretome_linked,OLFML2B,14,1,0.0002
Oligo,all_secretome_linked,CREG1,1,1,-0.0256
Oligo,all_secretome_linked,DPT,1,1,-0.3616
Oligo,all_secretome_linked,F5,2,1,-0.1588
Oligo,all_secretome_linked,TNN,2,-1,0.6386
Oligo,all_secretome_linked,TNR,3,-1,0.0246
Oligo,all_secretome_linked,PAPPA2,1,1,-0.3844
Oligo,all_secretome_linked,BRINP2,1,-1,0.2385
Oligo,all_secretome_linked,ANGPTL1,1,-1,-0.4472
Oligo,all_secretome_linked,QSOX1,2,-1,-0.0973
Oligo,all_secretome_linked,MR1,1,1,-0.0522
Oligo,all_secretome_linked,LAMC1,1,-1,-0.0607
Oligo,all_secretome_linked,LAMC2,1,-1,0.1101
Oligo,all_secretome_linked,HMCN1,1,-1,-0.2382
Oligo,all_secretome_linked,BRINP3,3,-1,-0.0197
Oligo,all_secretome_linked,CFH,2,1,-0.2249
Oligo,all_secretome_linked,CRB1,31,-1,0.0188
Oligo,all_secretome_linked,RNPEP,1,1,-0.1184
Oligo,all_secretome_linked,CHI3L1,2,1,-0.1789
Oligo,all_secretome_linked,CHIT1,1,-1,0.478
Oligo,all_secretome_linked,PRELP,3,-1,-0.0053
Oligo,all_secretome_linked,CNTN2,2,1,0.2188
Oligo,all_secretome_linked,PM20D1,2,-1,0.215
Oligo,all_secretome_linked,IL19,17,1,-0.0701
Oligo,all_secretome_linked,C4BPB,1,1,-0.1195
Oligo,all_secretome_linked,C4BPA,1,1,-0.1092
Oligo,all_secretome_linked,CD55,1,-1,-0.0042
Oligo,all_secretome_linked,CR1L,1,-1,0.2807
Oligo,all_secretome_linked,LAMB3,3,-1,-0.1242
Oligo,all_secretome_linked,NENF,1,1,0.0844
Oligo,all_secretome_linked,VASH2,2,-1,0.2167
Oligo,all_secretome_linked,USH2A,2,-1,-0.1774
Oligo,all_secretome_linked,TGFB2,3,-1,-0.1543
Oligo,all_secretome_linked,SUSD4,1,-1,-0.3151
Oligo,all_secretome_linked,LEFTY1,2,1,-0.1677
Oligo,all_secretome_linked,WNT9A,2,-1,0.0696
Oligo,all_secretome_linked,GALNT2,1,1,0.1194
Oligo,all_secretome_linked,AGT,1,1,-0.0478
Oligo,all_secretome_linked,NID1,2,-1,0.0569
Oligo,all_secretome_linked,GREM2,1,-1,-0.1914
Oligo,all_secretome_linked,NLRP3,2,1,0.2632
Oligo,all_secretome_linked,LYPD8,2,1,-0.0613
Oligo,all_secretome_linked,ALKAL2,1,1,0.165
Oligo,all_secretome_linked,PXDN,1,-1,0.7198
Oligo,all_secretome_linked,COLEC11,5,1,-0.3795
Oligo,all_secretome_linked,GDF7,1,-1,0.6418
Oligo,all_secretome_linked,POMC,1,-1,0.0213
Oligo,all_secretome_linked,EMILIN1,1,-1,0.0824
Oligo,all_secretome_linked,CGREF1,2,-1,0.2076
Oligo,all_secretome_linked,UCN,2,1,-0.8114
Oligo,all_secretome_linked,FNDC4,1,-1,0.1383
Oligo,all_secretome_linked,LTBP1,27,-1,0.0409
Oligo,all_secretome_linked,CRIM1,2,1,0.3435
Oligo,all_secretome_linked,QPCT,2,1,-0.3745
Oligo,all_secretome_linked,PKDCC,2,-1,-0.1699
Oligo,all_secretome_linked,EFEMP1,1,1,-0.155
Oligo,all_secretome_linked,TGFA,2,-1,-0.0902
Oligo,all_secretome_linked,PRADC1,1,1,0.1365
Oligo,all_secretome_linked,LOXL3,1,1,0.1755
Oligo,all_secretome_linked,GNLY,1,1,-0.2818
Oligo,all_secretome_linked,CD8A,2,-1,0.2306
Oligo,all_secretome_linked,THNSL2,2,1,0.1364
Oligo,all_secretome_linked,MGAT4A,11,1,-0.1234
Oligo,all_secretome_linked,CREG2,2,-1,-0.1079
Oligo,all_secretome_linked,IL1R1,9,1,0.0189
Oligo,all_secretome_linked,ECRG4,1,1,-0.4951
Oligo,all_secretome_linked,FBLN7,2,-1,0.2684
Oligo,all_secretome_linked,C1QL2,1,1,-0.3597
Oligo,all_secretome_linked,INHBB,1,1,-0.5091
Oligo,all_secretome_linked,PROC,1,-1,0.3664
Oligo,all_secretome_linked,MGAT5,36,-1,0.059
Oligo,all_secretome_linked,NXPH2,3,-1,-0.0022
Oligo,all_secretome_linked,LYPD6,3,1,0.019
Oligo,all_secretome_linked,NMI,1,1,0.2638
Oligo,all_secretome_linked,TNFAIP6,2,-1,0.3531
Oligo,all_secretome_linked,PLA2R1,3,-1,0.0986
Oligo,all_secretome_linked,FAP,3,1,0.1086
Oligo,all_secretome_linked,FRZB,2,-1,0.2593
Oligo,all_secretome_linked,TFPI,3,1,-0.0236
Oligo,all_secretome_linked,COL5A2,1,1,0.0932
Oligo,all_secretome_linked,MSTN,4,1,0.0248
Oligo,all_secretome_linked,TMEFF2,3,1,0.2533
Oligo,all_secretome_linked,NRP2,2,1,0.5789
Oligo,all_secretome_linked,ADAM23,1,-1,-0.3892
Oligo,all_secretome_linked,VWC2L,1,-1,-0.0419
Oligo,all_secretome_linked,FN1,1,1,-0.0416
Oligo,all_secretome_linked,IGFBP2,4,1,-0.1187
Oligo,all_secretome_linked,IGFBP5,2,-1,-0.0179
Oligo,all_secretome_linked,ABCB6,1,1,0.2068
Oligo,all_secretome_linked,GLB1L,2,-1,0.1024
Oligo,all_secretome_linked,INHA,1,-1,0.525
Oligo,all_secretome_linked,SCG2,2,-1,0.0481
Oligo,all_secretome_linked,SERPINE2,3,-1,0.0323
Oligo,all_secretome_linked,COL4A4,1,-1,0.1807
Oligo,all_secretome_linked,COL4A3,1,-1,0.1807
Oligo,all_secretome_linked,NPPC,1,1,0.1583
Oligo,all_secretome_linked,SNORC,2,-1,-0.059
Oligo,all_secretome_linked,COL6A3,6,-1,0.1233
Oligo,all_secretome_linked,OTOS,2,1,-0.0876
Oligo,all_secretome_linked,GPC1,6,-1,0.0172
Oligo,all_secretome_linked,SNED1,12,1,-0.163
Oligo,all_secretome_linked,CHL1,31,-1,0.0468
Oligo,all_secretome_linked,CNTN4,69,-1,0.0969
Oligo,all_secretome_linked,IL17RE,2,1,-0.1791
Oligo,all_secretome_linked,GHRL,4,1,-0.1784
Oligo,all_secretome_linked,TIMP4,1,1,-0.3566
Oligo,all_secretome_linked,FBLN2,6,-1,0.2641
Oligo,all_secretome_linked,WNT7A,1,-1,0.8726
Oligo,all_secretome_linked,COLQ,7,-1,0.1369
Oligo,all_secretome_linked,BTD,8,1,-0.068
Oligo,all_secretome_linked,TGFBR2,2,1,0.2205
Oligo,all_secretome_linked,CRTAP,1,1,0.1316
Oligo,all_secretome_linked,PDCD6IP,1,-1,0.1318
Oligo,all_secretome_linked,CCK,4,1,0.0341
Oligo,all_secretome_linked,GASK1A,2,1,-0.0563
Oligo,all_secretome_linked,CDCP1,2,1,0.064
Oligo,all_secretome_linked,CSPG5,1,-1,0.5062
Oligo,all_secretome_linked,SPINK8,1,-1,0.1318
Oligo,all_secretome_linked,PLXNB1,4,1,0.2069
Oligo,all_secretome_linked,COL7A1,3,1,-0.5202
Oligo,all_secretome_linked,LAMB2,1,1,-0.102
Oligo,all_secretome_linked,DAG1,1,1,0.1114
Oligo,all_secretome_linked,MST1,1,1,-0.2102
Oligo,all_secretome_linked,SEMA3B,3,1,0.1924
Oligo,all_secretome_linked,HYAL1,2,1,-0.0783
Oligo,all_secretome_linked,MANF,1,1,0.1155
Oligo,all_secretome_linked,ITIH4,1,1,-0.1076
Oligo,all_secretome_linked,MUSTN1,2,1,0.2307
Oligo,all_secretome_linked,IL17RB,2,1,0.2113
Oligo,all_secretome_linked,WNT5A,6,-1,-0.0458
Oligo,all_secretome_linked,ADAMTS9,2,-1,0.086
Oligo,all_secretome_linked,TAFA1,53,-1,0.0132
Oligo,all_secretome_linked,TAFA4,1,1,0.0902
Oligo,all_secretome_linked,EPHA3,1,1,0.3358
Oligo,all_secretome_linked,PROS1,2,-1,-0.1147
Oligo,all_secretome_linked,COL8A1,1,1,-0.2197
Oligo,all_secretome_linked,ABI3BP,1,1,-0.1557
Oligo,all_secretome_linked,NXPE3,4,-1,-0.0827
Oligo,all_secretome_linked,ZPLD1,26,1,-0.0936
Oligo,all_secretome_linked,ALCAM,33,1,-0.0407
Oligo,all_secretome_linked,BTLA,1,1,0.0588
Oligo,all_secretome_linked,CCDC80,2,-1,0.344
Oligo,all_secretome_linked,CD200R1,2,-1,0.0398
Oligo,all_secretome_linked,B4GALT4,3,-1,-0.1159
Oligo,all_secretome_linked,FSTL1,1,1,-0.2035
Oligo,all_secretome_linked,MUC13,1,-1,-0.0441
Oligo,all_secretome_linked,HEG1,1,-1,-0.0824
Oligo,all_secretome_linked,COL6A6,1,1,-0.0338
Oligo,all_secretome_linked,TF,4,-1,-0.1429
Oligo,all_secretome_linked,PCOLCE2,1,-1,0.0707
Oligo,all_secretome_linked,DIPK2A,1,1,0.1928
Oligo,all_secretome_linked,CPB1,5,1,0.3335
Oligo,all_secretome_linked,CP,2,1,0.0644
Oligo,all_secretome_linked,IGSF10,2,-1,0.2336
Oligo,all_secretome_linked,C3orf33,1,-1,0.2711
Oligo,all_secretome_linked,PTX3,1,-1,0.0207
Oligo,all_secretome_linked,RARRES1,2,1,-0.0191
Oligo,all_secretome_linked,IL12A,2,1,-0.2314
Oligo,all_secretome_linked,BCHE,2,-1,-0.2989
Oligo,all_secretome_linked,SERPINI1,1,1,0.1771
Oligo,all_secretome_linked,TNFSF10,1,1,0.1576
Oligo,all_secretome_linked,CHRD,3,-1,0.1238
Oligo,all_secretome_linked,KNG1,1,1,-0.5512
Oligo,all_secretome_linked,ST6GAL1,29,-1,0.081
Oligo,all_secretome_linked,MASP1,2,1,0.1677
Oligo,all_secretome_linked,SST,1,-1,-0.0586
Oligo,all_secretome_linked,IL1RAP,12,-1,0.0281
Oligo,all_secretome_linked,UTS2B,7,1,-0.1031
Oligo,all_secretome_linked,APOD,3,1,0.2782
Oligo,all_secretome_linked,MUC20,3,-1,0.253
Oligo,all_secretome_linked,TFRC,1,-1,0.024
Oligo,all_secretome_linked,FBXO45,1,-1,-0.1299
Oligo,all_secretome_linked,SPON2,11,-1,-0.0306
Oligo,all_secretome_linked,FGFR3,2,-1,0.2876
Oligo,all_secretome_linked,C4orf48,1,1,0.0921
Oligo,all_secretome_linked,CYTL1,2,1,-0.2651
Oligo,all_secretome_linked,MAN2B2,1,1,-0.0008
Oligo,all_secretome_linked,C1QTNF7,20,-1,0.0959
Oligo,all_secretome_linked,SLIT2,2,1,0.2743
Oligo,all_secretome_linked,SOD3,1,-1,-0.2038
Oligo,all_secretome_linked,LGI2,2,1,-0.117
Oligo,all_secretome_linked,SMIM20,1,1,-0.0603
Oligo,all_secretome_linked,CORIN,10,1,-0.0421
Oligo,all_secretome_linked,KDR,2,1,-0.0656
Oligo,all_secretome_linked,NMU,1,1,-0.1297
Oligo,all_secretome_linked,IGFBP7,1,1,0.1667
Oligo,all_secretome_linked,TMPRSS11D,1,1,0.5422
Oligo,all_secretome_linked,ADAMTS3,1,-1,0.1982
Oligo,all_secretome_linked,ALB,1,1,0.4998
Oligo,all_secretome_linked,BTC,1,-1,0.2952
Oligo,all_secretome_linked,ANTXR2,1,1,0.5836
Oligo,all_secretome_linked,FGF5,1,-1,0.0872
Oligo,all_secretome_linked,HPSE,2,1,-0.2483
Oligo,all_secretome_linked,SPARCL1,3,-1,-0.1538
Oligo,all_secretome_linked,MEPE,1,1,0.1894
Oligo,all_secretome_linked,SPP1,4,1,0.2766
Oligo,all_secretome_linked,PKD2,8,-1,0.0382
Oligo,all_secretome_linked,SNCA,1,1,0.4734
Oligo,all_secretome_linked,NPNT,1,1,-0.214
Oligo,all_secretome_linked,AIMP1,1,1,-0.0187
Oligo,all_secretome_linked,DKK2,21,-1,0.1146
Oligo,all_secretome_linked,COL25A1,30,-1,0.0337
Oligo,all_secretome_linked,PLA2G12A,1,1,-0.0396
Oligo,all_secretome_linked,ARSJ,1,1,-0.0851
Oligo,all_secretome_linked,PRSS12,1,-1,0.0625
Oligo,all_secretome_linked,NDNF,2,-1,0.2067
Oligo,all_secretome_linked,FGF2,1,-1,-0.0363
Oligo,all_secretome_linked,ABHD18,1,-1,0.2733
Oligo,all_secretome_linked,PGRMC2,2,1,0.1289
Oligo,all_secretome_linked,IL15,9,1,-0.0863
Oligo,all_secretome_linked,FREM3,1,-1,0.2462
Oligo,all_secretome_linked,HHIP,2,-1,-0.1226
Oligo,all_secretome_linked,PRSS48,1,1,0.0255
Oligo,all_secretome_linked,SFRP2,3,-1,0.0983
Oligo,all_secretome_linked,PDGFC,2,-1,0.1111
Oligo,all_secretome_linked,FSTL5,1,1,0.2077
Oligo,all_secretome_linked,CPE,1,-1,-0.0972
Oligo,all_secretome_linked,TLL1,1,-1,0.071
Oligo,all_secretome_linked,SPOCK3,24,1,0.0802
Oligo,all_secretome_linked,HMGB2,1,1,0.1339
Oligo,all_secretome_linked,SCRG1,1,1,-0.0391
Oligo,all_secretome_linked,VEGFC,1,-1,-0.168
Oligo,all_secretome_linked,SNX25,3,-1,-0.1578
Oligo,all_secretome_linked,KLKB1,1,1,-0.5169
Oligo,all_secretome_linked,EXOC3-AS1,2,1,-0.0815
Oligo,all_secretome_linked,ADAMTS16,2,-1,0.0965
Oligo,all_secretome_linked,NSUN2,1,-1,-0.0855
Oligo,all_secretome_linked,PDZD2,1,1,0.093
Oligo,all_secretome_linked,ADAMTS12,2,-1,0.1311
Oligo,all_secretome_linked,C1QTNF3,2,-1,0.006
Oligo,all_secretome_linked,PRLR,28,1,-0.0934
Oligo,all_secretome_linked,IL7R,2,1,-0.1105
Oligo,all_secretome_linked,GDNF,4,1,0.3691
Oligo,all_secretome_linked,EGFLAM,25,-1,0.0954
Oligo,all_secretome_linked,LIFR,11,-1,0.0106
Oligo,all_secretome_linked,C6,2,-1,-0.1405
Oligo,all_secretome_linked,GHR,16,1,-0.0107
Oligo,all_secretome_linked,SELENOP,5,1,0.1394
Oligo,all_secretome_linked,CCL28,3,1,0.1161
Oligo,all_secretome_linked,FGF10,1,-1,-0.089
Oligo,all_secretome_linked,FST,4,1,-0.0796
Oligo,all_secretome_linked,IL6ST,5,-1,0.0004
Oligo,all_secretome_linked,ADAMTS6,2,-1,-0.144
Oligo,all_secretome_linked,CARTPT,1,-1,-0.0559
Oligo,all_secretome_linked,CRHBP,2,-1,-0.1212
Oligo,all_secretome_linked,AGGF1,1,-1,0.1005
Oligo,all_secretome_linked,ZBED3,1,1,-0.2962
Oligo,all_secretome_linked,THBS4,2,1,0.2669
Oligo,all_secretome_linked,VCAN,2,-1,-0.0106
Oligo,all_secretome_linked,HAPLN1,5,-1,-0.0601
Oligo,all_secretome_linked,EDIL3,2,1,0.1229
Oligo,all_secretome_linked,ARSK,1,1,0.1572
Oligo,all_secretome_linked,PCSK1,2,-1,0.3189
Oligo,all_secretome_linked,ERAP1,2,1,-0.0468
Oligo,all_secretome_linked,ERAP2,3,1,-0.0382
Oligo,all_secretome_linked,LNPEP,2,1,0.0097
Oligo,all_secretome_linked,ST8SIA4,2,-1,0.1593
Oligo,all_secretome_linked,PAM,2,-1,0.0037
Oligo,all_secretome_linked,LOX,1,1,-0.1406
Oligo,all_secretome_linked,FBN2,11,1,-0.0098
Oligo,all_secretome_linked,ADAMTS19,2,1,0.0085
Oligo,all_secretome_linked,GDF9,1,-1,-0.1013
Oligo,all_secretome_linked,LEAP2,1,-1,0.4089
Oligo,all_secretome_linked,FSTL4,1,-1,0.0939
Oligo,all_secretome_linked,CXCL14,1,-1,0.3229
Oligo,all_secretome_linked,SPOCK1,66,1,-0.0633
Oligo,all_secretome_linked,NRG2,33,-1,0.0367
Oligo,all_secretome_linked,HBEGF,1,-1,-0.101
Oligo,all_secretome_linked,CD14,2,1,-0.2222
Oligo,all_secretome_linked,PCDHA1,1,1,0.3814
Oligo,all_secretome_linked,PCDHA6,1,-1,0.206
Oligo,all_secretome_linked,PCDHA10,1,1,0.0502
Oligo,all_secretome_linked,PCDH12,2,1,-0.2191
Oligo,all_secretome_linked,NDFIP1,2,-1,0.0476
Oligo,all_secretome_linked,FGF1,19,1,-0.056
Oligo,all_secretome_linked,SPINK9,2,-1,-0.0658
Oligo,all_secretome_linked,PCYOX1L,2,-1,0.0837
Oligo,all_secretome_linked,ARSI,13,-1,0.2323
Oligo,all_secretome_linked,CD74,3,1,-0.2523
Oligo,all_secretome_linked,GPX3,2,1,-0.1282
Oligo,all_secretome_linked,SPARC,2,1,-0.3043
Oligo,all_secretome_linked,TIMD4,5,-1,-0.0577
Oligo,all_secretome_linked,C1QTNF2,1,-1,0.1103
Oligo,all_secretome_linked,SLIT3,92,-1,0.0442
Oligo,all_secretome_linked,STC2,3,-1,0.2463
Oligo,all_secretome_linked,ADAMTS2,1,1,0.229
Oligo,all_secretome_linked,SERPINB1,1,1,-0.0659
Oligo,all_secretome_linked,F13A1,1,-1,0.0766
Oligo,all_secretome_linked,LY86,2,1,-0.1739
Oligo,all_secretome_linked,BMP6,2,-1,-0.0237
Oligo,all_secretome_linked,EDN1,3,-1,-0.1046
Oligo,all_secretome_linked,GFOD1,24,-1,0.0996
Oligo,all_secretome_linked,KIAA0319,18,-1,0.1469
Oligo,all_secretome_linked,SCGN,1,1,-0.4006
Oligo,all_secretome_linked,GABBR1,2,-1,0.0306
Oligo,all_secretome_linked,HLA-E,2,1,-0.0483
Oligo,all_secretome_linked,DDR1,4,1,0.1007
Oligo,all_secretome_linked,SFTA2,5,1,-0.1635
Oligo,all_secretome_linked,HCG22,1,-1,0.1919
Oligo,all_secretome_linked,BAG6,1,1,0.2275
Oligo,all_secretome_linked,APOM,1,1,0.2275
Oligo,all_secretome_linked,LY6G5C,1,1,0.0994
Oligo,all_secretome_linked,HSPA1A,1,1,0.3841
Oligo,all_secretome_linked,C2,8,-1,-0.1785
Oligo,all_secretome_linked,CFB,1,1,-0.1228
Oligo,all_secretome_linked,TNXB,11,1,-0.1113
Oligo,all_secretome_linked,EGFL8,1,1,0.3313
Oligo,all_secretome_linked,COL11A2,3,-1,0.3182
Oligo,all_secretome_linked,CUTA,2,1,0.0621
Oligo,all_secretome_linked,SCUBE3,1,1,-0.0152
Oligo,all_secretome_linked,PI16,5,1,0.0478
Oligo,all_secretome_linked,TREM2,3,1,-0.2653
Oligo,all_secretome_linked,PTK7,1,-1,0.2979
Oligo,all_secretome_linked,VEGFA,1,-1,0.095
Oligo,all_secretome_linked,HSP90AB1,1,1,0.1511
Oligo,all_secretome_linked,ENPP5,2,-1,0.0683
Oligo,all_secretome_linked,PLA2G7,2,1,0.0713
Oligo,all_secretome_linked,COL21A1,15,-1,0.1972
Oligo,all_secretome_linked,EYS,16,1,0.0133
Oligo,all_secretome_linked,COL19A1,3,-1,0.2857
Oligo,all_secretome_linked,COL9A1,5,-1,0.0282
Oligo,all_secretome_linked,COL12A1,5,1,-0.0514
Oligo,all_secretome_linked,PRSS35,1,-1,-0.0334
Oligo,all_secretome_linked,CD164,2,1,0.266
Oligo,all_secretome_linked,METTL24,1,-1,0.3845
Oligo,all_secretome_linked,LAMA4,2,-1,0.4922
Oligo,all_secretome_linked,SMPDL3A,1,1,0.4678
Oligo,all_secretome_linked,RSPO3,1,-1,-0.0729
Oligo,all_secretome_linked,LAMA2,1,-1,-0.1704
Oligo,all_secretome_linked,ENPP3,2,1,0.124
Oligo,all_secretome_linked,ENPP1,1,1,0.2117
Oligo,all_secretome_linked,CCN2,1,1,0.286
Oligo,all_secretome_linked,FUCA2,1,-1,-0.1085
Oligo,all_secretome_linked,RAET1E,3,-1,0.1739
Oligo,all_secretome_linked,VIP,2,-1,-0.1105
Oligo,all_secretome_linked,FNDC1,1,-1,0.263
Oligo,all_secretome_linked,RNASET2,1,1,-0.2768
Oligo,all_secretome_linked,SMOC2,35,-1,0.1517
Oligo,all_secretome_linked,THBS2,2,1,0.2227
Oligo,all_secretome_linked,C6orf120,2,-1,0.1324
Oligo,all_secretome_linked,FAM20C,1,1,0.0847
Oligo,all_secretome_linked,PDGFA,2,-1,-0.1652
Oligo,all_secretome_linked,RBAKDN,1,1,-0.5648
Oligo,all_secretome_linked,NXPH1,48,-1,0.0033
Oligo,all_secretome_linked,THSD7A,1,-1,-0.1225
Oligo,all_secretome_linked,VWDE,1,-1,-0.0669
Oligo,all_secretome_linked,SOSTDC1,14,1,0.0516
Oligo,all_secretome_linked,CCDC126,1,1,0.1573
Oligo,all_secretome_linked,NPY,3,-1,-0.0717
Oligo,all_secretome_linked,HNRNPA2B1,1,1,0.1822
Oligo,all_secretome_linked,CRHR2,4,-1,0.096
Oligo,all_secretome_linked,BMPER,1,1,-0.2381
Oligo,all_secretome_linked,AOAH,2,-1,0.2917
Oligo,all_secretome_linked,EPDR1,27,-1,0.1379
Oligo,all_secretome_linked,SFRP4,1,-1,-0.0532
Oligo,all_secretome_linked,INHBA,3,1,0.1275
Oligo,all_secretome_linked,AEBP1,6,1,-0.2007
Oligo,all_secretome_linked,PPIA,1,-1,-0.1482
Oligo,all_secretome_linked,IGFBP3,3,1,0.0636
Oligo,all_secretome_linked,VWC2,1,-1,0.0066
Oligo,all_secretome_linked,ZPBP,1,1,-0.5494
Oligo,all_secretome_linked,VSTM2A,2,-1,-0.0298
Oligo,all_secretome_linked,EGFR,44,-1,0.0625
Oligo,all_secretome_linked,STX1A,4,-1,0.0319
Oligo,all_secretome_linked,ELN,1,1,0.1522
Oligo,all_secretome_linked,SSC4D,2,-1,0.2145
Oligo,all_secretome_linked,ZP3,10,-1,0.105
Oligo,all_secretome_linked,FGL2,2,1,-0.0739
Oligo,all_secretome_linked,SEMA3C,2,1,0.0488
Oligo,all_secretome_linked,HGF,1,1,0.0757
Oligo,all_secretome_linked,SEMA3E,1,1,0.1448
Oligo,all_secretome_linked,SEMA3A,2,-1,-0.3141
Oligo,all_secretome_linked,SEMA3D,7,1,0.0354
Oligo,all_secretome_linked,COL1A2,1,1,-0.6256
Oligo,all_secretome_linked,PON1,1,1,-0.1134
Oligo,all_secretome_linked,PON3,1,1,-0.3226
Oligo,all_secretome_linked,PON2,1,1,0.1291
Oligo,all_secretome_linked,TAC1,2,-1,0.2255
Oligo,all_secretome_linked,NPTX2,1,1,0.5713
Oligo,all_secretome_linked,AZGP1,1,1,0.8708
Oligo,all_secretome_linked,CNPY4,1,1,0.1187
Oligo,all_secretome_linked,GPC2,2,-1,0.1088
Oligo,all_secretome_linked,PILRA,2,1,-0.0049
Oligo,all_secretome_linked,ACHE,1,1,-0.0232
Oligo,all_secretome_linked,SERPINE1,1,1,-0.0168
Oligo,all_secretome_linked,VGF,3,1,-0.0747
Oligo,all_secretome_linked,PLOD3,1,1,0.1937
Oligo,all_secretome_linked,COL26A1,1,-1,0.2156
Oligo,all_secretome_linked,LRRC17,2,-1,0.0755
Oligo,all_secretome_linked,RELN,1,1,-0.0425
Oligo,all_secretome_linked,NAMPT,1,1,0.2035
Oligo,all_secretome_linked,LAMB1,1,-1,0.1842
Oligo,all_secretome_linked,NRCAM,51,-1,0.0855
Oligo,all_secretome_linked,MDFIC,1,1,-0.6384
Oligo,all_secretome_linked,MET,9,1,0.1364
Oligo,all_secretome_linked,WNT2,1,-1,0.2404
Oligo,all_secretome_linked,FAM3C,2,1,0.1725
Oligo,all_secretome_linked,PTPRZ1,1,-1,0.172
Oligo,all_secretome_linked,HILPDA,2,1,0.0378
Oligo,all_secretome_linked,CALU,1,-1,-0.0748
Oligo,all_secretome_linked,KCP,2,1,-0.2516
Oligo,all_secretome_linked,CPA4,1,-1,-0.2569
Oligo,all_secretome_linked,PTN,1,-1,0.1588
Oligo,all_secretome_linked,EPHB6,1,-1,0.044
Oligo,all_secretome_linked,LLCFC1,1,-1,0.0356
Oligo,all_secretome_linked,PIP,1,1,0.0027
Oligo,all_secretome_linked,RARRES2,1,1,-0.1587
Oligo,all_secretome_linked,ANGPT2,1,1,-0.3241
Oligo,all_secretome_linked,PRSS51,5,-1,0.2229
Oligo,all_secretome_linked,CTSB,1,-1,-0.088
Oligo,all_secretome_linked,FGF20,1,-1,0.2993
Oligo,all_secretome_linked,PDGFRL,2,-1,0.1071
Oligo,all_secretome_linked,ASAH1,2,1,0.1451
Oligo,all_secretome_linked,LPL,1,1,0.0774
Oligo,all_secretome_linked,LGI3,2,1,0.3357
Oligo,all_secretome_linked,SFTPC,1,1,0.0347
Oligo,all_secretome_linked,BMP1,1,1,0.2976
Oligo,all_secretome_linked,PEBP4,1,1,0.4635
Oligo,all_secretome_linked,LOXL2,1,1,0.1583
Oligo,all_secretome_linked,ADAM28,2,1,-0.2157
Oligo,all_secretome_linked,CLU,2,1,0.2463
Oligo,all_secretome_linked,NRG1,89,-1,0.0278
Oligo,all_secretome_linked,ADAM9,1,-1,-0.2089
Oligo,all_secretome_linked,SFRP1,1,1,0.1165
Oligo,all_secretome_linked,PLAT,3,-1,0.0093
Oligo,all_secretome_linked,PXDNL,2,1,0.0203
Oligo,all_secretome_linked,PENK,3,-1,0.5686
Oligo,all_secretome_linked,SDCBP,2,-1,-0.3562
Oligo,all_secretome_linked,GGH,1,1,-0.0152
Oligo,all_secretome_linked,CRH,2,-1,0.4099
Oligo,all_secretome_linked,CPA6,3,-1,-0.1522
Oligo,all_secretome_linked,SULF1,6,-1,0.1355
Oligo,all_secretome_linked,SBSPON,1,-1,0.2436
Oligo,all_secretome_linked,LY96,1,1,-0.0443
Oligo,all_secretome_linked,PI15,1,-1,-0.067
Oligo,all_secretome_linked,CRISPLD1,2,-1,0.2111
Oligo,all_secretome_linked,IL7,2,1,-0.2205
Oligo,all_secretome_linked,FABP5,1,1,0.0114
Oligo,all_secretome_linked,MMP16,1,-1,-0.0866
Oligo,all_secretome_linked,CPQ,1,1,0.3589
Oligo,all_secretome_linked,MATN2,6,1,0.0961
Oligo,all_secretome_linked,CTHRC1,2,1,-0.191
Oligo,all_secretome_linked,RSPO2,2,1,-0.363
Oligo,all_secretome_linked,TNFRSF11B,1,1,-0.0455
Oligo,all_secretome_linked,CCN3,1,1,-0.1797
Oligo,all_secretome_linked,ENPP2,21,-1,0.0383
Oligo,all_secretome_linked,COL14A1,14,1,-0.045
Oligo,all_secretome_linked,TG,31,-1,-0.0031
Oligo,all_secretome_linked,ST3GAL1,1,1,0.2561
Oligo,all_secretome_linked,COL22A1,8,-1,-0.083
Oligo,all_secretome_linked,ADGRB1,9,-1,0.0287
Oligo,all_secretome_linked,THEM6,1,1,0.052
Oligo,all_secretome_linked,GSDMD,2,1,-0.4238
Oligo,all_secretome_linked,INSL6,1,1,-0.2199
Oligo,all_secretome_linked,RLN1,1,-1,0.1662
Oligo,all_secretome_linked,CD274,2,1,0.1487
Oligo,all_secretome_linked,PDCD1LG2,4,1,-0.1983
Oligo,all_secretome_linked,IL33,9,-1,-0.1612
Oligo,all_secretome_linked,FREM1,16,-1,0.1129
Oligo,all_secretome_linked,ADAMTSL1,46,-1,0.0851
Oligo,all_secretome_linked,IFNA2,1,-1,-0.1341
Oligo,all_secretome_linked,TEK,1,-1,0.4207
Oligo,all_secretome_linked,C9orf72,1,-1,-0.1384
Oligo,all_secretome_linked,B4GALT1,1,-1,-0.1012
Oligo,all_secretome_linked,PRSS3,12,1,-0.2279
Oligo,all_secretome_linked,ENHO,1,-1,-0.1218
Oligo,all_secretome_linked,IL11RA,2,1,0.1868
Oligo,all_secretome_linked,IGFBPL1,1,-1,0.2926
Oligo,all_secretome_linked,MAMDC2,1,1,0.0235
Oligo,all_secretome_linked,ANXA1,5,1,-0.0729
Oligo,all_secretome_linked,PCSK5,1,-1,-0.2379
Oligo,all_secretome_linked,CTSL,1,1,0.1603
Oligo,all_secretome_linked,OGN,1,1,0.1923
Oligo,all_secretome_linked,ASPN,2,1,-0.3674
Oligo,all_secretome_linked,ECM2,4,1,-0.0011
Oligo,all_secretome_linked,NINJ1,3,1,0.2024
Oligo,all_secretome_linked,COL15A1,1,-1,0.026
Oligo,all_secretome_linked,TXN,1,1,0.0572
Oligo,all_secretome_linked,SVEP1,1,-1,0.1186
Oligo,all_secretome_linked,COL27A1,2,1,0.0222
Oligo,all_secretome_linked,TNC,6,1,-0.0365
Oligo,all_secretome_linked,PAPPA,2,1,-0.0071
Oligo,all_secretome_linked,GSN,31,1,0.0182
Oligo,all_secretome_linked,CRB2,5,1,0.2856
Oligo,all_secretome_linked,OLFML2A,9,-1,0.2301
Oligo,all_secretome_linked,ANGPTL2,1,-1,-0.2624
Oligo,all_secretome_linked,TOR2A,1,-1,0.0325
Oligo,all_secretome_linked,HMCN2,9,-1,0.2324
Oligo,all_secretome_linked,LAMC3,1,1,-0.2277
Oligo,all_secretome_linked,CEL,3,1,-0.2849
Oligo,all_secretome_linked,ADAMTS13,5,-1,0.2944
Oligo,all_secretome_linked,ADAMTSL2,2,-1,0.1934
Oligo,all_secretome_linked,COL5A1,1,1,-0.2982
Oligo,all_secretome_linked,OLFM1,4,-1,0.1981
Oligo,all_secretome_linked,LCN1,1,1,-0.2601
Oligo,all_secretome_linked,QSOX2,2,-1,0.1754
Oligo,all_secretome_linked,EGFL7,2,-1,0.3307
Oligo,all_secretome_linked,LCN15,1,-1,0.3315
Oligo,all_secretome_linked,LCN12,2,-1,0.2591
Oligo,all_secretome_linked,PTGDS,2,1,0.0979
Oligo,all_secretome_linked,DPP7,2,1,-0.1704
Oligo,all_secretome_linked,ITIH5,9,1,-0.022
Oligo,all_secretome_linked,CCDC3,19,1,-0.0249
Oligo,all_secretome_linked,CDNF,2,1,0.1451
Oligo,all_secretome_linked,C1QL3,1,-1,0.24
Oligo,all_secretome_linked,NRP1,1,-1,-0.3126
Oligo,all_secretome_linked,CXCL12,2,1,0.4398
Oligo,all_secretome_linked,GDF10,2,-1,-0.0799
Oligo,all_secretome_linked,RBP3,2,-1,-0.0761
Oligo,all_secretome_linked,VSTM4,2,-1,0.0322
Oligo,all_secretome_linked,ASAH2,2,1,0.0181
Oligo,all_secretome_linked,PCDH15,3,-1,0.0052
Oligo,all_secretome_linked,SRGN,3,1,-0.1696
Oligo,all_secretome_linked,NODAL,1,1,-0.2993
Oligo,all_secretome_linked,ADAMTS14,3,1,0.4432
Oligo,all_secretome_linked,PSAP,2,1,0.227
Oligo,all_secretome_linked,SPOCK2,2,1,-0.3072
Oligo,all_secretome_linked,SFTPD,1,1,-0.0311
Oligo,all_secretome_linked,PLAC9,3,1,-0.1998
Oligo,all_secretome_linked,PRXL2A,6,-1,-0.0405
Oligo,all_secretome_linked,NRG3,169,-1,0.0698
Oligo,all_secretome_linked,MMRN2,2,1,-0.1939
Oligo,all_secretome_linked,MINPP1,2,-1,0.1639
Oligo,all_secretome_linked,PTEN,1,-1,-0.1695
Oligo,all_secretome_linked,RNLS,1,1,-0.1066
Oligo,all_secretome_linked,FAS,1,-1,0.2355
Oligo,all_secretome_linked,FGFBP3,1,1,0.0616
Oligo,all_secretome_linked,IDE,10,-1,0.0653
Oligo,all_secretome_linked,RBP4,2,1,-0.204
Oligo,all_secretome_linked,LGI1,2,-1,0.1037
Oligo,all_secretome_linked,TLL2,1,-1,-0.1174
Oligo,all_secretome_linked,SLIT1,2,-1,0.2869
Oligo,all_secretome_linked,CRTAC1,3,-1,0.0992
Oligo,all_secretome_linked,LOXL4,2,1,0.0751
Oligo,all_secretome_linked,HPSE2,35,-1,0.0054
Oligo,all_secretome_linked,WNT8B,1,-1,0.1056
Oligo,all_secretome_linked,CASP7,7,-1,-0.0921
Oligo,all_secretome_linked,FGFR2,18,-1,0.007
Oligo,all_secretome_linked,HTRA1,3,1,0.036
Oligo,all_secretome_linked,DMBT1,1,-1,0.4895
Oligo,all_secretome_linked,FAM24B,1,-1,0.1732
Oligo,all_secretome_linked,CPXM2,2,-1,-0.0266
Oligo,all_secretome_linked,MMP21,2,1,0.0056
Oligo,all_secretome_linked,ADAM12,2,-1,-0.1405
Oligo,all_secretome_linked,DEAF1,2,1,0.2514
Oligo,all_secretome_linked,GATD1,1,-1,0.0322
Oligo,all_secretome_linked,CHID1,3,1,-0.1541
Oligo,all_secretome_linked,CTSD,1,1,0.0213
Oligo,all_secretome_linked,MMP26,3,-1,0.0447
Oligo,all_secretome_linked,SMPD1,1,1,0.31
Oligo,all_secretome_linked,HPX,2,-1,0.2633
Oligo,all_secretome_linked,OLFML1,3,1,0.1438
Oligo,all_secretome_linked,TUB,22,-1,0.0488
Oligo,all_secretome_linked,SCUBE2,1,1,-0.3468
Oligo,all_secretome_linked,MTRNR2L8,1,-1,0.2082
Oligo,all_secretome_linked,DKK3,2,1,-0.1779
Oligo,all_secretome_linked,SPON1,1,-1,-0.0212
Oligo,all_secretome_linked,CALCB,6,-1,-0.0046
Oligo,all_secretome_linked,NUCB2,1,-1,-0.1373
Oligo,all_secretome_linked,NELL1,2,-1,0.3697
Oligo,all_secretome_linked,LUZP2,27,1,0.0851
Oligo,all_secretome_linked,FIBIN,3,1,0.0222
Oligo,all_secretome_linked,BDNF,15,1,-0.0942
Oligo,all_secretome_linked,CD59,5,1,-0.0366
Oligo,all_secretome_linked,CD44,13,1,0.0574
Oligo,all_secretome_linked,PAMR1,12,-1,0.096
Oligo,all_secretome_linked,FJX1,2,1,0.1665
Oligo,all_secretome_linked,EXT2,2,-1,0.0788
Oligo,all_secretome_linked,MDK,1,1,-0.1566
Oligo,all_secretome_linked,F2,1,-1,0.3997
Oligo,all_secretome_linked,C1QTNF4,3,-1,0.0363
Oligo,all_secretome_linked,PTPRJ,1,-1,0.0784
Oligo,all_secretome_linked,SERPING1,1,1,-0.2465
Oligo,all_secretome_linked,MS4A13,1,1,0.1065
Oligo,all_secretome_linked,VWCE,6,1,-0.2216
Oligo,all_secretome_linked,FLRT1,2,1,-0.2813
Oligo,all_secretome_linked,VEGFB,2,1,0.1419
Oligo,all_secretome_linked,LTBP3,4,1,0.172
Oligo,all_secretome_linked,EFEMP2,1,-1,-0.0187
Oligo,all_secretome_linked,DEFB131B,1,1,0.0849
Oligo,all_secretome_linked,IL18BP,2,1,-0.0245
Oligo,all_secretome_linked,FOLR2,2,1,-0.2185
Oligo,all_secretome_linked,CHRDL2,1,-1,0.1988
Oligo,all_secretome_linked,WNT11,2,-1,-0.0122
Oligo,all_secretome_linked,PRSS23,1,-1,0.6536
Oligo,all_secretome_linked,ENDOD1,1,1,0.0702
Oligo,all_secretome_linked,ANGPTL5,1,-1,-0.0781
Oligo,all_secretome_linked,PDGFD,1,1,0.1176
Oligo,all_secretome_linked,CASP4,3,1,-0.0865
Oligo,all_secretome_linked,CRYAB,5,1,0.0888
Oligo,all_secretome_linked,IL18,1,1,-0.1652
Oligo,all_secretome_linked,NCAM1,1,1,0.1205
Oligo,all_secretome_linked,APOA1,1,-1,0.2242
Oligo,all_secretome_linked,TMEM25,1,1,-0.1674
Oligo,all_secretome_linked,NECTIN1,2,1,0.0369
Oligo,all_secretome_linked,OAF,1,1,0.1335
Oligo,all_secretome_linked,TECTA,3,-1,0.1534
Oligo,all_secretome_linked,SORL1,45,1,-0.0088
Oligo,all_secretome_linked,ST3GAL4,15,-1,0.0114
Oligo,all_secretome_linked,KIRREL3,1,1,0.0184
Oligo,all_secretome_linked,ADAMTS8,2,1,-0.0231
Oligo,all_secretome_linked,JAM3,1,-1,-0.0568
Oligo,all_secretome_linked,GLB1L2,1,-1,-0.0847
Oligo,all_secretome_linked,B3GAT1,9,1,-0.0103
Oligo,all_secretome_linked,WNT5B,17,-1,0.1124
Oligo,all_secretome_linked,TULP3,1,1,0.1266
Oligo,all_secretome_linked,NTF3,21,-1,-0.0123
Oligo,all_secretome_linked,VWF,2,1,-0.1621
Oligo,all_secretome_linked,CD9,11,1,-0.0121
Oligo,all_secretome_linked,TNFRSF1A,2,-1,0.2361
Oligo,all_secretome_linked,ACRBP,1,1,-0.2178
Oligo,all_secretome_linked,C1S,15,1,-0.1221
Oligo,all_secretome_linked,C1R,2,1,0.0314
Oligo,all_secretome_linked,C1RL,1,1,-0.4808
Oligo,all_secretome_linked,CD163L1,1,-1,0.5129
Oligo,all_secretome_linked,CD163,1,1,0.338
Oligo,all_secretome_linked,MFAP5,2,1,-0.0721
Oligo,all_secretome_linked,A2ML1,6,1,-0.0598
Oligo,all_secretome_linked,A2M,3,1,0.1913
Oligo,all_secretome_linked,OLR1,3,1,0.1876
Oligo,all_secretome_linked,PRR4,1,-1,-0.1129
Oligo,all_secretome_linked,PRH2,1,1,-0.0219
Oligo,all_secretome_linked,PRB1,2,1,-0.1324
Oligo,all_secretome_linked,PRB2,1,-1,0.32
Oligo,all_secretome_linked,ART4,2,-1,0.0219
Oligo,all_secretome_linked,MGP,4,1,-0.0513
Oligo,all_secretome_linked,IAPP,3,1,-0.0541
Oligo,all_secretome_linked,SPX,2,1,0.2709
Oligo,all_secretome_linked,PTHLH,1,-1,0.0279
Oligo,all_secretome_linked,OVCH1,1,1,0.1269
Oligo,all_secretome_linked,ADAMTS20,2,-1,0.1255
Oligo,all_secretome_linked,NELL2,3,-1,0.1936
Oligo,all_secretome_linked,ENDOU,2,-1,0.1463
Oligo,all_secretome_linked,WNT10B,2,-1,0.6563
Oligo,all_secretome_linked,IGFBP6,1,-1,0.4897
Oligo,all_secretome_linked,NPFF,1,1,-0.2555
Oligo,all_secretome_linked,CD63,1,1,0.2067
Oligo,all_secretome_linked,GDF11,2,1,0.1736
Oligo,all_secretome_linked,MMP19,1,1,-0.2056
Oligo,all_secretome_linked,PMEL,1,1,0.0312
Oligo,all_secretome_linked,ERBB3,3,1,0.033
Oligo,all_secretome_linked,IL23A,2,-1,0.4406
Oligo,all_secretome_linked,TAC3,6,-1,0.0077
Oligo,all_secretome_linked,WIF1,1,-1,0.0538
Oligo,all_secretome_linked,IL26,1,1,-0.3346
Oligo,all_secretome_linked,LYZ,1,1,-0.0204
Oligo,all_secretome_linked,PTPRR,20,-1,-0.0046
Oligo,all_secretome_linked,GLIPR1L1,5,1,-0.109
Oligo,all_secretome_linked,OTOGL,15,-1,0.0279
Oligo,all_secretome_linked,NTS,2,1,-0.0861
Oligo,all_secretome_linked,KITLG,1,-1,0.306
Oligo,all_secretome_linked,DCN,2,1,-0.0538
Oligo,all_secretome_linked,NTN4,1,-1,0.2058
Oligo,all_secretome_linked,IGF1,2,1,0.0284
Oligo,all_secretome_linked,DAO,4,-1,0.0629
Oligo,all_secretome_linked,TCTN1,1,-1,-0.341
Oligo,all_secretome_linked,GLT1D1,3,-1,0.1123
Oligo,all_secretome_linked,MMP17,5,-1,0.0318
Oligo,all_secretome_linked,IL17D,1,-1,0.1342
Oligo,all_secretome_linked,FGF9,1,-1,-0.0999
Oligo,all_secretome_linked,C1QTNF9B,3,-1,0.1532
Oligo,all_secretome_linked,C1QTNF9,2,1,-0.3896
Oligo,all_secretome_linked,FLT1,35,1,-0.0256
Oligo,all_secretome_linked,HMGB1,21,1,-0.0816
Oligo,all_secretome_linked,KL,2,-1,0.2402
Oligo,all_secretome_linked,NHLRC3,1,1,0.1422
Oligo,all_secretome_linked,ENOX1,2,1,0.06
Oligo,all_secretome_linked,ITM2B,3,1,0.0832
Oligo,all_secretome_linked,SERPINE3,3,-1,-0.0397
Oligo,all_secretome_linked,THSD1,4,1,-0.0458
Oligo,all_secretome_linked,CNMD,2,1,0.0985
Oligo,all_secretome_linked,PIBF1,1,-1,-0.0079
Oligo,all_secretome_linked,CLN5,1,1,0.1733
Oligo,all_secretome_linked,SLITRK1,3,-1,0.1101
Oligo,all_secretome_linked,GPC5,35,1,-0.0968
Oligo,all_secretome_linked,GPC6,89,1,0.0061
Oligo,all_secretome_linked,ITGBL1,4,1,-0.1836
Oligo,all_secretome_linked,TNFSF13B,3,-1,-0.0119
Oligo,all_secretome_linked,COL4A1,1,-1,-0.2442
Oligo,all_secretome_linked,COL4A2,1,-1,-0.2442
Oligo,all_secretome_linked,F10,3,1,-0.2095
Oligo,all_secretome_linked,GAS6,2,1,-0.1958
Oligo,all_secretome_linked,ANG,2,1,0.0602
Oligo,all_secretome_linked,RNASE4,2,1,0.0602
Oligo,all_secretome_linked,RNASE6,2,1,-0.1057
Oligo,all_secretome_linked,RNASE1,3,1,0.2725
Oligo,all_secretome_linked,C14orf93,1,1,0.2561
Oligo,all_secretome_linked,DHRS4L2,9,-1,0.0082
Oligo,all_secretome_linked,COCH,1,1,-0.2011
Oligo,all_secretome_linked,FAM177A1,2,1,0.1373
Oligo,all_secretome_linked,TMX1,1,1,0.2807
Oligo,all_secretome_linked,NID2,1,-1,0.264
Oligo,all_secretome_linked,TXNDC16,1,-1,-0.1616
Oligo,all_secretome_linked,ERO1A,1,-1,-0.2048
Oligo,all_secretome_linked,LGALS3,1,1,0.0108
Oligo,all_secretome_linked,SMOC1,3,-1,0.1468
Oligo,all_secretome_linked,PAPLN,5,1,-0.0515
Oligo,all_secretome_linked,ENTPD5,1,1,-0.0614
Oligo,all_secretome_linked,NPC2,1,1,0.1421
Oligo,all_secretome_linked,LTBP2,1,1,-0.0016
Oligo,all_secretome_linked,PGF,3,1,-0.2336
Oligo,all_secretome_linked,TGFB3,3,1,0.2028
Oligo,all_secretome_linked,VASH1,6,-1,0.0879
Oligo,all_secretome_linked,ISM2,1,1,-0.5007
Oligo,all_secretome_linked,FLRT2,4,-1,-0.1559
Oligo,all_secretome_linked,FBLN5,2,-1,0.5658
Oligo,all_secretome_linked,CHGA,2,-1,-0.1127
Oligo,all_secretome_linked,SERPINA1,2,1,-0.1798
Oligo,all_secretome_linked,SERPINA5,5,-1,0.0432
Oligo,all_secretome_linked,SERPINA3,1,1,-0.1334
Oligo,all_secretome_linked,HHIPL1,2,-1,0.3522
Oligo,all_secretome_linked,WDR25,3,1,-0.0474
Oligo,all_secretome_linked,AMN,1,-1,0.7025
Oligo,all_secretome_linked,SCG5,2,-1,0.2158
Oligo,all_secretome_linked,GREM1,1,1,0.174
Oligo,all_secretome_linked,THBS1,2,-1,0.0951
Oligo,all_secretome_linked,B2M,2,1,0.3792
Oligo,all_secretome_linked,SORD,6,1,-0.1674
Oligo,all_secretome_linked,FBN1,1,-1,-0.197
Oligo,all_secretome_linked,FGF7,2,-1,-0.0382
Oligo,all_secretome_linked,GLDN,8,-1,-0.0747
Oligo,all_secretome_linked,SCG3,1,1,-0.3323
Oligo,all_secretome_linked,LIPC,6,1,-0.2654
Oligo,all_secretome_linked,ANXA2,1,1,-0.3043
Oligo,all_secretome_linked,PPIB,1,1,0.1118
Oligo,all_secretome_linked,CILP,1,1,-0.5624
Oligo,all_secretome_linked,C15orf61,1,1,-0.0113
Oligo,all_secretome_linked,SPESP1,1,1,-0.1493
Oligo,all_secretome_linked,THSD4,62,-1,0.1044
Oligo,all_secretome_linked,ADPGK,10,1,-0.0736
Oligo,all_secretome_linked,LOXL1,3,-1,0.1708
Oligo,all_secretome_linked,ADAMTS7,1,1,0.1698
Oligo,all_secretome_linked,CEMIP,1,1,0.0667
Oligo,all_secretome_linked,IL16,24,1,-0.1218
Oligo,all_secretome_linked,ADAMTSL3,2,1,0.0572
Oligo,all_secretome_linked,NMB,1,1,0.095
Oligo,all_secretome_linked,ACAN,1,-1,-0.1973
Oligo,all_secretome_linked,MFGE8,2,1,0.613
Oligo,all_secretome_linked,NGRN,1,1,-0.0782
Oligo,all_secretome_linked,FURIN,5,1,-0.0629
Oligo,all_secretome_linked,ST8SIA2,2,-1,0.5539
Oligo,all_secretome_linked,RGMA,5,-1,0.2012
Oligo,all_secretome_linked,ADAMTS17,1,-1,-0.0115
Oligo,all_secretome_linked,CHSY1,1,-1,-0.0201
Oligo,all_secretome_linked,PCSK6,45,1,-0.0979
Oligo,all_secretome_linked,WFIKKN1,1,1,0.0413
Oligo,all_secretome_linked,METRN,2,1,-0.0449
Oligo,all_secretome_linked,GNPTG,1,1,0.1731
Oligo,all_secretome_linked,GFER,2,1,-0.1723
Oligo,all_secretome_linked,PKD1,2,-1,-0.1144
Oligo,all_secretome_linked,DNASE1L2,1,1,-0.5235
Oligo,all_secretome_linked,PRSS27,1,1,-0.1455
Oligo,all_secretome_linked,IL32,1,1,-0.4751
Oligo,all_secretome_linked,MTRNR2L4,1,1,-0.0132
Oligo,all_secretome_linked,DNASE1,2,1,-0.2956
Oligo,all_secretome_linked,VASN,5,1,-0.0841
Oligo,all_secretome_linked,C16orf89,1,-1,-0.318
Oligo,all_secretome_linked,XYLT1,1,1,0.0887
Oligo,all_secretome_linked,OTOA,3,-1,0.2761
Oligo,all_secretome_linked,VWA3A,8,1,-0.2145
Oligo,all_secretome_linked,IL4R,12,-1,0.0856
Oligo,all_secretome_linked,CTF1,2,1,-0.0021
Oligo,all_secretome_linked,PRSS53,1,-1,0.5372
Oligo,all_secretome_linked,ITFG1,1,-1,-0.3054
Oligo,all_secretome_linked,MMP2,13,1,-0.0389
Oligo,all_secretome_linked,CES5A,13,-1,0.1596
Oligo,all_secretome_linked,RSPRY1,1,-1,-0.2091
Oligo,all_secretome_linked,CX3CL1,1,-1,0.3646
Oligo,all_secretome_linked,ADGRG1,11,-1,-0.035
Oligo,all_secretome_linked,PRSS54,1,-1,0.0529
Oligo,all_secretome_linked,CKLF,2,1,0.2813
Oligo,all_secretome_linked,CES4A,4,1,0.0464
Oligo,all_secretome_linked,GFOD2,1,1,0.0477
Oligo,all_secretome_linked,NRN1L,2,1,-0.0335
Oligo,all_secretome_linked,LCAT,3,1,0.0077
Oligo,all_secretome_linked,PLA2G15,3,-1,-0.2621
Oligo,all_secretome_linked,ST3GAL2,11,1,-0.0793
Oligo,all_secretome_linked,IL34,14,1,-0.1347
Oligo,all_secretome_linked,CLEC18B,1,1,0.2031
Oligo,all_secretome_linked,ADAMTS18,1,-1,-0.0326
Oligo,all_secretome_linked,MBTPS1,1,1,0.1788
Oligo,all_secretome_linked,WFDC1,1,-1,0.2391
Oligo,all_secretome_linked,CRISPLD2,2,-1,0.0542
Oligo,all_secretome_linked,SERPINF2,4,1,-0.0574
Oligo,all_secretome_linked,SERPINF1,2,1,-0.3724
Oligo,all_secretome_linked,CYB5D2,1,-1,-0.1078
Oligo,all_secretome_linked,CXCL16,1,-1,0.0447
Oligo,all_secretome_linked,VMO1,1,1,-0.255
Oligo,all_secretome_linked,C1QBP,1,1,-0.1427
Oligo,all_secretome_linked,ASGR1,1,-1,0.1895
Oligo,all_secretome_linked,TNFSF12,1,1,0.027
Oligo,all_secretome_linked,TNFSF13,2,1,0.0859
Oligo,all_secretome_linked,SHBG,3,1,0.0085
Oligo,all_secretome_linked,NTN1,2,1,-0.3931
Oligo,all_secretome_linked,MTRNR2L1,2,-1,-1.2993
Oligo,all_secretome_linked,LGALS9,3,1,-0.2122
Oligo,all_secretome_linked,VTN,2,-1,0.1574
Oligo,all_secretome_linked,SDF2,1,1,-0.129
Oligo,all_secretome_linked,DHRS13,1,-1,0.0028
Oligo,all_secretome_linked,ABHD15,2,1,-0.1267
Oligo,all_secretome_linked,TMEM98,1,1,0.4575
Oligo,all_secretome_linked,SPACA3,3,1,-0.1915
Oligo,all_secretome_linked,CCL2,1,-1,0.6791
Oligo,all_secretome_linked,MMP28,2,-1,0.4778
Oligo,all_secretome_linked,CCL5,2,1,-0.1406
Oligo,all_secretome_linked,DHRS11,1,1,-0.3987
Oligo,all_secretome_linked,PLXDC1,2,-1,0.0779
Oligo,all_secretome_linked,IGFBP4,1,1,-0.1348
Oligo,all_secretome_linked,IFI35,1,1,0.0002
Oligo,all_secretome_linked,PYY,8,-1,0.1657
Oligo,all_secretome_linked,GRN,3,1,-0.1877
Oligo,all_secretome_linked,C1QL1,2,-1,-0.0742
Oligo,all_secretome_linked,MAPT,19,1,-0.1619
Oligo,all_secretome_linked,WNT3,1,-1,0.1262
Oligo,all_secretome_linked,NXPH3,2,-1,0.0432
Oligo,all_secretome_linked,XYLT2,1,-1,-0.0209
Oligo,all_secretome_linked,SPATA20,1,1,-0.0942
Oligo,all_secretome_linked,WFIKKN2,1,1,0.1534
Oligo,all_secretome_linked,CA10,3,-1,0.162
Oligo,all_secretome_linked,C17orf67,1,1,0.2894
Oligo,all_secretome_linked,SCPEP1,1,1,0.0631
Oligo,all_secretome_linked,RNF43,3,1,-0.0691
Oligo,all_secretome_linked,ACE,2,1,-0.4521
Oligo,all_secretome_linked,FAM20A,13,-1,0.2002
Oligo,all_secretome_linked,BTBD17,2,1,-0.1001
Oligo,all_secretome_linked,C17orf99,1,-1,-0.0234
Oligo,all_secretome_linked,TIMP2,18,1,0.0115
Oligo,all_secretome_linked,LGALS3BP,1,1,0.0735
Oligo,all_secretome_linked,CANT1,5,-1,0.1237
Oligo,all_secretome_linked,C1QTNF1,10,-1,0.0846
Oligo,all_secretome_linked,NPTX1,3,-1,0.0255
Oligo,all_secretome_linked,P4HB,1,1,0.3414
Oligo,all_secretome_linked,NPB,2,-1,0.3848
Oligo,all_secretome_linked,METRNL,1,1,0.0783
Oligo,all_secretome_linked,CLUL1,5,1,-0.0933
Oligo,all_secretome_linked,ADCYAP1,2,1,-0.1887
Oligo,all_secretome_linked,EMILIN2,3,-1,0.1631
Oligo,all_secretome_linked,LAMA1,25,-1,0.1088
Oligo,all_secretome_linked,TWSG1,1,-1,-0.1319
Oligo,all_secretome_linked,LAMA3,29,-1,0.0964
Oligo,all_secretome_linked,CHST9,8,-1,0.0765
Oligo,all_secretome_linked,TTR,8,-1,-0.0722
Oligo,all_secretome_linked,GALNT1,1,-1,0.5417
Oligo,all_secretome_linked,LIPG,4,-1,0.3091
Oligo,all_secretome_linked,C18orf54,1,-1,-0.0255
Oligo,all_secretome_linked,TCF4,89,-1,0.0342
Oligo,all_secretome_linked,GRP,3,1,-0.0919
Oligo,all_secretome_linked,CCBE1,36,-1,0.0962
Oligo,all_secretome_linked,HMSD,2,-1,-0.07
Oligo,all_secretome_linked,CBLN2,17,-1,0.0978
Oligo,all_secretome_linked,NETO1,2,-1,0.1463
Oligo,all_secretome_linked,CNDP1,1,-1,-0.2331
Oligo,all_secretome_linked,GZMM,2,1,-0.1669
Oligo,all_secretome_linked,FGF22,1,1,-0.0004
Oligo,all_secretome_linked,FSTL3,3,1,-0.3525
Oligo,all_secretome_linked,CFD,2,1,0.0664
Oligo,all_secretome_linked,IZUMO4,1,1,0.2354
Oligo,all_secretome_linked,AMH,1,1,-0.1165
Oligo,all_secretome_linked,MYDGF,2,1,0.0352
Oligo,all_secretome_linked,HSD11B1L,1,1,0.1457
Oligo,all_secretome_linked,NRTN,1,-1,1.1419
Oligo,all_secretome_linked,FUT6,2,-1,-0.0586
Oligo,all_secretome_linked,PSPN,2,-1,0.2615
Oligo,all_secretome_linked,C3,2,1,-0.2306
Oligo,all_secretome_linked,FBN3,2,-1,0.3141
Oligo,all_secretome_linked,ANGPTL4,2,1,-0.0837
Oligo,all_secretome_linked,ADAMTS10,4,-1,0.4158
Oligo,all_secretome_linked,OLFM2,19,-1,0.3956
Oligo,all_secretome_linked,COL5A3,2,-1,0.1825
Oligo,all_secretome_linked,EPOR,2,1,0.0386
Oligo,all_secretome_linked,MAN2B1,2,1,0.125
Oligo,all_secretome_linked,RTBDN,3,1,-0.0112
Oligo,all_secretome_linked,CALR,1,-1,-0.2085
Oligo,all_secretome_linked,DAND5,3,-1,0.2029
Oligo,all_secretome_linked,PODNL1,2,-1,-0.0429
Oligo,all_secretome_linked,SAMD1,1,1,0.1088
Oligo,all_secretome_linked,ADGRE5,1,-1,0.0768
Oligo,all_secretome_linked,ADGRE3,4,1,-0.0221
Oligo,all_secretome_linked,CPAMD8,2,-1,0.5797
Oligo,all_secretome_linked,IFI30,1,1,-0.3854
Oligo,all_secretome_linked,GDF15,2,1,-0.0483
Oligo,all_secretome_linked,CRLF1,2,-1,0.1449
Oligo,all_secretome_linked,NCAN,3,-1,0.3703
Oligo,all_secretome_linked,HAPLN4,1,-1,0.8415
Oligo,all_secretome_linked,GPI,1,-1,0.3323
Oligo,all_secretome_linked,SCGB2B2,13,-1,0.1253
Oligo,all_secretome_linked,SCN1B,2,1,0.1869
Oligo,all_secretome_linked,LGI4,1,1,-0.039
Oligo,all_secretome_linked,HAMP,3,1,-0.1169
Oligo,all_secretome_linked,DMKN,3,1,-0.1402
Oligo,all_secretome_linked,HSPB6,1,1,0.0835
Oligo,all_secretome_linked,CATSPERG,1,1,0.1295
Oligo,all_secretome_linked,CCER2,1,1,-0.0297
Oligo,all_secretome_linked,ACP7,1,-1,0.2839
Oligo,all_secretome_linked,FCGBP,6,1,-0.0786
Oligo,all_secretome_linked,LTBP4,7,-1,0.024
Oligo,all_secretome_linked,MIA,1,1,0.2745
Oligo,all_secretome_linked,TGFB1,2,1,-0.4543
Oligo,all_secretome_linked,CXCL17,1,1,-0.2003
Oligo,all_secretome_linked,CEACAM1,1,-1,0.1878
Oligo,all_secretome_linked,PSG8,9,1,0.0664
Oligo,all_secretome_linked,PSG1,2,-1,-0.0096
Oligo,all_secretome_linked,PSG6,1,1,-0.1275
Oligo,all_secretome_linked,PINLYP,2,1,0.2829
Oligo,all_secretome_linked,PLAUR,2,-1,0.3279
Oligo,all_secretome_linked,PVR,1,-1,0.2875
Oligo,all_secretome_linked,APOE,3,-1,0.0975
Oligo,all_secretome_linked,APOC1,2,1,-0.1315
Oligo,all_secretome_linked,APOC2,4,1,-0.1975
Oligo,all_secretome_linked,PGLYRP1,1,1,0.1445
Oligo,all_secretome_linked,IGFL4,7,-1,0.1958
Oligo,all_secretome_linked,IGFL3,3,-1,0.2166
Oligo,all_secretome_linked,FKRP,2,1,-0.0206
Oligo,all_secretome_linked,CA11,1,-1,-0.06
Oligo,all_secretome_linked,NTN5,1,1,-0.029
Oligo,all_secretome_linked,NUCB1,1,1,0.0718
Oligo,all_secretome_linked,FLT3LG,2,1,-0.3427
Oligo,all_secretome_linked,ADM5,1,-1,0.3525
Oligo,all_secretome_linked,IL4I1,9,-1,-0.0098
Oligo,all_secretome_linked,EMC10,2,1,-0.536
Oligo,all_secretome_linked,CLEC11A,2,1,0.1539
Oligo,all_secretome_linked,KLK6,1,1,0.1302
Oligo,all_secretome_linked,KLK7,2,-1,0.1341
Oligo,all_secretome_linked,KLK10,2,-1,0.2339
Oligo,all_secretome_linked,IGLON5,2,1,-0.3895
Oligo,all_secretome_linked,SIGLEC10,2,-1,0.1359
Oligo,all_secretome_linked,SSC5D,4,1,-0.0473
Oligo,all_secretome_linked,EDDM13,2,1,-0.1134
Oligo,all_secretome_linked,A1BG,1,1,-0.1771
Oligo,all_secretome_linked,RSPO4,2,-1,0.0512
Oligo,all_secretome_linked,PDYN,2,1,-0.3516
Oligo,all_secretome_linked,ATRN,1,-1,0.2073
Oligo,all_secretome_linked,C20orf27,2,1,-0.1254
Oligo,all_secretome_linked,CHGB,2,1,-0.0953
Oligo,all_secretome_linked,BMP2,3,1,0.3474
Oligo,all_secretome_linked,FLRT3,1,1,0.248
Oligo,all_secretome_linked,PCSK2,2,-1,0.0217
Oligo,all_secretome_linked,CST3,2,-1,0.0074
Oligo,all_secretome_linked,ENTPD6,1,1,0.0812
Oligo,all_secretome_linked,BPIFB1,2,-1,-0.0137
Oligo,all_secretome_linked,ASIP,11,1,-0.0644
Oligo,all_secretome_linked,MMP24,1,1,0.2035
Oligo,all_secretome_linked,GDF5,3,-1,0.1531
Oligo,all_secretome_linked,SOGA1,2,1,0.2104
Oligo,all_secretome_linked,VSTM2L,2,-1,0.4377
Oligo,all_secretome_linked,TGM2,1,1,-0.4901
Oligo,all_secretome_linked,BPI,5,-1,0.0558
Oligo,all_secretome_linked,CCN5,1,1,0.2882
Oligo,all_secretome_linked,MATN4,3,1,0.0986
Oligo,all_secretome_linked,SDC4,1,1,0.1358
Oligo,all_secretome_linked,WFDC2,2,1,-0.2694
Oligo,all_secretome_linked,WFDC10B,1,-1,0.0272
Oligo,all_secretome_linked,WFDC3,1,1,-0.0044
Oligo,all_secretome_linked,PLTP,1,1,-0.2807
Oligo,all_secretome_linked,CD40,1,1,-0.1842
Oligo,all_secretome_linked,SULF2,1,-1,0.5521
Oligo,all_secretome_linked,CBLN4,1,-1,0.1348
Oligo,all_secretome_linked,BMP7,1,-1,-0.146
Oligo,all_secretome_linked,GNAS,21,1,-0.0169
Oligo,all_secretome_linked,LAMA5,1,-1,0.7491
Oligo,all_secretome_linked,COL9A3,1,1,0.0118
Oligo,all_secretome_linked,TNFRSF6B,2,1,-0.0506
Oligo,all_secretome_linked,LIPI,1,1,0.278
Oligo,all_secretome_linked,CXADR,1,-1,-0.022
Oligo,all_secretome_linked,APP,8,-1,0.038
Oligo,all_secretome_linked,ADAMTS1,2,1,0.2345
Oligo,all_secretome_linked,ADAMTS5,1,1,0.4382
Oligo,all_secretome_linked,C21orf62,1,1,-0.097
Oligo,all_secretome_linked,IFNAR2,1,1,0.1861
Oligo,all_secretome_linked,DSCAM,90,-1,0.0559
Oligo,all_secretome_linked,ERVH48-1,2,1,-0.0546
Oligo,all_secretome_linked,COL18A1,14,-1,0.2887
Oligo,all_secretome_linked,COL6A1,1,1,0.2006
Oligo,all_secretome_linked,COL6A2,3,-1,0.0352
Oligo,all_secretome_linked,S100B,2,1,0.1959
Oligo,all_secretome_linked,IL17RA,1,1,0.0038
Oligo,all_secretome_linked,ADA2,5,-1,0.0927
Oligo,all_secretome_linked,C22orf39,1,1,0.0713
Oligo,all_secretome_linked,SERPIND1,4,-1,0.2892
Oligo,all_secretome_linked,IGLV10-54,1,-1,0.0246
Oligo,all_secretome_linked,IGLL1,1,-1,0.2917
Oligo,all_secretome_linked,MIF,1,1,0.0991
Oligo,all_secretome_linked,EMID1,1,-1,0.6749
Oligo,all_secretome_linked,TCN2,3,1,-0.0578
Oligo,all_secretome_linked,BPIFC,1,-1,-0.4282
Oligo,all_secretome_linked,TIMP3,3,1,-0.0109
Oligo,all_secretome_linked,C1QTNF6,2,1,-0.0252
Oligo,all_secretome_linked,LGALS1,1,1,-0.1219
Oligo,all_secretome_linked,PDGFB,4,-1,0.1688
Oligo,all_secretome_linked,CHADL,2,1,-0.0216
Oligo,all_secretome_linked,CCDC134,1,1,-0.0347
Oligo,all_secretome_linked,SCUBE1,2,-1,0.117
Oligo,all_secretome_linked,FBLN1,3,1,-0.075
Oligo,all_secretome_linked,WNT7B,5,-1,0.0303
Oligo,all_secretome_linked,TAFA5,61,1,0.0704
Oligo,all_secretome_linked,CSF2RA,5,-1,0.1704
Oligo,all_secretome_linked,DHRSX,2,-1,0.2476
Oligo,all_secretome_linked,ARSF,4,-1,0.0576
Oligo,all_secretome_linked,MXRA5,2,-1,-0.4255
Oligo,all_secretome_linked,ANOS1,1,-1,-0.1183
Oligo,all_secretome_linked,VEGFD,2,-1,-0.0905
Oligo,all_secretome_linked,APOO,1,-1,-0.2274
Oligo,all_secretome_linked,SRPX,1,-1,-0.1559
Oligo,all_secretome_linked,NDP,2,1,0.0375
Oligo,all_secretome_linked,DIPK2B,1,1,0.0284
Oligo,all_secretome_linked,TIMP1,1,1,-0.0026
Oligo,all_secretome_linked,PCSK1N,2,1,-0.3273
Oligo,all_secretome_linked,EDA,5,1,0.0798
Oligo,all_secretome_linked,PDZD11,1,1,0.0773
Oligo,all_secretome_linked,SRPX2,2,-1,-0.0857
Oligo,all_secretome_linked,COL4A6,2,1,0.32
Oligo,all_secretome_linked,COL4A5,9,1,0.054
Oligo,all_secretome_linked,CHRDL1,1,-1,0.0537
Oligo,all_secretome_linked,PGRMC1,1,1,0.0513
Oligo,all_secretome_linked,APLN,2,-1,0.1826
Oligo,all_secretome_linked,ENOX2,38,-1,0.0975
Oligo,all_secretome_linked,IGSF1,11,1,0.1361
Oligo,all_secretome_linked,GPC4,2,-1,0.1059
Oligo,all_secretome_linked,FGF13,15,-1,-0.1695
Oligo,all_secretome_linked,CD99L2,1,-1,-0.3191
Oligo,all_secretome_linked,BGN,1,1,-0.525
Oligo,all_secretome_linked,FAM3A,1,1,0.2136
Oligo,all_secretome_linked,F8,3,1,-0.1115
OPC,frozen_hit_linked,FSTL5,1,-1,0.5462
OPC,frozen_hit_linked,AZGP1,1,1,1.2225
OPC,frozen_hit_linked,COL4A2,1,1,0.8562
OPC,frozen_hit_linked,NID2,1,-1,0.1226
OPC,frozen_hit_linked,ADAMTSL3,2,-1,0.1541
OPC,frozen_hit_linked,FGF13,13,-1,0.1835
OPC,all_secretome_linked,ISG15,5,-1,0.353
OPC,all_secretome_linked,AGRN,1,-1,0.1445
OPC,all_secretome_linked,VWA1,3,1,0.1985
OPC,all_secretome_linked,MEGF6,25,1,-0.1168
OPC,all_secretome_linked,TNFRSF25,1,1,-0.0089
OPC,all_secretome_linked,CORT,1,1,-0.3361
OPC,all_secretome_linked,ANGPTL7,2,-1,0.0508
OPC,all_secretome_linked,DRAXIN,2,1,0.2122
OPC,all_secretome_linked,NPPA,2,1,0.1664
OPC,all_secretome_linked,TNFRSF1B,2,-1,0.0002
OPC,all_secretome_linked,CELA2B,1,1,-0.271
OPC,all_secretome_linked,NBL1,14,-1,0.1966
OPC,all_secretome_linked,HSPG2,2,-1,-0.0795
OPC,all_secretome_linked,WNT4,1,-1,-0.1979
OPC,all_secretome_linked,C1QA,2,1,-0.2465
OPC,all_secretome_linked,C1QC,3,1,-0.2489
OPC,all_secretome_linked,C1QB,3,1,0.1026
OPC,all_secretome_linked,MATN1,1,1,-0.5285
OPC,all_secretome_linked,COL16A1,3,-1,0.0397
OPC,all_secretome_linked,ADGRB2,5,-1,-0.0183
OPC,all_secretome_linked,FNDC5,2,1,0.1112
OPC,all_secretome_linked,CSF3R,1,-1,0.3786
OPC,all_secretome_linked,EPHA10,3,-1,-0.1037
OPC,all_secretome_linked,BMP8A,3,1,0.0506
OPC,all_secretome_linked,BMP8B,2,-1,-0.1882
OPC,all_secretome_linked,PPT1,6,1,-0.0701
OPC,all_secretome_linked,COL9A2,1,1,0.0705
OPC,all_secretome_linked,YBX1,1,1,0.1113
OPC,all_secretome_linked,P3H1,1,-1,0.0582
OPC,all_secretome_linked,SVBP,1,1,0.0294
OPC,all_secretome_linked,ST3GAL3,7,1,-0.1113
OPC,all_secretome_linked,SPATA6,1,-1,-0.0307
OPC,all_secretome_linked,GPX7,1,1,0.0196
OPC,all_secretome_linked,PODN,1,-1,0.3743
OPC,all_secretome_linked,LRP8,1,1,0.2078
OPC,all_secretome_linked,CDCP2,1,-1,-0.6674
OPC,all_secretome_linked,LEPR,19,-1,0.0699
OPC,all_secretome_linked,CCN1,2,1,0.1107
OPC,all_secretome_linked,COL24A1,1,-1,-0.2725
OPC,all_secretome_linked,GBP1,1,1,0.1178
OPC,all_secretome_linked,TGFBR3,9,-1,0.0085
OPC,all_secretome_linked,F3,2,1,-0.0838
OPC,all_secretome_linked,EXTL2,1,1,0.0389
OPC,all_secretome_linked,OLFM3,22,1,-0.016
OPC,all_secretome_linked,COL11A1,1,-1,0.0672
OPC,all_secretome_linked,AMY2B,3,1,0.259
OPC,all_secretome_linked,CSF1,2,-1,0.1082
OPC,all_secretome_linked,WNT2B,3,1,-0.2059
OPC,all_secretome_linked,NGF,1,-1,0.0629
OPC,all_secretome_linked,CD160,3,-1,0.1103
OPC,all_secretome_linked,NOTCH2NLA,1,1,-0.1121
OPC,all_secretome_linked,NOTCH2NLC,1,-1,0.2979
OPC,all_secretome_linked,C1orf54,3,-1,0.0815
OPC,all_secretome_linked,ECM1,3,1,-0.1575
OPC,all_secretome_linked,ADAMTSL4,2,-1,0.1798
OPC,all_secretome_linked,CTSS,2,-1,-0.0788
OPC,all_secretome_linked,CTSK,2,-1,0.3257
OPC,all_secretome_linked,C1orf56,2,1,0.3202
OPC,all_secretome_linked,TUFT1,1,1,-0.1252
OPC,all_secretome_linked,S100A13,2,1,0.0086
OPC,all_secretome_linked,IL6R,3,-1,0.3276
OPC,all_secretome_linked,EFNA1,2,1,0.0438
OPC,all_secretome_linked,THBS3,1,-1,0.0653
OPC,all_secretome_linked,BGLAP,2,1,-0.1576
OPC,all_secretome_linked,NAXE,2,1,-0.1882
OPC,all_secretome_linked,HAPLN2,1,1,-0.021
OPC,all_secretome_linked,BCAN,2,1,0.1942
OPC,all_secretome_linked,HDGF,1,1,0.0261
OPC,all_secretome_linked,COPA,1,-1,0.0733
OPC,all_secretome_linked,ADAMTS4,4,1,0.0226
OPC,all_secretome_linked,FCGR3A,1,1,-0.0393
OPC,all_secretome_linked,OLFML2B,14,-1,-0.0217
OPC,all_secretome_linked,CREG1,1,-1,0.1219
OPC,all_secretome_linked,F5,2,1,-0.2621
OPC,all_secretome_linked,TNR,3,-1,0.0527
OPC,all_secretome_linked,PAPPA2,1,1,0.0008
OPC,all_secretome_linked,BRINP2,1,-1,0.0309
OPC,all_secretome_linked,ANGPTL1,1,-1,0.5183
OPC,all_secretome_linked,QSOX1,2,1,0.5457
OPC,all_secretome_linked,MR1,1,1,0.1529
OPC,all_secretome_linked,LAMC1,1,1,0.1931
OPC,all_secretome_linked,HMCN1,1,-1,0.4643
OPC,all_secretome_linked,BRINP3,3,1,-0.1192
OPC,all_secretome_linked,CFH,2,1,-0.2347
OPC,all_secretome_linked,CRB1,31,-1,-0.1303
OPC,all_secretome_linked,RNPEP,1,1,0.326
OPC,all_secretome_linked,CHI3L1,2,1,0.0459
OPC,all_secretome_linked,CHIT1,1,1,0.1297
OPC,all_secretome_linked,PRELP,3,1,-0.0884
OPC,all_secretome_linked,OPTC,3,1,-0.464
OPC,all_secretome_linked,CNTN2,2,1,-0.2355
OPC,all_secretome_linked,PM20D1,1,1,0.1177
OPC,all_secretome_linked,C4BPB,1,-1,-0.0763
OPC,all_secretome_linked,CD55,1,1,-0.1362
OPC,all_secretome_linked,LAMB3,3,-1,-0.204
OPC,all_secretome_linked,NENF,1,1,0.0821
OPC,all_secretome_linked,VASH2,2,-1,0.1326
OPC,all_secretome_linked,USH2A,2,-1,0.2207
OPC,all_secretome_linked,TGFB2,3,-1,-0.0941
OPC,all_secretome_linked,SUSD4,1,-1,-0.0518
OPC,all_secretome_linked,LEFTY1,2,1,-0.0313
OPC,all_secretome_linked,WNT9A,2,1,-0.2818
OPC,all_secretome_linked,GALNT2,1,1,0.1041
OPC,all_secretome_linked,AGT,1,1,-0.1224
OPC,all_secretome_linked,NID1,2,1,-0.2301
OPC,all_secretome_linked,GREM2,1,-1,-0.0737
OPC,all_secretome_linked,NLRP3,2,1,-0.2085
OPC,all_secretome_linked,ALKAL2,1,-1,-0.347
OPC,all_secretome_linked,PXDN,1,-1,0.0269
OPC,all_secretome_linked,COLEC11,5,1,-0.1111
OPC,all_secretome_linked,SDC1,1,-1,0.0674
OPC,all_secretome_linked,EMILIN1,1,1,-0.0186
OPC,all_secretome_linked,CGREF1,2,1,-0.2888
OPC,all_secretome_linked,UCN,2,-1,0.2376
OPC,all_secretome_linked,FNDC4,1,1,0.0307
OPC,all_secretome_linked,LTBP1,27,-1,0.1004
OPC,all_secretome_linked,CRIM1,2,-1,-0.3308
OPC,all_secretome_linked,QPCT,2,1,-0.3778
OPC,all_secretome_linked,PKDCC,2,1,-0.1705
OPC,all_secretome_linked,EFEMP1,1,1,-0.1987
OPC,all_secretome_linked,TGFA,2,1,-0.0592
OPC,all_secretome_linked,PRADC1,1,1,0.2343
OPC,all_secretome_linked,LOXL3,1,-1,0.1178
OPC,all_secretome_linked,THNSL2,2,1,0.0301
OPC,all_secretome_linked,MGAT4A,11,-1,-0.0066
OPC,all_secretome_linked,CREG2,2,-1,-0.2559
OPC,all_secretome_linked,IL1R1,9,1,0.0703
OPC,all_secretome_linked,ECRG4,1,1,0.1681
OPC,all_secretome_linked,FBLN7,2,1,-0.1848
OPC,all_secretome_linked,C1QL2,1,1,0.252
OPC,all_secretome_linked,INHBB,1,-1,-0.1597
OPC,all_secretome_linked,MGAT5,36,-1,-0.0953
OPC,all_secretome_linked,NXPH2,3,-1,0.004
OPC,all_secretome_linked,LYPD6,3,-1,-0.0134
OPC,all_secretome_linked,NMI,1,1,0.2079
OPC,all_secretome_linked,TNFAIP6,2,-1,0.3595
OPC,all_secretome_linked,PLA2R1,3,1,0.1136
OPC,all_secretome_linked,DPP4,2,1,-0.1035
OPC,all_secretome_linked,FRZB,2,-1,0.1155
OPC,all_secretome_linked,TFPI,3,1,0.0307
OPC,all_secretome_linked,COL5A2,1,1,-1.4424
OPC,all_secretome_linked,MSTN,4,-1,0.2006
OPC,all_secretome_linked,TMEFF2,3,-1,0.0001
OPC,all_secretome_linked,NRP2,2,1,0.5703
OPC,all_secretome_linked,ADAM23,1,-1,-0.3297
OPC,all_secretome_linked,VWC2L,1,1,-0.0985
OPC,all_secretome_linked,FN1,1,1,0.0047
OPC,all_secretome_linked,IGFBP2,4,-1,0.0213
OPC,all_secretome_linked,IGFBP5,2,1,0.0035
OPC,all_secretome_linked,ABCB6,1,-1,-0.0885
OPC,all_secretome_linked,GLB1L,2,1,-0.3978
OPC,all_secretome_linked,INHA,1,-1,-0.0877
OPC,all_secretome_linked,SCG2,2,1,0.469
OPC,all_secretome_linked,SERPINE2,3,1,0.0314
OPC,all_secretome_linked,COL4A4,1,-1,0.1653
OPC,all_secretome_linked,COL4A3,1,-1,0.1653
OPC,all_secretome_linked,SNORC,2,-1,0.1737
OPC,all_secretome_linked,COL6A3,6,-1,-0.0226
OPC,all_secretome_linked,GPC1,6,1,-0.0167
OPC,all_secretome_linked,SNED1,12,1,-0.1979
OPC,all_secretome_linked,CHL1,31,1,-0.1154
OPC,all_secretome_linked,CNTN4,68,-1,0.0016
OPC,all_secretome_linked,IL17RE,2,1,0.092
OPC,all_secretome_linked,GHRL,4,-1,0.3228
OPC,all_secretome_linked,TIMP4,1,1,0.0083
OPC,all_secretome_linked,FBLN2,6,-1,0.115
OPC,all_secretome_linked,WNT7A,1,-1,-0.1364
OPC,all_secretome_linked,COLQ,7,1,-0.2694
OPC,all_secretome_linked,BTD,8,-1,-0.0534
OPC,all_secretome_linked,TGFBR2,2,-1,-0.0388
OPC,all_secretome_linked,CRTAP,1,-1,-0.0679
OPC,all_secretome_linked,PDCD6IP,1,1,0.4888
OPC,all_secretome_linked,CCK,3,1,-0.0322
OPC,all_secretome_linked,GASK1A,2,-1,0.7049
OPC,all_secretome_linked,CDCP1,2,-1,-0.4655
OPC,all_secretome_linked,CSPG5,1,1,0.0765
OPC,all_secretome_linked,SPINK8,1,-1,0.0261
OPC,all_secretome_linked,PLXNB1,4,1,-0.125
OPC,all_secretome_linked,COL7A1,3,1,0.097
OPC,all_secretome_linked,LAMB2,1,-1,0.1242
OPC,all_secretome_linked,DAG1,1,1,0.0844
OPC,all_secretome_linked,MST1,1,1,0.1656
OPC,all_secretome_linked,SEMA3B,3,1,-0.1455
OPC,all_secretome_linked,HYAL1,2,1,-0.1586
OPC,all_secretome_linked,MANF,1,1,0.2307
OPC,all_secretome_linked,ITIH4,1,-1,0.5747
OPC,all_secretome_linked,MUSTN1,2,-1,0.3383
OPC,all_secretome_linked,IL17RB,2,1,0.0967
OPC,all_secretome_linked,WNT5A,6,-1,0.032
OPC,all_secretome_linked,ADAMTS9,2,1,0.2393
OPC,all_secretome_linked,TAFA1,52,-1,0.0379
OPC,all_secretome_linked,TAFA4,1,-1,-0.3303
OPC,all_secretome_linked,EPHA3,1,1,-0.265
OPC,all_secretome_linked,PROS1,2,-1,0.063
OPC,all_secretome_linked,COL8A1,1,-1,0.3609
OPC,all_secretome_linked,ABI3BP,1,-1,0.0521
OPC,all_secretome_linked,NXPE3,4,1,0.3024
OPC,all_secretome_linked,ZPLD1,24,-1,0.0515
OPC,all_secretome_linked,ALCAM,33,-1,-0.0548
OPC,all_secretome_linked,BTLA,1,1,0.0975
OPC,all_secretome_linked,CCDC80,2,-1,0.1966
OPC,all_secretome_linked,CD200R1,2,-1,-0.0027
OPC,all_secretome_linked,B4GALT4,3,1,0.0934
OPC,all_secretome_linked,FSTL1,1,1,-0.1388
OPC,all_secretome_linked,MUC13,1,-1,-0.213
OPC,all_secretome_linked,HEG1,1,1,0.1185
OPC,all_secretome_linked,COL6A6,1,1,0.3697
OPC,all_secretome_linked,TF,4,-1,0.0361
OPC,all_secretome_linked,PCOLCE2,1,1,0.1849
OPC,all_secretome_linked,DIPK2A,1,-1,-0.2105
OPC,all_secretome_linked,CPB1,4,1,0.0568
OPC,all_secretome_linked,CP,2,1,0.4425
OPC,all_secretome_linked,IGSF10,2,-1,0.1749
OPC,all_secretome_linked,C3orf33,1,-1,-0.0901
OPC,all_secretome_linked,PTX3,1,1,-0.1375
OPC,all_secretome_linked,RARRES1,2,1,0.0118
OPC,all_secretome_linked,IL12A,2,-1,0.2742
OPC,all_secretome_linked,BCHE,2,-1,0.16
OPC,all_secretome_linked,SERPINI1,1,1,0.0329
OPC,all_secretome_linked,CHRD,3,-1,0.1281
OPC,all_secretome_linked,KNG1,1,-1,-0.1993
OPC,all_secretome_linked,ST6GAL1,29,1,0.04
OPC,all_secretome_linked,MASP1,2,1,0.235
OPC,all_secretome_linked,SST,1,-1,0.7994
OPC,all_secretome_linked,IL1RAP,12,1,-0.0836
OPC,all_secretome_linked,UTS2B,7,1,0.0388
OPC,all_secretome_linked,APOD,3,1,-0.029
OPC,all_secretome_linked,MUC20,3,-1,0.1099
OPC,all_secretome_linked,TFRC,1,1,0.1834
OPC,all_secretome_linked,FBXO45,1,1,0.1464
OPC,all_secretome_linked,SPON2,11,-1,-0.0072
OPC,all_secretome_linked,FGFR3,2,1,0.1928
OPC,all_secretome_linked,C4orf48,1,1,-0.2822
OPC,all_secretome_linked,CYTL1,2,1,-0.0591
OPC,all_secretome_linked,MAN2B2,1,1,0.3951
OPC,all_secretome_linked,C1QTNF7,20,-1,-0.0034
OPC,all_secretome_linked,SLIT2,2,-1,-0.1448
OPC,all_secretome_linked,SOD3,1,1,0.1962
OPC,all_secretome_linked,LGI2,2,-1,0.2359
OPC,all_secretome_linked,SMIM20,1,-1,-0.017
OPC,all_secretome_linked,CORIN,10,-1,0.0496
OPC,all_secretome_linked,ERVMER34-1,1,-1,0.7649
OPC,all_secretome_linked,IGFBP7,1,-1,-0.1308
OPC,all_secretome_linked,TMPRSS11D,1,1,-0.3263
OPC,all_secretome_linked,ADAMTS3,1,-1,0.0795
OPC,all_secretome_linked,ALB,1,-1,-0.0388
OPC,all_secretome_linked,BTC,1,-1,0.1949
OPC,all_secretome_linked,ANTXR2,1,1,0.1207
OPC,all_secretome_linked,FGF5,1,1,0.3577
OPC,all_secretome_linked,HPSE,2,-1,-0.0497
OPC,all_secretome_linked,SPARCL1,3,1,0.3188
OPC,all_secretome_linked,SPP1,4,1,0.4841
OPC,all_secretome_linked,PKD2,8,-1,0.1835
OPC,all_secretome_linked,SNCA,1,1,0.0812
OPC,all_secretome_linked,NPNT,1,1,0.2567
OPC,all_secretome_linked,AIMP1,1,1,0.1892
OPC,all_secretome_linked,DKK2,19,-1,0.0438
OPC,all_secretome_linked,COL25A1,29,-1,0.0977
OPC,all_secretome_linked,PLA2G12A,1,1,-0.2516
OPC,all_secretome_linked,ARSJ,1,-1,-0.0703
OPC,all_secretome_linked,PRSS12,1,-1,0.8523
OPC,all_secretome_linked,FGF2,1,1,0.3034
OPC,all_secretome_linked,ABHD18,1,1,-0.11
OPC,all_secretome_linked,PGRMC2,2,-1,-0.2347
OPC,all_secretome_linked,IL15,8,-1,0.1065
OPC,all_secretome_linked,FREM3,1,-1,0.2659
OPC,all_secretome_linked,HHIP,2,1,-0.4442
OPC,all_secretome_linked,PRSS48,1,1,-0.2173
OPC,all_secretome_linked,SFRP2,3,-1,0.1531
OPC,all_secretome_linked,PDGFC,2,-1,0.1556
OPC,all_secretome_linked,FSTL5,1,-1,0.5462
OPC,all_secretome_linked,CPE,1,1,0.0921
OPC,all_secretome_linked,TLL1,1,-1,0.1389
OPC,all_secretome_linked,SPOCK3,23,-1,0.034
OPC,all_secretome_linked,HMGB2,1,1,-0.0414
OPC,all_secretome_linked,SCRG1,1,-1,-0.1153
OPC,all_secretome_linked,VEGFC,1,-1,0.353
OPC,all_secretome_linked,SNX25,3,-1,0.0942
OPC,all_secretome_linked,KLKB1,1,1,0.1109
OPC,all_secretome_linked,EXOC3-AS1,2,-1,-0.2051
OPC,all_secretome_linked,ADAMTS16,2,-1,0.1494
OPC,all_secretome_linked,NSUN2,1,-1,0.0158
OPC,all_secretome_linked,PDZD2,1,1,0.2643
OPC,all_secretome_linked,ADAMTS12,2,-1,0.2575
OPC,all_secretome_linked,C1QTNF3,2,-1,0.2574
OPC,all_secretome_linked,PRLR,27,-1,0.0258
OPC,all_secretome_linked,GDNF,4,-1,-0.145
OPC,all_secretome_linked,EGFLAM,24,-1,-0.0008
OPC,all_secretome_linked,LIFR,11,1,0.1993
OPC,all_secretome_linked,GHR,16,-1,-0.0242
OPC,all_secretome_linked,SELENOP,5,1,0.3643
OPC,all_secretome_linked,FGF10,1,1,0.2113
OPC,all_secretome_linked,IL6ST,5,1,0.3381
OPC,all_secretome_linked,ADAMTS6,2,-1,-0.1073
OPC,all_secretome_linked,CARTPT,1,-1,1.02
OPC,all_secretome_linked,CRHBP,2,-1,-0.2515
OPC,all_secretome_linked,AGGF1,1,1,0.0605
OPC,all_secretome_linked,ZBED3,1,-1,0.1425
OPC,all_secretome_linked,THBS4,2,1,0.1441
OPC,all_secretome_linked,VCAN,2,1,-0.0078
OPC,all_secretome_linked,HAPLN1,5,-1,0.1576
OPC,all_secretome_linked,EDIL3,2,-1,-0.2094
OPC,all_secretome_linked,ARSK,1,-1,-0.0848
OPC,all_secretome_linked,PCSK1,2,-1,0.0638
OPC,all_secretome_linked,ERAP1,2,-1,-0.203
OPC,all_secretome_linked,ERAP2,3,1,0.0862
OPC,all_secretome_linked,LNPEP,2,-1,-0.3008
OPC,all_secretome_linked,ST8SIA4,2,-1,0.0976
OPC,all_secretome_linked,PAM,2,-1,0.0906
OPC,all_secretome_linked,FBN2,8,-1,0.072
OPC,all_secretome_linked,ADAMTS19,2,-1,-0.0206
OPC,all_secretome_linked,GDF9,1,1,-0.1622
OPC,all_secretome_linked,LEAP2,1,-1,0.9244
OPC,all_secretome_linked,FSTL4,1,1,-0.3051
OPC,all_secretome_linked,CXCL14,1,-1,0.0305
OPC,all_secretome_linked,SPOCK1,66,1,-0.0768
OPC,all_secretome_linked,NRG2,32,-1,0.1456
OPC,all_secretome_linked,HBEGF,1,1,-0.2025
OPC,all_secretome_linked,CD14,2,1,0.3313
OPC,all_secretome_linked,PCDHA1,1,-1,0.3883
OPC,all_secretome_linked,PCDHA6,1,-1,0.2846
OPC,all_secretome_linked,PCDHA10,1,-1,0.0781
OPC,all_secretome_linked,PCDH12,2,1,0.0225
OPC,all_secretome_linked,NDFIP1,2,-1,0.1386
OPC,all_secretome_linked,FGF1,19,1,0.1061
OPC,all_secretome_linked,SPINK9,2,1,-0.1458
OPC,all_secretome_linked,PCYOX1L,2,-1,0.1378
OPC,all_secretome_linked,ARSI,13,-1,-0.1178
OPC,all_secretome_linked,CD74,3,1,-0.2943
OPC,all_secretome_linked,GPX3,2,1,-0.0886
OPC,all_secretome_linked,SPARC,2,1,-0.13
OPC,all_secretome_linked,C1QTNF2,1,1,-0.017
OPC,all_secretome_linked,SLIT3,91,-1,0.0538
OPC,all_secretome_linked,ADAMTS2,1,-1,0.2481
OPC,all_secretome_linked,SERPINB1,1,1,0.2009
OPC,all_secretome_linked,F13A1,1,-1,-0.5132
OPC,all_secretome_linked,LY86,2,1,-0.3081
OPC,all_secretome_linked,BMP6,2,-1,0.1356
OPC,all_secretome_linked,EDN1,3,1,0.3695
OPC,all_secretome_linked,GFOD1,24,-1,0.0623
OPC,all_secretome_linked,KIAA0319,18,-1,0.1668
OPC,all_secretome_linked,SCGN,1,1,-0.011
OPC,all_secretome_linked,GABBR1,2,1,-0.1518
OPC,all_secretome_linked,HLA-E,2,1,-0.1551
OPC,all_secretome_linked,DDR1,4,1,0.1783
OPC,all_secretome_linked,SFTA2,5,-1,-0.0974
OPC,all_secretome_linked,BAG6,1,1,0.1488
OPC,all_secretome_linked,APOM,1,-1,-0.1488
OPC,all_secretome_linked,LY6G5C,1,1,-0.0356
OPC,all_secretome_linked,HSPA1A,1,1,0.2985
OPC,all_secretome_linked,C2,8,1,0.1647
OPC,all_secretome_linked,TNXB,11,1,-0.0479
OPC,all_secretome_linked,EGFL8,1,1,0.7435
OPC,all_secretome_linked,COL11A2,3,-1,-0.1605
OPC,all_secretome_linked,CUTA,2,1,0.0006
OPC,all_secretome_linked,SCUBE3,1,-1,0.3977
OPC,all_secretome_linked,PI16,5,1,-0.1749
OPC,all_secretome_linked,TREM2,3,1,-0.0436
OPC,all_secretome_linked,PTK7,1,1,-0.0983
OPC,all_secretome_linked,VEGFA,1,-1,-0.2142
OPC,all_secretome_linked,HSP90AB1,1,1,0.0427
OPC,all_secretome_linked,ENPP5,2,1,0.2881
OPC,all_secretome_linked,PLA2G7,2,1,-0.117
OPC,all_secretome_linked,COL21A1,15,-1,-0.0218
OPC,all_secretome_linked,EYS,16,-1,0.0122
OPC,all_secretome_linked,COL19A1,3,1,0.17
OPC,all_secretome_linked,COL9A1,5,-1,0.0173
OPC,all_secretome_linked,COL12A1,5,-1,0.2925
OPC,all_secretome_linked,PRSS35,1,-1,-0.2021
OPC,all_secretome_linked,CD164,2,-1,0.097
OPC,all_secretome_linked,METTL24,1,1,0.1679
OPC,all_secretome_linked,LAMA4,2,-1,-0.0254
OPC,all_secretome_linked,SMPDL3A,1,-1,-0.2406
OPC,all_secretome_linked,RSPO3,1,1,0.1196
OPC,all_secretome_linked,LAMA2,1,-1,-0.0103
OPC,all_secretome_linked,ENPP3,2,-1,0.1763
OPC,all_secretome_linked,ENPP1,1,-1,0.2018
OPC,all_secretome_linked,CCN2,1,1,0.4549
OPC,all_secretome_linked,FUCA2,1,1,0.2822
OPC,all_secretome_linked,RAET1E,3,1,0.4791
OPC,all_secretome_linked,VIP,2,1,0.1277
OPC,all_secretome_linked,FNDC1,1,-1,0.1186
OPC,all_secretome_linked,LPA,2,1,0.4335
OPC,all_secretome_linked,RNASET2,1,1,-0.0768
OPC,all_secretome_linked,SMOC2,35,-1,0.2018
OPC,all_secretome_linked,THBS2,2,-1,0.3285
OPC,all_secretome_linked,C6orf120,2,1,0.2501
OPC,all_secretome_linked,FAM20C,1,1,0.1901
OPC,all_secretome_linked,PDGFA,2,-1,-0.2504
OPC,all_secretome_linked,NXPH1,48,1,0.0411
OPC,all_secretome_linked,THSD7A,1,-1,-0.1061
OPC,all_secretome_linked,VWDE,1,1,0.1801
OPC,all_secretome_linked,CCDC126,1,-1,-0.3515
OPC,all_secretome_linked,NPY,3,-1,0.4516
OPC,all_secretome_linked,HNRNPA2B1,1,1,0.2534
OPC,all_secretome_linked,BMPER,1,-1,0.0063
OPC,all_secretome_linked,AOAH,2,-1,-0.0422
OPC,all_secretome_linked,EPDR1,26,-1,-0.0583
OPC,all_secretome_linked,SFRP4,1,-1,-0.2638
OPC,all_secretome_linked,INHBA,3,1,0.2503
OPC,all_secretome_linked,AEBP1,6,1,-0.0365
OPC,all_secretome_linked,PPIA,1,1,0.0915
OPC,all_secretome_linked,IGFBP3,3,1,0.3832
OPC,all_secretome_linked,VWC2,1,-1,-0.1171
OPC,all_secretome_linked,ZPBP,1,-1,0.1487
OPC,all_secretome_linked,VSTM2A,2,-1,0.0578
OPC,all_secretome_linked,EGFR,44,1,0.0042
OPC,all_secretome_linked,STX1A,4,1,-0.0666
OPC,all_secretome_linked,ELN,1,-1,-0.1251
OPC,all_secretome_linked,SSC4D,2,-1,-0.3787
OPC,all_secretome_linked,ZP3,10,-1,-0.0947
OPC,all_secretome_linked,FGL2,2,1,-0.0001
OPC,all_secretome_linked,SEMA3C,2,1,0.0682
OPC,all_secretome_linked,HGF,1,1,-0.0806
OPC,all_secretome_linked,SEMA3E,1,1,0.2216
OPC,all_secretome_linked,SEMA3A,2,-1,0.2692
OPC,all_secretome_linked,SEMA3D,7,-1,0.1429
OPC,all_secretome_linked,PON1,1,1,-0.2788
OPC,all_secretome_linked,PON3,1,1,-0.3373
OPC,all_secretome_linked,PON2,1,1,-0.0213
OPC,all_secretome_linked,TAC1,2,-1,0.15
OPC,all_secretome_linked,NPTX2,1,1,0.0036
OPC,all_secretome_linked,AZGP1,1,1,1.2225
OPC,all_secretome_linked,CNPY4,1,-1,-0.104
OPC,all_secretome_linked,GPC2,2,1,-0.1459
OPC,all_secretome_linked,PILRA,2,1,-0.0623
OPC,all_secretome_linked,PCOLCE,1,-1,0.206
OPC,all_secretome_linked,ACHE,1,1,-0.096
OPC,all_secretome_linked,SERPINE1,1,1,0.4593
OPC,all_secretome_linked,VGF,3,-1,-0.133
OPC,all_secretome_linked,PLOD3,1,1,0.1425
OPC,all_secretome_linked,COL26A1,1,-1,0.6727
OPC,all_secretome_linked,LRRC17,2,-1,-0.1035
OPC,all_secretome_linked,RELN,1,-1,-0.0291
OPC,all_secretome_linked,NAMPT,1,-1,-0.1616
OPC,all_secretome_linked,LAMB1,1,-1,-0.0958
OPC,all_secretome_linked,NRCAM,51,1,-0.0252
OPC,all_secretome_linked,MDFIC,1,-1,0.1008
OPC,all_secretome_linked,MET,9,-1,0.0198
OPC,all_secretome_linked,FAM3C,2,1,0.2154
OPC,all_secretome_linked,PTPRZ1,1,-1,0.0882
OPC,all_secretome_linked,HILPDA,2,1,-0.1149
OPC,all_secretome_linked,CALU,1,-1,-0.0019
OPC,all_secretome_linked,KCP,2,-1,0.3316
OPC,all_secretome_linked,PTN,1,1,0.0097
OPC,all_secretome_linked,EPHB6,1,-1,0.1698
OPC,all_secretome_linked,RARRES2,1,1,-0.0844
OPC,all_secretome_linked,SHH,2,1,0.1618
OPC,all_secretome_linked,ANGPT2,1,-1,-0.0632
OPC,all_secretome_linked,PRSS51,5,-1,0.1552
OPC,all_secretome_linked,CTSB,1,1,0.0891
OPC,all_secretome_linked,PDGFRL,2,-1,0.2443
OPC,all_secretome_linked,FGL1,7,1,0.0333
OPC,all_secretome_linked,ASAH1,2,1,-0.0227
OPC,all_secretome_linked,LPL,1,1,0.4236
OPC,all_secretome_linked,LGI3,2,-1,0.2167
OPC,all_secretome_linked,SFTPC,1,1,-0.2345
OPC,all_secretome_linked,BMP1,1,1,0.2276
OPC,all_secretome_linked,PEBP4,1,1,0.3004
OPC,all_secretome_linked,LOXL2,1,1,-0.4361
OPC,all_secretome_linked,ADAM28,2,1,0.0952
OPC,all_secretome_linked,CLU,2,1,0.0817
OPC,all_secretome_linked,PNOC,7,1,0.1687
OPC,all_secretome_linked,NRG1,83,-1,0.111
OPC,all_secretome_linked,HTRA4,2,1,-0.1876
OPC,all_secretome_linked,ADAM9,1,-1,-0.1619
OPC,all_secretome_linked,SFRP1,1,-1,0.5942
OPC,all_secretome_linked,PLAT,3,1,0.2347
OPC,all_secretome_linked,PXDNL,2,-1,0.1926
OPC,all_secretome_linked,PENK,3,1,-0.363
OPC,all_secretome_linked,SDCBP,2,1,-0.2937
OPC,all_secretome_linked,GGH,1,-1,-0.0126
OPC,all_secretome_linked,CPA6,3,1,0.3259
OPC,all_secretome_linked,SULF1,6,-1,-0.1865
OPC,all_secretome_linked,SBSPON,1,1,0.161
OPC,all_secretome_linked,LY96,1,1,-0.6493
OPC,all_secretome_linked,PI15,1,-1,-0.1715
OPC,all_secretome_linked,CRISPLD1,2,-1,-0.0854
OPC,all_secretome_linked,IL7,2,1,0.0309
OPC,all_secretome_linked,FABP5,1,1,-0.0439
OPC,all_secretome_linked,MMP16,1,-1,-0.0725
OPC,all_secretome_linked,GDF6,2,1,0.2481
OPC,all_secretome_linked,CPQ,1,1,0.5263
OPC,all_secretome_linked,MATN2,6,1,0.0059
OPC,all_secretome_linked,CTHRC1,2,-1,0.0654
OPC,all_secretome_linked,RSPO2,2,-1,-0.2291
OPC,all_secretome_linked,TNFRSF11B,1,1,0.2303
OPC,all_secretome_linked,CCN3,1,-1,0.4158
OPC,all_secretome_linked,ENPP2,21,1,-0.0017
OPC,all_secretome_linked,COL14A1,13,-1,0.1465
OPC,all_secretome_linked,TG,31,1,0.0646
OPC,all_secretome_linked,ST3GAL1,1,1,0.1439
OPC,all_secretome_linked,COL22A1,8,-1,0.0581
OPC,all_secretome_linked,ADGRB1,9,1,0.1558
OPC,all_secretome_linked,THEM6,1,1,0.1149
OPC,all_secretome_linked,INSL6,1,1,-0.3877
OPC,all_secretome_linked,CD274,2,1,-0.0156
OPC,all_secretome_linked,PDCD1LG2,3,1,-0.0492
OPC,all_secretome_linked,IL33,9,-1,0.2067
OPC,all_secretome_linked,FREM1,16,-1,0.1218
OPC,all_secretome_linked,ADAMTSL1,45,-1,0.0829
OPC,all_secretome_linked,TEK,1,-1,-0.1971
OPC,all_secretome_linked,C9orf72,1,-1,-0.0866
OPC,all_secretome_linked,B4GALT1,1,-1,0.2674
OPC,all_secretome_linked,PRSS3,9,1,0.0476
OPC,all_secretome_linked,ENHO,1,1,0.0732
OPC,all_secretome_linked,IL11RA,2,1,0.0824
OPC,all_secretome_linked,IGFBPL1,1,-1,0.0799
OPC,all_secretome_linked,MAMDC2,1,1,-0.2953
OPC,all_secretome_linked,ANXA1,5,1,0.3089
OPC,all_secretome_linked,PCSK5,1,1,0.2294
OPC,all_secretome_linked,CTSL,1,1,0.2536
OPC,all_secretome_linked,OGN,1,1,0.3213
OPC,all_secretome_linked,ASPN,2,1,-0.0227
OPC,all_secretome_linked,ECM2,3,1,0.1463
OPC,all_secretome_linked,NINJ1,3,1,0.1394
OPC,all_secretome_linked,COL15A1,1,-1,0.0986
OPC,all_secretome_linked,TXN,1,1,-0.0429
OPC,all_secretome_linked,SVEP1,1,-1,0.1923
OPC,all_secretome_linked,COL27A1,2,1,0.1606
OPC,all_secretome_linked,TNC,6,-1,0.0877
OPC,all_secretome_linked,PAPPA,2,-1,0.5816
OPC,all_secretome_linked,GSN,30,-1,-0.0211
OPC,all_secretome_linked,CRB2,5,-1,-0.1995
OPC,all_secretome_linked,OLFML2A,9,-1,0.1482
OPC,all_secretome_linked,ANGPTL2,1,-1,-0.1486
OPC,all_secretome_linked,TOR2A,1,1,0.1036
OPC,all_secretome_linked,HMCN2,9,-1,0.3035
OPC,all_secretome_linked,LAMC3,1,1,-0.0859
OPC,all_secretome_linked,ADAMTS13,5,-1,0.1065
OPC,all_secretome_linked,ADAMTSL2,2,-1,-0.0394
OPC,all_secretome_linked,COL5A1,1,1,0.2259
OPC,all_secretome_linked,OLFM1,4,-1,-0.1029
OPC,all_secretome_linked,QSOX2,2,1,-0.4864
OPC,all_secretome_linked,EGFL7,2,-1,0.0106
OPC,all_secretome_linked,PTGDS,2,1,-0.1
OPC,all_secretome_linked,DPP7,2,1,0.1867
OPC,all_secretome_linked,IL15RA,1,1,0.2645
OPC,all_secretome_linked,ITIH5,9,1,0.2589
OPC,all_secretome_linked,CCDC3,19,1,-0.1316
OPC,all_secretome_linked,CDNF,2,1,0.0589
OPC,all_secretome_linked,C1QL3,1,1,-0.3114
OPC,all_secretome_linked,NRP1,1,-1,-0.3309
OPC,all_secretome_linked,CXCL12,2,-1,0.0918
OPC,all_secretome_linked,GDF10,2,-1,0.0211
OPC,all_secretome_linked,VSTM4,2,-1,-0.0801
OPC,all_secretome_linked,ASAH2,2,-1,0.3829
OPC,all_secretome_linked,DKK1,1,-1,0.1432
OPC,all_secretome_linked,PCDH15,3,-1,-0.0231
OPC,all_secretome_linked,SRGN,3,1,-0.1317
OPC,all_secretome_linked,NODAL,1,1,-0.0023
OPC,all_secretome_linked,ADAMTS14,3,1,-0.0959
OPC,all_secretome_linked,PSAP,2,1,-0.1086
OPC,all_secretome_linked,SPOCK2,2,1,0.3637
OPC,all_secretome_linked,OIT3,1,-1,-0.4774
OPC,all_secretome_linked,SFTPD,1,-1,0.0854
OPC,all_secretome_linked,PLAC9,3,-1,-0.1374
OPC,all_secretome_linked,PRXL2A,6,1,0.1006
OPC,all_secretome_linked,NRG3,161,1,-0.0102
OPC,all_secretome_linked,MMRN2,2,-1,0.0106
OPC,all_secretome_linked,MINPP1,2,1,-0.1757
OPC,all_secretome_linked,PTEN,1,-1,-0.2175
OPC,all_secretome_linked,RNLS,1,1,0.1557
OPC,all_secretome_linked,FAS,1,1,0.4704
OPC,all_secretome_linked,FGFBP3,1,1,0.143
OPC,all_secretome_linked,IDE,9,-1,0.109
OPC,all_secretome_linked,RBP4,2,1,0.1041
OPC,all_secretome_linked,LGI1,2,-1,0.0027
OPC,all_secretome_linked,TLL2,1,1,0.1545
OPC,all_secretome_linked,SLIT1,2,-1,-0.0768
OPC,all_secretome_linked,CRTAC1,3,1,-0.2057
OPC,all_secretome_linked,LOXL4,2,1,0.1543
OPC,all_secretome_linked,HPSE2,27,-1,0.0918
OPC,all_secretome_linked,CASP7,7,1,0.0267
OPC,all_secretome_linked,VWA2,1,-1,-0.589
OPC,all_secretome_linked,FGFR2,18,-1,0.0366
OPC,all_secretome_linked,HTRA1,3,1,0.0743
OPC,all_secretome_linked,FAM24B,1,-1,-0.0659
OPC,all_secretome_linked,CPXM2,2,1,-0.2006
OPC,all_secretome_linked,MMP21,2,-1,0.0411
OPC,all_secretome_linked,ADAM12,2,-1,-0.1835
OPC,all_secretome_linked,DEAF1,2,-1,-0.4944
OPC,all_secretome_linked,GATD1,1,1,-0.1373
OPC,all_secretome_linked,CHID1,3,1,0.0311
OPC,all_secretome_linked,CTSD,1,1,-0.2719
OPC,all_secretome_linked,SMPD1,1,-1,-0.2089
OPC,all_secretome_linked,OLFML1,3,-1,-0.3169
OPC,all_secretome_linked,TUB,21,-1,0.0564
OPC,all_secretome_linked,SCUBE2,1,-1,0.3359
OPC,all_secretome_linked,ADM,5,1,0.0281
OPC,all_secretome_linked,MTRNR2L8,1,-1,0.4035
OPC,all_secretome_linked,DKK3,2,1,0.1053
OPC,all_secretome_linked,SPON1,1,-1,-0.0794
OPC,all_secretome_linked,CALCB,6,-1,0.3652
OPC,all_secretome_linked,NUCB2,1,1,-0.0774
OPC,all_secretome_linked,NELL1,2,1,0.0221
OPC,all_secretome_linked,LUZP2,27,-1,-0.083
OPC,all_secretome_linked,FIBIN,3,-1,-0.0975
OPC,all_secretome_linked,BDNF,14,-1,0.079
OPC,all_secretome_linked,CD59,5,1,-0.1198
OPC,all_secretome_linked,CD44,13,1,0.0188
OPC,all_secretome_linked,PAMR1,12,-1,-0.0471
OPC,all_secretome_linked,FJX1,2,1,-0.0648
OPC,all_secretome_linked,EXT2,2,1,0.1073
OPC,all_secretome_linked,MDK,1,1,0.221
OPC,all_secretome_linked,C1QTNF4,3,-1,0.336
OPC,all_secretome_linked,PTPRJ,1,1,0.3034
OPC,all_secretome_linked,SERPING1,1,1,0.0911
OPC,all_secretome_linked,VWCE,6,1,-0.1222
OPC,all_secretome_linked,FLRT1,2,-1,0.4467
OPC,all_secretome_linked,VEGFB,2,1,-0.44
OPC,all_secretome_linked,LTBP3,4,1,0.0167
OPC,all_secretome_linked,EFEMP2,1,1,-0.2402
OPC,all_secretome_linked,DEFB131B,1,1,0.094
OPC,all_secretome_linked,IL18BP,2,-1,-0.0458
OPC,all_secretome_linked,PRSS23,1,1,-0.1255
OPC,all_secretome_linked,ENDOD1,1,1,0.2679
OPC,all_secretome_linked,ANGPTL5,1,-1,-0.135
OPC,all_secretome_linked,PDGFD,1,1,-0.6716
OPC,all_secretome_linked,CASP4,3,-1,-0.0429
OPC,all_secretome_linked,CRYAB,5,1,0.1822
OPC,all_secretome_linked,IL18,1,1,-0.2733
OPC,all_secretome_linked,NCAM1,1,-1,-0.1396
OPC,all_secretome_linked,TMEM25,1,1,-0.2627
OPC,all_secretome_linked,NECTIN1,2,-1,-0.1962
OPC,all_secretome_linked,OAF,1,1,0.2122
OPC,all_secretome_linked,TECTA,3,-1,0.0483
OPC,all_secretome_linked,SORL1,45,1,0.0363
OPC,all_secretome_linked,ST3GAL4,15,1,-0.1254
OPC,all_secretome_linked,KIRREL3,1,-1,0.1041
OPC,all_secretome_linked,ADAMTS8,2,1,-0.1892
OPC,all_secretome_linked,JAM3,1,-1,-0.2141
OPC,all_secretome_linked,GLB1L2,1,-1,0.3086
OPC,all_secretome_linked,B3GAT1,9,1,-0.0415
OPC,all_secretome_linked,WNT5B,17,-1,0.0798
OPC,all_secretome_linked,TULP3,1,1,0.1372
OPC,all_secretome_linked,NTF3,20,1,-0.0726
OPC,all_secretome_linked,VWF,2,1,-0.2865
OPC,all_secretome_linked,CD9,11,1,-0.0719
OPC,all_secretome_linked,TNFRSF1A,2,1,-0.0686
OPC,all_secretome_linked,ACRBP,1,1,0.2573
OPC,all_secretome_linked,C1S,15,1,-0.1825
OPC,all_secretome_linked,C1R,2,1,-0.0418
OPC,all_secretome_linked,C1RL,1,1,0.3494
OPC,all_secretome_linked,A2ML1,6,-1,-0.12
OPC,all_secretome_linked,A2M,3,1,-0.0504
OPC,all_secretome_linked,OLR1,3,1,-0.0198
OPC,all_secretome_linked,PRR4,1,-1,-0.0828
OPC,all_secretome_linked,PRH2,1,1,-0.2869
OPC,all_secretome_linked,PRB1,2,1,-0.0439
OPC,all_secretome_linked,PRB2,1,-1,0.2875
OPC,all_secretome_linked,ART4,2,-1,0.0466
OPC,all_secretome_linked,MGP,4,1,0.1509
OPC,all_secretome_linked,SPX,2,1,-0.3708
OPC,all_secretome_linked,OVCH1,1,-1,0.3766
OPC,all_secretome_linked,ADAMTS20,2,-1,0.6135
OPC,all_secretome_linked,NELL2,3,-1,0.1269
OPC,all_secretome_linked,NPFF,1,1,0.1424
OPC,all_secretome_linked,CD63,1,1,0.0337
OPC,all_secretome_linked,GDF11,2,-1,0.0132
OPC,all_secretome_linked,MMP19,1,1,-0.6723
OPC,all_secretome_linked,PMEL,1,-1,0.0812
OPC,all_secretome_linked,ERBB3,3,1,0.0895
OPC,all_secretome_linked,WIF1,1,-1,0.1154
OPC,all_secretome_linked,PTPRR,18,-1,0.0039
OPC,all_secretome_linked,GLIPR1L1,5,1,-0.1798
OPC,all_secretome_linked,OTOGL,15,-1,0.0298
OPC,all_secretome_linked,NTS,2,1,-0.2706
OPC,all_secretome_linked,KITLG,1,-1,-0.0621
OPC,all_secretome_linked,DCN,2,1,-0.0712
OPC,all_secretome_linked,NTN4,1,1,0.1517
OPC,all_secretome_linked,IGF1,2,-1,-0.1624
OPC,all_secretome_linked,TMEM119,3,1,-0.152
OPC,all_secretome_linked,TCTN1,1,-1,-0.2061
OPC,all_secretome_linked,OAS1,1,1,0.1807
OPC,all_secretome_linked,GLT1D1,3,1,-0.0214
OPC,all_secretome_linked,MMP17,5,1,0.1801
OPC,all_secretome_linked,IL17D,1,1,0.0166
OPC,all_secretome_linked,FGF9,1,-1,0.4411
OPC,all_secretome_linked,FLT1,34,-1,-0.0333
OPC,all_secretome_linked,HMGB1,20,1,0.0175
OPC,all_secretome_linked,KL,2,1,-0.2458
OPC,all_secretome_linked,NHLRC3,1,1,0.1611
OPC,all_secretome_linked,ENOX1,2,-1,0.1182
OPC,all_secretome_linked,ITM2B,3,1,0.0022
OPC,all_secretome_linked,SERPINE3,3,-1,0.1424
OPC,all_secretome_linked,THSD1,4,1,0.2133
OPC,all_secretome_linked,CNMD,2,-1,0.171
OPC,all_secretome_linked,PIBF1,1,1,-0.1356
OPC,all_secretome_linked,CLN5,1,1,0.1519
OPC,all_secretome_linked,SLITRK1,3,-1,0.0736
OPC,all_secretome_linked,GPC5,34,-1,0.1069
OPC,all_secretome_linked,GPC6,89,-1,-0.0384
OPC,all_secretome_linked,ITGBL1,4,1,-0.0791
OPC,all_secretome_linked,TNFSF13B,3,1,0.0724
OPC,all_secretome_linked,COL4A1,1,1,0.8562
OPC,all_secretome_linked,COL4A2,1,1,0.8562
OPC,all_secretome_linked,F10,3,1,-0.2489
OPC,all_secretome_linked,GAS6,2,-1,-0.3417
OPC,all_secretome_linked,RNASE4,2,1,0.1236
OPC,all_secretome_linked,RNASE1,3,1,0.0939
OPC,all_secretome_linked,C14orf93,1,-1,0.0664
OPC,all_secretome_linked,DHRS4L2,9,1,-0.1247
OPC,all_secretome_linked,COCH,1,1,0.0896
OPC,all_secretome_linked,FAM177A1,2,1,-0.0739
OPC,all_secretome_linked,TMX1,1,1,0.4152
OPC,all_secretome_linked,NID2,1,-1,0.1226
OPC,all_secretome_linked,TXNDC16,1,-1,-0.1136
OPC,all_secretome_linked,ERO1A,1,-1,-0.1024
OPC,all_secretome_linked,BMP4,2,-1,0.5191
OPC,all_secretome_linked,LGALS3,1,1,0.2807
OPC,all_secretome_linked,SMOC1,3,1,-0.2069
OPC,all_secretome_linked,PAPLN,5,-1,0.088
OPC,all_secretome_linked,ENTPD5,1,1,-0.0393
OPC,all_secretome_linked,NPC2,1,1,0.1183
OPC,all_secretome_linked,TGFB3,3,1,-0.0214
OPC,all_secretome_linked,VASH1,6,-1,0.2951
OPC,all_secretome_linked,FLRT2,4,1,0.1327
OPC,all_secretome_linked,FBLN5,2,1,-0.1604
OPC,all_secretome_linked,CHGA,2,-1,-0.0122
OPC,all_secretome_linked,SERPINA3,1,1,-0.0333
OPC,all_secretome_linked,HHIPL1,2,-1,0.1754
OPC,all_secretome_linked,WDR25,3,-1,0.1543
OPC,all_secretome_linked,SCG5,2,1,-0.205
OPC,all_secretome_linked,GREM1,1,1,-0.0211
OPC,all_secretome_linked,THBS1,2,-1,-0.1045
OPC,all_secretome_linked,B2M,2,1,0.2936
OPC,all_secretome_linked,SORD,6,-1,0.0721
OPC,all_secretome_linked,FBN1,1,-1,-0.0012
OPC,all_secretome_linked,FGF7,2,1,-0.3271
OPC,all_secretome_linked,GLDN,8,1,0.1083
OPC,all_secretome_linked,SCG3,1,1,0.2589
OPC,all_secretome_linked,LIPC,6,1,0.1678
OPC,all_secretome_linked,ANXA2,1,1,0.0115
OPC,all_secretome_linked,PPIB,1,1,0.0988
OPC,all_secretome_linked,CILP,1,1,-0.0436
OPC,all_secretome_linked,C15orf61,1,1,0.2023
OPC,all_secretome_linked,SPESP1,1,-1,-0.1401
OPC,all_secretome_linked,THSD4,58,-1,0.0908
OPC,all_secretome_linked,ADPGK,10,1,-0.1411
OPC,all_secretome_linked,LOXL1,3,1,0.0786
OPC,all_secretome_linked,ADAMTS7,1,1,0.2594
OPC,all_secretome_linked,CEMIP,1,1,-0.0749
OPC,all_secretome_linked,IL16,24,-1,-0.0261
OPC,all_secretome_linked,ADAMTSL3,2,-1,0.1541
OPC,all_secretome_linked,NMB,1,1,0.1291
OPC,all_secretome_linked,ACAN,1,1,-0.0527
OPC,all_secretome_linked,MFGE8,2,-1,0.1446
OPC,all_secretome_linked,NGRN,1,1,-0.0264
OPC,all_secretome_linked,FURIN,5,-1,0.0077
OPC,all_secretome_linked,ST8SIA2,2,-1,0.1992
OPC,all_secretome_linked,RGMA,5,1,0.0825
OPC,all_secretome_linked,ADAMTS17,1,-1,-0.0237
OPC,all_secretome_linked,CHSY1,1,-1,-0.0441
OPC,all_secretome_linked,PCSK6,45,1,0.0315
OPC,all_secretome_linked,WFIKKN1,1,1,0.0663
OPC,all_secretome_linked,METRN,2,1,-0.0306
OPC,all_secretome_linked,GNPTG,1,1,0.2837
OPC,all_secretome_linked,GFER,2,1,-0.0695
OPC,all_secretome_linked,PKD1,2,1,-0.1116
OPC,all_secretome_linked,PRSS27,1,1,-0.0518
OPC,all_secretome_linked,MTRNR2L4,1,-1,1.0126
OPC,all_secretome_linked,DNASE1,2,1,-0.407
OPC,all_secretome_linked,VASN,5,-1,0.065
OPC,all_secretome_linked,C16orf89,1,1,0.6924
OPC,all_secretome_linked,XYLT1,1,-1,0.1126
OPC,all_secretome_linked,CLEC19A,2,-1,-0.4005
OPC,all_secretome_linked,OTOA,3,-1,0.0534
OPC,all_secretome_linked,VWA3A,7,-1,0.2348
OPC,all_secretome_linked,IL4R,12,1,-0.1407
OPC,all_secretome_linked,CTF1,2,-1,0.1177
OPC,all_secretome_linked,PRSS53,1,1,0.3918
OPC,all_secretome_linked,ITFG1,1,-1,-0.1536
OPC,all_secretome_linked,MMP2,13,-1,0.1635
OPC,all_secretome_linked,RSPRY1,1,-1,-0.147
OPC,all_secretome_linked,CX3CL1,1,-1,0.0417
OPC,all_secretome_linked,ADGRG1,11,1,0.1453
OPC,all_secretome_linked,CKLF,2,1,-0.0548
OPC,all_secretome_linked,CES4A,4,1,0.2766
OPC,all_secretome_linked,GFOD2,1,1,0.1714
OPC,all_secretome_linked,NRN1L,2,1,0.1228
OPC,all_secretome_linked,LCAT,3,-1,-0.2437
OPC,all_secretome_linked,PLA2G15,3,-1,-0.0401
OPC,all_secretome_linked,ST3GAL2,11,-1,0.0057
OPC,all_secretome_linked,IL34,14,1,-0.0186
OPC,all_secretome_linked,ADAMTS18,1,-1,-0.2518
OPC,all_secretome_linked,MBTPS1,1,1,0.2263
OPC,all_secretome_linked,WFDC1,1,1,0.2287
OPC,all_secretome_linked,CRISPLD2,2,-1,0.0767
OPC,all_secretome_linked,SERPINF2,4,-1,0.096
OPC,all_secretome_linked,SERPINF1,2,1,0.1273
OPC,all_secretome_linked,CYB5D2,1,-1,-0.1605
OPC,all_secretome_linked,CXCL16,1,1,0.0001
OPC,all_secretome_linked,C1QBP,1,1,0.1686
OPC,all_secretome_linked,ASGR1,1,-1,0.3896
OPC,all_secretome_linked,TNFSF12,1,1,-0.0413
OPC,all_secretome_linked,TNFSF13,2,1,0.2791
OPC,all_secretome_linked,NTN1,2,1,-0.3308
OPC,all_secretome_linked,MTRNR2L1,2,1,1.0857
OPC,all_secretome_linked,LGALS9,3,1,-0.1168
OPC,all_secretome_linked,VTN,2,-1,-0.0399
OPC,all_secretome_linked,SDF2,1,1,-0.4174
OPC,all_secretome_linked,DHRS13,1,1,-0.2354
OPC,all_secretome_linked,ABHD15,2,1,0.1812
OPC,all_secretome_linked,TMEM98,1,1,0.4061
OPC,all_secretome_linked,MMP28,2,-1,0.4013
OPC,all_secretome_linked,DHRS11,1,-1,0.1007
OPC,all_secretome_linked,PLXDC1,2,-1,0.1583
OPC,all_secretome_linked,IGFBP4,1,-1,0.0578
OPC,all_secretome_linked,IFI35,1,1,-0.1377
OPC,all_secretome_linked,PYY,8,-1,0.078
OPC,all_secretome_linked,GRN,3,1,0.0464
OPC,all_secretome_linked,C1QL1,2,1,0.005
OPC,all_secretome_linked,MAPT,19,1,-0.091
OPC,all_secretome_linked,WNT3,1,1,0.1123
OPC,all_secretome_linked,NXPH3,2,-1,0.1714
OPC,all_secretome_linked,XYLT2,1,-1,-0.0259
OPC,all_secretome_linked,CHAD,4,1,-0.2221
OPC,all_secretome_linked,SPATA20,1,1,0.0358
OPC,all_secretome_linked,CA10,3,1,0.2227
OPC,all_secretome_linked,C17orf67,1,-1,0.0586
OPC,all_secretome_linked,SCPEP1,1,-1,0.2455
OPC,all_secretome_linked,RNF43,3,1,0.2012
OPC,all_secretome_linked,ACE,2,1,-0.0757
OPC,all_secretome_linked,FAM20A,13,1,-0.1423
OPC,all_secretome_linked,BTBD17,2,1,0.1835
OPC,all_secretome_linked,TIMP2,18,-1,0.0362
OPC,all_secretome_linked,LGALS3BP,1,1,-0.0727
OPC,all_secretome_linked,CANT1,5,1,-0.1147
OPC,all_secretome_linked,NPTX1,3,-1,-0.1321
OPC,all_secretome_linked,P4HB,1,1,0.1511
OPC,all_secretome_linked,METRNL,1,1,0.0614
OPC,all_secretome_linked,CLUL1,5,-1,-0.1085
OPC,all_secretome_linked,EMILIN2,3,1,0.5984
OPC,all_secretome_linked,LAMA1,25,-1,0.0637
OPC,all_secretome_linked,TWSG1,1,1,-0.0462
OPC,all_secretome_linked,LAMA3,29,1,-0.0249
OPC,all_secretome_linked,CHST9,8,1,-0.0482
OPC,all_secretome_linked,TTR,8,-1,-0.1794
OPC,all_secretome_linked,GALNT1,1,-1,0.489
OPC,all_secretome_linked,LIPG,4,1,0.1698
OPC,all_secretome_linked,C18orf54,1,-1,-0.1798
OPC,all_secretome_linked,TCF4,89,-1,-0.0239
OPC,all_secretome_linked,CCBE1,36,-1,0.0727
OPC,all_secretome_linked,CBLN2,16,-1,-0.0343
OPC,all_secretome_linked,NETO1,2,-1,-0.1598
OPC,all_secretome_linked,CNDP1,1,-1,-0.3796
OPC,all_secretome_linked,FGF22,1,1,-0.0698
OPC,all_secretome_linked,FSTL3,3,-1,-0.0405
OPC,all_secretome_linked,IZUMO4,1,1,0.1709
OPC,all_secretome_linked,AMH,1,-1,-0.0998
OPC,all_secretome_linked,MYDGF,2,1,0.0398
OPC,all_secretome_linked,HSD11B1L,1,1,0.1982
OPC,all_secretome_linked,FUT6,2,-1,-0.0039
OPC,all_secretome_linked,C3,2,1,0.2824
OPC,all_secretome_linked,FBN3,2,1,-0.2475
OPC,all_secretome_linked,ANGPTL4,2,1,0.3318
OPC,all_secretome_linked,ADAMTS10,4,1,-0.3496
OPC,all_secretome_linked,OLFM2,19,-1,-0.0014
OPC,all_secretome_linked,COL5A3,2,1,-0.0448
OPC,all_secretome_linked,EPOR,2,-1,0.1429
OPC,all_secretome_linked,MAN2B1,2,1,-0.0401
OPC,all_secretome_linked,CALR,1,1,0.0607
OPC,all_secretome_linked,PODNL1,2,1,-0.0565
OPC,all_secretome_linked,SAMD1,1,1,0.2259
OPC,all_secretome_linked,ADGRE5,1,1,0.0224
OPC,all_secretome_linked,CPAMD8,2,-1,-0.1921
OPC,all_secretome_linked,CRLF1,2,-1,-0.1633
OPC,all_secretome_linked,NCAN,3,-1,0.4613
OPC,all_secretome_linked,HAPLN4,1,1,-0.2478
OPC,all_secretome_linked,GPI,1,1,-0.0567
OPC,all_secretome_linked,SCGB2B2,13,1,-0.0883
OPC,all_secretome_linked,SCN1B,2,1,0.0964
OPC,all_secretome_linked,LGI4,1,-1,-0.0151
OPC,all_secretome_linked,HAMP,3,-1,0.0355
OPC,all_secretome_linked,HSPB6,1,1,0.1472
OPC,all_secretome_linked,CATSPERG,1,-1,0.0456
OPC,all_secretome_linked,CCER2,1,1,0.2763
OPC,all_secretome_linked,FCGBP,5,-1,-0.1216
OPC,all_secretome_linked,LTBP4,7,-1,-0.0184
OPC,all_secretome_linked,TGFB1,2,1,-0.2655
OPC,all_secretome_linked,CXCL17,1,1,0.3123
OPC,all_secretome_linked,CEACAM1,1,-1,0.1974
OPC,all_secretome_linked,PSG8,9,-1,0.2805
OPC,all_secretome_linked,PINLYP,2,1,-0.0606
OPC,all_secretome_linked,PLAUR,2,-1,-0.1444
OPC,all_secretome_linked,PVR,1,1,-0.3582
OPC,all_secretome_linked,APOE,3,1,-0.1006
OPC,all_secretome_linked,APOC1,2,1,0.1399
OPC,all_secretome_linked,APOC2,4,1,-0.0533
OPC,all_secretome_linked,PGLYRP1,1,-1,0.1342
OPC,all_secretome_linked,IGFL4,7,-1,-0.0203
OPC,all_secretome_linked,FKRP,2,1,0.0553
OPC,all_secretome_linked,CA11,1,-1,-0.1068
OPC,all_secretome_linked,NTN5,1,-1,0.0592
OPC,all_secretome_linked,NUCB1,1,1,0.0523
OPC,all_secretome_linked,FLT3LG,2,1,0.1241
OPC,all_secretome_linked,EMC10,2,1,0.0009
OPC,all_secretome_linked,CLEC11A,2,1,0.1235
OPC,all_secretome_linked,KLK6,1,-1,-0.4184
OPC,all_secretome_linked,KLK7,2,-1,0.1914
OPC,all_secretome_linked,IGLON5,2,1,-0.0684
OPC,all_secretome_linked,SSC5D,4,1,0.3063
OPC,all_secretome_linked,EDDM13,2,1,-0.1429
OPC,all_secretome_linked,A1BG,1,1,-0.3073
OPC,all_secretome_linked,RSPO4,2,1,-0.1169
OPC,all_secretome_linked,PDYN,2,1,-0.408
OPC,all_secretome_linked,CPXM1,1,-1,0.422
OPC,all_secretome_linked,ATRN,1,-1,-0.1032
OPC,all_secretome_linked,C20orf27,2,-1,0.0254
OPC,all_secretome_linked,CHGB,2,1,0.2653
OPC,all_secretome_linked,BMP2,3,-1,0.0625
OPC,all_secretome_linked,ISM1,1,1,-0.5034
OPC,all_secretome_linked,FLRT3,1,-1,-0.3823
OPC,all_secretome_linked,PCSK2,2,-1,-0.0238
OPC,all_secretome_linked,CST3,2,1,0.1002
OPC,all_secretome_linked,ENTPD6,1,1,0.0746
OPC,all_secretome_linked,ASIP,11,-1,0.1105
OPC,all_secretome_linked,MMP24,1,1,0.4765
OPC,all_secretome_linked,SOGA1,2,-1,-0.3294
OPC,all_secretome_linked,VSTM2L,2,-1,0.1948
OPC,all_secretome_linked,EMILIN3,1,1,-0.0949
OPC,all_secretome_linked,MATN4,3,-1,-0.2018
OPC,all_secretome_linked,SDC4,1,1,0.1881
OPC,all_secretome_linked,WFDC2,2,1,-0.0875
OPC,all_secretome_linked,PLTP,1,1,-0.5444
OPC,all_secretome_linked,CD40,1,1,0.5642
OPC,all_secretome_linked,SULF2,1,1,-0.0334
OPC,all_secretome_linked,BMP7,1,1,0.0428
OPC,all_secretome_linked,GNAS,21,1,-0.006
OPC,all_secretome_linked,LAMA5,1,1,-0.2847
OPC,all_secretome_linked,COL9A3,1,-1,-0.0445
OPC,all_secretome_linked,COL20A1,3,1,0.0395
OPC,all_secretome_linked,TNFRSF6B,2,1,0.057
OPC,all_secretome_linked,LIPI,1,1,0.2829
OPC,all_secretome_linked,CXADR,1,-1,-0.2316
OPC,all_secretome_linked,APP,8,1,0.1624
OPC,all_secretome_linked,ADAMTS1,2,-1,-0.1241
OPC,all_secretome_linked,ADAMTS5,1,1,-0.1033
OPC,all_secretome_linked,C21orf62,1,1,-0.6288
OPC,all_secretome_linked,IFNAR2,1,1,0.1951
OPC,all_secretome_linked,DSCAM,91,-1,0.0648
OPC,all_secretome_linked,ERVH48-1,2,1,-0.0337
OPC,all_secretome_linked,COL18A1,14,-1,0.1441
OPC,all_secretome_linked,COL6A1,1,1,-0.1065
OPC,all_secretome_linked,COL6A2,3,1,-0.1366
OPC,all_secretome_linked,S100B,2,1,0.0085
OPC,all_secretome_linked,IL17RA,1,1,-0.0109
OPC,all_secretome_linked,ADA2,5,1,-0.0577
OPC,all_secretome_linked,C22orf39,1,-1,-0.0636
OPC,all_secretome_linked,SERPIND1,4,1,0.0498
OPC,all_secretome_linked,IGLV10-54,1,-1,0.3749
OPC,all_secretome_linked,IGLL1,1,1,0.0855
OPC,all_secretome_linked,MIF,1,1,-0.0032
OPC,all_secretome_linked,EMID1,1,1,0.2446
OPC,all_secretome_linked,TCN2,3,1,0.5155
OPC,all_secretome_linked,BPIFC,1,1,-0.065
OPC,all_secretome_linked,TIMP3,3,1,-0.1067
OPC,all_secretome_linked,APOL4,2,1,-0.5044
OPC,all_secretome_linked,C1QTNF6,2,1,0.2969
OPC,all_secretome_linked,LGALS1,1,1,-0.0963
OPC,all_secretome_linked,PDGFB,4,-1,0.0978
OPC,all_secretome_linked,CHADL,2,1,0.0828
OPC,all_secretome_linked,CCDC134,1,-1,0.33
OPC,all_secretome_linked,SCUBE1,2,-1,0.7406
OPC,all_secretome_linked,FBLN1,3,-1,0.2803
OPC,all_secretome_linked,WNT7B,5,-1,0.1038
OPC,all_secretome_linked,TAFA5,60,-1,-0.0254
OPC,all_secretome_linked,CSF2RA,4,1,-0.0298
OPC,all_secretome_linked,DHRSX,2,-1,-0.0014
OPC,all_secretome_linked,ARSF,4,-1,-0.2126
OPC,all_secretome_linked,MXRA5,2,-1,0.1536
OPC,all_secretome_linked,ANOS1,1,-1,-0.2855
OPC,all_secretome_linked,VEGFD,2,1,0.0539
OPC,all_secretome_linked,APOO,1,1,0.0981
OPC,all_secretome_linked,SRPX,1,1,0.2042
OPC,all_secretome_linked,NDP,2,1,-0.0973
OPC,all_secretome_linked,TIMP1,1,1,0.4484
OPC,all_secretome_linked,PCSK1N,2,1,-0.4286
OPC,all_secretome_linked,EDA,5,-1,0.1711
OPC,all_secretome_linked,PDZD11,1,1,0.064
OPC,all_secretome_linked,SRPX2,2,1,-0.1519
OPC,all_secretome_linked,COL4A6,2,-1,-0.1286
OPC,all_secretome_linked,COL4A5,8,-1,-0.0395
OPC,all_secretome_linked,CHRDL1,1,1,-0.1534
OPC,all_secretome_linked,PGRMC1,1,1,-0.1078
OPC,all_secretome_linked,APLN,2,1,-0.1633
OPC,all_secretome_linked,ENOX2,37,1,0.2471
OPC,all_secretome_linked,IGSF1,8,-1,-0.2104
OPC,all_secretome_linked,GPC4,2,-1,-0.0582
OPC,all_secretome_linked,FGF13,13,-1,0.1835
OPC,all_secretome_linked,CD99L2,1,-1,-0.3485
OPC,all_secretome_linked,BGN,1,-1,-0.0409
OPC,all_secretome_linked,FAM3A,1,1,0.0116
OPC,all_secretome_linked,F8,3,1,0.3196
Endo,frozen_hit_linked,EFEMP1,1,1,-1.0192
Endo,frozen_hit_linked,APOD,3,1,-0.0228
Endo,frozen_hit_linked,KDR,2,-1,-0.0739
Endo,frozen_hit_linked,DKK2,13,1,0.1918
Endo,frozen_hit_linked,LAMA4,2,-1,-0.8356
Endo,frozen_hit_linked,PLAT,3,-1,-0.2439
Endo,frozen_hit_linked,PRSS3,7,-1,0.4034
Endo,frozen_hit_linked,KITLG,1,-1,-0.0268
Endo,frozen_hit_linked,MMP28,1,-1,1.5042
Endo,frozen_hit_linked,EDN3,2,-1,1.0685
Endo,frozen_hit_linked,APP,5,-1,-0.1643
Endo,all_secretome_linked,ISG15,5,-1,-0.0895
Endo,all_secretome_linked,AGRN,1,-1,-0.0094
Endo,all_secretome_linked,VWA1,3,-1,0.2415
Endo,all_secretome_linked,MEGF6,24,-1,0.1217
Endo,all_secretome_linked,TNFRSF25,1,-1,1.654
Endo,all_secretome_linked,TNFRSF1B,2,1,0.5063
Endo,all_secretome_linked,NBL1,8,-1,0.4129
Endo,all_secretome_linked,HSPG2,2,1,-0.3098
Endo,all_secretome_linked,C1QA,2,1,-0.3843
Endo,all_secretome_linked,C1QC,3,1,0.3776
Endo,all_secretome_linked,C1QB,1,1,0.9284
Endo,all_secretome_linked,TINAGL1,2,-1,0.3912
Endo,all_secretome_linked,COL16A1,3,1,0.4771
Endo,all_secretome_linked,ADGRB2,5,-1,-0.4292
Endo,all_secretome_linked,CSF3R,1,1,-1.1841
Endo,all_secretome_linked,BMP8A,3,-1,0.2951
Endo,all_secretome_linked,PPT1,6,-1,-0.1996
Endo,all_secretome_linked,YBX1,1,-1,0.4585
Endo,all_secretome_linked,P3H1,1,-1,0.0201
Endo,all_secretome_linked,SVBP,1,1,-0.2717
Endo,all_secretome_linked,ST3GAL3,1,1,-0.0133
Endo,all_secretome_linked,SPATA6,1,1,-0.3917
Endo,all_secretome_linked,GPX7,1,-1,0.2748
Endo,all_secretome_linked,PODN,1,1,0.7252
Endo,all_secretome_linked,LRP8,1,-1,-0.022
Endo,all_secretome_linked,LEPR,16,1,0.0589
Endo,all_secretome_linked,CCN1,2,-1,0.3669
Endo,all_secretome_linked,COL24A1,1,1,-0.2298
Endo,all_secretome_linked,CLCA4,1,1,0.4518
Endo,all_secretome_linked,GBP1,1,-1,0.1312
Endo,all_secretome_linked,TGFBR3,7,1,-0.1789
Endo,all_secretome_linked,F3,1,-1,-0.0496
Endo,all_secretome_linked,VCAM1,2,1,0.1625
Endo,all_secretome_linked,EXTL2,1,-1,0.5222
Endo,all_secretome_linked,OLFM3,6,1,0.3394
Endo,all_secretome_linked,COL11A1,1,-1,-0.5416
Endo,all_secretome_linked,AMY2B,2,1,0.0602
Endo,all_secretome_linked,CSF1,2,1,-0.2605
Endo,all_secretome_linked,WNT2B,3,-1,0.2809
Endo,all_secretome_linked,OLFML3,2,1,-0.0291
Endo,all_secretome_linked,NGF,1,1,0.0093
Endo,all_secretome_linked,NOTCH2NLA,1,-1,-1.0357
Endo,all_secretome_linked,NOTCH2NLC,1,1,0.4834
Endo,all_secretome_linked,C1orf54,3,-1,0.1974
Endo,all_secretome_linked,ECM1,3,-1,0.1867
Endo,all_secretome_linked,CTSS,1,1,-0.2564
Endo,all_secretome_linked,C1orf56,2,1,-0.454
Endo,all_secretome_linked,S100A13,2,-1,0.5679
Endo,all_secretome_linked,IL6R,3,1,0.9604
Endo,all_secretome_linked,EFNA1,2,-1,-0.0202
Endo,all_secretome_linked,THBS3,1,1,0.3803
Endo,all_secretome_linked,NAXE,2,1,0.7101
Endo,all_secretome_linked,HAPLN2,1,-1,0.6777
Endo,all_secretome_linked,BCAN,2,1,-0.4455
Endo,all_secretome_linked,HDGF,1,-1,-0.3476
Endo,all_secretome_linked,COPA,1,-1,1.1863
Endo,all_secretome_linked,CD48,2,1,1.0122
Endo,all_secretome_linked,ADAMTS4,4,-1,-0.2541
Endo,all_secretome_linked,FCGR3A,1,1,-0.7246
Endo,all_secretome_linked,OLFML2B,11,1,0.3069
Endo,all_secretome_linked,CREG1,1,1,-0.048
Endo,all_secretome_linked,TNR,1,-1,0.8182
Endo,all_secretome_linked,BRINP2,1,1,-0.4747
Endo,all_secretome_linked,ANGPTL1,1,-1,-0.4436
Endo,all_secretome_linked,QSOX1,2,1,-0.1416
Endo,all_secretome_linked,MR1,1,1,-0.2262
Endo,all_secretome_linked,LAMC1,1,-1,0.5654
Endo,all_secretome_linked,HMCN1,1,-1,-0.2619
Endo,all_secretome_linked,BRINP3,3,-1,-0.1859
Endo,all_secretome_linked,CFH,2,1,-1.0436
Endo,all_secretome_linked,CRB1,19,1,-0.327
Endo,all_secretome_linked,RNPEP,1,1,-0.2667
Endo,all_secretome_linked,PRELP,3,1,0.0395
Endo,all_secretome_linked,CNTN2,2,1,-0.7561
Endo,all_secretome_linked,FCMR,2,1,-0.0786
Endo,all_secretome_linked,CD55,1,-1,-0.7584
Endo,all_secretome_linked,NENF,1,1,0.0551
Endo,all_secretome_linked,TGFB2,3,-1,-0.173
Endo,all_secretome_linked,SUSD4,1,-1,-0.1612
Endo,all_secretome_linked,GALNT2,1,-1,0.1324
Endo,all_secretome_linked,AGT,1,1,-0.0974
Endo,all_secretome_linked,NID1,2,-1,-0.2637
Endo,all_secretome_linked,GREM2,1,-1,-0.5676
Endo,all_secretome_linked,NLRP3,2,-1,0.7881
Endo,all_secretome_linked,PXDN,1,-1,-0.18
Endo,all_secretome_linked,COLEC11,3,1,0.0561
Endo,all_secretome_linked,MATN3,3,1,-0.2615
Endo,all_secretome_linked,POMC,1,-1,-0.0678
Endo,all_secretome_linked,EMILIN1,1,1,-0.0196
Endo,all_secretome_linked,CGREF1,2,-1,0.9876
Endo,all_secretome_linked,FNDC4,1,1,0.0491
Endo,all_secretome_linked,LTBP1,17,1,0.4802
Endo,all_secretome_linked,CRIM1,2,1,0.3993
Endo,all_secretome_linked,QPCT,2,-1,0.0943
Endo,all_secretome_linked,PKDCC,2,-1,-0.3256
Endo,all_secretome_linked,EFEMP1,1,1,-1.0192
Endo,all_secretome_linked,TGFA,1,-1,-0.2062
Endo,all_secretome_linked,PRADC1,1,1,0.0495
Endo,all_secretome_linked,LOXL3,1,-1,-0.4202
Endo,all_secretome_linked,THNSL2,1,1,-0.1686
Endo,all_secretome_linked,MGAT4A,9,-1,-0.17
Endo,all_secretome_linked,CREG2,2,1,0.1441
Endo,all_secretome_linked,IL1R1,7,-1,-0.335
Endo,all_secretome_linked,IL1RL1,2,1,0.9187
Endo,all_secretome_linked,ECRG4,1,-1,0.6332
Endo,all_secretome_linked,MGAT5,27,-1,-0.1804
Endo,all_secretome_linked,LYPD6,1,-1,-0.3488
Endo,all_secretome_linked,NMI,1,1,0.4003
Endo,all_secretome_linked,TNFAIP6,1,-1,1.2229
Endo,all_secretome_linked,PLA2R1,3,1,0.3717
Endo,all_secretome_linked,FAP,3,1,-0.1587
Endo,all_secretome_linked,FRZB,1,-1,-0.0315
Endo,all_secretome_linked,TFPI,2,-1,-0.8195
Endo,all_secretome_linked,COL3A1,1,1,0.1076
Endo,all_secretome_linked,COL5A2,1,-1,0.4805
Endo,all_secretome_linked,TMEFF2,3,1,0.991
Endo,all_secretome_linked,NRP2,2,-1,0.1593
Endo,all_secretome_linked,ADAM23,1,-1,-0.7935
Endo,all_secretome_linked,VWC2L,1,-1,-0.4941
Endo,all_secretome_linked,FN1,1,-1,-0.4878
Endo,all_secretome_linked,IGFBP2,3,1,-0.1657
Endo,all_secretome_linked,IGFBP5,2,1,-0.8462
Endo,all_secretome_linked,WNT6,2,1,-0.2832
Endo,all_secretome_linked,ABCB6,1,1,0.1594
Endo,all_secretome_linked,GLB1L,2,-1,-0.0964
Endo,all_secretome_linked,SCG2,1,-1,0.7013
Endo,all_secretome_linked,SERPINE2,1,1,0.5754
Endo,all_secretome_linked,COL4A4,1,-1,0.8971
Endo,all_secretome_linked,COL4A3,1,-1,0.8971
Endo,all_secretome_linked,SNORC,1,1,0.4269
Endo,all_secretome_linked,COL6A3,3,-1,0.4448
Endo,all_secretome_linked,GPC1,6,1,-0.3015
Endo,all_secretome_linked,SNED1,9,-1,0.0062
Endo,all_secretome_linked,CHL1,16,-1,0.0448
Endo,all_secretome_linked,CNTN4,14,1,-0.2792
Endo,all_secretome_linked,TIMP4,1,1,-0.577
Endo,all_secretome_linked,FBLN2,6,-1,-0.2422
Endo,all_secretome_linked,COLQ,4,1,-0.4907
Endo,all_secretome_linked,BTD,8,1,0.444
Endo,all_secretome_linked,TGFBR2,2,-1,0.0903
Endo,all_secretome_linked,CRTAP,1,1,0.4024
Endo,all_secretome_linked,PDCD6IP,1,-1,-1.2177
Endo,all_secretome_linked,CCK,3,-1,0.1707
Endo,all_secretome_linked,GASK1A,2,1,0.3285
Endo,all_secretome_linked,CLEC3B,3,-1,-0.1319
Endo,all_secretome_linked,LTF,2,1,0.1833
Endo,all_secretome_linked,TDGF1,1,-1,0.6275
Endo,all_secretome_linked,CSPG5,1,-1,-0.3698
Endo,all_secretome_linked,SPINK8,1,1,-0.9947
Endo,all_secretome_linked,PLXNB1,4,1,0.8959
Endo,all_secretome_linked,LAMB2,1,-1,-0.058
Endo,all_secretome_linked,DAG1,1,-1,-0.3568
Endo,all_secretome_linked,SEMA3F,3,1,-0.5123
Endo,all_secretome_linked,SEMA3B,3,-1,0.1503
Endo,all_secretome_linked,HYAL1,2,-1,1.0437
Endo,all_secretome_linked,MANF,1,1,0.0925
Endo,all_secretome_linked,SEMA3G,2,-1,0.1963
Endo,all_secretome_linked,ITIH4,1,1,0.3014
Endo,all_secretome_linked,MUSTN1,2,-1,0.1742
Endo,all_secretome_linked,IL17RB,2,-1,0.4967
Endo,all_secretome_linked,ADAMTS9,2,-1,-0.1035
Endo,all_secretome_linked,TAFA1,16,-1,0.2038
Endo,all_secretome_linked,TAFA4,1,-1,-0.725
Endo,all_secretome_linked,EPHA3,1,-1,-0.0441
Endo,all_secretome_linked,PROS1,2,1,-0.0931
Endo,all_secretome_linked,COL8A1,1,1,-0.1291
Endo,all_secretome_linked,ABI3BP,1,1,0.5848
Endo,all_secretome_linked,NXPE3,4,-1,0.1997
Endo,all_secretome_linked,ALCAM,19,1,-0.5211
Endo,all_secretome_linked,CCDC80,2,1,-0.8979
Endo,all_secretome_linked,B4GALT4,2,1,1.2676
Endo,all_secretome_linked,PLA1A,2,1,-0.6122
Endo,all_secretome_linked,FSTL1,1,-1,-0.0931
Endo,all_secretome_linked,HEG1,1,-1,0.0185
Endo,all_secretome_linked,TF,4,1,-0.5125
Endo,all_secretome_linked,PCOLCE2,1,-1,0.6296
Endo,all_secretome_linked,DIPK2A,1,1,-0.0523
Endo,all_secretome_linked,CP,2,1,0.8775
Endo,all_secretome_linked,IGSF10,1,1,-0.1486
Endo,all_secretome_linked,C3orf33,1,-1,0.143
Endo,all_secretome_linked,RARRES1,1,1,0.2477
Endo,all_secretome_linked,BCHE,1,-1,-0.9671
Endo,all_secretome_linked,SERPINI1,1,-1,0.1741
Endo,all_secretome_linked,TNFSF10,1,-1,0.6286
Endo,all_secretome_linked,ST6GAL1,25,-1,0.2293
Endo,all_secretome_linked,MASP1,2,1,0.5135
Endo,all_secretome_linked,IL1RAP,6,-1,-0.0728
Endo,all_secretome_linked,APOD,3,1,-0.0228
Endo,all_secretome_linked,MUC20,2,1,1.5833
Endo,all_secretome_linked,TFRC,1,-1,-0.296
Endo,all_secretome_linked,FBXO45,1,-1,-0.189
Endo,all_secretome_linked,FGFR3,2,-1,0.1718
Endo,all_secretome_linked,C4orf48,1,1,-0.1354
Endo,all_secretome_linked,MAN2B2,1,1,0.3548
Endo,all_secretome_linked,C1QTNF7,14,1,0.4142
Endo,all_secretome_linked,SLIT2,2,-1,-0.0247
Endo,all_secretome_linked,SOD3,1,1,0.4761
Endo,all_secretome_linked,LGI2,2,1,-0.3483
Endo,all_secretome_linked,SMIM20,1,-1,0.7076
Endo,all_secretome_linked,CORIN,4,1,-0.473
Endo,all_secretome_linked,ERVMER34-1,1,1,-1.6941
Endo,all_secretome_linked,KDR,2,-1,-0.0739
Endo,all_secretome_linked,IGFBP7,1,-1,0.1354
Endo,all_secretome_linked,CXCL8,1,1,-0.9088
Endo,all_secretome_linked,CXCL1,1,1,-0.7722
Endo,all_secretome_linked,CXCL2,2,1,0.651
Endo,all_secretome_linked,ANTXR2,1,1,-0.3027
Endo,all_secretome_linked,SPARCL1,3,-1,0.5734
Endo,all_secretome_linked,SPP1,4,1,0.2027
Endo,all_secretome_linked,PKD2,7,1,-0.2525
Endo,all_secretome_linked,SNCA,1,1,-0.2849
Endo,all_secretome_linked,NPNT,1,-1,-0.736
Endo,all_secretome_linked,AIMP1,1,1,-0.2767
Endo,all_secretome_linked,DKK2,13,1,0.1918
Endo,all_secretome_linked,COL25A1,14,-1,0.0051
Endo,all_secretome_linked,PLA2G12A,1,1,1.2148
Endo,all_secretome_linked,CFI,3,1,-0.2356
Endo,all_secretome_linked,ARSJ,1,1,0.1447
Endo,all_secretome_linked,PRSS12,1,-1,-0.0628
Endo,all_secretome_linked,FGF2,1,1,0.8932
Endo,all_secretome_linked,ABHD18,1,1,-0.2284
Endo,all_secretome_linked,PGRMC2,2,1,0.6188
Endo,all_secretome_linked,IL15,5,1,0.4199
Endo,all_secretome_linked,HHIP,2,1,0.6008
Endo,all_secretome_linked,PRSS48,1,-1,-0.7754
Endo,all_secretome_linked,SFRP2,2,1,0.5197
Endo,all_secretome_linked,PDGFC,2,1,0.2923
Endo,all_secretome_linked,FSTL5,1,-1,-2.2273
Endo,all_secretome_linked,CPE,1,-1,0.0637
Endo,all_secretome_linked,TLL1,1,1,0.797
Endo,all_secretome_linked,SPOCK3,15,1,0.5686
Endo,all_secretome_linked,HMGB2,1,-1,0.168
Endo,all_secretome_linked,SCRG1,1,-1,-0.7435
Endo,all_secretome_linked,VEGFC,1,1,-0.1705
Endo,all_secretome_linked,SNX25,3,1,0.3269
Endo,all_secretome_linked,EXOC3-AS1,2,1,-0.282
Endo,all_secretome_linked,ADAMTS16,2,-1,-0.1458
Endo,all_secretome_linked,NSUN2,1,-1,-0.2375
Endo,all_secretome_linked,PDZD2,1,1,-0.2667
Endo,all_secretome_linked,ADAMTS12,2,-1,-1.5307
Endo,all_secretome_linked,C1QTNF3,2,1,0.1603
Endo,all_secretome_linked,PRLR,19,1,-0.2535
Endo,all_secretome_linked,IL7R,2,1,0.8811
Endo,all_secretome_linked,LIFR,6,1,0.4595
Endo,all_secretome_linked,GHR,6,1,-0.3125
Endo,all_secretome_linked,SELENOP,5,-1,0.3086
Endo,all_secretome_linked,CCL28,2,1,-0.2839
Endo,all_secretome_linked,IL6ST,4,-1,-0.6627
Endo,all_secretome_linked,ADAMTS6,2,1,-0.0862
Endo,all_secretome_linked,AGGF1,1,-1,0.2268
Endo,all_secretome_linked,ZBED3,1,-1,0.0318
Endo,all_secretome_linked,THBS4,1,1,0.1213
Endo,all_secretome_linked,VCAN,2,1,0.5302
Endo,all_secretome_linked,EDIL3,2,-1,0.8326
Endo,all_secretome_linked,ARSK,1,-1,-0.713
Endo,all_secretome_linked,PCSK1,2,-1,0.522
Endo,all_secretome_linked,ERAP1,2,-1,-0.3625
Endo,all_secretome_linked,ERAP2,3,-1,0.2968
Endo,all_secretome_linked,LNPEP,2,1,-0.509
Endo,all_secretome_linked,ST8SIA4,2,-1,0.5372
Endo,all_secretome_linked,PAM,2,-1,-0.2641
Endo,all_secretome_linked,ADAMTS19,2,1,0.6967
Endo,all_secretome_linked,CXCL14,1,-1,-0.117
Endo,all_secretome_linked,TGFBI,5,1,0.2442
Endo,all_secretome_linked,SPOCK1,31,1,-0.0183
Endo,all_secretome_linked,NRG2,22,1,0.1842
Endo,all_secretome_linked,HBEGF,1,-1,-0.4113
Endo,all_secretome_linked,CD14,2,-1,-0.0206
Endo,all_secretome_linked,PCDHA10,1,1,-0.7701
Endo,all_secretome_linked,PCDH12,2,-1,1.108
Endo,all_secretome_linked,NDFIP1,2,-1,-0.4223
Endo,all_secretome_linked,FGF1,18,-1,0.0663
Endo,all_secretome_linked,PCYOX1L,2,1,-0.2892
Endo,all_secretome_linked,CD74,3,1,0.6558
Endo,all_secretome_linked,GPX3,2,1,0.6659
Endo,all_secretome_linked,SPARC,2,1,1.3075
Endo,all_secretome_linked,C1QTNF2,1,-1,-1.719
Endo,all_secretome_linked,SLIT3,44,1,-0.1633
Endo,all_secretome_linked,STC2,2,-1,-0.5707
Endo,all_secretome_linked,ADAMTS2,1,1,0.6022
Endo,all_secretome_linked,FLT4,2,-1,1.1266
Endo,all_secretome_linked,SERPINB1,1,1,1.074
Endo,all_secretome_linked,F13A1,1,1,-0.3174
Endo,all_secretome_linked,LY86,1,1,0.896
Endo,all_secretome_linked,BMP6,2,-1,0.4531
Endo,all_secretome_linked,EDN1,3,-1,0.8798
Endo,all_secretome_linked,GFOD1,20,-1,0.2948
Endo,all_secretome_linked,KIAA0319,8,1,0.1735
Endo,all_secretome_linked,GABBR1,2,-1,-0.2423
Endo,all_secretome_linked,HLA-E,2,-1,-1.1603
Endo,all_secretome_linked,DDR1,4,1,1.0004
Endo,all_secretome_linked,BAG6,1,-1,-0.3798
Endo,all_secretome_linked,LY6G5C,1,1,-0.5903
Endo,all_secretome_linked,HSPA1A,1,-1,-0.232
Endo,all_secretome_linked,C2,6,-1,-0.3032
Endo,all_secretome_linked,CFB,1,1,0.0764
Endo,all_secretome_linked,TNXB,10,-1,-0.3086
Endo,all_secretome_linked,EGFL8,1,-1,0.1209
Endo,all_secretome_linked,CUTA,2,1,-0.3452
Endo,all_secretome_linked,PI16,4,1,0.1133
Endo,all_secretome_linked,PTK7,1,1,0.6282
Endo,all_secretome_linked,VEGFA,1,1,-0.1077
Endo,all_secretome_linked,HSP90AB1,1,-1,-0.0305
Endo,all_secretome_linked,ENPP5,1,1,1.2536
Endo,all_secretome_linked,COL21A1,13,1,-0.0511
Endo,all_secretome_linked,EYS,8,-1,-0.1793
Endo,all_secretome_linked,COL9A1,3,1,-0.8828
Endo,all_secretome_linked,COL12A1,5,1,-0.5867
Endo,all_secretome_linked,CD164,2,-1,0.2275
Endo,all_secretome_linked,METTL24,1,1,2.2563
Endo,all_secretome_linked,LAMA4,2,-1,-0.8356
Endo,all_secretome_linked,SMPDL3A,1,1,-0.4618
Endo,all_secretome_linked,RSPO3,1,1,-0.8738
Endo,all_secretome_linked,LAMA2,1,-1,-0.1981
Endo,all_secretome_linked,ENPP3,2,1,-0.2089
Endo,all_secretome_linked,CCN2,1,-1,0.724
Endo,all_secretome_linked,FUCA2,1,1,0.5689
Endo,all_secretome_linked,VIP,2,-1,-0.6682
Endo,all_secretome_linked,FNDC1,1,-1,1.8832
Endo,all_secretome_linked,RNASET2,1,1,-0.0375
Endo,all_secretome_linked,SMOC2,25,-1,0.1951
Endo,all_secretome_linked,THBS2,2,1,-0.5694
Endo,all_secretome_linked,C6orf120,2,-1,0.4774
Endo,all_secretome_linked,FAM20C,1,-1,0.3509
Endo,all_secretome_linked,PDGFA,2,-1,-0.4164
Endo,all_secretome_linked,NXPH1,20,-1,-0.203
Endo,all_secretome_linked,THSD7A,1,1,-0.8344
Endo,all_secretome_linked,IL6,4,1,-0.2811
Endo,all_secretome_linked,CCDC126,1,1,-0.1996
Endo,all_secretome_linked,NPY,3,1,0.6848
Endo,all_secretome_linked,HNRNPA2B1,1,-1,-0.0239
Endo,all_secretome_linked,BMPER,1,1,-0.4771
Endo,all_secretome_linked,AOAH,2,1,-0.3496
Endo,all_secretome_linked,EPDR1,16,1,0.206
Endo,all_secretome_linked,AEBP1,6,1,0.2417
Endo,all_secretome_linked,PPIA,1,-1,0.0822
Endo,all_secretome_linked,IGFBP3,3,1,0.2555
Endo,all_secretome_linked,VWC2,1,-1,0.239
Endo,all_secretome_linked,EGFR,35,-1,0.0734
Endo,all_secretome_linked,STX1A,4,1,0.7065
Endo,all_secretome_linked,ELN,1,1,0.1053
Endo,all_secretome_linked,ZP3,5,1,-0.2977
Endo,all_secretome_linked,FGL2,2,-1,-0.5678
Endo,all_secretome_linked,SEMA3C,1,1,0.0603
Endo,all_secretome_linked,HGF,1,-1,-0.4239
Endo,all_secretome_linked,SEMA3E,1,-1,-0.3369
Endo,all_secretome_linked,SEMA3A,2,1,0.1845
Endo,all_secretome_linked,SEMA3D,2,1,0.1138
Endo,all_secretome_linked,TFPI2,1,-1,-0.0206
Endo,all_secretome_linked,COL1A2,1,1,-1.2606
Endo,all_secretome_linked,PON3,1,1,-0.8307
Endo,all_secretome_linked,PON2,1,-1,0.2919
Endo,all_secretome_linked,NPTX2,1,1,-1.6132
Endo,all_secretome_linked,CNPY4,1,-1,-1.0475
Endo,all_secretome_linked,PILRA,2,1,1.1838
Endo,all_secretome_linked,PCOLCE,1,1,0.4917
Endo,all_secretome_linked,SERPINE1,1,-1,0.6411
Endo,all_secretome_linked,VGF,3,-1,0.9532
Endo,all_secretome_linked,PLOD3,1,1,0.0004
Endo,all_secretome_linked,COL26A1,1,-1,1.3486
Endo,all_secretome_linked,LRRC17,2,-1,0.7439
Endo,all_secretome_linked,RELN,1,1,1.2659
Endo,all_secretome_linked,NAMPT,1,1,0.071
Endo,all_secretome_linked,LAMB1,1,-1,1.1842
Endo,all_secretome_linked,NRCAM,30,1,-0.0383
Endo,all_secretome_linked,MDFIC,1,1,-0.3327
Endo,all_secretome_linked,MET,5,1,0.9938
Endo,all_secretome_linked,FAM3C,2,1,-0.508
Endo,all_secretome_linked,PTPRZ1,1,-1,-0.3488
Endo,all_secretome_linked,HILPDA,2,1,-0.0312
Endo,all_secretome_linked,CALU,1,1,0.1783
Endo,all_secretome_linked,PTN,1,-1,0.195
Endo,all_secretome_linked,EPHB6,1,1,-0.3404
Endo,all_secretome_linked,RARRES2,1,1,-0.2048
Endo,all_secretome_linked,ANGPT2,1,1,-0.9976
Endo,all_secretome_linked,CTSB,1,1,-0.0703
Endo,all_secretome_linked,PDGFRL,1,1,0.1739
Endo,all_secretome_linked,ASAH1,2,-1,-1.1337
Endo,all_secretome_linked,LPL,1,1,0.5806
Endo,all_secretome_linked,BMP1,1,1,-0.838
Endo,all_secretome_linked,PEBP4,1,-1,-0.3251
Endo,all_secretome_linked,LOXL2,1,1,-0.1709
Endo,all_secretome_linked,STC1,2,1,0.6785
Endo,all_secretome_linked,ADAM28,2,1,-0.228
Endo,all_secretome_linked,CLU,2,1,-0.0426
Endo,all_secretome_linked,NRG1,36,-1,0.4655
Endo,all_secretome_linked,ADAM9,1,-1,-0.057
Endo,all_secretome_linked,SFRP1,1,1,1.7047
Endo,all_secretome_linked,PLAT,3,-1,-0.2439
Endo,all_secretome_linked,PXDNL,2,1,0.5345
Endo,all_secretome_linked,SDCBP,2,-1,-0.3315
Endo,all_secretome_linked,GGH,1,1,-0.4226
Endo,all_secretome_linked,SULF1,5,1,-0.2562
Endo,all_secretome_linked,LY96,1,1,-0.5985
Endo,all_secretome_linked,CRISPLD1,1,-1,-0.2965
Endo,all_secretome_linked,IL7,1,1,0.4472
Endo,all_secretome_linked,FABP5,1,1,0.1513
Endo,all_secretome_linked,MMP16,1,-1,-0.2246
Endo,all_secretome_linked,CPQ,1,1,-0.5917
Endo,all_secretome_linked,MATN2,5,1,-0.2385
Endo,all_secretome_linked,CTHRC1,2,1,-0.5469
Endo,all_secretome_linked,TNFRSF11B,1,-1,-0.5208
Endo,all_secretome_linked,CCN3,1,-1,0.0964
Endo,all_secretome_linked,ENPP2,16,1,0.3204
Endo,all_secretome_linked,COL14A1,10,-1,-0.6663
Endo,all_secretome_linked,CCN4,1,1,-0.2221
Endo,all_secretome_linked,ST3GAL1,1,-1,-0.1696
Endo,all_secretome_linked,ADGRB1,8,1,-0.0807
Endo,all_secretome_linked,LY6K,1,-1,1.0934
Endo,all_secretome_linked,THEM6,1,-1,-0.044
Endo,all_secretome_linked,GSDMD,2,1,-0.0541
Endo,all_secretome_linked,INSL6,1,1,-0.6245
Endo,all_secretome_linked,CD274,2,1,1.1193
Endo,all_secretome_linked,PDCD1LG2,2,1,1.439
Endo,all_secretome_linked,IL33,6,1,-0.3015
Endo,all_secretome_linked,FREM1,11,1,0.4452
Endo,all_secretome_linked,ADAMTSL1,27,1,0.45
Endo,all_secretome_linked,TEK,1,-1,1.911
Endo,all_secretome_linked,C9orf72,1,-1,-0.0745
Endo,all_secretome_linked,B4GALT1,1,-1,-0.0774
Endo,all_secretome_linked,PRSS3,7,-1,0.4034
Endo,all_secretome_linked,ENHO,1,1,0.391
Endo,all_secretome_linked,IL11RA,2,1,-0.3021
Endo,all_secretome_linked,MAMDC2,1,1,0.6726
Endo,all_secretome_linked,ANXA1,4,-1,0.4531
Endo,all_secretome_linked,PCSK5,1,1,0.5427
Endo,all_secretome_linked,CTSL,1,1,0.1384
Endo,all_secretome_linked,OGN,1,1,-0.4656
Endo,all_secretome_linked,ASPN,2,1,-0.4216
Endo,all_secretome_linked,ECM2,4,1,-0.3349
Endo,all_secretome_linked,NINJ1,3,1,-0.3752
Endo,all_secretome_linked,COL15A1,1,1,0.4379
Endo,all_secretome_linked,TXN,1,-1,0.3417
Endo,all_secretome_linked,SVEP1,1,-1,0.1894
Endo,all_secretome_linked,COL27A1,2,-1,-0.2722
Endo,all_secretome_linked,TNC,4,1,1.5308
Endo,all_secretome_linked,PAPPA,1,-1,0.0681
Endo,all_secretome_linked,GSN,28,1,0.2692
Endo,all_secretome_linked,CRB2,5,1,0.1573
Endo,all_secretome_linked,OLFML2A,9,-1,-0.1279
Endo,all_secretome_linked,ANGPTL2,1,-1,0.082
Endo,all_secretome_linked,TOR2A,1,1,0.1938
Endo,all_secretome_linked,LAMC3,1,-1,-0.6875
Endo,all_secretome_linked,ABO,4,-1,0.2685
Endo,all_secretome_linked,ADAMTSL2,2,-1,0.8349
Endo,all_secretome_linked,COL5A1,1,-1,0.5862
Endo,all_secretome_linked,OLFM1,4,1,-0.2817
Endo,all_secretome_linked,QSOX2,2,-1,0.4424
Endo,all_secretome_linked,EGFL7,2,-1,0.2371
Endo,all_secretome_linked,LCN6,2,1,-0.0506
Endo,all_secretome_linked,PTGDS,2,1,-0.4622
Endo,all_secretome_linked,CLIC3,1,-1,0.2077
Endo,all_secretome_linked,DPP7,1,1,0.2231
Endo,all_secretome_linked,IL15RA,1,1,-0.2516
Endo,all_secretome_linked,ITIH5,9,-1,0.4894
Endo,all_secretome_linked,CCDC3,13,-1,-0.1462
Endo,all_secretome_linked,CDNF,1,1,-0.3713
Endo,all_secretome_linked,NRP1,1,-1,-0.3715
Endo,all_secretome_linked,CXCL12,2,-1,0.7215
Endo,all_secretome_linked,VSTM4,2,1,0.2755
Endo,all_secretome_linked,PCDH15,1,-1,0.9721
Endo,all_secretome_linked,SRGN,3,1,0.6553
Endo,all_secretome_linked,NODAL,1,-1,1.6501
Endo,all_secretome_linked,ADAMTS14,3,1,0.575
Endo,all_secretome_linked,PSAP,2,1,0.2833
Endo,all_secretome_linked,SPOCK2,2,-1,0.2887
Endo,all_secretome_linked,PLAU,1,1,0.8279
Endo,all_secretome_linked,PLAC9,3,1,0.5038
Endo,all_secretome_linked,PRXL2A,6,1,-0.3127
Endo,all_secretome_linked,NRG3,71,1,-0.1681
Endo,all_secretome_linked,MMRN2,2,-1,-0.2826
Endo,all_secretome_linked,MINPP1,1,1,0.2467
Endo,all_secretome_linked,PTEN,1,1,0.2621
Endo,all_secretome_linked,RNLS,1,1,0.1646
Endo,all_secretome_linked,FAS,1,1,0.1102
Endo,all_secretome_linked,FGFBP3,1,-1,0.3226
Endo,all_secretome_linked,IDE,4,1,0.0631
Endo,all_secretome_linked,LGI1,2,1,0.2655
Endo,all_secretome_linked,TLL2,1,-1,-0.4064
Endo,all_secretome_linked,SLIT1,2,-1,-1.2707
Endo,all_secretome_linked,HPSE2,12,1,-0.0358
Endo,all_secretome_linked,CASP7,5,-1,0.0339
Endo,all_secretome_linked,VWA2,1,1,0.1613
Endo,all_secretome_linked,FGFR2,12,1,0.3976
Endo,all_secretome_linked,HTRA1,3,-1,0.0774
Endo,all_secretome_linked,FAM24B,1,-1,0.1403
Endo,all_secretome_linked,ADAM12,2,-1,-1.0945
Endo,all_secretome_linked,DEAF1,2,1,0.2838
Endo,all_secretome_linked,GATD1,1,1,0.1863
Endo,all_secretome_linked,CHID1,3,-1,-0.6496
Endo,all_secretome_linked,CTSD,1,1,-0.786
Endo,all_secretome_linked,SMPD1,1,-1,-0.5663
Endo,all_secretome_linked,OLFML1,2,-1,-0.3034
Endo,all_secretome_linked,TUB,13,1,-0.6598
Endo,all_secretome_linked,SCUBE2,1,1,-0.6019
Endo,all_secretome_linked,ADM,5,-1,0.0561
Endo,all_secretome_linked,MTRNR2L8,1,-1,-0.06
Endo,all_secretome_linked,DKK3,2,1,-0.6208
Endo,all_secretome_linked,SPON1,1,-1,-0.8523
Endo,all_secretome_linked,NUCB2,1,1,-0.2338
Endo,all_secretome_linked,NELL1,1,-1,0.8339
Endo,all_secretome_linked,LUZP2,6,-1,0.1772
Endo,all_secretome_linked,FIBIN,2,1,1.0506
Endo,all_secretome_linked,BDNF,7,1,0.2929
Endo,all_secretome_linked,CD59,5,-1,0.9123
Endo,all_secretome_linked,CD44,9,1,0.512
Endo,all_secretome_linked,PAMR1,6,1,0.5963
Endo,all_secretome_linked,FJX1,2,1,-0.1646
Endo,all_secretome_linked,EXT2,2,1,0.8358
Endo,all_secretome_linked,MDK,1,-1,0.1747
Endo,all_secretome_linked,C1QTNF4,3,-1,0.2102
Endo,all_secretome_linked,PTPRJ,1,1,-0.4606
Endo,all_secretome_linked,SERPING1,1,1,-0.6407
Endo,all_secretome_linked,VEGFB,2,1,-0.3758
Endo,all_secretome_linked,LTBP3,4,1,0.2181
Endo,all_secretome_linked,EFEMP2,1,1,-0.1286
Endo,all_secretome_linked,IL18BP,2,1,0.0869
Endo,all_secretome_linked,TSKU,3,1,0.0668
Endo,all_secretome_linked,PRSS23,1,1,-0.5875
Endo,all_secretome_linked,ENDOD1,1,-1,0.4161
Endo,all_secretome_linked,PDGFD,1,1,0.7977
Endo,all_secretome_linked,CASP4,3,1,-0.461
Endo,all_secretome_linked,CRYAB,5,1,0.5201
Endo,all_secretome_linked,IL18,1,1,-0.9943
Endo,all_secretome_linked,NCAM1,1,1,-0.2101
Endo,all_secretome_linked,TMEM25,1,1,-0.6808
Endo,all_secretome_linked,NECTIN1,2,-1,-0.3287
Endo,all_secretome_linked,OAF,1,1,0.3683
Endo,all_secretome_linked,TECTA,1,1,2.5349
Endo,all_secretome_linked,SORL1,34,1,0.2655
Endo,all_secretome_linked,ST3GAL4,13,-1,0.2662
Endo,all_secretome_linked,KIRREL3,1,-1,0.885
Endo,all_secretome_linked,ADAMTS8,2,-1,-0.2704
Endo,all_secretome_linked,JAM3,1,1,0.687
Endo,all_secretome_linked,B3GAT1,6,1,-0.0583
Endo,all_secretome_linked,WNT5B,15,1,0.2513
Endo,all_secretome_linked,TULP3,1,1,0.231
Endo,all_secretome_linked,VWF,2,-1,0.2696
Endo,all_secretome_linked,CD9,11,-1,-0.2806
Endo,all_secretome_linked,TNFRSF1A,2,1,-1.108
Endo,all_secretome_linked,C1S,9,1,0.1095
Endo,all_secretome_linked,C1R,2,1,-0.5247
Endo,all_secretome_linked,C1RL,1,1,-0.6907
Endo,all_secretome_linked,CD163L1,1,-1,0.4767
Endo,all_secretome_linked,CD163,1,1,0.5187
Endo,all_secretome_linked,A2M,3,-1,0.0547
Endo,all_secretome_linked,MGP,2,1,0.0923
Endo,all_secretome_linked,SPX,2,1,0.1024
Endo,all_secretome_linked,NELL2,2,-1,1.0114
Endo,all_secretome_linked,IGFBP6,1,1,-0.1465
Endo,all_secretome_linked,NPFF,1,-1,0.2633
Endo,all_secretome_linked,CD63,1,-1,-0.1274
Endo,all_secretome_linked,GDF11,2,-1,0.8302
Endo,all_secretome_linked,ERBB3,3,1,0.1156
Endo,all_secretome_linked,NXPH4,1,1,-0.1472
Endo,all_secretome_linked,PTPRR,9,-1,-0.8571
Endo,all_secretome_linked,GLIPR1L1,3,1,-0.7332
Endo,all_secretome_linked,KITLG,1,-1,-0.0268
Endo,all_secretome_linked,LUM,1,-1,-1.378
Endo,all_secretome_linked,DCN,2,1,0.1963
Endo,all_secretome_linked,NTN4,1,1,-0.3463
Endo,all_secretome_linked,IGF1,2,1,-1.239
Endo,all_secretome_linked,TCTN1,1,1,0.046
Endo,all_secretome_linked,OAS1,1,-1,-0.1346
Endo,all_secretome_linked,MMP17,4,-1,-0.0695
Endo,all_secretome_linked,IL17D,1,1,0.1413
Endo,all_secretome_linked,FLT1,27,-1,-0.1592
Endo,all_secretome_linked,HMGB1,13,-1,-0.6195
Endo,all_secretome_linked,KL,2,1,-0.555
Endo,all_secretome_linked,NHLRC3,1,-1,-0.3509
Endo,all_secretome_linked,ENOX1,2,1,-0.2497
Endo,all_secretome_linked,ITM2B,3,1,-0.1959
Endo,all_secretome_linked,THSD1,2,-1,-0.294
Endo,all_secretome_linked,PIBF1,1,1,0.2928
Endo,all_secretome_linked,CLN5,1,1,0.2415
Endo,all_secretome_linked,SLITRK1,2,-1,0.5402
Endo,all_secretome_linked,GPC5,14,-1,0.6216
Endo,all_secretome_linked,GPC6,42,1,-0.1027
Endo,all_secretome_linked,TNFSF13B,2,1,0.2304
Endo,all_secretome_linked,COL4A1,1,-1,0.0163
Endo,all_secretome_linked,COL4A2,1,-1,0.0163
Endo,all_secretome_linked,F10,3,-1,-0.5746
Endo,all_secretome_linked,GAS6,2,1,0.3343
Endo,all_secretome_linked,RNASE4,2,1,0.5321
Endo,all_secretome_linked,RNASE1,3,-1,0.2935
Endo,all_secretome_linked,C14orf93,1,1,0.4029
Endo,all_secretome_linked,DHRS4L2,5,1,-0.7583
Endo,all_secretome_linked,COCH,1,-1,-0.0988
Endo,all_secretome_linked,FAM177A1,2,-1,-1.3017
Endo,all_secretome_linked,TMX1,1,1,0.2024
Endo,all_secretome_linked,NID2,1,-1,0.0533
Endo,all_secretome_linked,TXNDC16,1,1,0.1584
Endo,all_secretome_linked,ERO1A,1,1,0.106
Endo,all_secretome_linked,BMP4,2,1,-0.3206
Endo,all_secretome_linked,LGALS3,1,1,0.7329
Endo,all_secretome_linked,SMOC1,3,1,-0.296
Endo,all_secretome_linked,ENTPD5,1,1,-0.608
Endo,all_secretome_linked,NPC2,1,1,-0.0448
Endo,all_secretome_linked,PGF,3,1,-0.3702
Endo,all_secretome_linked,TGFB3,3,-1,0.3007
Endo,all_secretome_linked,VASH1,6,-1,0.4962
Endo,all_secretome_linked,FLRT2,4,1,-0.0804
Endo,all_secretome_linked,FBLN5,2,1,-0.4146
Endo,all_secretome_linked,SERPINA3,1,1,1.3169
Endo,all_secretome_linked,HHIPL1,2,1,0.0036
Endo,all_secretome_linked,WDR25,3,-1,0.0864
Endo,all_secretome_linked,SCG5,1,1,0.5155
Endo,all_secretome_linked,THBS1,2,-1,-0.3899
Endo,all_secretome_linked,B2M,2,1,0.3846
Endo,all_secretome_linked,SORD,5,1,-0.0078
Endo,all_secretome_linked,FBN1,1,1,0.3
Endo,all_secretome_linked,GLDN,5,1,0.2952
Endo,all_secretome_linked,SCG3,1,-1,1.2511
Endo,all_secretome_linked,ANXA2,1,-1,0.0409
Endo,all_secretome_linked,PPIB,1,1,0.346
Endo,all_secretome_linked,C15orf61,1,1,0.3751
Endo,all_secretome_linked,SPESP1,1,-1,0.0866
Endo,all_secretome_linked,THSD4,45,-1,0.3382
Endo,all_secretome_linked,ADPGK,6,-1,-0.2125
Endo,all_secretome_linked,LOXL1,3,1,0.4099
Endo,all_secretome_linked,ISLR,3,1,-0.9813
Endo,all_secretome_linked,CEMIP,1,1,0.0248
Endo,all_secretome_linked,IL16,13,1,-0.0751
Endo,all_secretome_linked,ADAMTSL3,1,1,-0.766
Endo,all_secretome_linked,NMB,1,1,1.2562
Endo,all_secretome_linked,HAPLN3,2,-1,0.6101
Endo,all_secretome_linked,MFGE8,2,-1,0.4861
Endo,all_secretome_linked,NGRN,1,1,0.468
Endo,all_secretome_linked,FURIN,5,1,-0.493
Endo,all_secretome_linked,RGMA,4,1,1.4718
Endo,all_secretome_linked,ADAMTS17,1,-1,-0.205
Endo,all_secretome_linked,CHSY1,1,1,0.4589
Endo,all_secretome_linked,PCSK6,28,1,-0.4311
Endo,all_secretome_linked,METRN,2,1,-0.2178
Endo,all_secretome_linked,GNPTG,1,1,-0.0308
Endo,all_secretome_linked,GFER,2,1,0.0074
Endo,all_secretome_linked,PKD1,2,-1,-0.5088
Endo,all_secretome_linked,MMP25,2,-1,0.2012
Endo,all_secretome_linked,IL32,1,-1,-0.1597
Endo,all_secretome_linked,DNASE1,1,-1,1.2281
Endo,all_secretome_linked,VASN,5,-1,-0.9855
Endo,all_secretome_linked,C16orf89,1,-1,-0.9025
Endo,all_secretome_linked,XYLT1,1,1,-0.4278
Endo,all_secretome_linked,VWA3A,3,1,-0.569
Endo,all_secretome_linked,IL4R,11,1,0.3034
Endo,all_secretome_linked,PRSS53,1,1,-1.7775
Endo,all_secretome_linked,ITFG1,1,1,-0.3118
Endo,all_secretome_linked,MMP2,10,1,-0.5393
Endo,all_secretome_linked,RSPRY1,1,1,-0.4596
Endo,all_secretome_linked,CX3CL1,1,1,-0.4276
Endo,all_secretome_linked,ADGRG1,10,1,-0.0731
Endo,all_secretome_linked,CKLF,2,1,-0.0311
Endo,all_secretome_linked,CES4A,4,1,0.4608
Endo,all_secretome_linked,GFOD2,1,-1,-0.121
Endo,all_secretome_linked,LCAT,3,-1,1.3152
Endo,all_secretome_linked,PLA2G15,3,-1,-0.7322
Endo,all_secretome_linked,ST3GAL2,10,-1,0.1972
Endo,all_secretome_linked,IL34,12,-1,-0.0075
Endo,all_secretome_linked,MBTPS1,1,1,-0.0296
Endo,all_secretome_linked,WFDC1,1,-1,0.3435
Endo,all_secretome_linked,CRISPLD2,2,-1,0.6694
Endo,all_secretome_linked,CYB5D2,1,1,-0.3849
Endo,all_secretome_linked,CXCL16,1,1,0.014
Endo,all_secretome_linked,C1QBP,1,1,-0.0724
Endo,all_secretome_linked,TNFSF12,1,1,0.3045
Endo,all_secretome_linked,TNFSF13,2,1,0.089
Endo,all_secretome_linked,NTN1,1,-1,0.1795
Endo,all_secretome_linked,MTRNR2L1,2,1,-0.2294
Endo,all_secretome_linked,LGALS9,2,1,0.2938
Endo,all_secretome_linked,SDF2,1,-1,0.533
Endo,all_secretome_linked,TMEM98,1,1,0.6253
Endo,all_secretome_linked,CCL2,1,1,0.6357
Endo,all_secretome_linked,MMP28,1,-1,1.5042
Endo,all_secretome_linked,CCL5,1,1,0.6446
Endo,all_secretome_linked,CCL4,2,1,0.0704
Endo,all_secretome_linked,DHRS11,1,1,0.1055
Endo,all_secretome_linked,PLXDC1,2,1,0.6268
Endo,all_secretome_linked,IGFBP4,1,1,0.3239
Endo,all_secretome_linked,IFI35,1,-1,-1.2328
Endo,all_secretome_linked,GRN,3,1,-0.2633
Endo,all_secretome_linked,MAPT,14,1,0.3545
Endo,all_secretome_linked,XYLT2,1,-1,-0.028
Endo,all_secretome_linked,SPATA20,1,1,-0.4762
Endo,all_secretome_linked,CA10,2,-1,0.3074
Endo,all_secretome_linked,C17orf67,1,1,0.6857
Endo,all_secretome_linked,SCPEP1,1,1,0.1046
Endo,all_secretome_linked,RNF43,3,-1,0.3827
Endo,all_secretome_linked,ACE,2,-1,0.1528
Endo,all_secretome_linked,FAM20A,10,-1,0.0844
Endo,all_secretome_linked,TIMP2,17,1,-0.3408
Endo,all_secretome_linked,LGALS3BP,1,-1,0.2815
Endo,all_secretome_linked,CANT1,5,-1,-0.3349
Endo,all_secretome_linked,C1QTNF1,9,-1,-0.0492
Endo,all_secretome_linked,NPTX1,2,-1,0.2424
Endo,all_secretome_linked,P4HB,1,1,0.6425
Endo,all_secretome_linked,METRNL,1,-1,-0.125
Endo,all_secretome_linked,EMILIN2,2,1,-0.727
Endo,all_secretome_linked,LAMA1,14,-1,0.2874
Endo,all_secretome_linked,TWSG1,1,-1,-0.0527
Endo,all_secretome_linked,LAMA3,19,-1,-0.337
Endo,all_secretome_linked,CHST9,5,-1,-0.1123
Endo,all_secretome_linked,TTR,3,1,0.4675
Endo,all_secretome_linked,GALNT1,1,1,1.4239
Endo,all_secretome_linked,C18orf54,1,1,-0.4255
Endo,all_secretome_linked,TCF4,74,-1,0.0859
Endo,all_secretome_linked,GRP,1,-1,1.0663
Endo,all_secretome_linked,CCBE1,14,-1,0.2199
Endo,all_secretome_linked,CBLN2,8,-1,0.1932
Endo,all_secretome_linked,NETO1,1,-1,-0.5386
Endo,all_secretome_linked,CNDP1,1,-1,-0.9207
Endo,all_secretome_linked,FSTL3,3,1,-0.0276
Endo,all_secretome_linked,IZUMO4,1,1,-0.0432
Endo,all_secretome_linked,AMH,1,-1,-0.9572
Endo,all_secretome_linked,MYDGF,1,1,0.0508
Endo,all_secretome_linked,HSD11B1L,1,1,-0.0903
Endo,all_secretome_linked,C3,2,1,0.0858
Endo,all_secretome_linked,ANGPTL4,2,1,0.0997
Endo,all_secretome_linked,ADAMTS10,4,1,-0.2203
Endo,all_secretome_linked,OLFM2,13,-1,-0.1459
Endo,all_secretome_linked,COL5A3,2,-1,-0.0617
Endo,all_secretome_linked,EPOR,2,1,-1.0921
Endo,all_secretome_linked,MAN2B1,2,1,0.5313
Endo,all_secretome_linked,CALR,1,1,0.4696
Endo,all_secretome_linked,SAMD1,1,1,0.1292
Endo,all_secretome_linked,ADGRE5,1,1,0.0916
Endo,all_secretome_linked,CPAMD8,2,-1,0.336
Endo,all_secretome_linked,IFI30,1,1,0.0868
Endo,all_secretome_linked,NCAN,2,-1,-0.9067
Endo,all_secretome_linked,GPI,1,1,-0.0167
Endo,all_secretome_linked,SCGB2B2,6,1,0.0432
Endo,all_secretome_linked,SCN1B,2,1,0.6533
Endo,all_secretome_linked,LGI4,1,1,1.3143
Endo,all_secretome_linked,HSPB6,1,1,0.0363
Endo,all_secretome_linked,CATSPERG,1,1,0.1581
Endo,all_secretome_linked,LTBP4,6,1,0.2397
Endo,all_secretome_linked,TGFB1,2,1,0.5707
Endo,all_secretome_linked,CEACAM1,1,1,-0.1033
Endo,all_secretome_linked,PLAUR,2,-1,-0.1133
Endo,all_secretome_linked,PVR,1,-1,-0.2563
Endo,all_secretome_linked,APOE,3,1,0.4903
Endo,all_secretome_linked,APOC1,2,1,-0.5952
Endo,all_secretome_linked,APOC2,2,1,0.001
Endo,all_secretome_linked,FKRP,2,-1,-0.5789
Endo,all_secretome_linked,CA11,1,-1,0.0531
Endo,all_secretome_linked,NUCB1,1,1,-0.2259
Endo,all_secretome_linked,FLT3LG,2,1,-0.2787
Endo,all_secretome_linked,ADM5,1,1,-0.0262
Endo,all_secretome_linked,EMC10,2,1,0.1484
Endo,all_secretome_linked,CLEC11A,1,-1,-0.0145
Endo,all_secretome_linked,KLK6,1,1,1.3461
Endo,all_secretome_linked,SSC5D,4,-1,-0.3252
Endo,all_secretome_linked,A1BG,1,1,-1.4635
Endo,all_secretome_linked,RSPO4,2,1,-0.9704
Endo,all_secretome_linked,ATRN,1,1,-0.7941
Endo,all_secretome_linked,C20orf27,2,1,-0.0144
Endo,all_secretome_linked,CHGB,1,-1,-0.0145
Endo,all_secretome_linked,BMP2,3,1,1.1028
Endo,all_secretome_linked,ISM1,1,-1,-0.0729
Endo,all_secretome_linked,PCSK2,2,-1,-1.0442
Endo,all_secretome_linked,CST3,2,1,0.3809
Endo,all_secretome_linked,ENTPD6,1,1,-0.0981
Endo,all_secretome_linked,MMP24,1,-1,-0.7506
Endo,all_secretome_linked,SOGA1,2,-1,-0.1492
Endo,all_secretome_linked,VSTM2L,2,1,0.2172
Endo,all_secretome_linked,TGM2,1,1,0.5702
Endo,all_secretome_linked,SDC4,1,1,0.13
Endo,all_secretome_linked,PLTP,1,1,0.5361
Endo,all_secretome_linked,CD40,1,1,0.0243
Endo,all_secretome_linked,SULF2,1,1,0.1767
Endo,all_secretome_linked,BMP7,1,1,-0.1353
Endo,all_secretome_linked,GNAS,14,-1,-0.1946
Endo,all_secretome_linked,EDN3,2,-1,1.0685
Endo,all_secretome_linked,LAMA5,1,1,0.087
Endo,all_secretome_linked,TNFRSF6B,2,1,0.367
Endo,all_secretome_linked,CXADR,1,1,-0.8083
Endo,all_secretome_linked,APP,5,-1,-0.1643
Endo,all_secretome_linked,ADAMTS1,2,1,0.5431
Endo,all_secretome_linked,IFNAR2,1,-1,-0.3787
Endo,all_secretome_linked,DSCAM,33,-1,0.1233
Endo,all_secretome_linked,COL18A1,13,-1,-0.1804
Endo,all_secretome_linked,COL6A1,1,-1,0.0758
Endo,all_secretome_linked,COL6A2,2,-1,-0.8899
Endo,all_secretome_linked,S100B,2,1,0.2109
Endo,all_secretome_linked,IL17RA,1,1,0.1394
Endo,all_secretome_linked,ADA2,5,1,-0.6252
Endo,all_secretome_linked,C22orf39,1,-1,-0.7208
Endo,all_secretome_linked,MIF,1,-1,-0.0628
Endo,all_secretome_linked,EMID1,1,-1,-0.6135
Endo,all_secretome_linked,TCN2,3,-1,0.0822
Endo,all_secretome_linked,TIMP3,3,1,0.1193
Endo,all_secretome_linked,APOL1,2,-1,0.2125
Endo,all_secretome_linked,C1QTNF6,2,-1,-0.502
Endo,all_secretome_linked,LGALS1,1,1,-0.1736
Endo,all_secretome_linked,PDGFB,4,-1,0.191
Endo,all_secretome_linked,CHADL,2,-1,0.2361
Endo,all_secretome_linked,FBLN1,3,1,0.2797
Endo,all_secretome_linked,TAFA5,37,1,0.0546
Endo,all_secretome_linked,DHRSX,2,-1,0.9853
Endo,all_secretome_linked,MXRA5,2,-1,-0.3598
Endo,all_secretome_linked,ANOS1,1,1,1.1279
Endo,all_secretome_linked,APOO,1,1,0.3502
Endo,all_secretome_linked,SRPX,1,1,2.1986
Endo,all_secretome_linked,DIPK2B,1,1,0.3563
Endo,all_secretome_linked,TIMP1,1,1,0.192
Endo,all_secretome_linked,PCSK1N,2,1,-0.7484
Endo,all_secretome_linked,EDA,3,1,-0.1877
Endo,all_secretome_linked,PDZD11,1,-1,-0.1125
Endo,all_secretome_linked,SRPX2,1,-1,0.5469
Endo,all_secretome_linked,COL4A5,5,1,0.3352
Endo,all_secretome_linked,CHRDL1,1,-1,-0.4068
Endo,all_secretome_linked,PGRMC1,1,1,0.0384
Endo,all_secretome_linked,APLN,2,-1,-1.083
Endo,all_secretome_linked,ENOX2,15,1,0.0319
Endo,all_secretome_linked,GPC4,2,1,0.5953
Endo,all_secretome_linked,FGF13,6,-1,0.28
Endo,all_secretome_linked,CD99L2,1,1,-0.1951
Endo,all_secretome_linked,BGN,1,1,0.4715
Endo,all_secretome_linked,FAM3A,1,1,-0.7125
Endo,all_secretome_linked,F8,3,1,0.4814
