gene,celltype,n_peaks,lfc_atac,p_atac,lfc_rna,padj_rna,concord,lfc_atac_linkednorm,concord_linkednorm,padj_atac,padj_atac_rnasig
A1BG,Astro,1,0.05905037099136023,0.5885306711337401,0.5698616791903627,0.80850352046902,True,0.022025717531445135,True,0.9536531642555559,
A2M,Astro,3,-0.35977801478573995,0.6058412176059235,0.4708202827965779,0.6868071959507455,False,-0.26222478419642714,False,0.9536531642555559,
A2ML1,Astro,6,0.07101862482976182,0.37038255861785274,0.0003049121590189,0.999916208622401,True,0.054666015986460426,True,0.920585849444673,
ABCB6,Astro,1,0.03375074524154944,0.3212669683257919,0.2322749570293644,0.8359183281395856,True,0.018816832831009298,True,0.920585849444673,
ABHD15,Astro,2,0.018339223426925517,0.4234471410941999,-0.1001983332044874,0.9590058496639364,False,0.0034252268961657796,False,0.9272932768190606,
ABHD18,Astro,1,0.11963535341291304,0.3212669683257919,0.0959460473556774,0.8549536292077818,True,0.10042779131937417,True,0.920585849444673,
ABI3BP,Astro,1,0.6666301676393984,0.059234882764294526,0.3853535700014787,0.7951202307300347,True,0.5196143184985698,True,0.7831292612268833,
ABO,Astro,4,0.010790409066353038,0.6729740847387906,0.3477487527023966,,True,-0.009083352301186431,False,0.9699490215240731,
ACE,Astro,2,-0.29187793029761283,0.1995886466474702,0.4253461690645564,,False,-0.2506975605546967,False,0.8955353702557743,
ACHE,Astro,1,0.001862987844606677,0.8883587001234061,0.5492514344961585,,True,-0.014428121012490061,False,0.9833068577852265,
ACP7,Astro,1,-0.12650793165946905,0.961532239658224,0.1282277581961139,,False,-0.07856453434930541,False,0.9958209752541637,
ACRBP,Astro,1,-0.059670343587898696,0.7429864253393665,0.9701875270156938,,False,-0.05798517054970514,False,0.9709215353212385,
ADA2,Astro,5,-0.1739907382677877,0.5414232825997531,-0.0311934114917042,0.9799570246507217,True,-0.17182437540358353,True,0.943693947336386,
ADAM12,Astro,2,0.0967105335731667,0.8883587001234061,0.2846822380205082,0.8632433918018133,True,0.0769217220742514,True,0.9833068577852265,
ADAM23,Astro,1,0.22150178732260842,0.059234882764294526,0.0850599211984402,0.9181158611086122,True,0.19438766448603523,True,0.7831292612268833,
ADAM28,Astro,2,-0.09854542096138992,0.9232949701148666,0.2488954242791332,0.9203337439560983,False,-0.05079506203411281,False,0.9958209752541637,
ADAM9,Astro,1,0.12845483307962718,0.2358700123406006,-0.1363776077717941,0.8598214813951771,False,0.11073397691181243,False,0.8955353702557743,
ADAMTS1,Astro,2,0.32412790521690144,0.007897984368572603,0.6344659626495547,0.6470468695602933,True,0.30311642960834617,True,0.6428156623157458,
ADAMTS10,Astro,4,0.31848537364945245,0.015220074043603454,0.4353918129182151,0.5723482399188603,True,0.29070595575409397,True,0.6816125051419168,
ADAMTS12,Astro,2,0.027217824220727063,0.7429864253393665,0.5238294933232627,0.8831341672644708,True,0.0114045048279612,True,0.9709215353212385,
ADAMTS13,Astro,5,-0.36025003718664983,0.059234882764294526,0.1593348407160827,0.8662091432581804,False,-0.2900360168576077,False,0.7831292612268833,
ADAMTS14,Astro,3,-0.20518409562428364,0.4807075277663513,0.2781772848474334,,False,-0.17003941830909455,False,0.9287202178494102,
ADAMTS15,Astro,2,0.05225110986013726,0.8148087206910737,0.0920857949846386,,True,0.028097433449253324,True,0.9774165421224245,
ADAMTS16,Astro,2,0.02194970449204487,0.9625668449197862,-0.0941588598213556,0.9483945218201126,False,0.00260608040173509,False,0.9958209752541637,
ADAMTS17,Astro,1,-0.04987568548351845,0.8883587001234061,-0.276586401758449,0.8195644455821863,True,-0.06324591767083056,True,0.9833068577852265,
ADAMTS18,Astro,1,-0.775110521648433,0.059234882764294526,0.2581614180172248,0.9424325982527793,False,-0.43082807324537303,False,0.7831292612268833,
ADAMTS19,Astro,2,-0.3802827759292222,0.6058412176059235,-2.9795229313260485,0.0382205732062726,True,-0.30270993762618914,True,0.9536531642555559,0.7573015220074043
ADAMTS2,Astro,1,-0.2993817263273107,0.4234471410941999,-0.3837571200532675,,True,-0.25737784896849136,True,0.9272932768190606,
ADAMTS20,Astro,2,-0.20418144591840587,0.8148087206910737,-0.9061973826787476,,True,-0.1432860299522706,True,0.9774165421224245,
ADAMTS3,Astro,1,-0.04167804972393823,0.6729740847387906,-0.2544700137017858,0.7993823828058372,True,-0.05335679111956928,True,0.9699490215240731,
ADAMTS4,Astro,4,0.065579461953767,0.4234471410941999,0.6447605627500067,,True,0.04993954978603149,True,0.9272932768190606,
ADAMTS5,Astro,1,0.0788825736724779,0.8883587001234061,-0.809868739678181,0.5386494589613744,False,0.053082411490731854,False,0.9833068577852265,
ADAMTS6,Astro,2,0.09015957428702567,0.6729740847387906,-0.8419333630588911,0.4268987202504926,False,0.07464370136417423,False,0.9699490215240731,
ADAMTS7,Astro,1,-0.24801440037849729,0.2358700123406006,-0.6389721413721975,0.6394155979687773,True,-0.24579717448870514,True,0.8955353702557743,
ADAMTS8,Astro,2,-0.4325361752308762,0.4807075277663513,-0.3858065505155804,,True,-0.3196708211494995,True,0.9287202178494102,
ADAMTS9,Astro,2,0.11164892121347533,0.8883587001234061,-0.4837882581899875,0.5988599625656088,False,0.09417651645379256,False,0.9833068577852265,
ADAMTSL1,Astro,46,0.16745379667665697,0.2358700123406006,-0.1356261055840073,0.9255855307782568,False,0.1441179720874597,False,0.8955353702557743,
ADAMTSL2,Astro,2,-0.31225689777731924,0.16717400246812014,-0.432932042767351,0.7872643998390298,True,-0.29487333090095064,True,0.8729222334758668,
ADAMTSL3,Astro,2,0.4121680008083353,0.2765939942410531,1.313577386748335,0.2120658429494122,True,0.3651655432656105,True,0.9166324969148498,
ADAMTSL4,Astro,2,-0.0712176213785901,0.4234471410941999,0.8083928811236699,0.5356112752697912,False,-0.08007766188567152,False,0.9272932768190606,
ADAMTSL5,Astro,1,-0.0857574680508081,0.6058412176059235,-0.7351537598087503,,True,-0.09328274780420591,True,0.9536531642555559,
ADCYAP1,Astro,2,-0.38539480388605696,0.2765939942410531,-1.3110995797422984,,True,-0.24426623640364428,True,0.9166324969148498,
ADGRB1,Astro,9,-0.4316958678515194,0.059234882764294526,-0.6904796841214312,0.5541775911731015,True,-0.4368003735771476,True,0.7831292612268833,
ADGRB2,Astro,5,0.16670599418118523,0.4234471410941999,-0.3460606119817191,0.638277787867011,False,0.14072143808163892,False,0.9272932768190606,
ADGRE3,Astro,4,-0.10229103375003505,0.7429864253393665,0.4918629501122991,,False,-0.10700397359323188,False,0.9709215353212385,
ADGRE5,Astro,1,0.02502600920042919,0.8148087206910737,1.322964053441393,,True,0.004670272743960758,True,0.9774165421224245,
ADGRG1,Astro,11,-0.05207376633825167,0.7429864253393665,-0.4360887967322874,0.1734844414559125,True,-0.06554725525100993,True,0.9709215353212385,
ADM,Astro,5,0.32460392690489714,0.046400658165364046,1.782658246776324,0.170144465799324,True,0.302624561249492,True,0.7818904126780498,
ADPGK,Astro,10,0.11848470345909065,0.37038255861785274,0.0115212113201822,0.9892851779771014,True,0.0984887085560309,True,0.920585849444673,
AEBP1,Astro,6,0.2891054743295886,0.059234882764294526,1.272127172738381,0.2470226483797035,True,0.25975883236756403,True,0.7831292612268833,
AGGF1,Astro,1,-0.10290534577614364,0.4234471410941999,-0.0935113143670662,0.8395773037267439,True,-0.10173712278893246,True,0.9272932768190606,
AGRN,Astro,1,-0.04131501187031862,0.6058412176059235,0.0748871159839048,0.9587688417484072,False,-0.054597314500403324,False,0.9536531642555559,
AGT,Astro,1,-0.07327835560637827,1.0,0.0085708680454515,0.9943398500814364,False,-0.07696397645289782,False,1.0,
AIMP1,Astro,1,0.05039401024837786,0.8883587001234061,0.0748862048277109,0.9229318392652788,True,0.03296803581481876,True,0.9833068577852265,
ALB,Astro,1,0.11280850857414293,0.5265562840106552,-0.2591788427280432,,False,0.042675319153418274,False,0.943693947336386,
ALCAM,Astro,33,-0.014626013090880392,0.8883587001234061,-0.3259217203462741,0.6098197118979657,True,-0.02652555797873396,True,0.9833068577852265,
ALKAL2,Astro,1,0.3517495081324036,0.046400658165364046,-0.426308216286309,,False,0.2878364664946877,False,0.7818904126780498,
AMH,Astro,1,-0.5508640657604028,0.059234882764294526,-1.1483207798353086,,True,-0.43781362829535014,True,0.7831292612268833,
AMN,Astro,1,-0.07928522903658003,0.8075669579611612,0.9647486094485488,,False,-0.03752126489479829,False,0.9774165421224245,
AMY2A,Astro,1,-0.31926810157864466,0.8838111823741173,-0.7306051112119848,,True,-0.13754176162350082,True,0.9833068577852265,
AMY2B,Astro,3,-0.22518059380011254,0.3212669683257919,-0.038064653253739,0.9740063566592082,True,-0.16821574024160252,True,0.920585849444673,
ANG,Astro,2,0.07920672393760886,0.2358700123406006,1.2446592912918666,,True,0.06743584378024348,True,0.8955353702557743,
ANGPT2,Astro,1,-0.14845514671913138,0.3212669683257919,0.0730842828353452,0.9376919534599868,False,-0.13901937109067658,False,0.920585849444673,
ANGPT4,Astro,2,-0.40330019132172135,0.7429864253393665,-0.3888450363121579,,True,-0.25092109140655355,True,0.9709215353212385,
ANGPTL1,Astro,1,0.010542798994655447,0.6729740847387906,-0.2290683499219442,0.8536898977040497,False,-0.0023555436006940968,True,0.9699490215240731,
ANGPTL2,Astro,1,0.10114160777284102,0.4234471410941999,-0.0603525425630064,0.9742618680959944,False,0.07974733613938965,False,0.9272932768190606,
ANGPTL4,Astro,2,0.15199812801471846,0.2765939942410531,1.0202541514945478,0.42258650510185,True,0.13536961256628902,True,0.9166324969148498,
ANGPTL5,Astro,1,0.05532704865445179,0.8148087206910737,0.704461974554634,,True,0.034700392170830784,True,0.9774165421224245,
ANGPTL7,Astro,2,-0.519054073863589,0.13879062114356233,0.0849449992184102,,False,-0.35187539847642935,False,0.8624102221308104,
ANOS1,Astro,1,0.30579874504577353,0.02064993829699712,0.0462673275538868,0.973544612527114,True,0.2711030903717912,True,0.7228932624955823,
ANTXR2,Astro,1,0.12088122578928989,0.37038255861785274,0.6689456640714607,0.0727965209169135,True,0.0940537088068788,True,0.920585849444673,0.5555738379267792
ANXA1,Astro,5,0.6542387642028055,0.1995886466474702,2.574043369775902,0.0131726309425971,True,0.471837440935683,True,0.8955353702557743,0.4790127519539285
ANXA2,Astro,1,0.38535340021832953,0.113944878650761,0.946556643576014,0.6046598241863457,True,0.33752668287478993,True,0.8256851192025261,
AOAH,Astro,2,-0.1355690571607714,0.37038255861785274,0.3909743943814168,0.8218970111246454,False,-0.08641319258534472,False,0.920585849444673,
AOC1,Astro,5,0.21032386987596624,0.6058412176059235,0.2503161775958046,,True,0.1356493813934144,True,0.9536531642555559,
APLN,Astro,2,0.25657147051665613,0.0037021801727684074,0.7346929477348589,0.55069496226555,True,0.22361111280332072,True,0.49739290915761497,
APOB,Astro,1,-0.004584788015878935,0.6729740847387906,1.3499712559025283,,False,-0.027075521475876194,False,0.9699490215240731,
APOC1,Astro,2,-0.26259807251345485,0.113944878650761,-0.1917703738709839,0.9057702620450933,True,-0.2587219931220688,True,0.8256851192025261,
APOC2,Astro,4,-0.48002162073017907,0.07445495680789799,-0.0497365624851533,0.9849459768022576,True,-0.3819937396256593,True,0.7918780015463845,
APOC4,Astro,1,-0.36514334743425536,0.5414232825997531,0.2288130669547072,,False,-0.2120178583890851,False,0.943693947336386,
APOD,Astro,3,-0.2027910900213462,0.3212669683257919,1.830846059254615,0.0635662658835835,False,-0.1488960000479494,False,0.920585849444673,0.5354449472096532
APOE,Astro,3,-0.09890307902279115,1.0,-0.0626348023148521,0.965630315438546,True,-0.10792963143034193,True,1.0,
APOL1,Astro,2,-0.2056409696656261,0.7429864253393665,1.9235702377531352,,False,-0.16898296906364876,False,0.9709215353212385,
APOL4,Astro,2,0.2507487258204195,0.4411382748148418,-2.4798076233106827,0.1928180840010306,False,0.12233962434675219,False,0.9287202178494102,
APOM,Astro,1,-0.0011517748143471578,0.8883587001234061,0.4834849165701596,,False,-0.013297122473765459,False,0.9833068577852265,
APOO,Astro,1,0.15937129426895683,0.1995886466474702,-0.130766525204976,0.7872643998390298,False,0.13464526324574658,False,0.8955353702557743,
APP,Astro,8,0.1878107918724408,0.16717400246812014,0.3915245455297782,0.4374375891842221,True,0.16412001589896413,True,0.8729222334758668,
ARSF,Astro,4,-0.054576831319579897,0.8883587001234061,-0.8628465819871393,0.2071929059067176,True,-0.06043653513513994,True,0.9833068577852265,
ARSI,Astro,13,-0.025227022636948638,0.8148087206910737,0.6134340135780627,,False,-0.04130504387965869,False,0.9774165421224245,
ARSJ,Astro,1,-0.10153247460307192,0.6729740847387906,-0.4883863733562013,0.2664767285358809,True,-0.10832928417678503,True,0.9699490215240731,
ARSK,Astro,1,0.02008160702846106,0.9625668449197862,-0.0204469938248042,0.9848904178919454,False,0.00587317104463425,False,0.9958209752541637,
ART4,Astro,2,0.17788765416228192,0.37038255861785274,-0.382204672775802,,False,0.11965437967783667,False,0.920585849444673,
ASAH1,Astro,2,0.10670343190960241,0.2765939942410531,0.2263457819028863,0.6694967900480023,True,0.08818143286451492,True,0.9166324969148498,
ASAH2,Astro,2,-0.2073061529791247,0.5414232825997531,0.3754026373789652,,False,-0.11894568737024884,False,0.943693947336386,
ASGR1,Astro,1,-0.10527750087321495,0.5414232825997531,-0.297121455411211,0.8776582804681817,True,-0.10960527628607779,True,0.943693947336386,
ASIP,Astro,11,0.26649790042717647,0.113944878650761,-0.4659682295006483,0.7940479888880266,False,0.21619333091632792,False,0.8256851192025261,
ASPN,Astro,2,-0.019836475176003423,0.7356524594664196,0.9769097667984434,0.363842575419975,False,-0.010991458396112267,False,0.9709215353212385,
ATRN,Astro,1,-0.13447683190766332,0.4807075277663513,0.0021496155662238,0.9974514962773608,False,-0.13881507427728745,False,0.9287202178494102,
AZGP1,Astro,1,0.38303160622401483,0.19283648217959148,2.248887254530002,,True,0.20407007729234264,True,0.8955353702557743,
B2M,Astro,2,-0.05921582502815741,0.7429864253393665,1.100475343695364,0.170144465799324,False,-0.06876995140516048,False,0.9709215353212385,
B3GAT1,Astro,9,-0.0754128601898544,0.7429864253393665,-0.1691303050534349,0.8403450838568401,True,-0.09008268237154049,True,0.9709215353212385,
B4GALT1,Astro,1,-0.06913810942533129,0.7429864253393665,-0.1256520634392451,0.931695511590854,True,-0.07943488901941005,True,0.9709215353212385,
B4GALT4,Astro,3,0.0011625846059108852,0.5414232825997531,0.0638017176470963,0.9429367051140972,True,-0.011375719160872272,False,0.943693947336386,
BAG6,Astro,1,-0.0011517748143471578,0.8883587001234061,0.0775920591093562,0.9455442391287376,False,-0.013297122473765459,False,0.9833068577852265,
BCAN,Astro,2,-0.024493698627189597,0.8883587001234061,-0.416999927530382,0.5049874366267868,True,-0.03650032355702029,True,0.9833068577852265,
BCHE,Astro,2,0.11553805923249737,0.8883587001234061,-0.1350708080528063,0.9498665902066892,False,0.057588145942902666,False,0.9833068577852265,
BDNF,Astro,15,-0.034517053130715604,0.5414232825997531,0.4646882906620582,0.7793517059880665,False,-0.04921383904319459,False,0.943693947336386,
BGLAP,Astro,2,0.31250924914049555,0.1995886466474702,1.689209773770173,,True,0.2226423735101695,True,0.8955353702557743,
BGN,Astro,1,-0.10639127344789855,0.6729740847387906,1.348114667550892,0.1458405712084238,False,-0.10337281896384079,False,0.9699490215240731,
BMP1,Astro,1,0.043440158253333555,0.6058412176059235,0.0722828319844945,0.9580456744843012,True,0.029716134068052867,True,0.9536531642555559,
BMP2,Astro,3,0.41595995478791586,0.0037021801727684074,0.457949893128963,0.8032221395107267,True,0.36516977876550094,True,0.49739290915761497,
BMP4,Astro,2,0.2996320716134791,0.2765939942410531,1.5032462139008256,,True,0.2673396478434617,True,0.9166324969148498,
BMP6,Astro,2,-0.24724265976664878,0.7429864253393665,0.9831176976699332,0.6046598241863457,False,-0.22805344828842966,False,0.9709215353212385,
BMP7,Astro,1,0.03214408063218394,0.7429864253393665,-0.2188441554405846,0.6734061508300151,False,0.016643726258611366,False,0.9709215353212385,
BMP8A,Astro,3,-0.6010366859694258,0.1995886466474702,-0.2703286611082568,,True,-0.5126457656992354,True,0.8955353702557743,
BMP8B,Astro,2,-0.34017263155865246,0.07445495680789799,-0.0163800587397608,,True,-0.253678890477837,True,0.7918780015463845,
BMPER,Astro,1,0.05141577584141247,0.9625668449197862,-0.3452897073617252,0.7499830234082188,False,0.030210977893594747,False,0.9958209752541637,
BPIFC,Astro,1,-0.23518016128271477,0.1063205573766899,0.7709275542072208,,False,-0.08749407090319467,False,0.8256851192025261,
BRINP2,Astro,1,0.10432420780279227,0.4807075277663513,-0.3332475360192475,0.7974236385706738,False,0.08255509333767555,False,0.9287202178494102,
BRINP3,Astro,3,0.0006490737011448797,0.9625668449197862,-0.6299744669758648,0.28549362117688,False,-0.01113443582364064,True,0.9958209752541637,
BTBD17,Astro,2,-0.09559800849392885,0.4807075277663513,-1.4299584663670468,0.1232660698394634,True,-0.1047728784338437,True,0.9287202178494102,
BTC,Astro,1,0.3661439126579685,0.1995886466474702,1.1729547961420508,,True,0.26181325263696714,True,0.8955353702557743,
BTD,Astro,8,0.07092894559369525,0.2765939942410531,0.1696216560079266,0.7144570533413543,True,0.05607196176686274,True,0.9166324969148498,
BTLA,Astro,1,0.05373851969184454,0.6123885161946185,0.7365828834912659,,True,0.017477441240692844,True,0.9636541038314178,
C14orf93,Astro,1,0.10430189846742417,0.6058412176059235,-0.0446517072991733,0.9665552447926892,False,0.07566635638934818,False,0.9536531642555559,
C15orf61,Astro,1,-0.016898446969916815,0.6058412176059235,0.3780751839041447,0.6696873755243282,False,-0.027156740878435177,False,0.9536531642555559,
C16orf89,Astro,1,0.2306841510145027,0.07445495680789799,0.0407781481332821,0.969088143682571,True,0.2037543495188549,True,0.7918780015463845,
C17orf67,Astro,1,0.2767831107044477,0.046400658165364046,0.3955198799943181,0.7285778950182332,True,0.24393809004498568,True,0.7818904126780498,
C17orf99,Astro,1,-0.033028597326575364,0.7429864253393665,0.3064729207066748,,False,-0.03975900250515288,False,0.9709215353212385,
C18orf54,Astro,1,0.11559229463784064,0.3212669683257919,-0.1319217922298247,0.944994954764156,False,0.08974758303360258,False,0.920585849444673,
C1QA,Astro,2,-0.5198493306063465,0.14866559762006348,1.5396842525558876,0.6514601718557442,False,-0.3501025173369752,False,0.8729222334758668,
C1QB,Astro,3,0.24896940751294477,0.5314156984513272,1.371246927103056,0.6137389876523864,True,0.15084315351975214,True,0.943693947336386,
C1QBP,Astro,1,0.10873742697504261,0.3212669683257919,0.5496668293436546,0.5744372781136358,True,0.09013268475357077,True,0.920585849444673,
C1QC,Astro,3,0.14932253490131367,0.8148087206910737,0.8753081330150061,0.7974236385706738,True,0.11156157482933304,True,0.9774165421224245,
C1QL1,Astro,2,0.03916880261707262,0.4234471410941999,1.0830212506911985,0.5685843519484262,True,0.02123576551465022,True,0.9272932768190606,
C1QL2,Astro,1,-0.3955759269819578,0.113944878650761,0.0474860642065445,0.9859721585606224,False,-0.3633717821156548,False,0.8256851192025261,
C1QL3,Astro,1,-0.21343012223288318,0.37038255861785274,0.2889004015070803,0.9044420976053924,False,-0.17433970269351595,False,0.920585849444673,
C1QTNF1,Astro,10,0.03383132138986519,0.4807075277663513,-0.4008806707408738,,False,0.022935742561038135,False,0.9287202178494102,
C1QTNF2,Astro,1,0.15841291962658693,0.5414232825997531,-0.2581845931962626,,False,0.1077436291032751,False,0.943693947336386,
C1QTNF3,Astro,2,-0.221657200241756,0.4807075277663513,-0.1365997456826908,0.8779334769830686,True,-0.21040582175926048,True,0.9287202178494102,
C1QTNF4,Astro,3,-0.4616913249118268,0.13879062114356233,-0.3495457768379376,0.8272424734443267,True,-0.401456744296103,True,0.8624102221308104,
C1QTNF6,Astro,2,-0.00786855601057211,0.5414232825997531,0.3437685078286442,0.5196733634281461,False,-0.020639495819078636,False,0.943693947336386,
C1QTNF7,Astro,20,-0.040641393026317155,0.6058412176059235,-0.5869951029002434,0.4268315176427786,True,-0.05330541518699811,True,0.9536531642555559,
C1QTNF8,Astro,3,-0.19396814303971446,0.2358700123406006,0.3821823626039989,,False,-0.18965535799868338,False,0.8955353702557743,
C1R,Astro,2,-0.29269672462707486,0.8883587001234061,1.0927896778687571,0.5305517423026176,False,-0.26686816771682087,False,0.9833068577852265,
C1RL,Astro,1,0.11741161541376793,0.7429864253393665,0.5257800507862245,0.7693870171843106,True,0.09530106243769823,True,0.9709215353212385,
C1S,Astro,15,0.0790812031776251,0.37038255861785274,0.7759516715778251,0.1867273743484576,True,0.062007176957645564,True,0.920585849444673,
C1orf54,Astro,3,0.10838387471328434,0.2765939942410531,-0.1158275714782482,0.8587286618205612,False,0.08970832035467002,False,0.9166324969148498,
C1orf56,Astro,2,0.16222879508266116,0.09271904566022213,0.2276877695687734,0.8707207505642711,True,0.13890263570479228,True,0.8215799928288131,
C2,Astro,8,0.04343205684124759,0.5414232825997531,0.1854655163435125,0.8848514546589075,True,0.028590957421922546,True,0.943693947336386,
C20orf27,Astro,2,0.11910616426199441,0.113944878650761,0.4257220630722375,0.7002279300449508,True,0.09765811174445499,True,0.8256851192025261,
C21orf62,Astro,1,-0.14238185897545969,0.7429864253393665,0.7237180039597256,0.6646036480574861,False,-0.10023820335839634,False,0.9709215353212385,
C22orf39,Astro,1,0.13859055688407246,0.2765939942410531,0.4614346083831064,0.6028169811024342,True,0.11582429146784547,True,0.9166324969148498,
C3,Astro,2,0.69356615550186,0.059234882764294526,1.3791740303222964,0.4343304801777962,True,0.5735140333788173,True,0.7831292612268833,
C3orf33,Astro,1,-0.1242631244897661,0.4807075277663513,-0.0657297404600453,0.9203337439560983,True,-0.12725435398623053,True,0.9287202178494102,
C4A,Astro,1,0.3399865735000916,0.3212669683257919,0.863679160204517,,True,0.21317619165441645,True,0.920585849444673,
C4B,Astro,1,0.8978116807466661,0.015220074043603454,0.5218279246489308,,True,0.5186999131232847,True,0.6816125051419168,
C4BPA,Astro,1,0.05681435298225813,0.5628041069767125,1.758777584412819,,True,0.017971501963690354,True,0.9536531642555559,
C4orf48,Astro,1,0.046534356325914086,0.8148087206910737,0.7237987789924537,0.4681394080410128,True,0.026902710949656124,True,0.9774165421224245,
C6,Astro,2,0.5618893768856036,0.011106540518305223,0.987076341398378,,True,0.442311699688686,True,0.6572692013868484,
C6orf120,Astro,2,0.017958679756711574,0.8883587001234061,-0.0594815073632099,0.9656112020841195,False,0.003555134647765154,False,0.9833068577852265,
C8G,Astro,1,-0.10208906662632075,0.4807075277663513,0.9883843188611168,,False,-0.10912675711464725,False,0.9287202178494102,
C9orf72,Astro,1,0.3112691579674875,0.07445495680789799,0.7565731694605263,0.2570987410005799,True,0.2807995926888765,True,0.7918780015463845,
CA10,Astro,3,-0.43214936644032403,0.13879062114356233,-0.4055986298721106,0.7693870171843106,True,-0.3003608066282317,True,0.8624102221308104,
CA11,Astro,1,0.2097105667201907,0.1995886466474702,-0.2852783258484985,0.8025309520408281,False,0.18354440717326362,False,0.8955353702557743,
CALCB,Astro,6,-0.1005837185910441,0.7429864253393665,-0.2428658967206246,0.8402623108035454,True,-0.11090668054196591,True,0.9709215353212385,
CALR,Astro,1,0.018712578865061873,0.7429864253393665,0.0121133042392337,0.9941306283581308,True,0.0009345266184638312,True,0.9709215353212385,
CALU,Astro,1,-0.21452158797420862,0.2358700123406006,-0.4253177649006355,0.1346278217564061,True,-0.21600117909279037,True,0.8955353702557743,
CANT1,Astro,5,-0.006724523091006058,0.8148087206910737,-0.1148557664261883,0.9329458566397916,True,-0.019783776030600917,True,0.9774165421224245,
CARTPT,Astro,1,-0.29868094922089794,0.9625668449197862,-0.2605487276624058,0.926979522435738,True,-0.17227289475246244,True,0.9958209752541637,
CASP4,Astro,3,-0.1490400015801323,0.37038255861785274,-0.4967433214267235,0.8359183281395856,True,-0.10302923047606206,True,0.920585849444673,
CASP7,Astro,7,-0.052858019659281115,0.8148087206910737,-0.492695311050418,0.5484972162250397,True,-0.06285322473011805,True,0.9774165421224245,
CATSPERG,Astro,1,0.04603864814616745,0.5414232825997531,0.2683050579870507,0.7251391117663372,True,0.031233725437776097,True,0.943693947336386,
CBLN2,Astro,17,-0.21551279976015694,0.5414232825997531,-0.9509504527284288,0.5663956285592427,True,-0.21548690194868417,True,0.943693947336386,
CBLN3,Astro,2,-0.0781001856225094,0.5414232825997531,0.0985687798544279,,False,-0.08877223310938927,False,0.943693947336386,
CBLN4,Astro,1,-0.352814168861207,0.6058412176059235,-1.2760365214097302,,True,-0.2608478308129643,True,0.9536531642555559,
CCBE1,Astro,36,-0.25833595193656606,0.113944878650761,-1.010150486230147,0.645419510098373,True,-0.27201678618686614,True,0.8256851192025261,
CCDC126,Astro,1,-0.007483817076750383,0.37038255861785274,-0.0457944129236244,0.945968829396067,True,-0.01513327425415829,True,0.920585849444673,
CCDC134,Astro,1,-0.12450585023298415,0.5414232825997531,-0.0053420157221739,0.9977566765189652,True,-0.126986880654842,True,0.943693947336386,
CCDC3,Astro,19,0.11381237002889243,0.5414232825997531,0.5677613108694887,0.1109411673595155,True,0.09190871518612875,True,0.943693947336386,
CCDC80,Astro,2,-0.04545259935348067,0.8148087206910737,-0.822883127359638,0.315784809088482,True,-0.0514751180657604,True,0.9774165421224245,
CCER2,Astro,1,-0.5373005475220012,0.09271904566022213,0.5656985122389301,,False,-0.33597160424252454,False,0.8215799928288131,
CCK,Astro,4,0.32546681355182644,0.37038255861785274,1.0153671982433117,0.6587865891075945,True,0.22834296702928253,True,0.920585849444673,
CCL2,Astro,1,-0.06067272964355984,0.9625668449197862,-0.6033024367952731,0.8457490213304558,True,-0.060915114912583265,True,0.9958209752541637,
CCL27,Astro,1,-0.14337340993288195,0.37038255861785274,-0.0126077289668072,,True,-0.148930266676888,True,0.920585849444673,
CCL28,Astro,3,0.6809241011247832,0.011106540518305223,1.3921055983021982,,True,0.47114829229239413,True,0.6572692013868484,
CCL4L2,Astro,2,0.026131387788259967,0.5957378004691146,0.627659811369086,,True,0.0029491355793640392,True,0.9536531642555559,
CCL5,Astro,2,0.09702626312508958,0.8087411603198786,2.0954625477559627,,True,0.03806377981078717,True,0.9774165421224245,
CCN1,Astro,2,0.1072363486889661,0.3212669683257919,1.1162356986906827,0.25876937122106,True,0.09046349256320092,True,0.920585849444673,
CCN2,Astro,1,-0.006828748925261475,0.8148087206910737,2.306475521439229,0.0131726309425971,False,-0.01490896403760938,False,0.9774165421224245,0.8730093435975789
CCN3,Astro,1,0.2466891059337669,0.2765939942410531,-0.0838054177137348,0.9806877118762806,False,0.1838503844232391,False,0.9166324969148498,
CCN4,Astro,1,0.11183227520042617,1.0,-0.4838634776987631,0.7048406003158117,False,0.07762889164087247,False,1.0,
CCN5,Astro,1,-0.21244275116096636,0.4234471410941999,0.6950480658833041,,False,-0.1974062269143221,False,0.9272932768190606,
CD14,Astro,2,-0.09318258693863718,0.6729740847387906,-0.5416304197285337,0.8879121336987986,True,-0.0914168392269235,True,0.9699490215240731,
CD160,Astro,3,-0.08059290214358868,0.6058412176059235,-0.2788343498652981,,True,-0.08733537881386921,True,0.9536531642555559,
CD163,Astro,1,0.05835458158685962,0.6391713204315057,2.374553032859851,0.6028169811024342,True,0.019085153843566963,True,0.9699490215240731,
CD163L1,Astro,1,0.1902296860305548,0.21537799598844165,0.7117312607162705,,True,0.0669225593422405,True,0.8955353702557743,
CD164,Astro,2,-0.002708435054969353,0.7429864253393665,0.1937701293823332,0.7614922678377276,False,-0.011057527095489194,False,0.9709215353212385,
CD200R1,Astro,2,0.2511197175866862,0.09139571552351716,0.4078966160383794,0.6975842697763196,True,0.1124471101786765,True,0.8215799928288131,
CD274,Astro,2,0.3036320266022322,0.4234471410941999,0.4777764513594735,,True,0.25203745577537046,True,0.9272932768190606,
CD40,Astro,1,-0.024530142682757047,1.0,-0.0882215821717646,0.9561468190400616,True,-0.039499668041488814,True,1.0,
CD44,Astro,13,0.23647746643248943,0.2765939942410531,0.9776368025351564,0.6582598714431982,True,0.22371225550300633,True,0.9166324969148498,
CD55,Astro,1,0.06810965120790191,0.8883587001234061,0.3017311338068187,0.7066847180386444,True,0.04590724125870878,True,0.9833068577852265,
CD59,Astro,5,0.11424361106266682,0.13879062114356233,0.2708917524012755,0.6641114877086711,True,0.0933337187962981,True,0.8624102221308104,
CD6,Astro,2,-0.4177054085824741,0.02064993829699712,0.9903045440721088,,False,-0.3468989434400062,False,0.7228932624955823,
CD63,Astro,1,0.0764951325707713,0.3212669683257919,0.4352900144699942,0.6868071959507455,True,0.06269344961106328,True,0.920585849444673,
CD74,Astro,3,0.20731480250348341,0.4234471410941999,1.860927665459242,0.2253057744894146,True,0.17420177893981384,True,0.9272932768190606,
CD8A,Astro,2,0.23982838745478138,0.16717400246812014,-0.0706748394357326,,False,0.1964073346055743,False,0.8729222334758668,
CD9,Astro,11,0.37535975444294406,0.0009872480460715754,0.4214168323314541,0.6696873755243282,True,0.355140939571778,True,0.3237659399424105,
CD99L2,Astro,1,-0.12281890587198377,0.1995886466474702,-0.3054157340383098,0.28549362117688,True,-0.12876393141549017,True,0.8955353702557743,
CDCP1,Astro,2,0.03271093572642472,0.7429864253393665,0.24760799835555,,True,0.02506432259156481,True,0.9709215353212385,
CDNF,Astro,2,0.17126928565584906,0.2358700123406006,0.2645302766417172,0.7918536705915252,True,0.14673821844059484,True,0.8955353702557743,
CEACAM1,Astro,1,-0.46024420561108,0.2358700123406006,0.2619949059869487,0.7946817973672803,False,-0.3186191247610051,False,0.8955353702557743,
CEL,Astro,3,0.16430964761526426,0.3212669683257919,0.2754919087474666,,True,0.10938905423521236,True,0.920585849444673,
CELA2B,Astro,1,0.13541222664027694,0.6475394393624374,0.367560118295592,0.8536754503100814,True,0.05151915437005304,True,0.9699490215240731,
CELF2-AS1,Astro,2,-0.008628630333247936,0.8883587001234061,-0.6635086560009316,,True,-0.018872041856832607,True,0.9833068577852265,
CEMIP,Astro,1,-0.11087952149390475,0.3212669683257919,0.7207679161275664,0.645419510098373,False,-0.11498423894202478,False,0.920585849444673,
CES4A,Astro,4,0.23835717340066662,0.2765939942410531,0.1980568028923526,,True,0.20750256047470575,True,0.9166324969148498,
CES5A,Astro,13,-0.3675295743559761,0.015220074043603454,-0.2579558228210404,,True,-0.363895427292784,True,0.6816125051419168,
CFD,Astro,2,0.1871113473567519,0.4234471410941999,0.3497207066366229,,True,0.11411026078530587,True,0.9272932768190606,
CFH,Astro,2,-0.5633381046588158,0.113944878650761,1.807860208627672,0.390547213752529,False,-0.3190125276329135,False,0.8256851192025261,
CFI,Astro,3,0.6200080834092341,0.007897984368572603,1.812344975121624,0.3819634236034862,True,0.43796996328498794,True,0.6428156623157458,
CFP,Astro,2,0.2448751356643472,0.22328856806993114,-0.3419079913748877,,False,0.09998761110119034,False,0.8955353702557743,
CGREF1,Astro,2,-0.007909035597846246,0.8148087206910737,0.3395003916279176,0.8240499659650264,False,-0.019748279109043507,False,0.9774165421224245,
CHAD,Astro,4,-0.17388593773444008,0.37038255861785274,-0.0213306381834182,,True,-0.16342825722521456,True,0.920585849444673,
CHADL,Astro,2,0.052438667274885095,0.8883587001234061,-0.0229787053303126,0.9897998623864772,False,0.03429893571776004,False,0.9833068577852265,
CHGA,Astro,2,-0.38915583885933974,0.1995886466474702,0.0349270632463378,0.9939753226919472,False,-0.318880918045131,False,0.8955353702557743,
CHGB,Astro,2,-0.0007722734545088873,1.0,0.6333389269977068,0.7824492458922571,False,-0.01649064967916687,False,1.0,
CHI3L1,Astro,2,-0.23489117569605442,0.37038255861785274,1.126308173009947,0.5877237122236736,False,-0.23199878557824005,False,0.920585849444673,
CHI3L2,Astro,12,0.2338349641379239,0.16717400246812014,1.2260178133698902,0.7225730189174436,True,0.2135070592175099,True,0.8729222334758668,
CHID1,Astro,3,0.08156037553228157,0.37038255861785274,0.2338511391072181,0.8135246068004522,True,0.06400080889964362,True,0.920585849444673,
CHIT1,Astro,1,-0.12400778684318059,0.9216483845396674,0.7776384538724694,,False,-0.055099457068542114,False,0.9958209752541637,
CHL1,Astro,31,-0.034301502644709506,0.9625668449197862,-0.3820584888434714,0.1263419143847716,True,-0.04628957822450168,True,0.9958209752541637,
CHRD,Astro,3,-0.3909767054512063,0.02064993829699712,-0.0268280825603603,0.9872049846161696,True,-0.375812389091113,True,0.7228932624955823,
CHRDL1,Astro,1,0.057514659781550556,0.5414232825997531,-0.2581749815154309,0.868529014053934,False,0.036102185278444,False,0.943693947336386,
CHRDL2,Astro,1,-0.08058634289780832,0.6058412176059235,-0.9576082480092248,,True,-0.07368243887244062,True,0.9536531642555559,
CHST9,Astro,8,0.45668882282367407,0.046400658165364046,0.988510866891416,0.0344880753975819,True,0.3835945860838461,True,0.7818904126780498,0.17400246812011516
CHSY1,Astro,1,0.16434374066273483,0.4807075277663513,-0.1209477112541789,0.9398457692344252,False,0.1470131573647864,False,0.9287202178494102,
CILP,Astro,1,-0.5109198478197764,0.14866559762006348,-0.3862921138229259,,True,-0.2629929602853365,True,0.8729222334758668,
CKLF,Astro,2,0.1842519203420407,0.113944878650761,0.696083916318974,0.3991898233839892,True,0.15914792347983395,True,0.8256851192025261,
CLCA4,Astro,1,0.05320817284369281,0.5634637328658632,0.0108694743202528,,True,0.01897186557995215,True,0.9536531642555559,
CLCF1,Astro,1,0.48588384151922276,0.007897984368572603,0.6216074193028633,,True,0.4316693016423223,True,0.6428156623157458,
CLEC11A,Astro,2,0.13227599908091514,0.113944878650761,0.4415860218935982,0.7142485913938359,True,0.11492642100423797,True,0.8256851192025261,
CLEC18B,Astro,1,0.6829498777868305,0.046400658165364046,0.6404683694652792,,True,0.370552851253159,True,0.7818904126780498,
CLEC19A,Astro,2,0.32550846999538713,0.37038255861785274,-0.3381367957778032,,False,0.2518535220706386,False,0.920585849444673,
CLN5,Astro,1,0.06199468761431316,0.4234471410941999,-0.0499416307297811,0.9463025143834144,False,0.04442448058243411,False,0.9272932768190606,
CLU,Astro,2,0.014744252401367198,0.8883587001234061,0.2994197064871396,0.7614922678377276,True,0.0031709599308372056,True,0.9833068577852265,
CLUL1,Astro,5,0.29179485317872567,0.13879062114356233,1.0554712226920653,,True,0.2245619482345103,True,0.8624102221308104,
CNDP1,Astro,1,-0.31407436439380804,0.5414232825997531,0.2160259968211043,0.874973737067056,False,-0.19497463018983616,False,0.943693947336386,
CNMD,Astro,2,-0.0491838047614891,0.8883587001234061,-0.512775404494981,0.6641114877086711,True,-0.05708813401383277,True,0.9833068577852265,
CNPY4,Astro,1,0.009802257057373245,0.8148087206910737,0.6087144973083595,0.5036816205168633,True,-0.00199994610960122,False,0.9774165421224245,
CNTN2,Astro,2,-0.17248709698227357,0.4807075277663513,0.4946145653490056,0.6646036480574861,False,-0.14044623349290922,False,0.9287202178494102,
CNTN4,Astro,69,-0.396940749016048,0.3212669683257919,-1.023714685989218,0.193816953789722,True,-0.4004957487870661,True,0.920585849444673,
COCH,Astro,1,-0.5122472524042169,0.2358700123406006,0.7890769117925083,,False,-0.3426292847046529,False,0.8955353702557743,
COL11A1,Astro,1,0.00925601179900788,0.8883587001234061,-0.4651481997638118,0.5051498480615478,False,-0.011468642071203095,True,0.9833068577852265,
COL11A2,Astro,3,0.019046630858229576,0.7429864253393665,0.6905468805647007,,True,0.001791676884339684,True,0.9709215353212385,
COL12A1,Astro,5,0.09175297125136514,0.6729740847387906,1.4539427806603662,0.0137724221750435,True,0.0644748534851969,True,0.9699490215240731,0.7618574544212724
COL14A1,Astro,14,0.030063358915029526,0.8148087206910737,0.2954691827659861,,True,0.011077332638074014,True,0.9774165421224245,
COL15A1,Astro,1,-0.5869137311352806,0.03595228301110654,0.3452501320106801,0.8879121336987986,False,-0.33898585041080054,False,0.7703396502078044,
COL16A1,Astro,3,0.11697806091136481,0.3212669683257919,0.1358078721457253,0.8937485246753931,True,0.0924786891634606,True,0.920585849444673,
COL18A1,Astro,14,-0.10020076035569653,0.8883587001234061,0.593086124637477,0.6368413595284438,False,-0.11585695215918668,False,0.9833068577852265,
COL19A1,Astro,3,-0.21073441344038155,0.2765939942410531,-0.3319201344477155,0.8280172953711459,True,-0.19120365354170543,True,0.9166324969148498,
COL1A1,Astro,1,0.5664156724348587,0.00032908268202385847,0.3354606097472655,,True,0.505502082531023,True,0.18176333470451117,
COL1A2,Astro,1,-0.1068060485535488,0.7429864253393665,1.3224798832256193,0.2651149919743504,False,-0.08611965773514717,False,0.9709215353212385,
COL20A1,Astro,3,-0.1382159744889497,0.4234471410941999,-0.101561689941427,,True,-0.12116167906611663,True,0.9272932768190606,
COL21A1,Astro,15,0.5012546551797832,0.00016454134101192923,1.90974238288599,0.0052557361621232,True,0.4577035978391176,True,0.16358700123406006,0.009872480460715753
COL22A1,Astro,8,0.06587307212903724,0.4234471410941999,-0.4656522766429329,,False,0.04830492960775204,False,0.9272932768190606,
COL24A1,Astro,1,-0.3151987465730624,0.13879062114356233,-0.1411261318756542,0.9382637485700968,True,-0.2496106265601142,True,0.8624102221308104,
COL25A1,Astro,30,-0.059641145445448435,0.8148087206910737,0.1725745793303461,0.8990645289648665,False,-0.07203436385100016,False,0.9774165421224245,
COL26A1,Astro,1,0.04047121459545197,0.6729740847387906,-1.2754589228940654,0.0634166970695345,False,0.01915360498907532,False,0.9699490215240731,0.7618574544212724
COL27A1,Astro,2,-0.14446335125467347,0.6058412176059235,0.2297527945494734,0.8203548474611696,False,-0.14699438355869637,False,0.9536531642555559,
COL3A1,Astro,1,0.186631598508135,0.18842373316139216,-0.1906891417951906,0.9664798074560356,False,0.07193084200372904,False,0.8955353702557743,
COL4A1,Astro,1,0.3136902759651788,0.13879062114356233,0.9285237238131158,0.5343481719978711,True,0.2685984857641667,True,0.8624102221308104,
COL4A2,Astro,1,0.3136902759651788,0.13879062114356233,0.5013410809297106,0.6194205861461516,True,0.2685984857641667,True,0.8624102221308104,
COL4A3,Astro,1,-0.2764294699632154,0.8883587001234061,0.6562608641975908,0.5656186159970356,False,-0.19316894508739096,False,0.9833068577852265,
COL4A4,Astro,1,-0.2764294699632154,0.8883587001234061,0.9904040456214028,,False,-0.19316894508739096,False,0.9833068577852265,
COL4A5,Astro,9,0.2218468664778873,0.1995886466474702,0.054156408033113,0.9382637485700968,True,0.1813292539765079,True,0.8955353702557743,
COL4A6,Astro,2,0.06267281582137918,0.6058412176059235,0.8817257403978453,0.1188611159515477,True,0.04209914294715531,True,0.9536531642555559,
COL5A1,Astro,1,0.12037691619897618,0.3212669683257919,1.061663828816521,0.4408006270386927,True,0.09874794784801585,True,0.920585849444673,
COL5A2,Astro,1,0.07507188724586455,0.6058412176059235,-0.0156105408713796,0.9870342019357808,False,0.04335460407024254,False,0.9536531642555559,
COL5A3,Astro,2,-0.1408484843052673,1.0,-0.4188963551145447,0.3998047481175119,True,-0.12145757672948179,True,1.0,
COL6A1,Astro,1,-0.1455218550794247,0.09271904566022213,-0.264153846427749,0.6399425933575382,True,-0.1514867133593348,True,0.8215799928288131,
COL6A2,Astro,3,0.31264039761463186,0.2358700123406006,0.940716402856766,0.4875237433053936,True,0.26532297026673485,True,0.8955353702557743,
COL6A3,Astro,6,0.0754444938395138,0.8148087206910737,0.0059820660765683,0.9977566765189652,True,0.032654617681425926,True,0.9774165421224245,
COL6A6,Astro,1,-0.21968102215104207,0.6935261823547549,-0.5828337043205719,0.6094267187348047,True,-0.08388698825902607,True,0.9709215353212385,
COL7A1,Astro,3,-0.27763483167174613,0.2765939942410531,0.8860954189965239,0.4588879274953572,False,-0.21010726382832878,False,0.9166324969148498,
COL8A1,Astro,1,0.18180534580088842,0.8883587001234061,1.533749038398641,0.0580315466784519,True,0.12545950980920517,True,0.9833068577852265,0.9351144211825327
COL8A2,Astro,7,-0.06390692706020067,0.8883587001234061,1.9707420996449003,,False,-0.0725653060279187,False,0.9833068577852265,
COL9A1,Astro,5,-0.25957907384942847,0.13879062114356233,-0.4048099376336951,0.7554388905940873,True,-0.22429618444855,True,0.8624102221308104,
COL9A2,Astro,1,0.14365758984559943,0.3212669683257919,0.683763951080429,0.4680949488297578,True,0.11894813296989697,True,0.920585849444673,
COL9A3,Astro,1,0.01845949697057058,0.5414232825997531,0.3751568145969297,,True,0.006737549599740455,True,0.943693947336386,
COLEC11,Astro,5,-0.29401880756197935,0.4807075277663513,1.6059683190852605,,False,-0.2713817093456384,False,0.9287202178494102,
COLQ,Astro,7,0.45217101740173743,0.046400658165364046,0.0336004356563738,0.9697298703540896,True,0.3518450305476399,True,0.7818904126780498,
COPA,Astro,1,-0.19498758771149619,0.13879062114356233,-0.1541161702591856,0.6711765205065459,True,-0.18592606622144142,True,0.8624102221308104,
CORIN,Astro,10,-0.2551882806789447,0.2765939942410531,-0.0526615736495999,0.9745088042967568,True,-0.24255511535291224,True,0.9166324969148498,
CORT,Astro,1,-0.1665716365759812,0.9625668449197862,0.3028480137107716,,False,-0.13554900100762202,False,0.9958209752541637,
CP,Astro,2,0.6327822782937358,0.03595228301110654,2.2031920851967475,0.2256074226684734,True,0.40643775525942183,True,0.7703396502078044,
CPA6,Astro,3,-0.17088807008479862,0.4807075277663513,0.368251284213131,0.8656188164101304,False,-0.11363772070242309,False,0.9287202178494102,
CPAMD8,Astro,2,-0.37151696901501674,0.4807075277663513,0.3971738513785651,0.8759514409291168,False,-0.24697174317735,False,0.9287202178494102,
CPB1,Astro,5,0.40478488306322585,0.09271904566022213,-0.5926846103482761,,False,0.3327856878120141,False,0.8215799928288131,
CPE,Astro,1,0.17732166425859,0.113944878650761,0.0244901384882431,0.974566580953628,True,0.15240114665288015,True,0.8256851192025261,
CPQ,Astro,1,0.08059325865358809,0.37038255861785274,0.0713624045131301,0.932221071178894,True,0.0596633349360713,True,0.920585849444673,
CPXM2,Astro,2,0.1680252199488508,0.2765939942410531,0.4558538504890936,0.8391109959179814,True,0.1438324932382298,True,0.9166324969148498,
CR1L,Astro,1,0.09410130908748562,0.5414232825997531,0.1895869598666201,,True,0.061172758885049944,True,0.943693947336386,
CRB1,Astro,31,0.2195897622375325,0.02064993829699712,0.0764037044541989,0.9082759821780236,True,0.19888724472700028,True,0.7228932624955823,
CRB2,Astro,5,0.12696543640890615,0.3212669683257919,0.9353093855035792,0.0403754466290533,True,0.10468256901714657,True,0.920585849444673,0.5354449472096532
CREG1,Astro,1,0.2964000940484388,0.046400658165364046,0.4937544251152211,0.4730279284829464,True,0.25358076321141043,True,0.7818904126780498,
CREG2,Astro,2,-0.15614216534657077,0.7429864253393665,0.2797578536584603,0.874973737067056,False,-0.13863762931612145,False,0.9709215353212385,
CRH,Astro,2,-0.17917410498961747,0.4807075277663513,-0.0219060927480963,,True,-0.16874786242601167,True,0.9287202178494102,
CRHBP,Astro,2,0.09357951102586455,0.5957378004691146,-0.9396059891458683,,False,0.040709352871396855,False,0.9536531642555559,
CRIM1,Astro,2,0.041319810661740224,0.5414232825997531,-0.0216847597299853,0.9826481105595156,False,0.025088354693341558,False,0.943693947336386,
CRISPLD1,Astro,2,0.05828759985028241,0.9625668449197862,-0.6624759101234624,0.7890557640848842,False,0.04385623770089997,False,0.9958209752541637,
CRISPLD2,Astro,2,-0.2987215640418458,0.16717400246812014,0.026797667202839,0.9933653845075312,False,-0.2721528142288155,False,0.8729222334758668,
CRLF1,Astro,2,-0.47028294514484764,0.6729740847387906,-0.1382185702387113,0.9407306940096476,True,-0.35307676734857685,True,0.9699490215240731,
CRTAC1,Astro,3,-0.11457482123597287,0.8148087206910737,0.531729809443239,,False,-0.12138620065086317,False,0.9774165421224245,
CRTAP,Astro,1,0.18573758142986654,0.37038255861785274,0.4708096911024996,0.1537889720646322,True,0.16703262161142848,True,0.920585849444673,
CRYAB,Astro,5,0.29817986706570654,0.011106540518305223,0.7826776814849887,0.2651149919743504,True,0.2761027650863772,True,0.6572692013868484,
CSF1,Astro,2,0.11244726266292264,0.4234471410941999,0.4545095629681723,0.4377182342740038,True,0.09428975695435671,True,0.9272932768190606,
CSF2RA,Astro,5,0.38160565449806966,0.13879062114356233,0.2940654796106973,0.897180004445203,True,0.2285061426000308,True,0.8624102221308104,
CSF3R,Astro,1,-0.1811064368039004,0.4807075277663513,-0.6971910546760163,0.7872643998390298,True,-0.10878394898998124,True,0.9287202178494102,
CSPG5,Astro,1,-0.17392754098259286,0.3212669683257919,-0.9200086461209512,0.322338261138547,True,-0.1840494763096536,True,0.920585849444673,
CST3,Astro,2,0.05572784270212286,0.5414232825997531,0.1526897758278881,0.9151694822615704,True,0.04233686510256875,True,0.943693947336386,
CST7,Astro,3,0.22673736144299603,0.4131205365770133,-0.105527095869288,,False,0.13386814510593603,False,0.9272932768190606,
CTF1,Astro,2,0.1132051617789334,0.113944878650761,1.3893911289463594,0.1801680008175235,True,0.09595975689102228,True,0.8256851192025261,
CTHRC1,Astro,2,-0.297442817729197,0.113944878650761,-0.2993185231075609,0.8965825701975267,True,-0.2498951911909027,True,0.8256851192025261,
CTSB,Astro,1,-0.048117299170714035,0.07445495680789799,0.3576255922375387,0.6725553173186888,False,-0.06033734240538467,False,0.7918780015463845,
CTSD,Astro,1,0.09219537152422556,0.3212669683257919,0.9454284834670988,0.1420558355685256,True,0.07303358562112698,True,0.920585849444673,
CTSK,Astro,2,-0.09085134381905134,0.7429864253393665,0.0511784534323102,0.9839533117194104,False,-0.05842330171125064,False,0.9709215353212385,
CTSL,Astro,1,0.09195525366365966,0.2358700123406006,0.1994785502241445,0.8631070012112839,True,0.07451350716938854,True,0.8955353702557743,
CTSS,Astro,2,-0.46861693993486847,1.0,0.3057662630759124,0.8530626397294753,False,-0.24174251171509392,False,1.0,
CUTA,Astro,2,0.02476287549462412,0.8148087206910737,0.4537415694190767,0.7401304987628959,True,0.009257306068365863,True,0.9774165421224245,
CX3CL1,Astro,1,0.3908898454885163,0.015220074043603454,1.115518973953208,0.2181897727066161,True,0.3453142297347425,True,0.6816125051419168,
CXADR,Astro,1,-0.06825295008590097,0.5414232825997531,0.0963861045373215,0.9595014944913782,False,-0.07707889330507718,False,0.943693947336386,
CXCL12,Astro,2,-0.06101796282812332,0.8148087206910737,0.4699449467440218,0.6761263044981252,False,-0.07010394559925814,False,0.9774165421224245,
CXCL14,Astro,1,-0.37676075266659403,0.03595228301110654,-0.7672473705000421,0.1371887074670807,True,-0.3695339275557678,True,0.7703396502078044,
CXCL16,Astro,1,0.07011167281622704,0.8883587001234061,-0.3050902153311552,0.8133941864983972,False,0.037774395465088755,False,0.9833068577852265,
CXCL17,Astro,1,0.004113320109243845,0.6729740847387906,-0.1761325331793062,0.9318582489089576,False,-0.005567397461897394,True,0.9699490215240731,
CXCL2,Astro,2,0.08314715517687031,0.3212669683257919,2.224338126072679,0.020172284031629,True,0.062156124529481334,True,0.920585849444673,0.5354449472096532
CXCL3,Astro,2,0.036970528028592534,0.6729740847387906,1.368692995116416,0.4377182342740038,True,0.019351643237550224,True,0.9699490215240731,
CXCL5,Astro,1,0.1268185004394965,0.4234471410941999,0.1431635947993692,,True,0.09637355509288048,True,0.9272932768190606,
CYB5D2,Astro,1,0.07763200363963604,0.4234471410941999,0.1324403296850607,0.8519836545001017,True,0.05997207570854887,True,0.9272932768190606,
CYTL1,Astro,2,-0.16167764583258848,0.5414232825997531,-0.1381037343638289,,True,-0.09636108042978327,True,0.943693947336386,
DAG1,Astro,1,0.05463302071999494,0.5414232825997531,-0.15422022103392,0.7693870171843106,False,0.038837923256964876,False,0.943693947336386,
DAND5,Astro,3,-0.04013786304220837,0.8148087206910737,0.3617091580187492,,False,-0.05248495799767652,False,0.9774165421224245,
DAO,Astro,4,-0.026542779149114334,0.8148087206910737,1.2684861796201816,,False,-0.039209930794496854,False,0.9774165421224245,
DCN,Astro,2,-0.23189277482863327,0.8148087206910737,0.670814243375192,0.7087982765663253,False,-0.17702170489042435,False,0.9774165421224245,
DDR1,Astro,4,0.12585287827717412,0.3212669683257919,0.4878304941220974,0.4003039564527837,True,0.11183563222188764,True,0.920585849444673,
DEAF1,Astro,2,0.07294457085554584,0.4807075277663513,0.3185845520086732,0.6112102489288257,True,0.058770349524671625,True,0.9287202178494102,
DEFB131B,Astro,1,-0.10086746155320052,0.5957378004691146,0.7691104770379342,,False,-0.049948278799590504,False,0.9536531642555559,
DHRS11,Astro,1,0.16506652474385092,0.2358700123406006,-0.8590094993480084,0.3471679666518821,False,0.1330907030256427,False,0.8955353702557743,
DHRS13,Astro,1,-0.06285396694840406,0.7429864253393665,-0.0587703233622454,,True,-0.07117160262762814,True,0.9709215353212385,
DHRS4L2,Astro,9,-0.07428256213808891,0.6058412176059235,0.1926814412376087,0.7562634045495604,False,-0.081305505287049,False,0.9536531642555559,
DHRSX,Astro,2,-0.1668251712175707,0.07445495680789799,-0.1695047779378164,0.7444697629542228,True,-0.17104785656561372,True,0.7918780015463845,
DIPK2A,Astro,1,0.10590658348518538,0.4234471410941999,0.0390158475374167,0.9789888676906592,True,0.08958963431302056,True,0.9272932768190606,
DIPK2B,Astro,1,-0.30040196469998937,0.5421417358210034,0.1352390905889218,0.9645045972769808,False,-0.11951017013687971,False,0.9446149908048399,
DKK1,Astro,1,0.35381817833284496,0.059234882764294526,-0.495020082385314,,False,0.2669534386979758,False,0.7831292612268833,
DKK2,Astro,21,-0.21876698036218048,0.37038255861785274,-0.064775440718453,0.97494610149279,True,-0.22015596375046245,True,0.920585849444673,
DKK3,Astro,2,-0.08085339768146399,0.37038255861785274,0.2789761418133683,0.5051498480615478,False,-0.0880711474925959,False,0.920585849444673,
DKKL1,Astro,2,0.20353609411650217,0.4234471410941999,-0.950080042571334,,False,0.16857244340859054,False,0.9272932768190606,
DMKN,Astro,3,-0.1284073081369151,0.7429864253393665,0.3268942348830171,,False,-0.10159453380061534,False,0.9709215353212385,
DNASE1,Astro,2,0.02461415584188514,0.6729740847387906,0.2379296276571255,0.5867866231156682,True,0.013700047870541975,True,0.9699490215240731,
DNASE1L2,Astro,1,-0.0709274787049476,0.6058412176059235,0.9007700757023877,,False,-0.05833311498711052,False,0.9536531642555559,
DPP7,Astro,2,0.15325824937418622,0.2765939942410531,0.5014291998965789,0.6082520897916895,True,0.1279614470885522,True,0.9166324969148498,
DRAXIN,Astro,2,0.32891628245269233,0.6058412176059235,1.689293192727096,,True,0.27752567820882906,True,0.9536531642555559,
DSCAM,Astro,91,0.1005577071546844,0.4807075277663513,0.0616652182529448,0.9742424812667428,True,0.07374388493840367,True,0.9287202178494102,
EBI3,Astro,1,0.010595848992899103,0.4807075277663513,0.2687273951447703,,True,-0.005273192534222459,False,0.9287202178494102,
ECM1,Astro,3,-0.0940435710343159,0.5414232825997531,1.7886458369781213,,False,-0.066757361852061,False,0.943693947336386,
ECM2,Astro,4,0.39433563192942866,0.3212669683257919,1.778672583389499,0.0127837065594358,True,0.28893014121966354,True,0.920585849444673,0.5354449472096532
ECRG4,Astro,1,0.4833596738970241,0.13879062114356233,1.354365617395484,0.5187917511852285,True,0.3599252750468298,True,0.8624102221308104,
EDA,Astro,5,-0.005000524100881804,1.0,0.1352645097192607,0.8736772124746601,False,-0.01667074889051799,False,1.0,
EDDM13,Astro,2,-0.15101702769462702,1.0,-0.2650559524094869,0.7482299311391886,True,-0.06961680929355815,True,1.0,
EDIL3,Astro,2,-0.16400941375401215,0.6729740847387906,0.1400467658245787,0.9329458566397916,False,-0.15475450659588896,False,0.9699490215240731,
EDN1,Astro,3,-0.008260662900118593,0.8883587001234061,-0.2637637165981081,,True,-0.020326851409048673,True,0.9833068577852265,
EDN3,Astro,2,0.0441060348516279,0.961532239658224,0.7015085556946085,,True,0.013790378520675288,True,0.9958209752541637,
EFEMP1,Astro,1,0.3347723674027096,0.07445495680789799,0.6570109560233828,0.4843933288488701,True,0.2833594335903852,True,0.7918780015463845,
EFEMP2,Astro,1,-0.1950087092558586,0.09271904566022213,0.2589516516107393,0.7042431709010908,False,-0.2009043245170088,False,0.8215799928288131,
EFNA1,Astro,2,-0.0860722587149348,0.4234471410941999,0.4988319797297018,0.7822125438984271,False,-0.0937683826603876,False,0.9272932768190606,
EFNA4,Astro,2,-0.09840041096809246,0.4234471410941999,0.4916524526117637,,False,-0.10701168417137524,False,0.9272932768190606,
EGFL7,Astro,2,-0.16193682889734543,0.6058412176059235,0.4204430607798883,,False,-0.14632610133855223,False,0.9536531642555559,
EGFL8,Astro,1,0.20479974665390888,0.4234471410941999,0.1668369177063894,0.903310778867776,True,0.12031045788397685,True,0.9272932768190606,
EGFLAM,Astro,25,-0.2174762298950022,0.07445495680789799,-0.5117071378277251,,True,-0.22288799671520543,True,0.7918780015463845,
EGFR,Astro,44,0.10995908682307785,0.2358700123406006,-0.1798970884718411,0.7576576339696994,False,0.09069675697571843,False,0.8955353702557743,
ELN,Astro,1,-0.015263925306702352,1.0,0.3170810471742724,0.7993823828058372,False,-0.028223192816412526,False,1.0,
EMC10,Astro,2,0.07892903725619892,0.37038255861785274,0.100332167900417,0.9003552912401797,True,0.059823214567615066,True,0.920585849444673,
EMID1,Astro,1,-0.2535513760199395,0.07445495680789799,-0.1180173445047565,0.9186696377859838,True,-0.23587975672496492,True,0.7918780015463845,
EMILIN1,Astro,1,-0.08822738684452065,0.9625668449197862,0.8286847882070787,0.4137308170959418,False,-0.0876969375068624,False,0.9958209752541637,
EMILIN2,Astro,3,-0.20658463728311435,0.4234471410941999,-0.1731882351313558,,True,-0.1658509030900419,True,0.9272932768190606,
EMILIN3,Astro,1,-0.6374898003933097,0.4807075277663513,0.1005580918070987,,False,-0.48149152627776043,False,0.9287202178494102,
ENDOD1,Astro,1,0.21879037004186871,0.03595228301110654,0.5668652817223649,0.2576761410172399,True,0.19330932083809313,True,0.7703396502078044,
ENDOU,Astro,2,-0.1978111028809873,0.09271904566022213,-0.5737982108839966,0.6095356594981663,True,-0.1983159759141609,True,0.8215799928288131,
ENHO,Astro,1,0.05867520894365465,0.16717400246812014,-0.1308537524698246,0.9057702620450933,False,0.042092191093789394,False,0.8729222334758668,
ENOX1,Astro,2,0.022847823838131207,0.6729740847387906,-0.5006980152734617,0.4598564056647223,False,0.007475941232432629,False,0.9699490215240731,
ENOX2,Astro,38,-0.12846866736963933,0.13879062114356233,-0.0228953054511631,0.9745893322004204,True,-0.13679810263657927,True,0.8624102221308104,
ENPP1,Astro,1,0.21335806481744626,0.059234882764294526,0.2198023074438591,0.884193022771775,True,0.1676717395679211,True,0.7831292612268833,
ENPP2,Astro,21,0.010417884787314766,0.8148087206910737,0.2457623364639788,0.8337608284757023,True,-0.006233678466377979,False,0.9774165421224245,
ENPP3,Astro,2,0.05469089339015546,0.4807075277663513,-0.9589761492251448,0.1710659311627226,False,0.036153036939782356,False,0.9287202178494102,
ENPP5,Astro,2,-0.0019976273802241487,0.8148087206910737,0.6361815406189174,0.4319586701182075,False,-0.016142754388073364,False,0.9774165421224245,
ENTPD5,Astro,1,0.055165899665606616,0.6058412176059235,0.1055618808893612,0.8771674065905883,True,0.037595241398908984,True,0.9536531642555559,
ENTPD6,Astro,1,-0.009145329869760712,0.8148087206910737,0.0303539367311253,0.97494610149279,False,-0.020540343914111792,False,0.9774165421224245,
EPDR1,Astro,27,-0.008127044573182224,0.7429864253393665,0.2722318777182486,0.5334867796502127,False,-0.02301466807971178,False,0.9709215353212385,
EPHA10,Astro,3,-0.4106864253859927,0.5414232825997531,-1.090982492775358,,True,-0.3318908130509985,True,0.943693947336386,
EPHA3,Astro,1,-0.1268403432271974,0.5414232825997531,0.7192860232509485,0.6761263044981252,False,-0.08266354318070611,False,0.943693947336386,
EPHB6,Astro,1,0.33027263065688073,0.02739613327848622,0.5259049075090886,0.7224735267656369,True,0.29058235821927875,True,0.7401422746051902,
EPOR,Astro,2,-0.2924846266186022,0.09271904566022213,0.4298192506967405,0.632952394619043,False,-0.23229047394003055,False,0.8215799928288131,
ERAP1,Astro,2,-0.04215698090004223,0.6729740847387906,-0.15707757909541,0.8032333788386723,True,-0.053579426621276655,True,0.9699490215240731,
ERAP2,Astro,3,0.04491598217186675,0.2765939942410531,0.2413515247614981,0.7944792209423281,True,0.03027332053056147,True,0.9166324969148498,
ERBB3,Astro,3,-0.39554248745333426,0.046400658165364046,0.2951756934756428,0.8164579582372726,False,-0.3601313592116507,False,0.7818904126780498,
ERO1A,Astro,1,-0.08256459068011338,0.37038255861785274,-0.0263164697034543,0.9798376443206268,True,-0.09045904303768386,True,0.920585849444673,
ERVH48-1,Astro,2,-0.06044028357648563,0.6058412176059235,0.3554453716226014,,False,-0.0615044769878202,False,0.9536531642555559,
ERVMER34-1,Astro,1,-0.43459542131523143,0.13879062114356233,-1.1229669647550244,,True,-0.29152089532367303,True,0.8624102221308104,
EXOC3-AS1,Astro,2,-0.1812435293441271,0.13879062114356233,0.1779839296993381,0.9382637485700968,False,-0.18364586254182216,False,0.8624102221308104,
EXT2,Astro,2,0.04899952179477376,1.0,-0.064017232828253,0.907218832548124,False,0.02989977280003399,False,1.0,
EXTL2,Astro,1,-0.13254080279325695,0.16717400246812014,0.0192591119712509,0.9789888676906592,False,-0.14019681924734284,False,0.8729222334758668,
EYS,Astro,16,-0.0683459344065078,0.5414232825997531,0.4370433409082012,0.5651220126959668,False,-0.07591643676517258,False,0.943693947336386,
F10,Astro,3,-0.15056532106149548,0.7429864253393665,-0.3988174150153331,0.7415967684463433,True,-0.11552829534039316,True,0.9709215353212385,
F13A1,Astro,1,-0.5496618882575761,0.03595228301110654,0.3859549297881368,0.869716989628429,False,-0.3196902709806565,False,0.7703396502078044,
F3,Astro,2,0.01685427738245713,0.5414232825997531,0.0986178724194492,0.9424325982527793,True,0.004125210877355292,True,0.943693947336386,
F5,Astro,2,0.2595201668583125,0.2358700123406006,0.7322424547277191,0.5874428766110423,True,0.19892227323572303,True,0.8955353702557743,
F8,Astro,3,0.4352781617924402,0.046400658165364046,0.1827331427789337,0.7582329334428165,True,0.3144644395315787,True,0.7818904126780498,
FABP5,Astro,1,-0.21908806328845515,0.113944878650761,0.4531467881459159,0.7048406003158117,False,-0.2117056433996636,False,0.8256851192025261,
FAM177A1,Astro,2,0.025090320849006066,0.37038255861785274,-0.0039608040476584,0.996705108710698,False,0.01404917045335379,False,0.920585849444673,
FAM180A,Astro,1,-0.242631605647198,0.3212669683257919,0.9442692344650664,,False,-0.15686170987974737,False,0.920585849444673,
FAM20A,Astro,13,-0.46673133592421634,0.16717400246812014,0.3331869029559238,0.8739147053978917,False,-0.4084697772602084,False,0.8729222334758668,
FAM20C,Astro,1,0.025295668716741177,0.5414232825997531,0.2310237242726427,0.9151694822615704,True,0.009550435720287595,True,0.943693947336386,
FAM24B,Astro,1,0.2089664205898994,0.4234471410941999,-0.4421631553071796,0.6670094911514924,False,0.16245840977605946,False,0.9272932768190606,
FAM3A,Astro,1,0.12193039891336717,0.4234471410941999,0.6119438966047955,0.269324296256466,True,0.10026121919511066,True,0.9272932768190606,
FAM3C,Astro,2,0.19188657662292782,0.059234882764294526,-0.1532580110680714,0.816165849778417,False,0.16620227052818898,False,0.7831292612268833,
FAP,Astro,3,0.2736861895696478,0.37038255861785274,2.6282097884548814,4.536097525119569e-05,True,0.20814118292920847,True,0.920585849444673,0.5555738379267792
FAS,Astro,1,-0.0002458306034179415,0.9625668449197862,0.2236975088811841,0.9012572146942724,False,-0.007915272898261909,False,0.9958209752541637,
FBLN1,Astro,3,-0.1610108776877718,0.13879062114356233,-0.0542090871536117,0.9543449867681758,True,-0.1686403538364157,True,0.8624102221308104,
FBLN2,Astro,6,-0.4107008036531663,0.0024681201151789383,0.4024225243554981,0.8378862355093042,False,-0.38151506129850954,False,0.45440833676127784,
FBLN5,Astro,2,-0.20022858880069114,0.7429864253393665,0.4433021556339586,0.7811137672312498,False,-0.16840770490151025,False,0.9709215353212385,
FBLN7,Astro,2,-0.30535803272519246,0.8851640153055096,-0.0773039144730678,,True,-0.18740937222230428,True,0.9833068577852265,
FBN1,Astro,1,0.16306829228742778,0.3212669683257919,0.0300770199702479,0.9731099447111552,True,0.14105238217625293,True,0.920585849444673,
FBN2,Astro,11,-0.2597666744081259,0.1995886466474702,-0.8398835302270409,,True,-0.23457612894346674,True,0.8955353702557743,
FBXO45,Astro,1,-0.09745764933514242,0.9625668449197862,0.1762708111184993,0.8470851650391363,False,-0.10897552480574482,False,0.9958209752541637,
FCAR,Astro,2,-0.3566384954426845,0.14866559762006348,0.602031249338053,,False,-0.18073309215231317,False,0.8729222334758668,
FCGBP,Astro,6,0.015484448747196823,0.8883587001234061,0.3430837475996973,0.8393310457441086,True,0.004306548617891291,True,0.9833068577852265,
FCGR3A,Astro,1,0.019404591098912297,0.7429864253393665,1.307517322517237,0.7549543602661084,True,0.004662254818330088,True,0.9709215353212385,
FGF1,Astro,19,-0.07016420287631166,0.1995886466474702,0.1895081657976401,0.7444697629542228,False,-0.08086128883790593,False,0.8955353702557743,
FGF10,Astro,1,-0.20150977111296398,0.2765939942410531,0.0146661067506169,,False,-0.16519215321468966,False,0.9166324969148498,
FGF13,Astro,15,0.07150884955112935,0.8883587001234061,-0.0401844720752921,0.986383303716748,False,0.04496412684247685,False,0.9833068577852265,
FGF2,Astro,1,-0.29365547563960537,0.2765939942410531,-0.3522309685999567,0.6006027483322866,True,-0.28975716086437536,True,0.9166324969148498,
FGF20,Astro,1,-0.17292934459439455,0.1995886466474702,1.7889252930708175,,False,-0.13728628997806377,False,0.8955353702557743,
FGF22,Astro,1,0.012438813160273501,1.0,-0.0633125605851332,0.9848904178919454,False,-0.007977839870355346,True,1.0,
FGF5,Astro,1,-0.3644003969100674,0.3212669683257919,-1.1177062362917936,,True,-0.2644959087498953,True,0.920585849444673,
FGF7,Astro,2,-0.021138086510672872,0.8883587001234061,0.3620665606892824,0.7940479888880266,False,-0.025222274132459137,False,0.9833068577852265,
FGF9,Astro,1,-0.22364055460331442,0.07445495680789799,-1.3264339238159133,0.4603714438240926,True,-0.21056413891296186,True,0.7918780015463845,
FGFBP3,Astro,1,-0.01323845465417667,0.8883587001234061,0.0966847766363474,,False,-0.027423813390683956,False,0.9833068577852265,
FGFR2,Astro,18,0.08360215692874995,0.6058412176059235,-0.3906206144774958,0.4377182342740038,False,0.06887212832169144,False,0.9536531642555559,
FGFR3,Astro,2,-0.02131649446435155,0.5414232825997531,-0.1963978174097778,0.768734033847461,True,-0.035917240617189705,True,0.943693947336386,
FGFR4,Astro,2,0.30344184341699804,0.02739613327848622,0.3181103799690118,,True,0.23587813177557473,True,0.7401422746051902,
FGL1,Astro,7,-0.2741525813418658,0.09271904566022213,0.3121644724826886,0.7724283975305838,False,-0.27064195213810305,False,0.8215799928288131,
FGL2,Astro,2,-0.0022610343684186405,0.8148087206910737,0.7131748823265394,0.6917606222134953,False,-0.015149278191771323,False,0.9774165421224245,
FIBIN,Astro,3,-0.008921668348780802,0.9625668449197862,0.1218361670823525,0.9207452404777275,False,-0.019493778073401944,False,0.9958209752541637,
FJX1,Astro,2,-0.022975205982634066,0.8148087206910737,-0.3300917015037135,0.7091270820503325,True,-0.03633298039861134,True,0.9774165421224245,
FKRP,Astro,2,0.05862958961977348,0.5414232825997531,-0.1125523720822252,0.9200436935966582,False,0.03833765541278157,False,0.943693947336386,
FLRT1,Astro,2,0.4736436158460662,0.0005758946935417523,-0.2250656540047707,0.9044420976053924,False,0.3896977885368639,False,0.2602520474178228,
FLRT2,Astro,4,0.10840192681733772,0.6729740847387906,0.0117519310606193,0.9935826586761206,True,0.08317871201715954,True,0.9699490215240731,
FLRT3,Astro,1,-0.2703693523507575,0.1995886466474702,-0.099062661479781,0.9654256566846806,True,-0.2242361080598431,True,0.8955353702557743,
FLT1,Astro,35,-0.2956826862691029,0.37038255861785274,0.0810419304690604,0.97494610149279,False,-0.2956514671006127,False,0.920585849444673,
FLT3LG,Astro,2,-0.02389735376602054,0.8883587001234061,0.1743419324219302,0.9048569043418642,False,-0.0419411998083861,False,0.9833068577852265,
FMOD,Astro,2,0.09558020807140083,0.6058412176059235,2.6009431200745383,,True,0.06904733358732232,True,0.9536531642555559,
FN1,Astro,1,-0.3770452015773776,0.02064993829699712,-1.5109220921873712,0.0712549622552988,True,-0.3625029118712839,True,0.7228932624955823,0.11263602707452974
FNDC1,Astro,1,-0.1439921222557548,0.4807075277663513,-0.7309287591083324,0.6833780275927444,True,-0.11287907872075884,True,0.9287202178494102,
FNDC4,Astro,1,0.08361782313691667,0.8148087206910737,0.4797420204385857,0.7356363356080049,True,0.06596672189383136,True,0.9774165421224245,
FNDC5,Astro,2,-0.20953657789439745,0.7429864253393665,-0.6563213608809457,0.3608249525712216,True,-0.19997571253161978,True,0.9709215353212385,
FOLR2,Astro,2,0.4444229042283718,0.113944878650761,0.0034039494305273,,True,0.2451606604856164,True,0.8256851192025261,
FREM1,Astro,16,-0.11742929810210108,0.4807075277663513,0.1656052032534778,0.8756910444527978,False,-0.12813108963392575,False,0.9287202178494102,
FREM3,Astro,1,-0.6792621274271928,0.16717400246812014,-0.6590179435259409,,True,-0.4712399550268356,True,0.8729222334758668,
FRZB,Astro,2,-0.38933935327231917,0.4807075277663513,0.3280136231012639,0.8495063235032456,False,-0.3335350461601803,False,0.9287202178494102,
FSTL1,Astro,1,0.007448452603352086,0.9625668449197862,-0.1738462916943646,0.7607878042913436,False,-0.006666005795396397,True,0.9958209752541637,
FSTL3,Astro,3,0.10971132466812032,0.3212669683257919,0.8273245753838049,0.1371887074670807,True,0.09406047800732548,True,0.920585849444673,
FSTL4,Astro,1,-0.3461879679419563,0.113944878650761,-0.3259437927323769,0.8423944950280735,True,-0.31877124019703806,True,0.8256851192025261,
FSTL5,Astro,1,-0.1429642793847933,0.5414232825997531,-0.6911455729851792,0.5156337031339784,True,-0.13666250469501387,True,0.943693947336386,
FUCA2,Astro,1,0.21984328841660675,0.005512134923899629,0.0386292692229006,0.9731099447111552,True,0.18772139120427234,True,0.5708504730563553,
FURIN,Astro,5,-0.16771151706384063,0.16717400246812014,-0.0672837826218913,0.9635334699352304,True,-0.16985301369075603,True,0.8729222334758668,
FUT6,Astro,2,-0.1479939308467736,0.6729740847387906,-1.165278005915223,,True,-0.0940366326238392,True,0.9699490215240731,
GABBR1,Astro,2,0.24925900790626965,0.015220074043603454,-0.2501522798080635,0.6608827684861109,False,0.2284794172570285,False,0.6816125051419168,
GALNT1,Astro,1,-0.34628398161511553,0.4807075277663513,-0.1151394456794833,0.84150639421236,True,-0.1722756776881026,True,0.9287202178494102,
GALNT2,Astro,1,0.02022671446389296,1.0,-0.281157295436341,0.5259284925896791,False,0.005173766161987878,False,1.0,
GAS6,Astro,2,-0.1709564809313323,0.3212669683257919,-0.076988481327953,0.9448253171682416,True,-0.17221136592594652,True,0.920585849444673,
GASK1A,Astro,2,0.08752273536859415,0.5414232825997531,-0.397259605652451,0.5633855584583471,False,0.06966667671729304,False,0.943693947336386,
GATD1,Astro,1,-0.005374339277604825,0.9625668449197862,0.3600552965700257,0.6515316700555097,False,-0.017608240681596127,False,0.9958209752541637,
GBP1,Astro,1,0.21947627486796326,0.7429864253393665,1.312339899554415,0.2603952569373993,True,0.17903925330675485,True,0.9709215353212385,
GC,Astro,2,-0.23776563427533923,1.0,-0.6450375351764419,,True,-0.10039924704046665,True,1.0,
GDF10,Astro,2,-0.40372580091315685,0.16717400246812014,0.3473394844499469,0.7462716469324856,False,-0.3809573367149706,False,0.8729222334758668,
GDF11,Astro,2,-0.00663329581018249,1.0,-0.058880644692144,0.9587688417484072,True,-0.022252105635548993,True,1.0,
GDF15,Astro,2,0.3676953483483668,0.2358700123406006,1.372819904343043,,True,0.2820358739401169,True,0.8955353702557743,
GDF5,Astro,3,-0.027479501009208904,0.5414232825997531,0.190787001348167,,False,-0.04231062536832083,False,0.943693947336386,
GDF7,Astro,1,-0.4746120702497106,0.2358700123406006,-1.204335353986483,,True,-0.37528046569282897,True,0.8955353702557743,
GDF9,Astro,1,-0.03332774591047085,0.8148087206910737,-0.3141861066132619,0.905612931051024,True,-0.0427272305039489,True,0.9774165421224245,
GFER,Astro,2,0.124068874986841,0.4234471410941999,0.6473760394146113,,True,0.10373306813712985,True,0.9272932768190606,
GFOD1,Astro,24,-0.02700830507817992,0.6729740847387906,-0.1813766803376368,0.8312363252192182,True,-0.043585653019056016,True,0.9699490215240731,
GFOD2,Astro,1,0.20378495320838885,0.2358700123406006,0.032250964483106,0.9799570246507217,True,0.17426410200613343,True,0.8955353702557743,
GGH,Astro,1,-0.031101819888015067,0.8883587001234061,0.2159361795509003,0.7822125438984271,False,-0.044378605339215324,False,0.9833068577852265,
GHR,Astro,16,0.13515189057326485,0.4807075277663513,0.115639002509602,0.9357500182313728,True,0.10873322067747561,True,0.9287202178494102,
GHRL,Astro,4,-0.3828540335296115,0.4234471410941999,-0.2909137034497301,,True,-0.2412693367427377,True,0.9272932768190606,
GLB1L,Astro,2,0.14905827575499153,0.113944878650761,0.3874915863608209,0.7946817973672803,True,0.1271585118845246,True,0.8256851192025261,
GLB1L2,Astro,1,0.05030690356542529,0.37038255861785274,0.0338250135919478,,True,0.031121440181360035,True,0.920585849444673,
GLDN,Astro,8,-0.0840081384374021,0.7429864253393665,0.6773532512845833,0.6774964361091387,False,-0.08937394735646612,False,0.9709215353212385,
GLIPR1L1,Astro,5,-0.04187438703430802,1.0,-0.076835414583076,0.9319240475875666,True,-0.05062015555855058,True,1.0,
GLT1D1,Astro,3,-0.998916828301836,0.0005758946935417523,-0.0317868735323245,0.9897096065827178,True,-0.7680820786455173,True,0.2602520474178228,
GNAS,Astro,21,0.12826272124815816,0.059234882764294526,0.0537867822916992,0.9527668201454612,True,0.10997291781515203,True,0.7831292612268833,
GNLY,Astro,1,-0.4661252766466872,0.16190430302288117,2.2429526882924904,,False,-0.21001382909026428,False,0.8729222334758668,
GNPTG,Astro,1,0.22357205952354572,0.113944878650761,0.4499827780905731,0.2035951122444681,True,0.18536779999734593,True,0.8256851192025261,
GPC1,Astro,6,-0.059188551434754336,0.5414232825997531,-0.1330988853172957,0.871499516671907,True,-0.07353636178869713,True,0.943693947336386,
GPC2,Astro,2,0.2385072770128649,0.03595228301110654,0.5127170007605282,,True,0.19973928064908233,True,0.7703396502078044,
GPC4,Astro,2,-0.05618270177219815,0.8883587001234061,0.0270823930259423,0.9852035256084128,False,-0.05999955535428655,False,0.9833068577852265,
GPC5,Astro,35,0.1245438729623896,0.1995886466474702,-0.4302774969388949,0.4843014084822616,False,0.10333934614111429,False,0.8955353702557743,
GPC6,Astro,89,0.027467757985310395,0.6058412176059235,-0.4131985991131113,0.6583710337564048,False,0.012032678104540395,False,0.9536531642555559,
GPI,Astro,1,-0.11077829358216544,0.4807075277663513,0.0462095566862332,0.9598658226075938,False,-0.1194373056710586,False,0.9287202178494102,
GPX3,Astro,2,0.12316329458633718,0.113944878650761,1.7735982794819,0.2302981969089375,True,0.08973735577879603,True,0.8256851192025261,
GPX7,Astro,1,-0.06472117018008887,0.5414232825997531,-0.0831023687436415,0.9617205908584252,True,-0.07353289829847422,True,0.943693947336386,
GREM1,Astro,1,-0.112217157969801,0.37038255861785274,-0.0815592807972802,,True,-0.0879013966133976,True,0.920585849444673,
GREM2,Astro,1,-0.20868994929844034,0.7429864253393665,0.0200823939126707,,False,-0.1535714235777398,False,0.9709215353212385,
GRN,Astro,3,-0.0021680640806644638,1.0,0.0548398563148045,0.9663717210027096,False,-0.015118676768635557,False,1.0,
GRP,Astro,3,-0.5288269798963682,0.113944878650761,0.8155353415812621,,False,-0.3760553255777094,False,0.8256851192025261,
GSDMD,Astro,2,-0.010423711034997847,0.8883587001234061,0.2824499636618872,0.8135246068004522,False,-0.02978406395991015,False,0.9833068577852265,
GSN,Astro,31,0.20942669049363088,0.02064993829699712,0.4614216828837855,0.4374375891842221,True,0.19225000929165822,True,0.7228932624955823,
HAMP,Astro,3,-0.03085087955301761,0.4234471410941999,-0.0237281135539017,0.9974514962773608,True,-0.04129781801500122,True,0.9272932768190606,
HAPLN1,Astro,5,-0.07999496906074177,0.6729740847387906,-1.272597993736101,0.3846062852256752,True,-0.08574923020068935,True,0.9699490215240731,
HAPLN2,Astro,1,-0.4623290869701765,0.03595228301110654,0.9456485704146184,0.4268315176427786,False,-0.2762650105285269,False,0.7703396502078044,
HAPLN3,Astro,2,-0.17772928615897063,0.4234471410941999,-0.8623553318420414,,True,-0.17118255887136566,True,0.9272932768190606,
HAPLN4,Astro,1,-0.6759233174083205,0.3212669683257919,-1.0974796499025636,,True,-0.5024820650073892,True,0.920585849444673,
HBEGF,Astro,1,0.09729883658003931,0.5414232825997531,0.203360704801257,0.9318582489089576,True,0.08055174296825164,True,0.943693947336386,
HCG22,Astro,1,0.10288323688171175,0.9625668449197862,-0.1570359839801027,0.958871958255389,False,0.057572561894347646,False,0.9958209752541637,
HCRT,Astro,1,0.06020750192291879,0.9625668449197862,-1.085682092772946,,False,0.0375256971708532,False,0.9958209752541637,
HDGF,Astro,1,-0.0017205612783766351,0.8883587001234061,0.2746929260178066,0.6958359289334557,False,-0.014387633210482958,False,0.9833068577852265,
HEG1,Astro,1,0.07258329688410463,0.7429864253393665,0.2298101191747928,0.7936778730089381,True,0.05348343429674486,True,0.9709215353212385,
HGF,Astro,1,0.17793018451719914,0.6729740847387906,-0.2352753214480797,0.9203337439560983,False,0.1360509330609321,False,0.9699490215240731,
HGFAC,Astro,3,-0.09092415540270789,0.8883587001234061,-0.2598402747428882,,True,-0.09298117845639055,True,0.9833068577852265,
HHIP,Astro,2,-0.3147609602393263,0.113944878650761,0.1881018076468137,0.8536898977040497,False,-0.272303639694346,False,0.8256851192025261,
HHIPL1,Astro,2,-0.15790060327187616,0.3212669683257919,-0.1797665124607742,0.7623336534820746,True,-0.15712166077334128,True,0.920585849444673,
HILPDA,Astro,2,0.0939594995334463,0.5414232825997531,0.748422288974359,0.7664033486564636,True,0.08289336659940223,True,0.943693947336386,
HLA-E,Astro,2,-0.07723216363341545,0.7429864253393665,0.8939404979602612,0.4247870335749694,False,-0.08113925666853916,False,0.9709215353212385,
HMCN1,Astro,1,-0.22034840761092886,0.6729740847387906,0.7269062411079238,,False,-0.18300065512596136,False,0.9699490215240731,
HMCN2,Astro,9,-0.6410581191138124,0.011106540518305223,-2.6301210356526603,4.536097525119569e-05,True,-0.5784240656226444,True,0.6572692013868484,0.10995753923907
HMGB1,Astro,21,0.10703139810770097,0.37038255861785274,0.1461325568406574,0.6526865431525739,True,0.09210011361324588,True,0.920585849444673,
HMGB2,Astro,1,-0.013129972895660565,0.7429864253393665,0.3322858927577009,0.7404463507414049,False,-0.02672352555321607,False,0.9709215353212385,
HMSD,Astro,2,0.23846564726532185,0.37038255861785274,0.8980133849329627,,True,0.17726576831866747,True,0.920585849444673,
HNRNPA2B1,Astro,1,0.22195790711360588,0.1995886466474702,0.1377290206353353,0.7180577273969804,True,0.20420070035036667,True,0.8955353702557743,
HPSE,Astro,2,-0.3424495383576728,0.6729740847387906,0.2944854526026598,,False,-0.22589985967043666,False,0.9699490215240731,
HPSE2,Astro,35,0.24761536591115835,0.046400658165364046,0.3362413870191119,0.8610905638751792,True,0.22004094631872184,True,0.7818904126780498,
HPX,Astro,2,-0.38420288856542467,0.09271904566022213,-0.4609626446277942,,True,-0.32444088857308806,True,0.8215799928288131,
HSD11B1L,Astro,1,-0.07700727665132885,0.4234471410941999,-0.076110970292229,0.9590058496639364,True,-0.0881967611572633,True,0.9272932768190606,
HSP90AB1,Astro,1,0.01722581333014505,1.0,0.0660863684540526,0.97047904961412,True,0.0032581780010629184,True,1.0,
HSPA1A,Astro,1,0.03870003565541557,0.7429864253393665,0.8630902332176,0.479930867039211,True,0.02645790726232301,True,0.9709215353212385,
HSPB6,Astro,1,0.13463238011854028,0.113944878650761,0.9043711783654474,,True,0.11593415045793092,True,0.8256851192025261,
HSPG2,Astro,2,-0.024964324802446036,0.7429864253393665,-0.3106986870897807,0.8005333952690744,True,-0.03798331545528523,True,0.9709215353212385,
HTRA1,Astro,3,0.053576145354562545,0.4234471410941999,-0.5622303069608581,0.1476522739080764,False,0.03605363971087357,False,0.9272932768190606,
HTRA4,Astro,2,0.05217864809805886,0.6058412176059235,0.165532119758976,,True,0.02712541398036698,True,0.9536531642555559,
HYAL1,Astro,2,0.08848043711986116,0.6729740847387906,0.5687066582574661,,True,0.05242269183896407,True,0.9699490215240731,
IDE,Astro,10,0.24548821925923123,0.07445495680789799,-0.0207599976232894,0.9834056678887528,False,0.216747619540692,False,0.7918780015463845,
IFI30,Astro,1,-0.29811039682359597,0.6058412176059235,0.9648428390497736,,False,-0.2487564518108553,False,0.9536531642555559,
IFI35,Astro,1,-0.016899732331929696,0.8148087206910737,0.2086619457374869,0.9048569043418642,False,-0.026756796788893065,False,0.9774165421224245,
IFNAR2,Astro,1,0.06601220622020303,0.7429864253393665,-0.1042175943594551,0.9382637485700968,False,0.04725893109712486,False,0.9709215353212385,
IGF1,Astro,2,-0.14854481741573988,0.37038255861785274,-0.2735509614202298,,True,-0.09948938574256669,True,0.920585849444673,
IGFBP2,Astro,4,-0.7499651941293036,0.02064993829699712,-0.0996741303274632,0.9665290108658796,True,-0.6233476516429456,True,0.7228932624955823,
IGFBP3,Astro,3,-0.15542987312541034,0.2765939942410531,0.8874672209957842,,False,-0.13921853877774512,False,0.9166324969148498,
IGFBP4,Astro,1,-0.36238110999234635,0.13879062114356233,0.917860613317294,0.6915516991032851,False,-0.3010413258985454,False,0.8624102221308104,
IGFBP5,Astro,2,0.10424580194253555,0.4234471410941999,1.580790166841652,0.017562458325168,True,0.08260514235888518,True,0.9272932768190606,0.5908564759453953
IGFBP6,Astro,1,-0.08545229340631588,0.6058412176059235,2.529041080337582,,False,-0.09329521623103823,False,0.9536531642555559,
IGFBP7,Astro,1,0.06485205441322923,0.6729740847387906,0.6186846166543419,0.4374375891842221,True,0.04850183603307744,True,0.9699490215240731,
IGFBPL1,Astro,1,-0.1296368197931631,1.0,-1.5293024643528057,,True,-0.10476350502062383,True,1.0,
IGFL3,Astro,3,-0.6156649457682697,0.02739613327848622,-2.401471617393168,,True,-0.3910578643130069,True,0.7401422746051902,
IGFL4,Astro,7,-0.33613391940709153,0.16717400246812014,-0.35533152705738,0.6698071037527966,True,-0.31236712116789667,True,0.8729222334758668,
IGHG1,Astro,1,-0.38481115813977224,0.4105244045278962,-1.8246140578064765,,True,-0.17403339406438564,True,0.9272932768190606,
IGHG4,Astro,2,-0.6031351970233182,0.09271904566022213,-2.412577598016948,,True,-0.4327571240945928,True,0.8215799928288131,
IGLL1,Astro,1,-0.2044869895052851,0.396710372019462,0.3168961710818499,,False,-0.09070789401009348,False,0.9272932768190606,
IGLON5,Astro,2,-0.475963644344793,0.2358700123406006,-1.1733686930751126,0.2276230682850685,True,-0.35515242066989,True,0.8955353702557743,
IGSF1,Astro,11,-0.24040107974255295,0.07445495680789799,-0.7070328899101516,0.5297093608559377,True,-0.22556729191743477,True,0.7918780015463845,
IGSF10,Astro,2,0.23976469685016324,0.5414232825997531,0.2751448685241952,0.7554388905940873,True,0.13692220936287564,True,0.943693947336386,
IL11RA,Astro,2,-0.16101115121609422,0.4234471410941999,-0.1657202999693314,0.8656188164101304,True,-0.16668485640048025,True,0.9272932768190606,
IL12A,Astro,2,-0.24298557153665867,0.113944878650761,-1.5952417163086376,0.1346278217564061,True,-0.22863007765091423,True,0.8256851192025261,
IL15,Astro,9,0.1532890837974044,0.9625668449197862,0.8650921878728544,0.28549362117688,True,0.10588363648569578,True,0.9958209752541637,
IL15RA,Astro,1,0.04353973225723423,0.8148087206910737,0.6065734728940159,,True,0.023663858346995564,True,0.9774165421224245,
IL16,Astro,24,-0.15071323949272228,0.113944878650761,0.3685406530802059,0.8280172953711459,False,-0.1555831299881302,False,0.8256851192025261,
IL17D,Astro,1,0.17158117902967118,0.16717400246812014,0.1806590111874615,0.8141793497876636,True,0.1498367130114933,True,0.8729222334758668,
IL17RA,Astro,1,-0.12018873576855714,0.6058412176059235,-0.0734555060161887,0.9652713381073204,True,-0.12180254391154531,True,0.9536531642555559,
IL17RB,Astro,2,0.07087344101294812,0.5414232825997531,0.1301876657337632,0.8809137638546564,True,0.05405329233305866,True,0.943693947336386,
IL17RE,Astro,2,0.31500384996931924,0.3861850319585892,0.9776483959866314,0.3819634236034862,True,0.16206938035950763,True,0.9272932768190606,
IL18,Astro,1,-0.07270778987816308,0.9602390636458037,0.428775688915032,0.8505779712302439,False,-0.029618607771722393,False,0.9958209752541637,
IL18BP,Astro,2,-0.32384617432252677,0.1995886466474702,-0.0678428477857195,,True,-0.2816747744999025,True,0.8955353702557743,
IL19,Astro,17,-0.2191281166971195,0.37038255861785274,-0.1611217661109333,,True,-0.2029215411524989,True,0.920585849444673,
IL1A,Astro,2,0.22213419364659362,0.9625668449197862,-2.108835508698134,,False,0.1353686965332717,False,0.9958209752541637,
IL1R1,Astro,9,0.3655095605932232,0.046400658165364046,0.5274239815988582,0.7066847180386444,True,0.3283056742599197,True,0.7818904126780498,
IL1RAP,Astro,12,0.11842948417084448,0.3212669683257919,0.13427706000167,0.9491376445916708,True,0.10095655814952045,True,0.920585849444673,
IL23A,Astro,2,0.3498762451680566,0.37038255861785274,-0.0504887606432341,,False,0.17655570989729027,False,0.920585849444673,
IL32,Astro,1,-0.004846419179383916,0.9625668449197862,2.459532718802595,,False,-0.006799429182042262,False,0.9958209752541637,
IL33,Astro,9,0.0452116875247927,0.6729740847387906,-0.2550894085968212,0.7471013261389232,False,0.030694669846626648,False,0.9699490215240731,
IL34,Astro,14,-0.1811836771084044,0.4234471410941999,0.3380082482766697,0.8308103036201012,False,-0.19139000576471463,False,0.9272932768190606,
IL4I1,Astro,9,-0.05385227252112701,1.0,0.0352654483504636,,False,-0.0644142196918385,False,1.0,
IL4R,Astro,12,0.3205901748141686,0.059234882764294526,0.5042193414857735,0.8052307329503304,True,0.27917827905495507,True,0.7831292612268833,
IL6R,Astro,3,0.16287232381216663,0.2358700123406006,-0.2223896008108382,0.8133941864983972,False,0.143612895150851,False,0.8955353702557743,
IL6ST,Astro,5,-0.009313988335292863,0.6729740847387906,-0.1841619149449011,0.7593436923729011,True,-0.024068784915376385,True,0.9699490215240731,
IL7,Astro,2,0.21682802872538742,0.059234882764294526,0.3325572958032138,0.5476388008919193,True,0.18446223544456966,True,0.7831292612268833,
IL7R,Astro,2,-0.24124680943468194,0.24792309006121738,-0.0493267687772552,,True,-0.13020027399542944,True,0.9166324969148498,
INHA,Astro,1,0.006017972546328294,0.9625668449197862,0.0433686293499621,0.9817301070923404,True,-0.012937382688061569,False,0.9958209752541637,
INHBA,Astro,3,0.02726128694431526,0.6729740847387906,0.5014143983649831,,True,0.011879062738272257,True,0.9699490215240731,
INHBB,Astro,1,0.07261200231824518,0.37038255861785274,0.3192314556069487,0.7143190267885601,True,0.05751102075284493,True,0.920585849444673,
INSL6,Astro,1,-0.5853469139916155,0.4105244045278962,0.2143482400023341,,False,-0.29032494282609667,False,0.9272932768190606,
ISG15,Astro,5,-0.01754847358370753,0.8883587001234061,0.1831577359550049,0.9008186109444148,False,-0.0315681807554203,False,0.9833068577852265,
ISLR,Astro,4,0.476825695371935,0.059234882764294526,1.1874613192031187,0.4554458771586176,True,0.3622820259052783,True,0.7831292612268833,
ISM1,Astro,1,-0.46569298641406526,0.113944878650761,0.0357334382170272,0.9936434387142132,False,-0.35190795120161084,False,0.8256851192025261,
ISM2,Astro,1,0.04780566695940438,0.8148087206910737,-0.2114888551836162,,False,0.016990320541178876,False,0.9774165421224245,
ITFG1,Astro,1,0.04971109673065076,0.7429864253393665,-0.0451859373089047,0.945968829396067,False,0.03344228854097511,False,0.9709215353212385,
ITGBL1,Astro,4,0.215674382546894,0.09271904566022213,0.8625311279526406,0.4830028080519442,True,0.19026780545607663,True,0.8215799928288131,
ITIH4,Astro,1,0.02696356384610485,0.7429864253393665,-0.147786477890266,0.911214556075323,False,0.00777552382796274,False,0.9709215353212385,
ITIH5,Astro,9,0.18213138590635206,0.37038255861785274,0.9287785250066029,0.4369767930566132,True,0.14159935763975467,True,0.920585849444673,
ITM2B,Astro,3,0.06393588860294613,0.37038255861785274,0.055590142160348,0.958871958255389,True,0.048889921481205315,True,0.920585849444673,
IZUMO4,Astro,1,-0.003910873195613092,0.8883587001234061,0.3354411027228728,0.7144217525296559,False,-0.01684366459361613,False,0.9833068577852265,
JAM3,Astro,1,0.10794408568722856,0.4807075277663513,0.2574503896317404,0.6134309169082902,True,0.084435329429061,True,0.9287202178494102,
KAZALD1,Astro,2,0.06382512567877607,0.37038255861785274,-0.8198234245374048,,False,0.045641693816580155,False,0.920585849444673,
KCP,Astro,2,-0.3455634374502789,0.4234471410941999,0.0850642705424206,,False,-0.26917068348458384,False,0.9272932768190606,
KDR,Astro,2,0.16200304986940128,0.8148087206910737,-0.5893980306801607,,False,0.10825365564575276,False,0.9774165421224245,
KIAA0319,Astro,18,-0.0018157511394321986,0.8148087206910737,-0.0954724524535485,0.9368362079168324,True,-0.017551461527602032,True,0.9774165421224245,
KIRREL3,Astro,1,-0.3817139729966338,0.5414232825997531,-0.3446160165344913,0.7245569704784902,True,-0.24223097282642905,True,0.943693947336386,
KITLG,Astro,1,0.3969753724554169,0.015220074043603454,0.8336449859273987,0.0676404016742768,True,0.35335743075034787,True,0.6816125051419168,0.10995753923907
KL,Astro,2,-0.21915379627935677,0.8148087206910737,-0.5132102696868514,,True,-0.1707571674724372,True,0.9774165421224245,
KLK6,Astro,1,0.07876980198962617,0.4807075277663513,0.3231207994824233,0.8847309671882704,True,0.043081772447447715,True,0.9287202178494102,
KLK7,Astro,2,-0.5392149973888516,0.1114703248402659,1.1180277315784564,,False,-0.28021512173317537,False,0.8256851192025261,
KLKB1,Astro,1,-0.10295891607183223,0.8788758980604734,0.1022069433196218,0.9378326378081088,False,-0.04364542911844274,False,0.9833068577852265,
LAMA1,Astro,25,-0.032833756001401294,0.8883587001234061,-0.2352856419411972,0.6892563912792113,True,-0.045845886477398144,True,0.9833068577852265,
LAMA2,Astro,1,0.1562362188374079,0.4807075277663513,0.6429011805872229,0.7872643998390298,True,0.11255428539101985,True,0.9287202178494102,
LAMA3,Astro,29,0.07635239844542732,0.4234471410941999,0.0853254507277952,0.9426114087608328,True,0.059030419152356545,True,0.9272932768190606,
LAMA4,Astro,2,0.15836933957300592,0.7429864253393665,0.6967173332971365,0.3867333109327999,True,0.13586165978609754,True,0.9709215353212385,
LAMA5,Astro,1,0.24071926480361633,0.16717400246812014,0.4656064883292512,0.5959614056764523,True,0.21488037155584921,True,0.8729222334758668,
LAMB1,Astro,1,-0.4886880628467257,0.2358700123406006,-0.0533782137517892,0.980224463165366,True,-0.3608440678990744,True,0.8955353702557743,
LAMB2,Astro,1,0.09289136977182533,0.6729740847387906,0.5042418484690456,0.4689284715882267,True,0.07153894901067562,True,0.9699490215240731,
LAMB3,Astro,3,0.07890576372601651,0.6729740847387906,0.0826599134164734,,True,0.0572930462900139,True,0.9699490215240731,
LAMC1,Astro,1,0.17999632476337749,0.07445495680789799,0.3725016098798777,0.4168733225485977,True,0.15909377921043985,True,0.7918780015463845,
LAMC3,Astro,1,-0.029327944542994467,1.0,-0.1257175547464014,0.9745088042967568,True,-0.028523795049721412,True,1.0,
LCAT,Astro,3,0.14059551927789893,0.4234471410941999,0.2274788026062085,0.8831398994246321,True,0.11999518037605178,True,0.9272932768190606,
LCN12,Astro,2,0.06656822740059701,0.2358700123406006,-0.1073383416722786,0.9390225690342234,False,0.049511374577557936,False,0.8955353702557743,
LEAP2,Astro,1,-0.45804223385713816,0.7001364778066808,0.3101408451762273,,False,-0.24416092009206772,False,0.9709215353212385,
LEFTY1,Astro,2,-0.030974740803609395,0.6642318548206392,0.3204687851622113,0.8561150861851133,False,-0.02415187398623029,False,0.9699490215240731,
LEPR,Astro,20,0.04111731062362413,0.6058412176059235,-0.1478047708791388,0.9024643135552328,False,0.025501554795694787,False,0.9536531642555559,
LGALS1,Astro,1,0.2059524818290258,0.03595228301110654,0.6719781798274516,0.4787377395433277,True,0.18361639972507834,True,0.7703396502078044,
LGALS3,Astro,1,0.22042711502274873,0.015220074043603454,0.2678665290478261,0.7405378552018443,True,0.18960220074088002,True,0.6816125051419168,
LGALS3BP,Astro,1,0.1133381362417908,0.2765939942410531,0.2400644236974167,0.8161446255860959,True,0.08825522114596683,True,0.9166324969148498,
LGALS9,Astro,3,-0.1315535885648139,0.2358700123406006,0.0959783690187503,0.9674960627930728,False,-0.13020400028589343,False,0.8955353702557743,
LGI1,Astro,2,0.2619715946563995,0.113944878650761,0.0887852802607992,0.9200436935966582,True,0.22501979764680735,True,0.8256851192025261,
LGI2,Astro,2,0.19259806016216768,0.8148087206910737,-1.0268577436483632,,False,0.13508336593421164,False,0.9774165421224245,
LGI3,Astro,2,0.07318902847186198,0.9625668449197862,-0.1231516669686788,,False,0.046480999018151524,False,0.9958209752541637,
LGI4,Astro,1,-0.05142847258977849,0.8883587001234061,0.2880942018652383,0.6603693126268912,False,-0.06117709790536816,False,0.9833068577852265,
LIFR,Astro,11,-0.029193355888419648,0.6058412176059235,-0.1070384658236834,0.8438534831682972,True,-0.04259026542613527,True,0.9536531642555559,
LILRA2,Astro,1,-0.4683210030390083,0.046400658165364046,0.3312194294054242,,False,-0.2781321058003864,False,0.7818904126780498,
LILRB1,Astro,3,-0.2264955546913848,0.5414232825997531,-0.2574028201933495,,True,-0.14943236327722995,True,0.943693947336386,
LIPC,Astro,6,0.006443493138582021,0.7429864253393665,0.374936945163685,,True,-0.004888224637907175,False,0.9709215353212385,
LIPG,Astro,4,0.3109376426875233,0.09271904566022213,-0.1106175068253257,,False,0.23553674886641043,False,0.8215799928288131,
LIPI,Astro,1,-0.15543944411973334,0.322266606158499,0.3574506816065499,,False,-0.06179933152990911,False,0.920585849444673,
LNPEP,Astro,2,0.11018668642029164,0.4234471410941999,-0.0630068362512038,0.9094079147924468,False,0.09416678708517193,False,0.9272932768190606,
LOX,Astro,1,0.0006624260394696434,1.0,0.2018371185439933,,True,-0.013809626542295117,False,1.0,
LOXL1,Astro,3,-0.16387280274833413,0.046400658165364046,-0.14793556919413,0.9277554955016024,True,-0.1716355621640705,True,0.7818904126780498,
LOXL2,Astro,1,0.06226848995285786,0.8148087206910737,0.581020194132909,0.7213650366698224,True,0.04500378938761055,True,0.9774165421224245,
LOXL3,Astro,1,-0.01848360082586144,0.6058412176059235,0.1006261257152872,0.8819887630527389,False,-0.03180703668087314,False,0.9536531642555559,
LOXL4,Astro,2,-0.04990673159043345,0.8883587001234061,-0.5597027416883245,0.6698071037527966,True,-0.05828728461886567,True,0.9833068577852265,
LPA,Astro,2,0.3999698994068341,0.2279054087276714,0.0377909099205503,,True,0.18627892576412833,True,0.8955353702557743,
LPL,Astro,1,-0.51680307140131,0.6729740847387906,0.3619906214008845,0.8281257084768338,False,-0.4208530965414119,False,0.9699490215240731,
LPO,Astro,5,-0.062352165133297686,0.7429864253393665,-0.5007853784927707,,True,-0.0666740661902283,True,0.9709215353212385,
LRP8,Astro,1,-0.0684170770187209,0.7429864253393665,-0.4918446519024141,0.1873895670618255,True,-0.07802736467095867,True,0.9709215353212385,
LRRC17,Astro,2,0.19325015219194877,0.6729740847387906,-0.055837203971846,0.958871958255389,False,0.12042699624919034,False,0.9699490215240731,
LTBP1,Astro,27,-0.09325663520818817,0.9625668449197862,-0.1552182221619076,0.8634660908835542,True,-0.10118027654239509,True,0.9958209752541637,
LTBP2,Astro,1,0.015079512102230373,1.0,0.9153828583810172,0.4843933288488701,True,-0.002276831883986863,False,1.0,
LTBP3,Astro,4,0.08655023744919024,0.6058412176059235,0.2159508822395902,0.7066847180386444,True,0.0704943466977364,True,0.9536531642555559,
LTBP4,Astro,7,0.24154296045930698,0.015220074043603454,1.4275268794776923,0.1523297253902636,True,0.2032509358933058,True,0.6816125051419168,
LTF,Astro,2,-0.31152787712647045,0.3212669683257919,0.2834170989656994,,False,-0.17355658410326513,False,0.920585849444673,
LUM,Astro,1,0.2856681997938486,0.3576818432098805,1.4231404467673563,,True,0.12389572321956391,True,0.920585849444673,
LUZP2,Astro,27,-0.12298537333598591,0.9625668449197862,-0.3919998889012148,0.8403581810069921,True,-0.13435554350730752,True,0.9958209752541637,
LY6G5C,Astro,1,0.029117733237451527,0.7429864253393665,1.113318482728562,,True,0.009228176871213961,True,0.9709215353212385,
LY6K,Astro,1,0.2056789067053911,0.37038255861785274,-0.0626640617415286,,False,0.11010204857545765,False,0.920585849444673,
LY86,Astro,2,-0.5990838665650302,0.07445495680789799,-0.2432191817766014,0.9338485043021648,True,-0.3803511270218695,True,0.7918780015463845,
LY96,Astro,1,-0.14103908869055223,0.4234471410941999,0.4282581377800467,,False,-0.10202075753331587,False,0.9272932768190606,
LYPD6,Astro,3,-0.15284598350144804,0.16717400246812014,-0.6560294444245006,0.0310629549903948,True,-0.16221089851978432,True,0.8729222334758668,0.43610609339509604
LYZ,Astro,1,0.250768106745868,0.4131205365770133,0.5009822323750965,,True,0.12914708148787413,True,0.9272932768190606,
MAMDC2,Astro,1,-0.021316504217855296,0.6729740847387906,0.521078221679716,0.5959614056764523,False,-0.03406410907579309,False,0.9699490215240731,
MAN2B1,Astro,2,-0.002729445553003165,0.8148087206910737,0.0735222396470995,0.9645045972769808,False,-0.01654250356359396,False,0.9774165421224245,
MAN2B2,Astro,1,0.035076654184018105,0.9625668449197862,0.541122458786703,0.3535278739883264,True,0.014504720688600372,True,0.9958209752541637,
MANF,Astro,1,0.005019948444859352,0.9625668449197862,0.1949762126093473,0.8817363432816264,True,-0.009518344011193133,False,0.9958209752541637,
MAPT,Astro,19,0.20260457565506082,0.02739613327848622,0.149234332122968,0.7663855589467754,True,0.18488210803495778,True,0.7401422746051902,
MASP1,Astro,2,-0.29222125923010794,0.015220074043603454,-0.3261305432274373,0.5799650128412868,True,-0.2861743741870817,True,0.6816125051419168,
MATN2,Astro,6,0.21651586299177172,0.6058412176059235,0.7337107479596168,0.5940604181014665,True,0.18948035379140413,True,0.9536531642555559,
MBTPS1,Astro,1,0.006332104758575579,0.5414232825997531,-0.0423605411360842,0.9398457692344252,False,-0.006479835346509332,True,0.943693947336386,
MDFIC,Astro,1,-0.022395815461300532,0.9625668449197862,0.1055070247153192,0.9152190221813188,False,-0.03311881626739718,False,0.9958209752541637,
MDK,Astro,1,-0.2264685601527648,0.2765939942410531,0.4632967198615237,0.8393310457441086,False,-0.2152868355963832,False,0.9166324969148498,
MEGF6,Astro,25,0.0342166686891366,0.6058412176059235,1.1412411819785315,0.3873790927767683,True,0.014137408738903503,True,0.9536531642555559,
MET,Astro,9,0.18089616349536716,0.37038255861785274,-0.6144616333847136,0.6518755078434995,False,0.13940042973285213,False,0.920585849444673,
METRN,Astro,2,0.004280141373677377,0.8148087206910737,0.0866594005876569,0.9376919534599868,True,-0.011423044957864349,False,0.9774165421224245,
METRNL,Astro,1,-0.04539886820573101,0.9625668449197862,-0.5108752608664173,0.4883884091874939,True,-0.05691342748279158,True,0.9958209752541637,
METTL24,Astro,1,-0.016417057323054773,0.9625668449197862,0.1049978127636741,0.9208008260754906,False,-0.03112080271382163,False,0.9958209752541637,
MFAP4,Astro,3,0.026097017300545918,0.8883587001234061,1.6498035715390766,,True,0.012632431934051237,True,0.9833068577852265,
MFAP5,Astro,2,0.08482721208095215,0.5414232825997531,0.2863461524638578,,True,0.059074408816033,True,0.943693947336386,
MFGE8,Astro,2,-0.0067043662353086396,0.8883587001234061,-0.6359793053591747,0.455026302862027,True,-0.019137370165872497,True,0.9833068577852265,
MGAT4A,Astro,11,0.024772768015458524,0.6729740847387906,-0.0441152343638253,0.958307623205143,False,0.008789712345615564,False,0.9699490215240731,
MGAT5,Astro,36,-0.02889138963748423,0.5414232825997531,-0.1975859672474345,0.7066847180386444,True,-0.043092500004918745,True,0.943693947336386,
MGP,Astro,4,-0.052288232642356505,0.8883587001234061,2.5472440731066417,0.1146094667441185,False,-0.05368345243913646,False,0.9833068577852265,
MIA,Astro,1,-0.05492475951199583,0.6729740847387906,0.5387806911667283,,False,-0.06653554476779545,False,0.9699490215240731,
MIF,Astro,1,-0.002129370738368395,0.6058412176059235,0.3434113812181236,0.8423944950280735,False,-0.011837162430297848,False,0.9536531642555559,
MINPP1,Astro,2,-0.0936565790105697,0.9625668449197862,0.0104920032454475,0.9943398500814364,False,-0.09611246583161244,False,0.9958209752541637,
MMEL1,Astro,1,0.0029176192160297806,0.6058412176059235,1.3968357098025117,,True,-0.007311568280483457,False,0.9536531642555559,
MMP11,Astro,1,-0.15368119333159622,0.9625668449197862,-0.7384644702890851,,True,-0.13433491770664785,True,0.9958209752541637,
MMP16,Astro,1,-0.11109349874304243,0.4234471410941999,-0.3010248146921166,0.6631823338727302,True,-0.11739916697828094,True,0.9272932768190606,
MMP17,Astro,5,0.07845796390270204,0.7429864253393665,-0.3159323647815535,0.8183592192480176,False,0.051328100501652874,False,0.9709215353212385,
MMP19,Astro,1,-0.23862722826788393,0.3594640921412464,0.8059886647889699,,False,-0.1215526170795361,False,0.920585849444673,
MMP2,Astro,13,-0.17820323158097776,0.09271904566022213,0.806801004042485,,False,-0.18068499589456652,False,0.8215799928288131,
MMP21,Astro,2,0.20155668000399396,0.26817863879881465,0.1969776485941868,0.8990645289648665,True,0.09362678099805605,True,0.9166324969148498,
MMP24,Astro,1,-0.5016149056924719,0.059234882764294526,-0.0328564225638455,0.9845010598099744,True,-0.4025414705870166,True,0.7831292612268833,
MMP25,Astro,2,-0.48183945618374846,0.113944878650761,-0.3926654084176998,,True,-0.3548473024234175,True,0.8256851192025261,
MMP26,Astro,3,-0.3219104397812121,0.36034989260651284,-0.5546737156934343,,True,-0.17233952655272639,True,0.920585849444673,
MMP28,Astro,2,-0.23297622098900775,0.13879062114356233,-0.1181373182937533,0.8391109959179814,True,-0.23090869815419698,True,0.8624102221308104,
MMRN1,Astro,5,-0.19803955665436376,0.1995886466474702,-0.800811923816232,,True,-0.1531652456477362,True,0.8955353702557743,
MMRN2,Astro,2,0.20475915517310764,0.07445495680789799,-0.1598890396147428,0.9328964017331444,False,0.18109921142129182,False,0.7918780015463845,
MR1,Astro,1,-0.2128630874475203,0.2765939942410531,0.2427031246243303,0.7809004593331138,False,-0.1985143209548127,False,0.9166324969148498,
MS4A13,Astro,1,0.021149391846111004,1.0,-0.4011638888672082,,False,0.006705839095223773,False,1.0,
MST1,Astro,1,0.01337665099167841,0.9625668449197862,0.3615589962538486,0.6646036480574861,True,7.536525018472096e-05,True,0.9958209752541637,
MSTN,Astro,4,0.29182533794500937,0.37038255861785274,-0.7485550757363699,0.4055715907035597,False,0.21519402637029636,False,0.920585849444673,
MTRNR2L1,Astro,2,1.0121482607185417,0.4234471410941999,0.7859610029222122,0.8636943672030426,True,0.9653982017562789,True,0.9272932768190606,
MTRNR2L4,Astro,1,-0.19437932063820032,0.5885306711337401,0.2001216658865023,,False,-0.08968823211620096,False,0.9536531642555559,
MTRNR2L8,Astro,1,0.21367477573204258,0.5957378004691146,-0.4227443997242831,0.8877822752752048,False,0.10243443489131916,False,0.9536531642555559,
MUC1,Astro,2,0.05564846473091434,0.37038255861785274,0.6749380855134596,0.5153480004262535,True,0.04138010385023785,True,0.920585849444673,
MUC13,Astro,1,-0.1415188487229372,0.8057643930557405,-0.5008447188614894,,True,-0.06044656159285172,True,0.9774165421224245,
MUC20,Astro,3,-0.21603897203740663,0.6729740847387906,0.1749187317521431,0.8647994873839624,False,-0.16625073113081007,False,0.9699490215240731,
MUSTN1,Astro,2,0.2728706275671534,0.08137512365532729,0.8207695773921359,,True,0.12021347525222553,True,0.8215799928288131,
MXRA5,Astro,2,0.3285707259256968,0.37038255861785274,1.7111347861374375,,True,0.2339865857105562,True,0.920585849444673,
MYDGF,Astro,2,-0.15570718839568135,0.4807075277663513,0.6504399066164935,0.3411539717071516,False,-0.1534412091189805,False,0.9287202178494102,
MZB1,Astro,1,-0.3840642898128762,0.4807075277663513,-1.11674859152811,,True,-0.26481759603374677,True,0.9287202178494102,
NAMPT,Astro,1,0.003166722847072056,0.8148087206910737,0.8772149091983634,0.5343481719978711,True,-0.008689708155029346,False,0.9774165421224245,
NAXE,Astro,2,-0.053057919582590055,0.8883587001234061,0.3742827461509591,0.7918536705915252,False,-0.05953104993236012,False,0.9833068577852265,
NBL1,Astro,14,-0.254899551677016,0.02739613327848622,-0.1059308048932273,0.91863794422707,True,-0.2619219292739151,True,0.7401422746051902,
NCAM1,Astro,1,-0.06898709489722774,0.6729740847387906,-0.0050732095615863,0.9951631473301742,True,-0.08111980057868022,True,0.9699490215240731,
NCAN,Astro,3,-0.17786832604591407,0.13879062114356233,-0.398846770722259,0.5726303862551595,True,-0.17828010055185348,True,0.8624102221308104,
NDFIP1,Astro,2,0.05952497696536904,0.4807075277663513,0.0964224808010577,0.7944792209423281,True,0.040677233929904695,True,0.9287202178494102,
NDNF,Astro,2,0.30916922164332966,0.2358700123406006,0.101212195148973,,True,0.25391603311315936,True,0.8955353702557743,
NDP,Astro,2,-0.10720827754279474,0.4234471410941999,-0.5500070602974568,0.378523036988558,True,-0.10093584042293065,True,0.9272932768190606,
NECTIN1,Astro,2,-0.11985572013284677,0.37038255861785274,-0.8241602055037864,0.5569204394358419,True,-0.12735636814105958,True,0.920585849444673,
NELL1,Astro,2,-0.23977914589933416,0.5414232825997531,-0.9162389954835968,0.2434141568344225,True,-0.2065879718874767,True,0.943693947336386,
NELL2,Astro,3,0.08252594530299519,0.9625668449197862,-0.3940390327287463,0.7281967371179762,False,0.055848057798108384,False,0.9958209752541637,
NENF,Astro,1,0.3868679418755512,0.00032908268202385847,0.3275103707572125,0.7250428574042281,True,0.3397527512137827,True,0.18176333470451117,
NETO1,Astro,2,-0.03836595281962365,0.5964154160514543,-0.1695689675882248,0.9424325982527793,True,-0.050139671775148525,True,0.9536531642555559,
NGF,Astro,1,0.11504801743471052,0.8148087206910737,0.4645158675488489,,True,0.06181605890717037,True,0.9774165421224245,
NGRN,Astro,1,0.0348499289234819,0.8883587001234061,0.1942559634361379,0.8281257084768338,True,0.019255094951883163,True,0.9833068577852265,
NHLRC3,Astro,1,0.057283700149294105,1.0,0.1821986729016309,0.747012542612692,True,0.042478046755167594,True,1.0,
NID1,Astro,2,-0.3392337002947269,0.03595228301110654,-0.4098417464654921,0.673356456359345,True,-0.3370231749332788,True,0.7703396502078044,
NID2,Astro,1,0.008268609639616259,0.9625668449197862,0.708533074920866,0.7944792209423281,True,-0.01222719638248744,False,0.9958209752541637,
NINJ1,Astro,3,0.13008127068911293,0.2358700123406006,0.6973822754132106,0.4831607423374497,True,0.11375328619042874,True,0.8955353702557743,
NLRP3,Astro,2,-0.19726033475706994,0.6729740847387906,0.5232509941832644,,False,-0.11984973058289997,False,0.9699490215240731,
NMB,Astro,1,0.19145609561857535,0.16717400246812014,0.0864624910091868,0.9742424812667428,True,0.1637969411271469,True,0.8729222334758668,
NMI,Astro,1,-0.05661635401535194,1.0,-0.1465164723703041,0.9184632371016972,True,-0.062472954416803034,True,1.0,
NMU,Astro,1,-0.5181918301358247,0.16717400246812014,-1.5801669024395233,,True,-0.31508432152860044,True,0.8729222334758668,
NODAL,Astro,1,-0.060379233829083216,0.7429864253393665,-0.2064720506463513,,True,-0.04174768972947093,True,0.9709215353212385,
NOG,Astro,1,0.02053379280167812,0.5414232825997531,0.0962082980359111,,True,0.004184337268558678,True,0.943693947336386,
NOTCH2NLA,Astro,1,0.6247725645720184,0.015220074043603454,0.2748698767593607,0.6698071037527966,True,0.37553625082015457,True,0.6816125051419168,
NOTCH2NLC,Astro,1,-0.1322992145787405,0.6729740847387906,0.0571650484317062,0.9596676230330844,False,-0.11402235322943757,False,0.9699490215240731,
NOTUM,Astro,2,-0.005656575906095962,0.9625668449197862,-0.3005227454147537,,True,-0.02796831771775914,True,0.9958209752541637,
NPB,Astro,2,0.06100030710539115,0.6058412176059235,0.0078486498355153,,True,0.03688616105068052,True,0.9536531642555559,
NPC2,Astro,1,-0.05128016840365318,0.8883587001234061,0.7934969307352463,0.1263419143847716,False,-0.061227926143406976,False,0.9833068577852265,
NPFF,Astro,1,-0.0005674214793168082,0.8148087206910737,-0.153318280569459,0.9427111679179744,True,-0.011602706988730845,True,0.9774165421224245,
NPNT,Astro,1,0.08261185814226822,0.6058412176059235,0.4868779975274807,0.6855773195659879,True,0.05935348331397786,True,0.9536531642555559,
NPPA,Astro,2,-0.26089135634346095,0.33562751985334394,0.599548656808284,,False,-0.1496642635105194,False,0.920585849444673,
NPPC,Astro,1,-0.057613038771132774,0.9625668449197862,1.4166444862587615,,False,-0.06489830605495839,False,0.9958209752541637,
NPTX1,Astro,3,-0.07108722651758587,0.8148087206910737,-0.2193820964295814,0.9167792759268856,True,-0.08200084620560802,True,0.9774165421224245,
NPTX2,Astro,1,-0.1654646909975682,0.4234471410941999,0.7357356993480859,0.6763307400943175,False,-0.14293830545364603,False,0.9272932768190606,
NPY,Astro,3,-0.24929478242955547,0.2765939942410531,-0.6797541737420344,0.7951202307300347,True,-0.176619460326217,True,0.9166324969148498,
NRCAM,Astro,51,0.08857640833728062,0.5414232825997531,-0.0486254249293089,0.9454186372311978,False,0.07558282053381518,False,0.943693947336386,
NRG1,Astro,89,0.03469993682926388,0.8148087206910737,-1.1842737721449077,0.1873895670618255,False,0.009065614816386172,False,0.9774165421224245,
NRG2,Astro,33,-0.0039006146120307435,0.9625668449197862,-0.1415027855841567,0.8064556270471452,True,-0.01996414781194543,True,0.9958209752541637,
NRG3,Astro,169,0.10353931006586267,0.09271904566022213,-0.1256062371187519,0.8000380495442307,False,0.0861092576698021,False,0.8215799928288131,
NRN1L,Astro,2,-0.18713108634063416,0.16717400246812014,0.4098346944880032,,False,-0.18868472588650048,False,0.8729222334758668,
NRP1,Astro,1,-0.2873209281586694,0.005512134923899629,-0.6276865857460187,0.4945808113541375,True,-0.2900494231197917,True,0.5708504730563553,
NRP2,Astro,2,0.095174148439218,0.4807075277663513,0.3763734475531552,0.8085622297301501,True,0.07953823266739206,True,0.9287202178494102,
NRTN,Astro,1,-0.260029931248563,0.4693953495564216,0.0135333649487527,,False,-0.11854550438680378,False,0.9287202178494102,
NSUN2,Astro,1,0.049713573088232335,0.6058412176059235,-0.2975189253100966,0.5360608173476925,False,0.03391552890291367,False,0.9536531642555559,
NTF3,Astro,21,-0.23516958772130414,0.6729740847387906,-0.0293537044063934,,True,-0.220936668134718,True,0.9699490215240731,
NTN1,Astro,2,0.16004904045530202,0.3212669683257919,1.0201705540325234,0.2817440421941355,True,0.1257583077999884,True,0.920585849444673,
NTN4,Astro,1,-0.35123622097784885,0.3212669683257919,-0.4632782397655105,0.7782409879027792,True,-0.29604129248788613,True,0.920585849444673,
NTN5,Astro,1,0.2338000105601264,0.1995886466474702,0.3785320427759038,0.7101778073766938,True,0.1866272429524992,True,0.8955353702557743,
NTS,Astro,2,0.1847752196436211,0.16717400246812014,0.8166519236465507,,True,0.103649931801449,True,0.8729222334758668,
NUCB1,Astro,1,0.009586307209284644,0.8883587001234061,-0.0262311162665257,0.9839533117194104,False,-0.0011644685743006744,True,0.9833068577852265,
NUCB2,Astro,1,0.15416775329712737,0.37038255861785274,0.1364102889691094,0.7178267039606125,True,0.1298459467759017,True,0.920585849444673,
NXPE3,Astro,4,0.04559522778446351,0.9625668449197862,0.0002426520230617,0.9999120355877152,True,0.030407040810082706,True,0.9958209752541637,
NXPH1,Astro,48,0.013295751956791715,0.7429864253393665,0.3310313446025754,0.8673117086961041,True,-0.00873032001756842,False,0.9709215353212385,
NXPH2,Astro,3,-0.36388488239447747,0.2765939942410531,-0.0635921205367305,,True,-0.27674819097264175,True,0.9166324969148498,
NXPH3,Astro,2,-0.004187155113360266,0.9625668449197862,0.3442190047825433,0.8571644376195148,False,-0.017726420949068355,False,0.9958209752541637,
NXPH4,Astro,1,-0.07294304240605344,0.8148087206910737,-0.676579947901081,,True,-0.05909301092670726,True,0.9774165421224245,
NYX,Astro,1,0.11720910289426165,0.2358700123406006,1.1072111127443425,,True,0.0854309186919439,True,0.8955353702557743,
OAF,Astro,1,0.038369340504537275,0.8148087206910737,-0.5076607124382108,0.5781223795077631,False,0.02248561118936239,False,0.9774165421224245,
OAS1,Astro,1,-0.31767482218445875,0.4234471410941999,0.3062679792773708,,False,-0.1972618515674576,False,0.9272932768190606,
OGN,Astro,1,0.34452696175216496,0.26817863879881465,0.988137422288594,0.4536076467237202,True,0.17402334589897583,True,0.9166324969148498,
OLFM1,Astro,4,-0.4091940223023176,0.015220074043603454,-0.443220977737001,0.6724174996676907,True,-0.40534803428135047,True,0.6816125051419168,
OLFM2,Astro,19,-0.08518798223936754,0.8148087206910737,-0.3567054903353557,0.6020390553321072,True,-0.09766481912909912,True,0.9774165421224245,
OLFM3,Astro,25,-0.5081528848322527,0.37038255861785274,-1.157186334047424,0.3838505838867324,True,-0.46161766241731234,True,0.920585849444673,
OLFML1,Astro,3,0.10599640727515927,0.6058412176059235,-0.4658907598584767,0.7805819106635913,False,0.06880037522350713,False,0.9536531642555559,
OLFML2A,Astro,9,0.12058115089758775,0.6058412176059235,0.6636714751371905,,True,0.0891693583431001,True,0.9536531642555559,
OLFML2B,Astro,14,0.10313592072509335,0.4807075277663513,-0.0483340025945802,,False,0.08138858806002855,False,0.9287202178494102,
OLFML3,Astro,2,0.03593041063923498,0.8883587001234061,1.4724630174507565,,True,0.018412797310464638,True,0.9833068577852265,
OLR1,Astro,3,-0.4721808318384808,0.2358700123406006,0.5824722867617917,0.8042186388303448,False,-0.31064598211201855,False,0.8955353702557743,
OSCAR,Astro,2,-0.045748572560598104,0.9625668449197862,0.4432702616645657,,False,-0.05027315338206308,False,0.9958209752541637,
OTOA,Astro,3,0.18780638864345797,0.4131205365770133,-0.2255596364698962,,False,0.10667468915585186,False,0.9272932768190606,
OTOG,Astro,1,-0.14841862068985645,0.37038255861785274,-0.8522536339912151,0.2734371431464069,True,-0.09613491808927185,True,0.920585849444673,
OTOGL,Astro,15,0.12900544545287873,0.4234471410941999,-0.707104543770549,0.3889430607806082,False,0.09682077790629151,False,0.9272932768190606,
OTOS,Astro,2,0.02765467916648872,0.9625668449197862,2.2729447054413168,0.0639029492505429,True,0.014482992962889706,True,0.9958209752541637,0.9788815372065622
OVCH1,Astro,1,0.1305435124913546,0.5612938291642686,0.7977156199532757,0.3524233093510494,True,0.05243054669756348,True,0.9536531642555559,
P3H1,Astro,1,-0.008633457197490764,0.9625668449197862,-0.2943144011445515,0.735562152506883,True,-0.01946583084853511,True,0.9958209752541637,
P4HB,Astro,1,0.07941633185256207,0.6058412176059235,0.1731160539716954,0.7944792209423281,True,0.06254219920441569,True,0.9536531642555559,
PAM,Astro,2,0.2363203923010591,0.113944878650761,0.2223008026910664,0.7772022611064385,True,0.19306939532682066,True,0.8256851192025261,
PAMR1,Astro,12,-0.06327613425096357,0.4234471410941999,-0.2640936740636725,0.6247943645672922,True,-0.07492483313057081,True,0.9272932768190606,
PAPLN,Astro,5,-0.15743661206709694,0.046400658165364046,-0.0519088790443334,0.958871958255389,True,-0.16666908386551726,True,0.7818904126780498,
PAPPA,Astro,2,0.30073277764740014,0.13879062114356233,0.3395017670677361,0.6503157854896995,True,0.19622019472694183,True,0.8624102221308104,
PAPPA2,Astro,1,-0.25150865184608073,0.2579790218199448,0.6674576145263538,0.0817221227349393,False,-0.09619740160217229,False,0.9166324969148498,0.5354449472096532
PCDH12,Astro,2,-0.36707149438830156,0.03595228301110654,0.4275339963791261,,False,-0.3132453835835111,False,0.7703396502078044,
PCDH15,Astro,3,-0.04296996302607059,0.7429864253393665,-0.1600914138400009,0.8951195403946913,True,-0.03933764493218636,True,0.9709215353212385,
PCDHA1,Astro,1,0.4316540967092383,0.04579898118336865,0.517080171547911,,True,0.17655286847836962,True,0.7818904126780498,
PCDHA10,Astro,1,0.21236835208363755,0.3212669683257919,0.1647311784886627,0.8104163010671263,True,0.13906058682139946,True,0.920585849444673,
PCDHA6,Astro,1,0.1074232164909994,0.4385990660212319,0.6199333365743915,,True,0.04765332101687259,True,0.9287202178494102,
PCOLCE,Astro,1,-0.14375416227586818,0.3212669683257919,0.6827867773255148,0.5814476808209116,False,-0.15002551875672046,False,0.920585849444673,
PCOLCE2,Astro,1,0.033542350320778146,1.0,-1.4352294164646138,,False,0.0052756074445610745,False,1.0,
PCSK1,Astro,2,-0.2547416515018349,0.07445495680789799,-0.0975578392575178,0.9714820249111336,True,-0.20906738193584515,True,0.7918780015463845,
PCSK1N,Astro,2,-0.14253922282525938,0.4807075277663513,0.4877315132448647,0.7448637987855855,False,-0.12474141421318052,False,0.9287202178494102,
PCSK2,Astro,2,-0.16114828995026473,0.37038255861785274,-0.7335062726104096,0.3153971913192685,True,-0.14593651515595338,True,0.920585849444673,
PCSK5,Astro,1,0.12357445286690637,0.3212669683257919,-0.2218967604390495,0.6735323409224533,False,0.10629028610103998,False,0.920585849444673,
PCSK6,Astro,45,-0.19360694230729433,0.2358700123406006,-0.336815553319601,0.8112339653395315,True,-0.20773769120503707,True,0.8955353702557743,
PCYOX1L,Astro,2,-0.01768079011823131,1.0,0.0949199571540763,0.9554927809755464,False,-0.02820070236354717,False,1.0,
PDCD1LG2,Astro,4,-0.06750869802117035,0.7429864253393665,0.2294454394619104,0.84150639421236,False,-0.06160160585078496,False,0.9709215353212385,
PDCD6IP,Astro,1,0.035429948042357017,1.0,0.0227155995873104,0.961917236786802,True,0.02322009582763,True,1.0,
PDGFA,Astro,2,0.03000888974080154,0.7429864253393665,0.2779088666587272,0.7872643998390298,True,0.013890581245460719,True,0.9709215353212385,
PDGFB,Astro,4,-0.37766376476529717,0.07445495680789799,0.8081407034641551,0.6287220362468686,False,-0.33351674463694564,False,0.7918780015463845,
PDGFC,Astro,2,0.09109068958574121,0.2358700123406006,-0.2347431483797187,0.7412813558235247,False,0.07239154474583667,False,0.8955353702557743,
PDGFD,Astro,1,-0.10267316514898871,0.7429864253393665,-0.6489748506562721,0.6608827684861109,True,-0.10081838942439962,True,0.9709215353212385,
PDGFRL,Astro,2,0.1355864570613544,0.3212669683257919,-0.3380358112210743,0.8610905638751792,False,0.1080399790599729,False,0.920585849444673,
PDYN,Astro,2,0.2542539175657191,0.37038255861785274,1.342056675987592,,True,0.1537885908957839,True,0.920585849444673,
PDZD11,Astro,1,0.03574009266896695,0.8148087206910737,0.4364766561484147,0.6172780329247576,True,0.013424877423963432,True,0.9774165421224245,
PDZD2,Astro,1,-0.10734641130149146,0.2358700123406006,-0.1509803935531881,0.9300521005275912,True,-0.11700465917712867,True,0.8955353702557743,
PEBP4,Astro,1,-0.08609295505473133,0.6058412176059235,-0.2436706284042391,0.8052307329503304,True,-0.09726879444744534,True,0.9536531642555559,
PGF,Astro,3,-0.13257600119940066,0.4807075277663513,0.326602424109418,,False,-0.13888999732519697,False,0.9287202178494102,
PGLYRP1,Astro,1,0.2501979999964967,0.12135235946873602,0.3587986163987257,,True,0.0999008221411597,True,0.8624102221308104,
PGLYRP2,Astro,2,-0.08474292291903558,0.9625668449197862,-1.2386461840688832,,True,-0.06901418728281195,True,0.9958209752541637,
PGRMC1,Astro,1,0.14154801125444508,0.6058412176059235,0.3425750985864113,0.7971432895721866,True,0.11358485574403732,True,0.9536531642555559,
PGRMC2,Astro,2,0.056363808826834824,0.4807075277663513,-0.1284784327820753,0.8240499659650264,False,0.03772971869292687,False,0.9287202178494102,
PI15,Astro,1,0.7372075594379848,0.011005223152186558,-0.7506998630709074,0.3839440773278011,False,0.3109477926023002,False,0.6572692013868484,
PI16,Astro,5,0.3931674359243512,0.015220074043603454,0.9660075370365716,0.5291120793716095,True,0.3240996847560281,True,0.6816125051419168,
PIBF1,Astro,1,-0.02237824789388182,0.8883587001234061,-0.037556453810448,0.9452030084433216,True,-0.03393414770416615,True,0.9833068577852265,
PILRA,Astro,2,-0.5957370696835292,0.2765939942410531,0.3632039838428785,0.6603693126268912,False,-0.4466995621485838,False,0.9166324969148498,
PINLYP,Astro,2,-0.05285542395198916,0.6729740847387906,0.1910342777000253,0.9216852437036576,False,-0.062256386254099225,False,0.9699490215240731,
PKD1,Astro,2,-0.06662970574936622,0.6729740847387906,0.2185390804517059,0.7554388905940873,False,-0.0698324347067763,False,0.9699490215240731,
PKD2,Astro,8,0.12969183154724856,0.046400658165364046,0.0768060078064647,0.8715519770621217,True,0.10793889827325201,True,0.7818904126780498,
PKDCC,Astro,2,0.052490570747550695,0.8883587001234061,-0.3030217375578502,0.7946817973672803,False,0.033438064457257,False,0.9833068577852265,
PLA1A,Astro,2,0.04425769209822886,1.0,0.3157939821943256,,True,0.016029447726810326,True,1.0,
PLA2G12A,Astro,1,-0.06093817011286251,0.8148087206910737,0.29896547760444,0.3895822084572677,False,-0.06967606631700571,False,0.9774165421224245,
PLA2G15,Astro,3,-0.09884000670318221,0.4234471410941999,-0.1459532668750331,0.9108663487739797,True,-0.10678716490164882,True,0.9272932768190606,
PLA2G2C,Astro,2,-0.373958936860878,0.13879062114356233,-0.0828743325176272,,True,-0.3026947424836966,True,0.8624102221308104,
PLA2G3,Astro,1,-0.24005938534212404,0.6729740847387906,0.5440543323617708,,False,-0.19773610704655892,False,0.9699490215240731,
PLA2G5,Astro,1,-0.2949554875207888,0.1995886466474702,-0.8695174914208731,0.3153971913192685,True,-0.28244560013968745,True,0.8955353702557743,
PLA2G7,Astro,2,-0.22642300811658364,0.4807075277663513,-1.3154676452984264,,True,-0.1911931126393225,True,0.9287202178494102,
PLA2R1,Astro,3,-0.14650800629569233,0.7429864253393665,-0.2323443037230617,0.9191752552290622,True,-0.14190208508061056,True,0.9709215353212385,
PLAC9,Astro,3,-0.3085708949966022,0.2765939942410531,-0.0384404895443298,0.9826644668380048,True,-0.2724882471871364,True,0.9166324969148498,
PLAT,Astro,3,0.11463626074089522,0.37038255861785274,-0.2920182694957868,,False,0.08150332085347715,False,0.920585849444673,
PLAU,Astro,1,-0.33204092190304696,0.1995886466474702,0.4314372520117805,,False,-0.2779051507011298,False,0.8955353702557743,
PLAUR,Astro,2,-0.008952546349610315,0.8883587001234061,0.3163839340360238,0.7822125438984271,False,-0.020041894838862942,False,0.9833068577852265,
PLOD3,Astro,1,0.015541481533104175,0.7429864253393665,0.6777008912389825,0.473141055408852,True,0.002460439540570203,True,0.9709215353212385,
PLTP,Astro,1,0.2675249575387856,0.07445495680789799,0.3037898162666896,0.6518755078434995,True,0.24131737598284736,True,0.7918780015463845,
PLXDC1,Astro,2,0.07074310549884627,0.6058412176059235,0.1445119543733169,0.9424325982527793,True,0.05526635148435478,True,0.9536531642555559,
PLXNB1,Astro,4,0.03156464973274133,0.9625668449197862,0.3013930411025896,0.6108331625599407,True,0.015897870773834883,True,0.9958209752541637,
PM20D1,Astro,2,0.5328309813133439,0.059234882764294526,-0.343002654332334,0.8683656811127171,False,0.35627810290013084,False,0.7831292612268833,
PMEL,Astro,1,-0.23405880862911743,0.37038255861785274,-0.1904256459604212,,True,-0.21859443947099386,True,0.920585849444673,
PNOC,Astro,7,-0.13035227469712843,0.4807075277663513,-0.8376402382655708,,True,-0.13708138285461582,True,0.9287202178494102,
PODN,Astro,1,-0.021478293338051825,0.8148087206910737,1.4248157786174178,0.2383882758507339,False,-0.03168501715515253,False,0.9774165421224245,
PODNL1,Astro,2,0.04108664034941282,0.7429864253393665,0.878033317945041,,True,0.02759285666657208,True,0.9709215353212385,
POMC,Astro,1,-0.10907139279397741,0.8097797706434724,-0.926600025914184,,True,-0.07734276077240257,True,0.9774165421224245,
PON1,Astro,1,-0.11357983385317168,0.4411382748148418,-0.2703780409609589,0.7918536705915252,True,-0.05849753433901548,True,0.9287202178494102,
PON2,Astro,1,0.050213149872717674,0.8148087206910737,-0.0880391962676563,0.791473858289958,False,0.03206056752918807,False,0.9774165421224245,
PON3,Astro,1,-0.2526641158120189,0.37038255861785274,-0.4853575592054568,0.4100552109518207,True,-0.1712299169071406,True,0.920585849444673,
PPIA,Astro,1,0.05501648158077189,0.6058412176059235,0.1076502319118728,0.9454549779705584,True,0.038497783030608385,True,0.9536531642555559,
PPIB,Astro,1,-0.10961417606181303,0.4807075277663513,0.0679579814319031,0.9619740737302904,False,-0.11618305541545652,False,0.9287202178494102,
PPT1,Astro,6,-0.0023984174434484888,1.0,0.1047603776380389,0.8961354658979104,False,-0.014497972514859972,False,1.0,
PRADC1,Astro,1,-0.14852582568130515,0.2765939942410531,0.1239559698517539,0.9184352778173632,False,-0.1591705893657666,False,0.9166324969148498,
PRB1,Astro,2,0.11725888950953063,0.4385990660212319,0.8405484766325436,,True,0.04553516103225373,True,0.9287202178494102,
PRB2,Astro,1,0.0895694963670464,0.396710372019462,-1.413262295478417,,False,0.032157409014700995,False,0.9272932768190606,
PRELP,Astro,3,0.09849883719804169,1.0,0.2418909550417254,0.8308103036201012,True,0.06995064987647648,True,1.0,
PRH2,Astro,1,0.27669727548628753,0.11555202573169705,0.2563334526567582,,True,0.10774237712273597,True,0.8348969766166658,
PRLR,Astro,28,0.2571988848363527,0.113944878650761,0.4610063977137126,0.8707207505642711,True,0.22051802778435073,True,0.8256851192025261,
PROC,Astro,1,0.005418653275007869,0.9625668449197862,0.2923152850512568,,True,-0.011210759262222363,False,0.9958209752541637,
PROK2,Astro,1,0.20245815753431445,0.1995886466474702,0.5018724311238768,,True,0.13941735741645378,True,0.8955353702557743,
PROS1,Astro,2,-0.05086422862912337,0.8148087206910737,-0.485239451820027,0.4622955899601602,True,-0.06182677985684227,True,0.9774165421224245,
PRR4,Astro,1,-0.21192273289193334,0.1348733948656819,-0.2310687317303569,,True,-0.09397814864112812,True,0.8624102221308104,
PRSS12,Astro,1,-0.14144794046862927,0.3212669683257919,-0.0147653639272591,,True,-0.12359105661516616,True,0.920585849444673,
PRSS23,Astro,1,0.28813079215798176,0.1995886466474702,-0.0006824891515826,0.9999120355877152,False,0.22895143644506552,False,0.8955353702557743,
PRSS27,Astro,1,-0.20132273069966025,0.2358700123406006,0.3493183893200223,,False,-0.19314231128085158,False,0.8955353702557743,
PRSS3,Astro,12,-0.3596055473867979,0.4234471410941999,0.1306488659794761,0.95636827092114,False,-0.2942166976737797,False,0.9272932768190606,
PRSS35,Astro,1,0.11270167166964538,0.4807075277663513,-0.3767982107694783,0.7090659449288127,False,0.0862118485491047,False,0.9287202178494102,
PRSS36,Astro,2,0.21476537508869026,0.2765939942410531,-0.7001278154461632,,False,0.12230195476296278,False,0.9166324969148498,
PRSS48,Astro,1,0.051573328053613775,0.7429864253393665,1.0476414422973803,,True,0.018317598163088866,True,0.9709215353212385,
PRSS51,Astro,5,-0.28875315065285106,0.1995886466474702,-0.125877184516065,0.9200436935966582,True,-0.24295437805776984,True,0.8955353702557743,
PRSS53,Astro,1,-0.27122494935038977,0.3212669683257919,1.0095661338750026,,False,-0.17349245068142188,False,0.920585849444673,
PRSS54,Astro,1,-0.15784362112445172,0.6058412176059235,0.4985346074098467,,False,-0.15710719269854076,False,0.9536531642555559,
PRXL2A,Astro,6,-0.014603741430909171,0.8148087206910737,-0.3412442728829046,0.4075065644513305,True,-0.025823176312660154,True,0.9774165421224245,
PSAP,Astro,2,0.22940166298767084,0.3212669683257919,0.2275975164008281,0.7664033486564636,True,0.20393359734321348,True,0.920585849444673,
PSG3,Astro,1,0.15607717810754693,0.4105244045278962,-0.4957219142018881,,False,0.06557436176013802,False,0.9272932768190606,
PSG6,Astro,1,0.02783878680558787,0.6760266067655356,0.3322069618450141,,True,0.008823005030985279,True,0.9709215353212385,
PSG8,Astro,9,-0.33339647151448265,0.6058412176059235,0.142928677841771,,False,-0.29251157144450096,False,0.9536531642555559,
PSPN,Astro,2,-0.04268731554701691,0.5414232825997531,0.2059105169378129,,False,-0.05814265520743921,False,0.943693947336386,
PTEN,Astro,1,0.002427248012834873,0.8883587001234061,-0.2115475218751135,0.5917798101043095,False,-0.009249973205545593,True,0.9833068577852265,
PTGDS,Astro,2,0.24364613968084592,0.059234882764294526,0.5823783665380028,0.4374375891842221,True,0.22436107829564128,True,0.7831292612268833,
PTHLH,Astro,1,0.0603861846480114,0.5414232825997531,-0.0263404988799006,,False,0.03628970276449525,False,0.943693947336386,
PTK7,Astro,1,-0.08878713036523063,0.5414232825997531,-0.0124043860132622,0.9919103414972535,True,-0.097650089986943,True,0.943693947336386,
PTN,Astro,1,-0.18679030564068602,0.5414232825997531,-0.5746659975687884,0.2669428123965809,True,-0.1780918611881083,True,0.943693947336386,
PTPRJ,Astro,1,-0.06513042353566567,0.6729740847387906,-0.2451425378932198,0.8100103266630349,True,-0.07516281922943432,True,0.9699490215240731,
PTPRR,Astro,20,-0.15046775473454715,0.8883587001234061,-1.1716982303976653,0.1417400444392951,True,-0.15883310480286622,True,0.9833068577852265,
PTPRZ1,Astro,1,-0.022335205326783063,0.6729740847387906,-0.3207137600711729,0.2764713134776292,True,-0.03178034469791377,True,0.9699490215240731,
PTX3,Astro,1,0.21687171799996358,0.7429864253393665,1.0312481516319492,,True,0.16779112623901768,True,0.9709215353212385,
PVR,Astro,1,-0.2498030167547235,0.09271904566022213,-0.462483382029153,0.7123836927586062,True,-0.21915165663099254,True,0.8215799928288131,
PXDN,Astro,1,-0.2257137037749948,0.4807075277663513,-0.8418451271245564,0.7379448242455213,True,-0.20824622747328742,True,0.9287202178494102,
PXDNL,Astro,2,-0.2260830490262349,0.4807075277663513,-0.0879316513142817,0.9328011612611988,True,-0.1275454302800954,True,0.9287202178494102,
PYY,Astro,8,-0.02599325004409778,0.9625668449197862,0.9829445740412944,,False,-0.03683716147493393,False,0.9958209752541637,
QPCT,Astro,2,-0.13570748506251484,0.8883587001234061,0.1789544540228015,,False,-0.09698771116446611,False,0.9833068577852265,
QSOX1,Astro,2,-0.297480081959259,0.046400658165364046,-0.2635467748240152,0.8032221395107267,True,-0.29450713116536287,True,0.7818904126780498,
QSOX2,Astro,2,-0.11021901148135542,0.16717400246812014,-0.4810176718589689,0.3224844638739527,True,-0.11451584705085074,True,0.8729222334758668,
RAET1E,Astro,3,0.11522170389898545,0.5414232825997531,0.6154733563520913,,True,0.09310813081694044,True,0.943693947336386,
RARRES1,Astro,2,-0.2153879807587309,0.4807075277663513,-0.0121528840256895,0.9943398500814364,True,-0.18290313121822352,True,0.9287202178494102,
RARRES2,Astro,1,-0.02405045364480122,0.8883587001234061,0.972160226596706,0.4782350624393532,False,-0.03739859963124876,False,0.9833068577852265,
RBP4,Astro,2,-0.5477270451016093,0.33562751985334394,0.4728776468093634,,False,-0.35243256738916723,False,0.920585849444673,
RELN,Astro,1,-0.20382547249451108,1.0,0.3405834126437876,0.816165849778417,False,-0.15459301010443113,False,1.0,
REN,Astro,4,-0.41836701083071903,0.0015631427396133276,0.2868871248454443,,False,-0.4063027809291419,False,0.3237659399424105,
RGMA,Astro,5,0.060154234985873196,0.4234471410941999,0.1587449361454602,0.802934379530089,True,0.04656524333152133,True,0.9272932768190606,
RNASE1,Astro,3,0.19338295980156867,0.8148087206910737,0.3596946593756072,0.8136501822712241,True,0.13691552612396934,True,0.9774165421224245,
RNASE4,Astro,2,0.07920672393760886,0.2358700123406006,1.7021192326737695,0.1136083613505079,True,0.06743584378024348,True,0.8955353702557743,
RNASE6,Astro,2,-0.2988651381764082,0.37038255861785274,2.788513804495637,,False,-0.19862306970220825,False,0.920585849444673,
RNASET2,Astro,1,0.1915988078542782,0.059234882764294526,0.2388158524454781,0.7944792209423281,True,0.1609002996191833,True,0.7831292612268833,
RNF43,Astro,3,-0.06874729283214696,0.5414232825997531,-0.5251036165301569,0.6862963616100713,True,-0.07532749052033655,True,0.943693947336386,
RNLS,Astro,1,0.25004290748813307,0.03595228301110654,0.3658425588600436,0.3809928515218687,True,0.2164452579705515,True,0.7703396502078044,
RNPEP,Astro,1,0.14961458354430546,0.3212669683257919,0.0955193320422769,0.9121805196760724,True,0.1184344926390577,True,0.920585849444673,
RSPO2,Astro,2,0.15607443634276816,0.8883587001234061,0.4758213273283562,0.8707207505642711,True,0.11189852203528255,True,0.9833068577852265,
RSPO3,Astro,1,-0.32939126097604476,0.1995886466474702,0.3979958071166465,0.7946817973672803,False,-0.3026119180267673,False,0.8955353702557743,
RSPO4,Astro,2,-0.5267397234393123,0.3594640921412464,0.4485447979456563,0.5149424842234671,False,-0.2760066527652119,False,0.920585849444673,
RSPRY1,Astro,1,-0.014484071981901697,0.9625668449197862,-9.524358000917126e-05,0.9999740116096724,True,-0.02814627751029943,True,0.9958209752541637,
RTBDN,Astro,3,-0.04904779642231794,0.7429864253393665,0.070541825484299,,False,-0.055405259569330206,False,0.9709215353212385,
S100A13,Astro,2,0.150624185994307,0.2765939942410531,0.2181381872576718,0.8063337592967763,True,0.13202427326352448,True,0.9166324969148498,
S100A4,Astro,3,0.29950934546559654,0.4234471410941999,2.441339418021844,,True,0.2504958125636932,True,0.9272932768190606,
S100A8,Astro,1,0.32325285530938314,0.26817863879881465,-0.727740551055715,,False,0.15745760433375602,False,0.9166324969148498,
S100A9,Astro,1,0.2400876890042789,0.09199415528029567,2.6390557389230085,,True,0.1118457093726521,True,0.8215799928288131,
S100B,Astro,2,-0.03247400532456931,0.4234471410941999,0.4718591095846604,0.4788458804607671,False,-0.04380603093174927,False,0.9272932768190606,
SAA2,Astro,1,0.21038207629567943,0.20815253423096258,0.1406582388296351,,True,0.08068618731111782,True,0.8955353702557743,
SAMD1,Astro,1,-0.00850950615473747,0.8883587001234061,0.3962523243901462,0.6698071037527966,False,-0.022386633404172553,False,0.9833068577852265,
SBSPON,Astro,1,0.14118210561749042,0.8883587001234061,0.8785676012818314,,True,0.086579636600987,True,0.9833068577852265,
SCG2,Astro,2,0.683805533587877,0.011106540518305223,1.014808935553464,0.4537659007157378,True,0.5570333722858515,True,0.6572692013868484,
SCG3,Astro,1,-0.029867012748132422,0.6058412176059235,-0.4809198426335919,0.4690789580121002,True,-0.039419898878700954,True,0.9536531642555559,
SCG5,Astro,2,-0.3257975130667429,0.046400658165364046,0.2021811387883388,0.9277554955016024,False,-0.21882127766628612,False,0.7818904126780498,
SCGB1D2,Astro,1,0.7944675334289589,0.02739613327848622,2.014608552988256,,True,0.5669948583504114,True,0.7401422746051902,
SCGB2B2,Astro,13,0.08259305215278406,0.37038255861785274,0.022011884779549,0.9799377477199024,True,0.06722898433407651,True,0.920585849444673,
SCGN,Astro,1,0.07390513766400854,0.5314156984513272,1.452564613734952,,True,0.03656615326406494,True,0.943693947336386,
SCN1B,Astro,2,0.27579403980306444,0.059234882764294526,0.1245442146028476,0.958871958255389,True,0.21985248268281896,True,0.7831292612268833,
SCPEP1,Astro,1,0.21643395823175643,0.046400658165364046,0.6133398647263648,0.1146094667441185,True,0.18760935009591984,True,0.7818904126780498,
SCRG1,Astro,1,-0.0025480332816227233,0.6058412176059235,0.2688864776118781,0.8230673991486719,False,-0.018157179907849614,False,0.9536531642555559,
SCUBE1,Astro,2,-0.1662001827574535,0.4234471410941999,0.0897771371467502,,False,-0.15061624780394087,False,0.9272932768190606,
SCUBE2,Astro,1,-0.08167562360790737,0.6729740847387906,-0.0011072352294725,0.9998561851907812,True,-0.07708156094156468,True,0.9699490215240731,
SCUBE3,Astro,1,-0.34863131628671634,0.2358700123406006,-0.0934053994427657,0.9604162468197966,True,-0.2818316043341884,True,0.8955353702557743,
SDC4,Astro,1,0.30986429106287827,0.059234882764294526,0.1332363413141382,0.9044420976053924,True,0.2688031432735354,True,0.7831292612268833,
SDCBP,Astro,2,0.11088637903552155,0.37038255861785274,0.0151163657625948,0.9896588118329523,True,0.09097366563181092,True,0.920585849444673,
SDF2,Astro,1,0.05447141349344853,0.6729740847387906,0.3490510549731653,0.6371660327477265,True,0.035233775857381175,True,0.9699490215240731,
SECTM1,Astro,2,-0.2845402736792633,0.2358700123406006,-0.8601440825623513,,True,-0.23584374951270526,True,0.8955353702557743,
SELENOP,Astro,5,0.24753473950370625,0.03595228301110654,0.1296032065386864,0.905612931051024,True,0.2125455667235121,True,0.7703396502078044,
SEMA3A,Astro,2,0.24789399769597176,0.113944878650761,-0.2209937210369985,0.8066262281091607,False,0.2111647828555326,False,0.8256851192025261,
SEMA3B,Astro,3,-0.11806660141490868,0.6058412176059235,0.6867937009752099,0.2209411139774212,False,-0.12457568274140508,False,0.9536531642555559,
SEMA3C,Astro,2,0.43450994504971313,0.015220074043603454,0.3128005817554971,0.7822125438984271,True,0.3772645442943951,True,0.6816125051419168,
SEMA3D,Astro,7,0.5548864772890146,0.007897984368572603,1.804775673807508,0.0131726309425971,True,0.5047246638543594,True,0.6428156623157458,0.10995753923907
SEMA3E,Astro,1,-0.14481663442988232,0.4234471410941999,0.0690162290014214,0.97494610149279,False,-0.11211571258752495,False,0.9272932768190606,
SEMA3F,Astro,3,0.06626023237392616,0.1995886466474702,-0.2056070984818068,,False,0.036234978878968024,False,0.8955353702557743,
SERPINA1,Astro,2,-0.5669195760821828,0.13879062114356233,1.3739136994531476,,False,-0.37167417026063987,False,0.8624102221308104,
SERPINA3,Astro,1,0.40449330442069736,0.3212669683257919,2.0589995495463795,0.5029314537440659,True,0.30311020356142376,True,0.920585849444673,
SERPINB1,Astro,1,0.01939443327740494,0.8148087206910737,0.1354489373239442,0.9518398196395412,True,0.008506796559332213,True,0.9774165421224245,
SERPIND1,Astro,4,-0.1322526749038328,0.37038255861785274,0.6747351395089428,,False,-0.08745266916102488,False,0.920585849444673,
SERPINE1,Astro,1,-0.13118441243507836,0.8148087206910737,1.8850270140800625,0.645419510098373,False,-0.0927688271128658,False,0.9774165421224245,
SERPINE2,Astro,3,0.14211000730260248,0.2358700123406006,-0.3224884530163709,0.3086545763311567,False,0.12580631203124726,False,0.8955353702557743,
SERPINE3,Astro,3,-0.13947068844531085,0.37038255861785274,-0.0441474774684436,,True,-0.09714066413140658,True,0.920585849444673,
SERPINF1,Astro,2,-0.29193450626085554,0.2765939942410531,0.8203819361595192,0.7091270820503325,False,-0.23254851478514205,False,0.9166324969148498,
SERPINF2,Astro,4,-0.44991094221677724,0.046400658165364046,-0.7592388677686647,,True,-0.37364362357694064,True,0.7818904126780498,
SERPING1,Astro,1,-0.3555520268855737,0.1995886466474702,-0.0301697339974284,0.9919103414972535,True,-0.333919199476016,True,0.8955353702557743,
SERPINI1,Astro,1,-0.10855846655735538,0.16717400246812014,-0.3900483673216676,0.5356112752697912,True,-0.11583455477028569,True,0.8729222334758668,
SFRP1,Astro,1,-0.6993924063388313,0.09271904566022213,-0.3011646653136564,,True,-0.5054608781337768,True,0.8215799928288131,
SFRP2,Astro,3,0.21080578262386476,0.37038255861785274,-0.0250085491262921,0.9935292740770264,False,0.16429002392008765,False,0.920585849444673,
SFRP4,Astro,1,0.18257403690454355,0.4234471410941999,0.552993357671186,0.4268315176427786,True,0.15076675551587243,True,0.9272932768190606,
SFTPD,Astro,1,0.35546827679209414,0.047988968229705706,0.9738891210512736,0.212797659779277,True,0.1447672573298629,True,0.7831292612268833,
SHBG,Astro,3,-0.004827118218190734,0.8883587001234061,0.7440844768654462,,False,-0.017711181618472436,False,0.9833068577852265,
SIGLEC10,Astro,2,0.31706354929324887,0.36034989260651284,1.5624339698365997,,True,0.1859103778067068,True,0.920585849444673,
SLIT1,Astro,2,-0.46489891454249904,0.00032908268202385847,-0.753982699684704,0.1686629216157724,True,-0.4370386608649272,True,0.18176333470451117,
SLIT2,Astro,2,-0.2861388169032866,0.2765939942410531,-1.031805481898733,0.1417400444392951,True,-0.2580238300549049,True,0.9166324969148498,
SLIT3,Astro,92,-0.16126777153975552,0.3212669683257919,-0.7955256432842795,0.3235749215249786,True,-0.17929615125713322,True,0.920585849444673,
SLITRK1,Astro,3,-0.12485151809084165,0.37038255861785274,-0.5308163994813687,0.7949215288468418,True,-0.11529806013347009,True,0.920585849444673,
SMIM20,Astro,1,-0.07255264705107829,0.5414232825997531,-0.2845659992676134,0.6515316700555097,True,-0.08306024642728385,True,0.943693947336386,
SMOC1,Astro,3,0.15023744436185876,0.6058412176059235,0.3890645231554801,0.7444697629542228,True,0.12032504568164708,True,0.9536531642555559,
SMOC2,Astro,35,-0.20739576871532242,0.8883587001234061,0.7584321494400496,,False,-0.20786766800508827,False,0.9833068577852265,
SMPD1,Astro,1,0.07044552096999214,0.4807075277663513,-0.3228539481860966,0.7704375483366472,False,0.05279147948856506,False,0.9287202178494102,
SMPDL3A,Astro,1,0.07322058207610149,0.4234471410941999,-0.4500570626830409,0.5917798101043095,False,0.05813407513929003,False,0.9272932768190606,
SNCA,Astro,1,0.6061983887863532,0.02739613327848622,0.3779287303271674,0.711788485939219,True,0.5241515302917664,True,0.7401422746051902,
SNED1,Astro,12,0.08937675948962603,0.4807075277663513,0.5120105393907547,0.4374375891842221,True,0.06860669207354876,True,0.9287202178494102,
SNORC,Astro,2,-0.12855705984383003,0.6058412176059235,-0.2922003071144185,0.8112339653395315,True,-0.13579854826859863,True,0.9536531642555559,
SNX25,Astro,3,0.2893555069380641,0.011106540518305223,0.2611840107114381,0.5744372781136358,True,0.2625551009022428,True,0.6572692013868484,
SOD3,Astro,1,-0.08953224485739764,0.6058412176059235,0.465649863795058,0.7068785527008337,False,-0.0939430952675357,False,0.9536531642555559,
SOGA1,Astro,2,-0.030347139579915743,0.8148087206910737,-0.2918576960967929,0.4312996961236816,True,-0.041638414996656596,True,0.9774165421224245,
SORD,Astro,6,-0.14909520347539654,0.16717400246812014,0.7153653819108678,0.3875125749679081,False,-0.15518832188064097,False,0.8729222334758668,
SORL1,Astro,45,0.16129977371852774,0.02739613327848622,-0.0799356089170847,0.8819887630527389,False,0.14506889631193837,False,0.7401422746051902,
SOSTDC1,Astro,14,-0.0061037077017100936,0.8883587001234061,0.6437578953273507,,False,-0.02280936738651795,False,0.9833068577852265,
SPARC,Astro,2,0.2524822711822284,0.5414232825997531,0.7936541046784986,0.4721249043868883,True,0.21707651478768678,True,0.943693947336386,
SPARCL1,Astro,3,-0.2462013106251415,0.3212669683257919,-0.1209524095370678,0.816165849778417,True,-0.23146162567769335,True,0.920585849444673,
SPATA20,Astro,1,-0.02346050125126922,0.7429864253393665,0.3078977014192841,0.740783215826162,False,-0.03547660881528112,False,0.9709215353212385,
SPATA6,Astro,1,-0.07561879337855865,0.7429864253393665,-0.2110902399344279,0.6862253796334,True,-0.08673233978145542,True,0.9709215353212385,
SPESP1,Astro,1,0.09903064355875806,0.8851640153055096,0.3407721948386952,0.4249302656190219,True,0.04949303059075322,True,0.9833068577852265,
SPINK8,Astro,1,0.017922254650757932,0.5535002559492928,0.1793314936202811,,True,0.005810803501721502,True,0.9536531642555559,
SPINK9,Astro,2,0.05899046622764196,0.961532239658224,-0.7609336703529394,0.5636436435516762,False,0.026268737643793477,False,0.9958209752541637,
SPOCK1,Astro,66,0.0525663906107672,0.37038255861785274,-0.1500119349026544,0.8423944950280735,False,0.03614171682312348,False,0.920585849444673,
SPOCK2,Astro,2,0.052094897671270145,0.9625668449197862,0.0172828990518698,0.9845826410094785,True,0.032113496237742824,True,0.9958209752541637,
SPOCK3,Astro,24,-0.33459220068230844,0.4807075277663513,-0.1471809964297689,0.9093225370558834,True,-0.31839921059042287,True,0.9287202178494102,
SPON1,Astro,1,-0.054117124205769564,0.8883587001234061,-0.1377392133665106,0.8776582804681817,True,-0.06484213919674399,True,0.9833068577852265,
SPON2,Astro,11,0.0718263302137795,0.5414232825997531,0.504723409065559,0.6735323409224533,True,0.051992342750791405,True,0.943693947336386,
SPP1,Astro,4,0.19123240531930522,0.2765939942410531,0.0351891672666599,0.9941012949119384,True,0.14489544177701014,True,0.9166324969148498,
SPX,Astro,2,0.09706595345540095,0.7429864253393665,0.4456688881567021,0.6046598241863457,True,0.07445750419365861,True,0.9709215353212385,
SRGN,Astro,3,0.02188433383689392,0.8883587001234061,1.143214120967986,0.6473657477159148,True,0.005132627668053832,True,0.9833068577852265,
SRPX,Astro,1,-0.020851274720471585,0.9625668449197862,0.3686212417407122,0.7562634045495604,False,-0.0279946107003077,False,0.9958209752541637,
SRPX2,Astro,2,0.5243881251416895,0.113944878650761,0.1746779695316918,0.94193020658272,True,0.2955425222674765,True,0.8256851192025261,
SSBP3-AS1,Astro,1,-0.1806790325321476,0.37038255861785274,-0.6370720470702936,,True,-0.13422466455251636,True,0.920585849444673,
SSC4D,Astro,2,-0.3218103213817391,0.25800804712879555,1.1220771861981984,,False,-0.15599463682324616,False,0.9166324969148498,
SSC5D,Astro,4,0.6434813479660854,0.0009872480460715754,0.3389701597973064,0.8108921505432888,True,0.5703535163544419,True,0.3237659399424105,
SST,Astro,1,0.01895428151256433,0.7361212634199744,-1.163436468723022,0.5854348883800716,False,0.003286583558897163,False,0.9709215353212385,
ST3GAL1,Astro,1,-0.008103247564284667,0.8883587001234061,-0.4250999286535271,0.2902000209917524,True,-0.020226925979568194,True,0.9833068577852265,
ST3GAL2,Astro,11,-0.07483506051832291,0.16717400246812014,0.1599364578862601,0.7940479888880266,False,-0.08728902975075911,False,0.8729222334758668,
ST3GAL3,Astro,7,0.04369896108352868,0.7429864253393665,-0.0111419082602095,0.9890472449310118,False,0.022540626895151322,False,0.9709215353212385,
ST3GAL4,Astro,15,-0.011854412859592496,0.8148087206910737,0.0402567669553343,0.9714820249111336,False,-0.02583063012259479,False,0.9774165421224245,
ST6GAL1,Astro,29,0.03493392245767234,0.9625668449197862,0.5756234696574236,0.6683769602665486,True,0.02314971048995947,True,0.9958209752541637,
ST8SIA2,Astro,2,-0.27633790557902216,0.4807075277663513,-0.1552650405682051,,True,-0.1976281499593015,True,0.9287202178494102,
ST8SIA4,Astro,2,0.04798476517388037,0.7429864253393665,0.0824728959999887,0.9764276892575692,True,0.021417818427614824,True,0.9709215353212385,
STC2,Astro,3,0.29674722626363026,0.37038255861785274,1.334362504785588,,True,0.23628197881935212,True,0.920585849444673,
STX1A,Astro,4,-0.013323146843225352,0.5414232825997531,-0.035018395722808,0.9883426883755206,True,-0.023421901085203516,True,0.943693947336386,
SULF1,Astro,6,0.024611883253468223,0.9625668449197862,-0.8095907327755302,0.7836560227973922,False,0.00576147277008883,False,0.9958209752541637,
SULF2,Astro,1,0.11064952968931108,0.8148087206910737,0.0977065006720602,0.9554927809755464,True,0.08170753561891533,True,0.9774165421224245,
SUSD4,Astro,1,-0.127185978426105,0.7429864253393665,-0.5736072938730269,0.4768093112440079,True,-0.12620532654570954,True,0.9709215353212385,
SVBP,Astro,1,0.10863442100244271,0.13879062114356233,0.1037430511946696,0.9451818298845536,True,0.0892973060305259,True,0.8624102221308104,
SVEP1,Astro,1,-0.24539713253797085,0.4234471410941999,0.7364146617771501,0.3609839965501878,False,-0.16067612715443028,False,0.9272932768190606,
TAC1,Astro,2,-0.5668594529010222,0.2765939942410531,-0.5750606339098494,0.7925171378851372,True,-0.38293011279081723,True,0.9166324969148498,
TAC3,Astro,6,-0.03203935590993607,0.7429864253393665,-0.5054278354828994,,True,-0.04060394670166128,True,0.9709215353212385,
TAFA1,Astro,53,-0.3637896024997241,0.03595228301110654,-1.0304044401947663,0.0817221227349393,True,-0.372520437290873,True,0.7703396502078044,0.16322575985625806
TAFA4,Astro,1,-0.21862247274364227,0.4234471410941999,-0.2460602594114801,,True,-0.19295621147082534,True,0.9272932768190606,
TAFA5,Astro,61,0.016413368963610706,0.6058412176059235,-0.244807233115522,0.4377182342740038,False,-0.0017565082558165955,True,0.9536531642555559,
TCF4,Astro,89,0.09913380013330104,0.2358700123406006,-0.117621263137806,0.861815954977765,False,0.0842981945268624,False,0.8955353702557743,
TCN2,Astro,3,0.15315047415972766,0.16717400246812014,0.0994249028563851,0.9398457692344252,True,0.1247894782625303,True,0.8729222334758668,
TCTN1,Astro,1,0.1390443120148026,0.2358700123406006,0.2605961215923556,0.3948501654088451,True,0.1188995871173866,True,0.8955353702557743,
TECTA,Astro,3,0.1820902133865081,0.4234471410941999,-0.3328406150982623,0.5988599625656088,False,0.1347201711668353,False,0.9272932768190606,
TEK,Astro,1,-0.06295531904013875,0.6648126209477461,0.4547095938303508,,False,-0.03448998867136678,False,0.9699490215240731,
TF,Astro,4,0.0664014996976845,0.6729740847387906,-0.0310506817118406,0.9764276892575692,False,0.045545659332337625,False,0.9699490215240731,
TFPI,Astro,3,-0.20033689621263534,0.2358700123406006,1.864297884881788,0.1149633386827638,False,-0.12336564760326395,False,0.8955353702557743,
TFPI2,Astro,1,-0.3045262847905227,0.2765939942410531,1.2537081835073052,,False,-0.1839877269684366,False,0.9166324969148498,
TFRC,Astro,1,0.06047920868501585,0.4807075277663513,0.0938507376800085,0.9700960032124916,True,0.04240432214761107,True,0.9287202178494102,
TG,Astro,31,-0.07671655540948831,0.37038255861785274,-0.9945731560643972,0.3322253789990799,True,-0.08973745994120051,True,0.920585849444673,
TGFA,Astro,2,-0.48175343281824645,0.07445495680789799,0.0062082413314919,0.9977566765189652,False,-0.4086740070751001,False,0.7918780015463845,
TGFB1,Astro,2,0.25513160310780353,0.059234882764294526,0.0789758379016764,0.9604162468197966,True,0.22219074417001486,True,0.7831292612268833,
TGFB2,Astro,3,0.18002022849760213,0.2358700123406006,0.0968237442631831,0.8726915676203372,True,0.1570432507761479,True,0.8955353702557743,
TGFB3,Astro,3,0.18135280115092756,0.2765939942410531,-0.6876057210423425,0.1509417255529232,False,0.16117122360115113,False,0.9166324969148498,
TGFBI,Astro,7,0.007089108104500558,0.8148087206910737,1.1233283669186234,,True,-0.013837433281788089,False,0.9774165421224245,
TGFBR2,Astro,2,0.48430564169782747,0.2765939942410531,0.2030649236365735,0.94193020658272,True,0.3399941555713353,True,0.9166324969148498,
TGFBR3,Astro,9,0.00774593861353924,0.7429864253393665,0.136750957815412,0.8317105828938055,True,-0.00796878864215151,False,0.9709215353212385,
TGM2,Astro,1,-0.013114441906997867,0.8148087206910737,1.3989445626209651,,False,-0.020311553246502436,False,0.9774165421224245,
THBS1,Astro,2,0.22962079018741333,0.4234471410941999,1.2701808728265225,0.4343304801777962,True,0.16895289887883289,True,0.9272932768190606,
THBS2,Astro,2,-0.0034145429961781105,0.8883587001234061,0.4394687268048077,0.6870038610131505,False,-0.012224588752378201,False,0.9833068577852265,
THBS3,Astro,1,-0.0024053435586824743,1.0,-0.0150912436627193,0.9899958270808284,True,-0.014169962463548836,True,1.0,
THBS4,Astro,2,0.19709039797770492,0.37038255861785274,0.0083554580598912,0.9939753226919472,True,0.14189874058165128,True,0.920585849444673,
THEM6,Astro,1,-0.022362337488431784,0.7429864253393665,0.4815883981663041,0.6514601718557442,False,-0.034903089345598395,False,0.9709215353212385,
THNSL2,Astro,2,0.4149325392864648,0.059234882764294526,0.3590646814919989,0.7872643998390298,True,0.35626841570372736,True,0.7831292612268833,
THPO,Astro,3,-0.3909767054512063,0.02064993829699712,0.9487230607296936,,False,-0.375812389091113,False,0.7228932624955823,
THSD1,Astro,4,0.07175922256629018,0.8883587001234061,-0.2303001724726323,0.8152896132352494,False,0.04883456183432469,False,0.9833068577852265,
THSD4,Astro,62,-0.3830840055950558,0.011106540518305223,-0.5321769061620973,0.6095356594981663,True,-0.38971487801081034,True,0.6572692013868484,
THSD7A,Astro,1,0.10336152636701132,0.6058412176059235,-0.0458578695429137,0.9604162468197966,False,0.07221851554760919,False,0.9536531642555559,
TIMD4,Astro,5,-0.09137886969884194,0.16717400246812014,-0.4783761331222297,,True,-0.08113594295539085,True,0.8729222334758668,
TIMP1,Astro,1,0.08863729938236618,0.7429864253393665,1.432816273580373,0.2226147168082344,True,0.06263118363867523,True,0.9709215353212385,
TIMP2,Astro,18,0.028486048865390308,0.37038255861785274,0.1679216968407787,0.8715519770621217,True,0.016696921152673867,True,0.920585849444673,
TIMP3,Astro,3,0.00828796464959473,0.7429864253393665,-0.1156592252368108,0.9328964017331444,False,-0.005053826251830838,True,0.9709215353212385,
TIMP4,Astro,1,-0.093922767327904,0.6058412176059235,0.2498490306950171,,False,-0.08966838418710654,False,0.9536531642555559,
TLL1,Astro,1,0.11064745854938851,0.6058412176059235,-0.022863531216352,0.9944469451433948,False,0.07082054304172948,False,0.9536531642555559,
TLL2,Astro,1,-0.08935556383519767,0.1995886466474702,0.9262417694645636,,False,-0.09680898484799075,False,0.8955353702557743,
TMEFF2,Astro,3,-0.1442789756775169,0.6729740847387906,-0.3675069946264262,0.7993823828058372,True,-0.14430750836010156,True,0.9699490215240731,
TMEM119,Astro,3,-0.11840084170034024,0.37038255861785274,0.3716552837659931,,False,-0.09310750108096046,False,0.920585849444673,
TMEM25,Astro,1,0.2159006814418192,0.1995886466474702,-0.0968296734313233,0.9324671920097058,False,0.1781524029197165,False,0.8955353702557743,
TMEM98,Astro,1,0.08372395203341686,0.6729740847387906,-0.053959535277113,0.9663717210027096,False,0.0524742546101449,False,0.9699490215240731,
TMPRSS11D,Astro,1,0.22474708578254618,0.30933832403732364,0.1532841376654301,0.9311590965063786,True,0.09222531101266566,True,0.920585849444673,
TMX1,Astro,1,0.034410566427398044,0.6058412176059235,0.0158279121045056,0.9839533117194104,True,0.02039174969928633,True,0.9536531642555559,
TNC,Astro,6,0.40958765393282776,0.059234882764294526,1.3542212433821534,0.0052557361621232,True,0.3775888207385279,True,0.7831292612268833,0.2090642921092748
TNFAIP6,Astro,2,0.23652315636959992,0.4807075277663513,-1.0553219654508328,0.5079893326622972,False,0.16681588041104256,False,0.9287202178494102,
TNFRSF11B,Astro,1,0.18721458642215963,0.2358700123406006,0.4163364731075624,0.8209984285697908,True,0.16283779928336956,True,0.8955353702557743,
TNFRSF1A,Astro,2,-0.09395769085697582,0.4807075277663513,0.2686473142719597,0.8230673991486719,False,-0.1012813075072558,False,0.9287202178494102,
TNFRSF1B,Astro,2,-0.05533353446701219,0.9625668449197862,0.1759085037646623,0.9451818298845536,False,-0.054562673939046284,False,0.9958209752541637,
TNFRSF25,Astro,1,0.31571569674258315,0.5414232825997531,-0.5069326227763659,0.7693870171843106,False,0.20268738043346032,False,0.943693947336386,
TNFRSF6B,Astro,2,-0.17213286029024674,0.6058412176059235,1.082489377793833,0.2731502572352666,False,-0.1533205129535912,False,0.9536531642555559,
TNFSF10,Astro,1,0.031613243631127955,0.8883587001234061,0.9827849528250624,,True,0.013821350327150636,True,0.9833068577852265,
TNFSF12,Astro,1,-0.03286255837226717,0.9625668449197862,0.1074777079310897,0.9063442390423692,False,-0.047597812269959294,False,0.9958209752541637,
TNFSF13,Astro,2,-0.10159010499025219,0.5414232825997531,-0.4170412113803217,0.6637337285323985,True,-0.10929579980027129,True,0.943693947336386,
TNFSF13B,Astro,3,0.023900122513956006,0.9625668449197862,-0.0089398979694394,0.9941353539782346,False,0.0055980725386200955,False,0.9958209752541637,
TNFSF14,Astro,1,0.03789083257688819,1.0,2.3837456287555217,0.657934761372888,True,0.010963016398959179,True,1.0,
TNN,Astro,2,-0.6715735889149823,0.4807075277663513,-0.5126495729513015,,True,-0.5114946669882015,True,0.9287202178494102,
TNR,Astro,3,0.22967331934579815,0.1995886466474702,-0.0367737686201087,0.9826481105595156,False,0.17972917748488848,False,0.8955353702557743,
TNXB,Astro,11,0.05881223333686392,0.7429864253393665,0.3097393941355104,0.7693870171843106,True,0.04384444881609469,True,0.9709215353212385,
TOR2A,Astro,1,0.18627481508467872,0.113944878650761,0.1029745105367857,,True,0.16489760546600452,True,0.8256851192025261,
TPSD1,Astro,3,0.41418091241241123,0.16717400246812014,-0.3373111611527319,,False,0.2664669035207783,False,0.8729222334758668,
TREM2,Astro,3,-0.14702690358689083,0.5414232825997531,2.251761309292349,,False,-0.09293503721498236,False,0.943693947336386,
TSKU,Astro,3,-0.3759474271223525,0.02064993829699712,0.4969180903869001,,False,-0.3653496186784775,False,0.7228932624955823,
TSLP,Astro,2,-0.3008443769093057,0.2358700123406006,0.8922873869034524,,False,-0.24844150676597876,False,0.8955353702557743,
TTR,Astro,8,-0.36767829837587,0.16717400246812014,-1.768549791314047,0.4377182342740038,True,-0.2960627473187755,True,0.8729222334758668,
TUB,Astro,22,0.07185076362168494,0.37038255861785274,-0.07378606033751,0.922806533182124,False,0.05082314269508436,False,0.920585849444673,
TUFT1,Astro,1,-0.2666347353577426,0.1995886466474702,-0.264051047080286,,True,-0.2399312091151422,True,0.8955353702557743,
TULP2,Astro,1,0.009586307209284644,0.8883587001234061,-1.142235320551276,,False,-0.0011644685743006744,True,0.9833068577852265,
TULP3,Astro,1,-0.011777733456939464,0.9625668449197862,0.119642223235408,0.874588130311451,False,-0.02373962946366249,False,0.9958209752541637,
TWSG1,Astro,1,0.02106983871503272,0.6058412176059235,-0.0270618468299212,0.9714820249111336,False,0.006937234384714734,False,0.9536531642555559,
TXN,Astro,1,0.06157289782003453,0.5414232825997531,0.4102417820900917,0.5735965197217278,True,0.04267405476533308,True,0.943693947336386,
TXNDC16,Astro,1,0.02669675974500498,0.8883587001234061,-0.2005763872390144,0.5633855584583471,False,0.009108855768596389,False,0.9833068577852265,
UCN,Astro,2,0.49213125876085395,0.06044423260240563,0.5191901150717322,0.6394155979687773,True,0.26682003770415696,True,0.7845124811137295,
ULBP2,Astro,2,-0.038379530189298613,0.6058412176059235,0.635923380694138,,False,-0.047889873911061115,False,0.9536531642555559,
USH2A,Astro,2,0.04583146755705989,0.3594640921412464,-1.2124741573475608,0.0168189642329121,False,0.013478129662664734,False,0.920585849444673,0.5555738379267792
UTS2B,Astro,7,0.08132431072814846,0.6058412176059235,0.6529411441466113,,True,0.06390719930557255,True,0.9536531642555559,
VASH1,Astro,6,-0.17706256518023084,0.4234471410941999,-0.1229583480010288,0.9109079661766228,True,-0.1847307082709055,True,0.9272932768190606,
VASH2,Astro,2,-0.24175074394147045,0.4234471410941999,-0.4320030411858308,,True,-0.20791355594853492,True,0.9272932768190606,
VASN,Astro,5,0.03779872610263643,0.6729740847387906,0.7138929999603233,0.453333751500397,True,0.024651551701969004,True,0.9699490215240731,
VCAM1,Astro,2,0.02045323969651621,0.6729740847387906,0.9857972795700743,0.4860450210010446,True,0.0028996982347738857,True,0.9699490215240731,
VCAN,Astro,2,0.09478136522198831,0.4807075277663513,0.4955236240188105,0.466652268193918,True,0.08090381810566191,True,0.9287202178494102,
VEGFA,Astro,1,0.14795672798811904,0.2765939942410531,-0.2137494251648002,0.9153606796037432,False,0.13175641795018292,False,0.9166324969148498,
VEGFB,Astro,2,-0.07843008189299062,0.4234471410941999,0.2562688537066366,0.7929569051456616,False,-0.08870202349865594,False,0.9272932768190606,
VEGFC,Astro,1,-0.055406076606728465,0.8148087206910737,-0.5405688607523379,0.6313319465415158,True,-0.06481621857870981,True,0.9774165421224245,
VEGFD,Astro,2,-0.44334233944107654,0.961532239658224,0.5917809274122655,0.4830028080519442,False,-0.24704109180738756,False,0.9958209752541637,
VGF,Astro,3,-0.08894440429580075,0.8883587001234061,-0.4119385681486475,0.8724921838620232,True,-0.09537443505497065,True,0.9833068577852265,
VIP,Astro,2,-0.4547700928136452,0.06734013422825534,-1.6716201281920904,,True,-0.24180682181967253,True,0.7918780015463845,
VIT,Astro,1,0.11203993420429863,0.5414232825997531,-0.0350198505797786,0.992208632601106,False,0.05737623648303755,False,0.943693947336386,
VMO1,Astro,1,-0.14759702395646032,0.7429864253393665,-0.5844956328078591,,True,-0.11100491641715604,True,0.9709215353212385,
VSTM2A,Astro,2,-0.185339475532858,0.6729740847387906,-0.5998392668831469,,True,-0.16068559865323523,True,0.9699490215240731,
VSTM2L,Astro,2,-0.6696733590390882,0.02064993829699712,0.122477040349522,0.9554927809755464,False,-0.5147255527214115,False,0.7228932624955823,
VSTM4,Astro,2,0.001789002246808843,0.5414232825997531,0.0855113660061812,0.9328964017331444,True,-0.013787877668140892,False,0.943693947336386,
VTN,Astro,2,-0.12529432259016302,0.3212669683257919,-0.6992836370018819,,True,-0.12330557543589475,True,0.920585849444673,
VWA1,Astro,3,0.02252148906727994,0.9625668449197862,0.1973269001373158,0.8606753552723297,True,0.006573063774933519,True,0.9958209752541637,
VWA3A,Astro,8,0.0874031382477419,0.4234471410941999,0.1386319410672876,0.8904208849657181,True,0.06410902148531125,True,0.9272932768190606,
VWA5B1,Astro,2,0.04958427173780271,0.8883587001234061,-0.3417131360318088,,False,0.02559354908952787,False,0.9833068577852265,
VWC2,Astro,1,-0.1121190228357235,0.6058412176059235,-0.4295304508173936,0.7755770008762154,True,-0.11182174295165782,True,0.9536531642555559,
VWC2L,Astro,1,-0.1768351716951517,0.5414232825997531,0.0314330510931971,0.9826481105595156,False,-0.14128410379945233,False,0.943693947336386,
VWCE,Astro,6,0.17302191531854508,0.007897984368572603,0.7508968472386411,0.4875237433053936,True,0.14861810101567777,True,0.6428156623157458,
VWDE,Astro,1,-0.026893208043940464,0.8883587001234061,-0.5289383184385589,,True,-0.0263320779614207,True,0.9833068577852265,
VWF,Astro,2,-0.020488989625386284,0.8851640153055096,0.4084456682918652,0.8104163010671263,False,-0.01875422411853339,False,0.9833068577852265,
WDR25,Astro,3,-0.10855858782239056,0.4807075277663513,0.1747774124932634,0.7402356728585793,False,-0.11423783223729057,False,0.9287202178494102,
WFDC1,Astro,1,-0.11224771188263989,0.1995886466474702,-0.1711933478864265,0.9541352927488068,True,-0.10773193069800927,True,0.8955353702557743,
WFDC10B,Astro,1,-0.10820175064999892,0.8811111685485941,0.0796726630163099,0.9745893322004204,False,-0.04923443717380956,False,0.9833068577852265,
WFDC2,Astro,2,-0.3356780939196241,0.1995886466474702,0.4850152947887419,,False,-0.3041403910290696,False,0.8955353702557743,
WFDC3,Astro,1,-0.0418204789866641,0.4807075277663513,0.1611338071576269,0.9314888133589744,False,-0.05040411252870575,False,0.9287202178494102,
WFIKKN1,Astro,1,0.20653977809098817,0.4807075277663513,0.3153019214426006,,True,0.11655743020493904,True,0.9287202178494102,
WIF1,Astro,1,-0.2652375993647498,0.3212669683257919,-0.4289151451331938,0.8536898977040497,True,-0.23836962216300644,True,0.920585849444673,
WNT10B,Astro,2,0.012436460979437259,0.8883587001234061,0.4681680859865234,,True,-0.005469852064969721,False,0.9833068577852265,
WNT16,Astro,1,0.2415918936185631,0.4234471410941999,2.501390175410039,,True,0.13995017889866634,True,0.9272932768190606,
WNT2,Astro,1,-0.16821890654860874,1.0,-0.700301609865025,,True,-0.1354225537688269,True,1.0,
WNT2B,Astro,3,-0.07924729536472166,0.5414232825997531,0.3441219777844373,0.816165849778417,False,-0.08861097343895444,False,0.943693947336386,
WNT3,Astro,1,-0.013751832502083415,0.7356524594664196,-0.0775872970869084,0.9597723489244704,True,-0.018996412296840747,True,0.9709215353212385,
WNT4,Astro,1,0.40927559065310976,0.113944878650761,0.6134721018410793,,True,0.33757874263825544,True,0.8256851192025261,
WNT5A,Astro,6,0.05468688740621571,0.5414232825997531,0.3743686414401101,0.7100112528292983,True,0.03589392231743335,True,0.943693947336386,
WNT5B,Astro,17,-0.1927050712788659,0.007897984368572603,-1.5534859583251308,0.0004060773975079,True,-0.20419949825779987,True,0.6428156623157458,0.10995753923907
WNT7A,Astro,1,0.03093809445446066,0.4807075277663513,-0.3362414235505491,0.8133941864983972,False,0.012994092226222541,False,0.9287202178494102,
WNT7B,Astro,5,-0.40873187945803574,0.015220074043603454,-0.6977814805675454,0.3839440773278011,True,-0.4042935702930079,True,0.6816125051419168,
WNT8B,Astro,1,-0.09447811064809566,0.2847857729818647,-0.994906409878716,,True,-0.03620584468876298,True,0.920585849444673,
WNT9A,Astro,2,0.28561028043901393,0.1995886466474702,0.8837305530457655,,True,0.2337479849861769,True,0.8955353702557743,
WNT9B,Astro,1,-0.3913561802741291,0.13879062114356233,0.4321600042654397,,False,-0.28398586732275904,False,0.8624102221308104,
XYLT1,Astro,1,-0.12021171725279456,0.3212669683257919,-0.6323694651999029,0.1125191747260859,True,-0.12137651768301218,True,0.920585849444673,
XYLT2,Astro,1,-0.00018315260901350698,0.9625668449197862,-0.2861411335008745,0.6518755078434995,True,-0.01162011095204704,True,0.9958209752541637,
YBX1,Astro,1,0.06795836146421858,0.4807075277663513,0.12184110087007,0.8430410233507193,True,0.05160775743710505,True,0.9287202178494102,
ZBED3,Astro,1,0.16879936793646427,0.1995886466474702,-0.0501887717789959,0.9687236666859526,False,0.1439266240578016,False,0.8955353702557743,
ZP3,Astro,10,-0.11408992085463718,0.16717400246812014,0.1622743748135533,,False,-0.1123352953434615,False,0.8729222334758668,
ZPBP,Astro,1,-0.09148845266402919,0.6058412176059235,0.3895055931555785,,False,-0.06741165023623612,False,0.9536531642555559,
ZPLD1,Astro,26,0.12096993324615939,0.3212669683257919,0.4114338963579986,,True,0.09132833481052653,True,0.920585849444673,
A1BG,Micro,1,0.008108457481357011,1.0,0.621961284824954,0.8130055267153142,True,0.002725211044955956,True,1.0,
A2M,Micro,3,0.014767023597450333,0.7429864253393665,0.2432434663672903,0.8836229531762341,True,0.015701757139010966,True,0.9709215353212385,
ABCB6,Micro,1,-0.22889945350870636,0.9625668449197862,0.8356564402422053,,False,-0.22001352115786577,False,0.9958209752541637,
ABHD15,Micro,2,0.5902253449479945,0.015220074043603454,0.5488650004284849,0.8298811616844042,True,0.5709662793278376,True,0.6816125051419168,
ABHD18,Micro,1,0.423329162784313,0.1995886466474702,0.2328491176334774,0.7778457226491369,True,0.3979610631834081,True,0.8955353702557743,
ABI3BP,Micro,1,0.8897508907226584,0.05745742081588386,0.9924427554690884,0.7218173493325906,True,0.5893400188393194,True,0.7831292612268833,
ACRBP,Micro,1,0.6685539873739949,0.007897984368572603,-0.0415654240377465,,False,0.6125451390362971,False,0.6428156623157458,
ADA2,Micro,5,-0.6460757210411615,0.3212669683257919,0.3517145698193857,0.8436023954634319,False,-0.6068277866741331,False,0.920585849444673,
ADAM12,Micro,2,-2.8447731395635367,0.37038255861785274,-0.6827208288765854,0.843232992178216,True,-2.4083342750164594,True,0.920585849444673,
ADAM23,Micro,1,-0.7452302263601323,0.2358700123406006,-0.9850390122297767,0.523996130894153,True,-0.6809501358268595,True,0.8955353702557743,
ADAM28,Micro,2,-0.39051694860031405,0.2358700123406006,0.0737801195744541,0.9707482384034722,False,-0.3539194023311468,False,0.8955353702557743,
ADAM9,Micro,1,0.18191776589134193,0.8148087206910737,-0.3301650994141399,0.8062340797060644,False,0.16108858536114265,False,0.9774165421224245,
ADAMTS1,Micro,2,-0.37292929954874177,0.8148087206910737,-0.18926821067827,,True,-0.3694584428448893,True,0.9774165421224245,
ADAMTS10,Micro,4,-0.0973253630695501,0.5414232825997531,0.1276487866979844,0.9525913566942152,False,-0.10537899218597038,False,0.943693947336386,
ADAMTS12,Micro,2,-0.32789115863099905,0.41225888092854823,-1.2061616230742287,,True,-0.2407888798310024,True,0.9272932768190606,
ADAMTS13,Micro,5,-0.07944158208107333,0.7356524594664196,-0.4389000085127701,,True,-0.06428508279753067,True,0.9709215353212385,
ADAMTS14,Micro,3,-0.536069162938605,0.2358700123406006,-0.370931141846566,0.9493913184993104,True,-0.4908870500354255,True,0.8955353702557743,
ADAMTS15,Micro,2,0.5220979990880152,0.13879062114356233,1.968867149952649,,True,0.4189698632809277,True,0.8624102221308104,
ADAMTS16,Micro,2,-0.3295295860737738,0.7429864253393665,0.2412141244246878,0.9603638132725386,False,-0.2648890904621548,False,0.9709215353212385,
ADAMTS17,Micro,1,0.07502202420984672,0.8883587001234061,0.5191193873096235,0.757767691715504,True,0.06267065712975427,True,0.9833068577852265,
ADAMTS18,Micro,1,0.18257645527645538,0.49825434794562595,-2.1906303077509026,0.664010810679944,False,0.09741430598431239,False,0.943693947336386,
ADAMTS19,Micro,2,-0.8508751328427684,0.13879062114356233,-0.1799038202513664,0.9408905912850626,True,-0.7068692426310922,True,0.8624102221308104,
ADAMTS2,Micro,1,0.08328494083663193,0.6642318548206392,1.3661436865311165,0.724238913962369,True,0.05665127458156897,True,0.9699490215240731,
ADAMTS3,Micro,1,-1.598939656869224,0.5964154160514543,-0.8758865619740099,,True,-1.332158652664296,True,0.9536531642555559,
ADAMTS4,Micro,4,-0.055485772802691964,0.2358700123406006,-1.1135972827494098,0.6617165403336887,True,-0.0642647040859023,True,0.8955353702557743,
ADAMTS6,Micro,2,-0.4353396154601647,0.8883587001234061,-0.9052446806870496,,True,-0.4035016695176493,True,0.9833068577852265,
ADAMTS8,Micro,2,-0.6372611297701054,0.6648126209477461,0.0012326095755177,,False,-0.5559203278569151,False,0.9699490215240731,
ADAMTS9,Micro,2,-1.5109782381193528,0.3212669683257919,-0.8153286245156192,,True,-1.3163986440759607,True,0.920585849444673,
ADAMTSL1,Micro,46,0.13864758972176336,0.7429864253393665,-1.9029104462056523,0.1871727773399508,False,0.10628240218930475,False,0.9709215353212385,
ADAMTSL2,Micro,2,0.3675368209718458,0.2765939942410531,0.2051058853451624,0.919153609907122,True,0.34608433865994515,True,0.9166324969148498,
ADAMTSL3,Micro,2,-0.4155722735093319,0.6642318548206392,-1.354230427790584,0.6327582377397328,True,-0.32385247782984194,True,0.9699490215240731,
ADAMTSL4,Micro,2,0.37412507979627097,0.1995886466474702,0.6040158634201085,0.807993931689967,True,0.36245561616674854,True,0.8955353702557743,
ADGRB1,Micro,9,-0.290961583035454,0.6058412176059235,-0.9294574902563872,,True,-0.2907988651360658,True,0.9536531642555559,
ADGRB2,Micro,5,-0.07834455663516712,0.8148087206910737,-0.8660740735664446,0.6735512149380031,True,-0.09190047849749305,True,0.9774165421224245,
ADGRE3,Micro,4,0.20753015279283038,0.9625668449197862,0.6571549112908692,,True,0.1948339975748475,True,0.9958209752541637,
ADGRE5,Micro,1,0.25796572750306723,0.4807075277663513,-1.0497823602305398,0.5549741272807293,False,0.21823082459496207,False,0.9287202178494102,
ADGRG1,Micro,11,-0.40422510391722327,0.37038255861785274,-0.1719785158990038,0.9136662455451328,True,-0.400143410011128,True,0.920585849444673,
ADPGK,Micro,10,0.31812899496493086,0.046400658165364046,0.2206553042625368,0.7922073987472623,True,0.29714515213274856,True,0.7818904126780498,
AGGF1,Micro,1,0.33019531098315386,0.193657589519031,0.264751074247287,0.757767691715504,True,0.2906292947855096,True,0.8955353702557743,
AGRN,Micro,1,-0.15245947003009835,0.5414232825997531,0.5990559122056179,,False,-0.14902589487614992,False,0.943693947336386,
AGT,Micro,1,0.3763015774022009,0.5306582861239475,0.4389644346698591,0.9201359764862906,True,0.27359906930529354,True,0.943693947336386,
AIMP1,Micro,1,0.30901705277798974,0.9616030497099515,0.0826927600301765,0.9627517009969442,True,0.29215032193635376,True,0.9958209752541637,
ALCAM,Micro,33,0.03339514311462328,0.7429864253393665,0.0877487446498775,0.9650657863796048,True,0.030084731365737884,True,0.9709215353212385,
ALKAL2,Micro,1,0.5662517725963613,0.193657589519031,-0.4913842918518221,,False,0.46062286690977644,False,0.8955353702557743,
AMY2B,Micro,3,-0.5114482830917192,0.733109295760819,0.3833662963103675,0.7942643173548676,False,-0.35042771539412515,False,0.9709215353212385,
ANGPT2,Micro,1,0.04811880265473751,0.5957378004691146,-0.1823003380901572,0.9121368655916042,False,0.03512160091042781,False,0.9536531642555559,
ANGPTL1,Micro,1,-0.18757763198960287,1.0,1.1565621383373814,0.5753011388704267,False,-0.08786247133447578,False,1.0,
ANGPTL2,Micro,1,-0.24651329886325382,0.4234471410941999,-0.8141406746850139,0.7738173534191239,True,-0.24605344706393126,True,0.9272932768190606,
ANGPTL4,Micro,2,0.022761386438434793,0.6058412176059235,0.4858067737856557,,True,0.008492456181026726,True,0.9536531642555559,
ANGPTL6,Micro,3,0.026165154620220316,0.8883587001234061,-0.2910379503327407,,False,0.023003957806023587,False,0.9833068577852265,
ANOS1,Micro,1,0.5138667373944812,0.36034989260651284,0.2007702597291269,0.9151068584897082,True,0.46460071492491173,True,0.920585849444673,
ANTXR2,Micro,1,-0.3400924163177142,0.9616030497099515,1.659268638546881,0.3841196249576871,False,-0.3097906092368381,False,0.9958209752541637,
ANXA1,Micro,5,0.47151305079811257,0.26817863879881465,2.013429015323369,0.5158181638503548,True,0.3376839387932357,True,0.9166324969148498,
ANXA2,Micro,1,1.0787606673210621,0.018326256539845,2.2635163262782,0.3734538336553789,True,0.8603077304895925,True,0.7228932624955823,
AOAH,Micro,2,-0.7903392739012006,0.6729740847387906,0.1989746601027534,0.9121368655916042,False,-0.7301816526778176,False,0.9699490215240731,
APOC1,Micro,2,-0.617118631689847,0.6729740847387906,1.89977975958699,0.0238024598252908,False,-0.6048627153556886,False,0.9699490215240731,0.7618574544212724
APOC2,Micro,4,0.15530050366821285,0.8883587001234061,0.2802320574336563,0.910216163855802,True,0.14538477299204144,True,0.9833068577852265,
APOC4,Micro,1,0.28680119444777635,0.6648126209477461,0.4575021624717407,,True,0.25161177618750324,True,0.9699490215240731,
APOD,Micro,3,-0.8869859791584449,0.5265562840106552,0.1132838702336706,0.9805166887454124,False,-0.7284470076492654,False,0.943693947336386,
APOE,Micro,3,0.4204194870022157,0.09271904566022213,1.1214252856237936,0.0982944372529678,True,0.3967336942032798,True,0.8215799928288131,0.2649115590292061
APOL1,Micro,2,0.15370912167424727,0.7361212634199744,0.1651882542602379,,True,0.13249403670634421,True,0.9709215353212385,
APOM,Micro,1,-0.2792926217309481,0.09271904566022213,0.582456855917958,,False,-0.2782477332440186,False,0.8215799928288131,
APOO,Micro,1,0.5165003173639099,0.09271904566022213,0.0267748957772293,0.9873080287848106,True,0.46722527844103595,True,0.8215799928288131,
APP,Micro,8,0.11376460978649058,1.0,-1.0682630197398644,0.4053486001848584,False,0.10124474483773378,False,1.0,
ARSI,Micro,13,-0.33245536963127026,0.5414232825997531,-2.1484454057629536,0.4024785638696476,True,-0.3144366767209803,True,0.943693947336386,
ARSJ,Micro,1,0.0868142458062551,0.16267869995425632,2.126277516073413,0.4143595992901437,True,0.03772353620864449,True,0.8729222334758668,
ARSK,Micro,1,0.17388069352893196,0.8148087206910737,-0.1513952197807023,0.9540119534899698,False,0.15324449079241154,False,0.9774165421224245,
ASAH1,Micro,2,-0.25909139797894837,0.6058412176059235,0.8561756184919411,0.0457441830018676,False,-0.2587140443199842,False,0.9536531642555559,0.7573015220074043
ASIP,Micro,11,0.5525591774041526,0.02064993829699712,-0.4443403878216658,,False,0.4805247161886837,False,0.7228932624955823,
ASPN,Micro,2,0.9041130385515652,0.05745742081588386,0.6661588481061217,0.8672063379843421,True,0.5219654256613104,True,0.7831292612268833,
ATRN,Micro,1,-0.20412155562880074,0.6058412176059235,0.2764331748135744,0.7094790527057141,False,-0.18796664577903285,False,0.9536531642555559,
AZGP1,Micro,1,0.8800092390628396,0.08100653627649665,1.8717941768419488,,True,0.48296434260334026,True,0.8215799928288131,
B2M,Micro,2,-0.4396853243200621,0.9625668449197862,0.9974734669470728,0.2521849379894885,False,-0.4298913221567757,False,0.9958209752541637,
B3GAT1,Micro,9,-0.4906337462541604,0.6058412176059235,-0.6351728149440699,0.81745377114195,True,-0.4862821370195031,True,0.9536531642555559,
B4GALT1,Micro,1,-0.1305033092343842,0.7429864253393665,0.0913841992908674,0.9724789550345484,False,-0.1328846843907777,False,0.9709215353212385,
B4GALT4,Micro,3,0.36311309277749787,0.1995886466474702,0.5815910696395975,0.6462244020524555,True,0.3354589408248993,True,0.8955353702557743,
BAG6,Micro,1,-0.2792926217309481,0.09271904566022213,-0.250602526474238,0.910216163855802,True,-0.2782477332440186,True,0.8215799928288131,
BCAN,Micro,2,0.1846851003017811,0.7429864253393665,-0.9608485357073956,0.6671678028922148,False,0.1308871644502417,False,0.9709215353212385,
BCHE,Micro,2,-0.524197830797281,0.3576818432098805,-2.050393630841409,0.3356140365042516,True,-0.31329338742494744,True,0.920585849444673,
BDNF,Micro,15,-0.08153795708044449,0.6729740847387906,1.1388202397382634,0.7472766824909725,False,-0.09177460169817815,False,0.9699490215240731,
BMP1,Micro,1,-0.39584929298952404,0.2358700123406006,-0.4843429366841669,0.8213307982631658,True,-0.38977758736575874,True,0.8955353702557743,
BMP7,Micro,1,-0.170399266709137,0.8148087206910737,-0.9885786052970756,0.6624082141155332,True,-0.1459028166357108,True,0.9774165421224245,
BMP8A,Micro,3,0.11990111731757402,0.8148087206910737,-0.9365904969196798,,False,0.0856196855918713,False,0.9774165421224245,
BMPER,Micro,1,0.5524031885142725,0.38354604259434133,-0.4560816129088356,0.8968875854840254,False,0.3903121201837487,False,0.9272932768190606,
BRINP2,Micro,1,-0.9435339450305396,0.02064993829699712,-1.5444742848888444,0.2763861647239366,True,-0.8775961223722228,True,0.7228932624955823,
BRINP3,Micro,3,0.13405690735785653,0.31202474076438447,-1.0430958149660576,0.6132770177471943,False,0.08561245818962405,False,0.920585849444673,
BTD,Micro,8,0.13055960322238355,0.9625668449197862,-0.0393817372639237,0.9873080287848106,False,0.10984493214528399,False,0.9958209752541637,
C14orf93,Micro,1,0.2982049337530135,0.6729740847387906,0.2183493597951109,0.9137959267210884,True,0.2623603389884604,True,0.9699490215240731,
C15orf61,Micro,1,0.329942726248373,0.4234471410941999,0.3747781310963814,0.849854167375868,True,0.3114000867145863,True,0.9272932768190606,
C16orf89,Micro,1,-0.1437279269810802,0.7714640394859116,0.7432268167031281,,False,-0.12218232541499761,False,0.9774165421224245,
C17orf67,Micro,1,0.20897222204325844,0.6729740847387906,0.4118614840086522,0.7697270834272072,True,0.19593296203973468,True,0.9699490215240731,
C18orf54,Micro,1,0.13426750572439766,1.0,-0.1686962097662092,0.9416758205219352,False,0.11872268437421732,False,1.0,
C1QA,Micro,2,-0.4186385382526279,1.0,1.1793062297373875,0.5876998172197687,False,-0.3971717192337999,False,1.0,
C1QB,Micro,3,0.2655106152640024,0.3212669683257919,0.7682361614148095,0.709881669618487,True,0.2630886738506288,True,0.920585849444673,
C1QBP,Micro,1,0.146821197309032,0.8883587001234061,0.5033532497914865,0.7974408516996009,True,0.1348727730514804,True,0.9833068577852265,
C1QC,Micro,3,-0.391611065932954,0.37038255861785274,0.6636397977754139,0.6791521267975196,False,-0.370879828303669,False,0.920585849444673,
C1QL3,Micro,1,-0.4677137143516347,1.0,1.0697197841441506,,False,-0.36318688649383174,False,1.0,
C1QTNF3,Micro,2,-0.4595755763591998,0.07445495680789799,-0.9511453996720264,0.3991193199640238,True,-0.4236737304082813,True,0.7918780015463845,
C1QTNF4,Micro,3,0.18993115011615136,0.36034989260651284,0.9874261844400084,0.7536949567866826,True,0.11421702086331616,True,0.920585849444673,
C1QTNF6,Micro,2,0.002418927241289024,0.37038255861785274,0.1171380518734532,0.9778021042872208,True,-0.022885025361961766,False,0.920585849444673,
C1QTNF7,Micro,20,-0.10052795115060327,0.16717400246812014,-1.1693036967867008,,True,-0.10572796403299208,True,0.8729222334758668,
C1RL,Micro,1,0.04666772578314981,0.8148087206910737,0.1226235982604544,0.9513266924926151,True,0.045566308081461795,True,0.9774165421224245,
C1S,Micro,15,0.09350293865634679,0.6058412176059235,0.2001851585527137,0.9206705313996362,True,0.08668542347112013,True,0.9536531642555559,
C1orf54,Micro,3,0.28511245407803965,0.5414232825997531,0.2427073544791868,0.9367020682153148,True,0.26910882513423057,True,0.943693947336386,
C1orf56,Micro,2,0.3413024960025277,0.47021427616406375,0.3574990523577867,0.9206705313996362,True,0.3213575371760877,True,0.9287202178494102,
C2,Micro,8,-0.16746449934472785,0.2358700123406006,-1.1138068523435984,0.215489918974982,True,-0.16660711010121973,True,0.8955353702557743,
C20orf27,Micro,2,0.24479306261371672,0.2358700123406006,0.1633645379753173,0.9392564013487562,True,0.22363038541727498,True,0.8955353702557743,
C21orf62,Micro,1,0.480123575445721,0.15930637364018252,0.6426803194163054,,True,0.22199002264794362,True,0.8729222334758668,
C22orf39,Micro,1,-0.731179683313633,0.02739613327848622,-0.5985383757727534,0.7251943102174963,True,-0.706222941145557,True,0.7401422746051902,
C3,Micro,2,0.37411552191070163,0.16717400246812014,-0.2303306215770391,0.9078045282981672,False,0.3592864332148888,False,0.8729222334758668,
C3orf33,Micro,1,-0.17149366185463918,0.4807075277663513,-0.5191720210116635,0.6735512149380031,True,-0.1867071884307186,True,0.9287202178494102,
C4orf48,Micro,1,0.3515400799025213,0.4807075277663513,0.2976733819145957,0.919153609907122,True,0.31436385696228986,True,0.9287202178494102,
C6orf120,Micro,2,-0.3784290525586258,0.1995886466474702,0.715251387412265,0.7032631663249516,False,-0.3700622081937068,False,0.8955353702557743,
C9orf72,Micro,1,-0.029572527651530137,0.9625668449197862,0.5388234751120005,0.4658851885143144,False,-0.03664188998235837,False,0.9958209752541637,
CA10,Micro,3,-0.4670241606696125,0.6630612235568891,-1.7512003599384685,0.2763861647239366,True,-0.33545474612908605,True,0.9699490215240731,
CA11,Micro,1,-0.05669922711431467,0.8883587001234061,0.5548735093177555,0.8771477320289207,False,-0.06328404726410268,False,0.9833068577852265,
CALCB,Micro,6,0.04515954982532976,0.9625668449197862,-0.4080491936279755,0.8673135670652138,False,0.02648215332685525,False,0.9958209752541637,
CALR,Micro,1,0.4880075259954654,0.0037021801727684074,0.4256603378688751,0.8397807847563443,True,0.465282122150972,True,0.49739290915761497,
CALU,Micro,1,-0.8673529158587742,0.2358700123406006,0.1292921034753897,0.9201359764862906,False,-0.845788365730813,False,0.8955353702557743,
CANT1,Micro,5,0.27199195747397176,0.9616030497099515,-0.7276472675431329,0.6710647991296044,False,0.26237818772304883,False,0.9958209752541637,
CARTPT,Micro,1,-0.18201605199925738,0.9584527538459414,-0.7230374252200531,,True,-0.09161275200784601,True,0.9958209752541637,
CASP4,Micro,3,0.5158369718827477,0.059234882764294526,-0.4247538407437432,0.813976282517601,False,0.4449093865073676,False,0.7831292612268833,
CASP7,Micro,7,0.1538419457399561,0.5414232825997531,0.2498681149604111,0.899268137496385,True,0.12846431550857526,True,0.943693947336386,
CATSPERG,Micro,1,-0.1846891529414564,0.113944878650761,-0.7359405931480084,0.5158412178622995,True,-0.18590875745109792,True,0.8256851192025261,
CBLN2,Micro,17,0.3449429037411277,0.37038255861785274,-1.6720324565829523,0.4681202270484676,False,0.2878138680079141,False,0.920585849444673,
CCBE1,Micro,36,0.10822755750942026,0.5414232825997531,-0.7259549911715736,0.8237686901061453,False,0.07277345733122978,False,0.943693947336386,
CCDC126,Micro,1,0.4951159308348444,0.31202474076438447,0.5351624720640775,0.5690071403764285,True,0.4608148628046256,True,0.920585849444673,
CCDC134,Micro,1,0.05718331348466828,0.8148087206910737,-0.5669455882435515,0.7974408516996009,False,0.04192272102474422,False,0.9774165421224245,
CCDC3,Micro,19,-0.026347187841682922,0.9625668449197862,-0.5983760608320864,0.8050538794251135,True,-0.04217764403311086,True,0.9958209752541637,
CCK,Micro,4,0.15626889460933593,0.22876326221317023,0.817626722714454,0.8062340797060644,True,0.09372040678253571,True,0.8955353702557743,
CCL2,Micro,1,-0.6597135699880282,0.059234882764294526,-0.2052021939855654,0.9709778553583822,True,-0.5891818404163279,True,0.7831292612268833,
CCL3,Micro,2,0.4970432262112608,0.16717400246812014,0.9065658674249744,0.775839884358835,True,0.4466743866901778,True,0.8729222334758668,
CCL3L1,Micro,2,0.5028177764138573,0.37038255861785274,3.7876246414790007,0.3123346880471405,True,0.42441183752767,True,0.920585849444673,
CCL4,Micro,2,0.8687272103297828,0.0484018452046584,2.3906465195385325,0.4681202270484676,True,0.7198963351923477,True,0.7831292612268833,
CCL4L2,Micro,2,0.4884685829826313,0.3212669683257919,2.2323594202766075,0.7162941945052324,True,0.39577313766325556,True,0.920585849444673,
CCN3,Micro,1,-0.15641798656531047,0.7726944980890869,0.793734994780232,,False,-0.1241511904137279,False,0.9774165421224245,
CD14,Micro,2,-0.5607669069845006,0.8148087206910737,-0.1504502203184303,0.9701692353718796,True,-0.5510900675473563,True,0.9774165421224245,
CD163,Micro,1,0.6246015633441356,0.1114703248402659,2.4788647995234308,0.1505048420073102,True,0.4539388692475196,True,0.8256851192025261,
CD163L1,Micro,1,-0.5645324735236686,0.7995028085018807,1.212246871581601,0.6477809338864767,False,-0.2848120451055185,False,0.9774165421224245,
CD164,Micro,2,0.3227871800499715,0.6729740847387906,0.1174103791753563,0.913981179683786,True,0.3035465578060945,True,0.9699490215240731,
CD200R1,Micro,2,0.8472268314509018,0.03808601063312688,1.244567821706488,0.6132770177471943,True,0.5351436685535312,True,0.7818904126780498,
CD274,Micro,2,-0.38156756529395536,0.8148087206910737,-0.9009849877011972,0.6528208378909074,True,-0.3662024028012899,True,0.9774165421224245,
CD40,Micro,1,0.10114138543264103,0.8148087206910737,-0.3800620353454663,0.81745377114195,False,0.08615900874966322,False,0.9774165421224245,
CD44,Micro,13,0.23478474431576868,0.4234471410941999,0.886000393435359,0.6883394882064087,True,0.2014438287139137,True,0.9272932768190606,
CD55,Micro,1,0.14735696132945286,0.8148087206910737,-0.0262705431149253,0.98738989740453,False,0.12961281193434945,False,0.9774165421224245,
CD59,Micro,5,0.4722205986807451,0.059234882764294526,0.6778957025865495,0.4099010669888467,True,0.44575798996838784,True,0.7831292612268833,
CD63,Micro,1,0.1841875040979045,0.4807075277663513,0.3784754704604214,0.8599336211258173,True,0.1727020198699973,True,0.9287202178494102,
CD74,Micro,3,0.06039467656523847,0.8148087206910737,1.0644077628165642,0.2598681631689035,True,0.04991825305799904,True,0.9774165421224245,
CD9,Micro,11,0.11661799756820562,0.8148087206910737,-0.4596696071578405,0.8876810280950601,False,0.08574640345961247,False,0.9774165421224245,
CD99L2,Micro,1,-0.38467176213470805,0.37038255861785274,-0.0728103664859439,0.9461719634776844,True,-0.3742603846092349,True,0.920585849444673,
CDCP1,Micro,2,0.5802678980650992,0.22876326221317023,0.1841514066585536,0.937861266049894,True,0.5251020286453875,True,0.8955353702557743,
CDNF,Micro,2,0.3644463557408574,0.13879062114356233,0.7410624295364028,,True,0.33276899528918386,True,0.8624102221308104,
CEACAM1,Micro,1,0.2719569769652271,0.4234471410941999,1.3733605018250872,0.3810439992619597,True,0.22348756139929407,True,0.9272932768190606,
CELF2-AS1,Micro,2,-0.22451320804912264,0.9228692341917589,-0.4235886725206548,,True,-0.14358132549094682,True,0.9958209752541637,
CEMIP,Micro,1,-0.6293622059504212,1.0,0.3828585121782462,0.8382361450375905,False,-0.4859477895614372,False,1.0,
CES4A,Micro,4,0.04410397481775716,0.8883587001234061,-0.6451874738687543,0.8232550417028589,False,0.029294318302741953,False,0.9833068577852265,
CFB,Micro,1,0.2778044313401506,0.658048604907681,-0.6132628720984554,,False,0.16436241558121328,False,0.9699490215240731,
CFD,Micro,2,0.4437644450474124,0.16717400246812014,0.5391214322981641,0.8657801500112366,True,0.39364673637725867,True,0.8729222334758668,
CGREF1,Micro,2,0.4425110216937476,0.22876326221317023,-0.6460595892167774,0.8305729403192966,False,0.2990745117187503,False,0.8955353702557743,
CHADL,Micro,2,-0.029256138537287816,0.9625668449197862,-1.230399043296628,0.6244632716712853,True,-0.03162857228556825,True,0.9958209752541637,
CHGA,Micro,2,0.04885272816713704,0.5957378004691146,-1.2255873407573037,,False,0.024730081577917597,False,0.9536531642555559,
CHGB,Micro,2,-0.6211265069257134,0.41225888092854823,0.7586823047365516,0.807993931689967,False,-0.47711066891752235,False,0.9272932768190606,
CHI3L1,Micro,2,0.07113201175871327,1.0,0.2570209225782519,,True,0.06956641471113757,True,1.0,
CHI3L2,Micro,12,0.13933121002718055,0.8883587001234061,-0.0236656914741622,,False,0.13398187986028412,False,0.9833068577852265,
CHID1,Micro,3,0.29439335876562994,0.4807075277663513,0.8793863903316631,0.4737128911156139,True,0.2806479036720651,True,0.9287202178494102,
CHIT1,Micro,1,-0.14536389828964494,0.41634995698359023,0.416588994192576,,False,-0.10836233654347593,False,0.9272932768190606,
CHL1,Micro,31,-0.04986610298039165,0.9625668449197862,-0.6569151148182495,0.6885059224886078,True,-0.07545372314904869,True,0.9958209752541637,
CHRDL1,Micro,1,0.6034236151646913,0.16851050282932745,-0.555651529262121,,False,0.3230540587922583,False,0.8789776595640995,
CHST9,Micro,8,-0.03028872587483393,0.8883587001234061,-0.4233364268757225,0.9199706632216418,True,-0.029827570462052602,True,0.9833068577852265,
CHSY1,Micro,1,0.18846926623260962,0.4234471410941999,-0.5030659576866041,0.6758777139832299,False,0.16953438336270513,False,0.9272932768190606,
CKLF,Micro,2,-0.8134663237643035,0.6058412176059235,0.1733948879578226,0.912020471534672,False,-0.7792142580239827,False,0.9536531642555559,
CLCA4,Micro,1,-0.3572875937473922,0.9616030497099515,-0.9942687023795908,0.806779781686456,True,-0.2806990649194651,True,0.9958209752541637,
CLEC11A,Micro,2,0.05000715179450516,0.4807075277663513,0.6113061886329705,0.844016022768927,True,0.04702216942937757,True,0.9287202178494102,
CLEC19A,Micro,2,0.5249786324529925,0.16267869995425632,0.2505021163253006,0.9206705313996362,True,0.3567980284607973,True,0.8729222334758668,
CLN5,Micro,1,0.005278948622479051,0.9625668449197862,-0.1280035866096512,0.9425980092679456,False,-0.014740258323891725,True,0.9958209752541637,
CLU,Micro,2,0.21909541368853527,0.4807075277663513,0.3780656336581138,0.8831277669754881,True,0.19044419344860306,True,0.9287202178494102,
CLUL1,Micro,5,0.5305359835830279,0.1995886466474702,0.144256204470787,,True,0.47658253673308393,True,0.8955353702557743,
CNDP1,Micro,1,-0.012448777244290459,0.9616030497099515,-1.2959904593767464,0.6559694113328579,True,-0.018905444260401437,True,0.9958209752541637,
CNPY4,Micro,1,-0.04359449622694817,0.4807075277663513,-0.2622259802462956,,True,-0.046724253682672745,True,0.9287202178494102,
CNTN2,Micro,2,0.04779195480206334,0.8851640153055096,-1.044274303613765,0.7573383230288919,False,0.028378735295202726,False,0.9833068577852265,
CNTN4,Micro,69,0.10623523650487532,0.9625668449197862,-1.730015975120293,0.2140501092832226,False,0.07309043784316728,False,0.9958209752541637,
COCH,Micro,1,0.23458655782399987,0.6630612235568891,0.4587204617602238,,True,0.17015063516122841,True,0.9699490215240731,
COL11A1,Micro,1,-0.46038805648813463,0.4807075277663513,-0.9772495879610174,0.6735512149380031,True,-0.418176574466186,True,0.9287202178494102,
COL12A1,Micro,5,-0.19089212985673307,1.0,-0.7026062867455736,,True,-0.16896514330984308,True,1.0,
COL14A1,Micro,14,0.4113643217233552,0.113944878650761,-1.1392157124364026,0.3507701878128739,False,0.3538950448567261,False,0.8256851192025261,
COL15A1,Micro,1,0.348775029629943,0.5169224545517794,0.3429235095742604,0.8958048654910094,True,0.1830387941737637,True,0.943693947336386,
COL16A1,Micro,3,-0.09687398677065462,0.9625668449197862,-1.3949546543506068,0.6528208378909074,True,-0.09967921427762105,True,0.9958209752541637,
COL18A1,Micro,14,0.5713947201152377,0.02739613327848622,-0.2313531738052585,0.9136662455451328,False,0.5481095300012726,False,0.7401422746051902,
COL19A1,Micro,3,-0.24913830149653682,0.9625668449197862,0.1572731729800888,0.9778021042872208,False,-0.22078760248322896,False,0.9958209752541637,
COL21A1,Micro,15,0.43451532317921643,0.16717400246812014,0.2541295562630057,,True,0.3907622386934963,True,0.8729222334758668,
COL24A1,Micro,1,-0.6730056810319418,0.4677462025249005,-0.9751074310291716,0.7880901627144067,True,-0.47012071931417376,True,0.9287202178494102,
COL25A1,Micro,30,0.3077413016164433,0.37038255861785274,0.60779292297681,0.709881669618487,True,0.2594146898564044,True,0.920585849444673,
COL26A1,Micro,1,0.9245716617342999,0.030281293470426608,-1.149797066002574,0.5361499116968472,False,0.7799746562066707,False,0.7703396502078044,
COL27A1,Micro,2,0.5977587716556986,0.31202474076438447,0.5106013854863641,,True,0.4908345280362317,True,0.920585849444673,
COL4A1,Micro,1,-0.30013760552464647,0.4807075277663513,-0.1468932723929852,,True,-0.2363266025533989,True,0.9287202178494102,
COL4A2,Micro,1,-0.30013760552464647,0.4807075277663513,-1.72918349344548,0.4725155632114472,True,-0.2363266025533989,True,0.9287202178494102,
COL4A3,Micro,1,0.4506124584961158,0.20102100430991776,0.3797150627737365,,True,0.2509494868688463,True,0.8955353702557743,
COL4A4,Micro,1,0.4506124584961158,0.20102100430991776,-1.392453467322641,0.637424201235972,False,0.2509494868688463,False,0.8955353702557743,
COL4A5,Micro,9,0.1177950267011196,0.9625668449197862,-1.1559834489963214,0.7635816968751505,False,0.08147628035603739,False,0.9958209752541637,
COL5A1,Micro,1,-0.43345176641480393,0.6058412176059235,-1.07052435586706,0.5492203169025661,True,-0.41392663214745967,True,0.9536531642555559,
COL5A2,Micro,1,0.4452554407388076,0.14071178873148596,-0.3610800872824245,0.8911296792082682,False,0.21032723653427146,False,0.8721674585838113,
COL6A3,Micro,6,-0.3242095949862152,0.6648126209477461,-1.4611473311020298,,True,-0.23202466204948452,True,0.9699490215240731,
COL6A6,Micro,1,0.5120287782184957,0.096170539360084,-0.8483258622539263,,False,0.19511126566037904,False,0.8256851192025261,
COL8A2,Micro,7,0.4375929632923086,0.09271904566022213,0.1947574432905205,0.9446140431285552,True,0.4131454403781914,True,0.8215799928288131,
COL9A1,Micro,5,-0.6557777934921964,0.6642318548206392,0.2632113629081875,,False,-0.5056706401370813,False,0.9699490215240731,
COL9A2,Micro,1,0.0034066490338075218,0.7429864253393665,-0.3643596174082759,0.8820399783777368,False,-0.012841999271871437,True,0.9709215353212385,
COL9A3,Micro,1,-0.11054203714538097,0.8883587001234061,-0.84428276510504,0.8836229531762341,True,-0.12231216685609872,True,0.9833068577852265,
COLEC11,Micro,5,-1.7640688188397577,0.13879062114356233,1.7282904158192465,,False,-1.5271663171468335,False,0.8624102221308104,
COLQ,Micro,7,-0.447726798800127,0.7429864253393665,-0.6594905975726869,0.6217302512168293,True,-0.3583668659320701,True,0.9709215353212385,
COPA,Micro,1,0.08895239061302367,0.8883587001234061,-0.1268028538147154,0.888558713622352,False,0.08348560448992497,False,0.9833068577852265,
CORIN,Micro,10,-0.1233933201596192,0.3212669683257919,-0.3400849359989071,,True,-0.14192475582217481,True,0.920585849444673,
CORT,Micro,1,-0.06405072990941649,0.658048604907681,-1.4669689468457343,,True,-0.04274156908081516,True,0.9699490215240731,
CP,Micro,2,0.8293653347711535,0.09139571552351716,0.7214642376500949,0.6725163064050047,True,0.5860405912509172,True,0.8215799928288131,
CPA6,Micro,3,1.82444201112174,0.004287531207417297,1.1333510966679066,0.3984022511835094,True,1.390597876840728,True,0.5608767797913522,
CPAMD8,Micro,2,1.2231181417694832,0.022889548721055586,-0.3623141429264809,,False,0.8521166759805321,False,0.7401422746051902,
CPB1,Micro,5,0.26725650701398246,0.3212669683257919,-0.1681536199501968,0.9803097392705172,False,0.21432588270019834,False,0.920585849444673,
CPE,Micro,1,-0.04145483274751468,0.8883587001234061,-0.1241390096151237,0.9706657406521864,True,-0.04919272247148554,True,0.9833068577852265,
CPQ,Micro,1,0.5367122206512588,0.09271904566022213,-0.1311739296747878,0.8297864870760757,False,0.4972924511183125,False,0.8215799928288131,
CPXM2,Micro,2,1.0596995897018582,0.0650982637994463,-0.7113697719215956,0.8797747148419421,False,0.6161231913304173,False,0.7918780015463845,
CR1L,Micro,1,-0.16710736246752284,0.6058412176059235,-0.8479619376541195,,True,-0.1550638322554172,True,0.9536531642555559,
CRB1,Micro,31,-0.7872610159251267,0.5414232825997531,-1.0772042157821629,0.6198579753210873,True,-0.7720487873463733,True,0.943693947336386,
CRB2,Micro,5,-0.9282638867334176,0.2765939942410531,0.0734969066997423,,False,-0.8467536350175812,False,0.9166324969148498,
CREG1,Micro,1,-0.19431385323169603,0.7429864253393665,-0.1148895572195414,0.9416758205219352,True,-0.19611040721537698,True,0.9709215353212385,
CREG2,Micro,2,-0.6869506491718456,0.113944878650761,-0.2117666984550809,0.9487537366024528,True,-0.5812812001032408,True,0.8256851192025261,
CRHBP,Micro,2,-0.7582751565010885,0.8851640153055096,-0.9917511488532268,0.60044498772033,True,-0.6165670594339564,True,0.9833068577852265,
CRIM1,Micro,2,-0.4384130073208852,0.8148087206910737,-0.2354907516940621,0.8836229531762341,True,-0.42333061978931824,True,0.9774165421224245,
CRISPLD2,Micro,2,0.3921816568114464,0.1995886466474702,-0.3234753556729305,0.9475805482961552,False,0.33274930654297047,False,0.8955353702557743,
CRLF1,Micro,2,-0.1862410211328554,0.46496362458247187,0.8761872191092717,,False,-0.1292316445790712,False,0.9287202178494102,
CRTAP,Micro,1,-0.03947849944368497,0.1995886466474702,0.424398656226981,0.6441233114546504,False,-0.042658006178939646,False,0.8955353702557743,
CRYAB,Micro,5,-0.4852549276490871,0.37038255861785274,-0.2815254704389835,0.9286838731204756,True,-0.47038774711892123,True,0.920585849444673,
CSF1,Micro,2,-0.3168119582087278,0.1995886466474702,-2.285752534044221,0.1115638424745708,True,-0.3085935978685481,True,0.8955353702557743,
CSF2RA,Micro,5,0.2818164911631741,0.36034989260651284,0.0289220375637352,0.9873080287848106,True,0.26423044020560416,True,0.920585849444673,
CSF3R,Micro,1,0.3496776989808568,0.5314156984513272,0.0629439816876405,0.971992217960964,True,0.3097005957506753,True,0.943693947336386,
CSPG5,Micro,1,-0.14256189709517497,0.6729740847387906,-0.4907468226026427,0.8963305399800725,True,-0.16355869817801824,True,0.9699490215240731,
CST3,Micro,2,0.622469217541055,0.02739613327848622,0.4440032660302998,0.7776089339870019,True,0.5707438871462618,True,0.7401422746051902,
CST7,Micro,3,0.9326181884590503,0.02064993829699712,-0.9498719086763142,,False,0.796780876832601,False,0.7228932624955823,
CTF1,Micro,2,-0.19955166604389438,0.059234882764294526,1.024070713152913,,False,-0.20354360985308434,False,0.7831292612268833,
CTHRC1,Micro,2,0.3304241300121494,0.1348733948656819,-0.2390093419541765,,False,0.23813973195900165,False,0.8624102221308104,
CTSB,Micro,1,0.03239265673216889,0.37038255861785274,0.537328228564285,0.7697270834272072,True,0.02720474065614416,True,0.920585849444673,
CTSD,Micro,1,0.173879784967991,0.9625668449197862,1.110249451345042,0.3207502041911426,True,0.1564913091519687,True,0.9958209752541637,
CTSK,Micro,2,0.1731112214203599,0.22876326221317023,-0.8584841511006046,,False,0.09895948318537126,False,0.8955353702557743,
CTSL,Micro,1,-0.2756650581578742,0.7429864253393665,0.1892642976952216,0.9211935008352488,False,-0.26892440484351776,False,0.9709215353212385,
CTSS,Micro,2,0.39384311284134493,0.36034989260651284,0.4151344464750647,0.6885059224886078,True,0.32616984449571096,True,0.920585849444673,
CUTA,Micro,2,-0.3916229307386932,0.4807075277663513,0.266161592009759,0.9253652386528424,False,-0.3806125695065989,False,0.9287202178494102,
CX3CL1,Micro,1,0.26835298471378016,0.4234471410941999,-0.8868408011812984,,False,0.21147009047401263,False,0.9272932768190606,
CXADR,Micro,1,-0.15513003573594183,0.16717400246812014,-0.1130322210874151,0.9206705313996362,True,-0.16237704257618374,True,0.8729222334758668,
CXCL12,Micro,2,-0.14881369679223042,0.4234471410941999,0.6957305140750323,0.7114840842874363,False,-0.15467822042859902,False,0.9272932768190606,
CXCL14,Micro,1,0.6996176333396682,0.15774899911712847,-0.601377845544254,0.8237686901061453,False,0.41678237062599754,False,0.8729222334758668,
CXCL16,Micro,1,0.1930657430615982,0.6729740847387906,0.7296789343274632,0.4847482572804165,True,0.1664991857174663,True,0.9699490215240731,
CYB5D2,Micro,1,0.33623512427552316,0.3212669683257919,0.2793472050018449,0.8831277669754881,True,0.3137451060342268,True,0.920585849444673,
CYTL1,Micro,2,0.35917331672938907,0.07487078268493276,1.5988196299512067,0.0496024314009676,True,0.2900837862085609,True,0.7918780015463845,0.22461234805479827
DAG1,Micro,1,0.1459748636230003,0.9625668449197862,-0.5590147799471288,0.6589856334238399,False,0.12699208121894215,False,0.9958209752541637,
DCN,Micro,2,-1.2231298093067855,0.8031535335505902,1.7582440046177568,,False,-0.7654978379541049,False,0.9774165421224245,
DDR1,Micro,4,0.15347301069449215,0.6729740847387906,-0.1447955448361854,0.967922918353026,False,0.1292697745018191,False,0.9699490215240731,
DEAF1,Micro,2,-0.002120206598984423,0.8148087206910737,-0.1164221360691776,0.9485275043187164,True,-0.0030902120763485574,True,0.9774165421224245,
DEFB131B,Micro,1,0.4346896581723022,0.19758222862015595,0.7707459278161694,,True,0.16918980778294776,True,0.8955353702557743,
DHRS11,Micro,1,0.05178505161109122,0.9625668449197862,-0.5112836410214924,,False,0.035069307566900895,False,0.9958209752541637,
DHRS13,Micro,1,0.1303780884764683,0.6058412176059235,-0.4922167029301558,,False,0.11075376653592747,False,0.9536531642555559,
DHRS4L2,Micro,9,0.567485609626028,0.02064993829699712,0.4885763139044764,0.79923389592474,True,0.5136504672083096,True,0.7228932624955823,
DHRSX,Micro,2,0.32269863968134593,0.4234471410941999,-0.4941280534689843,0.4875821377694684,False,0.2757578006413442,False,0.9272932768190606,
DIPK2A,Micro,1,0.33860706122450096,0.37038255861785274,-0.4851198512319485,0.5080307409851177,False,0.31885727284187326,False,0.920585849444673,
DIPK2B,Micro,1,0.5059339436754438,0.1890574253369045,-1.3093778331031698,0.7292794335786829,False,0.208592031444822,False,0.8955353702557743,
DKK2,Micro,21,0.302000490308975,0.47021427616406375,1.212378189412034,,True,0.24962453750956,True,0.9287202178494102,
DKK3,Micro,2,-0.37854708028273487,0.7726944980890869,0.6177942922638775,0.7697270834272072,False,-0.2941715287776266,False,0.9774165421224245,
DNASE1,Micro,2,0.10725206286106283,0.7306572218997294,-0.2639707808055646,0.8618677759269882,False,0.06727979217183865,False,0.9709215353212385,
DPP4,Micro,2,-1.125119325408066,0.4234471410941999,-1.3579790562590437,0.5549321860741393,True,-0.996457040456974,True,0.9272932768190606,
DPP7,Micro,2,0.3076155536717008,0.7429864253393665,0.7541045430096294,0.5773165387866362,True,0.2814338977608727,True,0.9709215353212385,
DSCAM,Micro,91,0.46964566682789083,0.00032908268202385847,0.1684794857082325,0.9253652386528424,True,0.4555788539572082,True,0.18176333470451117,
EBI3,Micro,1,0.2506525877513603,0.6058412176059235,0.2045229643158236,0.9228560196007934,True,0.2247891180057411,True,0.9536531642555559,
ECM1,Micro,3,-0.2436332254625606,1.0,-0.4181001321821777,,True,-0.1742798582775527,True,1.0,
ECM2,Micro,4,0.8924922652680285,0.015220074043603454,0.9215073988856654,0.7438151861779303,True,0.7496745881962735,True,0.6816125051419168,
EDA,Micro,5,0.28109601560797914,0.3212669683257919,0.1494941613230895,0.919153609907122,True,0.24332102694316748,True,0.920585849444673,
EDDM13,Micro,2,1.1778164157266555,0.011005223152186558,-0.1366530016684892,0.9719639080242796,False,0.6428902334550166,False,0.6572692013868484,
EDIL3,Micro,2,-1.3743046590055363,0.046400658165364046,-0.9523945614260813,0.7717807693159353,True,-1.2715708680863451,True,0.7818904126780498,
EFEMP1,Micro,1,-0.4546999849849196,0.8849535490124489,0.3196186195311378,,False,-0.32419860688406726,False,0.9833068577852265,
EFEMP2,Micro,1,0.15567681636795166,0.4807075277663513,-0.7511724951806007,,False,0.12724419924891192,False,0.9287202178494102,
EFNA1,Micro,2,-0.50633970751005,0.3212669683257919,-0.8237993678391099,0.8708743235694949,True,-0.47159687426399705,True,0.920585849444673,
EFNA4,Micro,2,-0.2951911257120953,0.8883587001234061,0.0651127523406411,,False,-0.28558947487541203,False,0.9833068577852265,
EGFL7,Micro,2,-0.3876791625040981,0.2765939942410531,-0.9649419551871444,,True,-0.38706453845238686,True,0.9166324969148498,
EGFL8,Micro,1,-0.34038375436853874,0.6630612235568891,-0.1791501503295277,,True,-0.2638503373766914,True,0.9699490215240731,
EGFR,Micro,44,-0.2556258925965295,0.8883587001234061,-0.0072921709377374,0.9977547860629074,True,-0.26422461206194414,True,0.9833068577852265,
ELN,Micro,1,0.7179200605771906,0.07487078268493276,-1.1569771085003573,0.7350248295123373,False,0.6255785030056049,False,0.7918780015463845,
EMC10,Micro,2,-0.7568269937135285,0.09271904566022213,-0.1430293570112461,0.96662662111341,True,-0.7170113992760411,True,0.8215799928288131,
EMID1,Micro,1,0.058966716351124465,0.8097797706434724,-0.7989200956531203,0.4847482572804165,False,0.041338864904465845,False,0.9774165421224245,
EMILIN1,Micro,1,-0.21746675148484085,0.5414232825997531,-1.1878835646007175,0.6153790124989863,True,-0.19857823148719847,True,0.943693947336386,
EMILIN2,Micro,3,-0.11532378394119482,1.0,0.3392033685632161,0.914174109213936,False,-0.12795149385974902,False,1.0,
ENDOD1,Micro,1,0.20971227419943606,0.8148087206910737,-0.4874419986839773,0.8735531319878707,False,0.19257261945368315,False,0.9774165421224245,
ENHO,Micro,1,0.45892530892374134,0.1995886466474702,0.0305705365472597,0.9941278953695408,True,0.4290509867408705,True,0.8955353702557743,
ENOX1,Micro,2,-0.2616970868775777,0.6058412176059235,-0.9880009005246736,0.7337205611931022,True,-0.2568902457636414,True,0.9536531642555559,
ENOX2,Micro,38,0.13415480801852425,0.6058412176059235,0.0078925420645775,0.996044404275248,True,0.1174508051945124,True,0.9536531642555559,
ENPP1,Micro,1,0.4142309040764825,0.1995886466474702,0.9838575232700368,0.4097652859695936,True,0.3780391350537672,True,0.8955353702557743,
ENPP2,Micro,21,-0.010869359614734937,0.6729740847387906,-1.4062963005939195,0.6020793352287126,True,-0.02126351615084364,True,0.9699490215240731,
ENPP3,Micro,2,-0.616870583707151,0.2765939942410531,1.089840949063824,0.701740271185349,False,-0.5907302527540437,False,0.9166324969148498,
ENPP5,Micro,2,0.7936422339069673,0.16267869995425632,0.5701051587464697,0.8668966669601202,True,0.6349536957298384,True,0.8729222334758668,
ENTPD5,Micro,1,0.2134640084355455,0.6729740847387906,0.2332227231333532,0.8958048654910094,True,0.190626062854217,True,0.9699490215240731,
ENTPD6,Micro,1,-0.6313468278786514,0.6729740847387906,0.2270576562981344,0.8739923334022928,False,-0.6142576638478001,False,0.9699490215240731,
EPDR1,Micro,27,0.3592851644805669,0.113944878650761,0.4870189014740574,0.8076595068284882,True,0.34770376580320367,True,0.8256851192025261,
EPHA10,Micro,3,-0.16164883536597938,0.6729740847387906,-2.060790255706421,,True,-0.14111480929859163,True,0.9699490215240731,
EPHA3,Micro,1,0.0824677125026978,0.3576818432098805,-0.8242585231697475,0.8673135670652138,False,0.04969483723046942,False,0.920585849444673,
EPHB6,Micro,1,0.28515878176666537,0.4234471410941999,0.3854722713477386,,True,0.2505126234728906,True,0.9272932768190606,
EPOR,Micro,2,0.0853927130533791,1.0,0.2429552241757778,0.916988997935279,True,0.06246462970320117,True,1.0,
ERAP1,Micro,2,-0.0047302329386327835,0.9625668449197862,-0.0186770880668534,0.9896322861525654,True,-0.013837433081098506,True,0.9958209752541637,
ERAP2,Micro,3,0.4749766425473977,0.1355935452118351,0.730182337853547,0.3618471404242805,True,0.4290353626600686,True,0.8624102221308104,
ERBB3,Micro,3,-0.14771002910343367,0.6729740847387906,-1.1118592906354996,0.7809801186968189,True,-0.1528614599573101,True,0.9699490215240731,
ERO1A,Micro,1,-0.4409533439369139,0.7429864253393665,0.0328809906807232,0.9867038242810588,False,-0.4346056888275622,False,0.9709215353212385,
EXOC3-AS1,Micro,2,-0.5398771697026111,0.3212669683257919,1.0561989001094323,,False,-0.5122000967590994,False,0.920585849444673,
EXT2,Micro,2,0.2816756444883216,0.3212669683257919,-0.3969257526750637,0.4847482572804165,False,0.2469238273498009,False,0.920585849444673,
EXTL2,Micro,1,0.010618580655770378,0.5414232825997531,0.1454990287094924,0.9206705313996362,True,-0.0023928483449840478,False,0.943693947336386,
EYS,Micro,16,-0.16533263407616547,0.7361212634199744,0.2511857576105725,0.9186726331711312,False,-0.1561371996919982,False,0.9709215353212385,
F13A1,Micro,1,0.3917089077120628,0.11014712239417047,1.6620954643824672,0.4346114487535462,True,0.24159151592850195,True,0.8256851192025261,
F3,Micro,2,0.012405602302636426,1.0,-0.3393499199267518,0.9254183321794844,False,-0.001687533302682001,True,1.0,
F8,Micro,3,-0.08815609830465658,0.7429864253393665,0.3160308283766161,0.902195484978374,False,-0.08422444842645535,False,0.9709215353212385,
FABP5,Micro,1,0.6494801339289605,0.059234882764294526,0.7072082241535149,0.6244632716712853,True,0.5829933093196259,True,0.7831292612268833,
FAM177A1,Micro,2,-0.14473973714901328,0.8883587001234061,-0.0602708313402366,0.9778021042872208,True,-0.14825408136629778,True,0.9833068577852265,
FAM20A,Micro,13,-0.014586615651501947,0.8148087206910737,0.7701134228108365,0.836273330164571,False,-0.00048669076306856815,False,0.9774165421224245,
FAM20C,Micro,1,0.12537375291787217,0.8148087206910737,-0.2189668555562819,0.901747553286076,False,0.11068721023623171,False,0.9774165421224245,
FAM24B,Micro,1,-0.08794261857096629,0.6729740847387906,-0.6097951473155885,0.7039778670880393,True,-0.09106661673080396,True,0.9699490215240731,
FAM3A,Micro,1,-0.512358194846102,0.113944878650761,-0.7541045625739151,0.7180998659126726,True,-0.49905638009875697,True,0.8256851192025261,
FAM3B,Micro,2,-2.09962691406676,0.5003186734539344,-2.485069614751952,,True,-1.7153181646915365,True,0.943693947336386,
FAM3C,Micro,2,-0.18525788886345926,0.7429864253393665,-0.0013554304379059,0.998041641492138,True,-0.17872265385559027,True,0.9709215353212385,
FAS,Micro,1,0.43142032092373106,0.36034989260651284,0.5430778153829426,0.7348185530098384,True,0.4041676686163188,True,0.920585849444673,
FBLN1,Micro,3,0.5499515283954268,0.3111325340766097,0.0457115276231721,,True,0.3788764440602877,True,0.920585849444673,
FBLN2,Micro,6,-0.3309275304789198,0.37038255861785274,-1.0467850687093143,,True,-0.3148692748244126,True,0.920585849444673,
FBN1,Micro,1,-1.087227632779429,0.6058412176059235,-1.884811797735236,0.2694307121000003,True,-0.9726297671355026,True,0.9536531642555559,
FBXO45,Micro,1,0.3026792973922513,0.4807075277663513,-0.5018864274971756,0.8125311486299471,False,0.2747812252575849,False,0.9287202178494102,
FCAR,Micro,2,0.5622361920101766,0.13879062114356233,1.2155052836680251,0.6121088873267704,True,0.49012128771523134,True,0.8624102221308104,
FCGBP,Micro,6,0.8164434887235016,0.014078916927972815,0.6322175747314123,0.7717807693159353,True,0.7211048933638075,True,0.6816125051419168,
FCGR3A,Micro,1,0.396890324189524,0.5964154160514543,0.8948885085567052,0.6856874023133201,True,0.350146159906877,True,0.9536531642555559,
FGF1,Micro,19,-0.45584005294251184,0.4807075277663513,-0.8501481570946087,0.7697270834272072,True,-0.43973350305337267,True,0.9287202178494102,
FGF13,Micro,15,0.45350434475763074,0.2358700123406006,0.0887355702094502,0.980981764527604,True,0.3785079987594203,True,0.8955353702557743,
FGF2,Micro,1,-0.38049308606752663,0.37038255861785274,-0.5707724432468098,0.7697270834272072,True,-0.3396865132778277,True,0.920585849444673,
FGF20,Micro,1,-0.5128718484405648,0.4807075277663513,1.0752275401743352,0.4097652859695936,False,-0.49230204338072464,False,0.9287202178494102,
FGF5,Micro,1,-0.0498331534050994,0.9613894362865227,-1.26677473469213,,True,-0.04896944422279065,True,0.9958209752541637,
FGF7,Micro,2,-0.10010003452321581,0.8087411603198786,0.3059273676139629,,False,-0.07317355800015021,False,0.9774165421224245,
FGF9,Micro,1,0.049356487574880564,0.6729740847387906,-0.7838061826946535,,False,0.012269605513966138,False,0.9699490215240731,
FGFBP3,Micro,1,0.04514147808976765,0.5414232825997531,0.7175896224334926,,True,0.03204520811345048,True,0.943693947336386,
FGFR2,Micro,18,-0.10461583681453036,0.9625668449197862,-1.6460596944778492,0.5702660206488002,True,-0.10960556660770407,True,0.9958209752541637,
FGFR3,Micro,2,0.11882831583550037,0.4234471410941999,-0.719555469566615,0.7988745565010873,False,0.08119856813938475,False,0.9272932768190606,
FGL1,Micro,7,0.10978386470436717,0.4807075277663513,-1.1939447584753005,0.6735512149380031,False,0.08141936562002122,False,0.9287202178494102,
FGL2,Micro,2,-0.8661929179630911,0.6729740847387906,0.6096208726686241,0.5080307409851177,False,-0.7880249566049546,False,0.9699490215240731,
FJX1,Micro,2,-0.9127704915656516,0.8148087206910737,1.1524925429996613,,False,-0.8234312070847833,False,0.9774165421224245,
FKRP,Micro,2,0.14431774762079105,0.8148087206910737,-0.1239157830511865,0.9658629151379086,False,0.11853421952297946,False,0.9774165421224245,
FLRT1,Micro,2,0.10595753488567898,0.5964154160514543,0.0572892517398983,,True,0.07721793840031192,True,0.9536531642555559,
FLRT2,Micro,4,-0.2406566118785013,0.4105244045278962,-0.5393642763021952,0.8589113472803211,True,-0.20330891238525348,True,0.9272932768190606,
FLRT3,Micro,1,0.045214820588671115,0.9613894362865227,-0.6833565671309829,0.784719906287843,False,0.0363578387951292,False,0.9958209752541637,
FLT1,Micro,35,-0.25562167513470463,0.4234471410941999,-0.2633087740266903,0.9228560196007934,True,-0.2555909026036813,True,0.9272932768190606,
FLT3LG,Micro,2,-0.4035517129056673,0.6729740847387906,-0.1988636138470812,,True,-0.3652569037513455,True,0.9699490215240731,
FN1,Micro,1,-0.6900887267998725,0.4807075277663513,0.1695995023225583,0.96898490928593,False,-0.5873923693614084,False,0.9287202178494102,
FNDC1,Micro,1,-0.08508266358009862,0.961532239658224,-1.355931460312555,,True,-0.054051128806147264,True,0.9958209752541637,
FNDC4,Micro,1,-0.24762267640745778,0.4693953495564216,1.6651032630537868,,False,-0.18337759041544063,False,0.9287202178494102,
FOLR2,Micro,2,0.44273028826939104,0.1995886466474702,-0.3077148822773871,0.8622744253713157,False,0.3952890191595426,False,0.8955353702557743,
FREM1,Micro,16,0.08969861467019195,0.4234471410941999,-2.4053662751523657,0.2513769322864505,False,0.048997460414525254,False,0.9272932768190606,
FREM3,Micro,1,0.5264874940305855,0.40313288380367274,-1.0113994818982872,,False,0.3170584455630253,False,0.9272932768190606,
FSTL1,Micro,1,0.11050729974898749,0.2655231334861341,0.2778638895024103,,True,0.06722111148906171,True,0.9166324969148498,
FSTL3,Micro,3,0.13948407513139308,0.6058412176059235,0.6194605810232807,,True,0.1262998889419904,True,0.9536531642555559,
FSTL4,Micro,1,-0.45119765470702267,0.7356524594664196,-0.4117032804459104,,True,-0.34679680753094855,True,0.9709215353212385,
FSTL5,Micro,1,0.5161464594007551,0.4693953495564216,-0.7683024963789178,0.7251943102174963,False,0.3275554919640029,False,0.9287202178494102,
FUCA2,Micro,1,-0.06544302119970995,0.16717400246812014,0.7928770477939974,0.4967016330405574,False,-0.06983573033167159,False,0.8729222334758668,
FURIN,Micro,5,0.2726678598515183,0.2765939942410531,-1.0554106941421668,0.5557727049314108,False,0.25493606536889774,False,0.9166324969148498,
GABBR1,Micro,2,-0.10666334195259772,0.4234471410941999,-0.3074920776063312,0.9228560196007934,True,-0.11915664763196998,True,0.9272932768190606,
GALNT1,Micro,1,-0.15371576950074228,0.9616030497099515,0.4379868932954864,0.538526932685135,False,-0.10485484049023867,False,0.9958209752541637,
GALNT2,Micro,1,-0.36983027657022377,0.8883587001234061,0.0422427493899306,0.9780001156307336,False,-0.35962976202774527,False,0.9833068577852265,
GAS6,Micro,2,-0.3385329706719758,0.9625668449197862,-0.2930404727507064,0.8626997302308936,True,-0.31641017922492065,True,0.9958209752541637,
GASK1A,Micro,2,0.19364930849730155,0.6058412176059235,-0.0963081333209797,0.9706657406521864,False,0.16088096021800236,False,0.9536531642555559,
GATD1,Micro,1,-0.9568848487471844,0.13879062114356233,0.0745418814357029,0.9803097392705172,False,-0.9240355471238018,False,0.8624102221308104,
GBP1,Micro,1,0.5714765921574617,0.26817863879881465,1.2858717749296271,0.5876998172197687,True,0.4981137696077869,True,0.9166324969148498,
GDF11,Micro,2,0.14891952643655107,1.0,-0.6798988654046566,0.7635727658706115,False,0.1252513768054649,False,1.0,
GFER,Micro,2,0.20656041121520258,0.6729740847387906,1.277712254620746,,True,0.1845237915363921,True,0.9699490215240731,
GFOD1,Micro,24,0.02479945963745044,0.8883587001234061,-0.5409121661214563,0.8747355565679114,False,0.012480659071735213,False,0.9833068577852265,
GFOD2,Micro,1,-0.40401944047661514,0.4807075277663513,0.4033734934711042,0.8273210098527021,False,-0.38201438720198627,False,0.9287202178494102,
GGH,Micro,1,0.20167653752987616,0.6058412176059235,1.087130815998513,,True,0.17764200872387115,True,0.9536531642555559,
GHR,Micro,16,0.09897818434838142,0.6729740847387906,-0.8707944226317752,,False,0.06264595087089934,False,0.9699490215240731,
GHRL,Micro,4,0.8343552997460273,0.0484018452046584,1.3920656000315736,,True,0.7015606779434461,True,0.7831292612268833,
GLB1L,Micro,2,0.0705852245245289,0.9625668449197862,-0.6730275195383251,,False,0.05738591124096985,False,0.9958209752541637,
GLDN,Micro,8,0.35457053283024964,0.113944878650761,1.0160945284305187,0.2555463098183301,True,0.32999852940969715,True,0.8256851192025261,
GLIPR1L1,Micro,5,0.04720200382350164,0.8851640153055096,0.702387527484924,0.7657049194602694,True,0.044026420894465915,True,0.9833068577852265,
GLT1D1,Micro,3,-0.540112601633763,0.2765939942410531,-1.9221717848356,0.0081623288810852,True,-0.4975443751447278,True,0.9166324969148498,0.5354449472096532
GNAS,Micro,21,0.35954511255621047,0.113944878650761,0.1404036100589726,0.8833326616255912,True,0.34887751955588303,True,0.8256851192025261,
GNLY,Micro,1,0.15121700436089963,0.4076000389052804,0.7855485037200526,0.808961428548007,True,0.09038407275599848,True,0.9272932768190606,
GNPTG,Micro,1,0.14584833248594034,0.37038255861785274,-0.0832197715395892,0.9667595159489316,False,0.13186676594797145,False,0.920585849444673,
GPC1,Micro,6,-0.4240982765748185,0.3212669683257919,-1.0598949674806182,0.5723373628334975,True,-0.41677617753325824,True,0.920585849444673,
GPC2,Micro,2,0.1225957451060848,0.8148087206910737,0.579863576175294,,True,0.11084200196003877,True,0.9774165421224245,
GPC4,Micro,2,0.7453137479061939,0.09139571552351716,-0.2240076867257565,,False,0.524929605670055,False,0.8215799928288131,
GPC5,Micro,35,0.27941049485064856,0.3212669683257919,-0.1041541800910734,0.9778021042872208,False,0.2476957632231801,False,0.920585849444673,
GPC6,Micro,89,0.019245381311190298,0.7429864253393665,-0.8416495778951877,0.6638198105877773,False,-0.008143317575134267,True,0.9709215353212385,
GPI,Micro,1,-0.0005479804842622655,1.0,-0.2426205277211869,0.8273210098527021,True,-0.0172693660993952,True,1.0,
GPX3,Micro,2,0.03607186777884136,0.9625668449197862,0.8203076605224635,,True,0.01994547366071954,True,0.9958209752541637,
GPX7,Micro,1,0.19168581526111336,0.8883587001234061,-0.615601535562053,,False,0.15502071072075693,False,0.9833068577852265,
GREM1,Micro,1,-0.39290800070790377,0.37038255861785274,-1.7491532050266807,0.4287836443829149,True,-0.3278251088677601,True,0.920585849444673,
GRN,Micro,3,0.04390577498507924,0.8148087206910737,0.4873787734139248,0.7250497823731302,True,0.040604864376310335,True,0.9774165421224245,
GSDMD,Micro,2,0.248516220919127,0.6729740847387906,0.6903171139633466,0.7727213250604522,True,0.238315708351569,True,0.9699490215240731,
GSN,Micro,31,-0.19033540409721705,0.03595228301110654,-0.1915281307434198,0.7655767572428589,True,-0.19459759047011702,True,0.7703396502078044,
HAMP,Micro,3,0.12214100985861125,1.0,0.0188332178067572,0.996841877751159,True,0.11172165939058752,True,1.0,
HAPLN2,Micro,1,0.0687016377113495,0.6985485325646762,-0.3252092694931018,0.970157682498792,False,0.03939114828697688,False,0.9709215353212385,
HBEGF,Micro,1,0.2568677269227998,0.4807075277663513,-0.5447867912423356,0.8450343916210846,False,0.23834577119627529,False,0.9287202178494102,
HCG22,Micro,1,0.6508257094044962,0.13879062114356233,0.892691010276696,0.6844405862842116,True,0.5232009635511954,True,0.8624102221308104,
HDGF,Micro,1,-0.01120276335501911,0.8148087206910737,0.1223043041614118,0.9544903241675484,False,-0.014467177921881519,False,0.9774165421224245,
HEG1,Micro,1,0.09195937038962103,0.7429864253393665,-0.0789821634277358,0.97264289638038,False,0.07145845273925348,False,0.9709215353212385,
HGF,Micro,1,0.1567402079334658,0.9616030497099515,0.3277877530771457,0.8826548858985767,True,0.13534358884894415,True,0.9958209752541637,
HHIP,Micro,2,-0.8576978233862882,0.16717400246812014,-1.175483991879064,0.7011089116861072,True,-0.795007379138728,True,0.8729222334758668,
HHIPL1,Micro,2,0.20861759108632402,0.6648126209477461,-1.1247594746443492,0.5521296742662408,False,0.19144661861346496,False,0.9699490215240731,
HILPDA,Micro,2,-0.4825970220719157,0.5414232825997531,0.1798400997016362,0.9660242942900288,False,-0.4621803991444944,False,0.943693947336386,
HLA-E,Micro,2,-0.1938956348369859,0.9625668449197862,0.3125855441400508,0.7736755238176266,False,-0.18809065572974357,False,0.9958209752541637,
HMCN1,Micro,1,-0.5918574058320321,0.5414232825997531,0.4901589324200633,,False,-0.507567940142312,False,0.943693947336386,
HMGB1,Micro,21,-0.06470686070491888,0.5414232825997531,0.1911175452873398,0.8011999040975664,False,-0.07118745590177122,False,0.943693947336386,
HMGB2,Micro,1,-0.142629584979836,0.4234471410941999,0.7466834877746183,0.710106818588408,False,-0.15293205467621213,False,0.9272932768190606,
HNRNPA2B1,Micro,1,0.34194733792524984,0.4234471410941999,0.0205693264723565,0.9803097392705172,True,0.3281447983427934,True,0.9272932768190606,
HPSE,Micro,2,0.6031255415075524,0.31202474076438447,0.7060773078175528,0.6787107453517927,True,0.5491387195599787,True,0.920585849444673,
HPSE2,Micro,35,0.13348949894781295,0.1995886466474702,-2.005185609672792,,False,0.0975445756012036,False,0.8955353702557743,
HSD11B1L,Micro,1,0.44863246403723495,0.046400658165364046,-0.39233540757848,0.9096035911977662,False,0.42842401726711427,False,0.7818904126780498,
HSP90AB1,Micro,1,0.33742595149306975,0.4807075277663513,0.2568200484235555,0.8860899111650461,True,0.3276689935135841,True,0.9287202178494102,
HSPA1A,Micro,1,0.17216216853673344,0.4234471410941999,0.8480311427001926,0.7570070838178149,True,0.1655905667964379,True,0.9272932768190606,
HSPG2,Micro,2,0.34961617715321325,0.37038255861785274,-0.8847392825621028,,False,0.3297178929960478,False,0.920585849444673,
HTRA1,Micro,3,-0.5280728192914815,0.4234471410941999,-0.8440921704242351,0.2743771782683973,True,-0.5158082761282694,True,0.9272932768190606,
HTRA4,Micro,2,1.3655214881802644,0.0032601177954737505,0.3415555762862716,,True,0.9680112593800082,True,0.49739290915761497,
HYAL1,Micro,2,0.10921812890379701,0.846457565134568,-0.6313216019539349,,False,0.06878677231182957,False,0.9833068577852265,
IDE,Micro,10,0.0433914246878915,0.5414232825997531,-0.1419988641587006,0.914174109213936,False,0.034854003767852054,False,0.943693947336386,
IFI30,Micro,1,0.47940378357700547,0.113944878650761,1.2254586081269303,0.4477463444705176,True,0.45278938851872846,True,0.8256851192025261,
IFI35,Micro,1,0.4304238676677431,0.16267869995425632,0.9046999216893054,0.7566319016239506,True,0.37097399473636855,True,0.8729222334758668,
IFNAR2,Micro,1,0.35605831625048917,0.2765939942410531,0.1717966456527405,0.920557097387778,True,0.32814788547287893,True,0.9166324969148498,
IFNE,Micro,1,0.4302068403985993,0.26817863879881465,-0.3726480011497329,,False,0.36481503600949217,False,0.9166324969148498,
IGF1,Micro,2,-0.8133932585574667,0.7429864253393665,0.1443214479984882,0.9709778553583822,False,-0.7292399054360844,False,0.9709215353212385,
IGFBP3,Micro,3,0.25187580786035607,0.2279054087276714,-0.4971102612780527,,False,0.18675329030385127,False,0.8955353702557743,
IGFBP5,Micro,2,0.34625082243601496,0.7361212634199744,0.4430764039062915,0.904476088573144,True,0.2261285496369742,True,0.9709215353212385,
IGFBP7,Micro,1,-1.238953676729811,0.5414232825997531,1.1079163927959268,0.6622548807808559,False,-1.1540974313151118,False,0.943693947336386,
IGFL4,Micro,7,0.34429745344514356,0.4807075277663513,-0.5392215041777968,,False,0.28667483381528175,False,0.9287202178494102,
IGLON5,Micro,2,0.7649755636486958,0.059971328007111274,-0.7962199779113042,,False,0.5124406215285042,False,0.7845124811137295,
IGSF10,Micro,2,-0.40976041111989137,0.6985485325646762,-0.8139304018816843,0.6533834289632828,True,-0.2422139735548126,True,0.9709215353212385,
IL10,Micro,3,0.09779294604924361,0.8883587001234061,1.879649190710525,,True,0.09232963573556162,True,0.9833068577852265,
IL11RA,Micro,2,-1.0926491909089175,0.2765939942410531,-1.2437665023333613,,True,-1.0323029575697857,True,0.9166324969148498,
IL15,Micro,9,1.1960002655397444,0.01072518276391703,3.110350457934096,8.404140298272452e-06,True,1.012210515671571,True,0.6572692013868484,0.10995753923907
IL15RA,Micro,1,-0.2043623482527925,0.9625668449197862,0.0971516812990416,0.9780001156307336,False,-0.20578820392759142,False,0.9958209752541637,
IL16,Micro,24,0.11281784579551138,0.4807075277663513,0.1219164949762153,0.9658874954590236,True,0.10548269332961073,True,0.9287202178494102,
IL17D,Micro,1,-0.13344815572867583,0.4807075277663513,-1.3321319230819146,,True,-0.1230378646631936,True,0.9287202178494102,
IL17RA,Micro,1,-0.4845257099732305,0.02739613327848622,0.0839152046152435,0.9764696328831908,False,-0.4796019553869835,False,0.7401422746051902,
IL17RE,Micro,2,0.931037636360205,0.03268695329786108,0.0484091330487828,,True,0.4497146695548728,True,0.7703396502078044,
IL18,Micro,1,0.7912359804175624,0.06044423260240563,0.684568113097711,0.436447099384858,True,0.6278813025895463,True,0.7845124811137295,
IL18BP,Micro,2,0.2814645726968388,0.4234471410941999,-0.5852485796517778,0.8007261499392141,False,0.2480475806926516,False,0.9272932768190606,
IL19,Micro,17,0.23497246635221608,0.4807075277663513,1.1194988559783596,,True,0.2289712402459081,True,0.9287202178494102,
IL1A,Micro,2,0.09299103978127814,0.36034989260651284,-0.8662608933546901,0.6758777139832299,False,0.10636156051306223,False,0.920585849444673,
IL1B,Micro,1,-1.2105313738535803,0.4234471410941999,-0.6693007968011104,0.8672063379843421,True,-1.0627306175366873,True,0.9272932768190606,
IL1R1,Micro,9,0.6435969801805501,0.07445495680789799,-0.2830696417973437,,False,0.5702800881569563,False,0.7918780015463845,
IL1RAP,Micro,12,0.07457657649983891,0.8148087206910737,-0.6134317974694237,0.6608922946446754,False,0.07234174368280337,False,0.9774165421224245,
IL23A,Micro,2,0.5646313471178013,0.07445495680789799,-0.9084006483352086,,False,0.47613286844106323,False,0.7918780015463845,
IL27,Micro,3,0.024881999532036937,0.6729740847387906,-0.9494883050325492,,False,0.02851746009424499,False,0.9699490215240731,
IL34,Micro,14,-0.325396350888734,0.6729740847387906,-0.9615303099719996,,True,-0.3221783531435575,True,0.9699490215240731,
IL4I1,Micro,9,0.21297037612696948,0.4807075277663513,1.2129179663864198,0.6779648888149845,True,0.2037848948989888,True,0.9287202178494102,
IL4R,Micro,12,0.02258398326947884,0.8148087206910737,0.1099136149958855,0.9723128631671984,True,0.018849768074136877,True,0.9774165421224245,
IL6,Micro,4,-0.22603851908525444,0.8148087206910737,0.0321879569385399,,False,-0.22294712614854553,False,0.9774165421224245,
IL6R,Micro,3,-0.2595972433676694,0.6729740847387906,-0.0639670221646069,0.9720635861853286,True,-0.2515955670898819,True,0.9699490215240731,
IL6ST,Micro,5,-0.36378900573499395,0.5414232825997531,0.2793558932429471,0.8437975088966749,False,-0.3661293731877786,False,0.943693947336386,
IL7,Micro,2,-0.05649482208954855,0.193657589519031,0.8865652302320064,0.5435427031799399,False,-0.06853239613349697,False,0.8955353702557743,
INHBA,Micro,3,0.32577357392987577,0.6729740847387906,1.396081226415719,0.6725163064050047,True,0.3032283106597892,True,0.9699490215240731,
INSL6,Micro,1,-0.54699945650398,0.33948664092714365,1.1476504285054214,0.5644454035425966,False,-0.2345247704260008,False,0.920585849444673,
ISG15,Micro,5,-0.4729774416066062,0.8883587001234061,1.1495920848726278,,False,-0.4640066141979886,False,0.9833068577852265,
ITFG1,Micro,1,0.2517066646296944,0.6729740847387906,0.0761998625173555,0.9430395017851168,True,0.2220302610685841,True,0.9699490215240731,
ITGBL1,Micro,4,-0.26887133912617445,1.0,-0.374879610267937,,True,-0.24708309193215458,True,1.0,
ITIH4,Micro,1,0.06875595616692198,0.7347073111000473,-0.1824132219955006,0.9625950527535372,False,0.036139269089193383,False,0.9709215353212385,
ITIH5,Micro,9,-0.19783903834231614,0.6058412176059235,-0.3858867288640865,,True,-0.17554922326208458,True,0.9536531642555559,
ITM2B,Micro,3,-0.57427761507929,0.4807075277663513,0.1742276948129255,0.8817887256770179,False,-0.5625043979805585,False,0.9287202178494102,
IZUMO4,Micro,1,-0.24444411756662546,0.4234471410941999,1.0013143718267037,,False,-0.24706420296505477,False,0.9272932768190606,
JAM3,Micro,1,-0.3219355018689936,0.2765939942410531,-1.3839978101292445,0.4099010669888467,True,-0.30574961685797913,True,0.9166324969148498,
KIAA0319,Micro,18,-0.4389329780379544,0.6058412176059235,-0.5996803488897645,0.8358097042096638,True,-0.40936140028382423,True,0.9536531642555559,
KIRREL3,Micro,1,-0.3859492782572459,0.47021427616406375,-1.1573918607498517,0.6528208378909074,True,-0.29478184723633755,True,0.9287202178494102,
KITLG,Micro,1,0.8861080042818703,0.03844229728788797,-0.404496737397401,0.9282120337642924,False,0.6834293779690729,False,0.7818904126780498,
KL,Micro,2,-0.27942582227921847,0.5414232825997531,0.1859896443389839,,False,-0.235448292530795,False,0.943693947336386,
KLK6,Micro,1,-0.028159261518101733,0.5612938291642686,-0.8540466244478498,0.7928835833559809,True,-0.01735613687735062,True,0.9536531642555559,
KLKB1,Micro,1,-0.22098562994416865,0.3457785861511603,0.1774277765299897,0.975458362541578,False,-0.07522007132994624,False,0.920585849444673,
LAIR2,Micro,1,0.5599465669249363,0.39842082151843805,-0.1826769280846658,,False,0.2554010618290591,False,0.9272932768190606,
LAMA1,Micro,25,0.4126401035586894,0.3212669683257919,-0.376712059544237,,False,0.3536551765649922,False,0.920585849444673,
LAMA2,Micro,1,-2.5233576720442836,0.059234882764294526,-1.6033873908704612,0.3810439992619597,True,-2.0069453677389646,True,0.7831292612268833,
LAMA3,Micro,29,-0.3803127088517789,0.8148087206910737,-1.527376545675201,,True,-0.36253544417978734,True,0.9774165421224245,
LAMA4,Micro,2,-0.6714755666936266,0.7429864253393665,-0.2454300396630984,,True,-0.5358563567046872,True,0.9709215353212385,
LAMA5,Micro,1,-0.5101794185624478,0.09271904566022213,-0.9698382870615162,,True,-0.46620871729885793,True,0.8215799928288131,
LAMB1,Micro,1,-0.5428162142581381,0.36034989260651284,-0.6281303413657937,0.8125001624496884,True,-0.4414511179678441,True,0.920585849444673,
LAMB2,Micro,1,0.4836366995094286,0.059234882764294526,1.1192066161818002,,True,0.42674428648295065,True,0.7831292612268833,
LAMC1,Micro,1,-1.080134525864344,0.9625668449197862,-0.3008153921235766,,True,-0.9518004353509841,True,0.9958209752541637,
LAMC3,Micro,1,0.7341602021114907,0.04579898118336865,-2.791036057346292,,False,0.42179261289001596,False,0.7818904126780498,
LCAT,Micro,3,-0.3363293433017164,0.37038255861785274,-0.6626167753277737,,True,-0.31436377388606157,True,0.920585849444673,
LEAP2,Micro,1,0.10658662494233331,0.282563892825915,0.0426499451049158,,True,0.044002857797630635,True,0.920585849444673,
LEFTY1,Micro,2,-0.4360935521125381,0.76052705939476,-1.79388096634256,,True,-0.2636272066980528,True,0.9774165421224245,
LEPR,Micro,20,0.1949380629437739,0.7429864253393665,0.6564266463721683,0.6236847938020257,True,0.17872419777176324,True,0.9709215353212385,
LGALS1,Micro,1,0.6006202186968738,0.046400658165364046,1.0704200744538916,0.6132770177471943,True,0.5666775166432129,True,0.7818904126780498,
LGALS3,Micro,1,0.5716501818819024,0.09139571552351716,1.622864745154996,0.4285105773492187,True,0.42481734180708125,True,0.8215799928288131,
LGALS3BP,Micro,1,0.00790878725291685,0.8883587001234061,-0.3742007243852127,0.914174109213936,False,-0.0013206089944647942,True,0.9833068577852265,
LGALS9,Micro,3,-0.14353693737091475,0.8148087206910737,1.0553738524821317,0.0272680826378428,False,-0.13824200327308062,False,0.9774165421224245,0.8730093435975789
LGI1,Micro,2,0.1908607224116551,0.36034989260651284,0.2027033674465224,0.9582847867489864,True,0.11981311400920286,True,0.920585849444673,
LGI2,Micro,2,-1.0906187436820718,0.8148087206910737,0.3984305452950493,,False,-0.9824260440640415,False,0.9774165421224245,
LGI3,Micro,2,-0.8250726243959772,0.16717400246812014,-0.754125321624892,0.878175102402634,True,-0.7742275441753259,True,0.8729222334758668,
LGI4,Micro,1,-0.9149386289300229,0.7429864253393665,-0.2477509973048334,0.958657302734436,True,-0.8268509536342468,True,0.9709215353212385,
LIFR,Micro,11,-0.964568407763195,0.1995886466474702,-0.8945118180181609,0.7697270834272072,True,-0.8962417955358174,True,0.8955353702557743,
LILRA2,Micro,1,-0.5311122828112486,0.7429864253393665,0.4750923884116201,0.7199293538772858,False,-0.497763176337837,False,0.9709215353212385,
LILRB1,Micro,3,0.2597259289220288,0.9616030497099515,0.2826516441465452,0.888558713622352,True,0.24369951367015066,True,0.9958209752541637,
LIPC,Micro,6,-0.4288469916062253,0.2358700123406006,-0.0394187400364487,0.9867038242810588,True,-0.386328937613567,True,0.8955353702557743,
LIPG,Micro,4,0.3658145603942466,0.2765939942410531,2.5973174595722783,0.0337516982810393,True,0.31079865545507795,True,0.9166324969148498,0.5354449472096532
LNPEP,Micro,2,-0.0474837186862421,0.3212669683257919,0.3085301361243647,0.5120842013545307,False,-0.05230911635743494,False,0.920585849444673,
LOXL2,Micro,1,0.11744034157368259,0.7356524594664196,-0.7938304858928547,0.7168077720355182,False,0.06613667891033549,False,0.9709215353212385,
LOXL3,Micro,1,0.03470637813610632,0.8148087206910737,0.3152817254510949,0.7815773652464636,True,0.01834767322010444,True,0.9774165421224245,
LPL,Micro,1,0.17792558898923325,0.7429864253393665,0.6404936119677986,0.7697270834272072,True,0.14955885550984033,True,0.9709215353212385,
LRP8,Micro,1,0.46065620767284327,0.02739613327848622,-0.07065349479124,0.9780001156307336,False,0.43300761801699283,False,0.7401422746051902,
LRRC17,Micro,2,1.1778334379375164,0.00814672836972279,1.6039427646621522,,True,0.5170646022810221,True,0.6428156623157458,
LTBP1,Micro,27,0.05599835703477272,0.37038255861785274,-2.0170118798417653,0.2782409555314638,False,0.023578128792916243,False,0.920585849444673,
LTBP2,Micro,1,0.7892489966363567,0.014078916927972815,0.7042477676772918,0.8254732877915085,True,0.7339509664726097,True,0.6816125051419168,
LTBP3,Micro,4,0.2444796990437157,0.5414232825997531,0.0814179092859566,0.97264289638038,True,0.22500115284747454,True,0.943693947336386,
LTBP4,Micro,7,0.21683660281316072,0.8883587001234061,-0.3366311778339558,0.912020471534672,False,0.1912526359334108,False,0.9833068577852265,
LUZP2,Micro,27,-0.529745520596704,0.4807075277663513,-1.933947395868317,0.0496024314009676,True,-0.5172852160015537,True,0.9287202178494102,0.640943370355135
LY86,Micro,2,-0.0022308562776335392,0.9625668449197862,0.1563559155644569,0.9199706632216418,False,-0.009241991849560195,False,0.9958209752541637,
LY96,Micro,1,0.013481892483515289,0.7429864253393665,0.270555561621508,0.8836229531762341,True,0.020604662287292852,True,0.9709215353212385,
LYPD6,Micro,3,0.30597700860959237,0.7361212634199744,0.3212570960734978,,True,0.27116705400997204,True,0.9709215353212385,
LYZ,Micro,1,0.3469158689208215,0.2765939942410531,0.5985912329874736,0.8050538794251135,True,0.2899883724928142,True,0.9166324969148498,
MAMDC2,Micro,1,-0.2103797643683033,0.5414232825997531,-0.2977875601714245,0.9186726331711312,True,-0.18973235564863955,True,0.943693947336386,
MAN2B1,Micro,2,0.2636345222809801,0.03595228301110654,0.1195480998710791,0.94557585008176,True,0.2346107951212878,True,0.7703396502078044,
MAN2B2,Micro,1,-1.300365088457398,0.6729740847387906,0.1112896977490227,0.9475805482961552,False,-1.2483372115869342,False,0.9699490215240731,
MANF,Micro,1,-0.2702787557055255,0.8148087206910737,0.497200119637536,0.8860899111650461,False,-0.25738151151236177,False,0.9774165421224245,
MAPT,Micro,19,-0.5491073707933491,0.113944878650761,-0.9052088468123356,0.6735512149380031,True,-0.5433100164094077,True,0.8256851192025261,
MATN2,Micro,6,-0.25172387189724854,0.2765939942410531,-1.4908511779530806,0.4409791415413957,True,-0.23143687218149378,True,0.9166324969148498,
MBTPS1,Micro,1,0.00021953571841573538,0.9625668449197862,0.2020032830418464,0.7883780924748035,True,-0.004480873567067195,False,0.9958209752541637,
MDFIC,Micro,1,-1.6303744291337459,0.5414232825997531,1.403298672733818,0.6492696335191553,False,-1.3826057513058174,False,0.943693947336386,
MEPE,Micro,1,-0.45978864796116176,0.4262139553694193,0.8993719063284227,,False,-0.1866618718604655,False,0.9287202178494102,
MET,Micro,9,-1.3167124230222726,0.1995886466474702,-0.5236641550970651,0.901747553286076,True,-1.173720128685679,True,0.8955353702557743,
METRN,Micro,2,-0.12712186317850077,0.6058412176059235,-0.3206052914925316,0.89759172030714,True,-0.14379224309538255,True,0.9536531642555559,
METRNL,Micro,1,0.5727482550195256,0.046400658165364046,0.9185377756924225,0.8086439025304105,True,0.5333977233363527,True,0.7818904126780498,
METTL24,Micro,1,-0.41364127200180634,0.5634637328658632,-0.5189686711511103,,True,-0.2944552753727236,True,0.9536531642555559,
MFGE8,Micro,2,0.4550842454761621,0.11213107560602797,-0.1314771558962602,0.9805166887454124,False,0.36454765519975907,False,0.8256851192025261,
MGAT4A,Micro,11,0.17461623396826867,0.8148087206910737,0.052542606262161,0.9795773526135564,True,0.16148399699186375,True,0.9774165421224245,
MGAT5,Micro,36,0.1656728013430886,0.4234471410941999,-0.3238116051067545,0.5690071403764285,False,0.16249689188582436,False,0.9272932768190606,
MIF,Micro,1,0.4247448172450773,0.16717400246812014,0.7450248702739467,0.6354663448256995,True,0.3973454919129888,True,0.8729222334758668,
MINPP1,Micro,2,0.1344907167623502,0.4807075277663513,-0.2681399695791941,0.8748721781343721,False,0.11149999272087155,False,0.9287202178494102,
MMP16,Micro,1,-0.4742593359980999,0.6648126209477461,-0.7518516104293197,0.7609328720124663,True,-0.37609196771176157,True,0.9699490215240731,
MMP17,Micro,5,0.09833428180896187,0.4807075277663513,-1.199097725171591,0.4875821377694684,False,0.08047159045779688,False,0.9287202178494102,
MMP19,Micro,1,-0.34636942487925343,0.7783410043643859,1.7000987594945371,,False,-0.15999422735907845,False,0.9774165421224245,
MMP2,Micro,13,0.2435857885671161,0.1995886466474702,0.9991537853188804,0.6735512149380031,True,0.22957365210258887,True,0.8955353702557743,
MMP21,Micro,2,1.2050967362800329,0.00814672836972279,0.9592380855754906,,True,0.5300230533021175,True,0.6428156623157458,
MMP24,Micro,1,0.2973164080267065,0.47021427616406375,0.1121559750466583,0.967922918353026,True,0.19629302216489952,True,0.9287202178494102,
MMP28,Micro,2,0.08297834509535867,0.6729740847387906,-0.562592902135244,0.8778805032297834,False,0.047791150704109456,False,0.9699490215240731,
MMRN1,Micro,5,-0.4412560420154927,0.07445495680789799,-0.7664658547355186,0.4681202270484676,True,-0.4259112110045274,True,0.7918780015463845,
MPEG1,Micro,2,0.36787731529810325,0.2765939942410531,0.1546146422210184,0.964961913439346,True,0.3136027937187537,True,0.9166324969148498,
MR1,Micro,1,-0.1470173736635916,0.6058412176059235,0.4894000657690683,0.710106818588408,False,-0.1375282041419237,False,0.9536531642555559,
MST1,Micro,1,0.2604992986725416,0.4807075277663513,1.0839235435531405,,True,0.23032218231965143,True,0.9287202178494102,
MTRNR2L1,Micro,2,0.8228581919680674,0.6729740847387906,0.4671980667147984,0.9667595159489316,True,0.8007035149575408,True,0.9699490215240731,
MTRNR2L8,Micro,1,-0.28146567585467475,0.9602390636458037,-0.3249249418518678,0.9447262183655936,True,-0.15864367025182913,True,0.9958209752541637,
MUC20,Micro,3,-0.7086144350023831,0.7306572218997294,-0.4772683133721492,0.895880664527182,True,-0.4821895402007477,True,0.9709215353212385,
MUSTN1,Micro,2,-0.2681106132262957,0.4769765902586016,-0.6590704442077029,,True,-0.13819949159210743,True,0.9287202178494102,
MYDGF,Micro,2,-0.21308678908166134,0.8883587001234061,0.7622348507684422,0.5399138313984689,False,-0.19658326275796636,False,0.9833068577852265,
NAMPT,Micro,1,-0.0068300666494358715,0.9625668449197862,1.597869598220959,0.5003513980186713,False,-0.012749535778837386,False,0.9958209752541637,
NAXE,Micro,2,-0.37302649340102845,0.9625668449197862,-1.0095622702356712,0.5723373628334975,True,-0.358011696555914,True,0.9958209752541637,
NBL1,Micro,14,0.17015944078573877,0.6729740847387906,0.5047349273279378,0.7367546475607115,True,0.15200903693490425,True,0.9699490215240731,
NCAM1,Micro,1,-0.14429313261229706,0.6058412176059235,-1.0313413583832105,0.6951526153669648,True,-0.14355745630260328,True,0.9536531642555559,
NCAN,Micro,3,0.2381780455192256,0.6610827115065749,-0.8821549805356549,0.7477273087441679,False,0.15351696767539513,False,0.9699490215240731,
NDFIP1,Micro,2,0.6053548260118693,0.09271904566022213,0.1057467045386048,0.8686385265226542,True,0.5623562599671534,True,0.8215799928288131,
NDP,Micro,2,-0.03238590384836971,0.733109295760819,-1.1790521574753448,0.7472766824909725,True,-0.014214926540185822,True,0.9709215353212385,
NECTIN1,Micro,2,0.34478813559755683,0.3212669683257919,-1.2996221303137363,0.4559013559373467,False,0.32254962200898746,False,0.920585849444673,
NELL1,Micro,2,0.6539557735616579,0.11014712239417047,-1.5108910383735967,0.3651089620945722,False,0.42178322174627586,False,0.8256851192025261,
NELL2,Micro,3,-0.09131082491710114,0.8851640153055096,-0.0147732437478494,0.9961955127713016,True,-0.07479019237307942,True,0.9833068577852265,
NENF,Micro,1,-0.10326869682348007,0.4234471410941999,-0.0047297800049644,0.9980169068222456,True,-0.10847111257243529,True,0.9272932768190606,
NETO1,Micro,2,-0.5982271478431658,0.7429864253393665,-0.7670162148774083,0.7618496213223617,True,-0.47454785727686405,True,0.9709215353212385,
NGRN,Micro,1,0.24678111999626554,0.7429864253393665,0.4745519803677509,0.7974408516996009,True,0.23006586068693985,True,0.9709215353212385,
NHLRC3,Micro,1,0.5163310255366529,0.046400658165364046,0.3245176550713127,0.6779648888149845,True,0.47880128117599907,True,0.7818904126780498,
NID2,Micro,1,-0.24477616836755534,0.6648126209477461,-3.3810713100164573,,True,-0.19995853780996373,True,0.9699490215240731,
NINJ1,Micro,3,0.18629594254069692,0.1995886466474702,-0.1382191536903439,0.932037166724274,False,0.1768027010081198,False,0.8955353702557743,
NLRP3,Micro,2,0.4794282767659674,0.16267869995425632,-0.0071818915716148,0.9972247402264676,False,0.4526023540112919,False,0.8729222334758668,
NMB,Micro,1,0.1251766722969596,0.8097797706434724,0.5739476528994727,,True,0.11090397785907241,True,0.9774165421224245,
NMI,Micro,1,0.3651428373802401,0.1995886466474702,-0.1785122206461048,0.945356051955198,False,0.32305179216034896,False,0.8955353702557743,
NOTCH2NLA,Micro,1,0.5628674650903916,0.19283648217959148,1.395787217979745,0.2598681631689035,True,0.3527552345576327,True,0.8955353702557743,
NOTCH2NLC,Micro,1,-0.4069988024934231,0.2765939942410531,0.5247093474536916,0.5907731085476897,False,-0.33736493035186704,False,0.9166324969148498,
NPC2,Micro,1,-0.16942309664840252,0.37038255861785274,1.3866550558777673,0.0117761626699028,False,-0.17430864862554324,False,0.920585849444673,0.5555738379267792
NPFF,Micro,1,0.6545133416041182,0.11213107560602797,0.5242073678376925,,True,0.5514821953552235,True,0.8256851192025261,
NPTX1,Micro,3,0.26138085110729176,0.47021427616406375,-0.4934942856182847,0.8834295608112228,False,0.2110230025470067,False,0.9287202178494102,
NPTX2,Micro,1,0.2963065703709204,0.7429864253393665,0.5662301710146738,,True,0.22873665184028263,True,0.9709215353212385,
NPY,Micro,3,0.7137940862676658,0.07148431079850935,0.5418770500439279,,True,0.4244090375403712,True,0.7918780015463845,
NRCAM,Micro,51,0.12328662952346418,1.0,-0.7692579902450973,0.526938144869205,False,0.09516053823728607,False,1.0,
NRG1,Micro,89,-0.023665121679421076,0.8883587001234061,-1.6347354555813394,0.2140501092832226,True,-0.048515790927204275,True,0.9833068577852265,
NRG2,Micro,33,-0.6947570069822407,0.4234471410941999,-1.3290283718838518,0.5138708379382443,True,-0.683380379467385,True,0.9272932768190606,
NRG3,Micro,169,0.05861862023804773,0.8883587001234061,-0.9673787670763736,0.6528208378909074,False,0.030254274975124423,False,0.9833068577852265,
NRN1L,Micro,2,-0.6015788976130452,0.6729740847387906,-0.1434122781587194,,True,-0.5261941707653045,True,0.9699490215240731,
NRP1,Micro,1,0.20139153042408423,0.4807075277663513,-0.3284046937012649,0.807993931689967,False,0.17607688789105666,False,0.9287202178494102,
NRP2,Micro,2,-0.2447902714440419,0.09271904566022213,0.3391356633898688,0.8013458300028466,False,-0.23979829893716473,False,0.8215799928288131,
NSUN2,Micro,1,0.12641908791592205,1.0,-0.2891716650288283,0.7330122048848159,False,0.10311865922513318,False,1.0,
NTN1,Micro,2,0.009930475434815178,0.8851640153055096,-0.3769680276187531,,False,0.00572625682706408,False,0.9833068577852265,
NTN4,Micro,1,0.3092316199339969,0.193657589519031,-0.8355117131722646,,False,0.2247373914518414,False,0.8955353702557743,
NUCB1,Micro,1,-0.2032314017546571,0.4807075277663513,0.0870708819041959,0.9778021042872208,False,-0.19350843947770743,False,0.9287202178494102,
NUCB2,Micro,1,0.28431876237258574,0.5414232825997531,0.3360572881469869,0.8125311486299471,True,0.26440313319072584,True,0.943693947336386,
NXPE3,Micro,4,0.06475736542234384,0.8883587001234061,-0.8809863175308532,0.5399138313984689,False,0.0473382534248387,False,0.9833068577852265,
NXPH1,Micro,48,0.2836805636382127,0.3212669683257919,-1.612242638954963,0.3017104791383133,False,0.2554661796300888,False,0.920585849444673,
OAF,Micro,1,0.19426748124569454,0.4234471410941999,-0.4264542601914523,0.8771477320289207,False,0.16478552837024144,False,0.9272932768190606,
OAS1,Micro,1,0.38635929202726005,0.13879062114356233,0.4261721217468472,0.8297864870760757,True,0.3359844501154255,True,0.8624102221308104,
OGN,Micro,1,0.27552749851237157,0.3212669683257919,0.2634148023521923,0.9415513723882968,True,0.23258626299782736,True,0.920585849444673,
OLFM1,Micro,4,-0.35717529926854213,0.7356524594664196,0.2052007445681724,0.9430395017851168,False,-0.3030784868122556,False,0.9709215353212385,
OLFM2,Micro,19,0.37178571498741947,0.16717400246812014,-0.5939622753369024,0.7015761196307667,False,0.3638514191282714,False,0.8729222334758668,
OLFM3,Micro,25,-0.06693130746955481,1.0,-1.181795030848425,0.4685481611408899,True,-0.08443164939051095,True,1.0,
OLFML1,Micro,3,-0.4131978933524753,1.0,-0.5862431807135381,,True,-0.3520190896260418,True,1.0,
OLFML2B,Micro,14,0.16551972201793935,0.9625668449197862,-0.0768693766486922,0.9778021042872208,False,0.14716207834236994,False,0.9958209752541637,
OLFML3,Micro,2,-0.11267034007416017,1.0,-0.9641619417640936,0.6379572239164886,True,-0.09337484222515795,True,1.0,
OLR1,Micro,3,0.44480863117824704,0.113944878650761,0.5959364921868714,0.7844578640765988,True,0.4188263986068165,True,0.8256851192025261,
OSCAR,Micro,2,0.2823174114592506,0.5414232825997531,0.0011935934837477,0.99914225344021,True,0.2556184075066931,True,0.943693947336386,
OSM,Micro,3,-0.04685220531110817,0.8148087206910737,1.0713747003831269,,False,-0.04247468257861403,False,0.9774165421224245,
OTOA,Micro,3,0.7681873856097716,0.1114703248402659,0.2959353963248216,,True,0.5165080034788426,True,0.8256851192025261,
OVCH1,Micro,1,-0.4425014081065444,0.9216483845396674,0.3479066523702688,,False,-0.2795478782364363,False,0.9958209752541637,
P3H1,Micro,1,0.24633263823543322,0.5414232825997531,0.4385658216307597,0.7697270834272072,True,0.2268381032270555,True,0.943693947336386,
P4HB,Micro,1,0.27869057731939684,0.7429864253393665,0.53526701712291,0.7315041475657473,True,0.25964436522822404,True,0.9709215353212385,
PAM,Micro,2,0.40982698235147164,0.41225888092854823,-0.4812135703487608,0.7015761196307667,False,0.29891909553771207,False,0.9272932768190606,
PAMR1,Micro,12,0.4411793218376341,0.47021427616406375,-1.233624974177518,,False,0.36086219331627906,False,0.9287202178494102,
PAPLN,Micro,5,0.31020602093990834,0.4807075277663513,-0.0267538553816207,0.9944334774179237,False,0.2732851751304727,False,0.9287202178494102,
PAPPA,Micro,2,-0.2431413933498089,0.5265562840106552,0.4348091959945263,,False,-0.13223330325098806,False,0.943693947336386,
PAPPA2,Micro,1,0.11153765901509725,0.6642803671467212,-0.2122992120558388,0.9667595159489316,False,0.04029587127194139,False,0.9699490215240731,
PCDH12,Micro,2,-1.0600841900420288,0.16717400246812014,-0.767033706172662,0.7187461220731265,True,-1.0034076724120025,True,0.8729222334758668,
PCDH15,Micro,3,-0.05919364815472088,0.3594640921412464,-1.1387063137084463,0.6477809338864767,True,-0.06399298770859323,True,0.920585849444673,
PCDHA10,Micro,1,0.5265021762616393,0.08476129215244163,-1.6860740159172831,,False,0.2524071159717411,False,0.8215799928288131,
PCOLCE,Micro,1,0.1694358355400935,0.8883587001234061,0.6953772196233557,,True,0.1435403958625646,True,0.9833068577852265,
PCOLCE2,Micro,1,-2.076912483220429,0.6985485325646762,-0.7787268082132854,,True,-1.647998621775514,True,0.9709215353212385,
PCSK1,Micro,2,0.5015730947970823,0.1114703248402659,0.4287527381715388,,True,0.3581473135954299,True,0.8256851192025261,
PCSK1N,Micro,2,0.02475121418047154,0.396710372019462,0.9508419935029296,0.6411030097559604,True,0.002446745095822317,True,0.9272932768190606,
PCSK2,Micro,2,-0.3532225546787406,0.8851640153055096,-0.7958322565833652,0.6694787257623794,True,-0.3053894293496149,True,0.9833068577852265,
PCSK5,Micro,1,-0.15377059564873774,0.8883587001234061,-0.0418113421497413,0.9867038242810588,True,-0.15147352120709395,True,0.9833068577852265,
PCSK6,Micro,45,-0.6132652677003908,0.13879062114356233,-1.3430310853815162,0.6735512149380031,True,-0.6019681242704398,True,0.8624102221308104,
PCYOX1L,Micro,2,-0.21092732933717373,0.7429864253393665,0.099136014908017,0.9778021042872208,False,-0.20634866355740145,False,0.9709215353212385,
PDCD1LG2,Micro,4,0.20889519051850514,1.0,0.2407582186523499,0.9301635237274292,True,0.18526473771964383,True,1.0,
PDCD6IP,Micro,1,0.32627936346139125,0.1995886466474702,0.2042027960994263,0.7300071764479009,True,0.2909467634250495,True,0.8955353702557743,
PDGFA,Micro,2,0.05633611076337265,0.8148087206910737,-1.1967524345439668,0.3713010813359967,False,0.048169660735038596,False,0.9774165421224245,
PDGFB,Micro,4,0.2795844936557512,0.6058412176059235,1.0753797163423466,0.2362356191235299,True,0.26329426633790176,True,0.9536531642555559,
PDGFC,Micro,2,-0.00375548691035985,0.4807075277663513,0.6425771083896022,0.5050224852417424,False,-0.018083550238178037,False,0.9287202178494102,
PDGFD,Micro,1,0.27236247582720524,0.16190430302288117,-2.282987189359998,0.1565795933461215,False,0.17547657865514843,False,0.8729222334758668,
PDGFRL,Micro,2,0.12736630327482867,0.4234471410941999,0.1130060910027178,,True,0.10346929079440191,True,0.9272932768190606,
PDYN,Micro,2,0.4625803572934003,0.5169224545517794,0.8633557518192534,,True,0.26299456343287875,True,0.943693947336386,
PDZD11,Micro,1,0.4119625899758259,0.16717400246812014,0.918423689175208,,True,0.3564050109068284,True,0.8729222334758668,
PDZD2,Micro,1,-1.0933589863021191,0.37038255861785274,-1.2434286867672957,0.3810439992619597,True,-1.0112337753170821,True,0.920585849444673,
PEBP4,Micro,1,-0.1458069836422764,1.0,0.358236455942765,0.9155731703909236,False,-0.09910445126892468,False,1.0,
PGRMC1,Micro,1,-0.06755615491125314,0.37038255861785274,0.3594131285472601,0.9001135606145372,False,-0.0760102382442937,False,0.920585849444673,
PGRMC2,Micro,2,-0.13630172739328986,0.6729740847387906,-0.3302176775655094,0.7736755238176266,True,-0.13980831749379752,True,0.9699490215240731,
PI15,Micro,1,0.34553283081951836,0.23248771156190706,-0.970437155497279,,False,0.14384917882459342,False,0.8955353702557743,
PI16,Micro,5,-0.17557062984154112,0.5414232825997531,-0.3079862417548719,0.9559516884395556,True,-0.16528219694584237,True,0.943693947336386,
PIBF1,Micro,1,0.2020872704187655,0.6058412176059235,-0.0359260261825229,0.9778021042872208,False,0.19229132123347292,False,0.9536531642555559,
PILRA,Micro,2,0.2890633269628007,0.2765939942410531,0.3422643535591561,0.8297864870760757,True,0.2626807788138361,True,0.9166324969148498,
PINLYP,Micro,2,0.1741659069110761,1.0,0.4948445247182588,,True,0.16177282341436033,True,1.0,
PKD1,Micro,2,0.07997096684985577,0.7429864253393665,-0.3568672884975378,0.797768621911947,False,0.055081298391460455,False,0.9709215353212385,
PKD2,Micro,8,0.21072052520713838,0.5414232825997531,-0.1313815387882475,0.8264704901159822,False,0.1923908866447264,False,0.943693947336386,
PKDCC,Micro,2,0.3716058257981495,0.2358700123406006,0.1752724966075636,0.9709271537040912,True,0.3406223185922452,True,0.8955353702557743,
PLA2G12A,Micro,1,0.23617416650257764,0.37038255861785274,0.3547935156856979,0.7814495284192309,True,0.20520164427461648,True,0.920585849444673,
PLA2G15,Micro,3,0.30270806104849823,0.059234882764294526,0.0276863936017226,0.9869621732378084,True,0.2926090448180075,True,0.7831292612268833,
PLA2G2C,Micro,2,0.08638850598708789,0.9625668449197862,0.1770734954927979,,True,0.07331791562587285,True,0.9958209752541637,
PLA2G7,Micro,2,0.18896296195985043,0.37038255861785274,1.0728720815662507,0.4580483942102955,True,0.17115055187682032,True,0.920585849444673,
PLA2R1,Micro,3,-0.7657910912351998,0.3212669683257919,-3.76504424527989,0.160703218440388,True,-0.6352290928053254,True,0.920585849444673,
PLAC9,Micro,3,0.09958430056755808,0.8031535335505902,0.6429439740561966,,True,0.06366482684927256,True,0.9774165421224245,
PLAT,Micro,3,0.3216708869008639,0.7361212634199744,-1.1848221004027375,0.2555463098183301,False,0.233171684604835,False,0.9709215353212385,
PLAU,Micro,1,0.3279953271248583,0.4234471410941999,1.991763175648831,,True,0.28667621807346133,True,0.9272932768190606,
PLAUR,Micro,2,-0.12002067270783831,0.6729740847387906,0.526629912800815,0.8232550417028589,False,-0.12042108029565997,False,0.9699490215240731,
PLOD3,Micro,1,0.5640842649262555,0.011106540518305223,-0.1322480503530867,0.9623741946807736,False,0.5318170629472683,False,0.6572692013868484,
PLTP,Micro,1,0.6621299957596467,0.02739613327848622,0.0123572510396974,0.9975867760024753,True,0.6353081752767318,True,0.7401422746051902,
PLXDC1,Micro,2,-0.6666774413431146,0.4807075277663513,0.2719049120072471,0.9421807579758044,False,-0.6544813350870547,False,0.9287202178494102,
PLXNB1,Micro,4,-0.6502739989018653,0.6729740847387906,-0.648818260883789,0.8896397572358588,True,-0.6380297803152917,True,0.9699490215240731,
PM20D1,Micro,2,0.5849569769286374,0.059234882764294526,-0.747065966346941,,False,0.4842805078719805,False,0.7831292612268833,
POMC,Micro,1,0.20333212696816105,0.8075669579611612,-1.065084332744754,,False,0.11312500348968794,False,0.9774165421224245,
PON2,Micro,1,0.5269717803291355,0.059234882764294526,0.0219688917629395,0.98738989740453,True,0.4549552382687602,True,0.7831292612268833,
PPIA,Micro,1,0.07531274364719749,0.7429864253393665,0.4022599987441668,0.7736755238176266,True,0.06035516322619461,True,0.9709215353212385,
PPIB,Micro,1,-0.19871351685765246,0.3212669683257919,0.7150533761340789,0.6735512149380031,False,-0.20125906121704623,False,0.920585849444673,
PPT1,Micro,6,-0.7237948664067113,0.0015631427396133276,-0.2070642669702258,0.8813796214474772,True,-0.7122108297619957,True,0.3237659399424105,
PRADC1,Micro,1,0.3523730387786702,0.13879062114356233,0.689132601197551,0.8137590778723318,True,0.3336031622159965,True,0.8624102221308104,
PRB1,Micro,2,-0.04614400051456853,0.5535002559492928,0.2417629549730136,,False,-0.0270951970820455,False,0.9536531642555559,
PRB2,Micro,1,-0.2659828024875439,0.7783410043643859,-1.9458986373741989,,True,-0.12560811601669386,True,0.9774165421224245,
PRLR,Micro,28,0.09140487766139775,0.6058412176059235,0.7288036761018937,0.8476103313591106,True,0.05566193894877101,True,0.9536531642555559,
PROS1,Micro,2,-0.06878097136714313,0.9625668449197862,-0.7422860051790882,0.6121088873267704,True,-0.07044682610019093,True,0.9958209752541637,
PRSS23,Micro,1,0.3347633826292522,0.41225888092854823,-0.38131521424425,,False,0.23455744108404958,False,0.9272932768190606,
PRSS3,Micro,12,-0.21891374961934576,0.8851640153055096,-0.1919350004274298,,True,-0.16783751304969033,True,0.9833068577852265,
PRSS51,Micro,5,1.0632990652697656,0.03205659286414606,0.676114927793218,,True,0.6212245933356592,True,0.7703396502078044,
PRSS53,Micro,1,0.465756382857669,0.09139571552351716,-1.1959539719493095,,False,0.2970879251365605,False,0.8215799928288131,
PRXL2A,Micro,6,0.5389402551792791,0.03595228301110654,0.0232972957240986,0.9904305322702802,True,0.497363656011891,True,0.7703396502078044,
PSAP,Micro,2,0.3308424255944802,0.4807075277663513,0.4376766469811793,0.5362853543680635,True,0.31118034324627347,True,0.9287202178494102,
PSG8,Micro,9,-0.554470275250033,0.7429864253393665,-0.6812156054145627,,True,-0.5247570507253908,True,0.9709215353212385,
PTEN,Micro,1,0.3569825993562944,0.37038255861785274,-0.1144677578984953,0.914174109213936,False,0.33501137347968374,False,0.920585849444673,
PTGDS,Micro,2,-0.08293699973264274,0.9625668449197862,0.0482154637348924,0.9894804783376452,False,-0.0852607906231031,False,0.9958209752541637,
PTN,Micro,1,-0.9425535607276201,0.17766582932815178,-1.261827635101871,0.5041582001872024,True,-0.7275694767148029,True,0.8955353702557743,
PTPRJ,Micro,1,-0.05008523925620965,0.8148087206910737,0.0447913170081682,0.980604549074399,False,-0.07147557924806545,False,0.9774165421224245,
PTPRR,Micro,20,-1.2980827621622384,0.2358700123406006,-1.8996377745297304,0.1646278067534801,True,-1.2237964433070763,True,0.8955353702557743,
PTPRZ1,Micro,1,-0.6091859272175211,1.0,-0.4261804429450499,0.811161858558147,True,-0.4546634970489945,True,1.0,
PVR,Micro,1,0.26005480333139713,0.6058412176059235,0.0461496756001783,0.9884125240330868,True,0.21628764508917983,True,0.9536531642555559,
PXDNL,Micro,2,-0.40315034594384014,0.3598149521410162,0.0455709737079542,0.9867038242810588,False,-0.18670114033558813,False,0.920585849444673,
QPCT,Micro,2,-0.7320666004185186,0.2358700123406006,-1.2573597606672375,0.4581765734698362,True,-0.6391229366947345,True,0.8955353702557743,
QSOX1,Micro,2,-0.16572896117188748,0.9625668449197862,-0.1757845456956378,0.888558713622352,True,-0.17042531780051542,True,0.9958209752541637,
QSOX2,Micro,2,0.045645851256603545,0.4807075277663513,-0.3669560564422908,0.8283606985064745,False,0.033342048686619996,False,0.9287202178494102,
RARRES1,Micro,2,0.10352191234662005,0.6729740847387906,-0.1416294592240945,0.9650657863796048,False,0.06230121865512864,False,0.9699490215240731,
RARRES2,Micro,1,-0.2808871486997668,0.2279054087276714,1.3244236588017146,,False,-0.18897381221436288,False,0.8955353702557743,
RBP4,Micro,2,1.1341805251904649,0.010581112379578156,0.4914629466188117,,True,0.7942111449965092,True,0.6572692013868484,
RELN,Micro,1,-1.1105178295662488,0.8827087149458731,-0.845997467634486,0.7325781023848276,True,-0.8094557833632523,True,0.9833068577852265,
RGMA,Micro,5,0.1922056321997053,0.9616030497099515,0.019184965848232,,True,0.16040795957476964,True,0.9958209752541637,
RNASE1,Micro,3,0.02027783796565004,0.8148087206910737,-0.5334033409058371,0.8767395580019713,False,0.012919082537271103,False,0.9774165421224245,
RNASE2,Micro,1,0.4035902070843035,0.7361212634199744,1.4920864921839645,0.637424201235972,True,0.3727501833252661,True,0.9709215353212385,
RNASE4,Micro,2,-0.12341623161382645,0.4807075277663513,-0.5170460667638515,,True,-0.12929142274689281,True,0.9287202178494102,
RNASE6,Micro,2,0.10290527545874659,0.9625668449197862,0.2685034202238468,0.9199564286553812,True,0.07928977917889594,True,0.9958209752541637,
RNASET2,Micro,1,0.3888176896569143,0.37038255861785274,0.4437143391508721,0.6354663448256995,True,0.37116741695600297,True,0.920585849444673,
RNLS,Micro,1,-0.16708700611656047,0.2358700123406006,-0.0142443042320811,0.9903379012711608,True,-0.1610283815755086,True,0.8955353702557743,
RNPEP,Micro,1,0.27881199533170686,0.6729740847387906,0.4063343503822259,0.7259720683331383,True,0.2549033346653461,True,0.9699490215240731,
RSPO2,Micro,2,-0.15640024129932922,0.6648126209477461,-1.206714613516509,0.7372973783803,True,-0.12402934642967044,True,0.9699490215240731,
RSPO3,Micro,1,0.033163720173994354,0.9625668449197862,-1.3806808972418514,0.5280057583500684,False,0.0236501933348705,False,0.9958209752541637,
RSPO4,Micro,2,-0.8412288173338103,0.477026333264682,-0.3282221681901531,,True,-0.4150519525094972,True,0.9287202178494102,
RSPRY1,Micro,1,0.19387469415168557,0.9625668449197862,-0.3533898823441255,0.6528208378909074,False,0.18373352450178937,False,0.9958209752541637,
S100A13,Micro,2,0.16167967739111397,0.7429864253393665,0.3545456888856572,0.8977384179874063,True,0.1348360049360573,True,0.9709215353212385,
S100A4,Micro,3,0.9409932743192111,0.023399305681087324,2.572329261264063,,True,0.8274685700177011,True,0.7401422746051902,
S100A8,Micro,1,0.061026326353808384,0.5634637328658632,0.4703155351264358,0.9667595159489316,True,0.0653117631637405,True,0.9536531642555559,
S100A9,Micro,1,-0.04508779301467724,0.8851640153055096,-0.8366073335485642,0.8956558874220416,True,-0.021828249832451865,True,0.9833068577852265,
S100B,Micro,2,0.2457677292032997,1.0,-0.1007519803487092,0.9779740533145884,False,0.23588579514730582,False,1.0,
SAMD1,Micro,1,-0.08063944208782745,0.8148087206910737,-0.2836155444087483,0.9151068584897082,True,-0.08324903363543561,True,0.9774165421224245,
SCG2,Micro,2,0.36464315320099805,0.23788467451314388,-0.4963249508773133,0.8377157704140609,False,0.20339644148556754,False,0.9020020724674587,
SCG3,Micro,1,0.6785382349214696,0.2279054087276714,0.2255739308111534,0.9155731703909236,True,0.5487022147587493,True,0.8955353702557743,
SCG5,Micro,2,-0.17657336349965913,0.7347073111000473,-0.0824955651892134,0.983125590448718,True,-0.12284579738118866,True,0.9709215353212385,
SCGB2B2,Micro,13,0.11663127129243923,0.8883587001234061,-0.9830725077525472,0.3991193199640238,False,0.10487306967993085,False,0.9833068577852265,
SCGN,Micro,1,0.7184717586214451,0.0524810061788306,0.5167097697704746,,True,0.3298488554299485,True,0.7831292612268833,
SCN1B,Micro,2,0.05092768993909137,0.8148087206910737,-0.309402606733189,0.8377157704140609,False,0.037543699244361774,False,0.9774165421224245,
SCPEP1,Micro,1,0.22241914129607931,0.9625668449197862,0.68975196189924,0.4139726100603056,True,0.20838044071226483,True,0.9958209752541637,
SCRG1,Micro,1,0.3777675152185225,0.15774899911712847,0.5269128061191609,0.8649098075048668,True,0.2370528933399284,True,0.8729222334758668,
SCUBE2,Micro,1,0.22075142644344453,0.2279054087276714,-0.603638666572905,0.8293958509898746,False,0.1259190939817786,False,0.8955353702557743,
SCUBE3,Micro,1,-0.14129883029764867,1.0,-0.7511908098155385,,True,-0.1243444547639132,True,1.0,
SDC4,Micro,1,0.5213853346368064,0.1348733948656819,-0.7500145572861702,0.8062219581709099,False,0.38934482152409483,False,0.8624102221308104,
SDCBP,Micro,2,0.050047918121362,0.8883587001234061,0.6491740323952293,0.7348185530098384,True,0.038763253782263,True,0.9833068577852265,
SDF2,Micro,1,-0.9645431768829601,0.4234471410941999,-0.0241050599152855,0.9901023463520175,True,-0.9165700639196989,True,0.9272932768190606,
SELENOP,Micro,5,0.5810571485145535,0.16717400246812014,0.0407833736862759,0.9898055651628004,True,0.5080419161794952,True,0.8729222334758668,
SEMA3A,Micro,2,0.6414359373629311,0.1603510279448388,-0.0306786558252803,,False,0.3971480549034766,False,0.8729222334758668,
SEMA3B,Micro,3,-0.018441602613767635,0.9625668449197862,-0.6985954999798746,0.8513012317779838,True,-0.03124067732244216,True,0.9958209752541637,
SEMA3C,Micro,2,-0.4972246350791844,0.8883587001234061,-1.225969415976448,0.6414453369973074,True,-0.4596503749511228,True,0.9833068577852265,
SEMA3E,Micro,1,0.16014558613003582,0.4076000389052804,1.3015517549216944,,True,0.0847718408715067,True,0.9272932768190606,
SERPINA1,Micro,2,0.1777428479182566,0.6058412176059235,0.7331674310061378,0.7032631663249516,True,0.1617172381054571,True,0.9536531642555559,
SERPINA3,Micro,1,-0.5026902181292037,0.2847857729818647,2.9826792840212586,0.3958711981715416,False,-0.24079022793901686,False,0.920585849444673,
SERPINB1,Micro,1,-0.8589480696772602,0.6729740847387906,0.2956341221062263,0.823547476298652,False,-0.8198874437294351,False,0.9699490215240731,
SERPIND1,Micro,4,0.28415229544322584,0.6610827115065749,0.3169737526074104,,True,0.15966488540805368,True,0.9699490215240731,
SERPINE1,Micro,1,0.7837457228452417,0.19283648217959148,4.125312495853685,0.0299454565114667,True,0.6886022284738489,True,0.8955353702557743,0.4790127519539285
SERPINE2,Micro,3,0.014052890361257397,0.8148087206910737,-0.2655428655250011,0.9228560196007934,False,0.0016292328936660541,False,0.9774165421224245,
SERPINE3,Micro,3,0.2821531249094715,0.40313288380367274,0.4798611470896191,,True,0.13900631622665127,True,0.9272932768190606,
SERPINF1,Micro,2,0.20031135104953907,0.8851640153055096,-0.1151267756247154,0.979881600644248,False,0.1939114060789597,False,0.9833068577852265,
SERPINF2,Micro,4,0.3996872275274092,0.26817863879881465,0.933481873418248,,True,0.3009421501020245,True,0.9166324969148498,
SERPING1,Micro,1,0.10224350072655923,0.6729740847387906,-0.3698339805803399,0.8747355565679114,False,0.08779028735195145,False,0.9699490215240731,
SERPINI1,Micro,1,0.011175397767428874,0.3212669683257919,-0.2677701239453051,0.9206705313996362,False,0.0011685346050123665,False,0.920585849444673,
SFRP1,Micro,1,0.08423743043068112,0.4693953495564216,-0.2423579397084,0.9720635861853286,False,0.049337984447992464,False,0.9287202178494102,
SFRP2,Micro,3,0.8270184933090989,0.046400658165364046,-0.0563781389832821,,False,0.6143528361441378,False,0.7818904126780498,
SIGLEC1,Micro,1,0.5139692958129574,0.3063186121268159,0.7974696829633943,0.787540684211597,True,0.2856149298635075,True,0.920585849444673,
SIGLEC10,Micro,2,0.29831786467531285,0.5314156984513272,0.0797302198533007,0.9790094959447708,True,0.2827378197787321,True,0.943693947336386,
SLIT1,Micro,2,-1.4006953771257653,0.12342757029624754,-0.115288884421944,0.973164030379156,True,-1.0330850283454904,True,0.8624102221308104,
SLIT2,Micro,2,-0.6713108993375628,0.07445495680789799,-1.3402027077265977,0.2163142061320244,True,-0.6473399743562779,True,0.7918780015463845,
SLIT3,Micro,92,0.4702602182558206,0.3212669683257919,-0.5087182387338473,0.8797747148419421,False,0.4450747570777728,False,0.920585849444673,
SLITRK1,Micro,3,-0.832145688299401,0.113944878650761,-2.1781040927878954,0.2813547112829203,True,-0.7397356665575283,True,0.8256851192025261,
SMIM20,Micro,1,0.08781508505920012,0.9625668449197862,0.3842218460550785,0.8476103313591106,True,0.07654520266443088,True,0.9958209752541637,
SMOC1,Micro,3,-0.04126780179744875,0.9616030497099515,-1.1407918972333604,0.6885059224886078,True,-0.048383052226165506,True,0.9958209752541637,
SMOC2,Micro,35,0.07425764034436093,0.5414232825997531,-0.9163108710977494,,False,0.0559060676867111,False,0.943693947336386,
SMPD1,Micro,1,0.1741334600067897,0.6729740847387906,-0.7092541745034187,0.7920632564423181,False,0.15986798607360575,False,0.9699490215240731,
SMPDL3A,Micro,1,0.223936729951713,0.4807075277663513,0.1421587531565415,0.9778021042872208,True,0.1954192641146965,True,0.9287202178494102,
SNCA,Micro,1,0.09928741723274866,0.9625668449197862,0.2536491075762248,0.7148839328096189,True,0.08121161619520537,True,0.9958209752541637,
SNED1,Micro,12,0.5953231683149247,0.09271904566022213,-0.1179001322368909,0.9667595159489316,False,0.5520925927749825,False,0.8215799928288131,
SNORC,Micro,2,-0.05974615640307956,0.9232949701148666,-0.3079578567221161,0.912020471534672,True,-0.052213953690062424,True,0.9958209752541637,
SNX25,Micro,3,0.031447284483811414,0.4807075277663513,0.077059580792824,0.9581814539076048,True,0.015200722528060026,True,0.9287202178494102,
SOD3,Micro,1,0.17719738272244956,0.8097797706434724,1.102896751723769,,True,0.1422271054337753,True,0.9774165421224245,
SOGA1,Micro,2,0.4109942139768128,0.3212669683257919,-0.0052949396153305,0.9961919226004656,False,0.3982862085997858,False,0.920585849444673,
SORD,Micro,6,0.6684698974543187,0.005512134923899629,-0.6280421690460886,0.6885059224886078,False,0.6236287684381755,False,0.5708504730563553,
SORL1,Micro,45,-0.14689652308663093,0.8148087206910737,0.156318360453193,0.9095906440397228,False,-0.15251183202879118,False,0.9774165421224245,
SPARC,Micro,2,-0.377073930291911,0.2765939942410531,0.5241762003635713,0.8403410001118216,False,-0.32233435006771144,False,0.9166324969148498,
SPARCL1,Micro,3,0.8788117512484332,0.04916581431080292,-0.3361834075020639,0.8813796214474772,False,0.4799756155620154,False,0.7831292612268833,
SPATA20,Micro,1,0.48527209964372525,0.113944878650761,1.013505653240583,0.5399138313984689,True,0.442787942837072,True,0.8256851192025261,
SPATA6,Micro,1,0.08395678408116695,0.5414232825997531,-0.2324615551764896,0.9206705313996362,False,0.08256679882213697,False,0.943693947336386,
SPESP1,Micro,1,0.5087144378829979,0.3063186121268159,-0.1980944540124931,0.9121368655916042,False,0.2868233670320953,False,0.920585849444673,
SPINT1,Micro,2,-0.206101077292032,0.3861850319585892,1.5835828870615012,,False,-0.17675685327552218,False,0.9272932768190606,
SPOCK1,Micro,66,-0.12967735368210354,0.6729740847387906,-0.7962229245897714,0.799197348496348,True,-0.1388534864421449,True,0.9699490215240731,
SPOCK2,Micro,2,0.36276926807800475,0.3212669683257919,0.1255681598201098,0.9778021042872208,True,0.2659983274367144,True,0.920585849444673,
SPOCK3,Micro,24,-0.4621314973772105,0.4807075277663513,-1.261003497866004,0.6852945343937633,True,-0.44884447790995075,True,0.9287202178494102,
SPON1,Micro,1,1.8344321378577186,0.013902417775391175,2.1533314778843,0.0453899426845586,True,1.495919557844993,True,0.6816125051419168,0.10995753923907
SPON2,Micro,11,-0.8544419940273397,0.13879062114356233,-0.5820264722401312,,True,-0.8198093310916243,True,0.8624102221308104,
SPP1,Micro,4,0.21248111153410187,0.8148087206910737,0.6945593040194807,0.799197348496348,True,0.19930310402201468,True,0.9774165421224245,
SPX,Micro,2,0.08385164511570302,0.6648126209477461,0.3383969934233214,,True,0.052260120784705585,True,0.9699490215240731,
SRGN,Micro,3,0.7771792503410262,0.02739613327848622,1.5823713130511334,0.4052049602310436,True,0.7294912302793626,True,0.7401422746051902,
SRPX,Micro,1,0.3183155067546845,0.4545785084816577,-0.787382131545654,,False,0.17061822330712081,False,0.9287202178494102,
SSC4D,Micro,2,-0.27073537014750854,0.9216483845396674,0.4518471788695798,,False,-0.1746761539210009,False,0.9958209752541637,
SST,Micro,1,-0.017810853312401308,0.7944962203148578,-1.8277936229460616,,True,-0.017208778631350022,True,0.9774165421224245,
ST3GAL1,Micro,1,0.341911518264689,0.4234471410941999,-0.169102817367585,0.937861266049894,False,0.32365348236594793,False,0.9272932768190606,
ST3GAL2,Micro,11,-0.027035894155802053,0.8148087206910737,-0.3195508079818734,0.7884167284388122,True,-0.034174742031468724,True,0.9774165421224245,
ST3GAL3,Micro,7,-0.33672292955005045,0.6058412176059235,-0.0627576470896218,0.9659688312528848,True,-0.33136658244368933,True,0.9536531642555559,
ST3GAL4,Micro,15,-0.8949781384393141,0.09271904566022213,-1.878241596555169,0.4024785638696476,True,-0.8782156439973817,True,0.8215799928288131,
ST6GAL1,Micro,29,0.04618105525587973,1.0,-0.0016654257933136,0.9980169068222456,False,0.04065845687098708,False,1.0,
ST8SIA4,Micro,2,-0.07464676004377158,0.8148087206910737,0.2330029931837582,0.8450343916210846,False,-0.07450538111747292,False,0.9774165421224245,
STX1A,Micro,4,0.13567682613883172,0.8883587001234061,0.0737796352320938,0.9867038242810588,True,0.11560514713341298,True,0.9833068577852265,
SULF1,Micro,6,0.03949648357885037,0.47021427616406375,-1.082590625513889,,False,0.010616477244377158,False,0.9287202178494102,
SULF2,Micro,1,-1.3797756294609118,0.07445495680789799,-1.614123048511968,0.1321999672855714,True,-1.2229287279981373,True,0.7918780015463845,
SUSD4,Micro,1,-0.6223545579170515,0.09271904566022213,-0.5858294545853938,0.7521741425865859,True,-0.5280169455270451,True,0.8215799928288131,
SVBP,Micro,1,0.5349399358481375,0.02064993829699712,0.5777438968291908,0.6735512149380031,True,0.5092466449237164,True,0.7228932624955823,
SVEP1,Micro,1,-0.27957838051911277,0.8094354491980796,-1.2520247915153668,0.7114840842874363,True,-0.23297009102249397,True,0.9774165421224245,
TAC1,Micro,2,0.000557436183395987,0.4693953495564216,-0.0729800807620612,0.98738989740453,False,-0.0036020384619089856,True,0.9287202178494102,
TAC3,Micro,6,0.26549364004213183,0.31202474076438447,0.2555864375575538,,True,0.20517830223390468,True,0.920585849444673,
TAFA1,Micro,53,0.41816414555668113,0.13879062114356233,-0.9047557689821808,0.65731710408827,False,0.37688925261479383,False,0.8624102221308104,
TAFA4,Micro,1,-0.09585520062490414,0.6058412176059235,-1.928223853607552,0.5673497036583184,True,-0.10307199395831665,True,0.9536531642555559,
TAFA5,Micro,61,-0.3362186121894936,0.37038255861785274,-0.721758298289468,0.7438151861779303,True,-0.3472251846294785,True,0.920585849444673,
TCF4,Micro,89,-0.25144833463279237,0.4234471410941999,-0.2186756669396453,0.8672063379843421,True,-0.25798856332211845,True,0.9272932768190606,
TCN2,Micro,3,0.35280893447097866,0.4234471410941999,0.3395371805741292,,True,0.3243213825172042,True,0.9272932768190606,
TCTN1,Micro,1,0.35573696754132783,0.2765939942410531,0.0937483490074407,0.9705911288478344,True,0.3266209865013046,True,0.9166324969148498,
TECTA,Micro,3,-0.08821269203839467,0.8845291214002254,-1.6811550014016552,,True,-0.04938173149824036,True,0.9833068577852265,
TEK,Micro,1,-0.18416779129310407,1.0,-0.8889381120957737,,True,-0.1501299701997305,True,1.0,
TF,Micro,4,-0.7252003965075424,0.24792309006121738,-1.0879844241643066,0.7273157005294176,True,-0.6490865370395077,True,0.9166324969148498,
TFRC,Micro,1,-0.2748110954252534,0.3212669683257919,0.526868578831423,0.8382361450375905,False,-0.26804035918794383,False,0.920585849444673,
TG,Micro,31,-0.08513765378831746,0.8883587001234061,0.2365703744957278,0.9282120337642924,False,-0.08082605930493096,False,0.9833068577852265,
TGFA,Micro,2,0.10353271293113178,0.8148087206910737,-0.3925216032197353,0.7372973783803,False,0.09825566621037127,False,0.9774165421224245,
TGFB1,Micro,2,-0.15134057994273853,0.6058412176059235,-0.1839383874721155,0.903451413586404,True,-0.1565703713213473,True,0.9536531642555559,
TGFB2,Micro,3,0.5223264247675233,0.16717400246812014,-0.304258956570627,0.9129355239377436,False,0.45749566971946565,False,0.8729222334758668,
TGFB3,Micro,3,0.3657282797154705,0.16717400246812014,-0.06072905037376,0.98738989740453,False,0.3326556399832852,False,0.8729222334758668,
TGFBI,Micro,7,0.623074277173038,0.113944878650761,0.7840235326023488,0.7570070838178149,True,0.5505718582243085,True,0.8256851192025261,
TGFBR2,Micro,2,0.35171642619480864,0.4234471410941999,-0.0227749248045733,0.9873080287848106,False,0.3222229861824581,False,0.9272932768190606,
TGFBR3,Micro,9,-0.148177432695225,0.37038255861785274,-0.398802439485567,0.9095906440397228,True,-0.13589852995042742,True,0.920585849444673,
THBS2,Micro,2,-0.3372549066589883,0.7361212634199744,-0.4679642127349495,0.906147037293526,True,-0.2945757146575743,True,0.9709215353212385,
THBS3,Micro,1,-0.34277786323551995,0.16717400246812014,-1.3791061742895905,0.5338205962443436,True,-0.337289451704894,True,0.8729222334758668,
THBS4,Micro,2,0.1274393401559313,0.628314424747433,0.0863376981774329,0.980981764527604,True,0.0751797589659903,True,0.9699490215240731,
THEM6,Micro,1,0.09295151826250722,0.13879062114356233,0.2179013512149029,0.9475384305750376,True,0.0811808652143574,True,0.8624102221308104,
THNSL2,Micro,2,-0.05898156907873598,0.3212669683257919,-0.1085726872569919,0.9780001156307336,True,-0.06465285589486901,True,0.920585849444673,
THSD1,Micro,4,-0.5100838464526644,0.7429864253393665,-0.0994874168451696,0.9784225422075228,True,-0.42367426069300707,True,0.9709215353212385,
THSD4,Micro,62,0.4931525706900542,0.16267869995425632,-1.5659557900072776,0.4681202270484676,False,0.46601974084844117,False,0.8729222334758668,
THSD7A,Micro,1,0.1875685382412433,0.26817863879881465,-0.1979735104481672,0.955502335909038,False,0.12186053489455434,False,0.9166324969148498,
TIMD4,Micro,5,0.8398917505545911,0.06044423260240563,0.8936640906312315,,True,0.6699312779090593,True,0.7845124811137295,
TIMP1,Micro,1,0.3500680222837948,0.16717400246812014,1.8722289365007416,0.5575498415748815,True,0.2911615647893071,True,0.8729222334758668,
TIMP2,Micro,18,0.09847180407743975,0.8148087206910737,0.2165628278486798,0.793118182865986,True,0.09102977344468684,True,0.9774165421224245,
TIMP3,Micro,3,0.2908285699670396,0.3111325340766097,0.3004792534694408,0.932037166724274,True,0.18326801555725666,True,0.920585849444673,
TLL1,Micro,1,0.03764383057168147,0.2279054087276714,-0.1974631533817953,0.9759504508498328,False,0.0010074800203023642,False,0.8955353702557743,
TLL2,Micro,1,-0.23338510729398868,0.37038255861785274,-1.416873126039078,0.6462244020524555,True,-0.20702125083428302,True,0.920585849444673,
TMEFF2,Micro,3,-0.9279364391341212,0.4234471410941999,-1.455252119398248,0.5773165387866362,True,-0.8525611546224253,True,0.9272932768190606,
TMEM119,Micro,3,0.5840910389455657,0.1355935452118351,0.0295735173577405,0.9873080287848106,True,0.5513814581436505,True,0.8624102221308104,
TMEM25,Micro,1,-0.19119900704534232,0.9625668449197862,0.0608608782041115,,False,-0.19294286590917709,False,0.9958209752541637,
TMEM98,Micro,1,-0.2525033136158825,0.37038255861785274,-1.204785943356361,0.7286125559039746,True,-0.24013424480568407,True,0.920585849444673,
TMPRSS11D,Micro,1,-0.2716716481641376,1.0,0.6149445020506268,,False,-0.18798804558825696,False,1.0,
TMX1,Micro,1,-0.36146947348826086,0.4234471410941999,0.2940274722291142,0.7286125559039746,False,-0.3419376560318861,False,0.9272932768190606,
TNC,Micro,6,-0.7130881891398935,0.8148087206910737,1.098111166057207,0.63207778775932,False,-0.6093601336362386,False,0.9774165421224245,
TNF,Micro,2,0.566157777019417,0.03595228301110654,0.3443867513221477,,True,0.5132535672235883,True,0.7703396502078044,
TNFAIP6,Micro,2,0.5269863558564994,0.2308422720384955,-2.1011465096712216,,False,0.2626012671137771,False,0.8955353702557743,
TNFRSF11B,Micro,1,0.7496941857958404,0.1348733948656819,0.3650738829769405,0.9206705313996362,True,0.5814926131523205,True,0.8624102221308104,
TNFRSF1A,Micro,2,0.6249064948777703,0.09271904566022213,-0.1699427271191952,0.9187188353112709,False,0.5756137690701131,False,0.8215799928288131,
TNFRSF1B,Micro,2,0.3016205902831033,0.1995886466474702,-0.0311586754671835,0.9898055651628004,False,0.2733693421692256,False,0.8955353702557743,
TNFRSF25,Micro,1,0.6403666159689426,0.09993509549720665,-0.9688800496636784,0.4099010669888467,False,0.3265002214526172,False,0.8256851192025261,
TNFSF10,Micro,1,0.2224364019056548,0.6648126209477461,0.1489927783929077,0.9494325905997326,True,0.19220005043103355,True,0.9699490215240731,
TNFSF12,Micro,1,-0.7026754705402227,0.113944878650761,0.5903090729185064,0.7034059656945874,False,-0.6747868517718726,False,0.8256851192025261,
TNFSF13,Micro,2,0.19901914727607753,0.8883587001234061,0.2944251637147237,0.9206705313996362,True,0.1801527557512892,True,0.9833068577852265,
TNFSF13B,Micro,3,0.31786924726545085,0.1355935452118351,0.5717177694003381,0.6918096997838833,True,0.28513476135816,True,0.8624102221308104,
TNFSF15,Micro,2,0.45239533023752876,0.22876326221317023,0.66522624380075,,True,0.35877512484440033,True,0.8955353702557743,
TNR,Micro,3,1.139599114928968,0.009828661816604975,-0.8989027580938039,0.6750463040128781,False,0.7245838236163518,False,0.6572692013868484,
TNXB,Micro,11,0.06057754674261148,0.7429864253393665,-0.9360000739815856,,False,0.04063371133817739,False,0.9709215353212385,
TOR2A,Micro,1,0.3547866336214265,0.4807075277663513,1.487010017703667,,True,0.3307999193278062,True,0.9287202178494102,
TREM2,Micro,3,0.5699412087777321,0.046400658165364046,0.9251033076149434,0.2521849379894885,True,0.532308482098416,True,0.7818904126780498,
TTR,Micro,8,0.2821975913008738,0.6642318548206392,-1.9274045126597417,0.3279011766858833,False,0.21709845524602303,False,0.9699490215240731,
TUB,Micro,22,-0.1490330698109113,0.8148087206910737,-1.5638003981732254,0.4385575002071282,True,-0.16998398748611918,True,0.9774165421224245,
TUFT1,Micro,1,0.5077006894806667,0.113944878650761,-0.4017162758973847,,False,0.47449439301628604,False,0.8256851192025261,
TULP3,Micro,1,0.1994207577123298,0.8883587001234061,-0.3588334535133146,0.8505753495161877,False,0.18760351808709846,False,0.9833068577852265,
TWSG1,Micro,1,0.3051402768365781,0.37038255861785274,0.1382328379523396,0.921936628194486,True,0.28736390620050045,True,0.920585849444673,
TXN,Micro,1,0.15851801693365788,0.8148087206910737,0.3968862476120281,0.8797747148419421,True,0.14510064724284286,True,0.9774165421224245,
TXNDC16,Micro,1,0.12518409330727132,0.4234471410941999,-0.0485118136217847,0.983125590448718,False,0.10264319866058201,False,0.9272932768190606,
UCN,Micro,2,0.42514896746607594,0.2868662107541444,0.6028359397867431,,True,0.2671170022360946,True,0.920585849444673,
USH2A,Micro,2,-0.2382471026885165,0.6475394393624374,-0.4149044655151027,,True,-0.12992284460475592,True,0.9699490215240731,
VASH1,Micro,6,0.27408805885167836,0.4234471410941999,0.0195044945972141,0.9884125240330868,True,0.25766498847319574,True,0.9272932768190606,
VASH2,Micro,2,-0.11445308500081243,0.6729740847387906,-0.263335895270217,,True,-0.10779399137881958,True,0.9699490215240731,
VCAN,Micro,2,0.5383090742169419,0.13879062114356233,-0.2943374530548062,0.9186726331711312,False,0.4517873249037038,False,0.8624102221308104,
VEGFA,Micro,1,0.3139067554918419,0.2765939942410531,0.4663985483701266,0.9032932360920494,True,0.291499731241995,True,0.9166324969148498,
VEGFB,Micro,2,0.3118718365304747,0.5414232825997531,0.8561207426959632,0.4875821377694684,True,0.29098168860133594,True,0.943693947336386,
VEGFD,Micro,2,0.35833895897906265,0.12851075369418402,-0.4525874047683149,,False,0.15123338030053174,False,0.8624102221308104,
VGF,Micro,3,0.3631234105480747,0.36034989260651284,0.0797227693267,,True,0.32172318173042624,True,0.920585849444673,
VMO1,Micro,1,0.5730012972782956,0.16717400246812014,1.528011334705072,,True,0.48543187366449,True,0.8729222334758668,
VSTM2A,Micro,2,-0.30852894847770673,0.6642318548206392,-1.06293208772894,,True,-0.2457360603223558,True,0.9699490215240731,
VSTM2L,Micro,2,0.2337796381657344,0.3253242959087299,0.239654751790814,0.9679368244186296,True,0.1328479037302191,True,0.920585849444673,
VSTM4,Micro,2,-0.36882015491017867,0.2765939942410531,-1.2587247779455084,0.3914492832531361,True,-0.32810792986111786,True,0.9166324969148498,
VWA1,Micro,3,-0.6687927817283076,0.1995886466474702,-1.1746067059455518,0.769730506438086,True,-0.6647184964600369,True,0.8955353702557743,
VWA3A,Micro,8,0.4466346292978619,0.33294382431223024,-0.9282378140844516,,False,0.3240859781746095,False,0.920585849444673,
VWC2,Micro,1,-0.7110033486748577,1.0,-1.2467037602366584,0.5455185933760377,True,-0.6617830950770445,True,1.0,
VWC2L,Micro,1,-0.05676172032936407,0.6642318548206392,-1.807737429079357,,True,-0.03275183381946071,True,0.9699490215240731,
VWCE,Micro,6,0.24312234499593963,0.5414232825997531,-0.4798315409038716,,False,0.20926387802667176,False,0.943693947336386,
VWF,Micro,2,0.7241388575148675,0.07433554192249581,0.5620870534148218,,True,0.4620426805036954,True,0.7918780015463845,
WDR25,Micro,3,0.3917709515336068,0.2765939942410531,0.3406491693186887,0.7079733160193903,True,0.3722141443737675,True,0.9166324969148498,
WIF1,Micro,1,0.6977157968860503,0.11014712239417047,-0.3006512452673197,,False,0.4680940251666481,False,0.8256851192025261,
WNT2B,Micro,3,0.33089979503926936,0.2765939942410531,0.3584828337162449,0.8146520289222999,True,0.3130292709197549,True,0.9166324969148498,
WNT5A,Micro,6,-0.2562807144423277,0.8148087206910737,0.2678640002479888,0.8963305399800725,False,-0.25821338006894046,False,0.9774165421224245,
WNT5B,Micro,17,0.33160542918973307,0.113944878650761,0.1930728615111608,0.9563890685044624,True,0.3282743238570339,True,0.8256851192025261,
WNT7B,Micro,5,0.6340836699810939,0.07487078268493276,-0.6192492513901525,,False,0.5370028797735236,False,0.7918780015463845,
XYLT1,Micro,1,0.21763065132780365,0.6729740847387906,-0.4964031085793321,0.6735512149380031,False,0.1836766449292158,False,0.9699490215240731,
XYLT2,Micro,1,0.5114121185258786,0.011106540518305223,-0.2767221007834828,0.914174109213936,False,0.4787428458691368,False,0.6572692013868484,
YBX1,Micro,1,0.09654495781656786,0.8883587001234061,0.5648145881421271,0.2215591496145268,True,0.0822922031155562,True,0.9833068577852265,
ZBED3,Micro,1,-0.08137451101520592,0.7429864253393665,-0.2919234034904667,0.9228560196007934,True,-0.0942906446250618,True,0.9709215353212385,
ZP3,Micro,10,-0.29194656301593397,0.2765939942410531,1.54874057081898,0.2763861647239366,False,-0.2946794950060788,False,0.9166324969148498,
ZPBP,Micro,1,0.3158156706863944,0.16267869995425632,-1.7652224893616582,,False,0.2223296031702792,False,0.8729222334758668,
A1BG,Oligo,1,-0.1771190085872834,0.594372306222881,0.1018771641222509,0.9671700978359844,False,-0.08590601772851748,False,0.9536531642555559,
A2M,Oligo,3,0.3227099661899279,0.07445495680789799,0.3741837207633172,0.8493128794500994,True,0.1817000750073152,True,0.7918780015463845,
A2ML1,Oligo,6,-0.22215782867356626,0.9625668449197862,0.0172369966030615,0.9965428672327156,False,-0.2061533909223509,False,0.9958209752541637,
ABCB6,Oligo,1,0.20677521784300631,0.09271904566022213,0.1695344946751391,0.936477385401717,True,0.15582851802193007,True,0.8215799928288131,
ABHD15,Oligo,2,-0.027216859611678534,0.8148087206910737,0.4938197762130334,0.8781028357584484,False,-0.07099930240711115,False,0.9774165421224245,
ABHD18,Oligo,1,-0.2733357473977249,0.113944878650761,-0.0535804046559656,0.946659144870812,True,-0.29453536619295206,True,0.8256851192025261,
ABI3BP,Oligo,1,-0.15571540996971447,0.8883587001234061,0.2712800765654369,0.9249694691256414,False,-0.11391356358054752,False,0.9833068577852265,
ACAN,Oligo,1,0.19726653419372692,0.5634637328658632,-0.771026467521658,0.8837848675479112,False,0.09657182644963601,False,0.9536531642555559,
ACE,Oligo,2,-0.4805175273947027,0.113944878650761,0.2771693302996288,0.958917615529371,False,-0.3682826404938697,False,0.8256851192025261,
ACHE,Oligo,1,-0.023212764143102887,0.7429864253393665,0.5500154039675091,0.9362656278786242,False,-0.06119636106811064,False,0.9709215353212385,
ACP7,Oligo,1,-0.2839305386863551,0.09271904566022213,-0.2234852444273069,0.9249694691256414,True,-0.3053388117264763,True,0.8215799928288131,
ACRBP,Oligo,1,-0.21782727368963042,0.16717400246812014,0.2222237728890887,0.9613856868073354,False,-0.2259561798060266,False,0.8729222334758668,
ADA2,Oligo,5,-0.37908756359709794,0.03595228301110654,-0.4896848083242511,0.8424918566042563,True,-0.3696360881501308,True,0.7703396502078044,
ADAM12,Oligo,2,0.20481474885934758,0.6729740847387906,-0.10696467422506,0.940160797550192,False,0.13811121487176922,False,0.9699490215240731,
ADAM23,Oligo,1,0.3891945561337393,0.09271904566022213,-0.1450380978487297,0.9302765364098684,False,0.32799520057502296,False,0.8215799928288131,
ADAM28,Oligo,2,-0.3528433862548598,0.8087411603198786,0.1132198400614551,0.9723983047580184,False,-0.1789095882250635,False,0.9774165421224245,
ADAM9,Oligo,1,0.20891498289494642,0.1995886466474702,-0.1475121098006093,0.9017630974162028,False,0.16177557393150233,False,0.8955353702557743,
ADAMTS1,Oligo,2,0.31050731736145354,0.1995886466474702,0.2175034204585348,0.9036093472994116,True,0.26422793371568976,True,0.8955353702557743,
ADAMTS10,Oligo,4,-0.5897709268717289,0.046400658165364046,-1.4598416301522066,0.5185210675625821,True,-0.5152908756930527,True,0.7818904126780498,
ADAMTS12,Oligo,2,-0.13884148816097375,0.6729740847387906,-0.6327679760134411,0.8874057905584055,True,-0.13708529806906913,True,0.9699490215240731,
ADAMTS13,Oligo,5,-0.33431884700410475,0.09271904566022213,-0.1033153327531915,0.9434593301423742,True,-0.3278802825354144,True,0.8215799928288131,
ADAMTS14,Oligo,3,0.5797852355592039,0.00016454134101192923,0.638860676848286,0.5185210675625821,True,0.5158620526448777,True,0.16358700123406006,
ADAMTS16,Oligo,2,-0.10600849842748032,1.0,-0.6814745759598696,0.7185017570142568,True,-0.12058027540129222,True,1.0,
ADAMTS17,Oligo,1,0.011547897171792167,0.4234471410941999,-0.3911137029586342,0.7453477825976484,False,-0.032111701505180515,True,0.9272932768190606,
ADAMTS18,Oligo,1,0.0325645841004488,0.9625668449197862,-0.0590991235137664,0.9947217614049624,False,0.0043792420440879574,False,0.9958209752541637,
ADAMTS19,Oligo,2,0.010025252113495428,0.8883587001234061,0.0915599184973205,0.9708917021707992,True,-0.041870364351990874,False,0.9833068577852265,
ADAMTS2,Oligo,1,0.2289815759893509,0.6058412176059235,0.9237424652861108,0.7412296313524072,True,0.15090525362465637,True,0.9536531642555559,
ADAMTS20,Oligo,2,-0.23096911684572208,1.0,-0.2696473194902526,0.959184659919514,True,-0.17769352444410305,True,1.0,
ADAMTS3,Oligo,1,-0.19818431403663675,0.9625668449197862,-1.9826049525060512,0.5924331297460975,True,-0.200984290248441,True,0.9958209752541637,
ADAMTS4,Oligo,4,0.1600099615044133,0.4807075277663513,-0.0199812968072874,0.9875389755054692,False,0.11575251144796007,False,0.9287202178494102,
ADAMTS5,Oligo,1,0.4381794893326912,0.9625668449197862,1.2339878882303017,0.8235848056281357,True,0.3136198715545244,True,0.9958209752541637,
ADAMTS6,Oligo,2,0.17497218083283916,0.2358700123406006,-0.1748367148925872,0.9523929174373276,False,0.12406072943468309,False,0.8955353702557743,
ADAMTS7,Oligo,1,0.1697604526344313,0.113944878650761,0.4787428818387665,0.889863055381061,True,0.10954577761550785,True,0.8256851192025261,
ADAMTS8,Oligo,2,0.09322798827012925,0.5414232825997531,0.5591098237809504,0.8070882055318788,True,0.03730128579986992,True,0.943693947336386,
ADAMTS9,Oligo,2,-0.12517369627216945,0.8883587001234061,-1.317191251703263,0.7185017570142568,True,-0.12752859010938605,True,0.9833068577852265,
ADAMTSL1,Oligo,46,-0.08976311114576585,0.6729740847387906,-0.7534683427371659,0.8521105793340067,True,-0.14177240791256288,True,0.9699490215240731,
ADAMTSL2,Oligo,2,-0.17970862792266393,0.059234882764294526,-0.2203619859185271,0.9356862512044576,True,-0.2119266918662295,True,0.7831292612268833,
ADAMTSL3,Oligo,2,0.040041007533226494,0.3212669683257919,0.1260814161650307,0.9419025361159892,True,-0.005310687580544196,False,0.920585849444673,
ADCYAP1,Oligo,2,-0.28100473938994464,0.8148087206910737,0.836424574137291,0.8524978362890144,False,-0.17795549804468888,False,0.9774165421224245,
ADGRB1,Oligo,9,0.17960780873639953,0.0015631427396133276,-0.7474757703437818,0.8299872207753898,False,0.13149501586661777,False,0.3237659399424105,
ADGRB2,Oligo,5,-0.04361796160431716,0.37038255861785274,-0.4250726382703588,0.8521105793340067,True,-0.09065356059248895,True,0.920585849444673,
ADGRE3,Oligo,4,0.06656291603725006,0.9625668449197862,0.3806013077551923,0.9289624434370214,True,0.02057235255609756,True,0.9958209752541637,
ADGRE5,Oligo,1,-0.07681678812741803,0.6058412176059235,-0.1788992032236911,0.898078083680576,True,-0.11986010421316827,True,0.9536531642555559,
ADGRG1,Oligo,11,0.15495636263208656,0.059234882764294526,-0.1922607821866409,0.9434327305173053,False,0.10438605462769711,False,0.7831292612268833,
ADM5,Oligo,1,-0.35250967279790085,0.005512134923899629,-0.4161637401296918,0.9447431932907222,True,-0.37284727255791317,True,0.5708504730563553,
ADPGK,Oligo,10,0.11182643357746913,0.5414232825997531,0.1446941341474441,0.8773310875375492,True,0.07059710122860513,True,0.943693947336386,
AEBP1,Oligo,6,-0.29479931628899986,0.6058412176059235,1.553880897006546,0.7334443395744626,False,-0.2953296997237439,False,0.9536531642555559,
AGGF1,Oligo,1,-0.10049885696161662,0.37038255861785274,-0.0912949934928586,0.9126582131163298,True,-0.13658518783092202,True,0.920585849444673,
AGRN,Oligo,1,0.23255868492446935,0.113944878650761,0.1629628689268805,0.9198465813364282,True,0.18108705143260698,True,0.8256851192025261,
AGT,Oligo,1,-0.04778460245743146,0.8883587001234061,0.3972951972750937,0.9064687967526672,False,-0.08451469823447319,False,0.9833068577852265,
AIMP1,Oligo,1,-0.018742115219500474,0.2358700123406006,0.166531350716408,0.8589474203292007,False,-0.05949602193787613,False,0.8955353702557743,
ALB,Oligo,1,0.49978343310198653,0.03844229728788797,0.2987452292634279,0.9424115557258144,True,0.2123421127715664,True,0.7818904126780498,
ALCAM,Oligo,33,0.07444159655312789,0.8148087206910737,0.0130073676030717,0.988782323958001,True,0.030105053456623555,True,0.9774165421224245,
ALKAL2,Oligo,1,0.16497942356132586,0.37038255861785274,0.4879819640613511,0.8521105793340067,True,0.10231129169743412,True,0.920585849444673,
AMH,Oligo,1,-0.11654218786869708,0.37038255861785274,0.1501516784155884,0.9778284428304288,False,-0.12568033694120861,False,0.920585849444673,
AMN,Oligo,1,-0.702492449054973,0.023399305681087324,-0.2337160344098021,0.9446707905067074,True,-0.34243635862391514,True,0.7401422746051902,
AMY2B,Oligo,3,0.0012563801487600445,0.8148087206910737,0.0888835494684005,0.936477385401717,True,-0.024992966914251475,False,0.9774165421224245,
ANG,Oligo,2,0.16730000143092771,0.6729740847387906,0.8438244098418882,0.8934325178597301,True,0.1246578728965353,True,0.9699490215240731,
ANGPT2,Oligo,1,-0.3241449218794038,0.09271904566022213,0.2268157579646158,0.9224788355642152,False,-0.31085600287373427,False,0.8215799928288131,
ANGPTL1,Oligo,1,0.4471776195524099,0.05186050370065698,-0.2536059200626757,0.94838924523625,False,0.17498743497299496,False,0.7831292612268833,
ANGPTL2,Oligo,1,0.2623966239437739,0.1995886466474702,-0.3172537786791065,0.6578926374933444,False,0.21573417442061316,False,0.8955353702557743,
ANGPTL4,Oligo,2,-0.15379445392944538,0.1995886466474702,0.5883985923130878,0.6895551457270579,False,-0.17448036046977713,False,0.8955353702557743,
ANGPTL5,Oligo,1,0.07813478597324687,0.9625668449197862,-0.2702611856295304,0.9541185376344388,False,0.029069144191618695,False,0.9958209752541637,
ANGPTL7,Oligo,2,0.0643781428628287,0.9625668449197862,-0.0838637595783328,0.984077057763867,False,0.02060689462562951,False,0.9958209752541637,
ANOS1,Oligo,1,0.11829126843173118,0.6729740847387906,-0.4440323151998352,0.8987831620341941,False,0.0422151806535529,False,0.9699490215240731,
ANTXR2,Oligo,1,0.5836167684907003,0.07445495680789799,0.8782501244316145,0.8113600986387282,True,0.4508061654691922,True,0.7918780015463845,
ANXA1,Oligo,5,-0.1875820696877158,0.8472972132889702,1.9219986258155568,0.3040589962849651,False,-0.12367720482638041,False,0.9833068577852265,
ANXA2,Oligo,1,-0.3042963406561057,0.5414232825997531,1.9261534477587188,0.2404701506568663,False,-0.26233562965896173,False,0.943693947336386,
AOAH,Oligo,2,-0.4634629944462649,0.1995886466474702,-0.0879380528433333,0.94838924523625,True,-0.2634082273968403,True,0.8955353702557743,
APLN,Oligo,2,0.014406655060470567,0.5414232825997531,-0.2603765239418011,0.9446707905067074,False,-0.027361751540667487,True,0.943693947336386,
APOA1,Oligo,1,-0.2242179975639969,0.2358700123406006,-0.2796727990035534,0.9623258486315684,True,-0.21944041776062018,True,0.8955353702557743,
APOC1,Oligo,2,-0.15649348382500267,0.16717400246812014,0.3613720485816392,0.9302765364098684,False,-0.1843986692185107,False,0.8729222334758668,
APOC2,Oligo,4,-0.4602181562737229,0.4807075277663513,0.8902885872014292,0.7797904152110069,False,-0.32464774831568793,False,0.9287202178494102,
APOD,Oligo,3,0.29318316429578395,0.1995886466474702,0.5907177300951598,0.785561974245967,True,0.23621035276343913,True,0.8955353702557743,
APOE,Oligo,3,-0.16095391149605612,0.2358700123406006,-0.0745746764518575,0.9864450869846328,True,-0.18365395453921426,True,0.8955353702557743,
APOM,Oligo,1,0.22751466583223767,0.5414232825997531,0.807906422411288,0.5961045554247352,True,0.18433487068266124,True,0.943693947336386,
APOO,Oligo,1,0.2274427533060844,0.37038255861785274,-0.0218526554700163,0.9864562139367992,False,0.16707943367519115,False,0.920585849444673,
APP,Oligo,8,0.1950452736828157,0.07445495680789799,-0.0202003606458946,0.9819810717433384,False,0.14775300921020854,False,0.7918780015463845,
ARSF,Oligo,4,-0.05109545908009308,0.9625668449197862,-0.4539098891835127,0.9362656278786242,True,-0.059064977013782924,True,0.9958209752541637,
ARSI,Oligo,13,-0.19717983283740026,0.03595228301110654,-0.4633132184287287,0.661401628611754,True,-0.2384892393435508,True,0.7703396502078044,
ARSJ,Oligo,1,-0.08507229679112978,1.0,0.4804266925814415,0.9362656278786242,False,-0.0781266631044613,False,1.0,
ARSK,Oligo,1,0.15720389280257843,0.4807075277663513,0.1373531694637518,0.9196879153480506,True,0.10915114549182643,True,0.9287202178494102,
ART4,Oligo,2,0.020920662754895944,0.5414232825997531,-0.3250803843312748,0.93418819873233,False,-0.010030017128120072,True,0.943693947336386,
ASAH1,Oligo,2,0.04451291143782228,0.4807075277663513,0.1428847787486418,0.8732726315385382,True,-0.001008362793576097,False,0.9287202178494102,
ASAH2,Oligo,2,-0.040853667813330496,0.6058412176059235,0.1878750829250101,0.9629722115818914,False,-0.06161022530127867,False,0.9536531642555559,
ASGR1,Oligo,1,-0.18950117221125773,0.3212669683257919,-0.3358857037695635,0.9541185376344388,True,-0.17291674873827156,True,0.920585849444673,
ASIP,Oligo,11,-0.2380984892582645,0.7429864253393665,0.7315812651646424,0.7556851941582978,False,-0.23654973461354686,False,0.9709215353212385,
ASPN,Oligo,2,-0.6111252145417504,0.09139571552351716,0.8998179863032781,0.6873898512779977,False,-0.3052121717733597,False,0.8215799928288131,
ATRN,Oligo,1,-0.2073050083872454,0.07445495680789799,-0.0178999913385374,0.9826665862415238,True,-0.23072477379199663,True,0.7918780015463845,
AZGP1,Oligo,1,0.8707844069438819,0.2765939942410531,2.6124023046554936,0.1157756242343049,True,0.6625115315112717,True,0.9166324969148498,
B2M,Oligo,2,0.252497700896368,0.1995886466474702,0.9933614917693556,0.5249816744626354,True,0.2033334563238085,True,0.8955353702557743,
B3GAT1,Oligo,9,0.16325217948086032,0.4807075277663513,0.1519537680577878,0.853631836092563,True,0.11884157514404496,True,0.9287202178494102,
B4GALT1,Oligo,1,0.1011586102412306,0.6729740847387906,-0.3686656200205224,0.8970816616774369,False,0.04299394311895796,False,0.9699490215240731,
B4GALT4,Oligo,3,0.1855845981197804,0.09271904566022213,-0.1125792312291049,0.9356862512044576,False,0.13354253500686186,False,0.8215799928288131,
BAG6,Oligo,1,0.22751466583223767,0.5414232825997531,0.2711322923149213,0.7396954342025674,True,0.18433487068266124,True,0.943693947336386,
BCAN,Oligo,2,0.37058305270984365,0.1995886466474702,-0.0123502811515739,0.9974828289232344,False,0.284440652504303,False,0.8955353702557743,
BCHE,Oligo,2,0.3203406355629228,0.059234882764294526,-0.181626773368757,0.9313394262978272,False,0.2248607794980954,False,0.7831292612268833,
BDNF,Oligo,15,-0.11448745116440384,0.8883587001234061,0.0228977099182848,0.994635484492071,False,-0.15442729324101015,False,0.9833068577852265,
BGLAP,Oligo,2,-0.15852319325579242,0.4807075277663513,1.184112712890719,0.6686756337389113,False,-0.14926780598424635,False,0.9287202178494102,
BGN,Oligo,1,-0.524984760470889,0.0024681201151789383,0.5207997926240673,0.9083777059005664,False,-0.4512271562614669,False,0.45440833676127784,
BMP1,Oligo,1,0.2975782229883584,0.13879062114356233,0.4514128152537131,0.6943888902889872,True,0.24167045252942074,True,0.8624102221308104,
BMP2,Oligo,3,0.3403283766894866,0.02064993829699712,0.5069185822223718,0.8373226038847789,True,0.2736330611967305,True,0.7228932624955823,
BMP6,Oligo,2,0.037612990039368945,0.8148087206910737,-0.7890934527483751,0.8960978387775081,False,-0.010599075652365274,True,0.9774165421224245,
BMP7,Oligo,1,0.1459880102185801,0.6058412176059235,-0.4219444243208255,0.761108670532819,False,0.0881460014678409,False,0.9536531642555559,
BMP8A,Oligo,3,-0.2151573678178901,0.16717400246812014,-0.3873507293712366,0.8521105793340067,True,-0.2394547120839389,True,0.8729222334758668,
BMP8B,Oligo,2,-0.2874592236932614,0.1995886466474702,-0.8338059184748914,0.4526053727890404,True,-0.31180313663639336,True,0.8955353702557743,
BMPER,Oligo,1,-0.2381460985210933,0.16717400246812014,0.2857188063138212,0.9064687967526672,False,-0.20491409472066083,False,0.8729222334758668,
BPI,Oligo,5,-0.053320322363860355,0.8883587001234061,-0.4135965713154691,0.9412564028434014,True,-0.08053711673115171,True,0.9833068577852265,
BPIFB1,Oligo,2,-0.14617351864386122,0.5414232825997531,-0.1421598369925021,0.9795445188494036,True,-0.15712060944074283,True,0.943693947336386,
BPIFC,Oligo,1,0.4281918808814753,0.03268695329786108,-0.6708023097396042,0.8936639766839248,False,0.16096641048880775,False,0.7703396502078044,
BRINP2,Oligo,1,-0.23849267602024996,0.16717400246812014,-0.2563710462059025,0.8970816616774369,True,-0.26667771559776343,True,0.8729222334758668,
BRINP3,Oligo,3,0.15857211749075434,0.5414232825997531,-0.8887436226363641,0.7611813871271617,False,0.08853444959599253,False,0.943693947336386,
BTBD17,Oligo,2,-0.17226881875307698,0.16717400246812014,0.4046009900993294,0.901044889784518,False,-0.20961059064475085,False,0.8729222334758668,
BTC,Oligo,1,-0.2952499463467792,0.8148087206910737,-0.2113691419410514,0.9649255355319668,True,-0.2607249700236729,True,0.9774165421224245,
BTD,Oligo,8,0.1376587929142647,0.4234471410941999,0.3131745626359108,0.3481696143047132,True,0.09008795675973792,True,0.9272932768190606,
BTLA,Oligo,1,0.05880386578404475,0.9551057432302277,0.4606926576550106,0.8984763406717127,True,0.020758206591718675,True,0.9958209752541637,
C14orf93,Oligo,1,0.2561332119876828,0.1995886466474702,0.310107997100249,0.8299872207753898,True,0.18158539391684927,True,0.8955353702557743,
C15orf61,Oligo,1,-0.011342131637096395,0.8148087206910737,0.1586363025768149,0.9313394262978272,False,-0.050851570777952326,False,0.9774165421224245,
C16orf89,Oligo,1,0.31797918131886194,0.5414232825997531,-0.0198535986477285,0.9939925755754048,False,0.15866652235296674,False,0.943693947336386,
C17orf67,Oligo,1,0.28938987886394113,0.046400658165364046,0.060921430601334,0.9798931639050764,True,0.23089372899350252,True,0.7818904126780498,
C17orf99,Oligo,1,0.02341477774557785,0.8148087206910737,-0.2009080513286097,0.972937844182088,False,-0.026479158798807877,True,0.9774165421224245,
C18orf54,Oligo,1,0.025500408889103487,0.6729740847387906,-0.4261444529783383,0.5020313314773658,False,-0.01308891816173356,True,0.9699490215240731,
C1QA,Oligo,2,0.11151224980751992,0.4807075277663513,2.903557960663371,0.1510782498122283,True,0.041213700988805606,True,0.9287202178494102,
C1QB,Oligo,3,-0.35964673162664096,0.2358700123406006,2.536713137471655,0.215431588832206,False,-0.24648508602483737,False,0.8955353702557743,
C1QBP,Oligo,1,-0.14270715844358026,0.2358700123406006,0.5552479581818844,0.7347022146412764,False,-0.17399960769708703,False,0.8955353702557743,
C1QC,Oligo,3,-0.2640781171187604,0.4807075277663513,2.2423684597825533,0.4219610406612866,False,-0.24054628299097092,False,0.9287202178494102,
C1QL1,Oligo,2,0.14082122681742035,0.9625668449197862,-1.1311353253671623,0.6781631852333454,False,0.08093764695114374,False,0.9958209752541637,
C1QL2,Oligo,1,-0.35973133508831057,0.3212669683257919,0.5093376728564879,0.9276482291516448,False,-0.263658787008407,False,0.920585849444673,
C1QL3,Oligo,1,-0.24000660652200917,0.37038255861785274,-0.0387460050264925,0.9932310345898904,True,-0.20244690575624727,True,0.920585849444673,
C1QTNF1,Oligo,10,-0.2313012311355328,0.059234882764294526,-0.532584331935984,0.9296301349675246,True,-0.2590575238502768,True,0.7831292612268833,
C1QTNF2,Oligo,1,-0.11031881998902655,0.7429864253393665,-0.1113265553892758,0.9764288906512568,True,-0.11301139332125716,True,0.9709215353212385,
C1QTNF3,Oligo,2,0.0886408791499239,0.4807075277663513,-0.105959182651017,0.9300734420657918,False,0.03281886870769918,False,0.9287202178494102,
C1QTNF4,Oligo,3,-0.08927192513282825,0.8148087206910737,-0.0074714767879117,0.9981518664611336,True,-0.09555438190267732,True,0.9774165421224245,
C1QTNF6,Oligo,2,0.004964883229868957,0.9625668449197862,0.4392439255620212,0.785561974245967,True,-0.02558852327832502,False,0.9958209752541637,
C1QTNF7,Oligo,20,-0.28876801353433,0.4234471410941999,-0.2719188823673551,0.9122838122387976,True,-0.31034007619150655,True,0.9272932768190606,
C1QTNF9,Oligo,2,-0.6088799794214895,0.13879062114356233,0.4966710497146395,0.90828170944899,False,-0.4431932423839333,False,0.8624102221308104,
C1QTNF9B,Oligo,3,-0.18303331897306108,0.6729740847387906,-1.0627166653399926,0.8364455368688887,True,-0.17613362740394203,True,0.9699490215240731,
C1R,Oligo,2,-0.14424875284932706,0.5414232825997531,1.7642218776657634,0.4446824139589516,False,-0.1589446545658525,False,0.943693947336386,
C1RL,Oligo,1,-0.48078531611963016,0.2765939942410531,0.3684996929342595,0.9403338631058912,False,-0.4025476114642756,False,0.9166324969148498,
C1S,Oligo,15,-0.016013254219483807,1.0,0.4564931498428091,0.2457920754170889,False,-0.06015774066367669,False,1.0,
C1orf54,Oligo,3,0.09661007657147666,0.1995886466474702,0.057865146393873,0.9839222297967716,True,0.05003691782307079,True,0.8955353702557743,
C1orf56,Oligo,2,0.26938290034824236,0.3212669683257919,0.2355293745583493,0.9426636951677192,True,0.20384929535047536,True,0.920585849444673,
C2,Oligo,8,0.19948793795732417,0.3212669683257919,-0.0407606458869563,0.9789421706777952,False,0.15369622661062635,False,0.920585849444673,
C20orf27,Oligo,2,0.031396033069156615,0.6058412176059235,0.6011211493390768,0.7540430835029771,True,-0.014002940269469837,False,0.9536531642555559,
C21orf62,Oligo,1,-0.09701587356722054,0.8094354491980796,0.5713548079377802,0.7412296313524072,False,-0.05158362802087584,False,0.9774165421224245,
C22orf39,Oligo,1,0.07129844101788464,0.37038255861785274,0.1551947685107632,0.9155692863724122,True,0.023765466138050122,True,0.920585849444673,
C3,Oligo,2,-0.32669612333747255,0.8148087206910737,1.587719721787049,0.2730632966576781,False,-0.21953596975330847,False,0.9774165421224245,
C3orf33,Oligo,1,-0.27112878802605717,0.059234882764294526,-0.338242962460808,0.4219610406612866,True,-0.29725283561915034,True,0.7831292612268833,
C4BPA,Oligo,1,-0.1092232006232357,0.33854828070777776,0.5872162646142767,0.785561974245967,False,-0.04255656730492167,False,0.920585849444673,
C4BPB,Oligo,1,-0.1195034075100001,0.6228694114099363,0.0529061100521258,0.9924667498497394,False,-0.05283079418112318,False,0.9699490215240731,
C4orf48,Oligo,1,0.09213026441034243,0.2358700123406006,0.3522185399508455,0.9072392631754675,True,0.040701425170159934,True,0.8955353702557743,
C6,Oligo,2,0.19324837614242707,0.5414232825997531,-0.4566278040049643,0.9356862512044576,False,0.10118218100840382,False,0.943693947336386,
C6orf120,Oligo,2,-0.23966225496605528,0.1995886466474702,-0.0649575225643218,0.9671700978359844,True,-0.2675840015666529,True,0.8955353702557743,
C9orf72,Oligo,1,0.13835019722893416,0.3212669683257919,-0.1026139136200057,0.9061412903479362,False,0.08567015806243482,False,0.920585849444673,
CA10,Oligo,3,-0.38109794761227017,0.24792309006121738,-0.987346106193408,0.6325619193797943,True,-0.2539180456472425,True,0.9166324969148498,
CA11,Oligo,1,0.05995279985831461,0.37038255861785274,-0.0980215807127831,0.972937844182088,False,0.013989423608557353,False,0.920585849444673,
CA6,Oligo,2,-0.2877705402866363,0.4807075277663513,0.3011583236608348,0.9585276098906348,False,-0.2453377499921746,False,0.9287202178494102,
CALCB,Oligo,6,-0.020889424434667115,0.8883587001234061,-0.9261820085517374,0.8521105793340067,True,-0.062381812914902045,True,0.9833068577852265,
CALR,Oligo,1,0.20850783325328656,0.2358700123406006,-0.0109257304125265,0.996290519098115,False,0.15887040626440854,False,0.8955353702557743,
CALU,Oligo,1,0.07475589977348897,0.9625668449197862,-0.0655754646733876,0.9362656278786242,False,0.026956069196751607,False,0.9958209752541637,
CANT1,Oligo,5,0.00043354340765059757,0.7429864253393665,-0.126908664541968,0.9397619226503257,False,-0.041607276471522285,True,0.9709215353212385,
CARTPT,Oligo,1,0.05589494423305949,0.36034989260651284,-0.0159112055489579,0.9981025680649824,False,0.01199389362359443,False,0.920585849444673,
CASP4,Oligo,3,-0.07045017885844561,0.4807075277663513,1.623523497301918,0.7143373796489405,False,-0.06259065443784641,False,0.9287202178494102,
CASP7,Oligo,7,0.1969122594636247,0.1995886466474702,-0.1578630246705076,0.9440255406488564,False,0.13830085864631314,False,0.8955353702557743,
CATSPERG,Oligo,1,0.1294954130907018,0.6058412176059235,0.2975009991140159,0.7195093870873828,True,0.08454731254951472,True,0.9536531642555559,
CBLN2,Oligo,17,-0.15735444856692524,0.7429864253393665,-0.8777260092750822,0.837199805688999,True,-0.1943629328020531,True,0.9709215353212385,
CBLN4,Oligo,1,-0.13484866000174706,0.6729740847387906,-1.2294417652041898,0.7911487942643533,True,-0.12169468022514712,True,0.9699490215240731,
CCBE1,Oligo,36,-0.3376262277101197,0.7429864253393665,-1.1259808385491574,0.7342685757716966,True,-0.358234669644304,True,0.9709215353212385,
CCDC126,Oligo,1,0.1573126952235433,0.2765939942410531,0.0140498171094794,0.9927046227496964,True,0.10418704120054402,True,0.9166324969148498,
CCDC134,Oligo,1,-0.03466140987113027,0.8883587001234061,0.0696551417655191,0.9692675178607644,False,-0.07812036401081449,False,0.9833068577852265,
CCDC3,Oligo,19,0.10737635577630317,0.2358700123406006,0.1991068224741151,0.8270133841478564,True,0.056747006097712736,True,0.8955353702557743,
CCDC80,Oligo,2,-0.2929646181302907,0.7429864253393665,-0.069363937164573,0.9839181717050084,True,-0.2584240546987465,True,0.9709215353212385,
CCER2,Oligo,1,-0.029672571210862336,0.7429864253393665,0.5071347365216881,0.8732726315385382,False,-0.03737317694159172,False,0.9709215353212385,
CCK,Oligo,4,0.08437146299536605,0.7429864253393665,0.8743270059654192,0.856118881906478,True,0.025474790345785057,True,0.9709215353212385,
CCL2,Oligo,1,-0.6790651906568638,0.059234882764294526,-0.6525259732083358,0.9190852001990818,True,-0.3729313406029025,True,0.7831292612268833,
CCL28,Oligo,3,0.2021352821007416,0.36034989260651284,0.1382324912122312,0.972937844182088,True,0.10613061836977677,True,0.920585849444673,
CCL5,Oligo,2,-0.24194003163514438,0.4385990660212319,0.8657317620150176,0.8818392879245764,False,-0.11776900080015498,False,0.9287202178494102,
CCN1,Oligo,2,-0.10447740298137782,0.4807075277663513,0.4894520050957496,0.9485393544390732,False,-0.12410829665971602,False,0.9287202178494102,
CCN2,Oligo,1,0.28599477441505755,0.02739613327848622,0.9567140923357734,0.8112688235892785,True,0.22201811394095966,True,0.7401422746051902,
CCN3,Oligo,1,-0.17972989581202256,0.8883587001234061,0.1715101432485705,0.9692675178607644,False,-0.1941324933299836,False,0.9833068577852265,
CCN5,Oligo,1,0.28819852670716584,0.16717400246812014,1.0820901238973768,0.2719539520544158,True,0.20034768190927346,True,0.8729222334758668,
CD14,Oligo,2,-0.308190694734697,0.2765939942410531,1.233299531205034,0.8235848056281357,False,-0.27289446427806896,False,0.9166324969148498,
CD160,Oligo,3,-0.28600575656679916,0.1995886466474702,-0.5263621518504783,0.9242992569638688,True,-0.2763025487604571,True,0.8955353702557743,
CD163,Oligo,1,0.3379538334382164,0.05281840077054885,2.4971898001069306,0.7062628082522836,True,0.13546214532131473,True,0.7831292612268833,
CD163L1,Oligo,1,-0.5129131480111262,0.9551057432302277,-1.0900066192091953,0.6516545636841435,True,-0.214891975448754,True,0.9958209752541637,
CD164,Oligo,2,0.17298838706420197,0.6058412176059235,0.0005325745132708,0.9995807291531514,True,0.1298150864134245,True,0.9536531642555559,
CD200R1,Oligo,2,-0.1091481737764723,0.8097797706434724,-0.4758848235389918,0.9041750758073084,True,-0.07154827339387018,True,0.9774165421224245,
CD274,Oligo,2,0.15835155966464878,0.4807075277663513,0.9326603405876746,0.8670400464202321,True,0.09697303501701467,True,0.9287202178494102,
CD40,Oligo,1,-0.1842159333844154,0.8883587001234061,1.24909580378401,0.7377914043150055,False,-0.1503573239752376,False,0.9833068577852265,
CD44,Oligo,13,0.21022271970647824,0.6058412176059235,0.5770599923254045,0.8624439208053689,True,0.1473503678817296,True,0.9536531642555559,
CD55,Oligo,1,0.004217473291583993,0.7429864253393665,-0.152696578797114,0.9362656278786242,False,-0.03801720747588816,True,0.9709215353212385,
CD59,Oligo,5,-0.018788603785513558,0.9625668449197862,0.3658888990606533,0.8521105793340067,False,-0.06365838172567545,False,0.9958209752541637,
CD63,Oligo,1,0.20671392052252285,0.13879062114356233,0.5105368816123649,0.8330063061480015,True,0.1573764567995657,True,0.8624102221308104,
CD74,Oligo,3,-0.19868313828533954,0.3212669683257919,2.213347753977488,0.0091720907865382,False,-0.23808359524728187,False,0.920585849444673,0.5354449472096532
CD8A,Oligo,2,-0.28651828037265303,0.046400658165364046,-0.2726005783256858,0.9508206637708227,True,-0.27271761126538707,True,0.7818904126780498,
CD9,Oligo,11,0.07781903370610518,0.37038255861785274,0.3339732690613182,0.8418573998156417,True,0.03227197844468252,True,0.920585849444673,
CD99L2,Oligo,1,0.3190593780217574,0.046400658165364046,-0.0430791280553232,0.9587502459353264,False,0.25799491708285094,False,0.7818904126780498,
CDCP1,Oligo,2,0.030146061567736304,0.7429864253393665,0.4446303990573132,0.9403338631058912,True,-0.004182669360713723,False,0.9709215353212385,
CDCP2,Oligo,1,0.09832207449786799,0.733109295760819,0.3473356977998958,0.9392235698495188,True,0.03315585133040197,True,0.9709215353212385,
CDNF,Oligo,2,0.16696665149532808,0.2765939942410531,0.120982500649538,0.9532441275597208,True,0.12163251421370772,True,0.9166324969148498,
CEACAM1,Oligo,1,-0.18776967722419588,0.37038255861785274,-0.517941901310893,0.8198242746197086,True,-0.20621285904227313,True,0.920585849444673,
CEL,Oligo,3,-0.5091547507287844,0.4807075277663513,0.2373934158542111,0.9419025361159892,False,-0.4249591083460154,False,0.9287202178494102,
CELA2B,Oligo,1,0.03629098537175604,1.0,0.563359728504675,0.8299872207753898,True,0.0043772710499290855,True,1.0,
CEMIP,Oligo,1,0.06667772148208859,0.7429864253393665,0.436544316689226,0.7491562899507276,True,0.02333071843011704,True,0.9709215353212385,
CES4A,Oligo,4,0.13495911166995156,0.4234471410941999,0.063252525608211,0.9685695155531996,True,0.09129195877201217,True,0.9272932768190606,
CES5A,Oligo,13,-0.21633645145389777,0.16717400246812014,-0.9813455853171524,0.5046548320959856,True,-0.2425330231358675,True,0.8729222334758668,
CFB,Oligo,1,-0.12276433574171884,0.5414232825997531,1.459424150947814,0.7206406104646917,False,-0.07828285381840823,False,0.943693947336386,
CFD,Oligo,2,0.09943574473142296,0.7429864253393665,0.7192544448286309,0.884812203929648,True,0.03340227662964816,True,0.9709215353212385,
CFH,Oligo,2,-0.4289712663351744,0.16267869995425632,0.1330191747160941,0.9807750780587688,False,-0.2768404414658225,False,0.8729222334758668,
CGREF1,Oligo,2,-0.344712724745566,0.03595228301110654,-0.7649111660591162,0.8113549394320176,True,-0.2721793313234376,True,0.7703396502078044,
CHADL,Oligo,2,0.0977975207855536,0.4807075277663513,0.1231724799279683,0.9356819299723736,True,0.05259571236358692,True,0.9287202178494102,
CHGA,Oligo,2,0.07579213239739942,0.7429864253393665,-0.2830071245013237,0.9568704017644444,False,0.025893939871973012,False,0.9709215353212385,
CHGB,Oligo,2,-0.22776277936356165,0.5414232825997531,0.4199932894025471,0.9289624434370214,False,-0.21371630481739856,False,0.943693947336386,
CHI3L1,Oligo,2,-0.12139753326517996,0.6058412176059235,2.3229542497256537,0.5924331297460975,False,-0.13573361439041476,False,0.9536531642555559,
CHI3L2,Oligo,12,0.11961783614058992,0.6058412176059235,1.4376747191523676,0.761108670532819,True,0.05859480213971057,True,0.9536531642555559,
CHID1,Oligo,3,-0.16448539079888053,0.13879062114356233,0.2749351916564294,0.8672800387484098,False,-0.19947723241204424,False,0.8624102221308104,
CHIT1,Oligo,1,-0.4780322455193317,0.5957378004691146,-0.2813618202850218,0.9362656278786242,True,-0.22013410514337695,True,0.9536531642555559,
CHL1,Oligo,31,-0.18785631147470316,0.8883587001234061,-0.6828340609945405,0.7193506446664414,True,-0.22446793852615957,True,0.9833068577852265,
CHRD,Oligo,3,-0.41569280864465613,0.07445495680789799,-0.5892372286894332,0.8919036701623034,True,-0.42276984057318345,True,0.7918780015463845,
CHRDL1,Oligo,1,-0.053706643752615954,1.0,-0.7670853551817661,0.8234687949387971,True,-0.05422585748735149,True,1.0,
CHRDL2,Oligo,1,-0.19880648522473773,0.37038255861785274,-0.9119997532146172,0.8792637895446245,True,-0.1338671288163401,True,0.920585849444673,
CHST9,Oligo,8,-0.12146060237796305,0.8883587001234061,-0.3520021368845492,0.9119645567976078,True,-0.1393005601844687,True,0.9833068577852265,
CHSY1,Oligo,1,0.02006459215834692,0.8883587001234061,-0.1512699114410421,0.8362921146840738,False,-0.022315413090216958,True,0.9833068577852265,
CILP,Oligo,1,-0.5623667277276082,0.1995886466474702,0.8946228140057585,0.8684169387123155,False,-0.3544893759401125,False,0.8955353702557743,
CKLF,Oligo,2,0.25404983855266844,0.113944878650761,0.3754648216676175,0.7342685757716966,True,0.19742228409009974,True,0.8256851192025261,
CLCA2,Oligo,1,0.14700753038680994,0.2126397197685561,-0.656314492968649,0.7766503399500647,False,0.05510741667247751,False,0.8955353702557743,
CLCA4,Oligo,1,0.21775540727699041,0.113944878650761,0.5034071697158772,0.6686756337389113,True,0.16063771383577552,True,0.8256851192025261,
CLEC11A,Oligo,2,0.16989643690656156,0.3212669683257919,0.5247824360642895,0.8209098186726145,True,0.12481647654904547,True,0.920585849444673,
CLEC18B,Oligo,1,0.20306764758742799,0.41225888092854823,0.2952057904479081,0.9553381480883456,True,0.10031981303345615,True,0.9272932768190606,
CLN5,Oligo,1,0.17328018048123864,0.03595228301110654,0.0637351627679506,0.9505726226824328,True,0.12223025979341111,True,0.7703396502078044,
CLU,Oligo,2,0.2155917075676924,0.07445495680789799,0.1354793168602237,0.9662367058395016,True,0.1705343751753126,True,0.7918780015463845,
CLUL1,Oligo,5,-0.09965203771195388,0.7429864253393665,0.4667695975035715,0.8475047665146977,False,-0.12882794196054395,False,0.9709215353212385,
CNDP1,Oligo,1,0.23311509735676528,0.2765939942410531,-0.0582994348238543,0.9716865732257428,False,0.1811078826059542,False,0.9166324969148498,
CNMD,Oligo,2,0.09908545910434807,0.8148087206910737,0.2288034724884121,0.9102551141103236,True,0.04345545587729367,True,0.9774165421224245,
CNPY4,Oligo,1,0.11865827876177341,0.6058412176059235,0.0070796755628043,0.9981025680649824,True,0.07340697446843986,True,0.9536531642555559,
CNTN2,Oligo,2,0.24724003845284626,0.113944878650761,0.0962322226947622,0.8962917065291774,True,0.199587944793844,True,0.8256851192025261,
CNTN4,Oligo,69,-0.3314012874935035,0.5414232825997531,-0.8189878508680474,0.7207473455400751,True,-0.36896311266081483,True,0.943693947336386,
COCH,Oligo,1,-0.2011258865305895,0.7429864253393665,0.358676204491437,0.9249694691256414,False,-0.16599284292312216,False,0.9709215353212385,
COL11A1,Oligo,1,-0.022864339021928005,0.8148087206910737,-0.3183834690214917,0.9390108201398022,True,-0.06813996026019527,True,0.9774165421224245,
COL11A2,Oligo,3,-0.12077896869414614,0.8883587001234061,-0.3759006547317983,0.8964770133879699,True,-0.16679221900734315,True,0.9833068577852265,
COL12A1,Oligo,5,-0.13604155882887523,0.37038255861785274,0.4638970573939706,0.9356862512044576,False,-0.15456120761642564,False,0.920585849444673,
COL14A1,Oligo,14,-0.16470190958757686,1.0,0.094205712194878,0.9613856868073354,False,-0.1913801255915899,False,1.0,
COL15A1,Oligo,1,-0.02602289968888909,0.9625668449197862,-0.5945660831834643,0.9174746229758064,True,-0.045114867124056504,True,0.9958209752541637,
COL16A1,Oligo,3,0.2151648825058723,0.07445495680789799,-0.2156414100380364,0.9269195279242748,False,0.16954472058414188,False,0.7918780015463845,
COL18A1,Oligo,14,-0.3514392137587513,0.2358700123406006,-0.7994327346594867,0.7327313501108011,True,-0.38489951220814206,True,0.8955353702557743,
COL19A1,Oligo,3,-0.25963301075011025,0.9625668449197862,-0.915816430999424,0.7773338024330817,True,-0.26215252357311397,True,0.9958209752541637,
COL1A2,Oligo,1,-0.62560570711111,0.4234471410941999,0.0891739808143942,0.986577093512942,False,-0.5076202910243034,False,0.9272932768190606,
COL21A1,Oligo,15,-0.3359360288630124,0.13879062114356233,-0.4007128570756057,0.8996036503592874,True,-0.3576843332944548,True,0.8624102221308104,
COL22A1,Oligo,8,0.21301134860075266,0.3212669683257919,-0.7937215534910969,0.8328025567674077,False,0.12380274837363058,False,0.920585849444673,
COL24A1,Oligo,1,-0.6005676721766386,0.4234471410941999,-1.3934619698121504,0.6274091201876272,True,-0.4909637796329883,True,0.9272932768190606,
COL25A1,Oligo,30,-0.19888611896061975,0.8148087206910737,-0.3216337564513822,0.9251119923873714,True,-0.23291626298321289,True,0.9774165421224245,
COL26A1,Oligo,1,-0.21561215538956716,0.4807075277663513,-1.1468418220750412,0.5020313314773658,True,-0.18392647213624336,True,0.9287202178494102,
COL27A1,Oligo,2,-0.013380683373888277,0.8148087206910737,0.8581390964719774,0.8299872207753898,False,-0.0556196566491645,False,0.9774165421224245,
COL4A1,Oligo,1,0.24418053874138526,0.2765939942410531,-1.157886555983528,0.7185017570142568,False,0.1510025324984794,False,0.9166324969148498,
COL4A2,Oligo,1,0.24418053874138526,0.2765939942410531,-0.9010410700851238,0.7491562899507276,False,0.1510025324984794,False,0.9166324969148498,
COL4A3,Oligo,1,-0.1806692460726139,0.6058412176059235,-0.1619113664243983,0.9392235698495188,True,-0.13030018916330127,True,0.9536531642555559,
COL4A4,Oligo,1,-0.1806692460726139,0.6058412176059235,-0.7298074520727539,0.8373226038847789,True,-0.13030018916330127,True,0.9536531642555559,
COL4A5,Oligo,9,0.3286184192366805,0.02739613327848622,0.0389317735333534,0.9753708673729076,True,0.2640356497880246,True,0.7401422746051902,
COL4A6,Oligo,2,0.36482553529068706,0.09271904566022213,0.7119281622696803,0.8521105793340067,True,0.25368687841210746,True,0.8215799928288131,
COL5A1,Oligo,1,-0.2982207177497379,0.4234471410941999,0.526572200721032,0.9190852001990818,False,-0.22401517759548473,False,0.9272932768190606,
COL5A2,Oligo,1,0.09323486664900182,0.4234471410941999,0.2997955812716434,0.920365443897046,True,0.029074094383970128,True,0.9272932768190606,
COL5A3,Oligo,2,-0.26564864367907337,0.3212669683257919,-0.1205433062649691,0.9724047991648408,True,-0.17796097458075477,True,0.920585849444673,
COL6A1,Oligo,1,0.20060088116665614,0.4807075277663513,0.7584794915296788,0.8160552016259455,True,0.13823624281711014,True,0.9287202178494102,
COL6A2,Oligo,3,-0.1013396788897581,0.8883587001234061,-0.3095690203436522,0.9648476203838576,True,-0.10789675172108196,True,0.9833068577852265,
COL6A3,Oligo,6,-0.36045446443552986,0.37038255861785274,-0.160001520119751,0.9613856868073354,True,-0.25900186886894916,True,0.920585849444673,
COL6A6,Oligo,1,-0.03384659465063078,0.6329420235770536,0.4047522182511324,0.8177800702168395,False,-0.016429048504398563,False,0.9699490215240731,
COL7A1,Oligo,3,-0.7737176274906736,0.011106540518305223,0.0514628146084754,0.9842742596545272,False,-0.5685959743654349,False,0.6572692013868484,
COL8A1,Oligo,1,-0.2196601228158298,0.3212669683257919,0.5666026323111608,0.8689406844605668,False,-0.18753359580149054,False,0.920585849444673,
COL8A2,Oligo,7,-0.3546143238736503,0.2358700123406006,0.8685888546562545,0.8506813841715811,False,-0.3799126751627367,False,0.8955353702557743,
COL9A1,Oligo,5,-0.1345778766898777,0.8883587001234061,-0.8377240631245259,0.7586235343224637,True,-0.15031637320509064,True,0.9833068577852265,
COL9A2,Oligo,1,0.13901968385942665,0.4234471410941999,-0.0749176516837092,0.9623258486315684,False,0.09401862532971436,False,0.9272932768190606,
COL9A3,Oligo,1,0.01180710015217831,0.7429864253393665,0.0375406047071887,0.9811966632758145,True,-0.034273557998744195,False,0.9709215353212385,
COLEC11,Oligo,5,-0.45889580916912703,0.5414232825997531,1.109084949686718,0.8462080156305637,False,-0.4558927995784121,False,0.943693947336386,
COLQ,Oligo,7,-0.35025287064612154,0.3861850319585892,-0.0526245496873571,0.9561820372991476,True,-0.2519715447281245,True,0.9272932768190606,
COPA,Oligo,1,-0.11435526088578721,0.2765939942410531,-0.1130812220188794,0.8941257636842888,True,-0.14277845429207608,True,0.9166324969148498,
CORIN,Oligo,10,-0.15939635971377838,0.6058412176059235,0.2184137909591932,0.9143914736799617,False,-0.180567664121192,False,0.9536531642555559,
CORT,Oligo,1,-0.5384326442423505,0.2358700123406006,-0.2717011864568291,0.9530487718993484,True,-0.35217797703452036,True,0.8955353702557743,
CP,Oligo,2,0.06544774471954966,0.8148087206910737,0.7828937014138617,0.719747005056036,True,0.018373557118330514,True,0.9774165421224245,
CPA4,Oligo,1,0.25693447481528764,0.113944878650761,-0.2843417917703178,0.948503194370673,False,0.11416247062098686,False,0.8256851192025261,
CPA6,Oligo,3,0.3410651738153475,0.2358700123406006,-1.0388762567280367,0.7333623234754549,False,0.172395519633318,False,0.8955353702557743,
CPAMD8,Oligo,2,-0.8376848519729417,0.1348733948656819,-0.4559739825674289,0.9269195279242748,True,-0.4690442726860165,True,0.8624102221308104,
CPB1,Oligo,5,0.46354642129384355,0.0015631427396133276,0.931420769533791,0.2827531534513879,True,0.3925867432308774,True,0.3237659399424105,
CPE,Oligo,1,0.09720881585269318,0.37038255861785274,-0.5124180388497704,0.8808190325842226,False,0.04490368283929914,False,0.920585849444673,
CPQ,Oligo,1,0.35894027008475127,0.00016454134101192923,0.3132672363385599,0.7080682598806577,True,0.293123397952056,True,0.16358700123406006,
CPXM2,Oligo,2,0.09474237846570906,0.6729740847387906,-0.4214950581061214,0.8633478394091193,False,0.0514803901675758,False,0.9699490215240731,
CR1L,Oligo,1,-0.2806651057869453,0.16717400246812014,-0.0086195708130883,0.9981518664611336,True,-0.28957983185596076,True,0.8729222334758668,
CRB1,Oligo,31,-0.040369434648655465,0.5414232825997531,-0.0968039194434245,0.945065633544775,True,-0.08744596040129406,True,0.943693947336386,
CRB2,Oligo,5,0.34795474821988215,0.0037021801727684074,0.3472495263988092,0.8288659904982408,True,0.28901167929809074,True,0.49739290915761497,
CREG1,Oligo,1,-0.025562118158052073,0.6058412176059235,0.1666105567862656,0.8987831620341941,False,-0.07212587185660559,False,0.9536531642555559,
CREG2,Oligo,2,0.1242007018688006,0.4807075277663513,-0.0474298614325942,0.9864562139367992,False,0.06562855797513265,False,0.9287202178494102,
CRH,Oligo,2,-0.6027668776627932,0.13879062114356233,-0.433178937861911,0.9408615709391068,True,-0.5012855285700113,True,0.8624102221308104,
CRHBP,Oligo,2,-0.08336987971753632,0.7429864253393665,-0.1518342243351266,0.9269195279242748,True,-0.11832343403762466,True,0.9709215353212385,
CRHR2,Oligo,4,-0.18442093257684222,0.8148087206910737,-1.195607476130203,0.8374718670723827,True,-0.16263892748121153,True,0.9774165421224245,
CRIM1,Oligo,2,0.38714086353920624,0.005512134923899629,0.3402600403664224,0.7672352218898817,True,0.327478160784043,True,0.5708504730563553,
CRISPLD1,Oligo,2,-0.3075554028790618,0.6729740847387906,-0.2781734587174148,0.946659144870812,True,-0.282085569720323,True,0.9699490215240731,
CRISPLD2,Oligo,2,-0.026811328423481294,0.8883587001234061,-0.5179143945591911,0.8797129628545259,True,-0.058247207786546185,True,0.9833068577852265,
CRLF1,Oligo,2,-0.21460876663359935,0.33562751985334394,-0.1970815552013428,0.9648644526430004,True,-0.1339324478764244,True,0.920585849444673,
CRTAC1,Oligo,3,0.047847093627622836,0.7429864253393665,-0.1837581624387008,0.9392235698495188,False,-9.797533533707387e-05,True,0.9709215353212385,
CRTAP,Oligo,1,0.13163519451437128,0.37038255861785274,0.2279114778111724,0.6863586492091437,True,0.07629917679199702,True,0.920585849444673,
CRYAB,Oligo,5,0.22034769613006633,0.3212669683257919,0.3345924152964496,0.894035795882966,True,0.17659992843180994,True,0.920585849444673,
CSF1,Oligo,2,0.17841670296184364,0.09271904566022213,0.1436573997112544,0.9447431932907222,True,0.12520745244830078,True,0.8215799928288131,
CSF2RA,Oligo,5,-0.4429110491554539,0.2765939942410531,-0.4373086169918498,0.8955318046250319,True,-0.2822636685492309,True,0.9166324969148498,
CSF3R,Oligo,1,0.2237148582613527,0.1995886466474702,-0.1676497760560404,0.9722245119076312,False,0.10125891277488107,False,0.8955353702557743,
CSPG5,Oligo,1,-0.5062209196336543,0.02739613327848622,-0.5045465435959906,0.8203801172587547,True,-0.5285126094968088,True,0.7401422746051902,
CST3,Oligo,2,-0.06549874654211164,0.6729740847387906,-0.1262747868458707,0.9746488920533946,True,-0.08184833150679312,True,0.9699490215240731,
CTF1,Oligo,2,0.006094334278190719,0.9625668449197862,0.941184957447862,0.7586235343224637,True,-0.042401786243176476,False,0.9958209752541637,
CTHRC1,Oligo,2,-0.21089742443184287,0.2358700123406006,0.0393815782454713,0.9927433659115152,False,-0.21478831850728303,False,0.8955353702557743,
CTSB,Oligo,1,0.08799310436166644,0.4234471410941999,-0.0005162186499522,0.9997551818867684,False,0.040707442044842064,False,0.9272932768190606,
CTSD,Oligo,1,0.021299783773132235,0.9625668449197862,0.8552099268906053,0.3078184093525977,True,-0.016345965983131188,False,0.9958209752541637,
CTSK,Oligo,2,-0.2383822821307977,0.6058412176059235,-0.0638873935013931,0.9826665862415238,True,-0.14608657221323385,True,0.9536531642555559,
CTSL,Oligo,1,0.16026876363290446,0.1995886466474702,0.5700182733159305,0.7675377774025783,True,0.11456454488813131,True,0.8955353702557743,
CTSS,Oligo,2,-0.009414677834782765,1.0,1.2727030169862426,0.3211034644812396,False,-0.01420027449699552,False,1.0,
CUTA,Oligo,2,0.09666317891243474,0.7429864253393665,0.3973333151330944,0.9072392631754675,True,0.05206768639941255,True,0.9709215353212385,
CX3CL1,Oligo,1,-0.36460486522394836,0.16717400246812014,-0.3128629394910299,0.9362656278786242,True,-0.3160752358369358,True,0.8729222334758668,
CXADR,Oligo,1,0.02199049701553436,1.0,-0.3877143826073163,0.4765340396198836,False,-0.021993397447552566,True,1.0,
CXCL12,Oligo,2,0.4696075817025031,0.02739613327848622,0.7634747428826875,0.8651369052175615,True,0.3345547136167077,True,0.7401422746051902,
CXCL14,Oligo,1,-0.322875457748325,0.5414232825997531,-0.1511458269713895,0.958917615529371,True,-0.21905357182840024,True,0.943693947336386,
CXCL16,Oligo,1,-0.04465488443564297,0.8883587001234061,-0.0041943786941446,0.9984756375756284,True,-0.08024317991170962,True,0.9833068577852265,
CXCL17,Oligo,1,-0.20028887971783843,0.2765939942410531,0.3299319215237971,0.9356862512044576,False,-0.18541223446560712,False,0.9166324969148498,
CYB5D2,Oligo,1,0.10783670889016386,0.4807075277663513,-0.2379278210994231,0.8933259544910297,False,0.06417195155857276,False,0.9287202178494102,
CYTL1,Oligo,2,-0.38148315632303104,0.3111325340766097,1.7829898305134306,0.7250151407338771,False,-0.20331742437303246,False,0.920585849444673,
DAG1,Oligo,1,0.11137750821528321,0.4234471410941999,0.1093981038375435,0.9361400131952704,True,0.06634702670294662,True,0.9272932768190606,
DAND5,Oligo,3,-0.025268053618191802,0.9625668449197862,-0.0495317555529801,0.9952039963475446,True,-0.0642601178296084,True,0.9958209752541637,
DAO,Oligo,4,0.04219820935085415,0.4807075277663513,-0.365756304987172,0.9523929174373276,False,-0.0020195480522275685,True,0.9287202178494102,
DCN,Oligo,2,-0.06650283361388891,0.8883587001234061,0.7795218957046078,0.7611813871271617,False,-0.07611699863395022,False,0.9833068577852265,
DDR1,Oligo,4,0.10948784028535469,0.1995886466474702,0.3778747885603967,0.6620519136588617,True,0.06260845119717796,True,0.8955353702557743,
DEAF1,Oligo,2,0.3288427516214435,0.13879062114356233,0.1711956122264465,0.9136197279845528,True,0.28356886721400965,True,0.8624102221308104,
DEFB131B,Oligo,1,0.08488350352765257,0.5113826449517729,0.4130207371725321,0.8823697653192801,True,0.02985593194613499,True,0.943693947336386,
DHRS11,Oligo,1,-0.39866076539047823,0.015220074043603454,0.0388018732327201,0.9888086065326632,False,-0.4041821192509597,False,0.6816125051419168,
DHRS13,Oligo,1,-0.0028169279011013705,0.6729740847387906,-0.1554108585147116,0.956674182084127,True,-0.04137208733766427,True,0.9699490215240731,
DHRS4L2,Oligo,9,-0.07728525947339196,0.6729740847387906,-0.2913582861450854,0.8964770133879699,True,-0.10637170989909889,True,0.9699490215240731,
DHRSX,Oligo,2,-0.2526504249286105,0.113944878650761,-0.2656561056711058,0.8051456022867449,True,-0.2767016803176059,True,0.8256851192025261,
DIPK2A,Oligo,1,0.1927687164159121,0.5414232825997531,0.056980784017657,0.9677862490730728,True,0.14975149884702713,True,0.943693947336386,
DIPK2B,Oligo,1,0.02836389264894987,0.8838111823741173,0.3854436725042069,0.8364455368688887,True,0.0057148270459277,True,0.9833068577852265,
DKK2,Oligo,21,-0.0851953339207171,0.8883587001234061,-1.311658193859453,0.4268761611960195,True,-0.13336840964638175,True,0.9833068577852265,
DKK3,Oligo,2,-0.41506476891846555,0.16717400246812014,0.3680325320744904,0.8987831620341941,False,-0.40103391280363115,False,0.8729222334758668,
DMBT1,Oligo,1,-0.48952152772049584,0.2279054087276714,-0.2219208109466916,0.9356862512044576,True,-0.26117184230445006,True,0.8955353702557743,
DMKN,Oligo,3,-0.2853419793603314,0.2358700123406006,0.262925946762234,0.9585276098906348,False,-0.23628478285362245,False,0.8955353702557743,
DNASE1,Oligo,2,-0.3883586239282838,0.2765939942410531,0.06866756969203,0.9544074207630244,False,-0.25424978603285253,False,0.9166324969148498,
DNASE1L2,Oligo,1,-0.5235169955557473,0.007897984368572603,0.4841060079434217,0.9269195279242748,False,-0.3783522065315524,False,0.6428156623157458,
DPP7,Oligo,2,0.07381928042683839,0.6058412176059235,0.4824621355290236,0.7874808437985996,True,0.024310493209090584,True,0.9536531642555559,
DPT,Oligo,1,-0.3616106606398007,0.20815253423096258,1.863855020560817,0.4860787966177731,False,-0.1721873338604283,False,0.8955353702557743,
DRAXIN,Oligo,2,0.1156191124462998,0.9625668449197862,0.1997929114910249,0.960410253589615,True,0.054144421815328456,True,0.9958209752541637,
DSCAM,Oligo,91,-0.23944604521424412,0.4234471410941999,-1.3951399079001787,0.3033085228117079,True,-0.2735942713509599,True,0.9272932768190606,
ECM1,Oligo,3,0.5196135962296708,0.5414232825997531,0.1834055161431914,0.9403338631058912,True,0.32449604887945954,True,0.943693947336386,
ECM2,Oligo,4,-0.022550088179055287,1.0,1.2884761002096232,0.0874716061536529,False,-0.031302244864538885,False,1.0,1.0
ECRG4,Oligo,1,-0.4950717075524668,0.2765939942410531,0.7980031265973955,0.8512125871059301,False,-0.3582897612341384,False,0.9166324969148498,
EDA,Oligo,5,0.2512955491417123,0.059234882764294526,0.2293574523059997,0.8732726315385382,True,0.20023349205003227,True,0.7831292612268833,
EDDM13,Oligo,2,-0.18274024488512852,0.38354604259434133,0.1631900888075343,0.94838924523625,False,-0.09171773137610956,False,0.9272932768190606,
EDIL3,Oligo,2,0.1426059819946543,0.4234471410941999,0.0987779084505884,0.8962917065291774,True,0.09480599937377482,True,0.9272932768190606,
EDN1,Oligo,3,0.0947746201046798,0.4807075277663513,-0.1739380366767623,0.97129254457547,False,0.03474306563807552,False,0.9287202178494102,
EFEMP1,Oligo,1,-0.15504342408976515,0.7429864253393665,0.7031175883382795,0.6258726548273122,False,-0.17698893885507314,False,0.9709215353212385,
EFEMP2,Oligo,1,0.018723057321881818,0.8148087206910737,-0.0984114505510697,0.972937844182088,False,-0.030516902493767133,True,0.9774165421224245,
EFNA1,Oligo,2,0.24196845658451227,0.2358700123406006,0.4516024316595353,0.6661306968176193,True,0.19665741444667106,True,0.8955353702557743,
EFNA4,Oligo,2,-0.249757580914809,0.1995886466474702,0.807376055915502,0.8475047665146977,False,-0.2677182164609959,False,0.8955353702557743,
EGFL7,Oligo,2,-0.38551239864368225,0.8148087206910737,-0.2497692387779702,0.94838924523625,True,-0.3341032264342558,True,0.9774165421224245,
EGFL8,Oligo,1,0.3312892325320951,0.2765939942410531,0.7470443160692222,0.4215710856347178,True,0.23715373129906994,True,0.9166324969148498,
EGFLAM,Oligo,25,-0.13550582009029044,0.5414232825997531,-0.6952095980084378,0.904856429955448,True,-0.17447523412021423,True,0.943693947336386,
EGFR,Oligo,44,-0.25055154900383636,0.7429864253393665,-0.5835952006200834,0.8099155341539798,True,-0.29313060940759156,True,0.9709215353212385,
ELN,Oligo,1,0.15220027377187192,0.07445495680789799,0.394346341923595,0.8249299346007481,True,0.10261472870829583,True,0.7918780015463845,
EMC10,Oligo,2,-0.1959714785548617,0.09271904566022213,0.1584552413755813,0.917116145585626,False,-0.22550201290525992,False,0.8215799928288131,
EMID1,Oligo,1,-0.6749443020875694,0.07445495680789799,-0.3103818807351907,0.940160797550192,True,-0.45845756094167484,True,0.7918780015463845,
EMILIN1,Oligo,1,-0.0823719538155945,0.4234471410941999,-0.3532517132623535,0.9506260758206012,True,-0.1051044629264407,True,0.9272932768190606,
EMILIN2,Oligo,3,-0.22015869368314545,0.4234471410941999,-0.7037627359600198,0.6157917821790461,True,-0.240863805039303,True,0.9272932768190606,
ENDOD1,Oligo,1,0.07024812588513928,0.5414232825997531,0.1994120613748505,0.8153993825304034,True,0.026299063095802343,True,0.943693947336386,
ENDOU,Oligo,2,-0.16605437464681017,0.13879062114356233,-0.2989650694112391,0.9356819299723736,True,-0.1754707675458541,True,0.8624102221308104,
ENHO,Oligo,1,0.12175978852081891,0.1995886466474702,-0.2615317327197146,0.9508206637708227,False,0.07437675556693703,False,0.8955353702557743,
ENOX1,Oligo,2,0.15456967515320552,0.5414232825997531,0.2786268113529135,0.7436057086433915,True,0.11324541897736279,True,0.943693947336386,
ENOX2,Oligo,38,-0.06095414524894018,0.6729740847387906,-0.2231014582863833,0.7947936452272703,True,-0.10345944014334817,True,0.9699490215240731,
ENPP1,Oligo,1,0.21165654848929058,0.07445495680789799,0.6620077177278784,0.7450339347825194,True,0.15222837102823614,True,0.7918780015463845,
ENPP2,Oligo,21,0.00839403417991811,0.4234471410941999,-0.1272755196446871,0.8796104953184828,False,-0.0328316313574934,True,0.9272932768190606,
ENPP3,Oligo,2,0.21748652436229335,0.4234471410941999,0.5114893515144415,0.868309399503223,True,0.16131683963925794,True,0.9272932768190606,
ENPP5,Oligo,2,-0.18171257876153002,0.2765939942410531,-0.1516200729916016,0.9349789736307202,True,-0.2114443082649893,True,0.9166324969148498,
ENTPD5,Oligo,1,-0.061366904782050334,0.6729740847387906,0.112294519715147,0.9254204037572902,False,-0.10164236667207088,False,0.9699490215240731,
ENTPD6,Oligo,1,0.08116822494363286,0.8883587001234061,0.0876569796971821,0.940424324295759,True,0.03509837725158904,True,0.9833068577852265,
EPDR1,Oligo,27,-0.27528886075487213,0.09271904566022213,-0.1001393983125269,0.9362656278786242,True,-0.31577532207305176,True,0.8215799928288131,
EPHA10,Oligo,3,-0.3355500045292591,0.3212669683257919,-0.0177455944440448,0.9954756779110407,True,-0.33166954853106934,True,0.920585849444673,
EPHA3,Oligo,1,0.3358044974839822,0.113944878650761,2.273220486685189,0.0319510730557978,True,0.2289554358832187,True,0.8256851192025261,0.3107587599566209
EPHB6,Oligo,1,-0.043950154904138984,1.0,-0.1461161709126623,0.9692675178607644,True,-0.08622336473279242,True,1.0,
EPOR,Oligo,2,-0.03764719827207842,0.9625668449197862,0.3239704699571408,0.9266256836201232,False,-0.07286816399819435,False,0.9958209752541637,
ERAP1,Oligo,2,0.14671112360901037,0.3212669683257919,0.1205592370735981,0.9144538503679231,True,0.1025930982802101,True,0.920585849444673,
ERAP2,Oligo,3,-0.05403825172377997,0.6058412176059235,0.4098728878808735,0.8424918566042563,False,-0.09429474726124171,False,0.9536531642555559,
ERBB3,Oligo,3,0.04681483892417993,0.7429864253393665,0.125691841431845,0.8818392879245764,True,0.003502788340602674,True,0.9709215353212385,
ERO1A,Oligo,1,0.20475358434248422,0.113944878650761,-0.3081502985680771,0.7143373796489405,False,0.14447304588937668,False,0.8256851192025261,
ERVH48-1,Oligo,2,-0.05784826364934187,0.2358700123406006,0.1370278059220879,0.9727027125737252,False,-0.09648547003761188,False,0.8955353702557743,
EXOC3-AS1,Oligo,2,-0.020699333042407512,0.7429864253393665,0.4848492877451215,0.8292725897045264,False,-0.06102633609529445,False,0.9709215353212385,
EXT2,Oligo,2,-0.02709222286068249,1.0,-0.0685952798110183,0.9403338631058912,True,-0.06277126813272343,True,1.0,
EXTL2,Oligo,1,0.23369881069246456,0.4234471410941999,0.152518993880851,0.8941257636842888,True,0.17999105079546376,True,0.9272932768190606,
EYS,Oligo,16,0.09939729730896905,0.7429864253393665,0.4642432823882169,0.7185017570142568,True,0.044901610016727676,True,0.9709215353212385,
F10,Oligo,3,-0.3583539752524468,0.1995886466474702,0.0871846170100928,0.9842742596545272,False,-0.2681801830410371,False,0.8955353702557743,
F13A1,Oligo,1,-0.07655014811004833,0.6302178099392757,-0.1270997419102612,0.9811966632758145,True,-0.05488210936596687,True,0.9699490215240731,
F2,Oligo,1,-0.3996652694271828,0.15381511645480248,-0.2054285678279445,0.9666181920913856,True,-0.179170526871777,True,0.8729222334758668,
F3,Oligo,2,0.25828857524791704,0.37038255861785274,0.1459718773531736,0.9613856868073354,True,0.16495842900699428,True,0.920585849444673,
F5,Oligo,2,-0.20651794852545874,0.2358700123406006,0.5780116241865941,0.8520101042502813,False,-0.19036295982351623,False,0.8955353702557743,
F8,Oligo,3,-0.17340339339016586,0.1995886466474702,0.4771253922367378,0.7177830033228251,False,-0.17425482787511384,False,0.8955353702557743,
FABP5,Oligo,1,0.01142316481909783,0.8883587001234061,0.5774141092701739,0.7396954342025674,True,-0.03550416905177461,False,0.9833068577852265,
FAM177A1,Oligo,2,0.0986728737721853,0.37038255861785274,0.1027458932940968,0.9100978233927064,True,0.05198229027459169,True,0.920585849444673,
FAM20A,Oligo,13,-0.3000742707307555,0.2765939942410531,-0.083042581831771,0.9697173347977018,True,-0.3111957000576559,True,0.9166324969148498,
FAM20C,Oligo,1,0.08474891674765936,0.3212669683257919,0.057369742020035,0.9595939366998136,True,0.03624909743191383,True,0.920585849444673,
FAM24B,Oligo,1,-0.17324276354763782,0.37038255861785274,-0.2950349481008888,0.8641563323234774,True,-0.19075743924461527,True,0.920585849444673,
FAM3A,Oligo,1,0.21360665696514278,0.059234882764294526,0.0035821842453865,0.9979809377905966,True,0.1614085089175008,True,0.7831292612268833,
FAM3C,Oligo,2,0.12332221136387143,0.2765939942410531,0.0037079733441938,0.9974828289232344,True,0.07557012923302298,True,0.9166324969148498,
FAP,Oligo,3,0.12575949436722594,0.7429864253393665,1.423290224079546,0.1510782498122283,True,0.055898827765243124,True,0.9709215353212385,
FAS,Oligo,1,-0.23549910964793086,0.7429864253393665,-0.1823035087969125,0.9697173347977018,True,-0.2286939523304209,True,0.9709215353212385,
FBLN1,Oligo,3,-0.12512971306944648,0.9625668449197862,0.4737143894799704,0.8732726315385382,False,-0.11555821615659433,False,0.9958209752541637,
FBLN2,Oligo,6,-0.37393428684254404,0.8148087206910737,-0.218542369293849,0.9403338631058912,True,-0.35008745761164234,True,0.9774165421224245,
FBLN5,Oligo,2,-0.5947999130999228,0.046400658165364046,-0.0154221236821585,0.9965428672327156,True,-0.46906359142835286,True,0.7818904126780498,
FBLN7,Oligo,2,-0.40608591731752214,0.4807075277663513,-0.0576458709696031,0.988115067122558,True,-0.294524639455885,True,0.9287202178494102,
FBN1,Oligo,1,0.19695933171215435,0.2358700123406006,-0.0136177444760211,0.988115067122558,False,0.14660057179040795,False,0.8955353702557743,
FBN2,Oligo,11,-0.04546156573519867,0.6058412176059235,0.0247077480710169,0.9953285793918912,False,-0.07364986057394485,False,0.9536531642555559,
FBN3,Oligo,2,-0.4348190192268728,0.03595228301110654,-1.038774096277058,0.761108670532819,True,-0.30173471728821505,True,0.7703396502078044,
FBXO45,Oligo,1,0.12993312683207886,0.6058412176059235,-0.0823196377595335,0.958917615529371,False,0.08351490963633665,False,0.9536531642555559,
FCGBP,Oligo,6,-0.2125530346077196,1.0,0.6868636739151623,0.8732726315385382,False,-0.15763046865011596,False,1.0,
FCGR3A,Oligo,1,-0.22953470375645693,0.9613894362865227,1.8802705042728511,0.5486572091142387,False,-0.12525631958667735,False,0.9958209752541637,
FCRLA,Oligo,1,-0.11354742020634642,0.6058412176059235,0.7508929542483102,0.9128363030949688,False,-0.11407199088812531,False,0.9536531642555559,
FGF1,Oligo,19,0.12874597439551327,0.13879062114356233,0.0881578379978255,0.9190852001990818,True,0.0830137488895284,True,0.8624102221308104,
FGF10,Oligo,1,0.0889744172233781,0.8883587001234061,-0.1190272936615995,0.9864450869846328,False,0.030584013021161722,False,0.9833068577852265,
FGF13,Oligo,15,0.4805621306898192,0.07445495680789799,-0.311514428584042,0.9403338631058912,False,0.38095921149548484,False,0.7918780015463845,
FGF2,Oligo,1,0.03627210313578551,0.8148087206910737,-0.2567223150942939,0.9064687967526672,False,-0.012369229423408264,True,0.9774165421224245,
FGF20,Oligo,1,-0.29927017318922905,0.5414232825997531,-0.020436808126203,0.9974828289232344,True,-0.27174626023139914,True,0.943693947336386,
FGF22,Oligo,1,-0.00043973223802858363,0.9625668449197862,0.696307355255454,0.7610548775799021,False,-0.04602010380467623,False,0.9958209752541637,
FGF5,Oligo,1,-0.08717596964153901,0.8883587001234061,-0.8898380169851555,0.8887979979582972,True,-0.0965541753433223,True,0.9833068577852265,
FGF7,Oligo,2,0.2281816403838951,0.3212669683257919,-0.0558687913332741,0.9751041162889158,False,0.15800280750394985,False,0.920585849444673,
FGF9,Oligo,1,0.09992008816251444,0.8883587001234061,-0.0954782619536631,0.9837310464981948,False,0.03755191139336944,False,0.9833068577852265,
FGFBP3,Oligo,1,0.06163423442255044,0.6058412176059235,0.988422443357604,0.6924448493470519,True,0.01495620826313268,True,0.9536531642555559,
FGFR2,Oligo,18,0.14674661379017886,0.37038255861785274,-0.1739996027556386,0.6747603372294646,False,0.10320243427150128,False,0.920585849444673,
FGFR3,Oligo,2,-0.3314936821903842,0.09271904566022213,-0.7090864885009213,0.8373226038847789,True,-0.32048284541789274,True,0.8215799928288131,
FGL2,Oligo,2,-0.0804203547590049,0.9625668449197862,0.3029959914614563,0.921308890921271,False,-0.07119560575998861,False,0.9958209752541637,
FIBIN,Oligo,3,-0.002417641053673508,0.8883587001234061,0.1397037546016267,0.9724047991648408,False,-0.031591301900534434,False,0.9833068577852265,
FJX1,Oligo,2,0.10709293067524023,0.6729740847387906,0.227923419950876,0.9585276098906348,True,0.051401040675439005,True,0.9699490215240731,
FKRP,Oligo,2,0.06262000895393027,0.8148087206910737,0.0224231470031364,0.9924667498497394,True,0.017965859584980735,True,0.9774165421224245,
FLRT1,Oligo,2,-0.1573002256126943,0.6729740847387906,0.0174405865049635,0.994635484492071,False,-0.1894568822382762,False,0.9699490215240731,
FLRT2,Oligo,4,0.2059790188172156,0.6058412176059235,-0.9972084863408612,0.6289166051092747,False,0.11849484272005373,False,0.9536531642555559,
FLRT3,Oligo,1,0.24803738913267187,0.37038255861785274,0.0188118080016026,0.99412864687682,True,0.18423826715013947,True,0.920585849444673,
FLT1,Oligo,35,-0.09645123846470927,0.8148087206910737,0.2913509313338054,0.945078335277419,False,-0.1356628486650731,False,0.9774165421224245,
FLT3LG,Oligo,2,-0.29131138961791,0.37038255861785274,0.6255845531011021,0.8049950880898739,False,-0.3004043978075342,False,0.920585849444673,
FN1,Oligo,1,-0.04159133013172874,0.8883587001234061,0.143707568527555,0.921308890921271,False,-0.08396270173983873,False,0.9833068577852265,
FNDC1,Oligo,1,-0.2629638127322249,0.37038255861785274,-1.844212440275779,0.6025477071109361,True,-0.17780568828845547,True,0.920585849444673,
FNDC4,Oligo,1,-0.1382576467177803,0.2765939942410531,-0.0854348917052484,0.9842742596545272,True,-0.14774754077968805,True,0.9166324969148498,
FNDC5,Oligo,2,-0.16871792719826567,0.2765939942410531,-0.6303182023278393,0.8506813841715811,True,-0.1812710406645715,True,0.9166324969148498,
FOLR2,Oligo,2,-0.3156174132526466,0.24792309006121738,1.6844030930878056,0.7396954342025674,False,-0.17928342956308743,False,0.9166324969148498,
FREM1,Oligo,16,-0.35433731472808455,0.3212669683257919,-0.6131346896995876,0.8288659904982408,True,-0.3433029589448905,True,0.920585849444673,
FREM3,Oligo,1,-0.2462410542664964,0.9625668449197862,-0.108863100417939,0.9686993754024236,True,-0.20346706213249946,True,0.9958209752541637,
FRZB,Oligo,2,-0.318026710376415,0.9625668449197862,-0.3404382059914836,0.9068834936195328,True,-0.28727218833090934,True,0.9958209752541637,
FST,Oligo,4,-0.0396611294545513,0.8883587001234061,0.3692753479345529,0.9568704017644444,False,-0.08202283313940642,False,0.9833068577852265,
FSTL1,Oligo,1,-0.2035453574519229,0.6058412176059235,0.125722448743591,0.9713205864011406,False,-0.18824772537160947,False,0.9536531642555559,
FSTL3,Oligo,3,-0.07973456670375458,0.4807075277663513,0.2342912433362514,0.9392235698495188,False,-0.12511191740967548,False,0.9287202178494102,
FSTL4,Oligo,1,-0.09390070327400286,0.9625668449197862,-1.5381690032450692,0.5167370389611816,True,-0.10386346420136255,True,0.9958209752541637,
FSTL5,Oligo,1,0.20767443314177753,0.7429864253393665,0.0584977326208235,0.9875389755054692,True,0.13441166923038989,True,0.9709215353212385,
FUCA2,Oligo,1,0.10853249505802012,0.7429864253393665,-0.0616062154205118,0.9734492838942614,False,0.056271190854726864,False,0.9709215353212385,
FURIN,Oligo,5,0.05171937209919116,0.6058412176059235,0.2208448068528909,0.9276482291516448,True,0.005304767522389497,True,0.9536531642555559,
FUT6,Oligo,2,0.08892837804469858,0.6648126209477461,-0.1332161842091944,0.9864562139367992,False,0.028923872310091213,False,0.9699490215240731,
GABBR1,Oligo,2,-0.00030825723174004104,0.8883587001234061,-0.156682297590478,0.9304495291465904,True,-0.05374883250837102,True,0.9833068577852265,
GALNT1,Oligo,1,-0.5417231290937711,0.11213107560602797,-0.1407896242453601,0.7911487942643533,True,-0.29162737954697754,True,0.8256851192025261,
GALNT2,Oligo,1,0.11935429531745748,0.37038255861785274,0.1153388981491187,0.9136197279845528,True,0.07170464869668101,True,0.920585849444673,
GAS6,Oligo,2,-0.18629093917793896,0.6058412176059235,0.1528784402801974,0.9511381369830706,False,-0.2158939567890864,False,0.9536531642555559,
GASK1A,Oligo,2,-0.060553349373613015,0.6729740847387906,0.0027168078458054,0.9981518664611336,False,-0.06579171638054401,False,0.9699490215240731,
GATD1,Oligo,1,-0.03224487376577233,1.0,-0.0798374830644947,0.9613329588760752,True,-0.07323802692262012,True,1.0,
GBP1,Oligo,1,0.18197352723454138,0.37038255861785274,0.4582364215013825,0.9403338631058912,True,0.09610398075442775,True,0.920585849444673,
GDF10,Oligo,2,-0.013238114511421676,0.9625668449197862,-0.8609254386895244,0.9144768500244486,True,-0.030819661717393847,True,0.9958209752541637,
GDF11,Oligo,2,0.15031548601661468,0.2765939942410531,0.1625932256440846,0.936477385401717,True,0.09554470570463457,True,0.9166324969148498,
GDF15,Oligo,2,0.08369338404046607,0.7429864253393665,0.6035801585523604,0.9190852001990818,True,0.034103455306950914,True,0.9709215353212385,
GDF5,Oligo,3,0.1407861458092141,0.37038255861785274,-1.1954543662243058,0.8070961390632729,False,0.09200251324286518,False,0.920585849444673,
GDF7,Oligo,1,-0.6418092482419445,0.059234882764294526,-0.5358653012598856,0.9296701466344708,True,-0.4606524595303594,True,0.7831292612268833,
GDF9,Oligo,1,0.10129440542825832,0.9625668449197862,-0.4246255269623599,0.9144768500244486,False,0.05849872184136092,False,0.9958209752541637,
GDNF,Oligo,4,0.35119000393615274,0.07445495680789799,1.0830092407535843,0.7027960055700517,True,0.28530003282705524,True,0.7918780015463845,
GFER,Oligo,2,0.11926628340246836,0.37038255861785274,0.2470797928311197,0.9362656278786242,True,0.07042118934130766,True,0.920585849444673,
GFOD1,Oligo,24,-0.054967941048811364,0.37038255861785274,-0.4093852428071265,0.7315160193735133,True,-0.10081833899065092,True,0.920585849444673,
GFOD2,Oligo,1,0.04774836694957504,0.9625668449197862,0.0523030671388246,0.9733364797883446,True,0.006531027717650103,True,0.9958209752541637,
GGH,Oligo,1,-0.015232652576187335,0.8883587001234061,0.90988817424767,0.6631082386208842,False,-0.06702718849523563,False,0.9833068577852265,
GHR,Oligo,16,0.01403513536173456,0.6058412176059235,0.0190265045171419,0.9953285793918912,True,-0.035647511532519806,False,0.9536531642555559,
GHRL,Oligo,4,-0.4556937944691204,0.3212669683257919,0.8607925079820461,0.7741743708218681,False,-0.2717951689500154,False,0.920585849444673,
GLB1L,Oligo,2,0.09354048492556281,0.37038255861785274,-0.130767608178809,0.968242777638234,False,0.04793401312310952,False,0.920585849444673,
GLB1L2,Oligo,1,0.08473149389675155,0.6729740847387906,-0.5311626917401806,0.7611813871271617,False,0.03824744938148285,False,0.9699490215240731,
GLDN,Oligo,8,0.18255000885890638,0.2765939942410531,-0.2064884470065969,0.8784056675957087,False,0.13678545973113637,False,0.9166324969148498,
GLIPR1L1,Oligo,5,-0.221266124392703,0.16717400246812014,0.318361534016563,0.8651369052175615,False,-0.24475245791835737,False,0.8729222334758668,
GLT1D1,Oligo,3,-0.2816193625105204,0.6729740847387906,-0.1161009373099457,0.9686993754024236,True,-0.23159058729337767,True,0.9699490215240731,
GNAS,Oligo,21,0.027504599456377364,0.8883587001234061,0.0681845884521908,0.9613856868073354,True,-0.01654433441987294,False,0.9833068577852265,
GNLY,Oligo,1,-0.2818098118485461,0.497935963590442,1.1550853429682453,0.7797904152110069,False,-0.13132915737483092,False,0.943693947336386,
GNPTG,Oligo,1,0.17307424558294926,0.7429864253393665,0.1441657606551755,0.9199718833087164,True,0.11853850847651483,True,0.9709215353212385,
GPC1,Oligo,6,-0.03272251379938264,0.37038255861785274,-0.2909529798852279,0.8987831620341941,True,-0.08153576701589424,True,0.920585849444673,
GPC2,Oligo,2,-0.036649480554538746,0.9625668449197862,-0.0476437906876193,0.988115067122558,True,-0.07494407014419227,True,0.9958209752541637,
GPC4,Oligo,2,-0.20942840812625946,0.37038255861785274,-0.8677520387670367,0.5046548320959856,True,-0.2086266114947399,True,0.920585849444673,
GPC5,Oligo,35,-0.07570736964227605,1.0,0.8739529432365608,0.6781631852333454,False,-0.12649972339126841,False,1.0,
GPC6,Oligo,89,-0.003446001362473382,0.6729740847387906,0.1266853375959351,0.94838924523625,False,-0.059800146523144665,False,0.9699490215240731,
GPI,Oligo,1,-0.3322833672126511,0.046400658165364046,-0.2478055592451493,0.7911487942643533,True,-0.33714232691796514,True,0.7818904126780498,
GPX3,Oligo,2,-0.17583059990921315,0.6729740847387906,1.3655756541810464,0.7540430835029771,False,-0.15262343459576966,False,0.9699490215240731,
GPX7,Oligo,1,-0.11002386723850358,0.4234471410941999,0.2415323400461435,0.9423385382899764,False,-0.1349181174899351,False,0.9272932768190606,
GREM1,Oligo,1,0.17404720886235753,0.2765939942410531,0.5295533762890812,0.8299872207753898,True,0.11575547267380654,True,0.9166324969148498,
GREM2,Oligo,1,0.19143649139968105,0.5414232825997531,-0.7218269937034284,0.9075486707110896,False,0.09831255604504234,False,0.943693947336386,
GRN,Oligo,3,0.06504690100739767,0.7429864253393665,0.1271148746984013,0.9541185376344388,True,0.020403292638201908,True,0.9709215353212385,
GRP,Oligo,3,-0.22560407257313636,0.6729740847387906,1.1141087917353187,0.7864716391537,False,-0.19390641223512067,False,0.9699490215240731,
GSDMD,Oligo,2,-0.5094329862365145,0.059234882764294526,0.0106572493069211,0.9981518664611336,False,-0.40065072248840006,False,0.7831292612268833,
GSN,Oligo,31,0.18626161151267617,0.16717400246812014,0.0037538544720581,0.9974828289232344,True,0.1425841274381518,True,0.8729222334758668,
GZMM,Oligo,2,-0.09073170531864247,0.8148087206910737,0.082707047714729,0.988115067122558,False,-0.09453992154991088,False,0.9774165421224245,
HAMP,Oligo,3,-0.12163379340433651,0.7429864253393665,1.050235925475016,0.868309399503223,False,-0.1490600329472846,False,0.9709215353212385,
HAPLN1,Oligo,5,-0.12718897724649098,0.37038255861785274,-0.9847971006938984,0.7611813871271617,True,-0.15481711386152833,True,0.920585849444673,
HAPLN2,Oligo,1,0.14898586200887776,0.7429864253393665,0.3938059872800915,0.8299872207753898,True,0.10279935029018623,True,0.9709215353212385,
HAPLN4,Oligo,1,-0.8414956104172248,0.03595228301110654,-0.4410332721432591,0.9362656278786242,True,-0.49361244524832754,True,0.7703396502078044,
HBEGF,Oligo,1,0.10104702821508016,0.6729740847387906,-0.2995597396425365,0.8520101042502813,False,0.05704055768903709,False,0.9699490215240731,
HCG22,Oligo,1,-0.19192606551501198,0.5003186734539344,-0.4547598431991548,0.9362656278786242,True,-0.10379885333954104,True,0.943693947336386,
HDGF,Oligo,1,0.11328174906491756,0.4807075277663513,0.105722887258561,0.9362656278786242,True,0.06569389487478022,True,0.9287202178494102,
HEG1,Oligo,1,0.08240859229820394,0.16717400246812014,-0.1762691160761465,0.8901226295060011,False,0.03606148924899005,False,0.8729222334758668,
HGF,Oligo,1,0.07567093550764396,0.8883587001234061,0.1361700739653612,0.9727834082151092,True,0.019541463290475035,True,0.9833068577852265,
HHIP,Oligo,2,0.2045350329175494,0.16717400246812014,-0.0633608674274517,0.94838924523625,False,0.15622207647843375,False,0.8729222334758668,
HHIPL1,Oligo,2,-0.468925128586853,0.1995886466474702,-0.275255478076936,0.8956522913019466,True,-0.3426948518665656,True,0.8955353702557743,
HILPDA,Oligo,2,0.05465601611150989,0.4234471410941999,0.1412698852203357,0.9591591875686124,True,0.011097157086770039,True,0.9272932768190606,
HLA-E,Oligo,2,-0.13948632456238216,0.6058412176059235,1.2772591208325923,0.4219610406612866,False,-0.16376245481325363,False,0.9536531642555559,
HMCN1,Oligo,1,0.23819588135322411,0.13879062114356233,-0.2573468885209919,0.9392235698495188,False,0.14736745866405127,False,0.8624102221308104,
HMCN2,Oligo,9,-0.5294806911000057,0.3212669683257919,-0.6407817945638353,0.9136197279845528,True,-0.4433106606429023,True,0.920585849444673,
HMGB1,Oligo,21,0.2849413845989308,0.13879062114356233,0.1227657670051694,0.8506813841715811,True,0.24018556068027172,True,0.8624102221308104,
HMGB2,Oligo,1,0.13389337788918274,0.2765939942410531,0.140983690363096,0.9449368837978236,True,0.08683351824432459,True,0.9166324969148498,
HMSD,Oligo,2,-0.14734740636667276,0.7429864253393665,-0.4034736802584864,0.868309399503223,True,-0.1737691616861857,True,0.9709215353212385,
HNRNPA2B1,Oligo,1,0.18223897784443144,0.6729740847387906,0.1107782119215278,0.8874057905584055,True,0.13893385627161453,True,0.9699490215240731,
HPSE,Oligo,2,-0.4253322727645907,0.7429864253393665,1.1258607941942629,0.7878536332391539,False,-0.32887186037752564,False,0.9709215353212385,
HPSE2,Oligo,35,-0.06059118409181248,0.7429864253393665,-0.1699205715229757,0.9591591875686124,True,-0.10376583724068977,True,0.9709215353212385,
HPX,Oligo,2,-0.18983577363772475,0.1995886466474702,-0.0839630414121059,0.989124155147332,True,-0.20736218489379987,True,0.8955353702557743,
HSD11B1L,Oligo,1,0.14566534974303533,0.37038255861785274,0.0433072270407538,0.9875389755054692,True,0.10191677718813814,True,0.920585849444673,
HSP90AB1,Oligo,1,0.15108353358381726,0.4807075277663513,0.0672801362252199,0.9723983047580184,True,0.10907903268123333,True,0.9287202178494102,
HSPA1A,Oligo,1,0.38406659248873753,0.1995886466474702,1.81744061455427,0.214251169042343,True,0.34046564288900893,True,0.8955353702557743,
HSPB6,Oligo,1,0.08352215478035384,0.2358700123406006,0.6490523378836343,0.912201952992642,True,0.0376941679370169,True,0.8955353702557743,
HSPG2,Oligo,2,0.15766171862326242,0.2358700123406006,0.0292150030840558,0.988782323958001,True,0.109875536823173,True,0.8955353702557743,
HTRA1,Oligo,3,0.029402815320362607,0.6729740847387906,0.0868463630604737,0.948977074152765,True,-0.016089938604333474,False,0.9699490215240731,
HYAL1,Oligo,2,-0.20986316044226802,0.4234471410941999,0.3481724372520469,0.8955318046250319,False,-0.15614847286316097,False,0.9272932768190606,
IAPP,Oligo,3,-0.19113366890562372,0.37038255861785274,0.0420776518463954,0.99529358891202,False,-0.14632585043533672,False,0.920585849444673,
IDE,Oligo,10,-0.13130584737458145,0.8148087206910737,-0.1266552083562194,0.8310826238674544,True,-0.16711786817742988,True,0.9774165421224245,
IFI30,Oligo,1,-0.3854141575703406,0.16717400246812014,0.8188885113114798,0.9066567543864718,False,-0.3295359455734402,False,0.8729222334758668,
IFI35,Oligo,1,0.0002180179860512042,0.8148087206910737,0.5349741098949483,0.8781028357584484,True,-0.03849523658689532,False,0.9774165421224245,
IFNA2,Oligo,1,0.1341220605650576,0.3594640921412464,-0.6166889473262663,0.8521105793340067,False,0.04972544903807785,False,0.920585849444673,
IFNAR2,Oligo,1,0.18605491586528872,0.3212669683257919,0.0613601815740948,0.9551975093607836,True,0.1294168376920702,True,0.920585849444673,
IGF1,Oligo,2,0.039141022136651556,0.7429864253393665,0.437773717131586,0.9064687967526672,True,5.527911945046424e-05,True,0.9709215353212385,
IGFBP2,Oligo,4,-0.24957047904730834,0.6058412176059235,0.9340083156408904,0.7540430835029771,False,-0.19950950579143378,False,0.9536531642555559,
IGFBP3,Oligo,3,0.05553135957624686,0.4234471410941999,0.9283909585504344,0.8315122765557416,True,0.00757958893818136,True,0.9272932768190606,
IGFBP4,Oligo,1,-0.13475830717231504,0.4807075277663513,0.188765835400379,0.9813850425379972,False,-0.1537696640668234,False,0.9287202178494102,
IGFBP5,Oligo,2,0.026272911204392756,0.7429864253393665,-0.2623435607416569,0.9511941338329052,False,-0.008951705162131748,True,0.9709215353212385,
IGFBP6,Oligo,1,-0.48974588631870797,0.09271904566022213,-0.4180352929610717,0.9322264870162136,True,-0.4589473940790433,True,0.8215799928288131,
IGFBP7,Oligo,1,0.16667962214724713,0.6058412176059235,1.1581772359315008,0.6159554047458032,True,0.09400668245866654,True,0.9536531642555559,
IGFBPL1,Oligo,1,-0.29257661289485315,0.4807075277663513,-1.1529454560784982,0.7911487942643533,True,-0.23373531518240126,True,0.9287202178494102,
IGFL3,Oligo,3,-0.33764612045466774,0.5634637328658632,-0.8095212488998298,0.8513948852482152,True,-0.2174244920495505,True,0.9536531642555559,
IGFL4,Oligo,7,-0.295858100131589,0.3212669683257919,-0.6471572950572825,0.4109134027091499,True,-0.3064723601861057,True,0.920585849444673,
IGLL1,Oligo,1,-0.29167803021432154,0.20815253423096258,-0.1534911447569534,0.97129254457547,True,-0.13326119498014066,True,0.8955353702557743,
IGLON5,Oligo,2,-0.7553651372605447,0.1995886466474702,0.5404917934063107,0.8953863051774641,False,-0.5053834851734149,False,0.8955353702557743,
IGLV10-54,Oligo,1,-0.024616649986376287,1.0,-0.0538882779740866,0.9932310345898904,True,-0.02384076170711408,True,1.0,
IGSF1,Oligo,11,0.1526757470432562,0.2765939942410531,0.8344081970311303,0.7018066543617796,True,0.09774042652282788,True,0.9166324969148498,
IGSF10,Oligo,2,-0.2794951507756036,0.8883587001234061,-0.4030996004583138,0.9356862512044576,True,-0.20134524035473836,True,0.9833068577852265,
IL11RA,Oligo,2,0.15437391634399164,0.13879062114356233,0.1024915796419334,0.9644899655636816,True,0.10310967331788878,True,0.8624102221308104,
IL12A,Oligo,2,0.006048657195679599,0.8148087206910737,0.3831314407442902,0.8987831620341941,True,-0.03747277890232528,False,0.9774165421224245,
IL15,Oligo,9,-0.2320396072258128,0.9625668449197862,0.3432227940809184,0.9447431932907222,False,-0.2403908806336168,False,0.9958209752541637,
IL16,Oligo,24,-0.2625692835461981,0.046400658165364046,0.4759689619485627,0.8928193318426232,False,-0.28860644432300103,False,0.7818904126780498,
IL17D,Oligo,1,-0.1341765872751471,0.37038255861785274,-0.1281077622343357,0.9403338631058912,True,-0.1746748091956999,True,0.920585849444673,
IL17RA,Oligo,1,0.003794996135554991,0.8883587001234061,0.5030702396735639,0.5513703197699268,True,-0.04588996720531496,False,0.9833068577852265,
IL17RB,Oligo,2,0.13860180770120165,0.4807075277663513,0.2075875449309269,0.94838924523625,True,0.08980579073799388,True,0.9287202178494102,
IL17RE,Oligo,2,-0.2968069700925889,0.28954300792784626,0.8781954955103033,0.8399751170069176,False,-0.1530731592621505,False,0.920585849444673,
IL18,Oligo,1,-0.16517255058368432,0.594372306222881,0.5990232543850071,0.8299872207753898,False,-0.08003198028113269,False,0.9536531642555559,
IL18BP,Oligo,2,-0.0294670445541905,0.8883587001234061,0.3676045463455105,0.9161431216758892,False,-0.0429131824963557,False,0.9833068577852265,
IL19,Oligo,17,-0.2751860708738576,0.5414232825997531,0.7559734885628059,0.9100978233927064,False,-0.2522260858909199,False,0.943693947336386,
IL1R1,Oligo,9,0.13338410115619223,0.4807075277663513,0.7367844285236856,0.8624400287698031,True,0.06784170262751497,True,0.9287202178494102,
IL1RAP,Oligo,12,0.06956903556745334,0.8883587001234061,-0.7343207032148744,0.761108670532819,False,0.012207407478468534,False,0.9833068577852265,
IL23A,Oligo,2,-0.6199945344008916,0.16717400246812014,-0.756263158325878,0.8962917065291774,True,-0.36648474583885143,True,0.8729222334758668,
IL26,Oligo,1,-0.3345945681005757,0.08100653627649665,0.4758769621765107,0.8955318046250319,False,-0.14247979392043772,False,0.8215799928288131,
IL32,Oligo,1,-0.47508331965089684,0.4807075277663513,1.2779717337315095,0.8525846460913581,False,-0.23687412088779383,False,0.9287202178494102,
IL33,Oligo,9,0.4202780837242578,0.1995886466474702,-0.0173045394828925,0.9979809377905966,False,0.2806065363436882,False,0.8955353702557743,
IL34,Oligo,14,-0.2648405483802709,0.13879062114356233,0.5537052261153366,0.868309399503223,False,-0.28754708066571605,False,0.8624102221308104,
IL4I1,Oligo,9,0.1344154125147401,0.2358700123406006,-0.5365486052112513,0.8955318046250319,False,0.08664538895318928,False,0.8955353702557743,
IL4R,Oligo,12,-0.3119404397988069,0.5414232825997531,-0.284136054935918,0.9362656278786242,True,-0.2921680495833624,True,0.943693947336386,
IL6R,Oligo,3,-0.21059593987720338,0.3212669683257919,-0.4982488413087158,0.8299872207753898,True,-0.24577443798306378,True,0.920585849444673,
IL6ST,Oligo,5,0.17730636959938048,0.3212669683257919,-0.152168717853683,0.8318282793967262,False,0.13079753542642364,False,0.920585849444673,
IL7,Oligo,2,-0.18368498609679876,0.8883587001234061,0.3386624463636658,0.7911487942643533,False,-0.17339763512414955,False,0.9833068577852265,
IL7R,Oligo,2,0.04356351674898553,0.8148087206910737,0.97904862299549,0.8520101042502813,True,0.00014941822309989778,True,0.9774165421224245,
INHA,Oligo,1,-0.5249928968409044,0.1995886466474702,-1.931434788451252,0.7611813871271617,True,-0.44733079155609834,True,0.8955353702557743,
INHBA,Oligo,3,0.1617431008201134,0.4807075277663513,0.0690525682717705,0.9924667498497394,True,0.0955959998228486,True,0.9287202178494102,
INHBB,Oligo,1,-0.5091386390784041,0.37038255861785274,0.3420958070934813,0.9508206637708227,False,-0.47853705210392894,False,0.920585849444673,
INSL6,Oligo,1,-0.21993918364127263,0.1995886466474702,0.5419728324418809,0.8915657341359929,False,-0.14109652436090694,False,0.8955353702557743,
ISG15,Oligo,5,-0.327439311514107,0.09271904566022213,0.785045335144891,0.8166954097246107,False,-0.35460724889110723,False,0.8215799928288131,
ISM2,Oligo,1,-0.5006580014769204,0.07445495680789799,0.7125269531927704,0.9143914736799617,False,-0.3271385641777646,False,0.7918780015463845,
ITFG1,Oligo,1,0.3054304254480368,0.046400658165364046,-0.173839246393189,0.8299872207753898,False,0.2474745182389818,False,0.7818904126780498,
ITGBL1,Oligo,4,-0.27825112656606105,0.02739613327848622,0.6093118550292658,0.7060459664318759,False,-0.296210819939582,False,0.7401422746051902,
ITIH4,Oligo,1,-0.1075574550216483,1.0,0.3914276766671722,0.8732726315385382,False,-0.09477962087398402,False,1.0,
ITIH5,Oligo,9,-0.14058461920534876,0.8883587001234061,0.7065804081420479,0.8521105793340067,False,-0.15219073710480685,False,0.9833068577852265,
ITM2B,Oligo,3,0.12780723488728718,0.07445495680789799,0.1587005888195348,0.9253460123491896,True,0.07728819630379413,True,0.7918780015463845,
IZUMO4,Oligo,1,0.2354354549271788,0.1995886466474702,0.3181707841439032,0.9049590826338192,True,0.19056654945089183,True,0.8955353702557743,
JAM3,Oligo,1,0.05681352326659828,0.9625668449197862,-0.1838076742221405,0.8299872207753898,False,0.014202352544585769,False,0.9958209752541637,
KCP,Oligo,2,-0.3441075168325338,0.16717400246812014,0.8813114734576629,0.8328025567674077,False,-0.24676434051092339,False,0.8729222334758668,
KDR,Oligo,2,0.0409279139921683,1.0,0.6792726719254655,0.7342685757716966,True,-0.010932444738894646,False,1.0,
KIAA0319,Oligo,18,-0.4220882023975265,0.09271904566022213,-0.7228711260564024,0.8215060257701924,True,-0.4230246884537769,True,0.8215799928288131,
KIRREL3,Oligo,1,0.018443914900371994,1.0,0.0456123075826105,0.9727027125737252,True,-0.02539639639376664,False,1.0,
KITLG,Oligo,1,-0.30602875378371064,0.4807075277663513,-1.0907321043969118,0.7700398517031455,True,-0.2934123759665251,True,0.9287202178494102,
KL,Oligo,2,-0.4043526809152474,0.13879062114356233,-0.4612809295113404,0.9143914736799617,True,-0.35823393365257467,True,0.8624102221308104,
KLK10,Oligo,2,-0.2813508319039155,0.16717400246812014,-0.7046422273782585,0.9324283240532784,True,-0.2764823099620948,True,0.8729222334758668,
KLK6,Oligo,1,0.13015434654780766,0.046400658165364046,0.3666617999959025,0.8231721483254876,True,0.08443993954374396,True,0.7818904126780498,
KLK7,Oligo,2,-0.12837399542838002,0.6729740847387906,-0.5571404877458935,0.9224540838102268,True,-0.11126551831586957,True,0.9699490215240731,
KLKB1,Oligo,1,-0.5169110204195055,0.38782519919201897,0.0894260220663981,0.972843177579267,False,-0.22244809202863414,False,0.9272932768190606,
KNG1,Oligo,1,-0.5512128654856524,0.7995028085018807,0.5191595991332311,0.9334879646948904,False,-0.24571089353090175,False,0.9774165421224245,
LAMA1,Oligo,25,-0.23133766701780567,0.6729740847387906,-0.0499545031051473,0.9877509043355988,True,-0.25868379486991955,True,0.9699490215240731,
LAMA2,Oligo,1,0.17044073155234468,0.5414232825997531,-0.1551260014813398,0.9501748666004256,False,0.10685322874311966,False,0.943693947336386,
LAMA3,Oligo,29,-0.29546064743204326,0.2765939942410531,-0.5347360703215946,0.8486317870924784,True,-0.32040135820425714,True,0.9166324969148498,
LAMA4,Oligo,2,-0.3823197974410424,0.02739613327848622,-0.0789917013699825,0.9774240992777716,True,-0.3434425114089402,True,0.7401422746051902,
LAMA5,Oligo,1,-0.7490886789548605,0.007897984368572603,-0.0711439746823953,0.988115067122558,True,-0.7122683944918181,True,0.6428156623157458,
LAMB1,Oligo,1,-0.18424018352014176,0.7429864253393665,-0.1754634646554929,0.9392235698495188,True,-0.15448942163747323,True,0.9709215353212385,
LAMB2,Oligo,1,-0.10201885957095631,0.37038255861785274,1.1713611879051298,0.7342685757716966,False,-0.13329839943073696,False,0.920585849444673,
LAMB3,Oligo,3,0.04815251546414246,0.6729740847387906,-0.0666260348974472,0.9875389755054692,False,0.004627144506436233,False,0.9699490215240731,
LAMC1,Oligo,1,0.06069821291648211,0.5414232825997531,-0.5515728165892019,0.8592050854981844,False,0.009121482202767687,False,0.943693947336386,
LAMC2,Oligo,1,-0.11009452779222184,0.9611478551672934,-0.3051469583344076,0.959045491822385,True,-0.06074961888654387,True,0.9958209752541637,
LAMC3,Oligo,1,-0.22771491027112303,0.113944878650761,0.1676582933575997,0.9524256009468204,False,-0.19039791377270474,False,0.8256851192025261,
LCAT,Oligo,3,0.029104979666027674,0.7429864253393665,0.479270062332906,0.8624400287698031,True,-0.024138939219509516,False,0.9709215353212385,
LCN1,Oligo,1,-0.26013324145424666,0.33562751985334394,0.2833152308597391,0.9568704017644444,False,-0.13274896115596613,False,0.920585849444673,
LCN12,Oligo,2,0.03294997350898839,0.8148087206910737,-1.4030750986695606,0.8180470197942816,False,-0.0133753083500087,True,0.9774165421224245,
LCN15,Oligo,1,-0.3315454754101408,0.2358700123406006,-0.1396243804997675,0.9842742596545272,True,-0.29228046186743384,True,0.8955353702557743,
LEAP2,Oligo,1,-0.40891996089622223,0.6058412176059235,-0.4158723257773645,0.8797129628545259,True,-0.23682676757013046,True,0.9536531642555559,
LEFTY1,Oligo,2,-0.22966014489599262,0.33562751985334394,0.1697831012077769,0.9578468939013371,False,-0.14468080214785695,False,0.920585849444673,
LEPR,Oligo,20,0.14199291456508895,0.13879062114356233,-0.3502365488274382,0.7745919251350903,False,0.0953634526072368,False,0.8624102221308104,
LGALS1,Oligo,1,-0.1218947650810941,0.5414232825997531,0.0540226787319296,0.9877509043355988,False,-0.15502807417771974,False,0.943693947336386,
LGALS3,Oligo,1,0.010814318459238656,0.6729740847387906,1.3373160851440111,0.3033085228117079,True,-0.03247259881645457,False,0.9699490215240731,
LGALS3BP,Oligo,1,0.07352490040952316,0.4807075277663513,0.2692394648307645,0.9120376643483084,True,0.03032142750929558,True,0.9287202178494102,
LGALS9,Oligo,3,-0.20592436975673153,0.2358700123406006,0.3916282844741227,0.8941257636842888,False,-0.19309323034185752,False,0.8955353702557743,
LGI1,Oligo,2,-0.10900833919228561,0.8148087206910737,-0.6286486518104287,0.8652130844533175,True,-0.08680242522336477,True,0.9774165421224245,
LGI2,Oligo,2,-0.2099521088941896,0.4807075277663513,0.2909182563195644,0.9446707905067074,False,-0.22800850812196372,False,0.9287202178494102,
LGI3,Oligo,2,0.33458298100726747,0.09271904566022213,0.251607501560693,0.7342685757716966,True,0.28725781672951306,True,0.8215799928288131,
LGI4,Oligo,1,-0.038999680293479486,0.8883587001234061,0.535776553785812,0.7787309064699263,False,-0.07695292535215063,False,0.9833068577852265,
LIFR,Oligo,11,0.16328294856255918,0.2358700123406006,-0.1336901332372385,0.8962917065291774,False,0.11655973976398025,False,0.8955353702557743,
LIPC,Oligo,6,-0.4312994634359329,0.16717400246812014,0.7685542455147981,0.8475492523753629,False,-0.39059227678675773,False,0.8729222334758668,
LIPG,Oligo,4,-0.4356490071966327,0.6729740847387906,-0.6609462747733662,0.8874057905584055,True,-0.3516064721556012,True,0.9699490215240731,
LIPI,Oligo,1,0.27798082747600755,0.2126397197685561,0.7059251307724868,0.868309399503223,True,0.1059773400621617,True,0.8955353702557743,
LLCFC1,Oligo,1,-0.035568404905899936,0.8838111823741173,-0.9107387656209976,0.8506813841715811,True,-0.023056368085116418,True,0.9833068577852265,
LNPEP,Oligo,2,0.16573885613245443,0.6729740847387906,0.0509485787162393,0.948695531210928,True,0.12358589257631539,True,0.9699490215240731,
LOX,Oligo,1,-0.14057346588939315,0.7429864253393665,0.2227498832711563,0.9636423730878028,False,-0.15535854501904534,False,0.9709215353212385,
LOXL1,Oligo,3,-0.21091179146209107,0.9625668449197862,-0.8319655519831658,0.9037975931789344,True,-0.18772326369349868,True,0.9958209752541637,
LOXL2,Oligo,1,0.1582883960251592,0.5414232825997531,0.0856348578825314,0.9662367058395016,True,0.06680072387125321,True,0.943693947336386,
LOXL3,Oligo,1,0.17553285416679623,0.3212669683257919,0.7557821638736023,0.7577802765714435,True,0.11029912091408343,True,0.920585849444673,
LOXL4,Oligo,2,0.08096818924758709,0.5414232825997531,0.346807125147652,0.9356862512044576,True,0.029071102233953063,True,0.943693947336386,
LPL,Oligo,1,0.0773735057787192,0.8883587001234061,0.418884736207418,0.9144768500244486,True,0.02602645286683636,True,0.9833068577852265,
LRP8,Oligo,1,-0.24312416678165757,0.3212669683257919,-0.2730192405467113,0.9269195279242748,True,-0.2573358953254322,True,0.920585849444673,
LRRC17,Oligo,2,-0.12694651423453998,0.733109295760819,-0.0018963446373526,0.9987715464506184,True,-0.06265144507424046,True,0.9709215353212385,
LTBP1,Oligo,27,-0.00038317761151188286,0.5414232825997531,-0.2167252875703139,0.9193443526232542,True,-0.05256238421735272,True,0.943693947336386,
LTBP2,Oligo,1,-0.0016378197072814656,0.8883587001234061,0.4549309382784443,0.8955318046250319,False,-0.039943914858932006,False,0.9833068577852265,
LTBP3,Oligo,4,0.258610840014995,0.02739613327848622,0.5059849477438731,0.1296956832804094,True,0.2057233099841335,True,0.7401422746051902,
LTBP4,Oligo,7,-0.016402888233582276,0.8148087206910737,-0.4783062679535254,0.8160552016259455,True,-0.062008498226044824,True,0.9774165421224245,
LUZP2,Oligo,27,0.21011506208110017,0.6058412176059235,0.2259353723092583,0.94838924523625,True,0.13800597858159303,True,0.9536531642555559,
LY6G5C,Oligo,1,0.09944257370533505,0.5414232825997531,0.2127310195915583,0.9600210772013308,True,0.048628849532719835,True,0.943693947336386,
LY86,Oligo,2,-0.31084841419716625,0.5634637328658632,0.4588795791907152,0.8915657341359929,False,-0.1989544396225093,False,0.9536531642555559,
LY96,Oligo,1,-0.044272244311286006,0.9625668449197862,0.7025348770851711,0.8235848056281357,False,-0.0683943356427096,False,0.9958209752541637,
LYPD6,Oligo,3,0.08245196119138001,0.6729740847387906,0.3276678896086847,0.8941257636842888,True,0.02927309706994234,True,0.9699490215240731,
LYPD8,Oligo,2,-0.08739807720718716,0.6729740847387906,0.4522555739532438,0.9362656278786242,False,-0.07285606361182817,False,0.9699490215240731,
LYZ,Oligo,1,-0.02044784258438195,0.9625668449197862,0.9262804504563013,0.8897469645010775,False,-0.023332551340194456,False,0.9958209752541637,
MAMDC2,Oligo,1,0.02349070249620091,0.8148087206910737,0.3051187072416663,0.9085613796149006,True,-0.015790550301309332,False,0.9774165421224245,
MAN2B1,Oligo,2,0.11881883903674452,0.4234471410941999,0.0127785461957041,0.9924667498497394,True,0.06116617815642119,True,0.9272932768190606,
MAN2B2,Oligo,1,-0.0007702445907768598,0.7429864253393665,0.3332183382135297,0.8299872207753898,False,-0.04389905899302381,False,0.9709215353212385,
MANF,Oligo,1,0.11545668643644243,0.3212669683257919,0.4388828041609303,0.8521105793340067,True,0.07023037479081932,True,0.920585849444673,
MAPT,Oligo,19,0.0320451263783262,0.8148087206910737,0.2521228052628221,0.7611813871271617,True,-0.011028639580304919,False,0.9774165421224245,
MASP1,Oligo,2,0.25746121573755915,0.6729740847387906,0.5407449966198682,0.8987831620341941,True,0.1358831196762525,True,0.9699490215240731,
MATN1,Oligo,1,-0.25323325911817957,0.13879062114356233,-0.2476298119213025,0.9506260758206012,True,-0.2533575831041547,True,0.8624102221308104,
MATN2,Oligo,6,0.27486762656740177,0.046400658165364046,0.2995186778170073,0.7948067302013576,True,0.21661058622447119,True,0.7818904126780498,
MATN4,Oligo,3,0.15644435823049196,0.6058412176059235,1.1182065852696206,0.8506813841715811,True,0.07212108356300004,True,0.9536531642555559,
MBTPS1,Oligo,1,0.17881895064365946,0.3212669683257919,0.0439499522813973,0.9431823206812404,True,0.12802216485758167,True,0.920585849444673,
MDFIC,Oligo,1,-0.6384333517625354,0.2765939942410531,0.1671072260679884,0.9692675178607644,False,-0.543987627406444,False,0.9166324969148498,
MDK,Oligo,1,-0.1566434160332229,0.6729740847387906,1.2146363554754516,0.6180621799731767,False,-0.17737096415685352,False,0.9699490215240731,
MEGF6,Oligo,25,-0.35942311056719667,0.37038255861785274,0.0737122080665726,0.9864562139367992,False,-0.3928751962509774,False,0.920585849444673,
MEPE,Oligo,1,0.18938847663276778,0.3576818432098805,0.1889997500330987,0.9662367058395016,True,0.07524380214951436,True,0.920585849444673,
MET,Oligo,9,0.31908217579769327,0.113944878650761,0.4275715236735971,0.8968865972867047,True,0.2610431300334999,True,0.8256851192025261,
METRN,Oligo,2,0.17730282800080888,0.37038255861785274,0.0423576173528785,0.9782104470635306,True,0.13033920854923334,True,0.920585849444673,
METRNL,Oligo,1,0.07825587900224049,0.7429864253393665,0.802038170754593,0.8520101042502813,True,0.02420461566630826,True,0.9709215353212385,
METTL24,Oligo,1,-0.3844809625112304,0.6729740847387906,-0.1341702516073196,0.9367140869835614,True,-0.32453983387793295,True,0.9699490215240731,
MFAP5,Oligo,2,-0.10498426765698811,0.8148087206910737,0.0165625007142548,0.9979809377905966,False,-0.06922758417264026,False,0.9774165421224245,
MFGE8,Oligo,2,0.8235691081521128,0.03595228301110654,0.8576531913668323,0.7822482529287431,True,0.6594332596839111,True,0.7703396502078044,
MGAT4A,Oligo,11,-0.0480420575073123,0.7429864253393665,0.2099817645999846,0.8341299015899023,False,-0.09472712865106364,False,0.9709215353212385,
MGAT5,Oligo,36,-0.008907950773577032,1.0,-0.0695064046725458,0.960554937613807,True,-0.05384839860997839,True,1.0,
MGP,Oligo,4,-0.07646233092553031,0.9625668449197862,2.778308215750459,0.2145710857594824,False,-0.08161263245542386,False,0.9958209752541637,
MIA,Oligo,1,0.274455326785906,0.3212669683257919,0.950968253955204,0.8651369052175615,True,0.22454597358303652,True,0.920585849444673,
MIF,Oligo,1,0.09908445559287885,0.3212669683257919,0.2660518554580254,0.9362656278786242,True,0.050936575851181144,True,0.920585849444673,
MINPP1,Oligo,2,-0.10888202942226036,0.3212669683257919,-0.0437489702233203,0.9851630673907772,True,-0.13863379800881195,True,0.920585849444673,
MMP16,Oligo,1,0.08663389030075856,0.8883587001234061,-0.7553780333838516,0.8083758689116073,False,0.030373410632768796,False,0.9833068577852265,
MMP17,Oligo,5,0.107839099515869,0.6058412176059235,-1.0444661881046229,0.4416990238462333,False,0.05226978372026307,False,0.9536531642555559,
MMP19,Oligo,1,-0.20559904196027162,0.5920655298478774,0.7604668576468055,0.8328025567674077,False,-0.09335132725535816,False,0.9536531642555559,
MMP2,Oligo,13,-0.28443170115700517,0.03595228301110654,0.5049214939460636,0.9356862512044576,False,-0.30105552923708945,False,0.7703396502078044,
MMP21,Oligo,2,-0.0002134461790695997,0.8883587001234061,0.5717084383624285,0.7611813871271617,False,-0.019303399717933056,False,0.9833068577852265,
MMP24,Oligo,1,0.20351652116608449,0.5414232825997531,0.3022574545188214,0.8928193318426232,True,0.10530880733798259,True,0.943693947336386,
MMP26,Oligo,3,-0.12810426087567184,0.9625668449197862,-0.5707717809551445,0.9062883996738018,True,-0.09381001244374995,True,0.9958209752541637,
MMP28,Oligo,2,-0.5957938437036252,0.4807075277663513,-0.4290979203018009,0.9144768500244486,True,-0.407594070996384,True,0.9287202178494102,
MMRN2,Oligo,2,-0.2746976987786169,0.7429864253393665,0.4171592263452698,0.9362656278786242,False,-0.25352167676602394,False,0.9709215353212385,
MR1,Oligo,1,-0.05224367383401602,0.6729740847387906,0.1358887192530206,0.9599952311147087,False,-0.0907977446188807,False,0.9699490215240731,
MS4A13,Oligo,1,0.1065260718883428,0.5834245156431206,0.0241760549474982,0.9974828289232344,True,0.03693612136594671,True,0.9536531642555559,
MST1,Oligo,1,-0.2102412700560261,0.113944878650761,0.1666946822064066,0.9541432133475098,False,-0.22869326830621975,False,0.8256851192025261,
MSTN,Oligo,4,0.12857842292013938,0.37038255861785274,0.3218974726586184,0.9362656278786242,True,0.059172870750523854,True,0.920585849444673,
MTRNR2L1,Oligo,2,0.8815481400210661,0.9625668449197862,-1.769832146932334,0.7491562899507276,False,0.8079049397197006,False,0.9958209752541637,
MTRNR2L4,Oligo,1,-0.013233648013650384,0.961532239658224,0.0433149767771442,0.9919451715787562,False,-0.013768651493922831,False,0.9958209752541637,
MTRNR2L8,Oligo,1,-0.20815918898716046,0.37038255861785274,-0.5627460739607001,0.921636175446116,True,-0.17424299707256907,True,0.920585849444673,
MUC13,Oligo,1,0.044076128319725606,0.746547945641322,-0.2772344358698764,0.9541185376344388,False,0.013402673026227665,False,0.97480689198398,
MUC20,Oligo,3,-0.49720601692811556,0.09271904566022213,-0.2483041945683066,0.9249694691256414,True,-0.35973266272589666,True,0.8215799928288131,
MUSTN1,Oligo,2,0.35670344566516055,0.16717400246812014,0.594591171469324,0.8374718670723827,True,0.16873431328948635,True,0.8729222334758668,
MXRA5,Oligo,2,0.6097372396944488,0.06734013422825534,-1.2232016935432906,0.8299872207753898,False,0.320646134908157,False,0.7918780015463845,
MYDGF,Oligo,2,-0.04613891590921971,0.7429864253393665,0.4010286819844271,0.8520101042502813,False,-0.0862571592853106,False,0.9709215353212385,
NAMPT,Oligo,1,0.20352684104561186,0.16717400246812014,0.0388074526252313,0.965143459411294,True,0.15496549048711747,True,0.8729222334758668,
NAXE,Oligo,2,0.10295846399020292,0.6058412176059235,0.4889463390598345,0.8369125506591578,True,0.05507086910487974,True,0.9536531642555559,
NBL1,Oligo,14,-0.1040971483325031,0.3212669683257919,0.366636903150721,0.91760706038453,False,-0.14363431616110614,False,0.920585849444673,
NCAM1,Oligo,1,0.12052907396144784,0.6729740847387906,0.1177642171542591,0.8521105793340067,True,0.07579515012268045,True,0.9699490215240731,
NCAN,Oligo,3,-0.5636409258131709,0.37038255861785274,-0.7886215886790658,0.8177800702168395,True,-0.40008044873703236,True,0.920585849444673,
NDFIP1,Oligo,2,0.03091448762490131,0.8148087206910737,-0.0779132774503612,0.929846037254488,False,-0.013460312207119745,True,0.9774165421224245,
NDNF,Oligo,2,-0.2236171101807592,0.4234471410941999,-0.9408752717792372,0.8521105793340067,True,-0.23469625341506953,True,0.9272932768190606,
NDP,Oligo,2,0.038287407716936436,1.0,0.2121600158823658,0.8777824620426768,True,-0.0006367470401005774,False,1.0,
NECTIN1,Oligo,2,0.11603907444715969,0.8148087206910737,0.0937910480330637,0.9362656278786242,True,0.07382763565165863,True,0.9774165421224245,
NELL1,Oligo,2,-0.43075371464398754,0.9625668449197862,-0.9239327157873928,0.7342685757716966,True,-0.37168740468670997,True,0.9958209752541637,
NELL2,Oligo,3,-0.039902933904987385,0.9625668449197862,-0.8768268592590357,0.7948067302013576,True,-0.06770199287707507,True,0.9958209752541637,
NENF,Oligo,1,0.08435088626033918,0.4234471410941999,0.1069444168708424,0.9623258486315684,True,0.03640143121026799,True,0.9272932768190606,
NETO1,Oligo,2,-0.13402369814819962,0.8883587001234061,-1.0828211940126329,0.7070641817227298,True,-0.144074118139595,True,0.9833068577852265,
NGF,Oligo,1,-0.06600439289971653,0.8883587001234061,-0.2031769070987891,0.9673667747762454,True,-0.06101992851548538,True,0.9833068577852265,
NGRN,Oligo,1,-0.07824248586472046,0.6058412176059235,0.1122860041570509,0.9551975093607836,False,-0.114018249095173,False,0.9536531642555559,
NHLRC3,Oligo,1,0.14221927707033155,0.4234471410941999,0.0279041881973745,0.9822388862372422,True,0.09831284370363276,True,0.9272932768190606,
NID1,Oligo,2,-0.15356380278637433,0.5414232825997531,-1.0005348891617392,0.8732726315385382,True,-0.15314388641767948,True,0.943693947336386,
NID2,Oligo,1,-0.26403380330730025,0.13879062114356233,-0.7328436502549664,0.6578926374933444,True,-0.2956969224521308,True,0.8624102221308104,
NINJ1,Oligo,3,0.22985593538585306,0.16717400246812014,0.5696467343750211,0.7878536332391539,True,0.1696634270598133,True,0.8729222334758668,
NLRP3,Oligo,2,0.37887954881783,0.2358700123406006,0.0899545982474063,0.9861046733894367,True,0.18982585309506841,True,0.8955353702557743,
NMB,Oligo,1,0.09503317081111376,0.6058412176059235,0.3814086138004138,0.9171410446399731,True,0.04572012917594447,True,0.9536531642555559,
NMI,Oligo,1,0.26383538953241054,0.2765939942410531,0.5138197888608335,0.8362921146840738,True,0.1846720947234404,True,0.9166324969148498,
NMU,Oligo,1,-0.12967882436655773,0.7429864253393665,0.0402771877212017,0.994635484492071,False,-0.10506158951172188,False,0.9709215353212385,
NODAL,Oligo,1,-0.29928861515547145,0.5414232825997531,1.0230964028522522,0.8167132815029877,False,-0.1927187543679974,False,0.943693947336386,
NOTCH2NLA,Oligo,1,-0.01750522979825219,0.3861850319585892,0.1214213134581609,0.9739552415598178,False,-0.01682989776311512,False,0.9272932768190606,
NOTCH2NLC,Oligo,1,0.1666807226904251,0.6729740847387906,0.8873812946431106,0.7342685757716966,True,0.09082180638441952,True,0.9699490215240731,
NPB,Oligo,2,-0.245326244720037,0.37038255861785274,-0.3769877739534609,0.9072392631754675,True,-0.2695402806140622,True,0.920585849444673,
NPC2,Oligo,1,0.1421179809026836,0.3212669683257919,0.7170798294585506,0.50827139118012,True,0.09640222772172466,True,0.920585849444673,
NPFF,Oligo,1,-0.25551454345166785,0.059234882764294526,0.430530378797043,0.8719250937207794,False,-0.25978465897601066,False,0.7831292612268833,
NPNT,Oligo,1,-0.21404619686425136,0.8148087206910737,0.4995978100465096,0.9143914736799617,False,-0.18002515864603175,False,0.9774165421224245,
NPPA,Oligo,2,-0.5815082310862788,0.09271904566022213,1.8231856291023163,0.6180621799731767,False,-0.34999385507562003,False,0.8215799928288131,
NPPC,Oligo,1,0.1582610609442397,0.37038255861785274,0.8833499018891565,0.7946724074937744,True,0.10389979484571818,True,0.920585849444673,
NPTX1,Oligo,3,0.0018447532479865286,1.0,-0.5319979454691415,0.9049590826338192,False,-0.04185692185432608,True,1.0,
NPTX2,Oligo,1,0.5712932913178598,0.113944878650761,0.7737644990095669,0.8373226038847789,True,0.507756740696168,True,0.8256851192025261,
NPY,Oligo,3,0.1216521760762669,0.3212669683257919,-0.8396883526373455,0.8732726315385382,False,0.045079925726979136,False,0.920585849444673,
NRCAM,Oligo,51,-0.27409817627685784,0.8148087206910737,-0.4992781503854304,0.8486317870924784,True,-0.31385614761929714,True,0.9774165421224245,
NRG1,Oligo,89,-0.1842779838707203,0.8883587001234061,-1.691742438107549,0.136736750057055,True,-0.2351051493639106,True,0.9833068577852265,
NRG2,Oligo,33,0.04522127730909231,1.0,-0.2263450253078288,0.9122838122387976,False,-0.0053791611498032925,True,1.0,
NRG3,Oligo,169,-0.24113171901006691,0.7429864253393665,-1.1824033336515412,0.7011467680607044,True,-0.29166479961766223,True,0.9709215353212385,
NRN1L,Oligo,2,0.01897954564112107,0.8883587001234061,0.1803234738448389,0.9523929174373276,True,-0.02194750395905246,False,0.9833068577852265,
NRP1,Oligo,1,0.31258801532306274,0.13879062114356233,-0.9058154276626394,0.8369448937253039,False,0.21873227576182538,False,0.8624102221308104,
NRP2,Oligo,2,0.5996848906044454,0.16717400246812014,0.7074903464785423,0.633110814924715,True,0.46370062661642425,True,0.8729222334758668,
NRTN,Oligo,1,-1.1419407810098339,0.0015631427396133276,-0.3379292385087435,0.9508206637708227,True,-0.8909066429090424,True,0.3237659399424105,
NSUN2,Oligo,1,0.08546978001876049,0.5414232825997531,-0.2504486994216762,0.8672800387484098,False,0.038036403036067985,False,0.943693947336386,
NTF3,Oligo,21,-0.027119461402405932,0.8148087206910737,-0.5341668985430998,0.9269195279242748,True,-0.06682597091985237,True,0.9774165421224245,
NTN1,Oligo,2,-0.638433238826272,0.5414232825997531,0.0413468723104355,0.9902108926142784,False,-0.4796892744613271,False,0.943693947336386,
NTN4,Oligo,1,-0.20582599971491236,0.2358700123406006,-0.0003255724846089,0.9999046758842842,True,-0.21802263763314667,True,0.8955353702557743,
NTN5,Oligo,1,-0.028955013154811284,0.8148087206910737,0.5654288660473712,0.842628735129492,False,-0.06649696754723061,False,0.9774165421224245,
NTS,Oligo,2,-0.09216946020710401,0.9232949701148666,0.307353553870286,0.94838924523625,False,-0.08132266895651667,False,0.9958209752541637,
NUCB1,Oligo,1,0.0717789696033653,0.4234471410941999,0.1460041897452131,0.9362656278786242,True,0.023552208200514083,True,0.9272932768190606,
NUCB2,Oligo,1,0.1373269058139974,0.2765939942410531,-0.1659579995864203,0.8756600525294806,False,0.08578082548409967,False,0.9166324969148498,
NXPE3,Oligo,4,0.1870152572007751,0.2358700123406006,-0.2369287390310675,0.1157756242343049,False,0.13657836276960725,False,0.8955353702557743,
NXPH1,Oligo,48,-0.08117762821383678,0.7429864253393665,-0.4300223838801675,0.8964770133879699,True,-0.1300535902469608,True,0.9709215353212385,
NXPH2,Oligo,3,0.07298398405558713,0.37038255861785274,-0.4693868898088496,0.918565782352707,False,0.011056883086163606,False,0.920585849444673,
NXPH3,Oligo,2,-0.03096093954854992,0.8883587001234061,-0.1617771497450659,0.9757340467361156,True,-0.075300539370501,True,0.9833068577852265,
OAF,Oligo,1,0.13349609424746503,0.7429864253393665,0.3559977617197047,0.868399131390071,True,0.07806223086798761,True,0.9709215353212385,
OGN,Oligo,1,0.19226982551332852,0.3594640921412464,0.9006902841789485,0.7347022146412764,True,0.08055537886211361,True,0.920585849444673,
OLFM1,Oligo,4,-0.2696929566419449,0.07445495680789799,-0.0913856260137398,0.9811966632758145,True,-0.29235052152506547,True,0.7918780015463845,
OLFM2,Oligo,19,-0.7571967799871712,8.227067050596462e-05,-0.6736050406024262,0.8373226038847789,True,-0.759158723345929,True,0.16358700123406006,
OLFM3,Oligo,25,-0.16789790828292978,1.0,-0.403657122615339,0.90828170944899,True,-0.18992553511704707,True,1.0,
OLFML1,Oligo,3,0.2288057276957271,0.37038255861785274,0.3438363354130331,0.9249694691256414,True,0.11508015620130659,True,0.920585849444673,
OLFML2A,Oligo,9,-0.40276707652231136,0.07445495680789799,-0.7839637937406504,0.8892277890589085,True,-0.3823135454516371,True,0.7918780015463845,
OLFML2B,Oligo,14,0.056021736330262605,0.37038255861785274,0.3281786651418614,0.8941257636842888,True,0.003278319584049155,True,0.920585849444673,
OLFML3,Oligo,2,-0.25677824310430747,0.13879062114356233,-0.6372440854045318,0.9362656278786242,True,-0.22638313570214502,True,0.8624102221308104,
OLR1,Oligo,3,0.33669772116109864,0.12342757029624754,0.9006899825270669,0.8070961390632729,True,0.16435409777363888,True,0.8624102221308104,
OTOA,Oligo,3,-0.6006227705999287,0.07445495680789799,-0.2854982312057936,0.9590517987608644,True,-0.35932531442989474,True,0.7918780015463845,
OTOGL,Oligo,15,-0.0723910596293186,0.8148087206910737,-0.7516333252186969,0.8506813841715811,True,-0.11025747858337026,True,0.9774165421224245,
OTOS,Oligo,2,-0.19434388693555268,0.8883587001234061,2.697801389833525,0.2827531534513879,False,-0.21362152974775045,False,0.9833068577852265,
OVCH1,Oligo,1,0.12693118629738456,0.4234471410941999,0.2381359459362649,0.9412564028434014,True,0.0514827154073754,True,0.9272932768190606,
P3H1,Oligo,1,0.11931795765462869,0.2358700123406006,-0.1449657519242498,0.9171410446399731,False,0.07224415747157302,False,0.8955353702557743,
P4HB,Oligo,1,0.34139612999405766,0.3212669683257919,0.1044716165405395,0.9362656278786242,True,0.2939836426744403,True,0.920585849444673,
PAM,Oligo,2,-0.1458235656002542,0.6729740847387906,-0.4586650236498005,0.8562698123775497,True,-0.16720732255753784,True,0.9699490215240731,
PAMR1,Oligo,12,-0.2172656329997479,0.7429864253393665,-0.0560291035807717,0.9864562139367992,True,-0.21889970398438638,True,0.9709215353212385,
PAPLN,Oligo,5,-0.05926008056224579,0.8883587001234061,0.9524584176760064,0.8153993825304034,False,-0.08925542256099497,False,0.9833068577852265,
PAPPA,Oligo,2,-0.09074293825368264,0.8883587001234061,0.0516305108550511,0.9875389755054692,False,-0.07446474492720975,False,0.9833068577852265,
PAPPA2,Oligo,1,-0.38439399934955437,0.273954360737795,0.3903827415823591,0.558831343693205,False,-0.1609445115939486,False,0.9166324969148498,
PCDH12,Oligo,2,-0.30620050535062426,0.113944878650761,0.9329121182711112,0.7551453158607428,False,-0.30302846295867136,False,0.8256851192025261,
PCDH15,Oligo,3,0.018864446939238437,0.9625668449197862,-0.9185773636047004,0.7682093421219203,False,-0.017957394985355285,True,0.9958209752541637,
PCDHA1,Oligo,1,0.3813874483905453,0.37038255861785274,0.1913341017799193,0.9503372884695012,True,0.22731076768022065,True,0.920585849444673,
PCDHA10,Oligo,1,0.05020264222343428,1.0,0.2352860655725976,0.9190852001990818,True,0.01378901185301984,True,1.0,
PCDHA6,Oligo,1,-0.20598637002455258,0.5414232825997531,-0.7401436445825319,0.7424620512651465,True,-0.15686876397416263,True,0.943693947336386,
PCOLCE2,Oligo,1,-0.07068287714560766,0.9625668449197862,-0.451413027869512,0.9072392631754675,True,-0.07462683062172705,True,0.9958209752541637,
PCSK1,Oligo,2,-0.33905900372139386,0.6058412176059235,-0.0223163772814592,0.994519996570179,True,-0.29721248224901775,True,0.9536531642555559,
PCSK1N,Oligo,2,-0.48917201912623215,0.13879062114356233,0.4422814922629979,0.8662540858981508,False,-0.42309049981945923,False,0.8624102221308104,
PCSK2,Oligo,2,-0.12171433947907316,0.7429864253393665,-0.8006064160521846,0.7396954342025674,True,-0.15660916372880232,True,0.9709215353212385,
PCSK5,Oligo,1,0.23787668524810351,0.09271904566022213,-0.268681170298362,0.9073856381732022,False,0.17716011049192984,False,0.8215799928288131,
PCSK6,Oligo,45,-0.0197465226151684,0.8148087206910737,0.0894963245534566,0.94838924523625,False,-0.06419030691228424,False,0.9774165421224245,
PCYOX1L,Oligo,2,-0.005951362182016931,0.7429864253393665,-0.3324538157089612,0.8317184120008648,True,-0.04748916354242084,True,0.9709215353212385,
PDCD1LG2,Oligo,4,-0.4150158314581505,0.7429864253393665,0.3917642316751089,0.8750268551951406,False,-0.28374399663054967,False,0.9709215353212385,
PDCD6IP,Oligo,1,-0.13178323080504237,0.8148087206910737,-0.0524960653919469,0.9451829174838768,True,-0.15991252004938117,True,0.9774165421224245,
PDGFA,Oligo,2,0.22125382635886334,0.2358700123406006,-0.0948484286863464,0.9362656278786242,False,0.17387010505439812,False,0.8955353702557743,
PDGFB,Oligo,4,-0.4037942927082204,0.3212669683257919,-0.2292509858779672,0.9598751070934538,True,-0.3470552676081118,True,0.920585849444673,
PDGFC,Oligo,2,-0.1611692527839621,0.5414232825997531,-0.1241791831260642,0.9696213662483532,True,-0.19065920837422606,True,0.943693947336386,
PDGFD,Oligo,1,0.11756531914837778,0.2765939942410531,0.0244332964302508,0.996343398520674,True,0.047548207398603486,True,0.9166324969148498,
PDGFRL,Oligo,2,-0.012033094536979594,1.0,-0.0405638851665707,0.9825065042755626,True,-0.05120857947939635,True,1.0,
PDYN,Oligo,2,-0.419866143523699,0.7429864253393665,1.3784774998304603,0.6325619193797943,False,-0.2735694781585202,False,0.9709215353212385,
PDZD11,Oligo,1,0.07730989896275495,0.8148087206910737,0.1066032165818213,0.9661783055339298,True,0.025693463850051123,True,0.9774165421224245,
PDZD2,Oligo,1,0.09301394600722213,0.6729740847387906,0.0107987879841841,0.9965428672327156,True,0.04211576244277821,True,0.9699490215240731,
PEBP4,Oligo,1,0.46347653837224856,0.17766582932815178,0.3052390173995066,0.9419025361159892,True,0.25848969493476387,True,0.8955353702557743,
PENK,Oligo,3,-0.7249193820432251,0.16717400246812014,-0.1024981293541033,0.988782323958001,True,-0.5987564280083489,True,0.8729222334758668,
PGF,Oligo,3,-0.21882908893780828,0.2358700123406006,0.2847050626164841,0.95189779932639,False,-0.21724617195054893,False,0.8955353702557743,
PGLYRP1,Oligo,1,0.14445034780876512,0.41225888092854823,0.1260619756784462,0.9811966632758145,True,0.05691072927812425,True,0.9272932768190606,
PGRMC1,Oligo,1,0.05129534511706005,0.6729740847387906,0.2481369895662743,0.9171410446399731,True,0.00591379170073927,True,0.9699490215240731,
PGRMC2,Oligo,2,0.2645740253691697,0.113944878650761,0.0627193194241123,0.9412564028434014,True,0.21306429245646044,True,0.8256851192025261,
PI15,Oligo,1,0.06703931678563144,0.46070795890408045,-1.1716911280897904,0.2827531534513879,False,0.02325880409651866,False,0.9287202178494102,
PI16,Oligo,5,0.22565936206437595,0.09271904566022213,0.4295418427426373,0.8340422390198058,True,0.17805785454363698,True,0.8215799928288131,
PIBF1,Oligo,1,0.007855044956476952,0.8883587001234061,-0.081423520779667,0.9362656278786242,False,-0.035686602670618524,True,0.9833068577852265,
PILRA,Oligo,2,0.012061849387591148,0.8148087206910737,0.2870176780536501,0.8477060992065596,True,-0.023225478510097073,False,0.9774165421224245,
PINLYP,Oligo,2,0.23225624052538416,0.16717400246812014,1.089967107029894,0.2753648644688273,True,0.17907690110169222,True,0.8729222334758668,
PIP,Oligo,1,0.002670997773797366,0.9216483845396674,0.1033994325351538,0.9692675178607644,True,-0.007361248424950845,False,0.9958209752541637,
PKD1,Oligo,2,0.10395324841387032,0.8148087206910737,-0.013561707906538,0.9924667498497394,False,0.0611201012276954,False,0.9774165421224245,
PKD2,Oligo,8,0.08859774798206127,0.4807075277663513,-0.0937730076075101,0.9100978233927064,False,0.03865977194777486,False,0.9287202178494102,
PKDCC,Oligo,2,0.11099513293549186,0.8883587001234061,-0.1498692193699469,0.9659580637804812,False,0.06269039536090225,False,0.9833068577852265,
PLA2G12A,Oligo,1,-0.039617803474445754,0.8148087206910737,0.1972406052581304,0.7911487942643533,False,-0.08065924055481122,False,0.9774165421224245,
PLA2G15,Oligo,3,0.08819657763771055,0.4807075277663513,-0.0811637234692109,0.973416902052466,False,0.04035457826037893,False,0.9287202178494102,
PLA2G5,Oligo,1,-0.3603371664228629,0.3111325340766097,0.7917129645290947,0.9083777059005664,False,-0.20502326319646577,False,0.920585849444673,
PLA2G7,Oligo,2,0.08177821087372435,0.37038255861785274,0.4054727965266449,0.9412564028434014,True,0.022063820897166655,True,0.920585849444673,
PLA2R1,Oligo,3,-0.14107001445539807,0.7429864253393665,-0.1282834822613346,0.9727027125737252,True,-0.12927459004174735,True,0.9709215353212385,
PLAC9,Oligo,3,-0.324220729669432,0.6729740847387906,0.4477339349301578,0.9128363030949688,False,-0.24622902997626603,False,0.9699490215240731,
PLAT,Oligo,3,0.01150276903552201,1.0,-0.2153610658466305,0.94838924523625,False,-0.03221196826015732,True,1.0,
PLAUR,Oligo,2,-0.06206937505759332,1.0,-0.2160340275362931,0.9369065878466378,True,-0.10500912456611472,True,1.0,
PLOD3,Oligo,1,0.1937146111003195,0.4234471410941999,0.4618917196233276,0.7396954342025674,True,0.14216770239319645,True,0.9272932768190606,
PLTP,Oligo,1,-0.28074444438977525,0.37038255861785274,0.5132250917676076,0.8478410247216294,False,-0.24576731576325378,False,0.920585849444673,
PLXDC1,Oligo,2,0.11684312852435105,0.6058412176059235,-0.651922525190715,0.8264709976980267,False,0.0758837284972007,False,0.9536531642555559,
PLXNB1,Oligo,4,0.25401476892391794,0.02064993829699712,0.1038621801358783,0.9397798460760928,True,0.20510767440678981,True,0.7228932624955823,
PM20D1,Oligo,2,-0.33873017116203574,0.3212669683257919,-0.7954836359125318,0.8480390082918806,True,-0.28938913722787907,True,0.920585849444673,
PMEL,Oligo,1,0.031207467694440227,0.9625668449197862,0.1441603993441323,0.9826665862415238,True,-0.016413652490694753,False,0.9958209752541637,
PODNL1,Oligo,2,0.16016854028605712,0.3212669683257919,-0.1229317130513599,0.9837310464981948,False,0.11105382782492935,False,0.920585849444673,
POMC,Oligo,1,-0.021348782060835042,0.8883587001234061,-1.6676651195659729,0.7159566118042388,True,-0.02711354319611063,True,0.9833068577852265,
PON1,Oligo,1,-0.11338610186189048,0.7356524594664196,0.3914212014747166,0.9356862512044576,False,-0.06532860472014482,False,0.9709215353212385,
PON2,Oligo,1,0.12906399697024454,0.4807075277663513,0.2084138480523976,0.7540430835029771,True,0.07278711192072145,True,0.9287202178494102,
PON3,Oligo,1,-0.3226072191602121,0.7356524594664196,0.4999006728276288,0.9362656278786242,False,-0.18828645657084986,False,0.9709215353212385,
PPIA,Oligo,1,0.14821855739700024,0.37038255861785274,-0.0423093941898782,0.9874679030563585,False,0.10228796839007458,False,0.920585849444673,
PPIB,Oligo,1,0.11181715940030512,0.4234471410941999,0.5617601285803102,0.7370127508515867,True,0.06631846613975133,True,0.9272932768190606,
PPT1,Oligo,6,-0.15796765052816697,0.09271904566022213,-0.0469900704385509,0.9673667747762454,True,-0.19526808882222543,True,0.8215799928288131,
PRADC1,Oligo,1,0.13648004858532975,0.6058412176059235,0.4008686296822279,0.8520101042502813,True,0.09437492905214374,True,0.9536531642555559,
PRB1,Oligo,2,-0.24828672427710147,0.34352762898365263,0.2318833558848584,0.9486073294993564,False,-0.11695970271581506,False,0.920585849444673,
PRB2,Oligo,1,-0.3200044592760652,0.11531605208148499,-0.1744987866512076,0.9498063539531416,True,-0.1383108685026733,True,0.8344047960655923,
PRELP,Oligo,3,0.2598882058997562,0.113944878650761,-0.0260947257058766,0.995833966128294,False,0.18896608906429066,False,0.8256851192025261,
PRH2,Oligo,1,-0.02192543975430414,0.4385990660212319,0.4545980833659484,0.853631836092563,False,-0.016291562918784672,False,0.9287202178494102,
PRLR,Oligo,28,-0.2533579314544747,0.7429864253393665,0.2772272003190784,0.9613856868073354,False,-0.2774997222567485,False,0.9709215353212385,
PROC,Oligo,1,-0.3664073710274582,0.4807075277663513,-0.021834565983624,0.996959416243814,True,-0.2942009156764423,True,0.9287202178494102,
PROS1,Oligo,2,-0.025111447243044635,0.7429864253393665,-0.1522889787699371,0.9411609003001236,True,-0.07130469741594345,True,0.9709215353212385,
PRR4,Oligo,1,0.11291544644622094,0.4234471410941999,-0.3230478840146706,0.9414225576139192,False,0.04668728214437033,False,0.9272932768190606,
PRSS12,Oligo,1,-0.062472489088064076,0.9625668449197862,-0.2978937846879357,0.94838924523625,True,-0.08608376135499528,True,0.9958209752541637,
PRSS23,Oligo,1,-0.6535500228777619,0.09271904566022213,-0.1119318555628279,0.9662367058395016,True,-0.5817612916697277,True,0.8215799928288131,
PRSS27,Oligo,1,-0.145533444034038,0.6729740847387906,1.107470696203475,0.5733919438421659,False,-0.17479517903883304,False,0.9699490215240731,
PRSS3,Oligo,12,-0.7546467325031454,0.03595228301110654,0.515368908553058,0.8987831620341941,False,-0.6172177597331593,False,0.7703396502078044,
PRSS35,Oligo,1,0.033395528648292996,0.8148087206910737,-2.838419547363785,0.5185210675625821,False,-0.020014076669199916,True,0.9774165421224245,
PRSS48,Oligo,1,0.02548706402323196,0.9625668449197862,0.3820250814561701,0.8323196819131713,True,-0.01612298764333344,False,0.9958209752541637,
PRSS51,Oligo,5,-0.40902194696204774,0.1995886466474702,-0.0182514394117073,0.99677649268899,True,-0.3316383563859138,True,0.8955353702557743,
PRSS53,Oligo,1,-0.5372333972845118,0.13879062114356233,-0.2036360632918536,0.9302765364098684,True,-0.34778641809760996,True,0.8624102221308104,
PRSS54,Oligo,1,-0.05285868517409282,0.7429864253393665,-1.2048946191153591,0.8463423644625195,True,-0.07543863724951805,True,0.9709215353212385,
PRXL2A,Oligo,6,-0.055554337835445916,0.8883587001234061,-0.0313407309477285,0.9911365560354184,True,-0.09613416792783865,True,0.9833068577852265,
PSAP,Oligo,2,0.27811625051189715,0.2765939942410531,0.2173913779856036,0.868399131390071,True,0.23101008936958584,True,0.9166324969148498,
PSG1,Oligo,2,0.02437204230647532,1.0,-0.0916621392117571,0.9837310464981948,False,-0.007174799401190474,True,1.0,
PSG6,Oligo,1,-0.12753590533567533,0.19608785087435965,0.7258108131508161,0.892524021688951,False,-0.053109895306123506,False,0.8955353702557743,
PSG8,Oligo,9,0.0764439617104671,0.7429864253393665,0.5372703899280973,0.5675161070863111,True,0.03121481527062313,True,0.9709215353212385,
PSPN,Oligo,2,0.036687712557492085,0.8148087206910737,-0.2976335435442136,0.9412564028434014,False,-0.008147586504755984,True,0.9774165421224245,
PTEN,Oligo,1,0.1694554749619449,0.2765939942410531,-0.0812002486810379,0.9242761489668088,False,0.1254342892584383,False,0.9166324969148498,
PTGDS,Oligo,2,0.1361881145682474,0.4234471410941999,0.446288182673139,0.8521105793340067,True,0.09030921285810771,True,0.9272932768190606,
PTHLH,Oligo,1,-0.02792469881063694,0.4807075277663513,-1.7542028161827892,0.6278961537903979,True,-0.0651222692067139,True,0.9287202178494102,
PTK7,Oligo,1,-0.2978532799189645,0.4234471410941999,-0.320268184119615,0.9356819299723736,True,-0.2322380470472249,True,0.9272932768190606,
PTN,Oligo,1,-0.15878168225996528,0.4234471410941999,-0.3097146193129837,0.8299872207753898,True,-0.19138884785884652,True,0.9272932768190606,
PTPRJ,Oligo,1,-0.07841057629791302,0.9625668449197862,-0.0032100104685131,0.9981025680649824,True,-0.11942190762855598,True,0.9958209752541637,
PTPRR,Oligo,20,0.06679114975516222,0.4234471410941999,-1.422499838543139,0.0369284251247287,False,0.018637115589267544,False,0.9272932768190606,0.5908564759453953
PTPRZ1,Oligo,1,-0.1719661639487723,0.6729740847387906,-0.6944410652361233,0.7878536332391539,True,-0.16979837501076053,True,0.9699490215240731,
PTX3,Oligo,1,-0.020748086728210876,1.0,-0.9806165170947012,0.8785923117420417,True,-0.05729661441749491,True,1.0,
PVR,Oligo,1,-0.2874875948248842,0.5414232825997531,-0.2158062102646919,0.9064687967526672,True,-0.2742515055810982,True,0.943693947336386,
PXDN,Oligo,1,-0.7197763230410739,0.09271904566022213,-1.3089917315927342,0.633110814924715,True,-0.5137517947986661,True,0.8215799928288131,
PXDNL,Oligo,2,-0.00042378877409050586,0.4234471410941999,0.1235616464679586,0.92831292574366,False,-0.013392910991642564,False,0.9272932768190606,
PYY,Oligo,8,-0.2549482306474739,0.2765939942410531,-0.2969972547473031,0.9392235698495188,True,-0.276038671912906,True,0.9166324969148498,
QPCT,Oligo,2,-0.3527402711739719,0.4807075277663513,0.5182718307045124,0.91760706038453,False,-0.2779967148508928,False,0.9287202178494102,
QSOX1,Oligo,2,0.07406891528568299,0.8148087206910737,-0.0570781225431544,0.9430898001402525,False,0.02887138683835524,False,0.9774165421224245,
QSOX2,Oligo,2,-0.10130323584362898,0.37038255861785274,-0.0818758693241668,0.9530487718993484,True,-0.1410945564893814,True,0.920585849444673,
RAET1E,Oligo,3,-0.2535933577930024,0.8148087206910737,-0.1257785158142488,0.9812632347826082,True,-0.20009253188260526,True,0.9774165421224245,
RARRES1,Oligo,2,0.043489015499065434,0.9625668449197862,0.6924566005929186,0.5818687403965118,True,-0.009461630204187523,False,0.9958209752541637,
RARRES2,Oligo,1,-0.1587117073765458,0.8148087206910737,1.9777248686984883,0.2644775683241188,False,-0.14264512832759166,False,0.9774165421224245,
RBAKDN,Oligo,1,-0.5648492644626045,0.07445495680789799,0.1510141133422289,0.9826665862415238,False,-0.3380610486870464,False,0.7918780015463845,
RBP3,Oligo,2,0.11533321289461987,0.5964154160514543,-0.4440672949308941,0.9447431932907222,False,0.04098448910036629,False,0.9536531642555559,
RBP4,Oligo,2,-0.2869831404074847,0.4807075277663513,0.2134719352393541,0.9613856868073354,False,-0.19649483430737014,False,0.9287202178494102,
RELN,Oligo,1,-0.04247501821022956,0.9625668449197862,0.7276474956360933,0.7773338024330817,False,-0.05614709287841376,False,0.9958209752541637,
RGMA,Oligo,5,-0.2874122218618106,0.113944878650761,-0.1393816492500171,0.9738175410442128,True,-0.2901038742230361,True,0.8256851192025261,
RLN1,Oligo,1,-0.16622349123225186,0.6058412176059235,-0.5636186903535678,0.9144768500244486,True,-0.11913161382896795,True,0.9536531642555559,
RNASE1,Oligo,3,0.2997240128562328,0.3212669683257919,0.4852979980073163,0.8589474203292007,True,0.2474309377966398,True,0.920585849444673,
RNASE4,Oligo,2,0.16730000143092771,0.6729740847387906,1.3531045851518333,0.5282237838980894,True,0.1246578728965353,True,0.9699490215240731,
RNASE6,Oligo,2,-0.10426662207581992,0.8883587001234061,1.1500287326067162,0.8299872207753898,False,-0.11861594055635588,False,0.9833068577852265,
RNASET2,Oligo,1,-0.27682816442588887,0.16717400246812014,0.8689025035748962,0.4561455732722384,False,-0.2944953446652773,False,0.8729222334758668,
RNF43,Oligo,3,-0.18704351541166248,0.7429864253393665,0.24177636132335,0.9550904032778502,False,-0.16917874974536373,False,0.9709215353212385,
RNLS,Oligo,1,-0.1065818901855032,0.16717400246812014,0.1064294282452213,0.9392235698495188,False,-0.14110463570004841,False,0.8729222334758668,
RNPEP,Oligo,1,-0.11835110046495989,0.5414232825997531,0.0690120174865218,0.9524256009468204,False,-0.1602730601136527,False,0.943693947336386,
RSPO2,Oligo,2,-0.12655149539960192,0.3212669683257919,0.244188677588757,0.9300216095972762,False,-0.16132652964210656,False,0.920585849444673,
RSPO3,Oligo,1,0.07285001727743706,0.37038255861785274,-0.0763652830757674,0.98617277076202,False,0.018322162219829734,False,0.920585849444673,
RSPO4,Oligo,2,-0.07293936887196832,0.6642318548206392,-0.4256479146808458,0.8643396079476379,True,-0.04872559920089211,True,0.9699490215240731,
RSPRY1,Oligo,1,0.20908075418321814,0.4234471410941999,-0.1385941939902921,0.8292725897045264,False,0.1640138815902245,False,0.9272932768190606,
RTBDN,Oligo,3,-0.0533556670234375,0.6058412176059235,0.4119122128032955,0.9300216095972762,False,-0.0819213751442489,False,0.9536531642555559,
S100A13,Oligo,2,-0.15458511884091916,0.6058412176059235,0.1590112284021161,0.9567549032284328,False,-0.1870409603426523,False,0.9536531642555559,
S100A4,Oligo,3,-0.07260050344177993,0.5414232825997531,1.3468171511925455,0.583668773051218,False,-0.10819220688638954,False,0.943693947336386,
S100A8,Oligo,1,0.0931943529532893,0.4807075277663513,1.8158216920813168,0.785561974245967,True,0.031092434985492898,True,0.9287202178494102,
S100A9,Oligo,1,0.12274869976272214,0.7347073111000473,1.1900939581708203,0.8955318046250319,True,0.04594468188686219,True,0.9709215353212385,
S100B,Oligo,2,0.20915062643258472,0.13879062114356233,0.0184475370868007,0.9924667498497394,True,0.16199812460921878,True,0.8624102221308104,
SAMD1,Oligo,1,0.1088048118763483,0.5414232825997531,0.1088461122590254,0.9541185376344388,True,0.062330974531413674,True,0.943693947336386,
SBSPON,Oligo,1,-0.2435516707741206,1.0,-0.2230768744671614,0.9541185376344388,True,-0.186210366033721,True,1.0,
SCG2,Oligo,2,-0.25664789653900977,0.4234471410941999,-0.3099775501448327,0.8974033596796536,True,-0.18825553712747764,True,0.9272932768190606,
SCG3,Oligo,1,-0.33234336770021417,0.4234471410941999,0.0117361374735573,0.9965428672327156,False,-0.29559772647085536,False,0.9272932768190606,
SCG5,Oligo,2,-0.15432354012734043,0.2358700123406006,-0.1291310528830753,0.9174746229758064,True,-0.1809014720673065,True,0.8955353702557743,
SCGB2B2,Oligo,13,0.08119668626546428,0.7429864253393665,-0.1957786460851998,0.8495883775149917,False,0.03707856171432462,False,0.9709215353212385,
SCGN,Oligo,1,-0.4006043422328343,0.7356524594664196,1.4989840958116387,0.7790206329219386,False,-0.21310875333442647,False,0.9709215353212385,
SCN1B,Oligo,2,0.2900792163735566,0.07445495680789799,0.3867312604166374,0.8328025567674077,True,0.22240265977379867,True,0.7918780015463845,
SCPEP1,Oligo,1,0.06313058382470221,0.4807075277663513,0.2136914047929828,0.8299872207753898,True,0.02036198944798072,True,0.9287202178494102,
SCRG1,Oligo,1,-0.03906667615989904,0.8883587001234061,0.0731486670566659,0.9822624620049124,False,-0.06424302653758941,False,0.9833068577852265,
SCUBE1,Oligo,2,-0.1911819610258913,0.6058412176059235,-0.0896962057862424,0.988115067122558,True,-0.14976426316714603,True,0.9536531642555559,
SCUBE2,Oligo,1,-0.3467700594558958,0.2765939942410531,0.2408771252652992,0.8521105793340067,False,-0.2686358994424504,False,0.9166324969148498,
SCUBE3,Oligo,1,-0.015150854145434047,0.9625668449197862,0.0919944273366649,0.9613856868073354,False,-0.04352110257527439,False,0.9958209752541637,
SDC4,Oligo,1,0.13583219645985142,0.6058412176059235,0.5474705640913403,0.8719250937207794,True,0.07920300192055685,True,0.9536531642555559,
SDCBP,Oligo,2,0.09597381523823784,0.1995886466474702,-0.0098472350301084,0.996538244331998,False,0.04694588511884968,False,0.8955353702557743,
SDF2,Oligo,1,-0.12900239678350092,0.6058412176059235,0.254609082022653,0.8521105793340067,False,-0.15754677970344136,False,0.9536531642555559,
SELENOP,Oligo,5,0.1096669780441822,0.4807075277663513,0.3837393333147415,0.8235848056281357,True,0.06441364558878283,True,0.9287202178494102,
SEMA3A,Oligo,2,0.35626830037548957,0.1995886466474702,-0.0612832573899537,0.9864450869846328,False,0.2504323575073001,False,0.8955353702557743,
SEMA3B,Oligo,3,0.19921266604226276,0.02064993829699712,0.1923485773768581,0.8914099029768936,True,0.1495963324197661,True,0.7228932624955823,
SEMA3C,Oligo,2,0.12750574110893678,0.4807075277663513,0.000717016035075,0.999557244956837,True,0.08200882763035673,True,0.9287202178494102,
SEMA3D,Oligo,7,-0.03713037227217441,0.9625668449197862,0.0866701201170762,0.9835390799445184,False,-0.08244466520014847,False,0.9958209752541637,
SEMA3E,Oligo,1,0.14476470225774668,0.8148087206910737,0.385050410602793,0.9073856381732022,True,0.059050878356890164,True,0.9774165421224245,
SERPINA1,Oligo,2,-0.3074851602964907,0.5414232825997531,2.228143913031723,0.690308388641286,False,-0.18461920064985984,False,0.943693947336386,
SERPINA3,Oligo,1,-0.13335461497033282,0.8148087206910737,3.6225643545477326,0.1510782498122283,False,-0.09456718738456446,False,0.9774165421224245,
SERPINA5,Oligo,5,-0.13805364674256795,0.8148087206910737,-0.2829744902336084,0.959184659919514,True,-0.14743888811343717,True,0.9774165421224245,
SERPINB1,Oligo,1,-0.06589406117358121,0.5414232825997531,0.393771782721784,0.8585280029709116,False,-0.10755378880024485,False,0.943693947336386,
SERPIND1,Oligo,4,-0.5225854655881629,0.005512134923899629,-0.1373461133563598,0.964423499521772,True,-0.42452112783370816,True,0.5708504730563553,
SERPINE1,Oligo,1,-0.01683395706751344,0.6058412176059235,1.043237036956167,0.8732726315385382,False,-0.03793049334842007,False,0.9536531642555559,
SERPINE2,Oligo,3,0.08066528109591375,1.0,-0.0506377996176443,0.9811966632758145,False,0.03286704991024194,False,1.0,
SERPINE3,Oligo,3,0.03226515684387243,0.7429864253393665,-0.2209685472765889,0.8968865972867047,False,-0.007802619040963359,True,0.9709215353212385,
SERPINF1,Oligo,2,-0.38535769211788956,0.09271904566022213,0.8115640144944485,0.8521105793340067,False,-0.3343822713778667,False,0.8215799928288131,
SERPINF2,Oligo,4,-0.10634045000331994,0.8883587001234061,0.218802660842444,0.9529354473737556,False,-0.10739875340199109,False,0.9833068577852265,
SERPING1,Oligo,1,-0.24647466806880983,0.9625668449197862,1.5439466273919915,0.534859454275969,False,-0.19470830152120336,False,0.9958209752541637,
SERPINI1,Oligo,1,0.17709501452364182,0.09271904566022213,0.0486558737681298,0.9686993754024236,True,0.12799562385490057,True,0.8215799928288131,
SFRP1,Oligo,1,0.11652591378157336,0.4234471410941999,1.467500638004011,0.2506515781547042,True,0.055976568146589106,True,0.9272932768190606,
SFRP2,Oligo,3,-0.0819964950047145,0.9625668449197862,-0.0459586358258689,0.9933002868961396,True,-0.09127985190612758,True,0.9958209752541637,
SFRP4,Oligo,1,0.05315962848660135,0.4807075277663513,-0.6298517850956135,0.8040633940796209,False,0.0004949441766732709,False,0.9287202178494102,
SFTA2,Oligo,5,-0.3183578179559649,0.5414232825997531,1.622260840790174,0.6924448493470519,False,-0.30744849674837527,False,0.943693947336386,
SFTPC,Oligo,1,0.03474223559377915,0.6729740847387906,0.4916175362821882,0.744156241219927,True,-0.004409745848291495,False,0.9699490215240731,
SFTPD,Oligo,1,-0.03112887736293034,0.5834245156431206,0.6122547870798727,0.91746253854222,False,-0.01682409746846594,False,0.9536531642555559,
SHBG,Oligo,3,0.1781059951842719,0.37038255861785274,0.1189739809675141,0.9737100441855772,True,0.13360696336065223,True,0.920585849444673,
SIGLEC10,Oligo,2,-0.21306106324002835,0.33562751985334394,-0.8716710668702731,0.8796104953184828,True,-0.1311015525583198,True,0.920585849444673,
SLIT1,Oligo,2,-0.3693338414026813,0.4807075277663513,-0.5296360657301079,0.8684169387123155,True,-0.29766604163548077,True,0.9287202178494102,
SLIT2,Oligo,2,0.3135445972627432,0.4807075277663513,0.5046708387991148,0.8235848056281357,True,0.23884771181766984,True,0.9287202178494102,
SLIT3,Oligo,92,-0.16598707564893214,0.8148087206910737,-1.12140545983634,0.6781631852333454,True,-0.21498013030460447,True,0.9774165421224245,
SLITRK1,Oligo,3,-0.02269885983166143,0.5414232825997531,-0.284029530253638,0.6943888902889872,True,-0.06385183930361955,True,0.943693947336386,
SMIM20,Oligo,1,-0.06027635193157725,0.7429864253393665,0.290157239795023,0.8520101042502813,False,-0.10452763067555405,False,0.9709215353212385,
SMOC1,Oligo,3,-0.14377516313150865,0.2765939942410531,-0.7193158190517612,0.5961729255552192,True,-0.17745253939339928,True,0.9166324969148498,
SMOC2,Oligo,35,-0.4771699741975619,0.4807075277663513,-0.5781090356561418,0.9198465813364282,True,-0.4884969726348758,True,0.9287202178494102,
SMPD1,Oligo,1,0.3100325338900694,0.1995886466474702,0.2154428171095211,0.8987831620341941,True,0.2530849053311753,True,0.8955353702557743,
SMPDL3A,Oligo,1,0.4678332440089094,0.0015631427396133276,0.1436013547886417,0.9356862512044576,True,0.4013931456079101,True,0.3237659399424105,
SNCA,Oligo,1,0.4734100719573972,0.0009872480460715754,0.2373302814329308,0.8373226038847789,True,0.408246603525873,True,0.3237659399424105,
SNED1,Oligo,12,-0.32968596418694396,0.6729740847387906,0.1678106840393125,0.9362656278786242,False,-0.34103978574923943,False,0.9699490215240731,
SNORC,Oligo,2,0.24013480000140952,0.03595228301110654,-0.2553200472393346,0.91130988494707,False,0.1933046757417506,False,0.7703396502078044,
SNX25,Oligo,3,0.06786220416160474,0.4807075277663513,-0.0082194396294816,0.9954756779110407,False,0.01928089746866783,False,0.9287202178494102,
SOD3,Oligo,1,0.20375406834779386,0.2358700123406006,-0.051796157658316,0.9889398991482996,False,0.12302421265259568,False,0.8955353702557743,
SOGA1,Oligo,2,0.24960036285059428,0.13879062114356233,0.0855978625963977,0.9428590555410992,True,0.20399945961503393,True,0.8624102221308104,
SORD,Oligo,6,-0.06136431340417553,0.4234471410941999,0.1879566645314826,0.9109316597720758,False,-0.10617850265194569,False,0.9272932768190606,
SORL1,Oligo,45,0.03531938164996878,0.8148087206910737,0.1239159231994245,0.94838924523625,True,-0.010430847156142621,False,0.9774165421224245,
SOSTDC1,Oligo,14,0.02706874075123072,0.8148087206910737,0.7403732065622766,0.8781028357584484,True,-0.016461517814037697,False,0.9774165421224245,
SPACA3,Oligo,3,-0.4094059010686113,0.5306582861239475,0.0156320993733157,0.9981025680649824,False,-0.22343674794888796,False,0.943693947336386,
SPARC,Oligo,2,-0.2674890425263505,0.09271904566022213,0.1169897376974303,0.9567797814785513,False,-0.2925712295775905,False,0.8215799928288131,
SPARCL1,Oligo,3,0.15737830650718937,0.37038255861785274,-0.2968142517111177,0.9322264870162136,False,0.0747558246728082,False,0.920585849444673,
SPATA20,Oligo,1,-0.09423717425938344,0.5414232825997531,0.6273023053486653,0.8684169387123155,False,-0.12345839452533272,False,0.943693947336386,
SPATA6,Oligo,1,0.19984899509798112,0.2358700123406006,-0.4040094119107023,0.5329459249092016,False,0.15292617016496443,False,0.8955353702557743,
SPESP1,Oligo,1,-0.14928478800228445,0.7429864253393665,0.0986712694980009,0.9435006611027348,False,-0.11890848073137306,False,0.9709215353212385,
SPINK8,Oligo,1,-0.13175868492211518,0.48376822468888503,-0.3533074138211207,0.9215490599615264,True,-0.0520267668475007,True,0.9342703360250378,
SPINK9,Oligo,2,0.15226198277778874,0.5306582861239475,-0.1632869623211683,0.94838924523625,False,0.06222254583803501,False,0.943693947336386,
SPOCK1,Oligo,66,-0.022851617254364825,0.37038255861785274,0.3656832005549548,0.7075268181635395,False,-0.06832914768668731,False,0.920585849444673,
SPOCK2,Oligo,2,-0.19480618671456315,0.4807075277663513,0.0501528611425644,0.988115067122558,False,-0.21604404577464348,False,0.9287202178494102,
SPOCK3,Oligo,24,0.16715068662201762,0.007897984368572603,0.0394638671632602,0.9662367058395016,True,0.12032250253391445,True,0.6428156623157458,
SPON1,Oligo,1,0.021168352788000246,0.4234471410941999,-1.3114905111627528,0.583668773051218,False,-0.017405229282527617,True,0.9272932768190606,
SPON2,Oligo,11,-0.04513068218112211,0.8148087206910737,-0.6552090324668213,0.8440402632986834,True,-0.09681699249629554,True,0.9774165421224245,
SPP1,Oligo,4,0.2597363223880014,0.113944878650761,0.851390135861956,0.5825849206554093,True,0.21012042723006089,True,0.8256851192025261,
SPX,Oligo,2,0.14121925915004596,0.6729740847387906,0.0031190097418672,0.998965256258216,True,0.07392635414930847,True,0.9699490215240731,
SRGN,Oligo,3,-0.3514490942348488,0.21068182941043767,1.4679793316897218,0.6448944996912367,False,-0.21098224758193004,False,0.8955353702557743,
SRPX,Oligo,1,0.1558649110342129,0.3212669683257919,-0.2168145876615848,0.9717058109061398,False,0.07292081788424432,False,0.920585849444673,
SRPX2,Oligo,2,0.1157726266551712,0.7347073111000473,-0.9979652448706784,0.856118881906478,False,0.047924454802473745,False,0.9709215353212385,
SSBP3-AS1,Oligo,1,0.0316197971329053,0.37038255861785274,-0.3564559823720723,0.9414225576139192,False,0.0013790530554604365,False,0.920585849444673,
SSC4D,Oligo,2,-0.322879368413856,0.33562751985334394,-0.4486074732517052,0.9190852001990818,True,-0.16806910455303345,True,0.920585849444673,
SSC5D,Oligo,4,-0.10958172768765263,0.8148087206910737,0.6058636641423316,0.8915657341359929,False,-0.10626955857307897,False,0.9774165421224245,
SST,Oligo,1,0.058607819100159934,0.8075669579611612,-1.247064725149334,0.7611813871271617,False,0.019739808655794933,False,0.9774165421224245,
ST3GAL1,Oligo,1,0.2561470579431931,0.09271904566022213,0.6127595357677615,0.8270133841478564,True,0.19816473604539642,True,0.8215799928288131,
ST3GAL2,Oligo,11,0.04997657702739115,0.6729740847387906,0.1017433533503933,0.9367725978386376,True,0.0025024752944015874,True,0.9699490215240731,
ST3GAL3,Oligo,7,-0.015098830006664005,0.8883587001234061,-0.0473621764909298,0.9443079582728704,True,-0.05651364673360832,True,0.9833068577852265,
ST3GAL4,Oligo,15,0.08040505415287387,0.37038255861785274,-0.3389408971974452,0.7611813871271617,False,0.03731953673028497,False,0.920585849444673,
ST6GAL1,Oligo,29,-0.22602499900997067,0.6058412176059235,-0.4374972440705799,0.8700051054278489,True,-0.25864646169781946,True,0.9536531642555559,
ST8SIA2,Oligo,2,-0.7904809215750692,0.4807075277663513,-0.5521115552367195,0.9100978233927064,True,-0.46735377064058004,True,0.9287202178494102,
ST8SIA4,Oligo,2,-0.18494094292081578,0.6729740847387906,-0.7066227911939007,0.868309399503223,True,-0.20168683388947645,True,0.9699490215240731,
STC2,Oligo,3,-0.30870986976661363,0.16717400246812014,-0.9668074890145312,0.8359301273775573,True,-0.29720298564759107,True,0.8729222334758668,
STX1A,Oligo,4,-0.11566110306302926,0.4234471410941999,-0.0018955232645944,0.9995132519445606,True,-0.15128012930185566,True,0.9272932768190606,
SULF1,Oligo,6,-0.27768299429948473,0.8148087206910737,-0.4063581681694987,0.929846037254488,True,-0.25659089489688314,True,0.9774165421224245,
SULF2,Oligo,1,-0.5521410015150304,0.07445495680789799,-0.984302792316046,0.7586235343224637,True,-0.4801153101980182,True,0.7918780015463845,
SUSD4,Oligo,1,0.3151245234525911,0.2765939942410531,-1.1352663011247264,0.7207473455400751,False,0.22420498864402919,False,0.9166324969148498,
SVBP,Oligo,1,0.18571565951117708,0.6058412176059235,0.0195433092133308,0.9924667498497394,True,0.13940516568838057,True,0.9536531642555559,
SVEP1,Oligo,1,-0.11855540129310688,0.6729740847387906,-0.487828733069324,0.7911487942643533,True,-0.14866701939264132,True,0.9699490215240731,
TAC1,Oligo,2,-0.4298645697417585,0.5414232825997531,-0.5377395999385042,0.9083777059005664,True,-0.33517939461264645,True,0.943693947336386,
TAC3,Oligo,6,-0.07269658388479781,0.8883587001234061,-0.7143081682511467,0.8793933965170457,True,-0.0807274385073788,True,0.9833068577852265,
TAFA1,Oligo,53,-0.062680192289044,0.9625668449197862,-0.9178237816602784,0.7377914043150055,True,-0.11211868390830132,True,0.9958209752541637,
TAFA4,Oligo,1,0.09018823861943723,0.4234471410941999,0.011770723336095,0.9940736257998336,True,0.047250547358342006,True,0.9272932768190606,
TAFA5,Oligo,61,0.1252901474762901,0.2358700123406006,0.0243735625107152,0.9875389755054692,True,0.07738889336998922,True,0.8955353702557743,
TCF4,Oligo,89,0.05355088586076221,0.8883587001234061,-0.1254093903721511,0.8928995070598102,False,0.011022351200545195,False,0.9833068577852265,
TCN2,Oligo,3,-0.11502482986118898,0.2358700123406006,0.530696557771078,0.7639370900250486,False,-0.14605300043949812,False,0.8955353702557743,
TCTN1,Oligo,1,0.3409647146297857,0.113944878650761,-0.2923504159664628,0.6590273221339865,False,0.280023179158538,False,0.8256851192025261,
TECTA,Oligo,3,-0.25677266597831194,0.5414232825997531,-0.4281153438620233,0.7377914043150055,True,-0.17301359254269114,True,0.943693947336386,
TEK,Oligo,1,-0.42066186665920235,0.3861850319585892,-0.1002760472361687,0.959184659919514,True,-0.24296299079509495,True,0.9272932768190606,
TF,Oligo,4,0.2773080910864139,0.16717400246812014,-0.166586714437316,0.7370127508515867,False,0.22842293937241587,False,0.8729222334758668,
TFPI,Oligo,3,0.006416890048693527,0.8148087206910737,0.8239086640039819,0.8310029504983052,True,-0.018798396013136973,False,0.9774165421224245,
TFRC,Oligo,1,-0.0239854348350164,0.4807075277663513,-0.0333328904027488,0.978957334242942,True,-0.06979881002824422,True,0.9287202178494102,
TG,Oligo,31,-0.06935281292926218,0.6058412176059235,-1.3199290148067426,0.7540430835029771,True,-0.11346720539915918,True,0.9536531642555559,
TGFA,Oligo,2,0.20650105482015535,0.059234882764294526,-0.0579700965555869,0.9403338631058912,False,0.15578504964161322,False,0.7831292612268833,
TGFB1,Oligo,2,-0.37906810649538514,0.3212669683257919,0.5106521686670912,0.7773338024330817,False,-0.33709954342514936,False,0.920585849444673,
TGFB2,Oligo,3,0.06833575238847696,0.9625668449197862,-0.1433274508343668,0.9541185376344388,False,0.013404204239418885,False,0.9958209752541637,
TGFB3,Oligo,3,0.23051010000576178,0.09271904566022213,0.3009715467951631,0.9132703834585864,True,0.18371326595026602,True,0.8215799928288131,
TGFBR2,Oligo,2,0.4083666608513379,0.16717400246812014,0.9290551488921706,0.534859454275969,True,0.29124367384901134,True,0.8729222334758668,
TGFBR3,Oligo,9,0.3605753094008868,0.09271904566022213,-0.261238681829855,0.9313394262978272,False,0.28443995582146947,False,0.8215799928288131,
TGM2,Oligo,1,-0.4901396242067201,0.13879062114356233,0.6266083145065786,0.9356862512044576,False,-0.37853807181447374,False,0.8624102221308104,
THBS1,Oligo,2,-0.07623399506832014,0.5414232825997531,-0.3249021589318047,0.948503194370673,True,-0.0980348613921181,True,0.943693947336386,
THBS2,Oligo,2,0.24506149584875156,0.046400658165364046,0.3722590150339008,0.7246899470458824,True,0.18504155594067664,True,0.7818904126780498,
THBS3,Oligo,1,0.07880169590529366,0.7429864253393665,0.0512937935506604,0.9860265610667588,True,0.03413293815403393,True,0.9709215353212385,
THBS4,Oligo,2,0.3548546487463817,0.6729740847387906,0.4806095477475506,0.8112688235892785,True,0.22723464179805458,True,0.9699490215240731,
THEM6,Oligo,1,0.05201348099038327,0.8148087206910737,0.245174741911558,0.9188908946981608,True,0.006281108723200974,True,0.9774165421224245,
THNSL2,Oligo,2,0.2116211522067213,0.37038255861785274,0.526429276469501,0.8536347956186694,True,0.1500996991350186,True,0.920585849444673,
THSD1,Oligo,4,0.015143688516524598,0.8148087206910737,0.0180485545185261,0.99412864687682,True,-0.021466646187247987,False,0.9774165421224245,
THSD4,Oligo,62,-0.4188841657992609,0.37038255861785274,-0.3459515954256744,0.9072392631754675,True,-0.4374937972401175,True,0.920585849444673,
THSD7A,Oligo,1,0.12245044966844894,0.6058412176059235,-0.742465579226407,0.8337280894789809,False,0.058745407615168874,False,0.9536531642555559,
TIMD4,Oligo,5,0.05650776395407693,1.0,-0.1849504415392384,0.9711291488561894,False,0.00767763223926211,False,1.0,
TIMP1,Oligo,1,-0.0025707485392402005,0.961532239658224,1.45471281446414,0.5282237838980894,False,-0.012468565454665726,False,0.9958209752541637,
TIMP2,Oligo,18,0.134358795272368,0.113944878650761,0.3975079797182422,0.4219610406612866,True,0.08941105584340175,True,0.8256851192025261,
TIMP3,Oligo,3,-0.029107995395905514,0.8148087206910737,0.0950401997085173,0.9828518639492032,False,-0.05682204557883447,False,0.9774165421224245,
TIMP4,Oligo,1,-0.3565662790350264,0.7429864253393665,0.5853678758865277,0.9261419329306132,False,-0.25250820312341904,False,0.9709215353212385,
TLL1,Oligo,1,-0.07102394086997088,0.7429864253393665,-0.5644961627570715,0.9143914736799617,True,-0.09686425076210443,True,0.9709215353212385,
TLL2,Oligo,1,0.11742795797552388,0.6058412176059235,-0.3302364002819493,0.8270133841478564,False,0.07221844829590988,False,0.9536531642555559,
TMEFF2,Oligo,3,0.3350784788348445,0.059234882764294526,0.0649400735058863,0.9673667747762454,True,0.2873923907630904,True,0.7831292612268833,
TMEM25,Oligo,1,-0.16739135933314755,0.4234471410941999,0.1366100341173028,0.94838924523625,False,-0.19904689161304698,False,0.9272932768190606,
TMEM98,Oligo,1,0.4575300577563444,0.0037021801727684074,0.2521084964839765,0.8506813841715811,True,0.3976395025706299,True,0.49739290915761497,
TMPRSS11D,Oligo,1,0.5422426066371696,0.017687624133006938,0.3861643194534535,0.8536347956186694,True,0.25945567998611174,True,0.7228932624955823,
TMX1,Oligo,1,0.2806600125175964,0.2358700123406006,0.2887730169075767,0.7250151407338771,True,0.22423089546449798,True,0.8955353702557743,
TNC,Oligo,6,0.03397439591893976,0.9625668449197862,0.474919857006475,0.9136197279845528,True,-0.0038500481858944062,False,0.9958209752541637,
TNFAIP6,Oligo,2,-0.4690986496313505,0.16717400246812014,-0.3786960274076937,0.8049950880898739,True,-0.3658835467536964,True,0.8729222334758668,
TNFRSF11B,Oligo,1,-0.04552999199547462,0.6058412176059235,0.738704497774773,0.9068834936195328,False,-0.07466682131184851,False,0.9536531642555559,
TNFRSF1A,Oligo,2,-0.3630073959319451,0.4234471410941999,-0.052466504767143,0.9896049139301928,True,-0.2575626202120986,True,0.9272932768190606,
TNFRSF1B,Oligo,2,-0.24997750394776264,0.8097797706434724,0.5679076868512367,0.8732726315385382,False,-0.15453392564882026,False,0.9774165421224245,
TNFRSF25,Oligo,1,-0.17590682706050345,0.4076000389052804,0.9824820324409924,0.8521105793340067,False,-0.09136881672738655,False,0.9272932768190606,
TNFRSF6B,Oligo,2,-0.04292534481270849,0.8148087206910737,0.0556557251687098,0.988115067122558,False,-0.07140018987859204,False,0.9774165421224245,
TNFSF10,Oligo,1,0.15764457708644922,0.9216483845396674,0.6063991063732825,0.9322264870162136,True,0.06011743170100729,True,0.9958209752541637,
TNFSF12,Oligo,1,0.02702762279550955,0.9625668449197862,0.4428409120123518,0.861394762259451,True,-0.017346875960488867,False,0.9958209752541637,
TNFSF13,Oligo,2,0.0039010797678736536,0.8148087206910737,0.6071800931474892,0.9120352085429174,True,-0.036140996671638455,False,0.9774165421224245,
TNFSF13B,Oligo,3,0.07224867620059612,0.6729740847387906,-0.0932510144475288,0.940296535739256,False,0.019785733342902845,False,0.9699490215240731,
TNN,Oligo,2,-0.6554165766897104,0.7429864253393665,-0.9554333257497984,0.8915657341359929,True,-0.5170505871618452,True,0.9709215353212385,
TNR,Oligo,3,-0.19165070372138512,0.9625668449197862,-0.9778605320047186,0.6901565080874353,True,-0.1780508700644149,True,0.9958209752541637,
TNXB,Oligo,11,-0.2362728640756911,0.6058412176059235,0.6625856096309528,0.7911487942643533,False,-0.2742782221841023,False,0.9536531642555559,
TOR2A,Oligo,1,-0.03247969801800634,0.9625668449197862,-0.0119048248185793,0.9974828289232344,True,-0.0723503072885224,True,0.9958209752541637,
TREM2,Oligo,3,-0.6002103022271396,0.4234471410941999,2.362004810830689,0.2738960179800956,False,-0.35598746355435607,False,0.9272932768190606,
TTR,Oligo,8,0.10649432773759994,0.5414232825997531,-1.9382488742313224,0.534859454275969,False,0.048778767842934966,False,0.943693947336386,
TUB,Oligo,22,-0.05569654707270067,0.9625668449197862,-0.1965226929752973,0.9578468939013371,True,-0.10061400104290412,True,0.9958209752541637,
TUFT1,Oligo,1,0.006674230833647709,0.8883587001234061,-0.0860668407006192,0.9764288906512568,False,-0.03405457094975626,True,0.9833068577852265,
TULP3,Oligo,1,0.12655929808910962,0.4807075277663513,0.1915015238661822,0.8689406844605668,True,0.07900738025583733,True,0.9287202178494102,
TWSG1,Oligo,1,0.13186915270146696,0.3212669683257919,-0.3014212206246649,0.6578926374933444,False,0.08405158331785094,False,0.920585849444673,
TXN,Oligo,1,0.057185133160618885,0.6729740847387906,0.3406532151313906,0.8850246024779264,True,0.011381312380421914,True,0.9699490215240731,
TXNDC16,Oligo,1,0.1616308574896365,0.13879062114356233,-0.0173784853219548,0.9843923394355404,False,0.11415433449524623,False,0.8624102221308104,
UCN,Oligo,2,-1.0752812660348605,0.0037021801727684074,0.8653823290591851,0.4219610406612866,False,-0.7141268046823261,False,0.49739290915761497,
USH2A,Oligo,2,0.3200397936000458,0.03595228301110654,-0.7754567859645283,0.6182689500215894,False,0.14056645006063256,False,0.7703396502078044,
UTS2B,Oligo,7,-0.10246851628775218,0.8883587001234061,0.0642618515630613,0.9908920210750788,False,-0.14091778376554864,False,0.9833068577852265,
VASH1,Oligo,6,0.046785604724526246,0.4807075277663513,-0.1753904168085286,0.8920043272417166,False,-0.0015316670794887394,True,0.9287202178494102,
VASH2,Oligo,2,-0.3546928079997918,0.113944878650761,-0.0283716147532458,0.9927433659115152,True,-0.35587894966608197,True,0.8256851192025261,
VASN,Oligo,5,-0.09167165308619302,0.8148087206910737,0.0552577682884496,0.9851630673907772,False,-0.13235005102684222,False,0.9774165421224245,
VCAM1,Oligo,2,0.10227617248278431,0.33562751985334394,0.916569991315876,0.868309399503223,True,0.035692616437863804,True,0.920585849444673,
VCAN,Oligo,2,-0.1443578080624708,1.0,-0.2817464662730166,0.9269195279242748,True,-0.18004954773111928,True,1.0,
VEGFA,Oligo,1,-0.09499467195848453,0.4807075277663513,-0.6662953127387597,0.8777186102933955,True,-0.13846134281220956,True,0.9287202178494102,
VEGFB,Oligo,2,0.2788777843604838,0.16717400246812014,0.6278856096366093,0.7062628082522836,True,0.2083295225722169,True,0.8729222334758668,
VEGFC,Oligo,1,0.1679710097211722,0.6058412176059235,-0.0955011726387944,0.9839181717050084,False,0.10064435093236669,False,0.9536531642555559,
VEGFD,Oligo,2,0.12418154447860538,0.26817863879881465,-0.1026820160811831,0.9585276098906348,False,0.04819615079910652,False,0.9166324969148498,
VGF,Oligo,3,-0.10790300817612315,0.1995886466474702,0.3176775339970983,0.9408722850433924,False,-0.13312241600232086,False,0.8955353702557743,
VIP,Oligo,2,0.17343818712253053,0.6630612235568891,-1.4303295494879005,0.4972386821633705,False,0.07506059813412297,False,0.9699490215240731,
VMO1,Oligo,1,-0.25499891627077986,0.2765939942410531,1.5814816607023503,0.6721643772449784,False,-0.18836271146997852,False,0.9166324969148498,
VSTM2A,Oligo,2,-0.23731436700286063,0.4234471410941999,-0.5771795384340747,0.9010058354382622,True,-0.23317184707359087,True,0.9272932768190606,
VSTM2L,Oligo,2,-0.5138744513261546,0.015220074043603454,-0.0387070938679678,0.9924667498497394,True,-0.408077076430992,True,0.6816125051419168,
VSTM4,Oligo,2,-0.06799166298704218,0.4234471410941999,-0.770407661181278,0.041442030964904,True,-0.10740448531901856,True,0.9272932768190606,0.5908564759453953
VTN,Oligo,2,0.0634963028387846,0.8148087206910737,-0.0934742809687863,0.9859703773188616,False,0.012305546046497313,False,0.9774165421224245,
VWA1,Oligo,3,0.13333955394229083,0.37038255861785274,0.4850250740281696,0.6901565080874353,True,0.08730721159501072,True,0.920585849444673,
VWA3A,Oligo,8,-0.46416615305954734,0.2358700123406006,0.1431060259478865,0.9708743386099892,False,-0.38488304728699074,False,0.8955353702557743,
VWC2,Oligo,1,-0.0065841364348752495,0.8883587001234061,-0.2838543219971729,0.9362656278786242,True,-0.04990024989507207,True,0.9833068577852265,
VWC2L,Oligo,1,0.041875749660045654,0.7429864253393665,-2.1747414533625737,0.176815713501053,False,-0.000796156851920414,True,0.9709215353212385,
VWCE,Oligo,6,-0.14462632058647734,0.5414232825997531,0.6571829106039359,0.7889594486561623,False,-0.17585774835191703,False,0.943693947336386,
VWDE,Oligo,1,0.06693243948633418,0.4234471410941999,-1.617366725572995,0.8029736509660516,False,0.016662688444465164,False,0.9272932768190606,
VWF,Oligo,2,-0.2353376016959182,0.7356524594664196,0.0765879000955676,0.9723983047580184,False,-0.1456760760067637,False,0.9709215353212385,
WDR25,Oligo,3,0.16406373871716787,0.6058412176059235,0.0050351656752661,0.99677649268899,True,0.11681292772803219,True,0.9536531642555559,
WFDC1,Oligo,1,-0.23907134680725567,0.6058412176059235,-0.1036152105418263,0.9818027912470296,True,-0.21303814662650256,True,0.9536531642555559,
WFDC10B,Oligo,1,-0.027244143911098213,0.8788758980604734,-0.4537018842820091,0.9253460123491896,True,-0.016076699226302334,True,0.9833068577852265,
WFDC2,Oligo,2,-0.2389301425335922,0.2358700123406006,0.2201081590065328,0.9362656278786242,False,-0.26912622976472916,False,0.8955353702557743,
WFDC3,Oligo,1,-0.00444978999009739,0.8148087206910737,0.0972833480697415,0.9727027125737252,False,-0.05109830055664845,False,0.9774165421224245,
WFIKKN1,Oligo,1,0.0412940116977495,0.8883587001234061,0.3925829310062125,0.9412564028434014,True,0.0006751158012081999,True,0.9833068577852265,
WFIKKN2,Oligo,1,0.15335050681927545,0.4234471410941999,1.9628971663584425,0.6661306968176193,True,0.08411982468363194,True,0.9272932768190606,
WIF1,Oligo,1,-0.05378060110992176,0.8883587001234061,-0.63508447984974,0.91130988494707,True,-0.05358758092045221,True,0.9833068577852265,
WNT10B,Oligo,2,-0.810335083614544,0.046400658165364046,-0.1599079524178522,0.9798931639050764,True,-0.594272839514179,True,0.7818904126780498,
WNT11,Oligo,2,0.002956272401161347,0.8148087206910737,-0.8078078976715232,0.8970816616774369,False,-0.035189164080322244,True,0.9774165421224245,
WNT2,Oligo,1,-0.24039413066187298,0.6729740847387906,-0.6963866688895639,0.912201952992642,True,-0.2466420122921207,True,0.9699490215240731,
WNT2B,Oligo,3,-0.19588623424977814,0.113944878650761,0.3090447693075266,0.7611813871271617,False,-0.2311020630797085,False,0.8256851192025261,
WNT3,Oligo,1,-0.12616134596683212,0.37038255861785274,-0.6985824691622687,0.856118881906478,True,-0.060775493568245124,True,0.920585849444673,
WNT4,Oligo,1,-0.07822215921460786,0.8883587001234061,-0.2558992719759452,0.9511941338329052,True,-0.11698418524984415,True,0.9833068577852265,
WNT5A,Oligo,6,0.11381732008322264,0.6729740847387906,-0.2293163790614854,0.959184659919514,False,0.0576682952507634,False,0.9699490215240731,
WNT5B,Oligo,17,-0.017199636269223648,0.6058412176059235,-0.0406731927380136,0.9851630673907772,True,-0.06352109378191069,True,0.9536531642555559,
WNT7A,Oligo,1,-0.8725967151694105,0.09271904566022213,-1.503673524304131,0.8521105793340067,True,-0.7370838856582506,True,0.8215799928288131,
WNT7B,Oligo,5,-0.05367236918051336,0.5414232825997531,-0.0641901470244323,0.9895405717384552,True,-0.08944706135298085,True,0.943693947336386,
WNT8B,Oligo,1,-0.10557568806344943,0.3758222295651512,-0.3513387534101354,0.94838924523625,True,-0.042381509028421735,True,0.9272932768190606,
WNT9A,Oligo,2,-0.07310196726824421,0.8883587001234061,-0.1573488106282206,0.9739552415598178,True,-0.10975365406520786,True,0.9833068577852265,
XYLT1,Oligo,1,0.08871958003616771,0.6729740847387906,0.0385057432313818,0.9819960162651298,True,0.03845500847165616,True,0.9699490215240731,
XYLT2,Oligo,1,0.02091990551675233,0.7429864253393665,-0.2978265832202897,0.8582432724808153,False,-0.027262418802044375,True,0.9709215353212385,
YBX1,Oligo,1,0.18299373192733784,0.4807075277663513,0.0952061461268615,0.91130988494707,True,0.1387756316893496,True,0.9287202178494102,
ZBED3,Oligo,1,-0.29621449668097666,0.4234471410941999,0.0221312786866473,0.9883147688645856,False,-0.31922069635517075,False,0.9272932768190606,
ZP3,Oligo,10,-0.2333248610050845,0.3212669683257919,-0.1667140807816109,0.9541602156384515,True,-0.24166517149240135,True,0.920585849444673,
ZPBP,Oligo,1,-0.5494303673653471,0.07445495680789799,0.1802502189046793,0.9613856868073354,False,-0.4156405263183818,False,0.7918780015463845,
ZPLD1,Oligo,26,-0.19835737562350927,0.5414232825997531,0.5478264761412117,0.918565782352707,False,-0.23593882169775698,False,0.943693947336386,
A1BG,OPC,1,-0.30731619757961165,0.23599906156408457,0.8175351105024358,0.9571619666687806,False,-0.1332593833207078,False,0.8955353702557743,
A2M,OPC,3,-0.11191716321172496,0.9625668449197862,0.3622063201004941,0.9465212441792064,False,-0.09227758548801614,False,0.9958209752541637,
A2ML1,OPC,6,0.24761751424244635,0.2358700123406006,-0.3010115690429026,0.982822977659108,False,0.1934187752320734,False,0.8955353702557743,
ABCB6,OPC,1,0.08853086100645689,0.5414232825997531,-0.054472958501841,0.9947067405987228,False,0.06742349695694706,False,0.943693947336386,
ABHD15,OPC,2,-0.02551424343921262,0.6729740847387906,0.1124710517465823,,False,-0.043062463337141255,False,0.9699490215240731,
ABHD18,OPC,1,-0.10999813210237401,0.6058412176059235,0.0667165383846629,0.9863970854388464,False,-0.1147282081672424,False,0.9536531642555559,
ABI3BP,OPC,1,-0.05205215028458946,0.8883587001234061,-0.6816348590327533,0.9029484504845984,True,-0.05234238283145131,True,0.9833068577852265,
ACAN,OPC,1,-0.052655883790139926,0.8883587001234061,0.001134866426867,0.9994336837792148,False,-0.06427003152761751,False,0.9833068577852265,
ACE,OPC,2,-0.191021537576894,0.5414232825997531,0.7981448500348033,,False,-0.18093140369133787,False,0.943693947336386,
ACHE,OPC,1,-0.09596558230428914,0.4807075277663513,0.4846331080367227,0.8994172003025268,False,-0.11218851928570184,False,0.9287202178494102,
ACRBP,OPC,1,0.2572766511368957,0.16717400246812014,0.9760083426203358,,True,0.2002297429982251,True,0.8729222334758668,
ADA2,OPC,5,0.034841803623520434,0.6058412176059235,0.2071178048413151,0.9691938722474084,True,0.018501420074442023,True,0.9536531642555559,
ADAM12,OPC,2,0.15956418240125353,0.4807075277663513,-0.3805264967779643,0.699235827199917,False,0.12930784433623643,False,0.9287202178494102,
ADAM23,OPC,1,0.3297159755589611,0.059234882764294526,-0.3260210772248212,0.8266056011095922,False,0.2990690559743452,False,0.7831292612268833,
ADAM28,OPC,2,0.1618500948975147,0.7995028085018807,0.6294700955654458,0.9774324359047186,True,0.05991675678773053,True,0.9774165421224245,
ADAM9,OPC,1,0.16189307873559947,0.3212669683257919,-0.1593136681124969,0.9589380311569368,False,0.137777209580251,False,0.920585849444673,
ADAMTS1,OPC,2,0.18598224400580252,0.1995886466474702,-0.0261365510323952,0.9977729943991704,False,0.16087364519056702,False,0.8955353702557743,
ADAMTS10,OPC,4,-0.4091838502916724,0.015220074043603454,0.0439998030914461,0.9940244255384256,False,-0.40753089460168274,False,0.6816125051419168,
ADAMTS12,OPC,2,-0.3474066525698658,0.6648126209477461,-0.3823175658919155,,True,-0.2513039471990752,True,0.9699490215240731,
ADAMTS13,OPC,5,-0.14669371982140553,0.2358700123406006,-0.1030087593934649,0.9912894282854396,True,-0.1391629258390068,True,0.8955353702557743,
ADAMTS14,OPC,3,-0.006558920950835012,0.8883587001234061,0.0159203061981827,0.998532428187127,False,-0.0217559270202596,False,0.9833068577852265,
ADAMTS16,OPC,2,-0.052178410641505475,0.6729740847387906,-0.1839821050966056,0.9863970854388464,True,-0.06426376433116653,True,0.9699490215240731,
ADAMTS17,OPC,1,0.02367920174355757,0.9625668449197862,-0.0276358407627565,0.9946969189323596,False,0.0030150694867656985,False,0.9958209752541637,
ADAMTS18,OPC,1,0.2517934143766952,0.49113619375457174,-2.7176488585890866,0.1695515129738416,False,0.10054006635100513,False,0.943693947336386,
ADAMTS19,OPC,2,0.021475603166238106,0.9625668449197862,-0.1359510657486415,0.9863970854388464,False,-0.007363334310969568,True,0.9958209752541637,
ADAMTS2,OPC,1,-0.24810832863826524,0.6729740847387906,-0.6803408808378045,,True,-0.22384864789357692,True,0.9699490215240731,
ADAMTS20,OPC,2,-0.729277316374349,0.37038255861785274,-2.568427821247008,0.1032532890710554,True,-0.5871261967803584,True,0.920585849444673,
ADAMTS3,OPC,1,-0.07949173030992543,0.4807075277663513,-0.8482860354073638,0.6761315341529167,True,-0.09041857366482069,True,0.9287202178494102,
ADAMTS4,OPC,4,0.038220107661958345,0.5414232825997531,0.5158994067158609,,True,0.018612475832272674,True,0.943693947336386,
ADAMTS5,OPC,1,-0.1032935309434078,0.6058412176059235,0.015790063377846,0.9973477392005758,False,-0.11901408698581802,False,0.9536531642555559,
ADAMTS6,OPC,2,0.061842687229930735,0.7429864253393665,-0.6596307540380495,0.5174567143641736,False,0.04830841381870039,False,0.9709215353212385,
ADAMTS7,OPC,1,0.2594146393121097,0.13879062114356233,0.0499036252674672,0.995165788486464,True,0.21323074569022807,True,0.8624102221308104,
ADAMTS8,OPC,2,-0.22021938022946902,0.2765939942410531,0.5566547245765193,0.9487572997727816,False,-0.2199464410307163,False,0.9166324969148498,
ADAMTS9,OPC,2,0.2510982265519744,0.02064993829699712,0.4221034402628881,0.705624175466279,True,0.2207812106359362,True,0.7228932624955823,
ADAMTSL1,OPC,46,-0.17320469949839873,0.3212669683257919,-0.3353097894302148,0.9668347055013504,True,-0.1876787730966532,True,0.920585849444673,
ADAMTSL2,OPC,2,-0.1329499747989813,0.4807075277663513,-0.0781911148636961,0.9958380101955552,True,-0.1447591934206166,True,0.9287202178494102,
ADAMTSL3,OPC,2,-0.2110980354965732,0.2765939942410531,-1.307142434361901,0.0816445552189949,True,-0.16818663475551765,True,0.9166324969148498,0.5354449472096532
ADAMTSL4,OPC,2,0.032782288997956884,0.6729740847387906,-0.2068752081883701,,False,0.005735269660457868,False,0.9699490215240731,
ADGRB1,OPC,9,0.11054582465599522,0.4234471410941999,0.0352952791818926,0.9947067405987228,True,0.08563874491543835,True,0.9272932768190606,
ADGRB2,OPC,5,0.08385776247416074,0.4807075277663513,-0.0961660388413073,0.9868333685461788,False,0.06215193312043019,False,0.9287202178494102,
ADGRE5,OPC,1,0.022398554986637283,0.6058412176059235,1.0133244136612436,0.8147123654672245,True,0.002719695810880333,True,0.9536531642555559,
ADGRG1,OPC,11,0.22116902336191496,0.113944878650761,0.4661292399020265,0.678865805353701,True,0.1964296094806321,True,0.8256851192025261,
ADM,OPC,5,0.0008838326699121662,1.0,2.0125047037157624,0.8895600428577468,True,-0.025887873178184865,False,1.0,
ADPGK,OPC,10,-0.017299139231698926,0.8883587001234061,0.4096937512938905,0.7020057102422069,False,-0.03360408387329352,False,0.9833068577852265,
AEBP1,OPC,6,-0.18860039693094371,0.6058412176059235,0.4679976147337725,0.957645352504143,False,-0.1885627079934363,False,0.9536531642555559,
AGGF1,OPC,1,0.060492266792347565,0.2358700123406006,0.066882548383577,0.9863970854388464,True,0.03891626671530646,True,0.8955353702557743,
AGRN,OPC,1,-0.14447458284384543,0.7429864253393665,-0.1412361563004218,0.982822977659108,True,-0.1607325361731619,True,0.9709215353212385,
AGT,OPC,1,-0.12237060600636712,0.8883587001234061,0.9321131158303392,0.7676363080398282,False,-0.12047794272027583,False,0.9833068577852265,
AIMP1,OPC,1,0.1891595864752094,0.4234471410941999,0.3144233174915189,0.8821299531106955,True,0.15898112534700873,True,0.9272932768190606,
ALB,OPC,1,0.03876791260938693,0.9523955636596754,-2.37859860560052,,False,0.010701229052013242,False,0.9958209752541637,
ALCAM,OPC,33,0.0642403553928932,0.7429864253393665,-0.1021144090717584,0.9740661853879656,False,0.040784781662436397,False,0.9709215353212385,
ALKAL2,OPC,1,0.3469857782240272,0.09271904566022213,-0.5328728288288237,,False,0.28172892327675003,False,0.8215799928288131,
AMH,OPC,1,0.09976200589173913,0.8849535490124489,-0.1432466739322618,,False,0.0512272266319526,False,0.9833068577852265,
AMY2B,OPC,3,0.3626066917039734,0.1995886466474702,0.0151039636040968,0.9973477392005758,True,0.19759097908444073,True,0.8955353702557743,
ANGPT2,OPC,1,0.06317003981305579,0.5414232825997531,-0.1064035229484704,0.982822977659108,False,0.02848883754767556,False,0.943693947336386,
ANGPTL1,OPC,1,-0.5183360430422187,0.10793691632631516,-0.0813043714036424,0.9899023761674208,True,-0.2471046995808586,True,0.8256851192025261,
ANGPTL2,OPC,1,0.14860648909529717,0.4807075277663513,-0.42657830288671,0.8216565747291121,False,0.12499789441495325,False,0.9287202178494102,
ANGPTL4,OPC,2,0.13448627418001016,0.5414232825997531,0.4671928805241213,0.9691938722474084,True,0.09133019107702467,True,0.943693947336386,
ANGPTL5,OPC,1,0.13496976206230682,0.37038255861785274,-0.6086079870887752,,False,0.11061538150293755,False,0.920585849444673,
ANGPTL7,OPC,2,-0.5277015121258511,0.0015631427396133276,-0.3985315469495307,,True,-0.4777318033313649,True,0.3237659399424105,
ANOS1,OPC,1,0.28546651271241236,0.113944878650761,-0.1663745167066259,0.9654697958263334,False,0.2333247545802062,False,0.8256851192025261,
ANTXR2,OPC,1,0.1207345384275123,0.7429864253393665,0.167549358414234,0.961444011039232,True,0.08656496982317695,True,0.9709215353212385,
ANXA1,OPC,5,0.8046961278128452,0.02739613327848622,2.273990214290485,,True,0.4525521697932823,True,0.7401422746051902,
ANXA2,OPC,1,0.011463250061653746,0.9625668449197862,1.9542356855718792,0.3268038797485089,True,-0.0028114830118617603,False,0.9958209752541637,
AOAH,OPC,2,-0.035857973458149325,0.8883587001234061,-0.286291310391746,0.9452698562479264,True,-0.03407864618999708,True,0.9833068577852265,
APLN,OPC,2,-0.14226756168136767,0.4807075277663513,0.5950255901718194,,False,-0.14529392082983072,False,0.9287202178494102,
APOC1,OPC,2,0.0920581805681737,0.8883587001234061,0.8617636064044051,0.8944160793522142,True,0.05949281400122125,True,0.9833068577852265,
APOC2,OPC,4,-0.14328259890794387,0.8148087206910737,0.1829859837742094,0.988750092830326,False,-0.10750304475234349,False,0.9774165421224245,
APOD,OPC,3,-0.05348129248168779,0.9625668449197862,0.949672726887424,0.6800426412334192,False,-0.06905189778173755,False,0.9958209752541637,
APOE,OPC,3,-0.08285877303097082,0.8148087206910737,0.1513322161757832,0.9877920929686972,False,-0.09328768119747344,False,0.9774165421224245,
APOL4,OPC,2,-0.7684190403389175,0.02997734194924391,0.6204025986594295,,False,-0.41654905167420336,False,0.7703396502078044,
APOM,OPC,1,0.14875240360524727,0.4807075277663513,-0.6965597846975167,,False,0.1203277541141663,False,0.9287202178494102,
APOO,OPC,1,0.09805324015440403,0.5414232825997531,0.1049770354407352,0.982822977659108,True,0.0715004024757686,True,0.943693947336386,
APP,OPC,8,0.3819837335563958,0.0015631427396133276,0.2220091463288685,0.8320949464835444,True,0.3461186121963208,True,0.3237659399424105,
ARSF,OPC,4,0.3021733124635331,0.37038255861785274,-0.0924877709163358,0.9922539125278126,False,0.225947427907092,False,0.920585849444673,
ARSI,OPC,13,0.11776403038166028,0.4807075277663513,-0.2338831536916483,,False,0.09037091533912862,False,0.9287202178494102,
ARSJ,OPC,1,0.07030592598323894,0.9625668449197862,-0.339689814311496,,False,0.02942297858990979,False,0.9958209752541637,
ARSK,OPC,1,0.08475505030725208,0.8148087206910737,-0.2091333710962387,0.9596940414603538,False,0.06024441028620944,False,0.9774165421224245,
ART4,OPC,2,0.005886574012767799,1.0,-0.9190247663486688,,False,-0.002056136711691769,True,1.0,
ASAH1,OPC,2,0.1435223279992059,0.113944878650761,0.0326599506247639,0.993012961945252,True,0.11330238110020144,True,0.8256851192025261,
ASAH2,OPC,2,-0.5630209536369486,0.12223474918305649,-0.1214681018508329,0.9947067405987228,True,-0.2923730163103404,True,0.8624102221308104,
ASGR1,OPC,1,-0.3896494629235591,0.113944878650761,-0.640262204524401,0.9452698562479264,True,-0.37244819543554514,True,0.8256851192025261,
ASIP,OPC,11,-0.15666196499616517,0.7429864253393665,-0.1768123059295731,,True,-0.1524173226272981,True,0.9709215353212385,
ASPN,OPC,2,-0.04031214517505781,0.8788758980604734,0.6290758753219261,0.9397473715413,False,-0.02026553785306532,False,0.9833068577852265,
ATRN,OPC,1,0.10322583988283353,0.6729740847387906,-0.0169809710680082,0.9958380101955552,False,0.07633690038631699,False,0.9699490215240731,
AZGP1,OPC,1,1.222544010380283,0.018326256539845,2.9227182923647828,0.0066390376301885,True,0.8699460857022048,True,0.7228932624955823,0.10995753923907
B2M,OPC,2,0.13190748075288267,0.4807075277663513,0.9029505850869576,0.3854005494740879,True,0.10492888654639577,True,0.9287202178494102,
B3GAT1,OPC,9,-0.00919088409277527,0.9625668449197862,0.1436327080418531,0.9571619666687806,False,-0.03006661484975731,False,0.9958209752541637,
B4GALT1,OPC,1,-0.26737462861604194,0.6729740847387906,-0.4748977724005676,0.9445926238513868,True,-0.27876127446325655,True,0.9699490215240731,
B4GALT4,OPC,3,0.23884419635405035,0.16717400246812014,0.1091567593948388,0.982822977659108,True,0.20385080146279344,True,0.8729222334758668,
BAG6,OPC,1,0.14875240360524727,0.4807075277663513,0.2033468130084164,0.9741996048414252,True,0.1203277541141663,True,0.9287202178494102,
BCAN,OPC,2,0.07993165361660749,0.6058412176059235,0.0108022622014279,0.9978584298112924,True,0.054854082511588416,True,0.9536531642555559,
BCHE,OPC,2,-0.17882571186212515,0.8148087206910737,-0.3379824228359048,0.8325624388227194,True,-0.15828194250464966,True,0.9774165421224245,
BDNF,OPC,15,-0.33591138199977694,0.2358700123406006,-0.0617258782467577,0.9958380101955552,True,-0.3427499606286782,True,0.8955353702557743,
BGLAP,OPC,2,-0.1900770041980437,0.4234471410941999,0.3747213260480668,,False,-0.13434363012824393,False,0.9272932768190606,
BGN,OPC,1,0.04085334245805937,0.8148087206910737,-0.266632859658315,0.957645352504143,False,0.023074835137413905,False,0.9774165421224245,
BMP1,OPC,1,0.2275545663192869,0.113944878650761,0.1835691780161102,0.9691938722474084,True,0.19840588691785008,True,0.8256851192025261,
BMP2,OPC,3,-0.019016870530718214,0.8148087206910737,-0.1492718868076321,0.982822977659108,True,-0.03899445842309083,True,0.9774165421224245,
BMP4,OPC,2,-0.44104473330756677,0.02739613327848622,-0.3471397678157613,,True,-0.4468078896119026,True,0.7401422746051902,
BMP6,OPC,2,-0.10044725300559594,0.2358700123406006,-3.0626525359070627,,True,-0.11224273760672786,True,0.8955353702557743,
BMP7,OPC,1,0.04278283674335178,0.6058412176059235,0.0981576156308375,0.9704261062490552,True,0.02238924362415727,True,0.9536531642555559,
BMP8A,OPC,3,-0.07619146439868725,0.4807075277663513,0.2678994829516252,0.9804259394332088,False,-0.08466901614052369,False,0.9287202178494102,
BMP8B,OPC,2,0.06685190228455211,0.9625668449197862,-0.5769087196172826,0.6402883414217986,False,0.03852255943823517,False,0.9958209752541637,
BMPER,OPC,1,-0.006272881907292705,1.0,-1.0700321314575607,0.1185102555084272,True,-0.0257375351649051,True,1.0,
BPIFC,OPC,1,-0.06502384850190207,0.8658839618554337,0.2978581148376075,,False,-0.024964018294602302,False,0.9833068577852265,
BRINP2,OPC,1,-0.03086655052154554,1.0,-0.3285621446083916,0.6633950713599098,True,-0.04973312664417742,True,1.0,
BRINP3,OPC,3,0.003310559230130891,0.7429864253393665,0.0786018482308236,0.9863970854388464,True,-0.011666565396397446,False,0.9709215353212385,
BTBD17,OPC,2,0.17618462511333474,0.16717400246812014,0.9483223649052026,0.7278604257969344,True,0.1489689458611018,True,0.8729222334758668,
BTC,OPC,1,-0.19491567047663685,0.6729740847387906,-0.2498277804674417,0.982822977659108,True,-0.1847404316953072,True,0.9699490215240731,
BTD,OPC,8,0.16900929561622058,0.09271904566022213,-0.1037070343929412,0.95916231613285,False,0.14506625450554037,False,0.8215799928288131,
BTLA,OPC,1,0.09750192946330664,0.6642803671467212,0.6299273687440399,,True,0.03274748277676542,True,0.9699490215240731,
C14orf93,OPC,1,-0.06641298918658572,0.6729740847387906,-0.1617798008454828,0.9774324359047186,True,-0.07834660873348014,True,0.9699490215240731,
C15orf61,OPC,1,0.2023336894351865,0.3212669683257919,0.5066286197728537,0.86358302022799,True,0.17600515179890638,True,0.920585849444673,
C16orf89,OPC,1,0.6923686199249132,0.1995886466474702,1.3131688298673787,,True,0.412152314143158,True,0.8955353702557743,
C17orf67,OPC,1,-0.05856332072325608,0.4234471410941999,-0.2004875280605476,0.9740661853879656,True,-0.07844240073982892,True,0.9272932768190606,
C18orf54,OPC,1,0.17978775521668477,0.1995886466474702,-0.0725660625826009,0.9912894282854396,False,0.1477508903548367,False,0.8955353702557743,
C1QA,OPC,2,-0.35203592741906975,0.4807075277663513,1.8833644200151485,0.8013035732062138,False,-0.22932701359592353,False,0.9287202178494102,
C1QB,OPC,3,0.10758055412957689,0.8087411603198786,1.4826960039016974,0.8386711315469725,True,0.05430933991102404,True,0.9774165421224245,
C1QBP,OPC,1,0.16857258957556467,0.4234471410941999,0.5950394373171818,0.8675803621252881,True,0.13484721955395565,True,0.9272932768190606,
C1QC,OPC,3,-0.2496858331366135,0.13879062114356233,1.3398903239802775,0.8625456819286104,False,-0.19150715799349477,False,0.8624102221308104,
C1QL1,OPC,2,-0.04411273424401551,0.9625668449197862,0.2462762677499916,0.9414007480171036,False,-0.06605450452465532,False,0.9958209752541637,
C1QL2,OPC,1,0.25201866353249447,0.4234471410941999,0.7659015329158064,0.2738876447573404,True,0.21323193148034064,True,0.9272932768190606,
C1QL3,OPC,1,-0.31141595316150017,0.2765939942410531,0.0573788964192087,0.9967162372245632,False,-0.263848150775024,False,0.9166324969148498,
C1QTNF2,OPC,1,-0.016961427460221373,1.0,1.566195331271771,,False,-0.022823652092653638,False,1.0,
C1QTNF3,OPC,2,-0.09887452483725515,0.6058412176059235,-0.1633870345623447,0.9667133922785546,True,-0.10472476168293164,True,0.9536531642555559,
C1QTNF4,OPC,3,-0.19867269904634866,0.4807075277663513,-0.2843893621207026,0.982822977659108,True,-0.18228170021479428,True,0.9287202178494102,
C1QTNF6,OPC,2,0.3974604044679046,0.37038255861785274,0.2405377884126141,0.9735885885534497,True,0.286373802432609,True,0.920585849444673,
C1QTNF7,OPC,20,0.013873091124180123,0.8148087206910737,-0.0174975359084306,0.9974002012488424,False,-0.010377778272121408,True,0.9774165421224245,
C1R,OPC,2,-0.29981271499186657,0.7429864253393665,0.4469197661233375,0.9654697958263334,False,-0.2709381016602317,False,0.9709215353212385,
C1RL,OPC,1,0.3494226542583961,0.16717400246812014,0.6163212715650088,0.9100251162804665,True,0.2799980259664105,True,0.8729222334758668,
C1S,OPC,15,-0.04673963862094697,1.0,0.1642052457815066,0.9688594562119092,False,-0.06506758722075151,False,1.0,
C1orf54,OPC,3,-0.10512881106340002,0.37038255861785274,-0.2800870608214075,0.9877920929686972,True,-0.11496986856671078,True,0.920585849444673,
C1orf56,OPC,2,0.06986976366965332,0.9625668449197862,0.0695010807351417,0.9947067405987228,True,0.04403497982845282,True,0.9958209752541637,
C2,OPC,8,0.11286474813846174,1.0,0.0501484214977022,0.9956507156239238,True,0.09500079395563497,True,1.0,
C20orf27,OPC,2,-0.03754344935638269,0.4234471410941999,-0.3088635797501268,0.974218466816372,True,-0.05571253455860853,True,0.9272932768190606,
C21orf62,OPC,1,-0.6287754522552911,0.20102100430991776,1.094439112550729,0.5275933496744157,False,-0.333902272052902,False,0.8955353702557743,
C22orf39,OPC,1,0.06359450942192264,0.8883587001234061,-0.2155513642265182,0.982822977659108,False,0.0378198021558969,False,0.9833068577852265,
C3,OPC,2,0.35882122643311076,0.7356524594664196,0.5730853505029551,0.9691651800117266,True,0.20972942308367068,True,0.9709215353212385,
C3orf33,OPC,1,0.09012094375319087,0.6729740847387906,-0.182033357224039,0.9487572997727816,False,0.06158733659965735,False,0.9699490215240731,
C4BPA,OPC,1,-0.20476692440648853,0.14421682435678668,0.1665745254713773,0.988750092830326,False,-0.07022856848788929,False,0.8729222334758668,
C4BPB,OPC,1,0.07632500118379923,0.8658839618554337,-0.7190851065440084,,False,0.03198849229961129,False,0.9833068577852265,
C4orf48,OPC,1,-0.28223666586243645,0.37038255861785274,0.3213066785283105,0.9668347055013504,False,-0.2764957445371195,False,0.920585849444673,
C6orf120,OPC,2,-0.06136589348843525,0.8148087206910737,0.5134884921896813,0.876102125016221,False,-0.07509738556673246,False,0.9774165421224245,
C9orf72,OPC,1,0.08658635979804552,0.6058412176059235,-0.2362970884395999,0.8938718950235183,False,0.05962789932779339,False,0.9536531642555559,
CA10,OPC,3,0.3529794935575968,0.07445495680789799,0.0496698800820599,0.9920453743775316,True,0.32008585491473807,True,0.7918780015463845,
CA11,OPC,1,0.10680694000150337,0.7429864253393665,-0.072444366406091,0.9947067405987228,False,0.08229399062182545,False,0.9709215353212385,
CALCB,OPC,6,-0.4282829555994923,0.03595228301110654,-1.2418431647511574,0.8675803621252881,True,-0.41256714026028674,True,0.7703396502078044,
CALR,OPC,1,0.06069239221555502,0.6729740847387906,0.0083792600451444,0.998532428187127,True,0.03870754909889482,True,0.9699490215240731,
CALU,OPC,1,0.0019186805225703274,0.8883587001234061,-0.0415172472004439,0.9912894282854396,False,-0.019822491776621355,True,0.9833068577852265,
CANT1,OPC,5,-0.06522336280261262,0.6058412176059235,0.9061388419453223,0.6913091777103828,False,-0.07826674421246381,False,0.9536531642555559,
CARTPT,OPC,1,-1.0200133288964155,0.41225888092854823,-0.3262432573271924,0.9868333685461788,True,-0.6121022722040559,True,0.9272932768190606,
CASP4,OPC,3,-0.007069116584080742,0.9232949701148666,-0.9845160432922836,,True,-0.006334319863380251,True,0.9958209752541637,
CASP7,OPC,7,0.18605802633854446,0.37038255861785274,0.1012875526647623,0.9947067405987228,True,0.15016087109749313,True,0.920585849444673,
CATSPERG,OPC,1,-0.04555033800403334,0.6729740847387906,-0.3597314816105262,0.9452698562479264,True,-0.06515533180200626,True,0.9699490215240731,
CBLN2,OPC,17,0.1433604791281748,0.4807075277663513,-0.2267566918698377,0.9769504046620408,False,0.11105720705680507,False,0.9287202178494102,
CCBE1,OPC,36,-0.2660483616773108,0.5414232825997531,-1.6106202615481846,0.3049915299033714,True,-0.2568291096288819,True,0.943693947336386,
CCDC126,OPC,1,0.351466374510946,0.046400658165364046,-0.1138418512614863,0.982822977659108,False,0.31054815751598047,False,0.7818904126780498,
CCDC134,OPC,1,-0.330048617016629,0.046400658165364046,-0.526721692016152,0.8821299531106955,True,-0.3209446967632622,True,0.7818904126780498,
CCDC3,OPC,19,-0.22739223411778944,0.6058412176059235,0.0519698463330245,0.9899023761674208,False,-0.2370252739480173,False,0.9536531642555559,
CCDC80,OPC,2,-0.031109717573505974,0.5414232825997531,-1.2827024701912544,,True,-0.041738058287341236,True,0.943693947336386,
CCER2,OPC,1,0.27627114273490705,0.4234471410941999,0.0999767040383137,0.9946674977591946,True,0.19066485443299766,True,0.9272932768190606,
CCK,OPC,4,0.018923376606836496,0.8148087206910737,0.9898782869607468,0.9301833795889536,True,-0.00029598694819593283,False,0.9774165421224245,
CCN1,OPC,2,0.04051658827170937,0.8148087206910737,0.8122544203990121,,True,0.012654226273409798,True,0.9774165421224245,
CCN2,OPC,1,0.4549275837562768,8.227067050596462e-05,0.5165950424756874,0.9627106486024588,True,0.4041673887652033,True,0.16358700123406006,
CCN3,OPC,1,-0.41576030347193793,0.03595228301110654,-0.2392469399327091,0.9912664891822336,True,-0.36320139301927234,True,0.7703396502078044,
CD14,OPC,2,0.3738233151134362,0.2358700123406006,0.4703023052376453,0.9863970854388464,True,0.26143287386155944,True,0.8955353702557743,
CD160,OPC,3,-0.01605723394988949,0.8148087206910737,-0.6191346990728184,,True,-0.031917223486961285,True,0.9774165421224245,
CD163,OPC,1,-0.3212577805069304,0.3457785861511603,2.5068740393841646,,False,-0.1127115170138492,False,0.920585849444673,
CD163L1,OPC,1,-0.09616665735555235,0.3457785861511603,-0.1954509083057409,,True,-0.03217791743620088,True,0.920585849444673,
CD164,OPC,2,0.027041741409341836,0.8148087206910737,-0.0232478076197491,0.9956507156239238,False,0.009153013991985101,False,0.9774165421224245,
CD200R1,OPC,2,0.034476904649695474,0.9216483845396674,-0.0935676662584516,,False,0.010571135625521033,False,0.9958209752541637,
CD274,OPC,2,0.13933555190348093,0.2765939942410531,0.7036039182172706,0.9028199275466752,True,0.10491004559555181,True,0.9166324969148498,
CD40,OPC,1,0.564189813470582,0.09271904566022213,0.4633019072149928,,True,0.3801859884185456,True,0.8215799928288131,
CD44,OPC,13,0.1306965610628594,0.7429864253393665,1.202219531417088,0.8060945716684856,True,0.09327417677078786,True,0.9709215353212385,
CD55,OPC,1,-0.1361951653456956,0.37038255861785274,0.0019230329452664,0.9992469611201772,False,-0.14556477228084058,False,0.920585849444673,
CD59,OPC,5,0.13437530289672242,0.09271904566022213,0.655998844641515,0.3681717365930461,True,0.10433708336034116,True,0.8215799928288131,
CD63,OPC,1,0.033720705525464904,0.6729740847387906,0.7188040791418379,0.749170733419246,True,0.014220015572454421,True,0.9699490215240731,
CD74,OPC,3,-0.2823034850749622,0.059234882764294526,1.9807917127362027,0.375267674759225,False,-0.28778351554450055,False,0.7831292612268833,
CD9,OPC,11,-0.11415740134162682,0.2358700123406006,0.511837364697913,0.8675803621252881,False,-0.13329885003057,False,0.8955353702557743,
CD99L2,OPC,1,0.34852858763991496,0.059234882764294526,-0.2491723490734951,0.8148198713163741,False,0.30818831516015305,False,0.7831292612268833,
CDCP1,OPC,2,0.535031879673883,0.12342757029624754,-0.3194162405830579,,False,0.3945096711717672,False,0.8624102221308104,
CDCP2,OPC,1,0.6674004230021336,0.2279054087276714,-0.4162283255478656,,False,0.3528513202725837,False,0.8955353702557743,
CDNF,OPC,2,-0.0015216381956360118,0.8148087206910737,0.4455217351331983,0.9691938722474084,False,-0.019894365999891393,False,0.9774165421224245,
CEACAM1,OPC,1,-0.19739725390534774,0.6058412176059235,-0.1071572028632622,0.9920453743775316,True,-0.12719197443538993,True,0.9536531642555559,
CELA2B,OPC,1,-0.2709856920178573,0.7221499846980591,0.0119805916072809,,False,-0.13466375446930998,False,0.9709215353212385,
CEMIP,OPC,1,-0.07488624231329005,0.8148087206910737,0.4294781739904021,0.8938718950235183,False,-0.08541828737854067,False,0.9774165421224245,
CES4A,OPC,4,0.18717280800429195,0.16717400246812014,0.2828603862599177,0.957645352504143,True,0.15861302800386293,True,0.8729222334758668,
CFH,OPC,2,-0.31771063094394864,0.8031535335505902,1.4399668809310315,,False,-0.16434258702495677,False,0.9774165421224245,
CGREF1,OPC,2,-0.3250722273317766,0.07445495680789799,0.1331499195094759,0.982822977659108,False,-0.3017106293383368,False,0.7918780015463845,
CHAD,OPC,4,-0.1501139559666814,0.2765939942410531,0.2473884858040494,0.9668347055013504,False,-0.17096557409394803,False,0.9166324969148498,
CHADL,OPC,2,0.05573118949003383,0.7429864253393665,0.3878116780353374,0.9445926238513868,True,0.03897900764565909,True,0.9709215353212385,
CHGA,OPC,2,0.015440778705887741,0.6729740847387906,-0.3079616402438206,0.982822977659108,False,0.0008741805669193051,False,0.9699490215240731,
CHGB,OPC,2,0.17150396867725656,0.6729740847387906,0.3615224581614973,0.9769504046620408,True,0.13118172114832383,True,0.9699490215240731,
CHI3L1,OPC,2,0.05338854061394285,0.5414232825997531,0.2016558596291038,,True,0.02617078940417374,True,0.943693947336386,
CHID1,OPC,3,0.08081116947602908,1.0,0.5056971185184271,0.8753818832649111,True,0.052086764638741186,True,1.0,
CHIT1,OPC,1,0.129650942778064,0.8294063560887294,0.3148174785044887,,True,0.047371184257910745,True,0.9833068577852265,
CHL1,OPC,31,-0.08725944097108031,0.4234471410941999,0.2359485471974771,0.8031311582227664,False,-0.10710378295134285,False,0.9272932768190606,
CHRD,OPC,3,-0.2073853413224102,0.3212669683257919,-0.1481068481350561,0.9863970854388464,True,-0.2206893661638867,True,0.920585849444673,
CHRDL1,OPC,1,-0.15336932561348426,0.5414232825997531,0.213500114818612,0.9654697958263334,False,-0.13238174582369236,False,0.943693947336386,
CHST9,OPC,8,-0.02370314403037851,0.6729740847387906,0.0419729804833189,0.993012961945252,False,-0.04505605360537325,False,0.9699490215240731,
CHSY1,OPC,1,0.044093993059740585,0.4807075277663513,-0.0664884348964224,0.9863970854388464,False,0.024363130024632546,False,0.9287202178494102,
CILP,OPC,1,-0.04364321337485314,0.7429864253393665,1.038945676466594,,False,-0.036258269534066016,False,0.9709215353212385,
CKLF,OPC,2,-0.13800534194027783,0.5414232825997531,0.4581255568941188,0.8385199124480828,False,-0.14210073219838737,False,0.943693947336386,
CLEC11A,OPC,2,0.1512428566371314,0.4234471410941999,0.0638661523373755,0.9947067405987228,True,0.1250031007074497,True,0.9272932768190606,
CLEC19A,OPC,2,0.5296693978144489,0.16717400246812014,-0.1311813749574595,,False,0.3213487124171933,False,0.8729222334758668,
CLN5,OPC,1,0.15186688263022854,0.4234471410941999,0.2524033121538329,0.8917739076060818,True,0.12230756352931661,True,0.9272932768190606,
CLU,OPC,2,0.06112443358226324,0.6058412176059235,0.2430291877480687,0.9774324359047186,True,0.04061394166782179,True,0.9536531642555559,
CLUL1,OPC,5,0.16262761297218561,0.8883587001234061,-0.1674591406837573,0.9920453743775316,False,0.10441435470676234,False,0.9833068577852265,
CNDP1,OPC,1,0.379573683857745,0.2765939942410531,-0.8416180265071114,0.8250924226765189,False,0.22978115997198975,False,0.9166324969148498,
CNMD,OPC,2,0.08397564353545674,0.9625668449197862,-0.0884197916036323,0.9877920929686972,False,0.06091859629652257,False,0.9958209752541637,
CNPY4,OPC,1,0.1039792963362519,0.4807075277663513,-0.7385709043797514,0.878588999890484,False,0.08265084348816903,False,0.9287202178494102,
CNTN2,OPC,2,-0.1698092849532903,0.8883587001234061,0.1003611466220514,0.9912894282854396,False,-0.16853420950902712,False,0.9833068577852265,
CNTN4,OPC,69,-0.09936572493744626,0.4807075277663513,-0.5316854615316533,0.7104652860265886,True,-0.11847949793600149,True,0.9287202178494102,
COCH,OPC,1,0.08960892107375107,0.6729740847387906,0.6639345626603791,,True,0.04593660393645869,True,0.9699490215240731,
COL11A1,OPC,1,-0.0671677168955109,0.6058412176059235,-0.4473104017994025,0.6761315341529167,True,-0.08566163241172971,True,0.9536531642555559,
COL11A2,OPC,3,0.10006286249916023,0.6058412176059235,-0.4081566323987963,0.9634755319602968,False,0.0741293478828424,False,0.9536531642555559,
COL12A1,OPC,5,-0.2762096732475216,0.16717400246812014,-1.2165772094642917,0.1958623321785362,True,-0.28562324095767333,True,0.8729222334758668,
COL14A1,OPC,14,-0.0848417871292026,0.8148087206910737,-0.7452812957936089,,True,-0.10455957375424715,True,0.9774165421224245,
COL15A1,OPC,1,-0.09855383876003218,0.9625668449197862,-0.1264145332499959,0.9877920929686972,True,-0.09220557320606175,True,0.9958209752541637,
COL16A1,OPC,3,-0.039720449560102164,0.6729740847387906,-0.1518446577313121,0.961444011039232,True,-0.05750266054684593,True,0.9699490215240731,
COL18A1,OPC,14,-0.1885590966494196,0.37038255861785274,-0.515567590637292,0.9452698562479264,True,-0.20443454968769967,True,0.920585849444673,
COL19A1,OPC,3,0.22498872860899857,0.4234471410941999,0.4394441342979681,0.9124467768147336,True,0.1794959848050879,True,0.9272932768190606,
COL20A1,OPC,3,0.028050857973842973,0.8883587001234061,0.0592303337021016,0.9920799220201402,True,0.0020505686256138385,True,0.9833068577852265,
COL21A1,OPC,15,0.0389195923297173,0.9625668449197862,-0.4686709738279094,0.958841586558432,False,0.010402494395006548,False,0.9958209752541637,
COL22A1,OPC,8,-0.011542840167417495,0.8883587001234061,-0.3947947201255671,,True,-0.0257046144372142,True,0.9833068577852265,
COL24A1,OPC,1,0.2725412747291611,0.4807075277663513,-1.4925554603574482,0.3681717365930461,False,0.19055836378680757,False,0.9287202178494102,
COL25A1,OPC,30,-0.26365947240573656,0.37038255861785274,-0.6999216927045636,0.7624802113087851,True,-0.2586259575143214,True,0.920585849444673,
COL26A1,OPC,1,-0.6726924536246693,0.0037021801727684074,-1.4513407498875504,0.1581505777746425,True,-0.5598917313650376,True,0.49739290915761497,
COL27A1,OPC,2,0.10990483002960555,0.6058412176059235,0.1344851966725707,0.9863970854388464,True,0.079251195658906,True,0.9536531642555559,
COL4A1,OPC,1,0.8561742335283844,0.046400658165364046,1.276436865938703,0.530196192794723,True,0.7156590916623546,True,0.7818904126780498,
COL4A2,OPC,1,0.8561742335283844,0.046400658165364046,1.6198140625854685,0.033197874313068,True,0.7156590916623546,True,0.7818904126780498,0.17400246812011516
COL4A3,OPC,1,-0.1652710026557894,0.1995886466474702,-0.2042285556711183,0.9691938722474084,True,-0.17521127012637225,True,0.8955353702557743,
COL4A4,OPC,1,-0.1652710026557894,0.1995886466474702,-0.4003757097716994,0.7771667682936796,True,-0.17521127012637225,True,0.8955353702557743,
COL4A5,OPC,9,0.08550615614243919,0.9625668449197862,-0.6558178568160972,0.961444011039232,False,0.050448894968642466,False,0.9958209752541637,
COL4A6,OPC,2,0.16532284460489421,0.7356524594664196,-0.4698157672662424,,False,0.0823141523602496,False,0.9709215353212385,
COL5A1,OPC,1,0.2258753515278065,0.046400658165364046,0.455530952755283,0.7847130675302186,True,0.18728165174709097,True,0.7818904126780498,
COL5A2,OPC,1,-1.4424099690728258,0.029372326110207306,0.1021125492329299,0.9877920929686972,False,-0.8210164902154671,False,0.7703396502078044,
COL5A3,OPC,2,-0.03615827154560021,0.8883587001234061,0.1810022764309953,0.9797387143713124,False,-0.053274358877263187,False,0.9833068577852265,
COL6A1,OPC,1,-0.10652953813822523,0.5414232825997531,0.0181410398427414,0.9973477392005758,False,-0.12005128907983421,False,0.943693947336386,
COL6A2,OPC,3,-0.16709512669076232,0.4234471410941999,1.1248300745769233,0.9356149977979724,False,-0.16240590009518047,False,0.9272932768190606,
COL6A3,OPC,6,0.05142676282217198,0.8472972132889702,-1.1146274509259548,,False,0.006932287477261409,False,0.9833068577852265,
COL6A6,OPC,1,0.3697291050804275,0.27178438257453374,0.1467000696650476,0.98495466623347,True,0.13081121764172293,True,0.9166324969148498,
COL7A1,OPC,3,0.1373974025454513,0.7001364778066808,0.2073031563203205,,True,0.07913648501444917,True,0.9709215353212385,
COL8A1,OPC,1,-0.360886984475604,0.2765939942410531,-0.5707405014072549,0.9452698562479264,True,-0.3434953478694902,True,0.9166324969148498,
COL9A1,OPC,5,-0.19071759168952127,0.5414232825997531,-0.3609250633581479,0.8385199124480828,True,-0.2012883582632251,True,0.943693947336386,
COL9A2,OPC,1,0.07047149430322695,0.9625668449197862,0.1368459162675462,0.9735885885534497,True,0.05326701757700786,True,0.9958209752541637,
COL9A3,OPC,1,0.04453720093666059,0.8883587001234061,-0.5424292766064511,0.3898272161470633,False,0.02322873242107342,False,0.9833068577852265,
COLEC11,OPC,5,-0.08471286645192257,0.8883587001234061,2.077159038202548,0.7329775307866214,False,-0.09464856222292006,False,0.9833068577852265,
COLQ,OPC,7,-0.6517855905253972,0.005512134923899629,0.1377758474464355,0.9774324359047186,False,-0.5112564307560343,False,0.5708504730563553,
COPA,OPC,1,-0.07334989896949079,0.6729740847387906,-0.1853748038367128,0.8870217771662422,True,-0.08349412771219651,True,0.9699490215240731,
CORIN,OPC,10,0.01094827721031645,0.8883587001234061,-0.443481273287833,0.9121395219232,False,-0.011870804674283197,True,0.9833068577852265,
CORT,OPC,1,-0.33608885453958515,0.2765939942410531,0.5955840917678747,,False,-0.2255688937502564,False,0.9166324969148498,
CP,OPC,2,0.603866859339503,0.13101555125140407,0.1005180751416615,0.9912894282854396,True,0.2842577447146336,True,0.8624102221308104,
CPA6,OPC,3,0.5154006906636346,0.529132463522389,0.6963965912789365,,True,0.2837323501521111,True,0.943693947336386,
CPAMD8,OPC,2,0.2768439654233139,0.41225888092854823,-0.668430384870226,,False,0.12570021206168897,False,0.9272932768190606,
CPB1,OPC,5,0.05133687903391369,0.6058412176059235,0.9297760265419268,,True,0.019610157867388553,True,0.9536531642555559,
CPE,OPC,1,0.09211442328181209,0.8883587001234061,0.0767398619487646,0.982822977659108,True,0.0705968092159077,True,0.9833068577852265,
CPQ,OPC,1,0.5262589849378327,0.015220074043603454,0.9211254777303356,0.2072552572095557,True,0.43528781674924555,True,0.6816125051419168,
CPXM1,OPC,1,-0.42199408848050723,0.14866559762006348,-0.7928894981295238,0.9414007480171036,True,-0.33611529947033403,True,0.8729222334758668,
CPXM2,OPC,2,-0.30869155660414227,0.4693953495564216,0.1505536846165168,,False,-0.19218915475319664,False,0.9287202178494102,
CRB1,OPC,31,0.08703439847308092,0.16717400246812014,-0.6269929719011755,0.1658553013479896,False,0.06472868777102066,False,0.8729222334758668,
CRB2,OPC,5,0.18126168255011588,0.37038255861785274,-0.1686698989353772,,False,0.13941335242217762,False,0.920585849444673,
CREG1,OPC,1,-0.12187495425702771,0.3212669683257919,-0.0881717509862168,0.9868333685461788,True,-0.1393280104393048,True,0.920585849444673,
CREG2,OPC,2,0.14175313684415103,0.6058412176059235,-0.4879534640403684,0.970817721048352,False,0.09825946494103678,False,0.9536531642555559,
CRHBP,OPC,2,0.19863207924887397,0.2358700123406006,-0.2113687888317011,,False,0.1244826675855054,False,0.8955353702557743,
CRIM1,OPC,2,0.23443334883424158,0.07445495680789799,-0.0540799996790151,0.9889642628149398,False,0.2047773432583441,False,0.7918780015463845,
CRISPLD1,OPC,2,0.10523318791963199,0.6058412176059235,-0.3004551570166778,0.8988553916636707,False,0.08057345670491536,False,0.9536531642555559,
CRISPLD2,OPC,2,-0.009179047194246342,0.4807075277663513,-0.0210763920500678,0.9973477392005758,True,-0.029050120499668805,True,0.9287202178494102,
CRLF1,OPC,2,0.23548166133739146,0.47021427616406375,-0.5377040282276265,,False,0.11637554913488557,False,0.9287202178494102,
CRTAC1,OPC,3,0.23080811929862208,0.2358700123406006,0.0296202467694705,0.9956507156239238,True,0.1998249338133177,True,0.8955353702557743,
CRTAP,OPC,1,0.06788127171921358,0.8148087206910737,-0.1061310231503541,0.982822977659108,False,0.043187181798053295,False,0.9774165421224245,
CRYAB,OPC,5,0.21783587838565507,0.1995886466474702,0.2313534617817439,0.9863970854388464,True,0.18798496676113483,True,0.8955353702557743,
CSF1,OPC,2,-0.008072136026591802,0.1995886466474702,-0.0612187930707475,0.9956507156239238,True,-0.024671963849834746,True,0.8955353702557743,
CSF2RA,OPC,5,-0.05761414925101995,0.7356524594664196,0.4127229513335553,0.982822977659108,False,-0.043393721535294257,False,0.9709215353212385,
CSF3R,OPC,1,-0.37864694853077324,0.4807075277663513,-0.7181706880693582,,True,-0.22657894072984358,True,0.9287202178494102,
CSPG5,OPC,1,0.0765289713551704,0.4807075277663513,0.1706918567152947,0.9552166064657044,True,0.05109712275745856,True,0.9287202178494102,
CST3,OPC,2,0.09839251088729024,0.6729740847387906,0.9011009592433236,0.705624175466279,True,0.07139860545069165,True,0.9699490215240731,
CTF1,OPC,2,-0.12011795121263717,0.2765939942410531,-0.1554403036396123,,True,-0.1342751100508023,True,0.9166324969148498,
CTHRC1,OPC,2,-0.006459604702777424,0.9625668449197862,-0.213852579823286,0.9774324359047186,True,-0.02435505943917921,True,0.9958209752541637,
CTSB,OPC,1,0.08910768444134357,0.7429864253393665,0.0622108463211913,0.9912894282854396,True,0.062476212593908516,True,0.9709215353212385,
CTSD,OPC,1,-0.2718822538315436,0.4807075277663513,0.5965251643700451,0.6561562651562635,False,-0.2721063026259573,False,0.9287202178494102,
CTSK,OPC,2,-0.2685821354838818,0.059234882764294526,-0.1386105070863218,0.98495466623347,True,-0.24749756187489952,True,0.7831292612268833,
CTSL,OPC,1,0.2536431012547632,0.2358700123406006,0.5361813247877829,0.8821299531106955,True,0.2146394374856536,True,0.8955353702557743,
CTSS,OPC,2,0.14103936267434564,0.8075669579611612,-0.0796207826034131,0.995305224767897,False,0.06191405453703252,False,0.9774165421224245,
CUTA,OPC,2,0.03766417182927814,0.6058412176059235,0.8616151310119987,0.705624175466279,True,0.017766608876414444,True,0.9536531642555559,
CX3CL1,OPC,1,-0.04173272554383694,0.37038255861785274,-0.0096390380593045,0.998532428187127,True,-0.06672840918825806,True,0.920585849444673,
CXADR,OPC,1,0.23159043826416761,0.09271904566022213,-0.0677225560708547,0.9869913305522994,False,0.19819686157749558,False,0.8215799928288131,
CXCL12,OPC,2,-0.060798645100847884,0.8148087206910737,-0.3574358745765201,0.9397473715413,True,-0.08311325749221017,True,0.9774165421224245,
CXCL14,OPC,1,-0.030454526663446457,1.0,-0.2726513463553165,0.982822977659108,True,-0.02600926288253789,True,1.0,
CXCL16,OPC,1,0.00013817064033714194,0.8148087206910737,0.1926452863929666,0.982822977659108,True,-0.02944651430735527,False,0.9774165421224245,
CXCL17,OPC,1,0.3123118418203761,0.37038255861785274,0.0725404473653641,,True,0.18091991056441556,True,0.920585849444673,
CYB5D2,OPC,1,0.1605398672366984,0.4807075277663513,-0.0817785586318073,0.9868333685461788,False,0.13718119198109816,False,0.9287202178494102,
CYTL1,OPC,2,0.08876822398953285,0.8883587001234061,0.9205561961768118,,True,0.04966816794841837,True,0.9833068577852265,
DAG1,OPC,1,0.08443776666946286,0.6058412176059235,0.2926827199872632,0.8831118083929482,True,0.060198088982424354,True,0.9536531642555559,
DCN,OPC,2,-0.08538391604941684,0.5957378004691146,1.696630606148367,0.455998980220322,False,-0.05444850166180573,False,0.9536531642555559,
DDR1,OPC,4,0.2351775259932537,0.059234882764294526,0.2193611185291357,0.943759932883358,True,0.20779863875478682,True,0.7831292612268833,
DEAF1,OPC,2,0.28881175479070487,0.113944878650761,-0.0305576184272366,0.9946674977591946,False,0.26092990078271067,False,0.8256851192025261,
DEFB131B,OPC,1,0.09400584117395919,0.9484567675356261,0.734028186628491,,True,0.03016125430265818,True,0.9958209752541637,
DHRS11,OPC,1,-0.10074781544450477,0.6729740847387906,-0.1443461804379717,0.9877920929686972,True,-0.10926755007047266,True,0.9699490215240731,
DHRS13,OPC,1,-0.23540508538042687,0.16717400246812014,0.7155695922149473,0.8625456819286104,False,-0.22800209374404165,False,0.8729222334758668,
DHRS4L2,OPC,9,-0.3784584484153932,0.011106540518305223,0.1437142838214583,0.982822977659108,False,-0.3701418109361949,False,0.6572692013868484,
DHRSX,OPC,2,0.004963000726793762,0.6058412176059235,-0.0516115918673528,0.9912894282854396,False,-0.026361486859171175,True,0.9536531642555559,
DIPK2A,OPC,1,0.21050737647954088,0.16717400246812014,-0.1565073611146265,0.9774324359047186,False,0.18686018348194158,False,0.8729222334758668,
DIPK2B,OPC,1,-0.17547690348920097,0.3457785861511603,0.1256993039646465,,False,-0.05639681817567722,False,0.920585849444673,
DKK1,OPC,1,-0.14322705155612786,0.37038255861785274,-0.0960741378609134,0.9958380101955552,True,-0.1508474808051105,True,0.920585849444673,
DKK2,OPC,21,-0.04173308661967393,0.9625668449197862,-0.0783836270879662,0.9931175869021284,True,-0.06155533220350637,True,0.9958209752541637,
DKK3,OPC,2,-0.024687607611455675,0.9625668449197862,0.2009948836044756,0.9668347055013504,False,-0.046977295989196,False,0.9958209752541637,
DNASE1,OPC,2,-0.36261991652791004,0.113944878650761,0.2544638996045055,0.8932563117716525,False,-0.2789387848572902,False,0.8256851192025261,
DPP4,OPC,2,-0.15308683249368,0.6058412176059235,0.477410193208974,,False,-0.12588119007725004,False,0.9536531642555559,
DPP7,OPC,2,0.19234231311367433,0.4807075277663513,0.3735231061021413,0.9493231278431824,True,0.1519940290736563,True,0.9287202178494102,
DRAXIN,OPC,2,0.11811028736135266,0.4807075277663513,0.4429404497744563,0.976047620898481,True,0.08214576692971791,True,0.9287202178494102,
DSCAM,OPC,91,-0.07365738218901852,0.5414232825997531,-0.2873627991730197,0.8217056604353198,True,-0.09486089402219662,True,0.943693947336386,
ECM1,OPC,3,-0.30740362567530327,0.6058412176059235,0.8656475551548382,0.8752076042777743,False,-0.20959640453165893,False,0.9536531642555559,
ECM2,OPC,4,0.3841078980679723,0.22876326221317023,0.5070772823537161,0.9414007480171036,True,0.184764665060792,True,0.8955353702557743,
ECRG4,OPC,1,0.16814486234527265,0.3212669683257919,0.4819508955319528,,True,0.10194443501586478,True,0.920585849444673,
EDA,OPC,5,-0.22869516974691514,0.3212669683257919,-0.4625950057490689,0.3014952147798784,True,-0.232236283742402,True,0.920585849444673,
EDDM13,OPC,2,-0.2151525266996212,0.22328856806993114,0.0017845225751163,0.9992469611201772,False,-0.11222255160194916,False,0.8955353702557743,
EDIL3,OPC,2,0.17914740166782991,0.113944878650761,-0.154551618559677,0.923049594057106,False,0.15146079780807897,False,0.8256851192025261,
EDN1,OPC,3,0.3383503241013812,0.2358700123406006,0.4415262878212211,,True,0.2421235947252427,True,0.8955353702557743,
EFEMP1,OPC,1,-0.19869632827976724,0.8883587001234061,0.4648498256944949,0.9668347055013504,False,-0.19288102807381943,False,0.9833068577852265,
EFEMP2,OPC,1,-0.24021511636645326,0.13879062114356233,0.2026544640565154,0.9821074197263888,False,-0.2558524693697214,False,0.8624102221308104,
EFNA1,OPC,2,0.04839914198532699,0.6058412176059235,0.8513589468629127,0.818567492270735,True,0.0283673568532709,True,0.9536531642555559,
EGFL7,OPC,2,-0.037740710430083826,0.7429864253393665,-0.586497181730608,,True,-0.041808800051137955,True,0.9709215353212385,
EGFL8,OPC,1,0.7434864840442935,0.16717400246812014,0.0062390289544562,0.9992469611201772,True,0.5100330245269878,True,0.8729222334758668,
EGFLAM,OPC,25,0.017434968713415485,0.9625668449197862,-0.4205695026154941,,False,-0.004655235238067404,True,0.9958209752541637,
EGFR,OPC,44,0.0018670178137041463,0.8148087206910737,0.2139249332317023,0.9414007480171036,True,-0.023828101696857753,False,0.9774165421224245,
ELN,OPC,1,0.1250592132077635,0.4234471410941999,-0.181380765016894,0.9668347055013504,False,0.0978658360104403,False,0.9272932768190606,
EMC10,OPC,2,-0.23849885138296018,0.37038255861785274,0.4372158809594044,0.8114797366480652,False,-0.24078060498957402,False,0.920585849444673,
EMID1,OPC,1,0.2446121983814199,0.07445495680789799,0.1983025729747144,0.9452535290127289,True,0.20105380430037012,True,0.7918780015463845,
EMILIN1,OPC,1,-0.0185899059434997,0.8883587001234061,0.3487021849819898,,False,-0.037693900441251094,False,0.9833068577852265,
EMILIN2,OPC,3,0.9376524879621334,0.09271904566022213,0.7502031763260769,0.8821299531106955,True,0.8139803848525247,True,0.8215799928288131,
EMILIN3,OPC,1,-0.09491124586519246,0.6058412176059235,0.433202057732084,0.95215016282549,False,-0.11160643479672397,False,0.9536531642555559,
ENDOD1,OPC,1,0.2678966269055079,0.059234882764294526,0.3915545049300681,0.660364346878727,True,0.23167729314206253,True,0.7831292612268833,
ENHO,OPC,1,0.07316424225062215,0.4807075277663513,0.3654703303738882,0.9414007480171036,True,0.05053740935638094,True,0.9287202178494102,
ENOX1,OPC,2,-0.027824119692685396,0.5414232825997531,-0.2756443861440197,0.8821299531106955,True,-0.042935535609251306,True,0.943693947336386,
ENOX2,OPC,38,0.318548338658538,0.007897984368572603,0.1902614972804983,0.9668347055013504,True,0.29179577799860407,True,0.6428156623157458,
ENPP1,OPC,1,-0.2018467740527746,0.2358700123406006,-0.8236640788031899,0.641876450831011,True,-0.21105149597350234,True,0.8955353702557743,
ENPP2,OPC,21,-0.008995541414693085,0.8148087206910737,0.2292849717714628,0.982822977659108,False,-0.030895713810747374,False,0.9774165421224245,
ENPP3,OPC,2,0.0804643995537941,0.8883587001234061,-0.2061743755152816,0.982822977659108,False,0.05491130577736067,False,0.9833068577852265,
ENPP5,OPC,2,-0.05431324745523175,0.8883587001234061,0.3527093048518288,0.9397473715413,False,-0.06614727462247805,False,0.9833068577852265,
ENTPD5,OPC,1,-0.03932819526731971,0.6729740847387906,0.3727945822400137,0.9015655749210096,False,-0.05419991837730844,False,0.9699490215240731,
ENTPD6,OPC,1,0.07459676812973232,0.6058412176059235,0.0757957795761532,0.9863970854388464,True,0.050478375685814175,True,0.9536531642555559,
EPDR1,OPC,27,0.09442086363499698,0.4234471410941999,-0.4147450751023776,0.5543390137293063,False,0.0680931130121834,False,0.9272932768190606,
EPHA10,OPC,3,0.21447571074541968,0.7429864253393665,-2.175580474621572,,False,0.15132620951947592,False,0.9709215353212385,
EPHA3,OPC,1,-0.26496307049437823,0.5957378004691146,0.1345091150858736,0.9930239719889796,False,-0.17666898435005046,False,0.9536531642555559,
EPHB6,OPC,1,-0.16982699378544452,0.4807075277663513,-0.5308496885077622,0.9576680566332504,True,-0.1755857364342609,True,0.9287202178494102,
EPOR,OPC,2,-0.08784582439985175,0.5414232825997531,-0.5015595153726891,,True,-0.08275506522650267,True,0.943693947336386,
ERAP1,OPC,2,0.3072830438487285,0.07445495680789799,-0.1507649308119304,0.9735885885534497,False,0.27540067289896636,False,0.7918780015463845,
ERAP2,OPC,3,-0.03892354834392813,0.7429864253393665,0.1319327738949569,0.9863970854388464,False,-0.05479385301898642,False,0.9709215353212385,
ERBB3,OPC,3,0.12584275674643544,0.16717400246812014,0.0852189210847145,0.9863970854388464,True,0.10364725138401268,True,0.8729222334758668,
ERO1A,OPC,1,0.10241529292882881,0.6058412176059235,-0.0713976599986064,0.9831233146376892,False,0.0733568104118672,False,0.9536531642555559,
ERVH48-1,OPC,2,-0.0026994489483003164,0.8883587001234061,0.709199306932309,,False,-0.02226648391427263,False,0.9833068577852265,
ERVMER34-1,OPC,1,-0.7649165985607072,0.13879062114356233,-1.0009921969466509,,True,-0.5237734944085531,True,0.8624102221308104,
EXOC3-AS1,OPC,2,-0.10361758450070262,0.2358700123406006,-0.3255000060313965,0.9774324359047186,True,-0.11415027372490415,True,0.8955353702557743,
EXT2,OPC,2,0.2308293052371841,0.3212669683257919,0.0072095772842998,0.9973477392005758,True,0.1994954624054697,True,0.920585849444673,
EXTL2,OPC,1,0.03891490381746843,0.9625668449197862,0.0931641562606669,0.982822977659108,True,0.021130518872276835,True,0.9958209752541637,
EYS,OPC,16,-0.11226437516611426,0.6729740847387906,-0.8169015838441709,0.555433015098354,True,-0.11153496177704059,True,0.9699490215240731,
F10,OPC,3,-0.36903636691456027,0.8094354491980796,0.9809516762877698,,False,-0.2594108054915669,False,0.9774165421224245,
F13A1,OPC,1,0.5131648829436362,0.2358700123406006,-1.2589645654164383,,False,0.3104474318889479,False,0.8955353702557743,
F3,OPC,2,-0.1059531433409652,0.9625668449197862,0.0119081532974221,0.9978584298112924,False,-0.11930576361245777,False,0.9958209752541637,
F5,OPC,2,-0.5526054963668646,0.07445495680789799,0.8188489097810271,,False,-0.41828716203475147,False,0.7918780015463845,
F8,OPC,3,0.5752193339300062,0.09271904566022213,0.6505823034642207,0.4445781262898198,True,0.4204597182588958,True,0.8215799928288131,
FABP5,OPC,1,-0.04392291335994268,0.6058412176059235,0.1890208387346117,0.982822977659108,False,-0.056187683234526345,False,0.9536531642555559,
FAM177A1,OPC,2,0.017347124305639436,0.7429864253393665,0.1812664049072505,0.9479210691622438,True,-0.0019517565100164893,False,0.9709215353212385,
FAM20A,OPC,13,-0.32856251594243335,0.3212669683257919,0.1744982561290953,0.9899023761674208,False,-0.30208652371644723,False,0.920585849444673,
FAM20C,OPC,1,0.19013725948676172,0.13879062114356233,0.1482818456743604,0.982822977659108,True,0.163670211119078,True,0.8624102221308104,
FAM24B,OPC,1,0.06586465152813956,0.8883587001234061,-0.8247657547614864,0.711187778728492,False,0.0390317282203114,False,0.9833068577852265,
FAM3A,OPC,1,0.011638629600647862,0.16717400246812014,0.24455200206568,0.9571619666687806,True,-0.006758868091710929,False,0.8729222334758668,
FAM3C,OPC,2,0.22141400569699218,0.1995886466474702,0.2074589881262468,0.9100251162804665,True,0.1925802078958355,True,0.8955353702557743,
FAS,OPC,1,0.47044705057165803,0.113944878650761,0.4877591582627834,0.9668347055013504,True,0.36517718759623535,True,0.8256851192025261,
FBLN1,OPC,3,-0.3134528358994615,0.3212669683257919,-0.0251707766076772,0.9978584298112924,True,-0.2681963208578352,True,0.920585849444673,
FBLN2,OPC,6,-0.45528639685687217,0.2765939942410531,-0.0936119708794425,0.9912894282854396,True,-0.45623383141126794,True,0.9166324969148498,
FBLN5,OPC,2,-0.19808099389899658,0.3212669683257919,0.2851735016964573,0.9668347055013504,False,-0.18862759511938373,False,0.920585849444673,
FBLN7,OPC,2,-0.19378657492521142,0.4807075277663513,0.1945960786671124,0.961444011039232,False,-0.1730236811738744,False,0.9287202178494102,
FBN1,OPC,1,0.001173158982287097,0.8148087206910737,-0.1726243233141523,0.9403556087204122,False,-0.017131630377665942,True,0.9774165421224245,
FBN2,OPC,11,-0.17464869520984824,0.37038255861785274,-0.5921166348365605,0.7694427096228245,True,-0.19170958329016513,True,0.920585849444673,
FBN3,OPC,2,-0.2819540189858509,0.02739613327848622,0.0136721797724547,0.9978584298112924,False,-0.2578207460077356,False,0.7401422746051902,
FBXO45,OPC,1,0.14643108169318064,0.3212669683257919,0.1674573077848803,0.982822977659108,True,0.12054349159362086,True,0.920585849444673,
FCGBP,OPC,6,0.29529027844998773,0.7726944980890869,-0.2320007898198343,,False,0.16503942259762258,False,0.9774165421224245,
FCGR3A,OPC,1,-0.03928495557724492,0.7356524594664196,1.2491796408555949,,False,-0.03161782404148251,False,0.9709215353212385,
FGF1,OPC,19,0.26723551883632574,0.07445495680789799,0.2263116174862688,0.9668347055013504,True,0.2374278133441651,True,0.7918780015463845,
FGF10,OPC,1,0.2113458801022895,0.6729740847387906,0.4184069948082557,,True,0.13590941613099292,True,0.9699490215240731,
FGF13,OPC,15,-0.33813744446852445,0.07445495680789799,-1.2755536018760112,0.0080219534301493,True,-0.3377452584158335,True,0.7918780015463845,0.22461234805479827
FGF2,OPC,1,0.3033708323033555,0.4234471410941999,0.1747408509955573,0.9570649154016404,True,0.26180137461514763,True,0.9272932768190606,
FGF22,OPC,1,-0.06983178178553022,0.7429864253393665,0.9953130229031584,,False,-0.08203449970333968,False,0.9709215353212385,
FGF5,OPC,1,0.35768350933981075,0.2358700123406006,0.074098434013318,,True,0.24389361065684356,True,0.8955353702557743,
FGF7,OPC,2,-0.4741221671051942,0.37038255861785274,0.1492453219990411,0.9922539125278126,False,-0.338328021590312,False,0.920585849444673,
FGF9,OPC,1,-0.4410780975951826,0.2358700123406006,-0.1048710189582721,0.9912894282854396,True,-0.4340495110536927,True,0.8955353702557743,
FGFBP3,OPC,1,0.14298697814462796,0.5414232825997531,0.2617272515623879,0.982822977659108,True,0.10754441120725362,True,0.943693947336386,
FGFR2,OPC,18,0.05794968916081071,0.8883587001234061,-0.0622203632536642,0.9956507156239238,False,0.033792456335109564,False,0.9833068577852265,
FGFR3,OPC,2,0.19374560091776477,0.13879062114356233,0.3756776852494802,0.9067427924021948,True,0.16223063126020193,True,0.8624102221308104,
FGL1,OPC,7,-0.03969816741890789,0.4234471410941999,1.443322299072535,0.7255208007004302,False,-0.045437945373248564,False,0.9272932768190606,
FGL2,OPC,2,-0.003299229907794452,0.8883587001234061,0.2484932434433661,0.9892806380921212,False,-0.014746892488554689,False,0.9833068577852265,
FIBIN,OPC,3,0.04842085207051924,0.4807075277663513,-0.4476127737169205,0.8917739076060818,False,0.016427677509332567,False,0.9287202178494102,
FJX1,OPC,2,-0.028146277163438066,0.8883587001234061,0.2136604253839646,0.982822977659108,False,-0.04465557030265465,False,0.9833068577852265,
FKRP,OPC,2,0.2603430272458378,0.1995886466474702,0.0095265011644555,0.9980629726916592,True,0.22291708500444116,True,0.8955353702557743,
FLRT1,OPC,2,-0.2906898343568789,0.8883587001234061,-0.4212287828089917,0.9067427924021948,True,-0.2732377957066326,True,0.9833068577852265,
FLRT2,OPC,4,0.16150653347760865,0.8883587001234061,0.0304487110074653,0.9946674977591946,True,0.135091679095379,True,0.9833068577852265,
FLRT3,OPC,1,0.3823348014352603,0.113944878650761,-0.1722296358507753,0.982822977659108,False,0.32651753152848684,False,0.8256851192025261,
FLT1,OPC,35,-0.013809104772433129,0.8883587001234061,-1.5331819722834366,0.705624175466279,True,-0.04325690123855654,True,0.9833068577852265,
FLT3LG,OPC,2,0.16193048242957894,0.5414232825997531,1.1140027081350876,0.8288350000784421,True,0.11993803240239045,True,0.943693947336386,
FN1,OPC,1,0.0047202374376092565,0.9625668449197862,0.0671495118998172,0.9912894282854396,True,-0.02006656548244186,False,0.9958209752541637,
FNDC1,OPC,1,-0.11863558135325632,1.0,-0.5422836477220911,0.9824544322318568,True,-0.08816110915992506,True,1.0,
FNDC4,OPC,1,0.03065794733207658,0.8148087206910737,0.2218398537677738,0.9798261454517028,True,0.000652084768301125,True,0.9774165421224245,
FNDC5,OPC,2,0.05047655032301256,1.0,0.4273173304218998,0.9570649154016404,True,0.024646122387882444,True,1.0,
FREM1,OPC,16,-0.32245844455324213,0.09271904566022213,-0.5132512184572863,0.8369421395146317,True,-0.30812457250049635,True,0.8215799928288131,
FREM3,OPC,1,-0.2659034186772339,0.2765939942410531,-0.9724384092956456,0.3708652348260843,True,-0.23130706298922932,True,0.9166324969148498,
FRZB,OPC,2,-0.05975033432205346,0.8883587001234061,-0.3432500509654625,0.9301833795889536,True,-0.07612648983145323,True,0.9833068577852265,
FSTL1,OPC,1,-0.13878255004934428,0.5414232825997531,0.0531363610796721,0.9920453743775316,False,-0.14630839455591937,False,0.943693947336386,
FSTL3,OPC,3,-0.13084780125782197,0.3212669683257919,-0.1410503065742665,0.9911648806141224,True,-0.14645728746561054,True,0.920585849444673,
FSTL4,OPC,1,-0.30506040698329806,0.2358700123406006,0.1453969740687175,0.982822977659108,False,-0.2813659992110977,False,0.8955353702557743,
FSTL5,OPC,1,-0.5461754404902169,0.07445495680789799,-1.6348048547359946,0.0676535925295278,True,-0.4195748680482255,True,0.7918780015463845,0.22461234805479827
FUCA2,OPC,1,0.28222470655833354,0.2358700123406006,0.1157180665880914,0.9877920929686972,True,0.22983061401635066,True,0.8955353702557743,
FURIN,OPC,5,0.2457360560949412,0.059234882764294526,-0.0239014698910697,0.9974002012488424,False,0.20141989326546092,False,0.7831292612268833,
FUT6,OPC,2,-0.005474175230069963,0.6985485325646762,-0.1032332753161773,,True,-0.023792559918768115,True,0.9709215353212385,
GABBR1,OPC,2,-0.14901739941119851,0.5414232825997531,0.0147638133602441,0.9973477392005758,False,-0.16743397577937366,False,0.943693947336386,
GALNT1,OPC,1,-0.4890178233679539,0.2188958919717623,-0.2156280488934919,0.8549863165051483,True,-0.23594795804102975,True,0.8955353702557743,
GALNT2,OPC,1,0.10405928831700414,0.4807075277663513,0.03498760093853,0.9912894282854396,True,0.08192402266825967,True,0.9287202178494102,
GAS6,OPC,2,0.18544595940097042,0.8148087206910737,-0.3225348592082625,0.971390856102982,False,0.13452818266094957,False,0.9774165421224245,
GASK1A,OPC,2,-0.6973127880236617,0.03595228301110654,-0.5252798336186768,0.3854005494740879,True,-0.5998019967040573,True,0.7703396502078044,
GATD1,OPC,1,-0.13729508949383565,0.2358700123406006,0.1468157038341022,0.9863970854388464,False,-0.14596443240517415,False,0.8955353702557743,
GBP1,OPC,1,0.11779767348731733,0.9625668449197862,0.1340017067059559,0.9946674977591946,True,0.07790939594327997,True,0.9958209752541637,
GDF10,OPC,2,-0.07740966423989586,0.6729740847387906,-1.3343000582832227,,True,-0.0891602339071802,True,0.9699490215240731,
GDF11,OPC,2,0.0033541914886487875,0.8883587001234061,-0.049101913086615,0.9946244983853348,False,-0.016848613318814373,True,0.9833068577852265,
GDF6,OPC,2,0.24467914366401963,0.3212669683257919,0.5682174377826782,0.86358302022799,True,0.20526785413999935,True,0.920585849444673,
GDF9,OPC,1,-0.16216527489971994,0.1995886466474702,0.5055591031402311,,False,-0.16894212855758622,False,0.8955353702557743,
GDNF,OPC,4,0.15716197500739737,0.2765939942410531,-0.0161820020354523,0.998532428187127,False,0.1284916596734921,False,0.9166324969148498,
GFER,OPC,2,-0.08542467066431718,0.4234471410941999,0.2652423055522974,,False,-0.1007732174183174,False,0.9272932768190606,
GFOD1,OPC,24,-0.07993048969322177,0.9625668449197862,-0.1169982819415308,0.9769504046620408,True,-0.10094790029822942,True,0.9958209752541637,
GFOD2,OPC,1,0.17144953747746455,0.2765939942410531,0.0100038727702922,0.998532428187127,True,0.14433074275227084,True,0.9166324969148498,
GGH,OPC,1,0.012570356831892879,0.8883587001234061,-0.3595989253030001,0.9479210691622438,False,-0.008454530920934176,True,0.9833068577852265,
GHR,OPC,16,0.011912533225174207,0.6729740847387906,-0.4211966033071753,0.8649243946727402,False,-0.01151113829817535,True,0.9699490215240731,
GHRL,OPC,4,-0.5892958938197553,0.14866559762006348,-0.5850750364012505,,True,-0.35541381815777484,True,0.8729222334758668,
GLB1L,OPC,2,-0.053367485442531074,0.9625668449197862,0.6423008089548126,,False,-0.06092064389798238,False,0.9958209752541637,
GLB1L2,OPC,1,-0.30857074716975547,0.4807075277663513,-0.293507431453398,0.9774324359047186,True,-0.2949687625923104,True,0.9287202178494102,
GLDN,OPC,8,0.05342590931714203,0.8883587001234061,1.001812674074154,0.8861744032566862,True,0.027893733109344787,True,0.9833068577852265,
GLIPR1L1,OPC,5,-0.23467157132303174,0.8883587001234061,0.1377409191480167,0.982822977659108,False,-0.224765339813986,False,0.9833068577852265,
GLT1D1,OPC,3,-0.02267206407295027,0.9625668449197862,0.1803677762587841,0.9119242969821182,False,-0.04985994103259125,False,0.9958209752541637,
GNAS,OPC,21,0.022480350326778423,0.9625668449197862,0.2771186361660019,0.878588999890484,True,0.0022252646399611377,True,0.9958209752541637,
GNPTG,OPC,1,0.28373896363044865,0.2358700123406006,0.5514337098917823,0.6109717074059153,True,0.22511482888426737,True,0.8955353702557743,
GPC1,OPC,6,0.05937987685690994,0.6729740847387906,0.3040901513440254,0.9414007480171036,True,0.03584387448615442,True,0.9699490215240731,
GPC2,OPC,2,-0.08697365998413231,0.6058412176059235,0.2345224037626372,0.961444011039232,False,-0.10153990754507032,False,0.9536531642555559,
GPC4,OPC,2,0.09843976574406357,0.3212669683257919,-0.1649882762341657,0.9912664891822336,False,0.05843709340578989,False,0.920585849444673,
GPC5,OPC,35,-0.48156546162393066,0.046400658165364046,-0.4308895598812554,0.9668347055013504,True,-0.47633441363433154,True,0.7818904126780498,
GPC6,OPC,89,0.12450590073994544,0.4807075277663513,-0.1905914197218489,0.9735885885534497,False,0.09499450681547432,False,0.9287202178494102,
GPI,OPC,1,-0.05669253189863248,0.9625668449197862,0.0219219695717847,0.9953289356055536,False,-0.071418097770908,False,0.9958209752541637,
GPX3,OPC,2,-0.027395656798137675,0.4807075277663513,0.1872768725200925,,False,-0.04469006993284216,False,0.9287202178494102,
GPX7,OPC,1,0.019620489323253543,0.8883587001234061,0.4523833842825174,0.9445926238513868,True,-0.004595524148266122,False,0.9833068577852265,
GREM1,OPC,1,-0.02107531299702524,0.7429864253393665,0.6066393805257748,0.9688880458433818,False,-0.031210220776452843,False,0.9709215353212385,
GREM2,OPC,1,0.0736511782716534,0.7429864253393665,-0.6864923179039271,0.952905230988968,False,0.048426639310480135,False,0.9709215353212385,
GRN,OPC,3,-0.07853180714563046,0.6058412176059235,0.2943681971714564,0.9691938722474084,False,-0.09202770853913438,False,0.9536531642555559,
GSN,OPC,31,-0.04240552904431459,0.8883587001234061,-0.2288382636261114,0.9445926238513868,True,-0.06258749068296933,True,0.9833068577852265,
HAMP,OPC,3,-0.0018327198292043317,0.8883587001234061,-0.0891165494434097,0.9963776384270472,True,-0.015571026966833507,True,0.9833068577852265,
HAPLN1,OPC,5,0.09170761817590974,0.7429864253393665,-0.3468428999598322,0.9414007480171036,False,0.06465203905622993,False,0.9709215353212385,
HAPLN2,OPC,1,-0.020981547153855185,0.8883587001234061,0.992544469935747,0.5543390137293063,False,-0.03205176630604656,False,0.9833068577852265,
HAPLN4,OPC,1,-0.24783296582581343,0.6729740847387906,0.5501702767500019,0.9515095141987876,False,-0.2122833686652486,False,0.9699490215240731,
HBEGF,OPC,1,-0.20250561965443817,0.113944878650761,0.0370424774742813,0.9973477392005758,False,-0.21359407043016085,False,0.8256851192025261,
HDGF,OPC,1,0.026149344234078362,0.6729740847387906,0.0166885210174704,0.9978584298112924,True,0.007190112462423674,True,0.9699490215240731,
HEG1,OPC,1,0.11849794519490942,0.2358700123406006,0.0153532912473414,0.9973477392005758,True,0.08475597993427521,True,0.8955353702557743,
HGF,OPC,1,-0.0806461133355512,0.5414232825997531,0.4094747892078232,,False,-0.07911763964255657,False,0.943693947336386,
HHIP,OPC,2,-0.035517892815903555,0.6058412176059235,0.2369465038164187,0.982822977659108,False,-0.050360431080823824,False,0.9536531642555559,
HHIPL1,OPC,2,-0.25272843690360214,0.7429864253393665,-0.2726581161973005,0.9514273334179496,True,-0.2329716719850697,True,0.9709215353212385,
HILPDA,OPC,2,0.0761945144286769,0.8148087206910737,0.6011620586960038,0.9311088123436652,True,0.05335226063610456,True,0.9774165421224245,
HLA-E,OPC,2,-0.11133632231934248,1.0,0.9585945283125986,0.8675803621252881,False,-0.11110610104842049,False,1.0,
HMCN1,OPC,1,-0.4643267369797275,0.5414232825997531,-1.3284616184032016,,True,-0.3666707099951776,True,0.943693947336386,
HMCN2,OPC,9,-0.4578150873587407,0.2358700123406006,-0.7935073446439501,,True,-0.42876780509352713,True,0.8955353702557743,
HMGB1,OPC,21,0.1103273632022434,0.5414232825997531,0.0158509765713857,0.9956507156239238,True,0.08870583337431988,True,0.943693947336386,
HMGB2,OPC,1,-0.04136445471192167,0.9625668449197862,0.263464583395989,0.975842199658644,False,-0.06037111701679865,False,0.9958209752541637,
HNRNPA2B1,OPC,1,0.2533662185611421,0.16717400246812014,0.0709443497186785,0.9739153809169848,True,0.22703995916250258,True,0.8729222334758668,
HPSE,OPC,2,0.05520850779900521,0.9625668449197862,-0.6650167334078729,,False,0.012376380397912553,False,0.9958209752541637,
HPSE2,OPC,35,-0.33850420966830747,0.37038255861785274,-1.0456108930052994,0.86358302022799,True,-0.3052279936202645,True,0.920585849444673,
HSD11B1L,OPC,1,0.19815006583137132,0.3212669683257919,0.2060404001601585,0.982822977659108,True,0.1731449831200411,True,0.920585849444673,
HSP90AB1,OPC,1,0.04273140278924595,0.9625668449197862,0.1349726776229911,0.9863970854388464,True,0.025641377160346788,True,0.9958209752541637,
HSPA1A,OPC,1,0.2984530313754261,0.13879062114356233,0.8656289943491016,0.9452698562479264,True,0.26967930424441044,True,0.8624102221308104,
HSPB6,OPC,1,0.14717244580381206,0.2765939942410531,1.2152812861006308,,True,0.12343833348723059,True,0.9166324969148498,
HSPG2,OPC,2,-0.16746292974253948,0.6058412176059235,-0.5646508947847277,0.9397473715413,True,-0.17423223542354715,True,0.9536531642555559,
HTRA1,OPC,3,0.16742855528289108,0.3212669683257919,0.2539870698150669,0.8844311057111193,True,0.13899252647554408,True,0.920585849444673,
HTRA4,OPC,2,-0.2127212240460617,0.4411382748148418,0.243166351582537,0.9869913305522994,False,-0.14625490868198063,False,0.9287202178494102,
HYAL1,OPC,2,-0.3142865030047096,0.26729636316647976,0.2930897563563089,0.9863970854388464,False,-0.18199623816203753,False,0.9166324969148498,
IDE,OPC,10,-0.03349953526069573,0.8883587001234061,-0.0070751939609672,0.9978584298112924,True,-0.04808504535939506,True,0.9833068577852265,
IFI35,OPC,1,-0.13773239751386995,0.7429864253393665,0.4876261308473643,0.9691938722474084,False,-0.12458088376584962,False,0.9709215353212385,
IFNAR2,OPC,1,0.1951215190430218,0.02064993829699712,0.0411237314665801,0.9877920929686972,True,0.1573213104179628,True,0.7228932624955823,
IGF1,OPC,2,0.21693286145075816,0.1995886466474702,-0.7181215741100876,0.9124467768147336,False,0.12220387635337623,False,0.8955353702557743,
IGFBP2,OPC,4,-0.11453671982457873,0.9625668449197862,-0.016933924855928,0.9985904936820236,True,-0.10920881772631201,True,0.9958209752541637,
IGFBP3,OPC,3,0.32856286738670504,0.3212669683257919,0.9193637019827424,0.8927854116767509,True,0.2832755245682336,True,0.920585849444673,
IGFBP4,OPC,1,-0.05779815061198375,0.5414232825997531,-0.5643188563118767,,True,-0.06813812401412193,True,0.943693947336386,
IGFBP5,OPC,2,0.07720905746460444,0.9625668449197862,0.3292667651763021,0.9571619666687806,True,0.04318612164583242,True,0.9958209752541637,
IGFBP7,OPC,1,0.1307791541677566,0.8148087206910737,-0.1974423110962764,0.982822977659108,False,0.09018057532970895,False,0.9774165421224245,
IGFBPL1,OPC,1,-0.07990551495240707,0.6729740847387906,-0.8097364912917189,0.8821299531106955,True,-0.08730914641804047,True,0.9699490215240731,
IGFL4,OPC,7,-0.004292777052964552,0.9625668449197862,-0.6152494563079969,0.749170733419246,True,-0.016793235766804963,True,0.9958209752541637,
IGLL1,OPC,1,0.08554167695361875,0.6940017797431514,0.4844913966272015,,True,0.03161574335571113,True,0.9709215353212385,
IGLON5,OPC,2,-0.036338047978564464,0.4807075277663513,0.1388087298911632,0.9868333685461788,False,-0.06254305563336471,False,0.9287202178494102,
IGLV10-54,OPC,1,-0.3749402160316039,0.6729740847387906,-0.0933685894459668,,True,-0.30911027999883267,True,0.9699490215240731,
IGSF1,OPC,11,0.42385587180285234,0.2765939942410531,-0.5048258282162131,0.9589380311569368,False,0.3363395962591117,False,0.9166324969148498,
IGSF10,OPC,2,-0.1615061716301034,0.5634637328658632,-0.0802565187480531,0.989968921879016,True,-0.12246064732933239,True,0.9536531642555559,
IL11RA,OPC,2,0.014781700631553357,0.9625668449197862,0.2730554487485012,0.9735885885534497,True,-0.005404294013607713,False,0.9958209752541637,
IL12A,OPC,2,-0.3795372703493691,0.059234882764294526,-0.498607286135891,,True,-0.35772774044189004,True,0.7831292612268833,
IL15,OPC,9,-0.07932643779649444,0.9625668449197862,-0.2353517934514653,0.982822977659108,True,-0.08367779752616354,True,0.9958209752541637,
IL15RA,OPC,1,0.2645150085777179,0.3212669683257919,0.2192661076049545,,True,0.21417208557341322,True,0.920585849444673,
IL16,OPC,24,-0.08067633098187815,0.4807075277663513,-1.522575881545999,,True,-0.09946721896826285,True,0.9287202178494102,
IL17D,OPC,1,0.016567505697904102,0.5414232825997531,0.1009883990336491,0.98418051111454,True,-0.006283372145961662,False,0.943693947336386,
IL17RA,OPC,1,-0.01086638070889855,0.7429864253393665,0.1891545899321441,0.9576680566332504,False,-0.035885509804847886,False,0.9709215353212385,
IL17RB,OPC,2,0.24630624305303245,0.13879062114356233,0.3650446183521228,0.7669987700812514,True,0.20907834236446043,True,0.8624102221308104,
IL17RE,OPC,2,0.11953528124156755,0.7356524594664196,0.2867027507277472,0.982822977659108,True,0.05298979736871135,True,0.9709215353212385,
IL18,OPC,1,-0.27333506003419716,0.2308422720384955,0.2924646139451709,0.98495466623347,False,-0.10446318141260606,False,0.8955353702557743,
IL18BP,OPC,2,0.04450429783366493,1.0,-0.2543548255945146,,False,0.02072857729978454,False,1.0,
IL1R1,OPC,9,0.0529960377009861,0.7429864253393665,0.4309405110775299,,True,0.019767979847031412,True,0.9709215353212385,
IL1RAP,OPC,12,0.047584007035336814,0.6058412176059235,0.1164859292460204,0.982822977659108,True,0.024913710309246058,True,0.9536531642555559,
IL33,OPC,9,-0.3904862730821653,0.37038255861785274,-0.5820565307647819,0.9515095141987876,True,-0.3382885880124258,True,0.920585849444673,
IL34,OPC,14,-0.14681227780845535,0.37038255861785274,0.4260253022077137,0.9668347055013504,False,-0.16102783199184278,False,0.920585849444673,
IL4R,OPC,12,-0.5016593718475093,0.2358700123406006,0.1762962968647257,0.9922539125278126,False,-0.43057915851649475,False,0.8955353702557743,
IL6R,OPC,3,-0.005248112158804488,0.8148087206910737,-0.0428874513992827,0.9962929182465184,True,-0.026550495129571677,True,0.9774165421224245,
IL6ST,OPC,5,0.3266338071458802,0.07445495680789799,0.0225922773124807,0.9946244983853348,True,0.29200585420210873,True,0.7918780015463845,
IL7,OPC,2,0.1394299705285392,0.4807075277663513,0.1654714949929618,0.9589380311569368,True,0.10008662776795811,True,0.9287202178494102,
INHA,OPC,1,0.087717777002497,0.4807075277663513,-0.3773328095549324,,False,0.05535912961251378,False,0.9287202178494102,
INHBA,OPC,3,0.2102325668401453,0.07445495680789799,0.6992126971158436,0.705624175466279,True,0.18353290795926808,True,0.7918780015463845,
INHBB,OPC,1,0.15967963575963307,0.3212669683257919,-0.1800785313439905,0.9863970854388464,False,0.1296981487743418,False,0.920585849444673,
INSL6,OPC,1,-0.3876712675408612,0.25800804712879555,0.0945458018403159,0.9947067405987228,False,-0.17094993408241643,False,0.9166324969148498,
ISG15,OPC,5,-0.3209204309603982,0.13879062114356233,-0.2100974328168742,0.982822977659108,True,-0.33944095156924686,True,0.8624102221308104,
ISM1,OPC,1,-0.5034435442722042,0.113944878650761,0.0809334297316578,,False,-0.45366474566917436,False,0.8256851192025261,
ITFG1,OPC,1,0.15364734234515787,0.4807075277663513,-0.1420114891981976,0.9506947121898752,False,0.12442705337390046,False,0.9287202178494102,
ITGBL1,OPC,4,-0.3167285047877416,0.6058412176059235,0.6477858310707103,0.7596835353147456,False,-0.2871071121244046,False,0.9536531642555559,
ITIH4,OPC,1,-0.5746768471221384,0.1995886466474702,-0.1536530353247515,0.9932616614993,True,-0.4029424945372865,True,0.8955353702557743,
ITIH5,OPC,9,0.4318571273781312,0.5414232825997531,0.3219649713603664,,True,0.3215030597689117,True,0.943693947336386,
ITM2B,OPC,3,0.10648345821299046,0.5414232825997531,0.35743467179458,0.8691691484087769,True,0.08427577116996744,True,0.943693947336386,
IZUMO4,OPC,1,0.17089315705311395,0.3212669683257919,1.09756106700713,,True,0.14626887332155636,True,0.920585849444673,
JAM3,OPC,1,0.21407421915688685,0.1995886466474702,-0.0485740758422491,0.9877920929686972,False,0.18345967999507562,False,0.8955353702557743,
KCP,OPC,2,-0.18172069703049426,0.3212669683257919,-0.0063483488508253,0.9992469611201772,True,-0.16955023313776663,True,0.920585849444673,
KIAA0319,OPC,18,-0.24071295764449036,0.16717400246812014,-0.5721087225715218,0.8612276507167523,True,-0.24373579682163923,True,0.8729222334758668,
KIRREL3,OPC,1,-0.1040539322833361,0.3212669683257919,-0.1807442257594191,0.982822977659108,True,-0.10464113587941881,True,0.920585849444673,
KITLG,OPC,1,0.06207415760456293,0.8883587001234061,-0.6785686609920941,0.5680965993781127,False,0.03468346390982842,False,0.9833068577852265,
KL,OPC,2,-0.5240318442855493,0.2765939942410531,0.4296938625594194,,False,-0.41618032214041534,False,0.9166324969148498,
KLK6,OPC,1,0.41837570363761317,0.8849535490124489,-0.3149986156210021,0.9863970854388464,False,0.2816277267864238,False,0.9833068577852265,
KLK7,OPC,2,-0.27087793745138694,0.40313288380367274,-0.4134715210090314,,True,-0.13116493655516162,True,0.9272932768190606,
KLKB1,OPC,1,0.11092934290786131,1.0,0.3519067529575272,0.957645352504143,True,0.03624753971287182,True,1.0,
KNG1,OPC,1,0.1993252565223912,0.591068146624468,-0.2517624082203997,,False,0.07248108428847629,False,0.9536531642555559,
LAMA1,OPC,25,-0.14636500350123566,0.8883587001234061,-0.7592524408453646,0.7691927962822093,True,-0.16565695948107476,True,0.9833068577852265,
LAMA2,OPC,1,0.010266298715323264,0.6058412176059235,-0.3059059532352294,0.95215016282549,False,0.005932176033008213,False,0.9536531642555559,
LAMA3,OPC,29,-0.1466955537087261,0.7429864253393665,0.3405933232653613,0.9801447104972468,False,-0.1583961581679799,False,0.9709215353212385,
LAMA4,OPC,2,0.19718723666489174,0.1995886466474702,-0.1497701672498266,0.9774324359047186,False,0.16544613205034145,False,0.8955353702557743,
LAMA5,OPC,1,-0.28474333421810666,0.015220074043603454,0.0312284210635722,0.9973477392005758,False,-0.28874424024198925,False,0.6816125051419168,
LAMB1,OPC,1,0.09576440014826919,0.3212669683257919,-0.394851223972864,0.9506947121898752,False,0.05331643003321506,False,0.920585849444673,
LAMB2,OPC,1,-0.1242211084389418,0.6729740847387906,-1.018368084295847,,True,-0.12660661587246086,True,0.9699490215240731,
LAMB3,OPC,3,0.20371895318465702,0.2765939942410531,-0.258859077401439,,False,0.1570082889091675,False,0.9166324969148498,
LAMC1,OPC,1,0.19305972148673453,0.3212669683257919,0.2657261829676546,0.8353089320160524,True,0.1622353074274615,True,0.920585849444673,
LAMC3,OPC,1,-0.08587471434528217,0.6985485325646762,1.7550866494003023,,False,-0.06259452681113993,False,0.9709215353212385,
LCAT,OPC,3,0.11310991622897823,0.4807075277663513,-0.1646888167961041,,False,0.08731120504052878,False,0.9287202178494102,
LEAP2,OPC,1,-0.9244354869777455,0.0331680672330644,-1.3700929446356522,,True,-0.4789009996373051,True,0.7703396502078044,
LEFTY1,OPC,2,-0.045322045222482475,1.0,0.0502614216511907,0.9947067405987228,False,-0.036465504550351475,False,1.0,
LEPR,OPC,20,-0.2775504616922875,0.007897984368572603,-0.0676825793926919,0.990300689545588,True,-0.2862710591466562,True,0.6428156623157458,
LGALS1,OPC,1,-0.09626650642684088,1.0,0.1969560204614504,0.982822977659108,False,-0.10457760024724161,False,1.0,
LGALS3,OPC,1,0.28072726883805604,0.5414232825997531,2.034758196451489,0.3681717365930461,True,0.19319193865755058,True,0.943693947336386,
LGALS3BP,OPC,1,-0.07273334600031396,0.7429864253393665,0.1231196714839598,0.988676595933298,False,-0.07566455471257236,False,0.9709215353212385,
LGALS9,OPC,3,-0.2042790494523691,0.4807075277663513,0.2578180879018091,0.975842199658644,False,-0.19200757254312964,False,0.9287202178494102,
LGI1,OPC,2,0.13480556716329217,0.2765939942410531,-0.1743675916507561,0.9774324359047186,False,0.10105396837761615,False,0.9166324969148498,
LGI2,OPC,2,-0.13601541676075096,0.6729740847387906,-0.0345413750129137,0.9962929182465184,True,-0.14768515322797574,True,0.9699490215240731,
LGI3,OPC,2,-0.2358205260345817,0.3212669683257919,-0.5626321984886777,0.9039137353091398,True,-0.2449130395865797,True,0.920585849444673,
LGI4,OPC,1,0.015143407372660593,0.8148087206910737,-0.6963082444925549,,False,0.004631988701015383,False,0.9774165421224245,
LIFR,OPC,11,0.3138754117296274,0.005512134923899629,0.5117133127896463,0.718717985501156,True,0.28314139906424757,True,0.5708504730563553,
LIPC,OPC,6,0.459124862149903,0.2358700123406006,0.3289856694436855,,True,0.31054446315555434,True,0.8955353702557743,
LIPG,OPC,4,0.2172012003807398,0.5414232825997531,0.7274246547732041,0.9301833795889536,True,0.16411924691097915,True,0.943693947336386,
LIPI,OPC,1,0.2829188397471255,0.591068146624468,0.5589774323754443,0.9414007480171036,True,0.10524764329824116,True,0.9536531642555559,
LNPEP,OPC,2,0.1855504711409644,0.1995886466474702,-0.1964756105644155,0.9281923121406344,False,0.15835551813328386,False,0.8955353702557743,
LOXL1,OPC,3,0.194330580286251,0.3212669683257919,1.1229413843436926,,True,0.14165712404985698,True,0.920585849444673,
LOXL2,OPC,1,-0.43606465731489613,0.4807075277663513,0.306492620828766,0.957645352504143,False,-0.3432951165958842,False,0.9287202178494102,
LOXL3,OPC,1,-0.1177892857117059,0.2765939942410531,-0.0137103851562872,0.9973477392005758,True,-0.13779541971873954,True,0.9166324969148498,
LOXL4,OPC,2,0.242522817859634,0.9625668449197862,0.7546063596992467,,True,0.17940766849859274,True,0.9958209752541637,
LPA,OPC,2,0.625638992784702,0.46496362458247187,0.084872761587009,,True,0.30976121376201066,True,0.9287202178494102,
LPL,OPC,1,0.4235512232116414,0.113944878650761,1.2898733692782416,0.2999178479759294,True,0.37110664194037263,True,0.8256851192025261,
LRP8,OPC,1,0.20775366920362862,0.1995886466474702,0.1051867500950973,0.982822977659108,True,0.1745467774750937,True,0.8955353702557743,
LRRC17,OPC,2,0.10143265873102278,0.9602390636458037,-0.1278844818659435,0.9892806380921212,False,0.04219647536414832,False,0.9958209752541637,
LTBP1,OPC,27,0.07819078707066288,0.6058412176059235,-0.3450025036293461,0.7676363080398282,False,0.05349204961290136,False,0.9536531642555559,
LTBP3,OPC,4,0.15063122112575023,0.37038255861785274,0.1577610898238527,0.961444011039232,True,0.11992924254347036,True,0.920585849444673,
LTBP4,OPC,7,-0.01752020117829906,0.8148087206910737,-0.2025754975152067,0.9863970854388464,True,-0.04579689401116204,True,0.9774165421224245,
LUZP2,OPC,27,-0.005186982756872794,0.8883587001234061,-0.0344351129399561,0.9947067405987228,True,-0.02118340678545633,True,0.9833068577852265,
LY6G5C,OPC,1,-0.035638319584586395,0.4234471410941999,0.0157402274597804,,False,-0.04556665944731939,False,0.9272932768190606,
LY86,OPC,2,-0.36482059449351667,0.26817863879881465,0.6338559175284099,0.9774324359047186,False,-0.21991781831963453,False,0.9166324969148498,
LY96,OPC,1,-0.6493411428481441,0.02739613327848622,0.2722894582648746,,False,-0.46017419447683305,False,0.7401422746051902,
LYPD6,OPC,3,0.18272030856663804,0.4234471410941999,-0.3736182123024411,0.9100789081985208,False,0.14502451819843795,False,0.9272932768190606,
MAMDC2,OPC,1,-0.29531572714463405,0.16717400246812014,0.0810277644945296,0.9926273008902112,False,-0.2566573197093272,False,0.8729222334758668,
MAN2B1,OPC,2,-0.167807380533506,0.2358700123406006,0.3904034954365502,0.9406405014925728,False,-0.168427436543563,False,0.8955353702557743,
MAN2B2,OPC,1,0.3950816359880757,0.03595228301110654,0.0727461562156722,0.9912664891822336,True,0.348152168454528,True,0.7703396502078044,
MANF,OPC,1,0.2307116050020665,0.16717400246812014,0.1007869319136299,0.990300689545588,True,0.19579065799989726,True,0.8729222334758668,
MAPT,OPC,19,-0.0888120708331519,0.3212669683257919,0.0523341809576077,0.9863970854388464,False,-0.10950984281579118,False,0.920585849444673,
MASP1,OPC,2,0.29106653058530113,0.07445495680789799,0.0937261344720279,0.9863970854388464,True,0.2371556603952919,True,0.7918780015463845,
MATN1,OPC,1,-0.5285249353797186,0.02064993829699712,0.1380071450238762,0.9922539125278126,False,-0.4833626367954971,False,0.7228932624955823,
MATN2,OPC,6,0.029965127879365387,0.8883587001234061,0.14778024002185,0.961444011039232,True,0.003012256954291541,True,0.9833068577852265,
MATN4,OPC,3,0.2815282359804475,0.7429864253393665,-0.4302686746071111,0.9571619666687806,False,0.17449321983701815,False,0.9709215353212385,
MBTPS1,OPC,1,0.226255516590089,0.16717400246812014,0.0795330372275136,0.9731087697978252,True,0.1988266479704341,True,0.8729222334758668,
MDFIC,OPC,1,-0.10084508208515579,0.5414232825997531,-0.4045842106226511,0.961444011039232,True,-0.10396528734137009,True,0.943693947336386,
MDK,OPC,1,0.22104788393984606,0.6729740847387906,1.1839238493065576,0.5046313181310107,True,0.16518599915513021,True,0.9699490215240731,
MEGF6,OPC,25,-0.11635949472307429,0.7429864253393665,0.935803268636075,,False,-0.13765670181304446,False,0.9709215353212385,
MET,OPC,9,0.11823140322345406,0.7429864253393665,-0.2766246320903652,0.982822977659108,False,0.08042103095227672,False,0.9709215353212385,
METRN,OPC,2,0.032609648407616716,0.8148087206910737,0.4059079052661181,0.8386711315469725,True,0.01052260878056735,True,0.9774165421224245,
METRNL,OPC,1,0.06136607515639672,0.6058412176059235,0.6191890043015815,0.8684717881123478,True,0.034921473264235996,True,0.9536531642555559,
METTL24,OPC,1,0.16789495363122758,0.09271904566022213,0.1842496591507628,0.9571619666687806,True,0.1290922310473999,True,0.8215799928288131,
MFGE8,OPC,2,0.0138488702802147,0.8148087206910737,-0.124934877152602,0.990300689545588,False,-0.01744119833215045,True,0.9774165421224245,
MGAT4A,OPC,11,0.08582702482833109,0.3212669683257919,-0.0603643572501117,0.9863970854388464,False,0.062073092459884203,False,0.920585849444673,
MGAT5,OPC,36,0.18331072048100777,0.046400658165364046,-0.0218931483993519,0.9931175869021284,False,0.15459028490470397,False,0.7818904126780498,
MGP,OPC,4,0.3108528585350913,0.37038255861785274,1.631376093192712,,True,0.19319137565289218,True,0.920585849444673,
MIF,OPC,1,-0.003185494365522197,1.0,0.0864979749858396,0.9946674977591946,False,-0.02146450569740651,False,1.0,
MINPP1,OPC,2,0.011684650505659243,0.5414232825997531,0.0091256443919376,0.9978584298112924,True,-0.013777548841827822,False,0.943693947336386,
MMP16,OPC,1,0.0724978838449433,0.4807075277663513,-0.1009918310775309,0.98495466623347,False,0.05256677142550551,False,0.9287202178494102,
MMP17,OPC,5,0.14097563917415684,0.16717400246812014,0.0742081504930482,0.9877920929686972,True,0.1197242004746519,True,0.8729222334758668,
MMP19,OPC,1,-0.6722756062755953,0.22328856806993114,0.0054317729602101,0.9992469611201772,False,-0.32954538414705836,False,0.8955353702557743,
MMP2,OPC,13,-0.22790651248621907,0.6058412176059235,-0.8031323649554898,0.7709157804199066,True,-0.23524009241652258,True,0.9536531642555559,
MMP21,OPC,2,-0.005100072009456398,0.5550932567714633,-0.0273922991059595,0.9973477392005758,True,-0.0032553649090219985,True,0.9536531642555559,
MMP24,OPC,1,0.47650397741976297,0.09271904566022213,0.1742211854279655,0.9798261454517028,True,0.380614700151368,True,0.8215799928288131,
MMP28,OPC,2,-0.4731095908384075,0.16717400246812014,-0.2320068469081041,,True,-0.3478230421106886,True,0.8729222334758668,
MMRN2,OPC,2,-0.005064307863947239,0.9625668449197862,-0.4134011186914799,,True,-0.02851943588231477,True,0.9958209752541637,
MR1,OPC,1,0.1528568975337724,0.2765939942410531,1.1898116640331962,,True,0.10249129313259682,True,0.9166324969148498,
MST1,OPC,1,0.1656256872747127,0.3212669683257919,0.1442490047506816,0.9877920929686972,True,0.1312059697904955,True,0.920585849444673,
MSTN,OPC,4,-0.36139389628318486,0.26729636316647976,-0.9977570166173164,,True,-0.21797811389884555,True,0.9166324969148498,
MTRNR2L1,OPC,2,0.765920155450767,0.8148087206910737,0.4496291321815858,0.9863970854388464,True,0.7172507376984338,True,0.9774165421224245,
MTRNR2L4,OPC,1,-1.0126298194129773,0.02540964151076366,-0.6076704256949412,,True,-0.4717279213623902,True,0.7401422746051902,
MTRNR2L8,OPC,1,-0.4035411592296422,0.2625417977827179,-0.405499122500004,0.982822977659108,True,-0.18677421188787274,True,0.9166324969148498,
MUC13,OPC,1,0.21297050465598763,0.43454988098896274,-1.1849675674623208,,False,0.08054830921801061,False,0.9287202178494102,
MUC20,OPC,3,-0.28274276748313404,0.37038255861785274,-0.380617370513192,0.957645352504143,True,-0.21884697365696337,True,0.920585849444673,
MUSTN1,OPC,2,-0.5364671731110677,0.0650982637994463,-0.0385327371542724,,True,-0.24023305211623727,True,0.7918780015463845,
MXRA5,OPC,2,-0.18202011213192146,0.4411382748148418,-0.4423271732997497,,True,-0.14803990091684346,True,0.9287202178494102,
MYDGF,OPC,2,-0.03443207847449307,0.6729740847387906,0.4760400656676767,0.9124467768147336,False,-0.049449607950906506,False,0.9699490215240731,
NAMPT,OPC,1,0.16161433587306936,0.7429864253393665,-0.0873767683259551,0.982822977659108,False,0.13422061664490964,False,0.9709215353212385,
NAXE,OPC,2,0.03444914020094473,0.7429864253393665,0.3001099460184439,0.9668347055013504,True,0.011929586144117849,True,0.9709215353212385,
NBL1,OPC,14,-0.07428792320341267,0.2358700123406006,-0.0069348748977916,0.9992469611201772,True,-0.08990879520524518,True,0.8955353702557743,
NCAM1,OPC,1,0.13958505964778742,0.4807075277663513,-0.0355708954888083,0.9877920929686972,False,0.11713862418706927,False,0.9287202178494102,
NCAN,OPC,3,-0.4844454587927534,0.07445495680789799,-0.7075555106234116,0.4398427137747852,True,-0.4741340290176782,True,0.7918780015463845,
NDFIP1,OPC,2,-0.11448456576110827,0.9625668449197862,-0.0297292536964715,0.993012961945252,True,-0.12554224317283794,True,0.9958209752541637,
NDP,OPC,2,-0.06976921995901718,0.6729740847387906,0.2020844312753494,0.982822977659108,False,-0.07030407835427488,False,0.9699490215240731,
NECTIN1,OPC,2,0.18138118659275373,0.3212669683257919,-0.2513153410865631,0.943759932883358,False,0.15600764276757767,False,0.920585849444673,
NELL1,OPC,2,0.11430053755561918,0.8883587001234061,0.0562652855522468,0.9946244983853348,True,0.07881576496300843,True,0.9833068577852265,
NELL2,OPC,3,-0.40353950409726924,0.1995886466474702,-0.5381424008909611,0.705624175466279,True,-0.3909923530150096,True,0.8955353702557743,
NENF,OPC,1,0.08206513983833982,0.3212669683257919,0.3833022880735041,0.9296733525533228,True,0.055696185612353066,True,0.920585849444673,
NETO1,OPC,2,0.17830916253895887,0.2358700123406006,-0.0978395826175876,0.982822977659108,False,0.14646182459950555,False,0.8955353702557743,
NGF,OPC,1,-0.0629327253800929,0.9625668449197862,-0.2673986183817559,0.929095767725206,True,-0.0750043178986042,True,0.9958209752541637,
NGRN,OPC,1,-0.026445065731252607,0.6729740847387906,0.2614441452672581,0.9571619666687806,False,-0.043171224065973034,False,0.9699490215240731,
NHLRC3,OPC,1,0.16106383560054405,0.37038255861785274,0.0897448405595794,0.982822977659108,True,0.13822767919217763,True,0.920585849444673,
NID1,OPC,2,0.04695571295653834,0.5414232825997531,0.0799107781113253,0.989968921879016,True,0.02423761741027029,True,0.943693947336386,
NID2,OPC,1,-0.12256429356748455,0.6729740847387906,-1.7677392156292209,0.0766078957199585,True,-0.1370803997760592,True,0.9699490215240731,0.7618574544212724
NINJ1,OPC,3,0.2393022638019446,0.046400658165364046,0.6738555885544687,0.87687688511476,True,0.20266055870306782,True,0.7818904126780498,
NLRP3,OPC,2,-0.14936779446563173,0.8472972132889702,0.2095868817948791,,False,-0.11070991278307425,False,0.9833068577852265,
NMB,OPC,1,0.1291382236266898,0.37038255861785274,1.0670271204538846,0.8821299531106955,True,0.09394902598211773,True,0.920585849444673,
NMI,OPC,1,0.20786108885814125,0.9625668449197862,0.4623574376910285,0.8917739076060818,True,0.16337309316066645,True,0.9958209752541637,
NODAL,OPC,1,-0.0022795534711122297,0.8883587001234061,0.741877967803597,,False,-0.023104043480818227,False,0.9833068577852265,
NOTCH2NLA,OPC,1,-0.11214086370790308,0.6058412176059235,0.5511514864112068,0.833499920567623,False,-0.0786999946919095,False,0.9536531642555559,
NOTCH2NLC,OPC,1,-0.29794181176646206,0.4807075277663513,-0.1855768453150494,0.9769504046620408,True,-0.2280979797106193,True,0.9287202178494102,
NPC2,OPC,1,0.1183494278061717,0.1995886466474702,0.8667775294792499,0.7289913980576255,True,0.09331794122446047,True,0.8955353702557743,
NPFF,OPC,1,0.14241177945886388,0.8148087206910737,0.0441729115095425,,True,0.09987474274953018,True,0.9774165421224245,
NPNT,OPC,1,0.25673557937127,0.6729740847387906,0.588923937388845,0.9704261062490552,True,0.15478468491416816,True,0.9699490215240731,
NPPA,OPC,2,0.2135636887124552,0.7429864253393665,1.0580819125818623,,True,0.14039961588319286,True,0.9709215353212385,
NPTX1,OPC,3,0.2036742491338189,0.5414232825997531,-0.9497538653474508,0.8938718950235183,False,0.15406073947749296,False,0.943693947336386,
NPTX2,OPC,1,0.0036084824726723423,0.2358700123406006,0.5988710654594849,0.9397473715413,True,-0.016510988895675222,False,0.8955353702557743,
NPY,OPC,3,-0.7403203305311503,0.07487078268493276,-0.8446213784671193,,True,-0.49047828894514117,True,0.7918780015463845,
NRCAM,OPC,51,-0.026700039062862276,0.8883587001234061,0.0514749860264512,0.9877920929686972,False,-0.048155313525262845,False,0.9833068577852265,
NRG1,OPC,89,-0.24854854074015467,0.4807075277663513,-1.0994000737013754,0.5543390137293063,True,-0.26665584684189103,True,0.9287202178494102,
NRG2,OPC,33,-0.09036633326840161,0.3212669683257919,-0.1488242323563003,0.9445926238513868,True,-0.11480770437326737,True,0.920585849444673,
NRG3,OPC,169,0.06717773130205253,0.6058412176059235,0.0613361392816702,0.9868333685461788,True,0.039570501416736986,True,0.9536531642555559,
NRN1L,OPC,2,0.11742243353429357,0.4807075277663513,1.3667708992690446,,True,0.08965476711648106,True,0.9287202178494102,
NRP1,OPC,1,0.3309171588357154,0.1995886466474702,-0.9609185599771748,0.8612276507167523,False,0.27622413114660915,False,0.8955353702557743,
NRP2,OPC,2,0.618426220672151,0.02739613327848622,0.950288667593444,0.705624175466279,True,0.5283074043114363,True,0.7401422746051902,
NSUN2,OPC,1,-0.015768728463369387,1.0,-0.2770258228639937,0.8649243946727402,True,-0.036440186116426174,True,1.0,
NTF3,OPC,21,-0.24463201901257361,0.37038255861785274,0.0073483113483153,,False,-0.2418851974990537,False,0.920585849444673,
NTN1,OPC,2,-0.12773007707039696,0.4234471410941999,0.0435631473758241,0.9946674977591946,False,-0.14095064955846626,False,0.9272932768190606,
NTN4,OPC,1,0.15168869254858325,0.2358700123406006,0.3191918017035651,0.8684717881123478,True,0.12071542789087945,True,0.8955353702557743,
NTN5,OPC,1,-0.05924722371327535,0.8148087206910737,-0.0994011146267071,,True,-0.06551912297213959,True,0.9774165421224245,
NTS,OPC,2,-0.48841497864116357,0.1114703248402659,1.0635889180822666,,False,-0.2605191115782968,False,0.8256851192025261,
NUCB1,OPC,1,0.05225034405419362,0.8148087206910737,0.2856842636443082,0.9571619666687806,True,0.03463857587507434,True,0.9774165421224245,
NUCB2,OPC,1,-0.07735928495052204,0.6058412176059235,0.1691525589536348,0.949916379795608,False,-0.09369154551503937,False,0.9536531642555559,
NXPE3,OPC,4,0.19405842271574375,0.1995886466474702,0.1305425706599435,0.9557397033106514,True,0.16632528482165587,True,0.8955353702557743,
NXPH1,OPC,48,0.13386571160678457,0.09271904566022213,0.0753958299202424,0.9877920929686972,True,0.11089688517637152,True,0.8215799928288131,
NXPH2,OPC,3,-0.103496912653765,0.9625668449197862,-0.3048621681303415,,True,-0.1019974997920532,True,0.9958209752541637,
NXPH3,OPC,2,-0.17425435903081907,0.4234471410941999,-0.7448718243599755,,True,-0.1892054629345582,True,0.9272932768190606,
OAF,OPC,1,0.21222050986373855,0.2765939942410531,0.1351863364004775,0.9912894282854396,True,0.1662449796025986,True,0.9166324969148498,
OAS1,OPC,1,0.18069209413524231,0.2765939942410531,0.6630435655971507,0.8684717881123478,True,0.12217850106054362,True,0.9166324969148498,
OGN,OPC,1,0.32132775468783015,0.2655231334861341,0.5053202358203008,0.9414007480171036,True,0.15002003662835234,True,0.9166324969148498,
OIT3,OPC,1,0.47738224107717014,0.21537799598844165,-0.7888105414008172,,False,0.181785170991539,False,0.8955353702557743,
OLFM1,OPC,4,0.06655350215894364,0.7429864253393665,-0.0035132634012456,0.9992469611201772,False,0.0424355429593587,False,0.9709215353212385,
OLFM2,OPC,19,-0.053929271985975635,0.6729740847387906,-0.1258083893076592,0.970817721048352,True,-0.07090333353541053,True,0.9699490215240731,
OLFM3,OPC,25,0.11104809274539926,0.8148087206910737,0.6287586590364231,0.929095767725206,True,0.066613864558426,True,0.9774165421224245,
OLFML1,OPC,3,0.43190420125630313,0.13879062114356233,-0.1815554593294945,,False,0.2592074216768127,False,0.8624102221308104,
OLFML2A,OPC,9,-0.2918579271214847,0.2358700123406006,-1.2563604347973858,,True,-0.282217978383998,True,0.8955353702557743,
OLFML2B,OPC,14,-0.05970934644868485,0.9625668449197862,-0.4654315185995581,,True,-0.08343850413677323,True,0.9958209752541637,
OLR1,OPC,3,-0.053119224806646485,0.961532239658224,0.9608935708367649,0.961444011039232,False,-0.051579947175257095,False,0.9958209752541637,
OPTC,OPC,3,-0.47381949632575066,0.03595228301110654,0.3982734774381181,0.9774324359047186,False,-0.4230978963363942,False,0.7703396502078044,
OTOA,OPC,3,-0.07556911966420837,0.7001364778066808,-0.0146427443220885,,True,-0.05134841093270194,True,0.9709215353212385,
OTOGL,OPC,15,-0.07334995240663653,1.0,-0.3131360439467132,0.8675803621252881,True,-0.09098211560089785,True,1.0,
OVCH1,OPC,1,-0.3766206091071599,0.2188958919717623,-1.3094726233103426,0.7432056160838372,True,-0.1804697717505634,True,0.8955353702557743,
P3H1,OPC,1,-0.058152140627786154,0.4807075277663513,-0.0726689643997991,0.9899023761674208,True,-0.0744170868868668,True,0.9287202178494102,
P4HB,OPC,1,0.15107227415485114,0.7429864253393665,0.1331905172712346,0.9824544322318568,True,0.1259933972407454,True,0.9709215353212385,
PAM,OPC,2,-0.05246382126876736,0.1995886466474702,-0.1314538645690928,0.9735885885534497,True,-0.0656665198153205,True,0.8955353702557743,
PAMR1,OPC,12,0.01762286100277359,0.6729740847387906,-0.106118222468126,0.98495466623347,False,-0.013050841292442989,True,0.9699490215240731,
PAPLN,OPC,5,-0.16720043075030946,0.4807075277663513,-1.1202174527816904,,True,-0.1619517564810373,True,0.9287202178494102,
PAPPA,OPC,2,-0.5997357858493892,0.113944878650761,-0.5092675031148898,0.8675803621252881,True,-0.4996181064762336,True,0.8256851192025261,
PAPPA2,OPC,1,0.0008083343826182352,0.7201992389171539,0.5394284651587472,0.9239209566949876,True,-0.001760960580067686,False,0.9709215353212385,
PCDH12,OPC,2,0.10502168717963141,0.9625668449197862,0.2719078243148602,0.982822977659108,True,0.06770937387310214,True,0.9958209752541637,
PCDH15,OPC,3,0.04693897021421909,0.8883587001234061,-0.253470352287934,0.9382845086684742,False,0.02254027615150898,False,0.9833068577852265,
PCDHA1,OPC,1,-0.3882656523667255,0.17828740994356362,-0.2159487470560655,0.982822977659108,True,-0.2022839041000241,True,0.8955353702557743,
PCDHA10,OPC,1,-0.07814156816227112,0.9584527538459414,-0.0323309972412371,0.9947067405987228,True,-0.03299789470498547,True,0.9958209752541637,
PCDHA6,OPC,1,-0.2846030429504995,0.41634995698359023,-0.6249385891336111,0.8844311057111193,True,-0.12566562486052094,True,0.9272932768190606,
PCOLCE,OPC,1,-0.2059703823144703,0.4807075277663513,-0.0882553558561761,,True,-0.21897692946803118,True,0.9287202178494102,
PCOLCE2,OPC,1,0.1849231476564635,0.3212669683257919,0.1062129603816987,0.982822977659108,True,0.14767924437475524,True,0.920585849444673,
PCSK1,OPC,2,-0.29572475147293614,0.37038255861785274,-0.3637390155700119,0.982822977659108,True,-0.2748372776360911,True,0.920585849444673,
PCSK1N,OPC,2,-0.4356488315929375,0.113944878650761,0.4704626276680724,0.9242196440792504,False,-0.39061755120512953,False,0.8256851192025261,
PCSK2,OPC,2,0.05064504353197571,0.5414232825997531,-0.0318435507049718,0.9947067405987228,False,0.030621817210779487,False,0.943693947336386,
PCSK5,OPC,1,0.22942480409709115,0.113944878650761,0.1520649298744861,0.9668347055013504,True,0.1993294364790452,True,0.8256851192025261,
PCSK6,OPC,45,0.09469963111818352,0.4234471410941999,0.1963977613980187,0.9668347055013504,True,0.07121938798836844,True,0.9272932768190606,
PCYOX1L,OPC,2,-0.036287005736414704,0.4234471410941999,-0.1550423142142716,0.982822977659108,True,-0.05125573698432534,True,0.9272932768190606,
PDCD1LG2,OPC,4,0.02228444928161552,0.5306582861239475,0.8855973639755236,0.8932563117716525,True,0.0004011153339642022,True,0.943693947336386,
PDCD6IP,OPC,1,0.488777674088627,0.046400658165364046,0.093754763053034,0.9668347055013504,True,0.4293131611986896,True,0.7818904126780498,
PDGFA,OPC,2,0.32706686268421914,0.046400658165364046,-0.3864220163540848,0.9571619666687806,False,0.2948885153486542,False,0.7818904126780498,
PDGFB,OPC,4,-0.12674358301267685,0.9625668449197862,-0.0027332963354124,0.9992469611201772,True,-0.13502760039179545,True,0.9958209752541637,
PDGFC,OPC,2,0.05382807172306236,0.3212669683257919,-0.0063917607809947,0.998532428187127,False,0.03157712369188054,False,0.920585849444673,
PDGFD,OPC,1,-0.6715670943143899,0.2358700123406006,0.5397680835192019,0.9397473715413,False,-0.5287812443249146,False,0.8955353702557743,
PDGFRL,OPC,2,-0.2012498000543398,0.3212669683257919,-0.2019123076628341,,True,-0.20107512832539964,True,0.920585849444673,
PDYN,OPC,2,-0.40175354612360414,0.9625668449197862,0.8328629366362743,,False,-0.2636496451407206,False,0.9958209752541637,
PDZD11,OPC,1,0.06398305251483838,1.0,0.794899892855526,0.8038827360758575,True,0.03326571337468131,True,1.0,
PDZD2,OPC,1,0.2642853098207227,0.02064993829699712,0.2499639370408985,0.8691691484087769,True,0.2271007302954701,True,0.7228932624955823,
PEBP4,OPC,1,0.30042729533539286,0.37038255861785274,0.5590954935961912,0.8216565747291121,True,0.22201497886551289,True,0.920585849444673,
PENK,OPC,3,-0.40848023211571755,0.6058412176059235,0.2694606974162347,,False,-0.3484188730609048,False,0.9536531642555559,
PGLYRP1,OPC,1,-0.13423363663718899,0.6935261823547549,-1.181697184640094,,True,-0.05368383248109768,True,0.9709215353212385,
PGRMC1,OPC,1,-0.10778527256711946,0.9625668449197862,0.2429300943455393,0.961444011039232,False,-0.12144620411056324,False,0.9958209752541637,
PGRMC2,OPC,2,0.02106768897837921,0.8148087206910737,-0.149630607032295,0.9642360436718956,False,-0.0020302198854126384,True,0.9774165421224245,
PI15,OPC,1,0.17149472088519074,0.5180274618893022,-0.3658137579598271,0.9769504046620408,False,0.06125127642977266,False,0.943693947336386,
PI16,OPC,5,-0.35178436956149123,0.37038255861785274,1.7076927887438418,,False,-0.2816528566749449,False,0.920585849444673,
PIBF1,OPC,1,-0.13563252004335977,1.0,0.1475962180347892,0.9431919147748616,False,-0.13839764067591198,False,1.0,
PILRA,OPC,2,-0.22624364543923192,0.6729740847387906,0.0842207696918893,0.9922539125278126,False,-0.17701772232740245,False,0.9699490215240731,
PINLYP,OPC,2,-0.06773274672008939,0.8148087206910737,0.5603672952651172,0.8675803621252881,False,-0.08692496906492554,False,0.9774165421224245,
PKD1,OPC,2,-0.07810441074460181,0.8148087206910737,0.0525134928711812,0.9912664891822336,False,-0.08481633127817242,False,0.9774165421224245,
PKD2,OPC,8,0.020135398577366563,0.113944878650761,-0.0234332143191455,0.9945755801501868,False,0.00016832968613021324,False,0.8256851192025261,
PKDCC,OPC,2,0.25766196281360265,0.005512134923899629,0.2277805788496008,0.9774324359047186,True,0.22985771347909334,True,0.5708504730563553,
PLA2G12A,OPC,1,-0.2515588949921718,0.5414232825997531,0.0016171624557077,0.9992469611201772,False,-0.24597331546653584,False,0.943693947336386,
PLA2G15,OPC,3,-0.22297334331081503,0.2358700123406006,-0.4094898500743338,0.9656349474941368,True,-0.22930501606291942,True,0.8955353702557743,
PLA2G7,OPC,2,0.13803009698100052,0.4807075277663513,0.4810098670408179,0.8932563117716525,True,0.10648298136771332,True,0.9287202178494102,
PLA2R1,OPC,3,0.14038878555061027,0.8148087206910737,0.0202811820574975,0.9978584298112924,True,0.09970880870572364,True,0.9774165421224245,
PLAC9,OPC,3,0.3815880109634053,0.2358700123406006,-1.0557382402688564,,False,0.23734561618927155,False,0.8955353702557743,
PLAT,OPC,3,0.2097417504694216,0.09271904566022213,0.7588991279782893,0.3636135222231184,True,0.17617175536115445,True,0.8215799928288131,
PLAUR,OPC,2,0.03482706174179386,0.4807075277663513,-0.5371118140324335,0.9596940414603538,False,0.013630526636979962,False,0.9287202178494102,
PLOD3,OPC,1,0.14248131509315812,0.37038255861785274,0.7173086400656921,0.6325638782138165,True,0.11618390711935873,True,0.920585849444673,
PLTP,OPC,1,-0.5443931925987372,0.059234882764294526,0.2521379627080743,0.9863970854388464,False,-0.48694125276768896,False,0.7831292612268833,
PLXDC1,OPC,2,-0.040550741229958394,0.7429864253393665,-0.6525824564249686,0.8844311057111193,True,-0.053849933777582126,True,0.9709215353212385,
PLXNB1,OPC,4,0.00023169417797053757,0.8148087206910737,0.3635464383189238,0.9237072195369944,True,-0.020327749033042037,False,0.9774165421224245,
PM20D1,OPC,2,0.05818444675528286,0.7429864253393665,0.1807295405377932,0.9912894282854396,True,0.020556349746136425,True,0.9709215353212385,
PMEL,OPC,1,-0.081182034714992,0.9625668449197862,-0.2694710873191597,,True,-0.08855996869186736,True,0.9958209752541637,
PNOC,OPC,7,0.2948014026767937,0.113944878650761,0.2175097099450822,,True,0.24992734646791698,True,0.8256851192025261,
PODN,OPC,1,-0.3742876183966951,0.113944878650761,-0.3414991795075523,0.9461915962633198,True,-0.3643952548502497,True,0.8256851192025261,
PODNL1,OPC,2,0.09801386011309055,0.4807075277663513,0.7132791221756377,,True,0.07260881640701179,True,0.9287202178494102,
PON1,OPC,1,-0.2788492391297324,0.4769765902586016,0.2821321729649426,0.9740661853879656,False,-0.13487790509270153,False,0.9287202178494102,
PON2,OPC,1,-0.0212923310788309,0.8148087206910737,0.1404892851354713,0.954564008226896,False,-0.03490907991082628,False,0.9774165421224245,
PON3,OPC,1,-0.337321811495174,0.2279054087276714,0.1912743261674144,0.9691938722474084,False,-0.23111131235084692,False,0.8955353702557743,
PPIA,OPC,1,0.09151691901902953,0.9625668449197862,0.34805189019156,0.9479210691622438,True,0.06989800744788148,True,0.9958209752541637,
PPIB,OPC,1,0.09879604179597481,0.3212669683257919,0.3680805950178674,0.9117892043224504,True,0.07569935637146728,True,0.920585849444673,
PPT1,OPC,6,-0.2783036436430724,0.113944878650761,0.0392193781579932,0.9947067405987228,False,-0.27715258911189217,False,0.8256851192025261,
PRADC1,OPC,1,0.23425100309806426,0.3212669683257919,0.6163305848064565,0.8821299531106955,True,0.20767951895685663,True,0.920585849444673,
PRB1,OPC,2,-0.08895659695278413,0.6391713204315057,0.193023097784711,,False,-0.03464465200484996,False,0.9699490215240731,
PRB2,OPC,1,-0.2874855755048213,0.08095246275017269,-1.43170226051328,,True,-0.10331401940990312,True,0.8215799928288131,
PRELP,OPC,3,-0.05009542041175926,1.0,0.473464789896435,0.9654697958263334,False,-0.06514304554797144,False,1.0,
PRH2,OPC,1,-0.2869496608455743,0.273954360737795,0.2502310086400842,,False,-0.12502019236975015,False,0.9166324969148498,
PRLR,OPC,28,-0.05228531745970671,0.7429864253393665,-0.5561695167519981,0.9668347055013504,True,-0.07138715915355222,True,0.9709215353212385,
PROS1,OPC,2,0.027770482590649164,0.8148087206910737,-0.1946047587684574,0.957645352504143,False,0.003495397746928827,False,0.9774165421224245,
PRR4,OPC,1,0.08277144446572625,0.5357453418662278,-0.3142019456262788,,False,0.029141715227679776,False,0.943693947336386,
PRSS12,OPC,1,-0.8523180825663237,0.0024681201151789383,-1.3808012238086689,0.8392948528333727,True,-0.6799050235907781,True,0.45440833676127784,
PRSS23,OPC,1,-0.12545116338765006,0.37038255861785274,0.3968899983010684,0.7694958777135882,False,-0.13650465980317858,False,0.920585849444673,
PRSS27,OPC,1,-0.05175862470863449,0.8148087206910737,0.0556125199842562,,False,-0.06710935595824508,False,0.9774165421224245,
PRSS3,OPC,12,0.12218596939520385,0.6058412176059235,0.1178594059987671,0.9946674977591946,True,0.06412016987114569,True,0.9536531642555559,
PRSS35,OPC,1,0.20208394466551877,0.37038255861785274,-0.0580410010741101,,False,0.15294825814151414,False,0.920585849444673,
PRSS48,OPC,1,-0.217348072411637,0.4807075277663513,0.2593094111886446,0.961444011039232,False,-0.1553486135033572,False,0.9287202178494102,
PRSS51,OPC,5,-0.2027161790867834,0.4807075277663513,-0.0531527638977278,0.9946244983853348,True,-0.20308140853398615,True,0.9287202178494102,
PRSS53,OPC,1,0.39179343099817115,0.16190430302288117,1.1386740773799489,,True,0.19388138275596284,True,0.8729222334758668,
PRXL2A,OPC,6,0.06790163644653074,0.37038255861785274,0.1305368655177678,0.982822977659108,True,0.041903378298250214,True,0.920585849444673,
PSAP,OPC,2,0.03158286105671494,0.8883587001234061,0.2172157975207128,0.9452698562479264,True,0.015567870931157066,True,0.9833068577852265,
PSG8,OPC,9,-0.48682218468611993,0.13879062114356233,-0.2124763367714482,0.9877920929686972,True,-0.415091721198737,True,0.8624102221308104,
PTEN,OPC,1,0.21751557589572482,0.1995886466474702,-0.094651455351722,0.961444011039232,False,0.18868634807817083,False,0.8955353702557743,
PTGDS,OPC,2,0.07284102307335089,0.6729740847387906,0.717648454189638,0.8862843632802342,True,0.052787454391941754,True,0.9699490215240731,
PTK7,OPC,1,-0.09832530713086052,0.7429864253393665,0.0222676844141372,0.9973477392005758,False,-0.11661070076331087,False,0.9709215353212385,
PTN,OPC,1,0.009671579698994189,0.8148087206910737,0.0494417346397673,0.9877920929686972,True,-0.009312620588372376,False,0.9774165421224245,
PTPRJ,OPC,1,0.30336997883518174,0.02739613327848622,0.0222791302209869,0.9958380101955552,True,0.26590098411557483,True,0.7401422746051902,
PTPRR,OPC,20,-0.12417192435271868,0.5414232825997531,-1.2120068154934802,0.2172744890613315,True,-0.12676739451112987,True,0.943693947336386,
PTPRZ1,OPC,1,-0.0882483653587866,0.3212669683257919,-0.0979438082444537,0.9750621351276216,True,-0.0983948559678501,True,0.920585849444673,
PTX3,OPC,1,-0.1375452366810982,0.4807075277663513,0.4248023820877123,,False,-0.1344527619273253,False,0.9287202178494102,
PVR,OPC,1,-0.3581771447905146,0.011106540518305223,0.0582286008613871,0.9912894282854396,False,-0.3269290027786557,False,0.6572692013868484,
PXDN,OPC,1,-0.026878864222806352,0.2765939942410531,-0.0397899413344754,0.989968921879016,True,-0.0450374732579538,True,0.9166324969148498,
PXDNL,OPC,2,-0.23678723252382872,0.5306582861239475,-0.2147009401287176,0.9589380311569368,True,-0.13168287236577908,True,0.943693947336386,
PYY,OPC,8,0.037255342952287045,0.8883587001234061,-0.1382828868720998,,False,0.01335729474077935,False,0.9833068577852265,
QPCT,OPC,2,-0.5273994400738982,0.113944878650761,0.5734316943647042,0.9445926238513868,False,-0.4459299553203966,False,0.8256851192025261,
QSOX1,OPC,2,0.4028673203298327,0.02739613327848622,0.1783120206518244,0.9573057716528618,True,0.3563773166078122,True,0.7401422746051902,
QSOX2,OPC,2,-0.09913012132092476,0.5414232825997531,0.2098852861581771,0.9727119476965986,False,-0.11129900429838163,False,0.943693947336386,
RAET1E,OPC,3,0.6349581869284957,0.046400658165364046,0.2065109825196541,,True,0.47407995032513417,True,0.7818904126780498,
RARRES1,OPC,2,0.24960049967922932,0.113944878650761,0.0097250946220148,0.998532428187127,True,0.19875304339815086,True,0.8256851192025261,
RARRES2,OPC,1,-0.08444448553130064,0.8148087206910737,0.2578565602528196,0.9741640881475884,False,-0.1002490978381205,False,0.9774165421224245,
RBP4,OPC,2,0.18324631908472358,0.6058412176059235,0.8905557652621607,,True,0.10111723490823914,True,0.9536531642555559,
RELN,OPC,1,0.029141099279570336,0.8148087206910737,-0.4830340079482584,0.9461915962633198,False,0.004828283810218534,False,0.9774165421224245,
RGMA,OPC,5,0.19809678426608449,0.13879062114356233,0.4600603998262156,0.7624802113087851,True,0.1683386904009191,True,0.8624102221308104,
RNASE1,OPC,3,0.01873389188081129,0.6058412176059235,1.0903709383263516,0.8844311057111193,True,-0.0005664024304289553,False,0.9536531642555559,
RNASE4,OPC,2,0.04072022735347058,0.7429864253393665,0.5350901061997937,,True,0.020830395481893305,True,0.9709215353212385,
RNASET2,OPC,1,-0.07677241770734126,0.4234471410941999,0.2408916007930262,0.9452698562479264,False,-0.09181358603846922,False,0.9272932768190606,
RNF43,OPC,3,-0.23064770413246743,0.7429864253393665,0.5643649973330747,0.9420040864197532,False,-0.2006453513090717,False,0.9709215353212385,
RNLS,OPC,1,0.15574587174693763,0.3212669683257919,0.0831296818319244,0.9839297164553158,True,0.12403632719976501,True,0.920585849444673,
RNPEP,OPC,1,0.3260076596367243,0.1995886466474702,0.3767699853379475,0.8947085801748207,True,0.2740350160886254,True,0.8955353702557743,
RSPO2,OPC,2,0.078018303279941,0.7429864253393665,-0.738283119342252,0.7473554249329487,False,0.04702766248122283,False,0.9709215353212385,
RSPO3,OPC,1,0.1196225791183818,0.5414232825997531,0.288234638898702,0.982822977659108,True,0.08236484562477599,True,0.943693947336386,
RSPO4,OPC,2,-0.1839691111055361,0.34352762898365263,0.9498144346403732,0.7997338762043479,False,-0.09621033309419855,False,0.920585849444673,
RSPRY1,OPC,1,0.14699310649318265,0.16717400246812014,-0.0740080027424785,0.982822977659108,False,0.12661777470952384,False,0.8729222334758668,
S100A13,OPC,2,0.2221090886473049,0.4234471410941999,0.3877573319931844,0.957645352504143,True,0.1818106922952345,True,0.9272932768190606,
S100B,OPC,2,0.24475484637271855,0.16717400246812014,0.4259835305588548,0.7997338762043479,True,0.21367577371707167,True,0.8729222334758668,
SAMD1,OPC,1,0.22592655523229901,0.13879062114356233,0.4174258896972089,0.9515095141987876,True,0.19521011861177498,True,0.8624102221308104,
SBSPON,OPC,1,0.1610157382608143,0.8883587001234061,0.6213208521889367,,True,0.07953952396127704,True,0.9833068577852265,
SCG2,OPC,2,0.44049180525509496,0.16717400246812014,0.2294508995009009,0.9668347055013504,True,0.34821794237769443,True,0.8729222334758668,
SCG3,OPC,1,0.25886597793113303,0.4234471410941999,0.5132926077139506,0.86358302022799,True,0.21931433654797206,True,0.9272932768190606,
SCG5,OPC,2,-0.23768041537341242,0.09271904566022213,0.1750641128997141,0.9589380311569368,False,-0.2357649026704925,False,0.8215799928288131,
SCGB2B2,OPC,13,-0.01801552069542809,0.7429864253393665,0.0651306619975511,0.9863970854388464,False,-0.031093081083192885,False,0.9709215353212385,
SCGN,OPC,1,-0.011009600037154019,0.7356524594664196,0.742599935153393,0.9704261062490552,False,-0.017539383950654467,False,0.9709215353212385,
SCN1B,OPC,2,0.14120166410308665,0.5414232825997531,0.5699352274744993,0.9452698562479264,True,0.10047202302792312,True,0.943693947336386,
SCPEP1,OPC,1,-0.24553039682825692,0.2765939942410531,-0.042140548349455,0.9912894282854396,True,-0.24243038718548413,True,0.9166324969148498,
SCRG1,OPC,1,0.11531133838391532,0.6058412176059235,-7.281122692481981e-05,0.9998416289768544,False,0.08539409906003007,False,0.9536531642555559,
SCUBE1,OPC,2,-0.8804787853682444,0.0009872480460715754,-2.222788256603005,,True,-0.7131904522685953,True,0.3237659399424105,
SCUBE2,OPC,1,-0.33585068151239184,0.4807075277663513,-0.3163185669496741,0.8242209921790044,True,-0.3160203307930434,True,0.9287202178494102,
SCUBE3,OPC,1,-0.3977055601156485,0.02739613327848622,-0.513832124929118,0.8821299531106955,True,-0.35959647949897955,True,0.7401422746051902,
SDC1,OPC,1,-0.0674087011282509,0.37038255861785274,-0.7914794147373833,,True,-0.08595696216412711,True,0.920585849444673,
SDC4,OPC,1,0.1881317386405499,0.6642318548206392,0.1892503012854732,0.9912894282854396,True,0.10692925469179348,True,0.9699490215240731,
SDCBP,OPC,2,-0.05731297648435223,0.8148087206910737,0.1422510269639226,0.9774324359047186,False,-0.0692636830460187,False,0.9774165421224245,
SDF2,OPC,1,-0.41736953751827127,0.13879062114356233,0.2568612460865515,0.9668347055013504,False,-0.38606190254102335,False,0.8624102221308104,
SELENOP,OPC,5,0.6249208458047586,0.07445495680789799,0.6409010471883738,0.8649243946727402,True,0.5442323355834107,True,0.7918780015463845,
SEMA3A,OPC,2,-0.3794012758045229,0.13879062114356233,-0.4268923453060849,0.9711504272531726,True,-0.24784965422293118,True,0.8624102221308104,
SEMA3B,OPC,3,-0.1773759015310364,0.37038255861785274,1.1018825469929556,0.7132358981422527,False,-0.1694902141536142,False,0.920585849444673,
SEMA3C,OPC,2,-0.07281940618275307,0.7429864253393665,0.1711035174908621,0.9868333685461788,False,-0.08632446708885745,False,0.9709215353212385,
SEMA3D,OPC,7,-0.1631090255071457,0.2358700123406006,-0.1927968543694413,0.9863970854388464,True,-0.17239273003943356,True,0.8955353702557743,
SEMA3E,OPC,1,0.22155240037220375,0.3212669683257919,0.3679767761327031,0.9397473715413,True,0.16642410264669016,True,0.920585849444673,
SERPINA3,OPC,1,-0.03333624470744619,0.9625668449197862,2.452798860896305,0.705624175466279,False,-0.037867475667088264,False,0.9958209752541637,
SERPINB1,OPC,1,0.20086181110455884,0.16717400246812014,0.4275250889034511,0.9506947121898752,True,0.14829722138109816,True,0.8729222334758668,
SERPIND1,OPC,4,0.08444039992148156,0.8883587001234061,0.9517344160814633,,True,0.04397581411617452,True,0.9833068577852265,
SERPINE1,OPC,1,0.45934708742771885,0.16717400246812014,1.9300013635463549,,True,0.29194685345115795,True,0.8729222334758668,
SERPINE2,OPC,3,0.1269898702598868,0.3212669683257919,0.1739414045179021,0.9105953647814036,True,0.10209372147981059,True,0.920585849444673,
SERPINE3,OPC,3,-0.34665234551178326,0.8148087206910737,-0.348575194642066,0.982822977659108,True,-0.24926308573528294,True,0.9774165421224245,
SERPINF1,OPC,2,0.12074422086107439,1.0,1.2618153685901412,0.8938718950235183,True,0.08411771482064279,True,1.0,
SERPINF2,OPC,4,-0.14674270882031523,0.6729740847387906,-0.5453783056729814,,True,-0.14158041380369996,True,0.9699490215240731,
SERPING1,OPC,1,0.09108206080180703,0.6058412176059235,0.6723063629674139,0.8325624388227194,True,0.06452423627582869,True,0.9536531642555559,
SERPINI1,OPC,1,0.032918103116296095,0.7429864253393665,0.0276108202250587,0.9947067405987228,True,0.005033203283781066,True,0.9709215353212385,
SFRP1,OPC,1,-0.5941641720667871,0.0037021801727684074,-0.7211612113671644,0.6525867545821701,True,-0.5367392265311928,True,0.49739290915761497,
SFRP2,OPC,3,0.025779974178969402,0.9625668449197862,-0.1880130017644844,,False,-0.003095546024102828,True,0.9958209752541637,
SFRP4,OPC,1,0.2637632117161384,0.5414232825997531,-0.0461251840435047,0.9946674977591946,False,0.2195786002418578,False,0.943693947336386,
SFTA2,OPC,5,0.5375475938729691,0.09271904566022213,-0.3560163873248081,,False,0.436788532452155,False,0.8215799928288131,
SFTPC,OPC,1,-0.23449454300201997,0.3212669683257919,0.1427156857483077,,False,-0.2150253565676243,False,0.920585849444673,
SFTPD,OPC,1,-0.08541151734013991,0.9584527538459414,-0.1989394936184076,,True,-0.03979219266437139,True,0.9958209752541637,
SHH,OPC,2,0.12862287859802918,0.7429864253393665,0.4374149472643248,0.9668347055013504,True,0.09373116414574817,True,0.9709215353212385,
SLIT1,OPC,2,0.09014223869889819,0.8148087206910737,-0.3777895657819186,0.9452698562479264,False,0.059814634317926454,False,0.9774165421224245,
SLIT2,OPC,2,0.13040014841198286,0.8148087206910737,-1.00984975924166,0.3792393045700606,False,0.08553618802442632,False,0.9774165421224245,
SLIT3,OPC,92,-0.13990972243714644,0.7429864253393665,-1.0078084212553422,0.8398721567314559,True,-0.1600218036950362,True,0.9709215353212385,
SLITRK1,OPC,3,-0.07219115511509532,0.5414232825997531,-0.2582833495233819,0.9100251162804665,True,-0.08724480589842346,True,0.943693947336386,
SMIM20,OPC,1,0.017010840712748526,1.0,-0.0681085061627841,0.9899023761674208,False,-0.006826546110068219,True,1.0,
SMOC1,OPC,3,-4.42137571534757e-05,0.8883587001234061,0.1816422955338019,0.9571619666687806,False,-0.02198824666125747,False,0.9833068577852265,
SMOC2,OPC,35,-0.39383689437158037,0.2358700123406006,-0.8687350344927847,0.5957790264476371,True,-0.4019283783665033,True,0.8955353702557743,
SMPD1,OPC,1,0.2089349428960923,0.4807075277663513,-0.1750245357700657,0.9863970854388464,False,0.17376228089211693,False,0.9287202178494102,
SMPDL3A,OPC,1,0.24055812849569705,0.1995886466474702,-0.0703003801643972,0.9899023761674208,False,0.20905290614295724,False,0.8955353702557743,
SNCA,OPC,1,0.08117198448027178,0.5414232825997531,0.0105219597362529,0.9973477392005758,True,0.05798827132621714,True,0.943693947336386,
SNED1,OPC,12,-0.33628430756798317,0.2765939942410531,0.4435507390821491,0.9137310777534228,False,-0.3347351146338191,False,0.9166324969148498,
SNORC,OPC,2,-0.09793677739437122,0.5414232825997531,-0.1383119517589316,0.982822977659108,True,-0.11380062144364943,True,0.943693947336386,
SNX25,OPC,3,0.08470567870783777,0.4234471410941999,-0.0710171605476677,0.9863970854388464,False,0.06311762537070181,False,0.9272932768190606,
SOD3,OPC,1,0.19617656624469718,0.4234471410941999,0.5896702420960586,,True,0.14313480453219019,True,0.9272932768190606,
SOGA1,OPC,2,0.36335557674306707,0.02739613327848622,-0.3077174594594836,0.7709157804199066,False,0.33263197999664523,False,0.7401422746051902,
SORD,OPC,6,-0.015281895735201983,0.9625668449197862,-0.2613560130983143,0.95215016282549,True,-0.03582326724077394,True,0.9958209752541637,
SORL1,OPC,45,0.04159779747985023,0.8148087206910737,0.094541164991908,0.98418051111454,True,0.020973297941779382,True,0.9774165421224245,
SPARC,OPC,2,0.04887286812163061,0.8148087206910737,0.1208185874498054,0.98495466623347,True,0.02093387044980249,True,0.9774165421224245,
SPARCL1,OPC,3,0.3531239202214006,0.059234882764294526,0.2866407293131064,0.948604501391468,True,0.29694185674768403,True,0.7831292612268833,
SPATA20,OPC,1,0.03581359870326097,0.9625668449197862,0.7591738073532257,0.8031794982694748,True,0.014955784551879691,True,0.9958209752541637,
SPATA6,OPC,1,0.030704994993290068,0.8148087206910737,-0.3102193951418627,0.8675803621252881,False,0.01080735527567157,False,0.9774165421224245,
SPESP1,OPC,1,0.14008607568568665,0.7001364778066808,-0.042853426567916,0.9940244255384256,False,0.07924842766976987,False,0.9709215353212385,
SPINK8,OPC,1,-0.02613738690331433,0.8578621156535984,-0.372495125366142,0.982822977659108,True,-0.0131803272441214,True,0.9833068577852265,
SPINK9,OPC,2,-0.1397815686258599,0.41225888092854823,0.3024053829201792,0.975842199658644,False,-0.07794341449965628,False,0.9272932768190606,
SPOCK1,OPC,66,-0.12873390753357744,0.4234471410941999,0.0397867470570353,0.9946674977591946,False,-0.14833845096857665,False,0.9272932768190606,
SPOCK2,OPC,2,0.19192664257956257,0.2765939942410531,0.645149326227513,0.3681717365930461,True,0.15825101733305622,True,0.9166324969148498,
SPOCK3,OPC,24,0.05214955620692499,0.9625668449197862,-0.0721516266373696,0.9863970854388464,False,0.03189647702664929,False,0.9958209752541637,
SPON1,OPC,1,0.07944802182069195,0.9625668449197862,-0.2977778125348201,0.9414007480171036,False,0.05020842192184845,False,0.9958209752541637,
SPON2,OPC,11,0.07538718477073107,0.4807075277663513,-0.205647482159246,0.9893836395617874,False,0.05175105913340531,False,0.9287202178494102,
SPP1,OPC,4,0.6446485542581941,0.09271904566022213,1.2539420995812558,0.8105750215479672,True,0.4836645923702091,True,0.8215799928288131,
SPX,OPC,2,-0.29651252924216015,0.16717400246812014,1.4244794700141228,0.7771667682936796,False,-0.2729012384744522,False,0.8729222334758668,
SRGN,OPC,3,-0.2546029690087653,0.33294382431223024,1.2549638636813611,0.7676363080398282,False,-0.15175113059545642,False,0.920585849444673,
SRPX,OPC,1,0.20421298259018456,0.7429864253393665,0.4189131766624053,0.9630932191986386,True,0.14585987385218224,True,0.9709215353212385,
SRPX2,OPC,2,-0.2524540936097568,0.3576818432098805,0.593182943342104,0.957645352504143,False,-0.13204375766015472,False,0.920585849444673,
SSC4D,OPC,2,0.4461191054320445,0.2765939942410531,-0.2040302852865121,,False,0.2549800883372373,False,0.9166324969148498,
SSC5D,OPC,4,0.42439956236541093,0.3212669683257919,0.4372778329463981,0.9735885885534497,True,0.32962987388926457,True,0.920585849444673,
SST,OPC,1,-0.7994455757176122,0.22876326221317023,-0.9230091317765746,0.9397473715413,True,-0.45594730040799203,True,0.8955353702557743,
ST3GAL1,OPC,1,0.14385856734165714,0.16717400246812014,0.4362946780102101,0.8549863165051483,True,0.11716915956078112,True,0.8729222334758668,
ST3GAL2,OPC,11,-0.01786974513461445,0.5414232825997531,-0.2629224178986811,0.9332785099633916,True,-0.03825995559745338,True,0.943693947336386,
ST3GAL3,OPC,7,0.033208937864736,0.8148087206910737,0.1320028356844053,0.9439145354137234,True,0.009207893326742522,True,0.9774165421224245,
ST3GAL4,OPC,15,-0.06676830690236066,0.3212669683257919,0.1812231120121848,0.982822977659108,False,-0.08769351519068803,False,0.920585849444673,
ST6GAL1,OPC,29,0.11105202961765638,0.2358700123406006,0.2008223337690057,0.9571619666687806,True,0.08917225955311107,True,0.8955353702557743,
ST8SIA2,OPC,2,-0.597542887099063,0.113944878650761,-0.6997973759810024,,True,-0.41500988950369927,True,0.8256851192025261,
ST8SIA4,OPC,2,-0.29049168940562514,0.2765939942410531,-0.3079067251142546,0.982822977659108,True,-0.2641771096033581,True,0.9166324969148498,
STX1A,OPC,4,0.024026490220532312,0.9625668449197862,0.0694320665866411,0.9956507156239238,True,0.006899477233670508,True,0.9958209752541637,
SULF1,OPC,6,0.1999882328290362,0.3212669683257919,-0.1385340877211099,0.993012961945252,False,0.13887960195182752,False,0.920585849444673,
SULF2,OPC,1,-0.03335858132120539,0.7429864253393665,0.0711936645437696,0.9869913305522994,False,-0.0525448829145154,False,0.9709215353212385,
SUSD4,OPC,1,0.0518326032493134,0.8883587001234061,-0.2068510111497312,0.8892717447577536,False,0.029438351633892416,False,0.9833068577852265,
SVBP,OPC,1,0.029373937767010364,0.6058412176059235,0.2460466306719403,0.982822977659108,True,0.007986406731534442,True,0.9536531642555559,
SVEP1,OPC,1,-0.1923113157401774,0.4234471410941999,-0.0641727729126054,0.9967162372245632,True,-0.13100052091028172,True,0.9272932768190606,
TAC1,OPC,2,-0.22652978749148855,0.7726944980890869,-0.4391404931093068,0.982822977659108,True,-0.15104277196175714,True,0.9774165421224245,
TAFA1,OPC,53,-0.04115968328619813,0.5414232825997531,-0.475098138765635,0.5331922884156,True,-0.06260301780670688,True,0.943693947336386,
TAFA4,OPC,1,0.3303109000424745,0.4234471410941999,-0.1025209721710341,0.9956507156239238,False,0.24944382989051722,False,0.9272932768190606,
TAFA5,OPC,61,-0.011914805484100973,0.8883587001234061,-0.0555831568820904,0.982822977659108,True,-0.03294289913626906,True,0.9833068577852265,
TCF4,OPC,89,0.09190691495400416,0.4234471410941999,-0.1663240324089848,0.95215016282549,False,0.07232971169356218,False,0.9272932768190606,
TCN2,OPC,3,0.16273804406797515,0.2765939942410531,0.3139861373768145,0.95215016282549,True,0.13222239081171588,True,0.9166324969148498,
TCTN1,OPC,1,0.2061293468198741,0.37038255861785274,-0.1289597307325574,0.9691938722474084,False,0.17135116219593197,False,0.920585849444673,
TECTA,OPC,3,-0.11402832481657338,0.8094354491980796,-0.2665905757109736,0.9452698562479264,True,-0.08913443899141811,True,0.9774165421224245,
TEK,OPC,1,0.19708419856781087,0.7429864253393665,-0.4914470986008349,0.7654619281637716,False,0.14544087654052074,False,0.9709215353212385,
TF,OPC,4,-0.19580190055555508,0.5414232825997531,-0.1837425430562481,0.982822977659108,True,-0.2050273364761051,True,0.943693947336386,
TFPI,OPC,3,0.09727538152560433,1.0,1.9947835254901407,0.569319692049319,True,0.03904634362743532,True,1.0,
TFRC,OPC,1,0.18338871612354005,0.2765939942410531,0.0293831690114963,0.9953039627164572,True,0.1565701727919111,True,0.9166324969148498,
TG,OPC,31,0.009346689638320355,0.8883587001234061,0.263636375630157,0.9863970854388464,True,-0.011925011211626117,False,0.9833068577852265,
TGFA,OPC,2,0.2818846425344189,0.0037021801727684074,0.2008428118160184,0.9555852433695708,True,0.2508564904057105,True,0.49739290915761497,
TGFB1,OPC,2,-0.357779014584388,0.2358700123406006,0.2268517724892128,0.9863970854388464,False,-0.33008603104344947,False,0.8955353702557743,
TGFB2,OPC,3,0.07067939684206193,0.5414232825997531,-0.8355460491032798,0.6402883414217986,False,0.04149071710188811,False,0.943693947336386,
TGFB3,OPC,3,-0.04266285555312811,0.8148087206910737,0.0383713028201756,0.9962929182465184,False,-0.06082370507115571,False,0.9774165421224245,
TGFBR2,OPC,2,-0.027991253856303605,0.9625668449197862,-0.0863674314304822,0.9947067405987228,True,-0.03904225125327176,True,0.9958209752541637,
TGFBR3,OPC,9,0.31938801252039334,0.07445495680789799,-0.3381298094846592,0.9015655749210096,False,0.282285160611852,False,0.7918780015463845,
THBS1,OPC,2,0.00834193893074506,1.0,-0.2910339561014742,,False,-0.01307991487785974,True,1.0,
THBS2,OPC,2,-0.3278505477594679,0.113944878650761,-0.4511507758172512,0.6884657891340026,True,-0.32138449660179264,True,0.8256851192025261,
THBS3,OPC,1,-0.06534242818270704,0.7429864253393665,-0.4286766117353406,0.9668347055013504,True,-0.07758281055617197,True,0.9709215353212385,
THBS4,OPC,2,0.24812160557459056,0.1995886466474702,0.0964740866671146,0.982822977659108,True,0.202863355611018,True,0.8955353702557743,
THEM6,OPC,1,0.11493278673679792,0.4807075277663513,0.1772155369695729,0.985103279118208,True,0.09334621593424121,True,0.9287202178494102,
THNSL2,OPC,2,-0.07831497900717466,0.6058412176059235,0.6103634670149468,0.9301833795889536,False,-0.08581410511743,False,0.9536531642555559,
THSD1,OPC,4,0.19978005252728914,0.1995886466474702,0.2483538428421556,0.9566001970785404,True,0.16196166494399367,True,0.8955353702557743,
THSD4,OPC,62,-0.2696809452781873,0.13879062114356233,-0.8141982757790893,0.8619338263187096,True,-0.2787579977702576,True,0.8624102221308104,
THSD7A,OPC,1,0.1061461189834884,0.6058412176059235,-0.2242579035098329,0.949916379795608,False,0.07146593026812195,False,0.9536531642555559,
TIMP1,OPC,1,0.44841420725688713,0.37038255861785274,1.0916182523548728,0.5334330072091245,True,0.3313987815121815,True,0.920585849444673,
TIMP2,OPC,18,-0.01301645139571963,0.6058412176059235,-0.0161014537360594,0.9962929182465184,True,-0.03289190434599009,True,0.9536531642555559,
TIMP3,OPC,3,0.01784982918808737,0.8883587001234061,0.3172250106043719,0.8675803621252881,True,-0.007055660391583923,False,0.9833068577852265,
TIMP4,OPC,1,0.008285472872134861,0.9625668449197862,0.5009385024979218,0.9110040875740087,True,-0.00717456384359806,False,0.9958209752541637,
TLL1,OPC,1,-0.13894025924524553,0.4807075277663513,-1.143743263762298,0.1491612974282209,True,-0.1524802426210898,True,0.9287202178494102,
TLL2,OPC,1,0.15453385325550964,0.6729740847387906,0.2771853381893631,0.982822977659108,True,0.11719549034978984,True,0.9699490215240731,
TMEFF2,OPC,3,0.14903775454635018,0.37038255861785274,-0.0771263351631244,0.9863970854388464,False,0.12285891048802308,False,0.920585849444673,
TMEM119,OPC,3,-0.10933429763196921,0.6058412176059235,0.4653562208478333,,False,-0.10275582999877757,False,0.9536531642555559,
TMEM25,OPC,1,-0.26273356373372503,0.1995886466474702,0.1958197838178558,0.982822977659108,False,-0.26393023473729865,False,0.8955353702557743,
TMEM98,OPC,1,0.4061332870722733,0.02064993829699712,0.1850432259812044,0.9863970854388464,True,0.30090450341915936,True,0.7228932624955823,
TMPRSS11D,OPC,1,-0.3262753086216447,0.43454988098896274,0.2417161960449886,0.9727119476965986,False,-0.13893184466777572,False,0.9287202178494102,
TMX1,OPC,1,0.41516336569564893,0.059234882764294526,0.1086798584245178,0.9798261454517028,True,0.3644512616997136,True,0.7831292612268833,
TNC,OPC,6,0.00857377192027773,0.7429864253393665,-0.2330152247478215,0.982822977659108,False,-0.009318114833335622,True,0.9709215353212385,
TNFAIP6,OPC,2,-0.31354049754384644,0.13879062114356233,-0.0725662967874008,0.9947067405987228,True,-0.28290000307780144,True,0.8624102221308104,
TNFRSF11B,OPC,1,0.2302599099848147,0.16717400246812014,0.9648747189233312,0.73004077642265,True,0.19800168437946003,True,0.8729222334758668,
TNFRSF1A,OPC,2,-0.028306603440337082,0.8148087206910737,0.9576890649142026,0.1740159346871541,False,-0.04303097469251487,False,0.9774165421224245,
TNFRSF1B,OPC,2,-0.09981174663938637,0.8148087206910737,-0.2909758467659244,0.9877920929686972,True,-0.0773776467444056,True,0.9774165421224245,
TNFRSF25,OPC,1,-0.00887749682053286,0.5920655298478774,0.1248137942021464,0.9899023761674208,False,-0.013343362529098656,False,0.9536531642555559,
TNFRSF6B,OPC,2,0.08537974411272943,1.0,1.450908712090652,0.5543390137293063,True,0.047876400864793715,True,1.0,
TNFSF12,OPC,1,-0.04130971426850341,0.4234471410941999,0.6524342555463706,0.7596835353147456,False,-0.056840220302389,False,0.9272932768190606,
TNFSF13,OPC,2,0.20412302581426214,0.2765939942410531,0.7632997703069079,,True,0.17682364682187848,True,0.9166324969148498,
TNFSF13B,OPC,3,0.07143952279694059,0.8883587001234061,0.479746342715646,0.705624175466279,True,0.0385675401213563,True,0.9833068577852265,
TNR,OPC,3,-0.21550582388040382,0.2358700123406006,-0.1390149516728746,0.9397473715413,True,-0.21407919040467935,True,0.8955353702557743,
TNXB,OPC,11,0.12262899925888064,0.6058412176059235,0.5286609286520485,0.9506947121898752,True,0.09198118715917807,True,0.9536531642555559,
TOR2A,OPC,1,0.10362911674470662,0.5414232825997531,0.8769650413135935,0.699722614364138,True,0.08041167004467237,True,0.943693947336386,
TREM2,OPC,3,-0.06039721112138478,1.0,1.7118546872949227,0.7496616721570952,False,-0.0539476229326174,False,1.0,
TTR,OPC,8,0.36617473719864835,0.2358700123406006,-2.835571206024632,0.3681717365930461,False,0.27236972019785693,False,0.8955353702557743,
TUB,OPC,22,-0.08708999158707542,0.4234471410941999,-0.1037567281839037,0.982822977659108,True,-0.11273617540598838,True,0.9272932768190606,
TUFT1,OPC,1,-0.12522492199242022,0.6058412176059235,0.2882044815238132,0.9801447104972468,False,-0.13135655192074497,False,0.9536531642555559,
TULP3,OPC,1,0.13716484005343627,0.13879062114356233,0.5538798907670471,0.5275933496744157,True,0.11026887763035621,True,0.8624102221308104,
TWSG1,OPC,1,-0.04623901243191104,0.6729740847387906,0.1405509859107112,0.964468882117145,False,-0.05926725621849235,False,0.9699490215240731,
TXN,OPC,1,-0.04291804997769942,0.8148087206910737,0.6545013463348774,0.7771667682936796,False,-0.05909963223678238,False,0.9774165421224245,
TXNDC16,OPC,1,0.11356363229691391,0.3212669683257919,-0.277400602050129,0.8821299531106955,False,0.09136103236384371,False,0.920585849444673,
UCN,OPC,2,-0.26274686516584206,0.26817863879881465,-0.0987043917886815,0.9947067405987228,True,-0.1822025335387668,True,0.9166324969148498,
USH2A,OPC,2,-0.2617958337618802,0.5265562840106552,-0.0533817024717742,0.9947067405987228,True,-0.13636671746780285,True,0.943693947336386,
UTS2B,OPC,7,0.20308740430788919,0.07445495680789799,0.274144762702702,0.9863970854388464,True,0.17270228709130342,True,0.7918780015463845,
VASH1,OPC,6,-0.14733728225071668,0.113944878650761,-0.4625708603777566,0.705624175466279,True,-0.16371081910683183,True,0.8256851192025261,
VASH2,OPC,2,-0.39513699645760875,0.02739613327848622,-0.3633960171247206,0.975842199658644,True,-0.3684357189828606,True,0.7401422746051902,
VASN,OPC,5,-0.22190250516369606,0.2358700123406006,-0.6598209130614757,,True,-0.2210442785903505,True,0.8955353702557743,
VCAN,OPC,2,-0.03704259190628053,0.8883587001234061,0.0221338379986244,0.9947067405987228,False,-0.05752849495582317,False,0.9833068577852265,
VEGFA,OPC,1,0.214153385581403,0.2765939942410531,-0.5158670425575098,0.9119242969821182,False,0.19044426845460355,False,0.9166324969148498,
VEGFB,OPC,2,0.052577672930407444,0.6729740847387906,0.5448222286861418,0.8114797366480652,True,0.023346505059716693,True,0.9699490215240731,
VEGFC,OPC,1,-0.3529987881824082,0.059234882764294526,-0.7389070895596708,,True,-0.3228723552318228,True,0.7831292612268833,
VEGFD,OPC,2,0.0942262457070403,0.7783410043643859,0.8165805382439877,0.9397473715413,True,0.03422178517919615,True,0.9774165421224245,
VGF,OPC,3,-0.09450970432362024,0.8883587001234061,-0.409143309552626,0.9727119476965986,True,-0.10359863443423274,True,0.9833068577852265,
VIP,OPC,2,0.2086782471099534,0.5265562840106552,0.3445208333830419,,True,0.08832701730060487,True,0.943693947336386,
VSTM2A,OPC,2,0.005833336511121557,0.8148087206910737,-0.4142810817884916,0.86358302022799,False,-0.01860162719740943,True,0.9774165421224245,
VSTM2L,OPC,2,-0.22369804692736903,0.2765939942410531,-0.3961840567670259,0.9658659293615544,True,-0.1996348720481249,True,0.9166324969148498,
VSTM4,OPC,2,0.2942170607249884,0.3212669683257919,-0.0615068040631225,0.9877920929686972,False,0.24430323848857735,False,0.920585849444673,
VTN,OPC,2,-0.15930225464893044,0.07445495680789799,-0.0228501727050831,,True,-0.1699568561428241,True,0.7918780015463845,
VWA1,OPC,3,0.14331672981992682,0.8148087206910737,0.70555424251667,0.8033277824997774,True,0.1125652163664179,True,0.9774165421224245,
VWA2,OPC,1,0.5890185732601734,0.27928229743936805,-0.2370985316112786,0.982822977659108,False,0.2715239829784442,False,0.920585849444673,
VWA3A,OPC,8,-0.7300482658509027,0.059234882764294526,-0.2560866720745812,,True,-0.5465334314231834,True,0.7831292612268833,
VWC2,OPC,1,0.11712208967075924,0.37038255861785274,-0.1756874502709845,0.957645352504143,False,0.09423065506843945,False,0.920585849444673,
VWC2L,OPC,1,-0.0985063726608424,0.6729740847387906,1.123562716547043,0.705624175466279,False,-0.09823793082265642,False,0.9699490215240731,
VWCE,OPC,6,-0.3487243161736283,0.2765939942410531,0.1718578742945246,0.9877920929686972,False,-0.34622154902033403,False,0.9166324969148498,
VWDE,OPC,1,0.18010252719465966,0.8097797706434724,0.1373460944044629,,True,0.10071733069308403,True,0.9774165421224245,
VWF,OPC,2,-0.476851009452763,0.3063186121268159,0.1165463358256453,0.993012961945252,False,-0.26510317155612556,False,0.920585849444673,
WDR25,OPC,3,0.04329287948589223,0.4234471410941999,-0.0118689297837013,0.9973477392005758,False,0.018300298204221698,False,0.9272932768190606,
WFDC1,OPC,1,0.22868799268250362,0.4234471410941999,0.410264516391652,0.7676363080398282,True,0.1801320279339054,True,0.9272932768190606,
WFDC2,OPC,2,-0.17069978299702632,0.3212669683257919,0.3892223620434614,,False,-0.16837084379396047,False,0.920585849444673,
WFIKKN1,OPC,1,0.0663159071369335,0.8883587001234061,1.5451432765939512,,True,0.04169935922916696,True,0.9833068577852265,
WIF1,OPC,1,-0.11539896488732133,0.6729740847387906,-0.9929532721314246,0.8675803621252881,True,-0.0863969347345645,True,0.9699490215240731,
WNT2B,OPC,3,-0.12735778331780367,0.1995886466474702,0.3954072171155738,0.8844311057111193,False,-0.14517157710832332,False,0.8955353702557743,
WNT3,OPC,1,0.11226076308408993,0.5550932567714633,0.6450788153638544,0.8938718950235183,True,0.042552245477224755,True,0.9536531642555559,
WNT4,OPC,1,0.19794627604491707,0.13879062114356233,-0.3288208236383773,0.982822977659108,False,0.14293380921361146,False,0.8624102221308104,
WNT5A,OPC,6,-0.01726163819456698,0.8148087206910737,-0.5088381788621528,0.699235827199917,True,-0.04025342868374038,True,0.9774165421224245,
WNT5B,OPC,17,0.11010831421749302,0.059234882764294526,-0.0881307827738104,0.990454314081586,False,0.08554417675962846,False,0.7831292612268833,
WNT7A,OPC,1,0.136387144771547,0.4807075277663513,-0.1789404787624284,0.9863970854388464,False,0.10429874253312761,False,0.9287202178494102,
WNT7B,OPC,5,-0.03804680182055949,0.9625668449197862,-0.5037500395130282,0.7624802113087851,True,-0.06336776008307954,True,0.9958209752541637,
WNT9A,OPC,2,-0.30502164983828345,0.16717400246812014,0.2982589627233317,,False,-0.2963133596730354,False,0.8729222334758668,
XYLT1,OPC,1,-0.1126151751163514,0.6729740847387906,-0.106200494487323,0.9821201790440364,True,-0.1229514758984077,True,0.9699490215240731,
XYLT2,OPC,1,0.02593452525411351,0.8883587001234061,-0.0195875638988996,0.9978584298112924,False,0.0017692752648937318,False,0.9833068577852265,
YBX1,OPC,1,0.11131877730434052,0.7429864253393665,0.133303059145842,0.961444011039232,True,0.08687839911092123,True,0.9709215353212385,
ZBED3,OPC,1,-0.14249515429957363,0.37038255861785274,-0.0766233781908367,0.982822977659108,True,-0.1494565502285146,True,0.920585849444673,
ZP3,OPC,10,0.0682820889685141,0.6058412176059235,-0.3935868623276493,0.9774324359047186,False,0.03746143254532948,False,0.9536531642555559,
ZPBP,OPC,1,-0.14874491900107348,0.3212669683257919,-0.1962431248650036,0.9654697958263334,True,-0.11868996403516223,True,0.920585849444673,
ZPLD1,OPC,26,-0.13413664126024347,0.1995886466474702,-0.2849328566018078,0.982822977659108,True,-0.150064962492009,True,0.8955353702557743,
A1BG,Endo,1,-1.4635020130928953,0.8578621156535984,0.3403400772182924,0.9982206668978284,False,-1.0226696807533058,False,0.9833068577852265,
A2M,Endo,3,-0.40058843962045465,0.2358700123406006,-0.649971342512547,0.77588496811775,True,-0.3635476880838023,True,0.8955353702557743,
ABCB6,Endo,1,0.1594230989438846,1.0,1.3042973064816024,,True,0.12876070848536256,True,1.0,
ABHD18,Endo,1,-0.22842137527478526,0.5414232825997531,0.4050209891594048,0.9193065370476358,False,-0.23974007536884828,False,0.943693947336386,
ABI3BP,Endo,1,0.5847679565721765,0.6940017797431514,1.5614292533778475,0.7537234561592424,True,0.4593199313511902,True,0.9709215353212385,
ABO,Endo,4,-0.4164929712905412,0.3546794581452437,-0.3232201283941394,0.9843398818539808,True,-0.35446930567625606,True,0.920585849444673,
ACE,Endo,2,-0.1703047143746535,0.7347073111000473,-2.1921595527764763,,True,-0.14691031443253624,True,0.9709215353212385,
ADA2,Endo,5,-1.2599004321738068,0.03808601063312688,2.057517248305391,0.3726275005934116,False,-1.145343162327326,False,0.7818904126780498,
ADAM12,Endo,2,0.995444285049114,0.396710372019462,-1.397006826623452,0.9203734389756338,False,0.7443006234912116,False,0.9272932768190606,
ADAM23,Endo,1,0.7935213289207806,0.3546794581452437,-0.3415589383875874,0.9982206668978284,False,0.6879591120626634,False,0.920585849444673,
ADAM28,Endo,2,-0.4588779268471969,1.0,0.8316483679570563,0.9640577932247956,False,-0.2980122134546138,False,1.0,
ADAM9,Endo,1,0.056970622139092826,0.8883587001234061,-0.0474094929757243,0.9982206668978284,False,0.026998347655568435,False,0.9833068577852265,
ADAMTS1,Endo,2,0.503283187975342,0.3212669683257919,0.3909973173558428,0.9982206668978284,True,0.47757413939401083,True,0.920585849444673,
ADAMTS10,Endo,4,-0.24675466537353366,0.2358700123406006,0.0219505518273364,0.9982206668978284,False,-0.24796193422439933,False,0.8955353702557743,
ADAMTS12,Endo,2,1.8587330144846987,0.06825256550685156,-0.0451496939124044,,False,1.2661784528923228,False,0.7918780015463845,
ADAMTS14,Endo,3,0.31194946457616424,0.2279054087276714,1.386714053574206,,True,0.2478446201309126,True,0.8955353702557743,
ADAMTS16,Endo,2,0.4446139867350777,0.5834245156431206,-0.6391148885318158,,False,0.3663067452749599,False,0.9536531642555559,
ADAMTS17,Endo,1,0.20497058413271255,0.7429864253393665,-0.2563718146210462,0.9982206668978284,False,0.1575546448927253,False,0.9709215353212385,
ADAMTS19,Endo,2,0.8934559087937773,0.34352762898365263,0.2378564515144577,0.9982206668978284,True,0.647784340370393,True,0.920585849444673,
ADAMTS2,Endo,1,0.6022092605331034,0.5169224545517794,0.5193345148947086,,True,0.4305470251671681,True,0.943693947336386,
ADAMTS4,Endo,4,0.3171286830880493,0.6058412176059235,-0.3250194701127984,0.9982206668978284,False,0.30731080736012595,False,0.9536531642555559,
ADAMTS6,Endo,2,0.27732077781625786,0.28954300792784626,1.2723803117406305,0.4288011243993978,True,0.25217573634303314,True,0.920585849444673,
ADAMTS8,Endo,2,0.19143128713981197,0.8097797706434724,-0.3362134448189763,0.9982206668978284,False,0.17437084341679726,False,0.9774165421224245,
ADAMTS9,Endo,2,0.17310718536801098,0.8883587001234061,-0.5133393341110066,0.9982206668978284,False,0.1623995814574967,False,0.9833068577852265,
ADAMTSL1,Endo,46,0.6689872666791535,0.03595228301110654,0.7810830876196961,,True,0.6166302708087302,True,0.7703396502078044,
ADAMTSL2,Endo,2,-1.349267300621381,0.010581112379578156,-0.9144915385797334,,True,-1.2688225313370198,True,0.6572692013868484,
ADAMTSL3,Endo,2,-0.9228936487204725,0.33294382431223024,1.2300186853971788,0.6059019594984332,False,-0.8332861584058056,False,0.920585849444673,
ADGRB1,Endo,9,-0.21671531767656868,0.5414232825997531,0.4004592287743575,,False,-0.24416354217542466,False,0.943693947336386,
ADGRB2,Endo,5,-0.01140252500956043,0.4234471410941999,-0.125790383902765,,True,-0.08762275180625816,True,0.9272932768190606,
ADGRE5,Endo,1,0.09159924492150648,0.5957378004691146,5.343514612024893e-07,0.9999991370356862,True,0.09356264885268252,True,0.9536531642555559,
ADGRG1,Endo,11,0.10738429786781353,0.6729740847387906,0.2400178783738319,0.9982206668978284,True,0.07902667326296944,True,0.9699490215240731,
ADM,Endo,5,0.35106603749111964,0.4234471410941999,-1.2055031835485026,0.8341111142626818,False,0.32076034561937594,False,0.9272932768190606,
ADM5,Endo,1,-0.02620320914112058,0.8838111823741173,2.0232985288900984,,False,-0.03019323280624373,False,0.9833068577852265,
ADPGK,Endo,10,-0.11337641590564479,0.9232949701148666,-0.1469649591967518,0.9982206668978284,True,-0.1135960289749608,True,0.9958209752541637,
AEBP1,Endo,6,0.033719137885313666,0.8883587001234061,0.6469328779728459,0.9834593979112992,True,-0.03845934000840521,False,0.9833068577852265,
AGGF1,Endo,1,-0.22678979949112021,0.7356524594664196,-0.0080561711244581,0.9982206668978284,True,-0.20203518592583425,True,0.9709215353212385,
AGRN,Endo,1,0.0093713168437531,0.8883587001234061,-0.5124970070504501,0.9300367791998948,False,0.0016828933369526827,False,0.9833068577852265,
AGT,Endo,1,-0.09744756169266704,0.5265562840106552,0.7133724978216368,0.8426847535817811,False,-0.06075856136725045,False,0.943693947336386,
AIMP1,Endo,1,-0.27673382435492727,0.6642318548206392,0.2647066804085882,0.9982206668978284,False,-0.27797249370416394,False,0.9699490215240731,
ALCAM,Endo,33,-0.28008637269305164,0.5414232825997531,0.8525574086338794,0.7052542635371878,False,-0.3389833870035911,False,0.943693947336386,
AMH,Endo,1,0.9572245765698321,0.3063186121268159,-0.5557974195135328,,False,0.8071310685879659,False,0.920585849444673,
AMY2B,Endo,3,-0.11363057303266562,0.8031535335505902,1.0638538567419074,0.8371241350555532,False,-0.06979254981385213,False,0.9774165421224245,
ANGPT2,Endo,1,-0.9976190738361624,0.33294382431223024,0.3629918918473012,0.9982206668978284,False,-0.9687143482233793,False,0.920585849444673,
ANGPTL1,Endo,1,0.44358951895082505,0.7995028085018807,-0.3040688656308284,,False,0.35236118357188423,False,0.9774165421224245,
ANGPTL2,Endo,1,-0.08196235225370005,0.9625668449197862,-0.8615803178714198,,True,-0.0799150716260523,True,0.9958209752541637,
ANGPTL4,Endo,2,0.23659391256648066,0.4807075277663513,0.268898199975099,0.9982206668978284,True,0.23589429950204657,True,0.9287202178494102,
ANOS1,Endo,1,1.127948178032976,0.4642587371038196,0.147343336794314,0.9982206668978284,True,0.6980914759964603,True,0.9287202178494102,
ANTXR2,Endo,1,-0.30270691201755834,0.8148087206910737,0.606041709008321,0.8674542621843644,False,-0.3492507034138516,False,0.9774165421224245,
ANXA1,Endo,5,-1.0087983258451434,0.059026941355057046,-0.09013262438983,0.9982206668978284,True,-0.9252831049409648,True,0.7831292612268833,
ANXA2,Endo,1,-0.04093035821493095,0.9616030497099515,-0.0070172322604122,0.9982206668978284,True,-0.10050481925628073,True,0.9958209752541637,
AOAH,Endo,2,-0.1622756703722267,0.7153598933598017,1.047841429831848,0.9193065370476358,False,-0.09912899992109675,False,0.9709215353212385,
APLN,Endo,2,0.7725363393349349,0.12223474918305649,-0.2643703366962388,0.9982206668978284,False,0.654312514327204,False,0.8624102221308104,
APOC1,Endo,2,-0.5185782007616382,0.1114703248402659,1.4233872180002956,,False,-0.4691703199143016,False,0.8256851192025261,
APOC2,Endo,4,-0.0752446277961539,0.8658839618554337,0.9542566903759832,,False,-0.021356356532733167,False,0.9833068577852265,
APOD,Endo,3,-0.02455965145575677,0.9613894362865227,3.249502109979514,0.0011669395953438,False,-0.008812207865254685,False,0.9958209752541637,0.9788815372065622
APOE,Endo,3,0.7009036806251749,0.15774899911712847,0.6324202512227637,0.9664465551886166,True,0.6040162632780489,True,0.8729222334758668,
APOL1,Endo,2,-0.21897991755801666,0.8087411603198786,-0.2171461937053389,0.9982206668978284,True,-0.19184987078086718,True,0.9774165421224245,
APOO,Endo,1,0.350194135683198,0.529132463522389,1.0357682245758024,0.7897417476611661,True,0.3094579269876673,True,0.943693947336386,
APP,Endo,8,0.669930511276479,0.03595228301110654,-0.618694110636891,0.0811204126578108,False,0.6558081909484768,False,0.7703396502078044,0.16322575985625806
ARSJ,Endo,1,0.14466375966476136,0.6665221773836395,0.7271969022878844,,True,0.09641336083288124,True,0.9699490215240731,
ARSK,Endo,1,0.713012947508043,0.13879062114356233,-0.0191397325819209,0.9982206668978284,False,0.6793490234811954,False,0.8624102221308104,
ASAH1,Endo,2,0.6771428405886247,0.26817863879881465,-0.1152582050974003,0.9982206668978284,False,0.6425524325100159,False,0.9166324969148498,
ASPN,Endo,2,-0.4636849752212137,0.5834245156431206,0.8670905312406795,0.9664465551886166,False,-0.34810970980286177,False,0.9536531642555559,
ATRN,Endo,1,-0.7940930908933408,0.059971328007111274,0.0442012887152641,0.9982206668978284,False,-0.7287345274839405,False,0.7845124811137295,
B2M,Endo,2,0.08097756266165396,0.6302178099392757,0.0408274417088075,0.9982206668978284,True,0.09054135203675982,True,0.9699490215240731,
B3GAT1,Endo,9,0.6110738944124617,0.3212669683257919,0.4431332896044102,0.9982206668978284,True,0.5453207814928555,True,0.920585849444673,
B4GALT1,Endo,1,0.07736967880473303,0.8148087206910737,-0.1192659531986472,0.9982206668978284,False,0.056954361793445124,False,0.9774165421224245,
B4GALT4,Endo,3,0.23323734483062775,0.8883587001234061,0.0553423453343136,0.9982206668978284,True,0.17438857986547007,True,0.9833068577852265,
BAG6,Endo,1,0.37983578603925083,0.4807075277663513,-0.1130743839265615,0.9982206668978284,False,0.358849222428833,False,0.9287202178494102,
BCAN,Endo,2,-0.1288366980384069,0.961532239658224,0.0127276306148542,0.9982206668978284,False,-0.12177699530920184,False,0.9958209752541637,
BCHE,Endo,2,0.7560437752342855,0.6665221773836395,-0.6918828945419632,,False,0.535596359502525,False,0.9699490215240731,
BDNF,Endo,15,0.17922753457209217,0.8472972132889702,0.8229675852169647,,True,0.11083739483131298,True,0.9833068577852265,
BGN,Endo,1,0.471542151432326,0.8087411603198786,0.3816902493568186,0.9843398818539808,True,0.42865515628895123,True,0.9774165421224245,
BMP1,Endo,1,-0.8380020431997812,0.02365570495482033,0.4583412593672998,,False,-0.8051539370890484,False,0.7401422746051902,
BMP2,Endo,3,1.251136293062811,0.01072518276391703,0.8103439604030359,,True,1.1566056321688492,True,0.6572692013868484,
BMP4,Endo,2,-0.6034412178042752,0.3594640921412464,1.1395897333069496,,False,-0.5971759125374029,False,0.920585849444673,
BMP6,Endo,2,-0.2287659505823338,0.3861850319585892,-0.4825376830093107,0.9393028807017562,True,-0.22170753274741,True,0.9272932768190606,
BMP7,Endo,1,-0.1353226076666907,1.0,1.3301103195153758,0.8238871094722428,False,-0.10274217244704711,False,1.0,
BMP8A,Endo,3,-0.43201571989412924,0.8845291214002254,-1.869887000563472,,True,-0.45644636621501816,True,0.9833068577852265,
BMPER,Endo,1,-0.47710484711556816,0.733109295760819,0.2144174230493747,0.9982206668978284,False,-0.4779712481870503,False,0.9709215353212385,
BRINP2,Endo,1,-0.4746924666863763,0.5763123150519188,0.3885776414555005,,False,-0.3346930951327196,False,0.9536531642555559,
BRINP3,Endo,3,0.08754534986507505,1.0,-1.295823879321378,0.8421225114916382,False,0.047231386201166986,False,1.0,
BTD,Endo,8,0.09864676592226979,0.9625668449197862,0.4992445093569053,0.9476491767436772,True,0.07394487581216747,True,0.9958209752541637,
C14orf93,Endo,1,0.40294596251812365,0.6940017797431514,0.238400672376838,,True,0.3377898467391285,True,0.9709215353212385,
C15orf61,Endo,1,0.37509419309475983,0.3212669683257919,0.3846427429124767,0.9982206668978284,True,0.3642718597367583,True,0.920585849444673,
C16orf89,Endo,1,0.9024503844968846,0.7271079974369083,-0.5901171367885006,0.9822071784358802,False,0.7039218843338276,False,0.9709215353212385,
C17orf67,Endo,1,0.6857062217608039,0.113944878650761,0.3066952850853185,0.9982206668978284,True,0.6763979968093201,True,0.8256851192025261,
C18orf54,Endo,1,-0.4255223462451406,0.8851640153055096,0.2294743120639707,0.9982206668978284,False,-0.4534037553960776,False,0.9833068577852265,
C1QA,Endo,2,-0.6201263635590215,0.9584527538459414,1.3139372399681228,0.7926344548366875,False,-0.3813107292285403,False,0.9958209752541637,
C1QB,Endo,3,0.79039833507676,0.5666119528771321,2.2962108472866314,0.3801729588371776,True,0.5209223402657396,True,0.9536531642555559,
C1QBP,Endo,1,-0.0724444650942944,0.6642318548206392,0.2726630317694242,0.9982206668978284,False,-0.07707950431373879,False,0.9699490215240731,
C1QC,Endo,3,0.4473269361157876,0.5834245156431206,2.482666814600664,0.3139988023105164,True,0.33139139044340216,True,0.9536531642555559,
C1QTNF1,Endo,10,-0.03115465138681244,0.8883587001234061,-0.2417118037877739,0.9982206668978284,True,-0.027144201798237788,True,0.9833068577852265,
C1QTNF2,Endo,1,1.7189515016903896,0.06320042477542583,-0.1208852523797122,,False,0.9708930655640058,False,0.7918780015463845,
C1QTNF3,Endo,2,-0.023445352694035842,0.8838111823741173,0.8161995220662046,,False,-0.04602977242199648,False,0.9833068577852265,
C1QTNF4,Endo,3,0.003582583776240102,0.396710372019462,-0.4670204566805658,,False,0.009816565654628302,False,0.9272932768190606,
C1QTNF6,Endo,2,0.4987076199926398,0.26817863879881465,-0.0021364419949028,,False,0.4571209099273203,False,0.9166324969148498,
C1QTNF7,Endo,20,0.6217865589322362,0.015220074043603454,0.2010428325392841,0.9982206668978284,True,0.5474256399249405,True,0.6816125051419168,
C1R,Endo,2,-0.5530193923211505,0.6642318548206392,2.789545939687511,0.1357492977247381,False,-0.5697604277568789,False,0.9699490215240731,
C1RL,Endo,1,-0.6906984236408846,0.16190430302288117,1.4302771705007695,0.4967788422115781,False,-0.6202760204584644,False,0.8729222334758668,
C1S,Endo,15,0.45728415999993344,0.13879062114356233,1.51238081317315,0.4638668740267856,True,0.43329813972058706,True,0.8624102221308104,
C1orf54,Endo,3,0.19639611784966618,0.6729740847387906,-1.1204233712161742,0.248565402597253,False,0.15522323297497656,False,0.9699490215240731,
C1orf56,Endo,2,-0.5391060958376318,0.47021427616406375,0.7252747476814889,,False,-0.5395938146520739,False,0.9287202178494102,
C2,Endo,8,0.04227355711047984,0.2358700123406006,-0.6109757438817053,,False,0.02019375201349158,False,0.8955353702557743,
C20orf27,Endo,2,-0.22432044961347755,0.4807075277663513,0.7107905493845578,0.9241177874347504,False,-0.22279868543925613,False,0.9287202178494102,
C22orf39,Endo,1,0.7207877408220229,0.193657589519031,-0.0333865338056471,0.9982206668978284,False,0.6753526361657558,False,0.8955353702557743,
C3,Endo,2,0.06624503289747298,0.3546794581452437,0.7272932314985294,0.9965449463526324,True,-0.03651981489643328,False,0.920585849444673,
C3orf33,Endo,1,-0.1430278748796826,0.7726944980890869,-0.2252198245824378,0.9982206668978284,True,-0.1228352211265592,True,0.9774165421224245,
C4orf48,Endo,1,-0.1354249399057719,0.6058412176059235,0.4805650495535749,0.9954390173169492,False,-0.19439760264746256,False,0.9536531642555559,
C6orf120,Endo,2,0.13272508598301436,0.4234471410941999,-0.1673629719792075,,False,0.12338448510340129,False,0.9272932768190606,
C9orf72,Endo,1,0.07447943223203733,0.6729740847387906,-0.158963265323947,0.9982206668978284,False,0.03826124929112968,False,0.9699490215240731,
CA10,Endo,3,-1.0058980671194544,0.49113619375457174,-1.9148658730736867,0.5983625159818315,True,-0.9000181839465463,True,0.943693947336386,
CA11,Endo,1,-0.053075016893291346,0.6058412176059235,-0.0967861819597305,0.9982206668978284,True,-0.08434097475479467,True,0.9536531642555559,
CALR,Endo,1,0.46964655672669575,0.046400658165364046,0.4305305815732914,0.97879631410106,True,0.4151929097392041,True,0.7818904126780498,
CALU,Endo,1,0.17830780394398482,0.7001364778066808,0.5043925548523481,0.8084967715133126,True,0.16375494266815285,True,0.9709215353212385,
CANT1,Endo,5,-0.47940052105399134,0.4131205365770133,-0.7682198620049638,0.9241177874347504,True,-0.47693868445010884,True,0.9272932768190606,
CASP4,Endo,3,-0.4448905799513948,0.5306582861239475,0.295529432953142,0.9982206668978284,False,-0.4114587934854539,False,0.943693947336386,
CASP7,Endo,7,0.027531702475591405,0.7429864253393665,-0.0330787809177824,0.9982206668978284,False,-0.007310613811297035,True,0.9709215353212385,
CATSPERG,Endo,1,0.15814896644004123,0.6058412176059235,0.5266926486932215,,True,0.15852633023689974,True,0.9536531642555559,
CBLN2,Endo,17,-0.832800073590355,0.193657589519031,-1.9459029293985428,,True,-0.8357786316272555,True,0.8955353702557743,
CCBE1,Endo,36,0.10490561310297654,0.4411382748148418,-1.619439282162981,0.6946615885335271,False,-0.013796939658706164,True,0.9287202178494102,
CCDC126,Endo,1,-0.1995582217878076,0.5003186734539344,0.2830084245929513,0.9982206668978284,False,-0.18788332907983887,False,0.943693947336386,
CCDC3,Endo,19,0.04289647276302193,1.0,-0.620409320573397,0.8257914075865923,False,0.007909813247974627,False,1.0,
CCDC80,Endo,2,-0.8867878980662411,0.2188958919717623,0.4223111558044737,0.9982206668978284,False,-0.745390163312866,False,0.8955353702557743,
CCK,Endo,4,-0.020183199730983415,0.7944962203148578,-0.2574718086194896,0.9982206668978284,True,-0.01457904703001003,True,0.9774165421224245,
CCL2,Endo,1,0.6356579043240617,0.5169224545517794,0.0549610419158668,0.9982206668978284,True,0.4621320977778999,True,0.943693947336386,
CCL28,Endo,3,-0.5011177404594467,0.5226121466998397,0.0663794792781469,,False,-0.38488334972140475,False,0.943693947336386,
CCL4,Endo,2,0.06279233440108324,1.0,0.6979812172659321,0.9982206668978284,True,0.06837905434480665,True,1.0,
CCL5,Endo,2,1.0826324880639238,0.3322095746190056,3.817070535109996,0.3801729588371776,True,0.5051927055967596,True,0.920585849444673,
CCN1,Endo,2,-0.45810637666400345,0.31202474076438447,-0.6131081030161344,0.973587792225092,True,-0.45938383341272393,True,0.920585849444673,
CCN2,Endo,1,-0.7239673911262593,0.4131205365770133,-0.0762231519902254,0.9982206668978284,True,-0.7046836796155841,True,0.9272932768190606,
CCN3,Endo,1,-0.09640551002637307,0.9232949701148666,-0.3412575872556798,0.9982206668978284,True,-0.1327839725057484,True,0.9958209752541637,
CCN4,Endo,1,-0.2220738026314374,0.7271079974369083,0.3404531714022508,0.9982206668978284,False,-0.25136492273581895,False,0.9709215353212385,
CD14,Endo,2,-0.476102731940576,0.8087411603198786,-0.3134492000809228,0.9982206668978284,True,-0.4119343890949256,True,0.9774165421224245,
CD163,Endo,1,0.5186662517854638,0.6642803671467212,2.448826366844027,0.7882440980011821,True,0.21751478438739036,True,0.9699490215240731,
CD163L1,Endo,1,-0.4767187081965013,0.7465253850647986,-0.5560144153589811,0.9982206668978284,True,-0.19588654108460649,True,0.97480689198398,
CD164,Endo,2,0.09660076754275844,0.7429864253393665,-0.0335485565667168,0.9982206668978284,False,0.1075179802739407,False,0.9709215353212385,
CD274,Endo,2,0.5455298690435028,0.529132463522389,0.3367111017810227,,True,0.5083104210340784,True,0.943693947336386,
CD40,Endo,1,0.02429685699914264,1.0,0.5710070062524787,0.966723196157347,True,0.018633893027429665,True,1.0,
CD44,Endo,13,0.37100713862569334,0.5414232825997531,0.5515940649486267,0.9476491767436772,True,0.29209473856932805,True,0.943693947336386,
CD48,Endo,2,1.635553329143725,0.23248771156190706,1.4745426529993808,,True,0.8942592855279752,True,0.8955353702557743,
CD55,Endo,1,0.758421342396681,0.03595228301110654,-0.827763635169653,0.8526294686121002,False,0.6939579687274465,False,0.7703396502078044,
CD59,Endo,5,-0.6010030013596747,0.059234882764294526,-0.3872454691365422,0.9822071784358802,True,-0.613619503642572,True,0.7831292612268833,
CD63,Endo,1,0.1273596852982763,0.7429864253393665,-0.010908284986211,0.9982206668978284,False,0.12600827646044974,False,0.9709215353212385,
CD74,Endo,3,0.4209364188640197,0.3212669683257919,0.5242434851463669,0.9664465551886166,True,0.3782571705849367,True,0.920585849444673,
CD9,Endo,11,-0.101020485846757,0.8148087206910737,-0.431717915253597,0.9644046166239764,True,-0.09218103822965436,True,0.9774165421224245,
CD99L2,Endo,1,-0.19510642114912083,0.8094354491980796,0.1593238307443259,0.9982206668978284,False,-0.17388453699896317,False,0.9774165421224245,
CDNF,Endo,2,-0.3713318353467102,0.3861850319585892,0.9955135058952628,,False,-0.3587327805756906,False,0.9272932768190606,
CEACAM1,Endo,1,-0.10329757714054211,1.0,0.8397030088246005,,False,-0.08709104187696533,False,1.0,
CEMIP,Endo,1,0.024812918990645624,0.8838111823741173,0.407813066041028,0.9982206668978284,True,0.04051067201440686,True,0.9833068577852265,
CES4A,Endo,4,0.16362187184114363,0.7726944980890869,0.174010476490283,,True,0.15796878935291647,True,0.9774165421224245,
CFB,Endo,1,0.07641687117652847,0.8849535490124489,1.9792930499263468,0.3500434377771391,True,0.0681557703709577,True,0.9833068577852265,
CFH,Endo,2,-1.2262430090581775,0.29513402160108826,0.8530178382960252,0.538952255578614,False,-1.0746166792545246,False,0.920585849444673,
CFI,Endo,3,-0.5698165895592183,0.8294063560887294,1.0797503540626674,0.4846553334117614,False,-0.4418360792151404,False,0.9833068577852265,
CGREF1,Endo,2,-1.5591842540845136,0.17526407779612352,-0.8031495850382449,,True,-1.394196761938344,True,0.8955353702557743,
CHADL,Endo,2,-0.0001741188788242286,0.7429864253393665,-0.9779970968628268,,True,0.003912646015425279,False,0.9709215353212385,
CHGB,Endo,2,0.032104262393680486,0.5834245156431206,-0.1224423094426895,0.9982206668978284,False,-0.054397190290744135,True,0.9536531642555559,
CHID1,Endo,3,-0.3458351240375959,0.6642318548206392,-0.4221904035656772,0.9798253995498232,True,-0.32177765912023343,True,0.9699490215240731,
CHL1,Endo,31,-0.17113554987187202,0.4807075277663513,-0.308738860028814,0.9982206668978284,True,-0.2495804880982837,True,0.9287202178494102,
CHRDL1,Endo,1,0.4067576632450588,0.7153598933598017,-0.3397399486927993,,False,0.25314602747346526,False,0.9709215353212385,
CHST9,Endo,8,-0.34356264091258004,1.0,-0.0418539130831404,0.9982206668978284,True,-0.2987353952781044,True,1.0,
CHSY1,Endo,1,0.458855539474008,0.7429864253393665,0.0781593692708854,0.9982206668978284,True,0.4519667179997555,True,0.9709215353212385,
CKLF,Endo,2,0.4044335186525824,1.0,0.1826049553386245,0.9982206668978284,True,0.40851265119079844,True,1.0,
CLCA4,Endo,1,0.4517668608964094,0.15930637364018252,1.5459042406855987,,True,0.25421673934692784,True,0.8729222334758668,
CLEC11A,Endo,2,0.018526933262338327,1.0,-0.5804377877546505,0.9660854956068782,False,0.023823480431875682,False,1.0,
CLEC3B,Endo,3,0.4348933935679093,0.4385990660212319,-1.2684692784539366,0.5905268858632272,False,0.4025736194003275,False,0.9287202178494102,
CLIC3,Endo,1,-0.2076988711692964,0.9613894362865227,-1.687547454296222,,True,-0.16185122360385346,True,0.9958209752541637,
CLN5,Endo,1,0.24146227870480538,0.8883587001234061,0.1326239210842905,0.9982206668978284,True,0.22422319441098268,True,0.9833068577852265,
CLU,Endo,2,-0.04586076826727599,0.7429864253393665,0.8317102312934508,0.876623062676187,False,-0.1063000404179424,False,0.9709215353212385,
CNDP1,Endo,1,0.920704597167559,0.19278561797504934,-0.4698241115140759,0.9982206668978284,False,0.6641429670790483,False,0.8955353702557743,
CNPY4,Endo,1,1.0475491720568586,0.0484018452046584,-0.1725215544964011,,False,0.9991241461231459,False,0.7831292612268833,
CNTN2,Endo,2,-0.26164593762856114,0.733109295760819,1.5676996130808536,0.8136504536356737,False,-0.25076975358787573,False,0.9709215353212385,
CNTN4,Endo,69,-0.790069915377771,0.07445495680789799,0.5080774101954221,0.9023111757388612,False,-0.8229255227229062,False,0.7918780015463845,
COCH,Endo,1,0.09876788549785885,1.0,-0.0796649921437207,,False,0.05378291673413123,False,1.0,
COL11A1,Endo,1,0.5416354011156611,0.28954300792784626,-1.0011572163120892,0.9664465551886166,False,0.46155792278937774,False,0.920585849444673,
COL12A1,Endo,5,-0.4663967735763452,0.3594640921412464,0.7073691100253621,0.977698230152696,False,-0.4123651413223789,False,0.920585849444673,
COL14A1,Endo,14,0.9110149764386126,0.16717400246812014,-0.2594134995918884,0.9982206668978284,False,0.8693194214615322,False,0.8729222334758668,
COL15A1,Endo,1,0.4378935706906669,0.7153598933598017,0.7902404525421771,,True,0.30628668209814874,True,0.9709215353212385,
COL16A1,Endo,3,0.323369403011072,0.8883587001234061,0.3928929338653161,,True,0.2661982191684264,True,0.9833068577852265,
COL18A1,Endo,14,0.19438164260572235,0.6729740847387906,-0.1863944416848105,0.9982206668978284,False,0.18346928600219792,False,0.9699490215240731,
COL1A2,Endo,1,-1.26062046875088,0.07148431079850935,0.2738966651972798,0.9965449463526324,False,-1.0602496134978505,False,0.7918780015463845,
COL21A1,Endo,15,0.24715577180840018,0.5306582861239475,1.9644264296831548,0.5922143779010139,True,0.21459558487293712,True,0.943693947336386,
COL24A1,Endo,1,-0.22980142678186005,0.9594863865656789,0.0563593841936838,0.9982206668978284,False,-0.16011194299245188,False,0.9958209752541637,
COL25A1,Endo,30,0.208292987351942,0.7356524594664196,-0.3160821795459959,0.9982206668978284,False,0.2063085914077376,False,0.9709215353212385,
COL26A1,Endo,1,-1.3485701290157794,0.16190430302288117,-0.4277685903468118,0.9982206668978284,True,-1.281312755644838,True,0.8729222334758668,
COL27A1,Endo,2,0.15500166528448261,1.0,-0.4550714742949812,0.9965449463526324,False,0.13442775500164048,False,1.0,
COL3A1,Endo,1,0.10764676434285128,0.7153598933598017,0.7319884564681302,0.9921788962684654,True,0.05222179547369096,True,0.9709215353212385,
COL4A1,Endo,1,-0.016319725354431956,0.7001364778066808,-1.1187967223215955,0.6402861904871696,True,-0.010487705972795408,True,0.9709215353212385,
COL4A2,Endo,1,-0.016319725354431956,0.7001364778066808,-1.7334784837848314,0.1885476770511808,True,-0.010487705972795408,True,0.9709215353212385,
COL4A3,Endo,1,-0.8970539023125773,0.3063186121268159,-0.4137446095401675,0.9241177874347504,True,-0.7419507905245647,True,0.920585849444673,
COL4A4,Endo,1,-0.8970539023125773,0.3063186121268159,-0.3817095697287462,0.9489212174731468,True,-0.7419507905245647,True,0.920585849444673,
COL4A5,Endo,9,0.6095402683006557,0.3111325340766097,0.4516617471938883,0.9982206668978284,True,0.4806337538124843,True,0.920585849444673,
COL5A1,Endo,1,-0.5862364645525334,0.4105244045278962,-0.0975537347495635,0.9982206668978284,True,-0.5281390775234445,True,0.9272932768190606,
COL5A2,Endo,1,-0.48047822455830125,0.5666119528771321,-0.0932654739659444,0.9982206668978284,True,-0.33576728117262555,True,0.9536531642555559,
COL5A3,Endo,2,0.12079256366118817,0.41225888092854823,-0.0555003485580628,0.9982206668978284,False,0.12338633879459973,False,0.9272932768190606,
COL6A1,Endo,1,-0.07577328310607254,0.2765939942410531,-0.3463803644228246,0.9536280109259396,True,-0.11154950837714529,True,0.9166324969148498,
COL6A2,Endo,3,0.518211713885677,0.6642318548206392,-0.2908690809291977,0.9982206668978284,False,0.4662601631390978,False,0.9699490215240731,
COL6A3,Endo,6,-0.4871316303384815,0.49825434794562595,-0.4697638422108826,0.9982206668978284,True,-0.31678771031497965,True,0.943693947336386,
COL8A1,Endo,1,-0.12913378955329347,0.5834245156431206,3.364349728256141,0.5532853643709599,False,-0.0990539547746392,False,0.9536531642555559,
COL9A1,Endo,5,-1.0672825060412114,0.04376551194120643,0.4501499975868754,0.9982206668978284,False,-0.8144493870050135,False,0.7818904126780498,
COLEC11,Endo,5,-0.005184438824927843,0.733109295760819,1.1293418384203084,,False,-0.032793235652017465,False,0.9709215353212385,
COLQ,Endo,7,-0.7890717231474081,0.4769765902586016,0.7132493638665703,0.9921788962684654,False,-0.5965938481485387,False,0.9287202178494102,
COPA,Endo,1,-1.186279507479141,0.3063186121268159,-0.365353929856327,0.9653595334223182,True,-1.0633546826681024,True,0.920585849444673,
CORIN,Endo,10,-0.1366879810435474,1.0,1.6252094588481052,,False,-0.18027435571814815,False,1.0,
CP,Endo,2,0.8392702011584955,0.43454988098896274,1.4406135992795388,0.7379406814611401,True,0.5842796014992544,True,0.9287202178494102,
CPAMD8,Endo,2,-0.4321774892349548,1.0,-0.0267221220836736,0.9982206668978284,True,-0.2910551460285817,True,1.0,
CPE,Endo,1,-0.0636614810690545,0.6302178099392757,-0.0738432977315366,0.9982206668978284,True,-0.07070571596007355,True,0.9699490215240731,
CPQ,Endo,1,-0.5916521315438289,0.2279054087276714,0.2878575861668988,0.9241177874347504,False,-0.5345050093578358,False,0.8955353702557743,
CRB1,Endo,31,-0.8494423953876692,0.13879062114356233,0.833618171329368,0.9697148352303548,False,-0.8626648237040531,False,0.8624102221308104,
CRB2,Endo,5,0.42629882189541074,0.7356524594664196,1.6766692824645528,,True,0.3154059779798783,True,0.9709215353212385,
CREG1,Endo,1,-0.047965093040122864,0.8148087206910737,0.0666774962002055,0.9982206668978284,False,-0.10294198391405804,False,0.9774165421224245,
CREG2,Endo,2,-0.7665749258580556,0.4105244045278962,0.2370696597623118,0.9982206668978284,False,-0.6971868165093752,False,0.9272932768190606,
CRIM1,Endo,2,0.2739059599566153,0.2765939942410531,0.3642972910476743,0.9921788962684654,True,0.2736148064040887,True,0.9166324969148498,
CRISPLD1,Endo,2,0.31945664822124703,0.5666119528771321,-0.2823884225849907,,False,0.21249511124058307,False,0.9536531642555559,
CRISPLD2,Endo,2,-0.2281013380652399,0.6985485325646762,-0.2570722735921409,0.9982206668978284,True,-0.19417674536610074,True,0.9709215353212385,
CRTAP,Endo,1,0.40235113316233007,0.6058412176059235,0.2663311559059274,0.9982206668978284,True,0.34734776242341847,True,0.9536531642555559,
CRYAB,Endo,5,0.5216517365420728,0.26729636316647976,0.55259369415278,0.9822071784358802,True,0.4872302459769198,True,0.9166324969148498,
CSF1,Endo,2,-0.029344106966406824,0.9625668449197862,1.0854323698916326,0.6229059340624769,False,-0.04921854126258774,False,0.9958209752541637,
CSF3R,Endo,1,-1.1840819770133175,0.6935261823547549,1.1721112171499006,,False,-0.7481160398450823,False,0.9709215353212385,
CSPG5,Endo,1,0.3697656045326088,0.31202474076438447,-0.4236355189735273,0.9982206668978284,False,0.3255827930042033,False,0.920585849444673,
CST3,Endo,2,0.17113510269350507,0.9625668449197862,0.6431456879354481,0.9474539751380004,True,0.1715679373552744,True,0.9958209752541637,
CTHRC1,Endo,2,-0.5272578206860267,0.26729636316647976,0.2835365142760421,,False,-0.4726351771205208,False,0.9166324969148498,
CTSB,Endo,1,-0.07028204918868468,0.8148087206910737,0.2441267742746832,0.9982206668978284,False,-0.09637447705684377,False,0.9774165421224245,
CTSD,Endo,1,-0.7859660574481804,0.07433554192249581,1.064676745533847,0.5382779986677332,False,-0.7385475514031541,False,0.7918780015463845,
CTSL,Endo,1,0.13835342188010194,0.8883587001234061,0.5591607980422252,0.9393028807017562,True,0.11289171429586649,True,0.9833068577852265,
CTSS,Endo,2,-0.33819388892023156,0.5535002559492928,0.5172037505692608,0.9822071784358802,False,-0.20540141676910137,False,0.9536531642555559,
CUTA,Endo,2,0.28634562080239023,0.4807075277663513,0.0491780643423738,0.9982206668978284,True,0.27136957011211504,True,0.9287202178494102,
CX3CL1,Endo,1,-0.42760361600312863,0.19283648217959148,0.3257242553273389,0.9982206668978284,False,-0.40320218886627957,False,0.8955353702557743,
CXADR,Endo,1,-0.8082697529846714,0.6648126209477461,0.5105386859876082,0.9982206668978284,False,-0.7890527638611144,False,0.9699490215240731,
CXCL1,Endo,1,-0.7722412038605436,1.0,1.3285607644898187,0.8856990343640121,False,-0.7772545847307448,False,1.0,
CXCL12,Endo,2,-0.6622271612029424,0.49113619375457174,-0.1987605741375739,0.9982206668978284,True,-0.5984843082587313,True,0.943693947336386,
CXCL14,Endo,1,0.11696050319226461,1.0,-0.9423496515899692,0.9221403673180456,False,0.09668310825188621,False,1.0,
CXCL16,Endo,1,0.01403990396586431,0.9611478551672934,1.083328003495254,,True,0.012475262503645942,True,0.9958209752541637,
CXCL2,Endo,2,0.23743678754395556,0.8440504991330599,1.9034637414480893,0.9640577932247956,True,0.20419914953089702,True,0.9833068577852265,
CXCL8,Endo,1,-0.9087824122819488,0.14824620757311857,0.0135022091412701,0.9982206668978284,False,-0.7195397723854378,False,0.8729222334758668,
CYB5D2,Endo,1,-0.38488136366765013,0.26817863879881465,0.4468217636437517,0.9982206668978284,False,-0.40116034973194215,False,0.9166324969148498,
DAG1,Endo,1,0.3568425630791739,0.2358700123406006,-0.3221476093218227,0.9843398818539808,False,0.3242146762433533,False,0.8955353702557743,
DCN,Endo,2,-0.04791615070799995,0.49825434794562595,0.2078136021150055,0.9982206668978284,False,-0.031207601853500414,False,0.943693947336386,
DDR1,Endo,4,0.24301297706536049,0.7429864253393665,0.8400738140669934,0.9664465551886166,True,0.187905716215972,True,0.9709215353212385,
DEAF1,Endo,2,0.24918616482899364,0.4807075277663513,0.0079966612601475,0.9982206668978284,True,0.2308634935281299,True,0.9287202178494102,
DHRS11,Endo,1,0.10546410193774079,0.5957378004691146,0.5894851016501215,,True,0.06469330728205205,True,0.9536531642555559,
DHRS4L2,Endo,9,-0.48681042241489003,0.3546794581452437,0.0640070166787427,0.9982206668978284,False,-0.4479577847818682,False,0.920585849444673,
DHRSX,Endo,2,-0.875045523151661,0.1114703248402659,-0.5961442328576139,0.7584372870273587,True,-0.8818616880874441,True,0.8256851192025261,
DIPK2A,Endo,1,-0.05233533259725332,0.9625668449197862,0.2368109201272402,0.9982206668978284,False,-0.06045078729850487,False,0.9958209752541637,
DIPK2B,Endo,1,0.3562733499573997,0.5920655298478774,0.0584763941328579,0.9982206668978284,True,0.278097494929776,True,0.9536531642555559,
DKK2,Endo,21,0.1324802553712687,0.4411382748148418,4.449372714745588,0.0752509106177958,True,0.026149218870274875,True,0.9287202178494102,0.6015521929293297
DKK3,Endo,2,-0.11080537851530753,0.5957378004691146,0.3433910202054747,0.9820809407837704,False,-0.08886755453270397,False,0.9536531642555559,
DNASE1,Endo,2,-1.2156011253294767,0.2193522674722066,-0.0461796177427643,0.9982206668978284,True,-0.6400788564701272,True,0.8955353702557743,
DPP7,Endo,2,0.19003514524954976,0.6642318548206392,0.3355331035181515,0.9982206668978284,True,0.16818103141988178,True,0.9699490215240731,
DSCAM,Endo,91,-0.21749757507807815,0.8883587001234061,-1.8628211766421388,0.6925298141940069,True,-0.24599772257765706,True,0.9833068577852265,
ECM1,Endo,3,-0.5162776516657641,0.07433554192249581,-0.7659067186476012,0.8145994343935765,True,-0.49402872869671477,True,0.7918780015463845,
ECM2,Endo,4,-0.6880405016042886,0.34352762898365263,0.3993838124121572,0.9822071784358802,False,-0.5544593746978744,False,0.920585849444673,
ECRG4,Endo,1,-0.633231279311359,0.5169224545517794,-0.2554749794248024,,True,-0.5625543690365415,True,0.943693947336386,
EDA,Endo,5,-0.3990437478844475,0.8097797706434724,1.8109658214558229,0.2621357795352741,False,-0.4688310828408081,False,0.9774165421224245,
EDDM13,Endo,2,2.267355734083338,0.096170539360084,-0.6273185129156389,,False,1.1849344255878131,False,0.8256851192025261,
EDIL3,Endo,2,-0.9444705108901894,0.0015631427396133276,-0.022548234683931,0.9982206668978284,True,-0.8973585608364522,True,0.3237659399424105,
EDN1,Endo,3,-0.8796930747133592,0.13101555125140407,-1.1033703166500013,0.8136504536356737,True,-0.8230673280217996,True,0.8624102221308104,
EDN3,Endo,2,-1.1135231254808677,0.3096472632675823,-1.7988895325751288,0.0820844329518702,True,-0.8734180728346672,True,0.920585849444673,0.5354449472096532
EFEMP1,Endo,1,-1.0191640177714278,0.29513402160108826,2.821709541393209,0.0677950563424653,False,-0.8000291931743271,False,0.920585849444673,0.5354449472096532
EFEMP2,Endo,1,-0.12861445472508196,0.4807075277663513,0.0182310168386363,0.9982206668978284,False,-0.14153892868828752,False,0.9287202178494102,
EFNA1,Endo,2,0.09797358882320209,0.6058412176059235,-0.0068199992280439,0.9982206668978284,False,0.061650753505413276,False,0.9536531642555559,
EGFL7,Endo,2,-0.2347822126703957,0.41225888092854823,-0.5957289065219349,0.8386509530748588,True,-0.2192568183472746,True,0.9272932768190606,
EGFL8,Endo,1,-0.12093054225532894,1.0,-0.6032906862876887,0.9474539751380004,True,-0.11057366582725454,True,1.0,
EGFR,Endo,44,-0.1559153996491013,0.7429864253393665,-0.8550916964617469,0.3863446478988748,True,-0.17512931802389012,True,0.9709215353212385,
ELN,Endo,1,0.10533395727246084,0.8883587001234061,0.6604308104470862,0.9834593979112992,True,0.04537002200739988,True,0.9833068577852265,
EMC10,Endo,2,0.05999020792359469,0.961532239658224,0.6890302298503393,0.8989977740777834,True,0.05604438496376327,True,0.9958209752541637,
EMID1,Endo,1,0.6135468796307142,0.34352762898365263,-0.6755024815653327,0.9982206668978284,False,0.47509030039443734,False,0.920585849444673,
EMILIN1,Endo,1,-0.019576460126905195,0.6985485325646762,0.2437201122989881,0.9982206668978284,False,-0.03672005926525199,False,0.9709215353212385,
EMILIN2,Endo,3,-0.9415516338607797,0.17526407779612352,1.4438321819760245,0.5450842284727107,False,-0.9190168055263331,False,0.8955353702557743,
ENDOD1,Endo,1,-0.41614669609580796,0.5414232825997531,-0.476017606088513,0.7836298865248615,True,-0.38811949764552467,True,0.943693947336386,
ENHO,Endo,1,0.39095993548362284,0.5414232825997531,0.1360123744656702,0.9982206668978284,True,0.32870631248946586,True,0.943693947336386,
ENOX1,Endo,2,-0.22239566027150273,0.8883587001234061,0.0204520963726016,0.9982206668978284,False,-0.22621071575899393,False,0.9833068577852265,
ENOX2,Endo,38,-0.025062287755808748,0.6058412176059235,0.712175956748192,0.5254481021033247,False,-0.045794042016630315,False,0.9536531642555559,
ENPP2,Endo,21,0.7446562750330723,0.28954300792784626,0.6473352398257778,0.9664465551886166,True,0.7105625812065002,True,0.920585849444673,
ENPP3,Endo,2,-0.2772309798785413,0.2358700123406006,0.6976852115620809,,False,-0.25888441461791384,False,0.8955353702557743,
ENPP5,Endo,2,1.2724085108791607,0.13101555125140407,0.7999286342664906,,True,1.03824148593472,True,0.8624102221308104,
ENTPD5,Endo,1,-0.6079846514865784,0.3111325340766097,0.1192770535157214,0.9982206668978284,False,-0.5869315971645361,False,0.920585849444673,
ENTPD6,Endo,1,-0.09808752780038489,0.7361212634199744,0.2905038864243884,0.9982206668978284,False,-0.11615867177540722,False,0.9709215353212385,
EPDR1,Endo,27,0.04700149819556378,0.8148087206910737,0.6912363548683433,0.9241177874347504,True,0.008023456942672397,True,0.9774165421224245,
EPHA3,Endo,1,0.04405640528990301,1.0,-0.024888854117419,0.9982206668978284,False,0.05273765963403265,False,1.0,
EPHB6,Endo,1,-0.34035503441070575,0.9625668449197862,0.7023655531524973,,False,-0.3553566074440819,False,0.9958209752541637,
EPOR,Endo,2,-1.0280467026718432,0.46496362458247187,0.9635432705240292,0.9393028807017562,False,-1.0303606710299968,False,0.9287202178494102,
ERAP1,Endo,2,-0.09420679203683305,0.9625668449197862,-0.6860886018196591,0.6399146565933941,True,-0.09974070957691242,True,0.9958209752541637,
ERAP2,Endo,3,0.09786744754474455,0.733109295760819,-0.0296000685726081,0.9982206668978284,False,0.0843948797964384,False,0.9709215353212385,
ERBB3,Endo,3,-0.16546724541475805,1.0,0.3563542951363668,0.9982206668978284,False,-0.17120388939187353,False,1.0,
ERO1A,Endo,1,0.10598544752177692,0.8148087206910737,0.0216401761068012,0.9982206668978284,True,0.07696428998662208,True,0.9774165421224245,
ERVMER34-1,Endo,1,-1.6940562821377867,0.0650982637994463,0.147038562822448,,False,-1.3825583752497967,False,0.7918780015463845,
EXOC3-AS1,Endo,2,-1.2907707051667403,0.013902417775391175,0.3612068655158068,,False,-1.2140141633188357,False,0.6816125051419168,
EXT2,Endo,2,0.6121784873815025,0.16717400246812014,0.3262784000950866,0.973587792225092,True,0.5033915449751761,True,0.8729222334758668,
EXTL2,Endo,1,-0.5222026003291806,0.09271904566022213,-0.2225324256598338,0.9982206668978284,True,-0.5016812668582081,True,0.8215799928288131,
EYS,Endo,16,0.2773516588752523,0.5920655298478774,-0.9152501997374274,0.8991759486664139,False,0.2560114425375028,False,0.9536531642555559,
F10,Endo,3,-0.029621389392719584,0.8849535490124489,-0.0876466871523316,,True,-0.08278457580511371,True,0.9833068577852265,
F13A1,Endo,1,-0.31744761751354333,0.477026333264682,1.3697436855774774,0.8674542621843644,False,-0.14718593562152288,False,0.9287202178494102,
F3,Endo,2,0.11073509071872834,1.0,-0.3993364948339696,0.9982206668978284,False,0.09648789969436779,False,1.0,
F8,Endo,3,0.6261929080094165,0.396710372019462,1.5744933419204106,0.5059883000415635,True,0.47420668919524545,True,0.9272932768190606,
FABP5,Endo,1,0.1512919996125742,0.26817863879881465,1.0186989696015147,0.8419612466882677,True,0.10111648286531695,True,0.9166324969148498,
FAM177A1,Endo,2,0.3610679352556107,0.21068182941043767,-0.2464129098030911,0.9839002358356852,False,0.3315282071054917,False,0.8955353702557743,
FAM20A,Endo,13,-0.0839335732977272,0.9228692341917589,-0.1688377095831649,0.9982206668978284,True,-0.058827702408691514,True,0.9958209752541637,
FAM20C,Endo,1,-0.35089938160114276,0.5634637328658632,-0.6708015010313725,0.8818310874253155,True,-0.3232919619463029,True,0.9536531642555559,
FAM24B,Endo,1,-0.14032089104038115,0.6228694114099363,-1.112378962613173,,True,-0.10441974120922042,True,0.9699490215240731,
FAM3A,Endo,1,-0.7124587159292854,0.0484018452046584,0.8189216456723448,0.8841940440262835,False,-0.7033704047412773,False,0.7831292612268833,
FAM3C,Endo,2,0.13810361093021492,0.9625668449197862,0.202036560009355,0.9982206668978284,True,0.07493510320719968,True,0.9958209752541637,
FAP,Endo,3,-0.16832921791788974,0.8075669579611612,1.381317231809707,,False,-0.14862539434703664,False,0.9774165421224245,
FAS,Endo,1,0.1102315817044787,0.7429864253393665,0.5867614755414793,0.9193065370476358,True,0.09175170052275373,True,0.9709215353212385,
FBLN1,Endo,3,-0.02532177381972984,0.8472972132889702,1.2383690981107294,0.5990941091169198,False,-0.028256151010713895,False,0.9833068577852265,
FBLN2,Endo,6,0.0739173187350248,0.5306582861239475,-0.4965191179737312,0.9822071784358802,False,0.06050160295564358,False,0.943693947336386,
FBLN5,Endo,2,-1.5220048565058037,0.03887491530947259,0.8658502301360654,0.8713720903889498,False,-1.2971603408374845,False,0.7818904126780498,
FBN1,Endo,1,0.29997483801690455,0.7429864253393665,0.783468065175078,0.9664465551886166,True,0.21892491875755232,True,0.9709215353212385,
FBXO45,Endo,1,0.18904255276480983,0.4807075277663513,-0.3968820610294736,0.9965449463526324,False,0.15694398715291713,False,0.9287202178494102,
FCGR3A,Endo,1,-0.7246237423694686,0.5150357210594398,2.0645221281317507,,False,-0.3274953856466552,False,0.943693947336386,
FCMR,Endo,2,-0.16245135739814667,0.8578621156535984,1.1000430677528044,,False,-0.08204653077083908,False,0.9833068577852265,
FGF1,Endo,19,0.3018366432698123,0.2765939942410531,-0.0819832261183322,0.9982206668978284,False,0.25897710235952426,False,0.9166324969148498,
FGF13,Endo,15,-0.9221324786483854,0.059971328007111274,-0.6339851101455787,0.96998365105482,True,-0.8661032717924124,True,0.7845124811137295,
FGF2,Endo,1,0.89324865326205,0.12135235946873602,0.0467675184568649,0.9982206668978284,True,0.7843785614214343,True,0.8624102221308104,
FGFBP3,Endo,1,-0.3226372026748556,0.8097797706434724,-0.1208751752007994,,True,-0.3496885258795537,True,0.9774165421224245,
FGFR2,Endo,18,0.46542390521149,0.2765939942410531,0.6239734814098166,0.9834593979112992,True,0.4415963446276035,True,0.9166324969148498,
FGFR3,Endo,2,0.26476036151393983,0.8849535490124489,-0.2414269131483418,0.9982206668978284,False,0.2435662742369134,False,0.9833068577852265,
FGL2,Endo,2,0.4771906286235168,0.6536608683661742,-0.3438444111897453,0.9982206668978284,False,0.36808161633541436,False,0.9699490215240731,
FIBIN,Endo,3,0.20851975515380444,0.8440504991330599,1.191300922072261,,True,0.16375998603655653,True,0.9833068577852265,
FJX1,Endo,2,-0.2459877543198506,0.5957378004691146,0.7379636528556622,,False,-0.2648892595247786,False,0.9536531642555559,
FKRP,Endo,2,0.7861654800589011,0.24792309006121738,-0.2055473901495737,0.9982206668978284,False,0.7339744338119609,False,0.9166324969148498,
FLRT2,Endo,4,-0.05610441204774729,0.9611478551672934,0.1636925206274888,0.9982206668978284,False,-0.0649263291957707,False,0.9958209752541637,
FLT1,Endo,35,-0.02715994706997927,0.8883587001234061,-0.4195056719912824,0.9622590648175704,True,-0.038387611580540514,True,0.9833068577852265,
FLT3LG,Endo,2,-0.6509608739831187,0.12135235946873602,0.4873548816224219,,False,-0.589903214200633,False,0.8624102221308104,
FLT4,Endo,2,-0.6485460754915354,0.26729636316647976,-0.6049323759864965,0.9965449463526324,True,-0.6204501052439352,True,0.9166324969148498,
FN1,Endo,1,0.4878094430919584,0.6058412176059235,-0.6963504504531915,0.3863446478988748,False,0.47812677493495337,False,0.9536531642555559,
FNDC1,Endo,1,-1.883170523551444,0.5763123150519188,-0.3597877864363806,,True,-1.5435884549660843,True,0.9536531642555559,
FNDC4,Endo,1,0.049082912621501135,0.6228694114099363,1.010369600780249,,True,-0.041349890246579674,False,0.9699490215240731,
FREM1,Endo,16,0.6516883939823519,0.5920655298478774,2.056996802524516,,True,0.5849354490561017,True,0.9536531642555559,
FRZB,Endo,2,0.05532145158554193,0.8849535490124489,-0.4117927991979239,0.970256172641409,False,-0.00026876501359935674,True,0.9833068577852265,
FSTL1,Endo,1,0.0930623272670931,0.7001364778066808,-0.1829708576198903,0.9982206668978284,False,0.07753459355517406,False,0.9709215353212385,
FSTL3,Endo,3,0.3343691529918852,0.4234471410941999,0.9981162332980562,0.9798253995498232,True,0.316150587117965,True,0.9272932768190606,
FSTL5,Endo,1,2.2272844895617783,0.019063407300584038,-0.1023005709733463,0.9982206668978284,False,1.6028596300324012,False,0.7228932624955823,
FUCA2,Endo,1,0.5689440995755342,0.46496362458247187,0.3696987329221591,0.9982206668978284,True,0.5126988456771612,True,0.9287202178494102,
FURIN,Endo,5,-0.5799830055959856,0.22876326221317023,0.1746812481698162,0.9982206668978284,False,-0.596816094306469,False,0.8955353702557743,
GABBR1,Endo,2,0.25558644741447206,0.37038255861785274,-0.1167503926098945,0.9982206668978284,False,0.21407955927296055,False,0.920585849444673,
GALNT1,Endo,1,1.4239037963604744,0.9484567675356261,0.4085686545212546,0.9241177874347504,True,0.848797068883921,True,0.9958209752541637,
GALNT2,Endo,1,-0.13239507587029026,0.8883587001234061,-0.2676277891395996,0.9982206668978284,True,-0.16074143383068012,True,0.9833068577852265,
GAS6,Endo,2,-0.32354070457198775,0.733109295760819,0.0225361295059551,0.9982206668978284,False,-0.28814268593577447,False,0.9709215353212385,
GASK1A,Endo,2,0.41895858171938183,0.6228694114099363,0.8446137083532733,0.9764412202655528,True,0.2468117871245841,True,0.9699490215240731,
GATD1,Endo,1,0.18627508833234352,0.4807075277663513,0.3670416347805466,,True,0.15819104428081127,True,0.9287202178494102,
GBP1,Endo,1,-0.13120410225855603,0.5550932567714633,-0.4399935013711624,0.9822071784358802,True,-0.09914928178973846,True,0.9536531642555559,
GDF11,Endo,2,-0.639330982302789,0.193657589519031,-0.0532790048709005,0.9982206668978284,True,-0.63010123709925,True,0.8955353702557743,
GFER,Endo,2,0.5228564002891923,0.4234471410941999,1.2607358837215332,,True,0.5148858730534425,True,0.9272932768190606,
GFOD1,Endo,24,-0.4001014356511514,0.113944878650761,-0.2966954238492302,0.9843398818539808,True,-0.4313619049854374,True,0.8256851192025261,
GFOD2,Endo,1,0.12096402949943424,0.9625668449197862,-0.3072419280216791,0.9965449463526324,False,0.08026496392666858,False,0.9958209752541637,
GGH,Endo,1,-0.4226085568054847,0.31202474076438447,0.907761644157543,,False,-0.418272818590887,False,0.920585849444673,
GHR,Endo,16,-0.42198791893351384,0.2358700123406006,0.2200763633342486,0.9982206668978284,False,-0.44969899035701016,False,0.8955353702557743,
GLB1L,Endo,2,0.3409674403374826,0.4105244045278962,-0.6271285133823201,,False,0.3224045644194358,False,0.9272932768190606,
GLDN,Endo,8,0.3258200617338323,0.4411382748148418,0.6505960669290363,0.9965449463526324,True,0.24220134857646752,True,0.9287202178494102,
GLIPR1L1,Endo,5,-0.2868428933752036,0.628314424747433,0.7777070970196306,,False,-0.3106469152296167,False,0.9699490215240731,
GNAS,Endo,21,0.17928098486871885,0.3212669683257919,-0.419171542712907,0.9474539751380004,False,0.17183654647056737,False,0.920585849444673,
GNLY,Endo,1,0.7933915488454183,0.19758222862015595,1.866399673881068,0.502587127115771,True,0.3082492692785352,True,0.8955353702557743,
GNPTG,Endo,1,-0.03080192467073223,0.8845291214002254,0.2250383759937435,0.9982206668978284,False,-0.07621762255703919,False,0.9833068577852265,
GPC1,Endo,6,-0.33179547157538186,0.4807075277663513,0.1179449395003513,0.9982206668978284,False,-0.3611422861988793,False,0.9287202178494102,
GPC4,Endo,2,0.538685090286798,0.3111325340766097,0.9891920856526344,0.772186845431276,True,0.46730598893484926,True,0.920585849444673,
GPC5,Endo,35,-0.19348263053025655,0.5414232825997531,-0.2945082131617724,0.9764412202655528,True,-0.23218342611657308,True,0.943693947336386,
GPC6,Endo,89,-0.06748696097223315,0.9625668449197862,0.8771645055761126,0.9241177874347504,False,-0.09779821143300337,False,0.9958209752541637,
GPI,Endo,1,-0.016676932179292305,0.8849535490124489,0.3758699488906771,0.9474539751380004,False,-0.056583097231364836,False,0.9833068577852265,
GPX3,Endo,2,0.7766293582801623,0.10166619837213224,1.8644231918741985,0.4846553334117614,True,0.7331368622583687,True,0.8256851192025261,
GPX7,Endo,1,-0.274842000574211,0.26817863879881465,-0.0355593608529708,,True,-0.2630619695992463,True,0.9166324969148498,
GREM2,Endo,1,0.5676291844149731,0.3598149521410162,-0.4334756559179384,0.9982206668978284,False,0.3720016849383792,False,0.920585849444673,
GRN,Endo,3,-0.2751027952919262,0.6729740847387906,0.2950463791184973,0.9982206668978284,False,-0.27338061417754417,False,0.9699490215240731,
GRP,Endo,3,-1.0079829307065633,0.2308422720384955,-2.060773964499871,0.4476178055915069,True,-0.8652332761008651,True,0.8955353702557743,
GSDMD,Endo,2,0.05976777273385253,0.8472972132889702,0.2232802203819025,0.9982206668978284,True,0.05782914471111273,True,0.9833068577852265,
GSN,Endo,31,0.5005073973336605,0.059234882764294526,0.3713935862965395,0.9474539751380004,True,0.4825427346610919,True,0.7831292612268833,
HAPLN2,Endo,1,-0.6777423567936244,0.6935261823547549,-0.0293779415447174,0.9982206668978284,True,-0.49086780832848564,True,0.9709215353212385,
HAPLN3,Endo,2,-0.8119873218494783,0.02365570495482033,-0.1071561961490851,0.9982206668978284,True,-0.7599074450136728,True,0.7401422746051902,
HBEGF,Endo,1,0.41130044456810494,0.2765939942410531,-1.1845942922404935,0.6399146565933941,False,0.3673714306755703,False,0.9166324969148498,
HDGF,Endo,1,0.3476330032768039,0.6058412176059235,-0.0730293400689624,0.9982206668978284,False,0.3321010447093426,False,0.9536531642555559,
HEG1,Endo,1,-0.0185260968610219,0.7726944980890869,-0.7153190785352731,0.2735055634250105,True,-0.021148745360220916,True,0.9774165421224245,
HGF,Endo,1,0.42394444529546277,0.5169224545517794,-1.7027707213449124,0.5401116773713673,False,0.37882745100760656,False,0.943693947336386,
HHIP,Endo,2,0.3784609281963391,0.8849535490124489,0.777001046700669,0.9664465551886166,True,0.34765775792192816,True,0.9833068577852265,
HHIPL1,Endo,2,0.04097716301261654,0.9594863865656789,0.0160246616826439,0.9982206668978284,True,0.014258144359583594,True,0.9958209752541637,
HILPDA,Endo,2,0.26851752182611716,0.6648126209477461,1.595871543618878,0.4967788422115781,True,0.2678370370715338,True,0.9699490215240731,
HLA-E,Endo,2,0.6745136567799165,0.02739613327848622,-0.0661837522508022,0.9982206668978284,False,0.6571158502886766,False,0.7401422746051902,
HMCN1,Endo,1,0.261878579806496,0.9613894362865227,-0.196802716320166,0.9982206668978284,False,0.21735176215692414,False,0.9958209752541637,
HMGB1,Endo,21,0.629701034849094,0.113944878650761,-0.1224515994948499,0.9982206668978284,False,0.6041456550980481,False,0.8256851192025261,
HMGB2,Endo,1,-0.16796822359834904,0.8148087206910737,-0.0987588231215637,0.9982206668978284,True,-0.17698676508648023,True,0.9774165421224245,
HNRNPA2B1,Endo,1,0.02394422998824436,0.6729740847387906,-0.0025959318534866,0.9982206668978284,False,-0.003751730231634622,True,0.9699490215240731,
HPSE2,Endo,35,0.39814889037831286,0.5306582861239475,2.089915444851746,,True,0.3428485901884302,True,0.943693947336386,
HSD11B1L,Endo,1,-0.0903388619901994,0.5414232825997531,0.3603500733683446,,False,-0.08589405375980438,False,0.943693947336386,
HSP90AB1,Endo,1,0.03045247965205232,0.8148087206910737,-0.2466382402637245,0.9843398818539808,False,0.02733535838782676,False,0.9774165421224245,
HSPA1A,Endo,1,0.23201930749571187,0.4234471410941999,-0.1206165943039487,0.9982206668978284,False,0.2141586859871492,False,0.9272932768190606,
HSPB6,Endo,1,0.03632361843892506,1.0,2.4654883923946387,,True,-0.004605248835319167,False,1.0,
HSPG2,Endo,2,-0.305402850548886,0.2279054087276714,0.1638468548623298,0.9982206668978284,False,-0.2887648287340444,False,0.8955353702557743,
HTRA1,Endo,3,0.2811311276139362,0.7726944980890869,-0.3546068763166846,0.9982206668978284,False,0.26849154245508655,False,0.9774165421224245,
HYAL1,Endo,2,-0.9333762713132326,0.26729636316647976,-0.0500698675003926,0.9982206668978284,True,-0.8987628461297259,True,0.9166324969148498,
IDE,Endo,10,-0.11705408307427938,0.8883587001234061,0.2474944091358549,0.9982206668978284,False,-0.12820364873544468,False,0.9833068577852265,
IFI30,Endo,1,0.08675972019292565,0.8838111823741173,0.7344398972108179,,True,0.05976055484675574,True,0.9833068577852265,
IFI35,Endo,1,1.232754622081026,0.15774899911712847,-0.2691736373103803,0.9982206668978284,False,1.0489167120190885,False,0.8729222334758668,
IFNAR2,Endo,1,0.37868946865820885,0.6058412176059235,-0.1258802898414259,0.9982206668978284,False,0.35043270149702277,False,0.9536531642555559,
IGF1,Endo,2,-1.6135781461634742,0.19278561797504934,2.5965148259137787,,False,-1.2446271808501075,False,0.8955353702557743,
IGFBP2,Endo,4,-0.5984871945278227,0.46070795890408045,0.3354215037979221,0.9982206668978284,False,-0.5165119882573816,False,0.9287202178494102,
IGFBP3,Endo,3,0.47168999372830694,0.14866559762006348,1.988558787554644,0.3081381978957248,True,0.3952864504521575,True,0.8729222334758668,
IGFBP4,Endo,1,0.32390199294516747,0.4693953495564216,1.1204787084453367,0.8424033724806006,True,0.31495075663192296,True,0.9287202178494102,
IGFBP5,Endo,2,-0.959535070656446,0.396710372019462,1.9506486161872736,0.3242000776507541,False,-0.7695612133398241,False,0.9272932768190606,
IGFBP6,Endo,1,-0.146471396522373,0.6642318548206392,1.476276007876698,0.5687089014165682,False,-0.15064162147966995,False,0.9699490215240731,
IGFBP7,Endo,1,-0.1353759710029983,0.961532239658224,-0.0108635549933204,0.9982206668978284,True,-0.15099960643776403,True,0.9958209752541637,
IGSF10,Endo,2,-0.14856846374377003,0.477026333264682,0.220752449244323,,False,-0.10462334439998999,False,0.9287202178494102,
IL11RA,Endo,2,-0.2598196785468951,0.6729740847387906,0.9557937859032912,,False,-0.29334192832949096,False,0.9699490215240731,
IL15,Endo,9,0.27603280498614124,0.4411382748148418,0.5153756896312056,0.9664465551886166,True,0.2468744662669151,True,0.9287202178494102,
IL15RA,Endo,1,-0.2515513889604765,0.4807075277663513,0.7686408245983186,0.9299871848607952,False,-0.280159923946281,False,0.9287202178494102,
IL16,Endo,24,-0.0950812658697561,0.8148087206910737,0.9068593142615892,0.9612881208866292,False,-0.13217194028472845,False,0.9774165421224245,
IL17D,Endo,1,0.14128349674188287,0.6642318548206392,0.3486239230844986,0.9982206668978284,True,0.11509301387470142,True,0.9699490215240731,
IL17RA,Endo,1,0.13943247074725737,0.6058412176059235,0.1350542743413987,0.9982206668978284,True,0.1153927735557084,True,0.9536531642555559,
IL17RB,Endo,2,-0.6149138695124002,0.7356524594664196,-0.6052047100220519,,True,-0.5827877763852944,True,0.9709215353212385,
IL18,Endo,1,-0.9942562469193397,0.4032772370285935,1.8241315831797784,,False,-0.4944405877745389,False,0.9272932768190606,
IL18BP,Endo,2,0.09548642953161374,0.8788758980604734,1.8051823521249504,,True,0.0674134311392882,True,0.9833068577852265,
IL1R1,Endo,9,0.20098397114966768,0.7726944980890869,-0.133212971655609,0.9982206668978284,False,0.19992021508285343,False,0.9774165421224245,
IL1RAP,Endo,12,-0.06422474184904445,0.8849535490124489,-0.2714842676539118,0.9982206668978284,True,-0.06245682070868086,True,0.9833068577852265,
IL1RL1,Endo,3,1.3781442672603736,0.4006935884051922,0.2504168081639041,0.9982206668978284,True,0.719247438618932,True,0.9272932768190606,
IL32,Endo,1,0.1596940071154173,0.8057643930557405,-0.3898643328489137,0.9982206668978284,False,0.14306139895772738,False,0.9774165421224245,
IL33,Endo,9,-1.0974640736219883,0.396710372019462,1.474413853686177,,False,-1.0233063861469194,False,0.9272932768190606,
IL34,Endo,14,7.342001737544934e-06,0.8148087206910737,-0.1267619905217425,,False,-9.533563524281432e-05,True,0.9774165421224245,
IL4R,Endo,12,0.24567910030812468,0.5414232825997531,0.4669265212247756,0.9793307543427382,True,0.24392614032189422,True,0.943693947336386,
IL6,Endo,4,-0.30856784312827823,0.41225888092854823,1.3151063860872283,,False,-0.2835333529766326,False,0.9272932768190606,
IL6R,Endo,3,0.37784854422658803,0.3212669683257919,0.4321916915499491,0.9820809407837704,True,0.32822105373894356,True,0.920585849444673,
IL6ST,Endo,5,-0.1137740687709531,0.8148087206910737,-0.0643960479062902,0.9982206668978284,True,-0.11711056582051438,True,0.9774165421224245,
IL7,Endo,2,0.5864828934557361,0.46070795890408045,1.1600673090978952,0.696093451220098,True,0.4438333009556952,True,0.9287202178494102,
IL7R,Endo,2,1.492642234601892,0.0487958076927263,0.4024401345295764,,True,0.7535722603996259,True,0.7831292612268833,
INSL6,Endo,1,-0.6244616941852724,0.2847857729818647,0.4897018442203592,0.9982206668978284,False,-0.34883403232604726,False,0.920585849444673,
ISG15,Endo,5,0.19595667071455572,0.8148087206910737,-1.5732212458995196,0.3821141413938128,False,0.15745179264575043,False,0.9774165421224245,
ISLR,Endo,4,-1.1494567301989642,0.2625417977827179,1.4891398093328334,,False,-0.9977413589123427,False,0.9166324969148498,
ISM1,Endo,1,0.07287802117075161,0.9625668449197862,-1.078264197558947,0.7601034538651998,False,0.07084162018451463,False,0.9958209752541637,
ITFG1,Endo,1,-0.3117616769656742,0.2765939942410531,0.3545462281474132,0.854133590438534,False,-0.3044358885058233,False,0.9166324969148498,
ITIH4,Endo,1,0.30142255856182065,0.9190771592675582,0.1302779392887466,,True,0.2678423056050239,True,0.9958209752541637,
ITIH5,Endo,9,-0.37364271069986416,0.2358700123406006,-0.6138557096444046,0.7686928462891307,True,-0.37292292332745164,True,0.8955353702557743,
ITM2B,Endo,3,-0.14329677390258672,0.7429864253393665,0.072715420901169,0.9982206668978284,False,-0.15744273167090847,False,0.9709215353212385,
IZUMO4,Endo,1,-0.04320487634595748,0.6729740847387906,1.4298297547885743,,False,-0.050152763914086844,False,0.9699490215240731,
JAM3,Endo,1,0.6869921710124502,0.22618233333155913,0.0621626039575028,0.9982206668978284,True,0.5842345772715613,True,0.8955353702557743,
KDR,Endo,2,0.03559554837710971,0.6642318548206392,-1.3610607713674383,0.0194840384537841,False,0.06602360446515738,False,0.9699490215240731,0.7618574544212724
KIAA0319,Endo,18,0.20615649776862505,0.961532239658224,0.3419597649838093,0.9982206668978284,True,0.17304645611623357,True,0.9958209752541637,
KIRREL3,Endo,1,-0.8849773950483449,0.2637555133325282,-0.0712686221378832,0.9982206668978284,True,-0.5678366227041342,True,0.9166324969148498,
KITLG,Endo,1,0.026773385205218964,0.7356524594664196,-1.779164578823372,0.0644287439822281,False,0.011175888411530825,False,0.9709215353212385,0.8173916216293551
KL,Endo,2,-0.4878271986637596,0.31202474076438447,0.0564370388142747,0.9982206668978284,False,-0.4902787493207686,False,0.920585849444673,
KLK6,Endo,1,1.346093219483268,0.9611478551672934,1.3216935207644809,,True,1.1302647562075878,True,0.9958209752541637,
KLKB1,Endo,1,-0.17581775505966224,0.9315474744824107,0.9732587890608498,0.9798253995498232,False,-0.06150983048694997,False,0.9958209752541637,
LAMA1,Endo,25,-0.5004612603042161,0.2358700123406006,-0.7273332206894119,0.9843398818539808,True,-0.541653711543985,True,0.8955353702557743,
LAMA2,Endo,1,0.19807678597559147,0.4411382748148418,-0.4174151259054727,0.9664465551886166,False,0.17397371201133624,False,0.9287202178494102,
LAMA3,Endo,29,0.33834032252325386,0.37038255861785274,-0.3342510849863039,0.9972271910282328,False,0.3141578985552024,False,0.920585849444673,
LAMA4,Endo,2,1.2388986152574966,0.005512134923899629,-1.0804878720275344,0.049719611057247,False,1.1393478769874337,False,0.5708504730563553,0.10995753923907
LAMA5,Endo,1,0.08704541043617944,1.0,0.020762006578521,0.9982206668978284,True,0.062022948027234674,True,1.0,
LAMB1,Endo,1,-1.1842155949316127,0.29513402160108826,-0.3232714469485846,0.9982206668978284,True,-1.0035826617819699,True,0.920585849444673,
LAMB2,Endo,1,0.05803995802466029,1.0,-0.1255161070250757,0.9982206668978284,False,0.061216068086333744,False,1.0,
LAMC1,Endo,1,-0.5654122065585508,0.36034989260651284,-0.5037199148156453,0.9122310664096188,True,-0.5564744649391417,True,0.920585849444673,
LAMC3,Endo,1,0.6874906121729139,0.4693953495564216,-0.250721152843341,0.9982206668978284,False,0.5412816309500909,False,0.9287202178494102,
LCAT,Endo,3,-1.4194995031478261,0.007755019608811026,-0.6049979457312037,,True,-1.3249906360941752,True,0.6428156623157458,
LCN6,Endo,2,-0.11884201044253041,0.8788758980604734,0.5286134605269628,,False,-0.08812778265066326,False,0.9833068577852265,
LEPR,Endo,20,-0.18898282105681927,0.3212669683257919,0.3152384159715676,0.9921788962684654,False,-0.19690100933898244,False,0.920585849444673,
LGALS1,Endo,1,-0.1736433446139431,0.6058412176059235,0.0141105364422157,0.9982206668978284,False,-0.17584302607123822,False,0.9536531642555559,
LGALS3,Endo,1,0.7329292268222956,0.22328856806993114,0.2138633200924141,0.9982206668978284,True,0.6842930362828911,True,0.8955353702557743,
LGALS3BP,Endo,1,-0.2814630025840956,0.4677462025249005,-0.2833173135963903,0.9982206668978284,True,-0.2549249807623263,True,0.9287202178494102,
LGALS9,Endo,3,0.3748189636589744,0.5920655298478774,0.0168733558484739,0.9982206668978284,True,0.37780466169538496,True,0.9536531642555559,
LGI1,Endo,2,-0.533340424279181,0.4076000389052804,0.7291941030282646,0.977698230152696,False,-0.4887020058268489,False,0.9272932768190606,
LGI2,Endo,2,-0.2867864254710914,0.5834245156431206,2.218680214896038,,False,-0.2273833494164957,False,0.9536531642555559,
LGI4,Endo,1,1.3143364435060607,0.19283648217959148,1.3200047321008286,0.696093451220098,True,1.1509361802149936,True,0.8955353702557743,
LIFR,Endo,11,-0.027758760756804227,0.9625668449197862,0.2834950750500402,0.9982206668978284,False,-0.05584314464431025,False,0.9958209752541637,
LNPEP,Endo,2,0.24330690002108785,0.16717400246812014,0.0161818231768345,0.9982206668978284,True,0.2124823814787976,True,0.8729222334758668,
LOXL1,Endo,3,0.24912472586272405,0.9625668449197862,0.6525416792024715,,True,0.1896611553594648,True,0.9958209752541637,
LOXL2,Endo,1,-0.1709199535752094,0.846457565134568,0.8097963075683979,0.9448554224173982,False,-0.15100682909265306,False,0.9833068577852265,
LOXL3,Endo,1,0.42019351538825195,0.2358700123406006,-0.078826835760872,0.9982206668978284,False,0.3752694435811814,False,0.8955353702557743,
LPL,Endo,1,0.5805756597933774,0.3063186121268159,0.3704862186243587,0.9622590648175704,True,0.468277969239956,True,0.920585849444673,
LRP8,Endo,1,0.02200399136276604,0.7429864253393665,-0.4799094574056407,0.9664465551886166,False,0.02439640441557102,False,0.9709215353212385,
LRRC17,Endo,2,-1.0282539679477563,0.3598149521410162,-0.6577570220374214,0.9965449463526324,True,-0.6861474604772885,True,0.920585849444673,
LTBP1,Endo,27,0.34229440615659656,0.4234471410941999,0.1035982993214232,0.9982206668978284,True,0.3135122819922461,True,0.9272932768190606,
LTBP3,Endo,4,-0.06503343696493183,0.8148087206910737,0.2536282537596948,0.9982206668978284,False,-0.09018617393131266,False,0.9774165421224245,
LTBP4,Endo,7,-0.17757087141748526,1.0,1.4075662395385702,,False,-0.20726537302594805,False,1.0,
LTF,Endo,2,0.09243212792101506,0.7783410043643859,0.341679805806839,,True,0.041157463005360724,True,0.9774165421224245,
LUM,Endo,1,1.377999838635088,0.08095246275017269,-0.4532903233325842,0.9965449463526324,False,0.6683389228760304,False,0.8215799928288131,
LUZP2,Endo,27,-0.35225602745336354,0.5634637328658632,-0.6984076193240497,0.9797295380839568,True,-0.3483195623087247,True,0.9536531642555559,
LY6G5C,Endo,1,-0.5902896208702094,0.5957378004691146,0.3312343107618831,,False,-0.6149668251544671,False,0.9536531642555559,
LY6K,Endo,1,-1.0933731930758412,0.04916581431080292,-0.8590230281285294,,True,-0.8879987977879907,True,0.7831292612268833,
LY86,Endo,2,0.8959680255128601,0.34352762898365263,1.0747007298733045,,True,0.7000051969780094,True,0.920585849444673,
LY96,Endo,1,-0.5984737599234714,0.5265562840106552,0.7690384779906431,0.9085131376596548,False,-0.5055149632731115,False,0.943693947336386,
LYPD6,Endo,3,0.26503197797717626,0.7726944980890869,-0.4114882290979901,,False,0.21872817322437155,False,0.9774165421224245,
MAMDC2,Endo,1,0.6725571635583052,0.49113619375457174,1.2266197496981412,0.9085131376596548,True,0.49903211579905915,True,0.943693947336386,
MAN2B1,Endo,2,0.5483999594204422,0.31202474076438447,1.433408942983939,,True,0.4953439492738963,True,0.920585849444673,
MAN2B2,Endo,1,0.35477552235593074,0.7429864253393665,0.1447101898013285,0.9982206668978284,True,0.28861481276574064,True,0.9709215353212385,
MANF,Endo,1,0.0924509732549905,0.8883587001234061,0.8875648645014461,0.8402510423789395,True,0.08257986578413405,True,0.9833068577852265,
MAPT,Endo,19,0.3791030153561401,0.09271904566022213,0.2196759655478007,0.9982206668978284,True,0.3160097274092197,True,0.8215799928288131,
MASP1,Endo,2,0.9307651369438499,0.4076000389052804,2.150827544950309,0.7576241344627852,True,0.7412147662820386,True,0.9272932768190606,
MATN2,Endo,6,-0.6365140262202627,0.33562751985334394,0.1423542326931539,0.9982206668978284,False,-0.5995154178704694,False,0.920585849444673,
MATN3,Endo,3,-1.0907988365712042,0.4105244045278962,0.4606166503120126,0.9921788962684654,False,-0.9499841363362077,False,0.9272932768190606,
MBTPS1,Endo,1,-0.029618353374361066,0.9232949701148666,0.0122513539757716,0.9982206668978284,False,-0.02838354214226238,False,0.9958209752541637,
MDFIC,Endo,1,-0.33271213863469395,0.2279054087276714,0.9015242320478458,0.696093451220098,False,-0.3115403370631337,False,0.8955353702557743,
MDK,Endo,1,-0.17467925880766352,0.6729740847387906,-0.635146478821266,0.9474539751380004,True,-0.22448145389118068,True,0.9699490215240731,
MEGF6,Endo,25,-0.4227192701605118,0.2765939942410531,-0.71720636933305,0.939173630558492,True,-0.42077269693606395,True,0.9166324969148498,
MET,Endo,9,0.7144319589170363,0.26729636316647976,1.237676518984807,,True,0.5741482592723329,True,0.9166324969148498,
METRN,Endo,2,-0.17007422195755098,0.4807075277663513,0.8192070626759823,0.8841940440262835,False,-0.18203878029443243,False,0.9287202178494102,
METRNL,Endo,1,0.12495450239487653,0.6058412176059235,-0.5339779186184612,,False,0.08730127389212586,False,0.9536531642555559,
METTL24,Endo,1,2.256271376086542,0.0409538377052024,1.7806483421376444,,True,1.8403350528497295,True,0.7818904126780498,
MFGE8,Endo,2,-0.2634822243760649,0.4411382748148418,-0.1308604332431333,0.9982206668978284,True,-0.22712737001083885,True,0.9287202178494102,
MGAT4A,Endo,11,0.6238222800427978,0.02064993829699712,-0.1171118805551806,0.9982206668978284,False,0.6080060202828534,False,0.7228932624955823,
MGAT5,Endo,36,0.03528046394446424,0.4807075277663513,-0.232473737381802,0.9798253995498232,False,0.01813635110394442,False,0.9287202178494102,
MGP,Endo,4,0.27520615020843026,0.3576818432098805,1.174319269304987,0.8536475763485317,True,0.2370745533601839,True,0.920585849444673,
MIF,Endo,1,0.06284151301328937,0.6642318548206392,-0.2528442299398835,0.9982206668978284,False,-0.0009868637553199077,True,0.9699490215240731,
MINPP1,Endo,2,0.25599165290061743,0.529132463522389,0.0509878183276909,0.9982206668978284,True,0.25176257893335385,True,0.943693947336386,
MMP16,Endo,1,0.2246135554681453,0.24792309006121738,-1.3024008933587596,0.3407671925949733,False,0.18397419932004433,False,0.9166324969148498,
MMP17,Endo,5,0.614565433555072,0.13879062114356233,-0.855559307723867,,False,0.5452965054955862,False,0.8624102221308104,
MMP2,Endo,13,-0.5501824144042903,0.5964154160514543,0.212633705010452,,False,-0.5811174293932385,False,0.9536531642555559,
MMP21,Endo,2,0.1371355361358247,0.4093954862099187,-0.042055405146414,,False,0.04510184518378245,False,0.9272932768190606,
MMP24,Endo,1,0.750597791581397,0.4076000389052804,-0.1260522310825756,0.9982206668978284,False,0.5753170904782918,False,0.9272932768190606,
MMP25,Endo,2,-0.7990979463911011,0.07433554192249581,-0.0350913539899526,,True,-0.6802167134883299,True,0.7918780015463845,
MMP28,Endo,2,-1.2478968011221072,0.017687624133006938,-1.667261039633398,0.0758939693615313,True,-1.100616831285451,True,0.7228932624955823,0.10995753923907
MMRN2,Endo,2,0.3043312838183727,0.6729740847387906,-0.095306609158712,0.9982206668978284,False,0.26187277617378146,False,0.9699490215240731,
MR1,Endo,1,-0.22619607715169238,0.5306582861239475,0.8708784747471892,,False,-0.2011032670772551,False,0.943693947336386,
MTRNR2L1,Endo,2,0.16179713156884457,0.9625668449197862,0.1640944184073332,0.9982206668978284,True,0.1425065547859171,True,0.9958209752541637,
MTRNR2L8,Endo,1,0.059991524719625176,0.8578621156535984,-0.7366333936372041,0.8784630281834493,False,0.04130273180793894,False,0.9833068577852265,
MUC20,Endo,3,1.744465682405759,0.0409538377052024,0.7976050578447463,,True,1.256472376042235,True,0.7818904126780498,
MUSTN1,Endo,2,-0.1592352326223099,0.9594863865656789,-0.8747963053605817,0.77741700226153,True,-0.10924121424617719,True,0.9958209752541637,
MXRA5,Endo,2,0.6543164177379583,0.5169224545517794,-0.7717058421892443,,False,0.5246083847169121,False,0.943693947336386,
MYDGF,Endo,2,0.05743286275139441,0.7001364778066808,0.4779187711562433,0.9764412202655528,True,0.05783668329572225,True,0.9709215353212385,
NAMPT,Endo,1,0.0710132558687656,0.5314156984513272,0.5624517248649653,0.9354881847397016,True,0.041287138117736245,True,0.943693947336386,
NAXE,Endo,2,0.2950407231139397,0.4693953495564216,0.4360726306960866,0.9982206668978284,True,0.2576286380427741,True,0.9287202178494102,
NBL1,Endo,14,-0.24621032370389612,0.5003186734539344,-0.175888840929881,0.9982206668978284,True,-0.24349338367646317,True,0.943693947336386,
NCAM1,Endo,1,-0.21006737824989916,0.7001364778066808,0.5811787391229033,0.973587792225092,False,-0.24127588144276,False,0.9709215353212385,
NCAN,Endo,3,0.7677567888998446,0.30609548287440314,-0.0591096423824432,0.9982206668978284,False,0.6138691463844413,False,0.920585849444673,
NDFIP1,Endo,2,0.00391691267376836,0.6642318548206392,-0.0258273111488316,0.9982206668978284,False,0.011233357215280133,False,0.9699490215240731,
NECTIN1,Endo,2,0.27494314722171576,0.8148087206910737,-1.1665102374620313,0.8930057710905791,False,0.24780238250463024,False,0.9774165421224245,
NELL1,Endo,2,-0.6935220267785972,0.5666119528771321,-1.1789958903350433,0.9307180598069142,True,-0.519385950368824,True,0.9536531642555559,
NELL2,Endo,3,-1.0729664548224183,0.2227853860505118,-0.7218889222142574,0.9664465551886166,True,-0.8439332559670459,True,0.8955353702557743,
NENF,Endo,1,0.05514665499033282,1.0,0.1293191457956463,0.9982206668978284,True,0.03380035228782111,True,1.0,
NETO1,Endo,2,0.5694114171014965,0.49113619375457174,-0.2724385006254701,0.9982206668978284,False,0.4529253438305242,False,0.943693947336386,
NGF,Endo,1,0.00932017015289903,0.34352762898365263,0.8810943537000514,,True,-0.017988612975060828,False,0.920585849444673,
NGRN,Endo,1,0.4679830624188661,0.3111325340766097,0.2504363444576332,0.9982206668978284,True,0.44028830253575063,True,0.920585849444673,
NHLRC3,Endo,1,0.3508603637775411,0.2765939942410531,-0.2625485118139877,0.9982206668978284,False,0.31893700947263115,False,0.9166324969148498,
NID1,Endo,2,0.33240747590155933,0.6058412176059235,-0.0709541779850959,0.9982206668978284,False,0.30146952505779634,False,0.9536531642555559,
NID2,Endo,1,-0.05325833957166458,0.8148087206910737,-0.4599307813366389,0.9982206668978284,True,-0.05128472110318404,True,0.9774165421224245,
NINJ1,Endo,3,-0.12858138872303082,0.8148087206910737,0.8279829089898808,0.9193065370476358,False,-0.16023100490036293,False,0.9774165421224245,
NLRP3,Endo,2,-0.9419090351074514,0.273954360737795,-0.3433788284508927,,True,-0.6103612248805255,True,0.9166324969148498,
NMB,Endo,1,1.2562440353640962,0.20815253423096258,0.2236362636579794,,True,1.1565546832072933,True,0.8955353702557743,
NMI,Endo,1,0.4003070097732081,0.6642318548206392,0.4016624783659995,0.9982206668978284,True,0.35876526285453825,True,0.9699490215240731,
NODAL,Endo,1,-1.6500997140660874,0.13084862834307717,-1.5355084298973427,,True,-1.136701711531277,True,0.8624102221308104,
NOTCH2NLA,Endo,1,1.0357449323702388,0.12062212176090949,-0.462070012701178,,False,0.4856713816486531,False,0.8624102221308104,
NOTCH2NLC,Endo,1,0.48343172830142556,0.3605244485308302,0.5498228557669832,0.9982206668978284,True,0.30736995970721526,True,0.920585849444673,
NPC2,Endo,1,-0.044818493560817935,0.9625668449197862,0.7258207539926832,0.9193065370476358,False,-0.054675410439844314,False,0.9958209752541637,
NPFF,Endo,1,-0.26326978847366905,0.5920655298478774,-0.3749592686792548,,True,-0.21353535748392702,True,0.9536531642555559,
NPNT,Endo,1,0.7359968260945553,0.22328856806993114,-0.4864499592686693,0.9982206668978284,False,0.6141987310446118,False,0.8955353702557743,
NPTX1,Endo,3,-0.5061202073297152,0.7356524594664196,-0.7901245533720871,0.9820809407837704,True,-0.5057024750205276,True,0.9709215353212385,
NPTX2,Endo,1,-1.6131934642220302,0.18658433664999519,1.0527396013255914,,False,-1.2813611402900247,False,0.8955353702557743,
NPY,Endo,3,0.9568119770022812,0.4190984970273508,0.3143295116988671,,True,0.6618248963156899,True,0.9272932768190606,
NRCAM,Endo,51,0.011175903084138624,0.8883587001234061,0.1735816422474305,0.9982206668978284,True,-0.04915153419886122,False,0.9833068577852265,
NRG1,Endo,89,-0.6045702911260089,0.7429864253393665,-0.706125030959372,0.9797295380839568,True,-0.6774320656838126,True,0.9709215353212385,
NRG2,Endo,33,-0.06998384957954575,0.8883587001234061,0.7497503299652706,0.9193065370476358,False,-0.10189660784716474,False,0.9833068577852265,
NRG3,Endo,169,-0.49166662418648194,0.3212669683257919,0.2511388863539822,0.9982206668978284,False,-0.5539088197091186,False,0.920585849444673,
NRP1,Endo,1,0.37154190733130343,0.37038255861785274,-0.1037589504881777,0.9982206668978284,False,0.35702546768014437,False,0.920585849444673,
NRP2,Endo,2,-0.09720356230890329,0.8148087206910737,-0.5677025036962174,0.696093451220098,True,-0.10879188160021949,True,0.9774165421224245,
NSUN2,Endo,1,0.2375288601626611,0.6058412176059235,-0.3393057438292863,0.9822071784358802,False,0.17534250348831945,False,0.9536531642555559,
NTN1,Endo,2,0.03223307926104747,0.33294382431223024,-1.163647213662968,0.7843178214242909,False,0.01936749240632042,False,0.920585849444673,
NTN4,Endo,1,-0.34627386122133974,0.7306572218997294,0.0772875281985783,0.9982206668978284,False,-0.3169680656884491,False,0.9709215353212385,
NUCB1,Endo,1,-0.22592048057236766,0.8883587001234061,0.1193787112451457,0.9982206668978284,False,-0.2586165141425383,False,0.9833068577852265,
NUCB2,Endo,1,-0.2337522292427696,0.5003186734539344,0.1364238172382591,0.9982206668978284,False,-0.2480966881843752,False,0.943693947336386,
NXPE3,Endo,4,-0.4282158209199931,0.16717400246812014,-0.0195802235327964,0.9982206668978284,True,-0.44831754263190493,True,0.8729222334758668,
NXPH1,Endo,48,-0.029613329643401087,1.0,-1.36932622384586,0.9448554224173982,True,-0.11080922639316257,True,1.0,
NXPH4,Endo,1,-0.14722167498204866,0.8294063560887294,0.6430434807611934,,False,-0.08469136433021653,False,0.9833068577852265,
OAF,Endo,1,0.3682501144937811,0.5306582861239475,0.5993779632635857,0.9193065370476358,True,0.2920387438189561,True,0.943693947336386,
OAS1,Endo,1,0.13458880873673895,1.0,-1.2764379260636385,0.5532853643709599,False,0.10058890748189464,False,1.0,
OGN,Endo,1,-0.46558836490547284,0.25153353998918504,2.1055704077789565,0.7073528412403485,False,-0.3370006509375154,False,0.9166324969148498,
OLFM1,Endo,4,-0.19163304163613956,0.8849535490124489,0.0541464105113132,0.9982206668978284,False,-0.21884164803571104,False,0.9833068577852265,
OLFM2,Endo,19,0.14616985221285034,0.8883587001234061,-0.1146038896127275,0.9982206668978284,False,0.08831866470125757,False,0.9833068577852265,
OLFM3,Endo,25,0.5039333412791741,0.5957378004691146,0.0306821261829583,,True,0.4095858796700694,True,0.9536531642555559,
OLFML1,Endo,3,1.0237279618070707,0.14071178873148596,-0.0866608577512715,,False,0.7731001475418803,False,0.8721674585838113,
OLFML2A,Endo,9,-0.08620789384434095,0.7356524594664196,-0.3486354580423869,0.9982206668978284,True,-0.08313009157237113,True,0.9709215353212385,
OLFML2B,Endo,14,0.5050006092509138,0.6302178099392757,0.6075853108148994,,True,0.4336211137123687,True,0.9699490215240731,
OLFML3,Endo,2,0.39719281199165013,0.7347073111000473,0.5717035478439089,0.9965449463526324,True,0.37850489656797076,True,0.9709215353212385,
OVCH1,Endo,1,0.301116150128222,0.4093954862099187,0.2495825174551413,,True,0.10481658317303395,True,0.9272932768190606,
P3H1,Endo,1,-0.02013802493194548,0.8472972132889702,-0.0566323094233305,0.9982206668978284,True,-0.019313994848113317,True,0.9833068577852265,
P4HB,Endo,1,0.6425014153141183,0.02739613327848622,0.2022987140151432,0.9982206668978284,True,0.6092337872532498,True,0.7401422746051902,
PAM,Endo,2,0.44754941894744743,0.3111325340766097,-0.5126074917895785,0.6044557702902992,False,0.39937231031901305,False,0.920585849444673,
PAMR1,Endo,12,0.7374310767898907,0.14641764758752174,0.2232527515089724,0.9982206668978284,True,0.6387173896727326,True,0.8729222334758668,
PAPPA,Endo,2,-0.4180572113626723,0.8658839618554337,-1.530079891836887,,True,-0.4311333304982991,True,0.9833068577852265,
PCDH12,Endo,2,-1.1339519497838155,0.02997734194924391,-0.8005859554963037,,True,-1.0975390031107986,True,0.7703396502078044,
PCDH15,Endo,3,-0.9852617831192352,0.6935261823547549,-1.7422729712469345,0.6229059340624769,True,-0.6681028495135382,True,0.9709215353212385,
PCDHA10,Endo,1,-0.7701209910798561,0.8578621156535984,0.3062951607336195,,False,-0.6414673374519243,False,0.9833068577852265,
PCOLCE,Endo,1,0.4916637062314091,0.3546794581452437,0.4703872918813699,,True,0.4511331412766783,True,0.920585849444673,
PCOLCE2,Endo,1,-0.6296308739105346,0.7221499846980591,-0.8148768705599977,,True,-0.4738289100310713,True,0.9709215353212385,
PCSK1,Endo,2,-0.5899130532594264,0.35009930601869954,-0.4762683046835415,,True,-0.47500878001787095,True,0.920585849444673,
PCSK1N,Endo,2,-1.2535543466059453,0.060172085948025186,0.7621705032717636,0.9664465551886166,False,-0.9026723751871131,False,0.7845124811137295,
PCSK2,Endo,2,0.8349830105913794,0.38354604259434133,-1.0501168722903538,0.9241177874347504,False,0.7221645729620607,False,0.9272932768190606,
PCSK5,Endo,1,0.542663214908074,0.07445495680789799,0.6102611332743212,0.9400670099180182,True,0.4839695635620079,True,0.7918780015463845,
PCSK6,Endo,45,-0.6012072150641653,0.16717400246812014,0.105739787650379,0.9982206668978284,False,-0.631063585634405,False,0.8729222334758668,
PCYOX1L,Endo,2,0.11546071194593095,0.7429864253393665,0.6331652839975621,,True,0.08709165284188526,True,0.9709215353212385,
PDCD1LG2,Endo,4,0.9245363465970963,0.3598149521410162,0.9762614121608922,,True,0.5998838424183343,True,0.920585849444673,
PDCD6IP,Endo,1,1.2176710146578424,0.011106540518305223,-0.0025674669511599,0.9982206668978284,False,1.1279307131533045,False,0.6572692013868484,
PDGFA,Endo,2,0.531816204218211,0.07445495680789799,-0.045944402721842,0.9982206668978284,False,0.4571717630747491,False,0.7918780015463845,
PDGFB,Endo,4,-0.12045492964034979,0.7726944980890869,-0.6648601572688512,0.9193065370476358,True,-0.11127223779543302,True,0.9774165421224245,
PDGFC,Endo,2,0.08859366861343046,0.9625668449197862,0.7335364502155381,0.8138976489412638,True,0.06647292639189871,True,0.9958209752541637,
PDGFD,Endo,1,0.797668102196152,0.25153353998918504,1.82169301747366,0.7897417476611661,True,0.645435749280061,True,0.9166324969148498,
PDGFRL,Endo,2,0.23748860703101862,0.7347073111000473,0.5777301923557061,,True,0.20114958186687595,True,0.9709215353212385,
PDZD11,Endo,1,0.11254264996998328,0.9602390636458037,-0.0759110502125568,,False,0.10357708316591996,False,0.9958209752541637,
PDZD2,Endo,1,-0.26669952155943183,0.5003186734539344,0.0498686987731795,0.9982206668978284,False,-0.265199864058154,False,0.943693947336386,
PEBP4,Endo,1,0.3250833416970905,0.8758076577923165,-0.3147324482369716,0.9982206668978284,False,0.21358397488396938,False,0.9833068577852265,
PGF,Endo,3,-0.44893307173893704,0.7714640394859116,0.3957057882459315,0.9965449463526324,False,-0.39388217427791183,False,0.9774165421224245,
PGRMC1,Endo,1,0.03843595563067808,0.9232949701148666,0.0686355092976798,0.9982206668978284,True,0.03522848969305996,True,0.9958209752541637,
PGRMC2,Endo,2,-0.2528878565112286,0.1995886466474702,0.0325738983443662,0.9982206668978284,False,-0.295806308690212,False,0.8955353702557743,
PI16,Endo,5,-0.12571476748322394,0.7726944980890869,0.7006172424052214,,False,-0.11841516120283797,False,0.9774165421224245,
PIBF1,Endo,1,0.29275876415440266,0.5634637328658632,0.1023671029156278,0.9982206668978284,True,0.23606288743955142,True,0.9536531642555559,
PILRA,Endo,2,1.3238479478980938,0.08100653627649665,1.5914085493289376,,True,0.9645628084180149,True,0.8215799928288131,
PKD1,Endo,2,0.2315410900645605,0.8472972132889702,-0.7344002626146547,0.8419612466882677,False,0.19964394449102024,False,0.9833068577852265,
PKD2,Endo,8,-0.26295476981995713,0.8851640153055096,0.0639115180694411,0.9982206668978284,False,-0.2802529655482852,False,0.9833068577852265,
PKDCC,Endo,2,0.4544847997293929,0.03595228301110654,-0.3569820591932132,,False,0.40659391924136146,False,0.7703396502078044,
PLA1A,Endo,2,-0.6538648910178692,0.5265562840106552,1.8233192168858088,0.460889953069042,False,-0.5569684665609191,False,0.943693947336386,
PLA2G12A,Endo,1,1.2147631048264649,0.02064993829699712,0.5672125280012273,0.9622590648175704,True,1.1466996725073908,True,0.7228932624955823,
PLA2G15,Endo,3,0.5292237801644238,0.07445495680789799,-0.3526694291341857,,False,0.48781709161729736,False,0.7918780015463845,
PLA2R1,Endo,3,-0.025367820288682355,0.8838111823741173,0.2000345768717663,0.9982206668978284,False,-0.03847347774032356,False,0.9833068577852265,
PLAC9,Endo,3,0.7540255832273582,0.733109295760819,0.7178464255910098,0.9536280109259396,True,0.5825979914681729,True,0.9709215353212385,
PLAT,Endo,3,0.19702644189466806,0.5306582861239475,-1.812252354302444,0.0015170246282148,False,0.17923055783819516,False,0.943693947336386,0.692162981900801
PLAU,Endo,1,0.8279159643382955,0.15774899911712847,0.7721776327737259,,True,0.6635623208377354,True,0.8729222334758668,
PLAUR,Endo,2,0.148380800424929,0.7429864253393665,-0.8667002048662373,0.9474539751380004,False,0.1392436899160526,False,0.9709215353212385,
PLOD3,Endo,1,0.0003717615708905383,0.9625668449197862,0.4520798300394518,0.9843398818539808,True,-0.04315830813201379,False,0.9958209752541637,
PLTP,Endo,1,0.5361073379530045,0.4807075277663513,1.176228258800407,0.501572521754141,True,0.48533069951231833,True,0.9287202178494102,
PLXDC1,Endo,2,0.16881981395011367,0.8883587001234061,0.1699832609356911,0.9982206668978284,True,0.17853577695089953,True,0.9833068577852265,
PLXNB1,Endo,4,0.44277752488531225,0.1995886466474702,1.6184974322511412,0.4753902478672392,True,0.43325101833362495,True,0.8955353702557743,
PODN,Endo,1,0.7252094666502089,0.2655231334861341,0.8555755823788359,0.7960434780373615,True,0.6110964193825704,True,0.9166324969148498,
POMC,Endo,1,0.0677565726874307,0.9142086814255455,-0.8396484316118334,,False,0.04672931999803968,False,0.9958209752541637,
PON2,Endo,1,-0.2918875296301116,0.2358700123406006,-0.1306852007591032,0.9982206668978284,True,-0.2998445210744121,True,0.8955353702557743,
PON3,Endo,1,-0.83073267807528,0.446076808123839,0.1867948495202456,0.9982206668978284,False,-0.6191751550148877,False,0.9287202178494102,
PPIA,Endo,1,-0.08223299405814197,0.8883587001234061,-0.099871330793948,0.9982206668978284,True,-0.140232092558636,True,0.9833068577852265,
PPIB,Endo,1,0.3459659423044805,0.4693953495564216,0.6998401916098774,0.7584067766873044,True,0.33264820722244476,True,0.9287202178494102,
PPT1,Endo,6,0.07955653621918517,0.6058412176059235,-0.1079050976830126,0.9982206668978284,False,0.022202365092746354,False,0.9536531642555559,
PRADC1,Endo,1,0.04952721320768587,0.8883587001234061,0.1635143306626035,0.9982206668978284,True,0.04563874700088162,True,0.9833068577852265,
PRELP,Endo,3,-0.19263865093231766,0.4693953495564216,0.2964464467204293,0.995454549732458,False,-0.22815036474315917,False,0.9287202178494102,
PRLR,Endo,28,-0.6296792161779237,0.06734013422825534,1.5362234328492428,,False,-0.590207697629197,False,0.7918780015463845,
PROS1,Endo,2,-0.025746685887006893,0.7429864253393665,0.3232384112415419,0.9982206668978284,False,-0.03309001942637058,False,0.9709215353212385,
PRSS12,Endo,1,0.06284373712011919,0.9228692341917589,-1.7199920420590125,0.5254481021033247,False,0.06943518081021828,False,0.9958209752541637,
PRSS23,Endo,1,-0.5874967388393447,0.3111325340766097,0.0755235948456249,0.9982206668978284,False,-0.5541568000316067,False,0.920585849444673,
PRSS3,Endo,12,-1.4607706230238284,0.03808601063312688,-2.5640517021464504,0.000154866141069,True,-1.3422701209566474,True,0.7818904126780498,0.16322575985625806
PRSS48,Endo,1,0.7754444305238348,0.5169224545517794,-0.0178266685440095,,False,0.6000145575697701,False,0.943693947336386,
PRSS53,Endo,1,-1.7775424173332244,0.30609548287440314,0.6492438199218413,,False,-1.3063767249994849,False,0.920585849444673,
PRXL2A,Endo,6,-0.2135556085486206,0.4807075277663513,0.3414293593243052,0.9822071784358802,False,-0.21540003550342443,False,0.9287202178494102,
PSAP,Endo,2,0.23691986737421938,0.7429864253393665,0.1992918499083296,0.9982206668978284,True,0.20961088291649166,True,0.9709215353212385,
PTEN,Endo,1,0.26209488786646684,0.8097797706434724,0.1421803703203399,0.9982206668978284,True,0.2540737996833512,True,0.9774165421224245,
PTGDS,Endo,2,-0.4073822013325501,0.1995886466474702,0.0301910162582666,0.9982206668978284,False,-0.40475248022817406,False,0.8955353702557743,
PTK7,Endo,1,0.628189771674756,0.8087411603198786,1.3884472221764583,,True,0.4849030830609316,True,0.9774165421224245,
PTN,Endo,1,-0.19495382381249793,0.7306572218997294,-0.5792482508307836,0.6399146565933941,True,-0.1743004278194461,True,0.9709215353212385,
PTPRJ,Endo,1,-0.4606201178097906,0.059234882764294526,0.4447743266945475,0.9798253995498232,False,-0.45139689315218345,False,0.7831292612268833,
PTPRR,Endo,20,1.3746023577838191,0.05745742081588386,-0.3390766435523095,,False,1.208662823607998,False,0.7831292612268833,
PTPRZ1,Endo,1,0.34876890575476965,0.5834245156431206,-0.6060979574968374,0.9808233985726134,False,0.2355895958083713,False,0.9536531642555559,
PVR,Endo,1,0.25632862414183755,0.6642318548206392,-1.1471411145470969,0.7586461796165564,False,0.22916089298588152,False,0.9699490215240731,
PXDN,Endo,1,0.17995112089826637,0.3576818432098805,-0.0009119941025086,0.9999991370356862,False,0.17904849238166948,False,0.920585849444673,
PXDNL,Endo,2,0.8091309786076435,0.30609548287440314,0.7248548679251845,0.9664465551886166,True,0.4841640939942814,True,0.920585849444673,
QPCT,Endo,2,-0.059399700142382376,0.41225888092854823,-0.1620428423018202,0.9982206668978284,True,-0.07864750022824336,True,0.9272932768190606,
QSOX1,Endo,2,0.14518291328960223,0.7429864253393665,0.0171762041972172,0.9982206668978284,True,0.10414373550580668,True,0.9709215353212385,
QSOX2,Endo,2,-0.1330245850752268,0.7001364778066808,-1.4689007680054131,0.5401116773713673,True,-0.10834051718707127,True,0.9709215353212385,
RARRES1,Endo,2,0.3629365789564935,0.7679383913016558,0.4895614197451419,,True,0.31423303767987987,True,0.9774165421224245,
RARRES2,Endo,1,-0.20478648485962328,0.733109295760819,0.0579379173871897,0.9982206668978284,False,-0.18899820022022043,False,0.9709215353212385,
RELN,Endo,1,1.2658847746383928,0.0650982637994463,0.1689687213039266,,True,0.9062091039026818,True,0.7918780015463845,
RGMA,Endo,5,0.7974963333424524,0.10166619837213224,0.9192147106088424,0.9720172982698512,True,0.70748797844273,True,0.8256851192025261,
RNASE1,Endo,3,-0.2954067334517773,0.2358700123406006,-0.4818654035965387,0.972510582202908,True,-0.29654020923026136,True,0.8955353702557743,
RNASE4,Endo,2,-0.01726931341911746,0.7429864253393665,1.462040931292259,0.6973830629832898,False,-0.014055468098200746,False,0.9709215353212385,
RNASET2,Endo,1,-0.03749253424445221,0.6729740847387906,0.2849457508595592,0.9982206668978284,False,-0.08419685142060893,False,0.9699490215240731,
RNF43,Endo,3,-0.23103434321705335,1.0,-1.107049188235094,,True,-0.1609192913319082,True,1.0,
RNLS,Endo,1,0.16458865048393617,0.7347073111000473,0.0959784806908595,0.9982206668978284,True,0.13039832512986083,True,0.9709215353212385,
RNPEP,Endo,1,-0.2667497651823953,0.4807075277663513,0.5402834846670418,0.9679949449169856,False,-0.2808440589215178,False,0.9287202178494102,
RSPO3,Endo,1,-0.8737723418172735,0.9602390636458037,0.1275021804885378,,False,-0.8324539654525687,False,0.9958209752541637,
RSPO4,Endo,2,-1.6010012989983924,0.4032772370285935,0.057412814005351,,False,-0.8750840339774814,False,0.9272932768190606,
RSPRY1,Endo,1,-0.45962931083510034,0.2358700123406006,0.0009979700746397,0.9994994437312388,False,-0.4652962762018325,False,0.8955353702557743,
S100A13,Endo,2,0.2071129035341279,0.6729740847387906,-0.2271191388534161,0.9982206668978284,False,0.19951735801539747,False,0.9699490215240731,
S100B,Endo,2,-0.40856377289188517,0.3546794581452437,0.9966805669669504,0.8421225114916382,False,-0.3498613082764818,False,0.920585849444673,
SAMD1,Endo,1,0.12916836675494234,0.8148087206910737,1.0196350717382552,0.6890291006975223,True,0.10514548461718501,True,0.9774165421224245,
SCG2,Endo,2,-0.7620087593589852,0.14824620757311857,-0.0437866426950137,0.9982206668978284,True,-0.6184377423074767,True,0.8729222334758668,
SCG3,Endo,1,-1.2511140208904679,0.46070795890408045,-0.1878679980467901,0.9982206668978284,True,-1.0436674130355652,True,0.9287202178494102,
SCG5,Endo,2,0.5308776049809281,0.40313288380367274,0.1853863804550534,0.9982206668978284,True,0.40797964492039157,True,0.9272932768190606,
SCGB2B2,Endo,13,0.27788368689022896,0.4234471410941999,0.3379179313341254,0.9982206668978284,True,0.23792161278700916,True,0.9272932768190606,
SCN1B,Endo,2,0.7443398471106186,0.12342757029624754,0.1021600644779738,,True,0.6158655856960004,True,0.8624102221308104,
SCPEP1,Endo,1,0.10457897111483275,0.7356524594664196,0.2340424389064204,0.9982206668978284,True,0.09329228317122046,True,0.9709215353212385,
SCRG1,Endo,1,0.743493681549955,0.2188958919717623,-0.5157049426239472,0.9982206668978284,False,0.6169260869986013,False,0.8955353702557743,
SCUBE2,Endo,1,-0.6019228693028911,0.5666119528771321,0.3877989630175947,0.9982206668978284,False,-0.4156923755339349,False,0.9536531642555559,
SDC4,Endo,1,0.12997621568923223,0.7271079974369083,1.9199614231070128,0.5254481021033247,True,0.035469266080626796,True,0.9709215353212385,
SDCBP,Endo,2,0.5024541892224976,0.011106540518305223,-0.3390169809018957,0.9664465551886166,False,0.439835061913063,False,0.6572692013868484,
SDF2,Endo,1,-0.5329677254031854,0.11213107560602797,-0.1154643807171125,0.9982206668978284,True,-0.5277085874685121,True,0.8256851192025261,
SELENOP,Endo,5,0.530538798094986,0.13879062114356233,-0.0038025980745621,0.9982206668978284,False,0.4882121971645481,False,0.8624102221308104,
SEMA3A,Endo,2,0.14771338281856697,0.8788758980604734,1.3405862484006126,0.9393028807017562,True,0.08968627881912758,True,0.9833068577852265,
SEMA3B,Endo,3,-0.13301099400535435,0.7726944980890869,-0.6527345076875952,0.9122310664096188,True,-0.12718387845885679,True,0.9774165421224245,
SEMA3C,Endo,2,0.03612623605857481,0.8849535490124489,0.5708394099632115,0.9982206668978284,True,0.03949928649672226,True,0.9833068577852265,
SEMA3D,Endo,7,0.16290818229589943,0.733109295760819,1.4089894550212754,,True,0.13369354453478047,True,0.9709215353212385,
SEMA3E,Endo,1,0.33690679275547747,0.8294063560887294,-0.4576260576453036,0.9982206668978284,False,0.21592167155345454,False,0.9833068577852265,
SEMA3F,Endo,3,-0.5465931470288163,0.4693953495564216,0.4582088312388578,0.995454549732458,False,-0.5193489788763145,False,0.9287202178494102,
SEMA3G,Endo,2,-0.19576262821260723,0.6729740847387906,-0.6928098694991126,0.8424033724806006,True,-0.21002469595988293,True,0.9699490215240731,
SERPINA3,Endo,1,1.3169042478440025,0.045071066220288225,4.334272465826136,0.2075671061163246,True,0.5671367357426584,True,0.7818904126780498,
SERPINB1,Endo,1,1.0739736160629092,0.0484018452046584,0.2273747160321432,0.9982206668978284,True,1.0186067252747204,True,0.7831292612268833,
SERPINE1,Endo,1,-0.6410742441052844,0.31202474076438447,-0.6196532197406266,0.9982206668978284,True,-0.6141811402924365,True,0.920585849444673,
SERPINE2,Endo,3,0.7937080106525033,0.3111325340766097,0.6557004767296752,0.985457448971372,True,0.7064169551393069,True,0.920585849444673,
SERPING1,Endo,1,-0.6407057624296916,0.2279054087276714,0.5806204814622303,0.8421225114916382,False,-0.6279164277824504,False,0.8955353702557743,
SERPINI1,Endo,1,-0.1741209005054726,0.4807075277663513,-0.5975290461759745,0.9474539751380004,True,-0.18819617807836628,True,0.9287202178494102,
SFRP1,Endo,1,1.704725310294775,0.028938794307019133,1.6442711480073229,,True,1.1522099226164657,True,0.7703396502078044,
SFRP2,Endo,3,0.4939870561870817,0.7221499846980591,0.6539665302873904,,True,0.36650703227478315,True,0.9709215353212385,
SLIT1,Endo,2,1.7734593652306998,0.06320042477542583,-0.6268418229497629,0.9822071784358802,False,0.9984318928580548,False,0.7918780015463845,
SLIT2,Endo,2,-0.08970661794437837,0.7726944980890869,-0.2560957072286743,0.9982206668978284,True,-0.1283419857758404,True,0.9774165421224245,
SLIT3,Endo,92,-0.3918609900612699,0.3212669683257919,0.8432176954819413,0.9241177874347504,False,-0.4335479606047308,False,0.920585849444673,
SLITRK1,Endo,3,-0.35727718191725155,0.846457565134568,-0.3862069309574604,,True,-0.4284320171706305,True,0.9833068577852265,
SMIM20,Endo,1,-0.7075791039588167,0.16267869995425632,-0.2214849412764861,,True,-0.7407792464854305,True,0.8729222334758668,
SMOC1,Endo,3,-0.7059733510069736,0.10793691632631516,0.2451895228577843,0.9982206668978284,False,-0.5607586588905988,False,0.8256851192025261,
SMOC2,Endo,35,-0.3895258248583506,0.4234471410941999,-0.4523668314004366,0.711224677862056,True,-0.4193719733084573,True,0.9272932768190606,
SMPD1,Endo,1,0.5662732587493498,0.113944878650761,-0.0945607893542194,0.9982206668978284,False,0.5458214716881183,False,0.8256851192025261,
SMPDL3A,Endo,1,-0.461846952053952,0.38354604259434133,0.8776492822214043,,False,-0.47560380070959113,False,0.9272932768190606,
SNCA,Endo,1,-0.28485170707791135,0.6642318548206392,1.2645342961099988,0.460889953069042,False,-0.2681805978471613,False,0.9699490215240731,
SNED1,Endo,12,-0.11892274752894663,0.6729740847387906,-0.1833119279672796,0.9982206668978284,True,-0.13265308758632752,True,0.9699490215240731,
SNORC,Endo,2,0.5303275831251598,0.24792309006121738,0.2800582215289854,0.9982206668978284,True,0.4447841696668413,True,0.9166324969148498,
SNX25,Endo,3,0.04353539911069615,0.3212669683257919,0.490682951587954,0.9622590648175704,True,-0.011947223574830872,False,0.920585849444673,
SOD3,Endo,1,0.47613761499879464,0.3546794581452437,2.2792747094664487,0.3407671925949733,True,0.4210795270486143,True,0.920585849444673,
SOGA1,Endo,2,0.30804668900362325,0.2358700123406006,-0.4067732037372733,0.9457081996201834,False,0.27081259952445663,False,0.8955353702557743,
SORD,Endo,6,0.0352292167998971,0.8851640153055096,0.8623461260470681,,True,-0.0037768203705659336,False,0.9833068577852265,
SORL1,Endo,45,0.15929474696183357,0.6058412176059235,0.6886530226893062,0.854133590438534,True,0.09256660055241842,True,0.9536531642555559,
SPARC,Endo,2,0.9546032646337892,0.02064993829699712,0.2474599507313638,0.9982206668978284,True,0.9059162862547384,True,0.7228932624955823,
SPARCL1,Endo,3,-0.46774776013891173,0.8087411603198786,-0.1442084686863001,0.9982206668978284,True,-0.5058617687038697,True,0.9774165421224245,
SPATA20,Endo,1,-0.47619536151580616,0.6642318548206392,1.1550762811496849,,False,-0.41418425759825006,False,0.9699490215240731,
SPATA6,Endo,1,-0.391655015862982,0.16717400246812014,0.1134779803628447,0.9982206668978284,False,-0.4107548196438977,False,0.8729222334758668,
SPESP1,Endo,1,-0.0865579650803765,1.0,-0.5842499949013052,0.9843398818539808,True,-0.07524143592307217,True,1.0,
SPINK8,Endo,1,-0.9946992999699895,0.2308422720384955,0.0713499130075407,0.9982206668978284,False,-0.6826748517986452,False,0.8955353702557743,
SPOCK1,Endo,66,-0.2759559603025414,0.9625668449197862,0.8583725573341716,0.9241177874347504,False,-0.34753517509708576,False,0.9958209752541637,
SPOCK2,Endo,2,-0.2580962345056847,0.6648126209477461,-0.7430345487418232,0.676168648817462,True,-0.2639306507226754,True,0.9699490215240731,
SPOCK3,Endo,24,0.18623375935953784,0.8148087206910737,0.0993488904196647,0.9982206668978284,True,0.16627295350042615,True,0.9774165421224245,
SPON1,Endo,1,0.8522576450391907,0.6940017797431514,-0.2343063375704327,0.9982206668978284,False,0.7221540199504313,False,0.9709215353212385,
SPP1,Endo,4,0.24718740890760976,0.7726944980890869,0.4197541657222758,0.9982206668978284,True,0.21895631692573445,True,0.9774165421224245,
SPX,Endo,2,-0.23329174547739787,0.7221499846980591,1.451476044754484,,False,-0.21147040859789007,False,0.9709215353212385,
SRGN,Endo,3,0.510207444989548,0.4693953495564216,0.0382049217330033,0.9982206668978284,True,0.48613075842439196,True,0.9287202178494102,
SRPX,Endo,1,2.19864642585331,0.08095246275017269,0.3303405625275185,0.9982206668978284,True,1.3507465994333283,True,0.8215799928288131,
SRPX2,Endo,2,-0.46645174470876255,1.0,-0.2354938496733802,0.9982206668978284,True,-0.30138289467079366,True,1.0,
SSC5D,Endo,4,0.5719736684969782,0.5226121466998397,-0.3771323742834054,,False,0.5336211207748401,False,0.943693947336386,
ST3GAL1,Endo,1,0.16959726477464435,0.5414232825997531,-0.3656973826765766,0.9193065370476358,False,0.13045899554510182,False,0.943693947336386,
ST3GAL2,Endo,11,-0.2246849315607229,0.16717400246812014,-0.661781005864407,0.8856990343640121,True,-0.24714122073941452,True,0.8729222334758668,
ST3GAL3,Endo,7,0.006746530781696622,0.6058412176059235,0.3186565904232311,0.9640577932247956,True,-0.028771433280276683,False,0.9536531642555559,
ST3GAL4,Endo,15,-0.22264191189578206,0.9625668449197862,-0.4626583402432817,,True,-0.2891217521399409,True,0.9958209752541637,
ST6GAL1,Endo,29,-0.1599477730153977,0.4234471410941999,-0.3814962319429035,0.9965449463526324,True,-0.17271786277587534,True,0.9272932768190606,
ST8SIA4,Endo,2,-0.09466027430548471,0.5957378004691146,-0.0383222632387409,0.9982206668978284,True,-0.08946411759565692,True,0.9536531642555559,
STC1,Endo,2,0.5575985123678504,0.446076808123839,0.6789566948533111,0.9982206668978284,True,0.39361383799316874,True,0.9287202178494102,
STC2,Endo,3,0.7526157996397319,0.19118832317384016,-1.508433002645796,,False,0.6142467483282825,False,0.8955353702557743,
STX1A,Endo,4,0.7726813892788393,0.19283648217959148,0.978926880582242,,True,0.6833142939486129,True,0.8955353702557743,
SULF1,Endo,6,-0.61918331977977,0.5920655298478774,4.004752079799582,0.4470344970642882,False,-0.5876551127596397,False,0.9536531642555559,
SULF2,Endo,1,0.17670130316221594,0.8148087206910737,0.2004669391826536,0.9982206668978284,True,0.14660458644193242,True,0.9774165421224245,
SUSD4,Endo,1,0.16118883679407922,0.7679383913016558,-1.285516036584483,0.6399146565933941,False,0.11723562969301256,False,0.9774165421224245,
SVBP,Endo,1,-0.2716808958211304,0.5964154160514543,0.1833680117612111,0.9982206668978284,False,-0.2935924636361488,False,0.9536531642555559,
SVEP1,Endo,1,-0.1893810575474025,0.9613894362865227,-1.269536038090885,0.9241177874347504,True,-0.23820435860933,True,0.9958209752541637,
TAFA1,Endo,53,-0.7646243418865026,0.113944878650761,-1.0699625629113485,0.745529608208603,True,-0.7884920110261099,True,0.8256851192025261,
TAFA4,Endo,1,0.7249626450786087,0.6940017797431514,-0.3865924249446777,,False,0.6428857497272303,False,0.9709215353212385,
TAFA5,Endo,61,0.008440286410062631,1.0,0.1611354478779519,0.9982206668978284,True,-0.05308483900701818,False,1.0,
TCF4,Endo,89,-0.13679263845412354,0.37038255861785274,-0.2744755631989142,0.9720172982698512,True,-0.14900325364085473,True,0.920585849444673,
TCN2,Endo,3,-0.5525181273442183,0.3861850319585892,-0.2843513187993947,0.9982206668978284,True,-0.522089559533445,True,0.9272932768190606,
TCTN1,Endo,1,0.046002783334189404,1.0,0.0180435451900925,0.9982206668978284,True,0.010223830003719915,True,1.0,
TDGF1,Endo,3,-0.5631798294174242,0.9551057432302277,-2.447434756064224,,True,-0.3533653232787379,True,0.9958209752541637,
TECTA,Endo,3,2.551582583164605,0.014346065657829267,1.0213926185396387,,True,1.6866262251362714,True,0.6816125051419168,
TEK,Endo,1,-1.9110360008682397,0.024870297041954266,-1.0576274071426877,0.3720341084166308,True,-1.5376955045646874,True,0.7401422746051902,
TF,Endo,4,-1.0575179873033276,0.1842353077057044,0.0029983203629763,0.9993532299724712,False,-0.8718754818896706,False,0.8955353702557743,
TFPI,Endo,3,0.7296528968029677,0.46070795890408045,-0.7360302126129922,0.7590604987202001,False,0.6252975895420511,False,0.9287202178494102,
TFPI2,Endo,1,0.020642483740675066,0.8031535335505902,-0.8195024424204238,,False,-0.05638328220806516,True,0.9774165421224245,
TFRC,Endo,1,0.29604239761058454,0.16717400246812014,-0.2398337684691223,0.9982206668978284,False,0.24760711320219345,False,0.8729222334758668,
TGFA,Endo,2,0.26411712411141647,0.9232949701148666,-0.0787368954680449,0.9982206668978284,False,0.21895069557372102,False,0.9958209752541637,
TGFB1,Endo,2,0.6909797036587243,0.21068182941043767,0.4497452988301339,0.9707266122522284,True,0.6693318490431125,True,0.8955353702557743,
TGFB2,Endo,3,0.1639868852203885,0.8148087206910737,-0.0564879403100675,0.9982206668978284,False,0.12661050559799203,False,0.9774165421224245,
TGFB3,Endo,3,-0.044572024841544884,0.8883587001234061,-0.0646623301546958,,True,-0.07286981009948579,True,0.9833068577852265,
TGFBI,Endo,7,0.4990792526384197,0.49113619375457174,1.3548001561492,0.9241177874347504,True,0.4135582809259465,True,0.943693947336386,
TGFBR2,Endo,2,0.050529806312276083,0.8849535490124489,-0.0030015792583296,0.9982206668978284,False,0.0714111677820004,False,0.9833068577852265,
TGFBR3,Endo,9,0.022308998850841224,0.5414232825997531,0.7598415404570203,0.4932855964517463,True,-0.014774537326472012,False,0.943693947336386,
TGM2,Endo,1,0.5701832505590098,0.26729636316647976,0.5420101346521509,0.9664465551886166,True,0.5262855000031736,True,0.9166324969148498,
THBS1,Endo,2,0.44735785974919445,0.26729636316647976,-1.2957108773203858,0.883629907508554,False,0.40391787227280573,False,0.9166324969148498,
THBS2,Endo,2,-0.4000916721592984,0.7679383913016558,0.2509222194415463,0.9982206668978284,False,-0.3505122593707926,False,0.9774165421224245,
THBS3,Endo,1,0.38025969978327856,0.2358700123406006,0.9453766716621348,,True,0.3552601740137764,True,0.8955353702557743,
THBS4,Endo,2,0.14435326468480303,0.2579790218199448,0.513520981467693,0.9982206668978284,True,-0.02360499129041987,False,0.9166324969148498,
THEM6,Endo,1,0.043972033117686535,0.9625668449197862,-0.2261666681575565,,False,0.017475492443487135,False,0.9958209752541637,
THNSL2,Endo,2,-0.19233277397974782,0.8087411603198786,1.3467985757275005,,False,-0.21415346202371177,False,0.9774165421224245,
THSD1,Endo,4,0.1857549713555539,0.9613894362865227,-0.7944933263477338,0.6442603733787978,False,0.1424363146032108,False,0.9958209752541637,
THSD4,Endo,62,-0.6856184922918231,0.02739613327848622,-0.4010195495332217,0.8781595293626598,True,-0.6889787611315068,True,0.7401422746051902,
THSD7A,Endo,1,-0.8343829842433923,0.20815253423096258,0.5377497225347593,0.9474539751380004,False,-0.7749942581643811,False,0.8955353702557743,
TIMP1,Endo,1,0.1919803218045167,0.8838111823741173,1.096278806272513,0.9653595334223182,True,0.08082040803550765,True,0.9833068577852265,
TIMP2,Endo,18,-0.42855019916655007,0.2358700123406006,0.1843211615355649,0.9982206668978284,False,-0.4312694013919243,False,0.8955353702557743,
TIMP3,Endo,3,-0.07032216546409942,0.8472972132889702,0.2408043583936722,0.9982206668978284,False,-0.08029874938887306,False,0.9833068577852265,
TIMP4,Endo,1,-0.5769742840497925,0.13101555125140407,2.141159600531682,,False,-0.546709245680016,False,0.8624102221308104,
TINAGL1,Endo,2,-0.2980974431621344,0.529132463522389,-0.1436008080443483,0.9982206668978284,True,-0.2792548847052336,True,0.943693947336386,
TLL1,Endo,1,0.7970289941301815,0.4076000389052804,0.9575111557698708,0.8930057710905791,True,0.6895504068517264,True,0.9272932768190606,
TLL2,Endo,1,0.4064474238360179,0.5957378004691146,-0.0053563157734722,,False,0.34237420482201536,False,0.9536531642555559,
TMEFF2,Endo,3,0.5893242083608183,0.9625668449197862,0.1597381414395828,0.9982206668978284,True,0.5169042568017921,True,0.9958209752541637,
TMEM25,Endo,1,-0.6808281034115315,0.10166619837213224,0.4768652100430082,,False,-0.6487182585136277,False,0.8256851192025261,
TMEM98,Endo,1,0.6252965673547136,0.5265562840106552,0.2353052315153072,0.9982206668978284,True,0.5390972202451264,True,0.943693947336386,
TMX1,Endo,1,0.2024152264452609,0.6642318548206392,0.6403025733597199,0.8002866961586139,True,0.19285757260501013,True,0.9699490215240731,
TNC,Endo,6,2.6489544779442125,0.03268695329786108,2.5462428748114325,0.7361395785532047,True,1.7894550227884234,True,0.7703396502078044,
TNFAIP6,Endo,2,-1.3950686157845216,0.49825434794562595,-0.2588003039588374,,True,-1.0878716473535863,True,0.943693947336386,
TNFRSF11B,Endo,1,0.5207507466710435,0.3546794581452437,-0.026673720394713,,False,0.43224897854367583,False,0.920585849444673,
TNFRSF1A,Endo,2,-0.9238867678811358,0.20815253423096258,0.1803989828073105,0.9982206668978284,False,-0.8512249452141271,False,0.8955353702557743,
TNFRSF1B,Endo,2,0.4899193204969076,0.24792309006121738,0.1119924289930324,0.9982206668978284,True,0.4616118535798149,True,0.9166324969148498,
TNFRSF25,Endo,1,-1.6540000158613226,0.8462271105021462,-0.7033601429860787,0.9622590648175704,True,-1.1027878697593125,True,0.9833068577852265,
TNFRSF6B,Endo,2,0.3996849823441771,0.8094354491980796,2.1664265278881576,0.774657205709582,True,0.3851982936577221,True,0.9774165421224245,
TNFSF10,Endo,1,-0.6285972600427684,0.8811111685485941,-0.5822486387331866,0.9915724805311884,True,-0.4692884170085362,True,0.9833068577852265,
TNFSF12,Endo,1,0.3044905005952523,0.733109295760819,0.332550001657186,0.9843398818539808,True,0.253492660358683,True,0.9709215353212385,
TNFSF13,Endo,2,0.08030288161230914,0.8883587001234061,1.345611050967801,,True,0.0819683525980165,True,0.9833068577852265,
TNFSF13B,Endo,3,0.20704603581125136,0.7271079974369083,0.0240667255182318,0.9982206668978284,True,0.16990962586593822,True,0.9709215353212385,
TNR,Endo,3,-1.0465711089437508,0.5666119528771321,-1.0552078098997166,0.9448554224173982,True,-0.7907968370595443,True,0.9536531642555559,
TNXB,Endo,11,0.37287063471600884,0.4234471410941999,-0.0198074425967256,0.9982206668978284,False,0.36717278411641086,False,0.9272932768190606,
TOR2A,Endo,1,0.19383155173113217,0.5003186734539344,1.3022560984133755,,True,0.18303467566749454,True,0.943693947336386,
TSKU,Endo,3,0.02168023174747715,1.0,0.0638065267805412,,True,-0.010845935129589255,False,1.0,
TTR,Endo,8,0.5256000432791224,0.746547945641322,1.3393545558755822,0.9664465551886166,True,0.3498425919455582,True,0.97480689198398,
TUB,Endo,22,-0.4636166097321424,0.37038255861785274,1.0637147993705118,,False,-0.5093888008818935,False,0.920585849444673,
TULP3,Endo,1,0.23104001105399444,0.6630612235568891,0.5723744563014295,0.8930057710905791,True,0.22975338982280596,True,0.9699490215240731,
TWSG1,Endo,1,0.05274216721302926,0.7429864253393665,-0.0581691990116923,0.9982206668978284,False,0.03205966648787764,False,0.9709215353212385,
TXN,Endo,1,-0.3417223284283433,0.5414232825997531,-0.0241482171016482,0.9982206668978284,True,-0.3739694987036489,True,0.943693947336386,
TXNDC16,Endo,1,0.15844289565416778,0.4807075277663513,0.35469094407974,0.9982206668978284,True,0.14788995496470178,True,0.9287202178494102,
VASH1,Endo,6,-0.28604650818454064,0.2765939942410531,-0.1833671144111414,0.9982206668978284,True,-0.288891788470096,True,0.9166324969148498,
VASN,Endo,5,0.5580154373933055,0.7361212634199744,-0.0886468594762671,,False,0.5472363107853725,False,0.9709215353212385,
VCAM1,Endo,2,-0.38253122979614623,0.76052705939476,2.20487495610476,0.3081381978957248,False,-0.37730793027685083,False,0.9774165421224245,
VCAN,Endo,2,0.4709332083290511,0.5314156984513272,0.3809733745240429,0.9982206668978284,True,0.37499755714399063,True,0.943693947336386,
VEGFA,Endo,1,-0.10765658767360277,0.6058412176059235,0.0482144475238975,0.9982206668978284,False,-0.12159351993303358,False,0.9536531642555559,
VEGFB,Endo,2,-0.1242677256143009,0.6058412176059235,1.3080323641946818,0.5194126925754785,False,-0.1561369807035676,False,0.9536531642555559,
VEGFC,Endo,1,-0.17047268073069577,0.7347073111000473,0.0392152813498761,0.9982206668978284,False,-0.15595672087740772,False,0.9709215353212385,
VEGFD,Endo,2,-1.1970594604335032,0.9315474744824107,0.6139023681124917,,False,-0.5337701133376377,False,0.9958209752541637,
VGF,Endo,3,-0.8043552523811164,0.03595228301110654,-1.2438968794236525,,True,-0.7780558974669854,True,0.7703396502078044,
VIP,Endo,2,0.8033612213152216,0.39842082151843805,-0.6247032126935662,,False,0.4807313137366172,False,0.9272932768190606,
VSTM2L,Endo,2,-0.06581569380068969,0.8758076577923165,0.4354778909957352,,False,-0.035540423109741294,False,0.9833068577852265,
VSTM4,Endo,2,-0.3991820561236109,0.9216483845396674,0.2816377983031101,0.9982206668978284,False,-0.4648029294174806,False,0.9958209752541637,
VWA1,Endo,3,-0.2022335684844914,0.5414232825997531,-0.0630873649679225,0.9982206668978284,True,-0.21364756417065234,True,0.943693947336386,
VWA2,Endo,1,0.16126370180706068,1.0,0.26708369473623,0.9982206668978284,True,0.11846452605002297,True,1.0,
VWA3A,Endo,8,-1.63981467598899,0.04916581431080292,1.4475579787636303,,False,-1.3368263444876036,False,0.7831292612268833,
VWC2,Endo,1,-0.23896957629103308,0.658048604907681,-0.6787157004496984,,True,-0.2128557510874301,True,0.9699490215240731,
VWC2L,Endo,1,0.4940914827852662,0.2579790218199448,-0.0999326405748823,,False,0.30839900272108506,False,0.9166324969148498,
VWF,Endo,2,-0.20499064434464195,0.8057643930557405,-0.182092984419853,0.9982206668978284,True,-0.15605848180303844,True,0.9774165421224245,
WDR25,Endo,3,-0.1097842840354524,0.37038255861785274,-0.0073192655630467,0.9982206668978284,True,-0.14160688979040373,True,0.920585849444673,
WFDC1,Endo,1,-0.34345931981722144,0.43136360986853317,-0.9456462094484884,,True,-0.26257471446761493,True,0.9287202178494102,
WNT2B,Endo,3,-0.13898106674897667,0.5634637328658632,-0.3406006970361386,0.9982206668978284,True,-0.13328221466528312,True,0.9536531642555559,
WNT5B,Endo,17,-0.18526273958156214,0.3212669683257919,0.1903021295532249,0.9982206668978284,False,-0.1969899716509596,False,0.920585849444673,
WNT6,Endo,2,-0.3804631765859781,0.9602390636458037,1.8199035130434889,,False,-0.3696129005297336,False,0.9958209752541637,
XYLT1,Endo,1,-0.42783504754667806,0.7306572218997294,0.6571550950425323,0.973587792225092,False,-0.4412856767234526,False,0.9709215353212385,
XYLT2,Endo,1,0.027973323052710046,0.8472972132889702,-0.0580524959522495,,False,0.01070420654149001,False,0.9833068577852265,
YBX1,Endo,1,-0.45851420272162235,0.13879062114356233,-0.3908067782647204,0.9640577932247956,True,-0.4807867818449804,True,0.8624102221308104,
ZBED3,Endo,1,-0.03180740914117326,1.0,-0.243814295294782,0.9982206668978284,True,-0.029731152564259938,True,1.0,
ZP3,Endo,10,-0.859001481964023,0.17526407779612352,0.2226423998482395,,False,-0.7666371972535717,False,0.8955353702557743,
