"tf","celltype","contrast","dz","p","padj"
"FOXF2","Astro","HAvYA",-0.00423588551776029,0.968877610374054,0.995976016570843
"FOXD1","Astro","HAvYA",-0.0275435030716207,0.814092463585285,0.979336604887158
"IRF2","Astro","HAvYA",0.113150579656165,0.235560550406519,0.979336604887158
"MZF1(var.2)","Astro","HAvYA",-0.0734138013144668,0.545826781865611,0.979336604887158
"MAX::MYC","Astro","HAvYA",0.0119268163902851,0.888184714152716,0.988541523911787
"PPARG","Astro","HAvYA",-0.0315087618690102,0.770676279925447,0.979336604887158
"PAX6","Astro","HAvYA",0.055350224161958,0.479897321019137,0.979336604887158
"PBX1","Astro","HAvYA",-0.0771031335053209,0.474029487685008,0.979336604887158
"RORA","Astro","HAvYA",-0.113046501063448,0.374177675873368,0.979336604887158
"RORA(var.2)","Astro","HAvYA",-0.123008823521668,0.445965022260934,0.979336604887158
"RREB1","Astro","HAvYA",-0.128520121080301,0.411234287430255,0.979336604887158
"RXRA::VDR","Astro","HAvYA",-0.0105639691481328,0.88338022383376,0.988541523911787
"SOX9","Astro","HAvYA",-0.0838224410287192,0.610409522916465,0.979336604887158
"SRY","Astro","HAvYA",0.0172309618098183,0.874947168981313,0.988541523911787
"TAL1::TCF3","Astro","HAvYA",-0.229065853158349,0.20756841496949,0.979336604887158
"REL","Astro","HAvYA",0.121610656783583,0.157354990730164,0.979336604887158
"RELA","Astro","HAvYA",0.064200476690935,0.469003013253244,0.979336604887158
"NR1H2::RXRA","Astro","HAvYA",-0.0145188661136213,0.859266033823747,0.988541523911787
"NFIC::TLX1","Astro","HAvYA",0.153653884503252,0.285479216250439,0.979336604887158
"ZNF354C","Astro","HAvYA",-0.107883929231474,0.589593333376664,0.979336604887158
"CTCF","Astro","HAvYA",-0.197675504286317,0.60361664188586,0.979336604887158
"EWSR1-FLI1","Astro","HAvYA",-0.0942801309441713,0.463549460150717,0.979336604887158
"REST","Astro","HAvYA",-0.0883389401302017,0.506240726339371,0.979336604887158
"NFATC2","Astro","HAvYA",0.0403799199388108,0.74640990094317,0.979336604887158
"INSM1","Astro","HAvYA",-0.105467376993723,0.448349592315745,0.979336604887158
"RARA::RXRA","Astro","HAvYA",-0.0329055262951161,0.775039404589772,0.979336604887158
"NR4A2","Astro","HAvYA",-0.056629885363247,0.627353152327029,0.979336604887158
"PLAG1","Astro","HAvYA",-0.0885939439767238,0.504707601617033,0.979336604887158
"ARNT::HIF1A","Astro","HAvYA",0.0358598452524443,0.59993606300285,0.979336604887158
"DUX4","Astro","HAvYA",-0.0366660028567812,0.766052058489825,0.979336604887158
"FOS","Astro","HAvYA",0.679970290957166,0.260446910634282,0.979336604887158
"FOSL2","Astro","HAvYA",0.725984692939702,0.241724140586535,0.979336604887158
"FOXH1","Astro","HAvYA",-0.145377125879304,0.126548153088429,0.979336604887158
"JUN","Astro","HAvYA",0.0721776360465757,0.640043669982295,0.979336604887158
"JUN(var.2)","Astro","HAvYA",0.638767632268637,0.274486897599962,0.979336604887158
"JUND(var.2)","Astro","HAvYA",0.0443816187459709,0.774799756482742,0.979336604887158
"MEF2C","Astro","HAvYA",0.0952487848975254,0.463531068845154,0.979336604887158
"MAF::NFE2","Astro","HAvYA",0.416856791849322,0.163944228635621,0.979336604887158
"NR2C2","Astro","HAvYA",-0.0865122959720279,0.535994865587959,0.979336604887158
"NRF1","Astro","HAvYA",0.0756382670391867,0.490431693511559,0.979336604887158
"POU2F2","Astro","HAvYA",-0.195296703858042,0.128611222653223,0.979336604887158
"SMAD2::SMAD3::SMAD4","Astro","HAvYA",-0.154206397306983,0.304183187966723,0.979336604887158
"STAT1::STAT2","Astro","HAvYA",0.133203149267674,0.229968552092827,0.979336604887158
"TCF7L2","Astro","HAvYA",-0.0686311843904075,0.481017364068105,0.979336604887158
"ZBTB33","Astro","HAvYA",0.0343736699572473,0.651422633689674,0.979336604887158
"ELK4","Astro","HAvYA",-0.158725229270243,0.169887874755862,0.979336604887158
"ESR2","Astro","HAvYA",-0.0706557804960053,0.576166864152038,0.979336604887158
"IRF1","Astro","HAvYA",0.12501755526553,0.286197632039475,0.979336604887158
"STAT1","Astro","HAvYA",-0.236434036462499,0.533284456484758,0.979336604887158
"STAT3","Astro","HAvYA",-0.218123120382915,0.511039770790171,0.979336604887158
"GATA1::TAL1","Astro","HAvYA",-0.148954170779275,0.369863195935755,0.979336604887158
"YY1","Astro","HAvYA",-0.0802151540096856,0.318820585004875,0.979336604887158
"FOXP2","Astro","HAvYA",0.00209931664308566,0.984850662149123,0.995976016570843
"SREBF1","Astro","HAvYA",-0.0930460259695421,0.543285186154864,0.979336604887158
"SREBF2","Astro","HAvYA",-0.0941247044470315,0.423606209079242,0.979336604887158
"THAP1","Astro","HAvYA",-0.0650381599170032,0.603419178696746,0.979336604887158
"KLF5","Astro","HAvYA",-0.059686625865204,0.649646382097741,0.979336604887158
"DMRT3","Astro","HAvYA",-0.0355406236000399,0.742927075809316,0.979336604887158
"FOXG1","Astro","HAvYA",-0.0275435030716207,0.814092463585285,0.979336604887158
"LBX1","Astro","HAvYA",-0.101108907772016,0.591162735466573,0.979336604887158
"NFATC3","Astro","HAvYA",0.0628670511080103,0.584352559621293,0.979336604887158
"POU6F1","Astro","HAvYA",-0.127859042050462,0.365364826486262,0.979336604887158
"SHOX","Astro","HAvYA",-0.190988611803952,0.429228099066499,0.979336604887158
"ALX3","Astro","HAvYA",-0.134828053602634,0.50581393379048,0.979336604887158
"BARHL2","Astro","HAvYA",-0.0583658433008375,0.387889803619967,0.979336604887158
"BHLHE41","Astro","HAvYA",0.0588368450912019,0.576650890605617,0.979336604887158
"CENPB","Astro","HAvYA",-0.0130188004520501,0.838559445950231,0.988226009019425
"CREB3","Astro","HAvYA",0.060665508514282,0.539181520434185,0.979336604887158
"DBP","Astro","HAvYA",-0.0372751397526572,0.73342052508059,0.979336604887158
"ELF4","Astro","HAvYA",-0.138527198083945,0.196308567102666,0.979336604887158
"ELF5","Astro","HAvYA",-0.183788200876887,0.0421814938434398,0.979336604887158
"EN1","Astro","HAvYA",-0.107190394366992,0.599918123974947,0.979336604887158
"EN2","Astro","HAvYA",-0.126350861992799,0.52232308275911,0.979336604887158
"ESX1","Astro","HAvYA",-0.16400818429779,0.411370184041614,0.979336604887158
"ETV6","Astro","HAvYA",-0.222962158488001,0.0260701025377356,0.979336604887158
"FLI1","Astro","HAvYA",-0.116648846563252,0.257893938481872,0.979336604887158
"FOXI1","Astro","HAvYA",0.00320029041685741,0.981068438697591,0.995976016570843
"FOXL1","Astro","HAvYA",0.00320029041685741,0.981068438697591,0.995976016570843
"FOXO3","Astro","HAvYA",-0.0275435030716207,0.814092463585285,0.979336604887158
"GCM1","Astro","HAvYA",-0.0550641848462314,0.626877835309619,0.979336604887158
"GRHL1","Astro","HAvYA",0.0310405932311378,0.651312199093514,0.979336604887158
"GSC","Astro","HAvYA",-0.0354318974498553,0.667868625264915,0.979336604887158
"HEY2","Astro","HAvYA",0.0640400814900823,0.522186841290407,0.979336604887158
"HINFP","Astro","HAvYA",0.0736972390364384,0.624259239141225,0.979336604887158
"HNF1A","Astro","HAvYA",0.0293607226548578,0.777181182509562,0.979336604887158
"HNF1B","Astro","HAvYA",0.0165076339121848,0.847201160116045,0.988541523911787
"HOXC11","Astro","HAvYA",-0.00432398752059771,0.940434079854734,0.995976016570843
"HSF1","Astro","HAvYA",0.102350023967563,0.317295858951881,0.979336604887158
"IRF8","Astro","HAvYA",0.0630770810265024,0.578537008276858,0.979336604887158
"IRF9","Astro","HAvYA",0.0922151666113844,0.404565753266341,0.979336604887158
"ISX","Astro","HAvYA",-0.190988611803952,0.429228099066499,0.979336604887158
"JDP2","Astro","HAvYA",0.479738962954536,0.306481839704974,0.979336604887158
"JDP2(var.2)","Astro","HAvYA",0.128458609882849,0.489657842984562,0.979336604887158
"KLF13","Astro","HAvYA",0.00721102141467117,0.96020388107311,0.995976016570843
"LHX6","Astro","HAvYA",-0.139984763648693,0.460111383479861,0.979336604887158
"MEF2B","Astro","HAvYA",0.029325105944515,0.806520922859101,0.979336604887158
"MEOX1","Astro","HAvYA",-0.169356293068781,0.39545957814502,0.979336604887158
"MIXL1","Astro","HAvYA",-0.116074907328053,0.55720534162088,0.979336604887158
"MLX","Astro","HAvYA",0.109359349305621,0.333961711012696,0.979336604887158
"MLXIPL","Astro","HAvYA",0.0778600500983748,0.521757141272808,0.979336604887158
"MSC","Astro","HAvYA",-0.125922022568576,0.362459909564816,0.979336604887158
"MSX1","Astro","HAvYA",-0.123165067092933,0.520599540302103,0.979336604887158
"MYF6","Astro","HAvYA",-0.0693708386452816,0.567841421455913,0.979336604887158
"NEUROD2","Astro","HAvYA",-0.162658679822483,0.179846544447543,0.979336604887158
"NEUROG2","Astro","HAvYA",-0.165439626888878,0.18996204411024,0.979336604887158
"NFIA","Astro","HAvYA",0.207794988457872,0.233281227062137,0.979336604887158
"NFIX","Astro","HAvYA",0.0384349648687303,0.804214716473944,0.979336604887158
"NHLH1","Astro","HAvYA",-0.0877021437919032,0.604052348986432,0.979336604887158
"NKX2-3","Astro","HAvYA",-0.104627021582789,0.259540982748677,0.979336604887158
"NKX2-8","Astro","HAvYA",-0.041267379067654,0.662714650675803,0.979336604887158
"NKX6-1","Astro","HAvYA",-0.18701517546638,0.380315360493326,0.979336604887158
"NKX6-2","Astro","HAvYA",-0.18701517546638,0.380315360493326,0.979336604887158
"OLIG2","Astro","HAvYA",-0.134831199188513,0.26267571603525,0.979336604887158
"PAX4","Astro","HAvYA",-0.19043103565739,0.43928970737023,0.979336604887158
"PAX7","Astro","HAvYA",-0.110366458365896,0.212989166908353,0.979336604887158
"POU4F2","Astro","HAvYA",-0.0998655019565233,0.393513502222013,0.979336604887158
"SP4","Astro","HAvYA",0.0206967080812388,0.892131439888615,0.988541523911787
"SPDEF","Astro","HAvYA",-0.0246809331468857,0.689249304925485,0.979336604887158
"SPIC","Astro","HAvYA",-0.0940115943279657,0.210095051966452,0.979336604887158
"SRF","Astro","HAvYA",0.00590465514583991,0.955440177768686,0.995976016570843
"TBXT","Astro","HAvYA",-0.124280610349366,0.237733369987663,0.979336604887158
"TBX2","Astro","HAvYA",-0.0249899290426482,0.839914048740048,0.988226009019425
"TBX20","Astro","HAvYA",-0.021157854833649,0.86644240101617,0.988541523911787
"TBX21","Astro","HAvYA",-0.0473443552474133,0.690846340178282,0.979336604887158
"TFAP4","Astro","HAvYA",-0.0431082494013394,0.763256668281356,0.979336604887158
"TFCP2","Astro","HAvYA",-0.00984357542671965,0.858101241347293,0.988541523911787
"TFEB","Astro","HAvYA",0.0929451561881484,0.450876246579441,0.979336604887158
"ZBTB7B","Astro","HAvYA",-0.0565573239249409,0.701234370044996,0.979336604887158
"ZBTB7C","Astro","HAvYA",-0.0468206429342007,0.742422138350994,0.979336604887158
"ZIC1","Astro","HAvYA",0.00719755053565563,0.954701499598946,0.995976016570843
"ZIC3","Astro","HAvYA",0.00999899948234434,0.936683595321109,0.995976016570843
"ZBTB18","Astro","HAvYA",-0.106445018211269,0.617748510903516,0.979336604887158
"LBX2","Astro","HAvYA",-0.177154095011481,0.464229771971842,0.979336604887158
"MEOX2","Astro","HAvYA",-0.137425174636773,0.402200219109359,0.979336604887158
"MNX1","Astro","HAvYA",-0.110023628329858,0.551731922029216,0.979336604887158
"MSX2","Astro","HAvYA",-0.123165067092933,0.520599540302103,0.979336604887158
"NOTO","Astro","HAvYA",-0.178692646048606,0.454372743174793,0.979336604887158
"OTX1","Astro","HAvYA",0.0185725754041237,0.811575548824907,0.979336604887158
"PDX1","Astro","HAvYA",-0.0551932881069033,0.753328447569121,0.979336604887158
"PHOX2A","Astro","HAvYA",-0.0400549211808029,0.729607969623395,0.979336604887158
"PITX3","Astro","HAvYA",0.00878554018720534,0.915909266093774,0.992613754768314
"PROP1","Astro","HAvYA",0.0140510300403739,0.900333422928459,0.991149663849938
"PRRX1","Astro","HAvYA",-0.190988611803952,0.429228099066499,0.979336604887158
"RAX2","Astro","HAvYA",-0.190988611803952,0.429228099066499,0.979336604887158
"RAX","Astro","HAvYA",-0.138644434968865,0.483282046522506,0.979336604887158
"RHOXF1","Astro","HAvYA",0.0620824339439835,0.462051282668344,0.979336604887158
"UNCX","Astro","HAvYA",-0.145321062996679,0.504417230517086,0.979336604887158
"VAX1","Astro","HAvYA",-0.102104944844535,0.478756511926337,0.979336604887158
"VAX2","Astro","HAvYA",-0.102104944844535,0.478756511926337,0.979336604887158
"VENTX","Astro","HAvYA",-0.0717695191346535,0.225100442412754,0.979336604887158
"VSX1","Astro","HAvYA",-0.04459169919107,0.721402996807502,0.979336604887158
"VSX2","Astro","HAvYA",-0.04459169919107,0.721402996807502,0.979336604887158
"ESR1","Astro","HAvYA",-0.0361790164195493,0.711385286140152,0.979336604887158
"ESRRB","Astro","HAvYA",-0.150193742940546,0.185408769962093,0.979336604887158
"NR2F1","Astro","HAvYA",0.0057173523778129,0.955760675816901,0.995976016570843
"NR3C1","Astro","HAvYA",-0.357267963441062,0.120791447796659,0.979336604887158
"NR3C2","Astro","HAvYA",-0.374125891916953,0.115505558183709,0.979336604887158
"RARA","Astro","HAvYA",-0.00718696403202901,0.931431248836082,0.995976016570843
"RARA(var.2)","Astro","HAvYA",-0.045079781532286,0.688660738216779,0.979336604887158
"BCL6B","Astro","HAvYA",-0.048943349803188,0.555736373957241,0.979336604887158
"EGR2","Astro","HAvYA",-0.0455809267771957,0.728997576116956,0.979336604887158
"EGR3","Astro","HAvYA",-0.0859121283453343,0.520428270803432,0.979336604887158
"EGR4","Astro","HAvYA",-0.0534943972858902,0.692684921808096,0.979336604887158
"GLIS1","Astro","HAvYA",0.0518422661606331,0.599209274529801,0.979336604887158
"GLIS2","Astro","HAvYA",0.0203235474061734,0.873214797334406,0.988541523911787
"GLIS3","Astro","HAvYA",-0.0423733080744839,0.714644998301986,0.979336604887158
"HIC2","Astro","HAvYA",-0.0736155334212639,0.47712454062906,0.979336604887158
"KLF14","Astro","HAvYA",-0.0293277098012142,0.862451160169934,0.988541523911787
"KLF16","Astro","HAvYA",-0.0825167048487093,0.519022532574612,0.979336604887158
"SP8","Astro","HAvYA",-0.0546193818876758,0.699259096581038,0.979336604887158
"ZBED1","Astro","HAvYA",0.0414505521700523,0.414808612067599,0.979336604887158
"ZIC4","Astro","HAvYA",0.0211285298473847,0.861053067654984,0.988541523911787
"ZNF143","Astro","HAvYA",-0.204147568974897,0.0338936054981376,0.979336604887158
"ZNF410","Astro","HAvYA",-0.0657766859499676,0.44633126856759,0.979336604887158
"CUX1","Astro","HAvYA",-0.0626911555327072,0.381259672075124,0.979336604887158
"CUX2","Astro","HAvYA",-0.0366247278286333,0.666919224018514,0.979336604887158
"ONECUT2","Astro","HAvYA",-0.0300702937752754,0.741364710373934,0.979336604887158
"ONECUT3","Astro","HAvYA",0.016045987969533,0.87113132082267,0.988541523911787
"E2F7","Astro","HAvYA",-0.00309597931913896,0.967464171881011,0.995976016570843
"ELK3","Astro","HAvYA",-0.132354476895034,0.280676214784541,0.979336604887158
"ERF","Astro","HAvYA",-0.161617819177706,0.110550978964993,0.979336604887158
"ERG","Astro","HAvYA",-0.141907946196393,0.158001247941077,0.979336604887158
"ETS1","Astro","HAvYA",-0.16872646554637,0.112467964647911,0.979336604887158
"ETV2","Astro","HAvYA",-0.184900871980696,0.0257701611256793,0.979336604887158
"ETV3","Astro","HAvYA",-0.115801870871731,0.30995660881302,0.979336604887158
"FEV","Astro","HAvYA",-0.111193261457863,0.334651301911146,0.979336604887158
"GCM2","Astro","HAvYA",-0.018394976307332,0.860539106962449,0.988541523911787
"LEF1","Astro","HAvYA",-0.071016762388216,0.459012829371935,0.979336604887158
"HSF2","Astro","HAvYA",0.0996666974974947,0.316116298971822,0.979336604887158
"HSF4","Astro","HAvYA",0.0942351127931811,0.382394173562344,0.979336604887158
"IRF7","Astro","HAvYA",0.133031790022027,0.232910565943345,0.979336604887158
"MEF2D","Astro","HAvYA",0.0376564998693088,0.756191569800604,0.979336604887158
"MEIS1","Astro","HAvYA",-0.052214197676186,0.62135158188953,0.979336604887158
"MEIS2","Astro","HAvYA",-0.0645383839704842,0.549724861972673,0.979336604887158
"MEIS3","Astro","HAvYA",-0.0663082567362489,0.622628542091841,0.979336604887158
"MYBL1","Astro","HAvYA",0.000488108689997657,0.991189950128246,0.997936725356572
"MYBL2","Astro","HAvYA",-0.0603559637699005,0.252852966369873,0.979336604887158
"NFKB1","Astro","HAvYA",0.0110785342292365,0.915815800670357,0.992613754768314
"NFKB2","Astro","HAvYA",-0.00100559110865267,0.993134500159607,0.997936725356572
"PAX1","Astro","HAvYA",0.0276246461914694,0.700292791974372,0.979336604887158
"PAX3","Astro","HAvYA",-0.091294123955453,0.287872101652788,0.979336604887158
"PAX9","Astro","HAvYA",0.0353256925547539,0.616276245471017,0.979336604887158
"PKNOX2","Astro","HAvYA",-0.119892985613871,0.440554862417112,0.979336604887158
"POU1F1","Astro","HAvYA",-0.0851795619405356,0.495031043127045,0.979336604887158
"POU2F1","Astro","HAvYA",-0.1383580048687,0.226549110500324,0.979336604887158
"POU3F1","Astro","HAvYA",-0.132436855033499,0.239241383565893,0.979336604887158
"POU3F2","Astro","HAvYA",-0.12715387475276,0.263861310860894,0.979336604887158
"POU3F3","Astro","HAvYA",-0.0689671262824223,0.562917999247634,0.979336604887158
"POU3F4","Astro","HAvYA",-0.151893284135064,0.174275093531863,0.979336604887158
"POU4F1","Astro","HAvYA",-0.083352029568167,0.454715068387805,0.979336604887158
"POU4F3","Astro","HAvYA",-0.0981097590466121,0.389635573160951,0.979336604887158
"POU5F1B","Astro","HAvYA",-0.148024710781192,0.162420607643309,0.979336604887158
"POU6F2","Astro","HAvYA",-0.148839968385356,0.451344035916776,0.979336604887158
"PROX1","Astro","HAvYA",0.0154365502179125,0.837609586950198,0.988226009019425
"RFX2","Astro","HAvYA",0.290577070690099,0.115740733342315,0.979336604887158
"SMAD3","Astro","HAvYA",-0.0452772052012497,0.56343584690275,0.979336604887158
"TGIF1","Astro","HAvYA",-0.0637218218787353,0.616296019472911,0.979336604887158
"TGIF2","Astro","HAvYA",-0.0601638474813273,0.644071963774232,0.979336604887158
"RFX4","Astro","HAvYA",0.320306693127939,0.0775131463949436,0.979336604887158
"RFX5","Astro","HAvYA",0.302338906525196,0.118100818147789,0.979336604887158
"RUNX2","Astro","HAvYA",-0.000273341395043508,0.996360206043212,0.997936725356572
"EOMES","Astro","HAvYA",-0.00826197712262261,0.941537501649601,0.995976016570843
"MGA","Astro","HAvYA",-0.051506770983666,0.702587999479099,0.979336604887158
"TBR1","Astro","HAvYA",-0.0424722195601022,0.712542804999771,0.979336604887158
"TBX15","Astro","HAvYA",-0.051506770983666,0.702587999479099,0.979336604887158
"TBX19","Astro","HAvYA",-0.106190888048328,0.204723445366093,0.979336604887158
"TBX1","Astro","HAvYA",-0.0465597668205092,0.664466875366366,0.979336604887158
"TBX4","Astro","HAvYA",-0.0651282947801115,0.657979714841319,0.979336604887158
"TBX5","Astro","HAvYA",-0.0651282947801115,0.657979714841319,0.979336604887158
"TEAD3","Astro","HAvYA",0.170915163213116,0.122896763651748,0.979336604887158
"TFAP2A(var.2)","Astro","HAvYA",-0.0289870947931321,0.822097212340055,0.981315537512654
"TFAP2B","Astro","HAvYA",-0.0675880597979155,0.612395111694235,0.979336604887158
"TFAP2B(var.2)","Astro","HAvYA",0.0489042594443489,0.707849908591709,0.979336604887158
"TFAP2B(var.3)","Astro","HAvYA",-0.0570382919546059,0.644654283836885,0.979336604887158
"TFAP2C","Astro","HAvYA",-0.0500514887797385,0.708797727241759,0.979336604887158
"TFAP2C(var.3)","Astro","HAvYA",-0.0395023091048142,0.741221809767298,0.979336604887158
"BHLHE40","Astro","HAvYA",0.0129769140715739,0.890346764283976,0.988541523911787
"BHLHE23","Astro","HAvYA",-0.195007181591767,0.165816196311495,0.979336604887158
"BHLHE22","Astro","HAvYA",-0.185438808969109,0.126563269451813,0.979336604887158
"CLOCK","Astro","HAvYA",-0.0818676258174243,0.311113744397588,0.979336604887158
"FIGLA","Astro","HAvYA",-0.00957974614809713,0.954335458883449,0.995976016570843
"HES5","Astro","HAvYA",-0.00497034503178721,0.937453131809836,0.995976016570843
"HES7","Astro","HAvYA",0.0142283069387237,0.82409553817948,0.981315537512654
"HEY1","Astro","HAvYA",0.0202270494534729,0.850283274856794,0.988541523911787
"MAX","Astro","HAvYA",0.000432979764241503,0.995820698605755,0.997936725356572
"MNT","Astro","HAvYA",-0.00991015051664723,0.914612250110203,0.992613754768314
"OLIG1","Astro","HAvYA",-0.177205250780493,0.170170756384347,0.979336604887158
"OLIG3","Astro","HAvYA",-0.158186962946951,0.227146764520651,0.979336604887158
"SREBF2(var.2)","Astro","HAvYA",0.111079605616607,0.309509126205687,0.979336604887158
"ATF7","Astro","HAvYA",0.114077358971293,0.516664635030188,0.979336604887158
"CEBPB","Astro","HAvYA",0.163756779207196,0.0944790635892654,0.979336604887158
"CEBPE","Astro","HAvYA",0.167906828214395,0.0792350212765651,0.979336604887158
"CEBPG","Astro","HAvYA",0.179886898257045,0.0960035873647752,0.979336604887158
"CREB3L1","Astro","HAvYA",0.00756847782681093,0.924426800448655,0.995173749462582
"NFE2","Astro","HAvYA",0.504143544253204,0.278860366077056,0.979336604887158
"TEF","Astro","HAvYA",-0.0154176512833424,0.88380771777977,0.988541523911787
"XBP1","Astro","HAvYA",0.0545852573580844,0.550741969508724,0.979336604887158
"FOXB1","Astro","HAvYA",-0.0172740348866157,0.91734446530721,0.992613754768314
"FOXC1","Astro","HAvYA",0.00546662703995171,0.968994224130238,0.995976016570843
"FOXC2","Astro","HAvYA",0.0462423807689693,0.731152040331222,0.979336604887158
"FOXO4","Astro","HAvYA",0.00320029041685741,0.981068438697591,0.995976016570843
"FOXO6","Astro","HAvYA",0.00320029041685741,0.981068438697591,0.995976016570843
"FOXP3","Astro","HAvYA",0.00320029041685741,0.981068438697591,0.995976016570843
"RXRB","Astro","HAvYA",-0.011057175022428,0.899760329788649,0.991149663849938
"RXRG","Astro","HAvYA",-0.0611419899166523,0.499824201246812,0.979336604887158
"TP63","Astro","HAvYA",-0.0196023546330762,0.575869397360152,0.979336604887158
"TP53","Astro","HAvYA",0.00211078983194074,0.968109798453125,0.995976016570843
"TP73","Astro","HAvYA",-0.0133886246174403,0.819542619542284,0.981315537512654
"GMEB2","Astro","HAvYA",0.0847908917530504,0.309941293981772,0.979336604887158
"MTF1","Astro","HAvYA",-0.0829248154223938,0.313742810613518,0.979336604887158
"E2F1","Astro","HAvYA",0.0115817199436445,0.774251054919,0.979336604887158
"E2F8","Astro","HAvYA",-0.0147176313503362,0.866003082633399,0.988541523911787
"SOX21","Astro","HAvYA",-0.018273644887738,0.805033860800547,0.979336604887158
"TFAP2A(var.3)","Astro","HAvYA",-0.0668878642298383,0.573151797043345,0.979336604887158
"ELK1","Astro","HAvYA",-0.106414611077726,0.393932591697623,0.979336604887158
"HOXD12","Astro","HAvYA",-0.0456810672693028,0.462451474634979,0.979336604887158
"BARX1","Astro","HAvYA",-0.0749034024381307,0.486207982367487,0.979336604887158
"BSX","Astro","HAvYA",-0.111904527076066,0.543536548269834,0.979336604887158
"DLX6","Astro","HAvYA",-0.0195168598519757,0.867883672806425,0.988541523911787
"DUXA","Astro","HAvYA",-0.0433615558939078,0.646828580331285,0.979336604887158
"EMX2","Astro","HAvYA",-0.141787945126364,0.484736136368711,0.979336604887158
"EVX1","Astro","HAvYA",-0.121299671732149,0.357876241339439,0.979336604887158
"EVX2","Astro","HAvYA",-0.128872811521553,0.401478650662355,0.979336604887158
"GBX1","Astro","HAvYA",-0.155976018287255,0.492825308594459,0.979336604887158
"GBX2","Astro","HAvYA",-0.112884057763402,0.632239122058751,0.979336604887158
"GSC2","Astro","HAvYA",-0.0465185177399078,0.601236680649888,0.979336604887158
"GSX1","Astro","HAvYA",-0.164036432593083,0.507725429930881,0.979336604887158
"HESX1","Astro","HAvYA",-0.109205933663892,0.586138527227616,0.979336604887158
"HMBOX1","Astro","HAvYA",-0.0283074716750953,0.694846026953157,0.979336604887158
"HOXA10","Astro","HAvYA",0.0576894120126474,0.580861991204682,0.979336604887158
"HOXB3","Astro","HAvYA",-0.167052362037627,0.378594586176795,0.979336604887158
"HOXC10","Astro","HAvYA",-0.0719719947709778,0.314251199943576,0.979336604887158
"HOXC12","Astro","HAvYA",-0.0312041842724893,0.585341545395543,0.979336604887158
"HOXC13","Astro","HAvYA",-0.0656854815955983,0.402712948861715,0.979336604887158
"HOXD11","Astro","HAvYA",-0.0510801664673236,0.392071214957494,0.979336604887158
"ISL2","Astro","HAvYA",-0.102392594714088,0.282972873807322,0.979336604887158
"FOXK1","Astro","HAvYA",-0.0127551855077393,0.907464698838909,0.992613754768314
"GATA2","Astro","HAvYA",-0.175947512402707,0.325907000521522,0.979336604887158
"HIF1A","Astro","HAvYA",0.0345836411605503,0.643858985257473,0.979336604887158
"MYC","Astro","HAvYA",-0.00205124645522255,0.985454981726864,0.995976016570843
"MYB","Astro","HAvYA",-0.107053138472289,0.228656860535351,0.979336604887158
"MYCN","Astro","HAvYA",0.0248143127167151,0.796887372386367,0.979336604887158
"NEUROD1","Astro","HAvYA",-0.317659376497363,0.169718854512038,0.979336604887158
"NFIC","Astro","HAvYA",0.155346937325958,0.544845010651754,0.979336604887158
"NFYA","Astro","HAvYA",-0.182965612167601,0.133636024728642,0.979336604887158
"NR1H4","Astro","HAvYA",0.0419760240101316,0.53194981304314,0.979336604887158
"NR2F2","Astro","HAvYA",-0.0744167501465547,0.499987356474054,0.979336604887158
"PAX5","Astro","HAvYA",0.00724348018559362,0.932183031132234,0.995976016570843
"PBX3","Astro","HAvYA",-0.0447113219224804,0.748178268407014,0.979336604887158
"POU5F1","Astro","HAvYA",-0.210292379098474,0.143040428177519,0.979336604887158
"RBPJ","Astro","HAvYA",-0.153624734492466,0.313890441409101,0.979336604887158
"RELB","Astro","HAvYA",-0.0403906153660368,0.633558834239663,0.979336604887158
"SIX1","Astro","HAvYA",-0.0401177662178734,0.656226962571476,0.979336604887158
"SIX2","Astro","HAvYA",0.0106239410529801,0.915744924266145,0.992613754768314
"SOX10","Astro","HAvYA",-0.0305594077491893,0.71507558107053,0.979336604887158
"SOX13","Astro","HAvYA",-0.0832454933353937,0.62747763758323,0.979336604887158
"TEAD2","Astro","HAvYA",0.107754114158303,0.297039960066629,0.979336604887158
"TFDP1","Astro","HAvYA",-0.0265905007118645,0.815340269787571,0.979336604887158
"ZBTB7A","Astro","HAvYA",-0.137675593609743,0.162394205049441,0.979336604887158
"ZEB1","Astro","HAvYA",-0.0561345587182206,0.807408948047312,0.979336604887158
"ZNF24","Astro","HAvYA",-0.0959994985855811,0.341337233702043,0.979336604887158
"ZNF384","Astro","HAvYA",0.190165064799744,0.115374050513749,0.979336604887158
"ZNF282","Astro","HAvYA",-0.0494646071850174,0.660098281118745,0.979336604887158
"ZSCAN4","Astro","HAvYA",-0.136573435214765,0.41118688340773,0.979336604887158
"GATA3","Astro","HAvYA",-0.132002744261014,0.398018967727617,0.979336604887158
"FOS::JUN","Astro","HAvYA",0.692160384081966,0.237385871621939,0.979336604887158
"FOS::JUN(var.2)","Astro","HAvYA",0.121850662007053,0.361345993168874,0.979336604887158
"FOSB::JUN","Astro","HAvYA",0.0939542810424578,0.587427983967753,0.979336604887158
"FOSL1::JUN","Astro","HAvYA",0.699296995506034,0.253777291501807,0.979336604887158
"FOSL1::JUN(var.2)","Astro","HAvYA",0.136355510094618,0.404938800468385,0.979336604887158
"FOSL2::JUN","Astro","HAvYA",0.696689415110192,0.252086725500329,0.979336604887158
"FOSL2::JUN(var.2)","Astro","HAvYA",0.120613086770936,0.495086294976441,0.979336604887158
"JUN::JUNB","Astro","HAvYA",0.555858502004689,0.259280933050495,0.979336604887158
"JUN::JUNB(var.2)","Astro","HAvYA",0.123643686319244,0.434595906229214,0.979336604887158
"FOS::JUNB","Astro","HAvYA",0.673434044831615,0.257128636893476,0.979336604887158
"FOSB::JUNB","Astro","HAvYA",0.658493867290119,0.249667436628696,0.979336604887158
"FOSB::JUNB(var.2)","Astro","HAvYA",0.107887012309736,0.50623530756371,0.979336604887158
"FOSL1::JUNB","Astro","HAvYA",0.650280598205014,0.262289713604276,0.979336604887158
"FOSL2::JUNB","Astro","HAvYA",0.66343234866893,0.248978639533653,0.979336604887158
"FOSL2::JUNB(var.2)","Astro","HAvYA",0.120484919044863,0.462099281228375,0.979336604887158
"FOS::JUND","Astro","HAvYA",0.726623251772171,0.244816332873063,0.979336604887158
"FOSL1::JUND","Astro","HAvYA",0.615516044963956,0.26412110187785,0.979336604887158
"FOSL1::JUND(var.2)","Astro","HAvYA",0.103939588057283,0.444713980440174,0.979336604887158
"FOSL2::JUND","Astro","HAvYA",0.6565909705388,0.250906966311782,0.979336604887158
"FOSL2::JUND(var.2)","Astro","HAvYA",0.0709561715824934,0.683079605924006,0.979336604887158
"NR1H4::RXRA","Astro","HAvYA",-0.0410478497736395,0.537817090804773,0.979336604887158
"NR4A2::RXRA","Astro","HAvYA",-0.0647082444216582,0.31988080316211,0.979336604887158
"PPARA::RXRA","Astro","HAvYA",0.00264268819846547,0.976509326353133,0.995976016570843
"RARA::RXRG","Astro","HAvYA",-0.0546115942578748,0.649673276072872,0.979336604887158
"RORB","Astro","HAvYA",-0.114756067467623,0.496233074946004,0.979336604887158
"RORC","Astro","HAvYA",-0.171631685616465,0.396336647925499,0.979336604887158
"SOX15","Astro","HAvYA",0.102149126963485,0.494951171003127,0.979336604887158
"TFE3","Astro","HAvYA",0.11846160876496,0.361397531497575,0.979336604887158
"VDR","Astro","HAvYA",0.0204773571314437,0.77954189407456,0.979336604887158
"IRF3","Astro","HAvYA",0.046455039482632,0.641238873511212,0.979336604887158
"IRF4","Astro","HAvYA",0.0608026440057619,0.572995019218187,0.979336604887158
"IRF5","Astro","HAvYA",0.00473701313638281,0.959698502868949,0.995976016570843
"TCF7L1","Astro","HAvYA",-0.0273619199988694,0.76945378698984,0.979336604887158
"ARGFX","Astro","HAvYA",-0.143857850766051,0.496579027007229,0.979336604887158
"ARNT2","Astro","HAvYA",0.0237836051768566,0.825218332495441,0.981315537512654
"ATF6","Astro","HAvYA",0.0468884002128529,0.628144349531004,0.979336604887158
"ATOH1(var.2)","Astro","HAvYA",-0.105523767984556,0.572431976586126,0.979336604887158
"ATOH7","Astro","HAvYA",-0.161719842331352,0.295148014755105,0.979336604887158
"BACH2","Astro","HAvYA",0.605496895870425,0.220596968514114,0.979336604887158
"BACH2(var.2)","Astro","HAvYA",0.116310288516327,0.281890713631957,0.979336604887158
"BARX2","Astro","HAvYA",0.011711454787586,0.904131833901005,0.991881197329872
"BHLHA15(var.2)","Astro","HAvYA",-0.121630535711892,0.510988333870881,0.979336604887158
"CDX4","Astro","HAvYA",0.0225716416127339,0.807796929211118,0.979336604887158
"CREB3L4","Astro","HAvYA",0.0354030840500649,0.713511507258069,0.979336604887158
"CREB3L4(var.2)","Astro","HAvYA",0.107770158218953,0.511613004046087,0.979336604887158
"DLX5","Astro","HAvYA",-0.0597354582759294,0.557571707493212,0.979336604887158
"DMRTA2","Astro","HAvYA",-0.000517097687931234,0.996212138744417,0.997936725356572
"DMRTC2","Astro","HAvYA",-0.00269665891698948,0.983267601226125,0.995976016570843
"DPRX","Astro","HAvYA",-0.0270408780283915,0.785578465657031,0.979336604887158
"DRGX","Astro","HAvYA",-0.102104944844535,0.478756511926337,0.979336604887158
"ELF2","Astro","HAvYA",-0.114790794679275,0.2467170576301,0.979336604887158
"ETS2","Astro","HAvYA",-0.178777818731837,0.0932351882674608,0.979336604887158
"FERD3L","Astro","HAvYA",-0.0757254467643326,0.658234257039822,0.979336604887158
"FOXE1","Astro","HAvYA",0.0215677561835895,0.856133977189629,0.988541523911787
"FOXN3","Astro","HAvYA",0.00355120458519972,0.972131582483788,0.995976016570843
"GLI3","Astro","HAvYA",-0.0527796225095864,0.69997637510591,0.979336604887158
"HES6","Astro","HAvYA",-0.0822940034543879,0.362549075109709,0.979336604887158
"HNF4A(var.2)","Astro","HAvYA",0.0322904003628539,0.750096515460936,0.979336604887158
"HOXA1","Astro","HAvYA",-0.0246158237252476,0.803710497363118,0.979336604887158
"HOXA4","Astro","HAvYA",0.0103301745207516,0.877258514837736,0.988541523911787
"HOXA6","Astro","HAvYA",-0.140946166266185,0.257922016623176,0.979336604887158
"HOXA7","Astro","HAvYA",-0.0433212920352622,0.452372801484575,0.979336604887158
"HOXB4","Astro","HAvYA",-0.0599541618145089,0.493694158674661,0.979336604887158
"HOXB6","Astro","HAvYA",-0.13594860939921,0.325741866764989,0.979336604887158
"HOXB7","Astro","HAvYA",-0.105173118932524,0.489655142568141,0.979336604887158
"HOXB8","Astro","HAvYA",-0.0452552576978953,0.40179423915902,0.979336604887158
"HOXB9","Astro","HAvYA",-0.0642285987211737,0.318680122937299,0.979336604887158
"HOXC4","Astro","HAvYA",-0.0495930453978759,0.537152288468705,0.979336604887158
"HOXC8","Astro","HAvYA",-0.119438968156496,0.168231527984813,0.979336604887158
"HOXD10","Astro","HAvYA",-0.0153831012085173,0.823333185472693,0.981315537512654
"HOXD4","Astro","HAvYA",-0.0776755873259581,0.285198804301555,0.979336604887158
"IKZF1","Astro","HAvYA",-0.188231846085116,0.0562179385161701,0.979336604887158
"IRF6","Astro","HAvYA",0.0621406116297651,0.234340729863787,0.979336604887158
"KLF10","Astro","HAvYA",-0.00686636124924286,0.968550365325943,0.995976016570843
"KLF11","Astro","HAvYA",-0.0543221114771248,0.739244897118426,0.979336604887158
"KLF15","Astro","HAvYA",0.0202731583524526,0.892951852729603,0.988541523911787
"KLF17","Astro","HAvYA",-0.115074635012959,0.44892963915784,0.979336604887158
"KLF2","Astro","HAvYA",0.014181481352231,0.933157809152624,0.995976016570843
"KLF3","Astro","HAvYA",0.0942922826346553,0.592465681524007,0.979336604887158
"KLF6","Astro","HAvYA",0.0254305009646528,0.893279228558518,0.988541523911787
"LHX1","Astro","HAvYA",-0.0850820643584118,0.448175450793882,0.979336604887158
"LHX5","Astro","HAvYA",-0.18701517546638,0.380315360493326,0.979336604887158
"MAF","Astro","HAvYA",0.0433068800203959,0.654590709619701,0.979336604887158
"MAFA","Astro","HAvYA",0.0458705708047598,0.6702263917798,0.979336604887158
"MAZ","Astro","HAvYA",-0.107910069485168,0.370341270480295,0.979336604887158
"MSANTD3","Astro","HAvYA",-0.0839434746776862,0.553739564666874,0.979336604887158
"MSGN1","Astro","HAvYA",-0.123180691211338,0.191105349760215,0.979336604887158
"NFATC4","Astro","HAvYA",0.0688556312031363,0.537136230680424,0.979336604887158
"NFIC(var.2)","Astro","HAvYA",0.122294310791518,0.443921020206489,0.979336604887158
"NFIX(var.2)","Astro","HAvYA",0.13677165406082,0.462831539653981,0.979336604887158
"NHLH2","Astro","HAvYA",-0.127008170559836,0.469535486870796,0.979336604887158
"NKX6-3","Astro","HAvYA",-0.110430349582706,0.379656232374873,0.979336604887158
"NR1D1","Astro","HAvYA",-0.0854089805117306,0.361159475694046,0.979336604887158
"NR1D2","Astro","HAvYA",-0.0896611279280027,0.393806855180458,0.979336604887158
"NR1I2","Astro","HAvYA",-0.0426331556496406,0.557581885958946,0.979336604887158
"NR1I3","Astro","HAvYA",0.0525011543486311,0.499809894909474,0.979336604887158
"NR2C1","Astro","HAvYA",-0.00367455944743193,0.97279859660287,0.995976016570843
"NR2C2(var.2)","Astro","HAvYA",-0.0118221718334617,0.901903329994524,0.991154180358565
"NR2F1(var.2)","Astro","HAvYA",-0.0303801876207371,0.78155362051157,0.979336604887158
"NR2F1(var.3)","Astro","HAvYA",0.00260863756897994,0.977493687332999,0.995976016570843
"NR2F6(var.3)","Astro","HAvYA",-0.0234366383197093,0.797971302586892,0.979336604887158
"NR5A1","Astro","HAvYA",-0.0963180601863888,0.336512360039601,0.979336604887158
"NR6A1","Astro","HAvYA",-0.006296710408843,0.946216995162622,0.995976016570843
"OSR1","Astro","HAvYA",-0.0907873335933995,0.3489822800928,0.979336604887158
"OVOL1","Astro","HAvYA",-0.0379889780859724,0.454979405191182,0.979336604887158
"OVOL2","Astro","HAvYA",-0.0458535460259682,0.425503755944987,0.979336604887158
"PAX3(var.2)","Astro","HAvYA",0.0318245064017305,0.511971296573853,0.979336604887158
"PITX2","Astro","HAvYA",0.0288527334006455,0.675030925941188,0.979336604887158
"PLAGL2","Astro","HAvYA",-0.0422094352260592,0.679965260534695,0.979336604887158
"POU6F1(var.2)","Astro","HAvYA",-0.098382885236955,0.482232557178994,0.979336604887158
"PPARD","Astro","HAvYA",-0.0179591893194063,0.848943615558557,0.988541523911787
"RARB(var.3)","Astro","HAvYA",-0.0165822471676215,0.732512285776358,0.979336604887158
"RARG(var.3)","Astro","HAvYA",0.0069102752909963,0.873776519234122,0.988541523911787
"RFX7","Astro","HAvYA",0.10436419461047,0.247642912621216,0.979336604887158
"RXRB(var.2)","Astro","HAvYA",0.0413780771541195,0.606630283468874,0.979336604887158
"RXRG(var.2)","Astro","HAvYA",0.00144801442909587,0.986535485608086,0.995976016570843
"SMAD5","Astro","HAvYA",-0.050878258926867,0.357787959263501,0.979336604887158
"SNAI1","Astro","HAvYA",-0.0947607076325143,0.698647561734372,0.979336604887158
"SNAI3","Astro","HAvYA",-0.085344966429318,0.712816139680047,0.979336604887158
"SOHLH2","Astro","HAvYA",-0.0543803141559902,0.619001213185286,0.979336604887158
"SOX12","Astro","HAvYA",0.0111942597783904,0.87909164309109,0.988541523911787
"SOX14","Astro","HAvYA",-0.0788321778785434,0.602348335370297,0.979336604887158
"SOX18","Astro","HAvYA",-0.0517217651163256,0.66007968114724,0.979336604887158
"SP9","Astro","HAvYA",-0.0164972013411805,0.910377933733314,0.992613754768314
"TBX18","Astro","HAvYA",-0.0952405618696413,0.531435186195926,0.979336604887158
"TBX3","Astro","HAvYA",-0.036860885597341,0.803218174835487,0.979336604887158
"TBX6","Astro","HAvYA",-0.0477926013206855,0.729325616419834,0.979336604887158
"TCF21(var.2)","Astro","HAvYA",-0.181387805002461,0.183045086726653,0.979336604887158
"TFAP2E","Astro","HAvYA",0.0731525975616332,0.581656575170223,0.979336604887158
"TFAP4(var.2)","Astro","HAvYA",-0.0666126715266115,0.490411772686691,0.979336604887158
"TGIF2LX","Astro","HAvYA",-0.0728761169528096,0.554558254302882,0.979336604887158
"TGIF2LY","Astro","HAvYA",-0.0498101191084037,0.68082957309716,0.979336604887158
"THAP11","Astro","HAvYA",-0.141968773324069,0.257637039478323,0.979336604887158
"THRB","Astro","HAvYA",-0.0653847092475199,0.559751553504767,0.979336604887158
"THRB(var.2)","Astro","HAvYA",-0.0508467618152203,0.592008416310804,0.979336604887158
"THRB(var.3)","Astro","HAvYA",-0.0989489130859201,0.312417315576962,0.979336604887158
"TLX2","Astro","HAvYA",-0.19043103565739,0.43928970737023,0.979336604887158
"VEZF1","Astro","HAvYA",-0.0172466812951592,0.866113369752603,0.988541523911787
"ZBTB26","Astro","HAvYA",-0.0598765853168571,0.58002695165907,0.979336604887158
"ZBTB32","Astro","HAvYA",-0.219194075563973,0.0802214016361664,0.979336604887158
"ZBTB6","Astro","HAvYA",-0.0513684373881694,0.668003127119652,0.979336604887158
"ZFP57","Astro","HAvYA",-0.0465724586166259,0.658885139214039,0.979336604887158
"ZIC5","Astro","HAvYA",0.00570645174624262,0.966031602727811,0.995976016570843
"ZKSCAN1","Astro","HAvYA",-0.0638464836913484,0.402194877565281,0.979336604887158
"ZNF135","Astro","HAvYA",0.0719463318659946,0.589988198017579,0.979336604887158
"ZNF136","Astro","HAvYA",0.0677854935135614,0.434027887375956,0.979336604887158
"ZNF140","Astro","HAvYA",-0.0961103627772266,0.396186309133818,0.979336604887158
"ZNF274","Astro","HAvYA",-0.0449287020678093,0.633306368109957,0.979336604887158
"ZNF317","Astro","HAvYA",-0.0976885955572579,0.508769457853505,0.979336604887158
"ZNF382","Astro","HAvYA",-0.0256777127542032,0.810861185960151,0.979336604887158
"ZNF460","Astro","HAvYA",0.0391787385300378,0.757038436282355,0.979336604887158
"ZNF528","Astro","HAvYA",-0.00937038607949692,0.923319445098003,0.995173749462582
"ZNF682","Astro","HAvYA",-0.0431662490466181,0.729368785690003,0.979336604887158
"ZNF684","Astro","HAvYA",-0.121648229769268,0.31435803944485,0.979336604887158
"ZNF75D","Astro","HAvYA",-0.17275712066812,0.199986060846159,0.979336604887158
"ZSCAN29","Astro","HAvYA",-0.0879156350776589,0.329917003142503,0.979336604887158
"ASCL1","Astro","HAvYA",-0.0666635083234625,0.709869686920071,0.979336604887158
"ATF3","Astro","HAvYA",0.129784874021865,0.492068726294336,0.979336604887158
"BARHL1","Astro","HAvYA",-0.0447186743608523,0.391459807939015,0.979336604887158
"BATF::JUN","Astro","HAvYA",0.667146609467094,0.247732741264817,0.979336604887158
"BCL6","Astro","HAvYA",-0.0582688161582141,0.523900992042601,0.979336604887158
"CDX1","Astro","HAvYA",-0.00436847367138937,0.961900519194389,0.995976016570843
"E2F2","Astro","HAvYA",0.0690813950624492,0.281280487260554,0.979336604887158
"E2F3","Astro","HAvYA",0.0459675968093441,0.124110976316677,0.979336604887158
"E2F4","Astro","HAvYA",0.0288464394137134,0.538033924557795,0.979336604887158
"EMX1","Astro","HAvYA",-0.0551932881069033,0.753328447569121,0.979336604887158
"FOXD2","Astro","HAvYA",0.034140219898274,0.776069295580093,0.979336604887158
"GATA5","Astro","HAvYA",-0.185080707887245,0.273033201824651,0.979336604887158
"GFI1","Astro","HAvYA",-0.0783784342090215,0.372370327298251,0.979336604887158
"GLI2","Astro","HAvYA",-0.0420163143618257,0.759566672654026,0.979336604887158
"GSX2","Astro","HAvYA",-0.0551932881069033,0.753328447569121,0.979336604887158
"HES1","Astro","HAvYA",0.110537544441579,0.296472558968915,0.979336604887158
"HES2","Astro","HAvYA",0.0270817406936144,0.786964563411364,0.979336604887158
"HOXA13","Astro","HAvYA",-0.0394492867315582,0.596041585700755,0.979336604887158
"HOXA2","Astro","HAvYA",-0.0645622520481788,0.667303189153885,0.979336604887158
"HOXA5","Astro","HAvYA",-0.0246158237252476,0.803710497363118,0.979336604887158
"HOXA9","Astro","HAvYA",-0.0115467775842789,0.791926629692583,0.979336604887158
"HOXB2","Astro","HAvYA",-0.0551932881069033,0.753328447569121,0.979336604887158
"HOXB5","Astro","HAvYA",-0.0246158237252476,0.803710497363118,0.979336604887158
"HOXC9","Astro","HAvYA",-0.0708466317973854,0.273836981653643,0.979336604887158
"HOXD13","Astro","HAvYA",-0.0597751001154778,0.523732040269565,0.979336604887158
"HOXD3","Astro","HAvYA",-0.0551932881069033,0.753328447569121,0.979336604887158
"HOXD8","Astro","HAvYA",-0.0433212920352622,0.452372801484575,0.979336604887158
"HOXD9","Astro","HAvYA",-0.0075683762077271,0.934260528529394,0.995976016570843
"JUNB(var.2)","Astro","HAvYA",0.14852288507015,0.380273191663607,0.979336604887158
"LHX9","Astro","HAvYA",-0.19043103565739,0.43928970737023,0.979336604887158
"LMX1A","Astro","HAvYA",-0.11519646676951,0.417744647902244,0.979336604887158
"LMX1B","Astro","HAvYA",-0.0877996267584209,0.630957151004321,0.979336604887158
"NEUROG1","Astro","HAvYA",-0.219465953981226,0.117639754139001,0.979336604887158
"NRL","Astro","HAvYA",0.0267477970351561,0.79247390500175,0.979336604887158
"PITX1","Astro","HAvYA",-0.0115012058327194,0.880333305990762,0.988541523911787
"PRRX2","Astro","HAvYA",-0.19043103565739,0.43928970737023,0.979336604887158
"SOX4","Astro","HAvYA",-0.0338821525806939,0.78375615818692,0.979336604887158
"SOX8","Astro","HAvYA",-0.0582993656152644,0.774160994279807,0.979336604887158
"SP1","Astro","HAvYA",0.0307114459028562,0.857104830275113,0.988541523911787
"SP2","Astro","HAvYA",-0.104362376367928,0.49258741266726,0.979336604887158
"SP3","Astro","HAvYA",-0.00808569498116191,0.959683782028358,0.995976016570843
"TCFL5","Astro","HAvYA",0.0759703028111529,0.491982436964034,0.979336604887158
"TFEC","Astro","HAvYA",0.0808270121935679,0.521786341379803,0.979336604887158
"ZNF740","Astro","HAvYA",-0.0979215271872488,0.417166049350632,0.979336604887158
"ASCL1(var.2)","Astro","HAvYA",-0.0494508899935373,0.832834067567975,0.987235889083386
"ATF2","Astro","HAvYA",0.0945023157547354,0.558832924191991,0.979336604887158
"BACH1","Astro","HAvYA",0.505118490795154,0.256828657877243,0.979336604887158
"BATF","Astro","HAvYA",0.662866850253293,0.252259644103971,0.979336604887158
"BHLHE22(var.2)","Astro","HAvYA",-0.108226759541592,0.559793430196825,0.979336604887158
"CEBPG(var.2)","Astro","HAvYA",0.0239911390304613,0.826289386246832,0.981315537512654
"EBF3","Astro","HAvYA",-0.0496922697534559,0.706108429620787,0.979336604887158
"HAND2","Astro","HAvYA",-0.257541735478649,0.216067272775176,0.979336604887158
"MEIS1(var.2)","Astro","HAvYA",-0.0445655628989725,0.637987945897396,0.979336604887158
"MEIS2(var.2)","Astro","HAvYA",-0.0430630218942897,0.691144529673168,0.979336604887158
"MYF5","Astro","HAvYA",-0.127614065158287,0.519970913708304,0.979336604887158
"NEUROG2(var.2)","Astro","HAvYA",-0.307009009386371,0.182966338598602,0.979336604887158
"NFIB","Astro","HAvYA",0.16745477508695,0.37852613419524,0.979336604887158
"NFYC","Astro","HAvYA",-0.175532254710495,0.159410023862238,0.979336604887158
"NKX2-2","Astro","HAvYA",-0.137331247569831,0.259285224096138,0.979336604887158
"OSR2","Astro","HAvYA",-0.105912035960343,0.434333906523215,0.979336604887158
"PRDM4","Astro","HAvYA",-0.118867672168205,0.275004643718397,0.979336604887158
"TCF12(var.2)","Astro","HAvYA",-0.0696088399452031,0.776644922125805,0.979336604887158
"ZBTB12","Astro","HAvYA",-0.0704912065777274,0.475619620329989,0.979336604887158
"ZBTB14","Astro","HAvYA",0.0411186306524044,0.73361659700952,0.979336604887158
"ZFP42","Astro","HAvYA",-0.0571480633533662,0.434579160683333,0.979336604887158
"ZKSCAN5","Astro","HAvYA",-0.165729347477809,0.215980301671303,0.979336604887158
"ZNF148","Astro","HAvYA",-0.0963827421612635,0.38097759304839,0.979336604887158
"ZNF16","Astro","HAvYA",-0.114739594002381,0.360579529480292,0.979336604887158
"ZNF341","Astro","HAvYA",-0.125350806985379,0.142734742160486,0.979336604887158
"ZNF449","Astro","HAvYA",-0.0504455651410557,0.6595737041431,0.979336604887158
"ZNF652","Astro","HAvYA",-0.0403380223633932,0.712087356592295,0.979336604887158
"FOXA3","Astro","HAvYA",-0.0205853679773582,0.878222147261006,0.988541523911787
"ATF4","Astro","HAvYA",0.0788275410766494,0.493920491457954,0.979336604887158
"BATF3","Astro","HAvYA",0.586597901978537,0.283286772893189,0.979336604887158
"CDX2","Astro","HAvYA",0.0146048490792096,0.890012758411206,0.988541523911787
"CEBPA","Astro","HAvYA",0.113998774847952,0.324623669826838,0.979336604887158
"CEBPD","Astro","HAvYA",0.117420344288419,0.373946097354687,0.979336604887158
"CREB1","Astro","HAvYA",0.0964334668057211,0.610514880569527,0.979336604887158
"CTCFL","Astro","HAvYA",-0.121848301341046,0.552257463887215,0.979336604887158
"E2F6","Astro","HAvYA",-0.0758462856458491,0.54902307127787,0.979336604887158
"EBF1","Astro","HAvYA",-0.0509550780492616,0.716088387255471,0.979336604887158
"EGR1","Astro","HAvYA",-0.09252660209016,0.52311319808961,0.979336604887158
"EHF","Astro","HAvYA",-0.262498130160386,0.00394734991190271,0.5172314842459
"ELF1","Astro","HAvYA",-0.237992868693513,0.00547607043955542,0.5172314842459
"ELF3","Astro","HAvYA",-0.218452587060502,0.0026901656671146,0.5172314842459
"ESRRA","Astro","HAvYA",-0.107486410799027,0.368736982199229,0.979336604887158
"ETV1","Astro","HAvYA",-0.250983554001179,0.00130672515317859,0.5172314842459
"ETV4","Astro","HAvYA",-0.226777908850338,0.00571977944663712,0.5172314842459
"ETV5","Astro","HAvYA",-0.167097871587788,0.111703550439683,0.979336604887158
"FOSL1","Astro","HAvYA",0.675248600493782,0.252228603812285,0.979336604887158
"FOXA1","Astro","HAvYA",-0.00773766701724656,0.961533427385553,0.995976016570843
"FOXA2","Astro","HAvYA",-0.0299607097708174,0.83493696717285,0.987878692000774
"FOXK2","Astro","HAvYA",-8.03986411444385e-05,0.999519887413698,0.999519887413698
"FOXP1","Astro","HAvYA",0.00765341256748712,0.957110799913869,0.995976016570843
"GABPA","Astro","HAvYA",-0.25979967510354,0.00366400959675113,0.5172314842459
"GATA1","Astro","HAvYA",-0.0949439470791438,0.380303259750767,0.979336604887158
"GATA4","Astro","HAvYA",-0.191827872661588,0.287645317109822,0.979336604887158
"GATA6","Astro","HAvYA",-0.122842697916571,0.459206403613199,0.979336604887158
"GRHL2","Astro","HAvYA",0.0409375387180622,0.677501589357669,0.979336604887158
"HLF","Astro","HAvYA",-0.00737068599562096,0.940011781631566,0.995976016570843
"HNF4A","Astro","HAvYA",0.0264782296228095,0.785448450970897,0.979336604887158
"HNF4G","Astro","HAvYA",0.0151083069139019,0.883988688418696,0.988541523911787
"HOXB13","Astro","HAvYA",0.0181959697566704,0.874329352419426,0.988541523911787
"JUNB","Astro","HAvYA",0.567807217029483,0.277836108983315,0.979336604887158
"JUND","Astro","HAvYA",0.611571816967428,0.255313785192297,0.979336604887158
"KLF4","Astro","HAvYA",-0.0637115826655311,0.636960166781996,0.979336604887158
"KLF9","Astro","HAvYA",-0.0670624724861072,0.707971148866853,0.979336604887158
"LHX2","Astro","HAvYA",-0.0423807181574474,0.759690567707242,0.979336604887158
"MAFF","Astro","HAvYA",0.0586232211951048,0.585468731149228,0.979336604887158
"MAFG","Astro","HAvYA",0.0432241374388476,0.703293776309909,0.979336604887158
"MAFK","Astro","HAvYA",0.319552550016746,0.236499101377224,0.979336604887158
"MEF2A","Astro","HAvYA",0.0883263483392619,0.545246547390658,0.979336604887158
"MITF","Astro","HAvYA",0.154202457678534,0.222580451716729,0.979336604887158
"MXI1","Astro","HAvYA",-0.102411122162502,0.400965172573768,0.979336604887158
"MYOD1","Astro","HAvYA",-0.161213756759492,0.474428317915419,0.979336604887158
"MYOG","Astro","HAvYA",-0.128753701682692,0.480565056603516,0.979336604887158
"MZF1","Astro","HAvYA",-0.0787566878758561,0.558984644610205,0.979336604887158
"NFE2L1","Astro","HAvYA",0.440774295093577,0.20351760057028,0.979336604887158
"NFIL3","Astro","HAvYA",-0.0619238240771919,0.543832618918961,0.979336604887158
"NFYB","Astro","HAvYA",-0.130788135019656,0.16129145054889,0.979336604887158
"NKX2-5","Astro","HAvYA",-0.0900118700052469,0.249626732169873,0.979336604887158
"NR4A1","Astro","HAvYA",0.048194955372884,0.70156565087087,0.979336604887158
"ONECUT1","Astro","HAvYA",0.0109088936200241,0.916930127661093,0.992613754768314
"OTX2","Astro","HAvYA",-0.013145493393789,0.88243726946514,0.988541523911787
"PBX2","Astro","HAvYA",-0.0285876718837497,0.770859294802609,0.979336604887158
"PHOX2B","Astro","HAvYA",-0.018069638801412,0.896010467432826,0.989833553027887
"PKNOX1","Astro","HAvYA",-0.0530104085168441,0.740086601752314,0.979336604887158
"POU2F3","Astro","HAvYA",-0.20549711331479,0.137100886111506,0.979336604887158
"PRDM1","Astro","HAvYA",-0.0603017031848317,0.676291180512111,0.979336604887158
"RFX1","Astro","HAvYA",0.367045544583244,0.047010349960884,0.979336604887158
"RFX3","Astro","HAvYA",0.360603519222252,0.0608227140049021,0.979336604887158
"RUNX3","Astro","HAvYA",-0.0441668020067929,0.531909759745275,0.979336604887158
"SCRT1","Astro","HAvYA",-0.0389699799787124,0.760479993156334,0.979336604887158
"SCRT2","Astro","HAvYA",0.0135513307693039,0.919532816960964,0.993283742553396
"SNAI2","Astro","HAvYA",-0.0899368950140342,0.670522987426214,0.979336604887158
"SOX2","Astro","HAvYA",-0.0538551453307938,0.747094667909924,0.979336604887158
"SPI1","Astro","HAvYA",-0.150244238465849,0.0685205528259394,0.979336604887158
"SPIB","Astro","HAvYA",-0.239061070951833,0.00469440231421927,0.5172314842459
"SREBF1(var.2)","Astro","HAvYA",0.0852439915533121,0.302967080000628,0.979336604887158
"TCF3","Astro","HAvYA",-0.0726163319620022,0.766414445760753,0.979336604887158
"TCF4","Astro","HAvYA",-0.0377404652323351,0.87534515179387,0.988541523911787
"TCF7","Astro","HAvYA",-0.0449227126621785,0.638720499776517,0.979336604887158
"TEAD1","Astro","HAvYA",0.140272817572118,0.185437145617586,0.979336604887158
"TEAD4","Astro","HAvYA",0.184107722911152,0.109528937025321,0.979336604887158
"TFAP2A","Astro","HAvYA",-0.0830629638017329,0.542394079674136,0.979336604887158
"TFAP2C(var.2)","Astro","HAvYA",-0.0616622899345116,0.634427531293666,0.979336604887158
"TWIST1","Astro","HAvYA",-0.16035940584553,0.419115732116207,0.979336604887158
"USF1","Astro","HAvYA",0.165461490075189,0.213038012783298,0.979336604887158
"USF2","Astro","HAvYA",0.151219542635795,0.255061974627705,0.979336604887158
"YY2","Astro","HAvYA",-0.0489387104603975,0.643333735127791,0.979336604887158
"ZNF263","Astro","HAvYA",-0.10495806324642,0.447697257788682,0.979336604887158
"CREM","Astro","HAvYA",0.0963200490693823,0.575783098430717,0.979336604887158
"FOXF2","Astro","ADvHA",0.279742511619236,5.47451415178811e-05,0.000597477147945151
"FOXD1","Astro","ADvHA",0.317697334362722,2.25402543585661e-05,0.000423986877315771
"IRF2","Astro","ADvHA",0.292349861337849,0.0222535588548183,0.0364935304536268
"MZF1(var.2)","Astro","ADvHA",0.284860727290705,0.0193889222004388,0.0326414567895685
"MAX::MYC","Astro","ADvHA",0.287298152432793,0.00116072106423435,0.00378730120443476
"PPARG","Astro","ADvHA",0.301796701641732,0.00192356307943216,0.00535137730205374
"PAX6","Astro","ADvHA",0.26481492301343,0.00164495654799428,0.0048430581157227
"PBX1","Astro","ADvHA",0.273895191614859,0.00753902200398729,0.0149598775188839
"RORA","Astro","ADvHA",0.261886464652626,0.0462184513410092,0.0691637817939925
"RORA(var.2)","Astro","ADvHA",0.130995243598537,0.368041345362439,0.445449658918592
"RREB1","Astro","ADvHA",0.349945754829696,0.00383840048666039,0.00896571036183035
"RXRA::VDR","Astro","ADvHA",0.225647861689764,0.00795299411029326,0.0155782436581276
"SOX9","Astro","ADvHA",0.378214744953688,0.000295159849761976,0.00158654278010875
"SRY","Astro","ADvHA",0.371236612049828,6.93971223861516e-06,0.00029285585646956
"TAL1::TCF3","Astro","ADvHA",0.4934843340836,0.000228460186304826,0.00136429526349957
"REL","Astro","ADvHA",0.298095531270503,0.0265481712427172,0.0427607949023919
"RELA","Astro","ADvHA",0.316132162578781,0.0171596519085363,0.0296777586286981
"NR1H2::RXRA","Astro","ADvHA",0.25495712674546,0.00110867143203321,0.00374433405503014
"NFIC::TLX1","Astro","ADvHA",0.45363260193208,0.0140205585500058,0.0251416814791889
"ZNF354C","Astro","ADvHA",0.52674121935856,0.000598974076098624,0.00254463483335858
"CTCF","Astro","ADvHA",0.173997404172741,0.528505888441769,0.590025092387372
"EWSR1-FLI1","Astro","ADvHA",0.500228945338969,0.000253203705564055,0.00147043986809217
"REST","Astro","ADvHA",0.531229452407913,7.00731860006649e-05,0.000663492652604412
"NFATC2","Astro","ADvHA",0.691031702420958,0.00306165049734189,0.00751172389464114
"INSM1","Astro","ADvHA",0.394217138217604,0.0013062906604592,0.00408160146112183
"RARA::RXRA","Astro","ADvHA",0.32937222314537,0.00463486219097875,0.0102425098974724
"NR4A2","Astro","ADvHA",0.357893374293879,0.000446979730012259,0.00207968812937521
"PLAG1","Astro","ADvHA",0.324436561863363,0.0030835813618014,0.00753632047112079
"ARNT::HIF1A","Astro","ADvHA",0.202354219448483,0.00871019891157267,0.0166572686133701
"DUX4","Astro","ADvHA",0.326031570520247,0.00177196964746379,0.00512172048787479
"FOS","Astro","ADvHA",0.680510996421395,0.432439421638569,0.508799542559878
"FOSL2","Astro","ADvHA",0.65333123226504,0.454953612560785,0.528414012387114
"FOXH1","Astro","ADvHA",0.40010157859315,6.36375767544229e-05,0.0006550170587188
"JUN","Astro","ADvHA",0.212390393205639,0.228702455066035,0.292461927387474
"JUN(var.2)","Astro","ADvHA",0.619022680583422,0.46083078382962,0.533283155693143
"JUND(var.2)","Astro","ADvHA",0.178871579858264,0.273961660614989,0.343401447859976
"MEF2C","Astro","ADvHA",0.445403723927403,0.00179495635694359,0.00512259928686377
"MAF::NFE2","Astro","ADvHA",0.592714579245823,0.158001544187965,0.211896138709707
"NR2C2","Astro","ADvHA",0.368194765918592,0.00187641135068836,0.00525561232294573
"NRF1","Astro","ADvHA",0.17053280767373,0.131965590367894,0.179643481081456
"POU2F2","Astro","ADvHA",0.361084301267246,0.00556352151220491,0.0116612884676348
"SMAD2::SMAD3::SMAD4","Astro","ADvHA",0.617681961784643,5.07344676179451e-06,0.000247037830785841
"STAT1::STAT2","Astro","ADvHA",0.351926418379657,0.0159834048168693,0.0279488819035311
"TCF7L2","Astro","ADvHA",0.353609052233292,0.00446649272186415,0.0101336555302509
"ZBTB33","Astro","ADvHA",-0.00277216143923731,0.965847748950954,0.971989865001517
"ELK4","Astro","ADvHA",-0.145257091469737,0.287519906026581,0.358974557228454
"ESR2","Astro","ADvHA",0.503130298659571,0.000174005393092195,0.00113551973017896
"IRF1","Astro","ADvHA",0.428583097514885,0.00397846656722847,0.00925871079799861
"STAT1","Astro","ADvHA",0.312205659168101,0.155199596712753,0.208580349722235
"STAT3","Astro","ADvHA",0.418681090786219,0.044035758560392,0.0662105348425846
"GATA1::TAL1","Astro","ADvHA",0.428159638883505,0.000750392215505674,0.00289633092936031
"YY1","Astro","ADvHA",-0.0393747066439252,0.592513632832419,0.642227961614592
"FOXP2","Astro","ADvHA",0.462992744251797,3.72296171867357e-07,0.000144421392409674
"SREBF1","Astro","ADvHA",0.366608198783334,0.00486812304344558,0.0104813669608879
"SREBF2","Astro","ADvHA",0.371754721732888,0.00354786845517653,0.00850682095502554
"THAP1","Astro","ADvHA",0.569032320613687,8.62779212779012e-05,0.000769210199562133
"KLF5","Astro","ADvHA",0.343607353177453,0.000819541674439238,0.00309224405144067
"DMRT3","Astro","ADvHA",0.254249554867974,0.000912360944519812,0.0033711926563962
"FOXG1","Astro","ADvHA",0.317697334362722,2.25402543585661e-05,0.000423986877315771
"LBX1","Astro","ADvHA",0.0660791196915247,0.593701880918366,0.642415881403976
"NFATC3","Astro","ADvHA",0.638235472345404,0.00280757194621458,0.00710877216781532
"POU6F1","Astro","ADvHA",0.063198500463351,0.543904246223174,0.601908020732988
"SHOX","Astro","ADvHA",-0.0771455047854921,0.625128964507853,0.670689211073679
"ALX3","Astro","ADvHA",0.035372764797897,0.821240722491857,0.848034873307251
"BARHL2","Astro","ADvHA",0.137191148591396,0.0213618320085031,0.035305586583244
"BHLHE41","Astro","ADvHA",-0.0336906383453447,0.689612546112167,0.728755829196998
"CENPB","Astro","ADvHA",0.0518422887299972,0.372137566984554,0.449547862406914
"CREB3","Astro","ADvHA",0.00292595335515491,0.976489141578072,0.979584194324754
"DBP","Astro","ADvHA",-0.15430685303564,0.0372418640350793,0.0579216214599636
"ELF4","Astro","ADvHA",-0.166933705230309,0.200609444411377,0.260751084830394
"ELF5","Astro","ADvHA",-0.088768320898328,0.378903801176218,0.45598119038887
"EN1","Astro","ADvHA",-0.201355129425806,0.114639641801458,0.157754115783311
"EN2","Astro","ADvHA",-0.0756231561631984,0.553012127652253,0.609349540680894
"ESX1","Astro","ADvHA",-0.0222292586220594,0.862456700072821,0.883390115123132
"ETV6","Astro","ADvHA",-0.120458651542885,0.303879383068287,0.378088276794326
"FLI1","Astro","ADvHA",-0.190994812008985,0.118834781491057,0.162467422643281
"FOXI1","Astro","ADvHA",0.416008251794438,2.36320906517161e-06,0.000153060380095434
"FOXL1","Astro","ADvHA",0.416008251794438,2.36320906517161e-06,0.000153060380095434
"FOXO3","Astro","ADvHA",0.317697334362722,2.25402543585661e-05,0.000423986877315771
"GCM1","Astro","ADvHA",0.348663818038533,0.0001452086187399,0.00107758006825434
"GRHL1","Astro","ADvHA",0.156765609002046,0.0463985223049639,0.0692694920260429
"GSC","Astro","ADvHA",0.152516216775643,0.0199415566447168,0.0332184351476466
"HEY2","Astro","ADvHA",0.149450347976997,0.0958152812859601,0.132715695960641
"HINFP","Astro","ADvHA",0.225572844377463,0.0588995747764301,0.0855124560400923
"HNF1A","Astro","ADvHA",0.252521260450382,0.0140163691923766,0.0251416814791889
"HNF1B","Astro","ADvHA",0.221776371324421,0.00831588495896607,0.0160977222600169
"HOXC11","Astro","ADvHA",0.130187163391763,0.0190636581062231,0.032265496206522
"HSF1","Astro","ADvHA",0.369233036155057,0.00237411976790874,0.00628794064052817
"IRF8","Astro","ADvHA",0.234780881876589,0.0405557364481686,0.0620091332649535
"IRF9","Astro","ADvHA",0.286205916328718,0.0119098710792355,0.0219155476545235
"ISX","Astro","ADvHA",-0.0771455047854921,0.625128964507853,0.670689211073679
"JDP2","Astro","ADvHA",0.501923938414108,0.458072421991678,0.531061983737604
"JDP2(var.2)","Astro","ADvHA",-0.1303682168308,0.522150515814492,0.584993409753227
"KLF13","Astro","ADvHA",0.213816140520666,0.0519721541030223,0.0768653587551708
"LHX6","Astro","ADvHA",-0.0364007200935317,0.774023766936542,0.807177997480776
"MEF2B","Astro","ADvHA",0.325372320841504,0.00512654487210085,0.0108658932841688
"MEOX1","Astro","ADvHA",0.0440487123830338,0.744521817988517,0.781562704455607
"MIXL1","Astro","ADvHA",0.0850435671563761,0.568721263983997,0.623917781805667
"MLX","Astro","ADvHA",-0.0173237707083139,0.859239887048013,0.881521634524136
"MLXIPL","Astro","ADvHA",0.000545874523528257,0.99552413788645,0.99552413788645
"MSC","Astro","ADvHA",0.521279405471525,2.48270460150473e-05,0.000423986877315771
"MSX1","Astro","ADvHA",-0.151542190553499,0.215333219421332,0.276736272296155
"MYF6","Astro","ADvHA",0.426018490656427,2.74620252289836e-05,0.000423986877315771
"NEUROD2","Astro","ADvHA",0.21483156277278,0.004217920839527,0.00970888687789305
"NEUROG2","Astro","ADvHA",0.317034391909979,0.000748616622000881,0.00289633092936031
"NFIA","Astro","ADvHA",0.383186176270487,0.0584797462462831,0.085098113503212
"NFIX","Astro","ADvHA",0.390605462793837,0.040018981150158,0.0613365982277239
"NHLH1","Astro","ADvHA",0.666263864682305,2.03978235975798e-05,0.000423986877315771
"NKX2-3","Astro","ADvHA",0.259352704108981,0.00216990723316342,0.00582013253640867
"NKX2-8","Astro","ADvHA",0.30093895971868,0.004503568537661,0.0101340434305366
"NKX6-1","Astro","ADvHA",0.0200431439291529,0.889923338356626,0.907119924605064
"NKX6-2","Astro","ADvHA",0.0200431439291529,0.889923338356626,0.907119924605064
"OLIG2","Astro","ADvHA",0.244217235536496,0.00296650087720924,0.00736390217754293
"PAX4","Astro","ADvHA",-0.0853585129360286,0.583221698105306,0.635420541997691
"PAX7","Astro","ADvHA",0.0924234158924148,0.145704509095079,0.197074688583729
"POU4F2","Astro","ADvHA",0.31389473116252,0.00215687399845041,0.00580979251497492
"SP4","Astro","ADvHA",0.216176487083523,0.0369471523143378,0.0576047965886104
"SPDEF","Astro","ADvHA",-0.0171476251838572,0.813777969788082,0.84170172365336
"SPIC","Astro","ADvHA",0.155461143325087,0.0482456626235877,0.0716889775604014
"SRF","Astro","ADvHA",0.225744804277578,0.0112925016787163,0.0209623271631302
"TBXT","Astro","ADvHA",0.27260635465412,0.00210122861828193,0.005684092800737
"TBX2","Astro","ADvHA",0.353746921520143,0.00252359783716776,0.00652015277929465
"TBX20","Astro","ADvHA",0.426989225465321,0.000307570714452812,0.00160902696073248
"TBX21","Astro","ADvHA",0.399152220187421,0.000916027072512079,0.0033711926563962
"TFAP4","Astro","ADvHA",0.465476108887678,4.60147158725664e-05,0.000520130627630974
"TFCP2","Astro","ADvHA",0.0656304891307633,0.269730042721573,0.338768089370547
"TFEB","Astro","ADvHA",0.0806510372952342,0.537156896874354,0.597575247313649
"ZBTB7B","Astro","ADvHA",0.262483945119018,0.0195024022667032,0.0327357579348611
"ZBTB7C","Astro","ADvHA",0.237375504143911,0.0313738576253484,0.0502775996882166
"ZIC1","Astro","ADvHA",0.447662373656009,0.000389305684921679,0.00188114884393452
"ZIC3","Astro","ADvHA",0.43585222066617,0.00012467242850011,0.000979209507336607
"ZBTB18","Astro","ADvHA",0.700159002153257,0.000164106690223831,0.00111247972021738
"LBX2","Astro","ADvHA",-0.171820460983583,0.285769194584662,0.357493873857888
"MEOX2","Astro","ADvHA",0.131731608784137,0.313302335784648,0.387344489358754
"MNX1","Astro","ADvHA",0.145267135760945,0.329236030437767,0.406250306563561
"MSX2","Astro","ADvHA",-0.151542190553499,0.215333219421332,0.276736272296155
"NOTO","Astro","ADvHA",-0.0701261370196999,0.653907417344331,0.696840732624515
"OTX1","Astro","ADvHA",0.117001462103731,0.154045481365127,0.207469765327927
"PDX1","Astro","ADvHA",-0.114289335868759,0.350036636122777,0.426390342500099
"PHOX2A","Astro","ADvHA",0.297872107201812,0.0239994668227013,0.0390531169634188
"PITX3","Astro","ADvHA",0.206779017066213,0.00848892249856373,0.0163327900960208
"PROP1","Astro","ADvHA",0.285706720841643,0.0113861192478533,0.0210743084324301
"PRRX1","Astro","ADvHA",-0.0771455047854921,0.625128964507853,0.670689211073679
"RAX2","Astro","ADvHA",-0.0771455047854921,0.625128964507853,0.670689211073679
"RAX","Astro","ADvHA",0.0131762537392959,0.919096856902106,0.932137038809602
"RHOXF1","Astro","ADvHA",0.238582777735656,0.000546256831433948,0.00241804597410971
"UNCX","Astro","ADvHA",0.0962313089004194,0.523321087862148,0.585268990488939
"VAX1","Astro","ADvHA",0.0330742820557819,0.765468220380517,0.799573240100441
"VAX2","Astro","ADvHA",0.0330742820557819,0.765468220380517,0.799573240100441
"VENTX","Astro","ADvHA",0.0364781606560845,0.462084147179449,0.533757783147065
"VSX1","Astro","ADvHA",0.0316290756784932,0.735832780732029,0.773724501998961
"VSX2","Astro","ADvHA",0.0316290756784932,0.735832780732029,0.773724501998961
"ESR1","Astro","ADvHA",0.192505805264101,0.0536168528641645,0.0787019570583432
"ESRRB","Astro","ADvHA",0.366212263323365,0.00247268122773114,0.00644118196359594
"NR2F1","Astro","ADvHA",0.227500914833847,0.0101494082079801,0.0191778370019446
"NR3C1","Astro","ADvHA",0.424079505448615,0.0089448694234675,0.0170545251357076
"NR3C2","Astro","ADvHA",0.445785995937981,0.0106369034447051,0.0198618285560422
"RARA","Astro","ADvHA",0.256643771037359,0.00585961041329444,0.0120818677251315
"RARA(var.2)","Astro","ADvHA",0.324554094983002,0.00287996829860517,0.00726302762158197
"BCL6B","Astro","ADvHA",0.327602209802513,0.00377020414713683,0.0088838362425309
"EGR2","Astro","ADvHA",0.317490715333377,0.00380151838422941,0.00891244865636007
"EGR3","Astro","ADvHA",0.267443694059717,0.0108701861393424,0.0202377289005992
"EGR4","Astro","ADvHA",0.232821480769858,0.0215911026430316,0.03550714877993
"GLIS1","Astro","ADvHA",0.158221610200095,0.0141255366241876,0.0252583748110473
"GLIS2","Astro","ADvHA",0.325346569455508,0.000222434177471349,0.00135385417634004
"GLIS3","Astro","ADvHA",0.3095835059192,0.00112155751449526,0.00375632754854761
"HIC2","Astro","ADvHA",0.486589550538476,3.51889059691627e-05,0.00045458321384653
"KLF14","Astro","ADvHA",0.188136371497698,0.101031998665497,0.139635928286593
"KLF16","Astro","ADvHA",0.276142709658173,0.00377197428652387,0.0088838362425309
"SP8","Astro","ADvHA",0.234044575387696,0.0180215801066692,0.0309223751245317
"ZBED1","Astro","ADvHA",0.0434815251999641,0.385392148528718,0.462032632611133
"ZIC4","Astro","ADvHA",0.414108437199102,0.000364361205251889,0.00180188002284723
"ZNF143","Astro","ADvHA",0.196882075876751,0.0133647723447679,0.024310060040914
"ZNF410","Astro","ADvHA",0.2008984681311,0.00840620482881908,0.0162229501726905
"CUX1","Astro","ADvHA",0.112035417749236,0.0541861825238813,0.0792144423501543
"CUX2","Astro","ADvHA",0.135986761969059,0.0193797155784776,0.0326414567895685
"ONECUT2","Astro","ADvHA",0.306504362169486,0.000250865710285394,0.0014703518019505
"ONECUT3","Astro","ADvHA",0.289753630178023,0.00180480647902922,0.00512306054361208
"E2F7","Astro","ADvHA",0.126499003801317,0.0732465844434454,0.104425873767344
"ELK3","Astro","ADvHA",-0.303025573930995,0.0467554017822146,0.0696380454779808
"ERF","Astro","ADvHA",-0.184842606362736,0.12581222594999,0.17163607548781
"ERG","Astro","ADvHA",-0.15363379530991,0.191466373622237,0.250927980337218
"ETS1","Astro","ADvHA",-0.205375994007694,0.113254672160672,0.156187815855567
"ETV2","Astro","ADvHA",-0.108609463954152,0.239523719385017,0.305067433341481
"ETV3","Astro","ADvHA",-0.253018485318554,0.0634211604230868,0.0916566085566529
"FEV","Astro","ADvHA",-0.265486340158575,0.0563341618518695,0.0821648028853303
"GCM2","Astro","ADvHA",0.269624191066786,0.000295277292512252,0.00158654278010875
"LEF1","Astro","ADvHA",0.292342288152997,0.00483944001007289,0.0104551724449698
"HSF2","Astro","ADvHA",0.340089482213315,0.0031394242641829,0.00764329061241452
"HSF4","Astro","ADvHA",0.327011356095439,0.00513557355494162,0.0108658932841688
"IRF7","Astro","ADvHA",0.341073457655727,0.0144459042467392,0.0255426184027539
"MEF2D","Astro","ADvHA",0.395293307442298,0.00200754534857675,0.0055251139376047
"MEIS1","Astro","ADvHA",0.417730048517378,7.12756720017378e-05,0.000663492652604412
"MEIS2","Astro","ADvHA",0.407677813360318,6.41564891636108e-05,0.0006550170587188
"MEIS3","Astro","ADvHA",0.494667287198013,3.61507328333114e-05,0.000457668277669722
"MYBL1","Astro","ADvHA",0.122067607166854,0.014222238348911,0.0253596531686216
"MYBL2","Astro","ADvHA",0.026759108272205,0.491253075976229,0.55628478907505
"NFKB1","Astro","ADvHA",0.21514621340464,0.0300959976582339,0.0483521992834062
"NFKB2","Astro","ADvHA",0.233677302767039,0.0136377811038665,0.0246649012535642
"PAX1","Astro","ADvHA",0.179862485340781,0.0143349517292251,0.0254888327095491
"PAX3","Astro","ADvHA",0.10885220741642,0.118724137436853,0.162467422643281
"PAX9","Astro","ADvHA",0.15417129383626,0.0430407592232001,0.065178948775803
"PKNOX2","Astro","ADvHA",0.546420882744529,1.80905175066508e-05,0.000423986877315771
"POU1F1","Astro","ADvHA",0.264560707544821,0.0183403586714348,0.0312081909651027
"POU2F1","Astro","ADvHA",0.282064921185051,0.0057413773369933,0.0119549074155157
"POU3F1","Astro","ADvHA",0.32512441989656,0.00243873952056784,0.00640548596066158
"POU3F2","Astro","ADvHA",0.300787795267785,0.00629723148996397,0.0127761138882923
"POU3F3","Astro","ADvHA",0.333373510050809,0.00290500070379477,0.00729216041938558
"POU3F4","Astro","ADvHA",0.284112755781925,0.00451469233398314,0.0101340434305366
"POU4F1","Astro","ADvHA",0.348729310982513,0.00183754134628419,0.00519269496516917
"POU4F3","Astro","ADvHA",0.374469885727677,0.00115144358419284,0.00378730120443476
"POU5F1B","Astro","ADvHA",0.316829639290657,0.00280116658222816,0.00710877216781532
"POU6F2","Astro","ADvHA",0.0626458530186411,0.646647699730958,0.690343177399027
"PROX1","Astro","ADvHA",0.157135950276655,0.0104432129840029,0.0196158867028897
"RFX2","Astro","ADvHA",0.344499080883875,0.0915989516042168,0.127995886016488
"SMAD3","Astro","ADvHA",0.254667374839688,6.62804251229508e-06,0.00029285585646956
"TGIF1","Astro","ADvHA",0.418472481932508,3.11796978503214e-05,0.000429059755201162
"TGIF2","Astro","ADvHA",0.431461066372007,2.83085103542386e-05,0.000426649691767453
"RFX4","Astro","ADvHA",0.330964188376551,0.0948917113169789,0.132014182997028
"RFX5","Astro","ADvHA",0.352328182451302,0.0850785399222719,0.120211419131246
"RUNX2","Astro","ADvHA",0.200324650485237,0.000312185315925626,0.0016197811883682
"EOMES","Astro","ADvHA",0.351812086908572,0.00117057749370379,0.00379751223129285
"MGA","Astro","ADvHA",0.409490197143951,0.000975057793982091,0.00350688399767422
"TBR1","Astro","ADvHA",0.375179872762819,0.000351232318786198,0.0017645242681878
"TBX15","Astro","ADvHA",0.409490197143951,0.000975057793982091,0.00350688399767422
"TBX19","Astro","ADvHA",0.258533000597876,0.000579733064890076,0.00251350020599601
"TBX1","Astro","ADvHA",0.364997304936336,0.000871891852484016,0.00324651495660225
"TBX4","Astro","ADvHA",0.430250534706124,0.00109247789935958,0.00373804600159251
"TBX5","Astro","ADvHA",0.430250534706124,0.00109247789935958,0.00373804600159251
"TEAD3","Astro","ADvHA",0.558327546190023,0.000367811163412709,0.00180484082511818
"TFAP2A(var.2)","Astro","ADvHA",0.485561144768758,2.72886664590794e-05,0.000423986877315771
"TFAP2B","Astro","ADvHA",0.50619446794929,4.37250554827733e-05,0.000512554817048065
"TFAP2B(var.2)","Astro","ADvHA",0.432529692948896,0.00022671977368056,0.00136429526349957
"TFAP2B(var.3)","Astro","ADvHA",0.450026919664452,0.000715417549871369,0.0028303706816786
"TFAP2C","Astro","ADvHA",0.498476540874817,2.73363329323685e-05,0.000423986877315771
"TFAP2C(var.3)","Astro","ADvHA",0.429293995345882,0.000631084716965372,0.00262813569630974
"BHLHE40","Astro","ADvHA",0.018914144279437,0.801642986225218,0.830507381801248
"BHLHE23","Astro","ADvHA",0.288354434256358,0.00206298162404432,0.00562873865525885
"BHLHE22","Astro","ADvHA",0.257171488282826,0.00432934031678251,0.00991854356169084
"CLOCK","Astro","ADvHA",0.239018985097114,0.0017408372585435,0.00505481644338548
"FIGLA","Astro","ADvHA",0.474940092821205,0.00117584896893112,0.00379751223129285
"HES5","Astro","ADvHA",0.156789594663797,0.033985731447861,0.0539172130488622
"HES7","Astro","ADvHA",0.146920329572214,0.0182752179047573,0.0311811669372274
"HEY1","Astro","ADvHA",0.189714038225178,0.0531542325684545,0.0784303711324748
"MAX","Astro","ADvHA",0.157701501123325,0.0394454034096662,0.0607226877274978
"MNT","Astro","ADvHA",0.182260989929664,0.0203256591665831,0.033769402237394
"OLIG1","Astro","ADvHA",0.216114615175476,0.0098139789931854,0.018599547014031
"OLIG3","Astro","ADvHA",0.286446140540591,0.00178400702312998,0.00512259928686377
"SREBF2(var.2)","Astro","ADvHA",0.010616071685791,0.902960145544643,0.91745388784873
"ATF7","Astro","ADvHA",-0.172958803478879,0.367080043329907,0.445137293923048
"CEBPB","Astro","ADvHA",0.198622091761149,0.168467626617439,0.223662298109488
"CEBPE","Astro","ADvHA",0.194983020498318,0.159065661515605,0.212872227778811
"CEBPG","Astro","ADvHA",0.102977975026661,0.488762491496311,0.556105266368037
"CREB3L1","Astro","ADvHA",0.204493789110103,0.0171199192558735,0.0296777586286981
"NFE2","Astro","ADvHA",0.524916253542168,0.430039792446808,0.506918414560204
"TEF","Astro","ADvHA",-0.0987914828645972,0.17856589619709,0.235483775609912
"XBP1","Astro","ADvHA",0.051185799131851,0.610418715837633,0.659377213524269
"FOXB1","Astro","ADvHA",0.375562212651656,0.000135984281093624,0.00103708493894294
"FOXC1","Astro","ADvHA",0.352699563867327,0.000646491367237018,0.00264018732555505
"FOXC2","Astro","ADvHA",0.399486407307442,0.000179235459485809,0.00115771475361752
"FOXO4","Astro","ADvHA",0.416008251794438,2.36320906517161e-06,0.000153060380095434
"FOXO6","Astro","ADvHA",0.416008251794438,2.36320906517161e-06,0.000153060380095434
"FOXP3","Astro","ADvHA",0.416008251794438,2.36320906517161e-06,0.000153060380095434
"RXRB","Astro","ADvHA",0.199340198324125,0.0224374141592153,0.03669995649298
"RXRG","Astro","ADvHA",0.196644483421618,0.0215959751663081,0.03550714877993
"TP63","Astro","ADvHA",0.194958347369448,0.000298921015601324,0.00158654278010875
"TP53","Astro","ADvHA",0.296682732849177,9.34045615105755e-05,0.000788334499149257
"TP73","Astro","ADvHA",0.274118591824769,1.47125842503968e-05,0.000423986877315771
"GMEB2","Astro","ADvHA",-0.136850796366183,0.115277266022448,0.158287439028654
"MTF1","Astro","ADvHA",0.324681929639946,0.000940147039761465,0.00343995997785553
"E2F1","Astro","ADvHA",0.0636841870384598,0.0865559114464225,0.121485347994646
"E2F8","Astro","ADvHA",0.208361211235504,0.0365678065483469,0.0571541272718608
"SOX21","Astro","ADvHA",0.316665447812146,1.89544828201951e-05,0.000423986877315771
"TFAP2A(var.3)","Astro","ADvHA",0.433837045710657,0.00112963767717587,0.00376347710343329
"ELK1","Astro","ADvHA",-0.276779133997691,0.0647576433748544,0.093162700582461
"HOXD12","Astro","ADvHA",0.162543935984585,0.00225257368302693,0.00601636768504662
"BARX1","Astro","ADvHA",0.169601594715319,0.0537112882293906,0.0787019570583432
"BSX","Astro","ADvHA",-0.0900702089523369,0.450617629686778,0.524339999249505
"DLX6","Astro","ADvHA",0.0180728716761305,0.836826699694891,0.862721988447664
"DUXA","Astro","ADvHA",0.274749966947617,0.00296285656404479,0.00736390217754293
"EMX2","Astro","ADvHA",-0.0521763879452479,0.675873866696178,0.717688245743843
"EVX1","Astro","ADvHA",0.0521090668805237,0.55547190832521,0.610440482586559
"EVX2","Astro","ADvHA",0.00167583480878841,0.986481054487866,0.988041942232309
"GBX1","Astro","ADvHA",-0.109396520119908,0.41855679283301,0.497085271788546
"GBX2","Astro","ADvHA",-0.0635094408542836,0.67687185262097,0.717688245743843
"GSC2","Astro","ADvHA",0.146560871953948,0.0350757178772013,0.0553689012874525
"GSX1","Astro","ADvHA",-0.0303805047877206,0.852850904664896,0.876387374436492
"HESX1","Astro","ADvHA",-0.0229589563216075,0.849783684876372,0.87465540248251
"HMBOX1","Astro","ADvHA",0.131569350874753,0.0105606368877968,0.0197777607987437
"HOXA10","Astro","ADvHA",0.251052519294686,0.0137363580310009,0.0247724063635999
"HOXB3","Astro","ADvHA",0.0523596800894226,0.679434441185108,0.719200671020357
"HOXC10","Astro","ADvHA",0.197584870104268,0.00504582078381081,0.0107905559329468
"HOXC12","Astro","ADvHA",0.159499159213361,0.0120621350638977,0.0221313956389775
"HOXC13","Astro","ADvHA",0.215971693256575,0.0060605642643676,0.0123354893226517
"HOXD11","Astro","ADvHA",0.190203622357263,0.00449743985435836,0.0101340434305366
"ISL2","Astro","ADvHA",0.175305234861133,0.0535083310823229,0.0787019570583432
"FOXK1","Astro","ADvHA",0.366680275696127,2.41801548334019e-06,0.000153060380095434
"GATA2","Astro","ADvHA",0.404380414518028,0.00267687613025011,0.00683251044535612
"HIF1A","Astro","ADvHA",0.213004958038394,0.0117408618583631,0.0216675380651424
"MYC","Astro","ADvHA",0.258680345040987,0.0180258395275706,0.0309223751245317
"MYB","Astro","ADvHA",0.355719162538931,1.76064840465197e-05,0.000423986877315771
"MYCN","Astro","ADvHA",0.228194861363196,0.0263611726297812,0.0425679139659477
"NEUROD1","Astro","ADvHA",0.656826830067086,0.000150414916570771,0.0010862996774375
"NFIC","Astro","ADvHA",0.465497290969881,0.0749722581960312,0.106645931321546
"NFYA","Astro","ADvHA",-0.0837091700793056,0.353282702033882,0.42922831168416
"NR1H4","Astro","ADvHA",0.269349900215409,0.00111206129912427,0.00374433405503014
"NR2F2","Astro","ADvHA",0.323273448800692,0.00208306384033231,0.00565913910270536
"PAX5","Astro","ADvHA",0.152379138581553,0.0395225076520207,0.0607226877274978
"PBX3","Astro","ADvHA",0.469533711716831,0.000813870515034596,0.00309224405144067
"POU5F1","Astro","ADvHA",0.35492916721498,0.00514971245695202,0.0108658932841688
"RBPJ","Astro","ADvHA",0.274042187602123,0.0752486696814253,0.106799120870722
"RELB","Astro","ADvHA",0.302521517805385,0.00103060964072056,0.00364455811495036
"SIX1","Astro","ADvHA",0.312687933426347,0.000736477722644983,0.00289559253685884
"SIX2","Astro","ADvHA",0.344528957166352,0.00129028749082182,0.00406344269497616
"SOX10","Astro","ADvHA",0.470196212693666,7.56911939733644e-06,0.000299453286157123
"SOX13","Astro","ADvHA",0.395802622813156,0.00187539944672258,0.00525561232294573
"TEAD2","Astro","ADvHA",0.579037880436223,0.000146401083522707,0.00107758006825434
"TFDP1","Astro","ADvHA",0.233462635777731,0.0258561037242881,0.0418591142134894
"ZBTB7A","Astro","ADvHA",0.0114020612465178,0.920356475917854,0.932137038809602
"ZEB1","Astro","ADvHA",0.593435648438178,0.00108545139604622,0.00373804600159251
"ZNF24","Astro","ADvHA",0.354025855187726,0.00255812728488686,0.00658249825745276
"ZNF384","Astro","ADvHA",0.331180615570308,0.0331050264114818,0.0529178831274444
"ZNF282","Astro","ADvHA",0.22656284770211,0.0356534492972896,0.056140879117374
"ZSCAN4","Astro","ADvHA",0.486394407462755,4.98696892591571e-05,0.000553816022825376
"GATA3","Astro","ADvHA",0.370806796833589,0.00236877109647062,0.00628794064052817
"FOS::JUN","Astro","ADvHA",0.575647350909356,0.490886628886456,0.55628478907505
"FOS::JUN(var.2)","Astro","ADvHA",-0.00479840580749015,0.974672097011808,0.979313392711865
"FOSB::JUN","Astro","ADvHA",-0.104087208687745,0.5855690390492,0.636881789893717
"FOSL1::JUN","Astro","ADvHA",0.610432647834554,0.48502555218616,0.554189845728952
"FOSL1::JUN(var.2)","Astro","ADvHA",-0.206218813193269,0.244116843431408,0.310293096168838
"FOSL2::JUN","Astro","ADvHA",0.619972288931588,0.474377841291586,0.543003930447693
"FOSL2::JUN(var.2)","Astro","ADvHA",-0.0947830107922129,0.631740659403382,0.676635934690932
"JUN::JUNB","Astro","ADvHA",0.457346327389795,0.515240849798793,0.580333555022484
"JUN::JUNB(var.2)","Astro","ADvHA",-0.137183674797075,0.417667217537198,0.497085271788546
"FOS::JUNB","Astro","ADvHA",0.615233923939424,0.46515816155446,0.53632990212017
"FOSB::JUNB","Astro","ADvHA",0.588891867512632,0.471188462225906,0.541310883101631
"FOSB::JUNB(var.2)","Astro","ADvHA",-0.157289565748531,0.376726304666711,0.454224287341006
"FOSL1::JUNB","Astro","ADvHA",0.573699389903768,0.489337493470769,0.556105266368037
"FOSL2::JUNB","Astro","ADvHA",0.587125622629837,0.470983399287156,0.541310883101631
"FOSL2::JUNB(var.2)","Astro","ADvHA",-0.154902805372783,0.394169335482522,0.471661983668122
"FOS::JUND","Astro","ADvHA",0.618777230934767,0.486665500152446,0.555061732606303
"FOSL1::JUND","Astro","ADvHA",0.569249814864766,0.4733477307391,0.542806365141034
"FOSL1::JUND(var.2)","Astro","ADvHA",-0.101668416617161,0.508353864206609,0.573597140896227
"FOSL2::JUND","Astro","ADvHA",0.552329382399845,0.49896138171328,0.564004561829475
"FOSL2::JUND(var.2)","Astro","ADvHA",-0.0910035929370047,0.64671959588882,0.690343177399027
"NR1H4::RXRA","Astro","ADvHA",0.267258222522467,0.00026885914355062,0.00150879231571021
"NR4A2::RXRA","Astro","ADvHA",0.236686173016216,0.000300766403812086,0.00158654278010875
"PPARA::RXRA","Astro","ADvHA",0.235335619188389,0.00677881555661511,0.0136655740361063
"RARA::RXRG","Astro","ADvHA",0.316686472849827,0.00796891083260938,0.0155782436581276
"RORB","Astro","ADvHA",0.154568557616863,0.350273267140682,0.426390342500099
"RORC","Astro","ADvHA",0.117882004111199,0.538748437295795,0.598294317207435
"SOX15","Astro","ADvHA",0.50971415806413,3.3548520748057e-05,0.000442421117365002
"TFE3","Astro","ADvHA",0.0734377463579555,0.592082076046756,0.642227961614592
"VDR","Astro","ADvHA",0.257523754861483,0.0010510834439164,0.00367588850828223
"IRF3","Astro","ADvHA",0.292950303714812,0.0165863358332095,0.0289232798413818
"IRF4","Astro","ADvHA",0.210529832446353,0.0630404333948754,0.0913148611875427
"IRF5","Astro","ADvHA",0.210520064280257,0.00604005947621687,0.0123354893226517
"TCF7L1","Astro","ADvHA",0.339051447936819,0.00362719546331545,0.00866420652180635
"ARGFX","Astro","ADvHA",0.0190786184496434,0.89795035116686,0.91383050207174
"ARNT2","Astro","ADvHA",0.0522860452213777,0.553516565389438,0.609349540680894
"ATF6","Astro","ADvHA",0.166129292868726,0.0848144911696548,0.120106427092598
"ATOH1(var.2)","Astro","ADvHA",0.657982733711287,1.47042293031781e-05,0.000423986877315771
"ATOH7","Astro","ADvHA",0.399781426355184,0.000704054200340507,0.00280293275984617
"BACH2","Astro","ADvHA",0.538840641382549,0.439842408565166,0.515593045595833
"BACH2(var.2)","Astro","ADvHA",0.0979553559510555,0.304620886516755,0.378088276794326
"BARX2","Astro","ADvHA",0.248121896824129,0.00768224178966595,0.015196434540183
"BHLHA15(var.2)","Astro","ADvHA",0.712219986337431,1.26018034129605e-05,0.000419839029494948
"CDX4","Astro","ADvHA",0.368870066956876,0.000272228961558384,0.00150879231571021
"CREB3L4","Astro","ADvHA",0.13248340679007,0.192157984077526,0.251314057688169
"CREB3L4(var.2)","Astro","ADvHA",-0.255296654899098,0.168541731750751,0.223662298109488
"DLX5","Astro","ADvHA",0.181307435226621,0.0667438065981098,0.0958023346408243
"DMRTA2","Astro","ADvHA",0.317010186465401,4.52118507169453e-05,0.000520130627630974
"DMRTC2","Astro","ADvHA",0.3506449689249,2.29086572177179e-05,0.000423986877315771
"DPRX","Astro","ADvHA",0.253824106237284,0.000326352700618359,0.00166597789912436
"DRGX","Astro","ADvHA",0.0330742820557819,0.765468220380517,0.799573240100441
"ELF2","Astro","ADvHA",-0.168832133993698,0.20506356065445,0.265994331750547
"ETS2","Astro","ADvHA",-0.144642691737791,0.267507729681052,0.33664491627854
"FERD3L","Astro","ADvHA",0.519533101454379,5.59686415829757e-05,0.000600477120712265
"FOXE1","Astro","ADvHA",0.408239037271868,1.49498465506174e-05,0.000423986877315771
"FOXN3","Astro","ADvHA",0.296561839820502,2.91407506897791e-05,0.000428978957828608
"GLI3","Astro","ADvHA",0.435241853025551,0.000355129530960064,0.00177005506376158
"HES6","Astro","ADvHA",0.258859067249636,0.00133558989093997,0.00412404098031708
"HNF4A(var.2)","Astro","ADvHA",0.254345368468987,0.00706252638902891,0.0141027735150009
"HOXA1","Astro","ADvHA",0.00729977058505549,0.927339222487151,0.934722496551539
"HOXA4","Astro","ADvHA",0.183067026302117,0.00434034212731179,0.00991854356169084
"HOXA6","Astro","ADvHA",0.118047451287833,0.245947029544763,0.311992925254179
"HOXA7","Astro","ADvHA",0.114974046016112,0.0439613560622772,0.0662105348425846
"HOXB4","Astro","ADvHA",0.196206948688009,0.0134152477586577,0.024331953671147
"HOXB6","Astro","ADvHA",0.0885115262483522,0.415761313823266,0.496560210660617
"HOXB7","Astro","ADvHA",0.050942903924843,0.675403999527693,0.717688245743843
"HOXB8","Astro","ADvHA",0.131443054547975,0.042769649229766,0.0649237121401484
"HOXB9","Astro","ADvHA",0.190564833896812,0.0068062303020682,0.0136772818451085
"HOXC4","Astro","ADvHA",0.132224286207693,0.0672736483104318,0.0963443877386953
"HOXC8","Astro","ADvHA",0.0819077012836509,0.264828046456365,0.333936560571472
"HOXD10","Astro","ADvHA",0.182274550095735,0.00436655711799055,0.00994255631542453
"HOXD4","Astro","ADvHA",0.200475990859386,0.00473877335477195,0.0103435983916229
"IKZF1","Astro","ADvHA",0.421821117740996,0.000116856263194376,0.000948333520538971
"IRF6","Astro","ADvHA",0.0142227321719308,0.734208332312875,0.773724501998961
"KLF10","Astro","ADvHA",0.359477148450479,0.00466905924784776,0.0102622031384987
"KLF11","Astro","ADvHA",0.310569775128204,0.00657732960362662,0.0133017560354494
"KLF15","Astro","ADvHA",0.216620698326293,0.0458329238966569,0.0687493858449853
"KLF17","Astro","ADvHA",0.381341475969482,0.00159560327124514,0.00471970500326248
"KLF2","Astro","ADvHA",0.3365038666756,0.00583907212859169,0.0120788648934593
"KLF3","Astro","ADvHA",0.339269090854893,0.00803930629243556,0.0156100640586249
"KLF6","Astro","ADvHA",0.331404637277574,0.0156225718959821,0.0274343114987652
"LHX1","Astro","ADvHA",0.160856072681625,0.0861626858393067,0.121472116116439
"LHX5","Astro","ADvHA",0.0200431439291529,0.889923338356626,0.907119924605064
"MAF","Astro","ADvHA",0.413246379985085,0.00121012948555037,0.00388450912630096
"MAFA","Astro","ADvHA",0.432481800186372,0.00146364646586737,0.00441184863282878
"MAZ","Astro","ADvHA",0.328489612424828,0.00124962269061726,0.00395505581580363
"MSANTD3","Astro","ADvHA",0.412606126124905,0.00074192371716142,0.00289633092936031
"MSGN1","Astro","ADvHA",0.28585360691685,0.000562374928166268,0.0024550574450293
"NFATC4","Astro","ADvHA",0.599449823171825,0.00171327765812907,0.0050094268993977
"NFIC(var.2)","Astro","ADvHA",0.473211602103484,0.0183946255757531,0.0312166165937043
"NFIX(var.2)","Astro","ADvHA",0.46674051887852,0.0392760266898703,0.0607226877274978
"NHLH2","Astro","ADvHA",0.621806219785322,2.26824683020996e-05,0.000423986877315771
"NKX6-3","Astro","ADvHA",0.0839762320590771,0.380397165631256,0.456909688509649
"NR1D1","Astro","ADvHA",0.305475032028062,0.00103854910787085,0.00365223102934581
"NR1D2","Astro","ADvHA",0.324954042540109,0.000191524812838056,0.00122459804572211
"NR1I2","Astro","ADvHA",0.259363762690176,0.000794337395901652,0.00304736710064088
"NR1I3","Astro","ADvHA",0.25058296404289,0.00464391838953329,0.0102425098974724
"NR2C1","Astro","ADvHA",0.246478997028005,0.00131100411664066,0.00408160146112183
"NR2C2(var.2)","Astro","ADvHA",0.301715163834498,0.000160584881198581,0.00111247972021738
"NR2F1(var.2)","Astro","ADvHA",0.241537682822713,0.00337388858583974,0.00817696896597273
"NR2F1(var.3)","Astro","ADvHA",0.273114273983347,0.000999731142703371,0.00357530967983748
"NR2F6(var.3)","Astro","ADvHA",0.298645366735832,8.53660717983367e-05,0.000769210199562133
"NR5A1","Astro","ADvHA",0.402638562726476,0.00121505972671025,0.00388450912630096
"NR6A1","Astro","ADvHA",0.40225175953209,0.000450106277605694,0.00207968812937521
"OSR1","Astro","ADvHA",0.311643848990693,9.14656289916141e-05,0.000788334499149257
"OVOL1","Astro","ADvHA",0.110698793741325,0.0416015825801038,0.063454944031821
"OVOL2","Astro","ADvHA",0.102460545738654,0.087771647658344,0.12291914373392
"PAX3(var.2)","Astro","ADvHA",0.11877504592089,0.0195483672975948,0.0327357579348611
"PITX2","Astro","ADvHA",0.202922208818964,0.00695658464039423,0.0139351837891441
"PLAGL2","Astro","ADvHA",0.342445231621018,0.000820690364363399,0.00309224405144067
"POU6F1(var.2)","Astro","ADvHA",0.157905465650007,0.209196749775336,0.270248046138343
"PPARD","Astro","ADvHA",0.237958459636501,0.00604318423089564,0.0123354893226517
"RARB(var.3)","Astro","ADvHA",0.202457211184977,0.00012538272838753,0.000979209507336607
"RARG(var.3)","Astro","ADvHA",0.18902765349595,0.000197313928635146,0.00124899716826047
"RFX7","Astro","ADvHA",0.20209531699061,0.00496714104276466,0.0106583060341357
"RXRB(var.2)","Astro","ADvHA",0.165686231190921,0.00483633169812743,0.0104551724449698
"RXRG(var.2)","Astro","ADvHA",0.178401958543477,0.0102367646608028,0.0192853334234768
"SMAD5","Astro","ADvHA",0.203652385826549,3.83682515164693e-05,0.00046736385318545
"SNAI1","Astro","ADvHA",0.627612769856776,0.00338446424815933,0.00817696896597273
"SNAI3","Astro","ADvHA",0.583023748892931,0.0051023440200189,0.0108658932841688
"SOHLH2","Astro","ADvHA",0.204767439373136,0.0181481087571622,0.0310479806575235
"SOX12","Astro","ADvHA",0.168776148612993,0.00412392035749552,0.00956205709265444
"SOX14","Astro","ADvHA",0.357653283841543,0.00196038702193613,0.00541888639688023
"SOX18","Astro","ADvHA",0.368240963584683,3.07107515366618e-05,0.000429059755201162
"SP9","Astro","ADvHA",0.212308654513477,0.0393477356584242,0.0607226877274978
"TBX18","Astro","ADvHA",0.486385592379015,0.0014507097619519,0.00439377645605526
"TBX3","Astro","ADvHA",0.424473196862716,0.00249468857985041,0.00647187652067749
"TBX6","Astro","ADvHA",0.401352524870437,0.00203735235695239,0.00558287464047993
"TCF21(var.2)","Astro","ADvHA",0.269403208930926,0.00602691960662392,0.0123354893226517
"TFAP2E","Astro","ADvHA",0.404455632592194,0.000384944274652399,0.00187438250657668
"TFAP4(var.2)","Astro","ADvHA",0.256607334218239,0.00147113654140051,0.00441340962420153
"TGIF2LX","Astro","ADvHA",0.353103225641835,7.06198507868182e-05,0.000663492652604412
"TGIF2LY","Astro","ADvHA",0.348274284973719,6.87544067178118e-05,0.000663492652604412
"THAP11","Astro","ADvHA",0.221241695634623,0.0365057719411861,0.0571541272718608
"THRB","Astro","ADvHA",0.180166895755385,0.0345027304529852,0.0546005709418491
"THRB(var.2)","Astro","ADvHA",0.365233268933799,0.000138985886447182,0.00104735793001269
"THRB(var.3)","Astro","ADvHA",0.251131347260721,0.000402790230434754,0.00193156224140303
"TLX2","Astro","ADvHA",-0.0853585129360286,0.583221698105306,0.635420541997691
"VEZF1","Astro","ADvHA",0.152195023997534,0.0957710079108061,0.132715695960641
"ZBTB26","Astro","ADvHA",0.564322351887785,2.14328278712963e-05,0.000423986877315771
"ZBTB32","Astro","ADvHA",0.282432818386385,0.00343886536165956,0.00827681282863309
"ZBTB6","Astro","ADvHA",0.497201380462454,0.0001579733564173,0.00111247972021738
"ZFP57","Astro","ADvHA",0.26386968168182,0.000233926781476742,0.00138388460443717
"ZIC5","Astro","ADvHA",0.400508873595592,0.000490913399161796,0.00221962986906726
"ZKSCAN1","Astro","ADvHA",0.221166323276814,0.002644035813587,0.0067760108097189
"ZNF135","Astro","ADvHA",0.233969388434401,0.03863893397833,0.0599471696281443
"ZNF136","Astro","ADvHA",0.34278803571291,0.00192751030784874,0.00535137730205374
"ZNF140","Astro","ADvHA",0.398374989687196,2.34769431807428e-05,0.000423986877315771
"ZNF274","Astro","ADvHA",0.369932944566363,9.97595719780633e-05,0.000820101416391092
"ZNF317","Astro","ADvHA",0.569400414066631,4.30598942858585e-05,0.000512554817048065
"ZNF382","Astro","ADvHA",0.332156284249417,0.000618442070763184,0.00259254192578209
"ZNF460","Astro","ADvHA",0.372089440379627,0.00153895309198537,0.00457350848463258
"ZNF528","Astro","ADvHA",0.413375744753175,0.000519103203660747,0.00233044204196633
"ZNF682","Astro","ADvHA",0.476147685551881,0.000126096520348171,0.000979209507336607
"ZNF684","Astro","ADvHA",0.429547296334605,0.000323640928774527,0.00166556673101037
"ZNF75D","Astro","ADvHA",0.366673481323279,0.00527875339157965,0.011101165770332
"ZSCAN29","Astro","ADvHA",0.299200527120234,0.00131539762728097,0.00408160146112183
"ASCL1","Astro","ADvHA",0.73138312115391,4.34852236732197e-06,0.000229384554876234
"ATF3","Astro","ADvHA",-0.133570705641445,0.517947676837313,0.582346144650122
"BARHL1","Astro","ADvHA",0.0446013324290995,0.208857594768756,0.270248046138343
"BATF::JUN","Astro","ADvHA",0.633320991944631,0.445594771495285,0.519450258483454
"BCL6","Astro","ADvHA",0.359849097038541,0.00463255885786256,0.0102425098974724
"CDX1","Astro","ADvHA",0.37511033729769,0.0001669598316282,0.00111247972021738
"E2F2","Astro","ADvHA",-0.0631928965904203,0.237077388390183,0.302560457360859
"E2F3","Astro","ADvHA",0.0910026883585283,0.0336441614626246,0.0536105713249886
"E2F4","Astro","ADvHA",-0.010162425511603,0.790391031775542,0.820192660842488
"EMX1","Astro","ADvHA",-0.114289335868759,0.350036636122777,0.426390342500099
"FOXD2","Astro","ADvHA",0.340219304509529,0.000159656966059265,0.00111247972021738
"GATA5","Astro","ADvHA",0.37897057020241,0.00152484916630756,0.00455296944468248
"GFI1","Astro","ADvHA",0.358064131601948,7.27676278807103e-05,0.000667563890557821
"GLI2","Astro","ADvHA",0.411482625514424,0.000657118890341497,0.00264940291456158
"GSX2","Astro","ADvHA",-0.114289335868759,0.350036636122777,0.426390342500099
"HES1","Astro","ADvHA",0.141172491892077,0.135818485725135,0.184096577010728
"HES2","Astro","ADvHA",0.121532067801223,0.159695800444481,0.213264644897376
"HOXA13","Astro","ADvHA",0.313590791848448,0.00122943162670176,0.00391070462161916
"HOXA2","Astro","ADvHA",-0.0661217538383321,0.542127403419108,0.600992375419082
"HOXA5","Astro","ADvHA",0.00729977058505549,0.927339222487151,0.934722496551539
"HOXA9","Astro","ADvHA",0.0494913121177991,0.195253620465735,0.25431181431031
"HOXB2","Astro","ADvHA",-0.114289335868759,0.350036636122777,0.426390342500099
"HOXB5","Astro","ADvHA",0.00729977058505549,0.927339222487151,0.934722496551539
"HOXC9","Astro","ADvHA",0.191591700717189,0.00797369817572409,0.0155782436581276
"HOXD13","Astro","ADvHA",0.3248757497631,6.31144789451779e-05,0.0006550170587188
"HOXD3","Astro","ADvHA",-0.114289335868759,0.350036636122777,0.426390342500099
"HOXD8","Astro","ADvHA",0.114974046016112,0.0439613560622772,0.0662105348425846
"HOXD9","Astro","ADvHA",0.265567043240698,0.00865520900319824,0.0166022645424984
"JUNB(var.2)","Astro","ADvHA",-0.224756773266822,0.221384884402926,0.283677392362453
"LHX9","Astro","ADvHA",-0.0853585129360286,0.583221698105306,0.635420541997691
"LMX1A","Astro","ADvHA",0.108738846560933,0.311017350962999,0.385271982699762
"LMX1B","Astro","ADvHA",0.134826116555826,0.331061354332108,0.407707854654134
"NEUROG1","Astro","ADvHA",0.283682907820217,0.0036495478255032,0.00868482621632904
"NRL","Astro","ADvHA",0.392361259141255,0.000541611492052355,0.00241436672161367
"PITX1","Astro","ADvHA",0.22269047605492,0.00786757463005986,0.0155145630555386
"PRRX2","Astro","ADvHA",-0.0853585129360286,0.583221698105306,0.635420541997691
"SOX4","Astro","ADvHA",0.520334712982481,1.54906983457419e-05,0.000423986877315771
"SOX8","Astro","ADvHA",0.513232832117326,0.000166188232221176,0.00111247972021738
"SP1","Astro","ADvHA",0.206392976406964,0.0864712930009529,0.121485347994646
"SP2","Astro","ADvHA",0.241477349383476,0.0237237909038777,0.0387040196962747
"SP3","Astro","ADvHA",0.261419444144004,0.01675891123181,0.0291439307959773
"TCFL5","Astro","ADvHA",0.138189631203996,0.25799492228836,0.326621571617064
"TFEC","Astro","ADvHA",0.0701880001280607,0.536489368159871,0.597575247313649
"ZNF740","Astro","ADvHA",0.289025855282701,0.0058081176308868,0.0120542244601683
"ASCL1(var.2)","Astro","ADvHA",0.705767786773868,0.00020207826641647,0.00125407394746691
"ATF2","Astro","ADvHA",0.201737950305933,0.259065551800082,0.327322343891122
"BACH1","Astro","ADvHA",0.639430035656202,0.304397777279024,0.378088276794326
"BATF","Astro","ADvHA",0.636100065768458,0.44437666332228,0.518986029304434
"BHLHE22(var.2)","Astro","ADvHA",0.728581796568246,2.70592400625579e-05,0.000423986877315771
"CEBPG(var.2)","Astro","ADvHA",0.383135992963507,0.0244302389533207,0.0396521570703897
"EBF3","Astro","ADvHA",0.369707097320355,0.00111019407569533,0.00374433405503014
"HAND2","Astro","ADvHA",0.619959774630292,0.000208676923881551,0.00128245138657302
"MEIS1(var.2)","Astro","ADvHA",0.289155462847305,0.00116030243643177,0.00378730120443476
"MEIS2(var.2)","Astro","ADvHA",0.413277859581442,0.000274109188478157,0.00150879231571021
"MYF5","Astro","ADvHA",0.711673133232079,3.03472167951449e-05,0.000429059755201162
"NEUROG2(var.2)","Astro","ADvHA",0.648162228357499,0.000172618626289081,0.00113551973017896
"NFIB","Astro","ADvHA",0.550463380834302,0.0130898409454715,0.023878585932229
"NFYC","Astro","ADvHA",-0.0673468922870186,0.429957899217765,0.506918414560204
"NKX2-2","Astro","ADvHA",0.42043178168269,0.000348362689292274,0.00176410865857608
"OSR2","Astro","ADvHA",0.574911110263475,3.33474820475824e-05,0.000442421117365002
"PRDM4","Astro","ADvHA",0.500239385596424,3.83932391242392e-05,0.00046736385318545
"TCF12(var.2)","Astro","ADvHA",0.645829435473862,0.000969437430084892,0.00350688399767422
"ZBTB12","Astro","ADvHA",0.393804903947928,0.000428635027395173,0.00200982201734181
"ZBTB14","Astro","ADvHA",0.284573506409684,0.0177390928824507,0.0305963100670062
"ZFP42","Astro","ADvHA",-0.0188794717971169,0.787763834535123,0.819780404204134
"ZKSCAN5","Astro","ADvHA",0.433152871005928,0.00179655140866312,0.00512259928686377
"ZNF148","Astro","ADvHA",0.284358571573457,0.00171729168589147,0.0050094268993977
"ZNF16","Astro","ADvHA",0.483127371685573,0.000269286077769036,0.00150879231571021
"ZNF341","Astro","ADvHA",0.424761883329932,0.000200269986957415,0.00125407394746691
"ZNF449","Astro","ADvHA",0.435599537855432,2.22033528368642e-05,0.000423986877315771
"ZNF652","Astro","ADvHA",0.12398808463022,0.132705194452278,0.180262635382601
"FOXA3","Astro","ADvHA",0.429261316820908,7.13844499551703e-07,0.000144421392409674
"ATF4","Astro","ADvHA",0.333343436301724,0.0516109351165467,0.0765098874210166
"BATF3","Astro","ADvHA",0.632308082404938,0.425341759511038,0.504197254251848
"CDX2","Astro","ADvHA",0.379087739573465,9.65830222669168e-05,0.000804434909144188
"CEBPA","Astro","ADvHA",0.429992472490935,0.0144085409644273,0.0255426184027539
"CEBPD","Astro","ADvHA",0.460825624034601,0.0212438584552732,0.0352025193774554
"CREB1","Astro","ADvHA",0.127083279624974,0.521708654747566,0.584993409753227
"CTCFL","Astro","ADvHA",0.267805354038191,0.0419980997128974,0.0639057623035194
"E2F6","Astro","ADvHA",0.360688230579928,0.00143765170787299,0.00438367080771171
"EBF1","Astro","ADvHA",0.47374793483702,0.000466231536373935,0.00213858378641088
"EGR1","Astro","ADvHA",0.3286409585035,0.00418902390729335,0.00967756253035289
"EHF","Astro","ADvHA",0.161156871870539,0.0943863840669622,0.131600398930368
"ELF1","Astro","ADvHA",0.258575772507588,0.00935612044303634,0.0177850577791051
"ELF3","Astro","ADvHA",0.22803020568637,0.0126999361671068,0.0232342762825971
"ESRRA","Astro","ADvHA",0.376719112246486,0.00238710741298281,0.00629599580174217
"ETV1","Astro","ADvHA",0.260242711386343,0.00567766701961083,0.0118612647637414
"ETV4","Astro","ADvHA",0.383074622574992,0.000558442236431818,0.0024548189976482
"ETV5","Astro","ADvHA",-0.191043000251957,0.151927197801908,0.205053126244366
"FOSL1","Astro","ADvHA",0.65648153899657,0.436623966934056,0.512769890666526
"FOXA1","Astro","ADvHA",0.432392496487699,3.17212966722515e-06,0.000182541643577593
"FOXA2","Astro","ADvHA",0.37793807107365,9.09737481745165e-06,0.000335525761317698
"FOXK2","Astro","ADvHA",0.415409839007484,5.57972210562691e-07,0.000144421392409674
"FOXP1","Astro","ADvHA",0.438383398293145,9.12615433868395e-07,0.000144421392409674
"GABPA","Astro","ADvHA",0.224940780018858,0.0196323924520005,0.032789721430386
"GATA1","Astro","ADvHA",0.229999068715308,0.00298598066539108,0.00738330375465841
"GATA4","Astro","ADvHA",0.403417561068246,0.00715018746490152,0.0142329203310776
"GATA6","Astro","ADvHA",0.386291533061801,0.00114290482698694,0.00378730120443476
"GRHL2","Astro","ADvHA",0.32259660074524,0.00301458814226726,0.00742503616363882
"HLF","Astro","ADvHA",0.0968212717019937,0.172857839289038,0.228432175928937
"HNF4A","Astro","ADvHA",0.373195254133743,0.000270660220105594,0.00150879231571021
"HNF4G","Astro","ADvHA",0.393098752842125,0.000151017964635861,0.0010862996774375
"HOXB13","Astro","ADvHA",0.331935857806342,0.00482736077296698,0.0104551724449698
"JUNB","Astro","ADvHA",0.622185155217403,0.417961313241505,0.497085271788546
"JUND","Astro","ADvHA",0.615949575630886,0.428918832465131,0.506918414560204
"KLF4","Astro","ADvHA",0.396823649719112,0.000480467196570794,0.00218802687359218
"KLF9","Astro","ADvHA",0.442783170276145,0.000604051420081534,0.00254909699274407
"LHX2","Astro","ADvHA",0.0617877962354549,0.551724004717892,0.609349540680894
"MAFF","Astro","ADvHA",0.453587782325988,0.00040584623944034,0.00193158398169726
"MAFG","Astro","ADvHA",0.496613940165795,0.000595707989368801,0.00254463483335858
"MAFK","Astro","ADvHA",0.484592619648865,0.185689087635296,0.243861395172494
"MEF2A","Astro","ADvHA",0.439509673640569,0.00246294404337582,0.00644118196359594
"MITF","Astro","ADvHA",0.0332422011686908,0.788698682717721,0.819780404204134
"MXI1","Astro","ADvHA",0.496666077045258,6.75266071803496e-05,0.000663492652604412
"MYOD1","Astro","ADvHA",0.662082485149781,0.000425000290907025,0.00200765062794139
"MYOG","Astro","ADvHA",0.714651346936416,9.54101690950801e-06,0.000335525761317698
"MZF1","Astro","ADvHA",0.359802057778821,0.00143287480158433,0.00438367080771171
"NFE2L1","Astro","ADvHA",0.622014995374492,0.215530777633498,0.276736272296155
"NFIL3","Astro","ADvHA",0.13483585797852,0.0644114080345278,0.0928756749108339
"NFYB","Astro","ADvHA",0.0924880575260149,0.179045082183408,0.235624817093758
"NKX2-5","Astro","ADvHA",0.283394150237027,0.000645986591844024,0.00264018732555505
"NR4A1","Astro","ADvHA",0.436410936611781,9.0586111318388e-05,0.000788334499149257
"ONECUT1","Astro","ADvHA",0.341675163576379,0.00144044791153876,0.00438367080771171
"OTX2","Astro","ADvHA",0.213270080555235,0.0155475561618276,0.0274139360736403
"PBX2","Astro","ADvHA",0.444983989846671,0.000126848624963036,0.000979209507336607
"PHOX2B","Astro","ADvHA",0.339889774790525,0.0047042611492579,0.0103037969116964
"PKNOX1","Astro","ADvHA",0.486646663920521,0.000642428330502974,0.00264018732555505
"POU2F3","Astro","ADvHA",0.365847634308816,0.00454751675475286,0.0101716540839525
"PRDM1","Astro","ADvHA",0.391190293597289,0.00377527954066479,0.0088838362425309
"RFX1","Astro","ADvHA",0.498749735835768,0.0337077525866437,0.0536105713249886
"RFX3","Astro","ADvHA",0.463311481247833,0.0363376075132447,0.057076192446362
"RUNX3","Astro","ADvHA",0.257518246394336,0.0010172065750497,0.00361736944947449
"SCRT1","Astro","ADvHA",0.418110554924381,9.23176165441179e-05,0.000788334499149257
"SCRT2","Astro","ADvHA",0.395577202765126,2.56961258457011e-05,0.000423986877315771
"SNAI2","Astro","ADvHA",0.513108095304214,0.0046227486347559,0.0102425098974724
"SOX2","Astro","ADvHA",0.383317653837258,0.000844121517179451,0.00316170958801534
"SPI1","Astro","ADvHA",0.324864205754347,0.00291456016762172,0.00729216041938558
"SPIB","Astro","ADvHA",0.231740036985734,0.00802177031687846,0.0156100640586249
"SREBF1(var.2)","Astro","ADvHA",0.139823752900387,0.0700017115322694,0.100025018961459
"TCF3","Astro","ADvHA",0.646575826641699,0.00108494104459855,0.00373804600159251
"TCF4","Astro","ADvHA",0.68812104030924,0.000653680916842437,0.00264940291456158
"TCF7","Astro","ADvHA",0.289879236200158,0.0156457921817603,0.0274343114987652
"TEAD1","Astro","ADvHA",0.626048060684214,0.00016320142407258,0.00111247972021738
"TEAD4","Astro","ADvHA",0.595774077397027,0.000687644800542393,0.00275493138445148
"TFAP2A","Astro","ADvHA",0.452698623652086,0.000591173290780371,0.00254463483335858
"TFAP2C(var.2)","Astro","ADvHA",0.442733676961585,0.000300515084101294,0.00158654278010875
"TWIST1","Astro","ADvHA",0.663802286788796,6.82975309220198e-05,0.000663492652604412
"USF1","Astro","ADvHA",0.233415070455689,0.172520317270237,0.228432175928937
"USF2","Astro","ADvHA",0.224538905025347,0.192701005634399,0.251504611477473
"YY2","Astro","ADvHA",-0.134894172184144,0.161681220347344,0.215461499957618
"ZNF263","Astro","ADvHA",0.445676955427458,0.000272481060184187,0.00150879231571021
"CREM","Astro","ADvHA",-0.142260504906017,0.440698068037345,0.515641177574195
"FOXF2","Micro","HAvYA",0.00634784523371434,0.966505601631137,0.990555038496084
"FOXD1","Micro","HAvYA",-0.0592602175304265,0.72055630734992,0.989669368953255
"IRF2","Micro","HAvYA",0.228451328238582,0.449752918329652,0.989669368953255
"MZF1(var.2)","Micro","HAvYA",0.166275595434811,0.150130415163855,0.989669368953255
"MAX::MYC","Micro","HAvYA",0.0604287631484977,0.527687709269668,0.989669368953255
"PPARG","Micro","HAvYA",-0.0239337888930762,0.827136136663844,0.989669368953255
"PAX6","Micro","HAvYA",0.0802018910606159,0.28985847358627,0.989669368953255
"PBX1","Micro","HAvYA",0.010752364536943,0.905019440433708,0.989669368953255
"RORA","Micro","HAvYA",0.0472509075492759,0.632190509682569,0.989669368953255
"RORA(var.2)","Micro","HAvYA",0.0235477562879008,0.818751746312984,0.989669368953255
"RREB1","Micro","HAvYA",0.0146438419021366,0.905886628030163,0.989669368953255
"RXRA::VDR","Micro","HAvYA",0.0249650676883595,0.814664929887851,0.989669368953255
"SOX9","Micro","HAvYA",-0.136915029343442,0.591548106181926,0.989669368953255
"SRY","Micro","HAvYA",0.0518964313097306,0.709578909310637,0.989669368953255
"TAL1::TCF3","Micro","HAvYA",-0.1536660431933,0.416330736346807,0.989669368953255
"REL","Micro","HAvYA",0.1670898855721,0.131292364637078,0.989669368953255
"RELA","Micro","HAvYA",0.172173407183496,0.120151254514648,0.989669368953255
"NR1H2::RXRA","Micro","HAvYA",0.120158608280121,0.230014121389107,0.989669368953255
"NFIC::TLX1","Micro","HAvYA",0.082379310804179,0.653762001606887,0.989669368953255
"ZNF354C","Micro","HAvYA",-0.0397726744420381,0.807836421476336,0.989669368953255
"CTCF","Micro","HAvYA",0.00677488307122795,0.971902219496912,0.990555038496084
"EWSR1-FLI1","Micro","HAvYA",0.185224382788633,0.231503803955349,0.989669368953255
"REST","Micro","HAvYA",0.0226867164867119,0.905093810889878,0.989669368953255
"NFATC2","Micro","HAvYA",0.0983429347536998,0.55312284438268,0.989669368953255
"INSM1","Micro","HAvYA",-0.0212983697015429,0.857020645684939,0.989669368953255
"RARA::RXRA","Micro","HAvYA",0.07833310529924,0.521239717096007,0.989669368953255
"NR4A2","Micro","HAvYA",0.0304447013332182,0.732097302769865,0.989669368953255
"PLAG1","Micro","HAvYA",0.0709452066178491,0.43764096571986,0.989669368953255
"ARNT::HIF1A","Micro","HAvYA",0.0256222419744897,0.700023884392352,0.989669368953255
"DUX4","Micro","HAvYA",0.0615767577853905,0.53906849698191,0.989669368953255
"FOS","Micro","HAvYA",0.094781188617083,0.614739617651964,0.989669368953255
"FOSL2","Micro","HAvYA",0.114913637878756,0.521009362501921,0.989669368953255
"FOXH1","Micro","HAvYA",-0.0319434443373343,0.813537961023412,0.989669368953255
"JUN","Micro","HAvYA",-0.156449668818667,0.267106766082168,0.989669368953255
"JUN(var.2)","Micro","HAvYA",0.172157042379975,0.325554421983876,0.989669368953255
"JUND(var.2)","Micro","HAvYA",-0.130017180607333,0.194256863271741,0.989669368953255
"MEF2C","Micro","HAvYA",0.13644597473114,0.656270344012893,0.989669368953255
"MAF::NFE2","Micro","HAvYA",0.031240916017697,0.763188975000398,0.989669368953255
"NR2C2","Micro","HAvYA",0.0942006347760022,0.49373447946879,0.989669368953255
"NRF1","Micro","HAvYA",0.131883527405951,0.50578379856133,0.989669368953255
"POU2F2","Micro","HAvYA",0.044830966152449,0.756372142231272,0.989669368953255
"SMAD2::SMAD3::SMAD4","Micro","HAvYA",-0.0354983444109856,0.862717829493389,0.989669368953255
"STAT1::STAT2","Micro","HAvYA",0.332995978638593,0.539349545896563,0.989669368953255
"TCF7L2","Micro","HAvYA",-0.066089350339742,0.704600318640959,0.989669368953255
"ZBTB33","Micro","HAvYA",0.062478208535241,0.627256712041101,0.989669368953255
"ELK4","Micro","HAvYA",0.154596611052024,0.806612598665476,0.989669368953255
"ESR2","Micro","HAvYA",-0.0557364454901178,0.754440205882092,0.989669368953255
"IRF1","Micro","HAvYA",0.375672546021672,0.475439154914053,0.989669368953255
"STAT1","Micro","HAvYA",0.0252846244788053,0.857156564330917,0.989669368953255
"STAT3","Micro","HAvYA",-0.0917514548258692,0.495249960736539,0.989669368953255
"GATA1::TAL1","Micro","HAvYA",0.064834820224153,0.687482183424027,0.989669368953255
"YY1","Micro","HAvYA",0.0331039726888718,0.804371038857354,0.989669368953255
"FOXP2","Micro","HAvYA",-0.00479639540828494,0.978869833561798,0.990555038496084
"SREBF1","Micro","HAvYA",0.0557720129514985,0.522480871678027,0.989669368953255
"SREBF2","Micro","HAvYA",0.0664895621691626,0.50081179387053,0.989669368953255
"THAP1","Micro","HAvYA",-0.00879334499710227,0.96401758931529,0.990555038496084
"KLF5","Micro","HAvYA",0.023762900356382,0.842455624383312,0.989669368953255
"DMRT3","Micro","HAvYA",-0.0331913593755865,0.63606783022224,0.989669368953255
"FOXG1","Micro","HAvYA",-0.0592602175304265,0.72055630734992,0.989669368953255
"LBX1","Micro","HAvYA",-0.0443691887370042,0.797178305534509,0.989669368953255
"NFATC3","Micro","HAvYA",0.205730584699222,0.212833992508158,0.989669368953255
"POU6F1","Micro","HAvYA",-0.0254195384716281,0.879332341800115,0.989669368953255
"SHOX","Micro","HAvYA",-0.0589862071802929,0.717153774321104,0.989669368953255
"ALX3","Micro","HAvYA",-0.0803140032349908,0.691695839791977,0.989669368953255
"BARHL2","Micro","HAvYA",-0.0314067903558806,0.762680454166999,0.989669368953255
"BHLHE41","Micro","HAvYA",0.0836368983107279,0.530118869619977,0.989669368953255
"CENPB","Micro","HAvYA",0.0213578616342032,0.806235308928096,0.989669368953255
"CREB3","Micro","HAvYA",0.110071938376032,0.370821406209736,0.989669368953255
"DBP","Micro","HAvYA",-0.166705249063537,0.306185853638731,0.989669368953255
"ELF4","Micro","HAvYA",0.253144459233852,0.700783478824838,0.989669368953255
"ELF5","Micro","HAvYA",0.418484599300906,0.645629996897045,0.989669368953255
"EN1","Micro","HAvYA",-0.0419593481121081,0.723132728012997,0.989669368953255
"EN2","Micro","HAvYA",0.00941047428589858,0.949787430359279,0.989669368953255
"ESX1","Micro","HAvYA",-0.0882803348171901,0.582167997792954,0.989669368953255
"ETV6","Micro","HAvYA",0.271278506403078,0.757973411637178,0.989669368953255
"FLI1","Micro","HAvYA",0.189538482762142,0.719727463910825,0.989669368953255
"FOXI1","Micro","HAvYA",-0.0520511558348414,0.799187499220312,0.989669368953255
"FOXL1","Micro","HAvYA",-0.0520511558348414,0.799187499220312,0.989669368953255
"FOXO3","Micro","HAvYA",-0.0592602175304265,0.72055630734992,0.989669368953255
"GCM1","Micro","HAvYA",-0.0229988925531195,0.828163186025769,0.989669368953255
"GRHL1","Micro","HAvYA",0.0657322155217553,0.552105518691261,0.989669368953255
"GSC","Micro","HAvYA",0.0392186716800722,0.757124943869279,0.989669368953255
"HEY2","Micro","HAvYA",0.00394875582551038,0.95493939101379,0.989669368953255
"HINFP","Micro","HAvYA",0.0869045899318481,0.330683078353928,0.989669368953255
"HNF1A","Micro","HAvYA",-0.00844919828849988,0.930971599135793,0.989669368953255
"HNF1B","Micro","HAvYA",0.0142814257711377,0.887301472550075,0.989669368953255
"HOXC11","Micro","HAvYA",0.0419584909959402,0.642734009093307,0.989669368953255
"HSF1","Micro","HAvYA",0.116843701136759,0.33589262498864,0.989669368953255
"IRF8","Micro","HAvYA",0.109103085603035,0.758200431177669,0.989669368953255
"IRF9","Micro","HAvYA",0.194951293564047,0.622923645946019,0.989669368953255
"ISX","Micro","HAvYA",-0.0589862071802929,0.717153774321104,0.989669368953255
"JDP2","Micro","HAvYA",0.144312394429311,0.23264879824641,0.989669368953255
"JDP2(var.2)","Micro","HAvYA",-0.0649668560943564,0.636421031958007,0.989669368953255
"KLF13","Micro","HAvYA",0.0177422395743871,0.887494946017395,0.989669368953255
"LHX6","Micro","HAvYA",-0.00744959470704609,0.955273277141293,0.989669368953255
"MEF2B","Micro","HAvYA",0.0768195266308156,0.761839561124222,0.989669368953255
"MEOX1","Micro","HAvYA",0.0442826175716011,0.747175549153728,0.989669368953255
"MIXL1","Micro","HAvYA",-0.143912226246326,0.477916431134993,0.989669368953255
"MLX","Micro","HAvYA",0.0150948531549934,0.933266013135061,0.989669368953255
"MLXIPL","Micro","HAvYA",0.0404120200137376,0.81938270537758,0.989669368953255
"MSC","Micro","HAvYA",-0.142816128124766,0.454846551569087,0.989669368953255
"MSX1","Micro","HAvYA",-0.0440409279837986,0.734421480877449,0.989669368953255
"MYF6","Micro","HAvYA",-0.0478521495114864,0.746874819379826,0.989669368953255
"NEUROD2","Micro","HAvYA",0.0326282379597511,0.791237834751018,0.989669368953255
"NEUROG2","Micro","HAvYA",-0.0731395319873735,0.465412616713977,0.989669368953255
"NFIA","Micro","HAvYA",0.0349401649433478,0.88223601252965,0.989669368953255
"NFIX","Micro","HAvYA",0.030075937345484,0.877850253667889,0.989669368953255
"NHLH1","Micro","HAvYA",-0.0804505002087915,0.758612610449755,0.989669368953255
"NKX2-3","Micro","HAvYA",0.174092727915667,0.0526062272054322,0.989669368953255
"NKX2-8","Micro","HAvYA",0.134143937933277,0.198538209715761,0.989669368953255
"NKX6-1","Micro","HAvYA",0.0320696406018717,0.810775031242315,0.989669368953255
"NKX6-2","Micro","HAvYA",0.0320696406018717,0.810775031242315,0.989669368953255
"OLIG2","Micro","HAvYA",0.0108272224849106,0.915754346825519,0.989669368953255
"PAX4","Micro","HAvYA",-0.0285784576234279,0.851308648260318,0.989669368953255
"PAX7","Micro","HAvYA",0.0414072811318609,0.614902512265444,0.989669368953255
"POU4F2","Micro","HAvYA",-0.0180492508034243,0.920393309099971,0.989669368953255
"SP4","Micro","HAvYA",0.102899468874119,0.647374934165599,0.989669368953255
"SPDEF","Micro","HAvYA",0.0125275815750323,0.949901305932913,0.989669368953255
"SPIC","Micro","HAvYA",0.640007004090222,0.509378844924205,0.989669368953255
"SRF","Micro","HAvYA",0.0676872577916337,0.292362341862133,0.989669368953255
"TBXT","Micro","HAvYA",-0.047339004193122,0.5535284896361,0.989669368953255
"TBX2","Micro","HAvYA",0.0925552060143526,0.488018874855958,0.989669368953255
"TBX20","Micro","HAvYA",0.0263871852862558,0.799135729647419,0.989669368953255
"TBX21","Micro","HAvYA",-0.0491317509989163,0.5907253145801,0.989669368953255
"TFAP4","Micro","HAvYA",-0.142071685585102,0.436138009716149,0.989669368953255
"TFCP2","Micro","HAvYA",-0.0396438995741587,0.704126672138525,0.989669368953255
"TFEB","Micro","HAvYA",0.122699142070784,0.418664698126555,0.989669368953255
"ZBTB7B","Micro","HAvYA",0.0869114562874307,0.350317979695032,0.989669368953255
"ZBTB7C","Micro","HAvYA",0.107699631626279,0.343500670312717,0.989669368953255
"ZIC1","Micro","HAvYA",0.0293699245266314,0.776259695425829,0.989669368953255
"ZIC3","Micro","HAvYA",0.0207167206518133,0.795201555046892,0.989669368953255
"ZBTB18","Micro","HAvYA",-0.0497778961192859,0.801797886724751,0.989669368953255
"LBX2","Micro","HAvYA",-0.0813192735669076,0.608902515328085,0.989669368953255
"MEOX2","Micro","HAvYA",0.00543079322127038,0.972772003225973,0.990555038496084
"MNX1","Micro","HAvYA",0.0659504881470723,0.59814170099052,0.989669368953255
"MSX2","Micro","HAvYA",-0.0440409279837986,0.734421480877449,0.989669368953255
"NOTO","Micro","HAvYA",-0.0769658297857837,0.658407800469799,0.989669368953255
"OTX1","Micro","HAvYA",0.0752595021529274,0.313526542711478,0.989669368953255
"PDX1","Micro","HAvYA",0.0140706021509266,0.915635172876456,0.989669368953255
"PHOX2A","Micro","HAvYA",0.0663053489779151,0.636247629493123,0.989669368953255
"PITX3","Micro","HAvYA",-0.0757416588776171,0.545358496584455,0.989669368953255
"PROP1","Micro","HAvYA",0.101043415248332,0.44726673624895,0.989669368953255
"PRRX1","Micro","HAvYA",-0.0589862071802929,0.717153774321104,0.989669368953255
"RAX2","Micro","HAvYA",-0.0589862071802929,0.717153774321104,0.989669368953255
"RAX","Micro","HAvYA",-0.0531113724577984,0.68055093232321,0.989669368953255
"RHOXF1","Micro","HAvYA",0.0903970429769315,0.32346294926184,0.989669368953255
"UNCX","Micro","HAvYA",-0.0498548450289438,0.763812940837654,0.989669368953255
"VAX1","Micro","HAvYA",0.0426269658074502,0.699314172089269,0.989669368953255
"VAX2","Micro","HAvYA",0.0426269658074502,0.699314172089269,0.989669368953255
"VENTX","Micro","HAvYA",-0.0384973699687122,0.442568979071418,0.989669368953255
"VSX1","Micro","HAvYA",-0.0205052005395465,0.883487871745686,0.989669368953255
"VSX2","Micro","HAvYA",-0.0205052005395465,0.883487871745686,0.989669368953255
"ESR1","Micro","HAvYA",0.052973845824698,0.691537003483301,0.989669368953255
"ESRRB","Micro","HAvYA",0.00614943850850647,0.945977568441918,0.989669368953255
"NR2F1","Micro","HAvYA",0.10007852912624,0.592255974332711,0.989669368953255
"NR3C1","Micro","HAvYA",0.0831113131263633,0.661920142770924,0.989669368953255
"NR3C2","Micro","HAvYA",0.0901270678216788,0.625609340413198,0.989669368953255
"RARA","Micro","HAvYA",0.282388690506193,0.249272102566558,0.989669368953255
"RARA(var.2)","Micro","HAvYA",0.0717522476501481,0.542078669736805,0.989669368953255
"BCL6B","Micro","HAvYA",-0.037183668837159,0.669108368477545,0.989669368953255
"EGR2","Micro","HAvYA",0.148745426560703,0.3433994229824,0.989669368953255
"EGR3","Micro","HAvYA",0.0356486387412344,0.803491011267339,0.989669368953255
"EGR4","Micro","HAvYA",-0.0597343817575382,0.61937771299393,0.989669368953255
"GLIS1","Micro","HAvYA",0.215522707864578,0.0969522441618878,0.989669368953255
"GLIS2","Micro","HAvYA",0.075955445213708,0.346723538469164,0.989669368953255
"GLIS3","Micro","HAvYA",0.0401891099902647,0.643136255159754,0.989669368953255
"HIC2","Micro","HAvYA",-0.0643549631130936,0.724442856302544,0.989669368953255
"KLF14","Micro","HAvYA",0.0234434709248317,0.919651070336486,0.989669368953255
"KLF16","Micro","HAvYA",0.0961003522712711,0.471575289366841,0.989669368953255
"SP8","Micro","HAvYA",0.0182326753313666,0.884132430344593,0.989669368953255
"ZBED1","Micro","HAvYA",-0.0302378690624584,0.657791095209982,0.989669368953255
"ZIC4","Micro","HAvYA",0.0903910016099646,0.278315694403264,0.989669368953255
"ZNF143","Micro","HAvYA",-0.0658185892694336,0.63620097481737,0.989669368953255
"ZNF410","Micro","HAvYA",0.0832453118929417,0.541485343252774,0.989669368953255
"CUX1","Micro","HAvYA",-0.0877627709544183,0.130405594842245,0.989669368953255
"CUX2","Micro","HAvYA",-0.0495417603409326,0.488034579950738,0.989669368953255
"ONECUT2","Micro","HAvYA",0.137732732252713,0.21202576109047,0.989669368953255
"ONECUT3","Micro","HAvYA",0.182158851039333,0.104584525933292,0.989669368953255
"E2F7","Micro","HAvYA",-0.00741964989594307,0.930599449914377,0.989669368953255
"ELK3","Micro","HAvYA",0.166737487316646,0.768503213208983,0.989669368953255
"ERF","Micro","HAvYA",0.221609462241032,0.704742699663411,0.989669368953255
"ERG","Micro","HAvYA",0.215107056598392,0.705724548208435,0.989669368953255
"ETS1","Micro","HAvYA",0.20689316158838,0.715853721159107,0.989669368953255
"ETV2","Micro","HAvYA",0.228786871254416,0.689064268104449,0.989669368953255
"ETV3","Micro","HAvYA",0.102165721597357,0.833271212648844,0.989669368953255
"FEV","Micro","HAvYA",0.139632856720766,0.794521959870864,0.989669368953255
"GCM2","Micro","HAvYA",0.0818469117116958,0.313390683003371,0.989669368953255
"LEF1","Micro","HAvYA",0.0392303900200373,0.747747044853893,0.989669368953255
"HSF2","Micro","HAvYA",0.119138701006578,0.269658736753884,0.989669368953255
"HSF4","Micro","HAvYA",0.143765717531147,0.305822764069519,0.989669368953255
"IRF7","Micro","HAvYA",0.212045742414884,0.388899698063694,0.989669368953255
"MEF2D","Micro","HAvYA",0.119963330866614,0.661045445089676,0.989669368953255
"MEIS1","Micro","HAvYA",-0.0730375945112279,0.535607542137646,0.989669368953255
"MEIS2","Micro","HAvYA",-0.000666176645488181,0.995788248228363,0.995788248228363
"MEIS3","Micro","HAvYA",-0.0374416161304684,0.772073634641446,0.989669368953255
"MYBL1","Micro","HAvYA",0.187787333609194,0.304417530349333,0.989669368953255
"MYBL2","Micro","HAvYA",0.0748130295962854,0.323225952210902,0.989669368953255
"NFKB1","Micro","HAvYA",0.158772552472179,0.241208118330272,0.989669368953255
"NFKB2","Micro","HAvYA",0.151723197907254,0.162126139055149,0.989669368953255
"PAX1","Micro","HAvYA",0.0680853488623423,0.319823740401229,0.989669368953255
"PAX3","Micro","HAvYA",0.0581534829914384,0.401897143840763,0.989669368953255
"PAX9","Micro","HAvYA",0.0859995576612086,0.344139689356545,0.989669368953255
"PKNOX2","Micro","HAvYA",-0.0980485485025692,0.657571007475802,0.989669368953255
"POU1F1","Micro","HAvYA",0.0548191163411501,0.711971784978531,0.989669368953255
"POU2F1","Micro","HAvYA",0.0252724685375981,0.830456948183734,0.989669368953255
"POU3F1","Micro","HAvYA",0.0430984895812602,0.736837291887256,0.989669368953255
"POU3F2","Micro","HAvYA",0.0800500415350336,0.5547176314886,0.989669368953255
"POU3F3","Micro","HAvYA",0.0406596374768091,0.814030928667883,0.989669368953255
"POU3F4","Micro","HAvYA",0.0269769069624297,0.838371029310302,0.989669368953255
"POU4F1","Micro","HAvYA",0.0268828097939494,0.877836210913976,0.989669368953255
"POU4F3","Micro","HAvYA",0.0253231934194389,0.894238711053761,0.989669368953255
"POU5F1B","Micro","HAvYA",-0.0456856135702524,0.769811938485066,0.989669368953255
"POU6F2","Micro","HAvYA",-0.0380895804970499,0.813719665349816,0.989669368953255
"PROX1","Micro","HAvYA",0.132041672573941,0.364795454666418,0.989669368953255
"RFX2","Micro","HAvYA",-0.148918113895145,0.498616478754857,0.989669368953255
"SMAD3","Micro","HAvYA",0.1484463871091,0.367315753482745,0.989669368953255
"TGIF1","Micro","HAvYA",-0.00452998484093836,0.977380125391975,0.990555038496084
"TGIF2","Micro","HAvYA",0.00428882979121675,0.976882137755255,0.990555038496084
"RFX4","Micro","HAvYA",-0.133149669342958,0.466727421597092,0.989669368953255
"RFX5","Micro","HAvYA",-0.0923039332529902,0.66303499995701,0.989669368953255
"RUNX2","Micro","HAvYA",0.0964467457024965,0.633771383949721,0.989669368953255
"EOMES","Micro","HAvYA",0.0348771820151647,0.70713899968939,0.989669368953255
"MGA","Micro","HAvYA",0.0357831364362036,0.682209260019697,0.989669368953255
"TBR1","Micro","HAvYA",-0.0146716984831095,0.850322555041734,0.989669368953255
"TBX15","Micro","HAvYA",0.0357831364362036,0.682209260019697,0.989669368953255
"TBX19","Micro","HAvYA",-0.0449255177592708,0.489906330907481,0.989669368953255
"TBX1","Micro","HAvYA",0.0140883320696499,0.881630833656638,0.989669368953255
"TBX4","Micro","HAvYA",-0.0044317511274154,0.952535660524573,0.989669368953255
"TBX5","Micro","HAvYA",-0.0044317511274154,0.952535660524573,0.989669368953255
"TEAD3","Micro","HAvYA",-0.0839814707214872,0.695850132827791,0.989669368953255
"TFAP2A(var.2)","Micro","HAvYA",0.0521091705664934,0.671771647487353,0.989669368953255
"TFAP2B","Micro","HAvYA",-0.0119421095607309,0.927076121802956,0.989669368953255
"TFAP2B(var.2)","Micro","HAvYA",0.112130321099799,0.240027121725481,0.989669368953255
"TFAP2B(var.3)","Micro","HAvYA",0.086981511857907,0.332757318642147,0.989669368953255
"TFAP2C","Micro","HAvYA",0.0426542149087228,0.753982580933279,0.989669368953255
"TFAP2C(var.3)","Micro","HAvYA",0.0533829446619628,0.543122202641996,0.989669368953255
"BHLHE40","Micro","HAvYA",0.0609785692366737,0.600956328460872,0.989669368953255
"BHLHE23","Micro","HAvYA",0.095353430047824,0.426625868901315,0.989669368953255
"BHLHE22","Micro","HAvYA",0.0497786063414231,0.672299267728361,0.989669368953255
"CLOCK","Micro","HAvYA",-0.0431066097568273,0.411908386109504,0.989669368953255
"FIGLA","Micro","HAvYA",0.0957909587446653,0.349596286861034,0.989669368953255
"HES5","Micro","HAvYA",0.0150670001981718,0.817889452239131,0.989669368953255
"HES7","Micro","HAvYA",0.0622214639058891,0.424741102791037,0.989669368953255
"HEY1","Micro","HAvYA",-0.0316743700793334,0.710447409307912,0.989669368953255
"MAX","Micro","HAvYA",-0.038183344680458,0.760237536419106,0.989669368953255
"MNT","Micro","HAvYA",-0.0840546378564442,0.552289764135895,0.989669368953255
"OLIG1","Micro","HAvYA",0.094747672364117,0.505099338683138,0.989669368953255
"OLIG3","Micro","HAvYA",0.0180015894284866,0.863864772981606,0.989669368953255
"SREBF2(var.2)","Micro","HAvYA",0.00771822080080831,0.962759928160256,0.990555038496084
"ATF7","Micro","HAvYA",-0.00446929765569537,0.977417611549642,0.990555038496084
"CEBPB","Micro","HAvYA",0.123137670693563,0.697144947947943,0.989669368953255
"CEBPE","Micro","HAvYA",0.167125748441013,0.589329875819909,0.989669368953255
"CEBPG","Micro","HAvYA",0.10675500086782,0.778083645916693,0.989669368953255
"CREB3L1","Micro","HAvYA",-0.0443382022486527,0.640523288266544,0.989669368953255
"NFE2","Micro","HAvYA",0.124057082256261,0.258162639073458,0.989669368953255
"TEF","Micro","HAvYA",-0.136824792145115,0.27825737367489,0.989669368953255
"XBP1","Micro","HAvYA",0.061989406553706,0.634199243601328,0.989669368953255
"FOXB1","Micro","HAvYA",0.0479395253152584,0.620072839426561,0.989669368953255
"FOXC1","Micro","HAvYA",0.123764231695585,0.306427258351009,0.989669368953255
"FOXC2","Micro","HAvYA",0.0603599395199031,0.635809247729216,0.989669368953255
"FOXO4","Micro","HAvYA",-0.0520511558348414,0.799187499220312,0.989669368953255
"FOXO6","Micro","HAvYA",-0.0520511558348414,0.799187499220312,0.989669368953255
"FOXP3","Micro","HAvYA",-0.0520511558348414,0.799187499220312,0.989669368953255
"RXRB","Micro","HAvYA",0.0808021897543661,0.598779542789983,0.989669368953255
"RXRG","Micro","HAvYA",0.176712420606915,0.3087848790865,0.989669368953255
"TP63","Micro","HAvYA",0.163141909359496,0.0343757016412489,0.989669368953255
"TP53","Micro","HAvYA",0.0549669795735292,0.378505047197009,0.989669368953255
"TP73","Micro","HAvYA",0.21489533346814,0.0416746088026931,0.989669368953255
"GMEB2","Micro","HAvYA",-0.154994541828003,0.370988994366514,0.989669368953255
"MTF1","Micro","HAvYA",0.114070394568436,0.302860289097508,0.989669368953255
"E2F1","Micro","HAvYA",0.0500121507895813,0.663710811991749,0.989669368953255
"E2F8","Micro","HAvYA",0.0427772260808015,0.663132773843233,0.989669368953255
"SOX21","Micro","HAvYA",-0.0565068614147047,0.634787560157142,0.989669368953255
"TFAP2A(var.3)","Micro","HAvYA",0.068164063922091,0.450944695037155,0.989669368953255
"ELK1","Micro","HAvYA",0.115923528386772,0.805851397902307,0.989669368953255
"HOXD12","Micro","HAvYA",0.0625877545035368,0.399692931620191,0.989669368953255
"BARX1","Micro","HAvYA",0.0386697580023952,0.735123645738435,0.989669368953255
"BSX","Micro","HAvYA",-0.0669711145854967,0.605428307343902,0.989669368953255
"DLX6","Micro","HAvYA",-0.0365704852368061,0.743520014394949,0.989669368953255
"DUXA","Micro","HAvYA",-0.098406890741664,0.463425567801239,0.989669368953255
"EMX2","Micro","HAvYA",0.0190480680527749,0.896551909736618,0.989669368953255
"EVX1","Micro","HAvYA",0.0165089823750811,0.911842757561089,0.989669368953255
"EVX2","Micro","HAvYA",0.0274032782654842,0.846413008663813,0.989669368953255
"GBX1","Micro","HAvYA",0.0321689004735516,0.809043844903937,0.989669368953255
"GBX2","Micro","HAvYA",0.122042559590645,0.386071175676288,0.989669368953255
"GSC2","Micro","HAvYA",0.0486635738131697,0.651604327258532,0.989669368953255
"GSX1","Micro","HAvYA",-0.0767310248846297,0.696963085070798,0.989669368953255
"HESX1","Micro","HAvYA",-0.10254759251115,0.508153817596027,0.989669368953255
"HMBOX1","Micro","HAvYA",0.0134012901510233,0.851643873742907,0.989669368953255
"HOXA10","Micro","HAvYA",0.202625216215982,0.0830078728680754,0.989669368953255
"HOXB3","Micro","HAvYA",0.0258066981210163,0.865584092658729,0.989669368953255
"HOXC10","Micro","HAvYA",0.0787626079753735,0.33643408047462,0.989669368953255
"HOXC12","Micro","HAvYA",0.0214348379148429,0.848422678436844,0.989669368953255
"HOXC13","Micro","HAvYA",0.104312346144735,0.273403476347173,0.989669368953255
"HOXD11","Micro","HAvYA",0.0963811891004357,0.330038290015226,0.989669368953255
"ISL2","Micro","HAvYA",0.0395885415880746,0.617003102940112,0.989669368953255
"FOXK1","Micro","HAvYA",-0.0236295433806241,0.898734172745137,0.989669368953255
"GATA2","Micro","HAvYA",-0.0860026033144653,0.323661517811644,0.989669368953255
"HIF1A","Micro","HAvYA",0.0710660910394712,0.396577316693146,0.989669368953255
"MYC","Micro","HAvYA",-0.0516777513755854,0.745604388745474,0.989669368953255
"MYB","Micro","HAvYA",-0.0881796226430363,0.37348279992502,0.989669368953255
"MYCN","Micro","HAvYA",0.0695670999562621,0.602788691306712,0.989669368953255
"NEUROD1","Micro","HAvYA",-0.12664423952863,0.693986413967559,0.989669368953255
"NFIC","Micro","HAvYA",-0.0988216716157659,0.790627613937435,0.989669368953255
"NFYA","Micro","HAvYA",0.110339515092699,0.596048105931321,0.989669368953255
"NR1H4","Micro","HAvYA",-0.0276827712233078,0.750098137696691,0.989669368953255
"NR2F2","Micro","HAvYA",0.085114295698667,0.381206459311045,0.989669368953255
"PAX5","Micro","HAvYA",0.279807606336371,0.115536264913786,0.989669368953255
"PBX3","Micro","HAvYA",0.049998466710002,0.652613794694324,0.989669368953255
"POU5F1","Micro","HAvYA",-0.0374069805576322,0.760131621171296,0.989669368953255
"RBPJ","Micro","HAvYA",-0.0629921152127241,0.755076097803592,0.989669368953255
"RELB","Micro","HAvYA",0.0290171823552877,0.789347285448937,0.989669368953255
"SIX1","Micro","HAvYA",-0.072185641572422,0.43561406222369,0.989669368953255
"SIX2","Micro","HAvYA",0.0799164594080213,0.470549873948051,0.989669368953255
"SOX10","Micro","HAvYA",-0.132582667906599,0.611959883515203,0.989669368953255
"SOX13","Micro","HAvYA",-0.268001212923011,0.406951947720206,0.989669368953255
"TEAD2","Micro","HAvYA",-0.0991971282747826,0.6215690306983,0.989669368953255
"TFDP1","Micro","HAvYA",0.0963522596517368,0.553077919046568,0.989669368953255
"ZBTB7A","Micro","HAvYA",0.134463552001831,0.788873558176623,0.989669368953255
"ZEB1","Micro","HAvYA",0.15127087331655,0.348515312392753,0.989669368953255
"ZNF24","Micro","HAvYA",0.0291960323085763,0.845260816897595,0.989669368953255
"ZNF384","Micro","HAvYA",0.309424121384216,0.350228190715876,0.989669368953255
"ZNF282","Micro","HAvYA",0.0831067668633867,0.390116168577383,0.989669368953255
"ZSCAN4","Micro","HAvYA",0.0222122751404894,0.91905692764173,0.989669368953255
"GATA3","Micro","HAvYA",-0.0785541771561936,0.336790573686731,0.989669368953255
"FOS::JUN","Micro","HAvYA",0.0593316098126762,0.731134307170332,0.989669368953255
"FOS::JUN(var.2)","Micro","HAvYA",-0.108377857399555,0.412598858442182,0.989669368953255
"FOSB::JUN","Micro","HAvYA",-0.0220102685630877,0.885375777092919,0.989669368953255
"FOSL1::JUN","Micro","HAvYA",0.0543195841772406,0.771562795812346,0.989669368953255
"FOSL1::JUN(var.2)","Micro","HAvYA",0.0195051574092138,0.900221549414784,0.989669368953255
"FOSL2::JUN","Micro","HAvYA",0.0296004952126328,0.872146563758247,0.989669368953255
"FOSL2::JUN(var.2)","Micro","HAvYA",-0.0868355073920534,0.555166353614645,0.989669368953255
"JUN::JUNB","Micro","HAvYA",0.0698663980806803,0.654366776939516,0.989669368953255
"JUN::JUNB(var.2)","Micro","HAvYA",-0.0324738468039976,0.829080434419589,0.989669368953255
"FOS::JUNB","Micro","HAvYA",0.0539681618216195,0.74613337346827,0.989669368953255
"FOSB::JUNB","Micro","HAvYA",0.0730972311012434,0.658832973462781,0.989669368953255
"FOSB::JUNB(var.2)","Micro","HAvYA",0.0290311453861233,0.84168238232772,0.989669368953255
"FOSL1::JUNB","Micro","HAvYA",0.0622673992563516,0.691950441205536,0.989669368953255
"FOSL2::JUNB","Micro","HAvYA",0.0876855860782077,0.581072536337836,0.989669368953255
"FOSL2::JUNB(var.2)","Micro","HAvYA",0.0243506736831911,0.859949326677605,0.989669368953255
"FOS::JUND","Micro","HAvYA",0.0379526245334838,0.84188172004172,0.989669368953255
"FOSL1::JUND","Micro","HAvYA",0.0618079742864294,0.677023063511412,0.989669368953255
"FOSL1::JUND(var.2)","Micro","HAvYA",0.0166009472941895,0.932378392110587,0.989669368953255
"FOSL2::JUND","Micro","HAvYA",0.0270530681661581,0.873440774209433,0.989669368953255
"FOSL2::JUND(var.2)","Micro","HAvYA",0.0302563586572654,0.809139838147183,0.989669368953255
"NR1H4::RXRA","Micro","HAvYA",0.022680723797368,0.819824594302949,0.989669368953255
"NR4A2::RXRA","Micro","HAvYA",0.0885010528963495,0.251514514913788,0.989669368953255
"PPARA::RXRA","Micro","HAvYA",0.0890792508700802,0.453542243282531,0.989669368953255
"RARA::RXRG","Micro","HAvYA",0.0290048879964129,0.824908834481347,0.989669368953255
"RORB","Micro","HAvYA",0.015928996962869,0.906582499100573,0.989669368953255
"RORC","Micro","HAvYA",0.0860696002897588,0.539237265513989,0.989669368953255
"SOX15","Micro","HAvYA",0.0415410704709219,0.81752945737018,0.989669368953255
"TFE3","Micro","HAvYA",0.138514523909789,0.406480687656116,0.989669368953255
"VDR","Micro","HAvYA",0.0416556478445704,0.545029722759064,0.989669368953255
"IRF3","Micro","HAvYA",0.280545901037189,0.505983015386757,0.989669368953255
"IRF4","Micro","HAvYA",0.255225903890776,0.498811774223505,0.989669368953255
"IRF5","Micro","HAvYA",0.0874188190392209,0.718313237090676,0.989669368953255
"TCF7L1","Micro","HAvYA",-0.0067971187558825,0.947723914363935,0.989669368953255
"ARGFX","Micro","HAvYA",-0.0637819277559969,0.657235116018211,0.989669368953255
"ARNT2","Micro","HAvYA",0.0886955038277863,0.514105593596617,0.989669368953255
"ATF6","Micro","HAvYA",-0.00673379184894474,0.944878273936973,0.989669368953255
"ATOH1(var.2)","Micro","HAvYA",-0.183449988025943,0.507979507593136,0.989669368953255
"ATOH7","Micro","HAvYA",-0.0588445696685688,0.528449304873886,0.989669368953255
"BACH2","Micro","HAvYA",0.0235523662597554,0.875999781260042,0.989669368953255
"BACH2(var.2)","Micro","HAvYA",-0.0306443445681825,0.608300383183357,0.989669368953255
"BARX2","Micro","HAvYA",-0.0205268743090848,0.845294035242953,0.989669368953255
"BHLHA15(var.2)","Micro","HAvYA",-0.0730386434335392,0.794557882652673,0.989669368953255
"CDX4","Micro","HAvYA",0.17611223779797,0.11002113494759,0.989669368953255
"CREB3L4","Micro","HAvYA",0.0464454541651262,0.636341946113166,0.989669368953255
"CREB3L4(var.2)","Micro","HAvYA",0.0563503944614856,0.747288598497327,0.989669368953255
"DLX5","Micro","HAvYA",-0.0376815055050498,0.811817643274044,0.989669368953255
"DMRTA2","Micro","HAvYA",0.0388760469691243,0.541075416930588,0.989669368953255
"DMRTC2","Micro","HAvYA",0.0855515834426994,0.171613938360366,0.989669368953255
"DPRX","Micro","HAvYA",0.0315248442112149,0.714129942148715,0.989669368953255
"DRGX","Micro","HAvYA",0.0426269658074502,0.699314172089269,0.989669368953255
"ELF2","Micro","HAvYA",0.210276194527409,0.704592111794405,0.989669368953255
"ETS2","Micro","HAvYA",0.256813707846324,0.650881407883644,0.989669368953255
"FERD3L","Micro","HAvYA",-0.168729129326989,0.443853113388087,0.989669368953255
"FOXE1","Micro","HAvYA",0.0112834256705508,0.943855978957277,0.989669368953255
"FOXN3","Micro","HAvYA",0.133062394400302,0.335074622066457,0.989669368953255
"GLI3","Micro","HAvYA",0.0906957901566464,0.435881813256635,0.989669368953255
"HES6","Micro","HAvYA",-0.0138485139945864,0.821890947341551,0.989669368953255
"HNF4A(var.2)","Micro","HAvYA",0.193180503753495,0.202308585893686,0.989669368953255
"HOXA1","Micro","HAvYA",-0.0507891195709555,0.711200061633051,0.989669368953255
"HOXA4","Micro","HAvYA",0.0768691991059965,0.399508944479853,0.989669368953255
"HOXA6","Micro","HAvYA",0.0337025715222573,0.782282400572526,0.989669368953255
"HOXA7","Micro","HAvYA",-0.127422372549487,0.343771536891127,0.989669368953255
"HOXB4","Micro","HAvYA",-0.0675417047136031,0.656775639396813,0.989669368953255
"HOXB6","Micro","HAvYA",0.170661404471874,0.148657796975924,0.989669368953255
"HOXB7","Micro","HAvYA",0.114998473323659,0.396519673219979,0.989669368953255
"HOXB8","Micro","HAvYA",-0.04731592825934,0.702779426701351,0.989669368953255
"HOXB9","Micro","HAvYA",0.0962021592931564,0.238219914510323,0.989669368953255
"HOXC4","Micro","HAvYA",-0.0324694020702915,0.785904270616691,0.989669368953255
"HOXC8","Micro","HAvYA",0.0282131118055179,0.728095863411308,0.989669368953255
"HOXD10","Micro","HAvYA",0.0948881542437907,0.321406548396971,0.989669368953255
"HOXD4","Micro","HAvYA",-0.100095371179665,0.57169245382023,0.989669368953255
"IKZF1","Micro","HAvYA",0.378883794225539,0.609044461114778,0.989669368953255
"IRF6","Micro","HAvYA",0.0104053321898622,0.959479654145716,0.990555038496084
"KLF10","Micro","HAvYA",-0.00399162471508796,0.97949215572164,0.990555038496084
"KLF11","Micro","HAvYA",-0.0291060324397714,0.853758244273086,0.989669368953255
"KLF15","Micro","HAvYA",0.0899804156149258,0.641788381045242,0.989669368953255
"KLF17","Micro","HAvYA",0.0692316253599834,0.539996469104585,0.989669368953255
"KLF2","Micro","HAvYA",0.046737826883793,0.800487414562127,0.989669368953255
"KLF3","Micro","HAvYA",0.0895660821067206,0.639469765888369,0.989669368953255
"KLF6","Micro","HAvYA",-0.0302062063745621,0.891765669709882,0.989669368953255
"LHX1","Micro","HAvYA",0.00972966432965017,0.94439742452248,0.989669368953255
"LHX5","Micro","HAvYA",0.0320696406018717,0.810775031242315,0.989669368953255
"MAF","Micro","HAvYA",-0.0839416670450604,0.285581862120352,0.989669368953255
"MAFA","Micro","HAvYA",-0.0833496881168554,0.289896899539383,0.989669368953255
"MAZ","Micro","HAvYA",0.00519009441344509,0.964069949312877,0.990555038496084
"MSANTD3","Micro","HAvYA",0.0931366025816944,0.367983662206668,0.989669368953255
"MSGN1","Micro","HAvYA",0.0443879313596573,0.762688445917001,0.989669368953255
"NFATC4","Micro","HAvYA",0.13481587784737,0.393046879129395,0.989669368953255
"NFIC(var.2)","Micro","HAvYA",0.0747279649263457,0.768160460701902,0.989669368953255
"NFIX(var.2)","Micro","HAvYA",0.133188519791549,0.632054609235909,0.989669368953255
"NHLH2","Micro","HAvYA",-0.0545589023237899,0.803305439909065,0.989669368953255
"NKX6-3","Micro","HAvYA",0.0460734270167176,0.682847894790499,0.989669368953255
"NR1D1","Micro","HAvYA",0.138067373953798,0.3869279499439,0.989669368953255
"NR1D2","Micro","HAvYA",0.0840357959907746,0.528223882676234,0.989669368953255
"NR1I2","Micro","HAvYA",0.0542240905975974,0.512941394525984,0.989669368953255
"NR1I3","Micro","HAvYA",0.171060652970056,0.0840056011069104,0.989669368953255
"NR2C1","Micro","HAvYA",0.0477103032937177,0.609192453974379,0.989669368953255
"NR2C2(var.2)","Micro","HAvYA",0.0628279799464997,0.46154779099238,0.989669368953255
"NR2F1(var.2)","Micro","HAvYA",0.0910222302921594,0.434968747345838,0.989669368953255
"NR2F1(var.3)","Micro","HAvYA",0.056091816924208,0.523129857087336,0.989669368953255
"NR2F6(var.3)","Micro","HAvYA",0.0588645805381705,0.478765542138668,0.989669368953255
"NR5A1","Micro","HAvYA",0.104176293717832,0.472883323714941,0.989669368953255
"NR6A1","Micro","HAvYA",0.0208638841204781,0.766913590859589,0.989669368953255
"OSR1","Micro","HAvYA",0.00698168737893823,0.934833808918964,0.989669368953255
"OVOL1","Micro","HAvYA",-0.0255014987022048,0.79448799296385,0.989669368953255
"OVOL2","Micro","HAvYA",0.00859667902519767,0.926087122469138,0.989669368953255
"PAX3(var.2)","Micro","HAvYA",0.0958804072414834,0.306873913336886,0.989669368953255
"PITX2","Micro","HAvYA",-0.00986299170564722,0.908344027340693,0.989669368953255
"PLAGL2","Micro","HAvYA",0.020460191877333,0.826664736521696,0.989669368953255
"POU6F1(var.2)","Micro","HAvYA",-0.0707113007564235,0.672941277413826,0.989669368953255
"PPARD","Micro","HAvYA",0.157980175275984,0.26205344251486,0.989669368953255
"RARB(var.3)","Micro","HAvYA",0.135428012642997,0.24681862864364,0.989669368953255
"RARG(var.3)","Micro","HAvYA",0.17685181783456,0.179022340713977,0.989669368953255
"RFX7","Micro","HAvYA",-0.0170673130516946,0.812227128451566,0.989669368953255
"RXRB(var.2)","Micro","HAvYA",0.115148668441982,0.412602503652693,0.989669368953255
"RXRG(var.2)","Micro","HAvYA",0.173583969462499,0.277223707448832,0.989669368953255
"SMAD5","Micro","HAvYA",0.12681253324603,0.323177841160991,0.989669368953255
"SNAI1","Micro","HAvYA",0.00382030204900904,0.97960103333104,0.990555038496084
"SNAI3","Micro","HAvYA",0.0217250932679933,0.859663214312407,0.989669368953255
"SOHLH2","Micro","HAvYA",-0.154626912008363,0.382107319705033,0.989669368953255
"SOX12","Micro","HAvYA",0.0483905736816749,0.805808264299793,0.989669368953255
"SOX14","Micro","HAvYA",-0.19734416828698,0.487479105482303,0.989669368953255
"SOX18","Micro","HAvYA",-0.187117753195345,0.481060450211523,0.989669368953255
"SP9","Micro","HAvYA",0.0146254728979247,0.935195431007646,0.989669368953255
"TBX18","Micro","HAvYA",0.0179587210193661,0.881313291773189,0.989669368953255
"TBX3","Micro","HAvYA",-0.00460875714557696,0.958268827350671,0.990555038496084
"TBX6","Micro","HAvYA",0.0109563095798058,0.89579716506418,0.989669368953255
"TCF21(var.2)","Micro","HAvYA",-0.0103685308127459,0.92457144448077,0.989669368953255
"TFAP2E","Micro","HAvYA",0.0980684814172981,0.318934211630789,0.989669368953255
"TFAP4(var.2)","Micro","HAvYA",-0.032325786869345,0.56214706015717,0.989669368953255
"TGIF2LX","Micro","HAvYA",-0.0414657991249116,0.747190112304605,0.989669368953255
"TGIF2LY","Micro","HAvYA",0.0146136031609634,0.895162010849332,0.989669368953255
"THAP11","Micro","HAvYA",-0.054003180170335,0.657075933573249,0.989669368953255
"THRB","Micro","HAvYA",0.11021950409744,0.402586294312366,0.989669368953255
"THRB(var.2)","Micro","HAvYA",0.0943982176109999,0.323507556257228,0.989669368953255
"THRB(var.3)","Micro","HAvYA",-0.0601951607399596,0.588987858868866,0.989669368953255
"TLX2","Micro","HAvYA",-0.0285784576234279,0.851308648260318,0.989669368953255
"VEZF1","Micro","HAvYA",-0.0212989336306291,0.874802214707424,0.989669368953255
"ZBTB26","Micro","HAvYA",0.0383083438117013,0.717525303268822,0.989669368953255
"ZBTB32","Micro","HAvYA",-0.102143422532732,0.190932847955099,0.989669368953255
"ZBTB6","Micro","HAvYA",0.0790945730213051,0.571565676715133,0.989669368953255
"ZFP57","Micro","HAvYA",0.00491746118822959,0.950890315555114,0.989669368953255
"ZIC5","Micro","HAvYA",-0.000613164335693861,0.995666418808318,0.995788248228363
"ZKSCAN1","Micro","HAvYA",-0.0323444291353695,0.624364937388238,0.989669368953255
"ZNF135","Micro","HAvYA",0.201738231569601,0.455935708517812,0.989669368953255
"ZNF136","Micro","HAvYA",0.00819210334602061,0.919276896538301,0.989669368953255
"ZNF140","Micro","HAvYA",-0.0342037961927659,0.700426819479813,0.989669368953255
"ZNF274","Micro","HAvYA",-0.0274328025963921,0.795921274447176,0.989669368953255
"ZNF317","Micro","HAvYA",-0.0729666390140545,0.690043138645738,0.989669368953255
"ZNF382","Micro","HAvYA",-0.0336864234345198,0.753312763856712,0.989669368953255
"ZNF460","Micro","HAvYA",0.168181253819899,0.27462698234765,0.989669368953255
"ZNF528","Micro","HAvYA",-0.0662610939575645,0.644854099880675,0.989669368953255
"ZNF682","Micro","HAvYA",0.00964304809316541,0.933641488310126,0.989669368953255
"ZNF684","Micro","HAvYA",0.0217527222416933,0.902790912421524,0.989669368953255
"ZNF75D","Micro","HAvYA",-0.0223668007481148,0.895471212691897,0.989669368953255
"ZSCAN29","Micro","HAvYA",-0.00495065402527228,0.915129957431908,0.989669368953255
"ASCL1","Micro","HAvYA",-0.0398743253885361,0.897984020744631,0.989669368953255
"ATF3","Micro","HAvYA",-0.0681818846242375,0.598041720309649,0.989669368953255
"BARHL1","Micro","HAvYA",-0.0462537042657989,0.466582830751085,0.989669368953255
"BATF::JUN","Micro","HAvYA",0.128423268628187,0.474208890933411,0.989669368953255
"BCL6","Micro","HAvYA",0.0603348642757013,0.564309643333015,0.989669368953255
"CDX1","Micro","HAvYA",0.150032561952031,0.153431950166877,0.989669368953255
"E2F2","Micro","HAvYA",-0.0211646765236724,0.907819945004502,0.989669368953255
"E2F3","Micro","HAvYA",0.174460151974223,0.03340940422759,0.989669368953255
"E2F4","Micro","HAvYA",0.0967316253861786,0.447164054110416,0.989669368953255
"EMX1","Micro","HAvYA",0.0140706021509266,0.915635172876456,0.989669368953255
"FOXD2","Micro","HAvYA",-0.00939292659473756,0.945002204267493,0.989669368953255
"GATA5","Micro","HAvYA",-0.0186395443329914,0.891390629168634,0.989669368953255
"GFI1","Micro","HAvYA",-0.0341898740646551,0.731884784941468,0.989669368953255
"GLI2","Micro","HAvYA",0.0634776141673853,0.55083024201702,0.989669368953255
"GSX2","Micro","HAvYA",0.0140706021509266,0.915635172876456,0.989669368953255
"HES1","Micro","HAvYA",0.161261300605326,0.281944522390107,0.989669368953255
"HES2","Micro","HAvYA",0.0658966975776801,0.452458616837275,0.989669368953255
"HOXA13","Micro","HAvYA",0.126046755633564,0.250811601513016,0.989669368953255
"HOXA2","Micro","HAvYA",-0.0273492307374736,0.847046263801838,0.989669368953255
"HOXA5","Micro","HAvYA",-0.0507891195709555,0.711200061633051,0.989669368953255
"HOXA9","Micro","HAvYA",-0.0966209370680878,0.389613804830938,0.989669368953255
"HOXB2","Micro","HAvYA",0.0140706021509266,0.915635172876456,0.989669368953255
"HOXB5","Micro","HAvYA",-0.0507891195709555,0.711200061633051,0.989669368953255
"HOXC9","Micro","HAvYA",0.104058920494085,0.224621279978457,0.989669368953255
"HOXD13","Micro","HAvYA",0.0912938478472846,0.391663140258287,0.989669368953255
"HOXD3","Micro","HAvYA",0.0140706021509266,0.915635172876456,0.989669368953255
"HOXD8","Micro","HAvYA",-0.127422372549487,0.343771536891127,0.989669368953255
"HOXD9","Micro","HAvYA",0.249072251362974,0.0454600020995591,0.989669368953255
"JUNB(var.2)","Micro","HAvYA",0.00329248858075037,0.982996434239319,0.991587522245812
"LHX9","Micro","HAvYA",-0.0285784576234279,0.851308648260318,0.989669368953255
"LMX1A","Micro","HAvYA",-0.0161999675021413,0.881204417604353,0.989669368953255
"LMX1B","Micro","HAvYA",-0.00936743440088456,0.947393019928946,0.989669368953255
"NEUROG1","Micro","HAvYA",0.042197733528859,0.726079347349665,0.989669368953255
"NRL","Micro","HAvYA",0.0194666443456631,0.802150489660526,0.989669368953255
"PITX1","Micro","HAvYA",-0.100926532868713,0.421162196919397,0.989669368953255
"PRRX2","Micro","HAvYA",-0.0285784576234279,0.851308648260318,0.989669368953255
"SOX4","Micro","HAvYA",-0.23048515042361,0.512115289354405,0.989669368953255
"SOX8","Micro","HAvYA",-0.167518609302079,0.580497698083505,0.989669368953255
"SP1","Micro","HAvYA",0.0375085891718205,0.870178413491936,0.989669368953255
"SP2","Micro","HAvYA",0.0467728480610186,0.741373151562094,0.989669368953255
"SP3","Micro","HAvYA",0.0296846664377841,0.872276329881289,0.989669368953255
"TCFL5","Micro","HAvYA",0.169536426721354,0.327097583050524,0.989669368953255
"TFEC","Micro","HAvYA",0.0891232226755349,0.585607928192185,0.989669368953255
"ZNF740","Micro","HAvYA",-0.0181304663803266,0.873427096118725,0.989669368953255
"ASCL1(var.2)","Micro","HAvYA",-0.00296185792749093,0.98997275047076,0.993110540488099
"ATF2","Micro","HAvYA",-0.0816562389220362,0.464244326940849,0.989669368953255
"BACH1","Micro","HAvYA",-0.0550358397047923,0.756940393404155,0.989669368953255
"BATF","Micro","HAvYA",0.122718671257188,0.496673235313636,0.989669368953255
"BHLHE22(var.2)","Micro","HAvYA",-0.136365787221689,0.658330100674991,0.989669368953255
"CEBPG(var.2)","Micro","HAvYA",0.0394470503010356,0.842562204926875,0.989669368953255
"EBF3","Micro","HAvYA",0.0448541694618421,0.783920640182006,0.989669368953255
"HAND2","Micro","HAvYA",-0.0900413925259895,0.663674838632834,0.989669368953255
"MEIS1(var.2)","Micro","HAvYA",0.0323628695972394,0.821435344301203,0.989669368953255
"MEIS2(var.2)","Micro","HAvYA",0.0388689537259808,0.791956497602736,0.989669368953255
"MYF5","Micro","HAvYA",-0.136274384280681,0.6463605917773,0.989669368953255
"NEUROG2(var.2)","Micro","HAvYA",-0.10390152490851,0.736101426962991,0.989669368953255
"NFIB","Micro","HAvYA",0.104261979524676,0.735237249214689,0.989669368953255
"NFYC","Micro","HAvYA",0.103160156359144,0.559288581764561,0.989669368953255
"NKX2-2","Micro","HAvYA",0.0576271089836287,0.717327138677757,0.989669368953255
"OSR2","Micro","HAvYA",-0.0560076816551591,0.699233091543049,0.989669368953255
"PRDM4","Micro","HAvYA",0.0443074163759647,0.69113781125677,0.989669368953255
"TCF12(var.2)","Micro","HAvYA",-0.00324848164710925,0.98546557087333,0.991732442548201
"ZBTB12","Micro","HAvYA",0.102556811243455,0.236479403462312,0.989669368953255
"ZBTB14","Micro","HAvYA",0.0460059810806065,0.715058849973895,0.989669368953255
"ZFP42","Micro","HAvYA",0.0361082162441843,0.666925966882373,0.989669368953255
"ZKSCAN5","Micro","HAvYA",0.244734436620914,0.410538849968284,0.989669368953255
"ZNF148","Micro","HAvYA",-0.0119423738502219,0.915375937692062,0.989669368953255
"ZNF16","Micro","HAvYA",-0.0188288464689423,0.911236898137264,0.989669368953255
"ZNF341","Micro","HAvYA",0.0529762845509894,0.743779534837671,0.989669368953255
"ZNF449","Micro","HAvYA",-0.0326355064627398,0.806145318796204,0.989669368953255
"ZNF652","Micro","HAvYA",0.133904883141545,0.218746231041336,0.989669368953255
"FOXA3","Micro","HAvYA",-0.021760636831674,0.913521190710465,0.989669368953255
"ATF4","Micro","HAvYA",-0.0934140758559725,0.529544859481842,0.989669368953255
"BATF3","Micro","HAvYA",0.133290123399837,0.430721174927304,0.989669368953255
"CDX2","Micro","HAvYA",0.213848072424448,0.122374042195845,0.989669368953255
"CEBPA","Micro","HAvYA",0.192850184719128,0.54908946444761,0.989669368953255
"CEBPD","Micro","HAvYA",0.212270183393861,0.49508985836787,0.989669368953255
"CREB1","Micro","HAvYA",-0.0591107769587849,0.627470722029184,0.989669368953255
"CTCFL","Micro","HAvYA",-0.00921543288225096,0.915032660278891,0.989669368953255
"E2F6","Micro","HAvYA",0.0369558015985094,0.760039958647198,0.989669368953255
"EBF1","Micro","HAvYA",0.0125565859572978,0.945032451606356,0.989669368953255
"EGR1","Micro","HAvYA",0.0563305719495971,0.646944274860828,0.989669368953255
"EHF","Micro","HAvYA",0.552352227348481,0.602780788361144,0.989669368953255
"ELF1","Micro","HAvYA",0.419698906073751,0.577227574323009,0.989669368953255
"ELF3","Micro","HAvYA",0.502242796538925,0.552383263890934,0.989669368953255
"ESRRA","Micro","HAvYA",-0.0239082310423987,0.824243864697902,0.989669368953255
"ETV1","Micro","HAvYA",0.442878445329754,0.56145744225942,0.989669368953255
"ETV4","Micro","HAvYA",0.366138671443077,0.53347964769169,0.989669368953255
"ETV5","Micro","HAvYA",0.222329300402775,0.750618271791806,0.989669368953255
"FOSL1","Micro","HAvYA",0.0625272390406217,0.714373502311842,0.989669368953255
"FOXA1","Micro","HAvYA",-0.0501281673116426,0.747607299170734,0.989669368953255
"FOXA2","Micro","HAvYA",-0.0459277239808042,0.812412554423328,0.989669368953255
"FOXK2","Micro","HAvYA",-0.023742116397074,0.901931969921112,0.989669368953255
"FOXP1","Micro","HAvYA",-0.0201462908396636,0.917676676788177,0.989669368953255
"GABPA","Micro","HAvYA",0.487078815510892,0.559611745087745,0.989669368953255
"GATA1","Micro","HAvYA",-0.0482876576424527,0.567771215597876,0.989669368953255
"GATA4","Micro","HAvYA",-0.130375594103308,0.240197353623213,0.989669368953255
"GATA6","Micro","HAvYA",0.0191902274702959,0.78388303045802,0.989669368953255
"GRHL2","Micro","HAvYA",-0.015930491896818,0.91034988271048,0.989669368953255
"HLF","Micro","HAvYA",-0.0766550314382394,0.526105486125322,0.989669368953255
"HNF4A","Micro","HAvYA",0.137783316214466,0.253878976821908,0.989669368953255
"HNF4G","Micro","HAvYA",0.171344021990113,0.123897491965445,0.989669368953255
"HOXB13","Micro","HAvYA",0.23160292361898,0.0531907370277904,0.989669368953255
"JUNB","Micro","HAvYA",0.0747441852512415,0.623059022551535,0.989669368953255
"JUND","Micro","HAvYA",0.0547448054839851,0.731836904775605,0.989669368953255
"KLF4","Micro","HAvYA",0.0318501999554809,0.78006450564093,0.989669368953255
"KLF9","Micro","HAvYA",-0.0797530705715193,0.543555053692193,0.989669368953255
"LHX2","Micro","HAvYA",-0.00299402339800475,0.983755077362354,0.991587522245812
"MAFF","Micro","HAvYA",0.101989506588753,0.32780623317195,0.989669368953255
"MAFG","Micro","HAvYA",0.0288603606399018,0.748267072465249,0.989669368953255
"MAFK","Micro","HAvYA",0.0921632862691892,0.668776308218288,0.989669368953255
"MEF2A","Micro","HAvYA",0.0545877842989941,0.848989657473033,0.989669368953255
"MITF","Micro","HAvYA",0.104838430965129,0.513261999244096,0.989669368953255
"MXI1","Micro","HAvYA",-0.0606235363265821,0.668357208416632,0.989669368953255
"MYOD1","Micro","HAvYA",-0.0753588979663817,0.730119996109728,0.989669368953255
"MYOG","Micro","HAvYA",-0.0473673694337136,0.882416705179541,0.989669368953255
"MZF1","Micro","HAvYA",-0.0859533720739347,0.537768397505672,0.989669368953255
"NFE2L1","Micro","HAvYA",0.0116793346697945,0.930140308360231,0.989669368953255
"NFIL3","Micro","HAvYA",-0.0818148987129982,0.48035875456848,0.989669368953255
"NFYB","Micro","HAvYA",0.209401714003789,0.181064716774963,0.989669368953255
"NKX2-5","Micro","HAvYA",0.123992678030478,0.0656980718543859,0.989669368953255
"NR4A1","Micro","HAvYA",0.0157220217899036,0.880477672286299,0.989669368953255
"ONECUT1","Micro","HAvYA",0.183374969136209,0.192544697190246,0.989669368953255
"OTX2","Micro","HAvYA",0.0428950759120177,0.650723486609196,0.989669368953255
"PBX2","Micro","HAvYA",0.0192029743902684,0.911221856913502,0.989669368953255
"PHOX2B","Micro","HAvYA",0.182232018736771,0.101380960478068,0.989669368953255
"PKNOX1","Micro","HAvYA",0.091632624127947,0.341418287121715,0.989669368953255
"POU2F3","Micro","HAvYA",-0.0313084808546049,0.812725716985633,0.989669368953255
"PRDM1","Micro","HAvYA",0.158526253419251,0.33651304110482,0.989669368953255
"RFX1","Micro","HAvYA",-0.0911981869358821,0.697145343198167,0.989669368953255
"RFX3","Micro","HAvYA",-0.0555227809201049,0.797709059298553,0.989669368953255
"RUNX3","Micro","HAvYA",0.172987725747463,0.322921048028619,0.989669368953255
"SCRT1","Micro","HAvYA",0.116750694040438,0.23091414692404,0.989669368953255
"SCRT2","Micro","HAvYA",0.102352515965138,0.269842747353597,0.989669368953255
"SNAI2","Micro","HAvYA",0.045555988794296,0.692905410357972,0.989669368953255
"SOX2","Micro","HAvYA",-0.271281578274254,0.365771667500819,0.989669368953255
"SPI1","Micro","HAvYA",0.576626822694583,0.487318509095723,0.989669368953255
"SPIB","Micro","HAvYA",0.531642808594246,0.585360915430908,0.989669368953255
"SREBF1(var.2)","Micro","HAvYA",0.11946840655587,0.51868474614095,0.989669368953255
"TCF3","Micro","HAvYA",0.00636415678521929,0.971111923204116,0.990555038496084
"TCF4","Micro","HAvYA",-0.0188515423817534,0.923474659634507,0.989669368953255
"TCF7","Micro","HAvYA",-0.00184665300848078,0.988426607153134,0.993110540488099
"TEAD1","Micro","HAvYA",-0.0598596883552712,0.716812123160087,0.989669368953255
"TEAD4","Micro","HAvYA",-0.108729732130404,0.586085496402245,0.989669368953255
"TFAP2A","Micro","HAvYA",0.106317634411304,0.340086725140274,0.989669368953255
"TFAP2C(var.2)","Micro","HAvYA",0.0396983780911154,0.669222401088483,0.989669368953255
"TWIST1","Micro","HAvYA",-0.115134891719695,0.556637510259514,0.989669368953255
"USF1","Micro","HAvYA",0.167165761669129,0.180884288401391,0.989669368953255
"USF2","Micro","HAvYA",0.155929399194946,0.253579558063584,0.989669368953255
"YY2","Micro","HAvYA",0.0907961059527158,0.646808580543416,0.989669368953255
"ZNF263","Micro","HAvYA",0.125145482897517,0.338485566442022,0.989669368953255
"CREM","Micro","HAvYA",-0.095225580676254,0.483522895672795,0.989669368953255
"FOXF2","Micro","ADvHA",0.376589382444334,6.1828588536677e-05,0.00230220567904215
"FOXD1","Micro","ADvHA",0.354636386713105,5.3195424145865e-06,0.000259020796033327
"IRF2","Micro","ADvHA",0.0116144337737418,0.957861140341268,0.96395246714789
"MZF1(var.2)","Micro","ADvHA",0.288533583691011,0.00842907829715853,0.0218980674931588
"MAX::MYC","Micro","ADvHA",0.123979421176165,0.126479473004799,0.172546350025944
"PPARG","Micro","ADvHA",0.211005182915959,0.016753024117654,0.0326297362045384
"PAX6","Micro","ADvHA",0.140324054650217,0.0167197797688483,0.0326297362045384
"PBX1","Micro","ADvHA",0.211140726551057,0.0073723680113038,0.0202022032517546
"RORA","Micro","ADvHA",0.27789520167873,0.00206077635188164,0.0122444476639948
"RORA(var.2)","Micro","ADvHA",0.238341792711591,0.00469243273070591,0.0157159254949039
"RREB1","Micro","ADvHA",0.291873758456683,0.0147032614816414,0.0293601404349495
"RXRA::VDR","Micro","ADvHA",0.108554808738145,0.119976402196419,0.165457652702251
"SOX9","Micro","ADvHA",0.284099821205498,0.0655248958331308,0.0985208053738048
"SRY","Micro","ADvHA",0.270824747347132,0.00179384908471472,0.0115868007206573
"TAL1::TCF3","Micro","ADvHA",0.357648016823658,0.0112139175461302,0.025626028183034
"REL","Micro","ADvHA",0.174181100952346,0.0925460220187548,0.132238446812352
"RELA","Micro","ADvHA",0.198848873479364,0.0810298624150179,0.118184108084577
"NR1H2::RXRA","Micro","ADvHA",0.017035445962561,0.839775846254119,0.880096209733207
"NFIC::TLX1","Micro","ADvHA",0.370031175912471,0.00437886879349864,0.0150542859705267
"ZNF354C","Micro","ADvHA",0.411626288614198,0.00265543608748748,0.013131961276403
"CTCF","Micro","ADvHA",0.185429578585452,0.293308841529856,0.354321558565647
"EWSR1-FLI1","Micro","ADvHA",0.382613235673418,0.00900611701640678,0.0228950685597811
"REST","Micro","ADvHA",0.352801382570814,0.00426537204319515,0.0150542859705267
"NFATC2","Micro","ADvHA",0.518500038763958,0.000474649885943602,0.00686273109953518
"INSM1","Micro","ADvHA",0.244228716259292,0.0149380901639411,0.0297352549489771
"RARA::RXRA","Micro","ADvHA",0.258706391130735,0.00844096124538824,0.0218980674931588
"NR4A2","Micro","ADvHA",0.167716753490448,0.0858333559298997,0.124330696346971
"PLAG1","Micro","ADvHA",0.180025818461331,0.0726978919167256,0.107267518842162
"ARNT::HIF1A","Micro","ADvHA",0.121906537023834,0.0498301728552212,0.0776908852644212
"DUX4","Micro","ADvHA",0.282010426574439,0.00880103168332289,0.0225523319612727
"FOS","Micro","ADvHA",0.269293479626182,0.179705700795379,0.235028323560898
"FOSL2","Micro","ADvHA",0.178153761174424,0.359856210062131,0.427371446471536
"FOXH1","Micro","ADvHA",0.365691379410503,0.00372591978646885,0.0147478775525047
"JUN","Micro","ADvHA",0.0301725594330415,0.725824746500939,0.782703687453313
"JUN(var.2)","Micro","ADvHA",0.238864712881995,0.197017679244565,0.255557768364364
"JUND(var.2)","Micro","ADvHA",0.010570121094381,0.89197679116582,0.915107469704966
"MEF2C","Micro","ADvHA",0.0536312296818724,0.763410222233519,0.816281538300368
"MAF::NFE2","Micro","ADvHA",0.242307349035147,0.0385491591751791,0.0625152452640484
"NR2C2","Micro","ADvHA",0.228272293909798,0.05845970579286,0.0893840429151701
"NRF1","Micro","ADvHA",0.204740805679918,0.0962474825658399,0.136602368753759
"POU2F2","Micro","ADvHA",0.316624631842548,0.000846660300961643,0.00799904433595104
"SMAD2::SMAD3::SMAD4","Micro","ADvHA",0.395859315786064,0.00972316916284995,0.0235814792340384
"STAT1::STAT2","Micro","ADvHA",-0.0836337988298559,0.826690483613248,0.869260923799312
"TCF7L2","Micro","ADvHA",0.444081007805974,0.000129921981996844,0.00391621974304773
"ZBTB33","Micro","ADvHA",0.0789277772707999,0.368755271061586,0.437120012325812
"ELK4","Micro","ADvHA",-0.369038322676809,0.304058974473682,0.364530620818421
"ESR2","Micro","ADvHA",0.276271585348907,0.02192971538598,0.0397750998261471
"IRF1","Micro","ADvHA",-0.0994002247081633,0.791709734276231,0.83945102478535
"STAT1","Micro","ADvHA",0.255764655211364,0.0200944560529672,0.0373014389487632
"STAT3","Micro","ADvHA",0.321428667683316,0.00340029519830081,0.0144455493994927
"GATA1::TAL1","Micro","ADvHA",0.215181098016575,0.0026026812710164,0.013131961276403
"YY1","Micro","ADvHA",-0.106764284162045,0.258869919919398,0.318802839122527
"FOXP2","Micro","ADvHA",0.4096111358714,6.38167957906886e-06,0.000286902558889677
"SREBF1","Micro","ADvHA",0.124216205414272,0.113881178405047,0.157739137703271
"SREBF2","Micro","ADvHA",0.0989660514726355,0.161714498749528,0.214602259346858
"THAP1","Micro","ADvHA",0.418048264114189,0.00243999448962536,0.013131961276403
"KLF5","Micro","ADvHA",0.189489724923266,0.063290958769972,0.095844920816728
"DMRT3","Micro","ADvHA",0.232877418740383,0.000782728811254731,0.00751894445061919
"FOXG1","Micro","ADvHA",0.354636386713105,5.3195424145865e-06,0.000259020796033327
"LBX1","Micro","ADvHA",0.323282828278614,0.00540465164781506,0.0174548188421782
"NFATC3","Micro","ADvHA",0.358141696146902,0.000756559877648566,0.00751894445061919
"POU6F1","Micro","ADvHA",0.236484806722819,0.0206774378531895,0.038044810668163
"SHOX","Micro","ADvHA",0.22251026266836,0.0142906968446242,0.0290399818207149
"ALX3","Micro","ADvHA",0.306749651866603,0.00582115009515291,0.0178313719807934
"BARHL2","Micro","ADvHA",0.170709352525575,0.000343575022058098,0.00604119413785489
"BHLHE41","Micro","ADvHA",0.0133444296115582,0.899107303431143,0.916481357603725
"CENPB","Micro","ADvHA",0.04722379059896,0.490577076232306,0.564609616827363
"CREB3","Micro","ADvHA",-0.13460229363441,0.0735402858318263,0.10825814170127
"DBP","Micro","ADvHA",-0.011608349115439,0.893603109797362,0.91529250566623
"ELF4","Micro","ADvHA",-0.400425903811669,0.292990471291962,0.354321558565647
"ELF5","Micro","ADvHA",-0.398199531103525,0.484464051279265,0.558589698469535
"EN1","Micro","ADvHA",0.205218053823326,0.00342813905924033,0.014453218946354
"EN2","Micro","ADvHA",0.211087303698328,0.0303861121917615,0.0521257696948104
"ESX1","Micro","ADvHA",0.223594876724217,0.015847144356579,0.0311529266388649
"ETV6","Micro","ADvHA",-0.384590609673655,0.482649012178091,0.557512453848051
"FLI1","Micro","ADvHA",-0.392617896822753,0.174957718527248,0.229768124123958
"FOXI1","Micro","ADvHA",0.413076657590511,2.28077177312894e-06,0.000160414281376736
"FOXL1","Micro","ADvHA",0.413076657590511,2.28077177312894e-06,0.000160414281376736
"FOXO3","Micro","ADvHA",0.354636386713105,5.3195424145865e-06,0.000259020796033327
"GCM1","Micro","ADvHA",0.267431187097574,0.00575404388012695,0.0178313719807934
"GRHL1","Micro","ADvHA",0.159790262365913,0.0415018325544233,0.0664931908264973
"GSC","Micro","ADvHA",0.130797026007843,0.0320797369639036,0.0541505959950693
"HEY2","Micro","ADvHA",0.171732109970074,0.0430808892518622,0.0683463731740069
"HINFP","Micro","ADvHA",0.214071657748592,0.0377012475955136,0.061349330920206
"HNF1A","Micro","ADvHA",0.164144952736879,0.00984208846224978,0.0237255182859987
"HNF1B","Micro","ADvHA",0.187610313298511,0.000689132130843305,0.00751894445061919
"HOXC11","Micro","ADvHA",0.13022347608137,0.0286216541090879,0.0499104877439466
"HSF1","Micro","ADvHA",0.181836378609727,0.0650326896897423,0.098013553746683
"IRF8","Micro","ADvHA",-0.0720818301215389,0.772921995258672,0.825058386169881
"IRF9","Micro","ADvHA",-0.150927478766413,0.586804425273848,0.656267139926406
"ISX","Micro","ADvHA",0.22251026266836,0.0142906968446242,0.0290399818207149
"JDP2","Micro","ADvHA",0.205071803990515,0.182384030388392,0.23754957044414
"JDP2(var.2)","Micro","ADvHA",-0.142771413819057,0.111998475311604,0.155813263455485
"KLF13","Micro","ADvHA",0.0249637056012907,0.754109792637781,0.810126825271447
"LHX6","Micro","ADvHA",0.209429267370288,0.00883566876207839,0.0225523319612727
"MEF2B","Micro","ADvHA",-0.00879135825334232,0.955269348495153,0.962874996174255
"MEOX1","Micro","ADvHA",0.260681782747912,0.00499259636148707,0.0163923539350444
"MIXL1","Micro","ADvHA",0.305014421381174,0.00759979281845019,0.0206761832080475
"MLX","Micro","ADvHA",-0.0208654526606391,0.853334336925371,0.889885725327446
"MLXIPL","Micro","ADvHA",-0.0443125622112958,0.709540985095951,0.768013982471322
"MSC","Micro","ADvHA",0.345966416246584,0.00444760152758087,0.0150552500906882
"MSX1","Micro","ADvHA",0.16016039439707,0.00435758103930928,0.0150542859705267
"MYF6","Micro","ADvHA",0.332669417292191,0.00141401478948493,0.0105690676048586
"NEUROD2","Micro","ADvHA",0.265642835034801,0.00770865598277917,0.0206761832080475
"NEUROG2","Micro","ADvHA",0.276636788402968,0.00405987225543128,0.0147478775525047
"NFIA","Micro","ADvHA",0.535265718981327,0.000680311884612128,0.00751894445061919
"NFIX","Micro","ADvHA",0.473016363058984,0.00191633957886321,0.0117771160526253
"NHLH1","Micro","ADvHA",0.498011372515373,0.00249989670075147,0.013131961276403
"NKX2-3","Micro","ADvHA",0.273831270430783,0.00412606149806498,0.0147478775525047
"NKX2-8","Micro","ADvHA",0.289553775875108,0.00154353522700179,0.0108597302312845
"NKX6-1","Micro","ADvHA",0.266128250169828,0.00965940598014059,0.0235814792340384
"NKX6-2","Micro","ADvHA",0.266128250169828,0.00965940598014059,0.0235814792340384
"OLIG2","Micro","ADvHA",0.256987379635055,0.000777177386874443,0.00751894445061919
"PAX4","Micro","ADvHA",0.265638259163107,0.0136794711055885,0.028767791394809
"PAX7","Micro","ADvHA",0.160227526190043,0.0127194257930542,0.0278595035536446
"POU4F2","Micro","ADvHA",0.43070156377545,0.0010045297935956,0.00883149110202798
"SP4","Micro","ADvHA",0.025658002804638,0.862373384684032,0.896358542701137
"SPDEF","Micro","ADvHA",-0.0690803467455534,0.475868717542445,0.552633205577118
"SPIC","Micro","ADvHA",-0.403679558373043,0.544901657636285,0.614835560220621
"SRF","Micro","ADvHA",0.0729402345134703,0.180788809772469,0.23595735378551
"TBXT","Micro","ADvHA",0.215891959225467,0.000719297769066696,0.00751894445061919
"TBX2","Micro","ADvHA",0.202732662045894,0.0124950568131549,0.0277521788165862
"TBX20","Micro","ADvHA",0.332318973403647,0.00123756670248363,0.00948342672918491
"TBX21","Micro","ADvHA",0.268596599485688,0.00168861761853002,0.0112429114461436
"TFAP4","Micro","ADvHA",0.295773471948288,0.00937855111874189,0.023558027214935
"TFCP2","Micro","ADvHA",0.0945474222478682,0.130584178668256,0.177059339639929
"TFEB","Micro","ADvHA",0.0383592176335282,0.780162842941587,0.831385655861995
"ZBTB7B","Micro","ADvHA",0.172279009762351,0.0726492640454611,0.107267518842162
"ZBTB7C","Micro","ADvHA",0.169382163179929,0.0540092040177121,0.0831820587426077
"ZIC1","Micro","ADvHA",0.323878731069135,0.000496735004751591,0.00686273109953518
"ZIC3","Micro","ADvHA",0.319622369789427,0.000327879471087485,0.00592993443423938
"ZBTB18","Micro","ADvHA",0.322135187902887,0.0165686468203895,0.0324704440783485
"LBX2","Micro","ADvHA",0.234249623561773,0.00326179814023577,0.0144385889704143
"MEOX2","Micro","ADvHA",0.33713261896996,0.000435300654152589,0.00686273109953518
"MNX1","Micro","ADvHA",0.324009490051532,0.0015611934455717,0.0108597302312845
"MSX2","Micro","ADvHA",0.16016039439707,0.00435758103930928,0.0150542859705267
"NOTO","Micro","ADvHA",0.27294499573704,0.011965625712723,0.0267078731218312
"OTX1","Micro","ADvHA",0.118950011089847,0.0422362533354202,0.0673439505322946
"PDX1","Micro","ADvHA",0.237354799350551,0.00414094211775457,0.0147478775525047
"PHOX2A","Micro","ADvHA",0.363130889872623,0.00223306058108577,0.0123993627002394
"PITX3","Micro","ADvHA",0.152596590021911,0.0181546572832526,0.0346141507840328
"PROP1","Micro","ADvHA",0.345129123964648,0.0034477662889407,0.014453218946354
"PRRX1","Micro","ADvHA",0.22251026266836,0.0142906968446242,0.0290399818207149
"RAX2","Micro","ADvHA",0.22251026266836,0.0142906968446242,0.0290399818207149
"RAX","Micro","ADvHA",0.279135444491734,0.00168160218392922,0.0112429114461436
"RHOXF1","Micro","ADvHA",0.124958532722302,0.0755539811894709,0.110707569659572
"UNCX","Micro","ADvHA",0.345618802331199,0.00261291851749654,0.013131961276403
"VAX1","Micro","ADvHA",0.248775939709404,0.00212778711380637,0.0122444476639948
"VAX2","Micro","ADvHA",0.248775939709404,0.00212778711380637,0.0122444476639948
"VENTX","Micro","ADvHA",0.116492756868877,0.00414711248711822,0.0147478775525047
"VSX1","Micro","ADvHA",0.250493190472266,0.0040589579854135,0.0147478775525047
"VSX2","Micro","ADvHA",0.250493190472266,0.0040589579854135,0.0147478775525047
"ESR1","Micro","ADvHA",0.0331301308896547,0.700376972110653,0.760695619348794
"ESRRB","Micro","ADvHA",0.275082847336619,0.00766286249478766,0.0206761832080475
"NR2F1","Micro","ADvHA",-0.0974327787576803,0.506448635892298,0.578667845703655
"NR3C1","Micro","ADvHA",0.418160708844839,0.00561388714952818,0.0177679528282567
"NR3C2","Micro","ADvHA",0.417016277190525,0.00361229653031406,0.0147478775525047
"RARA","Micro","ADvHA",0.018471080874353,0.868352397100784,0.899618768191156
"RARA(var.2)","Micro","ADvHA",0.198272142399807,0.0236515619041244,0.0424120076071125
"BCL6B","Micro","ADvHA",0.297013773557743,0.000999269197133512,0.00883149110202798
"EGR2","Micro","ADvHA",0.299388492222815,0.00546296026767471,0.0175535728397873
"EGR3","Micro","ADvHA",0.278060783565626,0.0140192448199236,0.0290005946765086
"EGR4","Micro","ADvHA",0.263058118939418,0.011636547668325,0.0264011995485653
"GLIS1","Micro","ADvHA",0.10438859556957,0.160379377007561,0.213277616902912
"GLIS2","Micro","ADvHA",0.207739466633117,0.00724485071490647,0.01993908914146
"GLIS3","Micro","ADvHA",0.18252592505894,0.0390258183596718,0.0630187321981435
"HIC2","Micro","ADvHA",0.338969232298478,0.0129811521397896,0.0281406483030371
"KLF14","Micro","ADvHA",-0.0131593893028732,0.933309329347307,0.945255688762953
"KLF16","Micro","ADvHA",0.197501231611703,0.0807031169341389,0.11797938341642
"SP8","Micro","ADvHA",0.163508250387526,0.139547505758512,0.187943768393911
"ZBED1","Micro","ADvHA",0.0158054214774185,0.690140014072381,0.754505403985868
"ZIC4","Micro","ADvHA",0.315703168787429,0.000242994519094518,0.00560080867698967
"ZNF143","Micro","ADvHA",0.167336036322751,0.104620909695915,0.147189538216619
"ZNF410","Micro","ADvHA",0.185778233136906,0.0143920952525982,0.0291060584501427
"CUX1","Micro","ADvHA",0.175052453206902,0.00823704173923687,0.0217002776651947
"CUX2","Micro","ADvHA",0.159714665956003,0.00722625795505914,0.01993908914146
"ONECUT2","Micro","ADvHA",0.236462503091419,0.00285567337724597,0.0137958140205172
"ONECUT3","Micro","ADvHA",0.188958123098216,0.0109387582680702,0.0251790326679579
"E2F7","Micro","ADvHA",0.138536398153384,0.0452632031649316,0.0712726557298549
"ELK3","Micro","ADvHA",-0.475757248798995,0.10463711247627,0.147189538216619
"ERF","Micro","ADvHA",-0.39903481104981,0.216830100213477,0.277279703909355
"ERG","Micro","ADvHA",-0.39634448524713,0.207214334362114,0.267141901529976
"ETS1","Micro","ADvHA",-0.384374085004195,0.218326437181349,0.278630311967327
"ETV2","Micro","ADvHA",-0.358223045669771,0.272716389606334,0.331979758886172
"ETV3","Micro","ADvHA",-0.444753690050752,0.0952775623430332,0.135529656096944
"FEV","Micro","ADvHA",-0.448569902678434,0.122305913370661,0.167938488424357
"GCM2","Micro","ADvHA",0.178724631574968,0.0302979979841198,0.0521158497933365
"LEF1","Micro","ADvHA",0.363572458644942,0.000532599143362806,0.00707930064478495
"HSF2","Micro","ADvHA",0.199109362520939,0.0405272343294582,0.0652766904085166
"HSF4","Micro","ADvHA",0.169616014551173,0.124091044988451,0.170020847354307
"IRF7","Micro","ADvHA",0.0848317219910171,0.628800017218307,0.695857361711868
"MEF2D","Micro","ADvHA",-0.00296035546758788,0.985511001063696,0.985511001063696
"MEIS1","Micro","ADvHA",0.222738288988305,0.0107393467900501,0.0249926710224327
"MEIS2","Micro","ADvHA",0.22996787519145,0.0184840839579833,0.03503121301019
"MEIS3","Micro","ADvHA",0.231859068208012,0.0113836133665745,0.0259202419461929
"MYBL1","Micro","ADvHA",-0.0196626103781197,0.748801843517931,0.806108107052467
"MYBL2","Micro","ADvHA",0.0073263014335973,0.914955859202307,0.930936267609547
"NFKB1","Micro","ADvHA",-0.00937707704064894,0.936502761335398,0.946974836941384
"NFKB2","Micro","ADvHA",0.0161496355225409,0.884406228666644,0.910291289017862
"PAX1","Micro","ADvHA",0.100931251889032,0.0724347794987934,0.107267518842162
"PAX3","Micro","ADvHA",0.15909020865128,0.00704455536542662,0.0196371698552785
"PAX9","Micro","ADvHA",0.0472699604055891,0.333405129988008,0.396701968575957
"PKNOX2","Micro","ADvHA",0.312232801290833,0.0170576734992945,0.033019900076616
"POU1F1","Micro","ADvHA",0.363488202731322,0.00124348249371619,0.00948342672918491
"POU2F1","Micro","ADvHA",0.327240712857194,0.00175703555658039,0.0114660155393339
"POU3F1","Micro","ADvHA",0.336694929236082,0.000305963639934063,0.00569632306112536
"POU3F2","Micro","ADvHA",0.37369695010911,0.000449928569710277,0.00686273109953518
"POU3F3","Micro","ADvHA",0.350470348084259,0.00115307211072653,0.00918282318632943
"POU3F4","Micro","ADvHA",0.315456222394496,0.000642984079070357,0.00751894445061919
"POU4F1","Micro","ADvHA",0.346951910954754,0.00303740218034914,0.014093424335508
"POU4F3","Micro","ADvHA",0.380190106986269,0.00312770455917486,0.0141416927568406
"POU5F1B","Micro","ADvHA",0.317159382478463,0.000658650514018602,0.00751894445061919
"POU6F2","Micro","ADvHA",0.328818259700286,0.00258247894731038,0.013131961276403
"PROX1","Micro","ADvHA",0.110111393150328,0.119168779935578,0.164702702400045
"RFX2","Micro","ADvHA",0.332165445620933,0.0442097044839316,0.0699618573458217
"SMAD3","Micro","ADvHA",0.0678743094584862,0.304063456227688,0.364530620818421
"TGIF1","Micro","ADvHA",0.274664416126826,0.0156013110974095,0.0307652022575084
"TGIF2","Micro","ADvHA",0.277438080298709,0.00923921389358101,0.023300487628035
"RFX4","Micro","ADvHA",0.325048080513986,0.0241478929400257,0.043058073890243
"RFX5","Micro","ADvHA",0.321778342407061,0.0375517643867461,0.061349330920206
"RUNX2","Micro","ADvHA",0.127250043105701,0.448205029474129,0.523457165419048
"EOMES","Micro","ADvHA",0.24102558716667,0.0104736483929863,0.0246461688950199
"MGA","Micro","ADvHA",0.214057585647611,0.0262965917489077,0.0464964876454149
"TBR1","Micro","ADvHA",0.237418200411929,0.00287685221280927,0.0137958140205172
"TBX15","Micro","ADvHA",0.214057585647611,0.0262965917489077,0.0464964876454149
"TBX19","Micro","ADvHA",0.210668641105069,0.000724847435796067,0.00751894445061919
"TBX1","Micro","ADvHA",0.198977488636516,0.0335415311704082,0.0558731295549168
"TBX4","Micro","ADvHA",0.156225996694031,0.0876971944184672,0.126203971759695
"TBX5","Micro","ADvHA",0.156225996694031,0.0876971944184672,0.126203971759695
"TEAD3","Micro","ADvHA",0.444582061358948,0.00114856719517184,0.00918282318632943
"TFAP2A(var.2)","Micro","ADvHA",0.3485381228806,0.000291985286478134,0.00560080867698967
"TFAP2B","Micro","ADvHA",0.335654170349588,0.000425117071530699,0.00686273109953518
"TFAP2B(var.2)","Micro","ADvHA",0.279697258105474,0.00369052381715763,0.0147478775525047
"TFAP2B(var.3)","Micro","ADvHA",0.322564899937414,0.000974134848592502,0.00883149110202798
"TFAP2C","Micro","ADvHA",0.332413244918111,0.000284455827649682,0.00560080867698967
"TFAP2C(var.3)","Micro","ADvHA",0.354706377446177,0.000671321663795543,0.00751894445061919
"BHLHE40","Micro","ADvHA",0.0144874593141424,0.880112889254038,0.907347652928022
"BHLHE23","Micro","ADvHA",0.233784944899235,0.00539381698280423,0.0174548188421782
"BHLHE22","Micro","ADvHA",0.208929687131571,0.014164747316112,0.0290399818207149
"CLOCK","Micro","ADvHA",0.18669654576694,0.00210953905832481,0.0122444476639948
"FIGLA","Micro","ADvHA",0.221247733513459,0.0536176397057128,0.082780404716381
"HES5","Micro","ADvHA",0.187396252936368,0.0108877607165198,0.0251790326679579
"HES7","Micro","ADvHA",0.176373413907756,0.0374759698356586,0.061349330920206
"HEY1","Micro","ADvHA",0.202271546843251,0.0172836702404686,0.033153222006717
"MAX","Micro","ADvHA",0.0643214917892952,0.476678878744244,0.552633205577118
"MNT","Micro","ADvHA",0.0978963884008899,0.224897239270111,0.284151601712535
"OLIG1","Micro","ADvHA",0.234673670319924,0.00667524763705594,0.0193705804137016
"OLIG3","Micro","ADvHA",0.268085508686659,0.000757221193034929,0.00751894445061919
"SREBF2(var.2)","Micro","ADvHA",0.0115518355799032,0.916229533524088,0.930936267609547
"ATF7","Micro","ADvHA",-0.198224853587821,0.0345200884198996,0.0572021360465876
"CEBPB","Micro","ADvHA",0.220261101987148,0.263396311319376,0.321872326380627
"CEBPE","Micro","ADvHA",0.209458008332771,0.288097037169967,0.349359050821052
"CEBPG","Micro","ADvHA",0.111387768586798,0.638303889626726,0.704059524266531
"CREB3L1","Micro","ADvHA",0.0698486838280541,0.2706997569534,0.330159819174378
"NFE2","Micro","ADvHA",0.165213175143846,0.258345726306045,0.318777475149565
"TEF","Micro","ADvHA",0.0277609046802096,0.755094513286183,0.810126825271447
"XBP1","Micro","ADvHA",-0.110482228658636,0.17648212008485,0.231290231912444
"FOXB1","Micro","ADvHA",0.233868154916852,0.00221482175971035,0.0123993627002394
"FOXC1","Micro","ADvHA",0.210494994110535,0.0082412715217101,0.0217002776651947
"FOXC2","Micro","ADvHA",0.255815459562781,0.00400501940356022,0.0147478775525047
"FOXO4","Micro","ADvHA",0.413076657590511,2.28077177312894e-06,0.000160414281376736
"FOXO6","Micro","ADvHA",0.413076657590511,2.28077177312894e-06,0.000160414281376736
"FOXP3","Micro","ADvHA",0.413076657590511,2.28077177312894e-06,0.000160414281376736
"RXRB","Micro","ADvHA",0.0625765373063835,0.554762818580082,0.624848512742334
"RXRG","Micro","ADvHA",0.0425750571305145,0.680499003194447,0.74525236855032
"TP63","Micro","ADvHA",0.158880245151584,0.0207353233499467,0.038044810668163
"TP53","Micro","ADvHA",0.183779032900657,0.00336633917772326,0.0144455493994927
"TP73","Micro","ADvHA",0.110333871639377,0.0677972259676327,0.101216141597905
"GMEB2","Micro","ADvHA",-0.0996867001993481,0.321420622225227,0.383885384657677
"MTF1","Micro","ADvHA",0.317439162565742,0.000475392622674797,0.00686273109953518
"E2F1","Micro","ADvHA",0.0419568430857247,0.49439035613661,0.566936767091439
"E2F8","Micro","ADvHA",0.174443641487367,0.013230278807804,0.0282931300180403
"SOX21","Micro","ADvHA",0.275698347378489,0.00413272866178016,0.0147478775525047
"TFAP2A(var.3)","Micro","ADvHA",0.356148259041672,0.000498713476427517,0.00686273109953518
"ELK1","Micro","ADvHA",-0.443301825149019,0.0709703226102329,0.105455901906755
"HOXD12","Micro","ADvHA",0.135829428327846,0.012899660525864,0.0280918393160335
"BARX1","Micro","ADvHA",0.301191257324295,0.00116054637425964,0.00918282318632943
"BSX","Micro","ADvHA",0.151755796865138,0.0171797231289921,0.0330581756792748
"DLX6","Micro","ADvHA",0.174592055869521,0.0138775881645748,0.0289615063580316
"DUXA","Micro","ADvHA",0.208810720569197,0.0304865029689225,0.0521566388630484
"EMX2","Micro","ADvHA",0.246886784238765,0.00865628304777646,0.022365008854051
"EVX1","Micro","ADvHA",0.228756006283102,0.00582082976348984,0.0178313719807934
"EVX2","Micro","ADvHA",0.239359058688901,0.00453728942377792,0.0152771500279331
"GBX1","Micro","ADvHA",0.245152801871503,0.00684540996752634,0.0195530155836567
"GBX2","Micro","ADvHA",0.280016073496,0.0100935770218785,0.0239297163102962
"GSC2","Micro","ADvHA",0.160756124492018,0.00964105557719765,0.0235814792340384
"GSX1","Micro","ADvHA",0.288325174349679,0.0126470136323904,0.0278595035536446
"HESX1","Micro","ADvHA",0.285630151292165,0.00257745676061544,0.013131961276403
"HMBOX1","Micro","ADvHA",0.136634708396941,0.0198989329681608,0.0370471310848405
"HOXA10","Micro","ADvHA",0.308116328286731,0.000288075418685665,0.00560080867698967
"HOXB3","Micro","ADvHA",0.280533541302751,0.00170508609609761,0.0112429114461436
"HOXC10","Micro","ADvHA",0.200038951044904,0.00442353426622113,0.0150542859705267
"HOXC12","Micro","ADvHA",0.197242206273906,0.00162920945492116,0.0112032910338951
"HOXC13","Micro","ADvHA",0.250919815166524,0.000783965772102475,0.00751894445061919
"HOXD11","Micro","ADvHA",0.155367033632796,0.0233629582317696,0.0420135015929266
"ISL2","Micro","ADvHA",0.27160032490215,0.000677598246764946,0.00751894445061919
"FOXK1","Micro","ADvHA",0.367343293878562,4.97058410032642e-08,3.14637973550663e-05
"GATA2","Micro","ADvHA",0.198641045209399,0.0688306781444079,0.102517221800965
"HIF1A","Micro","ADvHA",0.12211613718765,0.0990510367761963,0.140266904428036
"MYC","Micro","ADvHA",0.0594789700772167,0.587947534375137,0.656385871709809
"MYB","Micro","ADvHA",0.266231984391289,0.00263732995447663,0.013131961276403
"MYCN","Micro","ADvHA",0.0160716357469241,0.861090078899731,0.896358542701137
"NEUROD1","Micro","ADvHA",0.458859477237672,0.0373558663279444,0.061349330920206
"NFIC","Micro","ADvHA",0.657286445112097,0.00556520555284175,0.0177023875123057
"NFYA","Micro","ADvHA",-0.164465889695459,0.147202364850985,0.196995976639902
"NR1H4","Micro","ADvHA",0.247302325324562,0.00102120126295187,0.00885507396504842
"NR2F2","Micro","ADvHA",0.231953175838803,0.0415976359672874,0.0664931908264973
"PAX5","Micro","ADvHA",0.0132224440385607,0.879357246979894,0.907347652928022
"PBX3","Micro","ADvHA",0.192177442871583,0.0844459916336599,0.122601634642447
"POU5F1","Micro","ADvHA",0.337652991138667,0.000367364216862169,0.00628490673712847
"RBPJ","Micro","ADvHA",0.436010443172075,0.00268862456506428,0.0131930182146178
"RELB","Micro","ADvHA",0.241024411400608,0.00441048002579733,0.0150542859705267
"SIX1","Micro","ADvHA",0.287282579688139,0.0131313291388877,0.0281767164234439
"SIX2","Micro","ADvHA",0.255447115649777,0.0338759584620727,0.0562821042165144
"SOX10","Micro","ADvHA",0.381151636407131,0.00338160934166535,0.0144455493994927
"SOX13","Micro","ADvHA",0.310473665167712,0.0663117523290345,0.0994676284935518
"TEAD2","Micro","ADvHA",0.411705609745,0.000983647146594111,0.00883149110202798
"TFDP1","Micro","ADvHA",0.208883457180302,0.0814747945488169,0.118559873446899
"ZBTB7A","Micro","ADvHA",-0.242544866863628,0.423164401865707,0.496042715520357
"ZEB1","Micro","ADvHA",0.361021202108374,0.00994880560322646,0.0237255182859987
"ZNF24","Micro","ADvHA",0.336361347666949,0.00370701994148283,0.0147478775525047
"ZNF384","Micro","ADvHA",0.0451266210901375,0.835597331957199,0.877169338522234
"ZNF282","Micro","ADvHA",0.182631885330967,0.0386152620825322,0.0625152452640484
"ZSCAN4","Micro","ADvHA",0.472144075411398,0.00108888979673381,0.00914462543108359
"GATA3","Micro","ADvHA",0.125847898837116,0.232753730206289,0.292908769822229
"FOS::JUN","Micro","ADvHA",0.213502525748969,0.237190514043995,0.296722520533298
"FOS::JUN(var.2)","Micro","ADvHA",-0.0434128073188682,0.538922097224415,0.609174442041169
"FOSB::JUN","Micro","ADvHA",-0.189150775705759,0.0307646974964027,0.0523644935804297
"FOSL1::JUN","Micro","ADvHA",0.219940269188622,0.256224516659026,0.317357103368243
"FOSL1::JUN(var.2)","Micro","ADvHA",-0.174250681663759,0.0890987140618095,0.127889990932257
"FOSL2::JUN","Micro","ADvHA",0.23733654135529,0.210659522474371,0.27048169924194
"FOSL2::JUN(var.2)","Micro","ADvHA",-0.12299934537787,0.200363904303677,0.258837451886179
"JUN::JUNB","Micro","ADvHA",0.109069848907978,0.500691850777166,0.573124668249451
"JUN::JUNB(var.2)","Micro","ADvHA",-0.172567073037884,0.0607683866431583,0.0922455365590388
"FOS::JUNB","Micro","ADvHA",0.217970654219847,0.241690374135182,0.301755437529725
"FOSB::JUNB","Micro","ADvHA",0.204566998734133,0.233274106356623,0.29298116929314
"FOSB::JUNB(var.2)","Micro","ADvHA",-0.17854834329566,0.051449617251444,0.0800186921871353
"FOSL1::JUNB","Micro","ADvHA",0.197540850799273,0.248832128307327,0.308844582781447
"FOSL2::JUNB","Micro","ADvHA",0.198089064946831,0.256693265283634,0.317357103368243
"FOSL2::JUNB(var.2)","Micro","ADvHA",-0.156745784694143,0.10056401483144,0.142091565598887
"FOS::JUND","Micro","ADvHA",0.243517647345331,0.223876050558011,0.283620549087599
"FOSL1::JUND","Micro","ADvHA",0.264980003965591,0.135232269856899,0.182520313047798
"FOSL1::JUND(var.2)","Micro","ADvHA",-0.191077545801376,0.142885748033416,0.191822783046762
"FOSL2::JUND","Micro","ADvHA",0.175667066966898,0.29678359340859,0.357836218338357
"FOSL2::JUND(var.2)","Micro","ADvHA",-0.102717091692586,0.259975035833031,0.319525195877633
"NR1H4::RXRA","Micro","ADvHA",0.145488295510898,0.0587080826386041,0.0895475091812925
"NR4A2::RXRA","Micro","ADvHA",0.0812069330993653,0.225524953311045,0.284377082561537
"PPARA::RXRA","Micro","ADvHA",0.163482015615728,0.131434407497641,0.177773461423091
"RARA::RXRG","Micro","ADvHA",0.242417334552976,0.0189177347553031,0.0357460480600204
"RORB","Micro","ADvHA",0.240869563458863,0.00109793291115695,0.00914462543108359
"RORC","Micro","ADvHA",0.23537944757219,0.00390183573966157,0.0147478775525047
"SOX15","Micro","ADvHA",0.283351526418099,0.00164598114715995,0.0112032910338951
"TFE3","Micro","ADvHA",0.0188395432885428,0.895898248652052,0.916160890786347
"VDR","Micro","ADvHA",0.103870952688051,0.106682854574465,0.149533892313356
"IRF3","Micro","ADvHA",-0.0139909288565678,0.961156873807786,0.965011623346252
"IRF4","Micro","ADvHA",-0.0717391280013455,0.783850608112084,0.833911655352856
"IRF5","Micro","ADvHA",0.0326569313731593,0.852009085895316,0.889885725327446
"TCF7L1","Micro","ADvHA",0.310399786184672,0.000600446053138429,0.00751894445061919
"ARGFX","Micro","ADvHA",0.31144721664276,0.00402039169214334,0.0147478775525047
"ARNT2","Micro","ADvHA",0.00202856750881208,0.98356232102594,0.985118590521234
"ATF6","Micro","ADvHA",0.0468277385823532,0.437054650363819,0.51137817685822
"ATOH1(var.2)","Micro","ADvHA",0.395593709355407,0.0117413856879683,0.026449456015957
"ATOH7","Micro","ADvHA",0.245560123249772,0.00763900606715975,0.0206761832080475
"BACH2","Micro","ADvHA",0.158167970037449,0.282514431857724,0.343246900894317
"BACH2(var.2)","Micro","ADvHA",0.0328500563325246,0.517780115182874,0.589487073580502
"BARX2","Micro","ADvHA",0.245101649908426,0.00555597664378493,0.0177023875123057
"BHLHA15(var.2)","Micro","ADvHA",0.424642746856036,0.0109013714310094,0.0251790326679579
"CDX4","Micro","ADvHA",0.25191898867362,0.00251746657469,0.013131961276403
"CREB3L4","Micro","ADvHA",0.0139203195915453,0.84212634001921,0.881100782201917
"CREB3L4(var.2)","Micro","ADvHA",-0.289392568169605,0.0240829939202156,0.043058073890243
"DLX5","Micro","ADvHA",0.364781985653746,0.00106997766676493,0.00914462543108359
"DMRTA2","Micro","ADvHA",0.186899997704974,0.00922236033308237,0.023300487628035
"DMRTC2","Micro","ADvHA",0.228867502201628,0.00590425136951126,0.0178822541478499
"DPRX","Micro","ADvHA",0.157612867759203,0.00309076073612711,0.014093424335508
"DRGX","Micro","ADvHA",0.248775939709404,0.00212778711380637,0.0122444476639948
"ELF2","Micro","ADvHA",-0.361651551985727,0.221416269585841,0.282005027460438
"ETS2","Micro","ADvHA",-0.376253781448816,0.235081553292458,0.294666580661636
"FERD3L","Micro","ADvHA",0.398709558528119,0.00318507793819817,0.0142989669140386
"FOXE1","Micro","ADvHA",0.357720806679007,7.8519449189926e-05,0.0027612672965124
"FOXN3","Micro","ADvHA",0.259846596362074,0.000176946261869063,0.00486986885926595
"GLI3","Micro","ADvHA",0.247436532862131,0.0296743585540139,0.0513220463516142
"HES6","Micro","ADvHA",0.121407228804057,0.0334325677833962,0.0558385630788648
"HNF4A(var.2)","Micro","ADvHA",0.164196191484224,0.0646812454833959,0.0977165355393547
"HOXA1","Micro","ADvHA",0.205106148640087,0.00190094980445936,0.0117771160526253
"HOXA4","Micro","ADvHA",0.162958979348371,0.00769693807208109,0.0206761832080475
"HOXA6","Micro","ADvHA",0.269751565904666,0.00331350140059874,0.0144455493994927
"HOXA7","Micro","ADvHA",0.173733251454253,0.0309158564066035,0.0523644935804297
"HOXB4","Micro","ADvHA",0.299034841043932,0.000482507844069487,0.00686273109953518
"HOXB6","Micro","ADvHA",0.244909304335849,0.00695146017117126,0.0195544424221273
"HOXB7","Micro","ADvHA",0.242532231088673,0.00996996503013532,0.0237255182859987
"HOXB8","Micro","ADvHA",0.199389919873776,0.00830720568294771,0.0217291785012641
"HOXB9","Micro","ADvHA",0.125338728352674,0.0331895921316875,0.0557268218020112
"HOXC4","Micro","ADvHA",0.262986608055394,0.000187912666479354,0.00495619657839297
"HOXC8","Micro","ADvHA",0.160162258871963,0.00631894374298751,0.0186910812584631
"HOXD10","Micro","ADvHA",0.133903061356683,0.0230372033891198,0.0415457257701221
"HOXD4","Micro","ADvHA",0.247167036295874,0.00402186320388582,0.0147478775525047
"IKZF1","Micro","ADvHA",-0.0495249704200722,0.923466502184671,0.936785730581565
"IRF6","Micro","ADvHA",-0.0267996527106598,0.819047275568812,0.862824486269441
"KLF10","Micro","ADvHA",0.207206814891566,0.113872746490185,0.157739137703271
"KLF11","Micro","ADvHA",0.16145334838805,0.221950274515133,0.282117517606584
"KLF15","Micro","ADvHA",0.0896877456863323,0.52306035868828,0.593264734166369
"KLF17","Micro","ADvHA",0.350695110314058,0.00377581227289689,0.0147478775525047
"KLF2","Micro","ADvHA",0.0978925815457719,0.517379278447547,0.589487073580502
"KLF3","Micro","ADvHA",0.0877970839754756,0.555955561935916,0.625079699299174
"KLF6","Micro","ADvHA",0.0808085443619757,0.597617314669306,0.664836133893973
"LHX1","Micro","ADvHA",0.304918234239153,0.00499798469109567,0.0163923539350444
"LHX5","Micro","ADvHA",0.266128250169828,0.00965940598014059,0.0235814792340384
"MAF","Micro","ADvHA",0.269530580711743,0.00499239592305183,0.0163923539350444
"MAFA","Micro","ADvHA",0.245349666946688,0.00707310383412875,0.0196371698552785
"MAZ","Micro","ADvHA",0.278989576902393,0.00260493657457041,0.013131961276403
"MSANTD3","Micro","ADvHA",0.182180344130976,0.0119102611485588,0.0267078731218312
"MSGN1","Micro","ADvHA",0.382944035531505,0.00154496625321706,0.0108597302312845
"NFATC4","Micro","ADvHA",0.327313585205636,0.00150970820819304,0.0108597302312845
"NFIC(var.2)","Micro","ADvHA",0.414814354533207,0.00659806338072931,0.0192468853456297
"NFIX(var.2)","Micro","ADvHA",0.483967400335255,0.00695511190306425,0.0195544424221273
"NHLH2","Micro","ADvHA",0.37329330728518,0.00293604986147986,0.0139738312956147
"NKX6-3","Micro","ADvHA",0.282747725854664,0.000103281114624664,0.0032688472778706
"NR1D1","Micro","ADvHA",0.115452104960135,0.242229700860635,0.301833465836185
"NR1D2","Micro","ADvHA",0.213663222002948,0.0309388951012333,0.0523644935804297
"NR1I2","Micro","ADvHA",0.168689715823481,0.0116788561400212,0.0264025569165479
"NR1I3","Micro","ADvHA",0.158646368452298,0.0465556567592113,0.0731258827011929
"NR2C1","Micro","ADvHA",0.0391697163916063,0.638436282668229,0.704059524266531
"NR2C2(var.2)","Micro","ADvHA",0.237068902740073,0.0154291970604902,0.0306165571764587
"NR2F1(var.2)","Micro","ADvHA",0.0682265913985223,0.491831526486199,0.565026054928791
"NR2F1(var.3)","Micro","ADvHA",0.103053219591671,0.127525203249299,0.1735988250684
"NR2F6(var.3)","Micro","ADvHA",0.144007234253421,0.0322973480437752,0.0543729290205045
"NR5A1","Micro","ADvHA",0.277523891711402,0.0058270974186144,0.0178313719807934
"NR6A1","Micro","ADvHA",0.230029653093578,0.00596984814787565,0.0179948279885966
"OSR1","Micro","ADvHA",0.233097757511886,0.00282929066480879,0.0137764691601843
"OVOL1","Micro","ADvHA",0.132730284896763,0.0210311368029359,0.0384760392955445
"OVOL2","Micro","ADvHA",0.100478578086397,0.060748023410975,0.0922455365590388
"PAX3(var.2)","Micro","ADvHA",0.0240990273417233,0.659145756027542,0.724373721467768
"PITX2","Micro","ADvHA",0.12896937530478,0.0535560674097421,0.082780404716381
"PLAGL2","Micro","ADvHA",0.215724044562058,0.00805180521802494,0.0214150953907974
"POU6F1(var.2)","Micro","ADvHA",0.331984640864806,0.00333087623121289,0.0144455493994927
"PPARD","Micro","ADvHA",0.0935936982639703,0.386979830516568,0.457865855545771
"RARB(var.3)","Micro","ADvHA",0.0112856594490736,0.865321244016862,0.897948110594547
"RARG(var.3)","Micro","ADvHA",0.0492561207829715,0.478839665977691,0.554123416021716
"RFX7","Micro","ADvHA",0.161634479546369,0.0192239144338888,0.0362164816567012
"RXRB(var.2)","Micro","ADvHA",-0.0522819423237671,0.565614358572175,0.634811859886856
"RXRG(var.2)","Micro","ADvHA",-0.067138431753582,0.45320901650498,0.528326533052766
"SMAD5","Micro","ADvHA",0.0351729637477781,0.592143972460307,0.659906927055236
"SNAI1","Micro","ADvHA",0.374920601266063,0.0103036630817407,0.0243366370550069
"SNAI3","Micro","ADvHA",0.324746112733928,0.0169208496008527,0.0328555147157661
"SOHLH2","Micro","ADvHA",0.1534247059524,0.0216543206124494,0.0393884624933346
"SOX12","Micro","ADvHA",0.19884151921544,0.029204887636339,0.0507876205324248
"SOX14","Micro","ADvHA",0.251444292027346,0.0913661807702997,0.130847946668778
"SOX18","Micro","ADvHA",0.385095049959205,0.021424368039887,0.039082492706768
"SP9","Micro","ADvHA",0.116633394100297,0.396592343302631,0.467491533166789
"TBX18","Micro","ADvHA",0.313048507884809,0.00969459027635225,0.0235814792340384
"TBX3","Micro","ADvHA",0.256050905578719,0.00883553910191829,0.0225523319612727
"TBX6","Micro","ADvHA",0.239098164197512,0.0145609354872959,0.0292605465506613
"TCF21(var.2)","Micro","ADvHA",0.232046642083656,0.0137643108820754,0.0288503602263369
"TFAP2E","Micro","ADvHA",0.284172195117405,0.00433338313732343,0.0150542859705267
"TFAP4(var.2)","Micro","ADvHA",0.178186841379872,0.0023546770076941,0.012960961268438
"TGIF2LX","Micro","ADvHA",0.227394510732482,0.00698152288688906,0.0195544424221273
"TGIF2LY","Micro","ADvHA",0.210718611979293,0.00670167000094889,0.0193705804137016
"THAP11","Micro","ADvHA",0.025650661294653,0.806874577455888,0.852673802219661
"THRB","Micro","ADvHA",0.0720118672125053,0.521708249338234,0.592892857865534
"THRB(var.2)","Micro","ADvHA",0.244436469219426,0.00651472125795005,0.0190917525753814
"THRB(var.3)","Micro","ADvHA",0.113880746791902,0.198286399082237,0.25667748592854
"TLX2","Micro","ADvHA",0.265638259163107,0.0136794711055885,0.028767791394809
"VEZF1","Micro","ADvHA",0.174232585309202,0.0877247197065807,0.126203971759695
"ZBTB26","Micro","ADvHA",0.387646041606901,0.00118426828225448,0.00925483731687762
"ZBTB32","Micro","ADvHA",0.1011053329457,0.148687785611241,0.198564068126404
"ZBTB6","Micro","ADvHA",0.262927515015302,0.0099532811522146,0.0237255182859987
"ZFP57","Micro","ADvHA",0.292698094897459,5.99362701591698e-05,0.00230220567904215
"ZIC5","Micro","ADvHA",0.304988740060964,0.00046381445212968,0.00686273109953518
"ZKSCAN1","Micro","ADvHA",0.169947757552863,0.00826187506684346,0.0217002776651947
"ZNF135","Micro","ADvHA",-0.0924221557736433,0.605425538636644,0.67234099290701
"ZNF136","Micro","ADvHA",0.212001739975239,0.00185794059954797,0.0117771160526253
"ZNF140","Micro","ADvHA",0.215608201663667,0.0109827359695986,0.0251886661911445
"ZNF274","Micro","ADvHA",0.302056327103958,0.00620053377194527,0.0184269383926824
"ZNF317","Micro","ADvHA",0.370403563734514,0.00383964737297964,0.0147478775525047
"ZNF382","Micro","ADvHA",0.200196317742337,0.0155598054079724,0.0307652022575084
"ZNF460","Micro","ADvHA",0.0879843751905974,0.458522172431478,0.533537748435893
"ZNF528","Micro","ADvHA",0.341947802308929,0.00265453923390674,0.013131961276403
"ZNF682","Micro","ADvHA",0.267229444324198,0.00573547139916498,0.0178313719807934
"ZNF684","Micro","ADvHA",0.321218577110762,0.0069799895057983,0.0195544424221273
"ZNF75D","Micro","ADvHA",0.500910967463454,0.000173356750677659,0.00486986885926595
"ZSCAN29","Micro","ADvHA",0.180850174081851,0.012679550978059,0.0278595035536446
"ASCL1","Micro","ADvHA",0.547596715386415,0.0032426890263739,0.0144385889704143
"ATF3","Micro","ADvHA",-0.1397370270899,0.108030222290895,0.150956138432973
"BARHL1","Micro","ADvHA",0.0651412548602255,0.247139446212554,0.307346305407753
"BATF::JUN","Micro","ADvHA",0.229057800965095,0.22402886973744,0.283620549087599
"BCL6","Micro","ADvHA",0.290924973648556,0.00246259738721056,0.013131961276403
"CDX1","Micro","ADvHA",0.268308426787369,0.00151361259508313,0.0108597302312845
"E2F2","Micro","ADvHA",-0.139937410659675,0.143033733962199,0.191822783046762
"E2F3","Micro","ADvHA",0.0161015236054437,0.700609077536093,0.760695619348794
"E2F4","Micro","ADvHA",-0.0515741756676668,0.523909931120063,0.593264734166369
"EMX1","Micro","ADvHA",0.237354799350551,0.00414094211775457,0.0147478775525047
"FOXD2","Micro","ADvHA",0.286397326223769,0.000672170238466707,0.00751894445061919
"GATA5","Micro","ADvHA",0.175110983561754,0.0475805990991263,0.0745507901726409
"GFI1","Micro","ADvHA",0.26395807111476,0.00588175804479343,0.0178822541478499
"GLI2","Micro","ADvHA",0.254101107952748,0.0284116164224802,0.0498358752797743
"GSX2","Micro","ADvHA",0.237354799350551,0.00414094211775457,0.0147478775525047
"HES1","Micro","ADvHA",0.151209612103985,0.109576943901565,0.152780188303284
"HES2","Micro","ADvHA",0.155920967885933,0.0520181183847673,0.0807045807293081
"HOXA13","Micro","ADvHA",0.23429250776995,0.00308105180557951,0.014093424335508
"HOXA2","Micro","ADvHA",0.233397046861631,0.00364321111561847,0.0147478775525047
"HOXA5","Micro","ADvHA",0.205106148640087,0.00190094980445936,0.0117771160526253
"HOXA9","Micro","ADvHA",0.0244315148198781,0.576107003595662,0.645443775709831
"HOXB2","Micro","ADvHA",0.237354799350551,0.00414094211775457,0.0147478775525047
"HOXB5","Micro","ADvHA",0.205106148640087,0.00190094980445936,0.0117771160526253
"HOXC9","Micro","ADvHA",0.116688335223013,0.042496386883524,0.0675884746162581
"HOXD13","Micro","ADvHA",0.248867169408574,0.000536819006239617,0.00707930064478495
"HOXD3","Micro","ADvHA",0.237354799350551,0.00414094211775457,0.0147478775525047
"HOXD8","Micro","ADvHA",0.173733251454253,0.0309158564066035,0.0523644935804297
"HOXD9","Micro","ADvHA",0.269242648943179,0.00058404687968413,0.00751894445061919
"JUNB(var.2)","Micro","ADvHA",-0.212905905771013,0.0376686704212782,0.061349330920206
"LHX9","Micro","ADvHA",0.265638259163107,0.0136794711055885,0.028767791394809
"LMX1A","Micro","ADvHA",0.242759833929611,0.00392215006160202,0.0147478775525047
"LMX1B","Micro","ADvHA",0.302033154902662,0.00245126263511883,0.013131961276403
"NEUROG1","Micro","ADvHA",0.255428752096594,0.00648678611513513,0.0190917525753814
"NRL","Micro","ADvHA",0.17407439669609,0.0744463459341414,0.109337672798867
"PITX1","Micro","ADvHA",0.189344341653325,0.0078289525167728,0.0209102402663172
"PRRX2","Micro","ADvHA",0.265638259163107,0.0136794711055885,0.028767791394809
"SOX4","Micro","ADvHA",0.386164445795994,0.0224759221947019,0.0406493107121322
"SOX8","Micro","ADvHA",0.326220296297294,0.0478830596427379,0.0748394487749458
"SP1","Micro","ADvHA",-0.0227938901191191,0.887229371539548,0.911714597702165
"SP2","Micro","ADvHA",0.137335908169306,0.260466036450014,0.319525195877633
"SP3","Micro","ADvHA",0.125354642779296,0.394934235058321,0.466405542522234
"TCFL5","Micro","ADvHA",0.256633123631965,0.0196558238414038,0.036920286325248
"TFEC","Micro","ADvHA",0.00616954221663968,0.96196261347786,0.965011623346252
"ZNF740","Micro","ADvHA",0.265487040519681,0.0139196098928529,0.0289615063580316
"ASCL1(var.2)","Micro","ADvHA",0.498948609282059,0.00356434559427127,0.0147478775525047
"ATF2","Micro","ADvHA",-0.0394401981177884,0.61917257938077,0.68640322722947
"BACH1","Micro","ADvHA",0.234265362298522,0.12159853931431,0.167330163882518
"BATF","Micro","ADvHA",0.237740791960667,0.208356009470065,0.268067792671852
"BHLHE22(var.2)","Micro","ADvHA",0.481645009189542,0.00583111216433527,0.0178313719807934
"CEBPG(var.2)","Micro","ADvHA",0.284053091166107,0.0554141573430938,0.0849325946687127
"EBF3","Micro","ADvHA",0.367458386199781,0.00300705911525707,0.014093424335508
"HAND2","Micro","ADvHA",0.370289276091577,0.0260959212124744,0.0464008936165625
"MEIS1(var.2)","Micro","ADvHA",0.351994535088125,0.00147107580745448,0.0108278021641708
"MEIS2(var.2)","Micro","ADvHA",0.395270886598658,0.000280288682684579,0.00560080867698967
"MYF5","Micro","ADvHA",0.402397422099893,0.0204489905299421,0.0377382245056948
"NEUROG2(var.2)","Micro","ADvHA",0.436886030382046,0.0413236780114214,0.066390579140177
"NFIB","Micro","ADvHA",0.501637463613926,0.00609168939324286,0.0181888650279374
"NFYC","Micro","ADvHA",-0.104327094660449,0.261840750638809,0.320590319447516
"NKX2-2","Micro","ADvHA",0.22205577262875,0.0197555337255737,0.0369977894919768
"OSR2","Micro","ADvHA",0.403090270809373,0.00028352280819259,0.00560080867698967
"PRDM4","Micro","ADvHA",0.271971283855537,0.0198769329941426,0.0370471310848405
"TCF12(var.2)","Micro","ADvHA",0.435964842863456,0.00413524813912579,0.0147478775525047
"ZBTB12","Micro","ADvHA",0.210340274070714,0.0126379967090735,0.0278595035536446
"ZBTB14","Micro","ADvHA",0.271747427231754,0.0119826792521328,0.0267078731218312
"ZFP42","Micro","ADvHA",-0.0795290685982704,0.174508046392314,0.229768124123958
"ZKSCAN5","Micro","ADvHA",0.19351835601837,0.41461334207265,0.486920678166953
"ZNF148","Micro","ADvHA",0.19987583472419,0.0334166517225188,0.0558385630788648
"ZNF16","Micro","ADvHA",0.412342042228533,0.00428761248785121,0.0150542859705267
"ZNF341","Micro","ADvHA",0.359254849684966,0.00212327578313846,0.0122444476639948
"ZNF449","Micro","ADvHA",0.288800055910344,0.00309476458552228,0.014093424335508
"ZNF652","Micro","ADvHA",0.21202254714703,0.0107382091379183,0.0249926710224327
"FOXA3","Micro","ADvHA",0.394437039214821,1.25535663020361e-06,0.000160414281376736
"ATF4","Micro","ADvHA",0.240935095966019,0.066512395021999,0.0995327329761829
"BATF3","Micro","ADvHA",0.26517705782876,0.15071979061864,0.200853952550735
"CDX2","Micro","ADvHA",0.296071810473613,0.00114227700383686,0.00918282318632943
"CEBPA","Micro","ADvHA",0.30382866317184,0.172059294634532,0.227852580551588
"CEBPD","Micro","ADvHA",0.364224673951127,0.0949734590090998,0.135401350344054
"CREB1","Micro","ADvHA",-0.0334737159115969,0.700348731763442,0.760695619348794
"CTCFL","Micro","ADvHA",0.211191669694254,0.0134632772814208,0.028694459660402
"E2F6","Micro","ADvHA",0.284515098871261,0.0171818954162423,0.0330581756792748
"EBF1","Micro","ADvHA",0.425263929445258,0.00222378568275634,0.0123993627002394
"EGR1","Micro","ADvHA",0.259789996672107,0.0139545962704576,0.0289615063580316
"EHF","Micro","ADvHA",-0.264849031079894,0.709775955364492,0.768013982471322
"ELF1","Micro","ADvHA",-0.130522117157152,0.797242981561832,0.843904360081337
"ELF3","Micro","ADvHA",-0.0726348796769773,0.898671142123936,0.916481357603725
"ESRRA","Micro","ADvHA",0.31582889796595,0.00333626768868641,0.0144455493994927
"ETV1","Micro","ADvHA",-0.13389418910044,0.786946690671698,0.83580076375031
"ETV4","Micro","ADvHA",0.0283133990821582,0.945811216539105,0.954862041577757
"ETV5","Micro","ADvHA",-0.410657953303169,0.316795623095642,0.37907680419573
"FOSL1","Micro","ADvHA",0.252720730286538,0.174832405628123,0.229768124123958
"FOXA1","Micro","ADvHA",0.388556690561755,4.22656227442361e-06,0.000259020796033327
"FOXA2","Micro","ADvHA",0.352874977012233,6.79863883624826e-06,0.000286902558889677
"FOXK2","Micro","ADvHA",0.390416836873151,2.66920540395166e-07,8.448035103507e-05
"FOXP1","Micro","ADvHA",0.389227260227968,6.38577788468638e-07,0.000134739913366883
"GABPA","Micro","ADvHA",-0.168007508547544,0.758920547787353,0.812853987731632
"GATA1","Micro","ADvHA",0.220752567504577,0.00376046884308771,0.0147478775525047
"GATA4","Micro","ADvHA",0.152725349442401,0.174341924669423,0.229768124123958
"GATA6","Micro","ADvHA",0.189274287694554,0.0546617027433606,0.0839826646518137
"GRHL2","Micro","ADvHA",0.247425230166395,0.00216814688221694,0.012364297085075
"HLF","Micro","ADvHA",0.265708311723261,0.0130724520672279,0.0281767164234439
"HNF4A","Micro","ADvHA",0.241536706746006,0.0130917951486301,0.0281767164234439
"HNF4G","Micro","ADvHA",0.224198234504468,0.0146313445913194,0.0293089909060291
"HOXB13","Micro","ADvHA",0.215398437577889,0.0351335085229118,0.0580666080809482
"JUNB","Micro","ADvHA",0.255873159812909,0.130626716606393,0.177059339639929
"JUND","Micro","ADvHA",0.271673699793453,0.106776175869885,0.149533892313356
"KLF4","Micro","ADvHA",0.212867662675929,0.0451941093106843,0.0712726557298549
"KLF9","Micro","ADvHA",0.335353860490114,0.00601134654316282,0.0180340396294885
"LHX2","Micro","ADvHA",0.270376435511677,0.0057700083121225,0.0178313719807934
"MAFF","Micro","ADvHA",0.268142708154695,0.00989695414824451,0.0237255182859987
"MAFG","Micro","ADvHA",0.244579066149318,0.0202584469237872,0.0374958973764834
"MAFK","Micro","ADvHA",0.035905427621042,0.819206186805583,0.862824486269441
"MEF2A","Micro","ADvHA",0.0769974419982038,0.6609896777327,0.725141188916463
"MITF","Micro","ADvHA",0.0496992272329936,0.718590714196788,0.776225123014619
"MXI1","Micro","ADvHA",0.311398483804768,0.0143135455419637,0.0290399818207149
"MYOD1","Micro","ADvHA",0.409898734743581,0.0183454721131075,0.0348729244672584
"MYOG","Micro","ADvHA",0.486025759379899,0.0068574557023251,0.0195530155836567
"MZF1","Micro","ADvHA",0.249993154206578,0.0283087380320067,0.0498358752797743
"NFE2L1","Micro","ADvHA",0.290616792098942,0.0284214075450214,0.0498358752797743
"NFIL3","Micro","ADvHA",0.229011172643096,0.0106695861506329,0.0249926710224327
"NFYB","Micro","ADvHA",-0.0698603893983331,0.398943346916577,0.469388733453891
"NKX2-5","Micro","ADvHA",0.153312640326872,0.0294923069472196,0.0511469323221644
"NR4A1","Micro","ADvHA",0.310534400101136,0.00496297513667302,0.0163923539350444
"ONECUT1","Micro","ADvHA",0.246114275036989,0.00077386528639979,0.00751894445061919
"OTX2","Micro","ADvHA",0.231264898043827,0.00300605984611518,0.014093424335508
"PBX2","Micro","ADvHA",0.412533137097808,0.000277237889249223,0.00560080867698967
"PHOX2B","Micro","ADvHA",0.195936098822993,0.0285442005232402,0.0499104877439466
"PKNOX1","Micro","ADvHA",0.129235291159576,0.211260392291377,0.270704105911826
"POU2F3","Micro","ADvHA",0.351359363733904,0.000253003541296983,0.00560080867698967
"PRDM1","Micro","ADvHA",0.458081624424671,0.000709188942249873,0.00751894445061919
"RFX1","Micro","ADvHA",0.394019319075907,0.0096089370312044,0.0235814792340384
"RFX3","Micro","ADvHA",0.382103745771785,0.00958188595160045,0.0235814792340384
"RUNX3","Micro","ADvHA",0.134835441306641,0.328725072558274,0.391870001750258
"SCRT1","Micro","ADvHA",0.282197380629098,0.00209527498709659,0.0122444476639948
"SCRT2","Micro","ADvHA",0.312648277917056,0.000285283913679407,0.00560080867698967
"SNAI2","Micro","ADvHA",0.282559475367016,0.0301894355279364,0.0520706067825171
"SOX2","Micro","ADvHA",0.326286191031695,0.0355618791733133,0.0586215351997587
"SPI1","Micro","ADvHA",-0.0945210547465747,0.871482238827684,0.901386041140399
"SPIB","Micro","ADvHA",-0.261890653247873,0.699655206228846,0.760695619348794
"SREBF1(var.2)","Micro","ADvHA",-0.0594741127961529,0.641889089113783,0.706636162450477
"TCF3","Micro","ADvHA",0.435134814671399,0.00391639417636983,0.0147478775525047
"TCF4","Micro","ADvHA",0.434580203425553,0.0053484628932785,0.0174514278940479
"TCF7","Micro","ADvHA",0.331428729211894,8.83407824171541e-05,0.00294314290895045
"TEAD1","Micro","ADvHA",0.447131929943089,0.00141922708754026,0.0105690676048586
"TEAD4","Micro","ADvHA",0.47082496468418,0.000902309459419007,0.00839943952665046
"TFAP2A","Micro","ADvHA",0.260380289059447,0.00963485112052471,0.0235814792340384
"TFAP2C(var.2)","Micro","ADvHA",0.240054030229726,0.0144682887954332,0.0291669643551249
"TWIST1","Micro","ADvHA",0.381237727582268,0.012914257884622,0.0280918393160335
"USF1","Micro","ADvHA",0.168354893563401,0.184378973860777,0.239654805860107
"USF2","Micro","ADvHA",0.139696788432982,0.302806163582346,0.364403615109553
"YY2","Micro","ADvHA",-0.177663153782929,0.124978624520167,0.170867104365585
"ZNF263","Micro","ADvHA",0.34559929466129,0.00676613688663662,0.0194680211329135
"CREM","Micro","ADvHA",-0.227459857601768,0.0179061307098917,0.0342434463424818
"FOXF2","Oligo","HAvYA",0.104274415980112,0.507937648639489,0.998263694715803
"FOXD1","Oligo","HAvYA",0.0433169390077098,0.663865725678735,0.998263694715803
"IRF2","Oligo","HAvYA",0.19998926208481,0.534399871259182,0.998263694715803
"MZF1(var.2)","Oligo","HAvYA",0.132047272039075,0.57862348775236,0.998263694715803
"MAX::MYC","Oligo","HAvYA",-0.04248429785613,0.701662654030131,0.998263694715803
"PPARG","Oligo","HAvYA",-0.0407694657794765,0.789246220307236,0.998263694715803
"PAX6","Oligo","HAvYA",-0.0165067461461357,0.921324911234987,0.998263694715803
"PBX1","Oligo","HAvYA",-0.0344096332032376,0.801720322225723,0.998263694715803
"RORA","Oligo","HAvYA",0.0506904009093134,0.795385111439663,0.998263694715803
"RORA(var.2)","Oligo","HAvYA",0.0810473172203374,0.723142484814411,0.998263694715803
"RREB1","Oligo","HAvYA",-0.0150283637381662,0.950068215076246,0.998263694715803
"RXRA::VDR","Oligo","HAvYA",-0.0165012607344682,0.918666334292876,0.998263694715803
"SOX9","Oligo","HAvYA",-0.136905440173428,0.231500285701055,0.998263694715803
"SRY","Oligo","HAvYA",-0.0094691353162984,0.916761479472199,0.998263694715803
"TAL1::TCF3","Oligo","HAvYA",-0.120029123173335,0.383795714606382,0.998263694715803
"REL","Oligo","HAvYA",0.0885084196265219,0.695105431129559,0.998263694715803
"RELA","Oligo","HAvYA",0.102493597306743,0.664607472410437,0.998263694715803
"NR1H2::RXRA","Oligo","HAvYA",-0.0509193776211374,0.730178541242757,0.998263694715803
"NFIC::TLX1","Oligo","HAvYA",0.0323726107652809,0.861145793483923,0.998263694715803
"ZNF354C","Oligo","HAvYA",-0.12877220174333,0.608077888345089,0.998263694715803
"CTCF","Oligo","HAvYA",-0.38132511129405,0.134962398079906,0.998263694715803
"EWSR1-FLI1","Oligo","HAvYA",0.140799681960684,0.65517570147204,0.998263694715803
"REST","Oligo","HAvYA",-0.0521804976765531,0.814814567439956,0.998263694715803
"NFATC2","Oligo","HAvYA",0.108380854791581,0.748140630963582,0.998263694715803
"INSM1","Oligo","HAvYA",0.0263288148356439,0.908081734010803,0.998263694715803
"RARA::RXRA","Oligo","HAvYA",-0.0793823987241272,0.655088229815411,0.998263694715803
"NR4A2","Oligo","HAvYA",-0.0984288568776719,0.496737968280343,0.998263694715803
"PLAG1","Oligo","HAvYA",-0.00857943492045032,0.967729952046815,0.998263694715803
"ARNT::HIF1A","Oligo","HAvYA",-0.000847175561922819,0.994079551070447,0.998263694715803
"DUX4","Oligo","HAvYA",0.0433641183626151,0.841628387534668,0.998263694715803
"FOS","Oligo","HAvYA",0.154677603911545,0.561997159820039,0.998263694715803
"FOSL2","Oligo","HAvYA",0.130060741969082,0.612894745803435,0.998263694715803
"FOXH1","Oligo","HAvYA",0.0013204408161836,0.994493823570734,0.998263694715803
"JUN","Oligo","HAvYA",-0.0379031349446886,0.728478903685686,0.998263694715803
"JUN(var.2)","Oligo","HAvYA",0.149289165453008,0.586053097759818,0.998263694715803
"JUND(var.2)","Oligo","HAvYA",-0.073159650544742,0.512090894864403,0.998263694715803
"MEF2C","Oligo","HAvYA",0.0749915752681076,0.787419576279348,0.998263694715803
"MAF::NFE2","Oligo","HAvYA",0.00889361075807704,0.968755852379414,0.998263694715803
"NR2C2","Oligo","HAvYA",-0.0394827504227817,0.863897707384506,0.998263694715803
"NRF1","Oligo","HAvYA",0.0335413745333082,0.873480854284778,0.998263694715803
"POU2F2","Oligo","HAvYA",0.0640129101689028,0.789519558282472,0.998263694715803
"SMAD2::SMAD3::SMAD4","Oligo","HAvYA",-0.04362870753892,0.820933165347214,0.998263694715803
"STAT1::STAT2","Oligo","HAvYA",0.272277883128758,0.499690349161248,0.998263694715803
"TCF7L2","Oligo","HAvYA",0.155986190081263,0.52633381342014,0.998263694715803
"ZBTB33","Oligo","HAvYA",-0.0492358261247259,0.753731526799527,0.998263694715803
"ELK4","Oligo","HAvYA",-0.1888427909736,0.186887563457709,0.998263694715803
"ESR2","Oligo","HAvYA",-0.0456603978314038,0.785471175366936,0.998263694715803
"IRF1","Oligo","HAvYA",0.227571976084879,0.535321781156138,0.998263694715803
"STAT1","Oligo","HAvYA",0.0667517617735967,0.805573671388894,0.998263694715803
"STAT3","Oligo","HAvYA",0.0197797559832726,0.946062659874755,0.998263694715803
"GATA1::TAL1","Oligo","HAvYA",-0.0216165035803656,0.888036080327609,0.998263694715803
"YY1","Oligo","HAvYA",-0.188946359952253,0.0521502728087931,0.998263694715803
"FOXP2","Oligo","HAvYA",0.139107091886796,0.511852905187066,0.998263694715803
"SREBF1","Oligo","HAvYA",-0.0985869318002024,0.531840096854034,0.998263694715803
"SREBF2","Oligo","HAvYA",-0.0741688022124573,0.650429657747416,0.998263694715803
"THAP1","Oligo","HAvYA",-0.0302446526429201,0.896323448072672,0.998263694715803
"KLF5","Oligo","HAvYA",-0.00243931953362375,0.990774939714443,0.998263694715803
"DMRT3","Oligo","HAvYA",-0.0067516330333949,0.959595780200472,0.998263694715803
"FOXG1","Oligo","HAvYA",0.0433169390077098,0.663865725678735,0.998263694715803
"LBX1","Oligo","HAvYA",0.103525749901888,0.615903603496463,0.998263694715803
"NFATC3","Oligo","HAvYA",0.0959830466347746,0.737161941993987,0.998263694715803
"POU6F1","Oligo","HAvYA",0.0914857210133393,0.602217322153529,0.998263694715803
"SHOX","Oligo","HAvYA",0.117198537684674,0.589388236624722,0.998263694715803
"ALX3","Oligo","HAvYA",0.119352222149814,0.612528447456949,0.998263694715803
"BARHL2","Oligo","HAvYA",0.0208186092643322,0.865674490714208,0.998263694715803
"BHLHE41","Oligo","HAvYA",0.124777791517709,0.193043522529702,0.998263694715803
"CENPB","Oligo","HAvYA",-0.034883612748517,0.689467576349881,0.998263694715803
"CREB3","Oligo","HAvYA",0.00322156994631009,0.972060393202114,0.998263694715803
"DBP","Oligo","HAvYA",-0.000912175461267872,0.994726503039682,0.998263694715803
"ELF4","Oligo","HAvYA",-0.18329081256804,0.14189485449164,0.998263694715803
"ELF5","Oligo","HAvYA",-0.00701994601933431,0.970886249137432,0.998263694715803
"EN1","Oligo","HAvYA",0.0432944199558623,0.771570619936715,0.998263694715803
"EN2","Oligo","HAvYA",0.0971189425832658,0.59288923331077,0.998263694715803
"ESX1","Oligo","HAvYA",0.101590914810481,0.592263097007078,0.998263694715803
"ETV6","Oligo","HAvYA",-0.0395264109708369,0.812635472692546,0.998263694715803
"FLI1","Oligo","HAvYA",-0.1601215222649,0.101738065033486,0.998263694715803
"FOXI1","Oligo","HAvYA",0.118047658390397,0.451738357430794,0.998263694715803
"FOXL1","Oligo","HAvYA",0.118047658390397,0.451738357430794,0.998263694715803
"FOXO3","Oligo","HAvYA",0.0433169390077098,0.663865725678735,0.998263694715803
"GCM1","Oligo","HAvYA",-0.0514642086049282,0.753312383809708,0.998263694715803
"GRHL1","Oligo","HAvYA",0.0626747695427279,0.730882183884647,0.998263694715803
"GSC","Oligo","HAvYA",0.052940634847098,0.721886885225521,0.998263694715803
"HEY2","Oligo","HAvYA",0.0212138216584554,0.80325293149528,0.998263694715803
"HINFP","Oligo","HAvYA",-0.0794256164204726,0.720246640493569,0.998263694715803
"HNF1A","Oligo","HAvYA",0.0261512272995897,0.894298038314407,0.998263694715803
"HNF1B","Oligo","HAvYA",0.0323795612415444,0.873495281002732,0.998263694715803
"HOXC11","Oligo","HAvYA",0.00284586739338227,0.982512069378233,0.998263694715803
"HSF1","Oligo","HAvYA",0.118046237270537,0.533605680932938,0.998263694715803
"IRF8","Oligo","HAvYA",0.123954236508085,0.655631578415125,0.998263694715803
"IRF9","Oligo","HAvYA",0.152514268943391,0.577336231769203,0.998263694715803
"ISX","Oligo","HAvYA",0.117198537684674,0.589388236624722,0.998263694715803
"JDP2","Oligo","HAvYA",0.141356531217451,0.498997325964372,0.998263694715803
"JDP2(var.2)","Oligo","HAvYA",-0.0787889687411088,0.500906438836346,0.998263694715803
"KLF13","Oligo","HAvYA",-0.119638617457434,0.384332751682796,0.998263694715803
"LHX6","Oligo","HAvYA",0.0939422760779717,0.609034808159738,0.998263694715803
"MEF2B","Oligo","HAvYA",-0.0137266110267851,0.936037939483987,0.998263694715803
"MEOX1","Oligo","HAvYA",0.0903565899505363,0.682799380786945,0.998263694715803
"MIXL1","Oligo","HAvYA",0.118760971434573,0.596227076507238,0.998263694715803
"MLX","Oligo","HAvYA",0.134475776545296,0.142160672142364,0.998263694715803
"MLXIPL","Oligo","HAvYA",0.136700683431209,0.152460929266263,0.998263694715803
"MSC","Oligo","HAvYA",-0.0882677487215356,0.618747598560962,0.998263694715803
"MSX1","Oligo","HAvYA",0.064823033592272,0.717855003553046,0.998263694715803
"MYF6","Oligo","HAvYA",-0.0683267047046695,0.673389401222501,0.998263694715803
"NEUROD2","Oligo","HAvYA",0.0147029674283516,0.906461308973923,0.998263694715803
"NEUROG2","Oligo","HAvYA",-0.0119969878677752,0.922576955604634,0.998263694715803
"NFIA","Oligo","HAvYA",0.187280940903658,0.481149776705998,0.998263694715803
"NFIX","Oligo","HAvYA",0.166685733150508,0.464888221503157,0.998263694715803
"NHLH1","Oligo","HAvYA",-0.0818371787774065,0.657756349532511,0.998263694715803
"NKX2-3","Oligo","HAvYA",0.0153948216882041,0.942552986522665,0.998263694715803
"NKX2-8","Oligo","HAvYA",0.0380432412042659,0.854799723691147,0.998263694715803
"NKX6-1","Oligo","HAvYA",0.102347638234098,0.642472748666635,0.998263694715803
"NKX6-2","Oligo","HAvYA",0.102347638234098,0.642472748666635,0.998263694715803
"OLIG2","Oligo","HAvYA",0.00575397748767909,0.972576536164055,0.998263694715803
"PAX4","Oligo","HAvYA",0.0988055483681994,0.613462551886482,0.998263694715803
"PAX7","Oligo","HAvYA",0.0434766637800822,0.725061450809387,0.998263694715803
"POU4F2","Oligo","HAvYA",0.0480145136902598,0.843807499025079,0.998263694715803
"SP4","Oligo","HAvYA",-0.113592538243364,0.585127928833408,0.998263694715803
"SPDEF","Oligo","HAvYA",-0.138647840153154,0.0612292015559312,0.998263694715803
"SPIC","Oligo","HAvYA",0.201946103900137,0.522915079878767,0.998263694715803
"SRF","Oligo","HAvYA",0.0187356029841592,0.882057893967015,0.998263694715803
"TBXT","Oligo","HAvYA",-0.0597341818617447,0.662730008347056,0.998263694715803
"TBX2","Oligo","HAvYA",-0.0275677145956938,0.888139980706245,0.998263694715803
"TBX20","Oligo","HAvYA",-0.040742781687388,0.835749626524427,0.998263694715803
"TBX21","Oligo","HAvYA",-0.044496238651803,0.801938693710364,0.998263694715803
"TFAP4","Oligo","HAvYA",-0.0648681125624906,0.684238117745046,0.998263694715803
"TFCP2","Oligo","HAvYA",0.0222286355821409,0.873745740781486,0.998263694715803
"TFEB","Oligo","HAvYA",0.159763987159983,0.155141436872549,0.998263694715803
"ZBTB7B","Oligo","HAvYA",-0.0830874437376578,0.682325021224767,0.998263694715803
"ZBTB7C","Oligo","HAvYA",-0.0955672849185155,0.620027344838977,0.998263694715803
"ZIC1","Oligo","HAvYA",-0.0364280015334102,0.862799664046733,0.998263694715803
"ZIC3","Oligo","HAvYA",-0.0146022331647609,0.945994545423394,0.998263694715803
"ZBTB18","Oligo","HAvYA",-0.175088794669892,0.178405528559232,0.998263694715803
"LBX2","Oligo","HAvYA",0.0859623096467114,0.681703863922542,0.998263694715803
"MEOX2","Oligo","HAvYA",0.0565312293165116,0.811749835903688,0.998263694715803
"MNX1","Oligo","HAvYA",0.118821876375068,0.656681675739249,0.998263694715803
"MSX2","Oligo","HAvYA",0.064823033592272,0.717855003553046,0.998263694715803
"NOTO","Oligo","HAvYA",0.107455599940406,0.598488346449574,0.998263694715803
"OTX1","Oligo","HAvYA",0.0247496831756828,0.857850286018988,0.998263694715803
"PDX1","Oligo","HAvYA",0.0860449608264297,0.632261860561624,0.998263694715803
"PHOX2A","Oligo","HAvYA",0.100464000104278,0.693854990175895,0.998263694715803
"PITX3","Oligo","HAvYA",0.0178584874360381,0.914020969837966,0.998263694715803
"PROP1","Oligo","HAvYA",0.103260873035064,0.686139258712886,0.998263694715803
"PRRX1","Oligo","HAvYA",0.117198537684674,0.589388236624722,0.998263694715803
"RAX2","Oligo","HAvYA",0.117198537684674,0.589388236624722,0.998263694715803
"RAX","Oligo","HAvYA",0.0696276703444459,0.703539316977475,0.998263694715803
"RHOXF1","Oligo","HAvYA",-0.0378067893790097,0.720897574775128,0.998263694715803
"UNCX","Oligo","HAvYA",0.108980646338092,0.651453277644803,0.998263694715803
"VAX1","Oligo","HAvYA",0.09834117719681,0.638038214603957,0.998263694715803
"VAX2","Oligo","HAvYA",0.09834117719681,0.638038214603957,0.998263694715803
"VENTX","Oligo","HAvYA",0.00152089582325776,0.987678820774389,0.998263694715803
"VSX1","Oligo","HAvYA",0.0809471402685977,0.637038088817475,0.998263694715803
"VSX2","Oligo","HAvYA",0.0809471402685977,0.637038088817475,0.998263694715803
"ESR1","Oligo","HAvYA",-0.121434278801337,0.257982300784743,0.998263694715803
"ESRRB","Oligo","HAvYA",-0.00337977469387085,0.984814695521129,0.998263694715803
"NR2F1","Oligo","HAvYA",-0.0988318321546913,0.351778671708257,0.998263694715803
"NR3C1","Oligo","HAvYA",0.0630706817278189,0.764775043224717,0.998263694715803
"NR3C2","Oligo","HAvYA",0.0583554237251039,0.786043785820458,0.998263694715803
"RARA","Oligo","HAvYA",-0.055698912787885,0.59918039289297,0.998263694715803
"RARA(var.2)","Oligo","HAvYA",-0.042629727501039,0.801437582236341,0.998263694715803
"BCL6B","Oligo","HAvYA",0.0824314304978475,0.710271604016183,0.998263694715803
"EGR2","Oligo","HAvYA",-0.0518131908348261,0.824881642489975,0.998263694715803
"EGR3","Oligo","HAvYA",-0.0499609704630695,0.832153581954265,0.998263694715803
"EGR4","Oligo","HAvYA",-0.0322963059722788,0.885521350325216,0.998263694715803
"GLIS1","Oligo","HAvYA",-0.0240599754218989,0.873389039402879,0.998263694715803
"GLIS2","Oligo","HAvYA",0.00300407429673127,0.986191678777656,0.998263694715803
"GLIS3","Oligo","HAvYA",-0.0704633344514173,0.670165217650783,0.998263694715803
"HIC2","Oligo","HAvYA",-0.0593217892313297,0.736881533527231,0.998263694715803
"KLF14","Oligo","HAvYA",-0.147688413844151,0.471047862825651,0.998263694715803
"KLF16","Oligo","HAvYA",-0.00782305852239318,0.97200788545843,0.998263694715803
"SP8","Oligo","HAvYA",-0.0524552186144954,0.799347419544991,0.998263694715803
"ZBED1","Oligo","HAvYA",-0.00324258771454128,0.953348461936883,0.998263694715803
"ZIC4","Oligo","HAvYA",-0.0279248854277406,0.887947656970569,0.998263694715803
"ZNF143","Oligo","HAvYA",-0.0354092621941299,0.78526635337382,0.998263694715803
"ZNF410","Oligo","HAvYA",-0.0082960286781491,0.955589738804889,0.998263694715803
"CUX1","Oligo","HAvYA",-0.00981814012579948,0.92462249011449,0.998263694715803
"CUX2","Oligo","HAvYA",0.024113658984581,0.782433189452822,0.998263694715803
"ONECUT2","Oligo","HAvYA",0.0964055622635666,0.553120945069694,0.998263694715803
"ONECUT3","Oligo","HAvYA",0.082662975710124,0.646549151840022,0.998263694715803
"E2F7","Oligo","HAvYA",0.0669479682029427,0.668805339674293,0.998263694715803
"ELK3","Oligo","HAvYA",-0.239616826538138,0.0275501810302818,0.998263694715803
"ERF","Oligo","HAvYA",-0.159299585266709,0.10001734250604,0.998263694715803
"ERG","Oligo","HAvYA",-0.143705676675651,0.154800218649157,0.998263694715803
"ETS1","Oligo","HAvYA",-0.151109664232971,0.15112200977884,0.998263694715803
"ETV2","Oligo","HAvYA",-0.0782931985071934,0.5259362604649,0.998263694715803
"ETV3","Oligo","HAvYA",-0.22358464919127,0.0388339880030259,0.998263694715803
"FEV","Oligo","HAvYA",-0.219061938546728,0.0273941676315095,0.998263694715803
"GCM2","Oligo","HAvYA",-0.0498032929440542,0.740649086281162,0.998263694715803
"LEF1","Oligo","HAvYA",0.169639864338159,0.476268708543414,0.998263694715803
"HSF2","Oligo","HAvYA",0.126511270768971,0.547422393923633,0.998263694715803
"HSF4","Oligo","HAvYA",0.095253198279602,0.639747136408153,0.998263694715803
"IRF7","Oligo","HAvYA",0.176779009475779,0.584069065250173,0.998263694715803
"MEF2D","Oligo","HAvYA",0.0148636223673277,0.94106285563593,0.998263694715803
"MEIS1","Oligo","HAvYA",-0.0185910826510949,0.909110648953774,0.998263694715803
"MEIS2","Oligo","HAvYA",-0.0525770327078537,0.734397780903539,0.998263694715803
"MEIS3","Oligo","HAvYA",-0.0320858578942261,0.861865428269213,0.998263694715803
"MYBL1","Oligo","HAvYA",0.0105381412051119,0.912230755384838,0.998263694715803
"MYBL2","Oligo","HAvYA",0.0378240892531244,0.707252322418417,0.998263694715803
"NFKB1","Oligo","HAvYA",-0.0402071388066024,0.748027941080567,0.998263694715803
"NFKB2","Oligo","HAvYA",-0.0547094124956702,0.709868587737888,0.998263694715803
"PAX1","Oligo","HAvYA",-0.0614840330908609,0.622038695905623,0.998263694715803
"PAX3","Oligo","HAvYA",0.0344076653368864,0.799829939290287,0.998263694715803
"PAX9","Oligo","HAvYA",-0.0579392557647013,0.597197353340028,0.998263694715803
"PKNOX2","Oligo","HAvYA",-0.0785172981090737,0.648842906211737,0.998263694715803
"POU1F1","Oligo","HAvYA",0.0594209330718601,0.819608854105986,0.998263694715803
"POU2F1","Oligo","HAvYA",0.0802810009442982,0.739503685846879,0.998263694715803
"POU3F1","Oligo","HAvYA",0.0743682612853992,0.767636813848171,0.998263694715803
"POU3F2","Oligo","HAvYA",0.065154829563372,0.800519045980045,0.998263694715803
"POU3F3","Oligo","HAvYA",0.0770430019200538,0.766299564174657,0.998263694715803
"POU3F4","Oligo","HAvYA",0.0405528001270694,0.844931942449801,0.998263694715803
"POU4F1","Oligo","HAvYA",0.0366811470019901,0.866665740714568,0.998263694715803
"POU4F3","Oligo","HAvYA",0.0444940432551526,0.840838100361405,0.998263694715803
"POU5F1B","Oligo","HAvYA",0.0651882687930011,0.765151653599089,0.998263694715803
"POU6F2","Oligo","HAvYA",0.0884706088119942,0.709362993328506,0.998263694715803
"PROX1","Oligo","HAvYA",0.00602162100086645,0.966517640191253,0.998263694715803
"RFX2","Oligo","HAvYA",-0.00227100992714813,0.992582425697632,0.998263694715803
"SMAD3","Oligo","HAvYA",-0.0300460815466059,0.797053255668413,0.998263694715803
"TGIF1","Oligo","HAvYA",-0.0454900641414146,0.786529085439592,0.998263694715803
"TGIF2","Oligo","HAvYA",-0.038773786006396,0.811996637266308,0.998263694715803
"RFX4","Oligo","HAvYA",-0.0127993171947769,0.959950235282884,0.998263694715803
"RFX5","Oligo","HAvYA",0.0179515290269849,0.945393902236831,0.998263694715803
"RUNX2","Oligo","HAvYA",0.0234004148563312,0.880477740279561,0.998263694715803
"EOMES","Oligo","HAvYA",-0.0174339979440271,0.933086589870429,0.998263694715803
"MGA","Oligo","HAvYA",-0.116719976278331,0.43488736446239,0.998263694715803
"TBR1","Oligo","HAvYA",-0.0529689892804616,0.784194558001109,0.998263694715803
"TBX15","Oligo","HAvYA",-0.116719976278331,0.43488736446239,0.998263694715803
"TBX19","Oligo","HAvYA",-0.0227320084282704,0.870203201698307,0.998263694715803
"TBX1","Oligo","HAvYA",-0.0835712026209284,0.578959348841142,0.998263694715803
"TBX4","Oligo","HAvYA",-0.102205946385666,0.436494944272532,0.998263694715803
"TBX5","Oligo","HAvYA",-0.102205946385666,0.436494944272532,0.998263694715803
"TEAD3","Oligo","HAvYA",-0.0128133686874553,0.957699948297376,0.998263694715803
"TFAP2A(var.2)","Oligo","HAvYA",0.0111505350779167,0.963923744327794,0.998263694715803
"TFAP2B","Oligo","HAvYA",0.017688512668618,0.942960908389937,0.998263694715803
"TFAP2B(var.2)","Oligo","HAvYA",0.0122687017515355,0.956191058200688,0.998263694715803
"TFAP2B(var.3)","Oligo","HAvYA",0.00403963578721511,0.985699828628729,0.998263694715803
"TFAP2C","Oligo","HAvYA",0.0215652302531065,0.93095215923324,0.998263694715803
"TFAP2C(var.3)","Oligo","HAvYA",0.013027574486472,0.955873444222531,0.998263694715803
"BHLHE40","Oligo","HAvYA",0.0870193150875509,0.2788973085744,0.998263694715803
"BHLHE23","Oligo","HAvYA",-0.0121441847480461,0.938143196280332,0.998263694715803
"BHLHE22","Oligo","HAvYA",-0.0222004235092838,0.882011384625708,0.998263694715803
"CLOCK","Oligo","HAvYA",0.000660982014275058,0.993962130857529,0.998263694715803
"FIGLA","Oligo","HAvYA",-0.0964550944857001,0.540808656203116,0.998263694715803
"HES5","Oligo","HAvYA",-0.0610384951747945,0.578037805311445,0.998263694715803
"HES7","Oligo","HAvYA",-0.0414365979124666,0.690331048744619,0.998263694715803
"HEY1","Oligo","HAvYA",0.0266228316729351,0.783736606791393,0.998263694715803
"MAX","Oligo","HAvYA",0.0145832439488463,0.893568500232086,0.998263694715803
"MNT","Oligo","HAvYA",0.0221514549368445,0.827017697263782,0.998263694715803
"OLIG1","Oligo","HAvYA",0.00206895813356414,0.989046599677688,0.998263694715803
"OLIG3","Oligo","HAvYA",-0.0122719476260403,0.94494306882407,0.998263694715803
"SREBF2(var.2)","Oligo","HAvYA",0.0878688040535548,0.303191359034398,0.998263694715803
"ATF7","Oligo","HAvYA",-0.0615786060965078,0.494633631052581,0.998263694715803
"CEBPB","Oligo","HAvYA",0.0668584347689813,0.658149495304119,0.998263694715803
"CEBPE","Oligo","HAvYA",0.0663709142338458,0.666294372306963,0.998263694715803
"CEBPG","Oligo","HAvYA",0.0337876258784832,0.776033830853626,0.998263694715803
"CREB3L1","Oligo","HAvYA",-0.0235970045564057,0.864315172962098,0.998263694715803
"NFE2","Oligo","HAvYA",0.128423809235168,0.529209718812557,0.998263694715803
"TEF","Oligo","HAvYA",0.0186663843245035,0.900116106080205,0.998263694715803
"XBP1","Oligo","HAvYA",-0.0661666736955145,0.564682679689877,0.998263694715803
"FOXB1","Oligo","HAvYA",0.0247314092980724,0.901678405942353,0.998263694715803
"FOXC1","Oligo","HAvYA",0.0858673071227932,0.698626962537143,0.998263694715803
"FOXC2","Oligo","HAvYA",0.0829383406763987,0.697938535048529,0.998263694715803
"FOXO4","Oligo","HAvYA",0.118047658390397,0.451738357430794,0.998263694715803
"FOXO6","Oligo","HAvYA",0.118047658390397,0.451738357430794,0.998263694715803
"FOXP3","Oligo","HAvYA",0.118047658390397,0.451738357430794,0.998263694715803
"RXRB","Oligo","HAvYA",-0.0548102685321036,0.722852436675647,0.998263694715803
"RXRG","Oligo","HAvYA",-0.0335004872523573,0.82146487948434,0.998263694715803
"TP63","Oligo","HAvYA",-0.0310047994740096,0.797840160764973,0.998263694715803
"TP53","Oligo","HAvYA",-0.00385790082918785,0.97896417839259,0.998263694715803
"TP73","Oligo","HAvYA",-0.0320703353165424,0.76821114686506,0.998263694715803
"GMEB2","Oligo","HAvYA",0.0102972482265587,0.904182568092008,0.998263694715803
"MTF1","Oligo","HAvYA",-0.0330699668096276,0.851364406273651,0.998263694715803
"E2F1","Oligo","HAvYA",-0.0262103189920518,0.682599234961392,0.998263694715803
"E2F8","Oligo","HAvYA",0.0409135122617179,0.836604736960986,0.998263694715803
"SOX21","Oligo","HAvYA",0.0082405211800875,0.957736449073835,0.998263694715803
"TFAP2A(var.3)","Oligo","HAvYA",0.00657142938416833,0.977623549186837,0.998263694715803
"ELK1","Oligo","HAvYA",-0.272270368820611,0.0149751631899015,0.998263694715803
"HOXD12","Oligo","HAvYA",-0.00945368306591637,0.934713410530313,0.998263694715803
"BARX1","Oligo","HAvYA",0.0416896090147707,0.779037373657978,0.998263694715803
"BSX","Oligo","HAvYA",0.0736471087152125,0.694227958235256,0.998263694715803
"DLX6","Oligo","HAvYA",0.0771527181974739,0.622331539491108,0.998263694715803
"DUXA","Oligo","HAvYA",0.0264974361798188,0.90460812255969,0.998263694715803
"EMX2","Oligo","HAvYA",0.0782072731480118,0.676148847103221,0.998263694715803
"EVX1","Oligo","HAvYA",0.000799994571254015,0.996238376922871,0.998263694715803
"EVX2","Oligo","HAvYA",0.0379332213116794,0.834172660112356,0.998263694715803
"GBX1","Oligo","HAvYA",0.0531849266775104,0.76540395518028,0.998263694715803
"GBX2","Oligo","HAvYA",0.0853712396064678,0.698399033765157,0.998263694715803
"GSC2","Oligo","HAvYA",0.0195671834114212,0.914510752511195,0.998263694715803
"GSX1","Oligo","HAvYA",0.125158702148356,0.60298503930057,0.998263694715803
"HESX1","Oligo","HAvYA",0.0399496004958109,0.819131721513686,0.998263694715803
"HMBOX1","Oligo","HAvYA",-0.0179916811025309,0.900637044084408,0.998263694715803
"HOXA10","Oligo","HAvYA",0.078064322424815,0.747750107937821,0.998263694715803
"HOXB3","Oligo","HAvYA",0.130915220816901,0.583040767548393,0.998263694715803
"HOXC10","Oligo","HAvYA",0.00254071815901646,0.988203773106849,0.998263694715803
"HOXC12","Oligo","HAvYA",0.0232776920691806,0.864115493173045,0.998263694715803
"HOXC13","Oligo","HAvYA",0.04057122402862,0.801495408348203,0.998263694715803
"HOXD11","Oligo","HAvYA",0.00349200069323974,0.982876655712465,0.998263694715803
"ISL2","Oligo","HAvYA",0.107638381517235,0.623651480988593,0.998263694715803
"FOXK1","Oligo","HAvYA",0.104722433435235,0.52141256684654,0.998263694715803
"GATA2","Oligo","HAvYA",-0.0428777180999078,0.774221818119446,0.998263694715803
"HIF1A","Oligo","HAvYA",-0.023702621662813,0.859405950207033,0.998263694715803
"MYC","Oligo","HAvYA",0.00128781625845126,0.991879939236112,0.998263694715803
"MYB","Oligo","HAvYA",-0.0100923075284783,0.945406876386862,0.998263694715803
"MYCN","Oligo","HAvYA",0.00890393879498502,0.935529948855743,0.998263694715803
"NEUROD1","Oligo","HAvYA",-0.157898979477172,0.45277731729765,0.998263694715803
"NFIC","Oligo","HAvYA",0.202976103078258,0.485564549679235,0.998263694715803
"NFYA","Oligo","HAvYA",-0.0691721729715586,0.596931067494817,0.998263694715803
"NR1H4","Oligo","HAvYA",0.0245037764243598,0.873831077151611,0.998263694715803
"NR2F2","Oligo","HAvYA",-0.024493763721678,0.890295970742089,0.998263694715803
"PAX5","Oligo","HAvYA",-0.0665656308512577,0.562047966571544,0.998263694715803
"PBX3","Oligo","HAvYA",-0.082886695132946,0.626450168565005,0.998263694715803
"POU5F1","Oligo","HAvYA",0.0690839065520858,0.767766343954017,0.998263694715803
"RBPJ","Oligo","HAvYA",-0.0224789571507744,0.93546950973009,0.998263694715803
"RELB","Oligo","HAvYA",0.0470651550251547,0.804698218534852,0.998263694715803
"SIX1","Oligo","HAvYA",0.043858535484255,0.844860657983793,0.998263694715803
"SIX2","Oligo","HAvYA",0.0353963661527489,0.880722030385063,0.998263694715803
"SOX10","Oligo","HAvYA",-0.0375276010354896,0.789445755853184,0.998263694715803
"SOX13","Oligo","HAvYA",-0.11702218119172,0.348711882140882,0.998263694715803
"TEAD2","Oligo","HAvYA",-0.0254368091952738,0.916556056358718,0.998263694715803
"TFDP1","Oligo","HAvYA",-0.0338752413026154,0.877834726101073,0.998263694715803
"ZBTB7A","Oligo","HAvYA",-0.186549871474947,0.342787155970629,0.998263694715803
"ZEB1","Oligo","HAvYA",-0.137068995752482,0.540010908861196,0.998263694715803
"ZNF24","Oligo","HAvYA",-0.0228777550796174,0.920401819789777,0.998263694715803
"ZNF384","Oligo","HAvYA",0.103486185708,0.695501916784699,0.998263694715803
"ZNF282","Oligo","HAvYA",0.00630641687250044,0.976498284314344,0.998263694715803
"ZSCAN4","Oligo","HAvYA",0.0364170987344006,0.888491062112853,0.998263694715803
"GATA3","Oligo","HAvYA",-0.0334969686298228,0.769464293273628,0.998263694715803
"FOS::JUN","Oligo","HAvYA",0.137271715559248,0.567266479061707,0.998263694715803
"FOS::JUN(var.2)","Oligo","HAvYA",-0.0667720223877124,0.536101319189371,0.998263694715803
"FOSB::JUN","Oligo","HAvYA",-0.0708964995971052,0.432984433491086,0.998263694715803
"FOSL1::JUN","Oligo","HAvYA",0.13334713900211,0.60865221042857,0.998263694715803
"FOSL1::JUN(var.2)","Oligo","HAvYA",-0.0481281032486264,0.625698126416517,0.998263694715803
"FOSL2::JUN","Oligo","HAvYA",0.137661873258246,0.570590301212412,0.998263694715803
"FOSL2::JUN(var.2)","Oligo","HAvYA",-0.0854646657381045,0.409036083178723,0.998263694715803
"JUN::JUNB","Oligo","HAvYA",0.0735779931026825,0.720788011583422,0.998263694715803
"JUN::JUNB(var.2)","Oligo","HAvYA",-0.0886813798401323,0.391637044129767,0.998263694715803
"FOS::JUNB","Oligo","HAvYA",0.151692245269781,0.49751564345872,0.998263694715803
"FOSB::JUNB","Oligo","HAvYA",0.14665195113341,0.524457642598533,0.998263694715803
"FOSB::JUNB(var.2)","Oligo","HAvYA",-0.0566485643135343,0.563937634645595,0.998263694715803
"FOSL1::JUNB","Oligo","HAvYA",0.130424475975214,0.586655392509043,0.998263694715803
"FOSL2::JUNB","Oligo","HAvYA",0.141680503926782,0.54462430049861,0.998263694715803
"FOSL2::JUNB(var.2)","Oligo","HAvYA",-0.0386366447377571,0.721947913932445,0.998263694715803
"FOS::JUND","Oligo","HAvYA",0.129361040703769,0.613896977208042,0.998263694715803
"FOSL1::JUND","Oligo","HAvYA",0.12992137648009,0.600287563456666,0.998263694715803
"FOSL1::JUND(var.2)","Oligo","HAvYA",-0.0682386726810308,0.592317519279516,0.998263694715803
"FOSL2::JUND","Oligo","HAvYA",0.146823492689744,0.512982699404763,0.998263694715803
"FOSL2::JUND(var.2)","Oligo","HAvYA",-0.0837585269662633,0.459918159975797,0.998263694715803
"NR1H4::RXRA","Oligo","HAvYA",0.0286936053646311,0.833434327600808,0.998263694715803
"NR4A2::RXRA","Oligo","HAvYA",-0.0150063738761059,0.899902889568257,0.998263694715803
"PPARA::RXRA","Oligo","HAvYA",0.00329227514582009,0.986464587958895,0.998263694715803
"RARA::RXRG","Oligo","HAvYA",-0.0724284998783223,0.708792178623773,0.998263694715803
"RORB","Oligo","HAvYA",0.116997206128108,0.598524015499995,0.998263694715803
"RORC","Oligo","HAvYA",0.14012149374878,0.569666990446419,0.998263694715803
"SOX15","Oligo","HAvYA",-0.0272199266062126,0.784544581150283,0.998263694715803
"TFE3","Oligo","HAvYA",0.190796785762572,0.111731883062819,0.998263694715803
"VDR","Oligo","HAvYA",-0.044137428835763,0.747483020812483,0.998263694715803
"IRF3","Oligo","HAvYA",0.198342778811772,0.580625287743563,0.998263694715803
"IRF4","Oligo","HAvYA",0.179757937528719,0.508287526170941,0.998263694715803
"IRF5","Oligo","HAvYA",0.0862814808028129,0.669101981173213,0.998263694715803
"TCF7L1","Oligo","HAvYA",0.0863072531492365,0.740533045470889,0.998263694715803
"ARGFX","Oligo","HAvYA",0.103424344214645,0.657375640076357,0.998263694715803
"ARNT2","Oligo","HAvYA",0.103617083513043,0.296915739742839,0.998263694715803
"ATF6","Oligo","HAvYA",-0.0428340811593513,0.741407889448555,0.998263694715803
"ATOH1(var.2)","Oligo","HAvYA",-0.106429850596067,0.561260924483751,0.998263694715803
"ATOH7","Oligo","HAvYA",-0.0363898848030234,0.791489101965548,0.998263694715803
"BACH2","Oligo","HAvYA",0.129557375427565,0.483369362788411,0.998263694715803
"BACH2(var.2)","Oligo","HAvYA",-0.0781745743380132,0.435963195162787,0.998263694715803
"BARX2","Oligo","HAvYA",-0.00410425997043118,0.985115029764715,0.998263694715803
"BHLHA15(var.2)","Oligo","HAvYA",-0.101507690966057,0.564813995682257,0.998263694715803
"CDX4","Oligo","HAvYA",0.0448572495465004,0.834000988486157,0.998263694715803
"CREB3L4","Oligo","HAvYA",-0.00523100057796488,0.963539759755328,0.998263694715803
"CREB3L4(var.2)","Oligo","HAvYA",-0.0496930266443451,0.641093739783753,0.998263694715803
"DLX5","Oligo","HAvYA",0.0879951375759078,0.677434945928593,0.998263694715803
"DMRTA2","Oligo","HAvYA",0.00468158533743857,0.977325897124845,0.998263694715803
"DMRTC2","Oligo","HAvYA",-0.00603093203049013,0.967462270837737,0.998263694715803
"DPRX","Oligo","HAvYA",-0.0598913896714232,0.697954686317163,0.998263694715803
"DRGX","Oligo","HAvYA",0.09834117719681,0.638038214603957,0.998263694715803
"ELF2","Oligo","HAvYA",-0.192510843567766,0.0636330658816389,0.998263694715803
"ETS2","Oligo","HAvYA",-0.185784594228662,0.067939197716762,0.998263694715803
"FERD3L","Oligo","HAvYA",-0.0180499785320641,0.905805193033429,0.998263694715803
"FOXE1","Oligo","HAvYA",0.0682349772483338,0.751103725245505,0.998263694715803
"FOXN3","Oligo","HAvYA",0.116252712427381,0.418526233458222,0.998263694715803
"GLI3","Oligo","HAvYA",-0.0864202253317211,0.66888849278564,0.998263694715803
"HES6","Oligo","HAvYA",0.00658892567441238,0.951008122885234,0.998263694715803
"HNF4A(var.2)","Oligo","HAvYA",-0.0124787498111487,0.942617138862415,0.998263694715803
"HOXA1","Oligo","HAvYA",0.033258709175314,0.839905042653093,0.998263694715803
"HOXA4","Oligo","HAvYA",0.0325753507613996,0.839508727652995,0.998263694715803
"HOXA6","Oligo","HAvYA",0.0670760472811719,0.736611300279419,0.998263694715803
"HOXA7","Oligo","HAvYA",0.0143665266485026,0.904166295873229,0.998263694715803
"HOXB4","Oligo","HAvYA",0.0343498299286074,0.859098253926715,0.998263694715803
"HOXB6","Oligo","HAvYA",0.109781651089222,0.596740922300288,0.998263694715803
"HOXB7","Oligo","HAvYA",0.0800405354514276,0.720028195835117,0.998263694715803
"HOXB8","Oligo","HAvYA",0.0399201046406904,0.754291672127843,0.998263694715803
"HOXB9","Oligo","HAvYA",0.000623570674679497,0.996686658863171,0.998263694715803
"HOXC4","Oligo","HAvYA",0.00887964663204788,0.956372581707556,0.998263694715803
"HOXC8","Oligo","HAvYA",0.0421591631821101,0.803923655988848,0.998263694715803
"HOXD10","Oligo","HAvYA",-0.0181219725233996,0.894473980978678,0.998263694715803
"HOXD4","Oligo","HAvYA",0.0336506225801142,0.839280499541714,0.998263694715803
"IKZF1","Oligo","HAvYA",0.196901616749787,0.576360600921024,0.998263694715803
"IRF6","Oligo","HAvYA",0.0907319594843944,0.496631945655373,0.998263694715803
"KLF10","Oligo","HAvYA",-0.0821866375469451,0.723463608218285,0.998263694715803
"KLF11","Oligo","HAvYA",-0.0602959921536858,0.789777602681082,0.998263694715803
"KLF15","Oligo","HAvYA",-0.0560498837652393,0.809573155218212,0.998263694715803
"KLF17","Oligo","HAvYA",0.0210466656072023,0.934218188693881,0.998263694715803
"KLF2","Oligo","HAvYA",-0.0982271971495721,0.6216654266048,0.998263694715803
"KLF3","Oligo","HAvYA",-0.161777164724191,0.418515047163501,0.998263694715803
"KLF6","Oligo","HAvYA",-0.163908112444389,0.441125238262445,0.998263694715803
"LHX1","Oligo","HAvYA",0.0714107577119164,0.676927613964278,0.998263694715803
"LHX5","Oligo","HAvYA",0.102347638234098,0.642472748666635,0.998263694715803
"MAF","Oligo","HAvYA",0.00910502572154231,0.961774815161608,0.998263694715803
"MAFA","Oligo","HAvYA",-0.0118025504094461,0.948810860822711,0.998263694715803
"MAZ","Oligo","HAvYA",0.0540583831050302,0.82192621508663,0.998263694715803
"MSANTD3","Oligo","HAvYA",-0.0737724247105139,0.735580421642885,0.998263694715803
"MSGN1","Oligo","HAvYA",0.0120728616998165,0.935775315626882,0.998263694715803
"NFATC4","Oligo","HAvYA",0.107232906128002,0.679866608533427,0.998263694715803
"NFIC(var.2)","Oligo","HAvYA",0.0714142526900917,0.744426069269308,0.998263694715803
"NFIX(var.2)","Oligo","HAvYA",0.109048450489102,0.609063001342656,0.998263694715803
"NHLH2","Oligo","HAvYA",-0.11281060069956,0.454564829351403,0.998263694715803
"NKX6-3","Oligo","HAvYA",-0.00481353445365063,0.982229984356326,0.998263694715803
"NR1D1","Oligo","HAvYA",-0.0552222595527924,0.617208794696381,0.998263694715803
"NR1D2","Oligo","HAvYA",-0.0125130612931408,0.92274227944711,0.998263694715803
"NR1I2","Oligo","HAvYA",-0.0451416991320169,0.765812201369782,0.998263694715803
"NR1I3","Oligo","HAvYA",0.110627208980126,0.581513959662996,0.998263694715803
"NR2C1","Oligo","HAvYA",-0.102546389936751,0.306408366738839,0.998263694715803
"NR2C2(var.2)","Oligo","HAvYA",-0.010282223101987,0.949320547298963,0.998263694715803
"NR2F1(var.2)","Oligo","HAvYA",-0.0354171919175852,0.823527132103438,0.998263694715803
"NR2F1(var.3)","Oligo","HAvYA",-0.0363111395660392,0.808309317114339,0.998263694715803
"NR2F6(var.3)","Oligo","HAvYA",-0.0523682637966773,0.72925437348455,0.998263694715803
"NR5A1","Oligo","HAvYA",-0.0484577771684158,0.791356819624565,0.998263694715803
"NR6A1","Oligo","HAvYA",-0.00322831310739946,0.985648251340316,0.998263694715803
"OSR1","Oligo","HAvYA",-0.0794636707945785,0.618867452485962,0.998263694715803
"OVOL1","Oligo","HAvYA",-0.0674916424664103,0.437153120275733,0.998263694715803
"OVOL2","Oligo","HAvYA",-0.0757655882440268,0.348701003151698,0.998263694715803
"PAX3(var.2)","Oligo","HAvYA",-0.0461852807438323,0.602372376106458,0.998263694715803
"PITX2","Oligo","HAvYA",-0.0239637233148308,0.85150421763355,0.998263694715803
"PLAGL2","Oligo","HAvYA",0.00490993601228262,0.98084354564111,0.998263694715803
"POU6F1(var.2)","Oligo","HAvYA",0.0656421691981581,0.78396479891579,0.998263694715803
"PPARD","Oligo","HAvYA",-0.0237109612388693,0.886432456003753,0.998263694715803
"RARB(var.3)","Oligo","HAvYA",-0.0480768118883282,0.684326308726702,0.998263694715803
"RARG(var.3)","Oligo","HAvYA",-0.0107649657128144,0.924548772036163,0.998263694715803
"RFX7","Oligo","HAvYA",-0.0377425902719338,0.839631762770627,0.998263694715803
"RXRB(var.2)","Oligo","HAvYA",-0.101591134590152,0.36595839209781,0.998263694715803
"RXRG(var.2)","Oligo","HAvYA",-0.0862986703389219,0.453664808675186,0.998263694715803
"SMAD5","Oligo","HAvYA",-0.023048717536102,0.831141368867456,0.998263694715803
"SNAI1","Oligo","HAvYA",-0.160403504542387,0.410993292004906,0.998263694715803
"SNAI3","Oligo","HAvYA",-0.148616190170084,0.385296100259729,0.998263694715803
"SOHLH2","Oligo","HAvYA",0.0137338433363623,0.875504629006358,0.998263694715803
"SOX12","Oligo","HAvYA",-0.0568299883459683,0.473134226303319,0.998263694715803
"SOX14","Oligo","HAvYA",-0.121389664690641,0.235058804227795,0.998263694715803
"SOX18","Oligo","HAvYA",-0.0919957506708906,0.309444725682916,0.998263694715803
"SP9","Oligo","HAvYA",-0.0491949282331783,0.823890750333007,0.998263694715803
"TBX18","Oligo","HAvYA",-0.118372697193125,0.594746591478589,0.998263694715803
"TBX3","Oligo","HAvYA",-0.0660688626603751,0.682682733304222,0.998263694715803
"TBX6","Oligo","HAvYA",-0.0930133912356737,0.503101155606748,0.998263694715803
"TCF21(var.2)","Oligo","HAvYA",-0.0302608452099687,0.807636385866449,0.998263694715803
"TFAP2E","Oligo","HAvYA",0.00854364650086636,0.970789348483146,0.998263694715803
"TFAP4(var.2)","Oligo","HAvYA",0.0085781231480519,0.944413453396771,0.998263694715803
"TGIF2LX","Oligo","HAvYA",-0.0731558585371043,0.563993599325295,0.998263694715803
"TGIF2LY","Oligo","HAvYA",-0.048038292350612,0.727403442222145,0.998263694715803
"THAP11","Oligo","HAvYA",-0.113467024193902,0.484702190064212,0.998263694715803
"THRB","Oligo","HAvYA",-0.0621411656897636,0.721935029521082,0.998263694715803
"THRB(var.2)","Oligo","HAvYA",-0.0254628240203522,0.876028379560799,0.998263694715803
"THRB(var.3)","Oligo","HAvYA",-0.0755450823505013,0.619609238187539,0.998263694715803
"TLX2","Oligo","HAvYA",0.0988055483681994,0.613462551886482,0.998263694715803
"VEZF1","Oligo","HAvYA",0.0474067727372354,0.758618119733067,0.998263694715803
"ZBTB26","Oligo","HAvYA",0.0402629913227986,0.871115176119894,0.998263694715803
"ZBTB32","Oligo","HAvYA",-0.130806695054867,0.306006137993444,0.998263694715803
"ZBTB6","Oligo","HAvYA",-0.0448548164145779,0.832935552129517,0.998263694715803
"ZFP57","Oligo","HAvYA",-0.0210366911315115,0.884047530786267,0.998263694715803
"ZIC5","Oligo","HAvYA",-0.0517946508525153,0.809361838193843,0.998263694715803
"ZKSCAN1","Oligo","HAvYA",-0.0573116831971418,0.682486684542644,0.998263694715803
"ZNF135","Oligo","HAvYA",-0.158275400592794,0.199039461993638,0.998263694715803
"ZNF136","Oligo","HAvYA",0.0802716331153159,0.689140769668979,0.998263694715803
"ZNF140","Oligo","HAvYA",-0.0531867556147731,0.783878128849941,0.998263694715803
"ZNF274","Oligo","HAvYA",0.039742368959624,0.844763873597269,0.998263694715803
"ZNF317","Oligo","HAvYA",0.0124408704998242,0.95742352987919,0.998263694715803
"ZNF382","Oligo","HAvYA",-0.0733297323571565,0.652456430160844,0.998263694715803
"ZNF460","Oligo","HAvYA",-0.0421792450764911,0.79992041402681,0.998263694715803
"ZNF528","Oligo","HAvYA",0.0562203489554435,0.820969715425275,0.998263694715803
"ZNF682","Oligo","HAvYA",-0.0465022088967901,0.831018509683922,0.998263694715803
"ZNF684","Oligo","HAvYA",0.0240070607094734,0.913033528836589,0.998263694715803
"ZNF75D","Oligo","HAvYA",-0.0636292142798789,0.808104610045292,0.998263694715803
"ZSCAN29","Oligo","HAvYA",-0.0643930776619007,0.654214860870011,0.998263694715803
"ASCL1","Oligo","HAvYA",-0.0413798269280206,0.828964998583997,0.998263694715803
"ATF3","Oligo","HAvYA",-0.0496506387640542,0.672741966388689,0.998263694715803
"BARHL1","Oligo","HAvYA",-0.0185119093904511,0.815131341923273,0.998263694715803
"BATF::JUN","Oligo","HAvYA",0.157953373440711,0.571577310994159,0.998263694715803
"BCL6","Oligo","HAvYA",0.0292608896903324,0.878098166805092,0.998263694715803
"CDX1","Oligo","HAvYA",0.0470525578712558,0.813559645387429,0.998263694715803
"E2F2","Oligo","HAvYA",-0.0740940294717913,0.123157311357202,0.998263694715803
"E2F3","Oligo","HAvYA",0.0499947635428316,0.358398218039288,0.998263694715803
"E2F4","Oligo","HAvYA",0.00793542214522097,0.909459551397017,0.998263694715803
"EMX1","Oligo","HAvYA",0.0860449608264297,0.632261860561624,0.998263694715803
"FOXD2","Oligo","HAvYA",0.101396176266328,0.630974182874492,0.998263694715803
"GATA5","Oligo","HAvYA",-0.0450517345511493,0.721313299290191,0.998263694715803
"GFI1","Oligo","HAvYA",-0.0320543837737941,0.861252278968992,0.998263694715803
"GLI2","Oligo","HAvYA",-0.102894603263422,0.607848244372753,0.998263694715803
"GSX2","Oligo","HAvYA",0.0860449608264297,0.632261860561624,0.998263694715803
"HES1","Oligo","HAvYA",0.0525221762608009,0.730468608558243,0.998263694715803
"HES2","Oligo","HAvYA",0.0472268078132511,0.644559004281966,0.998263694715803
"HOXA13","Oligo","HAvYA",0.016256835805557,0.930494838276768,0.998263694715803
"HOXA2","Oligo","HAvYA",0.0584006399928959,0.759468125914536,0.998263694715803
"HOXA5","Oligo","HAvYA",0.033258709175314,0.839905042653093,0.998263694715803
"HOXA9","Oligo","HAvYA",0.0222551307320354,0.740421815465178,0.998263694715803
"HOXB2","Oligo","HAvYA",0.0860449608264297,0.632261860561624,0.998263694715803
"HOXB5","Oligo","HAvYA",0.033258709175314,0.839905042653093,0.998263694715803
"HOXC9","Oligo","HAvYA",-0.00716533506275763,0.959129486328704,0.998263694715803
"HOXD13","Oligo","HAvYA",-0.00660810539508733,0.965621832462781,0.998263694715803
"HOXD3","Oligo","HAvYA",0.0860449608264297,0.632261860561624,0.998263694715803
"HOXD8","Oligo","HAvYA",0.0143665266485026,0.904166295873229,0.998263694715803
"HOXD9","Oligo","HAvYA",0.0510200634555414,0.82786695544605,0.998263694715803
"JUNB(var.2)","Oligo","HAvYA",-0.0528781484513204,0.590676784892952,0.998263694715803
"LHX9","Oligo","HAvYA",0.0988055483681994,0.613462551886482,0.998263694715803
"LMX1A","Oligo","HAvYA",0.0980760226143791,0.617298259919479,0.998263694715803
"LMX1B","Oligo","HAvYA",0.12094887160812,0.629081017494593,0.998263694715803
"NEUROG1","Oligo","HAvYA",-0.0327432987230387,0.826384364437705,0.998263694715803
"NRL","Oligo","HAvYA",-3.17814880996248e-05,0.99986708493189,0.99986708493189
"PITX1","Oligo","HAvYA",0.019564935571006,0.893563203465087,0.998263694715803
"PRRX2","Oligo","HAvYA",0.0988055483681994,0.613462551886482,0.998263694715803
"SOX4","Oligo","HAvYA",-0.079616223540835,0.47513196263585,0.998263694715803
"SOX8","Oligo","HAvYA",-0.117255557780542,0.403565742269665,0.998263694715803
"SP1","Oligo","HAvYA",-0.142319025166375,0.473531798895052,0.998263694715803
"SP2","Oligo","HAvYA",-0.0546820880642576,0.8152003485557,0.998263694715803
"SP3","Oligo","HAvYA",-0.0779268592187258,0.718088191491551,0.998263694715803
"TCFL5","Oligo","HAvYA",0.0737554148964811,0.689602489917141,0.998263694715803
"TFEC","Oligo","HAvYA",0.165627276041004,0.166827362846675,0.998263694715803
"ZNF740","Oligo","HAvYA",0.0461001972914685,0.819656744651577,0.998263694715803
"ASCL1(var.2)","Oligo","HAvYA",-0.0942774009705244,0.671764114281326,0.998263694715803
"ATF2","Oligo","HAvYA",-0.0377973846972918,0.698511660664329,0.998263694715803
"BACH1","Oligo","HAvYA",0.065591150013003,0.792221914503816,0.998263694715803
"BATF","Oligo","HAvYA",0.163130319510118,0.568265048600251,0.998263694715803
"BHLHE22(var.2)","Oligo","HAvYA",-0.0830626794572424,0.5782276180933,0.998263694715803
"CEBPG(var.2)","Oligo","HAvYA",0.0413918105892955,0.820740605300537,0.998263694715803
"EBF3","Oligo","HAvYA",-0.01623232776423,0.946417357385521,0.998263694715803
"HAND2","Oligo","HAvYA",-0.164071843108613,0.335845879548683,0.998263694715803
"MEIS1(var.2)","Oligo","HAvYA",0.0327020689284245,0.875692642059241,0.998263694715803
"MEIS2(var.2)","Oligo","HAvYA",0.0708607605293344,0.771209650742922,0.998263694715803
"MYF5","Oligo","HAvYA",-0.163492308399254,0.254870859749033,0.998263694715803
"NEUROG2(var.2)","Oligo","HAvYA",-0.164904675661006,0.439791381736058,0.998263694715803
"NFIB","Oligo","HAvYA",0.0753132145444194,0.749511825768959,0.998263694715803
"NFYC","Oligo","HAvYA",-0.0521751993646723,0.668267129463338,0.998263694715803
"NKX2-2","Oligo","HAvYA",-0.0149276540450129,0.942788872381471,0.998263694715803
"OSR2","Oligo","HAvYA",0.0138542726984724,0.95859782438771,0.998263694715803
"PRDM4","Oligo","HAvYA",0.0580446042142285,0.843222560506831,0.998263694715803
"TCF12(var.2)","Oligo","HAvYA",-0.118838592508311,0.594895676125837,0.998263694715803
"ZBTB12","Oligo","HAvYA",-0.0133710767187952,0.941763001931547,0.998263694715803
"ZBTB14","Oligo","HAvYA",-0.0376681828468237,0.872560623100471,0.998263694715803
"ZFP42","Oligo","HAvYA",-0.114888354361657,0.289907175350745,0.998263694715803
"ZKSCAN5","Oligo","HAvYA",0.0556401048786566,0.849794888140937,0.998263694715803
"ZNF148","Oligo","HAvYA",0.0353148426720348,0.876806842088,0.998263694715803
"ZNF16","Oligo","HAvYA",0.0139115526646133,0.952522352806113,0.998263694715803
"ZNF341","Oligo","HAvYA",-0.045119360097705,0.844465682111235,0.998263694715803
"ZNF449","Oligo","HAvYA",-0.0424091518651696,0.834524059928137,0.998263694715803
"ZNF652","Oligo","HAvYA",0.0562417012956301,0.803838998217106,0.998263694715803
"FOXA3","Oligo","HAvYA",0.0853198878810982,0.588722606859255,0.998263694715803
"ATF4","Oligo","HAvYA",0.0325194884214292,0.870928613206694,0.998263694715803
"BATF3","Oligo","HAvYA",0.150342964278175,0.603812106731135,0.998263694715803
"CDX2","Oligo","HAvYA",0.0362575024312809,0.863908855200933,0.998263694715803
"CEBPA","Oligo","HAvYA",0.150580816273522,0.548507265292981,0.998263694715803
"CEBPD","Oligo","HAvYA",0.169458725665952,0.497267083869417,0.998263694715803
"CREB1","Oligo","HAvYA",-0.0728859137039222,0.563786222347665,0.998263694715803
"CTCFL","Oligo","HAvYA",-0.0739346666530808,0.704549906395256,0.998263694715803
"E2F6","Oligo","HAvYA",0.00951941742436024,0.970729072427238,0.998263694715803
"EBF1","Oligo","HAvYA",-0.0111987790883423,0.964454687680796,0.998263694715803
"EGR1","Oligo","HAvYA",-0.0557820812380686,0.823803241876251,0.998263694715803
"EHF","Oligo","HAvYA",0.130300932417698,0.688006373236494,0.998263694715803
"ELF1","Oligo","HAvYA",0.0816601053164023,0.78350410554964,0.998263694715803
"ELF3","Oligo","HAvYA",0.122880320630954,0.697737523230774,0.998263694715803
"ESRRA","Oligo","HAvYA",-0.0312781496455296,0.868480611467006,0.998263694715803
"ETV1","Oligo","HAvYA",0.094771904452746,0.75953577707328,0.998263694715803
"ETV4","Oligo","HAvYA",0.124394852304106,0.69817144014695,0.998263694715803
"ETV5","Oligo","HAvYA",-0.126056458045022,0.320586623144369,0.998263694715803
"FOSL1","Oligo","HAvYA",0.131669642664185,0.603353458951729,0.998263694715803
"FOXA1","Oligo","HAvYA",0.040859306275765,0.829974754849074,0.998263694715803
"FOXA2","Oligo","HAvYA",0.0699314187232964,0.693745587966733,0.998263694715803
"FOXK2","Oligo","HAvYA",0.101723103105228,0.527143840832955,0.998263694715803
"FOXP1","Oligo","HAvYA",0.0811178124584398,0.638687557161542,0.998263694715803
"GABPA","Oligo","HAvYA",0.098923590914874,0.75438016528883,0.998263694715803
"GATA1","Oligo","HAvYA",0.0171427160257612,0.903279638586382,0.998263694715803
"GATA4","Oligo","HAvYA",-0.0393350587534324,0.805725118520194,0.998263694715803
"GATA6","Oligo","HAvYA",-0.00275806485604971,0.985817192141061,0.998263694715803
"GRHL2","Oligo","HAvYA",0.0816309989940065,0.734527863249732,0.998263694715803
"HLF","Oligo","HAvYA",0.0417758564537245,0.846996488722397,0.998263694715803
"HNF4A","Oligo","HAvYA",0.0781837543612575,0.705529587311118,0.998263694715803
"HNF4G","Oligo","HAvYA",0.0812892602409485,0.698382465653756,0.998263694715803
"HOXB13","Oligo","HAvYA",0.0720526375567878,0.770948596600874,0.998263694715803
"JUNB","Oligo","HAvYA",0.132177415650908,0.593611253661384,0.998263694715803
"JUND","Oligo","HAvYA",0.141288601576021,0.558828929007944,0.998263694715803
"KLF4","Oligo","HAvYA",0.0118597025896235,0.954849857117008,0.998263694715803
"KLF9","Oligo","HAvYA",-0.0537835283464673,0.819735947584602,0.998263694715803
"LHX2","Oligo","HAvYA",0.0885603908887502,0.679557172839765,0.998263694715803
"MAFF","Oligo","HAvYA",0.0409313784689237,0.873518030357727,0.998263694715803
"MAFG","Oligo","HAvYA",0.0411944498041658,0.870059794204987,0.998263694715803
"MAFK","Oligo","HAvYA",-0.0701032862230001,0.663453746657761,0.998263694715803
"MEF2A","Oligo","HAvYA",0.04370205375985,0.867298953914378,0.998263694715803
"MITF","Oligo","HAvYA",0.141712905668915,0.148099193138717,0.998263694715803
"MXI1","Oligo","HAvYA",0.0179541885254542,0.908687803264891,0.998263694715803
"MYOD1","Oligo","HAvYA",-0.16313716819895,0.378198482841506,0.998263694715803
"MYOG","Oligo","HAvYA",-0.0560434898164909,0.726158102303204,0.998263694715803
"MZF1","Oligo","HAvYA",-0.0509373171601794,0.794627356902185,0.998263694715803
"NFE2L1","Oligo","HAvYA",0.0236727231637371,0.921256001201417,0.998263694715803
"NFIL3","Oligo","HAvYA",0.0327673729664596,0.876171100874593,0.998263694715803
"NFYB","Oligo","HAvYA",0.00486848860763456,0.974238081326353,0.998263694715803
"NKX2-5","Oligo","HAvYA",0.00227167471191808,0.989863963161086,0.998263694715803
"NR4A1","Oligo","HAvYA",0.0387494112742969,0.863263123687315,0.998263694715803
"ONECUT1","Oligo","HAvYA",0.042233153242963,0.844834085765508,0.998263694715803
"OTX2","Oligo","HAvYA",0.029521617127761,0.884510041119138,0.998263694715803
"PBX2","Oligo","HAvYA",0.0717782845560629,0.772340304847508,0.998263694715803
"PHOX2B","Oligo","HAvYA",0.0890311545932893,0.75489746040562,0.998263694715803
"PKNOX1","Oligo","HAvYA",-0.0867839186245182,0.584876553758849,0.998263694715803
"POU2F3","Oligo","HAvYA",0.0618865501807467,0.802727523240339,0.998263694715803
"PRDM1","Oligo","HAvYA",0.10127147160814,0.759462564729117,0.998263694715803
"RFX1","Oligo","HAvYA",0.0519749825618936,0.859097233227553,0.998263694715803
"RFX3","Oligo","HAvYA",0.0149703819213909,0.960524236975704,0.998263694715803
"RUNX3","Oligo","HAvYA",0.0501140662510986,0.799861549551654,0.998263694715803
"SCRT1","Oligo","HAvYA",-0.00372185973273287,0.983424416245597,0.998263694715803
"SCRT2","Oligo","HAvYA",0.0258267029108663,0.889098096583258,0.998263694715803
"SNAI2","Oligo","HAvYA",-0.148367583143447,0.35829645218271,0.998263694715803
"SOX2","Oligo","HAvYA",-0.125944056676393,0.2545506669553,0.998263694715803
"SPI1","Oligo","HAvYA",0.248119720174843,0.519951210729571,0.998263694715803
"SPIB","Oligo","HAvYA",0.205650927242604,0.570242928167475,0.998263694715803
"SREBF1(var.2)","Oligo","HAvYA",-0.0469917023709297,0.543350904732227,0.998263694715803
"TCF3","Oligo","HAvYA",-0.119559388619916,0.592305003511097,0.998263694715803
"TCF4","Oligo","HAvYA",-0.13058098437708,0.568620154881145,0.998263694715803
"TCF7","Oligo","HAvYA",0.150007974195975,0.522555645199634,0.998263694715803
"TEAD1","Oligo","HAvYA",0.018937149874663,0.93221895502138,0.998263694715803
"TEAD4","Oligo","HAvYA",0.0135795708952582,0.958139367291352,0.998263694715803
"TFAP2A","Oligo","HAvYA",-0.0563883040692131,0.802469329620906,0.998263694715803
"TFAP2C(var.2)","Oligo","HAvYA",-0.0632184603682558,0.791585440451994,0.998263694715803
"TWIST1","Oligo","HAvYA",-0.136097466292277,0.345399603009338,0.998263694715803
"USF1","Oligo","HAvYA",0.153788312297797,0.212788991471788,0.998263694715803
"USF2","Oligo","HAvYA",0.181182092079446,0.146782891740414,0.998263694715803
"YY2","Oligo","HAvYA",-0.173899439583803,0.077128846715396,0.998263694715803
"ZNF263","Oligo","HAvYA",0.0469590629970658,0.854249785471096,0.998263694715803
"CREM","Oligo","HAvYA",-0.0826119237049752,0.384440810664283,0.998263694715803
"FOXF2","Oligo","ADvHA",0.348464159122756,0.000244109860281028,0.00650186695114257
"FOXD1","Oligo","ADvHA",0.240423515756375,0.000152899137101068,0.00650186695114257
"IRF2","Oligo","ADvHA",0.546767579631218,0.00372812461216468,0.0104420481393816
"MZF1(var.2)","Oligo","ADvHA",0.407838150706337,0.00502787127620768,0.0121120222905583
"MAX::MYC","Oligo","ADvHA",0.173134082030499,0.0328921705142572,0.0452624868163583
"PPARG","Oligo","ADvHA",0.168737663372284,0.102126755418708,0.120608649589631
"PAX6","Oligo","ADvHA",0.297840918058543,0.00256403445078885,0.0093277805020077
"PBX1","Oligo","ADvHA",0.268215035900826,0.00815153373380826,0.0151449137981883
"RORA","Oligo","ADvHA",0.309412093615961,0.0105721878967193,0.0182348635929791
"RORA(var.2)","Oligo","ADvHA",0.3509520052406,0.0119495835687499,0.0198126437337222
"RREB1","Oligo","ADvHA",0.346722586030301,0.0167441628166015,0.0261705063281698
"RXRA::VDR","Oligo","ADvHA",0.262188096455953,0.00783774068952853,0.0149887911071648
"SOX9","Oligo","ADvHA",0.0848186972240623,0.321889880072118,0.350699301352239
"SRY","Oligo","ADvHA",0.31553711545763,3.11793869076688e-05,0.00650186695114257
"TAL1::TCF3","Oligo","ADvHA",0.268487542078753,0.0175395950339807,0.0271456324120044
"REL","Oligo","ADvHA",0.395276643140265,0.00297583033447831,0.00943473852812823
"RELA","Oligo","ADvHA",0.405616981117561,0.00333498635730516,0.00963948111495055
"NR1H2::RXRA","Oligo","ADvHA",0.174822898339013,0.0490315672099806,0.0627009738260964
"NFIC::TLX1","Oligo","ADvHA",0.298144669160794,0.0420071291948206,0.0547129892599207
"ZNF354C","Oligo","ADvHA",0.425026808605682,0.0088105982213542,0.0160723592914041
"CTCF","Oligo","ADvHA",0.1494779437448,0.419425804344563,0.44999412567815
"EWSR1-FLI1","Oligo","ADvHA",0.529697840758353,0.00588370513469231,0.0125773417744566
"REST","Oligo","ADvHA",0.355246827949865,0.0100959645367175,0.0176053596466727
"NFATC2","Oligo","ADvHA",0.71972230354498,0.000892924247807842,0.00876484447260798
"INSM1","Oligo","ADvHA",0.324155281275958,0.0210510886351565,0.0316343633611278
"RARA::RXRA","Oligo","ADvHA",0.260145870941532,0.0257533006170173,0.0369705488253147
"NR4A2","Oligo","ADvHA",0.158935908469755,0.0764295785422121,0.0932175784532182
"PLAG1","Oligo","ADvHA",0.291082365244441,0.021521861125554,0.0320154283900621
"ARNT::HIF1A","Oligo","ADvHA",0.280149590533333,0.000201605121224025,0.00650186695114257
"DUX4","Oligo","ADvHA",0.461544247729436,0.00218080574746736,0.00926727826410989
"FOS","Oligo","ADvHA",0.48084120724334,0.0760544084773539,0.092939074452056
"FOSL2","Oligo","ADvHA",0.421821746594199,0.125449159509333,0.144587251946944
"FOXH1","Oligo","ADvHA",0.408322148310198,0.0017670368710843,0.00902951712415367
"JUN","Oligo","ADvHA",0.0385286433776593,0.611143844275206,0.636273114187838
"JUN(var.2)","Oligo","ADvHA",0.474065535662246,0.0660176448193037,0.0822621440366521
"JUND(var.2)","Oligo","ADvHA",0.0455623349011757,0.576256930206,0.600940093608563
"MEF2C","Oligo","ADvHA",0.4207839923994,0.0129948955304236,0.0210149644193524
"MAF::NFE2","Oligo","ADvHA",0.364112897049122,0.042545335556547,0.0553002000149779
"NR2C2","Oligo","ADvHA",0.330258032552567,0.0215459281108475,0.0320154283900621
"NRF1","Oligo","ADvHA",0.645729620398819,4.19218227415487e-05,0.00650186695114257
"POU2F2","Oligo","ADvHA",0.439909268635229,0.00300307528346482,0.00943473852812823
"SMAD2::SMAD3::SMAD4","Oligo","ADvHA",0.269881526366372,0.0409404682921652,0.0536548994388003
"STAT1::STAT2","Oligo","ADvHA",0.661372518103901,0.00347119648952864,0.00998757899032559
"TCF7L2","Oligo","ADvHA",0.4782460078782,0.00132828122210397,0.00876484447260798
"ZBTB33","Oligo","ADvHA",0.349731843419099,0.00106756025350117,0.00876484447260798
"ELK4","Oligo","ADvHA",-0.0650381600950948,0.61613755927852,0.639368975448038
"ESR2","Oligo","ADvHA",0.258354628377222,0.0354885784399951,0.0476605807833626
"IRF1","Oligo","ADvHA",0.60237620471538,0.00590394937699114,0.0125773417744566
"STAT1","Oligo","ADvHA",0.424408085862445,0.0135200823664109,0.0217766212161275
"STAT3","Oligo","ADvHA",0.470522998832993,0.0106377750358926,0.0182981293416304
"GATA1::TAL1","Oligo","ADvHA",0.296943769035857,0.0021790175403634,0.00926727826410989
"YY1","Oligo","ADvHA",-0.0976380008485459,0.27940306535762,0.308122195768943
"FOXP2","Oligo","ADvHA",0.490956128788074,0.000334034133003541,0.00721392883407918
"SREBF1","Oligo","ADvHA",0.118223849440631,0.220200056498988,0.245831809107335
"SREBF2","Oligo","ADvHA",0.160043990462039,0.11566932515681,0.134593166956362
"THAP1","Oligo","ADvHA",0.37685446864458,0.00820648567579557,0.0151449137981883
"KLF5","Oligo","ADvHA",0.361469302980333,0.00503936717782701,0.0121120222905583
"DMRT3","Oligo","ADvHA",0.317087540808252,0.000845641709445892,0.00876484447260798
"FOXG1","Oligo","ADvHA",0.240423515756375,0.000152899137101068,0.00650186695114257
"LBX1","Oligo","ADvHA",0.430703554000462,0.00109931906634095,0.00876484447260798
"NFATC3","Oligo","ADvHA",0.607717241618671,0.00137119265656056,0.00876484447260798
"POU6F1","Oligo","ADvHA",0.351107743285276,0.00229537014344271,0.00926727826410989
"SHOX","Oligo","ADvHA",0.37220814109395,0.005743740430737,0.0124943563570578
"ALX3","Oligo","ADvHA",0.436007992180364,0.00274209130524541,0.00941869345816494
"BARHL2","Oligo","ADvHA",0.270740961135907,0.000845551505669494,0.00876484447260798
"BHLHE41","Oligo","ADvHA",0.0165214037049639,0.858476771716319,0.869465274394288
"CENPB","Oligo","ADvHA",0.181916074307284,0.00271484204670985,0.00941869345816494
"CREB3","Oligo","ADvHA",0.0697971942222418,0.29681324303258,0.325056717715611
"DBP","Oligo","ADvHA",0.232448320758583,0.00806770997525662,0.0151449137981883
"ELF4","Oligo","ADvHA",-0.0527838975607763,0.665860061752988,0.688708201126865
"ELF5","Oligo","ADvHA",0.144899715871183,0.281406858778342,0.309792246272505
"EN1","Oligo","ADvHA",0.232808923006171,0.0183320741667727,0.0280973436987097
"EN2","Oligo","ADvHA",0.298048955497652,0.00646755409855646,0.0130843258356694
"ESX1","Oligo","ADvHA",0.351831809283748,0.00392818860931004,0.0107673796762085
"ETV6","Oligo","ADvHA",0.0142597433064184,0.918268028201647,0.922640733097845
"FLI1","Oligo","ADvHA",-0.197570947723269,0.100815889095681,0.119326636274304
"FOXI1","Oligo","ADvHA",0.38748946292245,0.000236373650896023,0.00650186695114257
"FOXL1","Oligo","ADvHA",0.38748946292245,0.000236373650896023,0.00650186695114257
"FOXO3","Oligo","ADvHA",0.240423515756375,0.000152899137101068,0.00650186695114257
"GCM1","Oligo","ADvHA",0.329379849381456,0.00129323682734311,0.00876484447260798
"GRHL1","Oligo","ADvHA",0.344469405897076,0.000904689890472508,0.00876484447260798
"GSC","Oligo","ADvHA",0.184326507178874,0.0360058291157631,0.0479825049058486
"HEY2","Oligo","ADvHA",0.167725986356624,0.027272222331673,0.0387939701931438
"HINFP","Oligo","ADvHA",0.543582812523977,9.69978164734842e-05,0.00650186695114257
"HNF1A","Oligo","ADvHA",0.309987324060252,0.00584123757381625,0.0125765421232166
"HNF1B","Oligo","ADvHA",0.317617421171483,0.0066308838884127,0.0132206501827134
"HOXC11","Oligo","ADvHA",0.25613771882752,0.00244925536008303,0.00926727826410989
"HSF1","Oligo","ADvHA",0.39276785912864,0.000941698698684983,0.00876484447260798
"IRF8","Oligo","ADvHA",0.475728111302551,0.00278117459982363,0.00941869345816494
"IRF9","Oligo","ADvHA",0.453375079673202,0.00405701340053111,0.0108358206014185
"ISX","Oligo","ADvHA",0.37220814109395,0.005743740430737,0.0124943563570578
"JDP2","Oligo","ADvHA",0.393930314521342,0.0674058676313119,0.0838269434393328
"JDP2(var.2)","Oligo","ADvHA",-0.0192163839486576,0.813952407506777,0.827017454176228
"KLF13","Oligo","ADvHA",0.152024022615961,0.162165202926428,0.183961601169227
"LHX6","Oligo","ADvHA",0.384993120308679,0.00172846132570668,0.00902951712415367
"MEF2B","Oligo","ADvHA",0.188587428306467,0.0567307750870621,0.0715350211755186
"MEOX1","Oligo","ADvHA",0.435550283538112,0.00252663925906507,0.00926727826410989
"MIXL1","Oligo","ADvHA",0.418118600976077,0.00234780966549435,0.00926727826410989
"MLX","Oligo","ADvHA",0.0661788806273366,0.4704792575713,0.500526672340559
"MLXIPL","Oligo","ADvHA",0.0389414993136893,0.684858465831934,0.70720295085092
"MSC","Oligo","ADvHA",0.306872495392042,0.0136770577933636,0.0219179179321498
"MSX1","Oligo","ADvHA",0.265146035075578,0.0257567330678733,0.0369705488253147
"MYF6","Oligo","ADvHA",0.329071018660031,0.00288713264145613,0.00941869345816494
"NEUROD2","Oligo","ADvHA",0.242642569069652,0.0115355070774496,0.0193686365517921
"NEUROG2","Oligo","ADvHA",0.267308843720252,0.00914472012797381,0.0164917602307904
"NFIA","Oligo","ADvHA",0.497549634907247,0.00607087376937754,0.0126409970263684
"NFIX","Oligo","ADvHA",0.441097838491026,0.00402309094779785,0.0107907481777798
"NHLH1","Oligo","ADvHA",0.350864970784722,0.0142292771951927,0.022687991094602
"NKX2-3","Oligo","ADvHA",0.40890277087179,0.00289400546611729,0.00941869345816494
"NKX2-8","Oligo","ADvHA",0.418548007191647,0.00356054746756774,0.0101523718331999
"NKX6-1","Oligo","ADvHA",0.446798382990672,0.000960483875239382,0.00876484447260798
"NKX6-2","Oligo","ADvHA",0.446798382990672,0.000960483875239382,0.00876484447260798
"OLIG2","Oligo","ADvHA",0.32670531344948,0.005051459533503,0.0121120222905583
"PAX4","Oligo","ADvHA",0.359940311879974,0.00290128472303772,0.00941869345816494
"PAX7","Oligo","ADvHA",0.206427648145403,0.00683327145764723,0.0135095663906469
"POU4F2","Oligo","ADvHA",0.480954995876652,0.00172733858560186,0.00902951712415367
"SP4","Oligo","ADvHA",0.360776498051035,0.011492714688714,0.0193481074413722
"SPDEF","Oligo","ADvHA",-0.0212171142498631,0.734125481317681,0.756842719338912
"SPIC","Oligo","ADvHA",0.437988368303618,0.0169774261885868,0.0264046947847062
"SRF","Oligo","ADvHA",0.232767042217554,0.00536219308045167,0.0122694129193849
"TBXT","Oligo","ADvHA",0.243051334755351,0.0057635893463837,0.0124943563570578
"TBX2","Oligo","ADvHA",0.369340485627954,0.00519891701683819,0.0121759132609758
"TBX20","Oligo","ADvHA",0.380165331197161,0.0027035793296975,0.00941869345816494
"TBX21","Oligo","ADvHA",0.349078391957114,0.00509964847502622,0.0121356296416977
"TFAP4","Oligo","ADvHA",0.204917049758394,0.0417946183169531,0.0545484399889305
"TFCP2","Oligo","ADvHA",0.22317280418634,0.00424610333963736,0.0111417951397016
"TFEB","Oligo","ADvHA",0.0725717523546923,0.519949395253016,0.549462382629648
"ZBTB7B","Oligo","ADvHA",0.352102037587508,0.00434758830885669,0.0111417951397016
"ZBTB7C","Oligo","ADvHA",0.335594703850721,0.00484481922683464,0.0120265512572013
"ZIC1","Oligo","ADvHA",0.411125964570291,0.000747637458474971,0.00876484447260798
"ZIC3","Oligo","ADvHA",0.406634062853358,0.00128890495284708,0.00876484447260798
"ZBTB18","Oligo","ADvHA",0.213512815351576,0.0356349429679464,0.0476890462974843
"LBX2","Oligo","ADvHA",0.320069485130293,0.0201339841052147,0.0304899807143562
"MEOX2","Oligo","ADvHA",0.511152315826809,0.000790831410147139,0.00876484447260798
"MNX1","Oligo","ADvHA",0.521860082611693,0.00171624530822421,0.00902951712415367
"MSX2","Oligo","ADvHA",0.265146035075578,0.0257567330678733,0.0369705488253147
"NOTO","Oligo","ADvHA",0.385926972671065,0.00206251660570343,0.00926727826410989
"OTX1","Oligo","ADvHA",0.222946269089984,0.00808583459522568,0.0151449137981883
"PDX1","Oligo","ADvHA",0.339907595043982,0.003204107288647,0.00947756969025025
"PHOX2A","Oligo","ADvHA",0.543010371582488,0.00133610099809062,0.00876484447260798
"PITX3","Oligo","ADvHA",0.238612783260884,0.0177227472740681,0.0273621927426467
"PROP1","Oligo","ADvHA",0.543352664076934,0.00160490098502562,0.00902951712415367
"PRRX1","Oligo","ADvHA",0.37220814109395,0.005743740430737,0.0124943563570578
"RAX2","Oligo","ADvHA",0.37220814109395,0.005743740430737,0.0124943563570578
"RAX","Oligo","ADvHA",0.317197862553281,0.00927521536708585,0.0166323267064174
"RHOXF1","Oligo","ADvHA",0.13446577690171,0.0334378197117027,0.0458535444710474
"UNCX","Oligo","ADvHA",0.467359123050405,0.00191345099894188,0.00924591207885658
"VAX1","Oligo","ADvHA",0.446193968373573,0.000710496678737142,0.00876484447260798
"VAX2","Oligo","ADvHA",0.446193968373573,0.000710496678737142,0.00876484447260798
"VENTX","Oligo","ADvHA",0.159552054113594,0.0097959927440315,0.0172640874725192
"VSX1","Oligo","ADvHA",0.343581946250574,0.00213874773709323,0.00926727826410989
"VSX2","Oligo","ADvHA",0.343581946250574,0.00213874773709323,0.00926727826410989
"ESR1","Oligo","ADvHA",0.0453347391304752,0.574934323142901,0.600550208827486
"ESRRB","Oligo","ADvHA",0.271290194240014,0.0231382511825047,0.0338860042001548
"NR2F1","Oligo","ADvHA",-0.0149040920874618,0.872109410928123,0.880454955530306
"NR3C1","Oligo","ADvHA",0.393350916560912,0.00765336195484935,0.0146805397497565
"NR3C2","Oligo","ADvHA",0.408054780235411,0.00897082454283958,0.0162708651450357
"RARA","Oligo","ADvHA",0.0982013276831892,0.225008529712722,0.250757745260833
"RARA(var.2)","Oligo","ADvHA",0.136924112533307,0.187246892226806,0.210528033356249
"BCL6B","Oligo","ADvHA",0.378515914806011,0.00647012560439217,0.0130843258356694
"EGR2","Oligo","ADvHA",0.599792112948317,0.000125091541283653,0.00650186695114257
"EGR3","Oligo","ADvHA",0.55363544701361,0.000341892361804701,0.00721392883407918
"EGR4","Oligo","ADvHA",0.482798570188246,0.000869242249399825,0.00876484447260798
"GLIS1","Oligo","ADvHA",0.279325633759962,0.00372664132581891,0.0104420481393816
"GLIS2","Oligo","ADvHA",0.273901071394491,0.00719065070739977,0.0140051750701048
"GLIS3","Oligo","ADvHA",0.184261977383767,0.0727841275997517,0.0893261568674601
"HIC2","Oligo","ADvHA",0.222402346755188,0.0344571063098531,0.0466054450729423
"KLF14","Oligo","ADvHA",0.34662729900051,0.0151062315110108,0.0240084814058347
"KLF16","Oligo","ADvHA",0.393824391016041,0.00580941175502735,0.0125507086721239
"SP8","Oligo","ADvHA",0.361775959978986,0.0098457118129217,0.0172640874725192
"ZBED1","Oligo","ADvHA",0.0543129198189626,0.178232769464233,0.201107563406167
"ZIC4","Oligo","ADvHA",0.40754069079208,0.000979913572769863,0.00876484447260798
"ZNF143","Oligo","ADvHA",0.0866775700177754,0.397902492204032,0.427626956816897
"ZNF410","Oligo","ADvHA",0.231271685576175,0.0396100485047609,0.0521271532297581
"CUX1","Oligo","ADvHA",0.207762919778114,0.0028207875202454,0.00941869345816494
"CUX2","Oligo","ADvHA",0.172915322356794,0.00527045850475098,0.0121759132609758
"ONECUT2","Oligo","ADvHA",0.324083610480997,0.00274328346570433,0.00941869345816494
"ONECUT3","Oligo","ADvHA",0.3092884482389,0.00742682526193311,0.0143328670451331
"E2F7","Oligo","ADvHA",0.270743602109768,0.0101540076741852,0.01765793092791
"ELK3","Oligo","ADvHA",-0.286405895797532,0.0365529541957301,0.0485073794672897
"ERF","Oligo","ADvHA",-0.175200535422837,0.125628733919145,0.144587251946944
"ERG","Oligo","ADvHA",-0.182904385088516,0.133299576268833,0.153137262755302
"ETS1","Oligo","ADvHA",-0.213930316092878,0.0858289787315334,0.102508950069926
"ETV2","Oligo","ADvHA",-0.00342825292115911,0.974822225536226,0.974822225536226
"ETV3","Oligo","ADvHA",-0.266362808724687,0.0371215520671488,0.0491588754362034
"FEV","Oligo","ADvHA",-0.271254901551208,0.0382741500973632,0.0504740354408977
"GCM2","Oligo","ADvHA",0.311312790895137,0.000321738534924257,0.00721392883407918
"LEF1","Oligo","ADvHA",0.438257587964937,0.00242767327088422,0.00926727826410989
"HSF2","Oligo","ADvHA",0.399471537944775,0.00143872011632608,0.00901692904588522
"HSF4","Oligo","ADvHA",0.403393588653366,0.00189858870243666,0.00924591207885658
"IRF7","Oligo","ADvHA",0.574526118891311,0.0024073544360489,0.00926727826410989
"MEF2D","Oligo","ADvHA",0.25029377052272,0.0279664949926652,0.039515159219547
"MEIS1","Oligo","ADvHA",0.343897936318155,0.00327490565707352,0.00963948111495055
"MEIS2","Oligo","ADvHA",0.31553215966359,0.00350162700800992,0.010029547041042
"MEIS3","Oligo","ADvHA",0.320016308031813,0.0087805193038262,0.0160637824257861
"MYBL1","Oligo","ADvHA",0.165061947791277,0.0161955859531682,0.0254387243383511
"MYBL2","Oligo","ADvHA",0.210427827413324,0.00123594518996691,0.00876484447260798
"NFKB1","Oligo","ADvHA",0.0983585734465452,0.229415885541315,0.255220132772676
"NFKB2","Oligo","ADvHA",0.158624369399149,0.0782247005095337,0.0946773143834318
"PAX1","Oligo","ADvHA",0.273763942594327,0.00132132747419665,0.00876484447260798
"PAX3","Oligo","ADvHA",0.22334860912801,0.00816467668517492,0.0151449137981883
"PAX9","Oligo","ADvHA",0.226642730068742,0.00233368775525117,0.00926727826410989
"PKNOX2","Oligo","ADvHA",0.250320778336855,0.0229959333993585,0.033852153120451
"POU1F1","Oligo","ADvHA",0.471795490600916,0.00427113630630872,0.0111417951397016
"POU2F1","Oligo","ADvHA",0.430071931963108,0.00374667663040071,0.0104451501947436
"POU3F1","Oligo","ADvHA",0.464924905756907,0.00251892132871001,0.00926727826410989
"POU3F2","Oligo","ADvHA",0.508819414188318,0.00154470666215741,0.00902951712415367
"POU3F3","Oligo","ADvHA",0.46822324448295,0.00311289349108995,0.00943473852812823
"POU3F4","Oligo","ADvHA",0.410892820914054,0.00197399865979171,0.00926727826410989
"POU4F1","Oligo","ADvHA",0.401309025711458,0.00359820770079664,0.0102137465228891
"POU4F3","Oligo","ADvHA",0.410061479768749,0.0022942178007639,0.00926727826410989
"POU5F1B","Oligo","ADvHA",0.408466385148106,0.00186230658608652,0.00920968803900598
"POU6F2","Oligo","ADvHA",0.467342381549177,0.00211982130288812,0.00926727826410989
"PROX1","Oligo","ADvHA",0.223181651494636,0.0111984637034655,0.0190043633359079
"RFX2","Oligo","ADvHA",0.250995174065984,0.153624812276055,0.174900190954574
"SMAD3","Oligo","ADvHA",0.209382320181826,0.0105696712283271,0.0182348635929791
"TGIF1","Oligo","ADvHA",0.279256840980759,0.0120291525691983,0.019881079833688
"TGIF2","Oligo","ADvHA",0.280053987027569,0.0113823313645261,0.0192647480046658
"RFX4","Oligo","ADvHA",0.265463268676769,0.146378780388983,0.167554734152308
"RFX5","Oligo","ADvHA",0.275986031248045,0.135845599238479,0.155779464344125
"RUNX2","Oligo","ADvHA",0.279115053028387,0.00229068761691055,0.00926727826410989
"EOMES","Oligo","ADvHA",0.405995099382945,0.00400299947782385,0.0107907481777798
"MGA","Oligo","ADvHA",0.299968643707532,0.0081254879925108,0.0151449137981883
"TBR1","Oligo","ADvHA",0.377168039401042,0.00236115970923185,0.00926727826410989
"TBX15","Oligo","ADvHA",0.299968643707532,0.0081254879925108,0.0151449137981883
"TBX19","Oligo","ADvHA",0.28878128326966,0.00217704708646563,0.00926727826410989
"TBX1","Oligo","ADvHA",0.292430873512225,0.00699795606407334,0.0137142606456917
"TBX4","Oligo","ADvHA",0.260294263823632,0.0119564453495764,0.0198126437337222
"TBX5","Oligo","ADvHA",0.260294263823632,0.0119564453495764,0.0198126437337222
"TEAD3","Oligo","ADvHA",0.466713977573783,0.0030767544969771,0.00943473852812823
"TFAP2A(var.2)","Oligo","ADvHA",0.475360711864094,0.000994658016357899,0.00876484447260798
"TFAP2B","Oligo","ADvHA",0.460439366878764,0.0012951227536272,0.00876484447260798
"TFAP2B(var.2)","Oligo","ADvHA",0.458146354012676,0.00109259053214018,0.00876484447260798
"TFAP2B(var.3)","Oligo","ADvHA",0.420208191024571,0.00236877657253418,0.00926727826410989
"TFAP2C","Oligo","ADvHA",0.44047596305802,0.00158785525821336,0.00902951712415367
"TFAP2C(var.3)","Oligo","ADvHA",0.475978655928976,0.000678945952473514,0.00876484447260798
"BHLHE40","Oligo","ADvHA",0.0199558939783674,0.810817907528535,0.825282602552945
"BHLHE23","Oligo","ADvHA",0.319321488665989,0.00576266896207166,0.0124943563570578
"BHLHE22","Oligo","ADvHA",0.299917344089523,0.00598069490380952,0.0125773417744566
"CLOCK","Oligo","ADvHA",0.190525171862376,0.00620966851398341,0.0128036487601026
"FIGLA","Oligo","ADvHA",0.245591903152901,0.0358584151729529,0.0478868708955258
"HES5","Oligo","ADvHA",0.142616207058593,0.0282212805388666,0.0397863487329678
"HES7","Oligo","ADvHA",0.198373022962757,0.00462741814356924,0.0115776904540685
"HEY1","Oligo","ADvHA",0.200372123535665,0.0223990519007124,0.0330950120210487
"MAX","Oligo","ADvHA",0.183529924006969,0.0605134035711453,0.0760019532947123
"MNT","Oligo","ADvHA",0.18780799852151,0.0342902790267441,0.0465788554161567
"OLIG1","Oligo","ADvHA",0.299373915021647,0.00594999970616155,0.0125773417744566
"OLIG3","Oligo","ADvHA",0.351857182951895,0.00429970063103595,0.0111417951397016
"SREBF2(var.2)","Oligo","ADvHA",0.0922544925465108,0.293320569456488,0.321788423684501
"ATF7","Oligo","ADvHA",-0.0366023392893266,0.612264821808896,0.636393484737325
"CEBPB","Oligo","ADvHA",0.292842270042115,0.00113397410340307,0.00876484447260798
"CEBPE","Oligo","ADvHA",0.298659362049316,0.00103314644360681,0.00876484447260798
"CEBPG","Oligo","ADvHA",0.148996965499028,0.02882901291348,0.0404628939561703
"CREB3L1","Oligo","ADvHA",0.226769833124659,0.00491677118988679,0.0121101796233398
"NFE2","Oligo","ADvHA",0.355194119809702,0.100852686266592,0.119326636274304
"TEF","Oligo","ADvHA",0.280438404751835,0.00428759362351133,0.0111417951397016
"XBP1","Oligo","ADvHA",0.165347669943076,0.0336081360238725,0.0459480563782101
"FOXB1","Oligo","ADvHA",0.393932238849142,0.00232104584905611,0.00926727826410989
"FOXC1","Oligo","ADvHA",0.404534640712241,0.00247371168365075,0.00926727826410989
"FOXC2","Oligo","ADvHA",0.449340451915612,0.00086444300103189,0.00876484447260798
"FOXO4","Oligo","ADvHA",0.38748946292245,0.000236373650896023,0.00650186695114257
"FOXO6","Oligo","ADvHA",0.38748946292245,0.000236373650896023,0.00650186695114257
"FOXP3","Oligo","ADvHA",0.38748946292245,0.000236373650896023,0.00650186695114257
"RXRB","Oligo","ADvHA",0.193690412060277,0.0445571435919764,0.0576782656313315
"RXRG","Oligo","ADvHA",0.164872829323511,0.0728156349820054,0.0893261568674601
"TP63","Oligo","ADvHA",0.237341328603932,0.00630877674532603,0.0129240725610202
"TP53","Oligo","ADvHA",0.268309689532222,0.00151833304038527,0.00902951712415367
"TP73","Oligo","ADvHA",0.17942875983701,0.0084120729896148,0.0154343252244237
"GMEB2","Oligo","ADvHA",0.0640929181280429,0.150442817418599,0.171586132299051
"MTF1","Oligo","ADvHA",0.360514952879036,0.00115243747522074,0.00876484447260798
"E2F1","Oligo","ADvHA",0.156266306726368,0.00429591262965465,0.0111417951397016
"E2F8","Oligo","ADvHA",0.378735800768969,0.00400839807702611,0.0107907481777798
"SOX21","Oligo","ADvHA",0.368527305913236,0.000339631794763275,0.00721392883407918
"TFAP2A(var.3)","Oligo","ADvHA",0.472731824118327,0.000794215773160867,0.00876484447260798
"ELK1","Oligo","ADvHA",-0.287220233671244,0.0334665680025654,0.0458535444710474
"HOXD12","Oligo","ADvHA",0.28288864595834,0.000830211761880867,0.00876484447260798
"BARX1","Oligo","ADvHA",0.275497190363345,0.00231595917740436,0.00926727826410989
"BSX","Oligo","ADvHA",0.284674580862913,0.0241249255213104,0.0351868153340771
"DLX6","Oligo","ADvHA",0.309051748882656,0.00290858658484574,0.00941869345816494
"DUXA","Oligo","ADvHA",0.443238723487597,0.00365672654837292,0.0103335174335717
"EMX2","Oligo","ADvHA",0.389663142113886,0.00172908133051151,0.00902951712415367
"EVX1","Oligo","ADvHA",0.332310519590421,0.00221057839484903,0.00926727826410989
"EVX2","Oligo","ADvHA",0.34320888673073,0.00198367074069919,0.00926727826410989
"GBX1","Oligo","ADvHA",0.311013811766366,0.00643027601099604,0.0130843258356694
"GBX2","Oligo","ADvHA",0.33687663832655,0.0125734307285332,0.0205128393071174
"GSC2","Oligo","ADvHA",0.264331869590112,0.0127935051705708,0.0207648430076188
"GSX1","Oligo","ADvHA",0.4396762970678,0.00288117363899017,0.00941869345816494
"HESX1","Oligo","ADvHA",0.308800890432901,0.00746043995828674,0.0143539771841809
"HMBOX1","Oligo","ADvHA",0.25831521648523,0.00669759779577572,0.0132902175696741
"HOXA10","Oligo","ADvHA",0.483607089752188,0.0016634425432794,0.00902951712415367
"HOXB3","Oligo","ADvHA",0.455902435226954,0.00238777522307837,0.00926727826410989
"HOXC10","Oligo","ADvHA",0.332036366400514,0.00228348435436366,0.00926727826410989
"HOXC12","Oligo","ADvHA",0.300871367899304,0.000805556927451799,0.00876484447260798
"HOXC13","Oligo","ADvHA",0.334689292964499,0.0013846515754515,0.00876484447260798
"HOXD11","Oligo","ADvHA",0.332077268235645,0.00137024382536648,0.00876484447260798
"ISL2","Oligo","ADvHA",0.425624704472398,0.00233030404552837,0.00926727826410989
"FOXK1","Oligo","ADvHA",0.387046121115617,0.000138948991584034,0.00650186695114257
"GATA2","Oligo","ADvHA",0.344843613008004,0.0012510353758901,0.00876484447260798
"HIF1A","Oligo","ADvHA",0.288654012415213,0.000563424403257877,0.00876484447260798
"MYC","Oligo","ADvHA",0.22519666043833,0.0431434564970865,0.0559627212349503
"MYB","Oligo","ADvHA",0.254826843584649,0.00888576988260313,0.0161629090105971
"MYCN","Oligo","ADvHA",0.164811097596,0.0846959444634945,0.10134694299696
"NEUROD1","Oligo","ADvHA",0.286094796036167,0.060852857062544,0.0762769475655255
"NFIC","Oligo","ADvHA",0.490342057967987,0.00945727115075592,0.0168158781978329
"NFYA","Oligo","ADvHA",0.0761409474197486,0.533625098337398,0.561104131640486
"NR1H4","Oligo","ADvHA",0.230121116849528,0.0037736566819817,0.0104451501947436
"NR2F2","Oligo","ADvHA",0.259071427045382,0.0303773307861589,0.0422612096431617
"PAX5","Oligo","ADvHA",0.171544490714072,0.0110496612148316,0.0188022460994311
"PBX3","Oligo","ADvHA",0.197678421338132,0.109124238308565,0.127917857128373
"POU5F1","Oligo","ADvHA",0.455882502945296,0.00274312989634032,0.00941869345816494
"RBPJ","Oligo","ADvHA",0.438320217760953,0.0151333081847205,0.0240084814058347
"RELB","Oligo","ADvHA",0.357460493905115,0.00612924533577346,0.0127206960575233
"SIX1","Oligo","ADvHA",0.431398327465815,0.00176923121373698,0.00902951712415367
"SIX2","Oligo","ADvHA",0.447540160751043,0.0023866466651662,0.00926727826410989
"SOX10","Oligo","ADvHA",0.28185473349258,9.5875411354019e-05,0.00650186695114257
"SOX13","Oligo","ADvHA",-0.0216203673409403,0.810941198717112,0.825282602552945
"TEAD2","Oligo","ADvHA",0.466754780006723,0.00309505405220559,0.00943473852812823
"TFDP1","Oligo","ADvHA",0.550539622433896,0.000405744414921453,0.00802613170766499
"ZBTB7A","Oligo","ADvHA",0.11435662324528,0.428437121528795,0.45810928704008
"ZEB1","Oligo","ADvHA",0.357290075939377,0.0163271273688091,0.0255818604565746
"ZNF24","Oligo","ADvHA",0.452674791514076,0.00248296361188607,0.00926727826410989
"ZNF384","Oligo","ADvHA",0.342569409585564,0.0365332509289383,0.0485073794672897
"ZNF282","Oligo","ADvHA",0.381573364284215,0.00959874790348454,0.0169720877734796
"ZSCAN4","Oligo","ADvHA",0.511797808103788,0.000842045944013493,0.00876484447260798
"GATA3","Oligo","ADvHA",0.238738990684793,0.00377873522053126,0.0104451501947436
"FOS::JUN","Oligo","ADvHA",0.39433914209948,0.121855349874758,0.140756270931974
"FOS::JUN(var.2)","Oligo","ADvHA",0.0229528679335812,0.768629275977781,0.789607053870722
"FOSB::JUN","Oligo","ADvHA",-0.0450541178317068,0.554069462093671,0.579712346289741
"FOSL1::JUN","Oligo","ADvHA",0.427335115710578,0.113170471301541,0.132171417590177
"FOSL1::JUN(var.2)","Oligo","ADvHA",-0.0536054098877626,0.47502779410018,0.5045177746064
"FOSL2::JUN","Oligo","ADvHA",0.411108942538586,0.121318797967794,0.14039268576529
"FOSL2::JUN(var.2)","Oligo","ADvHA",-0.0116220277420377,0.877692139620955,0.884680134363161
"JUN::JUNB","Oligo","ADvHA",0.351279557767465,0.108794139962874,0.127767515021334
"JUN::JUNB(var.2)","Oligo","ADvHA",0.00685197759900885,0.927707153718889,0.930647588437491
"FOS::JUNB","Oligo","ADvHA",0.369071401632965,0.154082334555352,0.175106136038668
"FOSB::JUNB","Oligo","ADvHA",0.403295112443136,0.113152738448474,0.132171417590177
"FOSB::JUNB(var.2)","Oligo","ADvHA",-0.0372917654659342,0.622264237771589,0.64466982407433
"FOSL1::JUNB","Oligo","ADvHA",0.415750210243107,0.102657098278955,0.121009205233851
"FOSL2::JUNB","Oligo","ADvHA",0.402811950360274,0.113481903510579,0.132291058788575
"FOSL2::JUNB(var.2)","Oligo","ADvHA",-0.0216839263164566,0.773877122519243,0.792660547823108
"FOS::JUND","Oligo","ADvHA",0.425632819454546,0.119766521141565,0.138850197587198
"FOSL1::JUND","Oligo","ADvHA",0.43558218890027,0.0775075299270794,0.0941694173586205
"FOSL1::JUND(var.2)","Oligo","ADvHA",0.0560909512035908,0.529135044045311,0.557308623761534
"FOSL2::JUND","Oligo","ADvHA",0.389827545976803,0.117291526563699,0.136230341862058
"FOSL2::JUND(var.2)","Oligo","ADvHA",-0.0273527786472114,0.747153386555434,0.769021290552178
"NR1H4::RXRA","Oligo","ADvHA",0.197590679721385,0.0340289806392495,0.0463233220314945
"NR4A2::RXRA","Oligo","ADvHA",0.142388558990706,0.0781076437345179,0.0946773143834318
"PPARA::RXRA","Oligo","ADvHA",0.259137350279649,0.0347915146144387,0.0468575079807227
"RARA::RXRG","Oligo","ADvHA",0.240283281384168,0.0500115209699056,0.0636967661447691
"RORB","Oligo","ADvHA",0.313429541023647,0.0152320893388611,0.0241047813787477
"RORC","Oligo","ADvHA",0.367538144684429,0.015330304117747,0.0241997069988376
"SOX15","Oligo","ADvHA",0.234691581546255,0.000447860201559012,0.00859077295717742
"TFE3","Oligo","ADvHA",0.0846702615418595,0.476787951389317,0.505538983633898
"VDR","Oligo","ADvHA",0.164135400545149,0.0916074912202547,0.108999138989514
"IRF3","Oligo","ADvHA",0.644382966048434,0.00253276325385626,0.00926727826410989
"IRF4","Oligo","ADvHA",0.472542505469989,0.00226758924922077,0.00926727826410989
"IRF5","Oligo","ADvHA",0.322069834433262,0.00514269164947815,0.0121759132609758
"TCF7L1","Oligo","ADvHA",0.442628403670995,0.00428148355826343,0.0111417951397016
"ARGFX","Oligo","ADvHA",0.442388911422341,0.00267161444851603,0.00941869345816494
"ARNT2","Oligo","ADvHA",0.101529710688369,0.313309329521398,0.342529888751373
"ATF6","Oligo","ADvHA",0.231738017791523,0.0050255767545552,0.0121120222905583
"ATOH1(var.2)","Oligo","ADvHA",0.311613306253243,0.0207949438846793,0.0313450641037019
"ATOH7","Oligo","ADvHA",0.314549297685211,0.00664165364629205,0.0132206501827134
"BACH2","Oligo","ADvHA",0.286411895764379,0.17101238297838,0.193305068616633
"BACH2(var.2)","Oligo","ADvHA",0.112378587747106,0.0796639959892126,0.0960752306354143
"BARX2","Oligo","ADvHA",0.455915034351437,0.00107628227048434,0.00876484447260798
"BHLHA15(var.2)","Oligo","ADvHA",0.311343096383135,0.0193319536425977,0.0294161698455873
"CDX4","Oligo","ADvHA",0.430058501397481,0.000885603681859788,0.00876484447260798
"CREB3L4","Oligo","ADvHA",0.173002936887033,0.0247591759125797,0.0360288697762367
"CREB3L4(var.2)","Oligo","ADvHA",-0.0762721159562754,0.383130878212029,0.413154763046362
"DLX5","Oligo","ADvHA",0.363692368615836,0.00415953789204704,0.0110629726288478
"DMRTA2","Oligo","ADvHA",0.356880708023281,0.00135060318169585,0.00876484447260798
"DMRTC2","Oligo","ADvHA",0.349632727661411,0.00155152289407044,0.00902951712415367
"DPRX","Oligo","ADvHA",0.28161233181453,0.00285879548279062,0.00941869345816494
"DRGX","Oligo","ADvHA",0.446193968373573,0.000710496678737142,0.00876484447260798
"ELF2","Oligo","ADvHA",-0.0840080123861736,0.446037767271908,0.475323075224104
"ETS2","Oligo","ADvHA",-0.159271949162795,0.186104389514327,0.209615798154038
"FERD3L","Oligo","ADvHA",0.320947746133995,0.00605525360914141,0.0126409970263684
"FOXE1","Oligo","ADvHA",0.465451352350933,0.000259004228703484,0.00655798707077222
"FOXN3","Oligo","ADvHA",0.287353411086092,0.000554039624654711,0.00876484447260798
"GLI3","Oligo","ADvHA",0.270808881641218,0.0398153048388916,0.0522885642386274
"HES6","Oligo","ADvHA",0.194961462903801,0.0107990864769592,0.0184751938916626
"HNF4A(var.2)","Oligo","ADvHA",0.259249972440663,0.012139949132519,0.0199413723498192
"HOXA1","Oligo","ADvHA",0.288732608098103,0.00332044317528647,0.00963948111495055
"HOXA4","Oligo","ADvHA",0.276794158141529,0.00138109690243451,0.00876484447260798
"HOXA6","Oligo","ADvHA",0.406976949119147,0.000669434469677836,0.00876484447260798
"HOXA7","Oligo","ADvHA",0.174859472897802,0.0193164297045579,0.0294161698455873
"HOXB4","Oligo","ADvHA",0.363466382114679,0.00251612185577881,0.00926727826410989
"HOXB6","Oligo","ADvHA",0.408818565610738,0.000837202267076165,0.00876484447260798
"HOXB7","Oligo","ADvHA",0.418115923639621,0.00163491321422744,0.00902951712415367
"HOXB8","Oligo","ADvHA",0.197293828122435,0.00507670035082587,0.0121266087625388
"HOXB9","Oligo","ADvHA",0.277560228849747,0.00306452143413991,0.00943473852812823
"HOXC4","Oligo","ADvHA",0.292341922942234,0.00539014865296421,0.0122732521486559
"HOXC8","Oligo","ADvHA",0.315516016349096,0.00122609948758208,0.00876484447260798
"HOXD10","Oligo","ADvHA",0.292220131074089,0.00110116166076716,0.00876484447260798
"HOXD4","Oligo","ADvHA",0.304708371593043,0.00456719621814288,0.0114723619289065
"IKZF1","Oligo","ADvHA",0.570322610144204,0.00568639861667284,0.0124943563570578
"IRF6","Oligo","ADvHA",0.22330643682485,0.00529893432232676,0.0121971833673921
"KLF10","Oligo","ADvHA",0.41101382142715,0.00520999194594289,0.0121759132609758
"KLF11","Oligo","ADvHA",0.405691135165419,0.00594978798033335,0.0125773417744566
"KLF15","Oligo","ADvHA",0.523794529660738,0.000701553466539162,0.00876484447260798
"KLF17","Oligo","ADvHA",0.452930683895403,0.00399417836329975,0.0107907481777798
"KLF2","Oligo","ADvHA",0.353872439341888,0.00467459345575548,0.0116496758169024
"KLF3","Oligo","ADvHA",0.379691938441873,0.00244734707050371,0.00926727826410989
"KLF6","Oligo","ADvHA",0.389884199558601,0.00561647900503298,0.0124943563570578
"LHX1","Oligo","ADvHA",0.288726225568439,0.00445161349699899,0.0112714853744014
"LHX5","Oligo","ADvHA",0.446798382990672,0.000960483875239382,0.00876484447260798
"MAF","Oligo","ADvHA",0.324176080997429,0.00575887115511567,0.0124943563570578
"MAFA","Oligo","ADvHA",0.305449384345648,0.00812909160662316,0.0151449137981883
"MAZ","Oligo","ADvHA",0.439234503411021,0.00301805211237057,0.00943473852812823
"MSANTD3","Oligo","ADvHA",0.391552243228406,0.00553487726607683,0.0124682466527638
"MSGN1","Oligo","ADvHA",0.264166041211574,0.0053690795871558,0.0122694129193849
"NFATC4","Oligo","ADvHA",0.565181070630828,0.00121986875225739,0.00876484447260798
"NFIC(var.2)","Oligo","ADvHA",0.374747286480401,0.0207976728650155,0.0313450641037019
"NFIX(var.2)","Oligo","ADvHA",0.377277918635007,0.0179796427117128,0.0276240627099859
"NHLH2","Oligo","ADvHA",0.252415658616033,0.021534516482859,0.0320154283900621
"NKX6-3","Oligo","ADvHA",0.349987016491424,0.00575669189688699,0.0124943563570578
"NR1D1","Oligo","ADvHA",0.0928669302067605,0.241773412825535,0.268025517195383
"NR1D2","Oligo","ADvHA",0.142824780886165,0.0828170213470766,0.09947471444535
"NR1I2","Oligo","ADvHA",0.29468691233185,0.00310794486108807,0.00943473852812823
"NR1I3","Oligo","ADvHA",0.402708965408665,0.000831499339738569,0.00876484447260798
"NR2C1","Oligo","ADvHA",0.0414700196860883,0.538958871786021,0.565772746004231
"NR2C2(var.2)","Oligo","ADvHA",0.219323241523784,0.0269350746656913,0.0385744395099153
"NR2F1(var.2)","Oligo","ADvHA",0.135181517755425,0.166135974219196,0.188128929661451
"NR2F1(var.3)","Oligo","ADvHA",0.19902574795329,0.0271322988107005,0.038691945233167
"NR2F6(var.3)","Oligo","ADvHA",0.210581872486871,0.0257151169592012,0.0369705488253147
"NR5A1","Oligo","ADvHA",0.203871307362302,0.0873313488453685,0.104106862182897
"NR6A1","Oligo","ADvHA",0.273529557323434,0.0081956023815564,0.0151449137981883
"OSR1","Oligo","ADvHA",0.342139132737901,0.000712714462312466,0.00876484447260798
"OVOL1","Oligo","ADvHA",0.199424526103451,0.00173036899280072,0.00902951712415367
"OVOL2","Oligo","ADvHA",0.195687070938406,0.00205462549928058,0.00926727826410989
"PAX3(var.2)","Oligo","ADvHA",0.154988393469734,0.00493991664538131,0.0121120222905583
"PITX2","Oligo","ADvHA",0.14693634735664,0.0702831808735144,0.0867236910193657
"PLAGL2","Oligo","ADvHA",0.222738433251769,0.045393091294765,0.0583530354383501
"POU6F1(var.2)","Oligo","ADvHA",0.428411205788284,0.0039293281282846,0.0107673796762085
"PPARD","Oligo","ADvHA",0.187439154619118,0.0546264205603502,0.0690190104085861
"RARB(var.3)","Oligo","ADvHA",0.160943448980252,0.044704386243889,0.0577507683517995
"RARG(var.3)","Oligo","ADvHA",0.140338985593493,0.0472128094274738,0.0604973853594958
"RFX7","Oligo","ADvHA",0.316717459882294,0.00309118787819156,0.00943473852812823
"RXRB(var.2)","Oligo","ADvHA",0.0795094646181754,0.272293653618197,0.301331962832725
"RXRG(var.2)","Oligo","ADvHA",0.0953542811574495,0.240739649580073,0.267347716112607
"SMAD5","Oligo","ADvHA",0.205376626046988,0.00688232737041811,0.0135295441784927
"SNAI1","Oligo","ADvHA",0.317763123969833,0.0255387766808428,0.0369705488253147
"SNAI3","Oligo","ADvHA",0.247902287222364,0.053277962309206,0.0677207834171233
"SOHLH2","Oligo","ADvHA",0.159547570437045,0.0337151769304138,0.0459950581830861
"SOX12","Oligo","ADvHA",0.163593344559221,0.00178364472887387,0.00902951712415367
"SOX14","Oligo","ADvHA",0.0877572615746351,0.287976974163037,0.316474695564587
"SOX18","Oligo","ADvHA",0.161360661983084,0.0210895755740852,0.0316343633611278
"SP9","Oligo","ADvHA",0.425732276028924,0.00311510324230458,0.00943473852812823
"TBX18","Oligo","ADvHA",0.370170981444323,0.00805710480292523,0.0151449137981883
"TBX3","Oligo","ADvHA",0.305441235973647,0.0102110666021019,0.0177085072852891
"TBX6","Oligo","ADvHA",0.29888955049964,0.009897049212489,0.0173061661643799
"TCF21(var.2)","Oligo","ADvHA",0.222295634667314,0.0306871844753618,0.0425986573967193
"TFAP2E","Oligo","ADvHA",0.477547832014697,0.00124849884634871,0.00876484447260798
"TFAP4(var.2)","Oligo","ADvHA",0.252627974051759,0.00709203120274897,0.0138557276275929
"TGIF2LX","Oligo","ADvHA",0.20788034502686,0.0220574135196928,0.0326986949835259
"TGIF2LY","Oligo","ADvHA",0.236165374199868,0.010996621878082,0.0187624303202855
"THAP11","Oligo","ADvHA",0.101437018388888,0.340534779503956,0.369107046962335
"THRB","Oligo","ADvHA",0.139956837054137,0.196874489765637,0.220960198619944
"THRB(var.2)","Oligo","ADvHA",0.238150282080494,0.0139910686989752,0.0223645113294224
"THRB(var.3)","Oligo","ADvHA",0.130559270286176,0.204528320402536,0.229144118256293
"TLX2","Oligo","ADvHA",0.359940311879974,0.00290128472303772,0.00941869345816494
"VEZF1","Oligo","ADvHA",0.183033546063403,0.032281467751346,0.0446160897087381
"ZBTB26","Oligo","ADvHA",0.45250235224047,0.0017973446408268,0.00902951712415367
"ZBTB32","Oligo","ADvHA",0.248249079985755,0.00519460027546389,0.0121759132609758
"ZBTB6","Oligo","ADvHA",0.296000288898648,0.0273898514150486,0.0388739370980398
"ZFP57","Oligo","ADvHA",0.323779816987226,0.000246516282507775,0.00650186695114257
"ZIC5","Oligo","ADvHA",0.439407382442135,0.000652420431921365,0.00876484447260798
"ZKSCAN1","Oligo","ADvHA",0.239087917988567,0.00739106421807026,0.0143074729358975
"ZNF135","Oligo","ADvHA",0.0149429932582256,0.870434133564187,0.880167422597652
"ZNF136","Oligo","ADvHA",0.32812465113162,0.00454613924218559,0.0114649647024043
"ZNF140","Oligo","ADvHA",0.334526216811337,0.0179234075923306,0.027604664248042
"ZNF274","Oligo","ADvHA",0.33826025132229,0.00797648967927149,0.0151449137981883
"ZNF317","Oligo","ADvHA",0.380584013689251,0.00732886070528322,0.0142305792222217
"ZNF382","Oligo","ADvHA",0.25199315837056,0.0094046137923344,0.0167693536071765
"ZNF460","Oligo","ADvHA",0.249001626010629,0.0197701650154222,0.0300108260306049
"ZNF528","Oligo","ADvHA",0.329325285758849,0.0271393739076243,0.038691945233167
"ZNF682","Oligo","ADvHA",0.297422306399912,0.0212289784987417,0.0317681876825142
"ZNF684","Oligo","ADvHA",0.308055362488484,0.0324012041935332,0.0446840136263759
"ZNF75D","Oligo","ADvHA",0.445601455989937,0.00984339964843606,0.0172640874725192
"ZSCAN29","Oligo","ADvHA",0.302259240025552,0.000755531669888933,0.00876484447260798
"ASCL1","Oligo","ADvHA",0.395060983691335,0.00660755571051558,0.0132206501827134
"ATF3","Oligo","ADvHA",-0.0115712961597355,0.888917037898526,0.894569928441601
"BARHL1","Oligo","ADvHA",0.191327226022547,0.00151278866596502,0.00902951712415367
"BATF::JUN","Oligo","ADvHA",0.451525715871434,0.0834665267700613,0.100064983798198
"BCL6","Oligo","ADvHA",0.366856790307298,0.00490118249271724,0.0121101796233398
"CDX1","Oligo","ADvHA",0.409450303542426,0.000808822146202377,0.00876484447260798
"E2F2","Oligo","ADvHA",-0.0241506704548823,0.521255262626077,0.549924302070511
"E2F3","Oligo","ADvHA",0.114268830575178,0.00526388426005724,0.0121759132609758
"E2F4","Oligo","ADvHA",0.0972012409217282,0.054082225447949,0.0686053080331697
"EMX1","Oligo","ADvHA",0.339907595043982,0.003204107288647,0.00947756969025025
"FOXD2","Oligo","ADvHA",0.416272942473354,0.000822825302500631,0.00876484447260798
"GATA5","Oligo","ADvHA",0.291109218757963,0.000830559536367038,0.00876484447260798
"GFI1","Oligo","ADvHA",0.343751698332596,0.00261222485672904,0.00941869345816494
"GLI2","Oligo","ADvHA",0.274601038744747,0.0345973978183798,0.0466954217889859
"GSX2","Oligo","ADvHA",0.339907595043982,0.003204107288647,0.00947756969025025
"HES1","Oligo","ADvHA",0.418837695317132,0.000103309532683621,0.00650186695114257
"HES2","Oligo","ADvHA",0.25149516789163,0.00291637269794681,0.00941869345816494
"HOXA13","Oligo","ADvHA",0.362406831534759,0.00196829172965499,0.00926727826410989
"HOXA2","Oligo","ADvHA",0.323707538534473,0.00522849735465343,0.0121759132609758
"HOXA5","Oligo","ADvHA",0.288732608098103,0.00332044317528647,0.00963948111495055
"HOXA9","Oligo","ADvHA",0.082099115800771,0.0772596655508097,0.0940487851801203
"HOXB2","Oligo","ADvHA",0.339907595043982,0.003204107288647,0.00947756969025025
"HOXB5","Oligo","ADvHA",0.288732608098103,0.00332044317528647,0.00963948111495055
"HOXC9","Oligo","ADvHA",0.266873350813019,0.00204225289915883,0.00926727826410989
"HOXD13","Oligo","ADvHA",0.325456697786085,0.00207569769240152,0.00926727826410989
"HOXD3","Oligo","ADvHA",0.339907595043982,0.003204107288647,0.00947756969025025
"HOXD8","Oligo","ADvHA",0.174859472897802,0.0193164297045579,0.0294161698455873
"HOXD9","Oligo","ADvHA",0.450019841235764,0.00153944779980631,0.00902951712415367
"JUNB(var.2)","Oligo","ADvHA",-0.0585713259007908,0.433043247029274,0.462253584097016
"LHX9","Oligo","ADvHA",0.359940311879974,0.00290128472303772,0.00941869345816494
"LMX1A","Oligo","ADvHA",0.380907913885016,0.00118022372218816,0.00876484447260798
"LMX1B","Oligo","ADvHA",0.485281330384663,0.00154320334525682,0.00902951712415367
"NEUROG1","Oligo","ADvHA",0.295779898859823,0.0060409802216814,0.0126409970263684
"NRL","Oligo","ADvHA",0.304969599084602,0.00501617447174485,0.0121120222905583
"PITX1","Oligo","ADvHA",0.212193517618446,0.0302737698349737,0.0422099037566924
"PRRX2","Oligo","ADvHA",0.359940311879974,0.00290128472303772,0.00941869345816494
"SOX4","Oligo","ADvHA",0.151226440655167,0.0224293209431752,0.0330950120210487
"SOX8","Oligo","ADvHA",0.0970643309413448,0.397016139041371,0.427400027233313
"SP1","Oligo","ADvHA",0.302141705615939,0.0307942895655601,0.0426537971444192
"SP2","Oligo","ADvHA",0.388534478915077,0.0119378080485855,0.0198126437337222
"SP3","Oligo","ADvHA",0.418322740828522,0.00398720557730216,0.0107907481777798
"TCFL5","Oligo","ADvHA",0.533605282059286,2.60422376643492e-05,0.00650186695114257
"TFEC","Oligo","ADvHA",0.125006331319989,0.279125374254505,0.308122195768943
"ZNF740","Oligo","ADvHA",0.349438046487392,0.00443580685707153,0.0112714853744014
"ASCL1(var.2)","Oligo","ADvHA",0.411553009207469,0.00815105848388178,0.0151449137981883
"ATF2","Oligo","ADvHA",-0.0132373846958266,0.857801268140701,0.869465274394288
"BACH1","Oligo","ADvHA",0.373052636638987,0.0743532629973824,0.0910360067260021
"BATF","Oligo","ADvHA",0.461286083818245,0.0796832481573342,0.0960752306354143
"BHLHE22(var.2)","Oligo","ADvHA",0.24427313221239,0.0499314402505108,0.0636967661447691
"CEBPG(var.2)","Oligo","ADvHA",0.352283432347916,0.0043313353950128,0.0111417951397016
"EBF3","Oligo","ADvHA",0.28292775009222,0.0231795257798847,0.0338860042001548
"HAND2","Oligo","ADvHA",0.325686552988411,0.0126095609217347,0.0205188999060619
"MEIS1(var.2)","Oligo","ADvHA",0.427967418556999,0.00183559904626828,0.00914908815974662
"MEIS2(var.2)","Oligo","ADvHA",0.475661734565302,0.00173141561986892,0.00902951712415367
"MYF5","Oligo","ADvHA",0.156932948067529,0.14761187806519,0.168661225298312
"NEUROG2(var.2)","Oligo","ADvHA",0.306044463568455,0.0452363034940817,0.0583189004312703
"NFIB","Oligo","ADvHA",0.346830078105142,0.0379587993683182,0.050162672234124
"NFYC","Oligo","ADvHA",0.0761534123001448,0.510118841773953,0.539975295723933
"NKX2-2","Oligo","ADvHA",0.365077071795911,0.012268354537473,0.0200668434682698
"OSR2","Oligo","ADvHA",0.487065701433666,0.00279259476335732,0.00941869345816494
"PRDM4","Oligo","ADvHA",0.537182312918499,0.00295324116653136,0.00943473852812823
"TCF12(var.2)","Oligo","ADvHA",0.388044722629036,0.012074709859755,0.01990440453444
"ZBTB12","Oligo","ADvHA",0.270729192437203,0.0172476150498899,0.0267591674671086
"ZBTB14","Oligo","ADvHA",0.65749000426308,8.60594565331234e-05,0.00650186695114257
"ZFP42","Oligo","ADvHA",-0.0261513177054624,0.780616492986419,0.798271793312444
"ZKSCAN5","Oligo","ADvHA",0.468488993329859,0.00905035126058787,0.0163682067084346
"ZNF148","Oligo","ADvHA",0.414533698045504,0.003092585250029,0.00943473852812823
"ZNF16","Oligo","ADvHA",0.336631125239967,0.0277242647495724,0.0392605359876495
"ZNF341","Oligo","ADvHA",0.369876389361186,0.00926197445559645,0.0166323267064174
"ZNF449","Oligo","ADvHA",0.317309303853149,0.0168667323038135,0.026297146670724
"ZNF652","Oligo","ADvHA",0.351999102432278,0.00954395067137631,0.0169224671568101
"FOXA3","Oligo","ADvHA",0.386565803704177,0.000233561357386842,0.00650186695114257
"ATF4","Oligo","ADvHA",0.367455310269889,0.00559451037483547,0.0124943563570578
"BATF3","Oligo","ADvHA",0.489567178330565,0.0588962296819262,0.0741179192617481
"CDX2","Oligo","ADvHA",0.417715994660403,0.00147483891601173,0.00902951712415367
"CEBPA","Oligo","ADvHA",0.432122851137973,0.00284673459985127,0.00941869345816494
"CEBPD","Oligo","ADvHA",0.464606534916742,0.00158567701716193,0.00902951712415367
"CREB1","Oligo","ADvHA",0.0869683148750617,0.329998474650039,0.358300230623456
"CTCFL","Oligo","ADvHA",0.386676326740373,0.00100336267421242,0.00876484447260798
"E2F6","Oligo","ADvHA",0.553390595823605,0.00133442259714679,0.00876484447260798
"EBF1","Oligo","ADvHA",0.320963940137361,0.0231147755017415,0.0338860042001548
"EGR1","Oligo","ADvHA",0.555112202584833,0.000623536584550991,0.00876484447260798
"EHF","Oligo","ADvHA",0.389972553390914,0.0454471508232332,0.0583530354383501
"ELF1","Oligo","ADvHA",0.340217477030005,0.0612252804829499,0.0765920998927022
"ELF3","Oligo","ADvHA",0.397765662525309,0.0299980587853768,0.0419178172431424
"ESRRA","Oligo","ADvHA",0.266308656060815,0.0344245970923697,0.0466054450729423
"ETV1","Oligo","ADvHA",0.394842777811786,0.0284381676805566,0.0400030225373162
"ETV4","Oligo","ADvHA",0.464828641033411,0.0130140064018738,0.0210149644193524
"ETV5","Oligo","ADvHA",-0.130184055037406,0.316431861385576,0.34534718665012
"FOSL1","Oligo","ADvHA",0.431693579571393,0.0972609109465356,0.115508736640069
"FOXA1","Oligo","ADvHA",0.439502114681941,0.000159888441529294,0.00650186695114257
"FOXA2","Oligo","ADvHA",0.431221029144462,0.00024635080787503,0.00650186695114257
"FOXK2","Oligo","ADvHA",0.398366695332861,0.000276516959243429,0.00673212443081118
"FOXP1","Oligo","ADvHA",0.427876345405871,0.000195363715684178,0.00650186695114257
"GABPA","Oligo","ADvHA",0.398178363722679,0.0355383793518912,0.0476605807833626
"GATA1","Oligo","ADvHA",0.300339099901158,0.00294152812627515,0.00943473852812823
"GATA4","Oligo","ADvHA",0.348558083499022,0.0024719408293041,0.00926727826410989
"GATA6","Oligo","ADvHA",0.350025200509692,0.00159917401773072,0.00902951712415367
"GRHL2","Oligo","ADvHA",0.483941448774454,0.000378302679366702,0.00772469664642331
"HLF","Oligo","ADvHA",0.438001112119526,0.00198639077865443,0.00926727826410989
"HNF4A","Oligo","ADvHA",0.380814236444362,0.00500975621830069,0.0121120222905583
"HNF4G","Oligo","ADvHA",0.372149393080495,0.00596834989026189,0.0125773417744566
"HOXB13","Oligo","ADvHA",0.455626338234483,0.00544323704754654,0.0123056037539177
"JUNB","Oligo","ADvHA",0.441699427219002,0.0678589962988471,0.0840601656696091
"JUND","Oligo","ADvHA",0.437353492251902,0.0712693571761131,0.0877694612694155
"KLF4","Oligo","ADvHA",0.360078722520473,0.00619148083519645,0.0128036487601026
"KLF9","Oligo","ADvHA",0.405970214658226,0.00649048706540315,0.0130843258356694
"LHX2","Oligo","ADvHA",0.356920287329901,0.0136217854756855,0.0218847467160124
"MAFF","Oligo","ADvHA",0.472579299135077,0.00246180812474001,0.00926727826410989
"MAFG","Oligo","ADvHA",0.42049828977664,0.00644402345130461,0.0130843258356694
"MAFK","Oligo","ADvHA",0.128086759405657,0.380944103838416,0.411497641176992
"MEF2A","Oligo","ADvHA",0.386628767614334,0.0114853262346912,0.0193481074413722
"MITF","Oligo","ADvHA",0.0288341523986411,0.769648581734969,0.789607053870722
"MXI1","Oligo","ADvHA",0.253627657142694,0.00930872862750336,0.0166452689864679
"MYOD1","Oligo","ADvHA",0.263772629687417,0.0412683373155629,0.0539728461172548
"MYOG","Oligo","ADvHA",0.333386189864835,0.0160615179059117,0.0252908975981147
"MZF1","Oligo","ADvHA",0.232721152169658,0.0543239325840332,0.0687740986513861
"NFE2L1","Oligo","ADvHA",0.35122048969749,0.0641746178245823,0.0801233394141234
"NFIL3","Oligo","ADvHA",0.436143998790082,0.00176155873257147,0.00902951712415367
"NFYB","Oligo","ADvHA",0.111396259936098,0.365810278719138,0.39582548107558
"NKX2-5","Oligo","ADvHA",0.341896974060001,0.00833033835041765,0.0153287912087627
"NR4A1","Oligo","ADvHA",0.419077857632378,0.00288210796478668,0.00941869345816494
"ONECUT1","Oligo","ADvHA",0.386749353520197,0.00526389838464591,0.0121759132609758
"OTX2","Oligo","ADvHA",0.319506550109978,0.0107277824270626,0.0184029438382944
"PBX2","Oligo","ADvHA",0.485521987507297,0.00165064683524535,0.00902951712415367
"PHOX2B","Oligo","ADvHA",0.499455519794174,0.00593086772460212,0.0125773417744566
"PKNOX1","Oligo","ADvHA",0.196875073097377,0.104453921354898,0.122898387021656
"POU2F3","Oligo","ADvHA",0.4778744173027,0.00190388545669103,0.00924591207885658
"PRDM1","Oligo","ADvHA",0.655350714147087,0.00135538275317098,0.00876484447260798
"RFX1","Oligo","ADvHA",0.345135006448706,0.0690470734732518,0.0853648388839226
"RFX3","Oligo","ADvHA",0.340330958590515,0.0825366063471309,0.0993263722770606
"RUNX3","Oligo","ADvHA",0.352981473892325,0.00541839797826404,0.0122933545528356
"SCRT1","Oligo","ADvHA",0.37698900118165,0.000933750584336113,0.00876484447260798
"SCRT2","Oligo","ADvHA",0.415533450986504,0.000833073588670793,0.00876484447260798
"SNAI2","Oligo","ADvHA",0.211914050208764,0.0677177898519725,0.084049727404507
"SOX2","Oligo","ADvHA",-0.00350231987733673,0.966805018411653,0.96833477318762
"SPI1","Oligo","ADvHA",0.62155662436623,0.00685082276682093,0.0135095663906469
"SPIB","Oligo","ADvHA",0.482221334040981,0.0255252175536522,0.0369705488253147
"SREBF1(var.2)","Oligo","ADvHA",0.0186757880776551,0.783037788917334,0.799456323201085
"TCF3","Oligo","ADvHA",0.388527843834924,0.0117141982024421,0.0196166334977404
"TCF4","Oligo","ADvHA",0.427436245723861,0.00630890745869704,0.0129240725610202
"TCF7","Oligo","ADvHA",0.481105357502252,0.00109912048311022,0.00876484447260798
"TEAD1","Oligo","ADvHA",0.427833556811958,0.00440635233481683,0.0112468589836252
"TEAD4","Oligo","ADvHA",0.503902083192532,0.00242000136107405,0.00926727826410989
"TFAP2A","Oligo","ADvHA",0.31723776471425,0.028935661804639,0.0405227299166736
"TFAP2C(var.2)","Oligo","ADvHA",0.413641679920924,0.00656850922194296,0.0131995756745711
"TWIST1","Oligo","ADvHA",0.28968100995631,0.0121601417488629,0.0199413723498192
"USF1","Oligo","ADvHA",0.109659868934281,0.325977366926489,0.354542393925202
"USF2","Oligo","ADvHA",0.0929372338057168,0.421511753043704,0.451466903006201
"YY2","Oligo","ADvHA",-0.0472442990592554,0.551777834513445,0.578270478885779
"ZNF263","Oligo","ADvHA",0.458256512431675,0.00431870849099466,0.0111417951397016
"CREM","Oligo","ADvHA",-0.102756979393728,0.214533730310964,0.23992906587781
"FOXF2","OPC","HAvYA",0.155724308593247,0.181947737975396,0.999690290203973
"FOXD1","OPC","HAvYA",0.0948701390272268,0.48514381228808,0.999690290203973
"IRF2","OPC","HAvYA",0.116743459934985,0.422136039926461,0.999690290203973
"MZF1(var.2)","OPC","HAvYA",0.024261406983658,0.898272739131958,0.999690290203973
"MAX::MYC","OPC","HAvYA",-0.0407182337645207,0.469480118884803,0.999690290203973
"PPARG","OPC","HAvYA",-0.0941395330855224,0.498408904696062,0.999690290203973
"PAX6","OPC","HAvYA",-0.0440135381349712,0.604777209474816,0.999690290203973
"PBX1","OPC","HAvYA",-0.0311621554781651,0.647166881525485,0.999690290203973
"RORA","OPC","HAvYA",-0.000168863761315113,0.998517727943216,0.999690290203973
"RORA(var.2)","OPC","HAvYA",0.0114784374357624,0.900510883705187,0.999690290203973
"RREB1","OPC","HAvYA",-0.0818826304812615,0.648177250902404,0.999690290203973
"RXRA::VDR","OPC","HAvYA",-0.0542413139144297,0.599675887388728,0.999690290203973
"SOX9","OPC","HAvYA",0.0279692402347795,0.851254081534903,0.999690290203973
"SRY","OPC","HAvYA",0.0690993653087788,0.611898313601274,0.999690290203973
"TAL1::TCF3","OPC","HAvYA",-0.231632555385777,0.0540475538418847,0.999690290203973
"REL","OPC","HAvYA",0.0104898143546869,0.920969240779715,0.999690290203973
"RELA","OPC","HAvYA",-0.0245358302598369,0.82733630182614,0.999690290203973
"NR1H2::RXRA","OPC","HAvYA",-0.011312946851298,0.912096397414038,0.999690290203973
"NFIC::TLX1","OPC","HAvYA",-0.12291419812076,0.21571783132888,0.999690290203973
"ZNF354C","OPC","HAvYA",-0.0376530636418813,0.809124148448419,0.999690290203973
"CTCF","OPC","HAvYA",0.25188447074369,0.328896926218468,0.999690290203973
"EWSR1-FLI1","OPC","HAvYA",-0.0230550545635071,0.900323946185271,0.999690290203973
"REST","OPC","HAvYA",-0.122921319330991,0.429645538295081,0.999690290203973
"NFATC2","OPC","HAvYA",0.00916646832382928,0.951565411371343,0.999690290203973
"INSM1","OPC","HAvYA",-0.106099470078588,0.561627595871999,0.999690290203973
"RARA::RXRA","OPC","HAvYA",-0.0336903827800702,0.811225483881712,0.999690290203973
"NR4A2","OPC","HAvYA",-0.0715917779973644,0.649021003726384,0.999690290203973
"PLAG1","OPC","HAvYA",-0.0527446809369159,0.71272317564442,0.999690290203973
"ARNT::HIF1A","OPC","HAvYA",0.042180745769396,0.566882401927774,0.999690290203973
"DUX4","OPC","HAvYA",-0.0151066874688612,0.874134615558058,0.999690290203973
"FOS","OPC","HAvYA",0.274530026496315,0.377158380726511,0.999690290203973
"FOSL2","OPC","HAvYA",0.285153077288507,0.405137203761258,0.999690290203973
"FOXH1","OPC","HAvYA",-0.0706633841837564,0.542423479002777,0.999690290203973
"JUN","OPC","HAvYA",-0.0359526341115529,0.69831836013088,0.999690290203973
"JUN(var.2)","OPC","HAvYA",0.285091936436225,0.353890231984135,0.999690290203973
"JUND(var.2)","OPC","HAvYA",-0.0396651567761893,0.660793175740821,0.999690290203973
"MEF2C","OPC","HAvYA",0.109331607421625,0.345806761061534,0.999690290203973
"MAF::NFE2","OPC","HAvYA",0.0878664764024579,0.637928499073421,0.999690290203973
"NR2C2","OPC","HAvYA",-0.0105450121893784,0.951045292824818,0.999690290203973
"NRF1","OPC","HAvYA",0.188514046500004,0.311715780077916,0.999690290203973
"POU2F2","OPC","HAvYA",-0.0830004043737396,0.521557624012916,0.999690290203973
"SMAD2::SMAD3::SMAD4","OPC","HAvYA",-0.205292400327932,0.197321665307624,0.999690290203973
"STAT1::STAT2","OPC","HAvYA",0.202877442762452,0.206511681574511,0.999690290203973
"TCF7L2","OPC","HAvYA",0.000715004207091363,0.995631152798348,0.999690290203973
"ZBTB33","OPC","HAvYA",0.0641164929094239,0.613388668673752,0.999690290203973
"ELK4","OPC","HAvYA",-3.63832987340107e-05,0.999690290203973,0.999690290203973
"ESR2","OPC","HAvYA",-0.104037802542088,0.584737937782725,0.999690290203973
"IRF1","OPC","HAvYA",0.173003019374389,0.201303163794548,0.999690290203973
"STAT1","OPC","HAvYA",-0.0577236921124425,0.631299732357239,0.999690290203973
"STAT3","OPC","HAvYA",-0.0713339887362162,0.600681810893055,0.999690290203973
"GATA1::TAL1","OPC","HAvYA",-0.0226675011018732,0.828799962483426,0.999690290203973
"YY1","OPC","HAvYA",-0.0409761333555898,0.713190752744307,0.999690290203973
"FOXP2","OPC","HAvYA",0.105432891350846,0.481802648646102,0.999690290203973
"SREBF1","OPC","HAvYA",-0.0979580317140679,0.561607748561478,0.999690290203973
"SREBF2","OPC","HAvYA",-0.126081488582919,0.38457468917812,0.999690290203973
"THAP1","OPC","HAvYA",-0.092991754718127,0.568131215381643,0.999690290203973
"KLF5","OPC","HAvYA",-0.0780926610231263,0.576850167320235,0.999690290203973
"DMRT3","OPC","HAvYA",-0.0232078425443574,0.80486111845497,0.999690290203973
"FOXG1","OPC","HAvYA",0.0948701390272268,0.48514381228808,0.999690290203973
"LBX1","OPC","HAvYA",-0.0272413882531778,0.811006426495365,0.999690290203973
"NFATC3","OPC","HAvYA",0.0152663347337226,0.897548243853869,0.999690290203973
"POU6F1","OPC","HAvYA",0.0247922042643167,0.739554691190336,0.999690290203973
"SHOX","OPC","HAvYA",-0.0306958526840136,0.753485881373774,0.999690290203973
"ALX3","OPC","HAvYA",-0.0194830071139525,0.860431508126301,0.999690290203973
"BARHL2","OPC","HAvYA",-0.00849858217300148,0.919405556834584,0.999690290203973
"BHLHE41","OPC","HAvYA",0.119907083701882,0.246059410146045,0.999690290203973
"CENPB","OPC","HAvYA",-0.0103715194421954,0.868852519286383,0.999690290203973
"CREB3","OPC","HAvYA",0.080450414807349,0.08624021102028,0.999690290203973
"DBP","OPC","HAvYA",0.136770542593349,0.123545439994028,0.999690290203973
"ELF4","OPC","HAvYA",-0.0060530943199634,0.936284569845402,0.999690290203973
"ELF5","OPC","HAvYA",0.0132875297217653,0.881926584759201,0.999690290203973
"EN1","OPC","HAvYA",-0.0130647410723014,0.857379883376087,0.999690290203973
"EN2","OPC","HAvYA",0.0153963720388056,0.873404629228064,0.999690290203973
"ESX1","OPC","HAvYA",0.0277636861817924,0.753384146940155,0.999690290203973
"ETV6","OPC","HAvYA",0.0922950138408392,0.323839774373735,0.999690290203973
"FLI1","OPC","HAvYA",0.0225342974582743,0.823862319897654,0.999690290203973
"FOXI1","OPC","HAvYA",0.101404186387598,0.521576229594932,0.999690290203973
"FOXL1","OPC","HAvYA",0.101404186387598,0.521576229594932,0.999690290203973
"FOXO3","OPC","HAvYA",0.0948701390272268,0.48514381228808,0.999690290203973
"GCM1","OPC","HAvYA",-0.0438260791133974,0.692974333926133,0.999690290203973
"GRHL1","OPC","HAvYA",0.00939967263714747,0.92377082901411,0.999690290203973
"GSC","OPC","HAvYA",-0.0289699776182351,0.765865442047009,0.999690290203973
"HEY2","OPC","HAvYA",0.0391212814412424,0.572712874651306,0.999690290203973
"HINFP","OPC","HAvYA",0.0321304462294666,0.792673276666914,0.999690290203973
"HNF1A","OPC","HAvYA",0.0522156348737735,0.40583653259928,0.999690290203973
"HNF1B","OPC","HAvYA",0.00485573102330827,0.952110874216341,0.999690290203973
"HOXC11","OPC","HAvYA",-0.0570037047588672,0.415752461105964,0.999690290203973
"HSF1","OPC","HAvYA",0.111364574490011,0.254633192417904,0.999690290203973
"IRF8","OPC","HAvYA",0.105181392661039,0.377678078833303,0.999690290203973
"IRF9","OPC","HAvYA",0.132111158214611,0.293870145629595,0.999690290203973
"ISX","OPC","HAvYA",-0.0306958526840136,0.753485881373774,0.999690290203973
"JDP2","OPC","HAvYA",0.184351436506298,0.450294332677467,0.999690290203973
"JDP2(var.2)","OPC","HAvYA",-0.112776612178491,0.103404113536391,0.999690290203973
"KLF13","OPC","HAvYA",-0.133845925744952,0.371142953462549,0.999690290203973
"LHX6","OPC","HAvYA",0.0282452007606376,0.729799588444467,0.999690290203973
"MEF2B","OPC","HAvYA",0.0668412609092601,0.497948673694887,0.999690290203973
"MEOX1","OPC","HAvYA",0.0112889918020872,0.904993747928727,0.999690290203973
"MIXL1","OPC","HAvYA",0.0120898669697778,0.90939114082606,0.999690290203973
"MLX","OPC","HAvYA",0.0707643454818993,0.397657823335845,0.999690290203973
"MLXIPL","OPC","HAvYA",0.111278904994046,0.282241449251527,0.999690290203973
"MSC","OPC","HAvYA",-0.249095837759804,0.088583609852785,0.999690290203973
"MSX1","OPC","HAvYA",-0.0432845504750899,0.559954298630888,0.999690290203973
"MYF6","OPC","HAvYA",-0.2093963144535,0.0610234879470948,0.999690290203973
"NEUROD2","OPC","HAvYA",-0.0476292684770105,0.657154003478074,0.999690290203973
"NEUROG2","OPC","HAvYA",-0.150632928521542,0.084131203055476,0.999690290203973
"NFIA","OPC","HAvYA",-0.12225289230968,0.254205085729514,0.999690290203973
"NFIX","OPC","HAvYA",-0.122849619244517,0.226004024366706,0.999690290203973
"NHLH1","OPC","HAvYA",-0.305162860569086,0.182020797681352,0.999690290203973
"NKX2-3","OPC","HAvYA",-0.0251326777999898,0.798770569366277,0.999690290203973
"NKX2-8","OPC","HAvYA",-0.0965922601250571,0.34141630503336,0.999690290203973
"NKX6-1","OPC","HAvYA",-0.0582107512262768,0.55938660657505,0.999690290203973
"NKX6-2","OPC","HAvYA",-0.0582107512262768,0.55938660657505,0.999690290203973
"OLIG2","OPC","HAvYA",-0.0639555155004785,0.560189654343377,0.999690290203973
"PAX4","OPC","HAvYA",0.00385445297588405,0.967568629020487,0.999690290203973
"PAX7","OPC","HAvYA",-0.0482011156299751,0.444404989991161,0.999690290203973
"POU4F2","OPC","HAvYA",-0.0437304712678481,0.701722306494902,0.999690290203973
"SP4","OPC","HAvYA",-0.149906829498377,0.355204197063811,0.999690290203973
"SPDEF","OPC","HAvYA",-0.00695448925639164,0.91538023113084,0.999690290203973
"SPIC","OPC","HAvYA",0.128810302564635,0.250049355305669,0.999690290203973
"SRF","OPC","HAvYA",0.0497319981356533,0.533637459921642,0.999690290203973
"TBXT","OPC","HAvYA",-0.0701439771039358,0.465706471789819,0.999690290203973
"TBX2","OPC","HAvYA",-0.0186014749145066,0.895187451596299,0.999690290203973
"TBX20","OPC","HAvYA",-0.0440653723076014,0.729285274064151,0.999690290203973
"TBX21","OPC","HAvYA",0.0133938177416827,0.926072437432355,0.999690290203973
"TFAP4","OPC","HAvYA",-0.229807329433806,0.0591926818158175,0.999690290203973
"TFCP2","OPC","HAvYA",0.0273453080495653,0.713911924048179,0.999690290203973
"TFEB","OPC","HAvYA",0.0666672881056536,0.427555324471732,0.999690290203973
"ZBTB7B","OPC","HAvYA",-0.0383877989138656,0.774877248537069,0.999690290203973
"ZBTB7C","OPC","HAvYA",0.0143861458432909,0.91192923201381,0.999690290203973
"ZIC1","OPC","HAvYA",0.048052334925528,0.751544232692795,0.999690290203973
"ZIC3","OPC","HAvYA",0.0660270219574191,0.666722831978394,0.999690290203973
"ZBTB18","OPC","HAvYA",-0.342480235754305,0.0115878867722671,0.999690290203973
"LBX2","OPC","HAvYA",-0.00819320742085566,0.934691936718315,0.999690290203973
"MEOX2","OPC","HAvYA",-0.0583449545161896,0.558106948040312,0.999690290203973
"MNX1","OPC","HAvYA",-0.00632063226728408,0.949968480597659,0.999690290203973
"MSX2","OPC","HAvYA",-0.0432845504750899,0.559954298630888,0.999690290203973
"NOTO","OPC","HAvYA",0.0195391381767693,0.853231063293291,0.999690290203973
"OTX1","OPC","HAvYA",-0.0122212894610191,0.86854990058294,0.999690290203973
"PDX1","OPC","HAvYA",0.0351205911720774,0.636182377533017,0.999690290203973
"PHOX2A","OPC","HAvYA",0.0658278503586008,0.526231377511761,0.999690290203973
"PITX3","OPC","HAvYA",-0.1094915544649,0.147738187763171,0.999690290203973
"PROP1","OPC","HAvYA",0.0730961926135052,0.489181422591254,0.999690290203973
"PRRX1","OPC","HAvYA",-0.0306958526840136,0.753485881373774,0.999690290203973
"RAX2","OPC","HAvYA",-0.0306958526840136,0.753485881373774,0.999690290203973
"RAX","OPC","HAvYA",0.0168084211427102,0.845508773389346,0.999690290203973
"RHOXF1","OPC","HAvYA",-0.0570442778184164,0.387439251240016,0.999690290203973
"UNCX","OPC","HAvYA",-0.00627983003069288,0.949873234649069,0.999690290203973
"VAX1","OPC","HAvYA",-0.0208430956640457,0.814229018273791,0.999690290203973
"VAX2","OPC","HAvYA",-0.0208430956640457,0.814229018273791,0.999690290203973
"VENTX","OPC","HAvYA",0.0520467154115727,0.292025217053233,0.999690290203973
"VSX1","OPC","HAvYA",0.00385385853809694,0.970367724809336,0.999690290203973
"VSX2","OPC","HAvYA",0.00385385853809694,0.970367724809336,0.999690290203973
"ESR1","OPC","HAvYA",0.0187685143448351,0.867890276898442,0.999690290203973
"ESRRB","OPC","HAvYA",-0.0462352962159122,0.728727654820569,0.999690290203973
"NR2F1","OPC","HAvYA",0.0432068102198894,0.776356577018203,0.999690290203973
"NR3C1","OPC","HAvYA",0.0820392560913178,0.688229708155634,0.999690290203973
"NR3C2","OPC","HAvYA",0.0673008200910598,0.755822878189767,0.999690290203973
"RARA","OPC","HAvYA",-0.025833520342591,0.82195487038647,0.999690290203973
"RARA(var.2)","OPC","HAvYA",-0.0700265306294526,0.614007698050838,0.999690290203973
"BCL6B","OPC","HAvYA",-0.0507564261179273,0.647136560667513,0.999690290203973
"EGR2","OPC","HAvYA",-0.00414180706775746,0.978091031909445,0.999690290203973
"EGR3","OPC","HAvYA",0.019714173260033,0.904142592483737,0.999690290203973
"EGR4","OPC","HAvYA",-0.0196585477688096,0.897793467750338,0.999690290203973
"GLIS1","OPC","HAvYA",0.042795506555014,0.712587133625577,0.999690290203973
"GLIS2","OPC","HAvYA",-0.0216120772502184,0.874266534157966,0.999690290203973
"GLIS3","OPC","HAvYA",-0.0271759170639365,0.855163366594747,0.999690290203973
"HIC2","OPC","HAvYA",-0.0690122351293186,0.593264578276499,0.999690290203973
"KLF14","OPC","HAvYA",-0.116133617377395,0.486636770196863,0.999690290203973
"KLF16","OPC","HAvYA",-0.0849411285108381,0.558405891103709,0.999690290203973
"SP8","OPC","HAvYA",-0.101110407236062,0.494387237501422,0.999690290203973
"ZBED1","OPC","HAvYA",-0.02819278778002,0.369783123353725,0.999690290203973
"ZIC4","OPC","HAvYA",0.103976979101713,0.482401845008259,0.999690290203973
"ZNF143","OPC","HAvYA",-0.16691864625888,0.115510443688155,0.999690290203973
"ZNF410","OPC","HAvYA",-0.0878636574984635,0.309255806447756,0.999690290203973
"CUX1","OPC","HAvYA",-0.0333013924609146,0.6105544879715,0.999690290203973
"CUX2","OPC","HAvYA",0.0155202981679127,0.796496956577034,0.999690290203973
"ONECUT2","OPC","HAvYA",-0.0255229585854684,0.79540807233778,0.999690290203973
"ONECUT3","OPC","HAvYA",0.0389035472535071,0.646032785905831,0.999690290203973
"E2F7","OPC","HAvYA",-0.0267069623183965,0.736549480367469,0.999690290203973
"ELK3","OPC","HAvYA",-0.0411036098868305,0.741109724802943,0.999690290203973
"ERF","OPC","HAvYA",0.0364736047015301,0.670501027258295,0.999690290203973
"ERG","OPC","HAvYA",0.0289222744484278,0.758680390827374,0.999690290203973
"ETS1","OPC","HAvYA",0.0142381245617735,0.885935480861848,0.999690290203973
"ETV2","OPC","HAvYA",0.0459576390434304,0.52093949245043,0.999690290203973
"ETV3","OPC","HAvYA",0.0026302393680927,0.983005403904292,0.999690290203973
"FEV","OPC","HAvYA",-0.0321953818935952,0.7599867517004,0.999690290203973
"GCM2","OPC","HAvYA",-0.0359166663353688,0.743545316844418,0.999690290203973
"LEF1","OPC","HAvYA",0.0507825757614258,0.642061478146608,0.999690290203973
"HSF2","OPC","HAvYA",0.0608263634085305,0.538217113956937,0.999690290203973
"HSF4","OPC","HAvYA",0.0933133825475318,0.339172516510353,0.999690290203973
"IRF7","OPC","HAvYA",0.116650362155166,0.397364086351856,0.999690290203973
"MEF2D","OPC","HAvYA",0.0791368766458526,0.364737292685886,0.999690290203973
"MEIS1","OPC","HAvYA",0.00988901591207419,0.897819577324213,0.999690290203973
"MEIS2","OPC","HAvYA",-0.0626042072955765,0.467826999862716,0.999690290203973
"MEIS3","OPC","HAvYA",-0.030202731410596,0.829271077112409,0.999690290203973
"MYBL1","OPC","HAvYA",0.000861846807066247,0.985910806235283,0.999690290203973
"MYBL2","OPC","HAvYA",-0.0169835317949201,0.799723605144947,0.999690290203973
"NFKB1","OPC","HAvYA",-0.0343415538589432,0.714132656049409,0.999690290203973
"NFKB2","OPC","HAvYA",-0.0526441990659556,0.653569268538732,0.999690290203973
"PAX1","OPC","HAvYA",0.0477485098127255,0.456242874025698,0.999690290203973
"PAX3","OPC","HAvYA",-0.028278186257004,0.651462585241208,0.999690290203973
"PAX9","OPC","HAvYA",0.0305695454300046,0.594062579021869,0.999690290203973
"PKNOX2","OPC","HAvYA",-0.121886903586922,0.331652574793461,0.999690290203973
"POU1F1","OPC","HAvYA",-0.0592872876838704,0.635366073828726,0.999690290203973
"POU2F1","OPC","HAvYA",-0.0897873329979191,0.49147558278383,0.999690290203973
"POU3F1","OPC","HAvYA",-0.0917367971280303,0.447301022501898,0.999690290203973
"POU3F2","OPC","HAvYA",-0.119736048280197,0.347573533049622,0.999690290203973
"POU3F3","OPC","HAvYA",-0.0677471668552945,0.595207755517108,0.999690290203973
"POU3F4","OPC","HAvYA",-0.055143352490213,0.647650256736024,0.999690290203973
"POU4F1","OPC","HAvYA",-0.073004162460681,0.539962185411567,0.999690290203973
"POU4F3","OPC","HAvYA",-0.0387515726989389,0.737584278192631,0.999690290203973
"POU5F1B","OPC","HAvYA",-0.0574390873442117,0.655120803416987,0.999690290203973
"POU6F2","OPC","HAvYA",-0.0167143563567368,0.886543766861658,0.999690290203973
"PROX1","OPC","HAvYA",-0.0448769161667094,0.499406477815101,0.999690290203973
"RFX2","OPC","HAvYA",-0.183064660415871,0.160417844270794,0.999690290203973
"SMAD3","OPC","HAvYA",-0.108305033933854,0.0648553538621629,0.999690290203973
"TGIF1","OPC","HAvYA",-0.0708117865866437,0.492860644311813,0.999690290203973
"TGIF2","OPC","HAvYA",-0.0782112316969063,0.442849295546479,0.999690290203973
"RFX4","OPC","HAvYA",-0.167321357127086,0.198978928883706,0.999690290203973
"RFX5","OPC","HAvYA",-0.177866870612827,0.195201784530599,0.999690290203973
"RUNX2","OPC","HAvYA",0.0537689985297126,0.399708067630311,0.999690290203973
"EOMES","OPC","HAvYA",0.0294212538980981,0.811582413816767,0.999690290203973
"MGA","OPC","HAvYA",-0.0170621394565508,0.913831414927015,0.999690290203973
"TBR1","OPC","HAvYA",-0.0385880360843444,0.764462205599014,0.999690290203973
"TBX15","OPC","HAvYA",-0.0170621394565508,0.913831414927015,0.999690290203973
"TBX19","OPC","HAvYA",-0.0538026935745952,0.415621324906764,0.999690290203973
"TBX1","OPC","HAvYA",-0.0204165478164302,0.863755959932634,0.999690290203973
"TBX4","OPC","HAvYA",-0.0066304686842612,0.962350387862973,0.999690290203973
"TBX5","OPC","HAvYA",-0.0066304686842612,0.962350387862973,0.999690290203973
"TEAD3","OPC","HAvYA",-0.0393824015769262,0.787156392948675,0.999690290203973
"TFAP2A(var.2)","OPC","HAvYA",-0.0144858934583195,0.922505019185115,0.999690290203973
"TFAP2B","OPC","HAvYA",-0.0634216988335455,0.670236831078288,0.999690290203973
"TFAP2B(var.2)","OPC","HAvYA",-0.0329288936824282,0.804527523630811,0.999690290203973
"TFAP2B(var.3)","OPC","HAvYA",-0.0599101144295118,0.684948990788255,0.999690290203973
"TFAP2C","OPC","HAvYA",-0.0531247638181453,0.727154263761694,0.999690290203973
"TFAP2C(var.3)","OPC","HAvYA",-0.0286562373774488,0.848650049554193,0.999690290203973
"BHLHE40","OPC","HAvYA",0.0470060772523186,0.641163903668859,0.999690290203973
"BHLHE23","OPC","HAvYA",-0.0273145672396846,0.790110501616776,0.999690290203973
"BHLHE22","OPC","HAvYA",-0.0667393869843711,0.489679065436535,0.999690290203973
"CLOCK","OPC","HAvYA",0.00842606426047926,0.8739283857229,0.999690290203973
"FIGLA","OPC","HAvYA",-0.046763215742268,0.742061713139534,0.999690290203973
"HES5","OPC","HAvYA",-0.00209668633744153,0.9705838936348,0.999690290203973
"HES7","OPC","HAvYA",0.01356545607547,0.831627557478804,0.999690290203973
"HEY1","OPC","HAvYA",0.0386484049899378,0.623142431789097,0.999690290203973
"MAX","OPC","HAvYA",-0.0386840995193824,0.519311977867844,0.999690290203973
"MNT","OPC","HAvYA",-0.055225727732126,0.368528547557182,0.999690290203973
"OLIG1","OPC","HAvYA",-0.0519893750200457,0.599745449279449,0.999690290203973
"OLIG3","OPC","HAvYA",-0.0821308582675105,0.459711169587725,0.999690290203973
"SREBF2(var.2)","OPC","HAvYA",0.0982551779510562,0.184882798204221,0.999690290203973
"ATF7","OPC","HAvYA",-0.0843833872141951,0.190064940573222,0.999690290203973
"CEBPB","OPC","HAvYA",0.139507558450354,0.109104753639604,0.999690290203973
"CEBPE","OPC","HAvYA",0.113770272069373,0.164141617939739,0.999690290203973
"CEBPG","OPC","HAvYA",0.149266382354777,0.117737858110025,0.999690290203973
"CREB3L1","OPC","HAvYA",-0.023195661873686,0.721774539724893,0.999690290203973
"NFE2","OPC","HAvYA",0.226022784894926,0.391461179900757,0.999690290203973
"TEF","OPC","HAvYA",0.137795310543745,0.112586273865067,0.999690290203973
"XBP1","OPC","HAvYA",0.0288004099155025,0.634161120320012,0.999690290203973
"FOXB1","OPC","HAvYA",0.0648837325050609,0.572932465625652,0.999690290203973
"FOXC1","OPC","HAvYA",0.0801195049469078,0.452482895346981,0.999690290203973
"FOXC2","OPC","HAvYA",0.0774446934729004,0.479440156846404,0.999690290203973
"FOXO4","OPC","HAvYA",0.101404186387598,0.521576229594932,0.999690290203973
"FOXO6","OPC","HAvYA",0.101404186387598,0.521576229594932,0.999690290203973
"FOXP3","OPC","HAvYA",0.101404186387598,0.521576229594932,0.999690290203973
"RXRB","OPC","HAvYA",-0.026720806192685,0.849218613906534,0.999690290203973
"RXRG","OPC","HAvYA",-0.0256268724988329,0.856456985238874,0.999690290203973
"TP63","OPC","HAvYA",-0.0302307762531318,0.624158139184936,0.999690290203973
"TP53","OPC","HAvYA",0.0112931227173718,0.863163825916472,0.999690290203973
"TP73","OPC","HAvYA",-0.041079133534846,0.589463964589273,0.999690290203973
"GMEB2","OPC","HAvYA",0.0599143709190835,0.34748999048808,0.999690290203973
"MTF1","OPC","HAvYA",-0.0791065951718346,0.444009195967217,0.999690290203973
"E2F1","OPC","HAvYA",0.0287237097340439,0.673290835318825,0.999690290203973
"E2F8","OPC","HAvYA",-0.0713338395136385,0.56164498966828,0.999690290203973
"SOX21","OPC","HAvYA",0.0504090289143325,0.617978113083164,0.999690290203973
"TFAP2A(var.3)","OPC","HAvYA",-0.0353762083401872,0.814961934483161,0.999690290203973
"ELK1","OPC","HAvYA",-0.0276305839100195,0.839062795415727,0.999690290203973
"HOXD12","OPC","HAvYA",0.0129035107249856,0.840211491921842,0.999690290203973
"BARX1","OPC","HAvYA",0.0107037266588967,0.900735785206506,0.999690290203973
"BSX","OPC","HAvYA",-0.0322151137892661,0.720849650312192,0.999690290203973
"DLX6","OPC","HAvYA",0.0121260563315414,0.872911517094399,0.999690290203973
"DUXA","OPC","HAvYA",0.000294607335173835,0.996991955169565,0.999690290203973
"EMX2","OPC","HAvYA",0.0276846427906142,0.741310557329405,0.999690290203973
"EVX1","OPC","HAvYA",0.0275620177471373,0.770364881388579,0.999690290203973
"EVX2","OPC","HAvYA",0.0297531522874128,0.761292754056426,0.999690290203973
"GBX1","OPC","HAvYA",0.00539622836907561,0.952364246558572,0.999690290203973
"GBX2","OPC","HAvYA",-0.00100735401945129,0.991269145228652,0.999690290203973
"GSC2","OPC","HAvYA",-0.0412486065778804,0.652668087077996,0.999690290203973
"GSX1","OPC","HAvYA",0.00566320912975904,0.95270908517638,0.999690290203973
"HESX1","OPC","HAvYA",-0.0206845648485869,0.82937130906939,0.999690290203973
"HMBOX1","OPC","HAvYA",0.0449007856431528,0.566408186406801,0.999690290203973
"HOXA10","OPC","HAvYA",0.0132275486503078,0.890481349505237,0.999690290203973
"HOXB3","OPC","HAvYA",-0.0162553455354831,0.880420774305931,0.999690290203973
"HOXC10","OPC","HAvYA",-0.0699078962899933,0.334053120583718,0.999690290203973
"HOXC12","OPC","HAvYA",0.0357877306473153,0.530897779336265,0.999690290203973
"HOXC13","OPC","HAvYA",-0.0207099008391567,0.790784866595672,0.999690290203973
"HOXD11","OPC","HAvYA",-0.035850164829823,0.630256975460784,0.999690290203973
"ISL2","OPC","HAvYA",0.0258907088592691,0.778214414091529,0.999690290203973
"FOXK1","OPC","HAvYA",0.0794383308224301,0.578309100500988,0.999690290203973
"GATA2","OPC","HAvYA",0.010798412742714,0.912350038102842,0.999690290203973
"HIF1A","OPC","HAvYA",0.00246377401313536,0.974918783705529,0.999690290203973
"MYC","OPC","HAvYA",-0.0583192491651545,0.372819696458537,0.999690290203973
"MYB","OPC","HAvYA",-0.0759852345220443,0.436456942567573,0.999690290203973
"MYCN","OPC","HAvYA",-0.108219088720743,0.0882705734501366,0.999690290203973
"NEUROD1","OPC","HAvYA",-0.28731017899012,0.0700348093694441,0.999690290203973
"NFIC","OPC","HAvYA",-0.148479300905768,0.244150447382321,0.999690290203973
"NFYA","OPC","HAvYA",-0.0531565361753366,0.603064251820066,0.999690290203973
"NR1H4","OPC","HAvYA",-0.00907486369040598,0.940412924738708,0.999690290203973
"NR2F2","OPC","HAvYA",-0.0144240145845717,0.921695285658362,0.999690290203973
"PAX5","OPC","HAvYA",0.0153234052346664,0.833302280930213,0.999690290203973
"PBX3","OPC","HAvYA",-0.0729751866952734,0.640255956680692,0.999690290203973
"POU5F1","OPC","HAvYA",-0.114165032546381,0.410241618443442,0.999690290203973
"RBPJ","OPC","HAvYA",-0.114118680743617,0.484039544984821,0.999690290203973
"RELB","OPC","HAvYA",-0.109366724210928,0.382820767613605,0.999690290203973
"SIX1","OPC","HAvYA",0.0359216933840115,0.779947430271051,0.999690290203973
"SIX2","OPC","HAvYA",0.0168063991110388,0.912584489148158,0.999690290203973
"SOX10","OPC","HAvYA",0.117639110218781,0.296746151016545,0.999690290203973
"SOX13","OPC","HAvYA",0.0465641794288398,0.754731968588266,0.999690290203973
"TEAD2","OPC","HAvYA",-0.0597279196075149,0.705275855075391,0.999690290203973
"TFDP1","OPC","HAvYA",0.0397015442661836,0.747047971735747,0.999690290203973
"ZBTB7A","OPC","HAvYA",-0.00436336648831209,0.961037694787132,0.999690290203973
"ZEB1","OPC","HAvYA",-0.0904934551659455,0.703737393350778,0.999690290203973
"ZNF24","OPC","HAvYA",-0.169976572519503,0.285142383592702,0.999690290203973
"ZNF384","OPC","HAvYA",0.122044465521079,0.263128002172549,0.999690290203973
"ZNF282","OPC","HAvYA",-0.00252837931535266,0.981375132373236,0.999690290203973
"ZSCAN4","OPC","HAvYA",-0.0748747943607173,0.691393578084073,0.999690290203973
"GATA3","OPC","HAvYA",-0.0153720396715261,0.856115005299284,0.999690290203973
"FOS::JUN","OPC","HAvYA",0.254275449447521,0.420798620918798,0.999690290203973
"FOS::JUN(var.2)","OPC","HAvYA",-0.035434691159523,0.450309659063642,0.999690290203973
"FOSB::JUN","OPC","HAvYA",-0.071942962517813,0.15816496943952,0.999690290203973
"FOSL1::JUN","OPC","HAvYA",0.274069322333737,0.393908179300085,0.999690290203973
"FOSL1::JUN(var.2)","OPC","HAvYA",-0.0551804186991658,0.39682578678941,0.999690290203973
"FOSL2::JUN","OPC","HAvYA",0.287263375917139,0.377561851453199,0.999690290203973
"FOSL2::JUN(var.2)","OPC","HAvYA",-0.063551670099872,0.372904545585729,0.999690290203973
"JUN::JUNB","OPC","HAvYA",0.260323288473648,0.323824182227211,0.999690290203973
"JUN::JUNB(var.2)","OPC","HAvYA",-0.0900641831572442,0.231717197496064,0.999690290203973
"FOS::JUNB","OPC","HAvYA",0.297424376916618,0.351539382157609,0.999690290203973
"FOSB::JUNB","OPC","HAvYA",0.247989393556981,0.425067681140266,0.999690290203973
"FOSB::JUNB(var.2)","OPC","HAvYA",-0.0636583287068966,0.3380259582632,0.999690290203973
"FOSL1::JUNB","OPC","HAvYA",0.270265943014357,0.36743223085941,0.999690290203973
"FOSL2::JUNB","OPC","HAvYA",0.259043681926221,0.395350853862754,0.999690290203973
"FOSL2::JUNB(var.2)","OPC","HAvYA",-0.0683866490231343,0.237731324501974,0.999690290203973
"FOS::JUND","OPC","HAvYA",0.286738723583259,0.383833470767287,0.999690290203973
"FOSL1::JUND","OPC","HAvYA",0.267061208052553,0.355381351581609,0.999690290203973
"FOSL1::JUND(var.2)","OPC","HAvYA",-0.066492252068122,0.41151109493945,0.999690290203973
"FOSL2::JUND","OPC","HAvYA",0.28060688741394,0.354855293715367,0.999690290203973
"FOSL2::JUND(var.2)","OPC","HAvYA",-0.0781135824950935,0.245415376501186,0.999690290203973
"NR1H4::RXRA","OPC","HAvYA",0.0114515601193164,0.89446643546152,0.999690290203973
"NR4A2::RXRA","OPC","HAvYA",-0.0095967799807468,0.921429037217887,0.999690290203973
"PPARA::RXRA","OPC","HAvYA",0.0303189097792518,0.830716964835362,0.999690290203973
"RARA::RXRG","OPC","HAvYA",-0.0793554945614329,0.638753113242399,0.999690290203973
"RORB","OPC","HAvYA",0.0220669501745011,0.838418755848606,0.999690290203973
"RORC","OPC","HAvYA",0.0115247236427236,0.920818532879166,0.999690290203973
"SOX15","OPC","HAvYA",0.20427196737001,0.330542606739125,0.999690290203973
"TFE3","OPC","HAvYA",0.052214634173616,0.543887252837485,0.999690290203973
"VDR","OPC","HAvYA",-0.0420782474495655,0.68258709270078,0.999690290203973
"IRF3","OPC","HAvYA",0.146764487564792,0.300339425061062,0.999690290203973
"IRF4","OPC","HAvYA",0.100126261394916,0.423048826368291,0.999690290203973
"IRF5","OPC","HAvYA",0.053390365184958,0.48739147106423,0.999690290203973
"TCF7L1","OPC","HAvYA",-0.00201851359610394,0.987498281997598,0.999690290203973
"ARGFX","OPC","HAvYA",0.00128367807106566,0.990126420359442,0.999690290203973
"ARNT2","OPC","HAvYA",0.0154364014847974,0.842559087321594,0.999690290203973
"ATF6","OPC","HAvYA",0.0591853326835078,0.346479765422206,0.999690290203973
"ATOH1(var.2)","OPC","HAvYA",-0.33807976889899,0.0813375226886217,0.999690290203973
"ATOH7","OPC","HAvYA",-0.135245208806839,0.156812284407454,0.999690290203973
"BACH2","OPC","HAvYA",0.225423277404026,0.388912096457856,0.999690290203973
"BACH2(var.2)","OPC","HAvYA",-0.0456404285814666,0.530829813000581,0.999690290203973
"BARX2","OPC","HAvYA",0.0499362723764938,0.634128198770423,0.999690290203973
"BHLHA15(var.2)","OPC","HAvYA",-0.43165347101809,0.056143693378402,0.999690290203973
"CDX4","OPC","HAvYA",-0.0254868161064563,0.777758489578148,0.999690290203973
"CREB3L4","OPC","HAvYA",0.0434101219076408,0.402035205234883,0.999690290203973
"CREB3L4(var.2)","OPC","HAvYA",-0.089074727748937,0.218161332561814,0.999690290203973
"DLX5","OPC","HAvYA",0.0105333572283018,0.910754360483993,0.999690290203973
"DMRTA2","OPC","HAvYA",0.0181466268916166,0.848890535774978,0.999690290203973
"DMRTC2","OPC","HAvYA",0.000776448174988398,0.993690094909949,0.999690290203973
"DPRX","OPC","HAvYA",-0.0165872996891637,0.830540470836705,0.999690290203973
"DRGX","OPC","HAvYA",-0.0208430956640457,0.814229018273791,0.999690290203973
"ELF2","OPC","HAvYA",-0.034985940529784,0.70867651860452,0.999690290203973
"ETS2","OPC","HAvYA",-0.0123583137246964,0.873700627443454,0.999690290203973
"FERD3L","OPC","HAvYA",-0.176193964589669,0.149294054923178,0.999690290203973
"FOXE1","OPC","HAvYA",0.00601488539921124,0.961899990110879,0.999690290203973
"FOXN3","OPC","HAvYA",0.0748247128994427,0.514176145957664,0.999690290203973
"GLI3","OPC","HAvYA",-0.0375209485438522,0.808987477572474,0.999690290203973
"HES6","OPC","HAvYA",0.0101674134575677,0.866227374653896,0.999690290203973
"HNF4A(var.2)","OPC","HAvYA",-0.00854319314340032,0.95337136971008,0.999690290203973
"HOXA1","OPC","HAvYA",0.0381698513580303,0.604568441082684,0.999690290203973
"HOXA4","OPC","HAvYA",-0.00860153217029097,0.899339982935123,0.999690290203973
"HOXA6","OPC","HAvYA",-0.0240976375879945,0.769847743047186,0.999690290203973
"HOXA7","OPC","HAvYA",0.0290482905744691,0.680835255053469,0.999690290203973
"HOXB4","OPC","HAvYA",-0.067738982229236,0.370283537298707,0.999690290203973
"HOXB6","OPC","HAvYA",0.00211241025719111,0.980056804277766,0.999690290203973
"HOXB7","OPC","HAvYA",0.0380035414453289,0.675484150624185,0.999690290203973
"HOXB8","OPC","HAvYA",0.0499491548062519,0.466860122816619,0.999690290203973
"HOXB9","OPC","HAvYA",-0.059710964812235,0.389449179010685,0.999690290203973
"HOXC4","OPC","HAvYA",-0.0752616552002511,0.277840413827324,0.999690290203973
"HOXC8","OPC","HAvYA",-0.0397372499482277,0.632873905928605,0.999690290203973
"HOXD10","OPC","HAvYA",-0.0349838054829035,0.55919311083582,0.999690290203973
"HOXD4","OPC","HAvYA",-0.0612159822045277,0.415645625429582,0.999690290203973
"IKZF1","OPC","HAvYA",0.0992918920414118,0.443386220705323,0.999690290203973
"IRF6","OPC","HAvYA",0.0889450744148146,0.214304213119511,0.999690290203973
"KLF10","OPC","HAvYA",-0.132971794485635,0.506648667926915,0.999690290203973
"KLF11","OPC","HAvYA",-0.0875041958607119,0.600492594356989,0.999690290203973
"KLF15","OPC","HAvYA",0.000209933396325579,0.998642214761915,0.999690290203973
"KLF17","OPC","HAvYA",-0.106542305435039,0.539101878320041,0.999690290203973
"KLF2","OPC","HAvYA",-0.051321718533089,0.756292022041253,0.999690290203973
"KLF3","OPC","HAvYA",-0.0607834771511366,0.743566866780589,0.999690290203973
"KLF6","OPC","HAvYA",-0.167979932048973,0.444604614723613,0.999690290203973
"LHX1","OPC","HAvYA",0.00532241693868452,0.956764024416997,0.999690290203973
"LHX5","OPC","HAvYA",-0.0582107512262768,0.55938660657505,0.999690290203973
"MAF","OPC","HAvYA",-0.0691392590656201,0.519264327210939,0.999690290203973
"MAFA","OPC","HAvYA",-0.0485596201647971,0.611287525295521,0.999690290203973
"MAZ","OPC","HAvYA",-0.0620001333138839,0.701924018620357,0.999690290203973
"MSANTD3","OPC","HAvYA",-0.0931501405918444,0.490362435778113,0.999690290203973
"MSGN1","OPC","HAvYA",-0.0626549941567445,0.510566083960362,0.999690290203973
"NFATC4","OPC","HAvYA",0.0255243114491723,0.83605294417692,0.999690290203973
"NFIC(var.2)","OPC","HAvYA",-0.171620209376004,0.147152130971297,0.999690290203973
"NFIX(var.2)","OPC","HAvYA",-0.090224657414794,0.449529153323996,0.999690290203973
"NHLH2","OPC","HAvYA",-0.233962193995554,0.104985695047919,0.999690290203973
"NKX6-3","OPC","HAvYA",-0.0472258009267694,0.620905985723428,0.999690290203973
"NR1D1","OPC","HAvYA",-0.0526672102268995,0.634070438300159,0.999690290203973
"NR1D2","OPC","HAvYA",-0.100538401423968,0.374368589860882,0.999690290203973
"NR1I2","OPC","HAvYA",-0.0266982295062853,0.734757023332099,0.999690290203973
"NR1I3","OPC","HAvYA",0.0407962467033408,0.619786463641566,0.999690290203973
"NR2C1","OPC","HAvYA",-0.0643271859583597,0.565159057615202,0.999690290203973
"NR2C2(var.2)","OPC","HAvYA",-0.0309692298102817,0.808669805852601,0.999690290203973
"NR2F1(var.2)","OPC","HAvYA",0.0140653347908301,0.940069306010893,0.999690290203973
"NR2F1(var.3)","OPC","HAvYA",-0.00240943573880587,0.984886296501285,0.999690290203973
"NR2F6(var.3)","OPC","HAvYA",-0.0276781264630971,0.825319569404122,0.999690290203973
"NR5A1","OPC","HAvYA",-0.0912947519394619,0.516893412586211,0.999690290203973
"NR6A1","OPC","HAvYA",-0.0332300845936759,0.789962419305565,0.999690290203973
"OSR1","OPC","HAvYA",-0.113398143627259,0.200660527952839,0.999690290203973
"OVOL1","OPC","HAvYA",-0.0122916338423333,0.792536976524559,0.999690290203973
"OVOL2","OPC","HAvYA",-0.0308009782789854,0.565770637749942,0.999690290203973
"PAX3(var.2)","OPC","HAvYA",-0.0510787515477479,0.370315305894525,0.999690290203973
"PITX2","OPC","HAvYA",-0.104928552246758,0.0534019148696971,0.999690290203973
"PLAGL2","OPC","HAvYA",-0.0325147877436012,0.788816438174685,0.999690290203973
"POU6F1(var.2)","OPC","HAvYA",-0.0550971246977169,0.618669129520595,0.999690290203973
"PPARD","OPC","HAvYA",-0.00325484199216976,0.980954991408095,0.999690290203973
"RARB(var.3)","OPC","HAvYA",-0.00199460225812628,0.98360221896601,0.999690290203973
"RARG(var.3)","OPC","HAvYA",0.00206551542271288,0.985984517372693,0.999690290203973
"RFX7","OPC","HAvYA",-0.0131505847282131,0.888990766571296,0.999690290203973
"RXRB(var.2)","OPC","HAvYA",-0.00886251535590382,0.941491469274319,0.999690290203973
"RXRG(var.2)","OPC","HAvYA",-0.0341791490849098,0.789885042267165,0.999690290203973
"SMAD5","OPC","HAvYA",-0.0657667407681954,0.282832359346718,0.999690290203973
"SNAI1","OPC","HAvYA",-0.080666132382237,0.66605266221098,0.999690290203973
"SNAI3","OPC","HAvYA",-0.0454721175200201,0.796891061735006,0.999690290203973
"SOHLH2","OPC","HAvYA",-0.0518986053591772,0.475625610762431,0.999690290203973
"SOX12","OPC","HAvYA",0.10716304319947,0.207542510667841,0.999690290203973
"SOX14","OPC","HAvYA",0.125088354034787,0.266037598841572,0.999690290203973
"SOX18","OPC","HAvYA",0.0653611712628979,0.537872156332354,0.999690290203973
"SP9","OPC","HAvYA",-0.0455795486373458,0.736914931558156,0.999690290203973
"TBX18","OPC","HAvYA",-0.0257429113163387,0.877101617272789,0.999690290203973
"TBX3","OPC","HAvYA",-0.051842236116822,0.7446299467023,0.999690290203973
"TBX6","OPC","HAvYA",-0.00783871208454781,0.955380350068121,0.999690290203973
"TCF21(var.2)","OPC","HAvYA",-0.0394407124132826,0.673862268888796,0.999690290203973
"TFAP2E","OPC","HAvYA",-0.00660406410923897,0.958598701540039,0.999690290203973
"TFAP4(var.2)","OPC","HAvYA",-0.106725943968543,0.175939191511884,0.999690290203973
"TGIF2LX","OPC","HAvYA",-0.124404639601115,0.174817041386578,0.999690290203973
"TGIF2LY","OPC","HAvYA",-0.0990342586006134,0.209836540257953,0.999690290203973
"THAP11","OPC","HAvYA",-0.105783063566716,0.374384149911451,0.999690290203973
"THRB","OPC","HAvYA",-0.0345121118135497,0.824024981141786,0.999690290203973
"THRB(var.2)","OPC","HAvYA",0.0516502657868677,0.640860397963125,0.999690290203973
"THRB(var.3)","OPC","HAvYA",-0.130091179465653,0.358809552949884,0.999690290203973
"TLX2","OPC","HAvYA",0.00385445297588405,0.967568629020487,0.999690290203973
"VEZF1","OPC","HAvYA",-0.037322494774134,0.838796425101184,0.999690290203973
"ZBTB26","OPC","HAvYA",-0.0608947983662021,0.660261698727248,0.999690290203973
"ZBTB32","OPC","HAvYA",-0.170475444016145,0.0974515236856056,0.999690290203973
"ZBTB6","OPC","HAvYA",-0.143556903774044,0.320654253444026,0.999690290203973
"ZFP57","OPC","HAvYA",0.0516812058653819,0.644396555421006,0.999690290203973
"ZIC5","OPC","HAvYA",0.0705788248052126,0.619966629561072,0.999690290203973
"ZKSCAN1","OPC","HAvYA",-0.00215642375355274,0.979006956651677,0.999690290203973
"ZNF135","OPC","HAvYA",0.0232610027250063,0.829308345228843,0.999690290203973
"ZNF136","OPC","HAvYA",-0.0722714679685337,0.418197800942032,0.999690290203973
"ZNF140","OPC","HAvYA",-0.0430894437703264,0.716190888979674,0.999690290203973
"ZNF274","OPC","HAvYA",-0.0705037641081659,0.525799715775591,0.999690290203973
"ZNF317","OPC","HAvYA",-0.127157797324104,0.361727137533312,0.999690290203973
"ZNF382","OPC","HAvYA",-0.0263739906859501,0.78845935037092,0.999690290203973
"ZNF460","OPC","HAvYA",0.0264371797643128,0.790217915773633,0.999690290203973
"ZNF528","OPC","HAvYA",-0.0703337693346203,0.606163941817092,0.999690290203973
"ZNF682","OPC","HAvYA",-0.152308481068644,0.356071452934644,0.999690290203973
"ZNF684","OPC","HAvYA",-0.0850335431772267,0.595252591912836,0.999690290203973
"ZNF75D","OPC","HAvYA",-0.094869447758003,0.567906739922963,0.999690290203973
"ZSCAN29","OPC","HAvYA",-0.0683668107088448,0.410076988529094,0.999690290203973
"ASCL1","OPC","HAvYA",-0.291054851522499,0.231537407791353,0.999690290203973
"ATF3","OPC","HAvYA",-0.0897216624211751,0.196660729454392,0.999690290203973
"BARHL1","OPC","HAvYA",0.00286135569278639,0.96748603364525,0.999690290203973
"BATF::JUN","OPC","HAvYA",0.303309969105728,0.341450897842805,0.999690290203973
"BCL6","OPC","HAvYA",-0.0445683248273305,0.648517384399638,0.999690290203973
"CDX1","OPC","HAvYA",-0.0468827848792051,0.587631704434587,0.999690290203973
"E2F2","OPC","HAvYA",-0.00441736596319509,0.942379031083079,0.999690290203973
"E2F3","OPC","HAvYA",0.0267305273597054,0.67547712527608,0.999690290203973
"E2F4","OPC","HAvYA",0.0351158909463077,0.52569515232966,0.999690290203973
"EMX1","OPC","HAvYA",0.0351205911720774,0.636182377533017,0.999690290203973
"FOXD2","OPC","HAvYA",0.107473178513706,0.295106699503843,0.999690290203973
"GATA5","OPC","HAvYA",0.00928186786327212,0.915307484020696,0.999690290203973
"GFI1","OPC","HAvYA",-0.105613294824453,0.32280516579779,0.999690290203973
"GLI2","OPC","HAvYA",-0.0654877626101943,0.685517085505604,0.999690290203973
"GSX2","OPC","HAvYA",0.0351205911720774,0.636182377533017,0.999690290203973
"HES1","OPC","HAvYA",0.110747934933711,0.373110755136326,0.999690290203973
"HES2","OPC","HAvYA",0.0520086160119031,0.592286375579906,0.999690290203973
"HOXA13","OPC","HAvYA",-0.0691894322458175,0.477200570183109,0.999690290203973
"HOXA2","OPC","HAvYA",0.0453308763397086,0.612181884349206,0.999690290203973
"HOXA5","OPC","HAvYA",0.0381698513580303,0.604568441082684,0.999690290203973
"HOXA9","OPC","HAvYA",-0.00317838779509477,0.952361633136771,0.999690290203973
"HOXB2","OPC","HAvYA",0.0351205911720774,0.636182377533017,0.999690290203973
"HOXB5","OPC","HAvYA",0.0381698513580303,0.604568441082684,0.999690290203973
"HOXC9","OPC","HAvYA",-0.056130994978826,0.363832964899315,0.999690290203973
"HOXD13","OPC","HAvYA",-0.0830053595090531,0.464616103356149,0.999690290203973
"HOXD3","OPC","HAvYA",0.0351205911720774,0.636182377533017,0.999690290203973
"HOXD8","OPC","HAvYA",0.0290482905744691,0.680835255053469,0.999690290203973
"HOXD9","OPC","HAvYA",-0.0428902191176406,0.661322662857307,0.999690290203973
"JUNB(var.2)","OPC","HAvYA",-0.0766874057084746,0.217090892043334,0.999690290203973
"LHX9","OPC","HAvYA",0.00385445297588405,0.967568629020487,0.999690290203973
"LMX1A","OPC","HAvYA",-0.0688901223480003,0.45464277613428,0.999690290203973
"LMX1B","OPC","HAvYA",-0.0163545416185555,0.876357335035615,0.999690290203973
"NEUROG1","OPC","HAvYA",-0.105988334992876,0.305875814467832,0.999690290203973
"NRL","OPC","HAvYA",-0.0427041104287434,0.684596942908321,0.999690290203973
"PITX1","OPC","HAvYA",-0.0875274407275627,0.223867336451655,0.999690290203973
"PRRX2","OPC","HAvYA",0.00385445297588405,0.967568629020487,0.999690290203973
"SOX4","OPC","HAvYA",0.169485652396866,0.162836834456176,0.999690290203973
"SOX8","OPC","HAvYA",0.161128377750995,0.43864167508143,0.999690290203973
"SP1","OPC","HAvYA",-0.147724782872337,0.456166778645576,0.999690290203973
"SP2","OPC","HAvYA",-0.11621271594018,0.499125398953831,0.999690290203973
"SP3","OPC","HAvYA",-0.0711202619469556,0.641018828071907,0.999690290203973
"TCFL5","OPC","HAvYA",0.17313035876023,0.413430945554823,0.999690290203973
"TFEC","OPC","HAvYA",0.0290735974007018,0.712482901085684,0.999690290203973
"ZNF740","OPC","HAvYA",-0.0295851192801551,0.85824305614538,0.999690290203973
"ASCL1(var.2)","OPC","HAvYA",-0.124991733539681,0.476236661894438,0.999690290203973
"ATF2","OPC","HAvYA",-0.0457564664053733,0.631181326297898,0.999690290203973
"BACH1","OPC","HAvYA",0.13911993333171,0.631821084597556,0.999690290203973
"BATF","OPC","HAvYA",0.302842208327065,0.344359598239386,0.999690290203973
"BHLHE22(var.2)","OPC","HAvYA",-0.384491767863281,0.145636950117343,0.999690290203973
"CEBPG(var.2)","OPC","HAvYA",-0.00181926716677763,0.981384544218615,0.999690290203973
"EBF3","OPC","HAvYA",-0.109888701221849,0.584680385346795,0.999690290203973
"HAND2","OPC","HAvYA",-0.223984512291999,0.0645114642795642,0.999690290203973
"MEIS1(var.2)","OPC","HAvYA",-0.0501486696432955,0.529171325993647,0.999690290203973
"MEIS2(var.2)","OPC","HAvYA",-0.0305148777778954,0.741718733242363,0.999690290203973
"MYF5","OPC","HAvYA",-0.447475769414756,0.0295418886746378,0.999690290203973
"NEUROG2(var.2)","OPC","HAvYA",-0.279680892424973,0.0723969424356709,0.999690290203973
"NFIB","OPC","HAvYA",-0.16047212433755,0.242696076125821,0.999690290203973
"NFYC","OPC","HAvYA",-0.0419001217887541,0.680705170611514,0.999690290203973
"NKX2-2","OPC","HAvYA",-0.0577949066639283,0.65389154210516,0.999690290203973
"OSR2","OPC","HAvYA",-0.105049304346607,0.45672293930299,0.999690290203973
"PRDM4","OPC","HAvYA",-0.118647638423614,0.409677408427846,0.999690290203973
"TCF12(var.2)","OPC","HAvYA",-0.105048069502298,0.615439052730009,0.999690290203973
"ZBTB12","OPC","HAvYA",-0.0453092170229197,0.80236542760594,0.999690290203973
"ZBTB14","OPC","HAvYA",0.0612571429047661,0.642717938462784,0.999690290203973
"ZFP42","OPC","HAvYA",-0.068375339699426,0.531712931367662,0.999690290203973
"ZKSCAN5","OPC","HAvYA",0.0341309697251859,0.845405708483384,0.999690290203973
"ZNF148","OPC","HAvYA",-0.068926678370977,0.603038650739846,0.999690290203973
"ZNF16","OPC","HAvYA",-0.0723400069898843,0.639777282026006,0.999690290203973
"ZNF341","OPC","HAvYA",-0.169643628352128,0.182203204368895,0.999690290203973
"ZNF449","OPC","HAvYA",-0.0814239883533435,0.579486294106496,0.999690290203973
"ZNF652","OPC","HAvYA",-0.0505024393529355,0.696915431193707,0.999690290203973
"FOXA3","OPC","HAvYA",0.0627916577611398,0.664513913091722,0.999690290203973
"ATF4","OPC","HAvYA",0.0296297162844716,0.708707347155819,0.999690290203973
"BATF3","OPC","HAvYA",0.272612812412961,0.372826726087791,0.999690290203973
"CDX2","OPC","HAvYA",0.0347539821642163,0.727936937930443,0.999690290203973
"CEBPA","OPC","HAvYA",0.0512428858947689,0.602190880035876,0.999690290203973
"CEBPD","OPC","HAvYA",0.0704624474750811,0.467169493476009,0.999690290203973
"CREB1","OPC","HAvYA",-0.0981967205459109,0.361960172026,0.999690290203973
"CTCFL","OPC","HAvYA",0.0929197945082424,0.505525922900245,0.999690290203973
"E2F6","OPC","HAvYA",-0.0290660998128374,0.856048034903134,0.999690290203973
"EBF1","OPC","HAvYA",-0.0769527795281606,0.690886024319164,0.999690290203973
"EGR1","OPC","HAvYA",0.00477740277495309,0.976416662230915,0.999690290203973
"EHF","OPC","HAvYA",0.144697951384591,0.289676504928924,0.999690290203973
"ELF1","OPC","HAvYA",0.0489135929768622,0.706211352340909,0.999690290203973
"ELF3","OPC","HAvYA",0.103218707834492,0.403852060469784,0.999690290203973
"ESRRA","OPC","HAvYA",-0.0441639871693725,0.739915311901147,0.999690290203973
"ETV1","OPC","HAvYA",0.0597067966649064,0.625876484271724,0.999690290203973
"ETV4","OPC","HAvYA",0.0392685957965193,0.753985049209713,0.999690290203973
"ETV5","OPC","HAvYA",0.0243700596539604,0.803347780263109,0.999690290203973
"FOSL1","OPC","HAvYA",0.295820005537688,0.340126771171086,0.999690290203973
"FOXA1","OPC","HAvYA",0.0663051959665661,0.633619174118565,0.999690290203973
"FOXA2","OPC","HAvYA",0.0289105106878644,0.837896656077359,0.999690290203973
"FOXK2","OPC","HAvYA",0.0756156813162938,0.63329564178478,0.999690290203973
"FOXP1","OPC","HAvYA",0.0385296288699168,0.79926350171537,0.999690290203973
"GABPA","OPC","HAvYA",0.0954470344545194,0.439109036982294,0.999690290203973
"GATA1","OPC","HAvYA",-0.0483596310293622,0.59075614426133,0.999690290203973
"GATA4","OPC","HAvYA",-0.00220735858231169,0.983896664767663,0.999690290203973
"GATA6","OPC","HAvYA",0.002595943188199,0.979958481784248,0.999690290203973
"GRHL2","OPC","HAvYA",-0.00167447020043499,0.988542524649849,0.999690290203973
"HLF","OPC","HAvYA",0.100723701585528,0.272875173874141,0.999690290203973
"HNF4A","OPC","HAvYA",-0.0603450684349148,0.637866149250797,0.999690290203973
"HNF4G","OPC","HAvYA",-0.062263788515174,0.638764321712186,0.999690290203973
"HOXB13","OPC","HAvYA",0.0762410811293533,0.441405422514782,0.999690290203973
"JUNB","OPC","HAvYA",0.277633567489865,0.31115847009679,0.999690290203973
"JUND","OPC","HAvYA",0.276672010124228,0.332469426219978,0.999690290203973
"KLF4","OPC","HAvYA",-0.0631724472618563,0.662864849711829,0.999690290203973
"KLF9","OPC","HAvYA",-0.1263192856712,0.504421278894554,0.999690290203973
"LHX2","OPC","HAvYA",-0.0125142107289858,0.8809247322781,0.999690290203973
"MAFF","OPC","HAvYA",-0.0474844179968027,0.647460532057438,0.999690290203973
"MAFG","OPC","HAvYA",-0.0544175472937712,0.620644830044258,0.999690290203973
"MAFK","OPC","HAvYA",0.0735145189469738,0.739404010914462,0.999690290203973
"MEF2A","OPC","HAvYA",0.101848476331219,0.33360443105106,0.999690290203973
"MITF","OPC","HAvYA",0.0866196639769645,0.321684594264617,0.999690290203973
"MXI1","OPC","HAvYA",-0.131494221514522,0.300270615666728,0.999690290203973
"MYOD1","OPC","HAvYA",-0.231801859730691,0.16479549534878,0.999690290203973
"MYOG","OPC","HAvYA",-0.363338892532671,0.204289763030385,0.999690290203973
"MZF1","OPC","HAvYA",-0.112110824341144,0.400989420600128,0.999690290203973
"NFE2L1","OPC","HAvYA",0.118698497086709,0.556408332641619,0.999690290203973
"NFIL3","OPC","HAvYA",0.0402754395730898,0.623812692639539,0.999690290203973
"NFYB","OPC","HAvYA",-0.120659813943421,0.231700417160427,0.999690290203973
"NKX2-5","OPC","HAvYA",-0.0332506085591186,0.733807188758965,0.999690290203973
"NR4A1","OPC","HAvYA",0.0480835004242081,0.698268495447787,0.999690290203973
"ONECUT1","OPC","HAvYA",-0.00360889123978325,0.968763285922778,0.999690290203973
"OTX2","OPC","HAvYA",-0.0748888340703606,0.398041897066534,0.999690290203973
"PBX2","OPC","HAvYA",-0.0180862325712007,0.851368480895672,0.999690290203973
"PHOX2B","OPC","HAvYA",0.0274400695806571,0.769868531561593,0.999690290203973
"PKNOX1","OPC","HAvYA",-0.0930862742320119,0.525120589142331,0.999690290203973
"POU2F3","OPC","HAvYA",-0.138322554917361,0.326774046870126,0.999690290203973
"PRDM1","OPC","HAvYA",0.051892562093323,0.783320754131891,0.999690290203973
"RFX1","OPC","HAvYA",-0.211816425078984,0.158951175275701,0.999690290203973
"RFX3","OPC","HAvYA",-0.254290539635151,0.0984675353579661,0.999690290203973
"RUNX3","OPC","HAvYA",0.0157059645385483,0.87683200781481,0.999690290203973
"SCRT1","OPC","HAvYA",-0.0148801264204401,0.908816729658804,0.999690290203973
"SCRT2","OPC","HAvYA",-0.0281547735095016,0.818373010460257,0.999690290203973
"SNAI2","OPC","HAvYA",-0.0729169166615922,0.688200918638876,0.999690290203973
"SOX2","OPC","HAvYA",0.0533931922588264,0.721935377292885,0.999690290203973
"SPI1","OPC","HAvYA",0.117116866365527,0.375005954433693,0.999690290203973
"SPIB","OPC","HAvYA",0.143465685622953,0.297295214481401,0.999690290203973
"SREBF1(var.2)","OPC","HAvYA",0.0197337555320831,0.837794266232617,0.999690290203973
"TCF3","OPC","HAvYA",-0.105634684048932,0.612748124380754,0.999690290203973
"TCF4","OPC","HAvYA",-0.0596116101562091,0.767063188832649,0.999690290203973
"TCF7","OPC","HAvYA",0.0204651309491745,0.846479456019549,0.999690290203973
"TEAD1","OPC","HAvYA",-0.103164598887351,0.471323161143036,0.999690290203973
"TEAD4","OPC","HAvYA",-0.0597960543643144,0.704453634693395,0.999690290203973
"TFAP2A","OPC","HAvYA",-0.093811747158696,0.578504956250388,0.999690290203973
"TFAP2C(var.2)","OPC","HAvYA",-0.0482102210539445,0.723250043082439,0.999690290203973
"TWIST1","OPC","HAvYA",-0.269388578055395,0.0244740238619604,0.999690290203973
"USF1","OPC","HAvYA",-0.0311069843205997,0.763993184574468,0.999690290203973
"USF2","OPC","HAvYA",-0.0246559101551769,0.790963752109357,0.999690290203973
"YY2","OPC","HAvYA",-0.0426488940692265,0.679755792469201,0.999690290203973
"ZNF263","OPC","HAvYA",0.00493639364427345,0.976575726952849,0.999690290203973
"CREM","OPC","HAvYA",-0.119452945392502,0.0994234088478744,0.999690290203973
"FOXF2","OPC","ADvHA",0.213707025711635,0.0150963824905433,0.0338865606968579
"FOXD1","OPC","ADvHA",0.283333807285441,0.00049609279881997,0.00754340760593349
"IRF2","OPC","ADvHA",0.114309601612978,0.388046126652438,0.424236957117432
"MZF1(var.2)","OPC","ADvHA",0.0153284639239721,0.927769314799703,0.929237304221855
"MAX::MYC","OPC","ADvHA",0.21157920220854,0.00349166584435312,0.0133146052980453
"PPARG","OPC","ADvHA",0.288929130703936,0.0119384053791835,0.0285170211510307
"PAX6","OPC","ADvHA",0.182665086006449,0.0202061076488124,0.042073901781902
"PBX1","OPC","ADvHA",0.164914007130605,0.0239729845880503,0.0483277045994773
"RORA","OPC","ADvHA",0.23205453814338,0.00650013892295162,0.0191937143646587
"RORA(var.2)","OPC","ADvHA",0.249642450271557,0.000220038351338656,0.00663258459035091
"RREB1","OPC","ADvHA",0.258521861095887,0.0790025056690633,0.124640279789986
"RXRA::VDR","OPC","ADvHA",0.193087799903319,0.00751455027784556,0.020974111171731
"SOX9","OPC","ADvHA",0.330202786851089,1.45591012933546e-05,0.00294059369373568
"SRY","OPC","ADvHA",0.333900648146238,3.76334374607262e-05,0.00476439318252794
"TAL1::TCF3","OPC","ADvHA",0.423412077837205,0.00152785579518155,0.0106390203782418
"REL","OPC","ADvHA",0.128815462957451,0.217659481006663,0.262684215961942
"RELA","OPC","ADvHA",0.155475423902809,0.12983961341224,0.177130334676611
"NR1H2::RXRA","OPC","ADvHA",0.243980600106255,0.000676144655397096,0.00821491543039492
"NFIC::TLX1","OPC","ADvHA",0.367664191044081,0.0071495424134194,0.0203858574220472
"ZNF354C","OPC","ADvHA",0.346971925420895,0.00804385231455626,0.0220422446541737
"CTCF","OPC","ADvHA",-0.082559711392436,0.687838490344215,0.698879236577669
"EWSR1-FLI1","OPC","ADvHA",0.277032963761297,0.100493023215515,0.1469101240079
"REST","OPC","ADvHA",0.443403430477957,0.000817216328804387,0.00862753914780404
"NFATC2","OPC","ADvHA",0.291381261316752,0.058716498382403,0.0972972342305264
"INSM1","OPC","ADvHA",0.273536419985035,0.0499408940823776,0.0863731856670629
"RARA::RXRA","OPC","ADvHA",0.334758909522018,0.00427968285213051,0.0155691910655093
"NR4A2","OPC","ADvHA",0.347643727863527,0.000635277669977717,0.00821491543039492
"PLAG1","OPC","ADvHA",0.188832914454567,0.0937114651489902,0.140234887563382
"ARNT::HIF1A","OPC","ADvHA",0.0978178895601786,0.222646351350154,0.264915677452344
"DUX4","OPC","ADvHA",0.293330099283842,0.00221347235884028,0.011571299433715
"FOS","OPC","ADvHA",0.45521003953427,0.249157914792239,0.289920882469646
"FOSL2","OPC","ADvHA",0.513289668185239,0.211931002811183,0.258583083118418
"FOXH1","OPC","ADvHA",0.312905962021327,0.0032492993336294,0.0127240824228081
"JUN","OPC","ADvHA",0.171360643592467,0.0512446501878514,0.0879537176804666
"JUN(var.2)","OPC","ADvHA",0.498592468282671,0.188322314727712,0.239373544623779
"JUND(var.2)","OPC","ADvHA",0.108988540988843,0.212881869017695,0.258645341819963
"MEF2C","OPC","ADvHA",0.278478903896755,0.00227735345764041,0.011571299433715
"MAF::NFE2","OPC","ADvHA",0.478069061702029,0.0258460765217304,0.0514483221328785
"NR2C2","OPC","ADvHA",0.271560305903813,0.022132998205746,0.0453404138001204
"NRF1","OPC","ADvHA",-0.0581071478090303,0.731457736580941,0.740820395609177
"POU2F2","OPC","ADvHA",0.244035750754966,0.056899824366617,0.0948976318964833
"SMAD2::SMAD3::SMAD4","OPC","ADvHA",0.422868822651624,0.00264061282036226,0.0119761538725806
"STAT1::STAT2","OPC","ADvHA",0.194428259496215,0.0811817203465086,0.12688402217121
"TCF7L2","OPC","ADvHA",0.28847409914524,0.0116458286378278,0.028136677586813
"ZBTB33","OPC","ADvHA",-0.0793723505327382,0.472610606006921,0.505140155001778
"ELK4","OPC","ADvHA",-0.133793162942642,0.0856784852214348,0.131637090158175
"ESR2","OPC","ADvHA",0.515625217966999,0.000500510457265729,0.00754340760593349
"IRF1","OPC","ADvHA",0.153863365761877,0.164177912884484,0.216509622616414
"STAT1","OPC","ADvHA",0.312517333913043,0.0104657038897838,0.026288851437433
"STAT3","OPC","ADvHA",0.304974571527003,0.0206094638201712,0.0427730839284209
"GATA1::TAL1","OPC","ADvHA",0.2568811463172,0.0123562581751968,0.0292308875335418
"YY1","OPC","ADvHA",-0.177088438349709,0.0280003834844033,0.0550442321292774
"FOXP2","OPC","ADvHA",0.341631106177768,0.00570099648792826,0.0179929286790614
"SREBF1","OPC","ADvHA",0.410830778031541,0.00193710948874496,0.0115243824684526
"SREBF2","OPC","ADvHA",0.423652767899604,0.000872858668628324,0.00863680361142776
"THAP1","OPC","ADvHA",0.451230049891168,0.00198029423298941,0.0115243824684526
"KLF5","OPC","ADvHA",0.258997974130015,0.0112109366674576,0.0275635683131293
"DMRT3","OPC","ADvHA",0.20100938680324,0.00796859401988529,0.0219447227077836
"FOXG1","OPC","ADvHA",0.283333807285441,0.00049609279881997,0.00754340760593349
"LBX1","OPC","ADvHA",0.112535103538648,0.306929127268408,0.343869270019296
"NFATC3","OPC","ADvHA",0.190080804941261,0.0909748244115584,0.137768095340948
"POU6F1","OPC","ADvHA",0.143878321705808,0.0965848709611579,0.143180850862794
"SHOX","OPC","ADvHA",0.131934769307817,0.168998338856302,0.220009841029218
"ALX3","OPC","ADvHA",0.166447792586358,0.117328700811583,0.162870762310816
"BARHL2","OPC","ADvHA",0.0383011214628195,0.63741135410119,0.659283312330153
"BHLHE41","OPC","ADvHA",-0.0480370664234154,0.589943911058644,0.612187697869052
"CENPB","OPC","ADvHA",0.0542366337877806,0.221195428825225,0.26368494622668
"CREB3","OPC","ADvHA",0.0197896702760611,0.680061790096787,0.693203080726677
"DBP","OPC","ADvHA",0.0264855429957347,0.683681777236108,0.69577261252485
"ELF4","OPC","ADvHA",-0.0566539536522085,0.440280481939186,0.478861761284372
"ELF5","OPC","ADvHA",0.0550318913119561,0.379658807201227,0.416506109113304
"EN1","OPC","ADvHA",0.116815499811545,0.0409827254296292,0.0754129802237073
"EN2","OPC","ADvHA",0.0940188949602583,0.231814928678916,0.272242764107149
"ESX1","OPC","ADvHA",0.170638572351394,0.0470816246201912,0.084188328770003
"ETV6","OPC","ADvHA",-0.0991987636067146,0.115092944214089,0.160531976311939
"FLI1","OPC","ADvHA",-0.18276853945911,0.00422123298441494,0.0154453206886396
"FOXI1","OPC","ADvHA",0.32925614899999,0.00244225807526952,0.0116236794108692
"FOXL1","OPC","ADvHA",0.32925614899999,0.00244225807526952,0.0116236794108692
"FOXO3","OPC","ADvHA",0.283333807285441,0.00049609279881997,0.00754340760593349
"GCM1","OPC","ADvHA",0.165997883175,0.0463233352129877,0.0833054294640316
"GRHL1","OPC","ADvHA",0.217001906455498,0.00331585376734647,0.0127983867971361
"GSC","OPC","ADvHA",0.150128106960989,0.0332571183820142,0.0634089034211295
"HEY2","OPC","ADvHA",0.11887392206948,0.107373240954981,0.152735419156186
"HINFP","OPC","ADvHA",0.084776779111768,0.49261888397545,0.523200928786006
"HNF1A","OPC","ADvHA",0.157551128288246,0.0148766179235552,0.0335120966035958
"HNF1B","OPC","ADvHA",0.142461880762327,0.0418856852416544,0.0768511268346877
"HOXC11","OPC","ADvHA",0.11777238493026,0.132144398499153,0.179500867489192
"HSF1","OPC","ADvHA",0.271784557451914,0.0031660592153905,0.0127240824228081
"IRF8","OPC","ADvHA",0.0788411730238081,0.457600431750968,0.493005399263782
"IRF9","OPC","ADvHA",0.143145048064168,0.0996580848088886,0.146026777046358
"ISX","OPC","ADvHA",0.131934769307817,0.168998338856302,0.220009841029218
"JDP2","OPC","ADvHA",0.400761689739434,0.219805594074367,0.263516933805065
"JDP2(var.2)","OPC","ADvHA",-0.0363516273311044,0.652913610941551,0.670932330724029
"KLF13","OPC","ADvHA",0.252001157783061,0.0403217393491929,0.0746305877428043
"LHX6","OPC","ADvHA",0.119944821269784,0.14598492747876,0.194544124408537
"MEF2B","OPC","ADvHA",0.216901975509158,0.000970403608599408,0.00895181580082965
"MEOX1","OPC","ADvHA",0.127383504249083,0.163292492014083,0.21579153955097
"MIXL1","OPC","ADvHA",0.129470394354516,0.228528969665404,0.269383310611175
"MLX","OPC","ADvHA",-0.0377813683976451,0.632232310072241,0.654996812235235
"MLXIPL","OPC","ADvHA",-0.072548605326765,0.45320918340425,0.49123529639536
"MSC","OPC","ADvHA",0.374551037208261,0.00643990307306229,0.0191937143646587
"MSX1","OPC","ADvHA",0.153448366869375,0.0189197298300927,0.0397880032639491
"MYF6","OPC","ADvHA",0.384340218873947,0.000882233951376855,0.00863680361142776
"NEUROD2","OPC","ADvHA",0.343983791310392,0.00106246051211225,0.00920611195355096
"NEUROG2","OPC","ADvHA",0.346902483910515,0.00064892129571484,0.00821491543039492
"NFIA","OPC","ADvHA",0.349099983743452,0.00563227694449527,0.0179929286790614
"NFIX","OPC","ADvHA",0.324762675240381,0.00872155971331108,0.0231964172206971
"NHLH1","OPC","ADvHA",0.322936360119227,0.0912750187837265,0.13784663783056
"NKX2-3","OPC","ADvHA",0.28001700947882,0.00443837642488106,0.0157944085991395
"NKX2-8","OPC","ADvHA",0.335761364737124,0.00166053048343649,0.0106390203782418
"NKX6-1","OPC","ADvHA",0.113323749889316,0.260581877762532,0.29990605204306
"NKX6-2","OPC","ADvHA",0.113323749889316,0.260581877762532,0.29990605204306
"OLIG2","OPC","ADvHA",0.338912617208182,0.000700798472735111,0.00821491543039492
"PAX4","OPC","ADvHA",0.0959631939922176,0.285674981240266,0.324072156138152
"PAX7","OPC","ADvHA",0.119013052876297,0.0551560290137686,0.0926094598560093
"POU4F2","OPC","ADvHA",0.238383216045035,0.0649677814109248,0.106265130834924
"SP4","OPC","ADvHA",0.242737736431212,0.0337233882044832,0.0641048190193329
"SPDEF","OPC","ADvHA",-0.0586789102779352,0.191965874849178,0.24302879755906
"SPIC","OPC","ADvHA",0.110875424121426,0.0775682794942531,0.123059450926973
"SRF","OPC","ADvHA",0.0874438261195144,0.209232375067973,0.258583083118418
"TBXT","OPC","ADvHA",0.231070338259401,0.00276521811168237,0.0120716073427237
"TBX2","OPC","ADvHA",0.255295652627531,0.00584481304112812,0.018225451502631
"TBX20","OPC","ADvHA",0.271581341752822,0.00657983573006466,0.0191937143646587
"TBX21","OPC","ADvHA",0.293379353248976,0.0030124177420507,0.0124631400700529
"TFAP4","OPC","ADvHA",0.373887537608166,0.00198750797062671,0.0115243824684526
"TFCP2","OPC","ADvHA",0.0275139109549383,0.702768944180243,0.712905034721304
"TFEB","OPC","ADvHA",0.116139046244955,0.19336121060057,0.244071697119316
"ZBTB7B","OPC","ADvHA",0.0626160580239792,0.546075568610548,0.573243507347391
"ZBTB7C","OPC","ADvHA",0.0809200047010067,0.391731174623721,0.427527299201406
"ZIC1","OPC","ADvHA",0.274940633837563,0.019255830418062,0.0402275269129811
"ZIC3","OPC","ADvHA",0.213938597080208,0.0376964150038301,0.0701818549924249
"ZBTB18","OPC","ADvHA",0.434133108302978,0.00140207728206601,0.0104087605717617
"LBX2","OPC","ADvHA",0.163505282281128,0.0576814091339467,0.0958328923406516
"MEOX2","OPC","ADvHA",0.170385743140563,0.104316652420605,0.150415583103059
"MNX1","OPC","ADvHA",0.164621923765852,0.110275641667295,0.155813574052227
"MSX2","OPC","ADvHA",0.153448366869375,0.0189197298300927,0.0397880032639491
"NOTO","OPC","ADvHA",0.125376062971091,0.178485639838087,0.230104704719978
"OTX1","OPC","ADvHA",0.0492722318229494,0.505202071598457,0.533940496119911
"PDX1","OPC","ADvHA",0.135729778988601,0.0293813844489413,0.0567024888907922
"PHOX2A","OPC","ADvHA",0.217996191068912,0.0481349936420477,0.0844029112892416
"PITX3","OPC","ADvHA",0.188770576267244,0.0178920583009346,0.0386210144469587
"PROP1","OPC","ADvHA",0.246075543725455,0.0146366352427956,0.0330892503881772
"PRRX1","OPC","ADvHA",0.131934769307817,0.168998338856302,0.220009841029218
"RAX2","OPC","ADvHA",0.131934769307817,0.168998338856302,0.220009841029218
"RAX","OPC","ADvHA",0.11941921279886,0.0963128677849145,0.143112782412796
"RHOXF1","OPC","ADvHA",0.19586118860256,0.00217916250382195,0.011571299433715
"UNCX","OPC","ADvHA",0.104590792454959,0.299643779175168,0.336899666461601
"VAX1","OPC","ADvHA",0.164829351608759,0.0478938339894978,0.0842133247648669
"VAX2","OPC","ADvHA",0.164829351608759,0.0478938339894978,0.0842133247648669
"VENTX","OPC","ADvHA",0.0779368618349202,0.169265075167818,0.220009841029218
"VSX1","OPC","ADvHA",0.102538921412154,0.308540394491674,0.344455149406049
"VSX2","OPC","ADvHA",0.102538921412154,0.308540394491674,0.344455149406049
"ESR1","OPC","ADvHA",0.221291643646016,0.014255521434425,0.0326947285072139
"ESRRB","OPC","ADvHA",0.324665925542698,0.00121240771809225,0.00977384935168949
"NR2F1","OPC","ADvHA",0.2920297766812,0.0173594683185395,0.0378342457094812
"NR3C1","OPC","ADvHA",0.310055774934398,0.0902378107361379,0.137308976432633
"NR3C2","OPC","ADvHA",0.352903443652349,0.0682779722941746,0.110254990975032
"RARA","OPC","ADvHA",0.251910420056372,0.00436089268575933,0.0157739718290609
"RARA(var.2)","OPC","ADvHA",0.321032320043671,0.00415578253034946,0.0152942461727396
"BCL6B","OPC","ADvHA",0.293392451585883,0.00629223382729161,0.0189665905365504
"EGR2","OPC","ADvHA",0.149978134633321,0.248977797941914,0.289920882469646
"EGR3","OPC","ADvHA",0.0595547355290982,0.665798504237672,0.681958662107518
"EGR4","OPC","ADvHA",0.113837549254108,0.325038509502999,0.3622348178088
"GLIS1","OPC","ADvHA",0.0749714594815662,0.373949693540295,0.410955131963554
"GLIS2","OPC","ADvHA",0.136891086990704,0.214111522405768,0.259144538590538
"GLIS3","OPC","ADvHA",0.170914306111887,0.0987638640208179,0.145728498660088
"HIC2","OPC","ADvHA",0.40385935647742,0.000382847352342062,0.00754340760593349
"KLF14","OPC","ADvHA",0.164797096643483,0.171637590952052,0.222636465312805
"KLF16","OPC","ADvHA",0.201742815165028,0.0788108384361726,0.124640279789986
"SP8","OPC","ADvHA",0.207351685008191,0.0668180551796363,0.108713400733116
"ZBED1","OPC","ADvHA",0.0595447468856317,0.139286435266587,0.18759215643351
"ZIC4","OPC","ADvHA",0.210239897045213,0.0692643732794667,0.110998350090892
"ZNF143","OPC","ADvHA",0.204560259364529,0.0126383574169855,0.0295205913097854
"ZNF410","OPC","ADvHA",0.283743792797633,0.00221160545926607,0.011571299433715
"CUX1","OPC","ADvHA",0.106016716253401,0.134304860917933,0.182044918546148
"CUX2","OPC","ADvHA",0.0672061995919189,0.301084223324165,0.33791899532659
"ONECUT2","OPC","ADvHA",0.120745746024798,0.211816117722786,0.258583083118418
"ONECUT3","OPC","ADvHA",0.12147148430131,0.166849894771067,0.219575849043837
"E2F7","OPC","ADvHA",0.00861129062048049,0.897910206148161,0.903620286950375
"ELK3","OPC","ADvHA",-0.211965746819047,0.0179745375414879,0.0386210144469587
"ERF","OPC","ADvHA",-0.176284554145784,0.00121980110392333,0.00977384935168949
"ERG","OPC","ADvHA",-0.170004223323787,0.0085722227690182,0.0231889615931133
"ETS1","OPC","ADvHA",-0.172093643038414,0.00868031850670928,0.0231964172206971
"ETV2","OPC","ADvHA",-0.0776826034036022,0.106500661585895,0.151835402666377
"ETV3","OPC","ADvHA",-0.20156292518399,0.0404957402548159,0.0747341212282753
"FEV","OPC","ADvHA",-0.193611419622019,0.0144974822368096,0.0328921371179229
"GCM2","OPC","ADvHA",0.107127638415467,0.182994632961616,0.234485025637051
"LEF1","OPC","ADvHA",0.201267513113114,0.0504696576495381,0.0870498454827183
"HSF2","OPC","ADvHA",0.327549189174576,0.000906509740413265,0.00863680361142776
"HSF4","OPC","ADvHA",0.231530114179806,0.00871054875216942,0.0231964172206971
"IRF7","OPC","ADvHA",0.13699246317219,0.29921755025106,0.336899666461601
"MEF2D","OPC","ADvHA",0.234860812685665,0.00109573061234451,0.00920611195355096
"MEIS1","OPC","ADvHA",0.309654163783126,0.00168072991757374,0.0106390203782418
"MEIS2","OPC","ADvHA",0.291575952382358,0.000866584493502907,0.00863680361142776
"MEIS3","OPC","ADvHA",0.394129606057888,9.79709915796059e-05,0.00550828431765283
"MYBL1","OPC","ADvHA",0.0866848712955165,0.0795057234530784,0.124881198376672
"MYBL2","OPC","ADvHA",-0.0340093757125213,0.534448658572983,0.561970101124084
"NFKB1","OPC","ADvHA",0.126795165953029,0.0544881804368987,0.091731431427013
"NFKB2","OPC","ADvHA",0.171482807092886,0.0249396297424706,0.0499581823638731
"PAX1","OPC","ADvHA",0.0473055114908195,0.332201670916131,0.368918697701598
"PAX3","OPC","ADvHA",0.108249415627925,0.0916246605609735,0.13784663783056
"PAX9","OPC","ADvHA",0.0670835194232354,0.0922220307342652,0.138333046101398
"PKNOX2","OPC","ADvHA",0.434657796341674,0.000458911538559871,0.00754340760593349
"POU1F1","OPC","ADvHA",0.154157784230329,0.212754686000681,0.258645341819963
"POU2F1","OPC","ADvHA",0.189505614916268,0.114471535208697,0.160531976311939
"POU3F1","OPC","ADvHA",0.20158042394126,0.0671515634860161,0.108713400733116
"POU3F2","OPC","ADvHA",0.224768960757149,0.0543521933542149,0.091731431427013
"POU3F3","OPC","ADvHA",0.183838420440142,0.103319334509651,0.149317668366688
"POU3F4","OPC","ADvHA",0.172946292031291,0.125827176871053,0.172399573505144
"POU4F1","OPC","ADvHA",0.200983631755771,0.0955251113632948,0.142276224689331
"POU4F3","OPC","ADvHA",0.224367649327315,0.0657954807871635,0.107341596232666
"POU5F1B","OPC","ADvHA",0.143405981555864,0.232868914392804,0.272974116316009
"POU6F2","OPC","ADvHA",0.116734121921372,0.256381387844302,0.296689978986185
"PROX1","OPC","ADvHA",0.0902264321493761,0.199218032428292,0.250208362156962
"RFX2","OPC","ADvHA",0.13576706242257,0.11647074031821,0.16203511784929
"SMAD3","OPC","ADvHA",0.0668241542644247,0.205702494841179,0.256176743201736
"TGIF1","OPC","ADvHA",0.394332332246521,8.12857603768028e-05,0.00550828431765283
"TGIF2","OPC","ADvHA",0.389144516255216,0.000209573208309504,0.00663258459035091
"RFX4","OPC","ADvHA",0.141946191413141,0.0829150686863615,0.128325766451019
"RFX5","OPC","ADvHA",0.177237248800208,0.0463246621980081,0.0833054294640316
"RUNX2","OPC","ADvHA",0.0836409768556686,0.0618471388942139,0.101951143020931
"EOMES","OPC","ADvHA",0.256796595736386,0.0032620681932643,0.0127240824228081
"MGA","OPC","ADvHA",0.323778109169313,0.00457375961648493,0.015907636468324
"TBR1","OPC","ADvHA",0.290625261478226,0.00222684518709382,0.011571299433715
"TBX15","OPC","ADvHA",0.323778109169313,0.00457375961648493,0.015907636468324
"TBX19","OPC","ADvHA",0.160665614153781,0.0219433276086607,0.0451558440486177
"TBX1","OPC","ADvHA",0.226601412665695,0.0119342584841704,0.0285170211510307
"TBX4","OPC","ADvHA",0.247748255916339,0.0235065899091555,0.0476912545272289
"TBX5","OPC","ADvHA",0.247748255916339,0.0235065899091555,0.0476912545272289
"TEAD3","OPC","ADvHA",0.428935035931198,0.000469830984443564,0.00754340760593349
"TFAP2A(var.2)","OPC","ADvHA",0.28054717195438,0.00956321074297268,0.0250119731434487
"TFAP2B","OPC","ADvHA",0.324442269728745,0.00227195718156547,0.011571299433715
"TFAP2B(var.2)","OPC","ADvHA",0.268267093580783,0.0116381902779446,0.028136677586813
"TFAP2B(var.3)","OPC","ADvHA",0.328638818913791,0.00654095826650083,0.0191937143646587
"TFAP2C","OPC","ADvHA",0.297367270462737,0.00452117141309863,0.015907636468324
"TFAP2C(var.3)","OPC","ADvHA",0.300517592488191,0.0114938241466541,0.0279830410955079
"BHLHE40","OPC","ADvHA",-0.0840759514686926,0.353261933711081,0.389572829336436
"BHLHE23","OPC","ADvHA",0.300744763277071,0.00111035590740991,0.00920611195355096
"BHLHE22","OPC","ADvHA",0.33985229000173,0.000423126594372333,0.00754340760593349
"CLOCK","OPC","ADvHA",0.0890962213388836,0.0818955201042014,0.127523837556583
"FIGLA","OPC","ADvHA",0.331077679537611,0.00501019541291408,0.0167801782876964
"HES5","OPC","ADvHA",0.105279199631231,0.0992354500297381,0.145744872085439
"HES7","OPC","ADvHA",0.110614748261112,0.11509069990118,0.160531976311939
"HEY1","OPC","ADvHA",0.109956483736147,0.182942333900214,0.234485025637051
"MAX","OPC","ADvHA",0.173068074357474,0.0222046681371734,0.0453404997768735
"MNT","OPC","ADvHA",0.162146089890112,0.0393296024132332,0.0730077370310164
"OLIG1","OPC","ADvHA",0.306736830197023,0.00221000784013303,0.011571299433715
"OLIG3","OPC","ADvHA",0.356491230930817,0.000670654803359098,0.00821491543039492
"SREBF2(var.2)","OPC","ADvHA",0.0023606050276551,0.975886728448229,0.975886728448229
"ATF7","OPC","ADvHA",-0.0858409950082072,0.263269623604606,0.301687720582758
"CEBPB","OPC","ADvHA",0.17933637314592,0.000361077645751231,0.00754340760593349
"CEBPE","OPC","ADvHA",0.186700214933972,0.000589144504803278,0.00821491543039492
"CEBPG","OPC","ADvHA",0.121404862555238,0.0039483954333426,0.0146159901128998
"CREB3L1","OPC","ADvHA",0.142748619834804,0.035546604699483,0.0665710082093869
"NFE2","OPC","ADvHA",0.402456592349088,0.21839906451199,0.262684215961942
"TEF","OPC","ADvHA",0.0406285040859564,0.564286666863592,0.590402413429179
"XBP1","OPC","ADvHA",0.0575302933673069,0.294873224191346,0.333312055202004
"FOXB1","OPC","ADvHA",0.237346717760503,0.00317555153030402,0.0127240824228081
"FOXC1","OPC","ADvHA",0.1818986904158,0.0329348480697376,0.0629841656439393
"FOXC2","OPC","ADvHA",0.298932228287441,0.000686274659578657,0.00821491543039492
"FOXO4","OPC","ADvHA",0.32925614899999,0.00244225807526952,0.0116236794108692
"FOXO6","OPC","ADvHA",0.32925614899999,0.00244225807526952,0.0116236794108692
"FOXP3","OPC","ADvHA",0.32925614899999,0.00244225807526952,0.0116236794108692
"RXRB","OPC","ADvHA",0.295362236976565,0.0025530042941586,0.0117959979430832
"RXRG","OPC","ADvHA",0.268685398060608,0.00187475769244737,0.011410784801146
"TP63","OPC","ADvHA",0.186105982145671,0.000206797819798841,0.00663258459035091
"TP53","OPC","ADvHA",0.213512055951738,0.00163436153555639,0.0106390203782418
"TP73","OPC","ADvHA",0.258808914884687,1.55912838996288e-05,0.00294059369373568
"GMEB2","OPC","ADvHA",-0.0218458901984196,0.652830429992423,0.670932330724029
"MTF1","OPC","ADvHA",0.168665538821288,0.0517341757163804,0.0880315409367441
"E2F1","OPC","ADvHA",-0.118986787716501,0.0181776078237718,0.0387421742506652
"E2F8","OPC","ADvHA",0.0758753012769704,0.472852474649663,0.505140155001778
"SOX21","OPC","ADvHA",0.296245786324382,0.000975790347957735,0.00895181580082965
"TFAP2A(var.3)","OPC","ADvHA",0.307103471181033,0.0100975550912367,0.0256696882439874
"ELK1","OPC","ADvHA",-0.198753486349588,0.0341435654933762,0.0647092124470274
"HOXD12","OPC","ADvHA",0.0869821498192449,0.189349446503602,0.240196792859278
"BARX1","OPC","ADvHA",0.148409978043797,0.106130924553477,0.151835402666377
"BSX","OPC","ADvHA",0.179325859175251,0.0180921616675801,0.0386903322147913
"DLX6","OPC","ADvHA",0.164407809602988,0.00553836691863972,0.0178788067502804
"DUXA","OPC","ADvHA",0.298801549990967,0.00166875303686937,0.0106390203782418
"EMX2","OPC","ADvHA",0.0796330226592212,0.296905213042652,0.335010694930479
"EVX1","OPC","ADvHA",0.14172163878974,0.0888619945778808,0.136197681762224
"EVX2","OPC","ADvHA",0.104138460970249,0.263020028780625,0.301687720582758
"GBX1","OPC","ADvHA",0.119512761964721,0.0801379756362855,0.125562719251903
"GBX2","OPC","ADvHA",0.216234033217751,0.0124946014901851,0.0294017945847107
"GSC2","OPC","ADvHA",0.174504074306238,0.0152962195232074,0.0342138055059728
"GSX1","OPC","ADvHA",0.155114719095321,0.0822109456364044,0.127547864185892
"HESX1","OPC","ADvHA",0.148001295532535,0.0686153195649795,0.110517804795501
"HMBOX1","OPC","ADvHA",0.133282904304867,0.0610614355272824,0.100918769422375
"HOXA10","OPC","ADvHA",0.267791944835378,0.00609863955553083,0.0186892970230896
"HOXB3","OPC","ADvHA",0.180359536904119,0.102286770404843,0.148503499234553
"HOXC10","OPC","ADvHA",0.179850721350296,0.0521913037355261,0.0885713009774477
"HOXC12","OPC","ADvHA",0.0586303764429503,0.343588330615826,0.380229743496185
"HOXC13","OPC","ADvHA",0.173376143959971,0.045817450487941,0.0828641318824762
"HOXD11","OPC","ADvHA",0.125555033959908,0.186339178176568,0.23828828239549
"ISL2","OPC","ADvHA",0.230164535050062,0.00960175272331441,0.0250119731434487
"FOXK1","OPC","ADvHA",0.319817227914598,0.00270456950683732,0.0120456123319025
"GATA2","OPC","ADvHA",0.232567746926662,0.0106328346920386,0.0263944484708253
"HIF1A","OPC","ADvHA",0.126177846676474,0.125185032529233,0.17236063779781
"MYC","OPC","ADvHA",0.2429073333332,0.00315904843312106,0.0127240824228081
"MYB","OPC","ADvHA",0.258118144549041,0.010341473660733,0.0261846113089759
"MYCN","OPC","ADvHA",0.303974307331513,0.000287642320984022,0.00754340760593349
"NEUROD1","OPC","ADvHA",0.530404537547861,0.00326499903427964,0.0127240824228081
"NFIC","OPC","ADvHA",0.408335416385517,0.00379728099228779,0.0141392874595187
"NFYA","OPC","ADvHA",-0.0734870956767206,0.21155096749186,0.258583083118418
"NR1H4","OPC","ADvHA",0.274679091687692,0.000697254629509334,0.00821491543039492
"NR2F2","OPC","ADvHA",0.343354982756387,0.000743853723951087,0.00832754276620147
"PAX5","OPC","ADvHA",0.14244080742886,0.0113502215653756,0.027740116798775
"PBX3","OPC","ADvHA",0.438138128251466,0.00238055244647377,0.0116236794108692
"POU5F1","OPC","ADvHA",0.239194925333734,0.0725152541260409,0.115914535004505
"RBPJ","OPC","ADvHA",0.282596496461339,0.0177951159346328,0.0385763985843239
"RELB","OPC","ADvHA",0.209923020616135,0.0569685625918857,0.0948976318964833
"SIX1","OPC","ADvHA",0.238234171261743,0.0187618356040069,0.0397198727001217
"SIX2","OPC","ADvHA",0.319808960206824,0.00227849416543691,0.011571299433715
"SOX10","OPC","ADvHA",0.23711176610644,0.0123171153564276,0.0292308875335418
"SOX13","OPC","ADvHA",0.300083934372205,0.000451935049805633,0.00754340760593349
"TEAD2","OPC","ADvHA",0.425135900295062,0.000801719196886581,0.00862753914780404
"TFDP1","OPC","ADvHA",0.0632493541686441,0.563664075020498,0.590402413429179
"ZBTB7A","OPC","ADvHA",-0.0146517231310563,0.849068068954081,0.85582816504448
"ZEB1","OPC","ADvHA",0.536417746894894,0.00186013625725059,0.011410784801146
"ZNF24","OPC","ADvHA",0.164066421804691,0.220947908633302,0.26368494622668
"ZNF384","OPC","ADvHA",0.140329075974117,0.128318246655736,0.175432937652443
"ZNF282","OPC","ADvHA",0.178263841962,0.034409607477801,0.0648252426590715
"ZSCAN4","OPC","ADvHA",0.269968754027115,0.141307547734283,0.189910143770279
"GATA3","OPC","ADvHA",0.215812291306046,0.0128425687597034,0.0297778242670047
"FOS::JUN","OPC","ADvHA",0.495648982251465,0.20296767277048,0.253409342926458
"FOS::JUN(var.2)","OPC","ADvHA",0.00609657763491719,0.922757383078585,0.925682129142225
"FOSB::JUN","OPC","ADvHA",-0.110917840266826,0.14201454949199,0.190455953026334
"FOSL1::JUN","OPC","ADvHA",0.504384294395429,0.209494916467372,0.258583083118418
"FOSL1::JUN(var.2)","OPC","ADvHA",-0.148440934689253,0.0622401601850002,0.102067412945868
"FOSL2::JUN","OPC","ADvHA",0.516855849201811,0.20128975381414,0.252309731018517
"FOSL2::JUN(var.2)","OPC","ADvHA",-0.0731458791036627,0.380755631526177,0.416986703730225
"JUN::JUNB","OPC","ADvHA",0.367705612871144,0.251905129878274,0.292579719656784
"JUN::JUNB(var.2)","OPC","ADvHA",-0.0542968888261738,0.531430623366469,0.559726430267845
"FOS::JUNB","OPC","ADvHA",0.478567849961966,0.230907781255438,0.271681460101658
"FOSB::JUNB","OPC","ADvHA",0.479906305106372,0.211943768221215,0.258583083118418
"FOSB::JUNB(var.2)","OPC","ADvHA",-0.14080028097286,0.0850376770468011,0.130970436911497
"FOSL1::JUNB","OPC","ADvHA",0.466497249222726,0.218696021819816,0.262684215961942
"FOSL2::JUNB","OPC","ADvHA",0.473438374814193,0.224404773465497,0.266506982370843
"FOSL2::JUNB(var.2)","OPC","ADvHA",-0.111908272034252,0.134868351246334,0.182418090467798
"FOS::JUND","OPC","ADvHA",0.517080160619673,0.212013617912258,0.258583083118418
"FOSL1::JUND","OPC","ADvHA",0.469665884260685,0.209958202847442,0.258583083118418
"FOSL1::JUND(var.2)","OPC","ADvHA",0.0170727671895458,0.824591225308387,0.832482050430956
"FOSL2::JUND","OPC","ADvHA",0.445360570698128,0.241574048789897,0.282133529306282
"FOSL2::JUND(var.2)","OPC","ADvHA",-0.035891204157609,0.652852663482321,0.670932330724029
"NR1H4::RXRA","OPC","ADvHA",0.195574853016016,0.00534394351085973,0.0174366816617227
"NR4A2::RXRA","OPC","ADvHA",0.195471759764502,0.0144861630313121,0.0328921371179229
"PPARA::RXRA","OPC","ADvHA",0.250760522393346,0.00326478757072168,0.0127240824228081
"RARA::RXRG","OPC","ADvHA",0.345185971295754,0.00614604362370547,0.0187040654509883
"RORB","OPC","ADvHA",0.275495430101148,0.00162194279011375,0.0106390203782418
"RORC","OPC","ADvHA",0.26799142788946,0.00186113368123257,0.011410784801146
"SOX15","OPC","ADvHA",0.411324043777764,0.000181536430937813,0.00663258459035091
"TFE3","OPC","ADvHA",0.117073751432637,0.213555653111692,0.25896691268142
"VDR","OPC","ADvHA",0.246080880779122,0.00556417840411571,0.0178788067502804
"IRF3","OPC","ADvHA",0.0949464477222384,0.457957622064935,0.493005399263782
"IRF4","OPC","ADvHA",0.140260615995968,0.125399082937132,0.17236063779781
"IRF5","OPC","ADvHA",0.130664037276846,0.0907748021006733,0.137768095340948
"TCF7L1","OPC","ADvHA",0.257050369649487,0.0184245908506424,0.0391367986860961
"ARGFX","OPC","ADvHA",0.0721923838474638,0.473219766060117,0.505140155001778
"ARNT2","OPC","ADvHA",0.0330698457909354,0.667647206665928,0.682747466590521
"ATF6","OPC","ADvHA",0.0629223288664401,0.370154205840484,0.407491499647002
"ATOH1(var.2)","OPC","ADvHA",0.427575780581932,0.017392994473079,0.0378342457094812
"ATOH7","OPC","ADvHA",0.3922500550652,0.000394117105881269,0.00754340760593349
"BACH2","OPC","ADvHA",0.417164993860212,0.197490624067943,0.24853193843938
"BACH2(var.2)","OPC","ADvHA",0.0600984603256061,0.416057238298184,0.453294719178573
"BARX2","OPC","ADvHA",0.223771500980853,0.00656805831420719,0.0191937143646587
"BHLHA15(var.2)","OPC","ADvHA",0.458798903370307,0.0161263092869047,0.0356921460790583
"CDX4","OPC","ADvHA",0.303594083451188,0.00247542549592116,0.011693614469538
"CREB3L4","OPC","ADvHA",0.0452259126202799,0.488231838662372,0.519413031719801
"CREB3L4(var.2)","OPC","ADvHA",-0.145733349271954,0.0916799913533425,0.13784663783056
"DLX5","OPC","ADvHA",0.176476576132856,0.0838587259950446,0.129469691597227
"DMRTA2","OPC","ADvHA",0.275624818139503,0.000468861766494539,0.00754340760593349
"DMRTC2","OPC","ADvHA",0.245392728528013,0.00291341362266741,0.012431286010596
"DPRX","OPC","ADvHA",0.146426281454046,0.0238387386612976,0.0482106120530395
"DRGX","OPC","ADvHA",0.164829351608759,0.0478938339894978,0.0842133247648669
"ELF2","OPC","ADvHA",-0.0747022470909388,0.35310252308311,0.389572829336436
"ETS2","OPC","ADvHA",-0.175891281030423,0.011012386718223,0.0272298468462311
"FERD3L","OPC","ADvHA",0.313469849982512,0.0103845111287762,0.0261888268705791
"FOXE1","OPC","ADvHA",0.283483913552474,0.0063738022550521,0.0191214067651563
"FOXN3","OPC","ADvHA",0.270761045367048,0.000553501380345946,0.0081480552036973
"GLI3","OPC","ADvHA",0.279619196697607,0.0270178850498255,0.0536122922775533
"HES6","OPC","ADvHA",0.0473612717177756,0.455191051342829,0.492540060683779
"HNF4A(var.2)","OPC","ADvHA",0.345698867570837,0.000161496456186057,0.00652307512808647
"HOXA1","OPC","ADvHA",0.115675664312359,0.0515494933008738,0.0879537176804666
"HOXA4","OPC","ADvHA",0.141177862835823,0.0131958886896627,0.0303745365111146
"HOXA6","OPC","ADvHA",0.19984260267818,0.0278937540139664,0.0550054401583823
"HOXA7","OPC","ADvHA",0.0974310565805141,0.172951764687281,0.223425442953161
"HOXB4","OPC","ADvHA",0.251821986856446,0.0046157518814002,0.0159659614258269
"HOXB6","OPC","ADvHA",0.152994686811873,0.106441422691075,0.151835402666377
"HOXB7","OPC","ADvHA",0.186431142798863,0.0486378025166792,0.0848146804216472
"HOXB8","OPC","ADvHA",0.0995022646842563,0.137145989254445,0.185103222170711
"HOXB9","OPC","ADvHA",0.117693355394002,0.144095930896055,0.192838740501485
"HOXC4","OPC","ADvHA",0.215665814366533,0.00688445838995838,0.0198084643674712
"HOXC8","OPC","ADvHA",0.102030999185197,0.210312846855274,0.258583083118418
"HOXD10","OPC","ADvHA",0.109552582513386,0.155205384621871,0.205533490513901
"HOXD4","OPC","ADvHA",0.21546740468203,0.00237363833755949,0.0116236794108692
"IKZF1","OPC","ADvHA",0.196242204949503,0.0370415603316029,0.0691660993802497
"IRF6","OPC","ADvHA",-0.0534484822197779,0.33961836515252,0.376494614958923
"KLF10","OPC","ADvHA",0.361690113888681,0.00752423389087324,0.020974111171731
"KLF11","OPC","ADvHA",0.228961105439239,0.0492132129908888,0.085582318195694
"KLF15","OPC","ADvHA",0.106087262026074,0.291749162317378,0.330370697221646
"KLF17","OPC","ADvHA",0.245623379416425,0.0819939998191613,0.127523837556583
"KLF2","OPC","ADvHA",0.313366877333627,0.00213035874985308,0.011571299433715
"KLF3","OPC","ADvHA",0.34665172221594,0.00370181630138732,0.0139614439293522
"KLF6","OPC","ADvHA",0.42977032401426,0.00538754726626925,0.0174888072797356
"LHX1","OPC","ADvHA",0.192691040122021,0.0473091901675051,0.0842098957359855
"LHX5","OPC","ADvHA",0.113323749889316,0.260581877762532,0.29990605204306
"MAF","OPC","ADvHA",0.331263610279751,0.00111641113669532,0.00920611195355096
"MAFA","OPC","ADvHA",0.300580615550426,0.00298000457163884,0.0124631400700529
"MAZ","OPC","ADvHA",0.173779502344531,0.226857693366649,0.268412934394558
"MSANTD3","OPC","ADvHA",0.352029047769059,0.00156867735253122,0.0106390203782418
"MSGN1","OPC","ADvHA",0.258889560737544,0.0073844671620147,0.0208677130069433
"NFATC4","OPC","ADvHA",0.249024810706082,0.0344015372013927,0.0648252426590715
"NFIC(var.2)","OPC","ADvHA",0.39024143606206,0.0144683763711595,0.0328921371179229
"NFIX(var.2)","OPC","ADvHA",0.33566086556123,0.0273500520037905,0.0541018216199982
"NHLH2","OPC","ADvHA",0.397385372191772,0.00982347567998975,0.0251751421272612
"NKX6-3","OPC","ADvHA",0.166309257489261,0.0540638326526677,0.0915037595431516
"NR1D1","OPC","ADvHA",0.288729865460615,0.00274023408498257,0.0120456123319025
"NR1D2","OPC","ADvHA",0.290815527359551,0.0019521412636075,0.0115243824684526
"NR1I2","OPC","ADvHA",0.230957768642544,0.001119858800037,0.00920611195355096
"NR1I3","OPC","ADvHA",0.243879146814346,0.00153053360111054,0.0106390203782418
"NR2C1","OPC","ADvHA",0.276389944094425,0.00201996592151918,0.0115243824684526
"NR2C2(var.2)","OPC","ADvHA",0.251528303845186,0.00162837717865475,0.0106390203782418
"NR2F1(var.2)","OPC","ADvHA",0.33347746815877,0.00444139767874698,0.0157944085991395
"NR2F1(var.3)","OPC","ADvHA",0.28652453577215,0.00110501382345614,0.00920611195355096
"NR2F6(var.3)","OPC","ADvHA",0.272995706965996,0.00571339441467826,0.0179929286790614
"NR5A1","OPC","ADvHA",0.333090430116901,0.00724686466119232,0.0205706965494831
"NR6A1","OPC","ADvHA",0.329861907122567,0.000400754820509782,0.00754340760593349
"OSR1","OPC","ADvHA",0.289269969196671,0.00250699840140588,0.0117550369488143
"OVOL1","OPC","ADvHA",-0.0445603788259887,0.329871625161243,0.366974936251436
"OVOL2","OPC","ADvHA",-0.0587689144890994,0.193560808773929,0.244071697119316
"PAX3(var.2)","OPC","ADvHA",0.111694661779854,0.0352105365714892,0.0661372986639545
"PITX2","OPC","ADvHA",0.178922421360799,0.00493328157159451,0.0166104640149964
"PLAGL2","OPC","ADvHA",0.169079818901692,0.0969399273288197,0.143371434577437
"POU6F1(var.2)","OPC","ADvHA",0.166771816415341,0.125526467653697,0.17236063779781
"PPARD","OPC","ADvHA",0.250009927846361,0.00442107553980959,0.0157944085991395
"RARB(var.3)","OPC","ADvHA",0.23711887123366,0.00271689811408298,0.0120456123319025
"RARG(var.3)","OPC","ADvHA",0.272847487068958,0.000356926491746752,0.00754340760593349
"RFX7","OPC","ADvHA",0.117010806966286,0.109121673127705,0.154528006912388
"RXRB(var.2)","OPC","ADvHA",0.259171831797908,0.00253997081310322,0.0117959979430832
"RXRG(var.2)","OPC","ADvHA",0.240230695382702,0.00218993966321639,0.011571299433715
"SMAD5","OPC","ADvHA",0.0200387839790876,0.734667917659387,0.742883054118837
"SNAI1","OPC","ADvHA",0.455749715692476,0.00301215143539014,0.0124631400700529
"SNAI3","OPC","ADvHA",0.420423478309884,0.00489460275728107,0.0165683612051279
"SOHLH2","OPC","ADvHA",0.0943265505212891,0.181175560899677,0.233097825303853
"SOX12","OPC","ADvHA",0.192023265041908,0.00260444085054961,0.0119464569449123
"SOX14","OPC","ADvHA",0.239629331023847,0.000749873519231412,0.00832754276620147
"SOX18","OPC","ADvHA",0.290666793203417,0.000319286357199706,0.00754340760593349
"SP9","OPC","ADvHA",0.154410505898561,0.100898505220223,0.14716302719908
"TBX18","OPC","ADvHA",0.283283038360903,0.0125568897428678,0.0294389303971679
"TBX3","OPC","ADvHA",0.312408720166706,0.00574722578510978,0.0180098709008638
"TBX6","OPC","ADvHA",0.257835603116482,0.00975503922597687,0.0251751421272612
"TCF21(var.2)","OPC","ADvHA",0.305145607801113,0.00347843243308953,0.0133146052980453
"TFAP2E","OPC","ADvHA",0.268559226403543,0.0105680116482383,0.0263944484708253
"TFAP4(var.2)","OPC","ADvHA",0.285888606765453,1.68341669831384e-05,0.00294059369373568
"TGIF2LX","OPC","ADvHA",0.356759950069884,9.04245784742038e-05,0.00550828431765283
"TGIF2LY","OPC","ADvHA",0.32742394650564,0.000104422451519485,0.00550828431765283
"THAP11","OPC","ADvHA",0.154920288821965,0.0292079933714619,0.0567024888907922
"THRB","OPC","ADvHA",0.25037336328851,0.00855148862772352,0.0231889615931133
"THRB(var.2)","OPC","ADvHA",0.193149960438534,0.0123757944059861,0.0292308875335418
"THRB(var.3)","OPC","ADvHA",0.352064299124761,0.00298590015320674,0.0124631400700529
"TLX2","OPC","ADvHA",0.0959631939922176,0.285674981240266,0.324072156138152
"VEZF1","OPC","ADvHA",-0.0961024999574647,0.576772386073838,0.601477628310938
"ZBTB26","OPC","ADvHA",0.341555317978276,0.00325559658087409,0.0127240824228081
"ZBTB32","OPC","ADvHA",0.203926164191641,0.00932623135326084,0.0245979351942255
"ZBTB6","OPC","ADvHA",0.409685716617941,0.000682315535850419,0.00821491543039492
"ZFP57","OPC","ADvHA",0.0613931298438807,0.588463471408107,0.611654150084289
"ZIC5","OPC","ADvHA",0.154040663423751,0.167516166951433,0.21999529809182
"ZKSCAN1","OPC","ADvHA",0.197370885757563,0.0117276507059742,0.028226626984341
"ZNF135","OPC","ADvHA",0.14816293957873,0.108922104765572,0.154528006912388
"ZNF136","OPC","ADvHA",0.251755411888784,0.00242466069549041,0.0116236794108692
"ZNF140","OPC","ADvHA",0.288267868329717,0.00153020248264053,0.0106390203782418
"ZNF274","OPC","ADvHA",0.222351058881862,0.0219715639288693,0.0451558440486177
"ZNF317","OPC","ADvHA",0.457270064795536,0.000826602205209923,0.00862753914780404
"ZNF382","OPC","ADvHA",0.20995835764977,0.00980444594750474,0.0251751421272612
"ZNF460","OPC","ADvHA",0.219364493815686,0.00456262645383182,0.015907636468324
"ZNF528","OPC","ADvHA",0.253062815776445,0.0323982288901392,0.0621456935983579
"ZNF682","OPC","ADvHA",0.414610749849888,0.00201378794496999,0.0115243824684526
"ZNF684","OPC","ADvHA",0.320120568054523,0.0156583813376804,0.0349005471364496
"ZNF75D","OPC","ADvHA",0.302909033432471,0.0129270585919736,0.0298643360902164
"ZSCAN29","OPC","ADvHA",0.215075622902528,0.00608358558348267,0.0186892970230896
"ASCL1","OPC","ADvHA",0.398259349378094,0.0620414310962431,0.10200578151668
"ATF3","OPC","ADvHA",-0.0429159484471397,0.58621908547415,0.610323488659765
"BARHL1","OPC","ADvHA",0.0239097436022677,0.668734957872731,0.682756819892643
"BATF::JUN","OPC","ADvHA",0.468568254060883,0.227715826232585,0.268925593293333
"BCL6","OPC","ADvHA",0.224782239646625,0.0106216079893706,0.0263944484708253
"CDX1","OPC","ADvHA",0.304896397140988,0.00292551355581156,0.012431286010596
"E2F2","OPC","ADvHA",-0.094971620335695,0.099049131380012,0.145744872085439
"E2F3","OPC","ADvHA",-0.0305823527400511,0.442304677161452,0.480238182921439
"E2F4","OPC","ADvHA",-0.0994475137908505,0.042650315199251,0.0780278887893812
"EMX1","OPC","ADvHA",0.135729778988601,0.0293813844489413,0.0567024888907922
"FOXD2","OPC","ADvHA",0.178602305922948,0.0445556847824519,0.0810452542163565
"GATA5","OPC","ADvHA",0.203551227519114,0.025780241075539,0.0514483221328785
"GFI1","OPC","ADvHA",0.213741669467715,0.0473597517883268,0.0842098957359855
"GLI2","OPC","ADvHA",0.315196766241578,0.0160609341567975,0.0356721800745713
"GSX2","OPC","ADvHA",0.135729778988601,0.0293813844489413,0.0567024888907922
"HES1","OPC","ADvHA",-0.0134157138032306,0.903690478761868,0.907993766755972
"HES2","OPC","ADvHA",0.046269578351271,0.639964545572473,0.660844302361134
"HOXA13","OPC","ADvHA",0.325902228345538,0.000151369361990752,0.00652307512808647
"HOXA2","OPC","ADvHA",0.117989749468667,0.101602609371829,0.147849314327283
"HOXA5","OPC","ADvHA",0.115675664312359,0.0515494933008738,0.0879537176804666
"HOXA9","OPC","ADvHA",0.0262593125198648,0.527543358922126,0.556558243662843
"HOXB2","OPC","ADvHA",0.135729778988601,0.0293813844489413,0.0567024888907922
"HOXB5","OPC","ADvHA",0.115675664312359,0.0515494933008738,0.0879537176804666
"HOXC9","OPC","ADvHA",0.105296284816002,0.13043182318794,0.177555578662293
"HOXD13","OPC","ADvHA",0.311064856183826,0.000231449904692992,0.00665944498503017
"HOXD3","OPC","ADvHA",0.135729778988601,0.0293813844489413,0.0567024888907922
"HOXD8","OPC","ADvHA",0.0974310565805141,0.172951764687281,0.223425442953161
"HOXD9","OPC","ADvHA",0.282949696025899,0.0112344401655409,0.0275635683131293
"JUNB(var.2)","OPC","ADvHA",-0.13305458105926,0.115136678113144,0.160531976311939
"LHX9","OPC","ADvHA",0.0959631939922176,0.285674981240266,0.324072156138152
"LMX1A","OPC","ADvHA",0.156056128091757,0.105102096427395,0.150860832286941
"LMX1B","OPC","ADvHA",0.177439541101494,0.104570508639593,0.15043893629287
"NEUROG1","OPC","ADvHA",0.327269863639734,0.00218245516812384,0.011571299433715
"NRL","OPC","ADvHA",0.311546841551091,0.00132003120487123,0.0101299587733144
"PITX1","OPC","ADvHA",0.179511524486304,0.0127384414020544,0.0296449757628692
"PRRX2","OPC","ADvHA",0.0959631939922176,0.285674981240266,0.324072156138152
"SOX4","OPC","ADvHA",0.227559127810096,0.00662320719297316,0.0192316062071193
"SOX8","OPC","ADvHA",0.388113968067886,7.22750597852901e-05,0.00550828431765283
"SP1","OPC","ADvHA",0.321589038725778,0.0191451540671779,0.040128750081204
"SP2","OPC","ADvHA",0.166585520833015,0.187083617657064,0.238355217311123
"SP3","OPC","ADvHA",0.248397971446235,0.0173892471504038,0.0378342457094812
"TCFL5","OPC","ADvHA",-0.136783733527451,0.483387993893756,0.515125589452437
"TFEC","OPC","ADvHA",0.0978322207333444,0.272647825799629,0.31152720890102
"ZNF740","OPC","ADvHA",0.0985595111450832,0.505261227765919,0.533940496119911
"ASCL1(var.2)","OPC","ADvHA",0.475182031680657,0.00509566533033303,0.0168778654946261
"ATF2","OPC","ADvHA",0.184403071498556,0.043544568963606,0.0794343289739556
"BACH1","OPC","ADvHA",0.529508979973498,0.089300458321452,0.136539106563959
"BATF","OPC","ADvHA",0.475312703453682,0.22582191326972,0.267687773595005
"BHLHE22(var.2)","OPC","ADvHA",0.335432913819927,0.10307425941811,0.14930436204042
"CEBPG(var.2)","OPC","ADvHA",0.283202158883296,0.000214810893489888,0.00663258459035091
"EBF3","OPC","ADvHA",0.373818450088029,0.00524813656125779,0.0172128002242289
"HAND2","OPC","ADvHA",0.456596485368993,0.00159734231970767,0.0106390203782418
"MEIS1(var.2)","OPC","ADvHA",0.281863852657164,0.00750371361666507,0.020974111171731
"MEIS2(var.2)","OPC","ADvHA",0.317985967955497,0.00964761904518678,0.0250284543262428
"MYF5","OPC","ADvHA",0.447464405931868,0.00808303274190272,0.0220541367483811
"NEUROG2(var.2)","OPC","ADvHA",0.528992220224696,0.00378387113414083,0.0141392874595187
"NFIB","OPC","ADvHA",0.527247429027779,0.00228501173651559,0.011571299433715
"NFYC","OPC","ADvHA",-0.0747908861678794,0.153592800151733,0.203824407748526
"NKX2-2","OPC","ADvHA",0.430324917745107,0.000420950762325894,0.00754340760593349
"OSR2","OPC","ADvHA",0.370599182182396,0.00470643783561878,0.0161403461484025
"PRDM4","OPC","ADvHA",0.336666065125357,0.00566908078128006,0.0179929286790614
"TCF12(var.2)","OPC","ADvHA",0.503145116292708,0.00288714452297793,0.012431286010596
"ZBTB12","OPC","ADvHA",0.332040276458511,0.00507884348057193,0.0168778654946261
"ZBTB14","OPC","ADvHA",0.0928021879228909,0.46209769377269,0.496617725225998
"ZFP42","OPC","ADvHA",-0.0379838883846121,0.656446461149703,0.673469383967199
"ZKSCAN5","OPC","ADvHA",0.296147101506671,0.0306885583931892,0.0590451594616679
"ZNF148","OPC","ADvHA",0.214097520039711,0.0692405517067489,0.110998350090892
"ZNF16","OPC","ADvHA",0.250661172407008,0.0670137236676782,0.108713400733116
"ZNF341","OPC","ADvHA",0.305220127219221,0.00991050673221786,0.0252957691995722
"ZNF449","OPC","ADvHA",0.373517762222577,0.00132825683757519,0.0101299587733144
"ZNF652","OPC","ADvHA",0.118944832697946,0.235252993859214,0.275259048267805
"FOXA3","OPC","ADvHA",0.332109688955761,0.00103249279613437,0.00920611195355096
"ATF4","OPC","ADvHA",0.228644481611172,0.00475279163290787,0.0161748231377994
"BATF3","OPC","ADvHA",0.475445569718308,0.202797780604257,0.253409342926458
"CDX2","OPC","ADvHA",0.289333346966857,0.0014141444062741,0.0104087605717617
"CEBPA","OPC","ADvHA",0.342235378365682,9.98337020972456e-05,0.00550828431765283
"CEBPD","OPC","ADvHA",0.338404899738331,0.000120789737626356,0.00588153107057562
"CREB1","OPC","ADvHA",0.148524930901588,0.0791554383500386,0.124640279789986
"CTCFL","OPC","ADvHA",0.0665805345713174,0.568764110457379,0.594105085675777
"E2F6","OPC","ADvHA",0.14488241828141,0.263559730619693,0.301687720582758
"EBF1","OPC","ADvHA",0.345966848537791,0.00863240451984443,0.0231964172206971
"EGR1","OPC","ADvHA",0.174388538680638,0.187144617699254,0.238355217311123
"EHF","OPC","ADvHA",0.114993722027365,0.095251297058393,0.142202997731044
"ELF1","OPC","ADvHA",0.183331051215755,0.0497553915697584,0.0862881174346769
"ELF3","OPC","ADvHA",0.164562267781509,0.0464991252930626,0.0833822841657468
"ESRRA","OPC","ADvHA",0.364355877685531,0.00131679548162678,0.0101299587733144
"ETV1","OPC","ADvHA",0.14166111092074,0.0896182103705631,0.136694764251967
"ETV4","OPC","ADvHA",0.190794554190967,0.0747744825638401,0.11922480469247
"ETV5","OPC","ADvHA",-0.120221765285915,0.125011941390598,0.17236063779781
"FOSL1","OPC","ADvHA",0.500093553679288,0.206859855985123,0.256749585958005
"FOXA1","OPC","ADvHA",0.360920487367332,0.000164880256002186,0.00652307512808647
"FOXA2","OPC","ADvHA",0.356649784013833,0.000450765971198156,0.00754340760593349
"FOXK2","OPC","ADvHA",0.341008600366196,0.00154184962331655,0.0106390203782418
"FOXP1","OPC","ADvHA",0.353463749283821,0.000731048267243937,0.00832754276620147
"GABPA","OPC","ADvHA",0.140929805359744,0.110917168610356,0.156370974900568
"GATA1","OPC","ADvHA",0.233598538699963,0.00471716277638937,0.0161403461484025
"GATA4","OPC","ADvHA",0.274569488569902,0.00511935256709038,0.0168778654946261
"GATA6","OPC","ADvHA",0.288946853599464,0.00264875441099728,0.0119761538725806
"GRHL2","OPC","ADvHA",0.350170583576663,0.00146125827663343,0.0106319136679191
"HLF","OPC","ADvHA",0.187218766790149,0.016324424378592,0.0358797244154471
"HNF4A","OPC","ADvHA",0.324517581789361,0.00103566929869321,0.00920611195355096
"HNF4G","OPC","ADvHA",0.339470372801178,0.000906364984797164,0.00863680361142776
"HOXB13","OPC","ADvHA",0.23813487514313,0.00292616368969795,0.012431286010596
"JUNB","OPC","ADvHA",0.442413280533125,0.218006514206366,0.262684215961942
"JUND","OPC","ADvHA",0.461559513234004,0.205993621310716,0.256176743201736
"KLF4","OPC","ADvHA",0.322709511388468,0.0037054069196385,0.0139614439293522
"KLF9","OPC","ADvHA",0.375696664001317,0.00670836601824028,0.0193899346554616
"LHX2","OPC","ADvHA",0.238932239422077,0.00755465615664245,0.020974111171731
"MAFF","OPC","ADvHA",0.342423303896959,0.00204408171021688,0.0115243824684526
"MAFG","OPC","ADvHA",0.351772460456858,0.00204560482611712,0.0115243824684526
"MAFK","OPC","ADvHA",0.416645243558191,0.0484974975491546,0.0848036352171682
"MEF2A","OPC","ADvHA",0.307325075081659,0.00068147748783932,0.00821491543039492
"MITF","OPC","ADvHA",0.0641712630892389,0.463775248248654,0.49757581718881
"MXI1","OPC","ADvHA",0.476241722982218,1.85819506713155e-05,0.00294059369373568
"MYOD1","OPC","ADvHA",0.423740993157897,0.00895814769977008,0.0237259727780521
"MYOG","OPC","ADvHA",0.328627027279724,0.148313390966312,0.197231883364864
"MZF1","OPC","ADvHA",0.276279642294544,0.0179987350108259,0.0386210144469587
"NFE2L1","OPC","ADvHA",0.447300327734851,0.0760631034031813,0.120974734809582
"NFIL3","OPC","ADvHA",0.163533285969643,0.0457542273389904,0.0828641318824762
"NFYB","OPC","ADvHA",0.033549941649675,0.457104235501865,0.493005399263782
"NKX2-5","OPC","ADvHA",0.346704983919254,6.46033580265097e-05,0.00550828431765283
"NR4A1","OPC","ADvHA",0.354949157946775,0.00162860454809663,0.0106390203782418
"ONECUT1","OPC","ADvHA",0.157161537617229,0.125479093514247,0.17236063779781
"OTX2","OPC","ADvHA",0.245938458589721,0.00327650147696321,0.0127240824228081
"PBX2","OPC","ADvHA",0.333445778195956,0.00797359592857855,0.0219447227077836
"PHOX2B","OPC","ADvHA",0.228895913557488,0.0245568172406513,0.0493475089312136
"PKNOX1","OPC","ADvHA",0.459985200744724,0.000650392775869659,0.00821491543039492
"POU2F3","OPC","ADvHA",0.202978351802601,0.11508565082683,0.160531976311939
"PRDM1","OPC","ADvHA",0.1912672658622,0.254674394785815,0.295254380768171
"RFX1","OPC","ADvHA",0.263567827336856,0.00628081753759983,0.0189665905365504
"RFX3","OPC","ADvHA",0.271411862739683,0.00611166585115252,0.0186892970230896
"RUNX3","OPC","ADvHA",0.280007201979092,0.000831405826249678,0.00862753914780404
"SCRT1","OPC","ADvHA",0.301419450117054,0.00172473422010265,0.0108094728844057
"SCRT2","OPC","ADvHA",0.274803874494357,0.00947680351469165,0.0248913552896258
"SNAI2","OPC","ADvHA",0.395506303874633,0.00587592544375439,0.0182326510092967
"SOX2","OPC","ADvHA",0.301826295253057,0.000330948416334582,0.00754340760593349
"SPI1","OPC","ADvHA",0.126585493112885,0.220340596548048,0.26365897469738
"SPIB","OPC","ADvHA",0.101128321740359,0.145695619564842,0.194544124408537
"SREBF1(var.2)","OPC","ADvHA",0.16515670929281,0.0216415660146113,0.0447683375400293
"TCF3","OPC","ADvHA",0.504140466329822,0.00273707456497655,0.0120456123319025
"TCF4","OPC","ADvHA",0.496557904707904,0.00305730237110692,0.0125667039020174
"TCF7","OPC","ADvHA",0.206667958949046,0.0474969570956065,0.0842133247648669
"TEAD1","OPC","ADvHA",0.427722008930119,0.00140469323323547,0.0104087605717617
"TEAD4","OPC","ADvHA",0.442447568560172,0.000333112000579612,0.00754340760593349
"TFAP2A","OPC","ADvHA",0.425901204218206,0.000914164047339115,0.00863680361142776
"TFAP2C(var.2)","OPC","ADvHA",0.338483245945317,0.0020572752273857,0.0115243824684526
"TWIST1","OPC","ADvHA",0.448278875161311,0.00128943368662005,0.0101299587733144
"USF1","OPC","ADvHA",0.276951714145319,0.00657315255275647,0.0191937143646587
"USF2","OPC","ADvHA",0.284769169867611,0.00714527478275673,0.0203858574220472
"YY2","OPC","ADvHA",-0.162161413139504,0.0161886151950394,0.0357052035486408
"ZNF263","OPC","ADvHA",0.271019425662047,0.0569264343647427,0.0948976318964833
"CREM","OPC","ADvHA",-0.0475465617584713,0.495611724514118,0.525497858655673
"FOXF2","Endo","HAvYA",-0.21264997515588,0.278780204463187,0.985520413099923
"FOXD1","Endo","HAvYA",-0.0378472993445865,0.683027605808625,0.985520413099923
"IRF2","Endo","HAvYA",0.0782972983955939,0.688619746885434,0.985520413099923
"MZF1(var.2)","Endo","HAvYA",-0.0800754531096095,0.623490465117817,0.985520413099923
"MAX::MYC","Endo","HAvYA",-0.00370164662765182,0.980283685224466,0.989664390346231
"PPARG","Endo","HAvYA",-0.0183417312304553,0.938393680985299,0.985520413099923
"PAX6","Endo","HAvYA",0.022052329606359,0.834813865016404,0.985520413099923
"PBX1","Endo","HAvYA",-0.216952767878189,0.371515528483951,0.985520413099923
"RORA","Endo","HAvYA",-0.147434263870426,0.248181760428665,0.985520413099923
"RORA(var.2)","Endo","HAvYA",-0.0728303719006452,0.482190533519871,0.985520413099923
"RREB1","Endo","HAvYA",-0.281231546158601,0.28164759497113,0.985520413099923
"RXRA::VDR","Endo","HAvYA",-0.0733818349009182,0.449058064981875,0.985520413099923
"SOX9","Endo","HAvYA",-0.324515537837425,0.0134833660910064,0.985520413099923
"SRY","Endo","HAvYA",-0.154394074974429,0.231920985497799,0.985520413099923
"TAL1::TCF3","Endo","HAvYA",-0.23995607337385,0.450421684504417,0.985520413099923
"REL","Endo","HAvYA",-0.0338571478493559,0.856842264641395,0.985520413099923
"RELA","Endo","HAvYA",-0.0269322329534405,0.887031700386099,0.985520413099923
"NR1H2::RXRA","Endo","HAvYA",-0.0287723326813751,0.811276342807318,0.985520413099923
"NFIC::TLX1","Endo","HAvYA",0.0123955605131947,0.953535309367791,0.985520413099923
"ZNF354C","Endo","HAvYA",-0.138430278828418,0.571485122838823,0.985520413099923
"CTCF","Endo","HAvYA",-0.244869463980218,0.339246234394719,0.985520413099923
"EWSR1-FLI1","Endo","HAvYA",-0.185148308411747,0.359705023261764,0.985520413099923
"REST","Endo","HAvYA",0.00981962153217322,0.970676600992119,0.987842907440533
"NFATC2","Endo","HAvYA",-0.217551349924091,0.304689164984713,0.985520413099923
"INSM1","Endo","HAvYA",-0.21921378005872,0.345632796259565,0.985520413099923
"RARA::RXRA","Endo","HAvYA",-0.0800712351971116,0.432769952514389,0.985520413099923
"NR4A2","Endo","HAvYA",-0.128982659184656,0.299154849991617,0.985520413099923
"PLAG1","Endo","HAvYA",-0.117159849030459,0.442693297997433,0.985520413099923
"ARNT::HIF1A","Endo","HAvYA",0.0782632489714971,0.474699182460948,0.985520413099923
"DUX4","Endo","HAvYA",-0.0581355633762403,0.778219196215108,0.985520413099923
"FOS","Endo","HAvYA",-0.0553905822146501,0.921710331281001,0.985520413099923
"FOSL2","Endo","HAvYA",0.0742323117479375,0.902620753601655,0.985520413099923
"FOXH1","Endo","HAvYA",-0.2259838725926,0.301694643039548,0.985520413099923
"JUN","Endo","HAvYA",-0.192675659990496,0.233831943295883,0.985520413099923
"JUN(var.2)","Endo","HAvYA",0.0846459062656766,0.87821884076903,0.985520413099923
"JUND(var.2)","Endo","HAvYA",-0.221536758460155,0.257925349076954,0.985520413099923
"MEF2C","Endo","HAvYA",-0.0383216900562351,0.885114632032711,0.985520413099923
"MAF::NFE2","Endo","HAvYA",0.00604311158282989,0.982130969074034,0.989950483159018
"NR2C2","Endo","HAvYA",0.000846491715888575,0.99549294277079,0.997068089832136
"NRF1","Endo","HAvYA",-0.106174535149827,0.558067432969927,0.985520413099923
"POU2F2","Endo","HAvYA",-0.138095774580684,0.513672336228154,0.985520413099923
"SMAD2::SMAD3::SMAD4","Endo","HAvYA",-0.0438520204238149,0.875151588110457,0.985520413099923
"STAT1::STAT2","Endo","HAvYA",0.136293237208699,0.575152000401934,0.985520413099923
"TCF7L2","Endo","HAvYA",-0.392759443732729,0.0243472681452836,0.985520413099923
"ZBTB33","Endo","HAvYA",-0.163910434796078,0.203868376413029,0.985520413099923
"ELK4","Endo","HAvYA",-0.19934400613926,0.57409570676743,0.985520413099923
"ESR2","Endo","HAvYA",-0.116231189465221,0.495569447591778,0.985520413099923
"IRF1","Endo","HAvYA",-0.00634188513837985,0.977960962270264,0.989664390346231
"STAT1","Endo","HAvYA",-0.365340079847248,0.120331895625223,0.985520413099923
"STAT3","Endo","HAvYA",-0.319487692434946,0.118084887821627,0.985520413099923
"GATA1::TAL1","Endo","HAvYA",-0.185878600555563,0.346928920078622,0.985520413099923
"YY1","Endo","HAvYA",0.0105855909412243,0.93891424271903,0.985520413099923
"FOXP2","Endo","HAvYA",-0.178359504493094,0.318295471993308,0.985520413099923
"SREBF1","Endo","HAvYA",-0.136388935428604,0.409295881320286,0.985520413099923
"SREBF2","Endo","HAvYA",-0.097287862380463,0.475095825564342,0.985520413099923
"THAP1","Endo","HAvYA",-0.154158433985487,0.63357912443049,0.985520413099923
"KLF5","Endo","HAvYA",-0.101148970968459,0.532412326888154,0.985520413099923
"DMRT3","Endo","HAvYA",-0.0804725350633029,0.698713400577426,0.985520413099923
"FOXG1","Endo","HAvYA",-0.0378472993445865,0.683027605808625,0.985520413099923
"LBX1","Endo","HAvYA",-0.0896441646907455,0.636481746934621,0.985520413099923
"NFATC3","Endo","HAvYA",-0.0775893581748065,0.601824364854997,0.985520413099923
"POU6F1","Endo","HAvYA",-0.0202894710486715,0.927464106382914,0.985520413099923
"SHOX","Endo","HAvYA",0.0447508695872419,0.769043077345133,0.985520413099923
"ALX3","Endo","HAvYA",-0.12816254371809,0.461325622711649,0.985520413099923
"BARHL2","Endo","HAvYA",-0.295016784201443,0.0272744841221466,0.985520413099923
"BHLHE41","Endo","HAvYA",0.161071239961052,0.191406413129707,0.985520413099923
"CENPB","Endo","HAvYA",-0.1215992409365,0.358940042435792,0.985520413099923
"CREB3","Endo","HAvYA",0.0180165631032664,0.872975693454348,0.985520413099923
"DBP","Endo","HAvYA",-0.25033352827471,0.215306970397529,0.985520413099923
"ELF4","Endo","HAvYA",-0.0680459830701856,0.827440880842073,0.985520413099923
"ELF5","Endo","HAvYA",-0.0504360578826049,0.89348866101712,0.985520413099923
"EN1","Endo","HAvYA",-0.0755839283349868,0.607290904786877,0.985520413099923
"EN2","Endo","HAvYA",-0.0366365095711038,0.825153739972009,0.985520413099923
"ESX1","Endo","HAvYA",-0.06984759505061,0.641303795428004,0.985520413099923
"ETV6","Endo","HAvYA",-0.187182885612539,0.581367511364061,0.985520413099923
"FLI1","Endo","HAvYA",-0.337357404044913,0.347437406536687,0.985520413099923
"FOXI1","Endo","HAvYA",0.0263844393730481,0.848189026204317,0.985520413099923
"FOXL1","Endo","HAvYA",0.0263844393730481,0.848189026204317,0.985520413099923
"FOXO3","Endo","HAvYA",-0.0378472993445865,0.683027605808625,0.985520413099923
"GCM1","Endo","HAvYA",-0.0858780909898836,0.684100727530787,0.985520413099923
"GRHL1","Endo","HAvYA",0.0656135050117678,0.463079196051158,0.985520413099923
"GSC","Endo","HAvYA",-0.170102778781198,0.344995916839756,0.985520413099923
"HEY2","Endo","HAvYA",0.119158524837792,0.215260014170403,0.985520413099923
"HINFP","Endo","HAvYA",-0.153786425141493,0.258542659206286,0.985520413099923
"HNF1A","Endo","HAvYA",-0.00965556967863512,0.956794783266008,0.985520413099923
"HNF1B","Endo","HAvYA",0.0634887524302656,0.71805848560719,0.985520413099923
"HOXC11","Endo","HAvYA",-0.0902494141604447,0.203936454591875,0.985520413099923
"HSF1","Endo","HAvYA",-0.00203331872105367,0.991017317099105,0.994158417945695
"IRF8","Endo","HAvYA",-0.0151060522610731,0.944964541051822,0.985520413099923
"IRF9","Endo","HAvYA",0.0704809640211859,0.707802026084699,0.985520413099923
"ISX","Endo","HAvYA",0.0447508695872419,0.769043077345133,0.985520413099923
"JDP2","Endo","HAvYA",-0.0379554737281584,0.936255995048048,0.985520413099923
"JDP2(var.2)","Endo","HAvYA",-0.232421146647672,0.171743362681798,0.985520413099923
"KLF13","Endo","HAvYA",0.0783604373675937,0.622375398655833,0.985520413099923
"LHX6","Endo","HAvYA",-0.13579451412277,0.550764893035115,0.985520413099923
"MEF2B","Endo","HAvYA",0.0516477573229701,0.820780963434528,0.985520413099923
"MEOX1","Endo","HAvYA",-0.0619235604721073,0.72795772648784,0.985520413099923
"MIXL1","Endo","HAvYA",-0.108090952978152,0.57506846372834,0.985520413099923
"MLX","Endo","HAvYA",0.121274557207373,0.313147384597516,0.985520413099923
"MLXIPL","Endo","HAvYA",0.10929163571656,0.417199961212048,0.985520413099923
"MSC","Endo","HAvYA",-0.296112564516077,0.36672140401493,0.985520413099923
"MSX1","Endo","HAvYA",0.0693546293127012,0.541512233663629,0.985520413099923
"MYF6","Endo","HAvYA",-0.355556752449842,0.194744878305965,0.985520413099923
"NEUROD2","Endo","HAvYA",-0.0746018516032008,0.675944201046959,0.985520413099923
"NEUROG2","Endo","HAvYA",-0.014663260858834,0.943159970858319,0.985520413099923
"NFIA","Endo","HAvYA",0.0350724775678147,0.811230460689014,0.985520413099923
"NFIX","Endo","HAvYA",-0.219985341539627,0.455106087188466,0.985520413099923
"NHLH1","Endo","HAvYA",-0.276607886803169,0.456866620395145,0.985520413099923
"NKX2-3","Endo","HAvYA",-0.169844324533252,0.230189088440077,0.985520413099923
"NKX2-8","Endo","HAvYA",-0.116936029344624,0.426406057282491,0.985520413099923
"NKX6-1","Endo","HAvYA",-0.0698067225457867,0.681988135822921,0.985520413099923
"NKX6-2","Endo","HAvYA",-0.0698067225457867,0.681988135822921,0.985520413099923
"OLIG2","Endo","HAvYA",-0.0656870666499518,0.707250603290753,0.985520413099923
"PAX4","Endo","HAvYA",-0.116648912969275,0.575923949229669,0.985520413099923
"PAX7","Endo","HAvYA",-0.214438786145359,0.187015283752351,0.985520413099923
"POU4F2","Endo","HAvYA",0.17120031688678,0.359815652103235,0.985520413099923
"SP4","Endo","HAvYA",6.2488165550878e-05,0.999784196708333,0.999784196708333
"SPDEF","Endo","HAvYA",-0.286639909429049,0.154873499581332,0.985520413099923
"SPIC","Endo","HAvYA",-0.0761216917713641,0.791018669086885,0.985520413099923
"SRF","Endo","HAvYA",0.0889281581401062,0.414859082105093,0.985520413099923
"TBXT","Endo","HAvYA",-0.0238802654825,0.887979425268634,0.985520413099923
"TBX2","Endo","HAvYA",-0.163305454258696,0.446233695438949,0.985520413099923
"TBX20","Endo","HAvYA",-0.123160956693443,0.51576240435455,0.985520413099923
"TBX21","Endo","HAvYA",-0.189741522203224,0.365862560616276,0.985520413099923
"TFAP4","Endo","HAvYA",-0.163770264634579,0.516351953020078,0.985520413099923
"TFCP2","Endo","HAvYA",-0.055203736353966,0.659049581621133,0.985520413099923
"TFEB","Endo","HAvYA",0.0751561992086684,0.424940416359379,0.985520413099923
"ZBTB7B","Endo","HAvYA",-0.141460756874326,0.422971350775624,0.985520413099923
"ZBTB7C","Endo","HAvYA",-0.212955660086778,0.206197370664744,0.985520413099923
"ZIC1","Endo","HAvYA",-0.00973700321345561,0.937394994658451,0.985520413099923
"ZIC3","Endo","HAvYA",-0.0591065754854369,0.674671044880668,0.985520413099923
"ZBTB18","Endo","HAvYA",-0.142118732906922,0.592030265091436,0.985520413099923
"LBX2","Endo","HAvYA",-0.0160816709890604,0.920915942780582,0.985520413099923
"MEOX2","Endo","HAvYA",-0.0622520802066636,0.637035065354998,0.985520413099923
"MNX1","Endo","HAvYA",-0.0674357748380746,0.726952907115043,0.985520413099923
"MSX2","Endo","HAvYA",0.0693546293127012,0.541512233663629,0.985520413099923
"NOTO","Endo","HAvYA",-0.0287665685028258,0.900077759527988,0.985520413099923
"OTX1","Endo","HAvYA",-0.123505170947339,0.482871684540097,0.985520413099923
"PDX1","Endo","HAvYA",-0.172539359718712,0.284580824594903,0.985520413099923
"PHOX2A","Endo","HAvYA",-0.36254781868799,0.165727345100798,0.985520413099923
"PITX3","Endo","HAvYA",-0.0991915481128378,0.504149215263801,0.985520413099923
"PROP1","Endo","HAvYA",-0.348240288174408,0.213175551710184,0.985520413099923
"PRRX1","Endo","HAvYA",0.0447508695872419,0.769043077345133,0.985520413099923
"RAX2","Endo","HAvYA",0.0447508695872419,0.769043077345133,0.985520413099923
"RAX","Endo","HAvYA",-0.146704033293642,0.51914795066737,0.985520413099923
"RHOXF1","Endo","HAvYA",0.119960183696474,0.263320055741916,0.985520413099923
"UNCX","Endo","HAvYA",-0.0572705579281876,0.770344622916884,0.985520413099923
"VAX1","Endo","HAvYA",-0.15315458396344,0.313277658115477,0.985520413099923
"VAX2","Endo","HAvYA",-0.15315458396344,0.313277658115477,0.985520413099923
"VENTX","Endo","HAvYA",-0.192504714122456,0.237925711147917,0.985520413099923
"VSX1","Endo","HAvYA",-0.216902294817883,0.301746913313216,0.985520413099923
"VSX2","Endo","HAvYA",-0.216902294817883,0.301746913313216,0.985520413099923
"ESR1","Endo","HAvYA",-0.197283271000716,0.139072052677396,0.985520413099923
"ESRRB","Endo","HAvYA",-0.0927301751968207,0.329062100197313,0.985520413099923
"NR2F1","Endo","HAvYA",0.0242263316811391,0.847340990008299,0.985520413099923
"NR3C1","Endo","HAvYA",-0.0670445157325035,0.608437110193822,0.985520413099923
"NR3C2","Endo","HAvYA",-0.113614575974393,0.479649078343796,0.985520413099923
"RARA","Endo","HAvYA",0.0461157381640726,0.652117134368311,0.985520413099923
"RARA(var.2)","Endo","HAvYA",-0.0844019384438138,0.495767498954696,0.985520413099923
"BCL6B","Endo","HAvYA",-0.271547842070937,0.0569591036880018,0.985520413099923
"EGR2","Endo","HAvYA",-0.232280287381389,0.118773602449916,0.985520413099923
"EGR3","Endo","HAvYA",-0.364930836939263,0.0313540266412444,0.985520413099923
"EGR4","Endo","HAvYA",-0.215741366486458,0.124048323734313,0.985520413099923
"GLIS1","Endo","HAvYA",0.0283046032574998,0.820874362401035,0.985520413099923
"GLIS2","Endo","HAvYA",-0.0813519322681223,0.523731569325766,0.985520413099923
"GLIS3","Endo","HAvYA",-0.151351568647008,0.45998782362648,0.985520413099923
"HIC2","Endo","HAvYA",-0.240917725058538,0.547687529063528,0.985520413099923
"KLF14","Endo","HAvYA",-0.118926491436461,0.571128565257007,0.985520413099923
"KLF16","Endo","HAvYA",-0.166477234852191,0.290960511450056,0.985520413099923
"SP8","Endo","HAvYA",-0.180687137989381,0.382956564232264,0.985520413099923
"ZBED1","Endo","HAvYA",-0.0684474467937007,0.537594784240728,0.985520413099923
"ZIC4","Endo","HAvYA",-0.0965082207613799,0.549879874120498,0.985520413099923
"ZNF143","Endo","HAvYA",-0.190830333772299,0.40179507783807,0.985520413099923
"ZNF410","Endo","HAvYA",-0.16470181278051,0.0817932655691519,0.985520413099923
"CUX1","Endo","HAvYA",-0.0956508061968299,0.590659716744764,0.985520413099923
"CUX2","Endo","HAvYA",0.0489245871465217,0.755430459077037,0.985520413099923
"ONECUT2","Endo","HAvYA",0.0384709962777453,0.827595118245195,0.985520413099923
"ONECUT3","Endo","HAvYA",-0.0137993654558355,0.919399694095579,0.985520413099923
"E2F7","Endo","HAvYA",-0.133009334073025,0.357880274030951,0.985520413099923
"ELK3","Endo","HAvYA",-0.135544198678449,0.698637660557986,0.985520413099923
"ERF","Endo","HAvYA",-0.262585856855346,0.466463925616225,0.985520413099923
"ERG","Endo","HAvYA",-0.308435906758283,0.410698140598804,0.985520413099923
"ETS1","Endo","HAvYA",-0.196620053298328,0.611620074486735,0.985520413099923
"ETV2","Endo","HAvYA",-0.0851118129179929,0.839592443956481,0.985520413099923
"ETV3","Endo","HAvYA",-0.248244618973613,0.444298192256437,0.985520413099923
"FEV","Endo","HAvYA",-0.262083507528854,0.436861279153293,0.985520413099923
"GCM2","Endo","HAvYA",-0.137466167747793,0.383143324775881,0.985520413099923
"LEF1","Endo","HAvYA",-0.262325432751551,0.134566726307677,0.985520413099923
"HSF2","Endo","HAvYA",-0.0185043411491054,0.908749454477883,0.985520413099923
"HSF4","Endo","HAvYA",0.0708043555298044,0.693231481667572,0.985520413099923
"IRF7","Endo","HAvYA",-0.162529961737612,0.444683501381054,0.985520413099923
"MEF2D","Endo","HAvYA",-0.0170834414898227,0.948960021152943,0.985520413099923
"MEIS1","Endo","HAvYA",0.0692502896464071,0.619153022991965,0.985520413099923
"MEIS2","Endo","HAvYA",-0.0563599917056629,0.787557390959391,0.985520413099923
"MEIS3","Endo","HAvYA",-0.0454802460146025,0.776662946764787,0.985520413099923
"MYBL1","Endo","HAvYA",-0.00477290925132579,0.965280657380651,0.985520413099923
"MYBL2","Endo","HAvYA",-0.124562299233363,0.242764901709041,0.985520413099923
"NFKB1","Endo","HAvYA",0.0438231533464437,0.713412842968363,0.985520413099923
"NFKB2","Endo","HAvYA",0.0977404604677189,0.481875746019951,0.985520413099923
"PAX1","Endo","HAvYA",0.106528578043389,0.334792199398325,0.985520413099923
"PAX3","Endo","HAvYA",-0.26206462445862,0.222604282382863,0.985520413099923
"PAX9","Endo","HAvYA",0.101506708760953,0.361667899787913,0.985520413099923
"PKNOX2","Endo","HAvYA",-0.0933280924265169,0.781711273436178,0.985520413099923
"POU1F1","Endo","HAvYA",-0.234211871187579,0.184522784247968,0.985520413099923
"POU2F1","Endo","HAvYA",-0.092384382291064,0.506423925302582,0.985520413099923
"POU3F1","Endo","HAvYA",-0.0824475163437779,0.605322043762722,0.985520413099923
"POU3F2","Endo","HAvYA",-0.11492954461118,0.508375355931904,0.985520413099923
"POU3F3","Endo","HAvYA",-0.130103450287424,0.473726669834098,0.985520413099923
"POU3F4","Endo","HAvYA",-0.20447122756746,0.129337858394269,0.985520413099923
"POU4F1","Endo","HAvYA",0.0576028594929706,0.707449954754883,0.985520413099923
"POU4F3","Endo","HAvYA",0.053966826986391,0.729528100679213,0.985520413099923
"POU5F1B","Endo","HAvYA",-0.134907807058253,0.316032532595422,0.985520413099923
"POU6F2","Endo","HAvYA",-0.00702798625175502,0.967694082560123,0.986393485121671
"PROX1","Endo","HAvYA",-0.218499776099452,0.0658747015532053,0.985520413099923
"RFX2","Endo","HAvYA",-0.156581198428538,0.4199477030781,0.985520413099923
"SMAD3","Endo","HAvYA",-0.116987391146204,0.118607568293509,0.985520413099923
"TGIF1","Endo","HAvYA",-0.0310831393594214,0.885036989946985,0.985520413099923
"TGIF2","Endo","HAvYA",-0.0384857849109096,0.865609407880392,0.985520413099923
"RFX4","Endo","HAvYA",-0.117121367243982,0.475263609179744,0.985520413099923
"RFX5","Endo","HAvYA",-0.271220217412814,0.295438328879377,0.985520413099923
"RUNX2","Endo","HAvYA",0.00634595598067994,0.965024331920054,0.985520413099923
"EOMES","Endo","HAvYA",-0.129295080449466,0.440047650528991,0.985520413099923
"MGA","Endo","HAvYA",0.0190002337868617,0.91557619310777,0.985520413099923
"TBR1","Endo","HAvYA",-0.01254562272244,0.953380545400233,0.985520413099923
"TBX15","Endo","HAvYA",0.0190002337868617,0.91557619310777,0.985520413099923
"TBX19","Endo","HAvYA",-0.022245290751512,0.878441049715491,0.985520413099923
"TBX1","Endo","HAvYA",0.0469439682969642,0.745315917811386,0.985520413099923
"TBX4","Endo","HAvYA",0.0451976964870406,0.774965771980218,0.985520413099923
"TBX5","Endo","HAvYA",0.0451976964870406,0.774965771980218,0.985520413099923
"TEAD3","Endo","HAvYA",-0.197521518248049,0.2066524238389,0.985520413099923
"TFAP2A(var.2)","Endo","HAvYA",-0.0912395029904367,0.57303018407576,0.985520413099923
"TFAP2B","Endo","HAvYA",-0.0602421714381163,0.763241793205195,0.985520413099923
"TFAP2B(var.2)","Endo","HAvYA",-0.0929175048289482,0.614993348355139,0.985520413099923
"TFAP2B(var.3)","Endo","HAvYA",-0.0740815672604885,0.630130945579719,0.985520413099923
"TFAP2C","Endo","HAvYA",-0.0871195940918836,0.674644762531231,0.985520413099923
"TFAP2C(var.3)","Endo","HAvYA",-0.0634607712010591,0.649156700524141,0.985520413099923
"BHLHE40","Endo","HAvYA",0.19731522286851,0.181859755425924,0.985520413099923
"BHLHE23","Endo","HAvYA",-0.0802015967404912,0.664631022671894,0.985520413099923
"BHLHE22","Endo","HAvYA",-0.0276283074025838,0.901829118206337,0.985520413099923
"CLOCK","Endo","HAvYA",0.0320842052643035,0.808606489501582,0.985520413099923
"FIGLA","Endo","HAvYA",-0.0989444549458207,0.681024480242909,0.985520413099923
"HES5","Endo","HAvYA",0.188179683166947,0.14352786027606,0.985520413099923
"HES7","Endo","HAvYA",0.144121006991898,0.316975089352064,0.985520413099923
"HEY1","Endo","HAvYA",0.183114696804481,0.167336234753103,0.985520413099923
"MAX","Endo","HAvYA",0.137538829875625,0.236234201140327,0.985520413099923
"MNT","Endo","HAvYA",0.211208915665255,0.0742450146187128,0.985520413099923
"OLIG1","Endo","HAvYA",-0.103487156176116,0.59957825479816,0.985520413099923
"OLIG3","Endo","HAvYA",-0.153723547869161,0.429287319338636,0.985520413099923
"SREBF2(var.2)","Endo","HAvYA",0.0378956045437772,0.764864428142301,0.985520413099923
"ATF7","Endo","HAvYA",-0.170320418422662,0.318797898375495,0.985520413099923
"CEBPB","Endo","HAvYA",0.0906845458604017,0.609418431612056,0.985520413099923
"CEBPE","Endo","HAvYA",0.0340193154717408,0.857411432811231,0.985520413099923
"CEBPG","Endo","HAvYA",0.0716328221903832,0.706100459804165,0.985520413099923
"CREB3L1","Endo","HAvYA",-0.0416269479695458,0.754806363479953,0.985520413099923
"NFE2","Endo","HAvYA",0.104752421461253,0.830318492666412,0.985520413099923
"TEF","Endo","HAvYA",-0.279019571998113,0.170119142108795,0.985520413099923
"XBP1","Endo","HAvYA",0.00921679731842873,0.933926747258842,0.985520413099923
"FOXB1","Endo","HAvYA",-0.231588627786061,0.221032274252244,0.985520413099923
"FOXC1","Endo","HAvYA",-0.123140926173229,0.582755169058717,0.985520413099923
"FOXC2","Endo","HAvYA",-0.290637682051135,0.294406531041599,0.985520413099923
"FOXO4","Endo","HAvYA",0.0263844393730481,0.848189026204317,0.985520413099923
"FOXO6","Endo","HAvYA",0.0263844393730481,0.848189026204317,0.985520413099923
"FOXP3","Endo","HAvYA",0.0263844393730481,0.848189026204317,0.985520413099923
"RXRB","Endo","HAvYA",-0.0790885007542538,0.589225067187604,0.985520413099923
"RXRG","Endo","HAvYA",-0.120972780658476,0.397700883912268,0.985520413099923
"TP63","Endo","HAvYA",0.112194804337038,0.236204651301488,0.985520413099923
"TP53","Endo","HAvYA",0.0537823530978181,0.760205925390282,0.985520413099923
"TP73","Endo","HAvYA",0.130523283490512,0.336639994020742,0.985520413099923
"GMEB2","Endo","HAvYA",-0.0727949317488626,0.628132587654066,0.985520413099923
"MTF1","Endo","HAvYA",-0.249919628045153,0.140758698910516,0.985520413099923
"E2F1","Endo","HAvYA",0.0148930724082594,0.866703111436328,0.985520413099923
"E2F8","Endo","HAvYA",0.0345051526816238,0.705168157767704,0.985520413099923
"SOX21","Endo","HAvYA",-0.210212222177367,0.345245854466281,0.985520413099923
"TFAP2A(var.3)","Endo","HAvYA",-0.0796561124529246,0.540263408802099,0.985520413099923
"ELK1","Endo","HAvYA",-0.179496349256854,0.568417697964663,0.985520413099923
"HOXD12","Endo","HAvYA",-0.0118823023305286,0.912789613024576,0.985520413099923
"BARX1","Endo","HAvYA",-0.158785748549178,0.405166593606193,0.985520413099923
"BSX","Endo","HAvYA",0.0546810732709351,0.566818282398264,0.985520413099923
"DLX6","Endo","HAvYA",-0.0979837657032619,0.290682956610621,0.985520413099923
"DUXA","Endo","HAvYA",0.0545052617112183,0.793183268624748,0.985520413099923
"EMX2","Endo","HAvYA",-0.121784447189804,0.559025403062972,0.985520413099923
"EVX1","Endo","HAvYA",-0.134439946322812,0.521040811826155,0.985520413099923
"EVX2","Endo","HAvYA",-0.1471737086521,0.505716819332033,0.985520413099923
"GBX1","Endo","HAvYA",-0.131747432512137,0.354214355489392,0.985520413099923
"GBX2","Endo","HAvYA",-0.174052426124174,0.469978615312784,0.985520413099923
"GSC2","Endo","HAvYA",-0.157933652569041,0.385482978605323,0.985520413099923
"GSX1","Endo","HAvYA",-0.0998631458463651,0.538611361701629,0.985520413099923
"HESX1","Endo","HAvYA",-0.0756790484773549,0.700753479230103,0.985520413099923
"HMBOX1","Endo","HAvYA",-0.122518243551991,0.202153010378196,0.985520413099923
"HOXA10","Endo","HAvYA",-0.118606313063153,0.534632327605559,0.985520413099923
"HOXB3","Endo","HAvYA",-0.134367808727224,0.51731710414092,0.985520413099923
"HOXC10","Endo","HAvYA",-0.0340226608002356,0.811642675577628,0.985520413099923
"HOXC12","Endo","HAvYA",-0.105681981859046,0.287318536463911,0.985520413099923
"HOXC13","Endo","HAvYA",-0.196227664312954,0.22529742490874,0.985520413099923
"HOXD11","Endo","HAvYA",-0.115316892253224,0.395303033667785,0.985520413099923
"ISL2","Endo","HAvYA",-0.0260678288962408,0.840638804440129,0.985520413099923
"FOXK1","Endo","HAvYA",-0.0535618883279758,0.643049798273081,0.985520413099923
"GATA2","Endo","HAvYA",-0.176649640145615,0.262339498660712,0.985520413099923
"HIF1A","Endo","HAvYA",-0.0125981662914069,0.906257092334406,0.985520413099923
"MYC","Endo","HAvYA",0.061792728435538,0.661348866690592,0.985520413099923
"MYB","Endo","HAvYA",0.115320381842276,0.412667003558292,0.985520413099923
"MYCN","Endo","HAvYA",0.0444702160424292,0.73021375138551,0.985520413099923
"NEUROD1","Endo","HAvYA",-0.315684969737102,0.516511528125002,0.985520413099923
"NFIC","Endo","HAvYA",-0.155561955168347,0.652056282467524,0.985520413099923
"NFYA","Endo","HAvYA",0.0863427126064987,0.57439134729806,0.985520413099923
"NR1H4","Endo","HAvYA",-0.162145985350413,0.158346311271208,0.985520413099923
"NR2F2","Endo","HAvYA",-0.0665082281217353,0.546842712533574,0.985520413099923
"PAX5","Endo","HAvYA",-0.0501156002314577,0.665830847183524,0.985520413099923
"PBX3","Endo","HAvYA",-0.00626012775208726,0.960615707187229,0.985520413099923
"POU5F1","Endo","HAvYA",-0.0669376068008273,0.743838985728208,0.985520413099923
"RBPJ","Endo","HAvYA",-0.0811763130841633,0.586918924512538,0.985520413099923
"RELB","Endo","HAvYA",-0.153396595310402,0.294735809753618,0.985520413099923
"SIX1","Endo","HAvYA",-0.270085051107664,0.0648959509608825,0.985520413099923
"SIX2","Endo","HAvYA",-0.0980573505226854,0.534791633299465,0.985520413099923
"SOX10","Endo","HAvYA",-0.186333339510885,0.136276788245833,0.985520413099923
"SOX13","Endo","HAvYA",-0.277916582547584,0.162242738848461,0.985520413099923
"TEAD2","Endo","HAvYA",-0.168017755632825,0.348027018995255,0.985520413099923
"TFDP1","Endo","HAvYA",-0.0526398328491569,0.801414621587331,0.985520413099923
"ZBTB7A","Endo","HAvYA",-0.150695434799714,0.612462261859705,0.985520413099923
"ZEB1","Endo","HAvYA",-0.142355563986285,0.672667700186822,0.985520413099923
"ZNF24","Endo","HAvYA",-0.230357984750169,0.450988607090316,0.985520413099923
"ZNF384","Endo","HAvYA",-0.0258582350077285,0.925189035901608,0.985520413099923
"ZNF282","Endo","HAvYA",-0.195082402120365,0.224428477264601,0.985520413099923
"ZSCAN4","Endo","HAvYA",-0.380245390544645,0.0816379110989127,0.985520413099923
"GATA3","Endo","HAvYA",-0.18631519766709,0.125618098390334,0.985520413099923
"FOS::JUN","Endo","HAvYA",-0.0446250900548204,0.938517862066454,0.985520413099923
"FOS::JUN(var.2)","Endo","HAvYA",-0.25490891696631,0.117734872871436,0.985520413099923
"FOSB::JUN","Endo","HAvYA",-0.211452867245641,0.187731725774105,0.985520413099923
"FOSL1::JUN","Endo","HAvYA",-0.0612343435944558,0.916138589730558,0.985520413099923
"FOSL1::JUN(var.2)","Endo","HAvYA",-0.176899418884898,0.353960891969735,0.985520413099923
"FOSL2::JUN","Endo","HAvYA",-0.0281191652295072,0.960885629520895,0.985520413099923
"FOSL2::JUN(var.2)","Endo","HAvYA",-0.282140734071158,0.16424775236167,0.985520413099923
"JUN::JUNB","Endo","HAvYA",-0.0313786658059754,0.95053939087449,0.985520413099923
"JUN::JUNB(var.2)","Endo","HAvYA",-0.138514583676104,0.470882287638617,0.985520413099923
"FOS::JUNB","Endo","HAvYA",-0.0802734347546119,0.889195432984613,0.985520413099923
"FOSB::JUNB","Endo","HAvYA",-0.0541858024156279,0.92456736767647,0.985520413099923
"FOSB::JUNB(var.2)","Endo","HAvYA",-0.20281587184995,0.236672109552363,0.985520413099923
"FOSL1::JUNB","Endo","HAvYA",-0.0980280425021467,0.860845620451199,0.985520413099923
"FOSL2::JUNB","Endo","HAvYA",-0.0402272379747959,0.94398399828711,0.985520413099923
"FOSL2::JUNB(var.2)","Endo","HAvYA",-0.263437349725324,0.209330072168673,0.985520413099923
"FOS::JUND","Endo","HAvYA",-0.0976865684996893,0.870793835889128,0.985520413099923
"FOSL1::JUND","Endo","HAvYA",-0.078380922832519,0.885288353521225,0.985520413099923
"FOSL1::JUND(var.2)","Endo","HAvYA",-0.0812048432193484,0.67498465700755,0.985520413099923
"FOSL2::JUND","Endo","HAvYA",-0.0577404854872399,0.918852646054643,0.985520413099923
"FOSL2::JUND(var.2)","Endo","HAvYA",-0.207518215362453,0.236725523099596,0.985520413099923
"NR1H4::RXRA","Endo","HAvYA",-0.106882053156674,0.420988088024342,0.985520413099923
"NR4A2::RXRA","Endo","HAvYA",-0.109490273164255,0.515947501243332,0.985520413099923
"PPARA::RXRA","Endo","HAvYA",0.10740835633077,0.439121784355134,0.985520413099923
"RARA::RXRG","Endo","HAvYA",-0.0701310491596628,0.506783740205927,0.985520413099923
"RORB","Endo","HAvYA",-0.0474559556003022,0.701220556462592,0.985520413099923
"RORC","Endo","HAvYA",-0.064792002470585,0.618569106057938,0.985520413099923
"SOX15","Endo","HAvYA",-0.26222247320138,0.0637065412279038,0.985520413099923
"TFE3","Endo","HAvYA",0.178155973226813,0.225395380130936,0.985520413099923
"VDR","Endo","HAvYA",-0.161373543281485,0.202600983426728,0.985520413099923
"IRF3","Endo","HAvYA",-0.107746050554008,0.645396082013649,0.985520413099923
"IRF4","Endo","HAvYA",0.135420707089256,0.524307187707287,0.985520413099923
"IRF5","Endo","HAvYA",-0.0175875570425902,0.908213561502964,0.985520413099923
"TCF7L1","Endo","HAvYA",-0.380803820040571,0.0221772438447811,0.985520413099923
"ARGFX","Endo","HAvYA",-0.135080036901804,0.575316876085678,0.985520413099923
"ARNT2","Endo","HAvYA",0.0890784056719776,0.434593959203307,0.985520413099923
"ATF6","Endo","HAvYA",-0.00779805972222847,0.940499016829966,0.985520413099923
"ATOH1(var.2)","Endo","HAvYA",-0.205989214202261,0.632764376295526,0.985520413099923
"ATOH7","Endo","HAvYA",-0.0507490945285535,0.818703358373691,0.985520413099923
"BACH2","Endo","HAvYA",0.131844870001431,0.789517114648127,0.985520413099923
"BACH2(var.2)","Endo","HAvYA",-0.153036302011065,0.236409931476094,0.985520413099923
"BARX2","Endo","HAvYA",0.038078011404741,0.812415873430439,0.985520413099923
"BHLHA15(var.2)","Endo","HAvYA",-0.182954524960097,0.630500224599729,0.985520413099923
"CDX4","Endo","HAvYA",-0.0670448354561061,0.745956078950627,0.985520413099923
"CREB3L4","Endo","HAvYA",-0.0254370877420046,0.855498233706027,0.985520413099923
"CREB3L4(var.2)","Endo","HAvYA",-0.100860704163659,0.600811871144735,0.985520413099923
"DLX5","Endo","HAvYA",0.0151514322580026,0.927343462359759,0.985520413099923
"DMRTA2","Endo","HAvYA",-0.143078679633102,0.46162375102426,0.985520413099923
"DMRTC2","Endo","HAvYA",-0.135667384395289,0.538791951640916,0.985520413099923
"DPRX","Endo","HAvYA",-0.174497283514372,0.265237604212433,0.985520413099923
"DRGX","Endo","HAvYA",-0.15315458396344,0.313277658115477,0.985520413099923
"ELF2","Endo","HAvYA",-0.0233272964647122,0.945406688577257,0.985520413099923
"ETS2","Endo","HAvYA",-0.0924300423734539,0.79143032923457,0.985520413099923
"FERD3L","Endo","HAvYA",-0.18886719811927,0.61695678025642,0.985520413099923
"FOXE1","Endo","HAvYA",-0.378734174262918,0.12207584825264,0.985520413099923
"FOXN3","Endo","HAvYA",-0.0937202477204075,0.471297983861167,0.985520413099923
"GLI3","Endo","HAvYA",-0.135593537262752,0.590888130504088,0.985520413099923
"HES6","Endo","HAvYA",0.095329105438957,0.522987655113184,0.985520413099923
"HNF4A(var.2)","Endo","HAvYA",-0.00769109583811201,0.958836206553071,0.985520413099923
"HOXA1","Endo","HAvYA",-0.1291750265705,0.335428068881637,0.985520413099923
"HOXA4","Endo","HAvYA",-0.124173524614425,0.531292896864495,0.985520413099923
"HOXA6","Endo","HAvYA",-0.0275048766801592,0.872225381770263,0.985520413099923
"HOXA7","Endo","HAvYA",-0.129628743820029,0.319485679368631,0.985520413099923
"HOXB4","Endo","HAvYA",-0.101823766137239,0.563365378041788,0.985520413099923
"HOXB6","Endo","HAvYA",-0.127744527210009,0.426772579435864,0.985520413099923
"HOXB7","Endo","HAvYA",-0.0600623981502406,0.717248132074922,0.985520413099923
"HOXB8","Endo","HAvYA",-0.0692585033089086,0.564829882442534,0.985520413099923
"HOXB9","Endo","HAvYA",-0.0314764610923945,0.823421208693163,0.985520413099923
"HOXC4","Endo","HAvYA",-0.0735184276547896,0.58982849193549,0.985520413099923
"HOXC8","Endo","HAvYA",-0.119266884205182,0.487899851257334,0.985520413099923
"HOXD10","Endo","HAvYA",-0.00950202765617567,0.939815608101549,0.985520413099923
"HOXD4","Endo","HAvYA",-0.058975727711308,0.791104928929017,0.985520413099923
"IKZF1","Endo","HAvYA",0.0214046142615352,0.951546427268973,0.985520413099923
"IRF6","Endo","HAvYA",0.141141102785277,0.379261776773309,0.985520413099923
"KLF10","Endo","HAvYA",-0.204581321052844,0.22529389976571,0.985520413099923
"KLF11","Endo","HAvYA",-0.199104657069266,0.246476509853912,0.985520413099923
"KLF15","Endo","HAvYA",-0.185011161243561,0.355120485760299,0.985520413099923
"KLF17","Endo","HAvYA",-0.193727841109161,0.34782883863835,0.985520413099923
"KLF2","Endo","HAvYA",-0.100692692636142,0.561968310949802,0.985520413099923
"KLF3","Endo","HAvYA",-0.103288151155986,0.592172100512586,0.985520413099923
"KLF6","Endo","HAvYA",-0.00906680648995728,0.965184831230734,0.985520413099923
"LHX1","Endo","HAvYA",-0.0381172379838025,0.789112754580096,0.985520413099923
"LHX5","Endo","HAvYA",-0.0698067225457867,0.681988135822921,0.985520413099923
"MAF","Endo","HAvYA",-0.0941798889120062,0.662624447976301,0.985520413099923
"MAFA","Endo","HAvYA",-0.0608159363710427,0.776757079705662,0.985520413099923
"MAZ","Endo","HAvYA",-0.178959701846262,0.184728184260103,0.985520413099923
"MSANTD3","Endo","HAvYA",-0.295093945351541,0.184091445868463,0.985520413099923
"MSGN1","Endo","HAvYA",-0.196069012504082,0.447689462023088,0.985520413099923
"NFATC4","Endo","HAvYA",-0.115484210085263,0.551599483566758,0.985520413099923
"NFIC(var.2)","Endo","HAvYA",-0.0257551603090709,0.900659258154678,0.985520413099923
"NFIX(var.2)","Endo","HAvYA",-0.0195193416659468,0.913900743849148,0.985520413099923
"NHLH2","Endo","HAvYA",-0.27789468072204,0.459377394752381,0.985520413099923
"NKX6-3","Endo","HAvYA",-0.0211815332071007,0.864280210676937,0.985520413099923
"NR1D1","Endo","HAvYA",-0.0154122427476965,0.917948455413961,0.985520413099923
"NR1D2","Endo","HAvYA",-0.064300300433993,0.600541583297244,0.985520413099923
"NR1I2","Endo","HAvYA",-0.0777862130921906,0.541720924915414,0.985520413099923
"NR1I3","Endo","HAvYA",-0.0492609206107023,0.75633816382268,0.985520413099923
"NR2C1","Endo","HAvYA",-0.196265384444158,0.0472563355821545,0.985520413099923
"NR2C2(var.2)","Endo","HAvYA",-0.134809599596008,0.283171989707888,0.985520413099923
"NR2F1(var.2)","Endo","HAvYA",-0.177939232815701,0.145618225373952,0.985520413099923
"NR2F1(var.3)","Endo","HAvYA",-0.167959755296664,0.100183349988448,0.985520413099923
"NR2F6(var.3)","Endo","HAvYA",-0.172342459746995,0.224089466640364,0.985520413099923
"NR5A1","Endo","HAvYA",-0.111043956424737,0.313947179779343,0.985520413099923
"NR6A1","Endo","HAvYA",-0.00546235297707937,0.95959072983181,0.985520413099923
"OSR1","Endo","HAvYA",-0.275929963173342,0.173369529003387,0.985520413099923
"OVOL1","Endo","HAvYA",0.0318904480309536,0.736004191520892,0.985520413099923
"OVOL2","Endo","HAvYA",-0.101742200369892,0.37416113514542,0.985520413099923
"PAX3(var.2)","Endo","HAvYA",-0.193086834569138,0.078007379771312,0.985520413099923
"PITX2","Endo","HAvYA",0.00878312880796017,0.947755296957573,0.985520413099923
"PLAGL2","Endo","HAvYA",-0.123815631206762,0.332368874809907,0.985520413099923
"POU6F1(var.2)","Endo","HAvYA",0.0487010881801055,0.779638845420082,0.985520413099923
"PPARD","Endo","HAvYA",0.0106547054524464,0.927070098717775,0.985520413099923
"RARB(var.3)","Endo","HAvYA",-0.0244205813525477,0.836358920802678,0.985520413099923
"RARG(var.3)","Endo","HAvYA",-0.0829025131760888,0.468127031326526,0.985520413099923
"RFX7","Endo","HAvYA",-0.117915169936797,0.476540917051392,0.985520413099923
"RXRB(var.2)","Endo","HAvYA",-0.0589819630742248,0.632436112055727,0.985520413099923
"RXRG(var.2)","Endo","HAvYA",-0.150240684510285,0.293953244833549,0.985520413099923
"SMAD5","Endo","HAvYA",-0.203309841043317,0.0142224192990412,0.985520413099923
"SNAI1","Endo","HAvYA",-0.144557323123012,0.661143895836292,0.985520413099923
"SNAI3","Endo","HAvYA",-0.126273461950072,0.727293489704583,0.985520413099923
"SOHLH2","Endo","HAvYA",0.168597165045752,0.11398989111675,0.985520413099923
"SOX12","Endo","HAvYA",-0.150425437161095,0.224016550782254,0.985520413099923
"SOX14","Endo","HAvYA",-0.180790234731141,0.237047336705185,0.985520413099923
"SOX18","Endo","HAvYA",0.0989727189074595,0.550429844782897,0.985520413099923
"SP9","Endo","HAvYA",-0.194332832631814,0.315476361105943,0.985520413099923
"TBX18","Endo","HAvYA",-0.153075424838894,0.405124991444238,0.985520413099923
"TBX3","Endo","HAvYA",0.0240776022234004,0.911188255587258,0.985520413099923
"TBX6","Endo","HAvYA",-0.0423147537019373,0.855561026950771,0.985520413099923
"TCF21(var.2)","Endo","HAvYA",-0.110467739546172,0.613795893970077,0.985520413099923
"TFAP2E","Endo","HAvYA",-0.0361452520073563,0.824301538046454,0.985520413099923
"TFAP4(var.2)","Endo","HAvYA",-0.19036415212652,0.316689089576621,0.985520413099923
"TGIF2LX","Endo","HAvYA",-0.0493601615112615,0.825601990263612,0.985520413099923
"TGIF2LY","Endo","HAvYA",-0.0365343134906896,0.837924269506704,0.985520413099923
"THAP11","Endo","HAvYA",-0.281148180849307,0.0668528339904614,0.985520413099923
"THRB","Endo","HAvYA",-0.130361704884252,0.314051593757098,0.985520413099923
"THRB(var.2)","Endo","HAvYA",-0.195846318527726,0.265425219707856,0.985520413099923
"THRB(var.3)","Endo","HAvYA",-0.148916945636039,0.324701141870875,0.985520413099923
"TLX2","Endo","HAvYA",-0.116648912969275,0.575923949229669,0.985520413099923
"VEZF1","Endo","HAvYA",-0.21733319926921,0.244683019571389,0.985520413099923
"ZBTB26","Endo","HAvYA",-0.118021994038411,0.436686312532579,0.985520413099923
"ZBTB32","Endo","HAvYA",-0.141338930865073,0.196939787070609,0.985520413099923
"ZBTB6","Endo","HAvYA",-0.0668370850785741,0.661975607599164,0.985520413099923
"ZFP57","Endo","HAvYA",-0.0824046297171521,0.528691778306791,0.985520413099923
"ZIC5","Endo","HAvYA",-0.0794493452488397,0.624577436988673,0.985520413099923
"ZKSCAN1","Endo","HAvYA",-0.0820571292711579,0.411134935387663,0.985520413099923
"ZNF135","Endo","HAvYA",-0.0975679570550848,0.479129401839627,0.985520413099923
"ZNF136","Endo","HAvYA",-0.122757789914091,0.308429364034101,0.985520413099923
"ZNF140","Endo","HAvYA",-0.0695816270330363,0.644419349271773,0.985520413099923
"ZNF274","Endo","HAvYA",0.0527205137310794,0.763091108745124,0.985520413099923
"ZNF317","Endo","HAvYA",-0.0836490474216895,0.748934025410088,0.985520413099923
"ZNF382","Endo","HAvYA",-0.149062265518065,0.294636370740755,0.985520413099923
"ZNF460","Endo","HAvYA",-0.0694122530083976,0.570551508521775,0.985520413099923
"ZNF528","Endo","HAvYA",-0.19488570986956,0.320171693221563,0.985520413099923
"ZNF682","Endo","HAvYA",-0.0736615320945573,0.695233834277198,0.985520413099923
"ZNF684","Endo","HAvYA",-0.271180107292688,0.282701703953799,0.985520413099923
"ZNF75D","Endo","HAvYA",-0.144018553388964,0.465714056926996,0.985520413099923
"ZSCAN29","Endo","HAvYA",0.0114965252146239,0.924112105591463,0.985520413099923
"ASCL1","Endo","HAvYA",-0.144458957284647,0.704559736479561,0.985520413099923
"ATF3","Endo","HAvYA",-0.199997547688037,0.183818447873595,0.985520413099923
"BARHL1","Endo","HAvYA",-0.15279421942539,0.161102160139655,0.985520413099923
"BATF::JUN","Endo","HAvYA",-0.0702064409646448,0.893955611168768,0.985520413099923
"BCL6","Endo","HAvYA",-0.197657579555093,0.0706183271898888,0.985520413099923
"CDX1","Endo","HAvYA",-0.152065493908227,0.417180681272456,0.985520413099923
"E2F2","Endo","HAvYA",-0.034188405044508,0.783453294568467,0.985520413099923
"E2F3","Endo","HAvYA",-0.0416078061080761,0.725844906542295,0.985520413099923
"E2F4","Endo","HAvYA",0.0418490945965085,0.74856948402636,0.985520413099923
"EMX1","Endo","HAvYA",-0.172539359718712,0.284580824594903,0.985520413099923
"FOXD2","Endo","HAvYA",-0.366483796476816,0.207060617391184,0.985520413099923
"GATA5","Endo","HAvYA",-0.404255757641591,0.0933114100028192,0.985520413099923
"GFI1","Endo","HAvYA",-0.0854393129579908,0.544978122329952,0.985520413099923
"GLI2","Endo","HAvYA",-0.169865600496154,0.522750122130234,0.985520413099923
"GSX2","Endo","HAvYA",-0.172539359718712,0.284580824594903,0.985520413099923
"HES1","Endo","HAvYA",-0.0587281177862981,0.659583045635883,0.985520413099923
"HES2","Endo","HAvYA",0.0749711790231837,0.523695912191375,0.985520413099923
"HOXA13","Endo","HAvYA",-0.116913087305808,0.321174107161852,0.985520413099923
"HOXA2","Endo","HAvYA",-0.17802690564501,0.346764678183176,0.985520413099923
"HOXA5","Endo","HAvYA",-0.1291750265705,0.335428068881637,0.985520413099923
"HOXA9","Endo","HAvYA",-0.0183859200604606,0.87926931092755,0.985520413099923
"HOXB2","Endo","HAvYA",-0.172539359718712,0.284580824594903,0.985520413099923
"HOXB5","Endo","HAvYA",-0.1291750265705,0.335428068881637,0.985520413099923
"HOXC9","Endo","HAvYA",-0.0369466335763887,0.781097126104873,0.985520413099923
"HOXD13","Endo","HAvYA",-0.229261358759264,0.0827891276057793,0.985520413099923
"HOXD3","Endo","HAvYA",-0.172539359718712,0.284580824594903,0.985520413099923
"HOXD8","Endo","HAvYA",-0.129628743820029,0.319485679368631,0.985520413099923
"HOXD9","Endo","HAvYA",-0.114288490843246,0.471443028656614,0.985520413099923
"JUNB(var.2)","Endo","HAvYA",-0.208563540169812,0.326825642820859,0.985520413099923
"LHX9","Endo","HAvYA",-0.116648912969275,0.575923949229669,0.985520413099923
"LMX1A","Endo","HAvYA",-0.131294789182894,0.501694820518684,0.985520413099923
"LMX1B","Endo","HAvYA",-0.0838147905327026,0.711186776865538,0.985520413099923
"NEUROG1","Endo","HAvYA",-0.0694891423470833,0.7220289157779,0.985520413099923
"NRL","Endo","HAvYA",-0.2376140255836,0.179274902720078,0.985520413099923
"PITX1","Endo","HAvYA",-0.0241283650851818,0.85127056417591,0.985520413099923
"PRRX2","Endo","HAvYA",-0.116648912969275,0.575923949229669,0.985520413099923
"SOX4","Endo","HAvYA",-0.196615251490407,0.245815843490894,0.985520413099923
"SOX8","Endo","HAvYA",-0.258957323186905,0.0282698647994311,0.985520413099923
"SP1","Endo","HAvYA",-0.00640124800688024,0.979971609774384,0.989664390346231
"SP2","Endo","HAvYA",-0.187025175450559,0.288929924083136,0.985520413099923
"SP3","Endo","HAvYA",-0.16670540802962,0.441553208586295,0.985520413099923
"TCFL5","Endo","HAvYA",0.0959292247961432,0.519660763540749,0.985520413099923
"TFEC","Endo","HAvYA",0.0722709300047976,0.611188628126792,0.985520413099923
"ZNF740","Endo","HAvYA",-0.145388275225115,0.414666033436885,0.985520413099923
"ASCL1(var.2)","Endo","HAvYA",-0.0503697257319849,0.885533845559626,0.985520413099923
"ATF2","Endo","HAvYA",-0.14812400021932,0.286921310818606,0.985520413099923
"BACH1","Endo","HAvYA",-0.0877460793299243,0.826681987505989,0.985520413099923
"BATF","Endo","HAvYA",-0.0515145544276843,0.923252974210042,0.985520413099923
"BHLHE22(var.2)","Endo","HAvYA",-0.168586719232729,0.631656534860952,0.985520413099923
"CEBPG(var.2)","Endo","HAvYA",-0.16335943285344,0.515877024295265,0.985520413099923
"EBF3","Endo","HAvYA",-0.176302605939738,0.267651127059699,0.985520413099923
"HAND2","Endo","HAvYA",-0.283513814503203,0.390864790451954,0.985520413099923
"MEIS1(var.2)","Endo","HAvYA",-0.18706602213565,0.255691253273862,0.985520413099923
"MEIS2(var.2)","Endo","HAvYA",-0.272102648393205,0.1442004765033,0.985520413099923
"MYF5","Endo","HAvYA",-0.299517380968419,0.519083192371769,0.985520413099923
"NEUROG2(var.2)","Endo","HAvYA",-0.279320924781168,0.571729133146787,0.985520413099923
"NFIB","Endo","HAvYA",-0.0934589291490798,0.648999835537552,0.985520413099923
"NFYC","Endo","HAvYA",0.0333234913797467,0.849796236151628,0.985520413099923
"NKX2-2","Endo","HAvYA",-0.221486782717615,0.318265830840331,0.985520413099923
"OSR2","Endo","HAvYA",-0.14253637407682,0.61895255902071,0.985520413099923
"PRDM4","Endo","HAvYA",-0.0683563179769019,0.722161905513218,0.985520413099923
"TCF12(var.2)","Endo","HAvYA",-0.174958400391987,0.582361144839279,0.985520413099923
"ZBTB12","Endo","HAvYA",-0.0339126789845179,0.839313142485958,0.985520413099923
"ZBTB14","Endo","HAvYA",-0.166989882301978,0.332604710707119,0.985520413099923
"ZFP42","Endo","HAvYA",0.068609485963768,0.526851260211344,0.985520413099923
"ZKSCAN5","Endo","HAvYA",-0.0558083749232114,0.720118660819704,0.985520413099923
"ZNF148","Endo","HAvYA",-0.199994983189094,0.136543076067475,0.985520413099923
"ZNF16","Endo","HAvYA",-0.222522100684188,0.308591021550865,0.985520413099923
"ZNF341","Endo","HAvYA",-0.185123365914111,0.334110980953853,0.985520413099923
"ZNF449","Endo","HAvYA",0.00937352534623162,0.959719284456403,0.985520413099923
"ZNF652","Endo","HAvYA",-0.182997921500992,0.176334947909614,0.985520413099923
"FOXA3","Endo","HAvYA",-0.0138451777257259,0.922813983908679,0.985520413099923
"ATF4","Endo","HAvYA",-0.0838579349382961,0.630192084718135,0.985520413099923
"BATF3","Endo","HAvYA",-0.105929494118412,0.834680965378567,0.985520413099923
"CDX2","Endo","HAvYA",-0.233210423405363,0.312278903602778,0.985520413099923
"CEBPA","Endo","HAvYA",-0.119699372061709,0.593059428618114,0.985520413099923
"CEBPD","Endo","HAvYA",0.0379649298564262,0.836064458922906,0.985520413099923
"CREB1","Endo","HAvYA",-0.237232345774848,0.108777872214756,0.985520413099923
"CTCFL","Endo","HAvYA",-0.246158479229577,0.107100862434715,0.985520413099923
"E2F6","Endo","HAvYA",-0.15974248364883,0.264730162798156,0.985520413099923
"EBF1","Endo","HAvYA",-0.134914318987144,0.488727260627415,0.985520413099923
"EGR1","Endo","HAvYA",-0.338047165669523,0.0842341971270747,0.985520413099923
"EHF","Endo","HAvYA",-0.0599447611816142,0.872529962813153,0.985520413099923
"ELF1","Endo","HAvYA",-0.247062911302054,0.449114768462323,0.985520413099923
"ELF3","Endo","HAvYA",-0.0948451281975837,0.765853629140332,0.985520413099923
"ESRRA","Endo","HAvYA",-0.0512706039634087,0.646437718206339,0.985520413099923
"ETV1","Endo","HAvYA",-0.171486939101309,0.661563289993572,0.985520413099923
"ETV4","Endo","HAvYA",-0.191501299683836,0.493381619240263,0.985520413099923
"ETV5","Endo","HAvYA",-0.191102057787919,0.579284661295488,0.985520413099923
"FOSL1","Endo","HAvYA",-0.0239414778736586,0.965217163387725,0.985520413099923
"FOXA1","Endo","HAvYA",-0.0568317823650617,0.687071431599931,0.985520413099923
"FOXA2","Endo","HAvYA",-0.0691302377882933,0.654091422760907,0.985520413099923
"FOXK2","Endo","HAvYA",-0.114303705382317,0.394103370388786,0.985520413099923
"FOXP1","Endo","HAvYA",-0.0984950924541669,0.478894764409395,0.985520413099923
"GABPA","Endo","HAvYA",-0.204103601380261,0.56770410698628,0.985520413099923
"GATA1","Endo","HAvYA",-0.100446975119349,0.446782886636624,0.985520413099923
"GATA4","Endo","HAvYA",-0.124618017400128,0.422881434577081,0.985520413099923
"GATA6","Endo","HAvYA",-0.0376188985705822,0.826956141274294,0.985520413099923
"GRHL2","Endo","HAvYA",-0.131215568191945,0.204579369984344,0.985520413099923
"HLF","Endo","HAvYA",-0.276456679265603,0.098518258301923,0.985520413099923
"HNF4A","Endo","HAvYA",-0.137390028889249,0.261449635717541,0.985520413099923
"HNF4G","Endo","HAvYA",-0.123196324788797,0.38234095743395,0.985520413099923
"HOXB13","Endo","HAvYA",0.0510975062036909,0.691217903825945,0.985520413099923
"JUNB","Endo","HAvYA",-0.108435022630767,0.827219436881798,0.985520413099923
"JUND","Endo","HAvYA",-0.0904895358442888,0.857452977365348,0.985520413099923
"KLF4","Endo","HAvYA",-0.120755134612327,0.3981226650678,0.985520413099923
"KLF9","Endo","HAvYA",-0.255403386172035,0.2348369602116,0.985520413099923
"LHX2","Endo","HAvYA",0.0436369846346405,0.801945606726017,0.985520413099923
"MAFF","Endo","HAvYA",-0.231286001468377,0.233690293008749,0.985520413099923
"MAFG","Endo","HAvYA",-0.109453491412271,0.545810617962305,0.985520413099923
"MAFK","Endo","HAvYA",-0.0353018149858426,0.894181104761037,0.985520413099923
"MEF2A","Endo","HAvYA",-0.120779670846755,0.669284785231793,0.985520413099923
"MITF","Endo","HAvYA",0.128674752905163,0.159215335833605,0.985520413099923
"MXI1","Endo","HAvYA",-0.0187874545690001,0.952347938547418,0.985520413099923
"MYOD1","Endo","HAvYA",-0.195542277935594,0.632610164462531,0.985520413099923
"MYOG","Endo","HAvYA",-0.119211100909976,0.730437101974198,0.985520413099923
"MZF1","Endo","HAvYA",-0.0675213496025174,0.615420711222308,0.985520413099923
"NFE2L1","Endo","HAvYA",-0.00858354846025589,0.976751998000762,0.989664390346231
"NFIL3","Endo","HAvYA",-0.314921371384937,0.0678038955842843,0.985520413099923
"NFYB","Endo","HAvYA",0.213708415740638,0.142306548800352,0.985520413099923
"NKX2-5","Endo","HAvYA",0.00413457334315012,0.977974290585604,0.989664390346231
"NR4A1","Endo","HAvYA",0.0376078338358702,0.751593675295225,0.985520413099923
"ONECUT1","Endo","HAvYA",-0.062957209658794,0.743278400891364,0.985520413099923
"OTX2","Endo","HAvYA",-0.082123131625378,0.679864307488572,0.985520413099923
"PBX2","Endo","HAvYA",-0.205369343424205,0.282800990140916,0.985520413099923
"PHOX2B","Endo","HAvYA",-0.300200481144074,0.325154285029227,0.985520413099923
"PKNOX1","Endo","HAvYA",0.00194898020714104,0.989998886237898,0.994158417945695
"POU2F3","Endo","HAvYA",-0.20304104380817,0.310892892632993,0.985520413099923
"PRDM1","Endo","HAvYA",0.0528020894989176,0.712763850061108,0.985520413099923
"RFX1","Endo","HAvYA",-0.142298073356955,0.573404550649086,0.985520413099923
"RFX3","Endo","HAvYA",-0.177736345083351,0.534974838467245,0.985520413099923
"RUNX3","Endo","HAvYA",-0.0838847354232692,0.641676907763381,0.985520413099923
"SCRT1","Endo","HAvYA",-0.0860769217420235,0.643499529045625,0.985520413099923
"SCRT2","Endo","HAvYA",-0.0303990892019901,0.881370702835085,0.985520413099923
"SNAI2","Endo","HAvYA",-0.0222245757312318,0.946285761921254,0.985520413099923
"SOX2","Endo","HAvYA",-0.311723894071402,0.0901851077075582,0.985520413099923
"SPI1","Endo","HAvYA",-0.0299995121915854,0.902697528792984,0.985520413099923
"SPIB","Endo","HAvYA",0.00422205357453365,0.987666240973854,0.993947107371144
"SREBF1(var.2)","Endo","HAvYA",0.053883550280648,0.738512811359562,0.985520413099923
"TCF3","Endo","HAvYA",-0.174145980083791,0.578576142440489,0.985520413099923
"TCF4","Endo","HAvYA",-0.0956504720182043,0.769388340270973,0.985520413099923
"TCF7","Endo","HAvYA",-0.303902301950011,0.136091503947778,0.985520413099923
"TEAD1","Endo","HAvYA",-0.297069218774354,0.125048115086362,0.985520413099923
"TEAD4","Endo","HAvYA",-0.205132921446722,0.221909067753515,0.985520413099923
"TFAP2A","Endo","HAvYA",-0.0376833231330559,0.815112925837534,0.985520413099923
"TFAP2C(var.2)","Endo","HAvYA",-0.201353944692095,0.241559519878599,0.985520413099923
"TWIST1","Endo","HAvYA",-0.112426421458329,0.654591510704346,0.985520413099923
"USF1","Endo","HAvYA",0.213389495789106,0.103246426170951,0.985520413099923
"USF2","Endo","HAvYA",0.217301061051612,0.0592746286696304,0.985520413099923
"YY2","Endo","HAvYA",-0.229045119701702,0.159595991778956,0.985520413099923
"ZNF263","Endo","HAvYA",-0.33423134266786,0.0939880467829132,0.985520413099923
"CREM","Endo","HAvYA",-0.23788801395145,0.284976416708193,0.985520413099923
"FOXF2","Endo","ADvHA",-0.0988461671407954,0.494657661388239,0.61036705586502
"FOXD1","Endo","ADvHA",0.18879088788324,0.0522414159965442,0.139530870573049
"IRF2","Endo","ADvHA",0.123288756156008,0.42336246080691,0.546915178960763
"MZF1(var.2)","Endo","ADvHA",0.217206598517696,0.143586748931039,0.276262650678869
"MAX::MYC","Endo","ADvHA",0.0335647559505977,0.73404344924168,0.813395695895873
"PPARG","Endo","ADvHA",0.163705794848387,0.221119648019663,0.367372013638968
"PAX6","Endo","ADvHA",0.229154061721682,0.0194493134615233,0.0887132972873875
"PBX1","Endo","ADvHA",0.29656538609182,0.0309585269762732,0.109479036737324
"RORA","Endo","ADvHA",0.133842396973514,0.242290391767071,0.387763877441416
"RORA(var.2)","Endo","ADvHA",0.135139497768785,0.252732084289346,0.39306980185542
"RREB1","Endo","ADvHA",0.178344450203179,0.135731593310538,0.268865989746391
"RXRA::VDR","Endo","ADvHA",0.00453457236990795,0.965294187368655,0.977649952966973
"SOX9","Endo","ADvHA",0.213426426950431,0.0971463243281548,0.212046976895593
"SRY","Endo","ADvHA",0.193040604539769,0.142882952416813,0.275997547492031
"TAL1::TCF3","Endo","ADvHA",0.280316677195013,0.112072358175862,0.233361193175397
"REL","Endo","ADvHA",-0.0798907270005318,0.644336267042663,0.748375884473405
"RELA","Endo","ADvHA",-0.0306357995076757,0.874873997819379,0.914252578933258
"NR1H2::RXRA","Endo","ADvHA",-0.265858466755406,0.0421658079459866,0.1235692427306
"NFIC::TLX1","Endo","ADvHA",0.223098537396316,0.107427558732974,0.229480318216576
"ZNF354C","Endo","ADvHA",0.220658204150395,0.165251660912763,0.301453318033946
"CTCF","Endo","ADvHA",-0.0911727479950187,0.652366125007698,0.752623942278988
"EWSR1-FLI1","Endo","ADvHA",0.203557208352793,0.0440832359269948,0.125133131577523
"REST","Endo","ADvHA",0.320953559624742,0.0386319267052792,0.117567353867508
"NFATC2","Endo","ADvHA",0.338539999541493,0.0216804228154061,0.0924353190115417
"INSM1","Endo","ADvHA",0.166706444243606,0.139597421340986,0.272731999101371
"RARA::RXRA","Endo","ADvHA",0.301835184154042,0.00705161505427579,0.0528872810230023
"NR4A2","Endo","ADvHA",-0.0464252183408362,0.682261340118338,0.779551314611747
"PLAG1","Endo","ADvHA",0.106682772341485,0.329875479813531,0.467721935495704
"ARNT::HIF1A","Endo","ADvHA",-0.0488336099245361,0.652749675057132,0.752623942278988
"DUX4","Endo","ADvHA",0.364798358949492,0.00820089349408149,0.0582012403741534
"FOS","Endo","ADvHA",-0.180748453494614,0.644191381475115,0.748375884473405
"FOSL2","Endo","ADvHA",-0.43495443154444,0.275954070232589,0.414090760931769
"FOXH1","Endo","ADvHA",0.216417479605367,0.00656445321269232,0.051207644206425
"JUN","Endo","ADvHA",-0.0304038583891727,0.832959764485397,0.88615719482228
"JUN(var.2)","Endo","ADvHA",-0.294955802375076,0.449314153343411,0.572265309992715
"JUND(var.2)","Endo","ADvHA",-0.0216667474819362,0.906208935381362,0.931217948208446
"MEF2C","Endo","ADvHA",-0.205696034154489,0.315548545457534,0.456032486928355
"MAF::NFE2","Endo","ADvHA",0.087723295990953,0.696314800377957,0.789140527164588
"NR2C2","Endo","ADvHA",0.00539833858272232,0.962666058957477,0.976550665577056
"NRF1","Endo","ADvHA",0.170582208185879,0.204056607442735,0.34536853612634
"POU2F2","Endo","ADvHA",0.505651447439484,3.5057833707961e-05,0.015182800022061
"SMAD2::SMAD3::SMAD4","Endo","ADvHA",0.376116106991143,0.0433771403853027,0.124633142624739
"STAT1::STAT2","Endo","ADvHA",-0.155019293716128,0.400017460185924,0.528163644368546
"TCF7L2","Endo","ADvHA",0.283653352508476,0.0475036568841405,0.132466144527141
"ZBTB33","Endo","ADvHA",0.0164554635810876,0.836662449025392,0.888602903075626
"ELK4","Endo","ADvHA",-0.515874054030148,0.0435133088784635,0.124633142624739
"ESR2","Endo","ADvHA",0.225386799115219,0.0562414741284041,0.148336888013666
"IRF1","Endo","ADvHA",0.023170532645906,0.900474582826276,0.926829936469972
"STAT1","Endo","ADvHA",0.102319931808648,0.631032909195989,0.738343496342072
"STAT3","Endo","ADvHA",0.188879478250312,0.301020311244519,0.442101756421765
"GATA1::TAL1","Endo","ADvHA",0.271556209614798,0.0121080263119061,0.068767692213454
"YY1","Endo","ADvHA",-0.140439961445965,0.201179712289845,0.34141221951601
"FOXP2","Endo","ADvHA",0.00423083537021607,0.976805441840727,0.984582555231179
"SREBF1","Endo","ADvHA",0.351857371123062,0.0248946791268332,0.0984201536647496
"SREBF2","Endo","ADvHA",0.284782214748542,0.0248649440795812,0.0984201536647496
"THAP1","Endo","ADvHA",0.411793526269061,0.0151454200817595,0.0760877056488394
"KLF5","Endo","ADvHA",0.0391148864881365,0.701373125365342,0.789980762199754
"DMRT3","Endo","ADvHA",0.257243771127682,0.00372046473351134,0.0443047025317662
"FOXG1","Endo","ADvHA",0.18879088788324,0.0522414159965442,0.139530870573049
"LBX1","Endo","ADvHA",0.358253132872943,0.00212083331013378,0.0436676147471283
"NFATC3","Endo","ADvHA",0.208484907359407,0.0685705083753967,0.165038523960556
"POU6F1","Endo","ADvHA",0.24709678683891,0.05914006159294,0.151958373352737
"SHOX","Endo","ADvHA",0.277370536075218,0.0398361065283013,0.118386175739036
"ALX3","Endo","ADvHA",0.39181539659176,0.000284308101405522,0.0220776278759296
"BARHL2","Endo","ADvHA",0.152371132809267,0.18169084645071,0.318337426459031
"BHLHE41","Endo","ADvHA",-0.113625292491363,0.383010202547933,0.514627156353462
"CENPB","Endo","ADvHA",0.0105212769963011,0.929671239468226,0.952236075377649
"CREB3","Endo","ADvHA",-0.316737290661448,0.0171911834295787,0.0818196925633333
"DBP","Endo","ADvHA",-0.214366636403884,0.14716386403817,0.282287048291399
"ELF4","Endo","ADvHA",-0.406756089389938,0.0719666454236096,0.172556388458882
"ELF5","Endo","ADvHA",-0.376650053723188,0.151048990955877,0.285889942818996
"EN1","Endo","ADvHA",0.231696759215508,0.0035628467190671,0.0443047025317662
"EN2","Endo","ADvHA",0.295374128702045,0.0492286627243821,0.13548584132406
"ESX1","Endo","ADvHA",0.295353885165467,0.00210286147531053,0.0436676147471283
"ETV6","Endo","ADvHA",-0.37721823736913,0.138850452805533,0.272112497293815
"FLI1","Endo","ADvHA",-0.59911082217203,0.035639639201587,0.116269584956281
"FOXI1","Endo","ADvHA",0.163295030937075,0.234219961177466,0.380157013911117
"FOXL1","Endo","ADvHA",0.163295030937075,0.234219961177466,0.380157013911117
"FOXO3","Endo","ADvHA",0.18879088788324,0.0522414159965442,0.139530870573049
"GCM1","Endo","ADvHA",0.391507382452747,0.00262873325269993,0.0443047025317662
"GRHL1","Endo","ADvHA",0.0939466623013528,0.350957587420976,0.485505461227537
"GSC","Endo","ADvHA",-0.125304140509031,0.244867250071832,0.388473607256816
"HEY2","Endo","ADvHA",-0.0238720443639478,0.814277984785873,0.872145455785884
"HINFP","Endo","ADvHA",0.27524448876101,0.0385308617886784,0.117567353867508
"HNF1A","Endo","ADvHA",0.161914317981968,0.237358339571628,0.383285277930716
"HNF1B","Endo","ADvHA",0.0868180546961571,0.514350323484482,0.632201465564421
"HOXC11","Endo","ADvHA",0.181404868123195,0.0358176446547786,0.116269584956281
"HSF1","Endo","ADvHA",0.174611593120739,0.189935295860663,0.328986397504016
"IRF8","Endo","ADvHA",-0.170752795626199,0.208952933103598,0.352712551078874
"IRF9","Endo","ADvHA",-0.231609640980398,0.111776079114265,0.233361193175397
"ISX","Endo","ADvHA",0.277370536075218,0.0398361065283013,0.118386175739036
"JDP2","Endo","ADvHA",-0.31449505125326,0.350844781461912,0.485505461227537
"JDP2(var.2)","Endo","ADvHA",-0.152067065731749,0.37726980463044,0.510281594724506
"KLF13","Endo","ADvHA",-0.16271547324571,0.201037653999846,0.34141221951601
"LHX6","Endo","ADvHA",0.347238839250123,0.0293112513409516,0.105420580106945
"MEF2B","Endo","ADvHA",-0.357466617500419,0.0451611162007693,0.127620475692352
"MEOX1","Endo","ADvHA",0.315661960362467,0.00221068849569852,0.0436676147471283
"MIXL1","Endo","ADvHA",0.430792715425448,0.000937585831954856,0.0329717684237458
"MLX","Endo","ADvHA",-0.0295654368888726,0.77286997222174,0.842042499856043
"MLXIPL","Endo","ADvHA",-0.108296313208472,0.427434732271387,0.551051294353948
"MSC","Endo","ADvHA",0.346848297760789,0.0280580082932809,0.104863745123951
"MSX1","Endo","ADvHA",0.161504194709135,0.162680515825196,0.298483381209707
"MYF6","Endo","ADvHA",0.459920426679116,0.00981123824992238,0.0627324627495037
"NEUROD2","Endo","ADvHA",0.40987056960292,0.0053717002787086,0.0465792640605828
"NEUROG2","Endo","ADvHA",0.173423142469178,0.185473447678811,0.322540363683206
"NFIA","Endo","ADvHA",0.335468989782615,0.00516254064379541,0.0465792640605828
"NFIX","Endo","ADvHA",0.523336792852291,0.000124929207584392,0.01977004710023
"NHLH1","Endo","ADvHA",0.540190642026718,0.0037835591759958,0.0443047025317662
"NKX2-3","Endo","ADvHA",0.318293405349008,0.00141198611739945,0.0363277876482786
"NKX2-8","Endo","ADvHA",0.302916653947908,0.0339502242199731,0.114311127293846
"NKX6-1","Endo","ADvHA",0.242051959256385,0.0381743396315997,0.117567353867508
"NKX6-2","Endo","ADvHA",0.242051959256385,0.0381743396315997,0.117567353867508
"OLIG2","Endo","ADvHA",0.350225518660238,0.0145149784454435,0.0753113225898833
"PAX4","Endo","ADvHA",0.417320821842496,0.0124933406074995,0.068767692213454
"PAX7","Endo","ADvHA",0.375529445909467,0.0148806988706785,0.0759635676220928
"POU4F2","Endo","ADvHA",0.305312611065206,0.0600119055400101,0.152123305251673
"SP4","Endo","ADvHA",-0.197787906375111,0.218315127113593,0.36462658433484
"SPDEF","Endo","ADvHA",-0.173397591894628,0.220423166850598,0.367178591095864
"SPIC","Endo","ADvHA",0.0916743367371304,0.716777910188994,0.797399678646104
"SRF","Endo","ADvHA",-0.0558327895648131,0.59743541758111,0.710858307009103
"TBXT","Endo","ADvHA",0.127757371435413,0.419726967731531,0.543327547186215
"TBX2","Endo","ADvHA",0.209044677228231,0.18189425041771,0.318337426459031
"TBX20","Endo","ADvHA",0.346424856935172,0.0215968269953975,0.0924353190115417
"TBX21","Endo","ADvHA",0.287845865970121,0.0624193115119393,0.154946761517873
"TFAP4","Endo","ADvHA",0.202321207413247,0.276949386729641,0.414090760931769
"TFCP2","Endo","ADvHA",0.14601038638212,0.171745457440178,0.306208615358002
"TFEB","Endo","ADvHA",-0.049836362487543,0.666431477005557,0.765610027122536
"ZBTB7B","Endo","ADvHA",0.133856630991173,0.277368850924282,0.414090760931769
"ZBTB7C","Endo","ADvHA",0.3523391047578,0.0203213714165422,0.0887132972873875
"ZIC1","Endo","ADvHA",0.157428958119031,0.132380825312556,0.266022420389994
"ZIC3","Endo","ADvHA",0.135535487413766,0.151300364683039,0.285889942818996
"ZBTB18","Endo","ADvHA",0.146313697966297,0.395522266676667,0.524875460809916
"LBX2","Endo","ADvHA",0.29677364392221,0.0043375451317282,0.0457611011397325
"MEOX2","Endo","ADvHA",0.172791916218579,0.0250326141232617,0.0984201536647496
"MNX1","Endo","ADvHA",0.190247154003338,0.0483993346981138,0.134078880299472
"MSX2","Endo","ADvHA",0.161504194709135,0.162680515825196,0.298483381209707
"NOTO","Endo","ADvHA",0.388017035477323,0.0157306263464364,0.077351917697919
"OTX1","Endo","ADvHA",0.0268619525498768,0.842993157588861,0.890932955587019
"PDX1","Endo","ADvHA",0.323696757113435,0.00485622308429437,0.0458804360053483
"PHOX2A","Endo","ADvHA",0.567774386627654,0.000611780040840415,0.0286784159238258
"PITX3","Endo","ADvHA",0.0821614896346785,0.544554916052471,0.661618544839182
"PROP1","Endo","ADvHA",0.462853369731375,0.000724888870112501,0.0286784159238258
"PRRX1","Endo","ADvHA",0.277370536075218,0.0398361065283013,0.118386175739036
"RAX2","Endo","ADvHA",0.277370536075218,0.0398361065283013,0.118386175739036
"RAX","Endo","ADvHA",0.337768553744052,0.00399400975109791,0.0443545293411399
"RHOXF1","Endo","ADvHA",0.0261617937407144,0.71093070035328,0.795451853391343
"UNCX","Endo","ADvHA",0.419397357570028,0.00123973632454198,0.0356705951561397
"VAX1","Endo","ADvHA",0.131340789922373,0.0833356269110128,0.191128448676345
"VAX2","Endo","ADvHA",0.131340789922373,0.0833356269110128,0.191128448676345
"VENTX","Endo","ADvHA",0.109526637202084,0.111419689912172,0.233361193175397
"VSX1","Endo","ADvHA",0.371064437593689,0.00325953069019937,0.0443047025317662
"VSX2","Endo","ADvHA",0.371064437593689,0.00325953069019937,0.0443047025317662
"ESR1","Endo","ADvHA",0.0669078381899794,0.493451212723403,0.610067612605301
"ESRRB","Endo","ADvHA",0.0416878576828195,0.698799791340876,0.789328088331587
"NR2F1","Endo","ADvHA",-0.206412564352214,0.111231627230168,0.233361193175397
"NR3C1","Endo","ADvHA",0.141970278386647,0.326269317067106,0.465026928283221
"NR3C2","Endo","ADvHA",0.196639068120666,0.200859538372125,0.34141221951601
"RARA","Endo","ADvHA",0.077616302169048,0.401337619180523,0.528163644368546
"RARA(var.2)","Endo","ADvHA",0.21398202575014,0.0411476777114393,0.121712523324024
"BCL6B","Endo","ADvHA",0.234315051802187,0.051929609519603,0.139530870573049
"EGR2","Endo","ADvHA",0.244751959106204,0.0269121710298114,0.103244874314367
"EGR3","Endo","ADvHA",0.130340108439765,0.236348091253393,0.382630030085416
"EGR4","Endo","ADvHA",0.115805926159386,0.266141787066765,0.403999403389118
"GLIS1","Endo","ADvHA",0.248281913059873,0.0649178025934541,0.159123349527295
"GLIS2","Endo","ADvHA",0.260765748601286,0.0259086191520084,0.101235530390255
"GLIS3","Endo","ADvHA",0.196682512361968,0.122692350390227,0.25044723544261
"HIC2","Endo","ADvHA",0.75149747638793,0.00175104007084635,0.0410521616609534
"KLF14","Endo","ADvHA",-0.220937028420318,0.181477416160082,0.318337426459031
"KLF16","Endo","ADvHA",-0.00437571471141118,0.969332008574768,0.980171184389502
"SP8","Endo","ADvHA",0.00873478728876798,0.941005883986681,0.961373464870154
"ZBED1","Endo","ADvHA",-0.0416257321545112,0.649028484453385,0.752445111097056
"ZIC4","Endo","ADvHA",0.156497602218402,0.192430045281405,0.330103573612816
"ZNF143","Endo","ADvHA",0.233487406499345,0.0864822753277976,0.19621247413081
"ZNF410","Endo","ADvHA",0.190334816598805,0.0367788067819145,0.117567353867508
"CUX1","Endo","ADvHA",0.184562219075188,0.0745730734010564,0.178131152690071
"CUX2","Endo","ADvHA",0.108066505518447,0.334544781212891,0.469549548797694
"ONECUT2","Endo","ADvHA",0.218422662142209,0.0329277689018298,0.113278683232925
"ONECUT3","Endo","ADvHA",0.140129810911294,0.14080939947901,0.273412116166298
"E2F7","Endo","ADvHA",0.192402116764593,0.210586163859708,0.354524047136157
"ELK3","Endo","ADvHA",-0.602499946094456,0.00391919450833281,0.0443047025317662
"ERF","Endo","ADvHA",-0.650265107207776,0.00925402759367335,0.0609616211613501
"ERG","Endo","ADvHA",-0.611483405846387,0.0202964937044057,0.0887132972873875
"ETS1","Endo","ADvHA",-0.755335920418412,0.00916931027860187,0.0609616211613501
"ETV2","Endo","ADvHA",-0.61137920119981,0.0168969158684111,0.0811432504891019
"ETV3","Endo","ADvHA",-0.552203983163166,0.00371937669895008,0.0443047025317662
"FEV","Endo","ADvHA",-0.593458997608112,0.0112972785200636,0.0680756044938684
"GCM2","Endo","ADvHA",0.255068094577948,0.0248076395965355,0.0984201536647496
"LEF1","Endo","ADvHA",0.169334456612678,0.163347347645313,0.298840667801974
"HSF2","Endo","ADvHA",0.0391176959882248,0.774919197872915,0.842824488408171
"HSF4","Endo","ADvHA",0.0195379322354372,0.876092232134934,0.914252578933258
"IRF7","Endo","ADvHA",-0.0242802841970131,0.883789040871543,0.917680334651815
"MEF2D","Endo","ADvHA",-0.240008907075079,0.261293359584236,0.403432798728734
"MEIS1","Endo","ADvHA",0.245779483720318,0.0335489006184518,0.113978724915614
"MEIS2","Endo","ADvHA",0.180639337450522,0.0971434853522753,0.212046976895593
"MEIS3","Endo","ADvHA",0.388640510425847,0.00326096249864394,0.0443047025317662
"MYBL1","Endo","ADvHA",-0.0514033558513357,0.600948463862966,0.713696768527687
"MYBL2","Endo","ADvHA",0.139184411820134,0.244184301803603,0.388473607256816
"NFKB1","Endo","ADvHA",0.0506287818416672,0.673252918455198,0.772045466271993
"NFKB2","Endo","ADvHA",0.032129892246332,0.801761109402859,0.864590770446354
"PAX1","Endo","ADvHA",0.0273509025011558,0.788491962323323,0.853188738719083
"PAX3","Endo","ADvHA",0.375010626092447,0.0201667670878552,0.0887132972873875
"PAX9","Endo","ADvHA",0.0136711865087613,0.886241048540178,0.917680334651815
"PKNOX2","Endo","ADvHA",0.395832347055738,0.0640793649438772,0.157829719881223
"POU1F1","Endo","ADvHA",0.297793386990771,0.0460905886415838,0.129668189378322
"POU2F1","Endo","ADvHA",0.380503791401146,0.00069344121606294,0.0286784159238258
"POU3F1","Endo","ADvHA",0.311961617107685,0.00217637104968102,0.0436676147471283
"POU3F2","Endo","ADvHA",0.360210302252149,0.0028222701813926,0.0443047025317662
"POU3F3","Endo","ADvHA",0.336344217852508,0.0371022836645542,0.117567353867508
"POU3F4","Endo","ADvHA",0.493184920221456,0.00026930749785599,0.0220776278759296
"POU4F1","Endo","ADvHA",0.171795993668372,0.249839512615082,0.390428670868953
"POU4F3","Endo","ADvHA",0.285612277997381,0.0536635811878785,0.142727087781206
"POU5F1B","Endo","ADvHA",0.460809907454551,0.000398850642023308,0.0229520414909777
"POU6F2","Endo","ADvHA",0.440517561603801,0.00138595087444561,0.0363277876482786
"PROX1","Endo","ADvHA",0.0448749590986692,0.687880520831015,0.783144549795023
"RFX2","Endo","ADvHA",0.223661097024163,0.0682281841025925,0.164841376095195
"SMAD3","Endo","ADvHA",0.287332772507597,0.0150566716375696,0.0760877056488394
"TGIF1","Endo","ADvHA",0.324766356811612,0.0283240797312867,0.104863745123951
"TGIF2","Endo","ADvHA",0.278717141743268,0.0900800840842756,0.202201039806193
"RFX4","Endo","ADvHA",0.325426135723627,0.0178881588107727,0.0835950156427323
"RFX5","Endo","ADvHA",0.243523048192176,0.0579012005061096,0.150774326479628
"RUNX2","Endo","ADvHA",-0.00310179612343475,0.981672008948576,0.987914756223288
"EOMES","Endo","ADvHA",0.196039128837417,0.176087376600356,0.31222215514853
"MGA","Endo","ADvHA",0.130004033138954,0.311774737063502,0.452645432479808
"TBR1","Endo","ADvHA",0.221851004332371,0.133600622773276,0.26762403232748
"TBX15","Endo","ADvHA",0.130004033138954,0.311774737063502,0.452645432479808
"TBX19","Endo","ADvHA",0.119208085234803,0.354780767085129,0.487150163915155
"TBX1","Endo","ADvHA",0.112854262011305,0.449277473444767,0.572265309992715
"TBX4","Endo","ADvHA",0.0796106890678273,0.560907625316049,0.675008606131291
"TBX5","Endo","ADvHA",0.0796106890678273,0.560907625316049,0.675008606131291
"TEAD3","Endo","ADvHA",0.0909066157400308,0.407100817966721,0.531329521181308
"TFAP2A(var.2)","Endo","ADvHA",0.211879883550806,0.080989308810121,0.188478795870613
"TFAP2B","Endo","ADvHA",0.307377829035703,0.029200034921617,0.105420580106945
"TFAP2B(var.2)","Endo","ADvHA",0.111713916608601,0.271834351456172,0.410670989192738
"TFAP2B(var.3)","Endo","ADvHA",0.267364161010426,0.0433933587616809,0.124633142624739
"TFAP2C","Endo","ADvHA",0.337244756263526,0.0139889796726649,0.0737918677733075
"TFAP2C(var.3)","Endo","ADvHA",0.257100845426832,0.0157636609526565,0.077351917697919
"BHLHE40","Endo","ADvHA",-0.155022726116276,0.229106927527427,0.377651672780565
"BHLHE23","Endo","ADvHA",0.303777781581573,0.0380137604916122,0.117567353867508
"BHLHE22","Endo","ADvHA",0.218377351823961,0.149207010848062,0.28448204176754
"CLOCK","Endo","ADvHA",0.0843583134314964,0.266931516885059,0.404228828201537
"FIGLA","Endo","ADvHA",0.215528477685329,0.191450272004168,0.330103573612816
"HES5","Endo","ADvHA",0.0299937854488243,0.812704952910723,0.871935991851674
"HES7","Endo","ADvHA",0.0322575696430401,0.839537569338227,0.890162950403849
"HEY1","Endo","ADvHA",-0.0645348428968711,0.385360619449512,0.514627156353462
"MAX","Endo","ADvHA",-0.0665329455022975,0.404206586841198,0.529736582754614
"MNT","Endo","ADvHA",-0.0490691314456349,0.466196949220992,0.586685226355642
"OLIG1","Endo","ADvHA",0.296875426441377,0.0557993005743304,0.147786432065068
"OLIG3","Endo","ADvHA",0.380800825156541,0.0132250104065328,0.0715506973276521
"SREBF2(var.2)","Endo","ADvHA",0.0192732660142362,0.862214469823803,0.905110712103594
"ATF7","Endo","ADvHA",-0.358130341058537,0.0113997062817536,0.0680756044938684
"CEBPB","Endo","ADvHA",-0.00560296068002608,0.974055031446403,0.983376132225795
"CEBPE","Endo","ADvHA",0.0869765492400986,0.635082128980551,0.741710309307544
"CEBPG","Endo","ADvHA",-0.0126060299744957,0.941629618040277,0.961373464870154
"CREB3L1","Endo","ADvHA",-0.0514140003429452,0.639337819024857,0.745305413338369
"NFE2","Endo","ADvHA",-0.271650685541896,0.377221014194616,0.510281594724506
"TEF","Endo","ADvHA",-0.07064383072463,0.617054369016626,0.724666819271845
"XBP1","Endo","ADvHA",-0.180646599528559,0.167499262348729,0.303802387010732
"FOXB1","Endo","ADvHA",0.123152896537104,0.451534754149586,0.573938753768449
"FOXC1","Endo","ADvHA",-0.0751718563348738,0.651341639746937,0.752623942278988
"FOXC2","Endo","ADvHA",0.0631096770861521,0.767384439112486,0.838953972293961
"FOXO4","Endo","ADvHA",0.163295030937075,0.234219961177466,0.380157013911117
"FOXO6","Endo","ADvHA",0.163295030937075,0.234219961177466,0.380157013911117
"FOXP3","Endo","ADvHA",0.163295030937075,0.234219961177466,0.380157013911117
"RXRB","Endo","ADvHA",-0.187014618014416,0.229571624524766,0.377651672780565
"RXRG","Endo","ADvHA",-0.132212449491511,0.29398526096494,0.433183712309108
"TP63","Endo","ADvHA",-0.0283636421758889,0.759272910073535,0.834409291799562
"TP53","Endo","ADvHA",0.219858205830125,0.0868362977422961,0.196312058824548
"TP73","Endo","ADvHA",0.037032516153758,0.710027941456534,0.795451853391343
"GMEB2","Endo","ADvHA",-0.0807794348381052,0.385123358221782,0.514627156353462
"MTF1","Endo","ADvHA",0.303566974348734,0.0284132130419042,0.104863745123951
"E2F1","Endo","ADvHA",0.0307583815088696,0.777812566255273,0.844520333515588
"E2F8","Endo","ADvHA",0.07821041567554,0.484184429421235,0.602441182832612
"SOX21","Endo","ADvHA",0.347696611067626,0.00863033603385936,0.0600329968069558
"TFAP2A(var.3)","Endo","ADvHA",0.250908672160198,0.00380202619705089,0.0443047025317662
"ELK1","Endo","ADvHA",-0.563752373151238,0.00549628500042086,0.0470155189900865
"HOXD12","Endo","ADvHA",0.0400031856624216,0.695062290202343,0.789140527164588
"BARX1","Endo","ADvHA",0.332479015668921,0.00527149761250779,0.0465792640605828
"BSX","Endo","ADvHA",0.192322124637889,0.0933236642541487,0.208049112912283
"DLX6","Endo","ADvHA",0.22987842578707,0.00413173208233548,0.0450928691054889
"DUXA","Endo","ADvHA",0.334983486060643,0.00817385187735174,0.0582012403741534
"EMX2","Endo","ADvHA",0.221503685832936,0.102255940778508,0.22016330106393
"EVX1","Endo","ADvHA",0.296978469086021,0.0263159141778481,0.10157301021084
"EVX2","Endo","ADvHA",0.327634317111784,0.0200090233138538,0.0887132972873875
"GBX1","Endo","ADvHA",0.370526396214462,0.0138813667055115,0.0737918677733075
"GBX2","Endo","ADvHA",0.351819695424907,0.00599052219082134,0.0480000069213912
"GSC2","Endo","ADvHA",0.0325516479735435,0.784924368140539,0.850782748344112
"GSX1","Endo","ADvHA",0.280112261609704,0.0572483510490497,0.150169678208778
"HESX1","Endo","ADvHA",0.358741908495157,0.000921659044545401,0.0329717684237458
"HMBOX1","Endo","ADvHA",0.0839311357745962,0.485290473521334,0.602441182832612
"HOXA10","Endo","ADvHA",0.189379552128188,0.0651073420656703,0.159123349527295
"HOXB3","Endo","ADvHA",0.264952017198675,0.0419537662205016,0.123519693105012
"HOXC10","Endo","ADvHA",0.179487855333342,0.0607042096093357,0.15309069594705
"HOXC12","Endo","ADvHA",0.127282239947705,0.110890503134583,0.233361193175397
"HOXC13","Endo","ADvHA",0.294504970213216,0.0079735744635823,0.0580146279936505
"HOXD11","Endo","ADvHA",0.237429814387685,0.0241132119649802,0.0984201536647496
"ISL2","Endo","ADvHA",0.342380751031492,0.0123355910136675,0.068767692213454
"FOXK1","Endo","ADvHA",0.090568313826747,0.460596253743733,0.581950955328908
"GATA2","Endo","ADvHA",0.0420044169753956,0.712513745454805,0.795451853391343
"HIF1A","Endo","ADvHA",-0.035405140919531,0.71987141094175,0.799436145835312
"MYC","Endo","ADvHA",-0.0690588778050918,0.56861016447917,0.681686049460823
"MYB","Endo","ADvHA",0.170738842907728,0.172183509906548,0.306208615358002
"MYCN","Endo","ADvHA",-0.000347920029343474,0.997079145544291,0.997079145544291
"NEUROD1","Endo","ADvHA",0.495177695326384,0.0273142444279151,0.104088749853267
"NFIC","Endo","ADvHA",0.769873566734731,4.79709321392132e-05,0.015182800022061
"NFYA","Endo","ADvHA",-0.0346067784440079,0.765018763033885,0.837814666090743
"NR1H4","Endo","ADvHA",0.334138867042703,0.000313899922406582,0.0220776278759296
"NR2F2","Endo","ADvHA",-0.115248151521177,0.344291704634457,0.480036671880201
"PAX5","Endo","ADvHA",0.0780587072306642,0.498897072841887,0.614400480756644
"PBX3","Endo","ADvHA",0.14149427702185,0.261857291166715,0.403432798728734
"POU5F1","Endo","ADvHA",0.410606124087165,0.000562709488728131,0.0286784159238258
"RBPJ","Endo","ADvHA",0.0522255177465585,0.678775358517684,0.776970708755323
"RELB","Endo","ADvHA",0.21470969055078,0.128928202160556,0.260739782644191
"SIX1","Endo","ADvHA",0.186207414669367,0.157705785390837,0.294071258692771
"SIX2","Endo","ADvHA",0.257442952016011,0.0380972040033531,0.117567353867508
"SOX10","Endo","ADvHA",0.30929535252271,0.027880515620109,0.104863745123951
"SOX13","Endo","ADvHA",0.35332172488714,0.0348902041758274,0.114855751556228
"TEAD2","Endo","ADvHA",0.130308371003145,0.249393228305657,0.390428670868953
"TFDP1","Endo","ADvHA",-0.127927505827672,0.400610070608924,0.528163644368546
"ZBTB7A","Endo","ADvHA",-0.409261955137707,0.0600802943332043,0.152123305251673
"ZEB1","Endo","ADvHA",0.506272021018115,0.00259949962079848,0.0443047025317662
"ZNF24","Endo","ADvHA",0.507303239863758,0.00149213661746484,0.0363277876482786
"ZNF384","Endo","ADvHA",-0.0155901760451302,0.9472914522175,0.96559660105262
"ZNF282","Endo","ADvHA",0.0281890540519208,0.704258386270273,0.791821595930875
"ZSCAN4","Endo","ADvHA",0.465439386607499,0.00255094434712418,0.0443047025317662
"GATA3","Endo","ADvHA",0.0177292602326473,0.858700484135119,0.902919279829785
"FOS::JUN","Endo","ADvHA",-0.471879982798099,0.226381592402137,0.375129706781551
"FOS::JUN(var.2)","Endo","ADvHA",-0.164848465653222,0.250417125391461,0.390428670868953
"FOSB::JUN","Endo","ADvHA",-0.264477250127125,0.14991037834199,0.284964773244683
"FOSL1::JUN","Endo","ADvHA",-0.392438526822244,0.326581096718687,0.465026928283221
"FOSL1::JUN(var.2)","Endo","ADvHA",-0.328872517609892,0.0612269234110814,0.153796200473074
"FOSL2::JUN","Endo","ADvHA",-0.375429813328072,0.323728941507369,0.464212745544107
"FOSL2::JUN(var.2)","Endo","ADvHA",-0.264521143896489,0.108033388354723,0.229480318216576
"JUN::JUNB","Endo","ADvHA",-0.348656875750761,0.312930379797567,0.453283593619817
"JUN::JUNB(var.2)","Endo","ADvHA",-0.378710338943665,0.0440081761657323,0.125133131577523
"FOS::JUNB","Endo","ADvHA",-0.357617133019299,0.370822831514905,0.505885457648567
"FOSB::JUNB","Endo","ADvHA",-0.407404260976507,0.28572708067516,0.423571995473949
"FOSB::JUNB(var.2)","Endo","ADvHA",-0.289711218641817,0.0574108406422184,0.150169678208778
"FOSL1::JUNB","Endo","ADvHA",-0.453519833638569,0.257454180595381,0.399432589011952
"FOSL2::JUNB","Endo","ADvHA",-0.401121631094495,0.289237448757975,0.427774077251865
"FOSL2::JUNB(var.2)","Endo","ADvHA",-0.265975473029487,0.108006872041997,0.229480318216576
"FOS::JUND","Endo","ADvHA",-0.383716764485588,0.354550179741861,0.487150163915155
"FOSL1::JUND","Endo","ADvHA",-0.378415027784259,0.307706558645837,0.448797814799113
"FOSL1::JUND(var.2)","Endo","ADvHA",-0.364957638620829,0.0245379062828695,0.0984201536647496
"FOSL2::JUND","Endo","ADvHA",-0.334804545148584,0.394825730649547,0.524875460809916
"FOSL2::JUND(var.2)","Endo","ADvHA",-0.243617653179552,0.120689155892307,0.24723700867259
"NR1H4::RXRA","Endo","ADvHA",-0.0191887593692551,0.866364950178248,0.907961942819257
"NR4A2::RXRA","Endo","ADvHA",0.00839517935055781,0.950857666616735,0.967673477441146
"PPARA::RXRA","Endo","ADvHA",-0.124441772005121,0.332481156601211,0.469549548797694
"RARA::RXRG","Endo","ADvHA",0.175419533060233,0.0386211148237143,0.117567353867508
"RORB","Endo","ADvHA",0.105069700834462,0.470532059998056,0.589795631641127
"RORC","Endo","ADvHA",0.261473591483456,0.0596619353429179,0.152123305251673
"SOX15","Endo","ADvHA",0.0666591938210956,0.619912043070699,0.726674672710653
"TFE3","Endo","ADvHA",-0.145122443525004,0.265131191581601,0.403432798728734
"VDR","Endo","ADvHA",0.166700701050327,0.13449733013234,0.267725817527583
"IRF3","Endo","ADvHA",-0.0127735147758568,0.95280806621272,0.968101935654336
"IRF4","Endo","ADvHA",-0.204807075987125,0.161721744961177,0.298454415628062
"IRF5","Endo","ADvHA",-0.0316879211776304,0.792096718476048,0.855626660060304
"TCF7L1","Endo","ADvHA",0.194019238444833,0.161556517733567,0.298454415628062
"ARGFX","Endo","ADvHA",0.401612380975064,0.00658462610749681,0.051207644206425
"ARNT2","Endo","ADvHA",-0.0452648636175013,0.699546694398137,0.789328088331587
"ATF6","Endo","ADvHA",-0.020075333537891,0.84912030921368,0.895821926220433
"ATOH1(var.2)","Endo","ADvHA",0.402914678923944,0.078099135877823,0.184145269510705
"ATOH7","Endo","ADvHA",0.193663280899022,0.159776202544168,0.296593361320992
"BACH2","Endo","ADvHA",-0.317828440945031,0.306568145282868,0.448170059963177
"BACH2(var.2)","Endo","ADvHA",-0.186320297744948,0.123047535896764,0.25044723544261
"BARX2","Endo","ADvHA",0.259754199647457,0.0154038480969585,0.0767766601998009
"BHLHA15(var.2)","Endo","ADvHA",0.443926482319507,0.0388192869131686,0.117572290028879
"CDX4","Endo","ADvHA",0.25666090844587,0.0284937822453705,0.104863745123951
"CREB3L4","Endo","ADvHA",-0.132031826657084,0.262017011960848,0.403432798728734
"CREB3L4(var.2)","Endo","ADvHA",-0.400428707369811,0.012189958332476,0.068767692213454
"DLX5","Endo","ADvHA",0.322314057073958,0.0336714400619585,0.113978724915614
"DMRTA2","Endo","ADvHA",0.420611997773081,0.0058657624229755,0.0480000069213912
"DMRTC2","Endo","ADvHA",0.328661791278072,0.0328976417513358,0.113278683232925
"DPRX","Endo","ADvHA",0.0929369491729932,0.375672146050225,0.510281594724506
"DRGX","Endo","ADvHA",0.131340789922373,0.0833356269110128,0.191128448676345
"ELF2","Endo","ADvHA",-0.514429338405484,0.0197601254063469,0.0887132972873875
"ETS2","Endo","ADvHA",-0.748059146918815,0.00593565569205671,0.0480000069213912
"FERD3L","Endo","ADvHA",0.603817207419272,0.0217580766709632,0.0924353190115417
"FOXE1","Endo","ADvHA",-0.0240344415805516,0.884494164034627,0.917680334651815
"FOXN3","Endo","ADvHA",0.19747237461899,0.082926705071928,0.191128448676345
"GLI3","Endo","ADvHA",0.321658029387671,0.01161407870843,0.0686690105878713
"HES6","Endo","ADvHA",0.116407245642134,0.184102791325184,0.321038751814991
"HNF4A(var.2)","Endo","ADvHA",-0.102968260934338,0.441463790417025,0.565681334684164
"HOXA1","Endo","ADvHA",0.283824453311884,0.0093648954240228,0.0609616211613501
"HOXA4","Endo","ADvHA",0.159041663251204,0.0935645313323894,0.208049112912283
"HOXA6","Endo","ADvHA",0.23415405154636,0.0110375806623197,0.067180659223542
"HOXA7","Endo","ADvHA",0.344697280069084,0.00359973241905373,0.0443047025317662
"HOXB4","Endo","ADvHA",0.280815244078966,0.00699411128730497,0.0528872810230023
"HOXB6","Endo","ADvHA",0.211832373932327,0.0198857830194305,0.0887132972873875
"HOXB7","Endo","ADvHA",0.277570143767677,0.00365577154650899,0.0443047025317662
"HOXB8","Endo","ADvHA",0.332912688113462,0.00558982831144978,0.0471781509486361
"HOXB9","Endo","ADvHA",0.0823337510843328,0.385323135079746,0.514627156353462
"HOXC4","Endo","ADvHA",0.249809601343803,0.0135949814124983,0.0729290104585716
"HOXC8","Endo","ADvHA",0.0794366122901783,0.383680042567708,0.514627156353462
"HOXD10","Endo","ADvHA",0.0841859353614262,0.462028228121081,0.582597347411642
"HOXD4","Endo","ADvHA",0.259274384683321,0.0238429220602196,0.0980036991176559
"IKZF1","Endo","ADvHA",-0.218558011241958,0.351281992483747,0.485505461227537
"IRF6","Endo","ADvHA",-0.160314650245897,0.302780992512031,0.443658259861379
"KLF10","Endo","ADvHA",0.00118253734094553,0.99189463613391,0.995038517706442
"KLF11","Endo","ADvHA",-0.0497612058292844,0.613683391739283,0.723392154508317
"KLF15","Endo","ADvHA",-0.0568472249072316,0.712456553029433,0.795451853391343
"KLF17","Endo","ADvHA",0.337180859559717,0.00465815376386256,0.0458804360053483
"KLF2","Endo","ADvHA",-0.0655054362466785,0.604357654925785,0.716401489827757
"KLF3","Endo","ADvHA",-0.0819429824614271,0.557372531293532,0.673314527306881
"KLF6","Endo","ADvHA",-0.231072616537554,0.131065226171157,0.264217478236759
"LHX1","Endo","ADvHA",0.367188503272055,0.00534794185974594,0.0465792640605828
"LHX5","Endo","ADvHA",0.242051959256385,0.0381743396315997,0.117567353867508
"MAF","Endo","ADvHA",0.274955240286271,0.0485056296817996,0.134078880299472
"MAFA","Endo","ADvHA",0.313051725223238,0.0221246280717431,0.0933659304627561
"MAZ","Endo","ADvHA",0.192101013177317,0.0248590090007096,0.0984201536647496
"MSANTD3","Endo","ADvHA",0.388829518524522,0.00464798290870567,0.0458804360053483
"MSGN1","Endo","ADvHA",0.252118512868401,0.0147768696552502,0.0759635676220928
"NFATC4","Endo","ADvHA",0.204129644925563,0.249281182309465,0.390428670868953
"NFIC(var.2)","Endo","ADvHA",0.293166253040922,0.0755910804397729,0.179884037287129
"NFIX(var.2)","Endo","ADvHA",0.38177026199508,0.0179603825077592,0.0835950156427323
"NHLH2","Endo","ADvHA",0.425401301329362,0.00515084575176877,0.0465792640605828
"NKX6-3","Endo","ADvHA",0.322239708236187,0.0027221252491373,0.0443047025317662
"NR1D1","Endo","ADvHA",0.239617523369449,0.0871684737541896,0.196361722015666
"NR1D2","Endo","ADvHA",0.277277307549488,0.0370442458448486,0.117567353867508
"NR1I2","Endo","ADvHA",0.0854343038097328,0.458274455580152,0.580175460764472
"NR1I3","Endo","ADvHA",0.080687059190434,0.437912427008707,0.562268897153167
"NR2C1","Endo","ADvHA",-0.213384234438864,0.0350192101901295,0.114855751556228
"NR2C2(var.2)","Endo","ADvHA",-0.00147142072069273,0.990510377788363,0.995038517706442
"NR2F1(var.2)","Endo","ADvHA",-0.205273034764676,0.138720140587466,0.272112497293815
"NR2F1(var.3)","Endo","ADvHA",0.107471343740681,0.238213403261975,0.38368723731509
"NR2F6(var.3)","Endo","ADvHA",0.103257454914123,0.336293797370221,0.469920471821964
"NR5A1","Endo","ADvHA",0.101537472874931,0.413017465316617,0.537942501122261
"NR6A1","Endo","ADvHA",0.201916048901035,0.125739200577107,0.255105493478553
"OSR1","Endo","ADvHA",0.506281232209044,0.00021123707955941,0.0220776278759296
"OVOL1","Endo","ADvHA",-0.114705170912935,0.264826821964677,0.403432798728734
"OVOL2","Endo","ADvHA",-0.048440630875096,0.735011592499904,0.813395695895873
"PAX3(var.2)","Endo","ADvHA",0.0293572079691701,0.762780067655591,0.836810715469652
"PITX2","Endo","ADvHA",0.0184176620921491,0.884204232915524,0.917680334651815
"PLAGL2","Endo","ADvHA",0.146127034313364,0.156610451509051,0.293297088181151
"POU6F1(var.2)","Endo","ADvHA",0.481564030493587,0.00147362813722767,0.0363277876482786
"PPARD","Endo","ADvHA",-0.118585695006954,0.263291888276201,0.403432798728734
"RARB(var.3)","Endo","ADvHA",0.0207259090708194,0.823964084809156,0.879543449720397
"RARG(var.3)","Endo","ADvHA",0.0692740140784541,0.488336030894167,0.604925063710386
"RFX7","Endo","ADvHA",0.29539434432072,0.016920867400571,0.0811432504891019
"RXRB(var.2)","Endo","ADvHA",-0.000656504572310979,0.995584756993504,0.997079145544291
"RXRG(var.2)","Endo","ADvHA",0.148706501786182,0.217734715628883,0.36462658433484
"SMAD5","Endo","ADvHA",0.339552862134304,0.00494715839061158,0.0460522244302519
"SNAI1","Endo","ADvHA",0.544212471186969,0.00234549589479046,0.0436676147471283
"SNAI3","Endo","ADvHA",0.579779384301042,0.00710176759392605,0.0528872810230023
"SOHLH2","Endo","ADvHA",-0.0244986959300159,0.809358302289223,0.869819703478911
"SOX12","Endo","ADvHA",0.160720102483211,0.140246945618836,0.273157897159148
"SOX14","Endo","ADvHA",0.208446624247335,0.0803043992274777,0.187574482328389
"SOX18","Endo","ADvHA",0.241769610695156,0.118824864119476,0.245003710057421
"SP9","Endo","ADvHA",-0.0796351582969026,0.55400184853374,0.670522313808523
"TBX18","Endo","ADvHA",0.249195350519501,0.0853768850659787,0.19506373695071
"TBX3","Endo","ADvHA",0.260367466975984,0.0665244282980867,0.161961396587265
"TBX6","Endo","ADvHA",0.203150486520063,0.15364513961653,0.288863659199595
"TCF21(var.2)","Endo","ADvHA",0.226997982720402,0.0936714015481843,0.208049112912283
"TFAP2E","Endo","ADvHA",0.164105749784498,0.218273422372041,0.36462658433484
"TFAP4(var.2)","Endo","ADvHA",0.334471833631828,0.0274610129944638,0.104088749853267
"TGIF2LX","Endo","ADvHA",0.196768023034899,0.172212112270851,0.306208615358002
"TGIF2LY","Endo","ADvHA",0.164163788479697,0.264319594338891,0.403432798728734
"THAP11","Endo","ADvHA",-0.103740001196749,0.33412306327018,0.469549548797694
"THRB","Endo","ADvHA",-0.0703891244658829,0.576746216408784,0.688830858465585
"THRB(var.2)","Endo","ADvHA",0.276447228498587,0.0179558557981836,0.0835950156427323
"THRB(var.3)","Endo","ADvHA",0.0391705278782854,0.749372759204795,0.826398879053371
"TLX2","Endo","ADvHA",0.417320821842496,0.0124933406074995,0.068767692213454
"VEZF1","Endo","ADvHA",0.0235127387288316,0.855628342105716,0.901185924380896
"ZBTB26","Endo","ADvHA",0.187258594904261,0.0994564579936829,0.215602527089046
"ZBTB32","Endo","ADvHA",0.0743199608266059,0.347446606778775,0.483370773826296
"ZBTB6","Endo","ADvHA",0.252528636626041,0.111695179866176,0.233361193175397
"ZFP57","Endo","ADvHA",0.232363062134296,0.0313434033568257,0.110224301804837
"ZIC5","Endo","ADvHA",0.14115644937421,0.135919615669582,0.268865989746391
"ZKSCAN1","Endo","ADvHA",0.131544409287294,0.190219623201374,0.328986397504016
"ZNF135","Endo","ADvHA",-0.0154801527991388,0.887235963360048,0.917680334651815
"ZNF136","Endo","ADvHA",0.373414300965454,0.00391953134562229,0.0443047025317662
"ZNF140","Endo","ADvHA",0.306601642680207,0.0298871505196064,0.106884555248084
"ZNF274","Endo","ADvHA",0.274792108439211,0.0223534442182661,0.093706822451407
"ZNF317","Endo","ADvHA",0.446600180175249,0.00312648700518943,0.0443047025317662
"ZNF382","Endo","ADvHA",0.209760488243047,0.0618213778088102,0.154523806350546
"ZNF460","Endo","ADvHA",0.16694542306013,0.103907429649157,0.222960688026834
"ZNF528","Endo","ADvHA",0.28653402831665,0.0320229322306989,0.111991801668687
"ZNF682","Endo","ADvHA",0.155020381934763,0.157952966754411,0.294071258692771
"ZNF684","Endo","ADvHA",0.401168590681808,0.00778793388005842,0.0573228156520579
"ZNF75D","Endo","ADvHA",0.153550803651474,0.242176137811958,0.387763877441416
"ZSCAN29","Endo","ADvHA",0.104449871501061,0.17073483485609,0.306161899331176
"ASCL1","Endo","ADvHA",0.738684070883695,0.00114319133628675,0.0344590531366435
"ATF3","Endo","ADvHA",-0.211472342370654,0.169808836386772,0.305472161535169
"BARHL1","Endo","ADvHA",0.0720605736947101,0.534551729557708,0.650713932326979
"BATF::JUN","Endo","ADvHA",-0.329524766679286,0.399733210544061,0.528163644368546
"BCL6","Endo","ADvHA",0.24447750819759,0.0302639513903258,0.107624051854361
"CDX1","Endo","ADvHA",0.313044683893129,0.00943797610396889,0.0609616211613501
"E2F2","Endo","ADvHA",-0.0556351284454915,0.56844880585643,0.681686049460823
"E2F3","Endo","ADvHA",0.0575015851547272,0.570743025252542,0.682949593544157
"E2F4","Endo","ADvHA",-0.198173782647644,0.0782201314275905,0.184145269510705
"EMX1","Endo","ADvHA",0.323696757113435,0.00485622308429437,0.0458804360053483
"FOXD2","Endo","ADvHA",-0.0530345335275457,0.822151305318803,0.879090838288517
"GATA5","Endo","ADvHA",0.250997468839544,0.0620048132907404,0.154523806350546
"GFI1","Endo","ADvHA",0.287472392253357,0.00593248672707389,0.0480000069213912
"GLI2","Endo","ADvHA",0.245735626186412,0.0513568252923555,0.139530870573049
"GSX2","Endo","ADvHA",0.323696757113435,0.00485622308429437,0.0458804360053483
"HES1","Endo","ADvHA",0.0744106272805671,0.485379152045232,0.602441182832612
"HES2","Endo","ADvHA",0.015812724604106,0.876700340304088,0.914252578933258
"HOXA13","Endo","ADvHA",0.0686587093771659,0.27708228812987,0.414090760931769
"HOXA2","Endo","ADvHA",0.365760934569532,0.000393428811297251,0.0229520414909777
"HOXA5","Endo","ADvHA",0.283824453311884,0.0093648954240228,0.0609616211613501
"HOXA9","Endo","ADvHA",-0.0351209705603389,0.738238427861789,0.815540881041034
"HOXB2","Endo","ADvHA",0.323696757113435,0.00485622308429437,0.0458804360053483
"HOXB5","Endo","ADvHA",0.283824453311884,0.0093648954240228,0.0609616211613501
"HOXC9","Endo","ADvHA",0.14817331922786,0.167147568151632,0.303802387010732
"HOXD13","Endo","ADvHA",0.0926194901169107,0.324142233065553,0.464212745544107
"HOXD3","Endo","ADvHA",0.323696757113435,0.00485622308429437,0.0458804360053483
"HOXD8","Endo","ADvHA",0.344697280069084,0.00359973241905373,0.0443047025317662
"HOXD9","Endo","ADvHA",0.141084976369551,0.136775509738284,0.269716192100728
"JUNB(var.2)","Endo","ADvHA",-0.404996760743437,0.0227097062046199,0.0945739738652921
"LHX9","Endo","ADvHA",0.417320821842496,0.0124933406074995,0.068767692213454
"LMX1A","Endo","ADvHA",0.17936596401628,0.0800730683767506,0.187574482328389
"LMX1B","Endo","ADvHA",0.317378601774127,0.006633533688668,0.051207644206425
"NEUROG1","Endo","ADvHA",0.214620587445742,0.134275506721007,0.267725817527583
"NRL","Endo","ADvHA",0.335886089992448,0.0520036276869808,0.139530870573049
"PITX1","Endo","ADvHA",0.0652282587109722,0.589886092251495,0.70319754500037
"PRRX2","Endo","ADvHA",0.417320821842496,0.0124933406074995,0.068767692213454
"SOX4","Endo","ADvHA",0.377832549959334,0.0023415276117371,0.0436676147471283
"SOX8","Endo","ADvHA",0.258263851337872,0.0673797768938992,0.16341532097256
"SP1","Endo","ADvHA",-0.233288029148952,0.192394215618723,0.330103573612816
"SP2","Endo","ADvHA",-0.0627410652245746,0.616997557547865,0.724666819271845
"SP3","Endo","ADvHA",-0.110977580741933,0.442553793743407,0.56593242715066
"TCFL5","Endo","ADvHA",-0.0221843661972224,0.843078736803514,0.890932955587019
"TFEC","Endo","ADvHA",-0.0521668046779982,0.686706893211257,0.783144549795023
"ZNF740","Endo","ADvHA",0.195434643443593,0.112592323611702,0.233675215889204
"ASCL1(var.2)","Endo","ADvHA",0.616341168625366,0.000994426703070212,0.0331301106864971
"ATF2","Endo","ADvHA",-0.241297012504115,0.0381858934473001,0.117567353867508
"BACH1","Endo","ADvHA",-0.0934708223245968,0.757311011979295,0.833700644491989
"BATF","Endo","ADvHA",-0.353430633728293,0.372025644932449,0.506434910198366
"BHLHE22(var.2)","Endo","ADvHA",0.553127317159983,0.0126622246926611,0.0690964502625384
"CEBPG(var.2)","Endo","ADvHA",0.482639565291879,0.0204980008082354,0.0888714692576232
"EBF3","Endo","ADvHA",0.127021382336872,0.279363735335048,0.415638770152276
"HAND2","Endo","ADvHA",0.214329539328555,0.22969335548265,0.377651672780565
"MEIS1(var.2)","Endo","ADvHA",0.228082950779233,0.058861657646563,0.151958373352737
"MEIS2(var.2)","Endo","ADvHA",0.21573245517067,0.0947196048697463,0.208911184259754
"MYF5","Endo","ADvHA",0.334737648590716,0.0959009849085573,0.210782373080266
"NEUROG2(var.2)","Endo","ADvHA",0.465466176254019,0.0291929089719315,0.105420580106945
"NFIB","Endo","ADvHA",0.377033001552367,0.0168873783715576,0.0811432504891019
"NFYC","Endo","ADvHA",0.069509251561025,0.525949794687725,0.645205852785522
"NKX2-2","Endo","ADvHA",0.486175994764092,0.00020926043378836,0.0220776278759296
"OSR2","Endo","ADvHA",0.451397120915247,0.0031486569882994,0.0443047025317662
"PRDM4","Endo","ADvHA",0.0777833466235814,0.53272907604854,0.649744711249953
"TCF12(var.2)","Endo","ADvHA",0.485911474766778,0.00316908990475566,0.0443047025317662
"ZBTB12","Endo","ADvHA",0.0752856435249229,0.553761596576225,0.670522313808523
"ZBTB14","Endo","ADvHA",0.179879349804129,0.182050787327282,0.318337426459031
"ZFP42","Endo","ADvHA",-0.0633661145738254,0.61333786826869,0.723392154508317
"ZKSCAN5","Endo","ADvHA",0.0929422237438817,0.456898084226878,0.579592158949125
"ZNF148","Endo","ADvHA",0.135134199007923,0.169704064662618,0.305472161535169
"ZNF16","Endo","ADvHA",0.343818738314443,0.0377075254686952,0.117567353867508
"ZNF341","Endo","ADvHA",0.375596463859461,0.00109518441205927,0.0344590531366435
"ZNF449","Endo","ADvHA",0.28835440467046,0.042733636176192,0.124437203710607
"ZNF652","Endo","ADvHA",0.119513328512707,0.242582141337758,0.387763877441416
"FOXA3","Endo","ADvHA",0.23738664961474,0.0993657830808074,0.215602527089046
"ATF4","Endo","ADvHA",0.426870618544426,0.0183055278209213,0.0845795555521399
"BATF3","Endo","ADvHA",-0.268726745688969,0.468510058727823,0.588426323759349
"CDX2","Endo","ADvHA",0.181603810198188,0.119799004910343,0.246210292559243
"CEBPA","Endo","ADvHA",0.157289933858176,0.43273330543275,0.556748338087257
"CEBPD","Endo","ADvHA",0.13986480045073,0.330287053975639,0.467721935495704
"CREB1","Endo","ADvHA",-0.036271764447655,0.831505570522571,0.886099370607387
"CTCFL","Endo","ADvHA",0.120131760994113,0.143012947199662,0.275997547492031
"E2F6","Endo","ADvHA",0.0849048628779501,0.333452237363384,0.469549548797694
"EBF1","Endo","ADvHA",0.141680992935068,0.354268280660171,0.487150163915155
"EGR1","Endo","ADvHA",0.106851679346228,0.3618534655335,0.494715429120315
"EHF","Endo","ADvHA",-0.354740826884413,0.249112693960968,0.390428670868953
"ELF1","Endo","ADvHA",-0.249642065326133,0.383261303122954,0.514627156353462
"ELF3","Endo","ADvHA",-0.219449607051246,0.419266920438854,0.543327547186215
"ESRRA","Endo","ADvHA",0.0447464527980818,0.696887132203799,0.789140527164588
"ETV1","Endo","ADvHA",-0.414943512129416,0.177425911395723,0.313716765121488
"ETV4","Endo","ADvHA",-0.0819581072084223,0.714397817791836,0.79615108919407
"ETV5","Endo","ADvHA",-0.38585275169679,0.101456693251647,0.219188009652875
"FOSL1","Endo","ADvHA",-0.451406659845961,0.244701463858515,0.388473607256816
"FOXA1","Endo","ADvHA",0.104162456630143,0.391946889908935,0.522320802762855
"FOXA2","Endo","ADvHA",0.220829604554722,0.0946008109442145,0.208911184259754
"FOXK2","Endo","ADvHA",0.231048558504785,0.0856678023259042,0.19506373695071
"FOXP1","Endo","ADvHA",0.188435482223044,0.149041271495955,0.28448204176754
"GABPA","Endo","ADvHA",-0.31260548533637,0.294263817208399,0.433183712309108
"GATA1","Endo","ADvHA",0.270338563939707,0.0473100473238094,0.132466144527141
"GATA4","Endo","ADvHA",0.0924949659576989,0.321157932714921,0.462029480473965
"GATA6","Endo","ADvHA",0.144006500874514,0.274585264783403,0.413839220494987
"GRHL2","Endo","ADvHA",0.239695771972804,0.0327466890062269,0.113278683232925
"HLF","Endo","ADvHA",0.132178829764386,0.326914665222801,0.465026928283221
"HNF4A","Endo","ADvHA",0.26074414712378,0.034525588744145,0.114855751556228
"HNF4G","Endo","ADvHA",0.240902019820008,0.0782544668220848,0.184145269510705
"HOXB13","Endo","ADvHA",0.0604228174495145,0.654538542475032,0.7533143588849
"JUNB","Endo","ADvHA",-0.296270533300703,0.414259025356299,0.53845166950829
"JUND","Endo","ADvHA",-0.348913396020117,0.335358440993831,0.469650206082069
"KLF4","Endo","ADvHA",0.0225008421021901,0.803210281887769,0.864680456522037
"KLF9","Endo","ADvHA",0.143814703858039,0.169867615893174,0.305472161535169
"LHX2","Endo","ADvHA",0.256995434614643,0.0592949734883508,0.151958373352737
"MAFF","Endo","ADvHA",0.47300537926297,8.95559990490743e-05,0.0188963157993547
"MAFG","Endo","ADvHA",0.30434011083891,0.0117160397211534,0.0686690105878713
"MAFK","Endo","ADvHA",-0.0643473670162403,0.770330843935821,0.840723145192026
"MEF2A","Endo","ADvHA",-0.150667690903155,0.47552910633817,0.594881273343996
"MITF","Endo","ADvHA",-0.0838670431988418,0.529255064398905,0.646753775607156
"MXI1","Endo","ADvHA",0.375825180139109,0.0261071391736598,0.101385393232679
"MYOD1","Endo","ADvHA",0.544532773074703,0.00887680303214648,0.0609616211613501
"MYOG","Endo","ADvHA",0.546254882863642,0.00827505787310238,0.0582012403741534
"MZF1","Endo","ADvHA",0.340327331329974,0.0335623491802007,0.113978724915614
"NFE2L1","Endo","ADvHA",-0.0294866745493549,0.893877816323221,0.921538530509119
"NFIL3","Endo","ADvHA",0.162102139542916,0.24811737948495,0.390428670868953
"NFYB","Endo","ADvHA",0.104280306654849,0.321112846775963,0.462029480473965
"NKX2-5","Endo","ADvHA",0.270243159673172,0.023049831256277,0.0953630273544008
"NR4A1","Endo","ADvHA",0.0847013232305526,0.405831644792255,0.530767419738631
"ONECUT1","Endo","ADvHA",0.243837729311079,0.0290201915888305,0.105420580106945
"OTX2","Endo","ADvHA",0.234568500043579,0.0346192700922651,0.114855751556228
"PBX2","Endo","ADvHA",0.249370498254074,0.0629234060263164,0.155587953182259
"PHOX2B","Endo","ADvHA",0.278712914841639,0.0581183817709784,0.150774326479628
"PKNOX1","Endo","ADvHA",0.118307710221664,0.262602012698022,0.403432798728734
"POU2F3","Endo","ADvHA",0.47388070407071,0.000703261832739006,0.0286784159238258
"PRDM1","Endo","ADvHA",0.358242236887062,0.0101864859435615,0.0644804560227445
"RFX1","Endo","ADvHA",0.386370738350018,0.00426516082571051,0.0457601152995721
"RFX3","Endo","ADvHA",0.385054376288678,0.0108716849453226,0.0668133647610603
"RUNX3","Endo","ADvHA",0.192860896218106,0.113223357804175,0.234216946045892
"SCRT1","Endo","ADvHA",0.355106829413511,0.020043157085668,0.0887132972873875
"SCRT2","Endo","ADvHA",0.40905417660931,0.0107735145306074,0.0668133647610603
"SNAI2","Endo","ADvHA",0.51342718574597,0.0104916267803019,0.0657544529894171
"SOX2","Endo","ADvHA",0.359338958845266,0.01412106033582,0.0738729850625953
"SPI1","Endo","ADvHA",0.202844713159776,0.360760846786247,0.494289212155183
"SPIB","Endo","ADvHA",0.0267714157236663,0.914432654238306,0.938145656617258
"SREBF1(var.2)","Endo","ADvHA",0.1392697549952,0.246798825466141,0.390428670868953
"TCF3","Endo","ADvHA",0.483583883569647,0.002866749996129,0.0443047025317662
"TCF4","Endo","ADvHA",0.54677982498236,0.00220195306189921,0.0436676147471283
"TCF7","Endo","ADvHA",0.132635823673678,0.404177537198568,0.529736582754614
"TEAD1","Endo","ADvHA",0.100896582042368,0.527940342145873,0.646395041737596
"TEAD4","Endo","ADvHA",0.0182315943037897,0.892837191742441,0.921538530509119
"TFAP2A","Endo","ADvHA",0.210022830849416,0.0348193282679514,0.114855751556228
"TFAP2C(var.2)","Endo","ADvHA",0.205465776336256,0.0501589401708884,0.137448524364383
"TWIST1","Endo","ADvHA",0.262023587819377,0.197035952891058,0.337091238324432
"USF1","Endo","ADvHA",-0.0772293515452458,0.48248215060636,0.602388957265929
"USF2","Endo","ADvHA",-0.0598370211553971,0.611891433856377,0.723392154508317
"YY2","Endo","ADvHA",-0.228811861914101,0.279718982756508,0.415638770152276
"ZNF263","Endo","ADvHA",0.165252487996074,0.153786813823481,0.288863659199595
"CREM","Endo","ADvHA",-0.365003210643378,0.04285515072498,0.124437203710607
