tf,group,rel,cpm,celltype
NFKB1,YA,139,93.134094422285,Astro
NFKB1,YA,176,86.4215516576744,Astro
TEAD1,YA,32,50.7794456446078,Astro
TEAD4,YA,32,50.1838963544219,Astro
CEBPB,YA,-59,12.0886026362742,Astro
TEAD1,YA,117,51.458431424825,Astro
TEAD4,YA,117,49.0015720185074,Astro
CEBPB,YA,26,14.7265455032673,Astro
TEAD1,YA,134,49.5732896617128,Astro
TEAD4,YA,134,48.6823667179069,Astro
CEBPB,YA,43,12.7389008052015,Astro
TEAD1,YA,174,46.8313688282206,Astro
TEAD4,YA,174,46.0040734548418,Astro
CEBPB,YA,83,11.6697260708381,Astro
CEBPB,YA,138,10.7398532187911,Astro
CEBPB,YA,180,12.5088841361025,Astro
CEBPB,YA,200,11.0957024011413,Astro
CEBPB,YA,-34,13.6966547907075,Astro
CEBPB,YA,113,13.7289996950009,Astro
CEBPB,YA,127,9.76939704969202,Astro
CEBPB,YA,132,12.3528934526685,Astro
IRF1,YA,-106,334.852442634808,Astro
IRF1,YA,-86,348.365961425382,Astro
IRF1,YA,-25,408.047606136972,Astro
IRF1,YA,12,191.035802591895,Astro
IRF1,YA,42,423.68831250106,Astro
IRF1,YA,83,368.753835479649,Astro
IRF1,YA,92,373.016730643186,Astro
IRF1,YA,-133,356.068258317972,Astro
IRF1,YA,-40,401.696151020662,Astro
IRF1,YA,67,370.074225438042,Astro
TEAD4,YA,-85,44.9646937124076,Astro
TEAD4,YA,-24,52.0989699275492,Astro
STAT3,YA,-43,107.482959981612,Astro
STAT3,YA,108,105.372086272125,Astro
STAT3,YA,116,107.692097839493,Astro
STAT3,YA,141,105.665883293377,Astro
NFKB1,YA,-193,83.1144418472576,Astro
NFKB1,YA,-171,80.5819351823006,Astro
NFKB1,YA,-158,83.1880419860219,Astro
NFKB1,YA,-149,87.4881145706745,Astro
NFKB1,YA,-125,85.5809885094791,Astro
NFKB1,YA,-114,81.795720396065,Astro
NFKB1,YA,-110,79.4737686797511,Astro
NFKB1,YA,-94,83.6958441963751,Astro
NFKB1,YA,-71,86.8833228301926,Astro
NFKB1,YA,-41,95.8878178369946,Astro
NFKB1,YA,-36,73.8324170081993,Astro
NFKB1,YA,-7,180.290604370272,Astro
NFKB1,YA,26,80.6872097867828,Astro
NFKB1,YA,28,76.6175388420844,Astro
NFKB1,YA,55,85.8770938095089,Astro
NFKB1,YA,68,80.6927083451137,Astro
NFKB1,YA,82,81.828916295949,Astro
NFKB1,YA,112,87.0827488359116,Astro
NFKB1,YA,125,90.3372209583355,Astro
NFKB1,YA,135,86.1753489647883,Astro
NFKB1,YA,144,93.0664476036694,Astro
NFKB1,YA,170,91.586180691823,Astro
NFKB1,YA,-61,87.3373227540895,Astro
NFKB1,YA,-55,85.9333162827294,Astro
NFKB1,YA,-33,80.8270965630329,Astro
NFKB1,YA,-12,121.080657331531,Astro
NFKB1,YA,22,77.9782911890558,Astro
NFKB1,YA,86,89.7889642803409,Astro
NFKB1,YA,113,86.6302242989249,Astro
NFKB1,YA,138,93.0406185811272,Astro
NFKB1,YA,160,87.3650148797121,Astro
NFKB1,YA,-195,85.8507370147362,Astro
NFKB1,YA,-166,83.4218431136539,Astro
NFKB1,YA,-161,86.2336423220472,Astro
NFKB1,YA,-143,83.2924659164284,Astro
NFKB1,YA,-112,85.0682694063947,Astro
NFKB1,YA,-88,84.2759796914637,Astro
NFKB1,YA,-78,76.2604708663338,Astro
NFKB1,YA,-72,89.2171734670873,Astro
NFKB1,YA,-43,85.3767880469844,Astro
NFKB1,YA,-1,107.482130137936,Astro
NFKB1,YA,4,146.984012586021,Astro
NFKB1,YA,90,88.7110507961195,Astro
NFKB1,YA,118,83.7694710733338,Astro
NFKB1,YA,129,85.1544086281316,Astro
RELA,YA,-181,61.9429240459196,Astro
NFKB1,YA,-182,78.4535019611903,Astro
RELA,YA,-164,61.899678613127,Astro
NFKB1,YA,-165,89.3731482831644,Astro
RELA,YA,-159,63.6669816172152,Astro
NFKB1,YA,-160,84.8091332030033,Astro
RELA,YA,-133,64.8377408742301,Astro
NFKB1,YA,-134,86.3755940110545,Astro
RELA,YA,-97,65.6845576004536,Astro
NFKB1,YA,-98,86.8159999122121,Astro
RELA,YA,-90,65.5024725974308,Astro
NFKB1,YA,-91,88.2240141372079,Astro
RELA,YA,-70,67.2479056002579,Astro
RELA,YA,-66,64.5978176941837,Astro
NFKB1,YA,-67,79.0718803080044,Astro
RELA,YA,-46,68.5016912644424,Astro
NFKB1,YA,-47,80.9913117350027,Astro
RELA,YA,-36,71.2994686311366,Astro
NFKB1,YA,-37,87.4862072646678,Astro
RELA,YA,-25,68.7143865869417,Astro
NFKB1,YA,-26,78.0669735872578,Astro
RELA,YA,-16,73.8619239297861,Astro
NFKB1,YA,-17,80.3772046305234,Astro
RELA,YA,3,44.6326870835705,Astro
NFKB1,YA,2,35.638381112357,Astro
RELA,YA,5,93.0472736980246,Astro
RELA,YA,6,64.4013402521631,Astro
NFKB1,YA,5,174.177933919637,Astro
RELA,YA,36,68.5876429770872,Astro
NFKB1,YA,35,88.0020488180251,Astro
RELA,YA,42,65.0244899616477,Astro
NFKB1,YA,41,86.4698888738308,Astro
RELA,YA,61,67.845178726113,Astro
NFKB1,YA,60,87.7548627355655,Astro
RELA,YA,69,71.5601832954266,Astro
RELA,YA,93,67.0105854159572,Astro
NFKB1,YA,92,86.2572442446421,Astro
RELA,YA,108,70.4262168273765,Astro
NFKB1,YA,107,89.7105385695056,Astro
RELA,YA,167,66.3421987468619,Astro
NFKB1,YA,166,90.2378724819244,Astro
RELA,YA,-183,62.5464113692213,Astro
RELA,YA,-131,61.6678668676501,Astro
RELA,YA,-167,56.1984569965917,Astro
RELA,YA,-104,64.9772234924297,Astro
RELA,YA,-140,65.0129527560861,Astro
RELA,YA,-179,61.2824445328983,Astro
RELA,YA,-68,71.4247939769668,Astro
RELA,YA,-143,60.3002143386665,Astro
RELA,YA,-45,64.7238908355087,Astro
RELA,YA,-81,72.0262637021475,Astro
RELA,YA,-120,65.8268944062907,Astro
RELA,YA,-24,69.0785987400413,Astro
RELA,YA,-60,65.2775516339827,Astro
RELA,YA,-99,68.7106739125285,Astro
RELA,YA,51,67.6704920061601,Astro
RELA,YA,15,70.2061397008295,Astro
RELA,YA,64,67.2335849274282,Astro
RELA,YA,28,68.8904469915616,Astro
RELA,YA,-11,68.9037051849483,Astro
RELA,YA,57,70.3158964366702,Astro
RELA,YA,18,69.6663371881394,Astro
RELA,YA,-91,63.6945676509444,Astro
RELA,YA,125,68.0315094911096,Astro
RELA,YA,89,64.0029521995636,Astro
RELA,YA,50,66.5757764231125,Astro
RELA,YA,-59,65.8453180548614,Astro
RELA,YA,141,64.4639248956586,Astro
RELA,YA,105,65.4114274367662,Astro
RELA,YA,66,66.6304494740843,Astro
RELA,YA,-43,69.4892717969529,Astro
RELA,YA,180,63.0462843514984,Astro
RELA,YA,71,71.5000171362642,Astro
RELA,YA,185,63.6667342048347,Astro
RELA,YA,76,68.0529193205544,Astro
RELA,YA,95,65.2770244074008,Astro
RELA,YA,112,66.3783326583098,Astro
RELA,YA,128,68.0609331189245,Astro
RELA,YA,136,68.1748769688931,Astro
RELA,YA,143,67.7951423294749,Astro
RELA,YA,159,68.3127264185827,Astro
RELA,YA,178,65.8224556041921,Astro
RELA,YA,183,63.1950818678442,Astro
RELA,YA,196,63.0751756168622,Astro
NFKB1,YA,123,87.8312795332905,Astro
NFKB1,YA,153,91.4525686823653,Astro
RELA,YA,-198,59.303043695286,Astro
RELA,YA,-154,60.8493213590075,Astro
RELA,YA,-85,63.3541291350673,Astro
RELA,YA,-72,68.4842285629474,Astro
RELA,YA,-65,68.6866938570253,Astro
RELA,YA,-57,65.377675400253,Astro
RELA,YA,-40,70.4300410304825,Astro
RELA,YA,-28,66.140840903228,Astro
RELA,YA,-17,70.056853632883,Astro
RELA,YA,4,90.8257289452106,Astro
RELA,YA,7,41.6859215430135,Astro
RELA,YA,14,77.8310001580256,Astro
RELA,YA,20,72.5221341491925,Astro
RELA,YA,22,73.0160051166732,Astro
RELA,YA,37,65.5079826558363,Astro
RELA,YA,68,68.2668339888522,Astro
RELA,YA,72,70.9228742471119,Astro
RELA,YA,83,64.0154433084479,Astro
RELA,YA,139,68.4346618280998,Astro
RELA,YA,145,68.7041244544305,Astro
RELA,YA,147,69.3776511626318,Astro
RELA,YA,160,64.7616865248647,Astro
RELA,YA,162,67.1291500577876,Astro
RELA,YA,182,67.6940894273874,Astro
RELA,YA,189,64.37005811593,Astro
RELA,YA,194,65.7762489746206,Astro
RELA,YA,-126,63.1880138490338,Astro
RELA,YA,-69,69.7583726336075,Astro
RELA,YA,-61,67.0392806469887,Astro
RELA,YA,-54,63.4861565048253,Astro
RELA,YA,-33,68.7846189417052,Astro
RELA,YA,-29,67.8036182416119,Astro
RELA,YA,-27,69.5360392332027,Astro
RELA,YA,-22,72.4266374025988,Astro
RELA,YA,39,67.9542186561059,Astro
RELA,YA,55,66.8988430826194,Astro
TEAD4,YA,-175,42.4998084774515,Astro
TEAD4,YA,-142,44.9674907057883,Astro
TEAD4,YA,-139,44.8205634304655,Astro
TEAD4,YA,-126,48.9887436142035,Astro
TEAD4,YA,-92,44.4215608486001,Astro
TEAD4,YA,38,49.0773514715671,Astro
TEAD4,YA,87,48.711392897187,Astro
TEAD4,YA,118,48.2446637771858,Astro
TEAD4,YA,180,47.9928716674334,Astro
IRF1,YA,-168,298.562511545335,Astro
IRF1,YA,-78,350.442205692873,Astro
TEAD1,YA,-132,45.096507187592,Astro
TEAD4,YA,-132,44.2201482511225,Astro
IRF1,YA,14,245.441631891926,Astro
TEAD1,YA,-40,49.1799323273493,Astro
TEAD4,YA,-40,43.5873993960931,Astro
IRF1,YA,-120,347.208157606032,Astro
IRF1,YA,-188,315.923029733467,Astro
IRF1,YA,-194,320.43976137576,Astro
IRF1,YA,-200,326.811563355012,Astro
IRF1,YA,50,399.172063670839,Astro
TEAD1,YA,-4,111.616496212739,Astro
TEAD4,YA,-4,86.652035787741,Astro
IRF1,YA,-84,343.423127937561,Astro
IRF1,YA,-152,332.682808593745,Astro
IRF1,YA,-158,320.998736553523,Astro
IRF1,YA,-164,309.34704925891,Astro
IRF1,YA,65,375.129337290225,Astro
TEAD1,YA,11,64.9845261431496,Astro
TEAD4,YA,11,46.1557217057546,Astro
IRF1,YA,-69,342.024542717575,Astro
IRF1,YA,-137,355.324113817845,Astro
IRF1,YA,-143,346.217933214648,Astro
IRF1,YA,-149,361.936906004992,Astro
IRF1,YA,84,383.298386416007,Astro
TEAD1,YA,30,49.5464319794515,Astro
TEAD4,YA,30,46.9306724823852,Astro
IRF1,YA,-50,395.490882027542,Astro
IRF1,YA,-118,355.286380056324,Astro
IRF1,YA,-124,344.684318408289,Astro
IRF1,YA,-130,334.778380365333,Astro
IRF1,YA,89,378.584538787606,Astro
TEAD1,YA,35,51.3064516513941,Astro
TEAD4,YA,35,49.3920308200903,Astro
IRF1,YA,-45,413.72487679723,Astro
IRF1,YA,-113,339.226276991494,Astro
IRF1,YA,-119,348.372235546684,Astro
IRF1,YA,-125,336.98256706858,Astro
IRF1,YA,115,384.972417278325,Astro
TEAD1,YA,61,50.58025669465,Astro
TEAD4,YA,61,48.9499877818895,Astro
IRF1,YA,-19,272.089777056687,Astro
IRF1,YA,-87,348.060124778265,Astro
IRF1,YA,-93,343.879860615043,Astro
IRF1,YA,-99,338.496758351771,Astro
IRF1,YA,131,402.423715263166,Astro
TEAD1,YA,77,47.5157362478173,Astro
TEAD4,YA,77,50.1586787280487,Astro
IRF1,YA,-3,52.2386844631591,Astro
IRF1,YA,-71,352.307203007274,Astro
IRF1,YA,-77,352.786778054554,Astro
IRF1,YA,-83,340.842037387206,Astro
IRF1,YA,147,393.847560963957,Astro
TEAD1,YA,93,49.0769211908882,Astro
TEAD4,YA,93,45.797095443715,Astro
IRF1,YA,13,206.737286439353,Astro
IRF1,YA,-55,367.797733646302,Astro
IRF1,YA,-61,362.107172534631,Astro
IRF1,YA,-67,353.524486823812,Astro
IRF1,YA,155,379.965190939037,Astro
TEAD1,YA,101,50.3377501017787,Astro
TEAD4,YA,101,50.8542271784306,Astro
IRF1,YA,21,373.317837432997,Astro
IRF1,YA,-47,407.312264986124,Astro
IRF1,YA,-53,382.191539959587,Astro
IRF1,YA,-59,360.720831577592,Astro
IRF1,YA,163,364.582607800334,Astro
TEAD1,YA,109,47.9366466372702,Astro
TEAD4,YA,109,47.1287023697554,Astro
IRF1,YA,29,410.585061615894,Astro
IRF1,YA,-39,392.760174585128,Astro
IRF1,YA,-51,385.370945816986,Astro
IRF1,YA,180,393.937201553601,Astro
TEAD1,YA,126,53.053870153518,Astro
TEAD4,YA,126,51.2620272185072,Astro
IRF1,YA,46,417.572707026965,Astro
IRF1,YA,-22,352.227409039725,Astro
IRF1,YA,-28,400.912673829474,Astro
IRF1,YA,-34,397.612440393515,Astro
IRF1,YA,181,368.378718609503,Astro
TEAD1,YA,127,48.8016125139258,Astro
TEAD4,YA,127,50.1297191334984,Astro
IRF1,YA,47,407.252548434786,Astro
IRF1,YA,-21,329.170094725666,Astro
IRF1,YA,-27,397.799393593845,Astro
IRF1,YA,-33,391.183054169776,Astro
IRF1,YA,182,384.996553939608,Astro
TEAD1,YA,128,48.7762873221327,Astro
TEAD4,YA,128,48.517178625891,Astro
IRF1,YA,48,411.52719875601,Astro
IRF1,YA,-20,305.335319656171,Astro
IRF1,YA,-26,403.784853792448,Astro
IRF1,YA,-32,405.195821653333,Astro
IRF1,YA,193,390.288449038741,Astro
TEAD1,YA,139,48.0178499914644,Astro
TEAD4,YA,139,49.9523778731746,Astro
IRF1,YA,59,383.218586119621,Astro
IRF1,YA,-9,89.2347307857517,Astro
IRF1,YA,-15,197.668701203414,Astro
TEAD1,YA,184,49.2175600849938,Astro
TEAD4,YA,184,44.9973659506079,Astro
IRF1,YA,104,377.551957483723,Astro
IRF1,YA,36,414.955909134744,Astro
IRF1,YA,30,421.351404007084,Astro
IRF1,YA,24,413.512545995411,Astro
IRF1,YA,124,389.403887247136,Astro
IRF1,YA,56,388.730879577346,Astro
IRF1,YA,44,425.887988692622,Astro
IRF1,YA,63,385.679843894728,Astro
IRF1,YA,57,383.427930051664,Astro
IRF1,YA,51,399.66564002499,Astro
IRF1,YA,144,401.135926867806,Astro
IRF1,YA,76,373.087509588423,Astro
IRF1,YA,70,368.99153841873,Astro
IRF1,YA,64,376.974470385639,Astro
IRF1,YA,145,394.681697971151,Astro
IRF1,YA,77,374.444791660911,Astro
IRF1,YA,71,372.605093376699,Astro
IRF1,YA,79,370.52122634534,Astro
IRF1,YA,73,363.026146935823,Astro
IRF1,YA,160,367.822768914146,Astro
IRF1,YA,86,377.411287966902,Astro
IRF1,YA,80,373.845068964452,Astro
IRF1,YA,166,362.792688450599,Astro
IRF1,YA,98,366.614318374961,Astro
IRF1,YA,168,363.089731256701,Astro
IRF1,YA,100,365.012933228783,Astro
IRF1,YA,94,370.610990879213,Astro
IRF1,YA,88,371.775319778785,Astro
IRF1,YA,170,355.434548387701,Astro
IRF1,YA,102,373.051228675268,Astro
IRF1,YA,96,392.766733947316,Astro
IRF1,YA,90,373.285599780059,Astro
IRF1,YA,178,362.810798949902,Astro
IRF1,YA,110,371.00482136171,Astro
IRF1,YA,134,392.875683971756,Astro
IRF1,YA,128,394.015392420846,Astro
IRF1,YA,122,386.113783155797,Astro
IRF1,YA,142,390.56070671244,Astro
IRF1,YA,136,401.587418410473,Astro
IRF1,YA,130,395.133144404882,Astro
IRF1,YA,138,397.044347617966,Astro
IRF1,YA,132,402.087431442807,Astro
IRF1,YA,159,363.344613187088,Astro
IRF1,YA,153,385.357714225588,Astro
IRF1,YA,197,386.104620288361,Astro
IRF1,YA,191,380.299934809802,Astro
RELA,YA,-187,62.9047222906493,Astro
NFKB1,YA,-187,79.5471031911929,Astro
TEAD4,YA,-50,43.8890367652045,Astro
TEAD1,YA,-51,46.0824081164371,Astro
TEAD4,YA,132,49.4184841236459,Astro
TEAD1,YA,131,46.8081070994648,Astro
TEAD4,YA,145,47.6769537334489,Astro
TEAD1,YA,144,49.4950966646052,Astro
TEAD4,YA,169,46.0203889849794,Astro
TEAD1,YA,168,47.9681191006421,Astro
TEAD4,YA,170,48.0269572571984,Astro
TEAD1,YA,169,47.3519726529359,Astro
TEAD1,YA,183,48.5558915017874,Astro
NFKB1,YA,-185,80.476263998849,Astro
NFKB1,YA,-178,79.2828896199795,Astro
NFKB1,YA,-122,80.2672474940636,Astro
NFKB1,YA,-93,86.4507202343669,Astro
NFKB1,YA,-76,77.7479208049571,Astro
NFKB1,YA,-62,84.5007061074618,Astro
NFKB1,YA,-54,83.1772927068062,Astro
NFKB1,YA,-6,148.299917418123,Astro
NFKB1,YA,11,71.9813773242845,Astro
NFKB1,YA,83,80.9044245819269,Astro
NFKB1,YA,93,80.5607239636188,Astro
RELA,YA,-127,68.5429754680595,Astro
RELA,YA,-74,63.3918440162404,Astro
NFKB1,YA,-135,88.1192283776183,Astro
RELA,YA,-160,64.1374300107016,Astro
RELA,YA,-142,68.0301085595415,Astro
RELA,YA,-15,75.6014042549909,Astro
RELA,YA,34,68.828522039481,Astro
RELA,YA,49,71.18971381705,Astro
RELA,YA,59,71.0452041272046,Astro
IRF1,YA,-196,324.345429296715,Astro
IRF1,YA,-163,304.601572736458,Astro
NFKB1,YA,-151,84.7880824000613,Astro
NFKB1,YA,10,121.397324276873,Astro
NFKB1,YA,-38,68.6752291190706,Astro
NFKB1,YA,109,93.9500382562442,Astro
NFKB1,YA,-132,87.0567738895824,Astro
NFKB1,YA,-148,87.546721762496,Astro
NFKB1,YA,6,112.22505757474,Astro
NFKB1,YA,39,102.483805933536,Astro
NFKB1,YA,53,86.3578205953308,Astro
NFKB1,YA,85,85.2916094968248,Astro
NFKB1,YA,91,90.0763110763282,Astro
NFKB1,YA,124,91.1978899386038,Astro
TEAD4,YA,196,45.0435660309183,Astro
TEAD1,YA,72,48.0114016635484,Astro
TEAD1,YA,189,48.9197438194261,Astro
RELA,YA,-174,60.5874790404289,Astro
NFKB1,YA,-174,85.1551487300649,Astro
RELA,YA,-168,61.6917569741136,Astro
NFKB1,YA,-168,83.0621742047662,Astro
RELA,YA,80,68.9791205707971,Astro
NFKB1,YA,80,80.3583698358953,Astro
RELA,YA,110,67.5459881817582,Astro
NFKB1,YA,110,86.0101328960637,Astro
RELA,YA,114,62.8310758501953,Astro
NFKB1,YA,114,89.2818566004053,Astro
RELA,YA,176,61.6472935323238,Astro
IRF1,YA,-189,316.827327361401,Astro
RELA,YA,195,63.2969175339572,Astro
NFKB1,YA,195,85.8315371029158,Astro
IRF1,YA,-170,301.27088202086,Astro
IRF1,YA,-134,365.718117185334,Astro
IRF1,YA,-81,344.738212592382,Astro
IRF1,YA,-42,419.665814686023,Astro
IRF1,YA,-30,399.20292890963,Astro
IRF1,YA,-18,266.512729244465,Astro
IRF1,YA,-11,113.867039378467,Astro
IRF1,YA,6,104.45588679924,Astro
IRF1,YA,7,89.814324771806,Astro
IRF1,YA,18,307.074613857975,Astro
IRF1,YA,19,341.915785258413,Astro
IRF1,YA,27,403.22944702297,Astro
IRF1,YA,38,408.058736826824,Astro
IRF1,YA,62,379.519461408891,Astro
IRF1,YA,68,371.856996758811,Astro
IRF1,YA,75,378.235950566613,Astro
IRF1,YA,81,368.489836010265,Astro
IRF1,YA,87,370.645548744743,Astro
IRF1,YA,97,363.450535657064,Astro
IRF1,YA,105,374.290327681464,Astro
IRF1,YA,108,376.256679330027,Astro
IRF1,YA,123,390.547979982759,Astro
IRF1,YA,125,390.074604031842,Astro
IRF1,YA,143,392.958465296511,Astro
IRF1,YA,148,397.657102328882,Astro
IRF1,YA,149,391.039085019002,Astro
IRF1,YA,150,392.519852689347,Astro
IRF1,YA,152,382.87715852964,Astro
IRF1,YA,154,376.826831597253,Astro
IRF1,YA,157,366.449387314774,Astro
IRF1,YA,167,359.125656368284,Astro
IRF1,YA,169,357.354385858574,Astro
IRF1,YA,172,358.814281327318,Astro
IRF1,YA,179,362.422501038796,Astro
IRF1,YA,192,386.743335694137,Astro
IRF1,YA,194,392.080861936612,Astro
IRF1,YA,-56,365.617605022801,Astro
STAT3,YA,-173,88.5704030094758,Astro
STAT3,YA,-194,86.0777695745364,Astro
IRF1,YA,200,386.125536351514,Astro
STAT3,YA,55,110.465505408237,Astro
STAT3,YA,34,114.29425066827,Astro
STAT3,YA,123,100.99052311256,Astro
STAT3,YA,102,103.38838122963,Astro
STAT3,YA,67,103.533999714142,Astro
STAT3,YA,168,100.614615639488,Astro
NFKB1,YA,79,99.8105695974355,Astro
NFKB1,YA,156,86.3482276715734,Astro
NFKB1,YA,158,91.6595317234762,Astro
NFKB1,YA,191,87.0460792072863,Astro
NFKB1,YA,-104,80.1333992064735,Astro
NFKB1,YA,-32,88.1498372979945,Astro
NFKB1,YA,87,90.806192678085,Astro
NFKB1,YA,145,95.8288214930579,Astro
RELA,YA,-196,58.0705850086787,Astro
RELA,YA,-191,58.8962480349397,Astro
RELA,YA,-184,59.93798026509,Astro
RELA,YA,-149,64.5430065546299,Astro
RELA,YA,-88,66.1579300089008,Astro
RELA,YA,-21,73.7760698594508,Astro
RELA,YA,-14,67.6310194927787,Astro
RELA,YA,9,41.2984365763714,Astro
RELA,YA,121,68.2315673981736,Astro
RELA,YA,132,64.3203904538539,Astro
RELA,YA,133,64.3812627949451,Astro
RELA,YA,171,65.0786582145372,Astro
RELA,YA,199,62.1799010978693,Astro
STAT3,YA,-167,88.0424439782408,Astro
STAT3,YA,-131,95.8668034295201,Astro
STAT3,YA,-129,98.8379004430143,Astro
STAT3,YA,-124,99.1894485052314,Astro
STAT3,YA,-119,94.1708028238717,Astro
STAT3,YA,-94,102.955827227433,Astro
STAT3,YA,-92,101.130869770359,Astro
STAT3,YA,-84,103.330113476455,Astro
STAT3,YA,-79,102.838712537913,Astro
STAT3,YA,-77,107.726531281493,Astro
STAT3,YA,-65,110.496337971497,Astro
STAT3,YA,-51,99.7428843514076,Astro
STAT3,YA,-44,110.293611206068,Astro
STAT3,YA,-30,111.168125013591,Astro
STAT3,YA,-29,112.28596764646,Astro
STAT3,YA,-13,73.3541432356045,Astro
STAT3,YA,5,79.7632217540095,Astro
STAT3,YA,11,73.2463853688168,Astro
STAT3,YA,21,114.139880781989,Astro
STAT3,YA,39,107.374036096578,Astro
STAT3,YA,44,110.370075921166,Astro
STAT3,YA,45,111.448480861669,Astro
STAT3,YA,77,108.276656041864,Astro
STAT3,YA,87,105.233701910804,Astro
STAT3,YA,101,107.769919544855,Astro
STAT3,YA,119,110.155303467916,Astro
STAT3,YA,126,103.679614988858,Astro
STAT3,YA,129,101.255405435261,Astro
STAT3,YA,136,100.70024284987,Astro
STAT3,YA,145,97.700955865467,Astro
STAT3,YA,165,98.722747580259,Astro
STAT3,YA,167,98.8663611460785,Astro
STAT3,YA,171,99.053790950843,Astro
STAT3,YA,181,99.1299452904066,Astro
STAT3,YA,183,102.037440963823,Astro
STAT3,YA,197,100.046610994832,Astro
RELA,YA,-166,61.7332235309497,Astro
RELA,YA,-135,64.357250090343,Astro
RELA,YA,-138,63.4515910869255,Astro
RELA,YA,-37,65.8600433544615,Astro
NFKB1,YA,38,85.8889433593004,Astro
NFKB1,YA,102,82.9578162809703,Astro
RELA,YA,101,71.8277815983068,Astro
NFKB1,YA,183,82.6145770961268,Astro
STAT3,YA,-59,108.768110189335,Astro
STAT3,YA,-38,113.256894795698,Astro
STAT3,YA,-17,107.04943524208,Astro
STAT3,YA,-192,90.4800024399959,Astro
STAT3,YA,23,111.96899062375,Astro
STAT3,YA,-152,89.8875219732802,Astro
STAT3,YA,56,109.778422354288,Astro
STAT3,YA,-182,90.5527422546516,Astro
STAT3,YA,190,97.1047077684163,Astro
STAT3,YA,15,106.983519845704,Astro
STAT3,YA,-48,107.548040115854,Astro
STAT3,YA,200,96.833840228825,Astro
STAT3,YA,25,115.589512609976,Astro
STAT3,YA,179,98.7175553252415,Astro
STAT3,YA,-197,91.6995428299604,Astro
STAT3,YA,-196,90.891940596932,Astro
STAT3,YA,-193,89.7012545339133,Astro
STAT3,YA,-189,91.1483386000142,Astro
STAT3,YA,-174,90.2273623378533,Astro
STAT3,YA,-164,93.7037699646066,Astro
STAT3,YA,-161,91.8595046292672,Astro
STAT3,YA,-156,93.6256054437814,Astro
STAT3,YA,-149,90.6488272458516,Astro
STAT3,YA,-136,92.3593002014689,Astro
STAT3,YA,-135,96.803044336817,Astro
STAT3,YA,-130,94.6045464039962,Astro
STAT3,YA,-110,98.4787689566193,Astro
STAT3,YA,-95,101.886759711229,Astro
STAT3,YA,-69,107.867457381633,Astro
STAT3,YA,-49,102.883039958318,Astro
STAT3,YA,-26,120.113565122404,Astro
STAT3,YA,-3,41.9585799517073,Astro
STAT3,YA,0,184.644090995293,Astro
STAT3,YA,10,97.5253313430601,Astro
STAT3,YA,20,114.289887582615,Astro
STAT3,YA,35,117.379608407806,Astro
STAT3,YA,76,107.292225349748,Astro
STAT3,YA,103,105.796167961158,Astro
STAT3,YA,110,100.013535119364,Astro
STAT3,YA,115,107.763139678147,Astro
STAT3,YA,185,97.0674289508783,Astro
RELA,YA,-165,60.1121399611025,Astro
RELA,YA,127,69.8824877583947,Astro
STAT3,YA,-103,97.3116086849272,Astro
STAT3,YA,-50,101.553158787955,Astro
STAT3,YA,-25,118.772959088342,Astro
STAT3,YA,51,110.845779348918,Astro
STAT3,YA,65,107.970081438343,Astro
STAT3,YA,121,108.220750301628,Astro
STAT3,YA,-187,91.1385575388669,Astro
STAT3,YA,139,99.5019944938803,Astro
STAT3,YA,143,98.6029412735387,Astro
STAT3,YA,170,100.108281502052,Astro
STAT3,YA,177,99.6215507943659,Astro
RELA,YA,-31,70.4963665187981,Astro
RELA,YA,181,60.7576235281566,Astro
RELA,YA,-150,62.6989776577933,Astro
RELA,YA,-39,68.7786215741063,Astro
NFKB1,YA,-177,82.3436954549703,Astro
NFKB1,YA,-87,82.0517824831176,Astro
NFKB1,YA,-68,83.3557122520695,Astro
NFKB1,YA,-53,79.5066095197676,Astro
NFKB1,YA,-21,86.5453619168722,Astro
NFKB1,YA,7,83.6100454452622,Astro
NFKB1,YA,45,83.3361148008336,Astro
NFKB1,YA,52,83.7936864680586,Astro
NFKB1,YA,54,93.1394345997933,Astro
NFKB1,YA,75,76.6810355100245,Astro
NFKB1,YA,94,92.9506130073009,Astro
NFKB1,YA,108,89.0158482330885,Astro
NFKB1,YA,119,88.7389678461549,Astro
CEBPB,YA,-199,10.6115223157902,Astro
CEBPB,YA,-197,10.1097349553475,Astro
CEBPB,YA,-173,10.2761549555185,Astro
CEBPB,YA,-167,10.2447885403738,Astro
CEBPB,YA,-145,12.3996699155405,Astro
CEBPB,YA,-143,11.5938305742248,Astro
CEBPB,YA,-133,11.4589608149075,Astro
CEBPB,YA,-132,10.8091306525381,Astro
CEBPB,YA,-131,10.1301952452185,Astro
CEBPB,YA,-128,10.6478114057122,Astro
CEBPB,YA,-127,11.2060657413587,Astro
CEBPB,YA,-126,9.88944118287272,Astro
CEBPB,YA,-116,10.6262579378939,Astro
CEBPB,YA,-104,10.5562698278066,Astro
CEBPB,YA,-100,11.3445560473249,Astro
CEBPB,YA,-84,12.8312493064196,Astro
CEBPB,YA,-82,10.5119263912572,Astro
CEBPB,YA,-72,11.7706304296364,Astro
CEBPB,YA,-68,12.0084215699267,Astro
CEBPB,YA,-57,11.3162828282236,Astro
CEBPB,YA,-55,10.7041369687368,Astro
CEBPB,YA,-48,11.9458278667593,Astro
CEBPB,YA,-46,9.92204857270687,Astro
CEBPB,YA,-19,14.1888115585918,Astro
CEBPB,YA,-18,12.6124499031965,Astro
CEBPB,YA,-10,13.6725774621878,Astro
CEBPB,YA,-6,10.4807793910472,Astro
CEBPB,YA,6,2.11167273040074,Astro
CEBPB,YA,7,34.6307820274005,Astro
CEBPB,YA,15,12.8407349836959,Astro
CEBPB,YA,39,10.6757835346259,Astro
CEBPB,YA,45,11.4673663731475,Astro
CEBPB,YA,68,11.3860772578945,Astro
CEBPB,YA,70,13.5854376448481,Astro
CEBPB,YA,80,11.7785391448869,Astro
CEBPB,YA,90,10.8803866967683,Astro
CEBPB,YA,109,11.7914132684111,Astro
CEBPB,YA,119,11.2243829217561,Astro
CEBPB,YA,120,10.4649695109824,Astro
CEBPB,YA,128,10.9115284794312,Astro
CEBPB,YA,152,11.9266806622522,Astro
CEBPB,YA,159,9.98676177147489,Astro
CEBPB,YA,173,11.6283726028865,Astro
CEBPB,YA,175,11.2656067775072,Astro
CEBPB,YA,181,12.2590620668066,Astro
CEBPB,YA,188,13.0079562767748,Astro
CEBPB,YA,198,11.0581496428752,Astro
NFKB1,YA,-108,77.55307666136,Astro
NFKB1,YA,17,71.8769738060347,Astro
NFKB1,YA,49,82.9500827286796,Astro
STAT3,YA,122,106.511935983271,Astro
STAT3,YA,196,97.9164714537157,Astro
TEAD4,YA,-174,42.7080081235329,Astro
TEAD1,YA,-175,44.4368791771551,Astro
STAT3,YA,-178,87.8366764479889,Astro
TEAD4,YA,-134,46.6953334385387,Astro
TEAD1,YA,-135,46.5149287446005,Astro
STAT3,YA,-138,92.9993265544454,Astro
TEAD4,YA,-133,46.2213569242092,Astro
TEAD1,YA,-134,47.0639695569179,Astro
STAT3,YA,-137,90.7043453106588,Astro
TEAD4,YA,-103,46.1413685210833,Astro
TEAD1,YA,-104,45.9529886256855,Astro
STAT3,YA,-107,99.3215541976637,Astro
TEAD4,YA,-91,48.7806781348734,Astro
TEAD1,YA,-92,49.011404236946,Astro
TEAD4,YA,-88,47.2545486449068,Astro
TEAD1,YA,-89,45.3791190370102,Astro
TEAD4,YA,2,46.9893275965215,Astro
TEAD1,YA,1,61.389507433852,Astro
STAT3,YA,-2,184.731736853107,Astro
TEAD4,YA,65,46.2348103267118,Astro
TEAD1,YA,64,50.9456858367507,Astro
STAT3,YA,61,106.843050164621,Astro
TEAD4,YA,83,48.9950758796317,Astro
TEAD1,YA,82,49.0086543934319,Astro
STAT3,YA,79,105.137398203129,Astro
TEAD4,YA,111,45.9227162630098,Astro
TEAD1,YA,110,48.8874811802107,Astro
STAT3,YA,107,103.975762962182,Astro
TEAD4,YA,193,45.0604669785259,Astro
TEAD1,YA,192,49.9376700542267,Astro
STAT3,YA,189,95.388306045304,Astro
NFKB1,YA,-189,80.3897109441635,Astro
NFKB1,YA,-186,79.6583034486848,Astro
NFKB1,YA,-164,88.3970575736804,Astro
NFKB1,YA,-152,89.1661371223901,Astro
NFKB1,YA,-198,79.5516835484808,Astro
NFKB1,YA,-146,79.5520912034295,Astro
NFKB1,YA,-192,78.4432792223356,Astro
NFKB1,YA,-121,86.0333015014675,Astro
NFKB1,YA,-167,85.2677537321714,Astro
NFKB1,YA,-140,87.576577588326,Astro
NFKB1,YA,-56,93.9290046775527,Astro
NFKB1,YA,-102,93.2210136986774,Astro
NFKB1,YA,-83,82.3640188738678,Astro
NFKB1,YA,-28,74.5457801178953,Astro
NFKB1,YA,-74,82.7714031060574,Astro
NFKB1,YA,-11,78.8046468907075,Astro
NFKB1,YA,-57,86.1333891511972,Astro
NFKB1,YA,25,79.4046402145609,Astro
NFKB1,YA,147,98.5229616515705,Astro
NFKB1,YA,101,87.2532478663045,Astro
NFKB1,YA,155,91.9757513571269,Astro
NFKB1,YA,196,88.4643519722931,Astro
NFKB1,YA,150,90.323765087559,Astro
NFKB1,YA,161,83.6752637483762,Astro
NFKB1,YA,9,83.384153183308,Astro
NFKB1,YA,64,89.8026825928935,Astro
NFKB1,YA,154,90.7884409209154,Astro
STAT3,YA,-184,91.0814239688122,Astro
STAT3,YA,-147,95.8172632003566,Astro
STAT3,YA,-53,104.648255046741,Astro
STAT3,YA,-15,80.8044535411518,Astro
STAT3,YA,113,106.556243888692,Astro
STAT3,YA,134,100.49650010137,Astro
STAT3,YA,149,96.46768254117,Astro
STAT3,YA,174,97.2890955152224,Astro
STAT3,YA,194,94.5304213455112,Astro
RELA,YA,-132,63.2698874137545,Astro
NFKB1,YA,-133,87.2733268014432,Astro
RELA,YA,-151,61.887987068039,Astro
RELA,YA,-116,65.6706597943076,Astro
RELA,YA,-94,66.1119332045799,Astro
RELA,YA,-89,62.5213179729304,Astro
RELA,YA,-71,67.3094359111605,Astro
RELA,YA,-51,67.0971733312795,Astro
RELA,YA,10,67.5385564927361,Astro
RELA,YA,27,65.193950250547,Astro
RELA,YA,84,62.8327395975156,Astro
RELA,YA,106,68.0274362383918,Astro
RELA,YA,142,69.5348447398517,Astro
STAT3,YA,-74,101.196297883364,Astro
STAT3,YA,-67,104.378617489874,Astro
STAT3,YA,-40,107.165975013206,Astro
STAT3,YA,-39,107.587551655561,Astro
STAT3,YA,-35,110.943573620004,Astro
STAT3,YA,17,118.585202686775,Astro
STAT3,YA,81,106.86763979982,Astro
STAT3,YA,96,109.030712904069,Astro
STAT3,YA,99,102.241469516005,Astro
STAT3,YA,176,99.5547456413432,Astro
STAT3,YA,191,95.3677052552383,Astro
STAT3,YA,-160,90.3005785873354,Astro
STAT3,YA,-109,100.431105098914,Astro
STAT3,YA,-93,101.153687908189,Astro
STAT3,YA,-64,104.200543152963,Astro
STAT3,YA,-45,105.992341113168,Astro
STAT3,YA,-34,108.830396346137,Astro
STAT3,YA,24,119.068470540441,Astro
STAT3,YA,32,107.884618676657,Astro
STAT3,YA,48,108.313095252066,Astro
STAT3,YA,59,109.038854434924,Astro
STAT3,YA,68,104.190339905243,Astro
STAT3,YA,78,107.219833185985,Astro
STAT3,YA,93,103.078932478978,Astro
STAT3,YA,131,105.409432620603,Astro
STAT3,YA,144,101.653459445114,Astro
STAT3,YA,153,97.3770047464405,Astro
STAT3,YA,186,99.7739713099371,Astro
TEAD1,YA,-186,45.3097749966433,Astro
TEAD4,YA,-186,47.0709619255393,Astro
TEAD1,YA,-161,45.5276939044435,Astro
TEAD4,YA,-161,42.8085489990266,Astro
TEAD1,YA,-121,46.2876458289348,Astro
TEAD4,YA,-121,44.5790815994821,Astro
TEAD1,YA,-120,45.6738291635038,Astro
TEAD4,YA,-120,43.7454308593759,Astro
TEAD1,YA,-116,47.2330840432912,Astro
TEAD4,YA,-116,44.3712380251267,Astro
TEAD1,YA,-109,49.9402415507728,Astro
TEAD4,YA,-109,45.9417917419664,Astro
TEAD1,YA,-77,46.0981361706469,Astro
TEAD4,YA,-77,44.8995395756861,Astro
TEAD1,YA,-43,51.477472218092,Astro
TEAD4,YA,-43,51.8103746965249,Astro
TEAD4,YA,1,39.1470002829535,Astro
TEAD1,YA,21,52.1586840344569,Astro
TEAD4,YA,21,50.4613801600599,Astro
TEAD1,YA,55,48.4483211165781,Astro
TEAD4,YA,55,48.5722268570836,Astro
TEAD1,YA,67,49.4826947337668,Astro
TEAD4,YA,67,48.2472010712379,Astro
TEAD4,YA,72,49.9177317786091,Astro
TEAD1,YA,79,52.8011733244877,Astro
TEAD4,YA,79,51.3400493310075,Astro
TEAD1,YA,90,49.1966259605154,Astro
TEAD4,YA,90,49.5706380534677,Astro
TEAD1,YA,107,47.6676588952855,Astro
TEAD4,YA,107,48.9457593072594,Astro
TEAD1,YA,118,49.3551439328571,Astro
TEAD1,YA,119,48.1656442824331,Astro
TEAD4,YA,119,46.92869193435,Astro
TEAD1,YA,121,49.4696756482445,Astro
TEAD4,YA,121,49.7403354052767,Astro
TEAD1,YA,123,47.3689781655801,Astro
TEAD4,YA,123,46.9925692186348,Astro
TEAD1,YA,142,50.3154350809251,Astro
TEAD4,YA,142,47.409508369491,Astro
RELA,YA,-146,61.6769998222916,Astro
RELA,YA,-139,65.3216101864573,Astro
RELA,YA,-129,67.6830299336806,Astro
RELA,YA,-112,63.4886329619515,Astro
RELA,YA,-110,68.0877655615255,Astro
RELA,YA,198,64.3059276842826,Astro
NFKB1,YA,-59,74.4540975302407,Astro
NFKB1,YA,-9,83.1028646633428,Astro
IRF1,YA,116,394.330298719239,Astro
IRF1,YA,112,373.916057614965,Astro
IRF1,YA,177,363.698923378668,Astro
IRF1,YA,173,363.536371467598,Astro
IRF1,YA,171,359.553991573319,Astro
IRF1,YA,184,370.557980595257,Astro
IRF1,YA,-37,406.391216173181,Astro
IRF1,YA,196,383.57005216145,Astro
RELA,YA,-182,60.9947500103119,Astro
RELA,YA,-114,65.3395169602653,Astro
RELA,YA,-108,63.4932499582341,Astro
RELA,YA,-105,66.7712704767227,Astro
RELA,YA,-41,67.2430025123251,Astro
RELA,YA,12,84.6329629072347,Astro
RELA,YA,33,66.6137831957122,Astro
RELA,YA,40,71.6586679162221,Astro
RELA,YA,81,72.3664334675695,Astro
RELA,YA,123,65.7055286213243,Astro
RELA,YA,129,66.4373895853188,Astro
RELA,YA,177,65.9946727799279,Astro
RELA,YA,187,61.4740178923796,Astro
IRF1,YA,-68,350.299835948524,Astro
IRF1,YA,54,406.406927134098,Astro
IRF1,YA,72,371.313966249967,Astro
IRF1,YA,-121,347.241974871785,Astro
IRF1,YA,-127,351.630269879432,Astro
IRF1,YA,-95,339.07276732199,Astro
IRF1,YA,-98,332.684968271618,Astro
IRF1,YA,-101,327.551426915781,Astro
IRF1,YA,99,369.996894515575,Astro
IRF1,YA,114,384.760269711887,Astro
IRF1,YA,111,378.900788541547,Astro
IRF1,YA,127,390.09082064612,Astro
IRF1,YA,174,363.126282099209,Astro
IRF1,YA,190,376.38609841562,Astro
IRF1,YA,187,373.766684052989,Astro
IRF1,YA,198,385.792548638205,Astro
IRF1,YA,195,377.4811062441,Astro
STAT3,YA,89,105.165211356912,Astro
NFKB1,YA,-52,85.5458852031339,Astro
IRF1,YA,-107,336.804928584342,Astro
IRF1,YA,-108,336.80454484319,Astro
IRF1,YA,-112,340.358099134562,Astro
IRF1,YA,-114,337.355204823745,Astro
IRF1,YA,-115,347.147986897119,Astro
IRF1,YA,-116,347.187944843478,Astro
IRF1,YA,-117,351.686863623934,Astro
RELA,YA,-52,68.4997783853748,Astro
RELA,YA,-53,66.9185444486432,Astro
RELA,YA,47,65.9015182301242,Astro
RELA,YA,46,68.6042177683925,Astro
RELA,YA,150,66.6387386847136,Astro
RELA,YA,149,66.0385205958114,Astro
RELA,YA,179,67.141914084005,Astro
NFKB1,YA,-184,78.240030463122,Astro
NFKB1,YA,-150,85.2256368663995,Astro
NFKB1,YA,42,80.6864585280144,Astro
IRF1,YA,-148,354.814211340535,Astro
IRF1,YA,-156,324.267762282024,Astro
IRF1,YA,-167,306.623937686538,Astro
IRF1,YA,-105,339.976267087395,Astro
IRF1,YA,-109,353.012514846044,Astro
NFKB1,YA,95,89.4332940153315,Astro
IRF1,YA,-103,335.762317365296,Astro
IRF1,YA,-88,347.742857761036,Astro
IRF1,YA,-92,336.624778200402,Astro
IRF1,YA,-96,338.5131871911,Astro
IRF1,YA,-76,338.664171198175,Astro
IRF1,YA,-80,347.849047893162,Astro
IRF1,YA,-65,353.040495401054,Astro
IRF1,YA,-73,356.099205364397,Astro
NFKB1,YA,140,87.3490703032952,Astro
IRF1,YA,-54,371.522319465005,Astro
IRF1,YA,-58,367.495045902513,Astro
NFKB1,YA,157,88.3935463882532,Astro
IRF1,YA,-41,418.016912709598,Astro
IRF1,YA,-52,379.243632486041,Astro
NFKB1,YA,164,90.3224687762637,Astro
IRF1,YA,33,416.981689325481,Astro
IRF1,YA,25,411.935054845381,Astro
IRF1,YA,53,386.763474256051,Astro
IRF1,YA,91,376.091721147329,Astro
IRF1,YA,113,380.57652009817,Astro
IRF1,YA,109,377.893274176238,Astro
IRF1,YA,117,396.008229968202,Astro
IRF1,YA,141,397.980297909742,Astro
IRF1,YA,146,401.319102911961,Astro
IRF1,YA,135,398.800106081234,Astro
IRF1,YA,176,359.97059949588,Astro
IRF1,YA,183,373.255797812955,Astro
IRF1,YA,186,382.627218559115,Astro
STAT3,YA,-85,103.43874181246,Astro
STAT3,YA,-81,98.8176249869364,Astro
STAT3,YA,-24,114.504020542581,Astro
STAT3,YA,-19,118.609949876471,Astro
STAT3,YA,30,107.831999094145,Astro
STAT3,YA,114,110.54198248626,Astro
STAT3,YA,160,99.9077954459828,Astro
RELA,YA,-119,66.8393585982548,Astro
RELA,YA,-79,64.5475885315004,Astro
RELA,YA,102,68.1991343109772,Astro
TEAD4,YA,-196,42.6065631470197,Astro
TEAD4,YA,-185,40.693627955533,Astro
TEAD4,YA,-170,44.8923066949296,Astro
TEAD4,YA,-158,46.965587523873,Astro
TEAD4,YA,-156,44.3731030109713,Astro
TEAD4,YA,-148,44.440769800516,Astro
TEAD4,YA,-117,45.09704028501,Astro
TEAD4,YA,-86,46.6726317736956,Astro
TEAD4,YA,-67,47.8143452695206,Astro
TEAD4,YA,-60,47.9949114317068,Astro
TEAD4,YA,-58,50.0980029777426,Astro
TEAD4,YA,-57,47.1900740170466,Astro
TEAD4,YA,-3,47.6788859718948,Astro
TEAD4,YA,80,52.0009393960462,Astro
IRF1,YA,-38,399.423278705736,Astro
IRF1,YA,188,376.771368271301,Astro
RELA,YA,-134,64.981251516217,Astro
IRF1,YA,-198,321.976352067149,Astro
RELA,YA,-111,63.0991793667804,Astro
IRF1,YA,-174,300.604344330583,Astro
IRF1,YA,-179,305.378112980546,Astro
IRF1,YA,-180,303.206355308073,Astro
RELA,YA,-62,69.9864097340738,Astro
IRF1,YA,-131,346.321610625244,Astro
IRF1,YA,-122,357.076884130349,Astro
IRF1,YA,-123,348.215954985468,Astro
RELA,YA,67,69.2313368660646,Astro
RELA,YA,74,65.2199050872481,Astro
RELA,YA,153,69.7836118317687,Astro
RELA,YA,186,61.8113439819796,Astro
IRF1,YA,-191,316.986349822551,Astro
IRF1,YA,-154,333.376718651624,Astro
IRF1,YA,-151,345.289042695162,Astro
IRF1,YA,-126,336.711934701069,Astro
IRF1,YA,-111,343.13110533794,Astro
IRF1,YA,-110,348.007282458255,Astro
IRF1,YA,-90,340.648836767841,Astro
IRF1,YA,-75,341.506239349142,Astro
IRF1,YA,-60,365.857525389456,Astro
IRF1,YA,-46,416.953820571291,Astro
IRF1,YA,-36,399.20738002481,Astro
IRF1,YA,118,390.648336709458,Astro
IRF1,YA,161,367.311334262815,Astro
IRF1,YA,-176,303.683885389542,Astro
CEBPB,YA,126,11.2430626213111,Astro
STAT3,YA,-145,91.811322205777,Astro
IRF1,YA,-31,394.896053923886,Astro
IRF1,YA,74,371.352537179795,Astro
IRF1,YA,162,362.122816446426,Astro
IRF1,YA,156,379.914005284235,Astro
IRF1,YA,-57,366.37462237179,Astro
IRF1,YA,-35,390.426179981408,Astro
IRF1,YA,66,368.738404377613,Astro
IRF1,YA,85,373.54183676551,Astro
IRF1,YA,175,366.345195164043,Astro
TEAD4,YA,18,50.112048459685,Astro
TEAD4,YA,73,48.6463649140202,Astro
RELA,YA,-75,63.0231109124892,Astro
TEAD4,YA,138,49.424656351108,Astro
NFKB1,YA,-40,84.9207455885297,Astro
TEAD4,YA,161,48.5339968718163,Astro
RELA,YA,-23,74.205809279868,Astro
NFKB1,YA,-24,73.8340067064843,Astro
TEAD4,YA,178,47.6625686630801,Astro
RELA,YA,-6,96.819580286706,Astro
RELA,YA,43,68.7882647810248,Astro
RELA,YA,17,67.7471263383633,Astro
STAT3,YA,-62,97.8608480787986,Astro
STAT3,YA,-7,78.0498391831689,Astro
STAT3,YA,22,118.83328270546,Astro
STAT3,YA,27,112.879550862498,Astro
STAT3,YA,-126,95.9260906893289,Astro
STAT3,YA,135,101.302273646795,Astro
STAT3,YA,-18,110.497314597783,Astro
STAT3,YA,173,99.5266543036657,Astro
IRF1,YA,-190,323.280867788679,Astro
IRF1,YA,-140,343.675399662314,Astro
IRF1,YA,-145,346.801210235337,Astro
IRF1,YA,16,266.129801569558,Astro
IRF1,YA,23,394.043630681757,Astro
STAT3,YA,-121,92.0449994700795,Astro
STAT3,YA,-63,106.191145284087,Astro
STAT3,YA,169,96.7641932248916,Astro
IRF1,YA,-195,318.655266818434,Astro
IRF1,YA,-159,323.548472090867,Astro
CEBPB,YA,-192,10.3777308322296,Astro
CEBPB,YA,-183,9.51669227904273,Astro
CEBPB,YA,-73,11.6229853192055,Astro
CEBPB,YA,75,13.363449088804,Astro
CEBPB,YA,106,10.6999014726764,Astro
CEBPB,YA,139,11.4875079514887,Astro
IRF1,YA,-166,311.536420821092,Astro
IRF1,YA,-85,345.55923851427,Astro
IRF1,YA,-13,136.424726412044,Astro
IRF1,YA,158,371.261257011042,Astro
IRF1,YA,164,358.631898890238,Astro
NFKB1,YA,162,90.2794200170034,Astro
IRF1,YA,165,355.800559131469,Astro
IRF1,YA,-79,347.36711445263,Astro
IRF1,YA,-82,340.837427656676,Astro
IRF1,YA,-89,343.164993773497,Astro
IRF1,YA,-91,341.149087964549,Astro
IRF1,YA,-102,332.465847094038,Astro
TEAD4,YA,-127,45.9791770519072,Astro
TEAD1,YA,-128,46.8687498360609,Astro
IRF1,YA,-48,402.656835849611,Astro
IRF1,YA,-49,391.807633835131,Astro
IRF1,YA,-62,362.282852985246,Astro
IRF1,YA,-63,364.085354174017,Astro
IRF1,YA,-64,361.680187599445,Astro
IRF1,YA,-74,346.583100310128,Astro
TEAD4,YA,-99,43.5158924029616,Astro
TEAD1,YA,-100,48.3249070940975,Astro
IRF1,YA,34,409.756992278079,Astro
IRF1,YA,32,422.015286687568,Astro
IRF1,YA,31,414.472925824651,Astro
IRF1,YA,28,409.836396888555,Astro
IRF1,YA,26,411.927703869667,Astro
IRF1,YA,22,393.861445824842,Astro
IRF1,YA,20,355.074757905002,Astro
IRF1,YA,8,180.360866662005,Astro
TEAD4,YA,-17,49.992982236951,Astro
TEAD1,YA,-18,51.2363758998458,Astro
IRF1,YA,-199,328.506720849575,Astro
IRF1,YA,189,369.981818196761,Astro
IRF1,YA,185,370.872497540664,Astro
TEAD4,YA,146,48.5643402608963,Astro
TEAD1,YA,145,49.0861309331288,Astro
IRF1,YA,-44,419.200114951379,Astro
IRF1,YA,78,371.86796092436,Astro
IRF1,YA,-43,412.818422144545,Astro
IRF1,YA,-160,319.048629876845,Astro
IRF1,YA,11,140.942408009073,Astro
IRF1,YA,-147,353.91320190459,Astro
STAT3,YA,26,117.651433379882,Astro
IRF1,YA,-187,312.799399499947,Astro
IRF1,YA,-173,301.016520990418,Astro
IRF1,YA,-135,349.379383270758,Astro
NFKB1,YA,71,89.5415039158207,Astro
NFKB1,YA,174,86.8550613864238,Astro
IRF1,YA,43,412.967326827098,Astro
TEAD4,YA,115,49.7504714255268,Astro
TEAD1,YA,114,49.7382496984336,Astro
STAT3,YA,36,116.616906061909,Astro
IRF1,YA,-161,319.822481608596,Astro
IRF1,YA,-153,333.778548900289,Astro
IRF1,YA,-139,345.314145668567,Astro
IRF1,YA,-16,236.794872448208,Astro
RELA,YA,-194,61.8199045209923,Astro
RELA,YA,-176,62.5494897012866,Astro
RELA,YA,-173,59.2517207179739,Astro
RELA,YA,-158,61.539996182828,Astro
RELA,YA,-153,61.1429910322585,Astro
RELA,YA,-95,65.331582727995,Astro
RELA,YA,-56,63.2778576863439,Astro
RELA,YA,-47,66.1400553932098,Astro
RELA,YA,-34,66.2848068013908,Astro
NFKB1,YA,-196,79.4971129349688,Astro
RELA,YA,-20,70.0372771002659,Astro
RELA,YA,-19,67.167603269113,Astro
RELA,YA,-18,68.1260842225522,Astro
RELA,YA,-13,85.1953567019742,Astro
NFKB1,YA,-180,88.8546273078945,Astro
NFKB1,YA,-162,82.9843390046687,Astro
RELA,YA,11,75.0831625927263,Astro
NFKB1,YA,-156,89.2185117900056,Astro
NFKB1,YA,-145,89.6057436557777,Astro
RELA,YA,24,68.8284301531448,Astro
NFKB1,YA,-131,82.8990783929644,Astro
NFKB1,YA,-130,83.513051626882,Astro
NFKB1,YA,-117,82.8138168115208,Astro
NFKB1,YA,-99,81.0574947668021,Astro
RELA,YA,79,69.6415370794691,Astro
RELA,YA,86,68.7434019031832,Astro
NFKB1,YA,-81,93.1512585204254,Astro
RELA,YA,91,67.8029749106305,Astro
RELA,YA,94,70.7668330594892,Astro
NFKB1,YA,-73,80.7793015995143,Astro
RELA,YA,100,71.1239870736578,Astro
NFKB1,YA,-65,76.8908784797333,Astro
NFKB1,YA,-44,81.1747318395584,Astro
RELA,YA,131,62.622236390036,Astro
RELA,YA,137,69.6051111206659,Astro
NFKB1,YA,-30,76.5597443325227,Astro
NFKB1,YA,-25,78.8772452773043,Astro
RELA,YA,144,70.4530560984746,Astro
NFKB1,YA,-23,82.5858586357948,Astro
RELA,YA,155,70.1223866126429,Astro
NFKB1,YA,122,83.2984494741493,Astro
NFKB1,YA,146,94.1931520913659,Astro
NFKB1,YA,185,89.4469249080261,Astro
NFKB1,YA,186,83.9853276915905,Astro
RELA,YA,-84,66.2149356319696,Astro
RELA,YA,-82,69.1915672239948,Astro
RELA,YA,-58,70.7745781776576,Astro
RELA,YA,-12,71.3718235461639,Astro
RELA,YA,29,67.3382998345758,Astro
RELA,YA,73,69.0399363044496,Astro
RELA,YA,97,66.7581024231382,Astro
RELA,YA,113,66.3352101359738,Astro
RELA,YA,117,64.0221917423443,Astro
RELA,YA,118,68.1105803347917,Astro
RELA,YA,119,68.1198736104666,Astro
RELA,YA,134,62.8806151517087,Astro
RELA,YA,154,66.302668831011,Astro
RELA,YA,175,64.4192961362468,Astro
RELA,YA,190,65.5846130823005,Astro
RELA,YA,191,63.1005936632568,Astro
IRF1,YA,-184,320.42287986757,Astro
IRF1,YA,-24,394.094484987951,Astro
IRF1,YA,9,113.697612969558,Astro
IRF1,YA,37,402.099887247738,Astro
IRF1,YA,41,420.962731077915,Astro
NFKB1,YA,-137,81.8296600719164,Astro
NFKB1,YA,-119,84.5827603218619,Astro
NFKB1,YA,-109,84.3232283513736,Astro
NFKB1,YA,-75,75.5976477976544,Astro
NFKB1,YA,-63,80.4543752221314,Astro
NFKB1,YA,-139,76.3945365931478,Astro
NFKB1,YA,-138,84.0124787540422,Astro
NFKB1,YA,179,83.0650003495899,Astro
NFKB1,YA,103,81.8031041508947,Astro
NFKB1,YA,193,83.0957880695747,Astro
STAT3,YA,-165,87.2221243533594,Astro
STAT3,YA,-159,91.7018961778297,Astro
STAT3,YA,-58,113.574548455349,Astro
STAT3,YA,-32,100.926875463397,Astro
STAT3,YA,6,34.9613270831097,Astro
STAT3,YA,-183,91.4087532352793,Astro
STAT3,YA,-75,103.991247457193,Astro
IRF1,YA,-1,37.5387935416782,Astro
RELA,YA,31,70.7661597237335,Astro
RELA,YA,48,68.2030937128906,Astro
RELA,YA,170,67.3787941796415,Astro
RELA,YA,77,67.5577207548321,Astro
STAT3,YA,-185,92.7512308984952,Astro
IRF1,YA,-197,324.385117824576,Astro
IRF1,YA,-150,352.575399145617,Astro
STAT3,YA,-102,98.1124616895992,Astro
STAT3,YA,132,103.923868693879,Astro
STAT3,YA,184,97.1009269885386,Astro
RELA,YA,-125,63.6492604747931,Astro
RELA,YA,-76,63.8613525865921,Astro
RELA,YA,172,64.9371245843802,Astro
NFKB1,YA,37,84.5084750340553,Astro
NFKB1,YA,141,83.702623918321,Astro
IRF1,YA,-177,301.841852997863,Astro
IRF1,YA,58,387.031047296394,Astro
STAT3,YA,-142,95.2092628011181,Astro
NFKB1,YA,-128,85.5896896030348,Astro
NFKB1,YA,72,92.2634692711962,Astro
RELA,YA,-178,62.2724120662896,Astro
RELA,YA,-5,89.7016627550209,Astro
NFKB1,YA,-106,79.9661444930815,Astro
RELA,YA,-124,65.9307656312858,Astro
NFKB1,YA,-80,88.2772140998033,Astro
RELA,YA,-98,66.1404890137534,Astro
RELA,YA,82,65.4965480479442,Astro
TEAD1,YA,-187,45.2503201530785,Astro
TEAD4,YA,-187,41.5628838974315,Astro
TEAD1,YA,-178,43.4759859130394,Astro
TEAD4,YA,-178,42.5176700557621,Astro
TEAD1,YA,-79,47.298321449565,Astro
TEAD4,YA,-79,44.9700492106522,Astro
TEAD1,YA,98,49.208266189664,Astro
TEAD4,YA,98,48.1942291651759,Astro
TEAD1,YA,102,50.4061023364144,Astro
TEAD4,YA,102,50.43196428203,Astro
TEAD1,YA,149,50.6494347287856,Astro
TEAD4,YA,149,49.0192823181893,Astro
IRF1,YA,-129,341.785016948308,Astro
IRF1,YA,-94,343.597521121785,Astro
IRF1,YA,-104,337.138821845949,Astro
IRF1,YA,133,396.362011631105,Astro
IRF1,YA,129,388.561995330933,Astro
NFKB1,YA,-42,95.9748143952344,Astro
TEAD1,YA,28,48.3090341364494,Astro
TEAD4,YA,28,48.6000240940277,Astro
RELA,YA,26,69.0905708770776,Astro
TEAD1,YA,75,51.8100724688287,Astro
TEAD4,YA,75,47.3221278561844,Astro
IRF1,YA,-157,318.467038314988,Astro
RELA,YA,-83,65.6030174947772,Astro
RELA,YA,41,73.5117380386481,Astro
RELA,YA,78,67.7975852375195,Astro
RELA,YA,107,67.7546492930431,Astro
TEAD4,YA,162,47.666062570376,Astro
TEAD1,YA,161,47.8953394358215,Astro
NFKB1,YA,20,84.8424579996052,Astro
NFKB1,YA,134,84.5405845287168,Astro
NFKB1,YA,173,85.6547793330438,Astro
IRF1,YA,-162,313.901064843107,Astro
IRF1,YA,-138,345.963130328698,Astro
TEAD1,YA,-162,45.5701496197791,Astro
TEAD4,YA,-76,46.188792401446,Astro
TEAD4,YA,-47,45.3064435787573,Astro
TEAD1,YA,-48,48.3646246194691,Astro
TEAD1,YA,-41,46.1696230079279,Astro
TEAD1,YA,17,50.2237891975278,Astro
TEAD4,YA,43,48.1135604896003,Astro
TEAD1,YA,42,51.1315536018922,Astro
TEAD4,YA,49,45.9024813518444,Astro
TEAD1,YA,48,49.3332140123132,Astro
TEAD4,YA,114,46.1249280778423,Astro
TEAD1,YA,113,50.6479109750727,Astro
TEAD4,YA,150,47.7221013794277,Astro
IRF1,YA,-97,333.626348152001,Astro
IRF1,YA,137,398.616315872645,Astro
STAT3,YA,158,103.183796588007,Astro
TEAD1,YA,-81,48.3929832218438,Astro
TEAD1,YA,-52,48.2061470763092,Astro
TEAD1,YA,-44,48.9675059007789,Astro
TEAD1,YA,39,46.5928705632887,Astro
TEAD1,YA,44,50.7401754797644,Astro
TEAD1,YA,58,50.1971501503531,Astro
TEAD1,YA,78,51.5902467995685,Astro
TEAD1,YA,83,49.2021087302526,Astro
STAT3,YA,-199,87.1817590335471,Astro
TEAD1,YA,87,47.9625372878111,Astro
STAT3,YA,-195,85.9500761659361,Astro
STAT3,YA,-168,91.2240100966674,Astro
IRF1,YA,-185,313.67171472315,Astro
TEAD1,YA,138,50.8360450162026,Astro
STAT3,YA,-144,95.6861942898707,Astro
TEAD1,YA,153,47.8498022416836,Astro
IRF1,YA,-146,348.233121129353,Astro
TEAD1,YA,173,50.0007250799863,Astro
STAT3,YA,-98,96.5447362829998,Astro
STAT3,YA,-33,107.241483882412,Astro
STAT3,YA,88,107.877259186078,Astro
STAT3,YA,162,99.0744459212674,Astro
IRF1,YA,17,278.768803848007,Astro
IRF1,YA,95,365.4290178217,Astro
IRF1,YA,126,387.875387618074,Astro
IRF1,YA,121,389.531397253637,Astro
IRF1,YA,120,387.994602315722,Astro
NFKB1,YA,-188,79.824212400409,Astro
NFKB1,YA,-173,87.2923689210213,Astro
NFKB1,YA,-141,82.0116365813238,Astro
NFKB1,YA,-120,82.0751295831564,Astro
NFKB1,YA,-111,88.1418575963205,Astro
NFKB1,YA,-19,67.7144318571055,Astro
NFKB1,YA,32,81.8065721483258,Astro
NFKB1,YA,43,79.1165827301083,Astro
NFKB1,YA,50,85.8475643858977,Astro
NFKB1,YA,57,82.2543010444271,Astro
NFKB1,YA,62,90.5957695452292,Astro
NFKB1,YA,84,86.6071641539756,Astro
NFKB1,YA,99,92.6641771909409,Astro
NFKB1,YA,105,86.9882556155275,Astro
NFKB1,YA,111,83.6069425333419,Astro
NFKB1,YA,130,89.6268042733386,Astro
RELA,YA,-189,60.4853268678154,Astro
NFKB1,YA,149,91.8562752078494,Astro
RELA,YA,-185,60.4540464704855,Astro
NFKB1,YA,159,84.7341964544948,Astro
RELA,YA,-175,62.649272497976,Astro
NFKB1,YA,169,87.4766478495152,Astro
NFKB1,YA,200,85.3476948845107,Astro
RELA,YA,-102,69.7881033979269,Astro
RELA,YA,-92,66.5396239988359,Astro
RELA,YA,-30,72.5353943969173,Astro
RELA,YA,1,29.2190704907751,Astro
RELA,YA,16,71.8918236529485,Astro
RELA,YA,25,71.2243458604862,Astro
RELA,YA,32,66.720375476844,Astro
RELA,YA,99,67.7438467776658,Astro
RELA,YA,104,65.1931454090235,Astro
RELA,YA,115,63.9774845902542,Astro
RELA,YA,146,65.481623077578,Astro
STAT3,YA,-148,90.1014435843714,Astro
STAT3,YA,-120,98.5911809464979,Astro
STAT3,YA,-91,104.447456673023,Astro
STAT3,YA,-56,108.846446636328,Astro
STAT3,YA,-46,111.720016919954,Astro
STAT3,YA,-41,109.608949343447,Astro
STAT3,YA,-5,44.6566687101029,Astro
STAT3,YA,33,113.729191568326,Astro
STAT3,YA,43,115.329936211455,Astro
STAT3,YA,52,110.709815250474,Astro
STAT3,YA,62,108.008462540875,Astro
STAT3,YA,111,101.896195966533,Astro
NFKB1,YA,-127,88.6552467233218,Astro
NFKB1,YA,-48,79.1907642877285,Astro
NFKB1,YA,-13,74.419075539833,Astro
NFKB1,YA,16,72.5619481914803,Astro
NFKB1,YA,31,78.3069376150619,Astro
NFKB1,YA,48,86.5802901159387,Astro
NFKB1,YA,76,86.0087573173885,Astro
NFKB1,YA,143,93.368519125788,Astro
NFKB1,YA,167,86.9811212550693,Astro
NFKB1,YA,172,91.1255160645432,Astro
NFKB1,YA,177,83.9527197055675,Astro
NFKB1,YA,188,82.0172052798093,Astro
NFKB1,YA,194,85.8834771749278,Astro
STAT3,YA,-188,88.1969814252578,Astro
STAT3,YA,-177,93.2365419392811,Astro
STAT3,YA,-162,89.9007250062668,Astro
STAT3,YA,-108,102.390773925842,Astro
STAT3,YA,-96,99.4134696550109,Astro
STAT3,YA,-82,102.20343833963,Astro
STAT3,YA,-72,103.554187076715,Astro
STAT3,YA,-70,102.674886556917,Astro
STAT3,YA,-68,109.319412347349,Astro
STAT3,YA,-57,108.1146958827,Astro
STAT3,YA,-23,111.95780376208,Astro
STAT3,YA,-21,113.977049950009,Astro
STAT3,YA,9,103.791058379406,Astro
STAT3,YA,19,111.744209228906,Astro
STAT3,YA,37,109.42991986113,Astro
STAT3,YA,64,110.109995088699,Astro
STAT3,YA,82,108.191166339641,Astro
STAT3,YA,117,103.347942711344,Astro
STAT3,YA,130,99.8101395135671,Astro
STAT3,YA,146,99.7941442193338,Astro
TEAD1,YA,-198,42.1262849435679,Astro
TEAD1,YA,-158,48.6608972183967,Astro
TEAD1,YA,-117,46.8306841336628,Astro
TEAD1,YA,-110,47.0832213536598,Astro
TEAD1,YA,-71,47.6556402804745,Astro
TEAD1,YA,-70,47.8260484419025,Astro
TEAD1,YA,-67,48.6468943760614,Astro
TEAD1,YA,-49,47.7141595605354,Astro
TEAD1,YA,-42,50.1343841525733,Astro
TEAD1,YA,-37,49.9031823895043,Astro
TEAD1,YA,-30,49.3393692287032,Astro
TEAD1,YA,-2,21.833627397864,Astro
TEAD1,YA,18,49.2974760212883,Astro
TEAD1,YA,40,47.0143647649917,Astro
TEAD1,YA,46,48.743425444428,Astro
TEAD1,YA,65,48.5124934130621,Astro
TEAD1,YA,73,52.5476340918602,Astro
TEAD1,YA,95,51.322474692171,Astro
TEAD1,YA,129,49.4337043021417,Astro
TEAD1,YA,133,48.6192471828286,Astro
TEAD1,YA,158,49.7602880331442,Astro
TEAD1,YA,165,47.9065290049857,Astro
TEAD1,YA,175,48.8783100047654,Astro
TEAD1,YA,200,45.5678780305848,Astro
STAT3,YA,-191,89.5132993928883,Astro
STAT3,YA,-175,87.784390536771,Astro
STAT3,YA,-146,90.9438693569376,Astro
STAT3,YA,-118,103.32085847545,Astro
STAT3,YA,-78,104.0650882295,Astro
STAT3,YA,-28,115.3191508081,Astro
STAT3,YA,-20,109.777583855885,Astro
STAT3,YA,47,107.765481824737,Astro
STAT3,YA,75,108.180013234571,Astro
STAT3,YA,85,111.854593412099,Astro
STAT3,YA,128,101.262862571043,Astro
STAT3,YA,-190,92.5065560557751,Astro
TEAD1,YA,-193,43.9867346067099,Astro
TEAD1,YA,-164,45.2679991276528,Astro
TEAD1,YA,-152,43.8051203274329,Astro
TEAD1,YA,-141,47.3437323203899,Astro
TEAD1,YA,-124,47.9679861248229,Astro
TEAD1,YA,-97,46.1149857630412,Astro
STAT3,YA,14,89.2137643805643,Astro
STAT3,YA,29,106.03116843646,Astro
TEAD1,YA,26,48.5758411191069,Astro
STAT3,YA,-200,85.1757687706262,Astro
STAT3,YA,38,113.140288787451,Astro
TEAD1,YA,86,50.8033173987063,Astro
TEAD1,YA,157,48.276097169623,Astro
STAT3,YA,-73,101.531547505606,Astro
STAT3,YA,166,100.17132991695,Astro
TEAD1,YA,163,49.2194685649217,Astro
TEAD1,YA,170,50.3848857115479,Astro
STAT3,YA,-60,102.977833050343,Astro
TEAD1,YA,178,48.2712510762205,Astro
STAT3,YA,-52,107.355852933699,Astro
RELA,YA,-190,57.3713507855228,Astro
NFKB1,YA,-191,82.8194057064649,Astro
STAT3,YA,-14,77.0068254432401,Astro
RELA,YA,-180,61.136616861007,Astro
NFKB1,YA,-181,80.1464394384611,Astro
STAT3,YA,70,106.140789276625,Astro
RELA,YA,-96,63.6656448725945,Astro
NFKB1,YA,-97,81.562040737936,Astro
STAT3,YA,72,106.306607635735,Astro
NFKB1,YA,-95,77.1971357822939,Astro
RELA,YA,-87,64.0209508203789,Astro
STAT3,YA,92,108.288873625308,Astro
STAT3,YA,125,105.566562476096,Astro
NFKB1,YA,-157,88.8855145532937,Astro
NFKB1,YA,-49,84.3116333252871,Astro
NFKB1,YA,-16,98.9916982377532,Astro
NFKB1,YA,30,87.9318655443943,Astro
NFKB1,YA,89,88.8636605500304,Astro
NFKB1,YA,96,91.3013061022513,Astro
NFKB1,YA,127,88.6603470327368,Astro
NFKB1,YA,136,87.3640681572407,Astro
NFKB1,YA,163,88.1061161768034,Astro
NFKB1,YA,171,89.6213533478641,Astro
NFKB1,YA,175,90.6872889445553,Astro
NFKB1,YA,184,88.7512530264985,Astro
STAT3,YA,-180,89.0691826806091,Astro
STAT3,YA,-179,89.5430706046851,Astro
STAT3,YA,-151,92.2575396730687,Astro
STAT3,YA,-141,95.0586137549109,Astro
STAT3,YA,-114,99.6655095642892,Astro
STAT3,YA,-105,101.733797297693,Astro
STAT3,YA,-104,100.047713735087,Astro
STAT3,YA,-90,102.603986442949,Astro
STAT3,YA,-88,101.653297414074,Astro
STAT3,YA,-36,116.544060399141,Astro
STAT3,YA,-27,115.295598434089,Astro
STAT3,YA,-16,94.0353441985606,Astro
STAT3,YA,13,82.5431082480381,Astro
STAT3,YA,49,106.419192105825,Astro
STAT3,YA,50,109.838316552577,Astro
STAT3,YA,90,104.38209500044,Astro
STAT3,YA,120,102.40498084951,Astro
STAT3,YA,140,101.523627981455,Astro
STAT3,YA,147,101.140776714724,Astro
STAT3,YA,152,103.223081355111,Astro
STAT3,YA,180,100.52999977478,Astro
STAT3,YA,193,97.7111352062119,Astro
RELA,YA,163,64.8135817550719,Astro
STAT3,YA,83,111.977557735785,Astro
STAT3,YA,159,99.5200137717478,Astro
CEBPB,YA,-138,12.4641395508718,Astro
CEBPB,YA,-137,9.2834756399624,Astro
CEBPB,YA,-110,10.6906468445241,Astro
CEBPB,YA,-107,10.6333078646038,Astro
CEBPB,YA,-102,10.5987315087722,Astro
CEBPB,YA,-71,10.8779945077679,Astro
CEBPB,YA,-69,11.5095666457066,Astro
CEBPB,YA,-53,11.3637378757259,Astro
CEBPB,YA,-40,12.9245747939679,Astro
CEBPB,YA,-25,11.8340576443069,Astro
CEBPB,YA,155,12.3025116881418,Astro
CEBPB,YA,177,10.4557944430328,Astro
CEBPB,YA,199,11.5185872323043,Astro
IRF1,YA,-155,332.05262603985,Astro
STAT3,YA,163,99.9683764343472,Astro
TEAD4,YA,-159,43.6904221138856,Astro
TEAD1,YA,-160,47.0037178449468,Astro
TEAD4,YA,-141,45.2370560242428,Astro
TEAD1,YA,-142,46.6812598157917,Astro
TEAD4,YA,-131,43.890305028238,Astro
TEAD4,YA,-129,46.8776191374594,Astro
TEAD1,YA,-130,45.8072554623538,Astro
TEAD4,YA,-101,48.0610161770675,Astro
TEAD1,YA,-102,46.7957799532727,Astro
TEAD4,YA,-96,46.9190960680663,Astro
TEAD1,YA,-86,48.4579569783892,Astro
TEAD4,YA,-70,46.5661663270479,Astro
TEAD4,YA,-35,46.1576827013478,Astro
TEAD1,YA,-36,51.9604596804459,Astro
TEAD4,YA,19,46.5746554452212,Astro
TEAD4,YA,42,51.0951408090154,Astro
TEAD1,YA,41,51.6689299903931,Astro
TEAD4,YA,47,48.7628771412748,Astro
TEAD4,YA,63,48.4053100769956,Astro
TEAD1,YA,62,50.9859580170181,Astro
TEAD1,YA,76,50.4647490678708,Astro
TEAD4,YA,89,49.4384109436839,Astro
TEAD1,YA,88,51.1782232699863,Astro
TEAD1,YA,108,49.7558568323592,Astro
TEAD4,YA,181,46.4290954727247,Astro
TEAD1,YA,180,49.8760758047727,Astro
STAT3,YA,84,115.240720976453,Astro
NFKB1,YA,-190,78.0184003843945,Astro
NFKB1,YA,-118,85.4824683417411,Astro
NFKB1,YA,-70,76.0566829291802,Astro
TEAD1,YA,-171,44.9370881379713,Astro
TEAD1,YA,15,50.9832504335807,Astro
TEAD1,YA,-112,45.4136661894655,Astro
TEAD4,YA,-112,44.7290903640224,Astro
TEAD1,YA,6,54.643541967141,Astro
TEAD4,YA,6,46.0053998612581,Astro
TEAD1,YA,84,52.6716692845847,Astro
TEAD4,YA,84,48.244281626923,Astro
TEAD1,YA,136,49.2127880797767,Astro
TEAD4,YA,136,47.8323602443177,Astro
TEAD4,YA,189,46.6324597430866,Astro
TEAD1,YA,-195,44.7711828156383,Astro
TEAD4,YA,-195,39.9759972311692,Astro
STAT3,YA,-143,93.8445557671547,Astro
TEAD1,YA,-146,45.5612579004362,Astro
TEAD4,YA,-146,43.1616743854248,Astro
TEAD1,YA,-139,50.2832500496441,Astro
TEAD4,YA,-110,46.3645037673911,Astro
TEAD1,YA,-87,47.4706999632504,Astro
TEAD4,YA,-87,45.6528350650735,Astro
TEAD4,YA,-44,48.1811389350321,Astro
TEAD1,YA,-31,45.9303277800726,Astro
TEAD4,YA,-31,46.4635877900102,Astro
TEAD1,YA,-24,53.2591127876212,Astro
STAT3,YA,-11,103.126351690506,Astro
TEAD1,YA,-14,47.1985934959529,Astro
TEAD4,YA,-14,51.3145776670518,Astro
TEAD1,YA,2,106.140332138331,Astro
TEAD4,YA,48,44.9235659624472,Astro
TEAD1,YA,105,52.8880164633129,Astro
TEAD4,YA,105,47.9838109753188,Astro
TEAD1,YA,160,49.7264272574951,Astro
TEAD4,YA,160,48.1053679795418,Astro
STAT3,YA,175,92.2280895729718,Astro
TEAD1,YA,172,49.6090047517502,Astro
TEAD4,YA,172,47.6004346494765,Astro
NFKB1,YA,181,85.2729539658128,Astro
STAT3,YA,-97,100.89765441927,Astro
STAT3,YA,-61,102.377523033966,Astro
STAT3,YA,71,105.367038482304,Astro
STAT3,YA,109,102.600212759339,Astro
STAT3,YA,155,100.790365617093,Astro
STAT3,YA,157,102.370767021078,Astro
IRF1,YA,-193,318.578090528906,Astro
STAT3,YA,-22,112.462178398956,Astro
STAT3,YA,40,106.789778415764,Astro
STAT3,YA,104,106.754250944956,Astro
RELA,YA,-157,61.5452282771013,Astro
RELA,YA,-103,64.3104604764315,Astro
NFKB1,YA,-82,79.8621756533753,Astro
NFKB1,YA,12,87.3452317467229,Astro
NFKB1,YA,148,91.0292696755646,Astro
RELA,YA,53,66.5574673106197,Astro
RELA,YA,52,66.2654591343654,Astro
RELA,YA,65,67.4197175960515,Astro
RELA,YA,96,68.7758261631699,Astro
NFKB1,YA,-58,85.1361191354576,Astro
RELA,YA,38,67.2242342722273,Astro
RELA,YA,70,71.6884924800972,Astro
NFKB1,YA,70,90.5293173249435,Astro
IRF1,YA,-142,350.603682717932,Astro
IRF1,YA,15,260.095714671997,Astro
TEAD1,YA,-165,43.6716322525406,Astro
IRF1,YA,-23,375.594875518927,Astro
TEAD1,YA,-147,44.9109080360669,Astro
IRF1,YA,39,416.696179001976,Astro
TEAD1,YA,-85,48.06528267516,Astro
TEAD4,YA,-144,44.9833383776507,Astro
TEAD1,YA,-145,44.6705313923101,Astro
IRF1,YA,40,428.472717448133,Astro
TEAD1,YA,-84,47.5344650114554,Astro
TEAD4,YA,-143,45.5840141645689,Astro
TEAD1,YA,-144,45.4763930559469,Astro
IRF1,YA,103,379.278247704107,Astro
TEAD4,YA,-136,46.1509216521996,Astro
TEAD1,YA,-137,44.3710403450565,Astro
IRF1,YA,52,400.228623163363,Astro
TEAD1,YA,-72,47.7804341754109,Astro
TEAD1,YA,-127,48.3006129870842,Astro
TEAD1,YA,-66,49.7310681774207,Astro
TEAD4,YA,-125,44.0838994809509,Astro
TEAD1,YA,-126,48.7849309034487,Astro
TEAD1,YA,-46,46.3743483464693,Astro
TEAD4,YA,-105,44.1519173490991,Astro
TEAD1,YA,-106,49.2732255118136,Astro
TEAD1,YA,-6,37.5583239588392,Astro
TEAD4,YA,-65,46.0071238099422,Astro
TEAD4,YA,-190,40.6263381370901,Astro
TEAD4,YA,-63,48.7166202748481,Astro
TEAD1,YA,-64,48.3047762716899,Astro
TEAD4,YA,-188,46.8144260823358,Astro
TEAD4,YA,-61,48.0069066016305,Astro
TEAD1,YA,-62,49.518960503863,Astro
TEAD4,YA,-41,46.3264440496154,Astro
TEAD4,YA,-166,40.7361061601538,Astro
TEAD1,YA,23,52.3396740379814,Astro
TEAD4,YA,-36,49.4976664985329,Astro
TEAD4,YA,-15,49.6039272467725,Astro
TEAD1,YA,-16,51.6751500209919,Astro
TEAD4,YA,-140,46.4303073496242,Astro
TEAD4,YA,-13,50.6165068882702,Astro
TEAD4,YA,-138,47.6111034541058,Astro
TEAD1,YA,49,46.9669667608217,Astro
TEAD4,YA,-10,33.2499457991634,Astro
TEAD1,YA,-11,48.7768062713991,Astro
TEAD4,YA,-135,43.6044403449623,Astro
TEAD1,YA,54,51.6039400927479,Astro
TEAD4,YA,-5,26.1001051485706,Astro
TEAD4,YA,-130,44.8355499465331,Astro
TEAD1,YA,59,50.7238375863238,Astro
TEAD4,YA,0,16.6340541053845,Astro
TEAD1,YA,-1,27.9322961592765,Astro
TEAD4,YA,14,50.033771172496,Astro
TEAD1,YA,13,59.758443800536,Astro
TEAD4,YA,-111,46.201675470264,Astro
TEAD4,YA,17,50.2295137996272,Astro
TEAD1,YA,16,52.43267371988,Astro
TEAD4,YA,-108,46.9886111012637,Astro
TEAD1,YA,91,49.4836978622003,Astro
TEAD1,YA,31,49.766377850284,Astro
TEAD4,YA,-93,49.1288270459624,Astro
TEAD1,YA,92,49.6880905849316,Astro
TEAD4,YA,33,49.6723034004326,Astro
TEAD4,YA,36,44.4751639699142,Astro
TEAD4,YA,-89,44.0695631767737,Astro
TEAD1,YA,100,51.7588691136717,Astro
TEAD4,YA,41,48.6090915358685,Astro
TEAD4,YA,-84,45.6822349976839,Astro
TEAD1,YA,104,49.9435526974261,Astro
TEAD4,YA,45,46.322904592604,Astro
TEAD4,YA,-80,47.3945725955296,Astro
TEAD4,YA,51,47.3770472187398,Astro
TEAD1,YA,50,47.7862092671907,Astro
TEAD4,YA,-74,46.7718591775784,Astro
TEAD1,YA,122,49.0579408473213,Astro
TEAD4,YA,-62,47.0969846254723,Astro
TEAD1,YA,141,47.6495565775906,Astro
TEAD4,YA,82,47.6927805319133,Astro
TEAD1,YA,81,49.8324712858503,Astro
TEAD1,YA,147,48.9858415279974,Astro
TEAD4,YA,88,48.8016032632364,Astro
TEAD4,YA,-37,45.4796713461575,Astro
TEAD4,YA,94,48.7003530946337,Astro
TEAD1,YA,97,50.9800447136802,Astro
TEAD4,YA,-27,48.2360522343381,Astro
TEAD1,YA,177,51.1950865655615,Astro
TEAD4,YA,-7,45.4170807114092,Astro
TEAD1,YA,190,46.9877222246604,Astro
TEAD4,YA,131,46.3897285190458,Astro
TEAD1,YA,130,49.0467097722763,Astro
STAT3,YA,-171,88.9005371072135,Astro
STAT3,YA,-128,92.9405023633005,Astro
TEAD4,YA,188,50.8215912558195,Astro
TEAD1,YA,187,50.1729785467552,Astro
TEAD4,YA,86,47.163728037725,Astro
STAT3,YA,-76,106.623346279425,Astro
TEAD4,YA,103,48.9971734811935,Astro
TEAD4,YA,120,47.8316873678396,Astro
STAT3,YA,-31,108.171839332877,Astro
TEAD4,YA,165,44.3641042973747,Astro
STAT3,YA,-12,98.9368552046871,Astro
TEAD4,YA,185,49.5314335156049,Astro
STAT3,YA,8,126.528900076665,Astro
TEAD4,YA,190,46.9470461613971,Astro
TEAD4,YA,192,48.571653075217,Astro
TEAD4,YA,197,46.9448187753953,Astro
STAT3,YA,41,114.431023661715,Astro
STAT3,YA,58,104.756554093487,Astro
STAT3,YA,66,108.597272447416,Astro
STAT3,YA,73,109.180525090486,Astro
STAT3,YA,80,104.444247143603,Astro
STAT3,YA,199,98.8556790364694,Astro
TEAD1,YA,52,49.3165520255432,Astro
TEAD4,YA,52,46.5933952798466,Astro
TEAD1,YA,199,49.7438649826674,Astro
TEAD4,YA,199,46.8331748997654,Astro
NFKB1,YA,-175,78.7090196352097,Astro
NFKB1,YA,-136,78.4076175750747,Astro
NFKB1,YA,-105,83.7696908122803,Astro
NFKB1,YA,-92,84.1859736115652,Astro
NFKB1,YA,-45,81.4371582984642,Astro
NFKB1,YA,66,82.9919000769254,Astro
IRF1,YA,-183,307.095304213446,Astro
NFKB1,YA,115,82.6935114697164,Astro
IRF1,YA,-172,296.755485483924,Astro
IRF1,YA,-136,354.659805550254,Astro
RELA,YA,-44,65.2673643116401,Astro
NFKB1,YA,-100,91.357966609922,Astro
NFKB1,YA,121,85.9821796487282,Astro
NFKB1,YA,133,87.8893281206213,Astro
IRF1,YA,119,384.155417299377,Astro
STAT3,YA,74,115.395129671457,Astro
CEBPB,YA,-185,9.54015575965537,Astro
CEBPB,YA,-179,10.9140078597208,Astro
CEBPB,YA,-151,10.6763019180996,Astro
CEBPB,YA,-134,10.3816694872959,Astro
CEBPB,YA,-124,9.78719533129637,Astro
CEBPB,YA,-123,11.5570537822984,Astro
CEBPB,YA,-105,10.791502730823,Astro
CEBPB,YA,-52,12.1742057289155,Astro
CEBPB,YA,-39,12.8060063878556,Astro
CEBPB,YA,-35,13.7388961834135,Astro
CEBPB,YA,-23,11.8361726524217,Astro
CEBPB,YA,-13,9.85536212763324,Astro
CEBPB,YA,13,7.49025046674444,Astro
CEBPB,YA,16,11.3117352057968,Astro
CEBPB,YA,29,11.9178968756159,Astro
CEBPB,YA,32,12.4088924616969,Astro
CEBPB,YA,38,12.3743179806665,Astro
CEBPB,YA,42,12.9086423461512,Astro
CEBPB,YA,61,12.1606405741201,Astro
TEAD1,YA,-191,43.2459349972708,Astro
TEAD4,YA,-191,40.5796114952351,Astro
CEBPB,YA,65,13.1459556092814,Astro
TEAD1,YA,-182,46.8867818935917,Astro
TEAD4,YA,-182,45.1957417140771,Astro
CEBPB,YA,72,11.2020545490931,Astro
TEAD1,YA,-180,45.2802141631375,Astro
TEAD4,YA,-180,42.7833893780054,Astro
CEBPB,YA,74,11.9963094041433,Astro
TEAD1,YA,-177,46.8153854091741,Astro
TEAD4,YA,-177,42.4233774718563,Astro
CEBPB,YA,88,10.7499196025649,Astro
TEAD4,YA,-164,42.0254046722639,Astro
CEBPB,YA,93,10.0388110568967,Astro
TEAD1,YA,-159,46.0252803642185,Astro
CEBPB,YA,123,12.2963151295264,Astro
TEAD1,YA,-129,50.7593571880088,Astro
CEBPB,YA,137,11.3765335586666,Astro
TEAD1,YA,-115,48.6130798393869,Astro
TEAD4,YA,-115,45.8766058609773,Astro
CEBPB,YA,145,11.1901197242218,Astro
TEAD1,YA,-107,47.3942565177755,Astro
TEAD4,YA,-107,47.4343723375999,Astro
TEAD4,YA,-100,48.4396178323034,Astro
CEBPB,YA,167,11.4319550946517,Astro
TEAD1,YA,-75,48.592985353404,Astro
TEAD4,YA,-75,46.2434370441499,Astro
CEBPB,YA,185,11.4712270485926,Astro
TEAD4,YA,-51,45.7747782238614,Astro
TEAD1,YA,-25,51.4062975552414,Astro
TEAD4,YA,-25,47.1756530956924,Astro
TEAD1,YA,-22,47.6124242272137,Astro
TEAD4,YA,-22,49.9811264391399,Astro
TEAD4,YA,44,48.0561023843679,Astro
RELA,YA,-48,71.5130955125988,Astro
STAT3,YA,-89,103.912650663469,Astro
STAT3,YA,31,115.081670487065,Astro
STAT3,YA,150,96.4533306601198,Astro
STAT3,YA,151,99.4058687182288,Astro
STAT3,YA,182,97.8628957649035,Astro
NFKB1,YA,131,89.0904762951337,Astro
RELA,YA,-122,66.5444478011113,Astro
RELA,YA,-100,66.1107575959875,Astro
STAT3,YA,18,113.638509492224,Astro
STAT3,YA,46,108.037044249731,Astro
STAT3,YA,53,109.609190402642,Astro
STAT3,YA,100,102.418010701185,Astro
STAT3,YA,112,98.7741147357841,Astro
STAT3,YA,133,97.6545963123083,Astro
NFKB1,YA,-89,81.1943678257707,Astro
NFKB1,YA,-39,84.7088128205137,Astro
NFKB1,YA,61,82.9544488653291,Astro
IRF1,YA,-144,342.506003955179,Astro
IRF1,YA,-70,343.616346187608,Astro
IRF1,YA,-66,350.828258306609,Astro
IRF1,YA,-29,387.021730697966,Astro
IRF1,YA,10,166.001657080926,Astro
IRF1,YA,35,423.240584924805,Astro
IRF1,YA,60,387.471894370257,Astro
IRF1,YA,45,412.97562431133,Astro
IRF1,YA,69,374.845382862066,Astro
IRF1,YA,93,371.390373505707,Astro
IRF1,YA,101,372.604137549804,Astro
RELA,YA,-101,64.9727841619812,Astro
NFKB1,YA,-183,81.3154910469839,Astro
NFKB1,YA,165,91.4958053490963,Astro
NFKB1,YA,198,86.0892968105712,Astro
NFKB1,YA,197,90.0464787277645,Astro
TEAD4,YA,-113,46.6576255355537,Astro
TEAD1,YA,-114,46.0513651150232,Astro
TEAD4,YA,-46,45.7342879024344,Astro
TEAD1,YA,-47,49.1589638512501,Astro
STAT3,YA,-87,102.52997517945,Astro
NFKB1,YA,-194,82.0301183869642,Astro
NFKB1,YA,33,80.4591791577897,Astro
NFKB1,YA,78,86.5992006829201,Astro
NFKB1,YA,132,88.7536430096486,Astro
NFKB1,YA,-103,86.7886919196999,Astro
NFKB1,YA,56,84.2985452572537,Astro
NFKB1,YA,199,88.0979118878626,Astro
STAT3,YA,172,99.3671986057682,Astro
NFKB1,YA,-200,81.5883687208906,Astro
NFKB1,YA,-27,77.7384944832471,Astro
NFKB1,YA,36,73.0076788052293,Astro
NFKB1,YA,65,79.492637966938,Astro
NFKB1,YA,168,86.5229884849658,Astro
IRF1,YA,-175,297.226482995351,Astro
IRF1,YA,5,59.9686349283032,Astro
STAT3,YA,2,29.3899654339696,Astro
IRF1,YA,55,384.947991976341,Astro
STAT3,YA,142,97.0525670227939,Astro
NFKB1,YA,116,85.8144514268542,Astro
NFKB1,YA,-170,81.6259934633455,Astro
NFKB1,YA,46,78.3080257880243,Astro
CEBPB,YA,-44,10.6043756652962,Astro
NFKB1,YA,81,91.9819465507083,Astro
CEBPB,YA,-38,12.9842681624593,Astro
IRF1,YA,-100,338.423269656662,Astro
CEBPB,YA,-24,11.9048862787063,Astro
CEBPB,YA,-8,33.9848604805671,Astro
NFKB1,YA,117,82.9429256355344,Astro
CEBPB,YA,-2,3.33080160616258,Astro
CEBPB,YA,10,10.0138279222471,Astro
CEBPB,YA,12,10.0208886509791,Astro
CEBPB,YA,30,12.9498566670503,Astro
CEBPB,YA,125,11.5133021785932,Astro
CEBPB,YA,166,11.9912458691601,Astro
CEBPB,YA,191,12.0043494437494,Astro
IRF1,YA,151,383.930000516678,Astro
STAT3,YA,-66,107.825228719127,Astro
IRF1,YA,-165,311.570308727363,Astro
STAT3,YA,-123,99.5002876142484,Astro
NFKB1,YA,-172,84.8025682770711,Astro
NFKB1,YA,-34,83.7123570490624,Astro
NFKB1,YA,-18,70.0579068263041,Astro
TEAD4,YA,-151,42.7970772143361,Astro
TEAD1,YA,0,21.6394733881749,Astro
TEAD1,YA,-188,45.0060771193757,Astro
TEAD1,YA,66,50.4023992375002,Astro
TEAD1,YA,-122,43.5240749207169,Astro
TEAD4,YA,-122,43.1548145676287,Astro
TEAD4,YA,92,48.6720876889822,Astro
TEAD4,YA,-97,46.294447234313,Astro
TEAD4,YA,100,50.7226465637556,Astro
TEAD1,YA,99,48.8312506373764,Astro
TEAD1,YA,159,51.0864679759114,Astro
TEAD1,YA,-29,49.4187317166571,Astro
TEAD4,YA,-29,48.0557158136337,Astro
RELA,YA,-109,67.0335253984336,Astro
NFKB1,YA,-29,77.011017820126,Astro
NFKB1,YA,58,79.5280057354647,Astro
RELA,YA,30,73.9333110525311,Astro
TEAD1,YA,-56,48.6612516297312,Astro
TEAD1,YA,151,46.400887529362,Astro
NFKB1,YA,-179,82.142333765295,Astro
NFKB1,YA,-169,81.4703280155749,Astro
NFKB1,YA,-115,81.3291982780307,Astro
NFKB1,YA,-107,84.0464747526465,Astro
NFKB1,YA,-60,77.704857996497,Astro
NFKB1,YA,-4,37.5464170308695,Astro
NFKB1,YA,14,95.2020304206805,Astro
IRF1,YA,-17,253.994920946145,Astro
NFKB1,YA,97,78.6721074381524,Astro
NFKB1,YA,98,91.540810018375,Astro
IRF1,YA,-10,177.290514957976,Astro
NFKB1,YA,137,93.7310378312965,Astro
NFKB1,YA,187,84.0747679998936,Astro
IRF1,YA,-181,300.805702530299,Astro
NFKB1,YA,-199,82.4512546212318,Astro
NFKB1,YA,142,90.3327094727326,Astro
NFKB1,YA,182,88.7890983906006,Astro
TEAD4,YA,-192,39.7161403409339,Astro
TEAD1,YA,-179,43.3838573297316,Astro
TEAD4,YA,-176,44.4965353830499,Astro
TEAD4,YA,-165,42.9321382845316,Astro
TEAD1,YA,-166,43.4785277270285,Astro
TEAD4,YA,-157,47.3691959353146,Astro
TEAD4,YA,-153,46.4465809204334,Astro
TEAD1,YA,-154,48.1485428244515,Astro
TEAD1,YA,-131,46.2996157089442,Astro
TEAD4,YA,-128,47.3129218386666,Astro
TEAD4,YA,-104,44.283922314212,Astro
TEAD1,YA,-105,49.4461496558245,Astro
TEAD1,YA,-88,50.2830494068567,Astro
TEAD1,YA,-76,48.9434132750465,Astro
TEAD4,YA,-53,48.269939177382,Astro
TEAD1,YA,-54,48.8728735944676,Astro
TEAD4,YA,-45,45.057522740286,Astro
TEAD4,YA,-28,48.9168710246891,Astro
TEAD1,YA,-23,53.5971060097823,Astro
TEAD4,YA,-21,49.7946775203034,Astro
TEAD1,YA,-15,55.6202769220396,Astro
TEAD4,YA,3,82.9664251035348,Astro
TEAD4,YA,53,47.436564077472,Astro
TEAD4,YA,60,45.5801614181481,Astro
TEAD4,YA,62,49.358426670791,Astro
TEAD4,YA,85,53.1903277950053,Astro
TEAD1,YA,89,50.3210410505535,Astro
TEAD4,YA,95,50.3013560645748,Astro
TEAD1,YA,94,50.745704557517,Astro
TEAD4,YA,179,47.7276785657802,Astro
TEAD4,YA,183,45.549130419396,Astro
TEAD1,YA,182,48.4487635500507,Astro
RELA,YA,174,66.8065083438182,Astro
NFKB1,YA,24,83.1594008623853,Astro
IRF1,YA,-14,186.884858331793,Astro
STAT3,YA,-157,96.6133397915086,Astro
STAT3,YA,-47,108.267744144347,Astro
STAT3,YA,28,110.400854362779,Astro
STAT3,YA,98,102.116579485477,Astro
STAT3,YA,154,96.5852713758049,Astro
NFKB1,YA,19,85.8341701903988,Astro
NFKB1,YA,-159,80.9043740998632,Astro
NFKB1,YA,-147,90.4063685997876,Astro
NFKB1,YA,-126,84.2028074257027,Astro
NFKB1,YA,-51,81.7244775051224,Astro
NFKB1,YA,15,73.4136799780602,Astro
NFKB1,YA,126,87.8500684878705,Astro
STAT3,YA,-186,85.803267919056,Astro
STAT3,YA,-166,89.9334413336838,Astro
STAT3,YA,-154,90.2778142230816,Astro
STAT3,YA,-133,91.7892272823169,Astro
STAT3,YA,-101,96.5616125405943,Astro
STAT3,YA,-55,109.828997731154,Astro
STAT3,YA,7,48.7310305527933,Astro
STAT3,YA,86,105.247271766092,Astro
RELA,YA,-78,64.5565948335175,Astro
RELA,YA,166,65.7762889610469,Astro
IRF1,YA,-192,318.835365697784,Astro
IRF1,YA,-171,302.188523466255,Astro
IRF1,YA,139,394.814279611578,Astro
RELA,YA,-38,65.6666092066926,Astro
RELA,YA,-10,41.0956349466724,Astro
RELA,YA,88,67.4077488942342,Astro
NFKB1,YA,88,87.8153552590349,Astro
NFKB1,YA,152,90.1960718548162,Astro
RELA,YA,193,62.9344530128621,Astro
NFKB1,YA,192,89.9996537061524,Astro
IRF1,YA,61,382.294222862481,Astro
RELA,YA,-113,61.6693202931183,Astro
NFKB1,YA,-113,85.0953694107415,Astro
RELA,YA,152,69.0920704581667,Astro
STAT3,YA,12,77.2327861957442,Astro
STAT3,YA,-153,93.6774986625453,Astro
STAT3,YA,-86,108.030295797501,Astro
STAT3,YA,198,102.488164031588,Astro
STAT3,YA,138,99.9741562176493,Astro
STAT3,YA,188,99.4677429510107,Astro
STAT3,YA,-99,99.0898445619164,Astro
IRF1,YA,-169,301.53169971656,Astro
IRF1,YA,-128,349.910984693274,Astro
TEAD1,YA,-169,46.001281732321,Astro
TEAD4,YA,-169,45.4530933453135,Astro
TEAD1,YA,-140,46.7285582178725,Astro
TEAD4,YA,-11,44.9049684494114,Astro
TEAD4,YA,-6,36.0769643797652,Astro
TEAD1,YA,22,50.6688169798672,Astro
TEAD4,YA,22,51.7439106989427,Astro
TEAD4,YA,31,46.1579790541649,Astro
TEAD1,YA,37,47.814758139222,Astro
TEAD4,YA,37,46.3607839243117,Astro
TEAD1,YA,53,47.2502234319733,Astro
TEAD1,YA,68,49.4609003612311,Astro
TEAD4,YA,68,48.0287131856157,Astro
TEAD4,YA,81,47.6743805354041,Astro
TEAD4,YA,91,48.5953243984054,Astro
TEAD1,YA,96,52.367041280194,Astro
TEAD4,YA,96,49.7366873369833,Astro
TEAD4,YA,122,47.2687051119798,Astro
TEAD1,YA,132,46.877522324593,Astro
TEAD1,YA,146,48.7549750322791,Astro
TEAD4,YA,168,47.7656387585361,Astro
TEAD4,YA,200,45.6654292290052,Astro
NFKB1,YA,190,83.8625133058674,Astro
IRF1,YA,-182,303.808941340548,Astro
TEAD1,YA,-176,44.2668189599809,Astro
TEAD4,YA,159,46.692352789813,Astro
RELA,YA,-172,60.469598920421,Astro
RELA,YA,-86,63.7488924849135,Astro
STAT3,YA,54,114.540529332576,Astro
TEAD4,YA,-155,43.398277152502,Astro
TEAD4,YA,-9,30.5715782587907,Astro
TEAD4,YA,16,47.2514441785212,Astro
TEAD4,YA,39,45.8064778243584,Astro
TEAD4,YA,104,48.0892276472066,Astro
TEAD4,YA,158,46.0793813939821,Astro
TEAD4,YA,166,46.7641622870643,Astro
TEAD4,YA,198,46.8755502267267,Astro
NFKB1,YA,-154,86.189736278904,Astro
NFKB1,YA,40,94.6663753196339,Astro
RELA,YA,90,67.5335595061608,Astro
RELA,YA,138,68.3730948943544,Astro
RELA,YA,140,69.6677261767201,Astro
RELA,YA,157,67.6748964370687,Astro
RELA,YA,165,65.6728967267464,Astro
RELA,YA,-32,68.365846401419,Astro
RELA,YA,-50,69.3052269386413,Astro
NFKB1,YA,-50,88.1307627968588,Astro
RELA,YA,116,64.9020053436829,Astro
RELA,YA,-106,63.2011017816362,Astro
RELA,YA,-63,68.9519543732889,Astro
RELA,YA,-64,69.6432641280359,Astro
NFKB1,YA,-64,85.8704547605673,Astro
NFKB1,YA,77,92.7497784770448,Astro
RELA,YA,85,72.138668340288,Astro
RELA,YA,122,63.9819355091203,Astro
RELA,YA,130,65.2155735641101,Astro
RELA,YA,135,68.8730308246694,Astro
RELA,YA,151,63.8731390012533,Astro
RELA,YA,164,68.1948969457779,Astro
RELA,YA,173,67.09679856268,Astro
STAT3,YA,1,44.8004719414999,Astro
RELA,YA,-188,64.2683830024352,Astro
RELA,YA,-155,62.4247460854383,Astro
RELA,YA,-73,68.3959124505674,Astro
NFKB1,YA,-69,78.4871104246218,Astro
RELA,YA,-55,65.1549684737727,Astro
NFKB1,YA,-20,78.6903440985257,Astro
RELA,YA,35,69.4134251018315,Astro
NFKB1,YA,34,78.2722866808679,Astro
RELA,YA,103,61.8310881672557,Astro
NFKB1,YA,180,87.3458408454611,Astro
IRF1,YA,199,382.012389264511,Astro
NFKB1,YA,-197,76.8055125232994,Astro
NFKB1,YA,-96,86.2723581771171,Astro
NFKB1,YA,-90,84.8208926208095,Astro
NFKB1,YA,-15,68.2769091173078,Astro
NFKB1,YA,-8,111.982262188945,Astro
NFKB1,YA,21,76.96317809709,Astro
NFKB1,YA,120,86.0061560280806,Astro
NFKB1,YA,151,94.7488687048347,Astro
IRF1,YA,2,99.5096151016197,Astro
IRF1,YA,140,386.067133516257,Astro
STAT3,YA,-198,88.3320733544029,Astro
RELA,YA,-141,63.062477269768,Astro
TEAD1,YA,-68,49.3904343703491,Astro
TEAD1,YA,-12,29.7354888861729,Astro
TEAD1,YA,-3,60.7795209384287,Astro
TEAD1,YA,24,50.8175761900827,Astro
TEAD1,YA,47,47.7207255357834,Astro
TEAD1,YA,188,49.7739065737336,Astro
TEAD1,YA,-90,49.2631953375883,Astro
TEAD4,YA,-55,44.7531444439684,Astro
STAT3,YA,94,103.754347164885,Astro
NFKB1,YA,-79,86.04421043287,Astro
NFKB1,YA,189,88.0087094385377,Astro
NFKB1,YA,-163,84.3645268234573,Astro
NFKB1,YA,-142,83.1810841314861,Astro
NFKB1,YA,-124,79.945446361338,Astro
NFKB1,YA,-101,87.2784963406268,Astro
NFKB1,YA,104,86.0509681229101,Astro
STAT3,YA,63,109.24755789701,Astro
STAT3,YA,-115,97.8261171553431,Astro
STAT3,YA,-10,125.753755152479,Astro
RELA,YA,126,67.3660222224345,Astro
TEAD1,YA,29,45.8652320751098,Astro
TEAD1,YA,60,48.7949752306151,Astro
TEAD1,YA,74,48.579068377752,Astro
NFKB1,YA,-144,89.1717604850093,Astro
TEAD4,YA,-54,46.2467107329773,Astro
TEAD1,YA,-55,47.5238070475101,Astro
TEAD4,YA,155,48.7584437629011,Astro
TEAD1,YA,154,51.9050723756402,Astro
TEAD4,YA,163,46.2050929277788,Astro
TEAD1,YA,162,46.114256684988,Astro
RELA,YA,-199,57.9881103338118,Astro
RELA,YA,-195,59.06637940204,Astro
RELA,YA,-152,63.5008589159614,Astro
RELA,YA,-93,65.8165532502035,Astro
RELA,YA,-77,64.999503511759,Astro
RELA,YA,54,69.0331931080206,Astro
TEAD1,YA,-156,45.2197844619004,Astro
TEAD4,YA,108,46.6656840554472,Astro
TEAD1,YA,85,50.8497320740372,Astro
TEAD1,YA,111,49.4095167470165,Astro
TEAD1,YA,150,48.2175880820567,Astro
TEAD1,YA,-32,47.6201656899948,Astro
TEAD4,YA,-2,39.6290311084228,Astro
STAT3,YA,-169,92.1268199638474,Astro
STAT3,YA,-1,49.1388729016114,Astro
TEAD4,YA,-198,40.742114927963,Astro
TEAD1,YA,-199,43.4878370494677,Astro
TEAD4,YA,-150,42.9465658014327,Astro
TEAD1,YA,-151,43.3026787334244,Astro
TEAD1,YA,-133,47.3491053188233,Astro
TEAD4,YA,-123,45.1046616199755,Astro
TEAD1,YA,-118,49.8902452498889,Astro
TEAD4,YA,-98,48.7183328019948,Astro
TEAD1,YA,-99,46.7597913889453,Astro
TEAD4,YA,-81,45.2325186669359,Astro
TEAD1,YA,-82,46.6613481343351,Astro
TEAD1,YA,-8,57.6097288392643,Astro
TEAD1,YA,43,50.8340364153459,Astro
TEAD4,YA,164,46.4542476831074,Astro
TEAD4,YA,-179,43.816894059054,Astro
STAT3,YA,-170,91.0778294305556,Astro
TEAD4,YA,23,50.1738076310217,Astro
STAT3,YA,127,105.628030341842,Astro
NFKB1,YA,-123,84.5908002515723,Astro
NFKB1,YA,-116,81.084078795858,Astro
NFKB1,YA,3,72.3696905619979,Astro
STAT3,YA,-116,98.5587429679402,Astro
RELA,YA,-162,59.9234452652082,Astro
RELA,YA,109,71.4296651978106,Astro
TEAD4,YA,8,32.5828273338493,Astro
TEAD1,YA,7,36.9785097809407,Astro
TEAD4,YA,12,53.9654660329569,Astro
TEAD4,YA,64,47.7097636785676,Astro
TEAD1,YA,63,49.4092208069336,Astro
TEAD4,YA,154,48.5825624757741,Astro
TEAD1,YA,164,47.868463797993,Astro
CEBPB,YA,-169,10.3107254547451,Astro
CEBPB,YA,-157,11.4682694860614,Astro
CEBPB,YA,-142,9.9697205355848,Astro
CEBPB,YA,-88,11.231440680131,Astro
CEBPB,YA,-81,12.4797234207006,Astro
CEBPB,YA,-70,12.5676196440561,Astro
CEBPB,YA,-62,11.3477805717379,Astro
CEBPB,YA,-51,10.7728645779538,Astro
CEBPB,YA,-1,7.96952130383319,Astro
CEBPB,YA,8,9.345736700542,Astro
CEBPB,YA,44,12.7627606205852,Astro
CEBPB,YA,108,9.83630862945033,Astro
CEBPB,YA,162,10.327163387334,Astro
RELA,YA,-130,63.5362593109193,Astro
RELA,YA,-147,64.6700321726108,Astro
RELA,YA,-49,67.9797734357159,Astro
RELA,YA,23,75.3751446435582,Astro
STAT3,YA,-112,95.5042038890192,Astro
RELA,YA,-115,63.4100275035016,Astro
IRF1,YA,106,371.165029362645,Astro
NFKB1,YA,18,83.4824423493605,Astro
RELA,YA,45,69.5785265430824,Astro
IRF1,YA,107,377.572282842029,Astro
NFKB1,YA,-77,74.3139695599972,Astro
NFKB1,YA,67,79.8227921857958,Astro
TEAD1,YA,-197,46.9340007467147,Astro
TEAD4,YA,-197,40.6322061255043,Astro
TEAD1,YA,167,48.8828852100382,Astro
TEAD4,YA,167,48.5598964663113,Astro
RELA,YA,-128,68.7632719314036,Astro
TEAD4,YA,59,48.6681481936585,Astro
TEAD1,YA,10,31.0188311995259,Astro
STAT3,YA,-139,93.7326275540069,Astro
STAT3,YA,-117,97.8285640454015,Astro
STAT3,YA,4,32.0346002339761,Astro
TEAD4,YA,-147,42.7494633078445,Astro
TEAD4,YA,-78,48.4398492805973,Astro
TEAD4,YA,-73,48.2834686075637,Astro
TEAD4,YA,-52,44.9812854010969,Astro
TEAD4,YA,-12,44.8163606026528,Astro
TEAD4,YA,5,35.3815379394587,Astro
STAT3,YA,-134,99.1761589147291,Astro
TEAD1,YA,179,49.8644550357611,Astro
TEAD1,YA,-192,41.6099933378385,Astro
TEAD1,YA,-80,46.366794760337,Astro
TEAD1,YA,-13,60.3853456226327,Astro
TEAD1,YA,124,50.1867799495388,Astro
TEAD4,YA,124,47.056213137093,Astro
TEAD4,YA,151,46.7915500270701,Astro
TEAD1,YA,193,47.5030476689991,Astro
RELA,YA,-123,66.5625011217963,Astro
RELA,YA,111,68.060285959874,Astro
NFKB1,YA,-155,84.9556963940074,Astro
TEAD4,YA,-56,47.8509454808572,Astro
TEAD1,YA,-155,44.4628272883864,Astro
TEAD4,YA,-200,42.5969043232296,Astro
TEAD4,YA,76,47.7611531963571,Astro
RELA,YA,-67,66.9127202032952,Astro
TEAD1,YA,-59,48.0740712475586,Astro
STAT3,YA,-113,98.5310583859314,Astro
IRF1,YA,1,52.7513574192457,Astro
IRF1,YA,82,369.639124136649,Astro
IRF1,YA,-2,81.2707536930319,Astro
IRF1,YA,-8,101.898563862624,Astro
RELA,YA,-171,57.8516623197862,Astro
IRF1,YA,4,89.968792280285,Astro
TEAD1,YA,125,51.072573115583,Astro
STAT3,YA,-158,90.4922026582905,Astro
TEAD1,YA,25,51.1230495664455,Astro
TEAD4,YA,25,49.8372596416727,Astro
TEAD1,YA,181,47.7617375495896,Astro
STAT3,YA,-125,100.731620251673,Astro
STAT3,YA,-176,85.1369852069286,Astro
STAT3,YA,-42,108.416756336448,Astro
STAT3,YA,-4,28.0204323197281,Astro
TEAD4,YA,-181,42.3055420857446,Astro
RELA,YA,-177,60.559752109089,Astro
STAT3,YA,69,106.73790664096,Astro
RELA,YA,-144,61.8150995352827,Astro
TEAD4,YA,-114,44.3630797252007,Astro
STAT3,YA,-155,93.7801991685324,Astro
TEAD1,YA,-143,45.9391517683194,Astro
STAT3,YA,-140,96.1846189050702,Astro
STAT3,YA,-37,113.386939548248,Astro
STAT3,YA,106,106.018085754693,Astro
RELA,YA,-121,65.3120401098335,Astro
RELA,YA,-117,66.2258409503833,Astro
TEAD4,YA,187,45.3092539582499,Astro
STAT3,YA,16,107.562102363795,Astro
NFKB1,YA,-10,43.5589675670445,Astro
TEAD4,YA,-16,45.9495797473957,Astro
TEAD1,YA,-17,49.5114640841933,Astro
STAT3,YA,-111,98.2567442107472,Astro
RELA,YA,-169,60.6764340056613,Astro
RELA,YA,-170,60.5716317118797,Astro
STAT3,YA,192,98.7657925421911,Astro
RELA,YA,-4,44.7950918645578,Astro
RELA,YA,62,71.7525448526856,Astro
CEBPB,YA,-3,32.3709672098601,Astro
TEAD1,YA,-125,45.1024870502066,Astro
TEAD1,YA,-69,47.2702039742996,Astro
TEAD4,YA,-69,45.4101749850297,Astro
TEAD1,YA,-34,47.2145410162003,Astro
TEAD4,YA,-34,49.5911627693973,Astro
TEAD1,YA,34,51.1212742967612,Astro
TEAD4,YA,34,50.5498232027956,Astro
TEAD4,YA,157,48.720002594187,Astro
TEAD1,YA,176,49.0203845152191,Astro
TEAD4,YA,176,45.7172434755635,Astro
CEBPB,YA,73,10.9447853691442,Astro
STAT3,YA,42,113.429412997754,Astro
STAT3,YA,57,109.829505898513,Astro
RELA,YA,-200,58.4329005234084,Astro
RELA,YA,-161,61.3386120939406,Astro
RELA,YA,-156,67.1562725900719,Astro
RELA,YA,-136,60.3914036601226,Astro
RELA,YA,-118,62.3771060876181,Astro
RELA,YA,200,62.4122864118137,Astro
TEAD1,YA,-111,48.7242750189855,Astro
STAT3,YA,60,105.806211693343,Astro
STAT3,YA,164,102.253002740212,Astro
CEBPB,YA,-92,13.4333135113368,Astro
STAT3,YA,148,94.9230375647328,Astro
CEBPB,YA,-65,10.5198280795218,Astro
CEBPB,YA,-33,13.5306262451485,Astro
CEBPB,YA,28,12.360791130192,Astro
CEBPB,YA,172,11.2508272008361,Astro
STAT3,YA,-150,92.9165978076505,Astro
STAT3,YA,-54,112.455035865218,Astro
TEAD4,YA,-162,43.3383174526506,Astro
TEAD1,YA,-189,46.0725887709279,Astro
CEBPB,YA,-146,11.096722600287,Astro
CEBPB,YA,151,11.0690121551094,Astro
STAT3,YA,156,100.231082750119,Astro
IRF1,YA,-132,350.588062896036,Astro
NFKB1,YA,8,44.3726473411319,Astro
TEAD1,YA,-108,47.2441804395283,Astro
TEAD4,YA,129,48.0011841041338,Astro
TEAD4,YA,137,46.5918855176205,Astro
TEAD4,YA,173,49.2475323227343,Astro
TEAD1,YA,191,48.7934912275914,Astro
TEAD1,YA,20,49.7125090269367,Astro
TEAD1,YA,38,48.7314178076687,Astro
TEAD4,YA,152,45.2411825306429,Astro
TEAD1,YA,156,48.3852943287578,Astro
STAT3,YA,137,99.7881591139173,Astro
TEAD1,YA,-103,49.1084548031922,Astro
TEAD1,YA,-38,45.3927011660188,Astro
TEAD1,YA,155,50.9927392859234,Astro
TEAD1,YA,-95,48.3365062869957,Astro
IRF1,YA,-178,304.943767783355,Astro
IRF1,YA,3,48.8043093209529,Astro
TEAD1,YA,-83,47.3185582843314,Astro
TEAD4,YA,-160,44.885185481718,Astro
TEAD1,YA,-63,48.1056795044976,Astro
TEAD1,YA,-50,48.5384880236377,Astro
TEAD4,YA,-106,47.7473078050359,Astro
TEAD1,YA,-5,16.947469655472,Astro
TEAD4,YA,-82,47.3711529084445,Astro
TEAD1,YA,-78,48.8084140956699,Astro
TEAD1,YA,9,48.1700372201027,Astro
TEAD4,YA,-68,45.7997722707104,Astro
TEAD1,YA,12,48.4406234811322,Astro
TEAD1,YA,112,47.7820625651004,Astro
TEAD1,YA,116,49.9804954318178,Astro
RELA,YA,-107,66.0263140473643,Astro
NFKB1,YA,-153,82.889961429995,Astro
RELA,YA,92,71.4390770815605,Astro
RELA,YA,169,63.9905490364845,Astro
NFKB1,YA,178,86.286017389583,Astro
IRF1,YA,-141,345.917750737738,Astro
TEAD4,YA,-94,46.7709976308244,Astro
TEAD1,YA,-53,47.7639325555481,Astro
TEAD4,YA,-39,46.4558821396984,Astro
TEAD4,YA,-32,47.3252944655629,Astro
TEAD1,YA,-33,50.4835583006469,Astro
TEAD1,YA,33,52.9811464858484,Astro
IRF1,YA,-72,346.236626863586,Astro
RELA,YA,-35,66.8495769474744,Astro
TEAD4,YA,-145,42.2007979709539,Astro
TEAD1,YA,-60,46.4383715442796,Astro
TEAD4,YA,-95,47.6729939114059,Astro
TEAD1,YA,-96,49.1795851847273,Astro
RELA,YA,-193,61.2733752558505,Astro
RELA,YA,-137,60.9983180285052,Astro
RELA,YA,-26,62.7441865583869,Astro
RELA,YA,-8,43.1880759369833,Astro
RELA,YA,0,33.3226768857611,Astro
NFKB1,YA,-22,88.2867206325044,Astro
RELA,YA,-186,59.8394681940903,Astro
NFKB1,YA,-14,92.0256800567102,Astro
NFKB1,YA,0,71.6301428739424,Astro
RELA,YA,-148,62.8213121651769,Astro
RELA,YA,21,75.2550831646793,Astro
RELA,YA,87,65.14776654315,Astro
RELA,YA,120,68.6963437495384,Astro
NFKB1,YA,100,92.9994340665863,Astro
NFKB1,YA,106,86.7187311563027,Astro
RELA,YA,161,65.571618502095,Astro
RELA,YA,184,63.4105549242691,Astro
RELA,YA,156,68.7660483076916,Astro
NFKB1,YA,-5,71.8661952669488,Astro
NFKB1,YA,-3,37.4330135918014,Astro
NFKB1,YA,128,87.4482445721925,Astro
IRF1,YA,49,402.685889682346,Astro
NFKB1,YA,-85,79.4945875983654,Astro
STAT3,YA,-122,94.473736447733,Astro
TEAD1,YA,4,38.5830181835221,Astro
TEAD1,YA,51,47.6717196794226,Astro
TEAD4,YA,71,47.6498365109663,Astro
TEAD1,YA,70,50.373010423801,Astro
TEAD4,YA,110,47.9841512603663,Astro
TEAD4,YA,112,47.5318708527071,Astro
CEBPB,YA,-112,11.1268209346231,Astro
CEBPB,YA,-36,9.12553433946518,Astro
CEBPB,YA,-14,6.81086522975354,Astro
CEBPB,YA,21,13.2320562076388,Astro
CEBPB,YA,56,11.9727318223928,Astro
CEBPB,YA,66,11.8104835351168,Astro
CEBPB,YA,92,10.9173775155053,Astro
CEBPB,YA,94,11.4763675437245,Astro
CEBPB,YA,104,11.2864165941282,Astro
STAT3,YA,97,103.362351837901,Astro
STAT3,YA,-163,90.3264778396233,Astro
STAT3,YA,-71,105.732298734652,Astro
STAT3,YA,124,103.906844548039,Astro
TEAD1,YA,80,50.7780647997435,Astro
TEAD1,YA,71,50.791254271841,Astro
NFKB1,YA,-84,82.4726164196073,Astro
TEAD4,YA,-154,42.9266548239319,Astro
TEAD4,YA,-30,45.1879112851889,Astro
STAT3,YA,-83,101.793543309571,Astro
STAT3,YA,-6,30.4351511246335,Astro
TEAD4,YA,-48,49.074196930644,Astro
TEAD4,YA,29,45.6315648012539,Astro
NFKB1,YA,-31,78.3385779411196,Astro
STAT3,YA,-100,102.269689808994,Astro
STAT3,YA,187,96.3464482606598,Astro
STAT3,YA,95,102.993580377192,Astro
TEAD1,YA,-196,40.8099348330808,Astro
NFKB1,YA,-86,86.2810282249954,Astro
NFKB1,YA,-35,81.8824602942248,Astro
NFKB1,YA,-2,72.6027964989009,Astro
NFKB1,YA,51,84.3643707746875,Astro
NFKB1,YA,47,84.349657995514,Astro
STAT3,YA,91,108.144537201283,Astro
TEAD1,YA,186,50.9657913843364,Astro
STAT3,YA,195,94.5024161763871,Astro
TEAD1,YA,-65,47.0403631710099,Astro
TEAD1,YA,-149,44.6359263134161,Astro
TEAD4,YA,-118,48.5809730217372,Astro
TEAD1,YA,-119,49.0899333713783,Astro
TEAD1,YA,-94,47.9953837931345,Astro
TEAD1,YA,-61,50.4528660333675,Astro
TEAD4,YA,9,34.2026603384879,Astro
TEAD1,YA,8,35.0238233572283,Astro
TEAD4,YA,27,48.9887220010801,Astro
RELA,YA,58,69.2509466009151,Astro
TEAD4,YA,57,49.4630176173999,Astro
TEAD1,YA,56,50.7360623161911,Astro
RELA,YA,63,66.8071593636055,Astro
STAT3,YA,-181,84.291297336917,Astro
STAT3,YA,-106,99.5187913510274,Astro
STAT3,YA,-127,92.7338214337758,Astro
STAT3,YA,178,98.6012214026177,Astro
TEAD4,YA,-152,43.5811615970281,Astro
TEAD1,YA,-26,47.5486777698344,Astro
TEAD4,YA,-26,44.5564022883005,Astro
CEBPB,YA,-170,9.86506664219199,Astro
CEBPB,YA,-144,10.4290037450588,Astro
CEBPB,YA,-115,10.1790927130862,Astro
CEBPB,YA,-103,11.1692253508974,Astro
CEBPB,YA,-54,12.5076014861879,Astro
CEBPB,YA,20,14.9586888063509,Astro
CEBPB,YA,87,13.2865094958529,Astro
IRF1,YA,-186,316.917191552546,Astro
IRF1,YA,-6,89.4942972873236,Astro
NFKB1,YA,69,92.4266890379357,Astro
NFKB1,YA,23,78.8982026498242,Astro
CEBPB,YA,-9,8.4849698879483,Astro
CEBPB,YA,18,13.7187817114185,Astro
CEBPB,YA,37,13.2735532716872,Astro
CEBPB,YA,51,13.234149008768,Astro
CEBPB,YA,97,12.2153308936239,Astro
CEBPB,YA,163,11.3673073966189,Astro
CEBPB,YA,187,10.015985465393,Astro
CEBPB,YA,-159,9.16987979313734,Astro
CEBPB,YA,-98,11.0291421060784,Astro
CEBPB,YA,133,11.2985703198201,Astro
CEBPB,YA,-152,10.7822095397305,Astro
CEBPB,YA,22,13.5422619167167,Astro
CEBPB,YA,179,12.0204926994262,Astro
CEBPB,YA,184,9.67326785002929,Astro
CEBPB,YA,189,11.8037534202904,Astro
RELA,YA,-192,58.9708920149852,Astro
RELA,YA,-145,65.239808593448,Astro
RELA,YA,-9,32.577577614823,Astro
TEAD1,YA,-98,51.3192688847032,Astro
CEBPB,YA,110,12.1071319645099,Astro
TEAD4,YA,-64,47.7182915449761,Astro
IRF1,YA,-12,165.63258668162,Astro
TEAD1,YA,120,51.0295264700345,Astro
NFKB1,YA,-46,76.8941314649273,Astro
TEAD4,YA,-199,43.8751211805785,Astro
TEAD1,YA,-200,45.2023151036802,Astro
TEAD4,YA,-102,48.4293881835121,Astro
TEAD4,YA,54,43.5931835349257,Astro
TEAD4,YA,-83,49.2186281477593,Astro
TEAD4,YA,-23,51.3348738977388,Astro
STAT3,YA,-172,91.0503116130829,Astro
TEAD4,YA,78,46.3110068284196,Astro
STAT3,YA,105,101.945028418039,Astro
NFKB1,YA,44,82.3819707056764,Astro
TEAD4,YA,70,46.8033930450041,Astro
CEBPB,YA,86,11.4741395299486,Astro
CEBPB,YA,99,12.6261998208053,Astro
STAT3,YA,-132,95.7328971087252,Astro
TEAD1,YA,152,47.5263328624322,Astro
TEAD1,YA,148,49.1197625588903,Astro
TEAD4,YA,148,46.1334573033605,Astro
TEAD1,YA,-173,46.6329103997772,Astro
TEAD1,YA,-170,45.4451146557915,Astro
TEAD1,YA,-168,45.1321337626754,Astro
TEAD1,YA,-153,45.25499012248,Astro
TEAD1,YA,-123,45.3026179553409,Astro
TEAD1,YA,-39,47.9568724165413,Astro
TEAD1,YA,5,13.9579071432238,Astro
TEAD1,YA,115,49.4270278779493,Astro
TEAD4,YA,-49,48.6934235756923,Astro
IRF1,YA,-4,95.3887056926755,Astro
STAT3,YA,161,96.6967196552442,Astro
RELA,YA,124,66.9007973228904,Astro
RELA,YA,192,62.3714459614034,Astro
STAT3,YA,3,44.3130079391463,Astro
TEAD4,YA,24,49.1002751301258,Astro
NFKB1,YA,29,79.4815047020115,Astro
CEBPB,YA,-89,13.5493767035273,Astro
CEBPB,YA,17,14.2278388489837,Astro
CEBPB,YA,160,11.2785763901162,Astro
CEBPB,YA,14,9.557763455568,Astro
CEBPB,YA,19,14.3542165606087,Astro
CEBPB,YA,53,11.7154535571764,Astro
CEBPB,YA,64,13.0044840318563,Astro
CEBPB,YA,183,10.1726669384293,Astro
TEAD1,YA,-28,48.1210773598101,Astro
TEAD4,YA,182,45.314181505684,Astro
RELA,YA,-1,33.373612671445,Astro
CEBPB,YA,-163,10.409575233332,Astro
CEBPB,YA,-111,9.89242207209331,Astro
RELA,YA,-7,65.3598243636645,Astro
NFKB1,YA,59,89.4684926999534,Astro
TEAD4,YA,-59,44.8603751581924,Astro
TEAD4,YA,46,45.245691498228,Astro
TEAD1,YA,45,49.9014833637347,Astro
TEAD4,YA,58,49.9914575479238,Astro
TEAD1,YA,57,49.6378868260614,Astro
TEAD4,YA,186,46.8226382165094,Astro
TEAD1,YA,185,49.0654257362214,Astro
IRF1,YA,0,82.421453523115,Astro
IRF1,YA,-5,49.4145645120233,Astro
TEAD4,YA,-124,48.1003829663479,Astro
TEAD4,YA,-66,46.2110187274769,Astro
TEAD4,YA,69,49.8650783957577,Astro
TEAD4,YA,97,49.5615109518895,Astro
TEAD1,YA,106,50.1590598670577,Astro
RELA,YA,8,32.1938927096478,Astro
RELA,YA,44,66.7658697398879,Astro
RELA,YA,75,66.5273874862556,Astro
RELA,YA,148,67.7055083148673,Astro
TEAD4,YA,-33,46.6813938624539,Astro
CEBPB,YA,-150,10.7525417200844,Astro
CEBPB,YA,-148,9.67039753420347,Astro
CEBPB,YA,79,11.7164598721568,Astro
CEBPB,YA,114,10.1792379858333,Astro
TEAD4,YA,-38,43.7272850210148,Astro
RELA,YA,60,70.6404534271016,Astro
TEAD4,YA,135,47.6881032751728,Astro
IRF1,YA,-7,58.0682905686985,Astro
TEAD4,YA,140,48.0892671084789,Astro
NFKB1,YA,-129,79.6996613398327,Astro
RELA,YA,56,69.1043503759164,Astro
RELA,YA,158,65.1206966028968,Astro
RELA,YA,168,66.4763814688953,Astro
RELA,YA,197,64.7331246482526,Astro
TEAD4,YA,-19,47.5653930790209,Astro
TEAD1,YA,-20,48.7511284291167,Astro
STAT3,YA,-9,50.3480778776352,Astro
TEAD4,YA,171,46.286284701347,Astro
TEAD4,YA,-72,47.8636143704003,Astro
TEAD1,YA,-73,49.113597704294,Astro
TEAD4,YA,99,47.3543165741513,Astro
RELA,YA,98,65.4202937191085,Astro
TEAD1,YA,-21,52.3460091901571,Astro
TEAD1,YA,-183,43.9366831716692,Astro
TEAD4,YA,-183,42.8689480488528,Astro
TEAD1,YA,-58,50.9590855741515,Astro
TEAD1,YA,166,49.6597457427591,Astro
TEAD4,YA,-137,43.3322689729699,Astro
TEAD4,YA,194,44.1528765984768,Astro
TEAD1,YA,-181,44.3337455915617,Astro
TEAD1,YA,-167,45.3365336702558,Astro
TEAD1,YA,-113,47.5289547999342,Astro
TEAD1,YA,-9,35.6190547429437,Astro
TEAD1,YA,-93,48.2016373497261,Astro
TEAD1,YA,-74,46.9247674772489,Astro
TEAD1,YA,198,46.229329634002,Astro
CEBPB,YA,193,11.3255070937261,Astro
TEAD1,YA,194,48.5607109482251,Astro
TEAD1,YA,-7,13.5885921539169,Astro
NFKB1,YA,74,80.2541220327304,Astro
TEAD4,YA,-119,45.1102878965722,Astro
TEAD4,YA,15,50.0763041906791,Astro
TEAD1,YA,14,52.0949516645799,Astro
RELA,YA,-197,58.8244949121718,Astro
RELA,YA,19,69.3061989425607,Astro
TEAD1,YA,-10,33.7564454495717,Astro
NFKB1,YA,73,79.2891260080979,Astro
STAT3,YA,-80,100.814032380309,Astro
TEAD1,YA,-136,47.4704163498475,Astro
TEAD4,YA,10,44.5899742356987,Astro
STAT3,YA,118,104.859017657878,Astro
NFKB1,YA,63,78.4070495407419,Astro
TEAD1,YA,-57,50.1137174495501,Astro
TEAD1,YA,-45,48.7032675865606,Astro
TEAD1,YA,3,17.5430727569045,Astro
TEAD4,YA,-189,41.2272130656106,Astro
TEAD1,YA,-190,42.6520081810658,Astro
TEAD1,YA,-148,46.0501958119639,Astro
TEAD1,YA,-101,50.3506552300938,Astro
TEAD1,YA,69,49.2232310291415,Astro
RELA,YA,-80,67.0090898840392,Astro
TEAD4,YA,-167,43.6868522525094,Astro
TEAD1,YA,196,48.6607090615729,Astro
TEAD4,YA,-42,48.1547904910005,Astro
TEAD4,YA,74,48.9767703685822,Astro
TEAD4,YA,130,48.3261533310785,Astro
TEAD1,YA,197,49.8537756331795,Astro
RELA,YA,-42,67.6150684607067,Astro
NFKB1,YA,-66,84.5415486267835,Astro
TEAD1,YA,19,56.5645779257533,Astro
TEAD1,YA,171,51.6168760467101,Astro
TEAD1,YA,-163,43.2549397402636,Astro
TEAD4,YA,-163,45.7680653557734,Astro
TEAD1,YA,-150,46.2962572356602,Astro
TEAD4,YA,-149,45.275045450495,Astro
TEAD4,YA,-90,48.2312054197229,Astro
TEAD1,YA,-91,48.7559266421791,Astro
CEBPB,YA,-171,11.1888785995909,Astro
CEBPB,YA,-99,10.689516241918,Astro
CEBPB,YA,54,11.8620292002949,Astro
CEBPB,YA,85,12.5435760911986,Astro
CEBPB,YA,111,12.1792976211241,Astro
CEBPB,YA,116,10.2984330216496,Astro
CEBPB,YA,121,10.27746402875,Astro
CEBPB,YA,134,13.3786070873137,Astro
CEBPB,YA,136,11.9920659205368,Astro
CEBPB,YA,140,10.9841870068165,Astro
CEBPB,YA,157,11.8988743728529,Astro
CEBPB,YA,161,11.5403274587759,Astro
CEBPB,YA,171,11.7264362400925,Astro
NFKB1,YA,-176,77.6815766475509,Astro
TEAD1,YA,-172,45.9817697425494,Astro
TEAD1,YA,-35,52.0060451548138,Astro
TEAD1,YA,135,49.7047531255973,Astro
TEAD4,YA,-18,50.6243135689241,Astro
TEAD4,YA,26,45.8457373874062,Astro
TEAD4,YA,113,48.571099661303,Astro
RELA,YA,2,22.8134405097229,Astro
CEBPB,YA,67,12.1187366368813,Astro
TEAD1,YA,143,51.0950091909474,Astro
TEAD4,YA,143,48.8686924107431,Astro
TEAD1,YA,140,50.8264644413425,Astro
TEAD1,YA,-27,48.8631768029314,Astro
TEAD1,YA,-19,49.9531362530805,Astro
RELA,YA,-163,59.4511412421442,Astro
CEBPB,YA,11,9.20918470706735,Astro
CEBPB,YA,77,11.62051948851,Astro
TEAD1,YA,-157,46.9995829648258,Astro
NFKB1,YA,1,40.5948543960117,Astro
NFKB1,YA,27,73.5578694009823,Astro
RELA,YA,-3,22.6541046598227,Astro
TEAD4,YA,141,48.8516371646889,Astro
TEAD1,YA,137,48.9027059751495,Astro
CEBPB,YA,115,11.8635437844122,Astro
CEBPB,YA,35,12.2103240981563,Astro
CEBPB,YA,142,9.91816369916072,Astro
TEAD4,YA,13,53.0117777784436,Astro
TEAD4,YA,-171,40.7531245323466,Astro
TEAD4,YA,56,47.6973030574983,Astro
NFKB1,YA,13,67.7640535993721,Astro
TEAD4,YA,20,52.5758086874456,Astro
TEAD1,YA,27,47.6062963354914,Astro
TEAD4,YA,147,48.9910563922741,Astro
TEAD4,YA,191,44.3337055466377,Astro
CEBPB,YA,-114,10.3221065571076,Astro
CEBPB,YA,60,12.5120850426292,Astro
TEAD4,YA,50,43.9417122900879,Astro
RELA,YA,13,71.0605732756781,Astro
CEBPB,YA,-136,8.9614651366311,Astro
CEBPB,YA,-79,13.1269028917158,Astro
CEBPB,YA,-77,11.5322789852457,Astro
CEBPB,YA,78,11.969527462849,Astro
CEBPB,YA,102,11.2456989570055,Astro
CEBPB,YA,117,12.7284823538541,Astro
CEBPB,YA,-198,10.6142878398863,Astro
TEAD4,YA,125,49.2770985734343,Astro
TEAD4,YA,175,47.3995409363428,Astro
TEAD4,YA,-71,46.0646959443653,Astro
TEAD4,YA,40,46.0091341467714,Astro
CEBPB,YA,-122,10.3424350165351,Astro
CEBPB,YA,-95,11.0553185286221,Astro
CEBPB,YA,-94,12.4763728880966,Astro
CEBPB,YA,23,13.9968157952711,Astro
CEBPB,YA,143,11.9691781131197,Astro
CEBPB,YA,168,10.6196859903284,Astro
TEAD4,YA,-1,17.8243575695323,Astro
CEBPB,YA,-194,9.80402612153181,Astro
CEBPB,YA,-125,9.40193923492066,Astro
CEBPB,YA,-63,11.1076708227251,Astro
CEBPB,YA,-31,11.5578526946654,Astro
CEBPB,YA,34,11.2574748406017,Astro
CEBPB,YA,81,12.2038671144196,Astro
CEBPB,YA,82,12.7653804047708,Astro
CEBPB,YA,130,10.1659378877939,Astro
CEBPB,YA,176,10.9968457051702,Astro
CEBPB,YA,-42,10.812532408703,Astro
TEAD4,YA,-20,44.5852197602689,Astro
TEAD4,YA,-8,27.7264487717285,Astro
TEAD4,YA,-172,44.3166706211154,Astro
TEAD4,YA,-168,44.5688713953303,Astro
TEAD4,YA,-184,42.9244111850794,Astro
TEAD1,YA,-185,40.5088443476023,Astro
TEAD4,YA,144,49.1050648589439,Astro
CEBPB,YA,-129,10.5900595972913,Astro
CEBPB,YA,-87,10.3930701147899,Astro
CEBPB,YA,-60,10.5706464835749,Astro
CEBPB,YA,25,14.5854467050185,Astro
CEBPB,YA,33,11.4749837758762,Astro
CEBPB,YA,194,11.3160375376954,Astro
CEBPB,YA,-160,11.8737480298134,Astro
CEBPB,YA,-64,12.3758768718144,Astro
CEBPB,YA,76,12.7489565946536,Astro
CEBPB,YA,147,10.6895682103751,Astro
CEBPB,YA,98,11.0862303297308,Astro
CEBPB,YA,-195,9.91377879789369,Astro
CEBPB,YA,-177,10.2757058370847,Astro
CEBPB,YA,-158,11.1841638368392,Astro
CEBPB,YA,-139,11.7664719720383,Astro
CEBPB,YA,-120,10.8083051426337,Astro
CEBPB,YA,84,11.3539406294703,Astro
CEBPB,YA,91,12.7960942524801,Astro
CEBPB,YA,96,10.653577684848,Astro
CEBPB,YA,131,10.8899792992967,Astro
CEBPB,YA,141,11.1543154184481,Astro
CEBPB,YA,149,11.6635997700843,Astro
CEBPB,YA,154,11.1896586284059,Astro
CEBPB,YA,178,11.456355724295,Astro
CEBPB,YA,190,12.0116568742039,Astro
CEBPB,YA,-164,10.4633612741763,Astro
CEBPB,YA,9,12.6748357632877,Astro
CEBPB,YA,-190,10.8029123530608,Astro
CEBPB,YA,-155,11.1132531324217,Astro
CEBPB,YA,-119,9.56913801788566,Astro
CEBPB,YA,-49,11.444644548181,Astro
CEBPB,YA,-15,10.3860332058623,Astro
CEBPB,YA,-4,2.55879006987812,Astro
CEBPB,YA,27,12.0959411161773,Astro
CEBPB,YA,71,12.7366154064904,Astro
CEBPB,YA,107,11.5371010965756,Astro
CEBPB,YA,169,11.3122590383997,Astro
CEBPB,YA,195,11.3499166971054,Astro
CEBPB,YA,63,12.2655652457857,Astro
RELA,YA,-2,28.3567674742513,Astro
TEAD4,YA,66,47.5178791900413,Astro
RELA,YA,188,65.3904347171913,Astro
TEAD4,YA,133,48.028782216332,Astro
TEAD4,YA,177,48.0705564772977,Astro
TEAD4,YA,-194,43.6406698986122,Astro
STAT3,YA,-8,35.9958828108934,Astro
TEAD4,YA,-193,44.317447756712,Astro
CEBPB,YA,31,12.9621000897161,Astro
CEBPB,YA,-188,10.2320712120968,Astro
CEBPB,YA,-66,12.2442045723788,Astro
CEBPB,YA,-47,10.9823784983969,Astro
CEBPB,YA,-30,11.5905657968855,Astro
CEBPB,YA,148,12.0658314707229,Astro
TEAD1,YA,-138,44.6909033849827,Astro
TEAD4,YA,4,26.8326605520437,Astro
CEBPB,YA,-181,9.82386804118234,Astro
CEBPB,YA,101,11.5328297024734,Astro
TEAD1,YA,195,46.2647341015837,Astro
TEAD4,YA,195,47.5296307903542,Astro
CEBPB,YA,-101,10.8741075099431,Astro
CEBPB,YA,-85,10.5187042228232,Astro
CEBPB,YA,-61,10.5238121665513,Astro
CEBPB,YA,-109,11.5147059117415,Astro
CEBPB,YA,52,13.2898265322869,Astro
TEAD1,YA,-184,44.7732631566624,Astro
TEAD4,YA,106,49.8653999357697,Astro
CEBPB,YA,-165,10.4369219214229,Astro
TEAD4,YA,7,27.8421794018472,Astro
TEAD1,YA,103,49.7476938233181,Astro
CEBPB,YA,-43,10.4975563783201,Astro
CEBPB,YA,89,11.4239827963149,Astro
TEAD4,YA,153,45.7203849210935,Astro
TEAD1,YA,-174,44.1542174056091,Astro
TEAD4,YA,-173,44.5881006470025,Astro
TEAD1,YA,36,48.5088877599371,Astro
TEAD1,YA,-194,46.2987087799017,Astro
TEAD4,YA,116,46.9701067071186,Astro
CEBPB,YA,135,10.1049346412244,Astro
CEBPB,YA,118,12.3534896612534,Astro
CEBPB,YA,-166,9.99008374272386,Astro
CEBPB,YA,-26,14.0257913943481,Astro
CEBPB,YA,69,13.0280095043173,Astro
CEBPB,YA,-106,10.8166323913015,Astro
CEBPB,YA,165,10.6282058540936,Astro
CEBPB,YA,-75,10.307798407148,Astro
CEBPB,YA,-140,11.9950356147732,Astro
CEBPB,YA,-118,11.3266496174382,Astro
CEBPB,YA,-90,12.6708670963842,Astro
CEBPB,YA,-76,11.30211942029,Astro
CEBPB,YA,-67,10.4326150602159,Astro
CEBPB,YA,-56,11.4945152366716,Astro
CEBPB,YA,-45,11.1415379180239,Astro
CEBPB,YA,-29,13.2211263885101,Astro
CEBPB,YA,-20,11.3723911934438,Astro
CEBPB,YA,59,12.7065053567053,Astro
CEBPB,YA,-141,10.0213162335725,Astro
CEBPB,YA,-28,12.4304219130557,Astro
CEBPB,YA,-83,10.9695575629437,Astro
CEBPB,YA,144,11.2025732299091,Astro
CEBPB,YA,48,12.3827899735261,Astro
CEBPB,YA,50,11.5358118748994,Astro
CEBPB,YA,-113,11.2517097461172,Astro
CEBPB,YA,-108,10.1193320940791,Astro
CEBPB,YA,-37,12.3273720823036,Astro
CEBPB,YA,-21,11.9451330217147,Astro
CEBPB,YA,-97,11.1665629013356,Astro
CEBPB,YA,100,13.1068809103511,Astro
CEBPB,YA,182,10.366675258402,Astro
CEBPB,YA,-41,11.1991269094914,Astro
CEBPB,YA,55,13.3275077528554,Astro
CEBPB,YA,197,10.1268065004697,Astro
CEBPB,YA,170,10.9325486447689,Astro
CEBPB,YA,-187,10.8674171354653,Astro
CEBPB,YA,-182,10.1107329484442,Astro
CEBPB,YA,-78,11.0231888243166,Astro
CEBPB,YA,129,12.7804823631299,Astro
CEBPB,YA,150,11.314278245906,Astro
CEBPB,YA,-178,10.716963070274,Astro
CEBPB,YA,-176,10.7370641033889,Astro
CEBPB,YA,46,12.5159507775177,Astro
CEBPB,YA,-11,9.57825630758628,Astro
CEBPB,YA,58,12.7958984774558,Astro
CEBPB,YA,-16,10.1202479887518,Astro
CEBPB,YA,-156,10.1487812031235,Astro
CEBPB,YA,-86,11.8742820325768,Astro
CEBPB,YA,-74,12.8400662398931,Astro
TEAD4,YA,156,47.6368857768944,Astro
CEBPB,YA,-186,10.1953064931326,Astro
CEBPB,YA,112,11.4186185578773,Astro
CEBPB,YA,192,10.5873494299534,Astro
CEBPB,YA,-189,10.0493959682247,Astro
CEBPB,YA,105,11.7621873315356,Astro
CEBPB,YA,146,11.1635019630934,Astro
CEBPB,YA,-153,10.8661153619609,Astro
CEBPB,YA,-162,10.2510513889351,Astro
CEBPB,YA,-58,12.3475875489307,Astro
CEBPB,YA,-27,12.7575310643993,Astro
CEBPB,YA,41,12.7617870497898,Astro
CEBPB,YA,-50,11.8885718851054,Astro
CEBPB,YA,2,31.7468784394896,Astro
CEBPB,YA,-80,10.8339719840669,Astro
CEBPB,YA,164,10.0334505343197,Astro
CEBPB,YA,95,12.7236372841485,Astro
CEBPB,YA,-180,11.755670286106,Astro
CEBPB,YA,-32,12.7560024303026,Astro
CEBPB,YA,3,2.95754342189701,Astro
CEBPB,YA,122,10.0155426249171,Astro
CEBPB,YA,-147,9.38340147215579,Astro
CEBPB,YA,24,12.7490981262529,Astro
CEBPB,YA,-196,12.0861780373071,Astro
CEBPB,YA,-172,10.2210814668298,Astro
CEBPB,YA,-168,10.5816991760871,Astro
CEBPB,YA,62,10.8225886867543,Astro
CEBPB,YA,124,11.978570741988,Astro
CEBPB,YA,158,9.79589030447253,Astro
CEBPB,YA,47,12.0392421571193,Astro
CEBPB,YA,-5,3.47518662042254,Astro
CEBPB,YA,-130,9.12610949638605,Astro
CEBPB,YA,103,11.1626965113826,Astro
CEBPB,YA,-174,9.69651006037243,Astro
CEBPB,YA,-149,10.4598360882902,Astro
CEBPB,YA,156,10.7666594101685,Astro
CEBPB,YA,57,11.0530450434766,Astro
CEBPB,YA,-96,9.41914145117833,Astro
CEBPB,YA,-191,10.424135233445,Astro
CEBPB,YA,-22,11.9694836130151,Astro
CEBPB,YA,49,12.2669594509128,Astro
CEBPB,YA,5,9.52614578891921,Astro
CEBPB,YA,40,11.3030830933233,Astro
CEBPB,YA,153,10.9876921451676,Astro
CEBPB,YA,-193,9.39871147259471,Astro
CEBPB,YA,-17,10.0736212014112,Astro
CEBPB,YA,-117,9.91698129067361,Astro
CEBPB,YA,174,12.9234078831878,Astro
CEBPB,YA,-121,12.1130155956411,Astro
CEBPB,YA,4,3.08473318658295,Astro
CEBPB,YA,36,12.916001508602,Astro
CEBPB,YA,0,7.61681042630601,Astro
CEBPB,YA,-200,11.8116823354511,Astro
CEBPB,YA,1,2.54453209550779,Astro
CEBPB,YA,196,12.0660178362602,Astro
CEBPB,YA,-154,8.55849553103665,Astro
CEBPB,YA,186,12.057470101934,Astro
CEBPB,YA,-135,10.3987858113355,Astro
CEBPB,YA,-7,2.85527583657116,Astro
CEBPB,YA,-12,10.4286737132197,Astro
CEBPB,YA,-91,11.391880140265,Astro
CEBPB,YA,-161,8.73408040547574,Astro
CEBPB,YA,-184,9.47589022675709,Astro
CEBPB,YA,-175,10.167167956527,Astro
CEBPB,YA,-93,10.4832211434568,Astro
NFKB1,HA,-198,80.9487555571707,Astro
NFKB1,HA,-196,78.7570269868143,Astro
NFKB1,HA,-190,79.4593971170383,Astro
NFKB1,HA,-159,82.6046028619871,Astro
NFKB1,HA,-8,108.981303494498,Astro
NFKB1,HA,35,89.1335115447425,Astro
NFKB1,HA,85,87.197723425431,Astro
NFKB1,HA,114,92.3565799270223,Astro
NFKB1,HA,139,90.7788934527146,Astro
NFKB1,HA,145,97.4342299104978,Astro
NFKB1,HA,158,87.3156694211969,Astro
NFKB1,HA,163,92.081665332112,Astro
NFKB1,HA,182,86.0786684323156,Astro
NFKB1,HA,186,86.5747891618012,Astro
NFKB1,HA,191,88.6945526396386,Astro
TEAD1,HA,-170,44.7130343610684,Astro
TEAD4,HA,-170,46.0732854526412,Astro
TEAD1,HA,-113,47.8611383252138,Astro
TEAD4,HA,-113,46.7396988913177,Astro
TEAD1,HA,-107,48.9946039503137,Astro
TEAD4,HA,-107,48.0966245551342,Astro
CEBPB,HA,-198,11.0762463546027,Astro
TEAD1,HA,-69,48.2476230653711,Astro
TEAD4,HA,-69,47.6988979838493,Astro
CEBPB,HA,-160,11.6189322601518,Astro
TEAD1,HA,-68,49.5747447026643,Astro
TEAD4,HA,-68,46.1290053863377,Astro
CEBPB,HA,-159,9.9390006680729,Astro
TEAD1,HA,-21,51.6155925503052,Astro
TEAD4,HA,-21,50.4203776417623,Astro
CEBPB,HA,-112,11.4116787628885,Astro
TEAD1,HA,-13,63.149991265636,Astro
TEAD4,HA,-13,52.6251695331884,Astro
CEBPB,HA,-104,11.3988256583144,Astro
TEAD1,HA,11,65.2980427802498,Astro
TEAD4,HA,11,48.5665176363389,Astro
CEBPB,HA,-80,10.5555284374901,Astro
TEAD1,HA,93,50.1251723215589,Astro
TEAD4,HA,93,48.8965956513346,Astro
CEBPB,HA,2,33.6776412279341,Astro
TEAD1,HA,101,53.9876648012598,Astro
TEAD4,HA,101,51.8524019454627,Astro
CEBPB,HA,10,9.72398906295316,Astro
TEAD1,HA,112,50.6320608036938,Astro
TEAD4,HA,112,49.7193145742014,Astro
CEBPB,HA,21,12.4694521048486,Astro
TEAD1,HA,130,48.7529206409149,Astro
TEAD4,HA,130,47.0824114120288,Astro
CEBPB,HA,39,12.4176706088276,Astro
TEAD1,HA,134,50.7906775467362,Astro
TEAD4,HA,134,49.0127256425644,Astro
CEBPB,HA,43,13.0409705798079,Astro
TEAD1,HA,140,51.4388143166204,Astro
TEAD4,HA,140,48.5822346957041,Astro
CEBPB,HA,49,12.1272285190396,Astro
TEAD1,HA,149,51.1990729193123,Astro
TEAD4,HA,149,48.3378552840728,Astro
CEBPB,HA,58,12.4716124701742,Astro
TEAD1,HA,152,49.22559879855,Astro
TEAD4,HA,152,48.0392796715219,Astro
CEBPB,HA,61,12.8292696336276,Astro
TEAD1,HA,156,49.0120979008715,Astro
TEAD4,HA,156,47.9805001938212,Astro
CEBPB,HA,65,12.8352876996304,Astro
TEAD1,HA,159,51.3061198000634,Astro
TEAD4,HA,159,48.5765657313574,Astro
CEBPB,HA,68,11.5716487405495,Astro
TEAD1,HA,174,49.1469143543052,Astro
TEAD4,HA,174,48.0918077666306,Astro
CEBPB,HA,83,11.7961813770815,Astro
TEAD1,HA,175,49.5826329050368,Astro
TEAD4,HA,175,49.2587168068803,Astro
CEBPB,HA,84,11.5714378267305,Astro
TEAD1,HA,180,51.4527010015175,Astro
TEAD4,HA,180,50.0249787910248,Astro
CEBPB,HA,89,11.5936796727216,Astro
TEAD1,HA,185,51.8481627131584,Astro
TEAD4,HA,185,48.8138120122001,Astro
CEBPB,HA,94,12.0776515367466,Astro
TEAD1,HA,191,50.4538147404821,Astro
TEAD4,HA,191,47.8272115807316,Astro
CEBPB,HA,100,13.4076784487321,Astro
TEAD1,HA,199,50.3706159221292,Astro
TEAD4,HA,199,48.1052102613345,Astro
CEBPB,HA,108,10.5067230594158,Astro
CEBPB,HA,119,10.9310409266653,Astro
CEBPB,HA,121,11.8164394560108,Astro
CEBPB,HA,138,12.1705367048813,Astro
CEBPB,HA,139,11.5278067393885,Astro
CEBPB,HA,151,11.5784137315867,Astro
CEBPB,HA,161,13.2502435189776,Astro
CEBPB,HA,166,12.3871374881456,Astro
CEBPB,HA,180,12.5241028653507,Astro
CEBPB,HA,182,11.124714081799,Astro
CEBPB,HA,194,11.9716712883105,Astro
CEBPB,HA,199,13.2636336070628,Astro
CEBPB,HA,200,11.2747562560329,Astro
CEBPB,HA,-156,10.6955782023483,Astro
CEBPB,HA,12,10.1301342432371,Astro
CEBPB,HA,42,13.830108336339,Astro
CEBPB,HA,106,11.0145536620741,Astro
CEBPB,HA,113,14.1718485987717,Astro
CEBPB,HA,134,12.0768018391518,Astro
CEBPB,HA,152,12.1334398497672,Astro
CEBPB,HA,162,11.4392094748711,Astro
IRF1,HA,-198,332.885778855695,Astro
IRF1,HA,-195,330.063339628386,Astro
IRF1,HA,-171,311.856367872019,Astro
IRF1,HA,-169,313.513979349712,Astro
IRF1,HA,-167,315.976710502775,Astro
IRF1,HA,-142,356.801746854544,Astro
IRF1,HA,-141,355.718313474056,Astro
IRF1,HA,-138,352.667863975888,Astro
IRF1,HA,-126,351.10360602783,Astro
IRF1,HA,-107,350.492899133552,Astro
IRF1,HA,-106,346.923981549551,Astro
IRF1,HA,-98,345.843579635373,Astro
IRF1,HA,-95,351.889534415934,Astro
IRF1,HA,-92,353.828306651563,Astro
IRF1,HA,-79,357.904929443243,Astro
IRF1,HA,-78,360.563486099162,Astro
IRF1,HA,-66,364.952298524401,Astro
IRF1,HA,-29,412.732132523314,Astro
IRF1,HA,-28,425.870057807354,Astro
IRF1,HA,-15,211.846858332234,Astro
IRF1,HA,-14,201.360308129098,Astro
IRF1,HA,-8,110.123243163213,Astro
IRF1,HA,-7,66.617541956283,Astro
IRF1,HA,2,100.46248952184,Astro
IRF1,HA,7,97.7974859665867,Astro
IRF1,HA,25,429.099894615126,Astro
IRF1,HA,28,425.479739988529,Astro
IRF1,HA,34,432.647833734282,Astro
IRF1,HA,40,447.92275242152,Astro
IRF1,HA,42,439.841799481528,Astro
IRF1,HA,54,427.458721967015,Astro
IRF1,HA,65,386.853503527167,Astro
IRF1,HA,71,381.242785354604,Astro
IRF1,HA,81,379.013888160066,Astro
IRF1,HA,83,381.074366099263,Astro
IRF1,HA,87,380.143959127761,Astro
IRF1,HA,102,391.494257188835,Astro
IRF1,HA,115,398.546670623446,Astro
IRF1,HA,129,398.49096592114,Astro
IRF1,HA,-199,335.206929163774,Astro
IRF1,HA,-136,362.396138435408,Astro
IRF1,HA,-72,362.045066752995,Astro
IRF1,HA,-30,421.875793855178,Astro
IRF1,HA,43,428.790668258748,Astro
IRF1,HA,52,410.616915092879,Astro
IRF1,HA,69,389.559575623279,Astro
IRF1,HA,72,384.05449670151,Astro
IRF1,HA,91,386.799187117832,Astro
IRF1,HA,94,383.540035235552,Astro
IRF1,HA,97,381.623894418415,Astro
IRF1,HA,99,382.664270409407,Astro
IRF1,HA,117,405.893660132248,Astro
IRF1,HA,118,400.279768571151,Astro
IRF1,HA,125,400.68908073134,Astro
IRF1,HA,188,385.322240968225,Astro
RELA,HA,-164,61.3102430918166,Astro
RELA,HA,-107,65.9732273605768,Astro
RELA,HA,-37,67.4515360768867,Astro
RELA,HA,36,68.5208615809678,Astro
RELA,HA,85,69.7920197990981,Astro
RELA,HA,141,64.5493613361215,Astro
RELA,HA,-197,58.2646872768569,Astro
RELA,HA,-22,76.3805433281298,Astro
IRF1,HA,-129,354.013906952067,Astro
RELA,HA,46,67.9338475425468,Astro
IRF1,HA,-61,381.908680504704,Astro
RELA,HA,54,67.3993751818395,Astro
IRF1,HA,-53,397.817158168729,Astro
IRF1,HA,143,404.141122518429,Astro
TEAD4,HA,-79,47.5259228760724,Astro
TEAD4,HA,-42,49.9204080284343,Astro
TEAD4,HA,-34,51.5183986171261,Astro
TEAD4,HA,-26,45.7092664934489,Astro
STAT3,HA,-147,92.1756612312595,Astro
STAT3,HA,-126,96.6791279171749,Astro
STAT3,HA,181,98.8222420707083,Astro
NFKB1,HA,-171,81.8426525124802,Astro
NFKB1,HA,-107,84.9605144160646,Astro
NFKB1,HA,-6,148.904217722821,Astro
NFKB1,HA,0,68.8986896189744,Astro
NFKB1,HA,55,90.0768383655047,Astro
NFKB1,HA,87,91.514676814652,Astro
NFKB1,HA,90,88.4750297464037,Astro
NFKB1,HA,123,83.5585949151899,Astro
NFKB1,HA,148,90.5934578232856,Astro
NFKB1,HA,175,87.4305746902228,Astro
STAT3,HA,-198,89.2337255742239,Astro
STAT3,HA,-185,92.9592947851512,Astro
STAT3,HA,-174,89.5093384869234,Astro
STAT3,HA,-168,91.4169913998026,Astro
STAT3,HA,-146,92.3509194698888,Astro
STAT3,HA,-132,92.810603840069,Astro
STAT3,HA,-127,92.2795421449552,Astro
STAT3,HA,-122,93.6202545527681,Astro
STAT3,HA,-111,94.2796520015354,Astro
STAT3,HA,-106,97.4619764825809,Astro
STAT3,HA,-104,97.4756272162663,Astro
STAT3,HA,-101,95.5675251583663,Astro
STAT3,HA,-68,102.774378945226,Astro
STAT3,HA,-52,102.215499382116,Astro
STAT3,HA,-49,102.777341104725,Astro
STAT3,HA,-47,105.271788569347,Astro
STAT3,HA,-43,102.182843369248,Astro
STAT3,HA,-40,102.635373567216,Astro
STAT3,HA,-17,113.61766497375,Astro
STAT3,HA,-4,30.4408022086566,Astro
STAT3,HA,-2,195.302426421693,Astro
STAT3,HA,17,118.545025884662,Astro
STAT3,HA,28,107.168043989575,Astro
STAT3,HA,35,110.796059749809,Astro
STAT3,HA,37,106.245045653391,Astro
STAT3,HA,38,107.632943233434,Astro
STAT3,HA,43,111.043072253701,Astro
STAT3,HA,48,104.52732735941,Astro
STAT3,HA,49,104.301999003874,Astro
STAT3,HA,67,102.030098428493,Astro
STAT3,HA,76,103.775551690937,Astro
STAT3,HA,86,103.813118732884,Astro
STAT3,HA,93,100.401731837952,Astro
STAT3,HA,101,106.500376458511,Astro
STAT3,HA,106,102.89984324908,Astro
STAT3,HA,136,100.576695932666,Astro
STAT3,HA,145,100.477898114337,Astro
STAT3,HA,148,95.372639529286,Astro
STAT3,HA,151,99.1907277758746,Astro
STAT3,HA,153,96.7500910427229,Astro
STAT3,HA,174,97.7473259275937,Astro
STAT3,HA,180,96.6629567446254,Astro
STAT3,HA,198,98.9086326927875,Astro
NFKB1,HA,-199,79.3660604617119,Astro
NFKB1,HA,-193,84.7798787925057,Astro
NFKB1,HA,-166,86.9912651260524,Astro
NFKB1,HA,-165,88.2638040936478,Astro
NFKB1,HA,-154,85.5547295144745,Astro
NFKB1,HA,-148,89.962218809342,Astro
NFKB1,HA,-125,85.2021102954231,Astro
NFKB1,HA,-123,83.3591209094232,Astro
NFKB1,HA,-110,81.8216363226978,Astro
NFKB1,HA,-90,88.3866919520991,Astro
NFKB1,HA,-86,87.7850555862648,Astro
NFKB1,HA,-71,88.0248251362089,Astro
NFKB1,HA,-69,80.866199164624,Astro
NFKB1,HA,-63,81.7724219231334,Astro
NFKB1,HA,-62,86.2772584434951,Astro
NFKB1,HA,-52,84.9801376030147,Astro
NFKB1,HA,-48,80.3751503497701,Astro
NFKB1,HA,-46,75.7645932026619,Astro
NFKB1,HA,-36,75.6386222631994,Astro
NFKB1,HA,-27,76.9586851871685,Astro
NFKB1,HA,-26,81.0977317471823,Astro
NFKB1,HA,-25,80.3118038570976,Astro
NFKB1,HA,-22,91.4371665309201,Astro
NFKB1,HA,-10,43.8279853052007,Astro
NFKB1,HA,-9,82.2760394055206,Astro
NFKB1,HA,-7,179.910909371344,Astro
NFKB1,HA,-5,73.2356759222825,Astro
NFKB1,HA,5,174.714123689968,Astro
NFKB1,HA,11,73.8501638602321,Astro
NFKB1,HA,28,78.3477062594603,Astro
NFKB1,HA,54,92.5705948618574,Astro
NFKB1,HA,58,84.1669671683082,Astro
NFKB1,HA,63,81.4619502447428,Astro
NFKB1,HA,77,93.7690006849217,Astro
NFKB1,HA,88,90.9004300605785,Astro
NFKB1,HA,113,85.4767472171228,Astro
NFKB1,HA,130,91.7770585218333,Astro
NFKB1,HA,132,89.0251715742535,Astro
NFKB1,HA,137,95.3794653079219,Astro
NFKB1,HA,149,94.0009773076174,Astro
NFKB1,HA,-186,80.2117407366346,Astro
NFKB1,HA,-169,81.7443730740899,Astro
NFKB1,HA,-167,86.4183790240869,Astro
NFKB1,HA,-162,84.689125602509,Astro
NFKB1,HA,-129,80.9877940570031,Astro
NFKB1,HA,-126,85.0510787832456,Astro
NFKB1,HA,-118,86.6327016000121,Astro
NFKB1,HA,-96,88.8547217590674,Astro
NFKB1,HA,-95,82.7246120949829,Astro
NFKB1,HA,-91,88.1212567938666,Astro
NFKB1,HA,-84,81.0006913116399,Astro
NFKB1,HA,-81,94.0195398308929,Astro
NFKB1,HA,-79,88.2644520764798,Astro
NFKB1,HA,-70,78.7245747974358,Astro
NFKB1,HA,-59,76.2294170646335,Astro
NFKB1,HA,-44,86.1955017809584,Astro
NFKB1,HA,-41,95.5174787164581,Astro
NFKB1,HA,-31,78.1005387741097,Astro
NFKB1,HA,12,87.4655122972234,Astro
NFKB1,HA,17,74.6029133680368,Astro
NFKB1,HA,22,77.4800082207958,Astro
NFKB1,HA,33,83.7684073061698,Astro
NFKB1,HA,48,89.4595311363524,Astro
NFKB1,HA,78,85.3677698533898,Astro
NFKB1,HA,84,86.6976648434943,Astro
NFKB1,HA,115,85.7344940035902,Astro
NFKB1,HA,125,89.1077153735194,Astro
NFKB1,HA,126,89.4256131366175,Astro
NFKB1,HA,128,89.2596224261449,Astro
NFKB1,HA,131,90.8145996830065,Astro
NFKB1,HA,138,93.1477343941035,Astro
NFKB1,HA,153,89.9826103840429,Astro
NFKB1,HA,155,90.3282165706016,Astro
NFKB1,HA,157,91.9199425316047,Astro
NFKB1,HA,160,89.5583102846274,Astro
NFKB1,HA,194,87.7693020758923,Astro
NFKB1,HA,199,86.5082267086128,Astro
NFKB1,HA,-200,84.6193873016421,Astro
NFKB1,HA,-197,75.6030355350096,Astro
NFKB1,HA,-194,81.5816663492421,Astro
NFKB1,HA,-187,81.8080983667822,Astro
NFKB1,HA,-160,83.5013156708986,Astro
NFKB1,HA,-155,85.3081176564584,Astro
NFKB1,HA,-151,85.5719994790613,Astro
NFKB1,HA,-146,83.3454184789995,Astro
NFKB1,HA,-145,89.9275779036498,Astro
NFKB1,HA,-128,87.7891649646558,Astro
NFKB1,HA,-114,84.7385680584619,Astro
NFKB1,HA,-113,85.1786431960611,Astro
NFKB1,HA,-111,88.324898620714,Astro
NFKB1,HA,-108,79.5302048696625,Astro
NFKB1,HA,-103,86.2917218709955,Astro
NFKB1,HA,-60,80.3270178465482,Astro
NFKB1,HA,-55,87.3299721807257,Astro
NFKB1,HA,-45,81.9580107314707,Astro
NFKB1,HA,-43,89.1514741311087,Astro
NFKB1,HA,-33,79.9753992580056,Astro
NFKB1,HA,2,37.4710698613155,Astro
NFKB1,HA,4,148.146422018681,Astro
NFKB1,HA,6,114.736862749185,Astro
NFKB1,HA,13,70.4478835876651,Astro
NFKB1,HA,14,95.1459949937291,Astro
NFKB1,HA,42,83.724867921533,Astro
NFKB1,HA,59,87.6292329118749,Astro
NFKB1,HA,76,85.5542051508098,Astro
NFKB1,HA,82,80.9104303797789,Astro
NFKB1,HA,86,90.7668269505054,Astro
NFKB1,HA,92,87.815286404524,Astro
NFKB1,HA,95,89.3480473161797,Astro
NFKB1,HA,96,93.5652865542458,Astro
NFKB1,HA,100,92.7078126688689,Astro
NFKB1,HA,108,88.2341679685131,Astro
NFKB1,HA,118,85.1526483429457,Astro
NFKB1,HA,127,89.773686040555,Astro
NFKB1,HA,136,90.5640369976033,Astro
NFKB1,HA,141,87.1046812631719,Astro
NFKB1,HA,162,92.1195662437176,Astro
NFKB1,HA,164,91.1268598668678,Astro
NFKB1,HA,171,91.3584917540239,Astro
NFKB1,HA,172,91.0064891203826,Astro
NFKB1,HA,174,87.7964618507372,Astro
NFKB1,HA,179,83.6772536155566,Astro
NFKB1,HA,184,88.8006235838004,Astro
NFKB1,HA,188,86.7728072531763,Astro
RELA,HA,-199,59.1903196122418,Astro
RELA,HA,-186,61.3398136128858,Astro
RELA,HA,-167,58.8761750975032,Astro
NFKB1,HA,-168,82.7069458193848,Astro
RELA,HA,-166,64.2704451136213,Astro
RELA,HA,-143,62.3119323647817,Astro
NFKB1,HA,-144,90.2199717674645,Astro
RELA,HA,-123,66.6269628582945,Astro
NFKB1,HA,-124,80.8755371721999,Astro
RELA,HA,-114,64.6207094982964,Astro
NFKB1,HA,-115,79.5109246908848,Astro
RELA,HA,-111,65.5990840121357,Astro
NFKB1,HA,-112,89.53445706094,Astro
RELA,HA,-104,66.1522452957813,Astro
NFKB1,HA,-105,81.5869332352803,Astro
RELA,HA,-103,64.5697064095787,Astro
NFKB1,HA,-104,82.0215802610558,Astro
RELA,HA,-97,66.6527758675312,Astro
NFKB1,HA,-98,87.1093957667057,Astro
RELA,HA,-92,67.8920242823078,Astro
NFKB1,HA,-93,85.0264634416118,Astro
RELA,HA,-87,65.395179199282,Astro
NFKB1,HA,-88,87.6588915093844,Astro
RELA,HA,-71,67.4572022029883,Astro
NFKB1,HA,-72,91.2669309480605,Astro
RELA,HA,-66,63.725362078848,Astro
NFKB1,HA,-67,82.1438945027385,Astro
RELA,HA,-56,63.9679699063784,Astro
NFKB1,HA,-57,88.7462954775918,Astro
RELA,HA,-53,68.410920205198,Astro
NFKB1,HA,-54,86.2504929272368,Astro
RELA,HA,-46,66.4366183073046,Astro
NFKB1,HA,-47,82.345107793161,Astro
RELA,HA,-26,66.6944309625427,Astro
RELA,HA,-21,76.1656916741617,Astro
RELA,HA,-17,72.209599840709,Astro
NFKB1,HA,-18,69.4140488787103,Astro
RELA,HA,-16,73.7306035479882,Astro
NFKB1,HA,-17,81.107243675699,Astro
RELA,HA,-9,32.4845270145963,Astro
RELA,HA,-7,66.9232976720442,Astro
RELA,HA,-6,98.5719464702751,Astro
RELA,HA,-2,29.4552888412419,Astro
NFKB1,HA,-3,37.0042470827424,Astro
RELA,HA,5,95.9847144465012,Astro
RELA,HA,6,68.9351976476179,Astro
RELA,HA,17,68.0467804414603,Astro
NFKB1,HA,16,71.3305668832881,Astro
RELA,HA,23,75.7857031784241,Astro
RELA,HA,28,68.4035769661638,Astro
NFKB1,HA,27,73.328309784895,Astro
RELA,HA,42,65.0793444577122,Astro
NFKB1,HA,41,84.9881373136981,Astro
RELA,HA,49,69.6992061049157,Astro
RELA,HA,50,67.6758243157972,Astro
NFKB1,HA,49,84.4730632372399,Astro
RELA,HA,51,67.1494895324944,Astro
NFKB1,HA,50,87.4416933647794,Astro
RELA,HA,60,71.3335282187824,Astro
RELA,HA,61,69.3533716026897,Astro
NFKB1,HA,60,92.8829662344853,Astro
RELA,HA,65,69.5437479051978,Astro
NFKB1,HA,64,90.1798131481331,Astro
RELA,HA,69,72.7373301728339,Astro
NFKB1,HA,68,81.4959411410555,Astro
RELA,HA,74,66.3594073244254,Astro
NFKB1,HA,73,80.2799963789746,Astro
RELA,HA,75,64.2673669190036,Astro
NFKB1,HA,74,79.8128695132087,Astro
RELA,HA,82,63.3626979547447,Astro
NFKB1,HA,81,91.5868548202799,Astro
RELA,HA,83,64.4517334411889,Astro
RELA,HA,90,69.1980705181707,Astro
NFKB1,HA,89,90.3619811657225,Astro
RELA,HA,98,67.0994037621102,Astro
NFKB1,HA,97,86.0449334729437,Astro
RELA,HA,102,68.0978099479996,Astro
NFKB1,HA,101,94.2249876520711,Astro
RELA,HA,108,70.8603305082784,Astro
NFKB1,HA,107,89.0219021362873,Astro
RELA,HA,112,65.7254716310681,Astro
NFKB1,HA,111,85.4605628875253,Astro
RELA,HA,139,69.3609599531534,Astro
RELA,HA,144,69.4808759536168,Astro
NFKB1,HA,143,92.4974372382846,Astro
RELA,HA,155,68.7191665755214,Astro
NFKB1,HA,154,91.0138660291321,Astro
RELA,HA,156,70.036714138367,Astro
RELA,HA,159,67.2384120427664,Astro
RELA,HA,161,66.7108279161405,Astro
RELA,HA,167,66.0656844689631,Astro
NFKB1,HA,166,93.4003875396753,Astro
RELA,HA,169,65.3550137844684,Astro
NFKB1,HA,168,90.2136413638995,Astro
RELA,HA,174,65.9083728791691,Astro
NFKB1,HA,173,85.6814441282462,Astro
RELA,HA,184,63.4477947375091,Astro
NFKB1,HA,183,84.3835043750986,Astro
RELA,HA,190,64.7695628701462,Astro
NFKB1,HA,189,88.6667903716779,Astro
RELA,HA,194,67.0364251951298,Astro
NFKB1,HA,193,83.0875523568192,Astro
RELA,HA,195,63.8846119192128,Astro
RELA,HA,200,63.5353465079122,Astro
RELA,HA,-200,60.7920728390442,Astro
RELA,HA,-194,60.9225260977351,Astro
RELA,HA,-184,60.1763448795121,Astro
RELA,HA,-176,62.2957480866448,Astro
RELA,HA,-160,63.1913383262607,Astro
RELA,HA,-196,58.8829977312289,Astro
RELA,HA,-132,63.7783788571301,Astro
RELA,HA,-168,61.5130812309693,Astro
RELA,HA,-117,65.5757637485679,Astro
RELA,HA,-153,61.2959568676971,Astro
RELA,HA,-192,60.2863490434591,Astro
RELA,HA,-116,65.8851482117068,Astro
RELA,HA,-152,62.6871063880206,Astro
RELA,HA,-191,59.8541328430172,Astro
RELA,HA,-88,64.8753904842497,Astro
RELA,HA,-124,66.7095856523242,Astro
RELA,HA,-163,59.6892069467984,Astro
RELA,HA,-76,65.0579036027768,Astro
RELA,HA,-112,67.1527961179474,Astro
RELA,HA,-151,61.8132942654332,Astro
RELA,HA,-69,68.5723311516942,Astro
RELA,HA,-105,65.3680532715978,Astro
RELA,HA,-144,62.9333159120879,Astro
RELA,HA,-65,68.4560144568839,Astro
RELA,HA,-101,65.3752282240163,Astro
RELA,HA,-140,66.6735910493388,Astro
RELA,HA,-58,71.1155416098461,Astro
RELA,HA,-94,68.5209482882809,Astro
RELA,HA,-133,67.3803065100188,Astro
RELA,HA,-45,64.87913093223,Astro
RELA,HA,-81,72.7987304524989,Astro
RELA,HA,-120,66.3792888507935,Astro
RELA,HA,-42,69.4484348435625,Astro
RELA,HA,-78,65.9898405212346,Astro
RELA,HA,-24,70.9911821471694,Astro
RELA,HA,-60,68.5971706815576,Astro
RELA,HA,-99,67.9925630679406,Astro
RELA,HA,-84,66.8033624276772,Astro
RELA,HA,-193,60.1982769091713,Astro
RELA,HA,-8,45.0493546824422,Astro
RELA,HA,-44,65.4949652272484,Astro
RELA,HA,-83,67.5017320114321,Astro
RELA,HA,7,44.0017855256937,Astro
RELA,HA,-29,69.4166364751233,Astro
RELA,HA,-68,71.4669769410399,Astro
RELA,HA,-177,63.6614862549068,Astro
RELA,HA,12,88.5816237414458,Astro
RELA,HA,-63,66.8122971813612,Astro
RELA,HA,-172,61.767847472039,Astro
RELA,HA,27,68.4530643236518,Astro
RELA,HA,-48,71.5281771923674,Astro
RELA,HA,-157,62.3847807853997,Astro
RELA,HA,-47,67.9340635696249,Astro
RELA,HA,-156,65.4995913044838,Astro
RELA,HA,40,70.3929917123383,Astro
RELA,HA,4,92.5649011193632,Astro
RELA,HA,-35,66.8850732214377,Astro
RELA,HA,48,68.6386790903155,Astro
RELA,HA,-27,70.3437385302167,Astro
RELA,HA,-136,62.4594914407056,Astro
RELA,HA,15,71.3022834520239,Astro
RELA,HA,63,67.611126540564,Astro
RELA,HA,-12,74.1480855476424,Astro
RELA,HA,-121,67.5112932929322,Astro
RELA,HA,86,68.940757223812,Astro
RELA,HA,11,76.689818539982,Astro
RELA,HA,-98,67.5260019926776,Astro
RELA,HA,66,66.8040198931901,Astro
RELA,HA,-82,68.7596264397421,Astro
RELA,HA,127,70.0768114561144,Astro
RELA,HA,91,69.7874137564957,Astro
RELA,HA,52,64.8340133025783,Astro
RELA,HA,-57,66.8281009416515,Astro
RELA,HA,137,72.3173022571096,Astro
RELA,HA,101,70.0283047584314,Astro
RELA,HA,62,70.2331247880654,Astro
RELA,HA,138,70.1121909398004,Astro
RELA,HA,150,67.0973349978117,Astro
RELA,HA,114,64.1645519109969,Astro
RELA,HA,-34,68.841991918047,Astro
RELA,HA,131,64.7599470132763,Astro
RELA,HA,92,70.8232199447153,Astro
RELA,HA,168,64.7212608105454,Astro
RELA,HA,132,66.7251962622488,Astro
RELA,HA,93,69.7615706167338,Astro
RELA,HA,189,63.6820575382378,Astro
RELA,HA,153,69.950683259057,Astro
RELA,HA,193,63.2790748157071,Astro
RELA,HA,157,67.2637842302892,Astro
RELA,HA,118,68.6129621345374,Astro
RELA,HA,9,41.9530110042789,Astro
RELA,HA,191,65.1372643508091,Astro
RELA,HA,152,69.1421585569954,Astro
RELA,HA,43,68.5462142531804,Astro
RELA,HA,163,65.9922488943284,Astro
RELA,HA,58,69.5631016004304,Astro
RELA,HA,175,66.8131913041483,Astro
RELA,HA,181,61.964913155854,Astro
RELA,HA,72,71.0348859946379,Astro
RELA,HA,183,63.6219362201357,Astro
RELA,HA,197,64.2971014481212,Astro
RELA,HA,88,68.7249996757607,Astro
RELA,HA,94,71.9060656755976,Astro
RELA,HA,97,69.7608974041385,Astro
RELA,HA,103,62.425332423227,Astro
RELA,HA,110,69.6135051135472,Astro
RELA,HA,111,69.0815491729003,Astro
RELA,HA,136,67.6249779655329,Astro
RELA,HA,142,69.1930473886755,Astro
RELA,HA,148,69.030371700422,Astro
RELA,HA,165,65.6481825557147,Astro
RELA,HA,173,67.9191038022073,Astro
RELA,HA,178,64.9438105652584,Astro
RELA,HA,188,65.4924014712831,Astro
RELA,HA,196,65.1012631588193,Astro
NFKB1,HA,-188,80.8793628913755,Astro
NFKB1,HA,-174,84.9279382601481,Astro
NFKB1,HA,-136,81.2479185682763,Astro
NFKB1,HA,-131,84.0264576831777,Astro
NFKB1,HA,-99,82.8047566337857,Astro
NFKB1,HA,-42,98.4747901625884,Astro
NFKB1,HA,-37,84.6814579230231,Astro
NFKB1,HA,-30,79.8717811687449,Astro
NFKB1,HA,7,83.8428402551303,Astro
NFKB1,HA,29,80.6825746915128,Astro
NFKB1,HA,30,86.1268897565588,Astro
NFKB1,HA,53,88.3877391267449,Astro
NFKB1,HA,66,82.5447076486809,Astro
NFKB1,HA,71,90.9017029713388,Astro
NFKB1,HA,105,86.961596381176,Astro
NFKB1,HA,129,86.5117737287102,Astro
NFKB1,HA,167,88.4290156370578,Astro
NFKB1,HA,169,90.2533404302025,Astro
NFKB1,HA,170,93.6069611969945,Astro
NFKB1,HA,180,88.165679777186,Astro
NFKB1,HA,-157,87.0047473703097,Astro
NFKB1,HA,-117,82.2345631505666,Astro
NFKB1,HA,-109,83.1257360061932,Astro
NFKB1,HA,9,83.9573096364005,Astro
NFKB1,HA,26,82.4363840518475,Astro
NFKB1,HA,32,89.3036041134146,Astro
NFKB1,HA,36,74.8308904492163,Astro
NFKB1,HA,65,78.762236116793,Astro
NFKB1,HA,103,82.2200714347004,Astro
NFKB1,HA,152,91.3410295344609,Astro
NFKB1,HA,178,87.776668884805,Astro
NFKB1,HA,192,89.5497140147059,Astro
NFKB1,HA,195,84.5331824348175,Astro
RELA,HA,-198,57.6765286306476,Astro
RELA,HA,-188,62.5960828811938,Astro
RELA,HA,-183,62.4315294866327,Astro
RELA,HA,-181,61.0460094761201,Astro
RELA,HA,-178,62.1350439307568,Astro
RELA,HA,-173,61.6348917588529,Astro
RELA,HA,-159,64.0026648683614,Astro
RELA,HA,-158,62.406333209664,Astro
RELA,HA,-154,61.7693245862598,Astro
RELA,HA,-142,65.7264505211662,Astro
RELA,HA,-141,63.4523021102854,Astro
RELA,HA,-137,63.9178891083948,Astro
RELA,HA,-128,67.951284082683,Astro
RELA,HA,-126,64.1042669398134,Astro
RELA,HA,-109,67.5103844261229,Astro
RELA,HA,-102,68.3684948597399,Astro
RELA,HA,-85,65.2295561327356,Astro
RELA,HA,-79,65.814344541782,Astro
RELA,HA,-74,67.8805449263167,Astro
RELA,HA,-70,69.2548240356618,Astro
RELA,HA,-40,69.6858907437795,Astro
RELA,HA,-28,68.7302937751124,Astro
RELA,HA,-20,74.9910766649294,Astro
RELA,HA,-15,78.7078236944658,Astro
RELA,HA,2,24.0173133470366,Astro
RELA,HA,20,73.9560479094181,Astro
RELA,HA,22,76.47068905172,Astro
RELA,HA,30,73.9922821751525,Astro
RELA,HA,37,66.4659317198221,Astro
RELA,HA,38,69.5407926168441,Astro
RELA,HA,68,69.3675432445648,Astro
RELA,HA,77,68.3027825628383,Astro
RELA,HA,79,68.3029834398304,Astro
RELA,HA,89,65.0864229458843,Astro
RELA,HA,99,66.4909165766066,Astro
RELA,HA,106,68.4554904526539,Astro
RELA,HA,109,70.5813103451616,Astro
RELA,HA,116,63.9684547748876,Astro
RELA,HA,129,67.53527114453,Astro
RELA,HA,134,64.0384793090264,Astro
RELA,HA,140,70.9214551541716,Astro
RELA,HA,147,68.0496577372372,Astro
RELA,HA,149,68.5389878028524,Astro
RELA,HA,154,69.8328471916957,Astro
RELA,HA,158,68.099049144251,Astro
RELA,HA,160,67.7299685911869,Astro
RELA,HA,177,65.6590291342826,Astro
RELA,HA,180,66.2414583953426,Astro
RELA,HA,182,66.7145102409482,Astro
RELA,HA,192,60.86704720038,Astro
RELA,HA,199,64.5516872993623,Astro
RELA,HA,-195,59.2508121464476,Astro
RELA,HA,-180,62.0364159913618,Astro
RELA,HA,-162,61.2074148306746,Astro
RELA,HA,-130,63.9744021347607,Astro
RELA,HA,-125,64.9689511856807,Astro
RELA,HA,-115,65.2185777919542,Astro
RELA,HA,-89,65.8555553105728,Astro
RELA,HA,-75,65.5241481470462,Astro
RELA,HA,-73,71.7234822789505,Astro
RELA,HA,-72,68.3083335271276,Astro
RELA,HA,-67,65.5324981361068,Astro
RELA,HA,-64,67.4901344338487,Astro
RELA,HA,-61,67.4111239361656,Astro
RELA,HA,-59,69.0503967636956,Astro
RELA,HA,-54,66.2080666467933,Astro
RELA,HA,-52,68.5931528917143,Astro
RELA,HA,-51,65.7374864524638,Astro
RELA,HA,-49,68.4588756830531,Astro
RELA,HA,-41,67.6060078942617,Astro
RELA,HA,-39,69.0178481723864,Astro
RELA,HA,-31,71.4780692521671,Astro
RELA,HA,-30,73.2455404876613,Astro
RELA,HA,-23,76.6748719633807,Astro
RELA,HA,-10,42.1853540320726,Astro
RELA,HA,13,73.201440979479,Astro
RELA,HA,19,72.0385444246046,Astro
RELA,HA,21,76.4670360754004,Astro
RELA,HA,24,70.4331287883041,Astro
RELA,HA,34,68.7599041460547,Astro
RELA,HA,39,69.1595519383147,Astro
RELA,HA,41,72.6960909874977,Astro
RELA,HA,44,66.5163088171724,Astro
RELA,HA,45,68.811459069184,Astro
RELA,HA,47,68.2845708580863,Astro
RELA,HA,55,69.489062420443,Astro
RELA,HA,56,68.0265990611284,Astro
RELA,HA,57,69.6892877426107,Astro
RELA,HA,73,68.6264155540707,Astro
RELA,HA,78,66.4077448469379,Astro
RELA,HA,84,66.0763384346442,Astro
RELA,HA,125,69.070650891443,Astro
RELA,HA,170,66.3224628725587,Astro
RELA,HA,179,65.1602627893225,Astro
TEAD4,HA,-199,43.9994490048115,Astro
TEAD4,HA,-194,44.3670253769156,Astro
TEAD4,HA,-193,45.4511160779095,Astro
TEAD4,HA,-175,44.1381861157568,Astro
TEAD4,HA,-174,43.9488928038934,Astro
TEAD4,HA,-169,46.2241988506999,Astro
TEAD4,HA,-159,43.2850330440685,Astro
TEAD4,HA,-152,44.7217470124302,Astro
TEAD4,HA,-148,44.9736092625966,Astro
TEAD4,HA,-147,44.5889752052833,Astro
TEAD4,HA,-142,45.2964766238495,Astro
TEAD4,HA,-128,49.1920603864568,Astro
TEAD4,HA,-98,49.4234338700345,Astro
TEAD4,HA,-92,45.6844707746283,Astro
TEAD4,HA,-86,48.4802633351162,Astro
TEAD4,HA,-85,47.3088937268711,Astro
TEAD4,HA,-77,47.6224347667111,Astro
TEAD4,HA,-70,46.5463406483554,Astro
TEAD4,HA,-64,48.4178049476764,Astro
TEAD4,HA,-59,45.7097521622653,Astro
TEAD4,HA,-51,47.3061635241473,Astro
TEAD4,HA,-33,49.2030451186294,Astro
TEAD4,HA,-23,53.2115259959189,Astro
TEAD4,HA,3,89.1622360809939,Astro
TEAD4,HA,13,55.5829876687747,Astro
TEAD4,HA,16,49.9790602748427,Astro
TEAD4,HA,18,51.2300962646386,Astro
TEAD4,HA,46,50.2768181404892,Astro
TEAD4,HA,53,49.7968428995105,Astro
TEAD4,HA,62,51.0092584049483,Astro
TEAD4,HA,64,48.9378242608618,Astro
TEAD4,HA,73,50.1091296585964,Astro
TEAD4,HA,85,52.0216780112805,Astro
TEAD4,HA,107,50.6867219523408,Astro
TEAD4,HA,119,50.3835335674054,Astro
TEAD4,HA,132,48.6396559221274,Astro
TEAD4,HA,147,50.5267753778204,Astro
TEAD4,HA,160,48.9819304536636,Astro
IRF1,HA,-190,323.87502862499,Astro
IRF1,HA,-189,324.758416370285,Astro
IRF1,HA,-178,313.508017231504,Astro
IRF1,HA,-175,310.989565590718,Astro
IRF1,HA,-172,309.874842394467,Astro
IRF1,HA,-170,312.710298542436,Astro
IRF1,HA,-158,329.200156482417,Astro
IRF1,HA,-156,335.931227350916,Astro
IRF1,HA,-116,358.051029939722,Astro
IRF1,HA,-111,358.58657653901,Astro
TEAD1,HA,-165,46.080031961655,Astro
TEAD4,HA,-165,45.128882827816,Astro
IRF1,HA,-110,359.088706342354,Astro
TEAD1,HA,-164,45.7157872042689,Astro
TEAD4,HA,-164,43.6720325345629,Astro
TEAD1,HA,-160,45.749130730299,Astro
TEAD4,HA,-160,44.7393091180652,Astro
IRF1,HA,-91,351.669001839116,Astro
TEAD1,HA,-145,46.5691584536043,Astro
TEAD4,HA,-145,42.9649378921687,Astro
IRF1,HA,-56,380.18812744797,Astro
TEAD1,HA,-110,47.3634660508496,Astro
TEAD4,HA,-110,46.9596445787637,Astro
IRF1,HA,-42,442.628589947201,Astro
TEAD1,HA,-96,48.9478356560024,Astro
TEAD4,HA,-96,49.1415099433231,Astro
IRF1,HA,-176,312.518161363594,Astro
IRF1,HA,-39,414.064460753891,Astro
TEAD1,HA,-93,48.9970881870896,Astro
TEAD4,HA,-93,50.6300482944723,Astro
IRF1,HA,-173,312.161889953369,Astro
IRF1,HA,-17,268.878875782075,Astro
TEAD1,HA,-71,49.2815487279585,Astro
TEAD4,HA,-71,49.1977268052855,Astro
IRF1,HA,-151,356.236526922367,Astro
IRF1,HA,8,187.212865879826,Astro
TEAD1,HA,-46,49.8582803138392,Astro
TEAD4,HA,-46,47.2736732939452,Astro
IRF1,HA,-194,325.301795943386,Astro
IRF1,HA,-200,335.321974017807,Astro
IRF1,HA,19,360.320979326805,Astro
TEAD1,HA,-35,52.4831749997841,Astro
TEAD4,HA,-35,47.2831482507134,Astro
IRF1,HA,-115,352.16141117287,Astro
IRF1,HA,-183,318.052804867892,Astro
IRF1,HA,29,431.045860746145,Astro
TEAD1,HA,-25,53.2926586383783,Astro
TEAD4,HA,-25,48.5188086987949,Astro
IRF1,HA,-105,357.365130411152,Astro
IRF1,HA,-179,315.667587941602,Astro
IRF1,HA,-185,318.716339025592,Astro
IRF1,HA,32,432.261508241029,Astro
TEAD1,HA,-22,50.2461694684912,Astro
TEAD4,HA,-22,51.1183455125977,Astro
IRF1,HA,-102,346.17431375821,Astro
IRF1,HA,-182,313.469088069692,Astro
TEAD1,HA,-20,48.6402084490925,Astro
TEAD4,HA,-20,47.0647643040941,Astro
IRF1,HA,-100,350.389755466641,Astro
IRF1,HA,-168,313.972351785198,Astro
IRF1,HA,-174,311.275888943325,Astro
IRF1,HA,-180,314.193880597734,Astro
IRF1,HA,37,424.366718058904,Astro
TEAD1,HA,-17,51.4759342856272,Astro
TEAD4,HA,-17,52.7477239435557,Astro
IRF1,HA,-97,346.020915544673,Astro
IRF1,HA,-165,322.593056360295,Astro
IRF1,HA,-177,313.361305787643,Astro
IRF1,HA,41,438.748642783716,Astro
IRF1,HA,-93,360.031158106108,Astro
IRF1,HA,-161,325.975437478278,Astro
IRF1,HA,50,414.131393091501,Astro
TEAD1,HA,-4,117.04561550414,Astro
TEAD4,HA,-4,89.8067099273339,Astro
IRF1,HA,-84,358.191105641996,Astro
IRF1,HA,-152,349.150105047529,Astro
IRF1,HA,-164,313.237492682111,Astro
TEAD1,HA,-2,20.7751170874907,Astro
TEAD4,HA,-2,39.0826618468582,Astro
IRF1,HA,-82,357.568908067439,Astro
IRF1,HA,-150,362.844769078656,Astro
IRF1,HA,-162,318.400144451471,Astro
IRF1,HA,-69,356.971830895165,Astro
IRF1,HA,-137,364.051054070888,Astro
IRF1,HA,-143,355.361947169893,Astro
IRF1,HA,-149,369.588818143946,Astro
IRF1,HA,67,379.712496953243,Astro
TEAD1,HA,13,61.5592078410928,Astro
IRF1,HA,-67,368.562817920497,Astro
IRF1,HA,-135,360.177287218076,Astro
IRF1,HA,-147,366.066303776646,Astro
IRF1,HA,79,384.37980602386,Astro
TEAD1,HA,25,53.3158709479135,Astro
TEAD4,HA,25,51.146369106475,Astro
IRF1,HA,-55,388.406524226875,Astro
IRF1,HA,-123,357.570016897735,Astro
TEAD1,HA,29,48.3709275310482,Astro
TEAD4,HA,29,48.600000890568,Astro
IRF1,HA,-51,403.261017481096,Astro
IRF1,HA,-119,368.777462239393,Astro
IRF1,HA,-125,352.744749042294,Astro
IRF1,HA,-131,353.819768321317,Astro
IRF1,HA,84,390.287024476316,Astro
TEAD1,HA,30,51.2117110446113,Astro
TEAD4,HA,30,47.7935353818492,Astro
IRF1,HA,-50,412.561325635047,Astro
IRF1,HA,-118,367.216160922271,Astro
IRF1,HA,-124,357.269298578836,Astro
IRF1,HA,-130,348.039087587559,Astro
TEAD1,HA,40,49.5002726849534,Astro
TEAD4,HA,40,46.0209791561801,Astro
IRF1,HA,-40,421.905420839797,Astro
IRF1,HA,-108,347.890390593369,Astro
IRF1,HA,-114,347.423970910537,Astro
IRF1,HA,-120,360.242671631855,Astro
IRF1,HA,95,381.284358565752,Astro
TEAD1,HA,41,52.9429302306961,Astro
TEAD4,HA,41,50.111142083594,Astro
IRF1,HA,-113,350.776875465082,Astro
IRF1,HA,96,412.983620693883,Astro
TEAD1,HA,42,52.1020979790731,Astro
TEAD4,HA,42,52.5195806224151,Astro
IRF1,HA,-38,425.341369942802,Astro
IRF1,HA,-112,359.191352861949,Astro
TEAD1,HA,45,50.8113531335359,Astro
TEAD4,HA,45,48.2770810644813,Astro
IRF1,HA,-35,425.887976491229,Astro
IRF1,HA,-103,350.981667171656,Astro
IRF1,HA,-109,365.302477052893,Astro
IRF1,HA,112,388.549521830752,Astro
TEAD1,HA,58,50.185130911694,Astro
TEAD4,HA,58,48.9873134738643,Astro
IRF1,HA,-22,373.863694704388,Astro
IRF1,HA,-90,350.3394604957,Astro
IRF1,HA,-96,347.152618507894,Astro
TEAD1,HA,61,52.3748619522347,Astro
TEAD4,HA,61,51.722653852995,Astro
IRF1,HA,-19,290.790550811009,Astro
IRF1,HA,-87,355.844269452093,Astro
IRF1,HA,-99,354.087120159595,Astro
TEAD1,HA,63,51.8888316868893,Astro
TEAD4,HA,63,48.671062650431,Astro
IRF1,HA,-85,352.841430950595,Astro
IRF1,HA,122,401.165335523535,Astro
TEAD1,HA,68,50.4833227638888,Astro
TEAD4,HA,68,48.0308143720452,Astro
IRF1,HA,-12,175.622917777839,Astro
IRF1,HA,-80,356.194862007023,Astro
IRF1,HA,-86,357.610483682571,Astro
IRF1,HA,124,399.325122298587,Astro
TEAD1,HA,70,51.5052417643415,Astro
TEAD4,HA,70,48.2127090960151,Astro
IRF1,HA,-10,184.281974101356,Astro
TEAD1,HA,71,52.5118696261241,Astro
TEAD4,HA,71,49.7192949534376,Astro
IRF1,HA,-9,95.1896421187753,Astro
IRF1,HA,-77,363.006697537178,Astro
IRF1,HA,-83,348.121827576275,Astro
IRF1,HA,-89,355.305572363558,Astro
IRF1,HA,127,400.979419376918,Astro
TEAD1,HA,73,53.8611674214561,Astro
IRF1,HA,-75,351.222536839108,Astro
IRF1,HA,-81,352.178761803629,Astro
IRF1,HA,132,414.345865438397,Astro
TEAD1,HA,78,53.7508932762162,Astro
TEAD4,HA,78,49.8053386288573,Astro
IRF1,HA,-2,88.1041116960337,Astro
IRF1,HA,-70,353.713582848428,Astro
IRF1,HA,-76,349.174130299846,Astro
IRF1,HA,135,409.303455510062,Astro
TEAD1,HA,81,51.5511567419839,Astro
TEAD4,HA,81,49.788172910078,Astro
IRF1,HA,1,54.9626949202963,Astro
IRF1,HA,-73,364.4622214125,Astro
IRF1,HA,142,401.820685449382,Astro
TEAD1,HA,88,53.4650153898945,Astro
TEAD4,HA,88,50.213051158318,Astro
IRF1,HA,-60,378.588078367161,Astro
IRF1,HA,147,404.668181021041,Astro
IRF1,HA,13,221.423749610737,Astro
IRF1,HA,149,401.555528461391,Astro
TEAD1,HA,95,53.8597360509195,Astro
TEAD4,HA,95,52.6804678691213,Astro
IRF1,HA,15,271.569279101091,Astro
IRF1,HA,-59,379.003873612344,Astro
IRF1,HA,-65,369.202403147985,Astro
IRF1,HA,158,380.455516442819,Astro
TEAD1,HA,104,51.3841999639379,Astro
TEAD4,HA,104,48.2935670697802,Astro
IRF1,HA,24,430.26449198817,Astro
IRF1,HA,-44,433.960577314468,Astro
IRF1,HA,167,374.464674700232,Astro
TEAD1,HA,113,53.8948748995552,Astro
TEAD4,HA,113,51.0725774707789,Astro
IRF1,HA,33,430.914172741173,Astro
IRF1,HA,-41,431.873462867062,Astro
IRF1,HA,-47,428.548574574482,Astro
IRF1,HA,172,371.47361158416,Astro
TEAD1,HA,118,51.4539496892454,Astro
TEAD4,HA,118,47.7915239431046,Astro
IRF1,HA,38,427.181565702558,Astro
IRF1,HA,-36,423.33013596552,Astro
IRF1,HA,176,369.701439731758,Astro
TEAD1,HA,122,49.9821142384496,Astro
TEAD4,HA,122,47.7821138305612,Astro
IRF1,HA,-26,423.109422505682,Astro
IRF1,HA,-32,426.920619977767,Astro
IRF1,HA,180,404.160829924629,Astro
TEAD1,HA,126,53.1001712937469,Astro
TEAD4,HA,126,51.2155512235721,Astro
IRF1,HA,46,437.073666692763,Astro
IRF1,HA,-34,424.423938761019,Astro
IRF1,HA,182,393.226189769978,Astro
TEAD1,HA,128,50.3966364532035,Astro
TEAD4,HA,128,49.6595898248274,Astro
IRF1,HA,48,424.345566129889,Astro
IRF1,HA,-20,314.731010905417,Astro
IRF1,HA,184,381.131184718268,Astro
IRF1,HA,-18,280.968271715838,Astro
IRF1,HA,-24,417.066172738682,Astro
IRF1,HA,186,386.653462913627,Astro
TEAD1,HA,132,48.1339664545712,Astro
IRF1,HA,-16,250.463354661453,Astro
IRF1,HA,187,385.803954850187,Astro
TEAD1,HA,133,50.1671711501169,Astro
TEAD4,HA,133,50.1589664182797,Astro
IRF1,HA,53,406.510146782346,Astro
IRF1,HA,-21,347.631596449879,Astro
IRF1,HA,-27,418.968947532443,Astro
IRF1,HA,193,398.755615918714,Astro
TEAD1,HA,139,49.5315020801677,Astro
TEAD4,HA,139,51.1947657253949,Astro
IRF1,HA,59,399.530238564243,Astro
IRF1,HA,194,396.877117091025,Astro
IRF1,HA,60,400.820247529477,Astro
IRF1,HA,196,389.578768129357,Astro
TEAD1,HA,142,51.4664237056092,Astro
TEAD4,HA,142,49.0522700436438,Astro
IRF1,HA,62,392.444159611266,Astro
IRF1,HA,-6,94.1025105332026,Astro
IRF1,HA,197,400.200899136153,Astro
TEAD1,HA,143,50.1113901718684,Astro
TEAD4,HA,143,50.0425509028451,Astro
IRF1,HA,63,398.036384089326,Astro
IRF1,HA,-5,52.1686198139252,Astro
IRF1,HA,-11,121.673894792954,Astro
IRF1,HA,199,394.605479265926,Astro
TEAD1,HA,145,49.7808844412059,Astro
TEAD4,HA,145,47.9320437145707,Astro
IRF1,HA,-3,55.5543595358514,Astro
TEAD1,HA,155,51.7088940495085,Astro
TEAD4,HA,155,51.7105647852159,Astro
IRF1,HA,75,387.440525837246,Astro
IRF1,HA,76,383.75596441568,Astro
IRF1,HA,-4,98.3886597845349,Astro
TEAD1,HA,165,49.2984616217637,Astro
TEAD4,HA,165,47.2989834893894,Astro
IRF1,HA,85,385.390446574759,Astro
IRF1,HA,17,296.643845652056,Astro
IRF1,HA,11,151.088887500646,Astro
IRF1,HA,5,69.1906163196742,Astro
TEAD1,HA,166,51.6061112398514,Astro
TEAD4,HA,166,47.3295669300382,Astro
IRF1,HA,86,389.983072249215,Astro
IRF1,HA,18,322.497743567414,Astro
IRF1,HA,12,204.086918477721,Astro
IRF1,HA,6,113.527974719834,Astro
TEAD1,HA,179,50.0401547527459,Astro
TEAD4,HA,179,46.5981905597508,Astro
IRF1,HA,31,434.590632747303,Astro
TEAD1,HA,183,49.3612839012377,Astro
TEAD4,HA,183,47.5048845756977,Astro
IRF1,HA,103,402.411084383931,Astro
IRF1,HA,35,441.187150012072,Astro
IRF1,HA,23,413.746703466848,Astro
TEAD1,HA,184,48.420872677857,Astro
TEAD4,HA,184,46.0623202761524,Astro
IRF1,HA,104,395.000125961133,Astro
IRF1,HA,36,428.798884240577,Astro
IRF1,HA,30,439.903674529571,Astro
TEAD1,HA,189,48.9313155349911,Astro
TEAD4,HA,189,48.0225742880388,Astro
IRF1,HA,109,395.53972109338,Astro
TEAD1,HA,190,48.739079269803,Astro
TEAD4,HA,190,47.2350074779366,Astro
IRF1,HA,110,387.071448706396,Astro
IRF1,HA,111,390.263150831991,Astro
TEAD1,HA,196,50.2840188826668,Astro
TEAD4,HA,196,46.6195801811069,Astro
IRF1,HA,116,403.880344380595,Astro
TEAD1,HA,200,47.9647182547613,Astro
TEAD4,HA,200,47.4545492325589,Astro
IRF1,HA,120,398.121804335164,Astro
IRF1,HA,121,401.402188886599,Astro
IRF1,HA,47,423.047554935979,Astro
IRF1,HA,123,397.91081305506,Astro
IRF1,HA,55,400.857861203118,Astro
IRF1,HA,49,421.411350988587,Astro
IRF1,HA,56,404.262820312024,Astro
IRF1,HA,44,442.806794762767,Astro
IRF1,HA,131,414.634112987878,Astro
IRF1,HA,57,392.764766741208,Astro
IRF1,HA,51,413.825077177679,Astro
IRF1,HA,64,393.165949370218,Astro
IRF1,HA,58,403.995367224207,Astro
IRF1,HA,138,406.519034894353,Astro
IRF1,HA,70,383.030848721572,Astro
IRF1,HA,139,401.3593070669,Astro
IRF1,HA,144,409.625539905191,Astro
IRF1,HA,145,404.557621502217,Astro
IRF1,HA,77,385.308823775054,Astro
IRF1,HA,146,413.220902322508,Astro
IRF1,HA,78,380.720962440536,Astro
IRF1,HA,66,377.753804084525,Astro
IRF1,HA,73,377.070519903308,Astro
IRF1,HA,150,403.681482291887,Astro
IRF1,HA,82,380.771279937258,Astro
IRF1,HA,151,391.699439997799,Astro
IRF1,HA,156,386.814548647454,Astro
IRF1,HA,88,384.702510885219,Astro
IRF1,HA,160,380.203477156481,Astro
IRF1,HA,92,387.581123645332,Astro
IRF1,HA,80,380.744586208786,Astro
IRF1,HA,161,379.614446051617,Astro
IRF1,HA,93,385.260536146672,Astro
IRF1,HA,163,376.717532711808,Astro
IRF1,HA,89,388.125298680232,Astro
IRF1,HA,165,370.670202190062,Astro
IRF1,HA,166,374.892857412613,Astro
IRF1,HA,98,387.690006433043,Astro
IRF1,HA,168,372.282422820243,Astro
IRF1,HA,100,377.056895791923,Astro
IRF1,HA,170,367.900117866606,Astro
IRF1,HA,90,384.203124014796,Astro
IRF1,HA,175,376.404026795726,Astro
IRF1,HA,107,386.376403080592,Astro
IRF1,HA,101,384.881561153948,Astro
IRF1,HA,108,393.154295176588,Astro
IRF1,HA,114,395.3380409197,Astro
IRF1,HA,183,383.462033736105,Astro
IRF1,HA,106,388.834665410467,Astro
IRF1,HA,189,378.384000065866,Astro
IRF1,HA,191,388.148004124505,Astro
IRF1,HA,192,393.041121096922,Astro
IRF1,HA,126,402.260154674474,Astro
IRF1,HA,128,406.427906602573,Astro
IRF1,HA,133,408.987151135675,Astro
IRF1,HA,134,408.480903897582,Astro
IRF1,HA,136,411.602546691045,Astro
IRF1,HA,130,408.70897854701,Astro
IRF1,HA,153,393.554293214448,Astro
IRF1,HA,141,410.480525884007,Astro
IRF1,HA,152,395.259285526065,Astro
IRF1,HA,159,373.949654637071,Astro
IRF1,HA,164,372.768429183678,Astro
IRF1,HA,171,369.920976114501,Astro
IRF1,HA,178,376.018241689889,Astro
IRF1,HA,179,373.464298139483,Astro
IRF1,HA,173,375.943323932385,Astro
IRF1,HA,185,380.633510362946,Astro
IRF1,HA,177,379.851113863032,Astro
IRF1,HA,190,389.476719061349,Astro
IRF1,HA,195,394.14782934678,Astro
RELA,HA,-187,63.951139953133,Astro
NFKB1,HA,-183,79.2096317610595,Astro
NFKB1,HA,-177,81.6653255391292,Astro
NFKB1,HA,-172,85.7038139328274,Astro
NFKB1,HA,-153,83.8065925991046,Astro
RELA,HA,-149,66.7884674721761,Astro
NFKB1,HA,-149,86.5231736950592,Astro
NFKB1,HA,-142,85.9634481824382,Astro
NFKB1,HA,-133,86.9794678358625,Astro
NFKB1,HA,-130,87.0242036318943,Astro
RELA,HA,-122,67.5785690268739,Astro
NFKB1,HA,-122,80.0399445640152,Astro
RELA,HA,-91,66.1520850240958,Astro
NFKB1,HA,-83,83.7248548563745,Astro
RELA,HA,-77,65.2499135262851,Astro
NFKB1,HA,-77,74.2601370312125,Astro
NFKB1,HA,-76,79.2559257167777,Astro
RELA,HA,-55,68.1029037152371,Astro
NFKB1,HA,-29,78.7316046373729,Astro
NFKB1,HA,-16,96.8002679756648,Astro
NFKB1,HA,19,87.9466375355178,Astro
NFKB1,HA,24,86.6464666094765,Astro
NFKB1,HA,47,86.9839635876639,Astro
NFKB1,HA,52,83.3425889879817,Astro
RELA,HA,76,66.9422877604843,Astro
RELA,HA,87,67.6801711900531,Astro
NFKB1,HA,109,94.057082322935,Astro
NFKB1,HA,110,88.1120931377116,Astro
NFKB1,HA,112,86.5152016698756,Astro
RELA,HA,117,65.3755940113456,Astro
NFKB1,HA,117,85.4965132555089,Astro
RELA,HA,122,65.9188917107854,Astro
NFKB1,HA,122,85.2072304635305,Astro
NFKB1,HA,147,97.1501694787935,Astro
RELA,HA,185,64.2760163355055,Astro
NFKB1,HA,185,90.368813777152,Astro
TEAD1,HA,-200,44.5657183072124,Astro
TEAD4,HA,-197,42.9659468957119,Astro
TEAD1,HA,-198,43.5464318863123,Astro
TEAD4,HA,-196,42.4997798688951,Astro
TEAD1,HA,-197,45.6407851366757,Astro
TEAD1,HA,-175,45.7903448630667,Astro
TEAD4,HA,-173,45.2246165404716,Astro
TEAD1,HA,-174,45.0775175635041,Astro
TEAD4,HA,-163,46.0428625648728,Astro
TEAD1,HA,-153,46.5982270317333,Astro
TEAD4,HA,-151,45.7559317235563,Astro
TEAD1,HA,-152,46.8760979606678,Astro
TEAD4,HA,-146,44.1273585700928,Astro
TEAD1,HA,-147,46.5440540060413,Astro
TEAD4,HA,-104,46.1616499556247,Astro
TEAD1,HA,-105,48.895749297521,Astro
TEAD4,HA,-102,48.7918991127002,Astro
TEAD1,HA,-103,50.7474865100417,Astro
TEAD4,HA,-101,48.4294411743962,Astro
TEAD1,HA,-102,47.2660452924012,Astro
TEAD4,HA,-83,49.3341357384992,Astro
TEAD1,HA,-84,50.0343676442151,Astro
TEAD4,HA,-82,49.2990460774139,Astro
TEAD1,HA,-83,48.9872361653559,Astro
TEAD1,HA,-78,49.7758768143763,Astro
TEAD4,HA,-73,49.5116424919345,Astro
TEAD1,HA,-74,49.3175808344577,Astro
TEAD4,HA,-67,47.3089026568082,Astro
TEAD4,HA,-63,50.305917336327,Astro
TEAD1,HA,-64,50.0493744804702,Astro
TEAD4,HA,-61,49.1258244212543,Astro
TEAD1,HA,-62,50.6745357923566,Astro
TEAD4,HA,-58,51.6726342202109,Astro
TEAD1,HA,-59,47.9621078435639,Astro
TEAD4,HA,-56,49.679706223055,Astro
TEAD1,HA,-57,51.7106002911152,Astro
TEAD4,HA,-54,49.2117405930496,Astro
TEAD1,HA,-55,49.0088708514848,Astro
TEAD4,HA,-40,46.9507848125755,Astro
TEAD1,HA,-41,48.0572506169524,Astro
TEAD4,HA,-37,47.1034125053336,Astro
TEAD1,HA,-38,48.1298202766562,Astro
TEAD4,HA,-30,47.7314563543607,Astro
TEAD1,HA,-31,48.1300974566258,Astro
TEAD4,HA,-27,48.7257567855959,Astro
TEAD1,HA,-28,50.1066528284074,Astro
TEAD4,HA,-24,52.5556319219884,Astro
TEAD1,HA,-23,54.3847864555145,Astro
TEAD1,HA,-18,55.5342457933091,Astro
TEAD4,HA,-12,47.0612643217153,Astro
TEAD4,HA,-3,50.9654817291069,Astro
TEAD1,HA,2,114.154917036201,Astro
TEAD1,HA,17,50.5551692491393,Astro
TEAD4,HA,23,52.2493515505342,Astro
TEAD1,HA,22,53.74402975161,Astro
TEAD4,HA,32,54.8042773995823,Astro
TEAD1,HA,31,53.1568219496269,Astro
TEAD1,HA,57,51.2561412119,Astro
TEAD1,HA,67,48.5149868057208,Astro
TEAD4,HA,76,49.3813951403947,Astro
TEAD1,HA,75,53.4821727922833,Astro
TEAD4,HA,90,51.5037736528028,Astro
TEAD1,HA,89,52.6566686905761,Astro
TEAD1,HA,94,53.918723015949,Astro
TEAD4,HA,99,49.0361877252543,Astro
TEAD1,HA,98,49.8693329070213,Astro
TEAD4,HA,109,48.8673805812955,Astro
TEAD1,HA,108,50.6534645397234,Astro
TEAD4,HA,116,48.9086868777462,Astro
TEAD1,HA,115,49.9420034890678,Astro
TEAD4,HA,121,51.8674701806999,Astro
TEAD1,HA,120,52.29059944477,Astro
TEAD4,HA,123,48.8483999736527,Astro
TEAD4,HA,135,49.4576374749012,Astro
TEAD1,HA,144,51.1631880124294,Astro
TEAD4,HA,157,47.3937479107217,Astro
TEAD4,HA,169,48.1435140226928,Astro
TEAD1,HA,168,48.6633549102402,Astro
TEAD4,HA,177,49.8360951068347,Astro
TEAD1,HA,176,52.0586020955448,Astro
TEAD1,HA,188,50.1994418383935,Astro
TEAD4,HA,195,47.8505915109622,Astro
TEAD1,HA,194,49.9067819635092,Astro
TEAD1,HA,198,47.9601921100982,Astro
NFKB1,HA,-191,82.7980821245159,Astro
NFKB1,HA,-189,82.0268988870426,Astro
NFKB1,HA,-185,80.3752416551576,Astro
NFKB1,HA,-184,79.0722420955781,Astro
NFKB1,HA,-181,80.596293292808,Astro
NFKB1,HA,-178,83.7320048494088,Astro
NFKB1,HA,-173,85.6383013336007,Astro
NFKB1,HA,-164,89.1981209575609,Astro
NFKB1,HA,-138,84.2084855913342,Astro
NFKB1,HA,-132,88.0519360473239,Astro
NFKB1,HA,-127,88.3323455155438,Astro
NFKB1,HA,-102,92.6637551157585,Astro
NFKB1,HA,-94,85.1886177758946,Astro
NFKB1,HA,-75,74.7886755369767,Astro
NFKB1,HA,-73,85.7695282907372,Astro
NFKB1,HA,-64,82.2789163992269,Astro
NFKB1,HA,-56,91.973946962533,Astro
NFKB1,HA,-50,87.904848628226,Astro
NFKB1,HA,-28,77.8669497922061,Astro
NFKB1,HA,-23,83.4143296728361,Astro
NFKB1,HA,21,80.1550999460263,Astro
NFKB1,HA,37,86.1538052136392,Astro
NFKB1,HA,62,90.0589744879884,Astro
NFKB1,HA,83,82.2919173335317,Astro
NFKB1,HA,93,84.8638256434065,Astro
NFKB1,HA,133,83.4895556311707,Astro
NFKB1,HA,135,86.9450908875688,Astro
NFKB1,HA,140,86.3584896601637,Astro
RELA,HA,-189,60.4955606623519,Astro
RELA,HA,-129,68.0534630607398,Astro
RELA,HA,-86,64.2085040318214,Astro
RELA,HA,-38,67.8334366923192,Astro
RELA,HA,31,71.3940987197317,Astro
RELA,HA,95,67.0301851592993,Astro
RELA,HA,130,65.9205783863592,Astro
NFKB1,HA,-135,88.3388253920178,Astro
NFKB1,HA,-134,85.0144586016238,Astro
NFKB1,HA,-12,119.902074590045,Astro
NFKB1,HA,51,83.6215036333439,Astro
NFKB1,HA,91,87.8747248096299,Astro
NFKB1,HA,120,88.2864742908391,Astro
NFKB1,HA,121,86.9493633036669,Astro
NFKB1,HA,197,88.4352636575004,Astro
RELA,HA,-190,59.847149120728,Astro
RELA,HA,-179,62.4079520838243,Astro
RELA,HA,-134,65.9901827257261,Astro
RELA,HA,32,67.8656301419614,Astro
RELA,HA,151,64.7841898237972,Astro
RELA,HA,176,63.6243436619575,Astro
RELA,HA,186,65.8430697510634,Astro
IRF1,HA,-154,343.748332917079,Astro
IRF1,HA,-134,366.532490310837,Astro
IRF1,HA,-63,377.00764803264,Astro
IRF1,HA,14,263.565479044266,Astro
IRF1,HA,113,399.063577984647,Astro
NFKB1,HA,-180,87.2231525492869,Astro
NFKB1,HA,-140,90.6939945588366,Astro
NFKB1,HA,-120,81.313295863909,Astro
NFKB1,HA,-97,82.1932633769806,Astro
NFKB1,HA,-65,77.274561636442,Astro
NFKB1,HA,-53,79.2535893560055,Astro
NFKB1,HA,-39,86.190009853583,Astro
NFKB1,HA,-38,74.7593198171005,Astro
NFKB1,HA,-19,70.0574324980708,Astro
NFKB1,HA,3,75.860590174532,Astro
NFKB1,HA,69,93.4942950320103,Astro
NFKB1,HA,-182,78.7737891153977,Astro
NFKB1,HA,-101,91.8145723899526,Astro
NFKB1,HA,-100,93.4437078157952,Astro
NFKB1,HA,34,77.9142450469883,Astro
NFKB1,HA,119,90.2560593242547,Astro
NFKB1,HA,150,92.4783459562952,Astro
NFKB1,HA,-170,82.5159731694533,Astro
NFKB1,HA,-147,90.860781902953,Astro
NFKB1,HA,-85,79.7837509941393,Astro
NFKB1,HA,-40,84.4753979672886,Astro
NFKB1,HA,134,87.837144206145,Astro
NFKB1,HA,-195,83.7541327771371,Astro
NFKB1,HA,-179,81.9377221388649,Astro
NFKB1,HA,-158,83.1337543786698,Astro
NFKB1,HA,-34,83.7785466195456,Astro
NFKB1,HA,-2,70.1463610581297,Astro
NFKB1,HA,-1,105.92357746921,Astro
NFKB1,HA,39,105.605863739981,Astro
NFKB1,HA,70,93.1697206036545,Astro
NFKB1,HA,75,74.5634385570994,Astro
NFKB1,HA,102,87.2386719153301,Astro
NFKB1,HA,116,87.4928019509141,Astro
TEAD4,HA,-185,42.1237740618644,Astro
TEAD4,HA,-172,43.8696301742275,Astro
TEAD4,HA,-140,45.364932613725,Astro
TEAD4,HA,-134,46.0779912030241,Astro
TEAD4,HA,-120,44.6112682534657,Astro
TEAD4,HA,-116,44.8762956811715,Astro
TEAD4,HA,-90,47.4568835446299,Astro
TEAD4,HA,-88,49.9562903738525,Astro
TEAD4,HA,-65,47.8922655082658,Astro
TEAD1,HA,-189,47.0472098820609,Astro
TEAD4,HA,-47,46.4365505780307,Astro
TEAD1,HA,-171,47.6789661943676,Astro
TEAD4,HA,-16,48.1496054450059,Astro
TEAD1,HA,-140,47.755202927183,Astro
TEAD4,HA,-1,18.3258786453929,Astro
TEAD1,HA,-125,46.2663123475426,Astro
TEAD4,HA,15,50.9294645613942,Astro
TEAD1,HA,-109,51.1489513931545,Astro
TEAD1,HA,-101,50.577172905311,Astro
TEAD4,HA,37,48.6421253502482,Astro
TEAD1,HA,-87,48.881958605998,Astro
TEAD4,HA,66,48.6871159998663,Astro
TEAD1,HA,-58,52.2854403550664,Astro
TEAD4,HA,67,49.2134340151568,Astro
TEAD1,HA,-54,50.1813997403021,Astro
TEAD4,HA,83,50.8444178260992,Astro
TEAD4,HA,91,50.1908451862973,Astro
TEAD1,HA,-33,51.8778704553872,Astro
TEAD4,HA,92,50.9212473151456,Astro
TEAD1,HA,-32,49.1115710202107,Astro
TEAD4,HA,94,50.4555084844127,Astro
TEAD1,HA,-30,50.765157662424,Astro
TEAD4,HA,102,52.2471384871143,Astro
TEAD4,HA,106,51.9620398086676,Astro
TEAD4,HA,120,50.6852739126263,Astro
TEAD4,HA,131,48.7827441114094,Astro
TEAD1,HA,7,38.8874192625173,Astro
TEAD4,HA,138,50.3658227481008,Astro
TEAD1,HA,14,54.1493878704909,Astro
TEAD4,HA,181,48.0935030231312,Astro
TEAD4,HA,182,46.602769704199,Astro
TEAD1,HA,72,49.3194307736784,Astro
TEAD4,HA,198,46.9413401453035,Astro
TEAD1,HA,74,51.6673106278062,Astro
TEAD1,HA,97,50.3580551199399,Astro
TEAD1,HA,99,50.2468290152802,Astro
TEAD1,HA,103,52.2069543629847,Astro
TEAD1,HA,110,50.7500630098751,Astro
TEAD1,HA,146,49.8888269611428,Astro
TEAD1,HA,157,48.8318195083208,Astro
TEAD1,HA,161,50.6488499754162,Astro
TEAD1,HA,164,50.313771404829,Astro
RELA,HA,-175,63.1859945279399,Astro
NFKB1,HA,-175,81.0512833282409,Astro
RELA,HA,-110,69.8552139893795,Astro
RELA,HA,-11,71.2129676326226,Astro
NFKB1,HA,-11,81.3909591460554,Astro
RELA,HA,-5,93.2325184983474,Astro
RELA,HA,-4,47.7155771600804,Astro
NFKB1,HA,-4,38.0371604778239,Astro
RELA,HA,1,30.3603462339281,Astro
NFKB1,HA,1,41.3208986221542,Astro
RELA,HA,8,33.4126492596359,Astro
NFKB1,HA,8,50.1160349774795,Astro
RELA,HA,35,69.7447672764149,Astro
RELA,HA,80,69.2366905888213,Astro
NFKB1,HA,80,82.2401700274272,Astro
NFKB1,HA,98,89.5891733215372,Astro
RELA,HA,115,65.5314185043567,Astro
RELA,HA,128,69.2056399923299,Astro
NFKB1,HA,144,95.724753566767,Astro
RELA,HA,145,66.7495705551404,Astro
RELA,HA,162,67.0145773958063,Astro
RELA,HA,164,66.7976798461504,Astro
NFKB1,HA,165,93.4043720551512,Astro
IRF1,HA,-197,335.355104428832,Astro
RELA,HA,172,66.9766003256819,Astro
IRF1,HA,-193,324.747955419101,Astro
NFKB1,HA,176,85.2219261827976,Astro
IRF1,HA,-181,313.262451061739,Astro
NFKB1,HA,190,87.1494041753832,Astro
NFKB1,HA,196,89.743026593312,Astro
RELA,HA,198,64.9858826746169,Astro
NFKB1,HA,198,87.7806241793477,Astro
IRF1,HA,-153,353.792952170226,Astro
IRF1,HA,-146,357.142508889502,Astro
IRF1,HA,-139,350.233021092401,Astro
IRF1,HA,-104,350.339981249369,Astro
IRF1,HA,-94,358.643740543355,Astro
IRF1,HA,-74,355.125784913559,Astro
IRF1,HA,-62,380.154187550237,Astro
IRF1,HA,-54,394.243067127321,Astro
IRF1,HA,-37,430.050220593408,Astro
IRF1,HA,-25,428.214881096409,Astro
IRF1,HA,-23,399.986468380593,Astro
IRF1,HA,-1,45.7846846274494,Astro
IRF1,HA,4,95.6564469902676,Astro
IRF1,HA,16,279.733703492289,Astro
IRF1,HA,27,423.338504241718,Astro
IRF1,HA,39,435.947637077623,Astro
IRF1,HA,68,383.317520494161,Astro
IRF1,HA,105,384.171149840302,Astro
IRF1,HA,148,408.643988949938,Astro
IRF1,HA,154,387.218070283841,Astro
IRF1,HA,157,377.877473926365,Astro
IRF1,HA,169,367.749175991231,Astro
IRF1,HA,174,369.432605763322,Astro
IRF1,HA,-160,328.465160300116,Astro
IRF1,HA,-145,357.607883907903,Astro
IRF1,HA,-71,360.450306513543,Astro
IRF1,HA,-57,380.576971050254,Astro
IRF1,HA,-45,433.096687396848,Astro
STAT3,HA,-190,88.7800911510695,Astro
STAT3,HA,-91,103.328919866883,Astro
STAT3,HA,-112,95.8173180383762,Astro
STAT3,HA,-41,105.651154694688,Astro
STAT3,HA,-62,97.2935841903493,Astro
STAT3,HA,-33,103.202283623723,Astro
STAT3,HA,-54,112.136082129217,Astro
STAT3,HA,-21,109.434407594285,Astro
STAT3,HA,-42,106.109398004066,Astro
STAT3,HA,9,110.348248903545,Astro
STAT3,HA,-12,103.263016020959,Astro
STAT3,HA,45,108.062380790721,Astro
STAT3,HA,24,115.880634605185,Astro
STAT3,HA,59,105.585215982,Astro
STAT3,HA,60,99.4466133274332,Astro
STAT3,HA,39,105.850328137063,Astro
STAT3,HA,77,103.568714141598,Astro
STAT3,HA,56,107.183145885282,Astro
STAT3,HA,87,105.088829769564,Astro
STAT3,HA,66,106.381031072034,Astro
STAT3,HA,96,104.399877424164,Astro
STAT3,HA,75,106.551574051353,Astro
STAT3,HA,-129,96.846726565646,Astro
STAT3,HA,-77,105.543555175018,Astro
STAT3,HA,-57,107.21371727272,Astro
STAT3,HA,-9,52.3050171093838,Astro
STAT3,HA,22,105.270216407895,Astro
STAT3,HA,32,105.275830639396,Astro
STAT3,HA,68,99.9410987981011,Astro
STAT3,HA,190,95.3273329845765,Astro
NFKB1,HA,38,87.1945711984515,Astro
NFKB1,HA,67,83.2546269292102,Astro
NFKB1,HA,25,81.3960168201092,Astro
RELA,HA,-171,60.1933432851388,Astro
RELA,HA,-169,59.9335347429306,Astro
RELA,HA,-139,67.0950705212407,Astro
RELA,HA,-96,64.357548858557,Astro
RELA,HA,-43,69.827151798609,Astro
RELA,HA,-36,74.2192470187322,Astro
RELA,HA,-19,66.160975194148,Astro
RELA,HA,-18,68.5519889899534,Astro
RELA,HA,-14,69.9862333283539,Astro
RELA,HA,-1,33.6838265200942,Astro
RELA,HA,18,71.5972555885335,Astro
RELA,HA,96,68.5185450731531,Astro
RELA,HA,119,69.3033143709375,Astro
RELA,HA,124,65.7515535925501,Astro
RELA,HA,126,69.4622836031267,Astro
RELA,HA,133,64.0480899175614,Astro
RELA,HA,135,70.5113494388136,Astro
RELA,HA,143,67.78692368166,Astro
RELA,HA,166,64.4182055966685,Astro
RELA,HA,171,66.5224477472104,Astro
RELA,HA,187,63.9829806501162,Astro
STAT3,HA,-196,85.0393933818099,Astro
STAT3,HA,-193,88.9581588394252,Astro
STAT3,HA,-192,88.9072842500399,Astro
STAT3,HA,-186,83.6641515818774,Astro
STAT3,HA,-184,91.7727384793217,Astro
STAT3,HA,-181,86.7655789881632,Astro
STAT3,HA,-167,90.9269985258129,Astro
STAT3,HA,-156,92.6239247973742,Astro
STAT3,HA,-155,91.6976485208785,Astro
STAT3,HA,-154,91.8053841052565,Astro
STAT3,HA,-149,88.9630044384797,Astro
STAT3,HA,-141,92.8185259454055,Astro
STAT3,HA,-140,94.2492663671152,Astro
STAT3,HA,-137,88.0183147690926,Astro
STAT3,HA,-131,93.0126946742629,Astro
STAT3,HA,-124,95.3970644349267,Astro
STAT3,HA,-123,96.4505933070079,Astro
STAT3,HA,-119,93.834934299517,Astro
STAT3,HA,-117,94.2259219440397,Astro
STAT3,HA,-115,97.3253383946788,Astro
STAT3,HA,-110,96.1659915147855,Astro
STAT3,HA,-103,94.4811185677275,Astro
STAT3,HA,-102,95.4240423636111,Astro
STAT3,HA,-99,97.4806402838287,Astro
STAT3,HA,-98,98.1479546914485,Astro
STAT3,HA,-96,96.367309164457,Astro
STAT3,HA,-94,100.60411077803,Astro
STAT3,HA,-89,99.8643795860147,Astro
STAT3,HA,-87,99.9537644129637,Astro
STAT3,HA,-79,98.2851968612174,Astro
STAT3,HA,-74,100.004073934833,Astro
STAT3,HA,-72,101.41843686662,Astro
STAT3,HA,-67,103.700214496683,Astro
STAT3,HA,-63,101.706688822124,Astro
STAT3,HA,-61,98.9465365982678,Astro
STAT3,HA,-60,101.220264799984,Astro
STAT3,HA,-56,105.155543010299,Astro
STAT3,HA,-55,106.444668679144,Astro
STAT3,HA,-50,97.1877242670198,Astro
STAT3,HA,-45,103.455131916375,Astro
STAT3,HA,-44,107.511649382892,Astro
STAT3,HA,-30,105.820020294444,Astro
STAT3,HA,-29,108.03834763862,Astro
STAT3,HA,-25,112.944065967451,Astro
STAT3,HA,-20,113.141813279274,Astro
STAT3,HA,0,194.394683134409,Astro
STAT3,HA,10,103.421203536286,Astro
STAT3,HA,20,110.984099054756,Astro
STAT3,HA,21,108.678947604998,Astro
STAT3,HA,54,109.323094541924,Astro
STAT3,HA,55,107.979422089293,Astro
STAT3,HA,64,107.630474472807,Astro
STAT3,HA,65,107.210705619854,Astro
STAT3,HA,80,99.7448615378161,Astro
STAT3,HA,82,107.578502857935,Astro
STAT3,HA,85,107.477918704044,Astro
STAT3,HA,88,103.03136016479,Astro
STAT3,HA,90,98.8226970232115,Astro
STAT3,HA,92,103.341062200158,Astro
STAT3,HA,97,103.559388439034,Astro
STAT3,HA,102,103.904574460661,Astro
STAT3,HA,103,104.050123704122,Astro
STAT3,HA,104,104.278772551499,Astro
STAT3,HA,108,100.95955348941,Astro
STAT3,HA,109,101.545581087943,Astro
STAT3,HA,113,104.704245391434,Astro
STAT3,HA,114,110.148159320344,Astro
STAT3,HA,118,101.058282614201,Astro
STAT3,HA,119,106.263195417185,Astro
STAT3,HA,124,102.460910814142,Astro
STAT3,HA,125,101.259018216484,Astro
STAT3,HA,126,99.3320973681215,Astro
STAT3,HA,129,99.9771534517531,Astro
STAT3,HA,133,99.5453180381089,Astro
STAT3,HA,134,99.6467433255899,Astro
STAT3,HA,138,98.2041611840584,Astro
STAT3,HA,140,100.84675106746,Astro
STAT3,HA,141,102.831764572918,Astro
STAT3,HA,143,98.6234770848117,Astro
STAT3,HA,146,98.2272211438956,Astro
STAT3,HA,150,96.9523824033994,Astro
STAT3,HA,155,98.9589116894302,Astro
STAT3,HA,158,103.328020331525,Astro
STAT3,HA,159,98.7523346079429,Astro
STAT3,HA,160,96.9085795042436,Astro
STAT3,HA,165,96.880976001009,Astro
STAT3,HA,166,99.6933535455355,Astro
STAT3,HA,167,98.7284553715878,Astro
STAT3,HA,171,95.9765573218509,Astro
STAT3,HA,176,98.839348506279,Astro
STAT3,HA,177,95.3621843946079,Astro
STAT3,HA,183,98.5848696259216,Astro
STAT3,HA,188,100.668814478244,Astro
STAT3,HA,195,96.1106691589218,Astro
STAT3,HA,197,98.6590362379166,Astro
STAT3,HA,200,95.5098604455907,Astro
RELA,HA,-80,67.6725418091359,Astro
RELA,HA,-32,68.9749943341859,Astro
RELA,HA,29,68.3064774227123,Astro
RELA,HA,-90,67.1352098336675,Astro
STAT3,HA,-179,88.6400980803169,Astro
STAT3,HA,-157,95.6246963341233,Astro
STAT3,HA,-143,93.7415548023337,Astro
STAT3,HA,-121,90.1959416982367,Astro
STAT3,HA,187,96.5283155982386,Astro
STAT3,HA,192,96.8698980001578,Astro
RELA,HA,-145,64.2899613313396,Astro
NFKB1,HA,-137,84.113169348403,Astro
RELA,HA,-138,65.4689626470579,Astro
NFKB1,HA,-58,87.0309487818281,Astro
NFKB1,HA,23,79.7089580453357,Astro
NFKB1,HA,43,80.2281815521119,Astro
RELA,HA,81,71.851673017454,Astro
NFKB1,HA,187,86.1102237700404,Astro
TEAD4,HA,-187,44.8597537408693,Astro
TEAD1,HA,-188,46.4427111524687,Astro
TEAD4,HA,-166,43.4691782043726,Astro
TEAD1,HA,-167,45.5997608376108,Astro
TEAD1,HA,-149,47.0742249459234,Astro
TEAD4,HA,-132,45.076047561613,Astro
TEAD1,HA,-133,48.4485663791107,Astro
TEAD4,HA,-109,47.5024427013358,Astro
TEAD1,HA,-89,47.817674956205,Astro
TEAD4,HA,20,54.4739826126456,Astro
TEAD1,HA,19,56.4848520274768,Astro
TEAD4,HA,50,46.1745888597513,Astro
TEAD1,HA,49,48.4803594092987,Astro
TEAD1,HA,87,51.5719508879595,Astro
TEAD4,HA,124,49.8181540607557,Astro
TEAD1,HA,123,50.7928335778664,Astro
TEAD4,HA,153,47.2988085629953,Astro
TEAD4,HA,154,47.9560590049871,Astro
TEAD1,HA,153,49.2130678703357,Astro
TEAD4,HA,173,48.5672556829407,Astro
TEAD1,HA,172,48.9989913069404,Astro
STAT3,HA,-180,88.3553642791517,Astro
STAT3,HA,-173,88.2427180142837,Astro
STAT3,HA,-166,89.523155409086,Astro
STAT3,HA,-125,97.6494369324929,Astro
STAT3,HA,-23,104.63952325313,Astro
STAT3,HA,-138,90.097159000538,Astro
STAT3,HA,-34,105.230113216115,Astro
STAT3,HA,-97,99.9940343143543,Astro
STAT3,HA,175,93.8783664057866,Astro
STAT3,HA,25,113.593313525861,Astro
STAT3,HA,-38,107.212810305576,Astro
STAT3,HA,29,104.244109549798,Astro
STAT3,HA,156,97.4881967717049,Astro
STAT3,HA,127,105.887362010883,Astro
STAT3,HA,135,98.383871710338,Astro
STAT3,HA,179,98.8150076669744,Astro
STAT3,HA,-197,89.3071877526644,Astro
STAT3,HA,-194,86.5985617203365,Astro
STAT3,HA,-191,89.3196176699418,Astro
STAT3,HA,-189,90.4313839724622,Astro
STAT3,HA,-188,87.9989655163199,Astro
STAT3,HA,-182,90.1576734575939,Astro
STAT3,HA,-178,86.5059437283482,Astro
STAT3,HA,-176,86.1098310349831,Astro
STAT3,HA,-169,88.7601595534943,Astro
STAT3,HA,-164,89.9386215083995,Astro
STAT3,HA,-161,92.4932419844004,Astro
STAT3,HA,-153,94.1190485109851,Astro
STAT3,HA,-151,91.1726867290134,Astro
STAT3,HA,-144,93.5283703495705,Astro
STAT3,HA,-142,94.829651101188,Astro
STAT3,HA,-136,92.0783256682395,Astro
STAT3,HA,-135,95.314317872664,Astro
STAT3,HA,-130,92.2306863494431,Astro
STAT3,HA,-120,96.2219876064695,Astro
STAT3,HA,-114,96.1927798497441,Astro
STAT3,HA,-113,94.6972777975528,Astro
STAT3,HA,-105,98.339766724587,Astro
STAT3,HA,-100,99.3193661300756,Astro
STAT3,HA,-95,99.3734642347681,Astro
STAT3,HA,-73,98.7493838438578,Astro
STAT3,HA,-69,102.931068116599,Astro
STAT3,HA,-59,104.433720094226,Astro
STAT3,HA,-32,99.6580996793629,Astro
STAT3,HA,-26,115.18729404901,Astro
STAT3,HA,-3,46.7276685110219,Astro
STAT3,HA,3,46.5159096746674,Astro
STAT3,HA,8,128.039961411058,Astro
STAT3,HA,11,74.9530488592727,Astro
STAT3,HA,13,87.8717555782851,Astro
STAT3,HA,16,111.382934134879,Astro
STAT3,HA,30,108.571407580103,Astro
STAT3,HA,47,101.317352129029,Astro
STAT3,HA,78,102.96762585722,Astro
STAT3,HA,81,101.795453204211,Astro
STAT3,HA,83,106.660711485985,Astro
STAT3,HA,89,103.009231001818,Astro
STAT3,HA,95,98.2768047324722,Astro
STAT3,HA,105,100.301393908776,Astro
STAT3,HA,110,99.4706705823814,Astro
STAT3,HA,115,102.192350947481,Astro
STAT3,HA,120,97.8826610908528,Astro
STAT3,HA,130,98.2959346156983,Astro
STAT3,HA,132,100.541286455322,Astro
STAT3,HA,137,97.59809778482,Astro
STAT3,HA,139,100.302593123679,Astro
STAT3,HA,147,98.894321271227,Astro
STAT3,HA,149,97.428248146104,Astro
STAT3,HA,170,99.8701546663553,Astro
STAT3,HA,172,97.8347273479221,Astro
STAT3,HA,173,94.9780517403936,Astro
STAT3,HA,-171,89.9593610994789,Astro
STAT3,HA,-13,76.9508545571459,Astro
STAT3,HA,91,103.004557758102,Astro
RELA,HA,-165,60.7729790712113,Astro
STAT3,HA,-177,90.9360472816787,Astro
STAT3,HA,26,113.31894435976,Astro
STAT3,HA,36,111.352414957095,Astro
STAT3,HA,44,106.558221221445,Astro
STAT3,HA,51,105.925306335189,Astro
STAT3,HA,57,106.751168901783,Astro
STAT3,HA,70,103.965739269547,Astro
STAT3,HA,157,100.578802001678,Astro
STAT3,HA,182,97.8874890829181,Astro
STAT3,HA,186,96.6580293652015,Astro
STAT3,HA,-195,85.4735107782024,Astro
STAT3,HA,-183,89.6384839974071,Astro
STAT3,HA,-15,86.4732435665395,Astro
STAT3,HA,-5,46.8483772893667,Astro
STAT3,HA,5,82.4726027708145,Astro
STAT3,HA,6,37.6152370442381,Astro
STAT3,HA,31,108.297895741892,Astro
STAT3,HA,50,108.479771841525,Astro
RELA,HA,-131,62.5630810168154,Astro
RELA,HA,-113,62.8746159628446,Astro
RELA,HA,-108,62.4941523682186,Astro
RELA,HA,-62,68.422560211397,Astro
RELA,HA,-50,68.4707656399838,Astro
RELA,HA,33,69.9113488962675,Astro
RELA,HA,67,68.9693698633387,Astro
RELA,HA,123,65.4051224823041,Astro
NFKB1,HA,-161,88.4170279022341,Astro
NFKB1,HA,-152,85.9689353026183,Astro
NFKB1,HA,-150,84.0144157095748,Astro
NFKB1,HA,-106,78.3515935488294,Astro
NFKB1,HA,-82,82.8309917640326,Astro
NFKB1,HA,-80,85.938524398936,Astro
NFKB1,HA,-78,77.8607705733697,Astro
NFKB1,HA,-68,84.3318324443066,Astro
NFKB1,HA,-51,83.8921337846166,Astro
NFKB1,HA,-32,86.1237095510939,Astro
NFKB1,HA,-21,89.3626217201705,Astro
NFKB1,HA,44,81.7472890185148,Astro
NFKB1,HA,57,80.1522378092888,Astro
NFKB1,HA,94,90.8135133267408,Astro
NFKB1,HA,99,99.4127411212009,Astro
NFKB1,HA,124,89.3946990587084,Astro
NFKB1,HA,142,89.8135278223836,Astro
NFKB1,HA,159,87.5967459075505,Astro
CEBPB,HA,-199,10.8992312535682,Astro
CEBPB,HA,-196,11.0143672824116,Astro
CEBPB,HA,-191,11.216837854962,Astro
CEBPB,HA,-189,10.2713222290214,Astro
CEBPB,HA,-188,10.3874072517342,Astro
CEBPB,HA,-186,10.2907563921979,Astro
CEBPB,HA,-180,10.8245951155915,Astro
CEBPB,HA,-179,11.3810233625404,Astro
CEBPB,HA,-178,11.2674778630376,Astro
CEBPB,HA,-177,10.4820267816087,Astro
CEBPB,HA,-175,10.2334938537189,Astro
CEBPB,HA,-171,11.2816177316081,Astro
CEBPB,HA,-167,11.3623062366893,Astro
CEBPB,HA,-165,10.7473932117458,Astro
CEBPB,HA,-152,11.2708679145392,Astro
CEBPB,HA,-151,11.5890673916646,Astro
CEBPB,HA,-145,12.3083338908005,Astro
CEBPB,HA,-143,12.0460379107002,Astro
CEBPB,HA,-141,10.8745336098032,Astro
CEBPB,HA,-140,11.227674536809,Astro
CEBPB,HA,-138,11.7290771828572,Astro
CEBPB,HA,-137,10.234152455734,Astro
CEBPB,HA,-133,12.1928159368778,Astro
CEBPB,HA,-132,10.4853046405233,Astro
CEBPB,HA,-131,10.4133407125826,Astro
CEBPB,HA,-127,10.9157738791358,Astro
CEBPB,HA,-126,10.7218795002781,Astro
CEBPB,HA,-123,10.7069337815088,Astro
CEBPB,HA,-117,10.9340908233237,Astro
CEBPB,HA,-116,11.6318536093455,Astro
CEBPB,HA,-114,11.1155403949047,Astro
CEBPB,HA,-111,9.97761970017202,Astro
CEBPB,HA,-109,11.4900337549802,Astro
CEBPB,HA,-105,10.9933348343114,Astro
CEBPB,HA,-100,11.4409917736367,Astro
CEBPB,HA,-99,11.6319408717812,Astro
CEBPB,HA,-98,11.6793764717119,Astro
CEBPB,HA,-96,11.5011385018333,Astro
CEBPB,HA,-95,11.386173003584,Astro
CEBPB,HA,-93,11.1839607708669,Astro
CEBPB,HA,-88,11.6737721384667,Astro
CEBPB,HA,-86,12.0560389499515,Astro
CEBPB,HA,-82,11.1899931388306,Astro
CEBPB,HA,-79,13.6038160835263,Astro
CEBPB,HA,-77,12.078956091202,Astro
CEBPB,HA,-74,12.2036353341743,Astro
CEBPB,HA,-68,12.4223492436512,Astro
CEBPB,HA,-65,11.6339365930303,Astro
CEBPB,HA,-63,11.7617739003218,Astro
CEBPB,HA,-56,11.4514819405347,Astro
CEBPB,HA,-54,12.5037717383195,Astro
CEBPB,HA,-51,11.0898455588857,Astro
CEBPB,HA,-50,12.2522987382999,Astro
CEBPB,HA,-46,11.0268183941923,Astro
CEBPB,HA,-45,12.4182289976299,Astro
CEBPB,HA,-43,11.456369738899,Astro
CEBPB,HA,-39,11.8306486111849,Astro
CEBPB,HA,-37,12.7689137302818,Astro
CEBPB,HA,-35,13.4631867215836,Astro
CEBPB,HA,-34,13.4947502105204,Astro
CEBPB,HA,-33,12.6385434300703,Astro
CEBPB,HA,-29,13.9622847432734,Astro
CEBPB,HA,-28,12.2104020341072,Astro
CEBPB,HA,-24,12.2347956100373,Astro
CEBPB,HA,-20,11.6355891564147,Astro
CEBPB,HA,-19,14.2889615747609,Astro
CEBPB,HA,-18,13.6925054393513,Astro
CEBPB,HA,-15,9.89339425409458,Astro
CEBPB,HA,-14,7.21266596903895,Astro
CEBPB,HA,-11,9.9186514876641,Astro
CEBPB,HA,-10,14.8182164017028,Astro
CEBPB,HA,-4,2.87225181311034,Astro
CEBPB,HA,4,3.71340183372117,Astro
CEBPB,HA,6,2.76979310955346,Astro
CEBPB,HA,7,35.3130566058796,Astro
CEBPB,HA,8,9.10640189376211,Astro
CEBPB,HA,19,13.1566841548054,Astro
CEBPB,HA,31,13.8317503604536,Astro
CEBPB,HA,32,14.2183336147825,Astro
CEBPB,HA,34,11.3484853052836,Astro
CEBPB,HA,37,14.0490810277292,Astro
CEBPB,HA,44,12.3489448897669,Astro
CEBPB,HA,45,11.410285542448,Astro
CEBPB,HA,57,11.8077752342213,Astro
CEBPB,HA,59,12.8927359766685,Astro
CEBPB,HA,64,12.7069216766808,Astro
CEBPB,HA,70,13.9311272511722,Astro
CEBPB,HA,72,12.2616834285316,Astro
CEBPB,HA,73,11.4329250430192,Astro
CEBPB,HA,76,12.7625969622315,Astro
CEBPB,HA,77,11.5913310568508,Astro
CEBPB,HA,78,12.7524038411533,Astro
CEBPB,HA,87,12.9756507293125,Astro
CEBPB,HA,90,12.1306335192291,Astro
CEBPB,HA,96,12.1724324536028,Astro
CEBPB,HA,118,12.1458162954152,Astro
CEBPB,HA,120,11.0867488174518,Astro
CEBPB,HA,122,11.5424352803251,Astro
CEBPB,HA,130,10.6662024327956,Astro
CEBPB,HA,133,11.2852159826776,Astro
CEBPB,HA,135,10.3194175377591,Astro
CEBPB,HA,144,11.5744015863446,Astro
CEBPB,HA,146,12.2419111109926,Astro
CEBPB,HA,148,12.0772915949316,Astro
CEBPB,HA,153,11.262586573837,Astro
CEBPB,HA,157,12.3981298175972,Astro
CEBPB,HA,159,11.2463135261053,Astro
CEBPB,HA,160,12.4936270350342,Astro
CEBPB,HA,163,11.079093397931,Astro
CEBPB,HA,171,12.0387753308719,Astro
CEBPB,HA,173,12.6357492215464,Astro
CEBPB,HA,174,12.7370872809525,Astro
CEBPB,HA,175,12.6532331833853,Astro
CEBPB,HA,176,11.9285163248602,Astro
CEBPB,HA,177,9.9719262334739,Astro
CEBPB,HA,179,12.0633001146354,Astro
CEBPB,HA,181,12.4053838178888,Astro
CEBPB,HA,183,10.6834122206096,Astro
CEBPB,HA,185,11.9803808564014,Astro
CEBPB,HA,188,12.9675011082864,Astro
CEBPB,HA,189,11.6137498377867,Astro
CEBPB,HA,193,10.7987813962253,Astro
CEBPB,HA,195,11.4915787053735,Astro
CEBPB,HA,196,12.7819783455483,Astro
NFKB1,HA,-156,86.9872945189226,Astro
NFKB1,HA,-49,85.4820860205902,Astro
NFKB1,HA,20,86.6808053065492,Astro
TEAD4,HA,-162,43.7426312406323,Astro
TEAD4,HA,-144,46.7903811553784,Astro
TEAD4,HA,-106,48.314773184574,Astro
TEAD4,HA,-95,47.9304087480411,Astro
TEAD4,HA,35,49.4761432938545,Astro
TEAD4,HA,96,52.5478237730073,Astro
TEAD4,HA,187,49.426783128175,Astro
STAT3,HA,-163,90.8045275879493,Astro
STAT3,HA,-158,89.5924528438161,Astro
STAT3,HA,-150,92.3032342632058,Astro
STAT3,HA,-118,98.865234760614,Astro
STAT3,HA,-109,94.9789715348632,Astro
STAT3,HA,-107,97.6408789080004,Astro
STAT3,HA,-81,97.8966854140256,Astro
STAT3,HA,-53,104.984981927594,Astro
STAT3,HA,-19,114.912940090771,Astro
STAT3,HA,14,95.3976449756668,Astro
STAT3,HA,122,105.145863150407,Astro
STAT3,HA,152,97.8799533775869,Astro
STAT3,HA,161,96.7541028890846,Astro
STAT3,HA,168,99.4722409804733,Astro
TEAD4,HA,-198,43.8084404765965,Astro
TEAD1,HA,-199,43.6026011971465,Astro
TEAD4,HA,-195,41.5129198349177,Astro
TEAD1,HA,-196,44.3868560421219,Astro
STAT3,HA,-199,87.5556562893245,Astro
TEAD4,HA,-192,41.2696298756865,Astro
TEAD1,HA,-193,44.1058355226963,Astro
TEAD4,HA,-191,42.7049875546609,Astro
TEAD1,HA,-192,42.4084540788834,Astro
TEAD4,HA,-156,44.9434363939057,Astro
TEAD1,HA,-157,47.9841884089892,Astro
STAT3,HA,-160,88.594461048258,Astro
TEAD4,HA,-150,44.4253648646389,Astro
TEAD1,HA,-151,46.1543776317765,Astro
TEAD1,HA,-148,46.2557524521888,Astro
TEAD1,HA,-146,45.7804392760201,Astro
TEAD1,HA,-141,47.6837342356489,Astro
TEAD1,HA,-135,44.9793280100405,Astro
TEAD4,HA,-133,47.3799552440462,Astro
TEAD1,HA,-134,49.5845904454263,Astro
TEAD1,HA,-129,50.7387679436676,Astro
TEAD4,HA,-123,46.1603432620937,Astro
TEAD1,HA,-124,48.8591615262114,Astro
TEAD1,HA,-117,47.6578542364869,Astro
TEAD4,HA,-108,50.50814903769,Astro
STAT3,HA,-108,98.5136181773749,Astro
TEAD4,HA,-103,47.4642984360289,Astro
TEAD1,HA,-104,46.9307331266454,Astro
TEAD1,HA,-99,49.6797909355192,Astro
TEAD1,HA,-97,49.1339062481642,Astro
TEAD4,HA,-91,47.9063902604348,Astro
TEAD1,HA,-92,49.6306873107995,Astro
TEAD1,HA,-91,48.2846665830296,Astro
TEAD4,HA,-84,47.2923960246627,Astro
TEAD1,HA,-85,49.6829076798617,Astro
STAT3,HA,-88,101.309388967957,Astro
TEAD4,HA,-78,48.4876856153165,Astro
TEAD1,HA,-79,49.1228235681686,Astro
STAT3,HA,-82,97.5597617514127,Astro
TEAD4,HA,-76,47.7999373413814,Astro
TEAD1,HA,-77,48.5945685875207,Astro
STAT3,HA,-80,95.8343134400777,Astro
TEAD4,HA,-55,46.0186208542983,Astro
TEAD1,HA,-56,50.1819603361745,Astro
TEAD4,HA,-52,47.2924608261156,Astro
TEAD1,HA,-53,48.9235843258,Astro
TEAD1,HA,-48,50.361223864014,Astro
STAT3,HA,-51,98.5332509066422,Astro
TEAD4,HA,-44,50.5157737120867,Astro
TEAD1,HA,-45,51.8788013386067,Astro
STAT3,HA,-48,104.930852711106,Astro
TEAD1,HA,-43,50.7514913469772,Astro
STAT3,HA,-46,106.379120574973,Astro
TEAD4,HA,-39,48.0586064977368,Astro
TEAD1,HA,-40,50.411203975225,Astro
TEAD1,HA,-36,49.9883832003734,Astro
STAT3,HA,-39,102.778924906588,Astro
TEAD4,HA,-29,50.4549599896086,Astro
STAT3,HA,-24,104.96119021855,Astro
STAT3,HA,-16,100.588943622118,Astro
TEAD4,HA,-7,48.8644241779691,Astro
TEAD1,HA,-8,59.4731631014904,Astro
STAT3,HA,-11,106.135456392413,Astro
TEAD4,HA,-5,27.1336661978778,Astro
TEAD1,HA,-6,38.6073854901971,Astro
TEAD1,HA,-3,62.8401471054463,Astro
STAT3,HA,-6,34.5239043577606,Astro
TEAD4,HA,1,40.2325130723488,Astro
TEAD1,HA,0,21.5399083995572,Astro
TEAD4,HA,2,51.158547767295,Astro
TEAD1,HA,1,64.4174657804456,Astro
TEAD4,HA,12,52.1018792456396,Astro
TEAD4,HA,17,49.960893855476,Astro
TEAD1,HA,16,54.059967060682,Astro
TEAD4,HA,19,48.525959048134,Astro
TEAD1,HA,18,51.7181777017708,Astro
STAT3,HA,15,109.983314019522,Astro
TEAD4,HA,21,50.7543802216461,Astro
TEAD1,HA,20,51.6808333066948,Astro
TEAD1,HA,24,50.7541683228574,Astro
TEAD4,HA,27,50.6469920069259,Astro
TEAD1,HA,26,52.2066929241043,Astro
STAT3,HA,23,105.057086545015,Astro
TEAD1,HA,28,51.5065932534952,Astro
TEAD4,HA,33,50.4012441168566,Astro
TEAD1,HA,32,53.5794335854697,Astro
TEAD4,HA,38,48.4739391195501,Astro
TEAD1,HA,37,48.7820889135283,Astro
STAT3,HA,34,113.461402366295,Astro
TEAD4,HA,44,49.681602136292,Astro
TEAD1,HA,43,52.3606756153576,Astro
STAT3,HA,40,104.612200152466,Astro
STAT3,HA,46,102.96261900963,Astro
TEAD4,HA,60,47.2132473128857,Astro
TEAD1,HA,59,51.0729586662026,Astro
TEAD4,HA,65,48.9544877336274,Astro
TEAD1,HA,64,50.5882096282536,Astro
STAT3,HA,61,101.995725071946,Astro
TEAD1,HA,69,50.3957987808503,Astro
TEAD4,HA,80,52.3075303971599,Astro
TEAD1,HA,79,55.2648416919751,Astro
TEAD4,HA,82,49.2473788736969,Astro
TEAD1,HA,82,51.0857018179751,Astro
STAT3,HA,79,103.072873376779,Astro
TEAD4,HA,111,47.0729440847689,Astro
STAT3,HA,107,101.584408389726,Astro
TEAD4,HA,129,49.1658247660856,Astro
TEAD4,HA,151,47.6489957042917,Astro
TEAD1,HA,150,48.5645769512098,Astro
TEAD1,HA,182,50.3344819133466,Astro
NFKB1,HA,-192,78.3172111902521,Astro
NFKB1,HA,-176,76.7059915349723,Astro
NFKB1,HA,-139,83.5415412277501,Astro
NFKB1,HA,-89,83.9102183342685,Astro
NFKB1,HA,-35,85.760978649009,Astro
NFKB1,HA,-74,86.553590178157,Astro
NFKB1,HA,15,75.3087825704208,Astro
NFKB1,HA,45,83.5988860380896,Astro
NFKB1,HA,61,85.2345244683771,Astro
NFKB1,HA,106,88.0376909651238,Astro
NFKB1,HA,177,84.6049709891939,Astro
NFKB1,HA,181,84.0521260622048,Astro
NFKB1,HA,161,86.1224164306083,Astro
NFKB1,HA,46,81.000197071136,Astro
STAT3,HA,-84,99.989258563649,Astro
STAT3,HA,-65,104.200519281383,Astro
STAT3,HA,-58,106.854370910246,Astro
STAT3,HA,-14,79.6119638513876,Astro
STAT3,HA,52,107.769055316825,Astro
STAT3,HA,58,103.208590794024,Astro
STAT3,HA,69,104.331968559806,Astro
STAT3,HA,128,99.4202281763521,Astro
STAT3,HA,169,97.9028497025219,Astro
STAT3,HA,184,98.9562410232455,Astro
STAT3,HA,189,92.8585777565243,Astro
STAT3,HA,194,94.642411320025,Astro
STAT3,HA,199,97.5195971915004,Astro
STAT3,HA,-93,95.1993415295982,Astro
STAT3,HA,-76,106.037873392963,Astro
NFKB1,HA,-143,81.7372850090565,Astro
STAT3,HA,-31,104.654569354905,Astro
STAT3,HA,42,109.071464748068,Astro
NFKB1,HA,-24,74.406582085807,Astro
STAT3,HA,99,98.8436210625824,Astro
NFKB1,HA,10,120.317211448074,Astro
NFKB1,HA,18,82.879301384608,Astro
STAT3,HA,131,100.160538983536,Astro
STAT3,HA,144,100.909982779856,Astro
NFKB1,HA,40,98.306128272004,Astro
STAT3,HA,163,99.4058543374152,Astro
STAT3,HA,185,93.7843791073308,Astro
STAT3,HA,193,96.2421424641881,Astro
RELA,HA,-93,65.89004745275,Astro
RELA,HA,0,32.3521227222072,Astro
RELA,HA,10,67.3522466419348,Astro
RELA,HA,16,71.7516379244479,Astro
RELA,HA,26,70.3371429364758,Astro
RELA,HA,53,66.8838253228494,Astro
RELA,HA,70,71.7081741889389,Astro
RELA,HA,71,72.7802395153106,Astro
RELA,HA,100,71.1061426822005,Astro
RELA,HA,107,68.4718888370835,Astro
STAT3,HA,-133,90.4378630665987,Astro
STAT3,HA,-37,107.160780565,Astro
STAT3,HA,-35,105.648141938193,Astro
STAT3,HA,-22,106.842970334623,Astro
STAT3,HA,-18,111.00889871611,Astro
STAT3,HA,-8,39.433836777627,Astro
STAT3,HA,-1,57.7043030871257,Astro
STAT3,HA,2,32.3840884347372,Astro
STAT3,HA,7,52.0859281046412,Astro
STAT3,HA,12,81.2597354060203,Astro
STAT3,HA,63,103.423348669669,Astro
STAT3,HA,71,102.209001700221,Astro
STAT3,HA,74,109.308741410568,Astro
STAT3,HA,100,98.9800926467144,Astro
STAT3,HA,-175,87.9889661298299,Astro
STAT3,HA,-148,89.6475416563665,Astro
STAT3,HA,-78,102.267774166378,Astro
STAT3,HA,-64,102.509672929527,Astro
STAT3,HA,72,102.049369463701,Astro
STAT3,HA,84,110.354120936224,Astro
STAT3,HA,111,101.315000936884,Astro
STAT3,HA,112,96.8302311992812,Astro
STAT3,HA,117,101.800288971905,Astro
STAT3,HA,154,97.0831297343601,Astro
STAT3,HA,162,95.6847717511635,Astro
STAT3,HA,178,97.0863904793042,Astro
STAT3,HA,191,94.6953584068468,Astro
STAT3,HA,196,97.6344450985267,Astro
TEAD4,HA,-200,42.507832771004,Astro
TEAD4,HA,-189,42.9089190924186,Astro
TEAD1,HA,-186,44.7471873459744,Astro
TEAD4,HA,-186,47.3007672426243,Astro
TEAD1,HA,-132,45.6545016804964,Astro
TEAD1,HA,-131,46.7297776728259,Astro
TEAD4,HA,-131,45.8984490513861,Astro
TEAD1,HA,-122,45.7604243949467,Astro
TEAD4,HA,-122,45.5691476193483,Astro
TEAD1,HA,-121,47.8377436404653,Astro
TEAD4,HA,-121,46.0724233453642,Astro
TEAD1,HA,-120,45.8486621120038,Astro
TEAD1,HA,-114,47.6592473701477,Astro
TEAD4,HA,-114,47.2904447717438,Astro
TEAD1,HA,-108,50.0494652791513,Astro
TEAD4,HA,-97,47.2320722539686,Astro
TEAD4,HA,-89,46.7056583345436,Astro
TEAD1,HA,-44,50.0731326628471,Astro
TEAD4,HA,-43,49.8237105435654,Astro
TEAD1,HA,-16,53.1019444066638,Astro
TEAD1,HA,21,54.2678917841365,Astro
TEAD4,HA,26,48.3864265118401,Astro
TEAD4,HA,28,51.4775284550095,Astro
TEAD4,HA,31,49.4942713566859,Astro
TEAD1,HA,50,48.8264169179105,Astro
TEAD1,HA,53,50.2973090278123,Astro
TEAD1,HA,55,50.8466045068737,Astro
TEAD4,HA,55,51.0221305856449,Astro
TEAD1,HA,65,50.9368699869848,Astro
TEAD4,HA,72,51.6382245154537,Astro
TEAD4,HA,74,49.6582327485934,Astro
TEAD1,HA,77,49.9828624630573,Astro
TEAD4,HA,77,49.8048034910825,Astro
TEAD4,HA,79,52.6964257679344,Astro
TEAD1,HA,85,51.0393658278908,Astro
TEAD4,HA,98,48.2637705397087,Astro
TEAD1,HA,102,52.2979725314357,Astro
TEAD4,HA,108,49.8217226044501,Astro
TEAD1,HA,111,49.036324146324,Astro
TEAD1,HA,121,49.9983819564216,Astro
TEAD1,HA,127,48.8637889726615,Astro
TEAD4,HA,127,49.6702209419042,Astro
TEAD1,HA,135,50.3992333570591,Astro
TEAD4,HA,144,49.0129108468772,Astro
TEAD1,HA,148,47.8195884126698,Astro
TEAD4,HA,148,46.4753724821767,Astro
TEAD1,HA,197,49.3074741991996,Astro
TEAD4,HA,197,48.8320048197457,Astro
RELA,HA,-161,62.1022788476729,Astro
RELA,HA,-146,61.6030987233589,Astro
IRF1,HA,-192,327.1256302252,Astro
IRF1,HA,-155,344.65881756833,Astro
IRF1,HA,-132,361.872270926418,Astro
IRF1,HA,137,404.257712813101,Astro
IRF1,HA,-187,322.278818965528,Astro
IRF1,HA,-191,324.53716679496,Astro
IRF1,HA,-184,326.613911061159,Astro
IRF1,HA,-188,323.226375304432,Astro
IRF1,HA,-117,364.798875265913,Astro
IRF1,HA,-121,361.096848458621,Astro
IRF1,HA,-13,147.208607332213,Astro
IRF1,HA,20,378.581814827377,Astro
IRF1,HA,181,378.152145463904,Astro
IRF1,HA,-127,362.196792491995,Astro
IRF1,HA,-122,367.837778272264,Astro
IRF1,HA,-58,384.557745497985,Astro
IRF1,HA,-49,411.319735471224,Astro
IRF1,HA,-148,366.113043251489,Astro
IRF1,HA,-157,329.678353076441,Astro
IRF1,HA,-159,331.745140399936,Astro
IRF1,HA,-163,311.00746731286,Astro
IRF1,HA,-133,364.334078432766,Astro
IRF1,HA,-140,358.514651294978,Astro
IRF1,HA,-144,350.101761776496,Astro
IRF1,HA,-101,342.291747999256,Astro
IRF1,HA,22,411.335291644422,Astro
IRF1,HA,21,397.773519870614,Astro
IRF1,HA,9,122.967912217968,Astro
IRF1,HA,26,428.585207978004,Astro
IRF1,HA,61,398.021597469048,Astro
IRF1,HA,45,435.344390617972,Astro
IRF1,HA,119,399.416227737709,Astro
IRF1,HA,140,401.902353916349,Astro
IRF1,HA,200,399.582799575958,Astro
IRF1,HA,198,398.978142022605,Astro
IRF1,HA,-186,322.317054071413,Astro
RELA,HA,-119,66.9495187262719,Astro
RELA,HA,-95,67.5644832774568,Astro
RELA,HA,25,72.213116472185,Astro
RELA,HA,64,66.9184394647907,Astro
RELA,HA,105,64.1641766021928,Astro
IRF1,HA,-52,402.351332974281,Astro
IRF1,HA,162,372.71553834303,Astro
IRF1,HA,-64,374.917943412589,Astro
IRF1,HA,-33,421.556571301253,Astro
IRF1,HA,-31,420.548599272374,Astro
IRF1,HA,-166,318.525661972062,Astro
IRF1,HA,74,380.990270196814,Astro
RELA,HA,-182,60.3788486964555,Astro
RELA,HA,-127,67.1550780942492,Astro
RELA,HA,-118,64.9155686326221,Astro
RELA,HA,-100,65.9072859854255,Astro
NFKB1,HA,146,95.6500064549435,Astro
IRF1,HA,-48,417.491394699676,Astro
STAT3,HA,-86,100.346418959261,Astro
STAT3,HA,-85,101.372689299853,Astro
STAT3,HA,-28,109.523435982235,Astro
STAT3,HA,18,113.963808937315,Astro
STAT3,HA,94,100.703353322459,Astro
STAT3,HA,142,98.7813911667561,Astro
RELA,HA,121,70.4497243582753,Astro
TEAD4,HA,-181,45.3873585609106,Astro
TEAD4,HA,-180,45.1658235406548,Astro
TEAD4,HA,-176,45.0727827010849,Astro
TEAD4,HA,-168,44.8477182761671,Astro
TEAD4,HA,-161,43.3293182222531,Astro
TEAD4,HA,-158,46.7095904640757,Astro
TEAD4,HA,-143,45.5364888064733,Astro
TEAD4,HA,-136,46.1762317510901,Astro
TEAD4,HA,-130,44.9757114920863,Astro
TEAD4,HA,-127,45.7918515259881,Astro
TEAD4,HA,-117,46.0410052633198,Astro
TEAD4,HA,-80,48.5129144113078,Astro
TEAD4,HA,-60,47.965456993009,Astro
TEAD4,HA,-41,47.0656061723192,Astro
TEAD4,HA,-28,49.1925993811223,Astro
TEAD4,HA,-18,52.2019205217181,Astro
TEAD4,HA,-10,35.7817285989745,Astro
TEAD4,HA,10,46.3706463670677,Astro
CEBPB,HA,-58,12.4206895226565,Astro
CEBPB,HA,-8,33.6853642624761,Astro
CEBPB,HA,60,12.7798076940156,Astro
CEBPB,HA,93,11.8159704073821,Astro
STAT3,HA,121,104.249449436194,Astro
CEBPB,HA,178,12.2819309285262,Astro
IRF1,HA,-68,361.770223029321,Astro
RELA,HA,-148,61.9883394139473,Astro
IRF1,HA,-196,335.109734722964,Astro
IRF1,HA,-88,358.662292734724,Astro
IRF1,HA,-46,433.786605651416,Astro
IRF1,HA,-43,436.230521789264,Astro
STAT3,HA,-10,128.485142211266,Astro
IRF1,HA,155,386.712254037362,Astro
RELA,HA,-155,61.4358906239889,Astro
TEAD4,HA,141,49.4893038244971,Astro
TEAD4,HA,150,47.6448239115067,Astro
RELA,HA,-170,60.620265115334,Astro
STAT3,HA,-134,94.6011163260108,Astro
STAT3,HA,-172,92.4034855508873,Astro
STAT3,HA,27,108.005044911636,Astro
STAT3,HA,123,103.130066959012,Astro
STAT3,HA,41,106.977621671505,Astro
TEAD1,HA,-161,46.1809210115804,Astro
TEAD1,HA,-158,47.9357023290438,Astro
TEAD1,HA,-127,49.2064490271542,Astro
TEAD1,HA,-94,50.0097723882924,Astro
TEAD1,HA,-90,49.3398516159886,Astro
TEAD1,HA,-61,50.4349543303489,Astro
TEAD1,HA,-29,50.9750741884014,Astro
TEAD1,HA,-15,58.3471995280385,Astro
TEAD1,HA,-14,50.4418208860813,Astro
TEAD1,HA,-9,39.018300782607,Astro
TEAD1,HA,6,58.5330126822315,Astro
TEAD1,HA,51,50.2812431502677,Astro
TEAD1,HA,160,50.0579150546013,Astro
CEBPB,HA,-172,10.3746380633598,Astro
CEBPB,HA,-142,10.703263713688,Astro
CEBPB,HA,-64,13.1782543533411,Astro
CEBPB,HA,-27,13.0127717244815,Astro
CEBPB,HA,9,13.9710800933296,Astro
CEBPB,HA,26,14.530154066886,Astro
CEBPB,HA,30,13.8049192842789,Astro
CEBPB,HA,50,12.1714525206275,Astro
CEBPB,HA,105,11.203564470839,Astro
CEBPB,HA,123,12.9845562761897,Astro
CEBPB,HA,131,11.9306813007656,Astro
CEBPB,HA,132,11.742813564896,Astro
CEBPB,HA,165,11.0413658843481,Astro
CEBPB,HA,186,10.9203817016024,Astro
STAT3,HA,164,96.1389783474723,Astro
IRF1,HA,-128,365.239733176869,Astro
STAT3,HA,-165,87.4779054186339,Astro
STAT3,HA,-139,92.6119550301817,Astro
STAT3,HA,62,104.124941445703,Astro
STAT3,HA,98,101.086812129233,Astro
CEBPB,HA,-194,10.7499181504637,Astro
CEBPB,HA,-190,10.7193413993734,Astro
CEBPB,HA,-168,11.0379411527582,Astro
CEBPB,HA,-146,10.4471572413417,Astro
CEBPB,HA,-134,11.5749470765416,Astro
CEBPB,HA,-124,10.0403081592767,Astro
CEBPB,HA,-115,10.3093060633019,Astro
CEBPB,HA,-90,12.8872799157403,Astro
CEBPB,HA,-73,12.4675001861192,Astro
CEBPB,HA,-55,11.954194026606,Astro
CEBPB,HA,-53,11.1176711368662,Astro
CEBPB,HA,-52,12.0430674095329,Astro
CEBPB,HA,-32,13.1546244635735,Astro
CEBPB,HA,-25,12.5266315302305,Astro
CEBPB,HA,22,14.0206925884706,Astro
CEBPB,HA,40,11.8816586863692,Astro
CEBPB,HA,56,12.4574364477418,Astro
CEBPB,HA,75,13.3682418223358,Astro
CEBPB,HA,101,12.0065321463749,Astro
CEBPB,HA,129,12.7200815313906,Astro
CEBPB,HA,155,11.1742965730018,Astro
IRF1,HA,10,176.969698882293,Astro
NFKB1,HA,-87,83.7085147612419,Astro
NFKB1,HA,79,99.1766189475257,Astro
TEAD4,HA,-183,43.9806003250268,Astro
TEAD1,HA,-184,44.9126079263945,Astro
TEAD4,HA,-177,42.9780487054396,Astro
TEAD1,HA,-178,43.9331567839906,Astro
TEAD1,HA,-144,46.0408087075561,Astro
IRF1,HA,3,52.4576772538577,Astro
TEAD1,HA,-34,51.1145624524105,Astro
TEAD4,HA,75,51.3997493347108,Astro
TEAD1,HA,138,51.4214907644023,Astro
TEAD4,HA,146,48.057446372322,Astro
NFKB1,HA,-20,79.5812967868747,Astro
TEAD1,HA,76,50.2957277177846,Astro
TEAD4,HA,84,50.5285629666604,Astro
TEAD1,HA,83,52.0545394400753,Astro
TEAD1,HA,117,49.5810134705687,Astro
TEAD1,HA,131,50.9370599963917,Astro
STAT3,HA,-162,91.1081049526311,Astro
STAT3,HA,-92,97.0984235360715,Astro
STAT3,HA,-90,99.0131408043882,Astro
STAT3,HA,-7,83.4079510628628,Astro
NFKB1,HA,31,78.3140539904747,Astro
TEAD4,HA,-139,46.6239448837033,Astro
TEAD4,HA,-9,34.525772583083,Astro
TEAD1,HA,-10,38.3380731812857,Astro
TEAD4,HA,0,18.1580160321056,Astro
TEAD1,HA,-1,29.6405652263687,Astro
TEAD4,HA,24,48.2249486866457,Astro
TEAD1,HA,23,53.0904448901979,Astro
TEAD4,HA,158,47.7663701815769,Astro
RELA,HA,-185,61.1302368842483,Astro
RELA,HA,-174,62.1761516188667,Astro
RELA,HA,-106,63.1262832338878,Astro
RELA,HA,-25,70.5302096554613,Astro
RELA,HA,-13,86.9762063114257,Astro
RELA,HA,-3,23.95887621886,Astro
RELA,HA,3,46.3996165803165,Astro
NFKB1,HA,-163,84.231692114169,Astro
RELA,HA,14,78.8987987605605,Astro
NFKB1,HA,-141,85.1846951602166,Astro
NFKB1,HA,-121,86.9102366092115,Astro
RELA,HA,113,67.5546259648443,Astro
NFKB1,HA,104,86.134619624841,Astro
NFKB1,HA,200,84.1613272629366,Astro
RELA,HA,-33,69.295141712041,Astro
RELA,HA,146,66.8079739080198,Astro
NFKB1,HA,-119,85.7737090562948,Astro
NFKB1,HA,-92,82.3710482129919,Astro
NFKB1,HA,-66,85.826250947693,Astro
NFKB1,HA,-14,90.6792560218464,Astro
NFKB1,HA,56,84.9037630632376,Astro
STAT3,HA,19,113.484544781294,Astro
STAT3,HA,-128,92.4375701082623,Astro
STAT3,HA,-75,101.4204411435,Astro
STAT3,HA,-71,101.757235368312,Astro
TEAD1,HA,-182,47.3009454297998,Astro
TEAD1,HA,-72,48.9203830810918,Astro
TEAD1,HA,-52,49.0831328108037,Astro
TEAD1,HA,-26,48.5760635608548,Astro
TEAD1,HA,119,51.5829740909887,Astro
RELA,HA,-135,64.5660587581449,Astro
RELA,HA,-150,61.9139486323028,Astro
RELA,HA,104,66.1646451912593,Astro
RELA,HA,59,71.2260122472153,Astro
STAT3,HA,-145,91.7295031604028,Astro
STAT3,HA,73,105.824860419128,Astro
IRF1,HA,0,90.901181134694,Astro
NFKB1,HA,-116,85.0582995026024,Astro
NFKB1,HA,72,91.3001322248632,Astro
RELA,HA,120,70.9268052787255,Astro
NFKB1,HA,156,90.4608073057093,Astro
TEAD1,HA,-185,43.9709274799398,Astro
TEAD4,HA,-182,43.1377095140738,Astro
TEAD4,HA,-153,47.5000665007348,Astro
TEAD1,HA,-128,47.3445009942574,Astro
TEAD1,HA,-98,51.8254837076365,Astro
TEAD4,HA,-38,46.6223057051079,Astro
TEAD1,HA,91,51.2924100006906,Astro
TEAD1,HA,-155,47.2855234036601,Astro
TEAD4,HA,-155,45.1410894278174,Astro
TEAD1,HA,-112,45.6499699626226,Astro
TEAD4,HA,-112,45.7243007255764,Astro
TEAD1,HA,47,51.7674616928741,Astro
TEAD4,HA,47,49.9070925280302,Astro
TEAD1,HA,60,49.8274509103427,Astro
TEAD4,HA,87,48.9291965760474,Astro
TEAD1,HA,106,52.2892280176884,Astro
TEAD4,HA,168,48.7481081811023,Astro
STAT3,HA,-200,83.1809188346885,Astro
RELA,HA,-147,64.5689420377116,Astro
TEAD1,HA,-194,46.2764351874778,Astro
TEAD1,HA,-181,46.5264838885519,Astro
TEAD1,HA,-176,45.1632749781238,Astro
TEAD4,HA,-167,46.4658289621872,Astro
TEAD1,HA,-168,46.3292434297288,Astro
TEAD1,HA,-162,46.1724183353979,Astro
TEAD4,HA,-154,44.8588745676014,Astro
TEAD4,HA,-135,43.3679485503028,Astro
TEAD1,HA,-136,47.0921910861158,Astro
TEAD1,HA,-81,48.1578814297649,Astro
TEAD4,HA,36,48.1938768496188,Astro
TEAD1,HA,35,51.6813560994811,Astro
TEAD1,HA,46,50.4110948040306,Astro
TEAD1,HA,173,49.284678125063,Astro
TEAD4,HA,-188,46.7327134926689,Astro
TEAD4,HA,-179,45.4749371178615,Astro
TEAD1,HA,-180,45.3500976192998,Astro
TEAD4,HA,-178,43.2264767492898,Astro
TEAD1,HA,-179,45.8119144013187,Astro
TEAD1,HA,-156,46.957806693814,Astro
TEAD4,HA,-126,48.5563429576463,Astro
TEAD4,HA,-115,47.1582494504581,Astro
TEAD1,HA,-116,48.4301317320007,Astro
TEAD1,HA,-111,49.6728603549792,Astro
TEAD4,HA,-81,46.5397644152116,Astro
TEAD1,HA,-82,49.8153775736927,Astro
TEAD1,HA,-66,50.2962402008775,Astro
TEAD4,HA,-57,48.1484244038517,Astro
TEAD1,HA,-24,53.8071007097525,Astro
TEAD1,HA,-19,49.8442281864578,Astro
TEAD4,HA,6,49.2016313108539,Astro
TEAD1,HA,5,16.0226294090594,Astro
TEAD4,HA,8,34.5603772659933,Astro
TEAD1,HA,9,49.8996960784104,Astro
TEAD1,HA,10,33.3475052453157,Astro
TEAD1,HA,12,48.1446258830193,Astro
TEAD4,HA,39,46.7033189124201,Astro
TEAD1,HA,38,48.8124502198272,Astro
TEAD4,HA,49,47.6332935274635,Astro
TEAD1,HA,48,49.640358373,Astro
TEAD4,HA,54,46.7986173614087,Astro
TEAD1,HA,84,53.7520882680865,Astro
TEAD1,HA,86,50.0859203355151,Astro
TEAD1,HA,90,50.5624180201537,Astro
TEAD4,HA,97,48.4404943003311,Astro
TEAD1,HA,96,52.0411610174271,Astro
TEAD4,HA,100,49.8187219886499,Astro
TEAD4,HA,105,50.2671683336335,Astro
TEAD1,HA,107,50.8245458214759,Astro
TEAD4,HA,115,49.4498173021407,Astro
TEAD1,HA,114,50.1688704139241,Astro
TEAD4,HA,117,48.6151099818627,Astro
TEAD1,HA,116,52.0512943653154,Astro
TEAD4,HA,136,49.5057458347254,Astro
TEAD1,HA,154,52.0697956291487,Astro
TEAD1,HA,158,51.2891470138208,Astro
STAT3,HA,53,108.461170373296,Astro
TEAD1,HA,-166,44.5890347139355,Astro
TEAD1,HA,-100,50.9574636289844,Astro
TEAD1,HA,-86,50.8830038929352,Astro
TEAD1,HA,-70,48.584739668028,Astro
TEAD1,HA,-63,50.9196084290059,Astro
TEAD1,HA,-37,51.5034936364644,Astro
TEAD1,HA,-12,30.5941329439782,Astro
TEAD1,HA,-11,48.832962082901,Astro
TEAD1,HA,34,50.219410713373,Astro
TEAD1,HA,39,47.655051202917,Astro
TEAD1,HA,66,51.9019094191996,Astro
STAT3,HA,-170,91.3307738012234,Astro
TEAD1,HA,125,51.7327876287877,Astro
STAT3,HA,-152,90.4493358734731,Astro
TEAD1,HA,137,51.4191083478158,Astro
TEAD1,HA,147,49.7819014957919,Astro
TEAD1,HA,170,51.4050666713969,Astro
TEAD1,HA,195,48.6778153695295,Astro
STAT3,HA,-36,107.514475235237,Astro
NFKB1,HA,151,93.3189393822552,Astro
STAT3,HA,33,108.470866572664,Astro
NFKB1,HA,-13,73.6264974131562,Astro
STAT3,HA,-187,90.4893055576052,Astro
STAT3,HA,-70,99.686785731981,Astro
STAT3,HA,4,33.3108864982334,Astro
STAT3,HA,116,102.486434658804,Astro
TEAD1,HA,-191,45.6233935053983,Astro
TEAD1,HA,-190,44.1912717468694,Astro
TEAD1,HA,-163,44.4355218535809,Astro
TEAD1,HA,-143,46.4020989322674,Astro
TEAD1,HA,-126,50.0479734386983,Astro
TEAD1,HA,-115,48.5367259923476,Astro
TEAD1,HA,-76,51.1476813736044,Astro
TEAD1,HA,-65,49.421494279097,Astro
TEAD1,HA,-60,46.9778973278547,Astro
TEAD1,HA,-49,49.275625144403,Astro
TEAD1,HA,-47,50.1435396665791,Astro
TEAD1,HA,-42,50.5907243572741,Astro
TEAD1,HA,8,35.2677852543399,Astro
TEAD1,HA,80,52.761655353175,Astro
TEAD1,HA,100,53.7101357275108,Astro
TEAD1,HA,105,53.9090349707822,Astro
TEAD1,HA,129,49.5785257287225,Astro
TEAD1,HA,136,51.8700347717365,Astro
TEAD1,HA,162,48.3328925507073,Astro
TEAD1,HA,163,49.4209345601014,Astro
TEAD1,HA,167,49.92894803951,Astro
TEAD1,HA,169,49.4455456517727,Astro
STAT3,HA,-116,97.1582327769519,Astro
STAT3,HA,1,49.1685389216073,Astro
TEAD1,HA,-169,47.1018644949888,Astro
STAT3,HA,-159,90.3977943643578,Astro
TEAD1,HA,-159,48.1255718806585,Astro
TEAD1,HA,-95,51.7244827426696,Astro
TEAD1,HA,-51,48.17649711673,Astro
TEAD1,HA,-39,51.2548398737293,Astro
TEAD1,HA,56,51.8023987616248,Astro
TEAD1,HA,92,51.2287258218724,Astro
TEAD1,HA,141,48.896801232485,Astro
TEAD1,HA,151,47.7089637051035,Astro
TEAD1,HA,178,49.0913940328674,Astro
TEAD1,HA,186,49.7009401516456,Astro
NFKB1,HA,-61,88.0785345745375,Astro
NFKB1,HA,-15,71.2674513988023,Astro
CEBPB,HA,-181,10.2669436058446,Astro
CEBPB,HA,-176,11.3036889899258,Astro
CEBPB,HA,-170,10.6191367595236,Astro
CEBPB,HA,-161,10.1762449408282,Astro
CEBPB,HA,-155,10.9046193095673,Astro
CEBPB,HA,-148,9.45094781330469,Astro
CEBPB,HA,-144,9.82486243602641,Astro
CEBPB,HA,-130,10.9489611769276,Astro
CEBPB,HA,-128,10.8966356565235,Astro
CEBPB,HA,-125,10.0096413528564,Astro
CEBPB,HA,-122,10.5620002175847,Astro
CEBPB,HA,-113,10.7558117090929,Astro
CEBPB,HA,-110,10.9677440969909,Astro
CEBPB,HA,-108,10.322556015126,Astro
CEBPB,HA,-107,11.3684528907435,Astro
CEBPB,HA,-91,11.0676878199503,Astro
CEBPB,HA,-83,12.2626840532893,Astro
CEBPB,HA,-78,11.8456668273993,Astro
CEBPB,HA,-76,12.3751891787039,Astro
CEBPB,HA,-67,10.9637974351304,Astro
CEBPB,HA,-66,13.0450181258157,Astro
CEBPB,HA,-40,11.9377338003134,Astro
CEBPB,HA,-30,11.2829431057629,Astro
CEBPB,HA,-3,33.449133450528,Astro
CEBPB,HA,5,10.3270355651099,Astro
CEBPB,HA,18,14.8580350652092,Astro
CEBPB,HA,28,13.2989152140902,Astro
CEBPB,HA,52,13.4885926943252,Astro
CEBPB,HA,88,11.8922561658963,Astro
CEBPB,HA,92,11.9597227809182,Astro
CEBPB,HA,117,11.7561663980152,Astro
CEBPB,HA,142,10.6669178092092,Astro
CEBPB,HA,156,10.8765006030823,Astro
CEBPB,HA,172,11.2671368174729,Astro
CEBPB,HA,187,9.90655745926912,Astro
CEBPB,HA,191,12.4871809687125,Astro
CEBPB,HA,192,10.6096480556942,Astro
TEAD1,HA,-177,47.0856055110559,Astro
TEAD4,HA,-157,46.9087177383199,Astro
TEAD4,HA,-141,46.1146262770573,Astro
TEAD1,HA,-142,45.7558501201104,Astro
TEAD4,HA,-75,48.6970716994936,Astro
TEAD4,HA,-45,46.8498672309225,Astro
TEAD4,HA,-36,48.7534732287389,Astro
TEAD1,HA,-27,49.8151738461608,Astro
TEAD4,HA,-14,54.3206256974325,Astro
TEAD4,HA,9,34.9228381646641,Astro
TEAD4,HA,14,52.9882727103678,Astro
TEAD4,HA,51,49.1650467722819,Astro
TEAD1,HA,62,49.1394476605337,Astro
TEAD4,HA,89,50.077322343486,Astro
TEAD4,HA,114,48.9017080762698,Astro
TEAD4,HA,125,50.5661470109484,Astro
TEAD1,HA,124,52.4028305715757,Astro
STAT3,HA,-66,103.332480865167,Astro
TEAD1,HA,109,50.2199686019392,Astro
TEAD1,HA,171,51.5423958678184,Astro
TEAD1,HA,-106,50.3292973787416,Astro
TEAD4,HA,-105,47.1298829730803,Astro
TEAD4,HA,-100,50.4595225396063,Astro
TEAD1,HA,-67,48.7681871014475,Astro
TEAD4,HA,34,49.9117932120592,Astro
TEAD4,HA,86,48.6563416212588,Astro
TEAD4,HA,162,48.0936692624503,Astro
TEAD1,HA,177,51.6349894240904,Astro
TEAD1,HA,193,49.4724998523488,Astro
TEAD4,HA,193,48.305293648849,Astro
TEAD1,HA,-195,45.0340113119105,Astro
TEAD4,HA,-190,41.0487201381314,Astro
TEAD4,HA,-129,48.6117447396863,Astro
TEAD4,HA,-99,46.2242324427292,Astro
TEAD4,HA,-66,47.5976740921463,Astro
TEAD4,HA,-49,49.2479028181732,Astro
TEAD4,HA,-19,47.6629547747176,Astro
TEAD1,HA,44,51.074763561401,Astro
TEAD1,HA,52,51.0054200094081,Astro
TEAD4,HA,52,49.5259403508823,Astro
TEAD1,HA,54,53.6092060754441,Astro
TEAD4,HA,167,50.5131614047926,Astro
TEAD4,HA,172,46.053142904718,Astro
TEAD1,HA,-139,49.4003007437872,Astro
TEAD1,HA,-138,46.3330270595976,Astro
TEAD1,HA,-130,46.6210024506937,Astro
TEAD4,HA,-149,47.1654003784448,Astro
TEAD1,HA,-150,45.2724921228851,Astro
TEAD4,HA,-138,45.9094412411028,Astro
TEAD1,HA,-75,50.4389664288788,Astro
TEAD4,HA,-125,46.5478793126239,Astro
TEAD4,HA,-111,45.8727949710484,Astro
TEAD1,HA,-50,49.6581367969628,Astro
TEAD4,HA,-94,48.700094325556,Astro
TEAD1,HA,-80,47.1721760755824,Astro
TEAD4,HA,-171,43.4347986084171,Astro
TEAD1,HA,15,52.138938009253,Astro
TEAD1,HA,36,50.4657930978567,Astro
TEAD4,HA,-15,52.0619462635399,Astro
TEAD4,HA,-8,29.3473955946138,Astro
TEAD4,HA,5,37.4054608054117,Astro
TEAD1,HA,4,39.8641376711286,Astro
TEAD4,HA,-74,48.917498675683,Astro
TEAD4,HA,56,49.5348368083249,Astro
TEAD4,HA,57,51.5361759901731,Astro
TEAD4,HA,69,51.0553209707726,Astro
TEAD4,HA,-48,50.1576015351419,Astro
TEAD4,HA,-32,48.0050534486251,Astro
TEAD4,HA,103,51.9686225541221,Astro
TEAD4,HA,110,49.2041855084461,Astro
TEAD4,HA,-6,36.7763402307713,Astro
TEAD4,HA,137,51.1762516210114,Astro
TEAD4,HA,176,47.8049702123332,Astro
TEAD4,HA,188,49.2328759589643,Astro
TEAD1,HA,187,50.3272191535591,Astro
STAT3,HA,-83,99.3414034033621,Astro
TEAD4,HA,192,50.1935057532555,Astro
TEAD4,HA,170,50.3931713769846,Astro
TEAD1,HA,-173,46.3484165455476,Astro
CEBPB,HA,-149,10.0302423099752,Astro
CEBPB,HA,-101,11.5521328567259,Astro
CEBPB,HA,-41,12.15186458337,Astro
CEBPB,HA,-22,12.6647980517711,Astro
CEBPB,HA,-13,9.82799696528103,Astro
CEBPB,HA,-6,9.97081538210326,Astro
CEBPB,HA,-1,8.68246396008572,Astro
CEBPB,HA,0,9.5086413530873,Astro
CEBPB,HA,14,10.6896473888918,Astro
CEBPB,HA,16,11.7368016492455,Astro
CEBPB,HA,23,13.5329786417478,Astro
CEBPB,HA,24,13.2345641806811,Astro
CEBPB,HA,29,12.169807101353,Astro
CEBPB,HA,48,12.1910882863367,Astro
CEBPB,HA,51,13.0220743236051,Astro
CEBPB,HA,53,12.5535448723635,Astro
TEAD1,HA,-187,46.9298533114537,Astro
CEBPB,HA,82,12.0856577774604,Astro
CEBPB,HA,97,12.4569855569477,Astro
CEBPB,HA,111,12.9117186346657,Astro
CEBPB,HA,124,11.4911221177454,Astro
CEBPB,HA,128,11.0048035576568,Astro
TEAD4,HA,-124,48.0017171178703,Astro
CEBPB,HA,137,10.6251874885913,Astro
CEBPB,HA,145,11.5234648547283,Astro
CEBPB,HA,147,12.9232086448827,Astro
CEBPB,HA,167,11.406194914613,Astro
TEAD1,HA,-73,51.4412851057646,Astro
TEAD4,HA,-72,49.2275585883071,Astro
CEBPB,HA,184,11.2821361137271,Astro
TEAD4,HA,-53,47.9423674752571,Astro
TEAD4,HA,-50,45.7033393937228,Astro
TEAD1,HA,33,53.0546925537436,Astro
TEAD4,HA,43,48.5286770551185,Astro
TEAD4,HA,161,48.5534788022035,Astro
TEAD4,HA,178,47.9024255623694,Astro
TEAD1,HA,-172,46.253060256689,Astro
TEAD4,HA,-137,45.9412659615735,Astro
CEBPB,HA,-187,10.8858849461328,Astro
CEBPB,HA,-38,11.8827306064423,Astro
CEBPB,HA,-2,3.02828359633179,Astro
CEBPB,HA,17,14.0859903927068,Astro
CEBPB,HA,62,11.8105309828416,Astro
CEBPB,HA,91,12.8358645201882,Astro
CEBPB,HA,103,11.8487968302677,Astro
CEBPB,HA,110,12.5840810002729,Astro
CEBPB,HA,125,11.6462217831563,Astro
CEBPB,HA,127,10.4646780760256,Astro
CEBPB,HA,154,10.9851500633606,Astro
CEBPB,HA,190,12.3783611278434,Astro
TEAD1,HA,-154,48.0822225630449,Astro
TEAD1,HA,-5,18.4000841762273,Astro
TEAD1,HA,27,51.1425337612934,Astro
TEAD4,HA,-118,47.8576561295035,Astro
TEAD1,HA,-119,48.071225819518,Astro
TEAD4,HA,-31,47.7079626823622,Astro
TEAD4,HA,-11,45.2633658370493,Astro
TEAD1,HA,-7,14.8261281409197,Astro
TEAD4,HA,48,47.1063842571903,Astro
TEAD1,HA,192,52.0109306067809,Astro
TEAD1,HA,-123,47.4681753962409,Astro
STAT3,HA,-27,112.218761136973,Astro
TEAD4,HA,-119,46.2369347415795,Astro
TEAD4,HA,-62,50.5077827349133,Astro
TEAD4,HA,-87,47.85891269151,Astro
TEAD4,HA,4,28.266896771767,Astro
TEAD4,HA,22,54.8722786952704,Astro
TEAD4,HA,163,47.3041094157001,Astro
TEAD1,HA,181,48.1894089393211,Astro
TEAD1,HA,-88,51.2817635435158,Astro
TEAD4,HA,-184,43.4084804229609,Astro
TEAD4,HA,7,29.4990049209596,Astro
TEAD4,HA,194,46.1541287511722,Astro
TEAD1,HA,-137,45.4802159561385,Astro
TEAD1,HA,3,18.0887703863033,Astro
TEAD1,HA,-118,48.8425482936616,Astro
TEAD4,HA,164,49.4299454872142,Astro
TEAD4,HA,171,47.9107522425024,Astro
CEBPB,HA,-200,10.6858074561752,Astro
CEBPB,HA,-195,11.2141337276925,Astro
CEBPB,HA,-162,10.6375899672538,Astro
CEBPB,HA,-150,10.3059978817247,Astro
CEBPB,HA,-147,10.4712701300673,Astro
CEBPB,HA,-135,9.92286542192957,Astro
CEBPB,HA,-120,10.601463813778,Astro
CEBPB,HA,-71,12.042102689111,Astro
CEBPB,HA,-70,12.7564406386207,Astro
CEBPB,HA,-62,11.2665709493314,Astro
CEBPB,HA,-48,12.6359830957064,Astro
CEBPB,HA,-36,11.70098965783,Astro
CEBPB,HA,-31,12.8985764537634,Astro
CEBPB,HA,-23,12.6657479796993,Astro
CEBPB,HA,1,2.78908347213285,Astro
CEBPB,HA,15,12.7769795095466,Astro
CEBPB,HA,25,14.4476032192805,Astro
CEBPB,HA,41,12.4914688647301,Astro
CEBPB,HA,55,14.0363892094767,Astro
CEBPB,HA,63,11.6702039040694,Astro
CEBPB,HA,69,13.4688388582229,Astro
CEBPB,HA,80,12.3318914664223,Astro
CEBPB,HA,81,12.6781248232167,Astro
CEBPB,HA,85,12.8111214525259,Astro
CEBPB,HA,98,12.4378733722019,Astro
CEBPB,HA,107,11.835509390765,Astro
CEBPB,HA,109,11.6275726331184,Astro
CEBPB,HA,114,10.8843904785928,Astro
CEBPB,HA,115,11.794044643832,Astro
CEBPB,HA,-182,10.4532191617626,Astro
CEBPB,HA,-84,12.4827762087674,Astro
TEAD4,HA,59,50.0023752875294,Astro
CEBPB,HA,54,11.9964026820603,Astro
CEBPB,HA,-47,11.9744941545488,Astro
TEAD1,HA,-183,44.1319707473064,Astro
CEBPB,HA,35,13.1423726239593,Astro
CEBPB,HA,136,11.7192622216632,Astro
CEBPB,HA,169,11.6295387837121,Astro
CEBPB,HA,-94,11.3191744563407,Astro
CEBPB,HA,-92,12.8491457905881,Astro
CEBPB,HA,-85,10.6445014680507,Astro
CEBPB,HA,-81,13.0722995440705,Astro
CEBPB,HA,-59,12.9639482258988,Astro
CEBPB,HA,47,12.8696964566832,Astro
CEBPB,HA,66,12.9386640524619,Astro
CEBPB,HA,112,11.9469333359208,Astro
TEAD4,HA,186,47.2705691737976,Astro
CEBPB,HA,-57,12.4810517584058,Astro
CEBPB,HA,13,7.77997673360159,Astro
CEBPB,HA,95,12.6061027901305,Astro
CEBPB,HA,99,13.4538606252246,Astro
CEBPB,HA,149,12.2665068059441,Astro
CEBPB,HA,158,11.7624724814511,Astro
CEBPB,HA,-185,10.4600947068318,Astro
CEBPB,HA,-173,10.6212204404957,Astro
CEBPB,HA,-163,10.8074430648608,Astro
CEBPB,HA,-102,11.4142154148281,Astro
CEBPB,HA,-87,11.5492615558784,Astro
CEBPB,HA,-72,11.89137846183,Astro
CEBPB,HA,-60,11.6917703982499,Astro
CEBPB,HA,-42,11.7971311451138,Astro
CEBPB,HA,-26,14.0762094379031,Astro
CEBPB,HA,-12,10.3164375715445,Astro
CEBPB,HA,36,12.5837382535523,Astro
CEBPB,HA,67,13.0789875796917,Astro
CEBPB,HA,71,13.9470274933467,Astro
CEBPB,HA,74,11.9023424189033,Astro
CEBPB,HA,79,11.8624699810253,Astro
CEBPB,HA,104,11.6493941030076,Astro
CEBPB,HA,140,11.3584707142826,Astro
CEBPB,HA,150,12.1530665372331,Astro
CEBPB,HA,168,12.04487443722,Astro
CEBPB,HA,-174,10.0529157767509,Astro
CEBPB,HA,-169,10.4144096934202,Astro
CEBPB,HA,-139,11.6736089153333,Astro
CEBPB,HA,-136,9.45142252209418,Astro
CEBPB,HA,-121,11.7931021970597,Astro
CEBPB,HA,-103,11.1698794803312,Astro
CEBPB,HA,-44,12.2121292942209,Astro
CEBPB,HA,-17,11.4524438217158,Astro
CEBPB,HA,20,15.8121641610922,Astro
CEBPB,HA,33,12.3736602623941,Astro
CEBPB,HA,-118,10.8110940853099,Astro
CEBPB,HA,-69,10.7439928518681,Astro
CEBPB,HA,141,12.7982355113527,Astro
CEBPB,HA,-9,9.04879180522074,Astro
CEBPB,HA,-129,11.325772804096,Astro
CEBPB,HA,-49,11.7972846064254,Astro
CEBPB,HA,198,12.5338835559911,Astro
CEBPB,HA,102,11.9346384275994,Astro
CEBPB,HA,-75,10.9696231942182,Astro
CEBPB,HA,-119,9.77694965940555,Astro
CEBPB,HA,-5,3.57940933608097,Astro
CEBPB,HA,197,10.8166625278723,Astro
CEBPB,HA,-192,10.5516823144282,Astro
CEBPB,HA,-154,10.34224833939,Astro
CEBPB,HA,-153,11.5379036182328,Astro
CEBPB,HA,-16,10.7388782684639,Astro
CEBPB,HA,27,13.0093844493771,Astro
CEBPB,HA,126,11.555059067684,Astro
CEBPB,HA,170,11.7921469589668,Astro
CEBPB,HA,11,9.67811964906126,Astro
CEBPB,HA,164,10.4284307653477,Astro
CEBPB,HA,-158,10.988392322083,Astro
CEBPB,HA,38,13.2654444484455,Astro
CEBPB,HA,-164,10.1643292730876,Astro
CEBPB,HA,-97,11.3689241586921,Astro
CEBPB,HA,-7,3.34590138600479,Astro
CEBPB,HA,116,10.8781250684962,Astro
CEBPB,HA,3,2.97257623620027,Astro
CEBPB,HA,46,12.7642819910988,Astro
CEBPB,HA,-184,9.35218798860253,Astro
CEBPB,HA,-166,10.5362732536278,Astro
CEBPB,HA,143,12.7150359879795,Astro
CEBPB,HA,86,12.428541344721,Astro
CEBPB,HA,-197,10.7782465088143,Astro
CEBPB,HA,-183,9.63034785162041,Astro
CEBPB,HA,-193,9.83919061053768,Astro
CEBPB,HA,-89,11.9299874892213,Astro
CEBPB,HA,-106,10.7935394278589,Astro
CEBPB,HA,-157,10.5423538853616,Astro
CEBPB,HA,-61,11.2098657084437,Astro
CEBPB,HA,-21,13.5579899822713,Astro
NFKB1,YA,90,85.7168438546669,Micro
NFKB1,YA,163,95.6910384268212,Micro
NFKB1,YA,191,98.8637343032992,Micro
TEAD1,YA,-182,43.1572242986334,Micro
TEAD4,YA,-182,36.007891399751,Micro
TEAD1,YA,-171,44.6877263621756,Micro
TEAD4,YA,-171,38.1035277474025,Micro
TEAD1,YA,101,46.9200433790248,Micro
TEAD4,YA,101,41.5113270547428,Micro
CEBPB,YA,10,10.0905304845328,Micro
TEAD1,YA,134,39.0030494089702,Micro
TEAD4,YA,134,39.0652891433966,Micro
CEBPB,YA,43,20.5186592023026,Micro
TEAD1,YA,185,43.2591184825238,Micro
TEAD4,YA,185,40.7660163565049,Micro
CEBPB,YA,94,16.1925684012034,Micro
CEBPB,YA,138,16.2737802293195,Micro
CEBPB,YA,157,12.5452269475592,Micro
CEBPB,YA,170,11.5373183877876,Micro
CEBPB,YA,173,15.7784436735239,Micro
CEBPB,YA,199,14.8496343127586,Micro
CEBPB,YA,200,12.7292766760799,Micro
CEBPB,YA,30,18.2584092881169,Micro
CEBPB,YA,89,15.8612614537729,Micro
CEBPB,YA,113,15.8383101970329,Micro
IRF1,YA,-169,292.292388728059,Micro
IRF1,YA,-81,350.168709398094,Micro
IRF1,YA,-50,425.264927663424,Micro
IRF1,YA,-33,452.539537766027,Micro
IRF1,YA,-28,436.393583686732,Micro
IRF1,YA,-25,444.97598781884,Micro
IRF1,YA,-15,208.81377276073,Micro
IRF1,YA,-2,77.5611081968568,Micro
IRF1,YA,3,51.8900147020105,Micro
IRF1,YA,23,440.858471213544,Micro
IRF1,YA,42,498.840178737252,Micro
IRF1,YA,47,453.251770059024,Micro
IRF1,YA,55,428.130465058381,Micro
IRF1,YA,91,382.105165598698,Micro
IRF1,YA,178,357.72280978381,Micro
IRF1,YA,-91,344.804078384711,Micro
IRF1,YA,89,377.347543322953,Micro
IRF1,YA,109,394.082359381688,Micro
RELA,YA,23,64.4433992439199,Micro
RELA,YA,97,64.0093193690366,Micro
NFKB1,YA,-54,87.8765826711564,Micro
NFKB1,YA,-31,87.0308687281506,Micro
NFKB1,YA,108,80.7307750586255,Micro
NFKB1,YA,-198,100.52117588432,Micro
NFKB1,YA,-194,97.8599870795705,Micro
NFKB1,YA,-175,78.6854135548076,Micro
NFKB1,YA,-118,83.086985023574,Micro
NFKB1,YA,186,85.5469205989513,Micro
RELA,YA,61,66.4834690466973,Micro
NFKB1,YA,60,91.4239868571567,Micro
RELA,YA,102,66.1865357911355,Micro
NFKB1,YA,101,103.071871059896,Micro
RELA,YA,161,65.368071797321,Micro
NFKB1,YA,160,79.6945886377691,Micro
RELA,YA,179,58.2872956174313,Micro
NFKB1,YA,178,95.022379931358,Micro
RELA,YA,195,61.4553527337473,Micro
NFKB1,YA,194,95.7836656564538,Micro
RELA,YA,-174,58.8086646605366,Micro
RELA,YA,-155,57.8460602980366,Micro
RELA,YA,-191,57.4933400929724,Micro
RELA,YA,30,71.3291251589252,Micro
RELA,YA,-6,98.8663150601635,Micro
RELA,YA,-45,58.4586667907972,Micro
RELA,YA,-154,61.6867902506388,Micro
RELA,YA,93,65.6144999047305,Micro
RELA,YA,57,63.5315537826079,Micro
RELA,YA,18,70.6156205850209,Micro
RELA,YA,-91,66.0658185847098,Micro
RELA,YA,137,65.6304480886513,Micro
RELA,YA,101,68.8154677192218,Micro
RELA,YA,62,62.3966415427074,Micro
RELA,YA,-47,78.1264751062865,Micro
RELA,YA,143,66.5925894081877,Micro
RELA,YA,104,57.7284121834344,Micro
RELA,YA,-5,88.8754244767462,Micro
RELA,YA,187,61.6400419936132,Micro
RELA,YA,151,63.514530484159,Micro
RELA,YA,112,57.592505613027,Micro
RELA,YA,3,48.453879983696,Micro
RELA,YA,94,64.5118253444295,Micro
RELA,YA,103,57.0465334260189,Micro
RELA,YA,124,61.2609729564212,Micro
RELA,YA,125,62.6242145762305,Micro
RELA,YA,128,62.2347459558119,Micro
RELA,YA,155,64.8410347644893,Micro
RELA,YA,159,65.2424554411229,Micro
RELA,YA,168,59.0812141591372,Micro
RELA,YA,180,56.7504867451934,Micro
NFKB1,YA,-92,95.8239615621049,Micro
NFKB1,YA,123,81.6178928332043,Micro
NFKB1,YA,187,85.9446772818407,Micro
NFKB1,YA,197,84.7737102812528,Micro
NFKB1,YA,-187,81.537216038003,Micro
NFKB1,YA,-84,83.8009675539979,Micro
NFKB1,YA,-21,94.3589284748561,Micro
NFKB1,YA,10,129.396454104406,Micro
NFKB1,YA,11,71.454239821521,Micro
NFKB1,YA,21,74.2440150402078,Micro
NFKB1,YA,53,78.633025050691,Micro
NFKB1,YA,70,88.0951780660176,Micro
NFKB1,YA,147,91.4825346047462,Micro
RELA,YA,-93,55.9572754976457,Micro
RELA,YA,-56,54.5847528815439,Micro
RELA,YA,-34,58.9363770249871,Micro
RELA,YA,111,68.092087992026,Micro
RELA,YA,160,67.5345687727549,Micro
RELA,YA,-195,54.0689998937322,Micro
RELA,YA,-99,67.3312977586848,Micro
RELA,YA,-59,61.6316476728107,Micro
RELA,YA,-29,68.2476694901432,Micro
RELA,YA,-16,65.4036405286614,Micro
RELA,YA,4,86.5536717144666,Micro
RELA,YA,14,73.3323888618047,Micro
RELA,YA,15,64.9969519986236,Micro
RELA,YA,34,60.8450583985824,Micro
RELA,YA,46,58.3821230587389,Micro
IRF1,YA,-197,314.511549054723,Micro
IRF1,YA,-75,352.952138138044,Micro
TEAD1,YA,-129,38.5958459952562,Micro
TEAD4,YA,-129,44.1981994244881,Micro
TEAD1,YA,-104,35.6445098605749,Micro
TEAD4,YA,-104,37.9757960691186,Micro
IRF1,YA,-184,299.459206792151,Micro
IRF1,YA,50,439.944716441735,Micro
TEAD1,YA,-4,94.1520388618317,Micro
TEAD4,YA,-4,78.3351758559908,Micro
IRF1,YA,-84,377.687602346721,Micro
IRF1,YA,-152,347.337351732586,Micro
IRF1,YA,-158,311.767322899538,Micro
IRF1,YA,-164,288.539456659689,Micro
IRF1,YA,105,379.851914184717,Micro
TEAD1,YA,51,38.4232578146158,Micro
TEAD4,YA,51,33.5426904319749,Micro
IRF1,YA,-29,417.806984475695,Micro
IRF1,YA,-97,348.105557122729,Micro
IRF1,YA,-103,338.595517760697,Micro
IRF1,YA,-109,367.493105826824,Micro
IRF1,YA,124,404.834462942114,Micro
TEAD1,YA,70,47.0544454271352,Micro
TEAD4,YA,70,43.812755736699,Micro
IRF1,YA,-10,181.190905285764,Micro
IRF1,YA,-78,369.523442077186,Micro
IRF1,YA,-90,356.943278699706,Micro
IRF1,YA,147,378.507957157964,Micro
TEAD1,YA,93,39.4311249265653,Micro
TEAD4,YA,93,38.2645767107515,Micro
IRF1,YA,13,212.227630284094,Micro
IRF1,YA,-55,394.584491242444,Micro
IRF1,YA,-61,404.567838067503,Micro
IRF1,YA,-67,398.46037510152,Micro
IRF1,YA,182,367.481663455591,Micro
TEAD1,YA,128,40.6273034857884,Micro
TEAD4,YA,128,42.95698960938,Micro
IRF1,YA,48,442.05694393984,Micro
IRF1,YA,-20,303.670483207282,Micro
IRF1,YA,-26,446.358578650595,Micro
IRF1,YA,-32,421.076605725323,Micro
IRF1,YA,186,363.351968012067,Micro
TEAD1,YA,132,38.8269245376519,Micro
TEAD4,YA,132,38.438952907845,Micro
IRF1,YA,52,426.334859719092,Micro
IRF1,YA,-16,246.48818588206,Micro
IRF1,YA,-22,402.89807316647,Micro
IRF1,YA,187,355.471919077769,Micro
TEAD1,YA,133,42.5387787903776,Micro
TEAD4,YA,133,46.6107436233193,Micro
IRF1,YA,53,412.965975607599,Micro
IRF1,YA,-21,348.122006716571,Micro
IRF1,YA,-27,424.634288653976,Micro
IRF1,YA,192,362.513318491545,Micro
TEAD1,YA,138,47.6055539971468,Micro
TEAD4,YA,138,37.9771633842093,Micro
IRF1,YA,58,406.731896912944,Micro
TEAD1,YA,154,39.0128478189488,Micro
TEAD4,YA,154,43.3834646709311,Micro
IRF1,YA,74,390.404168322841,Micro
IRF1,YA,6,108.64327643675,Micro
IRF1,YA,0,80.4713910704385,Micro
IRF1,YA,-6,84.5782433248444,Micro
TEAD1,YA,184,40.7394776805936,Micro
TEAD4,YA,184,43.2078249144898,Micro
IRF1,YA,104,378.50090561784,Micro
IRF1,YA,36,452.489043822123,Micro
IRF1,YA,30,463.550964427608,Micro
IRF1,YA,24,437.702285830779,Micro
IRF1,YA,123,392.652275658197,Micro
IRF1,YA,49,440.000405108655,Micro
IRF1,YA,43,457.16405213351,Micro
IRF1,YA,56,412.351145921793,Micro
IRF1,YA,44,452.63471755682,Micro
IRF1,YA,139,378.845486751617,Micro
IRF1,YA,71,402.986379927605,Micro
IRF1,YA,65,404.99944385867,Micro
IRF1,YA,59,420.913729846503,Micro
IRF1,YA,144,393.837645195184,Micro
IRF1,YA,76,396.060323228813,Micro
IRF1,YA,70,389.520006925269,Micro
IRF1,YA,64,382.813361237875,Micro
IRF1,YA,156,351.205944010334,Micro
IRF1,YA,88,379.894014609953,Micro
IRF1,YA,82,386.034325211624,Micro
IRF1,YA,160,342.303466266352,Micro
IRF1,YA,92,399.375172851026,Micro
IRF1,YA,86,392.032044121564,Micro
IRF1,YA,80,393.632905489579,Micro
IRF1,YA,161,355.741823437248,Micro
IRF1,YA,93,376.998708953938,Micro
IRF1,YA,87,393.77914767955,Micro
IRF1,YA,81,388.509189199837,Micro
IRF1,YA,170,336.199648811462,Micro
IRF1,YA,102,374.993595997742,Micro
IRF1,YA,96,378.929866165907,Micro
IRF1,YA,90,377.858671312267,Micro
IRF1,YA,166,351.299581847877,Micro
IRF1,YA,154,348.317741576332,Micro
IRF1,YA,171,353.379518069877,Micro
IRF1,YA,165,347.627854667909,Micro
IRF1,YA,159,364.922417252183,Micro
TEAD4,YA,-192,32.8576382431728,Micro
TEAD1,YA,-193,38.3461004021361,Micro
TEAD4,YA,-146,35.3827312420251,Micro
TEAD1,YA,-147,43.4516976022479,Micro
TEAD4,YA,-84,40.565747634314,Micro
TEAD1,YA,-85,39.7002724074203,Micro
TEAD4,YA,-17,39.6665461574287,Micro
TEAD1,YA,-18,45.7855858013873,Micro
TEAD4,YA,121,45.3299315772263,Micro
TEAD1,YA,120,41.8024241651409,Micro
TEAD4,YA,140,41.8013789427919,Micro
TEAD1,YA,139,39.8454880012625,Micro
TEAD4,YA,151,39.2828475228033,Micro
TEAD1,YA,150,43.5650276371727,Micro
TEAD4,YA,169,41.8433169212569,Micro
TEAD1,YA,168,42.0281069274476,Micro
TEAD4,YA,194,38.3501931169827,Micro
TEAD1,YA,193,41.9054069348073,Micro
NFKB1,YA,164,89.9480105784711,Micro
RELA,YA,55,65.6258895331434,Micro
NFKB1,YA,96,96.0630977416676,Micro
NFKB1,YA,176,80.325012304554,Micro
RELA,YA,-198,55.3393063512808,Micro
RELA,YA,-150,56.5395942501441,Micro
RELA,YA,-142,59.0624071233563,Micro
RELA,YA,-76,61.7681289064743,Micro
RELA,YA,10,66.8559640019177,Micro
RELA,YA,59,76.9882579372047,Micro
RELA,YA,84,71.624463310854,Micro
IRF1,YA,-104,344.369787751817,Micro
IRF1,YA,10,170.206304560563,Micro
IRF1,YA,79,400.398036677719,Micro
IRF1,YA,125,417.281382783223,Micro
NFKB1,YA,-19,78.0914102289377,Micro
NFKB1,YA,38,81.6965205306375,Micro
NFKB1,YA,66,84.7019161522344,Micro
NFKB1,YA,109,96.2838588216157,Micro
NFKB1,YA,175,93.4467695053141,Micro
NFKB1,YA,-108,74.6684475792716,Micro
NFKB1,YA,115,82.2944207616031,Micro
NFKB1,YA,-180,90.5423247023688,Micro
NFKB1,YA,-174,80.2067774593614,Micro
NFKB1,YA,4,173.325403136914,Micro
NFKB1,YA,5,174.134288784997,Micro
NFKB1,YA,14,108.475614052639,Micro
NFKB1,YA,68,73.2709068878629,Micro
NFKB1,YA,73,71.2366132694566,Micro
NFKB1,YA,102,79.8860485698199,Micro
NFKB1,YA,104,79.5119693414855,Micro
TEAD4,YA,142,37.918745962493,Micro
TEAD1,YA,18,43.3010041839963,Micro
TEAD4,YA,181,39.7756085892114,Micro
TEAD1,YA,57,42.0137099322413,Micro
TEAD1,YA,91,46.5391724727842,Micro
TEAD1,YA,161,45.6277327673048,Micro
RELA,YA,-132,61.9665756266555,Micro
NFKB1,YA,-132,90.1648783285971,Micro
RELA,YA,-123,59.6315878532931,Micro
NFKB1,YA,-123,82.2511519600919,Micro
RELA,YA,-87,67.7314270463123,Micro
NFKB1,YA,-87,85.6725700059399,Micro
RELA,YA,39,59.2922523095443,Micro
NFKB1,YA,39,113.63460954684,Micro
RELA,YA,69,69.1494896987865,Micro
NFKB1,YA,69,104.769990062153,Micro
RELA,YA,127,62.8223110275561,Micro
NFKB1,YA,127,77.2596937625433,Micro
RELA,YA,141,72.4267959834932,Micro
NFKB1,YA,141,99.96168452164,Micro
RELA,YA,162,59.5601116617949,Micro
NFKB1,YA,162,91.5013278477303,Micro
RELA,YA,169,64.7921728077035,Micro
NFKB1,YA,169,84.3296942396396,Micro
IRF1,YA,-196,311.727872108437,Micro
RELA,YA,176,54.4505547228468,Micro
IRF1,YA,-189,283.86046142386,Micro
RELA,YA,189,57.4113474591545,Micro
NFKB1,YA,189,91.9509757876933,Micro
IRF1,YA,-176,288.283082271313,Micro
RELA,YA,193,55.5827790379062,Micro
NFKB1,YA,193,82.1162407334812,Micro
IRF1,YA,-172,286.603591096779,Micro
RELA,YA,196,60.5145030249222,Micro
NFKB1,YA,196,75.9328057139554,Micro
IRF1,YA,-134,358.245576104039,Micro
IRF1,YA,-71,370.799759739363,Micro
IRF1,YA,-62,397.309501562819,Micro
IRF1,YA,-37,430.797593980533,Micro
IRF1,YA,4,96.4442103906384,Micro
IRF1,YA,18,314.609512231515,Micro
IRF1,YA,21,430.271116974071,Micro
IRF1,YA,27,456.305795166895,Micro
IRF1,YA,32,452.205083140735,Micro
IRF1,YA,35,444.825891925832,Micro
IRF1,YA,38,472.942002243821,Micro
IRF1,YA,57,397.248123462611,Micro
IRF1,YA,62,419.020246106001,Micro
IRF1,YA,67,383.755408467351,Micro
IRF1,YA,68,394.852251958635,Micro
IRF1,YA,72,392.200487688468,Micro
IRF1,YA,75,401.373800806804,Micro
IRF1,YA,95,362.151307953734,Micro
IRF1,YA,108,418.768244260406,Micro
IRF1,YA,112,396.664538752215,Micro
IRF1,YA,113,432.208407390701,Micro
IRF1,YA,128,380.342680398096,Micro
IRF1,YA,138,374.9493633313,Micro
IRF1,YA,143,367.291285449721,Micro
IRF1,YA,148,377.743838766863,Micro
IRF1,YA,149,376.059193183715,Micro
IRF1,YA,152,363.769924028025,Micro
IRF1,YA,167,349.39245120485,Micro
IRF1,YA,172,353.5782190498,Micro
IRF1,YA,174,341.413529247765,Micro
NFKB1,YA,-89,81.0027792412778,Micro
NFKB1,YA,-41,93.9215610788103,Micro
NFKB1,YA,-133,90.9365864891223,Micro
IRF1,YA,-87,367.530644491904,Micro
IRF1,YA,-18,277.29047277056,Micro
IRF1,YA,84,386.284120813058,Micro
RELA,YA,-181,67.170655492099,Micro
RELA,YA,-168,61.6709175556618,Micro
RELA,YA,-166,56.9002164114889,Micro
RELA,YA,-149,62.950854309775,Micro
RELA,YA,-139,64.6235419667503,Micro
RELA,YA,-104,60.352105896811,Micro
RELA,YA,-102,80.2318975611295,Micro
RELA,YA,-86,65.9186745463223,Micro
RELA,YA,-43,64.7903005678392,Micro
RELA,YA,-38,59.7211813753431,Micro
RELA,YA,-37,58.0757030637174,Micro
RELA,YA,-12,62.7823494992999,Micro
RELA,YA,149,68.5615750876554,Micro
RELA,YA,165,63.2554362192436,Micro
RELA,YA,166,61.1970314188871,Micro
RELA,YA,188,63.0482577714956,Micro
STAT3,YA,-142,79.7902614880986,Micro
STAT3,YA,-131,80.0373854239381,Micro
STAT3,YA,-129,78.3564746462408,Micro
STAT3,YA,-108,79.4786846604752,Micro
STAT3,YA,-77,83.1819329574139,Micro
STAT3,YA,-62,89.8105148798056,Micro
STAT3,YA,-56,96.1954209017129,Micro
STAT3,YA,-55,101.771846174695,Micro
STAT3,YA,-54,92.5803348816569,Micro
STAT3,YA,-49,87.9777300871697,Micro
STAT3,YA,-45,87.2074613477228,Micro
STAT3,YA,-18,98.884980349363,Micro
STAT3,YA,0,158.384995949708,Micro
STAT3,YA,52,91.5945586744274,Micro
STAT3,YA,60,94.1047844181326,Micro
STAT3,YA,82,93.763925214573,Micro
STAT3,YA,87,86.9400926252479,Micro
STAT3,YA,91,88.684084900744,Micro
STAT3,YA,99,87.5787658681362,Micro
STAT3,YA,101,86.6451798608926,Micro
STAT3,YA,106,83.1875008887276,Micro
STAT3,YA,108,84.9017254925134,Micro
STAT3,YA,114,87.1845739120863,Micro
STAT3,YA,119,89.9808138828458,Micro
STAT3,YA,121,89.6731463948251,Micro
STAT3,YA,126,82.0452490300447,Micro
STAT3,YA,129,98.9653889048892,Micro
STAT3,YA,150,85.1322006814112,Micro
STAT3,YA,165,91.2534582865871,Micro
STAT3,YA,177,89.7487040769295,Micro
RELA,YA,-159,54.8358255938956,Micro
RELA,YA,-138,60.6174931389535,Micro
RELA,YA,42,65.2505122634427,Micro
RELA,YA,47,66.3733973951785,Micro
RELA,YA,122,59.8666911888905,Micro
RELA,YA,148,64.5606219330974,Micro
RELA,YA,-199,58.2229340357499,Micro
NFKB1,YA,-114,86.0294147530506,Micro
RELA,YA,-115,65.4912072551135,Micro
NFKB1,YA,-38,73.3388931193327,Micro
RELA,YA,-39,60.8809626297184,Micro
NFKB1,YA,65,76.9427365094899,Micro
RELA,YA,64,67.8835535686089,Micro
TEAD4,YA,-161,34.8811853990251,Micro
TEAD1,YA,-162,38.9316006295484,Micro
STAT3,YA,-197,78.3468593881941,Micro
STAT3,YA,-178,74.4148642764533,Micro
STAT3,YA,200,98.1702714973197,Micro
STAT3,YA,137,91.808859449631,Micro
STAT3,YA,-194,80.3150517328715,Micro
STAT3,YA,-189,79.2330446404833,Micro
STAT3,YA,-188,86.6884116342875,Micro
STAT3,YA,-184,97.8113579136591,Micro
STAT3,YA,-183,81.9511031967842,Micro
STAT3,YA,-174,76.6110851906342,Micro
STAT3,YA,-169,71.7250887686821,Micro
STAT3,YA,-166,75.9242836637988,Micro
STAT3,YA,-164,69.7988071061464,Micro
STAT3,YA,-159,81.4826566686051,Micro
STAT3,YA,-144,76.7329984975416,Micro
STAT3,YA,-136,71.7922738566212,Micro
STAT3,YA,-130,86.5281025846806,Micro
STAT3,YA,-120,91.280919269262,Micro
STAT3,YA,-105,78.6291304971957,Micro
STAT3,YA,-95,80.4877202767846,Micro
STAT3,YA,-69,88.7527822411419,Micro
STAT3,YA,-64,80.2076053688439,Micro
STAT3,YA,-32,86.576160570856,Micro
STAT3,YA,-22,100.5488285803,Micro
STAT3,YA,-2,174.985392116738,Micro
STAT3,YA,9,87.8437937064525,Micro
STAT3,YA,48,97.1381826833575,Micro
STAT3,YA,76,87.2893807200125,Micro
STAT3,YA,78,86.9451755832973,Micro
STAT3,YA,105,90.5757122676833,Micro
STAT3,YA,167,82.4712099028356,Micro
STAT3,YA,54,102.222244112628,Micro
STAT3,YA,84,96.267649941303,Micro
RELA,YA,-153,60.1146720323458,Micro
RELA,YA,-125,55.5212553141266,Micro
RELA,YA,-118,71.6756067790024,Micro
RELA,YA,-111,65.8314571266423,Micro
RELA,YA,-106,59.7598557574082,Micro
RELA,YA,-77,58.2044414448889,Micro
RELA,YA,-73,64.5689220747473,Micro
RELA,YA,-54,64.0374334196562,Micro
RELA,YA,-42,61.9889383706106,Micro
RELA,YA,25,64.9727527607886,Micro
RELA,YA,67,67.2577582154426,Micro
RELA,YA,86,66.6536410519448,Micro
RELA,YA,200,66.1785067804592,Micro
STAT3,YA,-170,76.6001519619662,Micro
STAT3,YA,-112,84.1990979904684,Micro
STAT3,YA,-73,76.9510826119885,Micro
STAT3,YA,-11,88.8158645820739,Micro
STAT3,YA,153,86.9770485383636,Micro
RELA,YA,-127,61.2698304294885,Micro
RELA,YA,-27,60.1756712753935,Micro
RELA,YA,-25,63.0913286711946,Micro
RELA,YA,-9,38.5850757059135,Micro
RELA,YA,1,26.5096434250801,Micro
RELA,YA,99,63.2133255603784,Micro
RELA,YA,121,63.3157691540589,Micro
RELA,YA,171,67.923070624901,Micro
RELA,YA,-184,58.1885703272278,Micro
RELA,YA,-112,60.8643553386932,Micro
RELA,YA,-110,71.045892530386,Micro
NFKB1,YA,-78,88.6100989333366,Micro
NFKB1,YA,-68,73.4345795784915,Micro
NFKB1,YA,-62,79.5126506499927,Micro
NFKB1,YA,-42,94.2322034224542,Micro
NFKB1,YA,-30,73.4828426796875,Micro
NFKB1,YA,-15,71.322292019576,Micro
NFKB1,YA,-11,82.3808522911779,Micro
NFKB1,YA,12,82.7023846233163,Micro
NFKB1,YA,71,98.8727646911142,Micro
NFKB1,YA,81,90.1939980028012,Micro
NFKB1,YA,87,87.152500176228,Micro
NFKB1,YA,113,81.0287823638103,Micro
NFKB1,YA,134,88.405009044543,Micro
NFKB1,YA,137,83.2763843012012,Micro
NFKB1,YA,142,96.6545573948523,Micro
NFKB1,YA,159,88.7967273235842,Micro
NFKB1,YA,168,74.9245419548537,Micro
NFKB1,YA,195,95.3285950035194,Micro
CEBPB,YA,-199,11.0220814050235,Micro
CEBPB,YA,-191,14.4634895511557,Micro
CEBPB,YA,-189,10.6920413282093,Micro
CEBPB,YA,-180,10.0002314062267,Micro
CEBPB,YA,-167,9.94505293288425,Micro
CEBPB,YA,-165,14.60458509298,Micro
CEBPB,YA,-138,15.115352212131,Micro
CEBPB,YA,-116,13.7388933764764,Micro
CEBPB,YA,-104,12.4734361458385,Micro
CEBPB,YA,-94,14.268051161129,Micro
CEBPB,YA,-89,14.4881097716855,Micro
CEBPB,YA,-68,15.5814741474422,Micro
CEBPB,YA,-63,13.763208350805,Micro
CEBPB,YA,-56,15.8842003085886,Micro
CEBPB,YA,-43,18.6330963000455,Micro
CEBPB,YA,-37,15.5164014608299,Micro
CEBPB,YA,-35,15.9004733954533,Micro
CEBPB,YA,-23,23.1731331919298,Micro
CEBPB,YA,-20,17.4761139327292,Micro
CEBPB,YA,-19,18.358783367867,Micro
CEBPB,YA,-18,17.037119491925,Micro
CEBPB,YA,-6,9.75785961049124,Micro
CEBPB,YA,-4,2.86564913942843,Micro
CEBPB,YA,2,36.3681697051427,Micro
CEBPB,YA,7,41.114540730342,Micro
CEBPB,YA,8,9.76938891904826,Micro
CEBPB,YA,25,21.2120979823261,Micro
CEBPB,YA,31,18.5364112835551,Micro
CEBPB,YA,32,19.3930856380268,Micro
CEBPB,YA,34,14.2918305397584,Micro
CEBPB,YA,40,16.8715533770291,Micro
CEBPB,YA,59,14.3393703482832,Micro
CEBPB,YA,60,18.8998707548807,Micro
CEBPB,YA,70,22.4737143414621,Micro
CEBPB,YA,72,13.2184061531105,Micro
CEBPB,YA,75,16.9456249583093,Micro
CEBPB,YA,76,15.4280919815161,Micro
CEBPB,YA,77,18.7838469694288,Micro
CEBPB,YA,105,12.7450244202313,Micro
CEBPB,YA,106,12.16368634759,Micro
CEBPB,YA,111,17.0048279745169,Micro
CEBPB,YA,125,14.3683548461083,Micro
CEBPB,YA,129,13.1768178428698,Micro
CEBPB,YA,131,15.4542338592384,Micro
CEBPB,YA,133,10.7478391290356,Micro
CEBPB,YA,156,15.1333325910825,Micro
CEBPB,YA,161,25.0404344774234,Micro
CEBPB,YA,163,12.2147893964022,Micro
CEBPB,YA,166,13.1334684397124,Micro
CEBPB,YA,171,11.8390958988299,Micro
CEBPB,YA,174,12.1435809935989,Micro
CEBPB,YA,175,18.2464532901764,Micro
CEBPB,YA,180,16.7034003787156,Micro
CEBPB,YA,181,12.36834253903,Micro
CEBPB,YA,183,10.6483109031055,Micro
CEBPB,YA,188,12.322055795605,Micro
CEBPB,YA,193,12.4151477446182,Micro
CEBPB,YA,198,15.1151107961183,Micro
NFKB1,YA,-138,79.6184559039654,Micro
NFKB1,YA,-112,83.0376265998825,Micro
NFKB1,YA,-98,73.4604432159537,Micro
NFKB1,YA,30,77.4211615721976,Micro
NFKB1,YA,52,92.1186021404556,Micro
TEAD4,YA,187,45.1714853645082,Micro
NFKB1,YA,-192,91.9247274398086,Micro
NFKB1,YA,-191,78.105302850811,Micro
NFKB1,YA,-178,94.1062990014346,Micro
NFKB1,YA,-172,85.0832505187283,Micro
NFKB1,YA,-145,89.9440423597121,Micro
NFKB1,YA,-134,100.547546044351,Micro
NFKB1,YA,-127,88.1471612773856,Micro
NFKB1,YA,-173,75.3195920818427,Micro
NFKB1,YA,-35,88.6748381341886,Micro
NFKB1,YA,-81,79.8318202686673,Micro
NFKB1,YA,-28,78.8601353396581,Micro
NFKB1,YA,-74,76.8178358310326,Micro
NFKB1,YA,-7,193.51487351773,Micro
NFKB1,YA,-53,84.0957929146922,Micro
NFKB1,YA,35,97.162720674656,Micro
NFKB1,YA,41,79.5780607396185,Micro
NFKB1,YA,150,88.1847162082639,Micro
NFKB1,YA,-184,91.3261396322766,Micro
NFKB1,YA,17,75.6003207389834,Micro
NFKB1,YA,26,76.4168889380091,Micro
NFKB1,YA,46,88.2560925823053,Micro
NFKB1,YA,77,92.1191739368197,Micro
STAT3,YA,50,97.0634072476946,Micro
STAT3,YA,-175,82.3970321670569,Micro
STAT3,YA,-150,80.2813330404967,Micro
STAT3,YA,-149,93.5854076916124,Micro
STAT3,YA,-141,90.7234009687752,Micro
STAT3,YA,-100,84.0367715397144,Micro
STAT3,YA,-99,87.8081475401266,Micro
STAT3,YA,-97,82.3905788046535,Micro
RELA,YA,-200,56.8352132134697,Micro
STAT3,YA,-82,91.7201647410194,Micro
RELA,YA,-185,57.3362982334508,Micro
NFKB1,YA,-186,75.0959213142316,Micro
NFKB1,YA,-160,78.403735774678,Micro
RELA,YA,-157,58.6372258769743,Micro
NFKB1,YA,-158,80.9931763296208,Micro
STAT3,YA,-44,85.5330509060621,Micro
RELA,YA,-147,60.230933986918,Micro
NFKB1,YA,-148,93.2324190797445,Micro
STAT3,YA,-21,87.4469975861819,Micro
RELA,YA,-124,64.0736937834128,Micro
NFKB1,YA,-125,76.1408883796002,Micro
STAT3,YA,-19,91.0497556803903,Micro
RELA,YA,-122,62.1747413161126,Micro
STAT3,YA,15,87.7727198181963,Micro
RELA,YA,-88,53.5520193580715,Micro
STAT3,YA,152,90.2747491353195,Micro
RELA,YA,49,62.7251791933466,Micro
NFKB1,YA,48,85.4310896070707,Micro
STAT3,YA,195,83.8783770401123,Micro
RELA,YA,92,65.102148738677,Micro
NFKB1,YA,91,91.3028237011598,Micro
RELA,YA,-44,64.9853389288178,Micro
RELA,YA,131,59.6350787933306,Micro
RELA,YA,177,65.458181895963,Micro
STAT3,YA,-79,89.4984345494349,Micro
STAT3,YA,-74,87.4664811875947,Micro
STAT3,YA,-40,89.3076275574318,Micro
STAT3,YA,-10,105.428859194608,Micro
STAT3,YA,-8,27.3575808977655,Micro
STAT3,YA,-3,38.2863846386704,Micro
STAT3,YA,21,86.5179534109845,Micro
STAT3,YA,86,98.4132842081052,Micro
STAT3,YA,104,85.5327884232505,Micro
STAT3,YA,120,91.7807987185558,Micro
STAT3,YA,130,94.2617513638424,Micro
STAT3,YA,140,96.2007671259521,Micro
STAT3,YA,160,87.6898977410656,Micro
STAT3,YA,171,84.9150759321601,Micro
STAT3,YA,172,85.4739063685838,Micro
STAT3,YA,187,81.9200890224345,Micro
STAT3,YA,-93,90.0538100727104,Micro
STAT3,YA,-83,89.3292214315374,Micro
STAT3,YA,-28,108.290031046571,Micro
STAT3,YA,24,102.78430895861,Micro
STAT3,YA,83,92.8917620810903,Micro
STAT3,YA,111,82.0459615614543,Micro
STAT3,YA,122,96.9885074554874,Micro
STAT3,YA,127,99.9438201385687,Micro
STAT3,YA,196,85.93688767843,Micro
STAT3,YA,198,89.5510365666107,Micro
TEAD1,YA,67,43.6371522254349,Micro
TEAD4,YA,67,39.3951242144323,Micro
TEAD1,YA,111,38.6994682236203,Micro
TEAD4,YA,111,38.5432302069165,Micro
TEAD1,YA,118,41.2962938188038,Micro
TEAD4,YA,118,40.0207863748686,Micro
RELA,YA,145,59.9390415870467,Micro
RELA,YA,167,55.2626313240704,Micro
NFKB1,YA,15,89.0016038365439,Micro
IRF1,YA,-23,413.598591882315,Micro
IRF1,YA,39,465.254819616545,Micro
NFKB1,YA,-103,91.3188549608313,Micro
IRF1,YA,-200,319.385654533115,Micro
NFKB1,YA,56,78.8932805541285,Micro
IRF1,YA,-41,459.160223514032,Micro
IRF1,YA,-42,474.291628370841,Micro
IRF1,YA,-43,449.970678364751,Micro
IRF1,YA,-44,436.925780801437,Micro
IRF1,YA,-45,458.55069982861,Micro
IRF1,YA,-46,450.618519310886,Micro
IRF1,YA,-47,444.080212733456,Micro
IRF1,YA,-48,412.647914817323,Micro
IRF1,YA,-49,437.435906988232,Micro
IRF1,YA,-51,401.463392382823,Micro
IRF1,YA,-52,426.689719367956,Micro
IRF1,YA,-53,425.437520787914,Micro
IRF1,YA,-54,400.483906269898,Micro
IRF1,YA,-57,381.96220766581,Micro
IRF1,YA,-58,377.742568056205,Micro
IRF1,YA,200,382.851788834011,Micro
IRF1,YA,199,370.1047050082,Micro
IRF1,YA,198,365.798007816134,Micro
IRF1,YA,197,389.354116292134,Micro
IRF1,YA,194,390.586855067866,Micro
IRF1,YA,193,365.732294210909,Micro
RELA,YA,-67,63.9766498482877,Micro
RELA,YA,-17,67.0859514601046,Micro
RELA,YA,182,58.5707826949759,Micro
IRF1,YA,-59,396.188024107035,Micro
IRF1,YA,-65,390.820125285825,Micro
IRF1,YA,-24,448.060515550589,Micro
IRF1,YA,33,442.797126730749,Micro
IRF1,YA,77,386.969575918824,Micro
IRF1,YA,73,397.168279086604,Micro
IRF1,YA,106,382.685165924941,Micro
IRF1,YA,103,405.982791807964,Micro
IRF1,YA,169,328.93146798872,Micro
IRF1,YA,189,347.515905627058,Micro
IRF1,YA,183,347.066173265067,Micro
STAT3,YA,71,89.2448896796322,Micro
STAT3,YA,110,83.7636740787024,Micro
STAT3,YA,128,82.3583429520793,Micro
STAT3,YA,164,83.2323639367775,Micro
STAT3,YA,194,82.7544348878166,Micro
RELA,YA,-187,56.4409633499888,Micro
NFKB1,YA,-188,88.5374546870066,Micro
RELA,YA,-160,63.9995602077097,Micro
NFKB1,YA,-161,83.2924558474818,Micro
RELA,YA,-62,59.9407740576998,Micro
NFKB1,YA,-63,82.6098593286701,Micro
IRF1,YA,-118,356.041775983019,Micro
IRF1,YA,-119,347.412298450857,Micro
IRF1,YA,-123,357.023979346614,Micro
IRF1,YA,-124,341.914123322968,Micro
IRF1,YA,-125,334.256683190205,Micro
IRF1,YA,-126,334.501897383228,Micro
IRF1,YA,-127,360.37791695397,Micro
IRF1,YA,-128,357.375880446866,Micro
IRF1,YA,-129,337.517265521717,Micro
RELA,YA,-53,66.7099202087881,Micro
IRF1,YA,-110,371.709966933555,Micro
IRF1,YA,-114,348.484990793858,Micro
IRF1,YA,-115,350.64310369343,Micro
IRF1,YA,-116,348.097440152058,Micro
IRF1,YA,-117,355.22967743379,Micro
IRF1,YA,-120,345.030442339134,Micro
RELA,YA,-49,70.7485687346792,Micro
NFKB1,YA,-50,95.7459496304654,Micro
IRF1,YA,-105,359.19009358761,Micro
IRF1,YA,-106,351.959695587343,Micro
IRF1,YA,-111,349.687525758556,Micro
IRF1,YA,-112,341.529235170641,Micro
IRF1,YA,-113,332.633743755264,Micro
RELA,YA,6,62.6644836699311,Micro
IRF1,YA,-56,398.933539365772,Micro
IRF1,YA,-60,388.455404423583,Micro
RELA,YA,19,65.6322444654759,Micro
NFKB1,YA,18,78.6160687162916,Micro
IRF1,YA,-38,425.081650890777,Micro
IRF1,YA,31,441.917204260422,Micro
IRF1,YA,29,465.123665259365,Micro
IRF1,YA,28,462.429721543215,Micro
IRF1,YA,26,456.473175192134,Micro
IRF1,YA,25,463.358496479812,Micro
IRF1,YA,41,462.425302957837,Micro
IRF1,YA,40,464.984773597813,Micro
IRF1,YA,34,447.079832872098,Micro
NFKB1,YA,100,85.4952529444619,Micro
IRF1,YA,45,469.503136284123,Micro
IRF1,YA,37,463.464781614043,Micro
RELA,YA,133,71.3975032822793,Micro
NFKB1,YA,132,99.2486484417302,Micro
IRF1,YA,69,404.427832094428,Micro
IRF1,YA,66,399.17785087046,Micro
IRF1,YA,181,341.669197657431,Micro
IRF1,YA,177,347.834830890609,Micro
IRF1,YA,176,356.771397887663,Micro
IRF1,YA,175,341.577475414376,Micro
IRF1,YA,173,349.440382334367,Micro
RELA,YA,-137,61.6342062629587,Micro
RELA,YA,-126,58.1540299905175,Micro
RELA,YA,-46,56.4719296725198,Micro
NFKB1,YA,-65,74.4401847269378,Micro
IRF1,YA,-186,301.071887226699,Micro
IRF1,YA,-190,302.760189500533,Micro
IRF1,YA,-194,313.154379040958,Micro
IRF1,YA,-138,350.454732687885,Micro
IRF1,YA,-142,370.782953309834,Micro
IRF1,YA,-146,358.475240163728,Micro
IRF1,YA,-157,329.240923338469,Micro
IRF1,YA,-100,337.519612298577,Micro
IRF1,YA,-108,347.566277062789,Micro
NFKB1,YA,144,96.5821067649733,Micro
IRF1,YA,16,289.688504619611,Micro
IRF1,YA,137,364.021730428785,Micro
IRF1,YA,133,392.867670549523,Micro
IRF1,YA,129,399.51586813166,Micro
IRF1,YA,118,391.589665402026,Micro
IRF1,YA,163,349.789436898113,Micro
IRF1,YA,190,380.458239796953,Micro
IRF1,YA,179,357.021523495104,Micro
IRF1,YA,188,354.979214613335,Micro
STAT3,YA,-156,86.4567431353146,Micro
STAT3,YA,36,105.962375232454,Micro
STAT3,YA,65,93.9252418632211,Micro
STAT3,YA,109,84.2658826104589,Micro
TEAD4,YA,-198,33.7314224536744,Micro
TEAD4,YA,-197,36.4712188612785,Micro
TEAD4,YA,-170,41.5922028514111,Micro
TEAD4,YA,-140,36.9997115904512,Micro
TEAD4,YA,-128,39.9741291492204,Micro
TEAD4,YA,-117,39.4691344518033,Micro
TEAD4,YA,-82,37.8622309427487,Micro
TEAD4,YA,-67,37.4867578417527,Micro
TEAD4,YA,-52,36.3429446699506,Micro
TEAD4,YA,-40,36.7384007270495,Micro
TEAD4,YA,-5,23.1981791696553,Micro
TEAD4,YA,27,44.1825940793404,Micro
TEAD4,YA,61,46.1609678913189,Micro
TEAD4,YA,83,45.1452346510035,Micro
CEBPB,YA,176,12.509675637464,Micro
IRF1,YA,-180,300.052171898113,Micro
IRF1,YA,-181,288.542754915612,Micro
STAT3,YA,-190,78.2910877294034,Micro
STAT3,YA,-179,82.5563068290524,Micro
STAT3,YA,-61,80.504932346529,Micro
STAT3,YA,94,84.281748857653,Micro
STAT3,YA,146,82.284398261221,Micro
RELA,YA,53,62.5956999423098,Micro
RELA,YA,142,62.5618949928963,Micro
RELA,YA,153,66.7850366107374,Micro
RELA,YA,194,67.4524667500146,Micro
IRF1,YA,-188,298.554735354309,Micro
IRF1,YA,-175,309.280272492161,Micro
IRF1,YA,-165,299.246202192423,Micro
IRF1,YA,-154,316.073493356521,Micro
IRF1,YA,-147,340.108438495225,Micro
IRF1,YA,-101,345.050416356531,Micro
IRF1,YA,-92,372.676083819825,Micro
IRF1,YA,-88,367.645436891436,Micro
IRF1,YA,-86,374.184169786308,Micro
IRF1,YA,-79,342.021846187073,Micro
IRF1,YA,-73,370.907217717901,Micro
IRF1,YA,-64,380.432804456446,Micro
IRF1,YA,-39,426.32802441078,Micro
IRF1,YA,-31,428.406991335695,Micro
IRF1,YA,158,357.317008604425,Micro
IRF1,YA,142,372.480072667659,Micro
IRF1,YA,78,402.050484063024,Micro
IRF1,YA,185,363.315476852586,Micro
IRF1,YA,184,363.408471304193,Micro
IRF1,YA,180,372.857450707113,Micro
IRF1,YA,168,334.037551432875,Micro
IRF1,YA,121,397.336153699302,Micro
IRF1,YA,-89,349.1732113942,Micro
IRF1,YA,-95,360.68311578662,Micro
IRF1,YA,-66,386.924323553924,Micro
IRF1,YA,122,389.361918354782,Micro
IRF1,YA,-17,244.694354046087,Micro
IRF1,YA,-12,169.976243315991,Micro
IRF1,YA,22,438.30959351574,Micro
IRF1,YA,17,295.53452554216,Micro
IRF1,YA,127,372.635736313871,Micro
IRF1,YA,130,385.196324837483,Micro
IRF1,YA,126,382.572777344532,Micro
IRF1,YA,132,397.874532405804,Micro
IRF1,YA,131,397.402620420352,Micro
IRF1,YA,191,372.704131031691,Micro
RELA,YA,0,30.3016348448933,Micro
NFKB1,YA,-1,119.824714802018,Micro
RELA,YA,20,71.6117367490997,Micro
NFKB1,YA,19,84.190776286753,Micro
RELA,YA,184,58.5792381695885,Micro
NFKB1,YA,183,76.1825173857397,Micro
CEBPB,YA,-64,18.7895524053176,Micro
CEBPB,YA,-57,17.1828758297935,Micro
CEBPB,YA,-27,15.9992754507988,Micro
CEBPB,YA,-8,44.4664546954396,Micro
CEBPB,YA,-3,31.8755853281,Micro
CEBPB,YA,9,21.2022839032436,Micro
CEBPB,YA,21,17.2718156994229,Micro
CEBPB,YA,28,19.6617243562218,Micro
CEBPB,YA,41,17.0072022184725,Micro
CEBPB,YA,51,14.4000344929862,Micro
CEBPB,YA,58,15.448597230867,Micro
CEBPB,YA,67,14.5105189389559,Micro
CEBPB,YA,118,13.291930066909,Micro
CEBPB,YA,132,15.1917995827895,Micro
IRF1,YA,9,122.10458690943,Micro
IRF1,YA,-183,295.416693893856,Micro
IRF1,YA,-167,303.407801190422,Micro
IRF1,YA,-145,368.284741995837,Micro
IRF1,YA,-133,335.57001460842,Micro
IRF1,YA,-122,360.62013658412,Micro
IRF1,YA,-77,363.444064075365,Micro
IRF1,YA,-35,448.683448660342,Micro
IRF1,YA,7,100.259526597619,Micro
IRF1,YA,155,352.734893489343,Micro
STAT3,YA,-86,84.6591746858686,Micro
STAT3,YA,88,86.4775013471121,Micro
STAT3,YA,136,85.6452923351988,Micro
STAT3,YA,138,81.4111676650205,Micro
STAT3,YA,156,88.3875645339918,Micro
STAT3,YA,162,82.5975852597147,Micro
STAT3,YA,181,94.3920246428881,Micro
CEBPB,YA,-139,14.4853842113272,Micro
CEBPB,YA,-100,14.2917765960668,Micro
CEBPB,YA,-96,14.717459607911,Micro
CEBPB,YA,-90,14.1044592838457,Micro
CEBPB,YA,-79,16.0525985878057,Micro
CEBPB,YA,-32,20.2779371086069,Micro
CEBPB,YA,-9,9.37024339355014,Micro
CEBPB,YA,26,17.4691504899243,Micro
CEBPB,YA,49,15.8709881921285,Micro
IRF1,YA,100,372.64003879301,Micro
CEBPB,YA,62,16.1012363589594,Micro
CEBPB,YA,68,13.933869080596,Micro
CEBPB,YA,130,12.966597626326,Micro
CEBPB,YA,134,14.2627726223307,Micro
IRF1,YA,99,384.542469559428,Micro
IRF1,YA,110,367.742377976475,Micro
IRF1,YA,-161,291.306970717003,Micro
IRF1,YA,115,398.098166770077,Micro
IRF1,YA,83,372.747582022905,Micro
IRF1,YA,-151,342.291997503966,Micro
IRF1,YA,-102,342.308965223238,Micro
IRF1,YA,-36,435.157371207076,Micro
NFKB1,YA,-86,83.298565693781,Micro
NFKB1,YA,-32,86.4404761744566,Micro
NFKB1,YA,36,78.3708185096552,Micro
NFKB1,YA,76,80.9386625334346,Micro
NFKB1,YA,185,96.0056520413987,Micro
IRF1,YA,63,408.472142511738,Micro
IRF1,YA,116,412.14974978434,Micro
IRF1,YA,111,386.638477367119,Micro
IRF1,YA,151,388.401320646697,Micro
IRF1,YA,146,381.806518484335,Micro
IRF1,YA,-156,319.633890900629,Micro
TEAD4,YA,-176,38.0178105634987,Micro
TEAD1,YA,-177,38.9814332177465,Micro
TEAD4,YA,-78,42.0306036417449,Micro
TEAD1,YA,-79,40.0458764475379,Micro
IRF1,YA,-130,340.554816186931,Micro
IRF1,YA,-136,346.988787214845,Micro
IRF1,YA,-140,337.919901742486,Micro
STAT3,YA,-157,80.518221135023,Micro
TEAD4,YA,10,36.823903693205,Micro
TEAD1,YA,9,36.1355057508783,Micro
TEAD4,YA,79,44.4246468894274,Micro
TEAD1,YA,78,51.473117063174,Micro
IRF1,YA,15,254.858020016542,Micro
IRF1,YA,11,128.427734826643,Micro
IRF1,YA,-199,333.517145767625,Micro
IRF1,YA,-166,283.737641993363,Micro
RELA,YA,-114,59.8858221401908,Micro
RELA,YA,-95,73.2304658647245,Micro
RELA,YA,-23,80.6452626526306,Micro
NFKB1,YA,-190,86.2163074976067,Micro
RELA,YA,-19,60.6606925050796,Micro
RELA,YA,-18,67.1812880014707,Micro
NFKB1,YA,-185,78.3913324228387,Micro
RELA,YA,21,69.8504563650511,Micro
NFKB1,YA,-146,79.4638029703479,Micro
RELA,YA,22,68.3637396114816,Micro
NFKB1,YA,-137,80.1480101440075,Micro
RELA,YA,45,64.1695764765411,Micro
NFKB1,YA,-122,91.3290716011674,Micro
NFKB1,YA,-121,80.4760692853516,Micro
RELA,YA,50,65.697076208797,Micro
NFKB1,YA,-117,80.2113734846046,Micro
RELA,YA,76,64.005197138758,Micro
NFKB1,YA,-91,79.2250197304463,Micro
NFKB1,YA,-83,79.2226504194478,Micro
RELA,YA,100,70.677444136182,Micro
NFKB1,YA,-67,77.0693004680809,Micro
RELA,YA,113,60.8984832295566,Micro
RELA,YA,123,55.3467560529891,Micro
NFKB1,YA,-44,86.3321573770408,Micro
RELA,YA,138,70.7972097110612,Micro
NFKB1,YA,-29,75.8744977937356,Micro
RELA,YA,144,63.7567610408113,Micro
NFKB1,YA,-23,82.0602325515002,Micro
NFKB1,YA,-12,137.863659305662,Micro
RELA,YA,170,69.1793743483036,Micro
NFKB1,YA,3,73.4620724520088,Micro
RELA,YA,175,61.379421121999,Micro
NFKB1,YA,8,42.233280434384,Micro
RELA,YA,185,55.4906816907131,Micro
NFKB1,YA,92,112.47623431811,Micro
NFKB1,YA,114,83.5346746238949,Micro
NFKB1,YA,120,86.5105383566875,Micro
NFKB1,YA,158,80.3372462595287,Micro
RELA,YA,-197,55.6103616485981,Micro
RELA,YA,-144,54.0699947811133,Micro
RELA,YA,-131,60.0053088197525,Micro
RELA,YA,-119,62.9837015823946,Micro
RELA,YA,-100,57.515528124471,Micro
RELA,YA,-85,73.4607622840473,Micro
RELA,YA,-82,67.159499215224,Micro
RELA,YA,-69,67.8391805841593,Micro
RELA,YA,-66,64.2465679884101,Micro
RELA,YA,-58,63.565443773775,Micro
RELA,YA,-51,61.5982971899968,Micro
RELA,YA,-20,68.8957080330523,Micro
RELA,YA,9,35.5083157483744,Micro
RELA,YA,54,65.5111621568336,Micro
RELA,YA,80,59.6827696547196,Micro
RELA,YA,89,59.9938386379338,Micro
RELA,YA,90,58.9975892564998,Micro
RELA,YA,107,68.2545325389511,Micro
RELA,YA,119,57.4499779608023,Micro
RELA,YA,120,59.0611980066792,Micro
RELA,YA,129,63.8122228745963,Micro
RELA,YA,134,55.1518247286777,Micro
RELA,YA,147,68.7272204419914,Micro
RELA,YA,154,61.4120754439449,Micro
RELA,YA,158,69.3608491554687,Micro
IRF1,YA,-191,309.831282856831,Micro
IRF1,YA,-132,343.828964004926,Micro
IRF1,YA,-69,365.10810624902,Micro
IRF1,YA,-63,398.900777425568,Micro
IRF1,YA,51,425.24163899233,Micro
IRF1,YA,85,391.376873638824,Micro
IRF1,YA,150,386.092668217604,Micro
NFKB1,YA,-144,88.6944151444314,Micro
NFKB1,YA,-142,88.0544158114548,Micro
NFKB1,YA,-131,79.6221408016004,Micro
NFKB1,YA,-95,87.5777696906251,Micro
NFKB1,YA,-171,71.0616082746216,Micro
STAT3,YA,-181,76.1300279246241,Micro
STAT3,YA,-109,87.927756988305,Micro
STAT3,YA,-42,93.5272969384587,Micro
STAT3,YA,-27,93.2614018319622,Micro
STAT3,YA,30,97.2205456860345,Micro
IRF1,YA,-83,354.068150523831,Micro
IRF1,YA,-80,360.099501547096,Micro
IRF1,YA,-9,89.7975183590296,Micro
IRF1,YA,-8,103.260816163235,Micro
IRF1,YA,12,207.090768716117,Micro
IRF1,YA,153,372.200046726426,Micro
STAT3,YA,57,95.4899831068935,Micro
STAT3,YA,-192,74.7161494151882,Micro
STAT3,YA,-187,82.3572621882196,Micro
STAT3,YA,-185,77.9510004278257,Micro
IRF1,YA,-195,312.235595876539,Micro
STAT3,YA,-89,87.7258182053523,Micro
STAT3,YA,-57,89.0480830516446,Micro
STAT3,YA,-46,90.2382552304588,Micro
STAT3,YA,37,97.5695850111113,Micro
STAT3,YA,43,85.6219262409076,Micro
STAT3,YA,80,89.8812638104972,Micro
STAT3,YA,113,82.346270606878,Micro
IRF1,YA,101,374.733327146915,Micro
STAT3,YA,-182,83.0058195163028,Micro
STAT3,YA,-138,85.4214152825248,Micro
STAT3,YA,-122,73.963314320819,Micro
STAT3,YA,-90,88.4755175369421,Micro
STAT3,YA,-84,89.7553824588599,Micro
STAT3,YA,-52,82.1086918373812,Micro
STAT3,YA,22,93.9876039683959,Micro
STAT3,YA,58,85.5952927760179,Micro
STAT3,YA,63,101.433989316388,Micro
STAT3,YA,155,87.9575795332181,Micro
STAT3,YA,169,87.7802622751446,Micro
STAT3,YA,178,86.1684887998228,Micro
STAT3,YA,184,87.2327475476156,Micro
STAT3,YA,189,90.3139296745205,Micro
RELA,YA,-120,62.0192465076775,Micro
NFKB1,YA,59,94.0668591131966,Micro
NFKB1,YA,106,103.213569710307,Micro
STAT3,YA,32,89.6909688201567,Micro
NFKB1,YA,172,104.822233756131,Micro
STAT3,YA,98,83.1558502049568,Micro
STAT3,YA,133,87.6824005301073,Micro
STAT3,YA,147,93.4305788191353,Micro
RELA,YA,-72,73.515575846309,Micro
RELA,YA,-35,81.2719374062844,Micro
RELA,YA,40,67.1787036865519,Micro
RELA,YA,115,56.4839262014102,Micro
IRF1,YA,-30,441.999344406952,Micro
IRF1,YA,135,412.890365281736,Micro
TEAD1,YA,-153,40.2967186632045,Micro
TEAD4,YA,-153,43.3754569658112,Micro
TEAD1,YA,-96,40.2866483801471,Micro
TEAD4,YA,-96,39.1148962633296,Micro
TEAD1,YA,-91,36.8211276498474,Micro
TEAD4,YA,-91,39.9933948000789,Micro
TEAD1,YA,-46,48.4604209964159,Micro
TEAD4,YA,-46,38.6120357722772,Micro
TEAD1,YA,-38,36.8981585520657,Micro
TEAD4,YA,-38,34.858949982204,Micro
TEAD1,YA,13,47.3449040117012,Micro
TEAD4,YA,13,41.7500327086292,Micro
TEAD1,YA,32,42.0158547179881,Micro
TEAD4,YA,32,40.349579108133,Micro
IRF1,YA,-93,370.145062574401,Micro
IRF1,YA,-99,345.876745527498,Micro
NFKB1,YA,63,74.3958815924116,Micro
NFKB1,YA,89,89.8296552890801,Micro
STAT3,YA,-148,71.8476454543546,Micro
STAT3,YA,-104,87.2954729607955,Micro
STAT3,YA,-76,86.5459416943565,Micro
STAT3,YA,-72,79.9215661279388,Micro
STAT3,YA,-23,91.6629230733304,Micro
STAT3,YA,85,96.9656815904474,Micro
IRF1,YA,-174,282.425383154384,Micro
IRF1,YA,-68,382.888069773867,Micro
RELA,YA,-186,67.1133188710033,Micro
IRF1,YA,-85,355.47537092235,Micro
NFKB1,YA,-168,86.2839719295943,Micro
NFKB1,YA,-135,96.1377265966972,Micro
NFKB1,YA,29,87.2827099389689,Micro
RELA,YA,-164,55.73519538033,Micro
RELA,YA,150,64.5883913565176,Micro
NFKB1,YA,149,88.4675918299377,Micro
STAT3,YA,-50,86.7601510323944,Micro
RELA,YA,105,61.450836136615,Micro
STAT3,YA,174,91.3973604228047,Micro
RELA,YA,-105,68.9116360441453,Micro
RELA,YA,-107,63.0911893307231,Micro
RELA,YA,91,60.6129414792897,Micro
TEAD4,YA,-120,36.5238245410156,Micro
TEAD1,YA,-121,45.5890627006694,Micro
TEAD4,YA,-74,40.4174308924824,Micro
TEAD1,YA,-75,41.4414107943223,Micro
TEAD4,YA,120,43.0390094009679,Micro
TEAD1,YA,119,41.025321872053,Micro
TEAD4,YA,158,42.8074082117555,Micro
TEAD1,YA,157,47.988034436475,Micro
TEAD4,YA,182,40.9425497145932,Micro
TEAD1,YA,181,39.7715605111397,Micro
NFKB1,YA,-200,82.4525241397885,Micro
NFKB1,YA,-116,82.9088998873877,Micro
NFKB1,YA,107,84.5850773108539,Micro
NFKB1,YA,135,95.364105706112,Micro
NFKB1,YA,145,108.566976844363,Micro
NFKB1,YA,173,102.360009516764,Micro
IRF1,YA,-163,303.543253740283,Micro
IRF1,YA,-155,326.356798806301,Micro
IRF1,YA,-150,355.245827282535,Micro
IRF1,YA,-149,368.578715845776,Micro
IRF1,YA,-107,341.412336277691,Micro
IRF1,YA,-96,341.491279470148,Micro
IRF1,YA,-70,381.262269017427,Micro
TEAD4,YA,-167,41.0524586075426,Micro
TEAD1,YA,-168,38.2049873490948,Micro
TEAD4,YA,-126,38.6775444727266,Micro
TEAD1,YA,-127,42.1605497414078,Micro
TEAD4,YA,113,43.3971980539921,Micro
TEAD1,YA,112,49.3711726816595,Micro
IRF1,YA,-137,352.294602926915,Micro
TEAD1,YA,39,36.666469117549,Micro
STAT3,YA,103,90.9810040231514,Micro
STAT3,YA,-128,86.0174825647913,Micro
STAT3,YA,157,93.6360619740038,Micro
NFKB1,YA,-162,83.5052972698489,Micro
NFKB1,YA,-150,79.3724870370061,Micro
NFKB1,YA,-149,83.5007243908599,Micro
NFKB1,YA,-139,71.848720275202,Micro
NFKB1,YA,-119,90.2886028587607,Micro
NFKB1,YA,-110,99.6007030361767,Micro
NFKB1,YA,-109,75.8063256130292,Micro
NFKB1,YA,-94,78.2618997700693,Micro
NFKB1,YA,-88,98.0414375105431,Micro
NFKB1,YA,-79,87.9436019905558,Micro
NFKB1,YA,-60,93.693085617076,Micro
NFKB1,YA,-10,39.8161575592137,Micro
NFKB1,YA,31,84.3220625361085,Micro
NFKB1,YA,50,88.7708607490806,Micro
NFKB1,YA,51,84.5517309781152,Micro
NFKB1,YA,62,80.002293878266,Micro
NFKB1,YA,64,101.811938580487,Micro
NFKB1,YA,93,67.330578887025,Micro
NFKB1,YA,99,83.4595370717933,Micro
NFKB1,YA,103,76.9589609295686,Micro
NFKB1,YA,151,84.042857543164,Micro
RELA,YA,-183,57.4498005723575,Micro
NFKB1,YA,156,103.92264642753,Micro
RELA,YA,-178,56.5932053071926,Micro
RELA,YA,-176,55.4587908436383,Micro
RELA,YA,-41,60.49577930164,Micro
RELA,YA,-11,60.2194334046628,Micro
RELA,YA,2,22.1882202716096,Micro
RELA,YA,16,63.2454750840319,Micro
RELA,YA,17,60.3474763144762,Micro
RELA,YA,77,58.7351885090073,Micro
RELA,YA,82,61.240641494159,Micro
RELA,YA,109,64.1507801219527,Micro
RELA,YA,110,61.3887938202362,Micro
RELA,YA,140,75.6333325165138,Micro
RELA,YA,156,64.6138440279228,Micro
RELA,YA,186,61.2941047443979,Micro
RELA,YA,197,64.9683952258994,Micro
STAT3,YA,-167,75.4078130932466,Micro
STAT3,YA,-126,83.3386413407246,Micro
STAT3,YA,-96,79.2523703380913,Micro
STAT3,YA,-81,78.3004738460575,Micro
STAT3,YA,-51,80.7959676437967,Micro
STAT3,YA,-41,82.8463456961836,Micro
STAT3,YA,-36,99.4970156705353,Micro
STAT3,YA,-31,91.1175871742442,Micro
STAT3,YA,-12,93.6099138142196,Micro
STAT3,YA,-5,35.0801745614361,Micro
STAT3,YA,33,87.34697406488,Micro
STAT3,YA,35,103.197229902525,Micro
STAT3,YA,64,96.3411649807918,Micro
NFKB1,YA,-82,86.4713182306839,Micro
NFKB1,YA,-75,69.0461016382593,Micro
NFKB1,YA,-22,104.065302774564,Micro
NFKB1,YA,6,119.63461145537,Micro
NFKB1,YA,16,71.613583026713,Micro
NFKB1,YA,49,85.3127860083574,Micro
NFKB1,YA,54,106.65777688551,Micro
NFKB1,YA,119,92.7441849330043,Micro
NFKB1,YA,166,87.5013595254842,Micro
NFKB1,YA,177,95.3788628735587,Micro
NFKB1,YA,188,85.4854372387286,Micro
STAT3,YA,-177,85.1993399508884,Micro
STAT3,YA,-162,84.6772387218786,Micro
STAT3,YA,-132,91.7393247320955,Micro
STAT3,YA,-125,88.8947275233367,Micro
STAT3,YA,-68,86.5150352356109,Micro
STAT3,YA,-39,82.0977989024322,Micro
STAT3,YA,-38,89.957290527538,Micro
STAT3,YA,-34,86.9862920524178,Micro
STAT3,YA,-33,102.257449846013,Micro
STAT3,YA,-7,63.2266624315681,Micro
STAT3,YA,10,83.6249056818837,Micro
STAT3,YA,11,56.3718981442099,Micro
STAT3,YA,25,90.4458101239947,Micro
STAT3,YA,41,93.9363495280474,Micro
STAT3,YA,46,80.6383616082835,Micro
STAT3,YA,70,83.357160657965,Micro
STAT3,YA,93,86.2227174604332,Micro
STAT3,YA,97,89.9859585750469,Micro
STAT3,YA,102,86.4219789027678,Micro
STAT3,YA,116,97.0699224758006,Micro
STAT3,YA,117,89.3614774352441,Micro
STAT3,YA,135,82.6947883061154,Micro
STAT3,YA,148,91.2124724668503,Micro
STAT3,YA,149,88.4497321748906,Micro
STAT3,YA,158,94.3811705380732,Micro
STAT3,YA,166,93.857347151692,Micro
STAT3,YA,199,87.2890462822447,Micro
TEAD1,YA,-117,41.2514130177221,Micro
TEAD1,YA,-48,44.5931392307644,Micro
TEAD1,YA,-47,40.1674719089241,Micro
TEAD1,YA,-20,39.9363008479846,Micro
TEAD1,YA,80,47.9054104250346,Micro
TEAD1,YA,115,42.5467597261363,Micro
TEAD1,YA,175,45.1219004405574,Micro
STAT3,YA,-103,85.2131905457465,Micro
STAT3,YA,-24,96.8379990980654,Micro
TEAD1,YA,-167,46.4347414260597,Micro
TEAD1,YA,178,48.9409087311533,Micro
TEAD1,YA,195,38.7232014417731,Micro
STAT3,YA,-35,87.5982144295724,Micro
RELA,YA,-84,65.2179511341325,Micro
NFKB1,YA,-85,87.6241322530438,Micro
STAT3,YA,132,84.8337943480487,Micro
NFKB1,YA,-47,85.1047880923546,Micro
NFKB1,YA,0,65.0284795268239,Micro
NFKB1,YA,122,81.3831865105381,Micro
NFKB1,YA,129,81.7885040769718,Micro
NFKB1,YA,136,92.3082124678678,Micro
NFKB1,YA,146,93.113551188465,Micro
NFKB1,YA,148,89.0719567760753,Micro
STAT3,YA,-191,74.0622684459212,Micro
NFKB1,YA,200,95.1151632017569,Micro
STAT3,YA,-165,72.3138488631719,Micro
STAT3,YA,-160,79.4710419784764,Micro
STAT3,YA,-151,83.5495860490932,Micro
STAT3,YA,-146,81.5881794719397,Micro
STAT3,YA,-121,74.0015393825418,Micro
STAT3,YA,-119,83.3196637602711,Micro
STAT3,YA,-111,82.0062578213268,Micro
STAT3,YA,-53,92.2090241062394,Micro
STAT3,YA,-26,107.128554214176,Micro
STAT3,YA,-16,86.8100351954784,Micro
STAT3,YA,-6,31.9192175033594,Micro
STAT3,YA,-1,47.4385441386704,Micro
STAT3,YA,13,73.5554615891303,Micro
STAT3,YA,20,92.8855389926128,Micro
STAT3,YA,26,103.474486710084,Micro
STAT3,YA,27,89.6071757863637,Micro
STAT3,YA,44,96.2083321053108,Micro
STAT3,YA,49,98.6858072000178,Micro
STAT3,YA,61,90.8923435852858,Micro
STAT3,YA,68,83.6971472835351,Micro
STAT3,YA,96,93.3215654670127,Micro
STAT3,YA,115,103.302029445524,Micro
STAT3,YA,125,96.7191532319024,Micro
STAT3,YA,142,79.355009447077,Micro
STAT3,YA,145,83.9418965895747,Micro
STAT3,YA,161,78.5053894007897,Micro
STAT3,YA,185,80.1574653712131,Micro
STAT3,YA,193,83.5494707491275,Micro
RELA,YA,13,62.6850766063314,Micro
RELA,YA,60,73.9445293889679,Micro
RELA,YA,87,60.6430786651939,Micro
RELA,YA,126,67.2960622566636,Micro
RELA,YA,130,68.9756835368268,Micro
RELA,YA,190,54.7176108610522,Micro
STAT3,YA,-186,78.5842382415072,Micro
STAT3,YA,-173,87.6210749129829,Micro
STAT3,YA,-115,87.0050129928018,Micro
STAT3,YA,-101,88.7836815107058,Micro
STAT3,YA,-25,90.3973902045606,Micro
STAT3,YA,92,96.6688925589528,Micro
STAT3,YA,100,88.6518583720126,Micro
STAT3,YA,118,94.7389466614544,Micro
STAT3,YA,151,83.4644184774201,Micro
STAT3,YA,159,86.8362600670814,Micro
STAT3,YA,176,92.2153175992873,Micro
STAT3,YA,179,86.4965166993586,Micro
STAT3,YA,183,88.8641199065064,Micro
STAT3,YA,197,76.6824916832847,Micro
CEBPB,YA,-197,12.4168170316783,Micro
CEBPB,YA,-193,12.3058127166911,Micro
CEBPB,YA,-181,15.7493148278307,Micro
CEBPB,YA,-161,11.5665102561756,Micro
CEBPB,YA,-145,12.8461656832102,Micro
CEBPB,YA,-132,23.8041538586505,Micro
CEBPB,YA,-125,11.1325578696461,Micro
CEBPB,YA,-107,13.9690883665523,Micro
CEBPB,YA,-82,14.1322648543654,Micro
CEBPB,YA,-81,17.1254171621843,Micro
CEBPB,YA,-58,19.3490506550572,Micro
CEBPB,YA,-53,15.3293329256063,Micro
CEBPB,YA,-25,18.4679832613953,Micro
CEBPB,YA,20,26.5070950759215,Micro
CEBPB,YA,44,14.5996248844994,Micro
CEBPB,YA,192,12.6039345564364,Micro
STAT3,YA,17,95.4928143382645,Micro
STAT3,YA,170,90.3675465227182,Micro
IRF1,YA,61,424.611115620691,Micro
TEAD4,YA,-187,37.5855590104102,Micro
TEAD1,YA,-188,37.2314218541883,Micro
TEAD4,YA,-141,39.5007836723877,Micro
TEAD1,YA,-142,39.037925786622,Micro
TEAD4,YA,-95,38.0098039424427,Micro
STAT3,YA,-153,83.1296442840168,Micro
STAT3,YA,-37,102.588499176395,Micro
NFKB1,YA,167,94.6189152944521,Micro
IRF1,YA,-178,290.849153659367,Micro
IRF1,YA,-192,326.194789458363,Micro
TEAD1,YA,-87,39.4156755078364,Micro
TEAD4,YA,-87,42.22216190158,Micro
RELA,YA,-89,64.1876723599736,Micro
TEAD1,YA,136,38.9025357081554,Micro
TEAD4,YA,136,39.4941604986151,Micro
TEAD1,YA,165,44.3534785478862,Micro
TEAD4,YA,165,42.7320447659614,Micro
RELA,YA,163,62.1387680691304,Micro
IRF1,YA,196,388.8594454798,Micro
TEAD1,YA,-139,36.5585193816796,Micro
TEAD4,YA,-139,37.4033700183832,Micro
TEAD1,YA,-77,39.3137988966949,Micro
TEAD4,YA,-77,43.885682278446,Micro
TEAD1,YA,-36,41.2328749911833,Micro
TEAD4,YA,-36,38.3300640143335,Micro
NFKB1,YA,-181,81.2608472637657,Micro
NFKB1,YA,-24,65.6154448039424,Micro
NFKB1,YA,33,86.028440611166,Micro
NFKB1,YA,121,83.1702928655185,Micro
NFKB1,YA,155,92.6331323630335,Micro
STAT3,YA,-133,72.3650880819181,Micro
NFKB1,YA,182,83.7391331601729,Micro
STAT3,YA,-106,84.8206342609666,Micro
STAT3,YA,-94,86.9273329742747,Micro
STAT3,YA,-67,82.8983913514887,Micro
STAT3,YA,47,78.5175409768621,Micro
STAT3,YA,55,89.1770823348385,Micro
STAT3,YA,143,79.000857677272,Micro
STAT3,YA,154,90.033802437813,Micro
STAT3,YA,190,85.6901736523583,Micro
NFKB1,YA,-164,78.1435218443828,Micro
NFKB1,YA,-140,81.2244852617061,Micro
NFKB1,YA,-69,79.4770677466147,Micro
NFKB1,YA,133,76.7544549616651,Micro
NFKB1,YA,199,92.8545600937036,Micro
IRF1,YA,-159,321.955552703094,Micro
IRF1,YA,-121,345.030079747639,Micro
IRF1,YA,-76,362.22166748719,Micro
IRF1,YA,-4,93.1249693607073,Micro
IRF1,YA,136,387.724871308209,Micro
STAT3,YA,-30,92.2161151594026,Micro
STAT3,YA,4,25.9206637448692,Micro
STAT3,YA,188,81.5759997104214,Micro
RELA,YA,-170,64.8557476115873,Micro
RELA,YA,-145,52.2676591415386,Micro
RELA,YA,51,61.1342212554301,Micro
NFKB1,YA,-102,92.0812397933166,Micro
RELA,YA,-180,60.07620828969,Micro
RELA,YA,-81,72.185688010317,Micro
RELA,YA,-50,62.2299154237233,Micro
RELA,YA,38,69.7430703006629,Micro
RELA,YA,37,62.2532313240846,Micro
RELA,YA,73,58.0806583464169,Micro
RELA,YA,72,67.9222583724573,Micro
RELA,YA,79,66.7572981812907,Micro
RELA,YA,78,64.8874732701635,Micro
RELA,YA,81,63.8104922194443,Micro
RELA,YA,181,67.2890083758643,Micro
RELA,YA,96,64.8124834705988,Micro
RELA,YA,95,63.7937454998904,Micro
NFKB1,YA,95,83.8064723673746,Micro
IRF1,YA,-135,347.663646135829,Micro
TEAD1,YA,-84,38.6937530710672,Micro
TEAD4,YA,-143,37.8135719920154,Micro
TEAD1,YA,-144,39.4120640999204,Micro
TEAD1,YA,30,42.2818728358672,Micro
TEAD4,YA,-29,40.367421591427,Micro
TEAD1,YA,-30,45.0043691462506,Micro
TEAD4,YA,-154,35.5335424568806,Micro
TEAD1,YA,121,43.686223789176,Micro
TEAD4,YA,62,44.1068659817266,Micro
TEAD1,YA,61,40.1939928625194,Micro
TEAD4,YA,-63,43.6381211523894,Micro
TEAD1,YA,170,42.1104282167278,Micro
TEAD1,YA,110,40.2615066850785,Micro
TEAD4,YA,-14,39.8707614496475,Micro
TEAD4,YA,174,42.0956043771055,Micro
TEAD1,YA,173,39.5642665548181,Micro
TEAD4,YA,49,41.4492947289962,Micro
IRF1,YA,19,388.878441394687,Micro
RELA,YA,-146,57.5416957780037,Micro
NFKB1,YA,-193,79.285659583831,Micro
NFKB1,YA,-143,75.1165673113297,Micro
NFKB1,YA,152,78.9678793407939,Micro
NFKB1,YA,179,84.701097356835,Micro
NFKB1,YA,184,85.5551490573934,Micro
IRF1,YA,-94,358.384192507396,Micro
RELA,YA,-148,55.2437230470405,Micro
RELA,YA,-143,57.7033025636572,Micro
RELA,YA,-108,62.1570592286002,Micro
RELA,YA,-28,65.3192410163343,Micro
RELA,YA,24,61.3812411997007,Micro
NFKB1,YA,-93,88.2753970511696,Micro
NFKB1,YA,139,107.102986155229,Micro
NFKB1,YA,-48,82.1592439706466,Micro
NFKB1,YA,79,103.063658545628,Micro
NFKB1,YA,97,80.7962160346193,Micro
NFKB1,YA,174,80.2215457179167,Micro
STAT3,YA,144,84.216524269376,Micro
STAT3,YA,191,91.2629007587849,Micro
STAT3,YA,-60,88.7679061286258,Micro
STAT3,YA,62,81.5848003872023,Micro
STAT3,YA,75,93.2955766569156,Micro
CEBPB,YA,-198,12.6560073844169,Micro
CEBPB,YA,-117,14.9728051082101,Micro
CEBPB,YA,22,20.7304233920757,Micro
CEBPB,YA,42,15.1163169358375,Micro
CEBPB,YA,147,13.540964195321,Micro
TEAD1,YA,-105,51.4684300888204,Micro
TEAD4,YA,-105,42.8438764621512,Micro
CEBPB,YA,152,13.7984646174138,Micro
TEAD1,YA,-100,47.6520876608331,Micro
TEAD4,YA,-100,38.8715663101896,Micro
CEBPB,YA,167,16.5673149092474,Micro
TEAD4,YA,-85,35.2934993830922,Micro
TEAD1,YA,-51,36.6530720154832,Micro
TEAD4,YA,-51,36.9117324255806,Micro
TEAD1,YA,-25,41.3458252004634,Micro
TEAD4,YA,-25,39.4038348793372,Micro
TEAD1,YA,-8,48.8794254384432,Micro
TEAD4,YA,-8,26.3736187952131,Micro
TEAD4,YA,30,37.4671025888993,Micro
TEAD1,YA,44,40.3291029573101,Micro
TEAD4,YA,44,36.6214057573141,Micro
TEAD1,YA,54,42.7080335171245,Micro
TEAD4,YA,54,40.262737748675,Micro
TEAD4,YA,80,42.2234100388113,Micro
TEAD1,YA,95,43.5330661704187,Micro
TEAD4,YA,95,42.1078552917453,Micro
RELA,YA,-194,57.4002737234967,Micro
RELA,YA,-63,69.7391085128487,Micro
RELA,YA,-60,72.7064904743964,Micro
RELA,YA,-32,79.8866561160593,Micro
RELA,YA,132,60.2728148485656,Micro
STAT3,YA,-71,92.3998779802379,Micro
STAT3,YA,123,80.946031626274,Micro
STAT3,YA,-171,72.4837929402661,Micro
STAT3,YA,112,86.1360627499903,Micro
NFKB1,YA,-195,85.0201718435358,Micro
NFKB1,YA,55,76.5566279344876,Micro
IRF1,YA,8,170.274539704265,Micro
IRF1,YA,20,408.955204855402,Micro
IRF1,YA,60,439.558510773779,Micro
IRF1,YA,107,381.282609118302,Micro
IRF1,YA,164,348.467662435425,Micro
RELA,YA,-21,77.5868238295448,Micro
TEAD4,YA,-23,47.8124718320001,Micro
TEAD1,YA,-24,44.446274316113,Micro
RELA,YA,5,86.3456168046837,Micro
TEAD4,YA,3,63.6882377700867,Micro
TEAD1,YA,2,92.5185475907329,Micro
TEAD4,YA,16,37.2427123165786,Micro
TEAD1,YA,15,38.1824149643299,Micro
STAT3,YA,12,66.9972500658471,Micro
TEAD4,YA,76,39.3754497220522,Micro
TEAD1,YA,75,38.4118979439019,Micro
STAT3,YA,72,91.6166564946076,Micro
TEAD4,YA,97,37.8233786824049,Micro
TEAD1,YA,96,44.2949514917791,Micro
NFKB1,YA,-147,95.4180996913585,Micro
NFKB1,YA,-61,90.375028672626,Micro
NFKB1,YA,-39,91.3994164408068,Micro
NFKB1,YA,-40,87.3199063825866,Micro
NFKB1,YA,-8,103.220086700137,Micro
NFKB1,YA,40,107.410929655391,Micro
NFKB1,YA,45,75.1091757559142,Micro
NFKB1,YA,47,96.0852201397114,Micro
NFKB1,YA,78,79.9045086812571,Micro
NFKB1,YA,94,82.7395656606229,Micro
NFKB1,YA,116,85.6097633900001,Micro
NFKB1,YA,131,89.5121072799868,Micro
IRF1,YA,-141,346.766679067692,Micro
IRF1,YA,-3,56.3426230471489,Micro
IRF1,YA,46,442.026167409035,Micro
TEAD4,YA,-110,43.074970152415,Micro
TEAD4,YA,87,39.9599226394945,Micro
TEAD4,YA,-186,45.348228890126,Micro
TEAD1,YA,-187,38.5405021555373,Micro
TEAD1,YA,-172,45.8976140643345,Micro
TEAD4,YA,-93,40.8706302200079,Micro
TEAD1,YA,-94,39.4407279795796,Micro
TEAD1,YA,-37,42.6397397990143,Micro
TEAD4,YA,124,39.0075445368287,Micro
TEAD1,YA,123,43.1584777394224,Micro
TEAD4,YA,9,37.8298437917064,Micro
STAT3,YA,-92,81.9855170842871,Micro
STAT3,YA,-4,23.7605013365897,Micro
STAT3,YA,139,85.3888486784948,Micro
STAT3,YA,141,85.7265354188131,Micro
NFKB1,YA,-189,76.6886660846378,Micro
NFKB1,YA,-176,86.8678792208622,Micro
NFKB1,YA,-177,82.3807889786423,Micro
NFKB1,YA,-156,82.2365351568785,Micro
NFKB1,YA,-157,83.0574990071758,Micro
NFKB1,YA,-155,76.833666714705,Micro
NFKB1,YA,-120,88.5728645654465,Micro
NFKB1,YA,-115,84.2283987041894,Micro
NFKB1,YA,-80,76.2271225592855,Micro
NFKB1,YA,-76,76.6540942602534,Micro
NFKB1,YA,-77,80.3620657312721,Micro
NFKB1,YA,-71,102.664971129476,Micro
NFKB1,YA,-72,94.2431535957331,Micro
NFKB1,YA,-66,89.3115855552041,Micro
NFKB1,YA,-59,81.6464252813919,Micro
NFKB1,YA,-55,90.2599417261791,Micro
NFKB1,YA,-49,85.5200172855465,Micro
NFKB1,YA,-25,73.7000500033974,Micro
NFKB1,YA,-14,86.5576654900242,Micro
NFKB1,YA,-9,82.9922611278262,Micro
NFKB1,YA,-6,144.930755989441,Micro
NFKB1,YA,13,72.2921133061395,Micro
NFKB1,YA,98,84.8885893829888,Micro
NFKB1,YA,170,91.3812066229467,Micro
NFKB1,YA,-96,88.9982212532556,Micro
NFKB1,YA,-52,90.5947930252612,Micro
NFKB1,YA,-37,85.6705672989818,Micro
NFKB1,YA,-3,38.0830819092682,Micro
NFKB1,YA,-2,66.7683784970914,Micro
NFKB1,YA,67,82.3442258269752,Micro
NFKB1,YA,110,81.8140710247787,Micro
NFKB1,YA,112,88.5061778179673,Micro
NFKB1,YA,-111,87.9703663382897,Micro
NFKB1,YA,85,81.9443485999034,Micro
IRF1,YA,-168,298.979168681159,Micro
STAT3,YA,-161,79.1405451203326,Micro
STAT3,YA,8,119.445398246729,Micro
STAT3,YA,19,96.9165732626177,Micro
NFKB1,YA,-45,79.79176189017,Micro
NFKB1,YA,190,86.0412101113574,Micro
STAT3,YA,-163,77.698920656668,Micro
STAT3,YA,-152,78.3687634632922,Micro
STAT3,YA,-134,89.0766731162642,Micro
STAT3,YA,-88,78.940418562501,Micro
STAT3,YA,-17,103.587449538004,Micro
NFKB1,YA,-33,88.3761766947604,Micro
NFKB1,YA,74,87.8716214033027,Micro
NFKB1,YA,153,94.2443197437568,Micro
TEAD4,YA,-162,37.051279933266,Micro
TEAD1,YA,-163,34.2649789978198,Micro
TEAD4,YA,-103,40.2668814399453,Micro
TEAD4,YA,92,43.0075913283818,Micro
TEAD1,YA,-97,38.3746433715366,Micro
TEAD4,YA,-97,35.6831998895969,Micro
TEAD1,YA,-179,41.0268690707032,Micro
TEAD1,YA,26,40.9523226440316,Micro
IRF1,YA,-153,338.367737377422,Micro
IRF1,YA,-82,359.581199282993,Micro
IRF1,YA,195,364.474040734645,Micro
TEAD4,YA,-21,43.4886698656209,Micro
TEAD1,YA,-22,40.5432420591045,Micro
TEAD4,YA,198,39.9828385089373,Micro
TEAD1,YA,197,48.7833390279606,Micro
NFKB1,YA,-104,68.7721502636869,Micro
TEAD1,YA,-131,35.0011749363946,Micro
STAT3,YA,42,87.0899591374174,Micro
STAT3,YA,38,89.6935526830711,Micro
STAT3,YA,134,87.406308438312,Micro
IRF1,YA,-187,317.085831983824,Micro
IRF1,YA,-74,378.691983513448,Micro
IRF1,YA,-72,368.151417646017,Micro
IRF1,YA,120,401.131666831554,Micro
IRF1,YA,140,392.787344328583,Micro
NFKB1,YA,171,85.7046228145613,Micro
RELA,YA,-163,53.5896113163284,Micro
NFKB1,YA,-163,81.7630159668653,Micro
STAT3,YA,173,85.8930833676815,Micro
STAT3,YA,59,86.9232621011784,Micro
TEAD1,YA,-166,51.2081965450824,Micro
TEAD4,YA,-166,41.3657057395038,Micro
TEAD1,YA,-110,42.2280085329225,Micro
TEAD1,YA,83,41.3300712670553,Micro
TEAD1,YA,140,45.4952018122143,Micro
TEAD4,YA,86,37.1394611931646,Micro
RELA,YA,-97,53.7582732632259,Micro
NFKB1,YA,-97,73.6055844110188,Micro
NFKB1,YA,2,36.5303523569267,Micro
RELA,YA,-80,66.7377622625299,Micro
RELA,YA,74,67.0487526534475,Micro
RELA,YA,75,61.687017435459,Micro
RELA,YA,135,62.7295335925242,Micro
TEAD1,YA,-174,38.7361687560453,Micro
TEAD1,YA,-134,40.5350087559747,Micro
TEAD1,YA,-23,45.2270588349626,Micro
TEAD1,YA,24,40.8545638845386,Micro
TEAD1,YA,36,37.9381583938382,Micro
TEAD1,YA,166,42.9025373513721,Micro
TEAD1,YA,171,45.3335273531115,Micro
TEAD4,YA,-47,37.9120907441184,Micro
STAT3,YA,79,83.9172283416729,Micro
NFKB1,YA,-182,76.5715139599796,Micro
NFKB1,YA,72,90.612134482152,Micro
STAT3,YA,6,27.9214556514373,Micro
STAT3,YA,7,44.8080504219411,Micro
STAT3,YA,34,84.3138481993992,Micro
RELA,YA,-175,56.2179416157782,Micro
TEAD1,YA,29,37.0683868204697,Micro
TEAD4,YA,35,41.5267159076698,Micro
TEAD1,YA,34,41.1176653446408,Micro
TEAD4,YA,47,39.9801107984782,Micro
TEAD1,YA,46,40.6546132366019,Micro
TEAD4,YA,73,38.9233455462629,Micro
TEAD1,YA,72,39.5234603476874,Micro
TEAD1,YA,100,45.7835778669384,Micro
TEAD4,YA,105,38.5551828394496,Micro
TEAD1,YA,104,42.8095858719555,Micro
TEAD4,YA,123,40.5859142810683,Micro
TEAD1,YA,122,42.6257708443173,Micro
TEAD4,YA,127,43.599052456152,Micro
TEAD1,YA,126,40.7409610014235,Micro
NFKB1,YA,-167,110.125900526099,Micro
NFKB1,YA,-153,79.3238518770826,Micro
NFKB1,YA,-152,77.2898916064032,Micro
NFKB1,YA,-136,84.2234452584902,Micro
NFKB1,YA,-126,79.5837301750192,Micro
NFKB1,YA,-64,91.2142154803491,Micro
NFKB1,YA,154,100.536638095728,Micro
NFKB1,YA,165,91.2234790214917,Micro
TEAD4,YA,-200,33.3552152782104,Micro
TEAD4,YA,-193,34.3727064205083,Micro
TEAD1,YA,-194,35.6470802326507,Micro
RELA,YA,106,75.9097806243729,Micro
TEAD1,YA,-135,44.0672404924846,Micro
TEAD1,YA,-95,41.8231128144757,Micro
TEAD1,YA,116,38.9530291212931,Micro
STAT3,YA,-155,80.3965835884799,Micro
STAT3,YA,89,85.7213927156313,Micro
STAT3,YA,168,85.9792379415647,Micro
STAT3,YA,180,89.6738595589277,Micro
IRF1,YA,94,375.33674214843,Micro
RELA,YA,-173,59.5243464892064,Micro
RELA,YA,-162,51.4600977219301,Micro
RELA,YA,-79,63.2057568953275,Micro
RELA,YA,-57,63.0861235741927,Micro
RELA,YA,-36,72.4984039843422,Micro
TEAD4,YA,-86,41.5000432335351,Micro
TEAD4,YA,-41,37.155936108944,Micro
TEAD4,YA,153,41.6157363409331,Micro
TEAD1,YA,-106,36.5729308019477,Micro
TEAD4,YA,-70,36.2817513698959,Micro
TEAD1,YA,-71,38.6828477756991,Micro
TEAD4,YA,-48,36.7343172282016,Micro
TEAD1,YA,-49,39.2660421473867,Micro
TEAD1,YA,-39,36.7339478492103,Micro
TEAD4,YA,12,43.0500847790585,Micro
TEAD1,YA,11,51.6094856453812,Micro
TEAD4,YA,33,39.1877567866828,Micro
TEAD4,YA,43,35.5083481467309,Micro
TEAD1,YA,42,39.2505109507452,Micro
TEAD4,YA,57,45.1669049361653,Micro
TEAD1,YA,56,43.3725455041514,Micro
TEAD4,YA,69,46.4806105033113,Micro
TEAD1,YA,68,46.6569477054463,Micro
TEAD4,YA,110,40.9211584778254,Micro
TEAD1,YA,109,41.6170792664944,Micro
TEAD4,YA,144,37.586113907765,Micro
TEAD1,YA,143,45.0836878773018,Micro
TEAD4,YA,149,40.9931368221236,Micro
TEAD1,YA,148,46.5605043826337,Micro
TEAD4,YA,152,45.2592127327687,Micro
TEAD1,YA,151,42.3161885018354,Micro
TEAD4,YA,176,44.1019675895112,Micro
IRF1,YA,14,255.141859339833,Micro
IRF1,YA,54,467.885314049201,Micro
CEBPB,YA,-28,20.7947046114209,Micro
CEBPB,YA,63,14.1887680685842,Micro
IRF1,YA,-170,296.856569253798,Micro
IRF1,YA,-179,287.488093084894,Micro
RELA,YA,-1,32.206917809141,Micro
STAT3,YA,-20,99.8154462536397,Micro
STAT3,YA,-15,73.5041221414591,Micro
STAT3,YA,95,83.2506620422566,Micro
IRF1,YA,-131,324.905219960094,Micro
NFKB1,YA,-154,78.9015461418507,Micro
NFKB1,YA,37,79.6791612986278,Micro
NFKB1,YA,198,88.4269788708653,Micro
CEBPB,YA,119,11.969903387247,Micro
STAT3,YA,-198,80.4036038280386,Micro
STAT3,YA,-139,84.9557902134948,Micro
RELA,YA,-193,50.0861242588388,Micro
STAT3,YA,-58,92.1126509539504,Micro
RELA,YA,108,68.3493797952648,Micro
STAT3,YA,14,76.3546160613108,Micro
IRF1,YA,-173,280.882079953576,Micro
IRF1,YA,-160,305.788850226321,Micro
IRF1,YA,-139,350.832744862234,Micro
NFKB1,YA,-165,83.9393887493211,Micro
NFKB1,YA,-107,84.3083184562369,Micro
NFKB1,YA,-46,72.9757759817344,Micro
NFKB1,YA,-27,82.1309234873258,Micro
NFKB1,YA,23,78.1906216322942,Micro
NFKB1,YA,24,87.6916767474639,Micro
NFKB1,YA,61,88.0228334910543,Micro
NFKB1,YA,117,75.1990936871304,Micro
NFKB1,YA,130,83.3621679716972,Micro
IRF1,YA,-144,365.697538720789,Micro
RELA,YA,-13,83.302828861714,Micro
TEAD4,YA,-125,38.3354563058093,Micro
TEAD1,YA,-126,42.2625785731534,Micro
TEAD4,YA,-92,33.0649335765168,Micro
TEAD1,YA,-93,39.395376640316,Micro
TEAD1,YA,-138,39.4620966274148,Micro
TEAD4,YA,-54,36.0173344203915,Micro
TEAD4,YA,23,45.6133778240967,Micro
TEAD4,YA,72,41.7762493948669,Micro
TEAD4,YA,141,41.1877309225756,Micro
RELA,YA,-22,72.2482594187536,Micro
IRF1,YA,-162,300.777614584483,Micro
IRF1,YA,134,380.566975953878,Micro
TEAD1,YA,50,38.5204712230741,Micro
TEAD4,YA,50,39.5820045642179,Micro
RELA,YA,7,42.887383522215,Micro
TEAD4,YA,5,29.9662114896849,Micro
TEAD1,YA,4,34.5981746636432,Micro
TEAD1,YA,76,47.4686509916044,Micro
RELA,YA,33,62.9639145322743,Micro
TEAD4,YA,31,39.5292040100714,Micro
RELA,YA,-98,63.9628059339398,Micro
STAT3,YA,-140,82.0276414917038,Micro
STAT3,YA,-116,82.9523320939232,Micro
TEAD1,YA,174,40.4991998247976,Micro
IRF1,YA,-143,353.776035787401,Micro
RELA,YA,-133,58.6108402980424,Micro
RELA,YA,-134,65.4520263157328,Micro
RELA,YA,-128,61.2893339029496,Micro
RELA,YA,-129,66.8303287347282,Micro
RELA,YA,11,70.2854816716064,Micro
RELA,YA,27,57.6275312960974,Micro
RELA,YA,26,65.1739721135161,Micro
NFKB1,YA,-130,78.9595585801735,Micro
STAT3,YA,-195,84.8769597146535,Micro
NFKB1,YA,-99,89.701195734132,Micro
TEAD1,YA,-29,39.243343081935,Micro
TEAD1,YA,90,39.1583050973808,Micro
TEAD1,YA,156,40.20607472776,Micro
STAT3,YA,-158,83.586061929448,Micro
TEAD4,YA,-199,37.1337454529754,Micro
TEAD4,YA,-173,41.319629407395,Micro
TEAD1,YA,-59,39.1310247361153,Micro
TEAD1,YA,-27,37.5108931870605,Micro
TEAD4,YA,-27,38.538735239956,Micro
TEAD1,YA,10,26.0914260145655,Micro
TEAD1,YA,-1,26.4050164771654,Micro
TEAD4,YA,-1,13.6435152650292,Micro
TEAD4,YA,-169,38.6329056386916,Micro
TEAD1,YA,-170,41.4091288515038,Micro
TEAD4,YA,-99,36.6038689615609,Micro
TEAD4,YA,115,39.9105533399039,Micro
TEAD1,YA,114,44.4058270083599,Micro
STAT3,YA,-87,94.1794160842037,Micro
RELA,YA,-177,63.4142434466491,Micro
TEAD4,YA,-179,41.8380653217898,Micro
TEAD1,YA,-180,40.7524043385365,Micro
TEAD1,YA,-28,38.8365380704782,Micro
NFKB1,YA,-151,81.3449864191921,Micro
RELA,YA,52,63.0225540726217,Micro
RELA,YA,-179,58.068677041492,Micro
IRF1,YA,-148,352.179902438902,Micro
TEAD4,YA,-134,38.6522494661551,Micro
TEAD1,YA,-81,36.4145138383782,Micro
TEAD4,YA,-81,39.2798594944432,Micro
RELA,YA,85,60.4621750068203,Micro
NFKB1,YA,84,85.4680760740093,Micro
CEBPB,YA,-110,15.6534232325518,Micro
CEBPB,YA,146,11.8737756507853,Micro
TEAD1,YA,159,44.7711295311185,Micro
TEAD4,YA,159,37.6984880516623,Micro
CEBPB,YA,-31,16.4980829745956,Micro
CEBPB,YA,36,18.4372721488604,Micro
STAT3,YA,2,23.2681919978668,Micro
RELA,YA,-167,62.9586400897206,Micro
RELA,YA,-156,68.0680971124828,Micro
RELA,YA,-113,57.02383699738,Micro
RELA,YA,-94,57.6077154705955,Micro
RELA,YA,-75,65.3190194340451,Micro
RELA,YA,-71,59.4217598018395,Micro
RELA,YA,-65,58.9276604341849,Micro
RELA,YA,-48,71.2582775346717,Micro
RELA,YA,32,60.262983866714,Micro
RELA,YA,31,59.4834746999177,Micro
STAT3,YA,-180,76.7280183628099,Micro
STAT3,YA,-172,75.4825507486939,Micro
STAT3,YA,-127,79.0825684134915,Micro
STAT3,YA,-98,77.743645742738,Micro
CEBPB,YA,-137,11.6613163913401,Micro
STAT3,YA,131,91.1581895342228,Micro
CEBPB,YA,-77,16.6890747484738,Micro
CEBPB,YA,-59,15.2887699165769,Micro
CEBPB,YA,-29,20.7247020980665,Micro
CEBPB,YA,-14,7.22581669699402,Micro
CEBPB,YA,-12,9.3857416336341,Micro
CEBPB,YA,37,18.7800778908455,Micro
CEBPB,YA,52,19.0428746617113,Micro
CEBPB,YA,53,15.5605648153295,Micro
CEBPB,YA,88,15.8992237911621,Micro
CEBPB,YA,92,15.9593765698961,Micro
CEBPB,YA,117,13.0881616583684,Micro
CEBPB,YA,143,14.2515408662404,Micro
CEBPB,YA,148,14.8702538832659,Micro
CEBPB,YA,164,11.3333358383101,Micro
CEBPB,YA,178,12.1191398083496,Micro
CEBPB,YA,191,12.9294401881553,Micro
STAT3,YA,-145,79.7448525608683,Micro
STAT3,YA,81,96.2412871374712,Micro
STAT3,YA,51,94.4505680434579,Micro
RELA,YA,183,65.5120585686839,Micro
TEAD1,YA,66,39.2848860642209,Micro
TEAD4,YA,66,39.9405160405886,Micro
IRF1,YA,98,375.361854816002,Micro
IRF1,YA,97,368.949423865442,Micro
IRF1,YA,141,375.981339573595,Micro
IRF1,YA,117,393.829247542196,Micro
TEAD1,YA,-14,39.849612709804,Micro
CEBPB,YA,90,14.9744565016809,Micro
CEBPB,YA,155,11.8548894925849,Micro
STAT3,YA,-193,81.0689663558101,Micro
STAT3,YA,-143,77.5826004029826,Micro
STAT3,YA,-137,77.6160122094473,Micro
STAT3,YA,-118,82.631143804401,Micro
STAT3,YA,-113,91.6920100583012,Micro
STAT3,YA,-85,93.5218467475494,Micro
STAT3,YA,28,98.0685850948144,Micro
STAT3,YA,1,40.2141917132325,Micro
STAT3,YA,124,85.8529809221295,Micro
TEAD1,YA,113,42.6280628433601,Micro
TEAD1,YA,145,43.9432763698413,Micro
NFKB1,YA,83,76.100390986032,Micro
STAT3,YA,-43,88.6687872305465,Micro
STAT3,YA,31,91.6310861128063,Micro
STAT3,YA,175,73.2699299756335,Micro
NFKB1,YA,143,91.3537224693467,Micro
NFKB1,YA,-58,81.938343027196,Micro
NFKB1,YA,-26,89.1804860173441,Micro
IRF1,YA,-198,328.549977293128,Micro
TEAD4,YA,-149,33.6842037434995,Micro
TEAD1,YA,-150,34.9123429905329,Micro
TEAD4,YA,-121,37.1945167520919,Micro
TEAD1,YA,-122,37.6642158940116,Micro
TEAD4,YA,-94,36.8029655351644,Micro
TEAD4,YA,135,41.0263634594938,Micro
TEAD4,YA,137,40.8927746690795,Micro
TEAD4,YA,161,38.5131829172307,Micro
TEAD1,YA,160,39.2505137096127,Micro
TEAD1,YA,164,43.2048165947037,Micro
TEAD4,YA,166,40.3737882098368,Micro
TEAD4,YA,180,43.7301794491844,Micro
TEAD1,YA,179,47.9645478398295,Micro
TEAD1,YA,-9,30.2855243919679,Micro
TEAD4,YA,94,41.9288002852932,Micro
STAT3,YA,23,79.8268006573239,Micro
STAT3,YA,186,95.9196775702053,Micro
STAT3,YA,-168,79.5499394227165,Micro
STAT3,YA,-59,83.6283688113762,Micro
STAT3,YA,29,85.7048712086659,Micro
TEAD4,YA,-111,40.6505612559033,Micro
TEAD1,YA,-112,44.1669411981222,Micro
IRF1,YA,157,359.612921491006,Micro
TEAD1,YA,19,41.9896997484839,Micro
TEAD1,YA,52,36.2997388381984,Micro
TEAD1,YA,69,44.5035595220401,Micro
TEAD1,YA,77,36.6820894800625,Micro
TEAD1,YA,162,40.7943735130928,Micro
TEAD1,YA,190,47.9635314969071,Micro
TEAD1,YA,-185,33.2379920288868,Micro
TEAD1,YA,8,27.8011212439093,Micro
IRF1,YA,119,391.89548928192,Micro
STAT3,YA,69,81.7666158221189,Micro
IRF1,YA,-171,296.012425030377,Micro
IRF1,YA,-13,140.594041050139,Micro
IRF1,YA,-19,280.654817289651,Micro
IRF1,YA,-11,110.716355758474,Micro
TEAD1,YA,-195,41.3837361795279,Micro
TEAD1,YA,-115,36.6008706087005,Micro
TEAD1,YA,-192,34.791671219772,Micro
TEAD1,YA,-35,41.2432588122156,Micro
TEAD4,YA,-35,43.3275607187364,Micro
RELA,YA,71,71.5880441731123,Micro
NFKB1,YA,25,76.7377223515235,Micro
RELA,YA,35,64.7837446524394,Micro
NFKB1,YA,34,83.57205046998,Micro
NFKB1,YA,-105,83.8940354363581,Micro
NFKB1,YA,-43,87.7400288015,Micro
IRF1,YA,-185,299.240592837964,Micro
NFKB1,YA,-56,101.043958544672,Micro
IRF1,YA,-40,433.44220527584,Micro
IRF1,YA,-34,453.766436247233,Micro
IRF1,YA,-177,295.810471315435,Micro
IRF1,YA,-182,297.44767519199,Micro
NFKB1,YA,20,78.7153891805932,Micro
RELA,YA,-141,73.6812671233566,Micro
NFKB1,YA,-141,90.23076787356,Micro
RELA,YA,-135,60.3309433747529,Micro
RELA,YA,-96,62.3709969355464,Micro
NFKB1,YA,-124,75.3910888081318,Micro
RELA,YA,-116,62.9668035709024,Micro
RELA,YA,-70,66.4675822155227,Micro
RELA,YA,-92,63.1134421947736,Micro
RELA,YA,-61,62.0610170907568,Micro
RELA,YA,-90,66.7521823151451,Micro
NFKB1,YA,-90,93.193793357158,Micro
RELA,YA,-55,57.0042560839556,Micro
RELA,YA,-74,52.5417005852291,Micro
RELA,YA,-40,68.9459250312097,Micro
RELA,YA,-10,37.3396575002006,Micro
RELA,YA,-24,72.0593880127527,Micro
RELA,YA,-188,68.0533420655917,Micro
RELA,YA,-158,59.7145555346084,Micro
RELA,YA,-117,63.0970617472498,Micro
RELA,YA,88,65.46455611906,Micro
NFKB1,YA,80,74.4437905388348,Micro
NFKB1,YA,105,94.7893419643902,Micro
RELA,YA,118,63.8778865740089,Micro
NFKB1,YA,118,75.5764204193917,Micro
RELA,YA,174,65.0685840946515,Micro
RELA,YA,152,69.6607372743129,Micro
RELA,YA,191,63.3615888581679,Micro
RELA,YA,-2,33.5060582452682,Micro
RELA,YA,192,59.6007258818163,Micro
RELA,YA,12,81.6995730160025,Micro
NFKB1,YA,180,92.3024196915466,Micro
RELA,YA,63,71.1292948734204,Micro
RELA,YA,68,75.5702812224913,Micro
RELA,YA,164,65.1883220176694,Micro
RELA,YA,199,58.1317855670747,Micro
NFKB1,YA,-197,75.2558418457224,Micro
NFKB1,YA,-101,84.6897937697345,Micro
IRF1,YA,-98,350.698806728609,Micro
TEAD4,YA,-10,26.7358607807847,Micro
TEAD1,YA,-11,40.0611835187406,Micro
STAT3,YA,77,99.768402039109,Micro
TEAD4,YA,60,40.0073304809991,Micro
TEAD1,YA,59,41.4517457947318,Micro
TEAD4,YA,122,40.2946481671328,Micro
TEAD1,YA,-40,35.6229929243007,Micro
TEAD1,YA,191,37.9409697628268,Micro
TEAD4,YA,191,46.3642734384467,Micro
RELA,YA,114,70.0320323537366,Micro
STAT3,YA,107,88.6433485999258,Micro
NFKB1,YA,-169,83.7269779057514,Micro
NFKB1,YA,-18,80.5581078664245,Micro
TEAD1,YA,102,40.1002879537216,Micro
TEAD4,YA,102,46.6970950412162,Micro
TEAD1,YA,-45,43.4145941333384,Micro
TEAD4,YA,-45,46.417927218239,Micro
TEAD4,YA,112,46.2412689655004,Micro
STAT3,YA,-114,86.9865770047981,Micro
RELA,YA,-140,63.5602882338362,Micro
STAT3,YA,-147,81.9515987406475,Micro
TEAD4,YA,56,43.0749418683416,Micro
TEAD1,YA,99,43.5953652456092,Micro
TEAD4,YA,99,43.8153315517384,Micro
TEAD1,YA,144,42.7335842151124,Micro
TEAD1,YA,200,38.5631837247503,Micro
TEAD4,YA,200,44.1907101746045,Micro
TEAD1,YA,-52,37.9752544899496,Micro
STAT3,YA,-135,90.100003513275,Micro
STAT3,YA,-110,85.8948633757344,Micro
STAT3,YA,-70,101.134544294244,Micro
STAT3,YA,16,89.5541437769412,Micro
STAT3,YA,192,86.4525635260118,Micro
NFKB1,YA,-51,84.2970190101548,Micro
NFKB1,YA,-199,82.3900116488739,Micro
RELA,YA,-196,52.9785258692308,Micro
IRF1,YA,162,364.091182147621,Micro
TEAD1,YA,-197,44.5690032023451,Micro
TEAD1,YA,-133,39.6944763151135,Micro
TEAD4,YA,-133,38.4143567371349,Micro
TEAD1,YA,-101,39.1293286586822,Micro
TEAD4,YA,-101,37.7172085722966,Micro
TEAD1,YA,-65,47.3962451727994,Micro
TEAD4,YA,-65,39.635505012709,Micro
TEAD1,YA,-90,42.1570044765744,Micro
TEAD4,YA,-76,39.389943766159,Micro
TEAD4,YA,157,44.358507785571,Micro
CEBPB,YA,-170,12.6448828001017,Micro
CEBPB,YA,-144,12.0791905893457,Micro
CEBPB,YA,-128,11.1613563603991,Micro
CEBPB,YA,-103,13.7465619840547,Micro
CEBPB,YA,-76,14.6757012294181,Micro
IRF1,YA,-14,199.27999685873,Micro
STAT3,YA,-63,90.6576797020454,Micro
STAT3,YA,66,97.6024095883774,Micro
IRF1,YA,-193,307.973463453226,Micro
RELA,YA,-161,61.9040206300507,Micro
CEBPB,YA,-160,11.8514330471972,Micro
CEBPB,YA,149,17.4453926956923,Micro
IRF1,YA,5,59.5348647432662,Micro
STAT3,YA,39,81.0903155478167,Micro
STAT3,YA,67,92.3548975346145,Micro
TEAD4,YA,-71,39.4071738948337,Micro
TEAD4,YA,96,41.8772986094008,Micro
TEAD1,YA,98,43.5165253597857,Micro
TEAD4,YA,98,43.0858677174208,Micro
TEAD1,YA,124,43.1474203656722,Micro
TEAD1,YA,92,43.6977205101632,Micro
TEAD1,YA,169,44.2743621986353,Micro
CEBPB,YA,-163,14.3580477738522,Micro
CEBPB,YA,-158,12.7018055777703,Micro
CEBPB,YA,17,16.9171592195275,Micro
CEBPB,YA,-150,12.7979678049403,Micro
STAT3,YA,-200,81.2332794667264,Micro
RELA,YA,-192,58.8471931880517,Micro
RELA,YA,-190,57.696257175907,Micro
STAT3,YA,-196,84.684072115524,Micro
STAT3,YA,-91,93.4994707816598,Micro
RELA,YA,-33,63.037553479577,Micro
RELA,YA,-30,66.337396019773,Micro
RELA,YA,-31,69.1237721527082,Micro
RELA,YA,173,55.3915311059776,Micro
CEBPB,YA,-102,14.4266271942756,Micro
CEBPB,YA,145,13.5739145876754,Micro
TEAD1,YA,186,47.5182451652101,Micro
IRF1,YA,114,398.914290322326,Micro
TEAD4,YA,-145,34.2195983072544,Micro
TEAD4,YA,-108,39.694176933517,Micro
STAT3,YA,-65,95.9028581283627,Micro
TEAD4,YA,129,43.1580554971889,Micro
TEAD4,YA,188,40.7975380797144,Micro
STAT3,YA,-117,73.4158792350288,Micro
STAT3,YA,45,98.1801420197726,Micro
TEAD1,YA,-12,23.6791370166965,Micro
TEAD4,YA,-12,38.9654420354202,Micro
NFKB1,YA,9,94.7046883356447,Micro
STAT3,YA,40,89.6988663041081,Micro
STAT3,YA,73,102.952497158049,Micro
CEBPB,YA,-78,20.9377291424744,Micro
CEBPB,YA,14,10.8542548233051,Micro
CEBPB,YA,82,13.9955413132948,Micro
CEBPB,YA,93,14.5726467221255,Micro
CEBPB,YA,99,14.1449752999311,Micro
CEBPB,YA,154,11.3556033143097,Micro
STAT3,YA,-199,89.7383277089575,Micro
STAT3,YA,-66,96.9318691191816,Micro
STAT3,YA,182,85.7874335474024,Micro
STAT3,YA,163,92.8587668344266,Micro
IRF1,YA,145,384.674698524817,Micro
TEAD4,YA,46,40.0844314901428,Micro
TEAD1,YA,176,40.4919300293842,Micro
TEAD1,YA,187,44.1342052961074,Micro
RELA,YA,-169,64.3839669874382,Micro
RELA,YA,48,63.675679202279,Micro
RELA,YA,83,64.6014953174229,Micro
IRF1,YA,2,98.3422927157034,Micro
STAT3,YA,-123,76.7069633309449,Micro
STAT3,YA,-14,65.3369266711985,Micro
STAT3,YA,74,111.347682414636,Micro
TEAD1,YA,-184,36.3024134443237,Micro
RELA,YA,-52,63.6284862622239,Micro
RELA,YA,29,75.1133317231802,Micro
RELA,YA,70,68.1547467893704,Micro
NFKB1,YA,-183,79.3306896429851,Micro
TEAD4,YA,-80,36.7642709747856,Micro
TEAD4,YA,-55,35.834028996319,Micro
TEAD1,YA,-56,39.9943989435499,Micro
TEAD4,YA,90,38.6047560617933,Micro
TEAD1,YA,89,41.6287130671449,Micro
TEAD4,YA,148,44.2172658689244,Micro
TEAD1,YA,147,42.0303739652995,Micro
STAT3,YA,53,85.2302583873115,Micro
TEAD4,YA,-190,32.3417954741331,Micro
TEAD4,YA,-188,41.5257738100146,Micro
TEAD4,YA,15,44.4815180867483,Micro
TEAD4,YA,85,44.4357290669298,Micro
TEAD4,YA,106,43.6900095529627,Micro
NFKB1,YA,32,103.860232083824,Micro
TEAD4,YA,-195,33.6702748864168,Micro
STAT3,YA,18,99.2386232224762,Micro
TEAD4,YA,-165,46.2037163416259,Micro
TEAD4,YA,-24,40.5477609050574,Micro
TEAD4,YA,68,46.0409537554864,Micro
TEAD4,YA,143,42.7704199049094,Micro
TEAD1,YA,142,42.1458986185822,Micro
IRF1,YA,-5,44.8011695818866,Micro
IRF1,YA,-7,61.1811219287163,Micro
IRF1,YA,-1,44.5224298046276,Micro
NFKB1,YA,27,75.3776549932204,Micro
TEAD4,YA,-30,35.0455808889786,Micro
TEAD1,YA,31,37.7421812789423,Micro
TEAD1,YA,73,41.7817734143194,Micro
TEAD1,YA,84,45.1833473200661,Micro
TEAD4,YA,84,40.376348980112,Micro
TEAD1,YA,105,44.3578591087,Micro
TEAD1,YA,129,50.7925876313367,Micro
TEAD1,YA,158,42.4990626535854,Micro
NFKB1,YA,-170,77.148233208233,Micro
CEBPB,YA,86,14.0724829341187,Micro
CEBPB,YA,144,11.7021433009727,Micro
NFKB1,YA,-166,76.8105340304696,Micro
NFKB1,YA,-16,95.7323452377467,Micro
RELA,YA,-101,54.8097770244344,Micro
NFKB1,YA,-113,75.2242398571518,Micro
STAT3,YA,-29,108.201581092394,Micro
NFKB1,YA,-57,85.3905358628649,Micro
RELA,YA,178,64.9836510256907,Micro
TEAD4,YA,-79,38.5361216921507,Micro
CEBPB,YA,-171,11.8406243752226,Micro
CEBPB,YA,-149,11.4114271090345,Micro
CEBPB,YA,-133,17.7685846208258,Micro
CEBPB,YA,-126,16.3561970285865,Micro
CEBPB,YA,-97,14.9033660440119,Micro
CEBPB,YA,-91,16.3884076961212,Micro
CEBPB,YA,-86,17.7198508522165,Micro
CEBPB,YA,-73,17.5729909593062,Micro
CEBPB,YA,-54,14.3763218198067,Micro
CEBPB,YA,-52,14.8244567336398,Micro
CEBPB,YA,-38,16.770243845099,Micro
CEBPB,YA,-26,28.6130144310364,Micro
CEBPB,YA,-15,12.8015133041116,Micro
CEBPB,YA,78,16.2353977982299,Micro
CEBPB,YA,104,14.2410989362816,Micro
CEBPB,YA,109,15.3399130026088,Micro
CEBPB,YA,141,14.0041135223966,Micro
TEAD1,YA,-62,37.0245481807733,Micro
TEAD4,YA,-62,38.8987952541044,Micro
TEAD1,YA,-57,46.0110364816798,Micro
TEAD4,YA,-57,40.0030655309318,Micro
TEAD4,YA,-20,36.0897609651695,Micro
TEAD1,YA,38,39.6031516433888,Micro
TEAD4,YA,38,36.4226470632941,Micro
TEAD1,YA,74,45.1499203585155,Micro
TEAD4,YA,74,39.4761028650459,Micro
TEAD1,YA,137,45.459722130961,Micro
TEAD4,YA,-147,37.706669984679,Micro
TEAD4,YA,173,41.3467350016309,Micro
TEAD1,YA,-111,43.3178327795857,Micro
TEAD1,YA,-108,41.8701461164107,Micro
TEAD1,YA,182,43.7520802231153,Micro
TEAD1,YA,-102,37.5229508670836,Micro
TEAD4,YA,-102,42.6712574137632,Micro
TEAD1,YA,194,39.2805829645086,Micro
TEAD4,YA,-90,45.967252537777,Micro
STAT3,YA,-75,90.2956823995981,Micro
TEAD1,YA,-78,48.5790416018764,Micro
TEAD1,YA,-73,39.7754357272777,Micro
TEAD4,YA,-73,40.0643054053278,Micro
TEAD1,YA,-67,39.6568237753302,Micro
STAT3,YA,-47,86.5415671306588,Micro
TEAD1,YA,-50,39.2730510623155,Micro
TEAD4,YA,-50,36.1151776650487,Micro
TEAD1,YA,-34,45.8055068957085,Micro
TEAD4,YA,-34,45.3848843693256,Micro
TEAD4,YA,100,47.5942772733317,Micro
TEAD4,YA,119,40.0508829911884,Micro
TEAD1,YA,183,46.6412224089126,Micro
TEAD4,YA,183,37.7653198925311,Micro
TEAD4,YA,-152,45.408407070036,Micro
TEAD1,YA,-41,36.1495334654836,Micro
TEAD1,YA,-155,38.8258667366808,Micro
TEAD4,YA,-119,52.6162785515107,Micro
TEAD1,YA,-120,49.1920652888826,Micro
TEAD4,YA,41,35.7159787584986,Micro
TEAD1,YA,40,37.3132836990917,Micro
TEAD1,YA,53,44.8136306430707,Micro
TEAD1,YA,85,43.1736789647818,Micro
TEAD1,YA,94,45.2943409045492,Micro
CEBPB,YA,-153,12.3213137375153,Micro
STAT3,YA,-176,73.5855276319421,Micro
TEAD4,YA,-109,44.2677508816661,Micro
TEAD4,YA,-58,39.6721859707889,Micro
TEAD1,YA,-68,40.0522417686204,Micro
TEAD4,YA,-68,35.1648970746372,Micro
TEAD1,YA,-26,43.8589888248597,Micro
TEAD4,YA,-26,37.0593870191151,Micro
TEAD4,YA,160,41.6821315951195,Micro
TEAD4,YA,175,42.0013409821179,Micro
TEAD4,YA,186,52.4551840748913,Micro
NFKB1,YA,88,79.6796088662743,Micro
STAT3,YA,-154,86.097338200209,Micro
STAT3,YA,-124,78.02072923982,Micro
RELA,YA,-189,56.6775333665359,Micro
RELA,YA,-8,38.9891998548043,Micro
RELA,YA,-4,45.1656824456421,Micro
NFKB1,YA,-73,87.5895732550947,Micro
TEAD4,YA,-88,41.7721925048978,Micro
TEAD1,YA,-89,40.1062662587488,Micro
TEAD4,YA,36,36.3705391561893,Micro
TEAD1,YA,35,47.7961286379533,Micro
TEAD4,YA,139,45.848970468468,Micro
NFKB1,YA,126,90.3224905193997,Micro
TEAD1,YA,-176,37.2375824669021,Micro
TEAD4,YA,-106,36.6746268247604,Micro
TEAD1,YA,-118,45.4960544155202,Micro
TEAD4,YA,145,43.2559604629527,Micro
RELA,YA,-130,61.2678196838877,Micro
RELA,YA,-83,61.0227396039275,Micro
RELA,YA,-78,60.0058164183282,Micro
RELA,YA,58,64.1744669653463,Micro
TEAD1,YA,-183,36.3374239008881,Micro
TEAD1,YA,-136,39.4384300528399,Micro
TEAD1,YA,60,40.4600018969571,Micro
TEAD1,YA,86,42.971401443008,Micro
TEAD4,YA,-13,40.2536489291472,Micro
TEAD1,YA,45,40.7467226810518,Micro
TEAD4,YA,78,44.3699996537394,Micro
TEAD1,YA,79,47.2868330283037,Micro
TEAD4,YA,172,43.8787505727486,Micro
RELA,YA,-165,56.9734654192833,Micro
RELA,YA,41,70.6642704082225,Micro
RELA,YA,157,71.8292618149225,Micro
RELA,YA,172,65.1092172145511,Micro
RELA,YA,198,58.5411353637224,Micro
TEAD1,YA,-109,45.0142512776431,Micro
TEAD4,YA,-61,44.1607991917863,Micro
TEAD4,YA,107,42.7796546461369,Micro
TEAD1,YA,106,42.0533826267435,Micro
NFKB1,YA,57,89.8516733168033,Micro
NFKB1,YA,-70,72.0712877565467,Micro
NFKB1,YA,-20,69.3021114891299,Micro
NFKB1,YA,7,81.5139525054319,Micro
CEBPB,YA,-156,13.0019224794322,Micro
CEBPB,YA,-127,10.8880169326659,Micro
CEBPB,YA,-74,13.732838836208,Micro
CEBPB,YA,-49,14.3767507230398,Micro
CEBPB,YA,-21,19.4299413693411,Micro
CEBPB,YA,-16,13.1954209384748,Micro
CEBPB,YA,5,11.100083766819,Micro
CEBPB,YA,79,14.652044644976,Micro
CEBPB,YA,112,11.9508332069822,Micro
CEBPB,YA,114,13.3826579784932,Micro
CEBPB,YA,159,12.7435542665209,Micro
TEAD1,YA,58,48.0828003943786,Micro
TEAD1,YA,-143,34.8217422009718,Micro
NFKB1,YA,124,90.4937787942193,Micro
TEAD4,YA,1,36.4255098458517,Micro
TEAD4,YA,8,31.1764190767489,Micro
TEAD4,YA,82,43.8377808119616,Micro
TEAD4,YA,88,35.3206667856688,Micro
TEAD4,YA,103,39.5811604589539,Micro
TEAD4,YA,164,40.6579166022239,Micro
STAT3,YA,-80,78.9293741116018,Micro
STAT3,YA,-78,93.6843441502506,Micro
STAT3,YA,-48,94.2674069836949,Micro
CEBPB,YA,-69,19.4638844812858,Micro
CEBPB,YA,85,16.2417794265084,Micro
NFKB1,YA,-13,83.8140579769064,Micro
NFKB1,YA,1,37.337671865311,Micro
NFKB1,YA,22,69.2911874136598,Micro
RELA,YA,139,72.4730863241418,Micro
NFKB1,YA,138,90.4543307064869,Micro
NFKB1,YA,140,82.0373248067553,Micro
NFKB1,YA,157,104.450492700648,Micro
STAT3,YA,-102,85.8999364623504,Micro
TEAD1,YA,-145,35.489079442512,Micro
TEAD1,YA,7,34.0400749243493,Micro
TEAD4,YA,7,22.7511496211944,Micro
NFKB1,YA,-179,87.7673277570999,Micro
RELA,YA,-152,64.3248187755027,Micro
RELA,YA,98,59.8689011665096,Micro
STAT3,YA,5,68.2507150624869,Micro
TEAD4,YA,-157,37.2043745856608,Micro
TEAD1,YA,-158,39.269719550955,Micro
TEAD4,YA,-123,45.6660160276267,Micro
TEAD1,YA,-124,55.7920820681302,Micro
TEAD1,YA,-31,39.3355861266022,Micro
TEAD4,YA,14,35.4718082954134,Micro
TEAD1,YA,-114,42.3130947185015,Micro
TEAD4,YA,-114,37.8944207230489,Micro
TEAD1,YA,22,45.0273260004421,Micro
TEAD4,YA,22,42.771829755533,Micro
RELA,YA,-171,50.6407240864303,Micro
RELA,YA,-109,66.0017112392516,Micro
RELA,YA,116,59.3371705867922,Micro
RELA,YA,146,62.8851819761019,Micro
TEAD1,YA,-189,40.5893858457209,Micro
TEAD1,YA,-123,50.0384908151883,Micro
TEAD1,YA,-98,35.9245310906944,Micro
TEAD1,YA,-80,38.7408587440397,Micro
TEAD1,YA,-55,34.9789229300847,Micro
TEAD1,YA,-13,57.3119822944508,Micro
TEAD1,YA,64,38.1411602936872,Micro
TEAD4,YA,-158,37.5621595244537,Micro
RELA,YA,-3,22.4484230603336,Micro
TEAD1,YA,-151,40.4871499652738,Micro
TEAD1,YA,-128,41.0138500798907,Micro
TEAD1,YA,-58,38.8163320199228,Micro
RELA,YA,117,62.4582107853395,Micro
TEAD1,YA,-19,36.9117978063524,Micro
TEAD1,YA,180,41.7032965847897,Micro
TEAD1,YA,-63,45.0558233232638,Micro
TEAD1,YA,-15,43.9921811168863,Micro
TEAD4,YA,-15,40.2154094974983,Micro
RELA,YA,-136,58.3413627732804,Micro
NFKB1,YA,44,82.6461767765993,Micro
NFKB1,YA,111,80.9507746489457,Micro
NFKB1,YA,128,97.9780510796,Micro
TEAD4,YA,-155,37.3577598531037,Micro
TEAD1,YA,-156,43.8667975650818,Micro
TEAD1,YA,-154,43.8503170613799,Micro
TEAD4,YA,-148,38.370197808423,Micro
TEAD1,YA,-149,37.1613075582669,Micro
TEAD4,YA,-138,40.2121807271195,Micro
TEAD4,YA,-132,38.2147262651698,Micro
TEAD4,YA,-113,49.295125215867,Micro
TEAD1,YA,-64,40.1409533310497,Micro
TEAD4,YA,45,38.9655979409296,Micro
TEAD4,YA,77,47.9350933145066,Micro
TEAD4,YA,114,39.0026312940351,Micro
TEAD4,YA,193,40.6669665155244,Micro
TEAD1,YA,192,41.1122748257854,Micro
TEAD4,YA,-75,35.6807887726329,Micro
TEAD1,YA,-76,36.3913528062475,Micro
TEAD4,YA,26,39.1165754019894,Micro
TEAD1,YA,25,44.8190285288781,Micro
TEAD4,YA,162,41.1142850645729,Micro
TEAD1,YA,-74,38.616446776217,Micro
RELA,YA,-103,66.8272079941868,Micro
RELA,YA,36,68.389427584819,Micro
NFKB1,YA,42,86.6582296491467,Micro
NFKB1,YA,82,69.3273889070546,Micro
TEAD1,YA,-130,43.8096125269876,Micro
TEAD1,YA,3,14.4121356294467,Micro
TEAD1,YA,23,50.7805942227898,Micro
TEAD1,YA,49,39.4208403176092,Micro
TEAD4,YA,-174,31.79725145084,Micro
TEAD1,YA,-175,36.7700369224387,Micro
TEAD4,YA,-130,35.2768467035525,Micro
TEAD1,YA,-72,39.6028227657874,Micro
TEAD4,YA,-43,39.6325569713931,Micro
TEAD1,YA,-44,42.2694047505915,Micro
TEAD1,YA,0,20.0616145069257,Micro
TEAD1,YA,21,48.0209296351356,Micro
TEAD4,YA,125,41.8362806930601,Micro
TEAD1,YA,189,44.5606524289541,Micro
TEAD4,YA,189,42.347099490013,Micro
CEBPB,YA,47,16.475141322925,Micro
NFKB1,YA,-34,94.5341354122737,Micro
TEAD4,YA,-42,40.6202458257922,Micro
TEAD4,YA,-6,30.3541359185475,Micro
TEAD4,YA,75,40.0865836177792,Micro
TEAD1,YA,-186,52.8003061475587,Micro
TEAD4,YA,-124,48.6306065638971,Micro
TEAD1,YA,-32,36.6147087152348,Micro
TEAD4,YA,-32,39.3791458318698,Micro
STAT3,YA,-107,87.7652298087178,Micro
TEAD1,YA,-190,37.6600325735778,Micro
RELA,YA,-182,61.4465095775185,Micro
RELA,YA,-68,63.8385129012647,Micro
NFKB1,YA,-100,92.1498409084112,Micro
RELA,YA,28,66.0782522666933,Micro
RELA,YA,136,63.0983386970386,Micro
NFKB1,YA,181,85.4964049887241,Micro
NFKB1,YA,192,89.6347135531875,Micro
NFKB1,YA,-129,75.620445721701,Micro
RELA,YA,56,62.8489025153007,Micro
TEAD1,YA,117,40.7349939646883,Micro
TEAD4,YA,-194,36.910991009549,Micro
TEAD4,YA,-189,34.5443423448634,Micro
TEAD4,YA,-164,32.7613629775136,Micro
TEAD4,YA,-66,37.7195656083717,Micro
TEAD4,YA,-28,36.3524556659353,Micro
TEAD4,YA,-18,41.6438072057347,Micro
TEAD4,YA,21,50.0537213208784,Micro
TEAD4,YA,24,46.2919731374452,Micro
TEAD4,YA,59,38.0769586181191,Micro
TEAD1,YA,-164,40.6444078976753,Micro
TEAD1,YA,-99,36.6152137918832,Micro
TEAD1,YA,-92,36.4991620035937,Micro
TEAD1,YA,-61,49.2703645516819,Micro
TEAD1,YA,14,42.0958522615766,Micro
TEAD1,YA,62,40.5768212770702,Micro
STAT3,YA,90,95.7532766690895,Micro
TEAD1,YA,87,41.8533370339169,Micro
TEAD1,YA,97,39.3948118143245,Micro
TEAD1,YA,107,42.3315217128054,Micro
TEAD1,YA,108,43.2799975690456,Micro
TEAD1,YA,127,41.0820634245724,Micro
TEAD1,YA,196,39.9063295737885,Micro
TEAD1,YA,199,41.6462599575044,Micro
STAT3,YA,56,94.6916624407899,Micro
TEAD4,YA,-175,40.0855829032241,Micro
TEAD1,YA,43,40.9803138512504,Micro
TEAD4,YA,-127,37.6375300651971,Micro
TEAD4,YA,-112,38.8609932999853,Micro
TEAD4,YA,-89,37.2356338497814,Micro
TEAD1,YA,-53,38.5500697472893,Micro
TEAD4,YA,-53,34.6008796321315,Micro
TEAD1,YA,188,43.8715110029906,Micro
NFKB1,YA,-5,76.2745860248704,Micro
TEAD1,YA,-6,30.4231781677133,Micro
CEBPB,YA,-115,11.9983159883563,Micro
CEBPB,YA,-99,13.2613065157434,Micro
CEBPB,YA,-80,21.5444684389397,Micro
CEBPB,YA,-75,15.3588202513297,Micro
CEBPB,YA,-70,14.9324415452922,Micro
CEBPB,YA,73,17.4376344112311,Micro
CEBPB,YA,116,11.9518925940265,Micro
CEBPB,YA,121,11.0709372326417,Micro
CEBPB,YA,123,15.098887819841,Micro
CEBPB,YA,124,12.3423781283818,Micro
CEBPB,YA,126,14.3938466980851,Micro
CEBPB,YA,139,13.095176450211,Micro
CEBPB,YA,142,11.3837701834489,Micro
CEBPB,YA,150,11.2136006096316,Micro
CEBPB,YA,169,13.4461173221785,Micro
NFKB1,YA,-106,70.7800624869622,Micro
NFKB1,YA,28,83.5915823297173,Micro
TEAD4,YA,65,38.9768744046297,Micro
RELA,YA,-121,70.5459590002026,Micro
TEAD4,YA,-178,37.589055162775,Micro
TEAD4,YA,-72,37.0440377348975,Micro
TEAD1,YA,-5,15.9805304106329,Micro
TEAD4,YA,19,36.23332253042,Micro
TEAD4,YA,108,39.4218111261837,Micro
TEAD1,YA,-161,41.6449023864574,Micro
TEAD1,YA,-66,36.9922313894691,Micro
TEAD1,YA,-16,39.1835757365103,Micro
TEAD1,YA,1,67.5642267957247,Micro
TEAD1,YA,47,42.5774201361388,Micro
TEAD1,YA,55,40.996317048286,Micro
TEAD1,YA,131,40.4162985840262,Micro
TEAD1,YA,135,40.2778334691432,Micro
TEAD1,YA,163,42.67481116569,Micro
TEAD1,YA,198,39.1093744912554,Micro
TEAD1,YA,-83,37.5635352997257,Micro
TEAD4,YA,-83,42.1982195511233,Micro
TEAD1,YA,153,43.7570894100954,Micro
TEAD4,YA,-196,39.5765754114272,Micro
TEAD4,YA,-2,32.3329318894085,Micro
TEAD4,YA,18,42.2364077766647,Micro
TEAD4,YA,178,47.4305965038782,Micro
CEBPB,YA,-109,12.1217403144759,Micro
CEBPB,YA,110,13.4839035242707,Micro
RELA,YA,65,62.3403382305222,Micro
TEAD1,YA,-196,36.230438408837,Micro
TEAD1,YA,-146,41.4066679358034,Micro
TEAD1,YA,-69,42.0116521955218,Micro
TEAD1,YA,155,42.254010990885,Micro
TEAD1,YA,-159,38.6730493734363,Micro
CEBPB,YA,-194,10.4066482973163,Micro
CEBPB,YA,-118,13.6225299306344,Micro
CEBPB,YA,-33,18.0520083279015,Micro
CEBPB,YA,46,21.5546936239511,Micro
TEAD4,YA,-137,39.4813433535499,Micro
TEAD4,YA,155,43.2310127065738,Micro
CEBPB,YA,120,10.5217253652884,Micro
TEAD4,YA,156,38.8016554795403,Micro
TEAD4,YA,-11,33.6510616961791,Micro
TEAD1,YA,-2,19.3372642347868,Micro
TEAD4,YA,52,39.4844512000644,Micro
TEAD1,YA,65,36.6411652160439,Micro
TEAD4,YA,-7,43.1606589629408,Micro
TEAD1,YA,12,34.8343847164679,Micro
TEAD4,YA,20,42.2946172312421,Micro
TEAD1,YA,71,43.8037301935253,Micro
TEAD1,YA,172,44.3307201118676,Micro
CEBPB,YA,-182,11.9935008805376,Micro
CEBPB,YA,179,15.3033316378372,Micro
TEAD4,YA,170,44.8103720300804,Micro
TEAD4,YA,197,38.308091545973,Micro
TEAD1,YA,-140,37.474438318245,Micro
TEAD1,YA,149,48.0888347501238,Micro
TEAD4,YA,58,37.9215780192004,Micro
TEAD4,YA,53,36.8880650359725,Micro
CEBPB,YA,140,13.8948667260432,Micro
CEBPB,YA,190,15.0999330936335,Micro
NFKB1,YA,125,96.8930170284542,Micro
TEAD4,YA,40,37.6443644586027,Micro
TEAD4,YA,195,37.2152303496328,Micro
STAT3,YA,-13,56.3969508472906,Micro
TEAD4,YA,42,47.2291441102826,Micro
TEAD1,YA,41,42.7053011802514,Micro
RELA,YA,-14,62.9249954115566,Micro
CEBPB,YA,-166,11.1939802138025,Micro
CEBPB,YA,-45,16.7122904280926,Micro
CEBPB,YA,15,13.5104876416591,Micro
STAT3,YA,3,40.460126979703,Micro
TEAD4,YA,-37,34.6625985424571,Micro
TEAD4,YA,39,35.6954283599938,Micro
TEAD1,YA,82,41.8651337054105,Micro
TEAD4,YA,126,42.7706566003686,Micro
TEAD1,YA,125,44.855982027578,Micro
RELA,YA,-26,61.6404493080955,Micro
RELA,YA,-172,58.5962796607488,Micro
RELA,YA,8,28.5939879215111,Micro
RELA,YA,66,65.7257741582896,Micro
CEBPB,YA,-130,10.62953146457,Micro
CEBPB,YA,-24,19.2229588088639,Micro
TEAD1,YA,-60,35.2130126510382,Micro
TEAD1,YA,-198,34.5931656776883,Micro
TEAD4,YA,196,39.6024180622932,Micro
NFKB1,YA,43,85.9254173796239,Micro
CEBPB,YA,-84,15.806828920221,Micro
CEBPB,YA,-1,9.18090894793771,Micro
CEBPB,YA,81,18.7807534777447,Micro
TEAD4,YA,150,37.1164857175088,Micro
TEAD4,YA,-59,33.7297155203671,Micro
TEAD4,YA,-31,38.3310481268483,Micro
RELA,YA,-151,55.5094376613966,Micro
RELA,YA,44,67.1848456876221,Micro
TEAD1,YA,-191,35.7640096002848,Micro
TEAD4,YA,-191,36.7434582273192,Micro
TEAD1,YA,-178,40.8384407162849,Micro
TEAD4,YA,-177,35.3538657630107,Micro
TEAD4,YA,-159,36.5990276101619,Micro
TEAD1,YA,48,39.8070541572332,Micro
TEAD4,YA,48,38.2463031562895,Micro
TEAD4,YA,147,39.6483770821024,Micro
TEAD4,YA,25,42.7482931708891,Micro
TEAD4,YA,199,46.0382424837817,Micro
TEAD1,YA,-33,42.0422399753909,Micro
CEBPB,YA,-17,11.4428835083726,Micro
CEBPB,YA,-7,3.04738805899412,Micro
CEBPB,YA,80,17.4269981800906,Micro
CEBPB,YA,115,14.5690821676706,Micro
TEAD1,YA,-152,52.3409870105573,Micro
TEAD1,YA,-43,38.3234052153607,Micro
TEAD4,YA,-22,41.7288488760597,Micro
TEAD1,YA,-17,37.8063660589786,Micro
TEAD1,YA,6,48.8584014306586,Micro
TEAD4,YA,6,43.2085608098175,Micro
TEAD4,YA,29,45.3699984563473,Micro
TEAD4,YA,179,44.8506821230731,Micro
TEAD4,YA,-33,40.1354341178044,Micro
TEAD1,YA,33,43.5587101006903,Micro
TEAD1,YA,146,48.2551759518706,Micro
TEAD4,YA,146,45.1690939280155,Micro
CEBPB,YA,-179,10.5863959804666,Micro
CEBPB,YA,-105,13.2849491485671,Micro
CEBPB,YA,-22,20.9338985379931,Micro
CEBPB,YA,-10,19.2285690182656,Micro
CEBPB,YA,23,26.8124493200125,Micro
CEBPB,YA,35,16.8342782454054,Micro
CEBPB,YA,57,15.4432478691885,Micro
CEBPB,YA,127,12.3963426299297,Micro
CEBPB,YA,197,13.3952304723497,Micro
TEAD4,YA,-160,41.7541854777359,Micro
TEAD4,YA,-107,46.7386666893572,Micro
TEAD4,YA,-60,42.2336627030477,Micro
TEAD4,YA,-49,41.5767831797905,Micro
TEAD4,YA,-44,43.1283591620466,Micro
TEAD4,YA,-39,37.1437036812888,Micro
TEAD4,YA,2,47.3610300135679,Micro
TEAD4,YA,34,36.7977624534663,Micro
TEAD4,YA,91,45.1455446750002,Micro
NFKB1,YA,-17,78.4069255373323,Micro
TEAD4,YA,0,17.1593552421874,Micro
NFKB1,YA,-196,74.4958240474806,Micro
NFKB1,YA,-128,94.7323863025983,Micro
NFKB1,YA,75,64.2591142866054,Micro
NFKB1,YA,161,90.0589976294394,Micro
NFKB1,YA,-159,89.3228840589837,Micro
NFKB1,YA,58,84.2695015433901,Micro
TEAD1,YA,-200,41.2605974227417,Micro
TEAD1,YA,-181,38.636513386608,Micro
TEAD4,YA,-181,44.5254427631211,Micro
TEAD4,YA,-172,35.6887203042456,Micro
TEAD4,YA,-122,42.627342992973,Micro
TEAD1,YA,-116,38.1635476118855,Micro
TEAD4,YA,-116,34.5173814257611,Micro
TEAD4,YA,-98,42.081090203878,Micro
TEAD1,YA,-82,42.0860648392612,Micro
TEAD4,YA,-69,36.2726486337584,Micro
TEAD1,YA,-42,45.8919999115383,Micro
TEAD4,YA,-19,40.2028022986225,Micro
TEAD1,YA,-10,28.1762820020592,Micro
TEAD4,YA,-9,28.9713151769431,Micro
CEBPB,YA,-119,9.6389228994519,Micro
CEBPB,YA,-48,16.0400406388569,Micro
CEBPB,YA,29,13.352603178291,Micro
CEBPB,YA,128,11.0719257454595,Micro
NFKB1,YA,-4,40.0805905313801,Micro
CEBPB,YA,-155,10.9696691714081,Micro
CEBPB,YA,-72,18.287435720253,Micro
CEBPB,YA,-60,13.5824761330123,Micro
CEBPB,YA,-34,16.7042839219666,Micro
CEBPB,YA,13,7.69006471589028,Micro
CEBPB,YA,18,23.0952108023734,Micro
CEBPB,YA,196,13.5076678890681,Micro
TEAD1,YA,-103,40.5224447172713,Micro
TEAD4,YA,81,49.0231015598335,Micro
NFKB1,YA,-36,82.0326204473196,Micro
RELA,YA,43,75.3765780975489,Micro
NFKB1,YA,86,96.1926694049921,Micro
TEAD1,YA,177,44.1628192082626,Micro
RELA,YA,-15,70.712681519293,Micro
TEAD4,YA,168,40.5343685406073,Micro
TEAD1,YA,27,42.0739404788951,Micro
TEAD4,YA,177,40.6454387569419,Micro
TEAD4,YA,163,39.4689859969124,Micro
TEAD4,YA,130,40.8040473696564,Micro
TEAD4,YA,-56,35.3037361719399,Micro
TEAD1,YA,-21,45.5009066088316,Micro
TEAD4,YA,37,38.1243349569065,Micro
TEAD4,YA,-144,39.6913221444395,Micro
CEBPB,YA,-142,12.212336995934,Micro
CEBPB,YA,-93,13.5066226343037,Micro
CEBPB,YA,-177,12.2161587260486,Micro
CEBPB,YA,-169,10.2537678311639,Micro
CEBPB,YA,-164,10.9415303089687,Micro
CEBPB,YA,-146,11.8652730849123,Micro
CEBPB,YA,-134,16.3343694517817,Micro
CEBPB,YA,33,15.9541258007697,Micro
CEBPB,YA,54,22.4980157563351,Micro
CEBPB,YA,61,16.013924850063,Micro
CEBPB,YA,91,14.7147211238743,Micro
CEBPB,YA,96,11.4906078232415,Micro
CEBPB,YA,101,14.9153807960912,Micro
CEBPB,YA,107,20.0053063809702,Micro
CEBPB,YA,165,11.1851121419383,Micro
CEBPB,YA,168,12.3125501503912,Micro
TEAD1,YA,-88,41.74099197142,Micro
TEAD4,YA,-156,35.3270461355883,Micro
TEAD1,YA,-157,39.8206474835019,Micro
TEAD4,YA,-118,46.4789280379526,Micro
TEAD1,YA,-119,45.0625187342408,Micro
TEAD1,YA,-54,39.1813877550607,Micro
CEBPB,YA,-124,12.5866000069158,Micro
TEAD1,YA,-173,34.8016459544865,Micro
TEAD1,YA,-148,43.0457224862507,Micro
TEAD1,YA,141,39.6487418882177,Micro
TEAD4,YA,-163,38.3675762234694,Micro
CEBPB,YA,50,15.7236740291411,Micro
CEBPB,YA,103,13.1898710168651,Micro
TEAD4,YA,-185,34.6706918717796,Micro
TEAD1,YA,152,45.4100294688154,Micro
TEAD1,YA,-125,39.0210913024219,Micro
TEAD4,YA,64,42.8555325021128,Micro
TEAD1,YA,-70,35.3696572633521,Micro
TEAD4,YA,190,43.6386763064953,Micro
TEAD4,YA,-64,40.9929603389789,Micro
CEBPB,YA,-131,12.2779483256698,Micro
TEAD4,YA,-168,38.5073363882906,Micro
TEAD1,YA,-169,38.680006778832,Micro
TEAD4,YA,-184,34.5301719562675,Micro
TEAD4,YA,55,38.0231224642568,Micro
TEAD1,YA,130,40.4380044774435,Micro
CEBPB,YA,-30,21.8425329490491,Micro
TEAD4,YA,-183,37.7291118838466,Micro
CEBPB,YA,-175,14.1196716607523,Micro
CEBPB,YA,12,11.8763128418425,Micro
TEAD4,YA,-131,36.3703652860113,Micro
CEBPB,YA,-159,11.1880901540192,Micro
TEAD1,YA,-113,47.4499954263208,Micro
TEAD4,YA,109,40.2849124677483,Micro
RELA,YA,-7,55.0685915561639,Micro
TEAD1,YA,-160,42.6950379753421,Micro
TEAD1,YA,16,49.0264535548937,Micro
TEAD1,YA,63,43.2289017465274,Micro
TEAD1,YA,167,40.888449142734,Micro
CEBPB,YA,137,11.1656362089417,Micro
CEBPB,YA,-92,16.6730839868348,Micro
TEAD1,YA,17,41.0909222092543,Micro
RELA,YA,-64,61.3581548870231,Micro
TEAD4,YA,11,39.5619406418723,Micro
CEBPB,YA,-61,12.8171995436685,Micro
CEBPB,YA,55,16.3095520776071,Micro
TEAD1,YA,-132,43.641266483332,Micro
TEAD4,YA,116,50.1859311835694,Micro
TEAD4,YA,-180,42.2467598968063,Micro
TEAD4,YA,-150,38.32597531595,Micro
TEAD4,YA,17,43.0943996912689,Micro
TEAD4,YA,89,41.9582510886263,Micro
CEBPB,YA,-108,15.5734195163835,Micro
TEAD1,YA,28,44.7004014977197,Micro
TEAD4,YA,104,40.1029476187204,Micro
TEAD1,YA,103,43.8601771250394,Micro
TEAD1,YA,81,53.2710446582852,Micro
TEAD4,YA,117,41.3149291506394,Micro
CEBPB,YA,-11,10.8451869770561,Micro
STAT3,YA,-9,40.2329257952712,Micro
TEAD1,YA,-3,49.9428643699307,Micro
TEAD4,YA,-3,35.3099353372277,Micro
TEAD1,YA,-141,42.277377699307,Micro
TEAD1,YA,-165,40.939576872946,Micro
TEAD1,YA,88,42.7734278951275,Micro
CEBPB,YA,-98,15.8912731251282,Micro
CEBPB,YA,-83,16.926958577212,Micro
TEAD4,YA,71,39.2484538740998,Micro
TEAD4,YA,167,41.3010011340092,Micro
CEBPB,YA,27,18.458277763201,Micro
CEBPB,YA,98,12.9985992762139,Micro
TEAD4,YA,171,40.7645856750897,Micro
TEAD4,YA,192,39.9785730783898,Micro
TEAD1,YA,-7,12.5688091543719,Micro
CEBPB,YA,-148,12.6622513291819,Micro
CEBPB,YA,74,13.0210740141828,Micro
TEAD1,YA,20,52.1779101530893,Micro
TEAD4,YA,-151,33.8804677855995,Micro
TEAD1,YA,-86,41.2485543486525,Micro
TEAD4,YA,-142,36.2672277155737,Micro
CEBPB,YA,-42,14.3000100863187,Micro
TEAD4,YA,-135,42.3015999882921,Micro
TEAD4,YA,63,35.3032379126433,Micro
CEBPB,YA,-147,11.9998093490896,Micro
CEBPB,YA,-143,14.5922822113054,Micro
CEBPB,YA,71,15.9119825377585,Micro
CEBPB,YA,189,11.35104088504,Micro
TEAD4,YA,-136,36.670620507951,Micro
TEAD1,YA,-137,38.1196537925393,Micro
TEAD4,YA,28,36.79974919644,Micro
TEAD1,YA,-107,41.0561076118466,Micro
CEBPB,YA,-136,9.46134626401568,Micro
TEAD1,YA,37,39.3815244018755,Micro
TEAD4,YA,-115,39.9650620511623,Micro
TEAD4,YA,131,40.6957429904687,Micro
CEBPB,YA,56,17.2295483836695,Micro
TEAD4,YA,-16,38.6871404413762,Micro
CEBPB,YA,160,12.8799691241666,Micro
IRF1,YA,1,48.7487973990821,Micro
CEBPB,YA,-46,15.6718395213366,Micro
CEBPB,YA,45,16.0944798518824,Micro
CEBPB,YA,194,12.6455266512759,Micro
CEBPB,YA,-200,12.9813115169388,Micro
CEBPB,YA,65,16.0921644192729,Micro
CEBPB,YA,-123,12.4343703972801,Micro
CEBPB,YA,19,20.5884082773371,Micro
CEBPB,YA,136,13.7396551445234,Micro
CEBPB,YA,-196,13.0644109717159,Micro
CEBPB,YA,-195,14.149174697339,Micro
CEBPB,YA,158,12.5434251037052,Micro
CEBPB,YA,-176,10.0251507505315,Micro
CEBPB,YA,-174,9.83043573848633,Micro
CEBPB,YA,-152,10.616097854104,Micro
CEBPB,YA,-178,13.4917204823388,Micro
CEBPB,YA,4,3.56239274583957,Micro
CEBPB,YA,38,16.3641188451969,Micro
CEBPB,YA,97,15.6761072285929,Micro
CEBPB,YA,185,24.4114199384599,Micro
CEBPB,YA,-168,11.8722381082851,Micro
CEBPB,YA,-173,12.2695541274905,Micro
CEBPB,YA,-151,16.3254604810708,Micro
CEBPB,YA,-140,16.1634750244342,Micro
CEBPB,YA,-106,12.1969271367195,Micro
CEBPB,YA,-87,24.3598582858638,Micro
CEBPB,YA,-62,14.3534158294549,Micro
CEBPB,YA,-40,15.910864634225,Micro
CEBPB,YA,-36,18.0074590696168,Micro
CEBPB,YA,39,16.3132917815322,Micro
CEBPB,YA,48,14.70530133738,Micro
CEBPB,YA,87,16.5659378995931,Micro
CEBPB,YA,135,10.9006064009927,Micro
CEBPB,YA,-121,10.8618509774585,Micro
CEBPB,YA,-51,15.7469579866243,Micro
CEBPB,YA,-114,15.3761846094946,Micro
CEBPB,YA,64,15.8944946693656,Micro
CEBPB,YA,-113,13.3540927121359,Micro
CEBPB,YA,-71,17.7672525739343,Micro
CEBPB,YA,-55,13.5948572166603,Micro
CEBPB,YA,84,13.3515590709648,Micro
CEBPB,YA,-185,11.0768245415504,Micro
CEBPB,YA,-101,12.8847269891475,Micro
CEBPB,YA,-88,16.9055140643438,Micro
CEBPB,YA,-50,12.9408680789058,Micro
CEBPB,YA,-47,15.8059659035173,Micro
CEBPB,YA,-65,15.5466154851316,Micro
CEBPB,YA,3,3.71790050608451,Micro
CEBPB,YA,-39,15.0999493786098,Micro
CEBPB,YA,177,11.1832736217819,Micro
TEAD4,YA,4,22.8286851868806,Micro
CEBPB,YA,100,20.6985703856964,Micro
CEBPB,YA,-120,13.4111491715469,Micro
CEBPB,YA,-112,14.7437136195596,Micro
CEBPB,YA,182,12.2498676248519,Micro
CEBPB,YA,102,13.6949073654189,Micro
CEBPB,YA,108,14.0817984304006,Micro
CEBPB,YA,195,14.9883460112495,Micro
CEBPB,YA,0,12.1934192159587,Micro
TEAD1,YA,5,11.6014875236884,Micro
TEAD1,YA,-199,37.240435267028,Micro
CEBPB,YA,-183,14.8677026003519,Micro
CEBPB,YA,11,8.9227484512178,Micro
CEBPB,YA,-188,11.0007571201972,Micro
CEBPB,YA,-186,11.560854548291,Micro
CEBPB,YA,186,11.7319621162605,Micro
CEBPB,YA,69,14.951920083611,Micro
CEBPB,YA,-172,11.8974106877205,Micro
CEBPB,YA,-135,11.4139440692866,Micro
CEBPB,YA,151,13.0124330992032,Micro
CEBPB,YA,-184,11.0839294458079,Micro
CEBPB,YA,16,19.8058284479741,Micro
CEBPB,YA,66,15.5629293115682,Micro
CEBPB,YA,-41,16.7965752496341,Micro
CEBPB,YA,-129,16.7641280632403,Micro
CEBPB,YA,122,12.2358775638773,Micro
CEBPB,YA,153,12.3618957645858,Micro
CEBPB,YA,-44,16.056461123789,Micro
CEBPB,YA,-95,16.3459748686816,Micro
CEBPB,YA,162,12.2490453655495,Micro
CEBPB,YA,24,18.1350134045282,Micro
CEBPB,YA,187,11.9579993593238,Micro
CEBPB,YA,-13,11.2176414718867,Micro
CEBPB,YA,-66,17.1105216235355,Micro
CEBPB,YA,-190,11.2249999980928,Micro
CEBPB,YA,83,15.3519276754306,Micro
CEBPB,YA,172,14.3165006812878,Micro
CEBPB,YA,-85,12.9116718008797,Micro
CEBPB,YA,-187,12.0597550440018,Micro
CEBPB,YA,-162,9.95457858541364,Micro
CEBPB,YA,-67,15.2231182812305,Micro
CEBPB,YA,-192,10.9635189870402,Micro
CEBPB,YA,184,12.7837111443849,Micro
CEBPB,YA,-122,13.1190048937141,Micro
CEBPB,YA,-157,18.82416060714,Micro
CEBPB,YA,95,11.9723469182409,Micro
CEBPB,YA,-111,10.5327466147497,Micro
CEBPB,YA,-141,12.2604524078374,Micro
CEBPB,YA,-2,2.35361548343217,Micro
CEBPB,YA,-154,16.2305028063333,Micro
CEBPB,YA,6,3.01892521875145,Micro
CEBPB,YA,-5,4.94518259884757,Micro
CEBPB,YA,1,3.27715235036008,Micro
NFKB1,HA,-190,77.7697134939206,Micro
NFKB1,HA,-165,84.8287167589884,Micro
NFKB1,HA,-144,81.7839630923436,Micro
NFKB1,HA,-114,79.0059501814558,Micro
NFKB1,HA,-97,77.7696272012877,Micro
NFKB1,HA,9,87.4232510965873,Micro
NFKB1,HA,114,89.5980475670682,Micro
NFKB1,HA,155,91.4608472888702,Micro
NFKB1,HA,176,82.6114454804588,Micro
NFKB1,HA,186,82.7637904658127,Micro
TEAD1,HA,-171,36.9886842363911,Micro
TEAD4,HA,-171,34.8098344681705,Micro
TEAD1,HA,-161,37.2340663086964,Micro
TEAD4,HA,-161,32.7589462204444,Micro
TEAD1,HA,-79,37.8824659070772,Micro
TEAD4,HA,-79,37.2656832477213,Micro
CEBPB,HA,-170,10.85657908622,Micro
TEAD1,HA,-23,41.4252644120058,Micro
TEAD4,HA,-23,39.3147814513398,Micro
CEBPB,HA,-114,11.4684402470749,Micro
TEAD1,HA,-21,41.9935580054328,Micro
TEAD4,HA,-21,40.9221700935772,Micro
CEBPB,HA,-112,11.9512442223435,Micro
TEAD1,HA,-18,41.4604623440293,Micro
TEAD4,HA,-18,39.8661291183891,Micro
CEBPB,HA,-109,12.627619648845,Micro
TEAD1,HA,-16,40.0871835987613,Micro
TEAD4,HA,-16,34.7188838718544,Micro
CEBPB,HA,-107,12.5665224756319,Micro
TEAD1,HA,74,39.632919568026,Micro
TEAD4,HA,74,36.6425711580636,Micro
CEBPB,HA,-17,11.1064133300997,Micro
TEAD1,HA,108,40.7912237320437,Micro
TEAD4,HA,108,37.2812257727811,Micro
CEBPB,HA,17,16.0558868697788,Micro
TEAD1,HA,111,37.6314396323161,Micro
TEAD4,HA,111,35.4025330107837,Micro
CEBPB,HA,20,24.2538943130331,Micro
TEAD1,HA,112,41.4031245139546,Micro
TEAD4,HA,112,38.263661650554,Micro
CEBPB,HA,21,16.8816922923692,Micro
TEAD1,HA,117,41.1249686922749,Micro
TEAD4,HA,117,39.5950882988679,Micro
CEBPB,HA,26,18.1472019859587,Micro
TEAD1,HA,134,41.0265558348263,Micro
TEAD4,HA,134,39.0989784378185,Micro
CEBPB,HA,43,15.2379086929219,Micro
TEAD1,HA,135,42.57771829192,Micro
TEAD4,HA,135,40.6701157599397,Micro
CEBPB,HA,44,15.2721123838079,Micro
TEAD1,HA,174,42.1101639170788,Micro
TEAD4,HA,174,38.4771957860933,Micro
CEBPB,HA,83,15.6298170161374,Micro
TEAD1,HA,175,40.1819981520805,Micro
TEAD4,HA,175,38.0973274316097,Micro
CEBPB,HA,84,14.0389392269722,Micro
CEBPB,HA,124,12.4466281948483,Micro
CEBPB,HA,136,11.6387666132112,Micro
CEBPB,HA,161,13.6472611495088,Micro
CEBPB,HA,162,10.5359499199463,Micro
CEBPB,HA,166,12.4848825177673,Micro
CEBPB,HA,177,10.1158572026695,Micro
CEBPB,HA,184,11.1876511733164,Micro
CEBPB,HA,199,13.1278526271354,Micro
CEBPB,HA,200,11.9638944025325,Micro
CEBPB,HA,-48,14.6153413910571,Micro
CEBPB,HA,99,14.6498042662851,Micro
CEBPB,HA,113,14.6935702591378,Micro
CEBPB,HA,119,11.2767271892456,Micro
CEBPB,HA,169,11.5748323732058,Micro
IRF1,HA,-193,306.723250019921,Micro
IRF1,HA,-171,288.15857313069,Micro
IRF1,HA,-161,301.602190993961,Micro
IRF1,HA,-141,335.807306258695,Micro
IRF1,HA,-139,334.265375344612,Micro
IRF1,HA,-138,338.602185236188,Micro
IRF1,HA,-136,348.472322714546,Micro
IRF1,HA,-134,347.87143571293,Micro
IRF1,HA,-125,337.24418609548,Micro
IRF1,HA,-111,352.315001016306,Micro
IRF1,HA,-95,345.203631333965,Micro
IRF1,HA,-93,354.776306965978,Micro
IRF1,HA,-92,358.629902296762,Micro
IRF1,HA,-87,362.863644489946,Micro
IRF1,HA,-80,364.486472838525,Micro
IRF1,HA,-66,376.31653208925,Micro
IRF1,HA,-39,437.644726900062,Micro
IRF1,HA,-35,440.14152212303,Micro
IRF1,HA,-29,433.831571248064,Micro
IRF1,HA,-26,439.009327706428,Micro
IRF1,HA,-25,439.872685213017,Micro
IRF1,HA,-10,170.602169980095,Micro
IRF1,HA,5,70.5061144360384,Micro
IRF1,HA,7,97.4981423335803,Micro
IRF1,HA,13,217.499286142824,Micro
IRF1,HA,22,446.120723012342,Micro
IRF1,HA,23,431.747157893335,Micro
IRF1,HA,32,453.436996138166,Micro
IRF1,HA,42,471.344734757525,Micro
IRF1,HA,54,434.187122070089,Micro
IRF1,HA,55,420.302603735636,Micro
IRF1,HA,66,391.854955881682,Micro
IRF1,HA,70,387.010027365462,Micro
IRF1,HA,82,378.132759670697,Micro
IRF1,HA,85,387.319651623902,Micro
IRF1,HA,148,375.698638486916,Micro
IRF1,HA,165,337.72575284363,Micro
IRF1,HA,171,337.682396402185,Micro
IRF1,HA,69,395.123532664517,Micro
IRF1,HA,99,378.851217622024,Micro
IRF1,HA,154,354.076263873026,Micro
IRF1,HA,160,346.639085823092,Micro
TEAD4,HA,-71,35.2799833491222,Micro
TEAD4,HA,179,38.1966807107119,Micro
TEAD4,HA,192,41.412804864523,Micro
STAT3,HA,-88,83.9368478653017,Micro
STAT3,HA,-23,82.5052381502447,Micro
STAT3,HA,58,84.5457882844439,Micro
STAT3,HA,96,87.9496811240858,Micro
STAT3,HA,157,84.2707233088142,Micro
NFKB1,HA,-184,77.8810470465021,Micro
NFKB1,HA,-158,76.1136849632548,Micro
NFKB1,HA,-29,73.7657742758741,Micro
NFKB1,HA,36,74.3491948301693,Micro
NFKB1,HA,78,82.5372317958769,Micro
NFKB1,HA,82,77.4539809386832,Micro
NFKB1,HA,88,90.2015448462749,Micro
NFKB1,HA,95,84.8270581203565,Micro
NFKB1,HA,96,89.7292548655228,Micro
NFKB1,HA,127,83.4387163826762,Micro
NFKB1,HA,133,76.3892744488955,Micro
STAT3,HA,-174,74.1653598196151,Micro
STAT3,HA,-122,77.8283938641988,Micro
STAT3,HA,-7,62.9340607789663,Micro
STAT3,HA,44,86.3907579775755,Micro
STAT3,HA,88,83.4846206842023,Micro
STAT3,HA,139,83.155851068313,Micro
STAT3,HA,146,82.8754092284138,Micro
STAT3,HA,162,85.4117231712109,Micro
NFKB1,HA,-166,79.4884151092004,Micro
NFKB1,HA,-115,74.2157638022243,Micro
NFKB1,HA,-105,78.8461338326505,Micro
NFKB1,HA,-90,83.6554526013333,Micro
NFKB1,HA,-54,85.3267818251532,Micro
NFKB1,HA,-10,40.6624262759816,Micro
NFKB1,HA,29,78.0209246606304,Micro
NFKB1,HA,63,79.0443177559201,Micro
NFKB1,HA,-169,80.5948243416276,Micro
NFKB1,HA,-162,79.2422319058424,Micro
NFKB1,HA,-74,82.797586587479,Micro
NFKB1,HA,-65,71.1086920802863,Micro
NFKB1,HA,-31,72.6390888847817,Micro
NFKB1,HA,23,84.2623603959319,Micro
NFKB1,HA,128,82.0094345240316,Micro
NFKB1,HA,-177,76.5388025763389,Micro
NFKB1,HA,-151,82.5430030317494,Micro
NFKB1,HA,-143,78.8520409888593,Micro
NFKB1,HA,-84,78.8403315809726,Micro
NFKB1,HA,-46,76.7219719083049,Micro
NFKB1,HA,-5,69.444432797967,Micro
NFKB1,HA,4,153.180012334949,Micro
NFKB1,HA,6,110.191107846284,Micro
NFKB1,HA,14,97.1144022965006,Micro
NFKB1,HA,18,82.1226656973163,Micro
NFKB1,HA,45,81.212584024903,Micro
NFKB1,HA,52,87.0193045231578,Micro
NFKB1,HA,62,86.7094258999756,Micro
NFKB1,HA,91,82.126445166205,Micro
NFKB1,HA,145,97.2710108067175,Micro
RELA,HA,-176,57.3314072743289,Micro
RELA,HA,-146,54.874591800217,Micro
NFKB1,HA,-147,86.0547258626394,Micro
RELA,HA,-121,61.5889001780059,Micro
NFKB1,HA,-122,73.7642283968454,Micro
RELA,HA,-109,57.1031196111771,Micro
NFKB1,HA,-110,79.28419610972,Micro
RELA,HA,-104,59.5024443156868,Micro
RELA,HA,-97,59.8854927124367,Micro
NFKB1,HA,-98,79.7396637717711,Micro
RELA,HA,-71,59.5716448011196,Micro
NFKB1,HA,-72,91.7436113819139,Micro
RELA,HA,-56,57.0319872218672,Micro
NFKB1,HA,-57,83.6543432536834,Micro
RELA,HA,17,63.2582073412261,Micro
NFKB1,HA,16,67.3030908567816,Micro
RELA,HA,51,63.1351836989257,Micro
NFKB1,HA,50,85.7201343929745,Micro
RELA,HA,108,62.1708186452596,Micro
NFKB1,HA,107,84.9377932970436,Micro
RELA,HA,143,59.4417481049744,Micro
NFKB1,HA,142,88.4519565223991,Micro
RELA,HA,156,61.9610541982146,Micro
RELA,HA,-188,56.0833514181741,Micro
RELA,HA,-183,57.7128972844924,Micro
RELA,HA,-181,58.3874512094016,Micro
RELA,HA,-81,67.5404334434203,Micro
RELA,HA,-117,59.346553462413,Micro
RELA,HA,-156,59.540777794517,Micro
RELA,HA,-45,58.0216296544568,Micro
RELA,HA,-120,60.922146221338,Micro
RELA,HA,-15,68.7710563240959,Micro
RELA,HA,-51,59.0237669002366,Micro
RELA,HA,-90,63.154410725255,Micro
RELA,HA,-199,51.4827647249819,Micro
RELA,HA,-9,29.097808203499,Micro
RELA,HA,-84,59.4380117534094,Micro
RELA,HA,-193,53.9589314584042,Micro
RELA,HA,15,65.6459209904059,Micro
RELA,HA,-21,71.1341503774478,Micro
RELA,HA,-60,61.8407920612177,Micro
RELA,HA,-169,51.2339587129376,Micro
RELA,HA,64,61.3508867303422,Micro
RELA,HA,28,62.6036607897188,Micro
RELA,HA,-11,63.5852813848891,Micro
RELA,HA,126,64.4396962459945,Micro
RELA,HA,90,64.4897656963995,Micro
RELA,HA,-58,63.8731823803475,Micro
RELA,HA,132,60.5662595644535,Micro
RELA,HA,96,61.8482733967998,Micro
RELA,HA,57,62.2616672553715,Micro
RELA,HA,-52,63.2992140809412,Micro
RELA,HA,138,59.7209234032835,Micro
RELA,HA,102,61.5211194860292,Micro
RELA,HA,63,63.1372832082388,Micro
RELA,HA,-46,62.2646871094986,Micro
RELA,HA,151,58.4815349644522,Micro
RELA,HA,115,59.7685059577523,Micro
RELA,HA,76,58.7868847787823,Micro
RELA,HA,-33,63.1103675546147,Micro
RELA,HA,161,59.0406445294824,Micro
RELA,HA,125,64.5770077109226,Micro
RELA,HA,86,62.223424770008,Micro
RELA,HA,-23,70.0994083131071,Micro
RELA,HA,167,58.1797055593742,Micro
RELA,HA,131,59.1663241045329,Micro
RELA,HA,92,63.2138759146129,Micro
RELA,HA,-17,61.5355279220472,Micro
RELA,HA,178,60.8049243700925,Micro
RELA,HA,142,60.5131795220012,Micro
RELA,HA,103,55.9061411568245,Micro
RELA,HA,-6,88.6352494229161,Micro
RELA,HA,197,59.7324200909309,Micro
RELA,HA,122,60.48935774905,Micro
RELA,HA,13,62.7244010486272,Micro
RELA,HA,194,62.6130580633872,Micro
RELA,HA,155,62.1811590213873,Micro
RELA,HA,46,59.9613757131158,Micro
RELA,HA,198,58.228978199875,Micro
RELA,HA,89,62.9424364689049,Micro
RELA,HA,93,59.3383819906077,Micro
RELA,HA,94,61.4317822712178,Micro
RELA,HA,95,60.7770494562101,Micro
RELA,HA,113,61.8624352147743,Micro
RELA,HA,118,59.8444330170455,Micro
RELA,HA,120,62.525944659121,Micro
RELA,HA,141,61.4991853200258,Micro
RELA,HA,150,59.1192303853366,Micro
RELA,HA,154,62.9209027610805,Micro
RELA,HA,159,60.1983225989125,Micro
RELA,HA,163,57.2278048428971,Micro
RELA,HA,165,61.2492915619158,Micro
RELA,HA,168,59.8228338958583,Micro
RELA,HA,173,59.7422015384777,Micro
RELA,HA,188,61.4937979162326,Micro
RELA,HA,196,60.2612762686368,Micro
NFKB1,HA,-146,77.2577121083169,Micro
NFKB1,HA,-131,74.3989840589483,Micro
NFKB1,HA,-88,83.1636446065268,Micro
NFKB1,HA,-79,90.35179966367,Micro
NFKB1,HA,-78,78.3966852664271,Micro
NFKB1,HA,-30,78.3086190821874,Micro
NFKB1,HA,-17,76.404741064502,Micro
NFKB1,HA,22,79.0323224488332,Micro
NFKB1,HA,32,88.3292352897104,Micro
NFKB1,HA,38,84.6557051463144,Micro
NFKB1,HA,48,85.7353077146283,Micro
NFKB1,HA,58,78.5641685798756,Micro
NFKB1,HA,100,88.8984885280885,Micro
NFKB1,HA,113,80.8504434848327,Micro
NFKB1,HA,118,77.3027137232355,Micro
NFKB1,HA,124,84.3289666554146,Micro
NFKB1,HA,143,86.2081616845175,Micro
NFKB1,HA,153,87.5813119962499,Micro
NFKB1,HA,169,86.479164829862,Micro
NFKB1,HA,170,86.5919153523124,Micro
NFKB1,HA,181,83.4216718237103,Micro
NFKB1,HA,182,81.5709668266593,Micro
NFKB1,HA,184,83.0754489774679,Micro
NFKB1,HA,192,90.5378625706877,Micro
NFKB1,HA,-171,76.0730643264577,Micro
NFKB1,HA,-139,80.0014186350911,Micro
NFKB1,HA,-81,87.6424648439386,Micro
NFKB1,HA,-21,92.6059091067598,Micro
NFKB1,HA,11,74.9900342645338,Micro
NFKB1,HA,26,83.6621959773067,Micro
NFKB1,HA,110,82.7319479894983,Micro
NFKB1,HA,158,83.7619742635455,Micro
NFKB1,HA,163,91.2837136567327,Micro
NFKB1,HA,198,78.2480314795033,Micro
RELA,HA,-198,54.4471823015796,Micro
RELA,HA,-159,55.0566629795022,Micro
RELA,HA,-140,56.217118841936,Micro
RELA,HA,-113,57.2530279875411,Micro
RELA,HA,-102,63.169502679292,Micro
RELA,HA,-92,63.5637912605984,Micro
RELA,HA,-72,61.6969953441737,Micro
RELA,HA,-50,61.8058531254455,Micro
RELA,HA,-28,63.0050888318561,Micro
RELA,HA,22,66.7773032053097,Micro
RELA,HA,32,64.2374214982385,Micro
RELA,HA,38,64.4086069663812,Micro
RELA,HA,40,66.3231918016455,Micro
RELA,HA,47,60.9404771743631,Micro
RELA,HA,106,62.787876488698,Micro
RELA,HA,116,59.8098364791297,Micro
RELA,HA,-65,63.6344000587922,Micro
RELA,HA,-59,63.2348029205623,Micro
RELA,HA,-24,62.2147923195627,Micro
RELA,HA,-16,64.6735746020554,Micro
RELA,HA,4,81.9383588575473,Micro
RELA,HA,44,60.9230726647808,Micro
RELA,HA,58,62.0031724140837,Micro
RELA,HA,60,66.351743387262,Micro
RELA,HA,179,58.3634244528053,Micro
RELA,HA,180,57.7231432684832,Micro
TEAD4,HA,-159,34.019085076121,Micro
TEAD4,HA,-120,34.9179169954532,Micro
TEAD4,HA,-109,33.7258164255671,Micro
TEAD4,HA,-107,37.0118007160585,Micro
TEAD4,HA,-47,33.913787664632,Micro
TEAD4,HA,18,36.7931234661846,Micro
TEAD4,HA,35,36.5738569886924,Micro
TEAD4,HA,41,35.6126984150027,Micro
TEAD4,HA,46,35.4854912446018,Micro
TEAD4,HA,73,37.4791307362162,Micro
IRF1,HA,-190,304.812870839767,Micro
IRF1,HA,-116,349.516076583625,Micro
TEAD1,HA,-170,35.2649668521811,Micro
TEAD4,HA,-170,35.4908541657028,Micro
IRF1,HA,-106,341.120421979094,Micro
TEAD1,HA,-160,37.2749620849047,Micro
TEAD4,HA,-160,38.0246199448287,Micro
TEAD1,HA,-64,37.1767550247857,Micro
TEAD4,HA,-64,35.2195964595902,Micro
IRF1,HA,-144,331.395833287561,Micro
IRF1,HA,-5,46.9396495695069,Micro
TEAD1,HA,-59,37.2376159743839,Micro
TEAD4,HA,-59,33.1786547684299,Micro
TEAD1,HA,-41,34.9503197115523,Micro
TEAD4,HA,-41,35.3159505922473,Micro
IRF1,HA,-121,351.48663732833,Micro
IRF1,HA,-189,300.293992762766,Micro
IRF1,HA,-195,309.861666829471,Micro
IRF1,HA,14,259.252742661375,Micro
TEAD1,HA,-40,37.2721174143414,Micro
TEAD4,HA,-40,35.2506023128065,Micro
IRF1,HA,-120,349.361523376953,Micro
IRF1,HA,-188,297.476816433278,Micro
IRF1,HA,-194,304.656169525231,Micro
IRF1,HA,-200,324.819359137067,Micro
IRF1,HA,19,374.426575447719,Micro
TEAD1,HA,-35,39.8038106161484,Micro
TEAD4,HA,-35,35.8777075052613,Micro
IRF1,HA,-115,342.435296256185,Micro
IRF1,HA,-183,294.018473853881,Micro
IRF1,HA,21,418.114355444625,Micro
TEAD1,HA,-33,39.2454717816794,Micro
TEAD4,HA,-33,36.7556203859104,Micro
IRF1,HA,-113,338.841931004958,Micro
IRF1,HA,-181,288.832453784605,Micro
IRF1,HA,-187,298.496792582711,Micro
TEAD1,HA,-32,36.1535984021417,Micro
TEAD4,HA,-32,35.4960322426733,Micro
IRF1,HA,-112,339.507931311128,Micro
IRF1,HA,-180,287.222801382378,Micro
IRF1,HA,-186,300.198744241842,Micro
IRF1,HA,-192,311.237114402513,Micro
IRF1,HA,30,455.917038221675,Micro
TEAD1,HA,-24,38.16289998016,Micro
TEAD4,HA,-24,39.7222453384854,Micro
IRF1,HA,-104,347.682612906025,Micro
IRF1,HA,-172,282.672692444902,Micro
IRF1,HA,-178,290.652318749136,Micro
IRF1,HA,-184,304.534149912235,Micro
TEAD1,HA,-12,22.0731078535733,Micro
TEAD4,HA,-12,37.1957191109001,Micro
IRF1,HA,-160,301.425446860185,Micro
IRF1,HA,-166,293.491014559066,Micro
IRF1,HA,65,398.247276831721,Micro
TEAD1,HA,11,52.0714254900282,Micro
TEAD4,HA,11,35.6888882903186,Micro
IRF1,HA,-69,369.025585075978,Micro
IRF1,HA,-137,344.541874266893,Micro
IRF1,HA,-143,327.348658779345,Micro
IRF1,HA,-149,344.677740315582,Micro
IRF1,HA,67,390.803750977271,Micro
TEAD1,HA,13,46.361629834844,Micro
TEAD4,HA,13,39.0495794716281,Micro
IRF1,HA,-67,381.670930242974,Micro
IRF1,HA,-135,344.328247328476,Micro
IRF1,HA,-147,340.981283518793,Micro
IRF1,HA,77,387.270381890602,Micro
TEAD1,HA,23,39.6699542368354,Micro
TEAD4,HA,23,36.9566504177027,Micro
IRF1,HA,-57,404.547523471919,Micro
IRF1,HA,-131,339.315364440242,Micro
IRF1,HA,84,386.569927826619,Micro
TEAD1,HA,30,38.4757074897966,Micro
TEAD4,HA,30,35.5592274235898,Micro
IRF1,HA,-50,440.778785841468,Micro
IRF1,HA,-118,354.840969498901,Micro
IRF1,HA,-124,340.936133927537,Micro
IRF1,HA,-130,333.952542637697,Micro
IRF1,HA,86,391.840040201975,Micro
TEAD1,HA,32,39.6799411049015,Micro
TEAD4,HA,32,38.0111481105038,Micro
IRF1,HA,-48,446.35371888324,Micro
IRF1,HA,-122,346.838103441734,Micro
IRF1,HA,-128,342.704818442607,Micro
IRF1,HA,94,380.256132576292,Micro
TEAD1,HA,40,36.5838041699618,Micro
TEAD4,HA,40,33.3446935532534,Micro
IRF1,HA,-40,439.353848089246,Micro
IRF1,HA,-108,341.272416748469,Micro
IRF1,HA,-114,341.416716729906,Micro
IRF1,HA,95,374.428723496606,Micro
TEAD1,HA,41,37.8919566672198,Micro
IRF1,HA,-107,340.545114800914,Micro
IRF1,HA,-119,352.079654032666,Micro
IRF1,HA,132,388.411223925333,Micro
TEAD1,HA,78,42.4816060289441,Micro
TEAD4,HA,78,38.0037352060048,Micro
IRF1,HA,-2,81.8072992730337,Micro
IRF1,HA,-70,358.592803622302,Micro
IRF1,HA,-76,359.119906874204,Micro
IRF1,HA,-82,361.744348128902,Micro
IRF1,HA,136,384.179550674049,Micro
TEAD1,HA,82,38.23911015842,Micro
TEAD4,HA,82,35.4241476799507,Micro
IRF1,HA,2,91.671573192081,Micro
IRF1,HA,-72,370.580059957763,Micro
IRF1,HA,-78,372.539844457305,Micro
IRF1,HA,140,381.054281724269,Micro
TEAD1,HA,86,41.0333594924399,Micro
TEAD4,HA,86,37.8471657091085,Micro
IRF1,HA,6,111.615812827802,Micro
IRF1,HA,-62,396.950777328696,Micro
IRF1,HA,-68,374.909671769434,Micro
IRF1,HA,-74,364.102750246931,Micro
IRF1,HA,142,371.175766219925,Micro
TEAD1,HA,88,41.0450161223942,Micro
TEAD4,HA,88,37.142740512966,Micro
IRF1,HA,8,174.290836315013,Micro
IRF1,HA,-60,392.469871677724,Micro
IRF1,HA,144,378.416816676724,Micro
TEAD1,HA,90,38.7432142640102,Micro
TEAD4,HA,90,40.4143845386162,Micro
IRF1,HA,10,169.989162967186,Micro
IRF1,HA,-58,392.880906403241,Micro
IRF1,HA,-64,387.362638968147,Micro
IRF1,HA,147,378.645139643076,Micro
TEAD1,HA,93,38.8738098358953,Micro
TEAD4,HA,93,37.3830181606635,Micro
IRF1,HA,-55,407.348943325247,Micro
IRF1,HA,-61,399.641586998042,Micro
IRF1,HA,37,441.749132099394,Micro
IRF1,HA,-31,442.767730360227,Micro
IRF1,HA,-37,451.713614932299,Micro
IRF1,HA,-43,464.978306565618,Micro
IRF1,HA,176,339.1873930234,Micro
TEAD1,HA,122,40.4575974291549,Micro
TEAD4,HA,122,38.2641210892202,Micro
IRF1,HA,-32,448.135957434795,Micro
IRF1,HA,-38,439.84143207967,Micro
IRF1,HA,177,343.813301624403,Micro
TEAD1,HA,123,38.0147393874443,Micro
TEAD4,HA,123,37.1820402833413,Micro
IRF1,HA,43,460.109719566679,Micro
IRF1,HA,181,347.947868437749,Micro
TEAD1,HA,127,41.2889554383659,Micro
TEAD4,HA,127,38.8769210299808,Micro
IRF1,HA,47,449.905075854413,Micro
IRF1,HA,-21,361.468740142496,Micro
IRF1,HA,-27,444.942429279159,Micro
IRF1,HA,-33,442.746231103758,Micro
IRF1,HA,182,355.399893343871,Micro
TEAD1,HA,128,39.7050390543965,Micro
TEAD4,HA,128,40.5008338401296,Micro
IRF1,HA,48,446.887965357553,Micro
IRF1,HA,-20,309.32831366206,Micro
IRF1,HA,188,354.057355386709,Micro
IRF1,HA,-14,195.844983540746,Micro
IRF1,HA,193,366.444291208999,Micro
TEAD1,HA,139,40.2707218810981,Micro
TEAD4,HA,139,36.2791377655128,Micro
IRF1,HA,59,419.322001629867,Micro
IRF1,HA,-9,94.0285226823492,Micro
IRF1,HA,-15,207.790676981869,Micro
IRF1,HA,194,368.172093571373,Micro
TEAD1,HA,140,39.0251178148243,Micro
TEAD4,HA,140,39.1721811898726,Micro
IRF1,HA,60,427.718111929883,Micro
IRF1,HA,-8,108.326723405235,Micro
TEAD1,HA,170,38.620339992287,Micro
TEAD4,HA,170,38.7401501107069,Micro
IRF1,HA,90,380.518835025323,Micro
IRF1,HA,16,280.380911006037,Micro
IRF1,HA,26,440.585255540235,Micro
IRF1,HA,20,401.735794464073,Micro
TEAD1,HA,184,40.1651905369941,Micro
TEAD4,HA,184,39.0529264162997,Micro
IRF1,HA,104,380.895399593903,Micro
IRF1,HA,36,450.560545643051,Micro
IRF1,HA,24,442.885092168328,Micro
TEAD1,HA,189,39.3824581497163,Micro
TEAD4,HA,189,38.3883816596282,Micro
IRF1,HA,109,380.004052501154,Micro
IRF1,HA,41,473.387216276653,Micro
IRF1,HA,35,459.909624626333,Micro
IRF1,HA,29,453.765205090509,Micro
TEAD1,HA,196,39.3294684231929,Micro
TEAD4,HA,196,35.6014607931228,Micro
IRF1,HA,116,385.531908027526,Micro
IRF1,HA,123,381.13471684345,Micro
IRF1,HA,49,447.646872098702,Micro
IRF1,HA,124,383.202338810035,Micro
IRF1,HA,56,422.619807381912,Micro
IRF1,HA,50,433.731820786205,Micro
IRF1,HA,44,464.408164754594,Micro
IRF1,HA,128,385.654790371716,Micro
IRF1,HA,129,380.487620310732,Micro
IRF1,HA,61,417.530210299409,Micro
IRF1,HA,64,409.620250709776,Micro
IRF1,HA,58,415.875614935399,Micro
IRF1,HA,52,428.235705732504,Micro
IRF1,HA,133,388.618257764145,Micro
IRF1,HA,53,420.484776252074,Micro
IRF1,HA,138,380.401642173523,Micro
IRF1,HA,139,380.743009608906,Micro
IRF1,HA,71,390.532543848581,Micro
IRF1,HA,79,391.269054921317,Micro
IRF1,HA,73,392.81855697767,Micro
IRF1,HA,149,370.180276830345,Micro
IRF1,HA,81,375.731133044951,Micro
IRF1,HA,75,392.181520454384,Micro
IRF1,HA,150,377.196318926007,Micro
IRF1,HA,76,388.623551422816,Micro
IRF1,HA,152,367.460610813919,Micro
IRF1,HA,78,390.662135609291,Micro
IRF1,HA,72,399.67413574685,Micro
IRF1,HA,92,385.658078385372,Micro
IRF1,HA,80,387.76909847211,Micro
IRF1,HA,161,345.931674621246,Micro
IRF1,HA,93,384.970260899067,Micro
IRF1,HA,87,384.906138470247,Micro
IRF1,HA,166,340.098710941763,Micro
IRF1,HA,98,377.71027256068,Micro
IRF1,HA,170,333.752065455513,Micro
IRF1,HA,102,379.559441947608,Micro
IRF1,HA,96,393.196259446531,Micro
IRF1,HA,108,383.165203195363,Micro
IRF1,HA,114,374.910795531343,Micro
IRF1,HA,184,343.533371879649,Micro
IRF1,HA,110,377.730863406184,Micro
IRF1,HA,127,379.80006250514,Micro
IRF1,HA,146,381.540698387325,Micro
IRF1,HA,134,391.270823125077,Micro
IRF1,HA,143,372.651104228242,Micro
IRF1,HA,137,384.334921568789,Micro
IRF1,HA,151,371.339096256469,Micro
IRF1,HA,145,382.108284273865,Micro
IRF1,HA,164,345.40552935212,Micro
IRF1,HA,158,350.372086472135,Micro
IRF1,HA,159,343.643785640872,Micro
IRF1,HA,175,345.833448167629,Micro
IRF1,HA,169,335.41260584729,Micro
IRF1,HA,163,345.790659348901,Micro
IRF1,HA,178,338.945523638301,Micro
IRF1,HA,172,337.682973989734,Micro
IRF1,HA,185,345.28777673962,Micro
IRF1,HA,179,336.533478624337,Micro
IRF1,HA,173,341.911141986187,Micro
IRF1,HA,189,351.719470747638,Micro
IRF1,HA,183,347.532253274183,Micro
IRF1,HA,200,374.549016168518,Micro
RELA,HA,-200,54.7291824531392,Micro
NFKB1,HA,-200,76.1062967030374,Micro
RELA,HA,-192,53.2871200963302,Micro
NFKB1,HA,-192,76.9704495129482,Micro
RELA,HA,-187,57.9032099235324,Micro
NFKB1,HA,-187,74.3884013074096,Micro
RELA,HA,-175,56.2254710856204,Micro
NFKB1,HA,-175,73.0870300960878,Micro
RELA,HA,-145,57.561699120393,Micro
NFKB1,HA,-145,84.8364966940362,Micro
RELA,HA,-132,57.0195805933222,Micro
NFKB1,HA,-132,80.5579570086938,Micro
RELA,HA,-96,60.11415768118,Micro
NFKB1,HA,-96,83.5387174643712,Micro
RELA,HA,-91,62.3859276302183,Micro
NFKB1,HA,-91,83.3652219390536,Micro
RELA,HA,-82,64.6691334855247,Micro
NFKB1,HA,-82,80.2258032718483,Micro
NFKB1,HA,-45,84.4510297162515,Micro
RELA,HA,-36,67.5583176656435,Micro
NFKB1,HA,-36,74.5104001120564,Micro
RELA,HA,-7,61.001827136576,Micro
NFKB1,HA,-7,182.530828770213,Micro
RELA,HA,5,88.5730552412991,Micro
NFKB1,HA,5,169.519492645608,Micro
RELA,HA,19,65.8712920905816,Micro
NFKB1,HA,19,89.1758248539113,Micro
RELA,HA,39,63.3690876767203,Micro
NFKB1,HA,39,103.217773888122,Micro
RELA,HA,111,60.4648287648194,Micro
NFKB1,HA,111,81.0274612084157,Micro
RELA,HA,128,60.3510385501816,Micro
RELA,HA,184,57.4896755284856,Micro
RELA,HA,185,56.631818307575,Micro
NFKB1,HA,185,82.7054161475268,Micro
TEAD4,HA,-185,35.2618533609358,Micro
TEAD1,HA,-186,37.5923264049651,Micro
TEAD4,HA,-146,35.274299585404,Micro
TEAD1,HA,-147,37.2224632947947,Micro
TEAD4,HA,-82,36.0279307796291,Micro
TEAD1,HA,-83,37.3999046703473,Micro
TEAD4,HA,-67,35.6712180523285,Micro
TEAD1,HA,-68,37.9735241587406,Micro
TEAD4,HA,22,39.9352432745979,Micro
TEAD1,HA,21,41.0617057984091,Micro
TEAD4,HA,66,36.3064754193161,Micro
TEAD1,HA,65,37.7206643408433,Micro
TEAD4,HA,126,37.7357544380524,Micro
TEAD1,HA,125,40.2876384715443,Micro
TEAD4,HA,200,35.0313191566072,Micro
TEAD1,HA,199,39.3432646147172,Micro
NFKB1,HA,-173,81.3466007647901,Micro
NFKB1,HA,-93,87.3553733706764,Micro
NFKB1,HA,37,83.8102150354808,Micro
NFKB1,HA,83,80.5207697660998,Micro
NFKB1,HA,123,81.3985639544521,Micro
NFKB1,HA,140,87.0506703078863,Micro
NFKB1,HA,197,82.5600069997743,Micro
RELA,HA,-128,60.3193188170652,Micro
NFKB1,HA,-183,75.5761676379991,Micro
NFKB1,HA,-63,76.3071479367636,Micro
NFKB1,HA,-34,85.2590837536312,Micro
NFKB1,HA,28,74.0666722595967,Micro
NFKB1,HA,138,90.4819122633692,Micro
NFKB1,HA,194,88.4998168879421,Micro
RELA,HA,-194,52.3441029977328,Micro
RELA,HA,-76,58.7385724993646,Micro
RELA,HA,71,63.7814441166604,Micro
RELA,HA,153,62.8695409441001,Micro
RELA,HA,171,59.1755703682192,Micro
RELA,HA,186,55.0618104074153,Micro
RELA,HA,200,58.5612152088807,Micro
IRF1,HA,-198,314.401676436107,Micro
IRF1,HA,-90,360.051843959752,Micro
IRF1,HA,-63,394.19447587703,Micro
IRF1,HA,-45,454.960828983039,Micro
IRF1,HA,-44,458.965129539365,Micro
IRF1,HA,9,115.549472804047,Micro
IRF1,HA,57,406.270295873516,Micro
IRF1,HA,125,378.236058311749,Micro
IRF1,HA,198,363.917688610637,Micro
NFKB1,HA,-64,79.2069317655404,Micro
NFKB1,HA,-22,87.897422902805,Micro
NFKB1,HA,-19,68.9763406272183,Micro
NFKB1,HA,59,85.1903856092878,Micro
NFKB1,HA,86,88.7959729096173,Micro
NFKB1,HA,144,91.017365825648,Micro
NFKB1,HA,-101,88.5938695853283,Micro
NFKB1,HA,-85,73.683383817724,Micro
NFKB1,HA,-58,82.591845640756,Micro
NFKB1,HA,-25,78.4974440982651,Micro
NFKB1,HA,-15,71.6300274763001,Micro
NFKB1,HA,27,76.4598429579741,Micro
NFKB1,HA,64,88.0180728231822,Micro
NFKB1,HA,73,75.835447487591,Micro
NFKB1,HA,109,89.9068472204002,Micro
NFKB1,HA,159,82.470823711303,Micro
NFKB1,HA,-199,77.3085207233696,Micro
NFKB1,HA,-102,90.1620857279886,Micro
NFKB1,HA,-83,80.4304395539083,Micro
NFKB1,HA,-23,84.5576678355707,Micro
NFKB1,HA,30,87.036295179074,Micro
NFKB1,HA,103,79.2966081932953,Micro
NFKB1,HA,146,94.523220105988,Micro
NFKB1,HA,-195,76.949970041956,Micro
NFKB1,HA,-128,76.1468168370648,Micro
NFKB1,HA,-112,83.6057790878125,Micro
NFKB1,HA,55,82.6580956837582,Micro
NFKB1,HA,97,81.5117099560887,Micro
NFKB1,HA,102,86.0133841304928,Micro
NFKB1,HA,119,82.6379223449503,Micro
NFKB1,HA,148,84.7454937036668,Micro
NFKB1,HA,156,83.0805457773075,Micro
TEAD4,HA,-121,34.7723741243061,Micro
TEAD4,HA,-54,34.9812740333031,Micro
TEAD1,HA,-178,34.8904356491281,Micro
TEAD1,HA,-101,38.5503442268602,Micro
TEAD4,HA,147,38.6717952954409,Micro
TEAD4,HA,198,37.2814955852357,Micro
TEAD1,HA,143,39.1575893259192,Micro
TEAD1,HA,147,39.9151669151077,Micro
TEAD1,HA,151,38.5941930087057,Micro
TEAD1,HA,153,38.0172790524664,Micro
NFKB1,HA,40,98.9946961128824,Micro
RELA,HA,50,62.1798403400855,Micro
NFKB1,HA,92,84.8150018108359,Micro
NFKB1,HA,115,78.807828022621,Micro
RELA,HA,123,59.7644704611707,Micro
RELA,HA,130,59.7813800481803,Micro
NFKB1,HA,130,87.6580398417845,Micro
NFKB1,HA,132,87.6566078555377,Micro
NFKB1,HA,150,89.220139922481,Micro
RELA,HA,162,58.8617603293547,Micro
NFKB1,HA,162,86.8544833043522,Micro
RELA,HA,164,60.5609661802362,Micro
NFKB1,HA,164,90.338119233528,Micro
NFKB1,HA,168,85.8728789024928,Micro
IRF1,HA,-197,314.926517266665,Micro
RELA,HA,174,57.1562228669449,Micro
NFKB1,HA,174,83.0209984376853,Micro
IRF1,HA,-191,302.986841092495,Micro
NFKB1,HA,178,82.2029091921731,Micro
RELA,HA,181,56.631570082701,Micro
RELA,HA,191,60.4911739287956,Micro
NFKB1,HA,191,88.6794045039014,Micro
IRF1,HA,-174,285.666594557101,Micro
RELA,HA,193,56.8652177499763,Micro
NFKB1,HA,193,82.6732535595436,Micro
IRF1,HA,-167,284.369762153629,Micro
NFKB1,HA,200,83.0628868550589,Micro
IRF1,HA,-165,298.299342370707,Micro
IRF1,HA,-153,328.803878554023,Micro
IRF1,HA,-152,320.242441926706,Micro
IRF1,HA,-151,329.963040828508,Micro
IRF1,HA,-145,334.358859310005,Micro
IRF1,HA,-117,349.380184426326,Micro
IRF1,HA,-99,347.636184095513,Micro
IRF1,HA,-98,348.425096920565,Micro
IRF1,HA,-71,368.957062703447,Micro
IRF1,HA,-59,393.265702731339,Micro
IRF1,HA,-54,413.369054124838,Micro
IRF1,HA,-49,440.040020530232,Micro
IRF1,HA,-47,450.114504960871,Micro
IRF1,HA,-36,448.198624404483,Micro
IRF1,HA,-30,448.479831659427,Micro
IRF1,HA,-28,436.111460826938,Micro
IRF1,HA,-23,416.643726764679,Micro
IRF1,HA,-18,278.743663948631,Micro
IRF1,HA,-11,115.664453175776,Micro
IRF1,HA,18,329.498889706719,Micro
IRF1,HA,27,439.934276744684,Micro
IRF1,HA,31,454.567478871077,Micro
IRF1,HA,38,457.968104708412,Micro
IRF1,HA,62,408.552995370675,Micro
IRF1,HA,68,395.306166602467,Micro
IRF1,HA,89,382.858233376728,Micro
IRF1,HA,97,375.281997942018,Micro
IRF1,HA,100,373.502721550882,Micro
IRF1,HA,117,384.808653857097,Micro
IRF1,HA,130,383.125937831793,Micro
IRF1,HA,167,337.086724056165,Micro
IRF1,HA,174,332.651990432531,Micro
IRF1,HA,180,365.890765166447,Micro
IRF1,HA,192,361.239503107671,Micro
IRF1,HA,196,362.269928478662,Micro
STAT3,HA,-192,73.3766394256455,Micro
STAT3,HA,-134,76.9054098540659,Micro
STAT3,HA,-53,81.9327548401084,Micro
STAT3,HA,63,85.7653507175492,Micro
STAT3,HA,68,82.146144383072,Micro
STAT3,HA,118,82.2946102957796,Micro
NFKB1,HA,-124,73.2135837601089,Micro
NFKB1,HA,-61,87.619970989192,Micro
NFKB1,HA,-14,87.0764141143141,Micro
NFKB1,HA,2,33.4414408785776,Micro
NFKB1,HA,25,79.077936950163,Micro
NFKB1,HA,81,86.4109842162475,Micro
NFKB1,HA,87,85.3256408390183,Micro
IRF1,HA,83,383.495988235114,Micro
RELA,HA,-189,53.8205184648506,Micro
RELA,HA,-166,57.9227834010776,Micro
RELA,HA,-164,54.569777521622,Micro
RELA,HA,-157,57.1093357073395,Micro
RELA,HA,-155,56.6276771601015,Micro
RELA,HA,-149,59.3440696549423,Micro
RELA,HA,-147,56.6863113103045,Micro
RELA,HA,-142,61.5908574641775,Micro
RELA,HA,-137,54.7916656646057,Micro
RELA,HA,-89,60.0042747887008,Micro
RELA,HA,-86,57.9462883185908,Micro
RELA,HA,-80,64.7004238539426,Micro
RELA,HA,-66,58.7080275601795,Micro
RELA,HA,-61,59.7349510126113,Micro
RELA,HA,-44,60.8568890859684,Micro
RELA,HA,-43,63.0644758538375,Micro
RELA,HA,-42,61.2816720013294,Micro
RELA,HA,-32,65.3354418222653,Micro
RELA,HA,-26,62.2717511925193,Micro
RELA,HA,-5,86.3373860418298,Micro
RELA,HA,6,61.1535203735406,Micro
RELA,HA,119,61.7906136929189,Micro
RELA,HA,124,62.6010553309462,Micro
RELA,HA,129,60.2239149236146,Micro
RELA,HA,144,66.4629860964007,Micro
RELA,HA,148,58.8422922387992,Micro
RELA,HA,172,60.3531006251323,Micro
RELA,HA,189,57.376192751509,Micro
RELA,HA,190,58.589632246331,Micro
STAT3,HA,-186,69.8700888751575,Micro
STAT3,HA,-177,73.692432577821,Micro
STAT3,HA,-168,74.6705195441738,Micro
STAT3,HA,-151,76.9561564706394,Micro
STAT3,HA,-141,78.2379066102244,Micro
STAT3,HA,-131,76.0699707575723,Micro
STAT3,HA,-129,79.3702914709725,Micro
STAT3,HA,-121,75.9967750498828,Micro
STAT3,HA,-119,76.386448172077,Micro
STAT3,HA,-108,79.1838891557152,Micro
STAT3,HA,-99,76.4693807700903,Micro
STAT3,HA,-84,84.7906783177192,Micro
STAT3,HA,-79,80.0206033162876,Micro
STAT3,HA,-72,82.2543981235349,Micro
STAT3,HA,-67,85.9453861934971,Micro
STAT3,HA,-60,83.4885385596687,Micro
STAT3,HA,-55,87.7482324298125,Micro
STAT3,HA,-50,78.0041009277067,Micro
STAT3,HA,-49,80.2291267235274,Micro
STAT3,HA,-44,83.3679872857649,Micro
STAT3,HA,-30,84.3543999717179,Micro
STAT3,HA,-20,86.0507332409228,Micro
STAT3,HA,0,157.364148731953,Micro
STAT3,HA,39,83.1263177420054,Micro
STAT3,HA,76,84.4420893777775,Micro
STAT3,HA,78,81.2410837332973,Micro
STAT3,HA,87,88.1132347625911,Micro
STAT3,HA,92,85.1405030014956,Micro
STAT3,HA,97,83.4634627143315,Micro
STAT3,HA,103,85.9325002533724,Micro
STAT3,HA,105,80.0997238189198,Micro
STAT3,HA,112,83.1901492497832,Micro
STAT3,HA,113,84.0812662107511,Micro
STAT3,HA,114,89.378309788285,Micro
STAT3,HA,141,83.6348736824035,Micro
STAT3,HA,145,81.5458397638651,Micro
STAT3,HA,150,83.2129859828944,Micro
STAT3,HA,159,81.4771055853286,Micro
STAT3,HA,165,84.1180747410358,Micro
STAT3,HA,166,82.3381849849113,Micro
STAT3,HA,171,79.4769335860399,Micro
STAT3,HA,182,78.9254499957851,Micro
STAT3,HA,183,83.3764220751529,Micro
STAT3,HA,188,84.4814051569122,Micro
STAT3,HA,189,79.2219745672327,Micro
STAT3,HA,199,81.550205989185,Micro
STAT3,HA,200,80.2409335882578,Micro
RELA,HA,-161,58.0401819614892,Micro
RELA,HA,-131,57.1981645200281,Micro
RELA,HA,-1,30.4886042510119,Micro
RELA,HA,140,64.5782029931362,Micro
RELA,HA,-180,55.5712861758367,Micro
RELA,HA,-167,54.7524599448079,Micro
RELA,HA,-27,62.9380250844853,Micro
STAT3,HA,-116,76.2528841623629,Micro
RELA,HA,36,63.6498348412177,Micro
STAT3,HA,-51,78.4720708379602,Micro
STAT3,HA,-39,87.5753343450502,Micro
RELA,HA,66,61.1902641513978,Micro
RELA,HA,99,62.7580471015174,Micro
STAT3,HA,10,80.5263160058134,Micro
STAT3,HA,73,87.3300054762948,Micro
STAT3,HA,79,83.6540567435717,Micro
STAT3,HA,116,87.3288330801912,Micro
STAT3,HA,151,82.1688918978946,Micro
STAT3,HA,175,79.6783611549959,Micro
NFKB1,HA,-188,74.4730864492705,Micro
NFKB1,HA,-108,78.1433506462152,Micro
NFKB1,HA,-89,77.3750179662771,Micro
RELA,HA,-64,61.3983170892811,Micro
NFKB1,HA,-52,82.8313134411169,Micro
RELA,HA,-53,61.8211762040853,Micro
NFKB1,HA,-39,85.9461911704587,Micro
RELA,HA,-40,62.3110776313217,Micro
NFKB1,HA,-26,83.5716606979969,Micro
NFKB1,HA,-24,76.2959014537683,Micro
RELA,HA,-25,69.0094919374325,Micro
RELA,HA,-20,70.9762937415734,Micro
NFKB1,HA,13,67.3451671555772,Micro
RELA,HA,12,79.2630746872215,Micro
NFKB1,HA,24,89.8231813059024,Micro
RELA,HA,23,68.7106799114092,Micro
RELA,HA,31,63.7321719816208,Micro
NFKB1,HA,54,90.8387233808945,Micro
RELA,HA,53,63.1970701374404,Micro
NFKB1,HA,56,83.9274907902128,Micro
RELA,HA,55,61.5802344833888,Micro
NFKB1,HA,101,88.5508948389569,Micro
RELA,HA,100,62.7245903516517,Micro
NFKB1,HA,121,85.3509425191787,Micro
NFKB1,HA,122,78.5537011529655,Micro
RELA,HA,121,62.1566883816773,Micro
NFKB1,HA,160,85.6721457742862,Micro
RELA,HA,169,57.2987084508354,Micro
TEAD4,HA,-113,37.3809737678425,Micro
TEAD1,HA,-114,36.6847707787684,Micro
TEAD4,HA,-43,39.2643731307192,Micro
TEAD1,HA,-44,38.9920932550737,Micro
TEAD4,HA,-29,35.4149204174566,Micro
TEAD1,HA,-30,37.8938792248369,Micro
TEAD4,HA,42,40.3345080784791,Micro
TEAD1,HA,77,38.7033113386911,Micro
TEAD4,HA,101,38.9421545743629,Micro
TEAD1,HA,100,42.6767857952551,Micro
STAT3,HA,-43,84.7509174205246,Micro
STAT3,HA,160,82.1721147547376,Micro
STAT3,HA,-15,68.5176993173864,Micro
STAT3,HA,-78,82.9896260775933,Micro
STAT3,HA,153,84.2607203284093,Micro
STAT3,HA,90,82.4840065694318,Micro
STAT3,HA,187,79.1443534654392,Micro
STAT3,HA,-197,76.2276611178962,Micro
STAT3,HA,-195,73.783479094538,Micro
STAT3,HA,-194,73.1910734029877,Micro
STAT3,HA,-193,72.3146733316516,Micro
STAT3,HA,-189,73.6959499932717,Micro
STAT3,HA,-178,71.1112120863369,Micro
STAT3,HA,-176,73.5220651345804,Micro
STAT3,HA,-171,70.7501993773963,Micro
STAT3,HA,-161,78.217736432306,Micro
STAT3,HA,-156,79.9465604208544,Micro
STAT3,HA,-135,80.1417180597337,Micro
STAT3,HA,-130,76.2365827988668,Micro
STAT3,HA,-125,80.250074811978,Micro
STAT3,HA,-113,80.0661863876485,Micro
STAT3,HA,-110,79.7321734190175,Micro
STAT3,HA,-96,79.8259004779786,Micro
STAT3,HA,-95,79.6625808024176,Micro
STAT3,HA,-69,83.7788972377743,Micro
STAT3,HA,-59,79.5853654806955,Micro
STAT3,HA,-32,81.5631137940816,Micro
STAT3,HA,-26,94.2754270621871,Micro
STAT3,HA,-2,165.008855171591,Micro
STAT3,HA,6,28.0075225823394,Micro
STAT3,HA,11,59.0582015585822,Micro
STAT3,HA,19,89.1814021542969,Micro
STAT3,HA,25,89.0031083563357,Micro
STAT3,HA,33,84.6831320026777,Micro
STAT3,HA,43,86.2893899662431,Micro
STAT3,HA,48,85.7045850633587,Micro
STAT3,HA,71,81.0745178371645,Micro
STAT3,HA,185,82.8638377345438,Micro
RELA,HA,-158,54.97235244751,Micro
RELA,HA,-135,55.7613073202091,Micro
RELA,HA,-73,60.5019199195435,Micro
RELA,HA,-54,61.2583478071253,Micro
RELA,HA,127,60.2481006404544,Micro
RELA,HA,147,63.2588451368421,Micro
STAT3,HA,-169,73.5087835433402,Micro
STAT3,HA,-124,78.8920787761369,Micro
STAT3,HA,-19,90.3813979492793,Micro
STAT3,HA,40,87.3577275705975,Micro
STAT3,HA,45,88.3091363359831,Micro
STAT3,HA,51,86.5928853339189,Micro
STAT3,HA,52,88.2624983708694,Micro
STAT3,HA,75,88.2454687676588,Micro
STAT3,HA,89,86.0318908884506,Micro
STAT3,HA,125,85.4465483764994,Micro
STAT3,HA,130,82.7289257489267,Micro
STAT3,HA,134,80.7955188249764,Micro
STAT3,HA,191,80.4092325927998,Micro
STAT3,HA,-93,76.4879996993985,Micro
STAT3,HA,-74,81.8075036998722,Micro
STAT3,HA,-61,81.407248326618,Micro
STAT3,HA,-31,85.3106380330874,Micro
STAT3,HA,198,82.415107539298,Micro
RELA,HA,-172,58.5391101789441,Micro
RELA,HA,-136,55.7705437839278,Micro
RELA,HA,24,64.5570594147017,Micro
RELA,HA,166,57.1375452047176,Micro
RELA,HA,-13,73.0932477343305,Micro
RELA,HA,37,60.6095220976772,Micro
NFKB1,HA,94,85.4680408527245,Micro
NFKB1,HA,135,83.085173331015,Micro
CEBPB,HA,-199,11.0093178274585,Micro
CEBPB,HA,-198,11.8120363838944,Micro
CEBPB,HA,-193,9.97434610811916,Micro
CEBPB,HA,-191,11.3903680210182,Micro
CEBPB,HA,-190,10.4711216356369,Micro
CEBPB,HA,-188,10.3175802502501,Micro
CEBPB,HA,-177,11.2472046358398,Micro
CEBPB,HA,-173,10.7084763056552,Micro
CEBPB,HA,-171,12.0703609985436,Micro
CEBPB,HA,-169,10.7912159464462,Micro
CEBPB,HA,-165,10.9529274164674,Micro
CEBPB,HA,-154,11.1705311966673,Micro
CEBPB,HA,-151,12.1393464648639,Micro
CEBPB,HA,-145,14.0413773318604,Micro
CEBPB,HA,-144,10.4299808741599,Micro
CEBPB,HA,-135,10.5694683422218,Micro
CEBPB,HA,-133,13.2908605270399,Micro
CEBPB,HA,-127,11.2247864715588,Micro
CEBPB,HA,-116,13.6328694837563,Micro
CEBPB,HA,-110,13.7859453998369,Micro
CEBPB,HA,-100,13.9137522720492,Micro
CEBPB,HA,-99,12.2405533376484,Micro
CEBPB,HA,-94,14.7560313524093,Micro
CEBPB,HA,-89,14.4373768743276,Micro
CEBPB,HA,-83,14.8855758926975,Micro
CEBPB,HA,-82,13.4559391622726,Micro
CEBPB,HA,-77,13.8248908836481,Micro
CEBPB,HA,-67,11.9675840071636,Micro
CEBPB,HA,-60,14.4682404268912,Micro
CEBPB,HA,-55,14.4721024168326,Micro
CEBPB,HA,-50,13.8422058966415,Micro
CEBPB,HA,-45,16.0793269202511,Micro
CEBPB,HA,-35,15.9554006973975,Micro
CEBPB,HA,-28,15.6679811029485,Micro
CEBPB,HA,-20,16.1521332045758,Micro
CEBPB,HA,-19,16.2238737814416,Micro
CEBPB,HA,-18,17.0975498553162,Micro
CEBPB,HA,-15,11.0508848525363,Micro
CEBPB,HA,-14,8.45890290135936,Micro
CEBPB,HA,-3,31.9335580670645,Micro
CEBPB,HA,2,33.3346911166571,Micro
CEBPB,HA,25,18.329279812622,Micro
CEBPB,HA,34,14.255472379368,Micro
CEBPB,HA,37,15.4650838381466,Micro
CEBPB,HA,40,13.4331583963812,Micro
CEBPB,HA,55,16.6375536879165,Micro
CEBPB,HA,57,12.6069630808537,Micro
CEBPB,HA,72,12.669765290903,Micro
CEBPB,HA,87,16.0617996734621,Micro
CEBPB,HA,105,12.6563292765124,Micro
CEBPB,HA,109,13.3327156551661,Micro
CEBPB,HA,120,11.9062107567771,Micro
CEBPB,HA,129,11.7226490440357,Micro
CEBPB,HA,133,12.0682424884896,Micro
CEBPB,HA,135,11.401975566108,Micro
CEBPB,HA,143,12.9032541620417,Micro
CEBPB,HA,144,12.2101012149395,Micro
CEBPB,HA,152,12.0855623291313,Micro
CEBPB,HA,157,11.9950816983057,Micro
CEBPB,HA,159,11.0159415514779,Micro
CEBPB,HA,160,13.3726854976024,Micro
CEBPB,HA,168,11.0452685162455,Micro
CEBPB,HA,171,12.4318645407491,Micro
CEBPB,HA,173,12.8392849827504,Micro
CEBPB,HA,174,11.3725983756568,Micro
CEBPB,HA,175,13.8905464339951,Micro
CEBPB,HA,176,12.3229657033793,Micro
CEBPB,HA,179,12.2593970078253,Micro
CEBPB,HA,180,12.6165615689423,Micro
CEBPB,HA,181,12.078574602833,Micro
CEBPB,HA,182,11.1921388953734,Micro
CEBPB,HA,185,12.0839809367682,Micro
CEBPB,HA,189,10.7888307224677,Micro
CEBPB,HA,190,13.7867562532144,Micro
CEBPB,HA,193,12.1352373863627,Micro
CEBPB,HA,195,10.1769361019794,Micro
NFKB1,HA,10,119.34492625826,Micro
NFKB1,HA,166,82.0204765286045,Micro
TEAD4,HA,-45,34.0344190474903,Micro
TEAD4,HA,34,37.4518068250957,Micro
TEAD4,HA,94,38.2916768964963,Micro
TEAD4,HA,158,41.1148969032948,Micro
TEAD4,HA,187,38.3069748283799,Micro
STAT3,HA,-182,74.5940308220192,Micro
STAT3,HA,-150,78.4777187308363,Micro
STAT3,HA,35,90.1263136046882,Micro
STAT3,HA,132,87.2674218687724,Micro
TEAD4,HA,83,39.5548050762318,Micro
NFKB1,HA,-178,77.3557755309126,Micro
NFKB1,HA,-172,81.343451467769,Micro
NFKB1,HA,-197,75.4420380496626,Micro
NFKB1,HA,-193,81.0782467602437,Micro
NFKB1,HA,-191,78.9318185426186,Micro
NFKB1,HA,-141,79.8695841617148,Micro
NFKB1,HA,-174,80.1799392961965,Micro
NFKB1,HA,-127,81.4699099003802,Micro
NFKB1,HA,-126,82.8631397144376,Micro
NFKB1,HA,-120,78.667217544747,Micro
NFKB1,HA,-118,82.4114301849879,Micro
NFKB1,HA,-164,86.6869051265385,Micro
NFKB1,HA,-116,79.1062353376485,Micro
NFKB1,HA,-161,82.6544149337509,Micro
NFKB1,HA,-113,76.7444764800204,Micro
NFKB1,HA,-159,78.4264476639676,Micro
NFKB1,HA,-94,81.5929760606467,Micro
NFKB1,HA,-140,86.0691331877202,Micro
NFKB1,HA,-92,79.9440901779386,Micro
NFKB1,HA,-138,78.880747233119,Micro
NFKB1,HA,-135,82.3782171616246,Micro
NFKB1,HA,-134,79.2947013697093,Micro
NFKB1,HA,-107,81.8175329171056,Micro
NFKB1,HA,-35,84.7412867628364,Micro
NFKB1,HA,-40,79.5788455469914,Micro
NFKB1,HA,12,85.9648016563781,Micro
NFKB1,HA,35,86.4284094038506,Micro
NFKB1,HA,-11,82.1807376943351,Micro
NFKB1,HA,-6,144.764297386735,Micro
NFKB1,HA,49,82.3662470355608,Micro
NFKB1,HA,3,70.962213695737,Micro
NFKB1,HA,129,81.1972853066046,Micro
NFKB1,HA,141,83.7199064449047,Micro
NFKB1,HA,165,89.2542107465336,Micro
NFKB1,HA,172,87.7175617116741,Micro
NFKB1,HA,126,89.959449126344,Micro
NFKB1,HA,196,83.8237477949576,Micro
NFKB1,HA,-100,85.421573168512,Micro
NFKB1,HA,46,80.5679953677056,Micro
NFKB1,HA,171,81.5759292968437,Micro
NFKB1,HA,188,80.6863849675966,Micro
STAT3,HA,-65,84.6119416710254,Micro
STAT3,HA,128,85.9180241774141,Micro
STAT3,HA,-147,77.173708823198,Micro
STAT3,HA,-136,75.3408402422604,Micro
RELA,HA,-196,53.4150825589007,Micro
RELA,HA,-105,60.5609075962032,Micro
NFKB1,HA,-106,76.007678761214,Micro
STAT3,HA,41,86.4753054278863,Micro
RELA,HA,-62,64.1434898296339,Micro
STAT3,HA,93,83.0453959374497,Micro
RELA,HA,-10,39.0161753860267,Micro
NFKB1,HA,149,88.7114699644067,Micro
RELA,HA,-171,55.0159708487598,Micro
RELA,HA,73,64.1647399906926,Micro
RELA,HA,75,60.9327206236657,Micro
RELA,HA,109,65.0146479857227,Micro
RELA,HA,112,63.3410887404198,Micro
RELA,HA,137,64.8111685839985,Micro
STAT3,HA,-139,78.8898357013851,Micro
STAT3,HA,34,87.6299832242993,Micro
STAT3,HA,124,85.3714366574037,Micro
STAT3,HA,-160,72.5376018007507,Micro
STAT3,HA,-83,83.1089245239015,Micro
STAT3,HA,-35,86.8906800575031,Micro
STAT3,HA,-8,31.2567003335577,Micro
STAT3,HA,77,84.3130698383041,Micro
STAT3,HA,102,84.7842995197009,Micro
STAT3,HA,133,80.880539424094,Micro
STAT3,HA,149,81.5646085204749,Micro
TEAD1,HA,-174,35.347976724305,Micro
TEAD4,HA,-174,34.2222500339529,Micro
TEAD1,HA,-131,36.570349139428,Micro
TEAD4,HA,-131,35.9939265056983,Micro
TEAD1,HA,-103,40.788395084334,Micro
TEAD4,HA,-103,36.7432615468586,Micro
TEAD1,HA,-95,37.9237968076607,Micro
TEAD4,HA,-95,35.3759724252343,Micro
TEAD1,HA,-77,37.8190283549426,Micro
TEAD4,HA,-77,35.5849971321125,Micro
TEAD1,HA,14,39.6900836661015,Micro
TEAD4,HA,14,38.2391825393197,Micro
TEAD4,HA,21,35.8036365225746,Micro
TEAD1,HA,26,38.1035391993874,Micro
TEAD4,HA,26,36.8509288124631,Micro
TEAD1,HA,31,37.8378423598728,Micro
TEAD4,HA,31,35.3812293058068,Micro
TEAD1,HA,53,40.2438678883263,Micro
TEAD4,HA,53,37.1362133586075,Micro
TEAD1,HA,54,39.9145095367738,Micro
TEAD4,HA,54,36.1479633749892,Micro
TEAD1,HA,55,38.9598559124463,Micro
TEAD4,HA,55,37.340771557071,Micro
TEAD1,HA,59,39.8134937826905,Micro
TEAD4,HA,59,37.397998068272,Micro
TEAD1,HA,67,38.7800733744251,Micro
TEAD4,HA,67,36.5080893827465,Micro
TEAD1,HA,73,39.1713642761775,Micro
TEAD1,HA,98,41.3493209044556,Micro
TEAD4,HA,98,39.6307005149031,Micro
TEAD1,HA,118,39.6411108663017,Micro
TEAD4,HA,118,37.0289586576652,Micro
TEAD1,HA,138,38.8674208687711,Micro
TEAD4,HA,138,37.6534967892722,Micro
TEAD1,HA,152,39.2525837750469,Micro
TEAD4,HA,152,39.2017764828403,Micro
TEAD1,HA,160,40.0971153178868,Micro
TEAD4,HA,160,39.3819792092918,Micro
TEAD1,HA,180,39.6357747597817,Micro
TEAD4,HA,180,38.7941577955718,Micro
RELA,HA,-114,59.962257533498,Micro
RELA,HA,-74,59.242610519744,Micro
RELA,HA,-55,62.6136064896254,Micro
RELA,HA,-48,62.0194313531487,Micro
RELA,HA,20,68.2120667762445,Micro
RELA,HA,91,62.1560233915852,Micro
RELA,HA,105,58.170035910373,Micro
NFKB1,HA,139,85.7674380926289,Micro
IRF1,HA,115,381.048095980679,Micro
IRF1,HA,-177,284.158243750631,Micro
IRF1,HA,-185,296.631732932341,Micro
IRF1,HA,-102,340.897331307358,Micro
IRF1,HA,-73,374.907100966847,Micro
IRF1,HA,-77,368.152415600753,Micro
IRF1,HA,-81,357.468126743024,Micro
IRF1,HA,33,448.696473181775,Micro
IRF1,HA,-127,346.296026704442,Micro
IRF1,HA,12,202.724433696487,Micro
IRF1,HA,126,381.074620118691,Micro
IRF1,HA,122,382.758549648101,Micro
IRF1,HA,120,380.406232729723,Micro
IRF1,HA,197,367.232211911253,Micro
IRF1,HA,195,369.65932501618,Micro
IRF1,HA,-34,447.577277753671,Micro
IRF1,HA,39,464.550406412562,Micro
IRF1,HA,157,350.728106896668,Micro
IRF1,HA,168,337.507982627116,Micro
IRF1,HA,135,389.487407365349,Micro
IRF1,HA,131,386.899929622498,Micro
IRF1,HA,119,386.51195168744,Micro
IRF1,HA,118,380.703590156827,Micro
IRF1,HA,199,369.158498384404,Micro
IRF1,HA,191,362.914662043552,Micro
IRF1,HA,190,360.544959721241,Micro
IRF1,HA,186,356.070023019313,Micro
RELA,HA,-63,58.9204590873474,Micro
RELA,HA,81,65.102415135495,Micro
RELA,HA,135,60.4644492460466,Micro
IRF1,HA,-146,335.677684180522,Micro
IRF1,HA,-132,343.724635929742,Micro
IRF1,HA,-97,346.271549272274,Micro
IRF1,HA,-100,337.923312749586,Micro
IRF1,HA,-103,346.29118141578,Micro
IRF1,HA,-101,331.746731784014,Micro
IRF1,HA,-83,355.195335218031,Micro
IRF1,HA,-79,366.798691051581,Micro
IRF1,HA,28,447.885920030138,Micro
IRF1,HA,25,451.030465277492,Micro
IRF1,HA,111,377.427556560482,Micro
STAT3,HA,-148,74.6848580914786,Micro
STAT3,HA,-123,79.7501222688491,Micro
STAT3,HA,-36,90.8416080643318,Micro
STAT3,HA,-18,90.7647382934935,Micro
STAT3,HA,-16,79.2665764696686,Micro
STAT3,HA,26,91.4558526026341,Micro
STAT3,HA,140,82.0151943920155,Micro
RELA,HA,-150,55.8376962087898,Micro
NFKB1,HA,-148,88.9957066698672,Micro
RELA,HA,-130,57.1349890682255,Micro
IRF1,HA,-196,309.968052080968,Micro
RELA,HA,-119,60.273380942223,Micro
IRF1,HA,-175,285.702856356186,Micro
IRF1,HA,-176,284.702507930947,Micro
IRF1,HA,-182,292.632389651427,Micro
RELA,HA,-101,59.4519925304181,Micro
IRF1,HA,-157,301.121001203212,Micro
IRF1,HA,-158,302.31123070991,Micro
IRF1,HA,-162,295.335425655304,Micro
IRF1,HA,-163,281.652241166268,Micro
IRF1,HA,-164,288.90984668182,Micro
IRF1,HA,-168,282.542950072076,Micro
RELA,HA,-99,62.7308717010645,Micro
IRF1,HA,-155,318.997292177204,Micro
IRF1,HA,-156,304.469227550821,Micro
RELA,HA,-78,58.4951027595727,Micro
IRF1,HA,-140,331.288527555361,Micro
IRF1,HA,-142,330.619427528229,Micro
IRF1,HA,-129,343.373865224716,Micro
RELA,HA,-67,60.3639311792075,Micro
NFKB1,HA,-68,81.04208929535,Micro
IRF1,HA,-123,347.372232521241,Micro
IRF1,HA,-133,349.378689289246,Micro
NFKB1,HA,-55,84.2461877639917,Micro
IRF1,HA,-110,352.970321895745,Micro
RELA,HA,-47,62.7479043430129,Micro
NFKB1,HA,-48,76.1518961263081,Micro
IRF1,HA,-109,350.663358144219,Micro
RELA,HA,-41,63.0074318191271,Micro
NFKB1,HA,-42,96.5871248119219,Micro
IRF1,HA,-105,348.628107623768,Micro
RELA,HA,-37,59.9243883785618,Micro
NFKB1,HA,-38,72.1400896309752,Micro
IRF1,HA,-94,353.866806757646,Micro
NFKB1,HA,-28,79.3061015099879,Micro
IRF1,HA,-84,363.24103584624,Micro
IRF1,HA,-88,359.392331145236,Micro
IRF1,HA,-89,353.585793045333,Micro
IRF1,HA,-91,348.732200050654,Micro
RELA,HA,1,27.6090127256207,Micro
NFKB1,HA,0,64.1970414882543,Micro
IRF1,HA,-56,405.182792609645,Micro
IRF1,HA,-65,379.307489417493,Micro
RELA,HA,7,41.4498315985465,Micro
RELA,HA,9,36.9841367737219,Micro
NFKB1,HA,8,45.6496017840711,Micro
IRF1,HA,-52,425.998093369991,Micro
IRF1,HA,-53,416.851139201433,Micro
IRF1,HA,-51,425.655619952951,Micro
IRF1,HA,-46,455.46238547401,Micro
IRF1,HA,-42,471.901487615936,Micro
IRF1,HA,-41,455.307808324932,Micro
RELA,HA,25,66.6558624850924,Micro
RELA,HA,27,62.9518130955796,Micro
RELA,HA,45,57.9664892909973,Micro
NFKB1,HA,44,79.0135759410408,Micro
IRF1,HA,-12,162.056804182465,Micro
IRF1,HA,-16,247.425605220433,Micro
IRF1,HA,-17,260.086091692683,Micro
IRF1,HA,-19,287.653849929876,Micro
IRF1,HA,-22,385.409152835121,Micro
RELA,HA,83,60.353094949239,Micro
IRF1,HA,17,300.273440245361,Micro
RELA,HA,84,61.5782615647579,Micro
NFKB1,HA,85,84.1899501655914,Micro
RELA,HA,87,60.4593340440714,Micro
RELA,HA,97,66.2264187585699,Micro
IRF1,HA,40,474.82186884772,Micro
IRF1,HA,34,448.396813461836,Micro
RELA,HA,104,58.8745350437182,Micro
IRF1,HA,46,454.067814801499,Micro
IRF1,HA,45,459.558397289275,Micro
IRF1,HA,63,411.688720041429,Micro
NFKB1,HA,183,84.47243305797,Micro
IRF1,HA,121,375.221096672747,Micro
NFKB1,HA,195,84.9017272362247,Micro
RELA,HA,-195,53.4620100233731,Micro
RELA,HA,-179,57.3594303717402,Micro
RELA,HA,-100,60.8972862821141,Micro
RELA,HA,-85,60.066886787179,Micro
RELA,HA,-57,61.25492036169,Micro
RELA,HA,16,65.1072428218785,Micro
RELA,HA,35,64.8493231881213,Micro
RELA,HA,34,62.6032353243253,Micro
RELA,HA,69,67.0035917041394,Micro
RELA,HA,68,64.1887570193923,Micro
RELA,HA,82,59.0428562180775,Micro
RELA,HA,107,60.9067290212968,Micro
NFKB1,HA,-176,75.122858738514,Micro
NFKB1,HA,-163,81.7357629786048,Micro
NFKB1,HA,-121,84.7328423709933,Micro
NFKB1,HA,-56,90.8606788204535,Micro
NFKB1,HA,-9,81.2373198024731,Micro
IRF1,HA,-199,318.349692570245,Micro
NFKB1,HA,41,85.8907903649905,Micro
IRF1,HA,-150,338.011565453402,Micro
NFKB1,HA,60,89.3695189912008,Micro
NFKB1,HA,72,88.0673278447843,Micro
IRF1,HA,-126,333.07035313411,Micro
NFKB1,HA,125,83.7487185372131,Micro
IRF1,HA,51,429.681777283127,Micro
IRF1,HA,91,378.971140031616,Micro
IRF1,HA,106,376.12599975824,Micro
IRF1,HA,105,378.390811544047,Micro
IRF1,HA,107,385.131955256351,Micro
IRF1,HA,141,381.419094688552,Micro
IRF1,HA,156,357.350775422337,Micro
STAT3,HA,-97,81.9140985041673,Micro
STAT3,HA,-1,45.0813526460604,Micro
STAT3,HA,152,82.9270457437126,Micro
STAT3,HA,195,78.4082820983931,Micro
RELA,HA,114,59.4304942541803,Micro
TEAD4,HA,-197,33.5290159183044,Micro
TEAD4,HA,-194,34.9782250763699,Micro
TEAD4,HA,-163,36.1938569584941,Micro
TEAD4,HA,-151,34.3063203167108,Micro
TEAD4,HA,-148,35.564639747144,Micro
TEAD4,HA,-130,35.3091818001302,Micro
TEAD4,HA,-117,36.5751270656591,Micro
TEAD4,HA,-92,33.5602690018162,Micro
TEAD4,HA,-60,37.5313981864738,Micro
TEAD4,HA,-36,35.7422183996826,Micro
TEAD4,HA,2,38.1896359202509,Micro
CEBPB,HA,-43,14.2215891695412,Micro
STAT3,HA,-66,81.3848743377028,Micro
STAT3,HA,138,79.5773648933762,Micro
IRF1,HA,-85,360.288451972841,Micro
IRF1,HA,15,267.697295995041,Micro
STAT3,HA,-190,73.6073909640681,Micro
RELA,HA,160,59.899030184087,Micro
RELA,HA,175,60.9536812444356,Micro
RELA,HA,187,61.3454443500615,Micro
RELA,HA,199,59.6145848189378,Micro
IRF1,HA,-96,337.535075699828,Micro
IRF1,HA,-86,365.26657613353,Micro
IRF1,HA,155,353.121195030843,Micro
IRF1,HA,-169,281.492645961375,Micro
IRF1,HA,-170,282.550289483186,Micro
IRF1,HA,-173,283.243265337368,Micro
IRF1,HA,-179,288.602071972115,Micro
IRF1,HA,-148,334.907052628894,Micro
IRF1,HA,11,148.026396074223,Micro
CEBPB,HA,178,11.5588554807604,Micro
STAT3,HA,155,78.7329030231639,Micro
IRF1,HA,-154,317.942168741951,Micro
IRF1,HA,-159,303.228007955089,Micro
IRF1,HA,162,340.916908531319,Micro
TEAD4,HA,-89,37.0667041071984,Micro
TEAD4,HA,64,36.6357203778092,Micro
TEAD4,HA,125,38.3553346038893,Micro
NFKB1,HA,-60,76.7011466701168,Micro
TEAD4,HA,130,37.4703296811875,Micro
RELA,HA,157,63.0580295419948,Micro
RELA,HA,-165,55.2039544023437,Micro
RELA,HA,-162,56.9468661910513,Micro
RELA,HA,-124,58.6605604731197,Micro
STAT3,HA,24,90.5605555365945,Micro
STAT3,HA,32,85.5604083081221,Micro
RELA,HA,133,59.1437116432703,Micro
STAT3,HA,54,83.1131718643374,Micro
RELA,HA,134,56.003229260104,Micro
STAT3,HA,55,87.3261931439224,Micro
STAT3,HA,-98,79.8825261625659,Micro
STAT3,HA,108,87.4497491110422,Micro
STAT3,HA,-45,80.5129713317044,Micro
STAT3,HA,168,83.8210443934027,Micro
STAT3,HA,15,88.872841671224,Micro
TEAD1,HA,-169,37.4953179201459,Micro
TEAD1,HA,-145,35.7000978940322,Micro
TEAD1,HA,-80,37.4139979634053,Micro
TEAD1,HA,-28,35.9845661130358,Micro
TEAD1,HA,-14,37.8031935225821,Micro
TEAD1,HA,-10,26.9599234758849,Micro
TEAD1,HA,24,40.5236716078425,Micro
TEAD1,HA,172,40.4471931929015,Micro
TEAD1,HA,183,40.8092537461445,Micro
CEBPB,HA,-196,10.3793314516984,Micro
CEBPB,HA,-180,12.2843966746666,Micro
CEBPB,HA,-152,12.3756573538605,Micro
CEBPB,HA,-120,11.5812035848022,Micro
CEBPB,HA,-75,12.8881228011925,Micro
CEBPB,HA,-64,16.8650052867371,Micro
CEBPB,HA,-58,16.4278969332145,Micro
CEBPB,HA,-54,14.4280551298385,Micro
CEBPB,HA,-39,12.9266421207318,Micro
CEBPB,HA,-34,16.0768420836329,Micro
CEBPB,HA,-27,17.3593365885012,Micro
CEBPB,HA,-22,18.4539138539052,Micro
CEBPB,HA,-1,8.72441857902311,Micro
CEBPB,HA,9,14.7591044405486,Micro
CEBPB,HA,11,9.27333190376891,Micro
CEBPB,HA,46,13.554716718092,Micro
CEBPB,HA,58,15.0490669787296,Micro
CEBPB,HA,67,14.8263287559955,Micro
CEBPB,HA,96,13.0607041466457,Micro
CEBPB,HA,116,12.2910415661144,Micro
CEBPB,HA,154,10.3112585499997,Micro
STAT3,HA,38,88.1397825802182,Micro
STAT3,HA,66,86.4758430189251,Micro
STAT3,HA,170,83.5635674344232,Micro
STAT3,HA,196,81.1552948737308,Micro
IRF1,HA,-75,367.973148803938,Micro
IRF1,HA,-24,439.531224351603,Micro
IRF1,HA,4,91.7661908924004,Micro
IRF1,HA,74,393.769803000393,Micro
STAT3,HA,-157,83.2796489867011,Micro
STAT3,HA,-153,76.7851062538419,Micro
STAT3,HA,-146,77.0809595231525,Micro
STAT3,HA,-145,79.3714209986236,Micro
STAT3,HA,-68,85.2325126402959,Micro
STAT3,HA,-56,84.2138619853096,Micro
STAT3,HA,-48,83.1330111202525,Micro
STAT3,HA,-21,87.8720238326669,Micro
STAT3,HA,-10,102.992604148352,Micro
STAT3,HA,4,24.7596221342692,Micro
STAT3,HA,14,75.52169103655,Micro
STAT3,HA,17,97.2838696479599,Micro
STAT3,HA,22,82.9150649874029,Micro
STAT3,HA,37,88.1302166109505,Micro
STAT3,HA,49,84.6596393867189,Micro
STAT3,HA,62,83.6520005446143,Micro
STAT3,HA,67,82.7018984003459,Micro
STAT3,HA,98,81.3783791269174,Micro
STAT3,HA,169,80.4480768705994,Micro
STAT3,HA,181,85.8718486846465,Micro
STAT3,HA,186,80.0081665363815,Micro
CEBPB,HA,-118,12.2228420178861,Micro
CEBPB,HA,-96,12.4601117001366,Micro
CEBPB,HA,-95,12.7468262646765,Micro
CEBPB,HA,-90,14.1826268956673,Micro
CEBPB,HA,-85,12.1570393800276,Micro
CEBPB,HA,-80,13.8222880071201,Micro
CEBPB,HA,-73,15.2629451918198,Micro
CEBPB,HA,-68,14.5610852346643,Micro
CEBPB,HA,-53,15.7265959774778,Micro
IRF1,HA,1,52.7794003063554,Micro
CEBPB,HA,-37,14.0070495056301,Micro
CEBPB,HA,28,17.6127234121707,Micro
CEBPB,HA,41,15.5411927695163,Micro
CEBPB,HA,62,12.9781132264512,Micro
IRF1,HA,101,375.876965030384,Micro
CEBPB,HA,63,15.5689856390079,Micro
CEBPB,HA,68,12.7985180447486,Micro
CEBPB,HA,70,15.885452321331,Micro
CEBPB,HA,73,14.421051687303,Micro
IRF1,HA,113,383.529773779588,Micro
CEBPB,HA,75,14.045182828247,Micro
CEBPB,HA,85,14.4097095774851,Micro
CEBPB,HA,95,13.4679707126434,Micro
CEBPB,HA,106,11.7247612763334,Micro
CEBPB,HA,134,13.654998067517,Micro
CEBPB,HA,139,11.251325643209,Micro
CEBPB,HA,197,12.283883128421,Micro
NFKB1,HA,-41,96.5218602906376,Micro
NFKB1,HA,152,91.270404867228,Micro
TEAD4,HA,-168,36.2950499054723,Micro
TEAD4,HA,-97,36.0695735618399,Micro
TEAD1,HA,-98,39.0695636892865,Micro
TEAD1,HA,-93,37.9125804402702,Micro
TEAD1,HA,-78,36.4834166010898,Micro
TEAD1,HA,97,40.2763396312224,Micro
IRF1,HA,187,352.349682434727,Micro
TEAD4,HA,136,38.779670624247,Micro
TEAD4,HA,145,36.5145174114897,Micro
TEAD1,HA,144,40.0196947258202,Micro
TEAD4,HA,146,37.4402621084653,Micro
TEAD1,HA,145,38.9499864967999,Micro
TEAD4,HA,-175,35.3619121309038,Micro
TEAD1,HA,-176,35.469138628778,Micro
STAT3,HA,-87,83.6092051789452,Micro
STAT3,HA,-64,83.0392927848796,Micro
STAT3,HA,56,86.0884539757691,Micro
STAT3,HA,193,80.5590988466438,Micro
IRF1,HA,88,388.423570591555,Micro
IRF1,HA,153,364.510435041024,Micro
NFKB1,HA,116,82.1053036596554,Micro
TEAD4,HA,-83,37.222504587265,Micro
TEAD1,HA,-84,38.2034900044742,Micro
STAT3,HA,-162,74.9265072902618,Micro
TEAD1,HA,-25,41.4192244035747,Micro
STAT3,HA,-103,77.4832925288548,Micro
TEAD4,HA,-17,36.8364434767626,Micro
TEAD4,HA,9,24.0405837036158,Micro
TEAD1,HA,8,26.1333842550924,Micro
STAT3,HA,-70,82.0557566851067,Micro
TEAD4,HA,19,36.2797520492991,Micro
TEAD1,HA,18,39.482118433787,Micro
TEAD1,HA,33,42.7261276745418,Micro
TEAD4,HA,163,37.512157781676,Micro
TEAD1,HA,162,39.9754701579156,Micro
IRF1,HA,112,374.440238082406,Micro
STAT3,HA,84,90.4357446133806,Micro
TEAD1,HA,191,40.4081532224083,Micro
RELA,HA,-174,57.9135418031579,Micro
RELA,HA,-173,58.2548778932066,Micro
RELA,HA,-153,56.3131915436313,Micro
RELA,HA,-126,58.9526971568574,Micro
RELA,HA,-68,63.8644479191681,Micro
RELA,HA,-49,63.9120371955749,Micro
RELA,HA,-38,62.7985552317133,Micro
RELA,HA,-34,61.5743134246373,Micro
RELA,HA,-19,64.3596522927957,Micro
NFKB1,HA,-186,74.1356730995518,Micro
RELA,HA,-18,62.3561317406032,Micro
NFKB1,HA,-185,75.3486612326157,Micro
NFKB1,HA,-182,75.5550574065747,Micro
NFKB1,HA,-180,86.4190899036377,Micro
RELA,HA,18,69.0207681793647,Micro
NFKB1,HA,-149,81.5475778518025,Micro
NFKB1,HA,-130,80.4331671334669,Micro
NFKB1,HA,-117,78.5315206346447,Micro
RELA,HA,59,65.0148505386338,Micro
RELA,HA,85,63.1008186116344,Micro
NFKB1,HA,-77,75.1521412337105,Micro
NFKB1,HA,-75,67.0087096038325,Micro
NFKB1,HA,-73,81.9247547566037,Micro
NFKB1,HA,-71,85.5633342334656,Micro
NFKB1,HA,-67,80.3513196146976,Micro
NFKB1,HA,-59,76.3553379061418,Micro
NFKB1,HA,-44,87.2648649050038,Micro
NFKB1,HA,-16,98.1153123105575,Micro
NFKB1,HA,-12,119.420741307929,Micro
NFKB1,HA,51,84.727491299664,Micro
NFKB1,HA,67,79.5000609980145,Micro
NFKB1,HA,70,88.763722182406,Micro
NFKB1,HA,108,81.1266479546057,Micro
NFKB1,HA,190,86.819090002156,Micro
RELA,HA,-197,50.7181615499895,Micro
RELA,HA,-191,57.5744326015316,Micro
RELA,HA,-143,57.1923065610706,Micro
RELA,HA,-125,57.4019775482434,Micro
RELA,HA,-94,61.1411962890862,Micro
RELA,HA,-87,59.3599465767289,Micro
RELA,HA,-83,59.4383542949649,Micro
RELA,HA,-69,62.4997079539971,Micro
RELA,HA,10,61.6232186930369,Micro
RELA,HA,29,61.3753384888142,Micro
RELA,HA,52,61.7562613321315,Micro
RELA,HA,62,61.7797380304099,Micro
RELA,HA,65,63.5391825359275,Micro
RELA,HA,149,64.3194610942334,Micro
RELA,HA,158,62.0521134073523,Micro
RELA,HA,177,58.9939976538645,Micro
RELA,HA,182,62.5167039999341,Micro
RELA,HA,192,56.5474364007886,Micro
IRF1,HA,-13,141.669911048677,Micro
NFKB1,HA,-137,78.9484049549596,Micro
NFKB1,HA,-125,78.6475354710534,Micro
NFKB1,HA,-160,72.837519466842,Micro
STAT3,HA,-172,75.5498677349287,Micro
STAT3,HA,161,76.3417647753885,Micro
STAT3,HA,-188,73.9260720496974,Micro
STAT3,HA,-128,76.3477598195592,Micro
STAT3,HA,-75,84.336042883205,Micro
STAT3,HA,-71,80.9638206831715,Micro
STAT3,HA,-13,56.5411436233451,Micro
STAT3,HA,-185,77.3164366555136,Micro
STAT3,HA,18,90.6956358964183,Micro
STAT3,HA,21,89.1666514685723,Micro
STAT3,HA,99,79.3618156615487,Micro
STAT3,HA,-90,82.1949088969217,Micro
STAT3,HA,122,87.5680826597222,Micro
STAT3,HA,147,83.8868655109672,Micro
STAT3,HA,-42,88.5176352079622,Micro
STAT3,HA,-24,88.8226149646061,Micro
TEAD1,HA,-192,33.7374442277348,Micro
TEAD1,HA,-182,38.8728624265642,Micro
TEAD1,HA,-137,35.7961734318162,Micro
TEAD1,HA,-134,37.8574538265263,Micro
TEAD1,HA,-39,36.3771714937684,Micro
TEAD1,HA,-26,37.2896531165188,Micro
TEAD1,HA,19,44.2423457559922,Micro
TEAD1,HA,29,35.3708168341792,Micro
TEAD1,HA,107,38.8221801529227,Micro
TEAD1,HA,171,41.588585599618,Micro
STAT3,HA,-126,80.4982404102666,Micro
STAT3,HA,-117,76.6792450116695,Micro
STAT3,HA,-73,78.0843477721753,Micro
STAT3,HA,129,83.247587974658,Micro
RELA,HA,-134,58.7900658129781,Micro
STAT3,HA,-183,74.2580737692084,Micro
STAT3,HA,-175,73.2985761865347,Micro
STAT3,HA,-85,81.0161292063203,Micro
STAT3,HA,91,87.0620992650736,Micro
STAT3,HA,-115,79.8256603698215,Micro
STAT3,HA,29,86.1278193545508,Micro
STAT3,HA,117,83.3601652894298,Micro
STAT3,HA,197,82.0227254779848,Micro
NFKB1,HA,131,86.4643476718117,Micro
STAT3,HA,-196,72.5218967108347,Micro
STAT3,HA,-143,79.7332965749837,Micro
STAT3,HA,46,88.5812182765259,Micro
STAT3,HA,-159,74.8318378142609,Micro
NFKB1,HA,-1,106.826314663416,Micro
NFKB1,HA,61,80.3811612386645,Micro
STAT3,HA,-12,80.3176686440138,Micro
STAT3,HA,95,83.4343048299245,Micro
STAT3,HA,121,83.1448064056116,Micro
STAT3,HA,143,82.3872823257276,Micro
NFKB1,HA,-119,80.9353205374255,Micro
RELA,HA,-108,57.8339527871307,Micro
RELA,HA,70,64.6197403042361,Micro
RELA,HA,-170,56.4318801240589,Micro
TEAD1,HA,17,37.7671397865262,Micro
TEAD4,HA,17,38.5805059235875,Micro
TEAD1,HA,149,39.9811068520788,Micro
TEAD4,HA,149,37.2564108889644,Micro
IRF1,HA,103,391.566503046224,Micro
STAT3,HA,-57,84.2469155707867,Micro
STAT3,HA,-54,89.0243321790727,Micro
STAT3,HA,-29,88.4341095409318,Micro
STAT3,HA,131,82.893412131426,Micro
TEAD1,HA,-89,36.9816422856238,Micro
RELA,HA,-184,56.1541092967082,Micro
NFKB1,HA,-167,81.3049433118892,Micro
NFKB1,HA,-154,83.2018088965744,Micro
RELA,HA,0,28.2812022172955,Micro
NFKB1,HA,-69,77.4960045936359,Micro
NFKB1,HA,187,83.4906004992165,Micro
RELA,HA,-178,59.1073566594268,Micro
NFKB1,HA,-179,75.0802960893046,Micro
RELA,HA,-144,56.2365293239976,Micro
RELA,HA,-116,59.870509711214,Micro
RELA,HA,54,63.7885953569094,Micro
NFKB1,HA,53,85.3696441093388,Micro
RELA,HA,-160,57.4171583318059,Micro
RELA,HA,-103,60.619091179178,Micro
RELA,HA,-75,60.1175878944838,Micro
RELA,HA,74,59.5845239014065,Micro
RELA,HA,72,66.2471328048939,Micro
RELA,HA,78,59.6175705115284,Micro
RELA,HA,77,63.7516541869014,Micro
TEAD4,HA,-200,33.8290653400038,Micro
TEAD1,HA,-162,35.1315838896509,Micro
TEAD4,HA,-99,34.3053449152511,Micro
TEAD1,HA,-100,39.6798727813554,Micro
TEAD4,HA,-27,35.3607846611394,Micro
NFKB1,HA,-133,81.6203364169946,Micro
NFKB1,HA,-109,75.9703053534731,Micro
NFKB1,HA,-47,83.8903394737694,Micro
NFKB1,HA,-8,104.162193452355,Micro
NFKB1,HA,1,39.582176443483,Micro
NFKB1,HA,43,76.3146186890074,Micro
NFKB1,HA,57,81.8836422011727,Micro
NFKB1,HA,93,80.4841211416448,Micro
NFKB1,HA,134,81.9407909376738,Micro
NFKB1,HA,157,86.9799461888993,Micro
NFKB1,HA,173,82.5991291329996,Micro
TEAD4,HA,25,40.5484532987217,Micro
TEAD4,HA,80,39.1026670283644,Micro
TEAD1,HA,79,39.4833723248114,Micro
TEAD4,HA,97,37.5591835150175,Micro
TEAD1,HA,96,38.7333952200904,Micro
IRF1,HA,0,84.5555246285634,Micro
STAT3,HA,-120,77.3620011279599,Micro
TEAD1,HA,44,37.6570814123292,Micro
TEAD1,HA,114,38.9154504136038,Micro
STAT3,HA,119,85.2590934327787,Micro
NFKB1,HA,-198,78.6902161140881,Micro
NFKB1,HA,-27,75.0596438707713,Micro
NFKB1,HA,21,79.8154485986547,Micro
STAT3,HA,-114,81.9016236149345,Micro
STAT3,HA,-52,82.3261011456773,Micro
STAT3,HA,180,80.6989717700737,Micro
NFKB1,HA,-156,85.2928391860392,Micro
NFKB1,HA,-153,80.7803311884546,Micro
NFKB1,HA,-150,82.7206027913466,Micro
NFKB1,HA,-87,83.7968975319752,Micro
NFKB1,HA,-50,85.9862545927184,Micro
NFKB1,HA,31,78.5520258792343,Micro
NFKB1,HA,42,78.0609234793755,Micro
NFKB1,HA,69,86.5438099189794,Micro
NFKB1,HA,79,101.510419246977,Micro
NFKB1,HA,90,82.9718522711404,Micro
NFKB1,HA,99,89.1402267108805,Micro
NFKB1,HA,137,88.5812073918579,Micro
RELA,HA,-185,54.2200049237922,Micro
NFKB1,HA,151,90.9113703659228,Micro
RELA,HA,-31,65.7805443575832,Micro
RELA,HA,26,64.5234168645207,Micro
RELA,HA,101,62.3149837674586,Micro
RELA,HA,110,61.1141286611704,Micro
RELA,HA,145,60.2044104782726,Micro
STAT3,HA,-200,70.3541112545668,Micro
STAT3,HA,-191,72.395521851062,Micro
STAT3,HA,-181,71.6501888899347,Micro
STAT3,HA,-179,72.4441719432537,Micro
STAT3,HA,-133,76.6780592537597,Micro
STAT3,HA,-109,79.1982340042314,Micro
STAT3,HA,-86,78.5032470725136,Micro
STAT3,HA,-58,85.4647206163312,Micro
STAT3,HA,-46,86.1452283968152,Micro
STAT3,HA,-41,85.1340714254182,Micro
STAT3,HA,-22,82.8214004523885,Micro
STAT3,HA,-17,90.6347864445985,Micro
STAT3,HA,16,86.2416670539835,Micro
STAT3,HA,30,86.3918024982506,Micro
STAT3,HA,50,85.541779223697,Micro
STAT3,HA,53,85.7605984934695,Micro
STAT3,HA,57,87.1265234856661,Micro
STAT3,HA,60,84.2186297932699,Micro
STAT3,HA,64,87.8715870330183,Micro
STAT3,HA,65,88.1638196273881,Micro
STAT3,HA,70,83.8648469245487,Micro
STAT3,HA,74,84.8108754358533,Micro
STAT3,HA,94,81.5731148670725,Micro
STAT3,HA,101,87.5373344328456,Micro
STAT3,HA,104,81.0051483031672,Micro
STAT3,HA,110,80.6091289730288,Micro
STAT3,HA,120,82.3631656724157,Micro
STAT3,HA,123,84.7184948949703,Micro
STAT3,HA,127,86.7458049905983,Micro
STAT3,HA,137,82.8331352756281,Micro
STAT3,HA,142,81.7285498963928,Micro
STAT3,HA,167,79.7084690646665,Micro
STAT3,HA,174,80.3177098642714,Micro
STAT3,HA,178,81.1957792001843,Micro
STAT3,HA,179,82.0088716358862,Micro
NFKB1,HA,-70,72.9326945327039,Micro
NFKB1,HA,-62,77.5082228770593,Micro
NFKB1,HA,-20,80.161492662647,Micro
NFKB1,HA,17,73.8328581875537,Micro
NFKB1,HA,66,79.1434775774509,Micro
NFKB1,HA,77,93.9193161279975,Micro
NFKB1,HA,104,85.1147126713142,Micro
NFKB1,HA,106,85.4470490322895,Micro
NFKB1,HA,112,82.4804463191145,Micro
NFKB1,HA,147,87.8121116836925,Micro
NFKB1,HA,154,86.5533703312337,Micro
NFKB1,HA,161,83.1302232586671,Micro
NFKB1,HA,177,81.4597983583271,Micro
STAT3,HA,-198,74.8528038040104,Micro
STAT3,HA,-170,73.3513288399835,Micro
STAT3,HA,-164,73.4025314514916,Micro
STAT3,HA,-77,87.6576832155727,Micro
STAT3,HA,-34,87.7576025193639,Micro
STAT3,HA,-33,85.2128467929744,Micro
STAT3,HA,-28,91.5963243591268,Micro
STAT3,HA,-11,79.7633750715746,Micro
STAT3,HA,-4,24.6850004907868,Micro
STAT3,HA,8,101.600044325916,Micro
STAT3,HA,9,84.7165111057052,Micro
STAT3,HA,23,86.9579825635382,Micro
STAT3,HA,27,89.7569318922921,Micro
STAT3,HA,80,81.0608374969529,Micro
STAT3,HA,82,87.1381645173814,Micro
STAT3,HA,83,85.6338877616566,Micro
STAT3,HA,111,83.3096277458693,Micro
STAT3,HA,115,85.2284423530456,Micro
STAT3,HA,135,86.1066299985241,Micro
STAT3,HA,148,81.0143760729303,Micro
STAT3,HA,158,85.0972034978653,Micro
STAT3,HA,192,81.6541636987954,Micro
TEAD1,HA,-197,38.2174175997162,Micro
TEAD1,HA,-179,37.110785121835,Micro
TEAD1,HA,-121,38.3013402764628,Micro
TEAD1,HA,-71,35.4234249949748,Micro
TEAD1,HA,-34,38.0775325175539,Micro
TEAD1,HA,22,39.1807527732568,Micro
TEAD1,HA,48,40.3952195479389,Micro
TEAD1,HA,99,41.3076539009907,Micro
TEAD1,HA,136,39.1852984039539,Micro
TEAD1,HA,161,41.235484050766,Micro
TEAD1,HA,165,39.3741816616092,Micro
TEAD1,HA,188,38.9943212494354,Micro
STAT3,HA,-173,73.1961596753339,Micro
STAT3,HA,-94,82.951813376832,Micro
STAT3,HA,13,68.2397073221391,Micro
STAT3,HA,184,82.8620028493133,Micro
TEAD1,HA,-185,35.9092665063925,Micro
TEAD1,HA,-97,38.9955906393628,Micro
STAT3,HA,-91,83.6192343635566,Micro
TEAD1,HA,-94,37.9604369133697,Micro
TEAD1,HA,-76,36.6713457946,Micro
TEAD1,HA,35,39.7465290233361,Micro
TEAD1,HA,81,38.6644613123342,Micro
STAT3,HA,-149,73.4909157540373,Micro
TEAD1,HA,158,41.4163685156148,Micro
TEAD1,HA,163,39.3559237679223,Micro
TEAD1,HA,194,38.3892047199112,Micro
RELA,HA,-190,55.8462903054455,Micro
STAT3,HA,-14,63.1591571745965,Micro
NFKB1,HA,-181,78.10438070423,Micro
STAT3,HA,28,89.8208467588234,Micro
RELA,HA,-138,57.1597625328789,Micro
STAT3,HA,47,81.4261140788592,Micro
STAT3,HA,72,81.1403574642014,Micro
NFKB1,HA,-95,77.5211352672178,Micro
NFKB1,HA,-66,87.035157142772,Micro
NFKB1,HA,-189,78.9565562265026,Micro
NFKB1,HA,-157,86.2359995988921,Micro
NFKB1,HA,-49,82.9894283348384,Micro
NFKB1,HA,-32,87.5272133093245,Micro
NFKB1,HA,-18,72.4064818920069,Micro
NFKB1,HA,34,80.0023216889776,Micro
NFKB1,HA,89,88.7888330422527,Micro
NFKB1,HA,120,82.5124321165188,Micro
NFKB1,HA,136,85.5742972538991,Micro
NFKB1,HA,179,76.0735753004751,Micro
NFKB1,HA,189,81.2347199317276,Micro
STAT3,HA,-180,73.0556477100345,Micro
STAT3,HA,-165,71.6283559564196,Micro
STAT3,HA,-38,89.8053146866427,Micro
STAT3,HA,1,38.2543508482827,Micro
STAT3,HA,5,62.1198523612017,Micro
STAT3,HA,31,83.247413062238,Micro
STAT3,HA,85,87.0901401431357,Micro
STAT3,HA,106,84.5739348584672,Micro
STAT3,HA,107,81.2142639575832,Micro
STAT3,HA,156,80.0852205342758,Micro
STAT3,HA,164,84.5615234049863,Micro
RELA,HA,-123,58.1969062242787,Micro
RELA,HA,-118,59.0431267480173,Micro
RELA,HA,-107,58.741651142212,Micro
RELA,HA,-4,41.8562051565469,Micro
RELA,HA,8,31.7406079495902,Micro
RELA,HA,21,70.8086654075465,Micro
RELA,HA,67,59.6020380859618,Micro
RELA,HA,80,65.9080667922565,Micro
RELA,HA,136,62.8640011611828,Micro
STAT3,HA,-127,77.0586033146061,Micro
STAT3,HA,-104,81.7557379338143,Micro
STAT3,HA,-63,80.3224846634982,Micro
STAT3,HA,7,41.257979794179,Micro
STAT3,HA,42,86.8277050166784,Micro
STAT3,HA,69,83.4774836053439,Micro
STAT3,HA,190,80.1046620590362,Micro
CEBPB,HA,-181,10.7097757491522,Micro
CEBPB,HA,-149,10.8981295455285,Micro
CEBPB,HA,-143,11.9925219643003,Micro
CEBPB,HA,-138,12.8217134828519,Micro
CEBPB,HA,-130,11.3361800862417,Micro
CEBPB,HA,-128,11.1718031228456,Micro
CEBPB,HA,-104,12.8033497933259,Micro
CEBPB,HA,-81,15.7769441628358,Micro
CEBPB,HA,-40,15.0763189883182,Micro
CEBPB,HA,-30,13.7882149290834,Micro
CEBPB,HA,-25,15.8375128285673,Micro
CEBPB,HA,18,19.2380809922122,Micro
CEBPB,HA,23,16.8279504105386,Micro
CEBPB,HA,24,15.0747154117006,Micro
CEBPB,HA,51,15.2120694479534,Micro
CEBPB,HA,60,15.9076322548067,Micro
CEBPB,HA,112,11.7419591840682,Micro
CEBPB,HA,164,9.2193134457498,Micro
CEBPB,HA,192,11.197664985783,Micro
STAT3,HA,-111,80.3170899662129,Micro
TEAD4,HA,-140,33.8611441621879,Micro
TEAD1,HA,-141,35.5105162959815,Micro
TEAD1,HA,-108,39.2453943431154,Micro
TEAD4,HA,38,36.2598631484818,Micro
TEAD1,HA,37,36.6921658327013,Micro
TEAD1,HA,63,40.1600389824957,Micro
TEAD4,HA,131,37.9498607764525,Micro
TEAD1,HA,130,38.8667958762496,Micro
TEAD4,HA,181,37.0618728531656,Micro
STAT3,HA,-89,81.3167654877162,Micro
STAT3,HA,81,81.8086723112051,Micro
NFKB1,HA,-76,75.6927777012608,Micro
NFKB1,HA,84,84.7992805055958,Micro
TEAD1,HA,-113,40.0119845365112,Micro
TEAD1,HA,2,86.1277958590956,Micro
TEAD1,HA,176,38.4635344328637,Micro
TEAD1,HA,-143,38.8228596305374,Micro
TEAD4,HA,-143,36.4046411623822,Micro
TEAD1,HA,-112,35.8227524919657,Micro
TEAD4,HA,-112,35.8597485454822,Micro
TEAD1,HA,-38,35.4218612965654,Micro
TEAD4,HA,-38,33.662585023472,Micro
TEAD1,HA,-4,85.044880136698,Micro
TEAD4,HA,-4,64.3103569630344,Micro
TEAD1,HA,85,40.5800478174977,Micro
TEAD4,HA,85,39.6647845659309,Micro
TEAD1,HA,92,40.464577846176,Micro
TEAD4,HA,92,38.0280456716079,Micro
TEAD1,HA,124,39.9099270799095,Micro
TEAD4,HA,124,37.6226152488666,Micro
TEAD1,HA,-172,37.1242744105703,Micro
TEAD4,HA,-172,34.0769267797166,Micro
STAT3,HA,-163,76.1817947659994,Micro
TEAD1,HA,-166,36.2866498025655,Micro
TEAD4,HA,-166,33.7428421859628,Micro
TEAD1,HA,-139,36.856074888581,Micro
TEAD4,HA,-139,34.3220785314329,Micro
TEAD1,HA,-102,37.2389488784046,Micro
TEAD4,HA,-102,36.02002018184,Micro
STAT3,HA,-82,82.2511488950184,Micro
TEAD1,HA,-85,36.8573318179601,Micro
TEAD4,HA,-85,36.0230858161113,Micro
TEAD1,HA,-49,39.3292401404171,Micro
TEAD4,HA,-49,38.0731860992379,Micro
TEAD1,HA,-48,36.1125027535297,Micro
TEAD4,HA,-48,36.9941652873294,Micro
TEAD4,HA,-14,41.0553857017953,Micro
TEAD4,HA,29,38.0617946019932,Micro
TEAD1,HA,70,37.9436915814534,Micro
TEAD4,HA,70,36.4523130696804,Micro
TEAD1,HA,166,39.3402836259322,Micro
TEAD4,HA,166,37.6576045363173,Micro
NFKB1,HA,-86,86.4767807888761,Micro
NFKB1,HA,33,85.6629233758554,Micro
NFKB1,HA,167,84.1768219789009,Micro
STAT3,HA,-107,77.3188054771969,Micro
STAT3,HA,-102,79.628131634074,Micro
STAT3,HA,100,83.1276551360416,Micro
STAT3,HA,173,84.0263726156936,Micro
NFKB1,HA,199,81.2828758762024,Micro
STAT3,HA,-37,85.1135580536004,Micro
RELA,HA,195,57.4073495988655,Micro
NFKB1,HA,-2,65.226164568668,Micro
NFKB1,HA,75,76.4738250988607,Micro
RELA,HA,-163,55.1375217630018,Micro
RELA,HA,-148,54.7849644110475,Micro
RELA,HA,-127,59.1464227778989,Micro
RELA,HA,-115,58.8267166345543,Micro
RELA,HA,-12,65.4756949666957,Micro
RELA,HA,3,40.4184460083505,Micro
RELA,HA,42,61.7424148631546,Micro
RELA,HA,41,70.1588628585875,Micro
RELA,HA,152,60.8959103680229,Micro
RELA,HA,176,57.408243208413,Micro
RELA,HA,-93,59.8367995961784,Micro
TEAD1,HA,-180,35.1784685660652,Micro
TEAD1,HA,-148,37.0646673571026,Micro
TEAD1,HA,-109,37.7773726137447,Micro
TEAD1,HA,-87,38.7413803659369,Micro
TEAD4,HA,-136,37.4692537329693,Micro
TEAD1,HA,-75,38.3728692386038,Micro
TEAD4,HA,-134,34.5284560696231,Micro
TEAD1,HA,-135,35.8546197502719,Micro
TEAD1,HA,-52,35.74187199621,Micro
TEAD4,HA,-111,35.8199222687601,Micro
TEAD4,HA,-69,35.8486814850449,Micro
TEAD1,HA,-70,35.4675303060851,Micro
TEAD4,HA,-106,36.6558248218629,Micro
TEAD1,HA,95,43.5007696250813,Micro
TEAD4,HA,36,36.3012487630584,Micro
TEAD4,HA,104,38.4176104689162,Micro
TEAD1,HA,103,42.6959329896413,Micro
TEAD1,HA,115,39.1896329307452,Micro
TEAD4,HA,115,37.3339988284204,Micro
TEAD1,HA,141,39.6771806162105,Micro
TEAD4,HA,141,38.6390922906455,Micro
TEAD1,HA,193,37.8521788604076,Micro
TEAD4,HA,193,37.1274443498731,Micro
NFKB1,HA,-33,79.9246681434655,Micro
NFKB1,HA,175,79.4825033244839,Micro
RELA,HA,-29,61.283038898932,Micro
NFKB1,HA,-4,39.4601410034309,Micro
TEAD1,HA,-140,34.3093548309454,Micro
TEAD1,HA,-67,37.2701276107327,Micro
TEAD1,HA,133,39.7459668751269,Micro
NFKB1,HA,-170,76.1719083714516,Micro
NFKB1,HA,-80,84.1227777232692,Micro
NFKB1,HA,-53,77.3755867758205,Micro
NFKB1,HA,-37,83.9312669028346,Micro
NFKB1,HA,98,81.5588000919487,Micro
RELA,HA,-152,58.3903006577581,Micro
RELA,HA,-88,60.04082142496,Micro
NFKB1,HA,20,83.1098905791948,Micro
NFKB1,HA,-13,67.9583493769692,Micro
NFKB1,HA,105,79.9431363383268,Micro
STAT3,HA,136,83.0758428333958,Micro
CEBPB,HA,-134,13.4461602149851,Micro
CEBPB,HA,-24,16.3143712116639,Micro
CEBPB,HA,77,13.6910790934751,Micro
TEAD1,HA,-175,35.8909275985089,Micro
TEAD1,HA,-90,39.3984837123334,Micro
TEAD4,HA,-90,36.5394392927302,Micro
STAT3,HA,-112,76.892163294181,Micro
STAT3,HA,-80,78.8668497648307,Micro
STAT3,HA,176,82.6772604422662,Micro
STAT3,HA,194,76.1900155479423,Micro
NFKB1,HA,-129,76.3889528701721,Micro
IRF1,HA,-7,66.500138747184,Micro
STAT3,HA,-187,74.792605652721,Micro
STAT3,HA,20,88.6357306586309,Micro
NFKB1,HA,-111,85.3498772277623,Micro
NFKB1,HA,-104,75.0368160615547,Micro
NFKB1,HA,65,78.8716328995393,Micro
IRF1,HA,3,45.8707541221105,Micro
TEAD4,HA,-199,34.6759178464042,Micro
TEAD1,HA,-200,36.5509970235471,Micro
TEAD4,HA,-196,33.3257827932466,Micro
TEAD4,HA,-190,31.709097772626,Micro
TEAD1,HA,-191,34.8515093662306,Micro
RELA,HA,-186,54.1219488748856,Micro
TEAD4,HA,-188,35.6982786177137,Micro
TEAD1,HA,-189,35.1140793927605,Micro
TEAD4,HA,-173,36.5734040779801,Micro
TEAD1,HA,-173,35.9808039656273,Micro
TEAD4,HA,-162,34.0599761290298,Micro
TEAD1,HA,-163,35.4213412912933,Micro
STAT3,HA,-166,74.8560620416869,Micro
TEAD4,HA,-155,33.8663276169757,Micro
TEAD1,HA,-156,36.8878321625729,Micro
TEAD4,HA,-119,37.1383237570044,Micro
TEAD1,HA,-120,37.051667895739,Micro
TEAD4,HA,-11,33.5252440357833,Micro
TEAD4,HA,-7,38.6658017784043,Micro
TEAD1,HA,-8,48.4400300245235,Micro
TEAD4,HA,16,36.2443854070166,Micro
TEAD1,HA,15,36.3042700833694,Micro
STAT3,HA,12,63.0023828656662,Micro
TEAD1,HA,20,38.8845503370378,Micro
TEAD1,HA,28,39.198656010731,Micro
TEAD4,HA,43,37.1076464232331,Micro
TEAD1,HA,42,40.1687575365927,Micro
TEAD4,HA,51,37.1720457446245,Micro
TEAD1,HA,50,37.6100194167302,Micro
TEAD4,HA,68,36.6612900950519,Micro
TEAD4,HA,79,39.8597601175171,Micro
TEAD1,HA,84,40.7251595253774,Micro
TEAD4,HA,95,42.8134989834762,Micro
TEAD1,HA,94,42.8338232120735,Micro
TEAD4,HA,113,39.885118955446,Micro
STAT3,HA,109,85.4184034888135,Micro
TEAD4,HA,114,35.6318791356459,Micro
TEAD1,HA,113,41.0635479568601,Micro
RELA,HA,170,59.1047525862251,Micro
TEAD4,HA,168,38.3630658382902,Micro
TEAD1,HA,167,41.0177371977483,Micro
TEAD1,HA,169,40.6569116845306,Micro
NFKB1,HA,-99,74.9485954495248,Micro
NFKB1,HA,71,84.8352563546352,Micro
NFKB1,HA,74,76.9670334945971,Micro
NFKB1,HA,180,83.4421205582555,Micro
TEAD4,HA,-179,35.3333405021263,Micro
TEAD4,HA,-152,37.7461265083573,Micro
TEAD4,HA,-149,35.8648635498248,Micro
TEAD4,HA,-129,38.0549466629498,Micro
TEAD4,HA,-110,34.5674806831058,Micro
TEAD4,HA,-108,40.5733177333844,Micro
TEAD4,HA,-9,24.4235269175097,Micro
TEAD4,HA,1,28.3042851559293,Micro
TEAD4,HA,39,35.0483816796218,Micro
TEAD4,HA,63,39.4331025227751,Micro
TEAD4,HA,99,38.0289265441503,Micro
TEAD4,HA,182,38.9918790372499,Micro
TEAD1,HA,-198,36.0145780337721,Micro
TEAD4,HA,-181,34.9263000847411,Micro
TEAD4,HA,-176,35.0688585326039,Micro
TEAD1,HA,-177,38.5893972705354,Micro
TEAD4,HA,-164,34.5863533160666,Micro
TEAD1,HA,-165,37.5593982790454,Micro
TEAD4,HA,-124,36.44134631786,Micro
TEAD1,HA,-125,37.8047632910635,Micro
TEAD4,HA,-94,33.9190202855059,Micro
TEAD4,HA,-93,38.0536553544818,Micro
TEAD4,HA,-61,36.6510845839721,Micro
TEAD1,HA,-62,38.4861553055261,Micro
TEAD4,HA,-57,37.0551420466667,Micro
TEAD1,HA,-58,40.1763404448578,Micro
TEAD4,HA,-56,33.8616942856171,Micro
TEAD1,HA,-57,39.2081705359742,Micro
TEAD4,HA,-25,34.7546012773327,Micro
TEAD1,HA,-19,37.2426326927276,Micro
TEAD1,HA,-15,43.6813732726439,Micro
TEAD4,HA,-10,24.2691669519286,Micro
TEAD1,HA,-11,37.0495880454532,Micro
TEAD4,HA,0,13.2905625291556,Micro
TEAD1,HA,-1,22.3697698392685,Micro
TEAD4,HA,15,35.9499637585964,Micro
TEAD1,HA,16,39.7036499950912,Micro
TEAD4,HA,27,37.3857903191009,Micro
TEAD4,HA,37,37.0713295829251,Micro
TEAD1,HA,36,37.4728261721524,Micro
TEAD4,HA,48,38.079272350464,Micro
TEAD1,HA,47,38.0157160431478,Micro
TEAD1,HA,52,39.549812911075,Micro
TEAD4,HA,106,41.6344619556612,Micro
TEAD1,HA,105,41.715876149885,Micro
TEAD1,HA,159,42.5741202131575,Micro
TEAD1,HA,195,38.8197993345307,Micro
STAT3,HA,-184,74.6493241114379,Micro
STAT3,HA,-152,78.794312315377,Micro
STAT3,HA,-27,90.0136016078732,Micro
STAT3,HA,172,81.5847783441137,Micro
NFKB1,HA,-155,78.1173164232004,Micro
NFKB1,HA,15,71.7302020891665,Micro
NFKB1,HA,68,81.5115658533412,Micro
NFKB1,HA,-123,80.9434528664463,Micro
NFKB1,HA,-103,83.576976571204,Micro
NFKB1,HA,76,79.8032410668276,Micro
CEBPB,HA,-84,15.0996019560128,Micro
CEBPB,HA,91,14.1092779821416,Micro
TEAD4,HA,-6,28.150835887321,Micro
TEAD4,HA,4,22.8878495611254,Micro
NFKB1,HA,-51,76.5707235658849,Micro
TEAD1,HA,-111,38.8296342235687,Micro
TEAD4,HA,-52,33.5906732290001,Micro
TEAD1,HA,-53,37.5065178876982,Micro
TEAD4,HA,-31,34.7102175058909,Micro
TEAD1,HA,-50,38.1756929713599,Micro
TEAD4,HA,-50,33.1192273377941,Micro
TEAD4,HA,81,36.7080865967657,Micro
RELA,HA,-141,58.0380501620226,Micro
RELA,HA,-35,59.1124885601727,Micro
RELA,HA,139,63.4492051128848,Micro
TEAD1,HA,-82,37.09545921914,Micro
TEAD4,HA,20,39.4419274883176,Micro
TEAD4,HA,156,36.5480354148053,Micro
TEAD1,HA,155,42.1821096607165,Micro
TEAD4,HA,171,37.134108754115,Micro
NFKB1,HA,-194,81.4891255641825,Micro
TEAD1,HA,-45,38.6817496164772,Micro
TEAD1,HA,-43,38.6444439202662,Micro
TEAD1,HA,51,38.5976734878519,Micro
TEAD1,HA,126,39.2402257081712,Micro
STAT3,HA,144,83.2891579952021,Micro
STAT3,HA,-81,80.9755354129362,Micro
TEAD4,HA,-84,36.1409705166595,Micro
TEAD4,HA,-186,36.6444462463704,Micro
TEAD1,HA,-13,51.3806983164696,Micro
TEAD4,HA,-13,40.3307618008158,Micro
TEAD1,HA,-6,27.5281986933074,Micro
TEAD1,HA,58,39.9338143065044,Micro
TEAD4,HA,58,37.2260977214012,Micro
TEAD4,HA,65,36.4356566379733,Micro
TEAD1,HA,-42,38.7625551581959,Micro
STAT3,HA,-155,74.8796602602501,Micro
STAT3,HA,-106,77.7356830457411,Micro
TEAD4,HA,-184,34.4923354757567,Micro
TEAD4,HA,-147,34.9938444754989,Micro
TEAD4,HA,84,35.915396042177,Micro
TEAD4,HA,143,39.05128470223,Micro
TEAD4,HA,176,39.2990289506404,Micro
RELA,HA,-151,56.4342120427937,Micro
STAT3,HA,-25,90.5419245786016,Micro
RELA,HA,-129,59.8316833452916,Micro
NFKB1,HA,80,76.0162145190082,Micro
TEAD4,HA,77,41.4687216760217,Micro
TEAD1,HA,76,41.4815211142886,Micro
TEAD1,HA,91,36.7434174100779,Micro
TEAD1,HA,146,38.4293625837633,Micro
STAT3,HA,-100,81.5057472962403,Micro
STAT3,HA,-5,36.6091548160196,Micro
RELA,HA,11,65.8087022536689,Micro
TEAD4,HA,-156,34.1722921140452,Micro
TEAD1,HA,-157,38.4719000623366,Micro
TEAD4,HA,-73,36.9860582138649,Micro
TEAD1,HA,-74,39.1737886926767,Micro
TEAD1,HA,72,37.9975530398231,Micro
TEAD1,HA,87,39.3677031814353,Micro
TEAD4,HA,89,35.7434542393034,Micro
TEAD4,HA,91,36.2786573154892,Micro
TEAD4,HA,116,37.8125572196632,Micro
TEAD4,HA,150,38.1062610274395,Micro
TEAD4,HA,190,36.7872030096439,Micro
NFKB1,HA,-136,74.251621134893,Micro
TEAD1,HA,-31,35.7455962579108,Micro
TEAD1,HA,9,36.8172023703915,Micro
TEAD1,HA,116,41.0169121089938,Micro
TEAD4,HA,-76,35.6261779716084,Micro
TEAD1,HA,-55,36.9241678072163,Micro
TEAD4,HA,62,40.0332463501437,Micro
TEAD1,HA,61,38.2033611133729,Micro
STAT3,HA,59,85.4127701830997,Micro
RELA,HA,33,65.1809254807291,Micro
TEAD4,HA,-114,35.7939947751051,Micro
TEAD4,HA,56,36.373358996676,Micro
TEAD4,HA,121,40.124771357938,Micro
TEAD4,HA,-189,33.5039208646523,Micro
TEAD1,HA,-190,36.2922980299842,Micro
TEAD4,HA,-55,33.9884715301151,Micro
TEAD1,HA,-56,36.7720612722781,Micro
TEAD4,HA,-26,33.0632072664699,Micro
TEAD1,HA,-27,36.6123662140509,Micro
TEAD1,HA,-17,37.0058530592691,Micro
TEAD4,HA,12,42.4681641420204,Micro
TEAD4,HA,28,37.2627029238078,Micro
TEAD1,HA,27,37.7914432231262,Micro
TEAD1,HA,34,37.6401418060836,Micro
TEAD1,HA,83,40.3520369590011,Micro
TEAD4,HA,120,37.6266881791226,Micro
TEAD1,HA,119,37.7387951131623,Micro
TEAD1,HA,129,40.1891981861133,Micro
TEAD4,HA,144,36.7614122578674,Micro
TEAD4,HA,153,38.0291600823307,Micro
TEAD4,HA,173,38.9676411957935,Micro
TEAD4,HA,183,39.0494036886363,Micro
TEAD1,HA,182,40.5809023908081,Micro
CEBPB,HA,-174,10.0926944808236,Micro
CEBPB,HA,-150,10.8289306962978,Micro
CEBPB,HA,-147,12.9575454430629,Micro
CEBPB,HA,-88,14.5668770533624,Micro
CEBPB,HA,-71,13.9545483176506,Micro
CEBPB,HA,-70,13.7759544046838,Micro
CEBPB,HA,-69,15.353028423919,Micro
CEBPB,HA,-63,13.4880377865334,Micro
CEBPB,HA,-51,13.7747094900296,Micro
CEBPB,HA,-46,12.8346930689253,Micro
CEBPB,HA,48,13.7003611027609,Micro
CEBPB,HA,65,13.1630440562277,Micro
CEBPB,HA,130,11.7459044524309,Micro
STAT3,HA,-62,81.2120859132411,Micro
STAT3,HA,-3,35.0710743696384,Micro
STAT3,HA,-92,79.4789235499741,Micro
STAT3,HA,163,82.8936351379976,Micro
IRF1,HA,-4,92.4684625436351,Micro
NFKB1,HA,47,79.6790908119446,Micro
TEAD4,HA,-86,37.3629629909379,Micro
RELA,HA,-154,57.6884367931662,Micro
TEAD4,HA,-62,36.1403912291092,Micro
TEAD4,HA,-19,34.3496219433119,Micro
TEAD1,HA,10,24.5125638601766,Micro
TEAD4,HA,-192,32.2779602166378,Micro
TEAD1,HA,-126,37.4731469037573,Micro
TEAD4,HA,-126,36.9224417937171,Micro
TEAD4,HA,50,33.4400191755646,Micro
TEAD1,HA,49,37.1834676801089,Micro
TEAD1,HA,-122,38.2466957851798,Micro
TEAD4,HA,-122,36.8717345339284,Micro
TEAD4,HA,-87,37.0272414989404,Micro
TEAD4,HA,-132,33.0201876939148,Micro
TEAD1,HA,-133,35.2139619665648,Micro
RELA,HA,-77,60.9797887655171,Micro
TEAD1,HA,66,38.3802260784889,Micro
TEAD1,HA,132,39.5164918540065,Micro
TEAD4,HA,105,39.3623576832885,Micro
CEBPB,HA,-185,10.6520454917628,Micro
CEBPB,HA,-16,11.7543927531158,Micro
CEBPB,HA,74,14.0692628242304,Micro
CEBPB,HA,110,13.1944685950472,Micro
STAT3,HA,-6,25.3781053136426,Micro
TEAD4,HA,-75,34.5634420336504,Micro
TEAD1,HA,-110,35.5432571948805,Micro
TEAD4,HA,-141,34.9282229791127,Micro
TEAD1,HA,-132,35.7212999324396,Micro
TEAD1,HA,-107,37.5471552809102,Micro
TEAD1,HA,131,39.7744272343008,Micro
TEAD4,HA,-125,36.8789906368747,Micro
TEAD4,HA,172,38.8541017942893,Micro
TEAD4,HA,-101,36.500614703707,Micro
TEAD1,HA,80,41.1375063748923,Micro
TEAD1,HA,-181,35.5092828290755,Micro
TEAD1,HA,-142,35.9704845726547,Micro
TEAD4,HA,-142,37.0072269225894,Micro
TEAD1,HA,142,41.1168413028527,Micro
TEAD4,HA,142,39.3048802907002,Micro
STAT3,HA,-76,86.4882878510139,Micro
TEAD4,HA,-127,35.4773143714801,Micro
TEAD1,HA,-128,40.421127379091,Micro
TEAD1,HA,-115,38.952706004057,Micro
TEAD4,HA,-115,36.3760777883301,Micro
TEAD4,HA,161,39.1513804426027,Micro
STAT3,HA,3,37.3779431873995,Micro
RELA,HA,183,56.114353481192,Micro
TEAD4,HA,-193,35.7959683743991,Micro
TEAD1,HA,-194,37.1572983728592,Micro
TEAD4,HA,107,39.5759498778522,Micro
STAT3,HA,-154,73.7279645833258,Micro
RELA,HA,49,64.7106737546848,Micro
RELA,HA,48,59.9074331290377,Micro
RELA,HA,117,60.303697452983,Micro
TEAD4,HA,-178,34.2476470632514,Micro
STAT3,HA,-142,76.5039699501279,Micro
RELA,HA,88,64.2502581318857,Micro
TEAD4,HA,-145,33.9618634865792,Micro
TEAD1,HA,-146,35.7679812781239,Micro
TEAD1,HA,-183,33.4627967843129,Micro
TEAD4,HA,-183,33.1979012786249,Micro
TEAD1,HA,104,42.3530498447662,Micro
TEAD1,HA,109,40.4778984147728,Micro
TEAD4,HA,109,38.2685242762569,Micro
TEAD1,HA,110,37.0626252037193,Micro
TEAD4,HA,110,37.7953457892425,Micro
NFKB1,HA,-168,78.7407425334796,Micro
CEBPB,HA,-21,19.5678536751145,Micro
STAT3,HA,-158,76.6933277098606,Micro
CEBPB,HA,-5,3.56971005082745,Micro
CEBPB,HA,183,11.3215633231995,Micro
TEAD4,HA,-81,34.6667856990268,Micro
TEAD1,HA,12,36.8737324263249,Micro
CEBPB,HA,-136,10.7194214706126,Micro
CEBPB,HA,-31,17.8406133079013,Micro
CEBPB,HA,78,14.2350208907591,Micro
CEBPB,HA,92,13.3509820926775,Micro
STAT3,HA,126,81.4677651279656,Micro
STAT3,HA,-137,75.2526576201182,Micro
STAT3,HA,-101,78.1609971344017,Micro
RELA,HA,-139,58.0182807734766,Micro
RELA,HA,-110,64.5799563184052,Micro
RELA,HA,-79,60.1042324421661,Micro
RELA,HA,79,62.3417417545546,Micro
RELA,HA,-30,63.9535933971215,Micro
TEAD1,HA,75,38.4466280977959,Micro
TEAD1,HA,-96,38.9550668798205,Micro
CEBPB,HA,-159,11.5714799034294,Micro
CEBPB,HA,-137,11.2893277662747,Micro
CEBPB,HA,-111,12.1026152500654,Micro
CEBPB,HA,-87,14.2976388986796,Micro
CEBPB,HA,-86,15.4071958204568,Micro
CEBPB,HA,-57,13.7469329111587,Micro
CEBPB,HA,-38,15.6723389558159,Micro
CEBPB,HA,-23,17.7865702934807,Micro
CEBPB,HA,-6,9.74816118819436,Micro
CEBPB,HA,16,11.7789447032759,Micro
CEBPB,HA,35,16.3327209071449,Micro
CEBPB,HA,53,13.3764640727344,Micro
CEBPB,HA,66,15.3954000236166,Micro
CEBPB,HA,103,12.1691654853211,Micro
CEBPB,HA,111,13.5686909096859,Micro
CEBPB,HA,117,12.7292411228918,Micro
CEBPB,HA,155,11.3055698925775,Micro
RELA,HA,-182,56.6285964259832,Micro
RELA,HA,-70,61.1898105510127,Micro
RELA,HA,61,61.9618842942978,Micro
STAT3,HA,-105,81.5501214502338,Micro
TEAD4,HA,-74,37.9731760025673,Micro
TEAD4,HA,157,37.4848913188648,Micro
TEAD1,HA,156,37.8713632834552,Micro
CEBPB,HA,-163,11.5225391973445,Micro
CEBPB,HA,-62,14.0877969186666,Micro
CEBPB,HA,-52,14.3339196478997,Micro
CEBPB,HA,54,15.2669051028763,Micro
CEBPB,HA,186,11.2581976154597,Micro
STAT3,HA,-199,71.3670290765577,Micro
STAT3,HA,-167,73.5589736910917,Micro
STAT3,HA,-144,75.029821632794,Micro
STAT3,HA,-132,79.5978797414892,Micro
STAT3,HA,-118,80.6057933953507,Micro
STAT3,HA,-47,80.7820774085825,Micro
STAT3,HA,61,78.7790151721614,Micro
STAT3,HA,86,84.4777595934171,Micro
TEAD4,HA,-44,36.6336263460343,Micro
TEAD4,HA,-177,34.437713035369,Micro
TEAD1,HA,-164,35.6123347957647,Micro
TEAD4,HA,-144,34.1872764900474,Micro
TEAD4,HA,-58,39.914488202669,Micro
TEAD4,HA,-51,34.1889342210765,Micro
TEAD4,HA,-46,35.233825892794,Micro
TEAD1,HA,-47,38.4071603152942,Micro
TEAD1,HA,-20,37.0154249845489,Micro
TEAD4,HA,6,37.9257947114614,Micro
TEAD1,HA,5,11.6806971855346,Micro
TEAD4,HA,24,37.4670618968678,Micro
TEAD1,HA,45,37.8314409227013,Micro
TEAD1,HA,64,39.6730947710934,Micro
TEAD4,HA,129,37.8612967998298,Micro
TEAD4,HA,137,37.8781493364312,Micro
TEAD1,HA,192,41.6480107618325,Micro
TEAD1,HA,-193,35.7801762906746,Micro
TEAD1,HA,57,36.6786901153706,Micro
STAT3,HA,-138,74.5431612576607,Micro
RELA,HA,98,58.2429797957757,Micro
STAT3,HA,-40,86.3588485861927,Micro
STAT3,HA,154,82.1770128235841,Micro
TEAD1,HA,68,37.5952987623823,Micro
TEAD1,HA,137,39.8138206509493,Micro
TEAD1,HA,177,42.780666672976,Micro
TEAD1,HA,190,39.1296435988618,Micro
TEAD1,HA,-195,37.0292044912476,Micro
TEAD1,HA,-61,39.0741287645405,Micro
TEAD1,HA,-138,35.6807546268604,Micro
TEAD4,HA,-138,35.1361758492524,Micro
TEAD1,HA,-116,39.2353233220566,Micro
TEAD4,HA,-116,36.0393596092869,Micro
TEAD4,HA,-68,35.3602289835355,Micro
TEAD1,HA,-63,37.5176415703079,Micro
TEAD4,HA,-63,35.0199517395171,Micro
TEAD1,HA,-9,28.6722003475036,Micro
TEAD1,HA,102,39.3723063333088,Micro
TEAD1,HA,25,41.2259021556608,Micro
TEAD4,HA,52,37.9821215593759,Micro
RELA,HA,14,67.9472051388328,Micro
TEAD4,HA,167,40.2587485272081,Micro
TEAD4,HA,177,39.4533074972536,Micro
TEAD4,HA,197,38.3841246725781,Micro
TEAD1,HA,106,41.876558047313,Micro
RELA,HA,-112,60.6759878007368,Micro
RELA,HA,-95,60.5224050479315,Micro
RELA,HA,-111,59.4853187374281,Micro
RELA,HA,-168,56.6110512691349,Micro
RELA,HA,30,69.9695163423928,Micro
RELA,HA,-22,68.6753305320316,Micro
NFKB1,HA,-196,74.5961071340018,Micro
TEAD1,HA,-167,35.9904546648871,Micro
TEAD4,HA,-167,38.2183869044367,Micro
TEAD1,HA,56,38.7211365652071,Micro
TEAD1,HA,186,42.4777641489183,Micro
TEAD4,HA,186,40.675020897525,Micro
TEAD4,HA,-191,34.0908239431449,Micro
CEBPB,HA,-140,13.3520843980584,Micro
CEBPB,HA,-102,13.1913853404212,Micro
TEAD1,HA,62,41.9259804172233,Micro
TEAD4,HA,-187,33.1468622601151,Micro
TEAD1,HA,-188,34.6197864080546,Micro
TEAD4,HA,76,37.4794128182397,Micro
TEAD1,HA,-54,38.8701160131341,Micro
TEAD4,HA,49,36.3504328156783,Micro
TEAD4,HA,155,40.1881752983316,Micro
TEAD4,HA,71,37.8288687947278,Micro
TEAD4,HA,-128,37.961486780929,Micro
TEAD4,HA,3,61.7406401654543,Micro
NFKB1,HA,-152,85.9415912706721,Micro
TEAD1,HA,-88,40.9452423330606,Micro
TEAD4,HA,-88,39.7917220651368,Micro
TEAD1,HA,198,37.1931661222688,Micro
NFKB1,HA,7,79.5099968136828,Micro
TEAD1,HA,-60,36.2600683291659,Micro
STAT3,HA,36,88.6148015345718,Micro
TEAD4,HA,195,38.7546292232915,Micro
TEAD4,HA,-133,35.8448061228787,Micro
TEAD4,HA,-28,37.4142636441847,Micro
TEAD1,HA,-29,36.7777658664829,Micro
TEAD4,HA,169,38.2345288696299,Micro
TEAD1,HA,168,39.190808225891,Micro
STAT3,HA,-140,80.3348447202221,Micro
TEAD1,HA,46,37.839934188352,Micro
TEAD4,HA,100,42.5116615257529,Micro
TEAD4,HA,-30,35.17225751106,Micro
TEAD4,HA,-15,38.1047887385667,Micro
TEAD1,HA,197,40.2131665078951,Micro
TEAD1,HA,-118,39.3006535627859,Micro
TEAD1,HA,39,36.6230436838399,Micro
CEBPB,HA,-167,9.96793456711674,Micro
CEBPB,HA,-164,11.8752998525241,Micro
CEBPB,HA,-141,11.0719298362688,Micro
CEBPB,HA,-139,12.7156739665828,Micro
CEBPB,HA,-131,11.3142381211461,Micro
CEBPB,HA,-121,12.137072385944,Micro
CEBPB,HA,-91,14.7392776132755,Micro
CEBPB,HA,15,12.6780414822803,Micro
CEBPB,HA,80,14.2679050396128,Micro
IRF1,HA,-1,49.7082635898173,Micro
IRF1,HA,-3,53.7995976544484,Micro
CEBPB,HA,-192,9.47590964561381,Micro
CEBPB,HA,-157,10.8311963432861,Micro
CEBPB,HA,-148,11.3788366258787,Micro
CEBPB,HA,-108,12.7634528060819,Micro
CEBPB,HA,-78,12.995958392235,Micro
CEBPB,HA,-74,13.8459457802306,Micro
CEBPB,HA,-29,18.7674871338016,Micro
CEBPB,HA,30,18.3765486311988,Micro
CEBPB,HA,114,10.8331523792524,Micro
TEAD1,HA,-106,38.486038213302,Micro
TEAD1,HA,-104,35.8964948823185,Micro
TEAD4,HA,-104,34.4429089908258,Micro
TEAD4,HA,47,38.4736304536418,Micro
TEAD4,HA,96,38.9758639256358,Micro
TEAD4,HA,151,38.2681695718325,Micro
TEAD1,HA,181,41.0798550201958,Micro
CEBPB,HA,-197,11.5159362438807,Micro
CEBPB,HA,-8,34.7036382686821,Micro
CEBPB,HA,69,14.6790026671104,Micro
CEBPB,HA,97,14.7187415079367,Micro
CEBPB,HA,158,11.799421119735,Micro
CEBPB,HA,-187,12.0314785335512,Micro
CEBPB,HA,115,12.7078377689743,Micro
RELA,HA,-133,59.0184216021322,Micro
CEBPB,HA,10,9.74270970702684,Micro
RELA,HA,-98,61.2501872245069,Micro
TEAD4,HA,57,36.3482864699814,Micro
TEAD4,HA,103,38.3220163414588,Micro
TEAD4,HA,-66,35.3966960241095,Micro
TEAD1,HA,-46,38.3843632207903,Micro
TEAD4,HA,-20,34.6743097889922,Micro
TEAD4,HA,148,37.4723673781137,Micro
TEAD1,HA,157,40.4860229261794,Micro
TEAD4,HA,-153,37.4496054561563,Micro
TEAD4,HA,-123,37.1361025463705,Micro
TEAD4,HA,-118,39.6079304175488,Micro
IRF1,HA,-6,91.5230200720181,Micro
TEAD4,HA,-198,33.9608352065388,Micro
TEAD4,HA,-34,39.7119113043571,Micro
TEAD4,HA,102,38.0020514928427,Micro
TEAD1,HA,101,39.4782452804625,Micro
TEAD4,HA,194,36.6533887879927,Micro
TEAD4,HA,-80,38.3498110112278,Micro
TEAD4,HA,-37,33.9257674607535,Micro
TEAD4,HA,75,38.3879493788685,Micro
CEBPB,HA,-119,10.3309944035033,Micro
CEBPB,HA,100,13.6607082176769,Micro
CEBPB,HA,101,14.3805269017618,Micro
CEBPB,HA,107,11.927794652049,Micro
CEBPB,HA,153,10.1621492207127,Micro
CEBPB,HA,163,11.4663116279599,Micro
RELA,HA,43,62.7551955062452,Micro
TEAD1,HA,-168,38.9370125630504,Micro
TEAD1,HA,-153,41.2010538778838,Micro
TEAD1,HA,-136,39.4422178865685,Micro
TEAD1,HA,-123,37.0625029567849,Micro
TEAD1,HA,-51,35.5668970263051,Micro
TEAD4,HA,-105,34.9709544077522,Micro
TEAD1,HA,3,13.124337782123,Micro
TEAD1,HA,-127,37.8470056169137,Micro
TEAD1,HA,-91,35.570236108477,Micro
TEAD1,HA,-3,51.3511911884627,Micro
TEAD1,HA,178,40.2007504820856,Micro
TEAD4,HA,-98,37.053256771321,Micro
TEAD4,HA,5,27.2762762025378,Micro
TEAD4,HA,7,21.9622574808454,Micro
TEAD1,HA,38,38.6776644271505,Micro
TEAD1,HA,-81,38.9622849136385,Micro
TEAD1,HA,-37,39.6928661424045,Micro
TEAD1,HA,-144,36.2974641438101,Micro
TEAD4,HA,-135,34.3971604296203,Micro
TEAD1,HA,-129,38.0143357872428,Micro
TEAD1,HA,6,45.8707997223353,Micro
TEAD1,HA,148,40.3892343082662,Micro
TEAD1,HA,154,43.4328113046055,Micro
TEAD4,HA,44,35.1693319726142,Micro
TEAD1,HA,43,38.3522113021425,Micro
TEAD4,HA,87,37.526962535029,Micro
RELA,HA,-177,59.7307185680893,Micro
RELA,HA,-2,25.5247624586218,Micro
TEAD4,HA,8,25.8192921388016,Micro
CEBPB,HA,-153,11.2351830436666,Micro
CEBPB,HA,-125,11.1762659513169,Micro
CEBPB,HA,-103,13.2263038379657,Micro
CEBPB,HA,-32,19.0950387178898,Micro
CEBPB,HA,27,16.3262586646712,Micro
CEBPB,HA,131,11.9277105436707,Micro
CEBPB,HA,-113,11.690683159802,Micro
TEAD1,HA,-159,35.6603867351241,Micro
NFKB1,HA,-43,83.1410585233987,Micro
NFKB1,HA,-142,80.374372400994,Micro
STAT3,HA,177,76.78612674191,Micro
CEBPB,HA,-161,10.9465343155533,Micro
CEBPB,HA,-142,10.7727785778186,Micro
CEBPB,HA,-106,12.6136144901982,Micro
CEBPB,HA,-105,13.1173143153435,Micro
CEBPB,HA,-97,14.2206930883749,Micro
CEBPB,HA,-92,16.5943755403318,Micro
CEBPB,HA,19,18.8812540930567,Micro
CEBPB,HA,39,14.5325764050913,Micro
CEBPB,HA,76,15.2106629748878,Micro
CEBPB,HA,79,13.3817071702604,Micro
CEBPB,HA,122,11.4504444100672,Micro
CEBPB,HA,140,12.1855510805854,Micro
CEBPB,HA,148,11.7720104773233,Micro
TEAD1,HA,-73,37.8030074952304,Micro
TEAD4,HA,-3,38.9222545651063,Micro
TEAD1,HA,69,40.5181976804531,Micro
TEAD4,HA,69,35.5853224812433,Micro
TEAD4,HA,-180,33.8166317127227,Micro
TEAD4,HA,-157,37.0741522852392,Micro
TEAD1,HA,4,32.0950111918737,Micro
TEAD4,HA,-195,32.8967396943988,Micro
TEAD1,HA,-196,34.6348141287547,Micro
TEAD4,HA,-100,38.6756901248389,Micro
TEAD1,HA,-69,36.7294825112916,Micro
TEAD4,HA,133,38.2064668886853,Micro
TEAD4,HA,154,38.7060137394809,Micro
TEAD1,HA,-130,37.0927527948645,Micro
TEAD1,HA,-65,35.8511184117452,Micro
TEAD4,HA,60,37.310549632398,Micro
TEAD1,HA,89,41.2549332944931,Micro
TEAD1,HA,179,41.184988164324,Micro
TEAD4,HA,188,38.1129854431488,Micro
TEAD1,HA,187,38.9401158685135,Micro
CEBPB,HA,-189,10.2509024736879,Micro
CEBPB,HA,-59,14.1231289532449,Micro
CEBPB,HA,-44,16.3008066607839,Micro
CEBPB,HA,-11,9.48184199110291,Micro
CEBPB,HA,-9,9.43171610108912,Micro
CEBPB,HA,47,15.36209607373,Micro
CEBPB,HA,50,13.6320520815266,Micro
CEBPB,HA,86,13.4679288165282,Micro
CEBPB,HA,90,15.9845723913572,Micro
CEBPB,HA,123,13.3199258482105,Micro
CEBPB,HA,128,11.438708779443,Micro
RELA,HA,-122,62.2218472572714,Micro
RELA,HA,-14,61.3327145041348,Micro
RELA,HA,-8,39.4980937361854,Micro
RELA,HA,146,59.9210504921437,Micro
TEAD1,HA,185,41.6159649359237,Micro
CEBPB,HA,-172,11.201314704084,Micro
TEAD1,HA,-119,38.7294572748835,Micro
TEAD1,HA,-184,36.7097207314978,Micro
NFKB1,HA,117,75.909156323747,Micro
TEAD4,HA,-8,24.1650747274686,Micro
TEAD1,HA,-124,38.253980264047,Micro
TEAD1,HA,-36,37.7321925254271,Micro
TEAD4,HA,185,38.8939048873334,Micro
CEBPB,HA,-123,11.4755121042715,Micro
CEBPB,HA,-61,14.0093813037305,Micro
CEBPB,HA,8,8.7522458978539,Micro
CEBPB,HA,82,13.4459947737814,Micro
TEAD4,HA,-165,34.9828224959093,Micro
TEAD1,HA,0,16.4355723648949,Micro
TEAD4,HA,-39,35.4564080064525,Micro
TEAD1,HA,1,50.8425696370691,Micro
TEAD4,HA,45,34.2922908913854,Micro
TEAD4,HA,72,36.9768847480081,Micro
TEAD4,HA,164,39.4516905766342,Micro
CEBPB,HA,5,10.1413444586496,Micro
RELA,HA,2,21.5432916629438,Micro
CEBPB,HA,-175,11.1132132095814,Micro
RELA,HA,-39,61.5980825728568,Micro
TEAD1,HA,-149,35.0663054903993,Micro
TEAD1,HA,-72,36.1327575638201,Micro
TEAD1,HA,-22,37.187579684308,Micro
TEAD1,HA,150,39.6925471012464,Micro
TEAD1,HA,-187,37.0481158905867,Micro
TEAD1,HA,-152,36.4211082472501,Micro
TEAD4,HA,132,38.0811871642193,Micro
TEAD1,HA,173,40.3544286161264,Micro
TEAD4,HA,191,37.5336342971159,Micro
RELA,HA,-106,57.9384799566911,Micro
NFKB1,HA,-3,35.0340350402231,Micro
TEAD1,HA,-199,36.1131679590085,Micro
TEAD4,HA,-158,33.9695962875783,Micro
TEAD4,HA,-154,34.5519640079796,Micro
TEAD1,HA,-155,36.8005743377754,Micro
TEAD1,HA,-154,36.4794736947705,Micro
TEAD4,HA,-137,37.0329718676809,Micro
TEAD4,HA,-96,37.6184304476328,Micro
TEAD4,HA,-65,36.5399153756137,Micro
TEAD1,HA,-66,36.6219555362169,Micro
TEAD4,HA,159,39.4682495869766,Micro
TEAD4,HA,162,38.8055410327901,Micro
TEAD1,HA,7,29.6586997808461,Micro
TEAD1,HA,-151,37.2908389068058,Micro
TEAD4,HA,33,39.2179722605751,Micro
TEAD1,HA,71,42.0328767672909,Micro
RELA,HA,56,63.8421908741588,Micro
TEAD1,HA,164,40.9630412936412,Micro
TEAD4,HA,-78,36.0801533865549,Micro
TEAD1,HA,-99,37.5400584984605,Micro
TEAD1,HA,-117,38.1620250371928,Micro
TEAD4,HA,-70,34.6741504427378,Micro
TEAD4,HA,-53,38.4571739316366,Micro
TEAD1,HA,-150,36.0224611899684,Micro
CEBPB,HA,7,38.9228216123463,Micro
CEBPB,HA,52,15.2522944150068,Micro
CEBPB,HA,188,11.35596601663,Micro
TEAD4,HA,-150,34.2792155644163,Micro
TEAD4,HA,119,38.5958873745304,Micro
CEBPB,HA,4,3.32875770113787,Micro
CEBPB,HA,49,13.8169382555356,Micro
TEAD1,HA,-105,39.4378907764548,Micro
TEAD4,HA,-22,38.503918209548,Micro
TEAD1,HA,-158,38.4088336253197,Micro
CEBPB,HA,-179,11.4068140302655,Micro
CEBPB,HA,33,15.2760906365639,Micro
CEBPB,HA,-178,12.1460888196229,Micro
CEBPB,HA,-49,14.8568017484272,Micro
CEBPB,HA,-47,13.5007567019957,Micro
CEBPB,HA,-33,16.3569914110638,Micro
CEBPB,HA,0,9.84827863226307,Micro
CEBPB,HA,-7,2.93670269789621,Micro
CEBPB,HA,29,15.4098966017297,Micro
CEBPB,HA,56,15.3340196024504,Micro
CEBPB,HA,88,12.8040132370782,Micro
CEBPB,HA,104,12.1278367686242,Micro
CEBPB,HA,127,11.9316410639108,Micro
CEBPB,HA,137,11.5614817738611,Micro
CEBPB,HA,145,11.4283396140785,Micro
TEAD4,HA,199,39.21661456784,Micro
CEBPB,HA,-156,12.5019772853943,Micro
TEAD4,HA,178,39.7081527920496,Micro
CEBPB,HA,32,17.1322181601048,Micro
CEBPB,HA,196,12.7547589805458,Micro
TEAD4,HA,10,34.6659041020163,Micro
CEBPB,HA,38,14.5695319217439,Micro
TEAD1,HA,-86,39.3251880729963,Micro
TEAD4,HA,61,37.3700324931662,Micro
STAT3,HA,-9,40.96935797151,Micro
CEBPB,HA,-160,12.3806349568984,Micro
CEBPB,HA,-122,12.6535460738468,Micro
CEBPB,HA,-56,15.1020581505623,Micro
CEBPB,HA,194,11.5914196436781,Micro
CEBPB,HA,-115,12.663457730328,Micro
CEBPB,HA,89,13.0969120905075,Micro
CEBPB,HA,151,12.4962044202751,Micro
TEAD1,HA,-92,36.1648331695737,Micro
CEBPB,HA,-155,11.5609116180926,Micro
CEBPB,HA,-79,14.873124168592,Micro
CEBPB,HA,36,14.5651928892919,Micro
CEBPB,HA,12,11.5431014394384,Micro
CEBPB,HA,31,17.2488025361771,Micro
CEBPB,HA,125,12.0399166893559,Micro
CEBPB,HA,138,12.7447240662176,Micro
TEAD4,HA,-42,37.3015549180757,Micro
TEAD4,HA,-1,12.9670125805484,Micro
TEAD4,HA,-182,35.3745702104387,Micro
CEBPB,HA,-194,11.913404924101,Micro
CEBPB,HA,-184,11.0553723167091,Micro
CEBPB,HA,-162,10.7467284616173,Micro
CEBPB,HA,-36,14.6504498106582,Micro
CEBPB,HA,-26,19.6091562282617,Micro
CEBPB,HA,42,14.7993452464211,Micro
CEBPB,HA,93,12.7423962354739,Micro
CEBPB,HA,94,14.7900546023609,Micro
CEBPB,HA,98,12.8755687253138,Micro
CEBPB,HA,149,12.6056735297341,Micro
TEAD4,HA,-169,35.4844689903836,Micro
TEAD4,HA,-2,29.4543798329339,Micro
TEAD4,HA,165,37.120157194826,Micro
TEAD1,HA,121,39.2723090315537,Micro
TEAD4,HA,-72,35.2992154284683,Micro
CEBPB,HA,-129,13.1765954740442,Micro
CEBPB,HA,14,10.6044733865328,Micro
CEBPB,HA,59,13.9914077675741,Micro
TEAD1,HA,200,39.3285922016239,Micro
CEBPB,HA,-183,10.5576138867915,Micro
CEBPB,HA,-10,14.8477664649485,Micro
CEBPB,HA,121,11.6225445141994,Micro
TEAD1,HA,-7,11.1687488875769,Micro
TEAD4,HA,-91,34.5020041082709,Micro
TEAD1,HA,120,40.4430406289906,Micro
CEBPB,HA,64,13.9380255766481,Micro
TEAD4,HA,-5,20.5011707831137,Micro
TEAD1,HA,-2,15.8092152094692,Micro
CEBPB,HA,71,15.5075143567117,Micro
CEBPB,HA,-195,13.0768412904892,Micro
CEBPB,HA,-158,11.8241670592988,Micro
CEBPB,HA,61,15.7741949431967,Micro
CEBPB,HA,141,13.4857442276849,Micro
CEBPB,HA,165,11.7294552975228,Micro
CEBPB,HA,198,11.8465199536103,Micro
CEBPB,HA,170,12.1271479283898,Micro
CEBPB,HA,-200,12.3579476362404,Micro
CEBPB,HA,-98,13.22125820979,Micro
CEBPB,HA,-93,12.3504149246641,Micro
CEBPB,HA,-126,12.0489450231617,Micro
CEBPB,HA,118,12.8908751847329,Micro
TEAD1,HA,60,38.9582308957722,Micro
CEBPB,HA,142,11.318397002737,Micro
CEBPB,HA,-186,11.6443048525123,Micro
CEBPB,HA,-132,12.1467407576846,Micro
STAT3,HA,2,25.6582157097915,Micro
CEBPB,HA,45,14.7124036179565,Micro
CEBPB,HA,-66,14.6805763420765,Micro
CEBPB,HA,-41,13.612850623869,Micro
CEBPB,HA,-12,8.61774895704505,Micro
CEBPB,HA,102,13.6039036647725,Micro
RELA,HA,-3,20.6508120502043,Micro
CEBPB,HA,-72,13.7843775942339,Micro
CEBPB,HA,146,13.0474114466363,Micro
CEBPB,HA,-76,13.6035716836556,Micro
TEAD1,HA,-5,15.3324169347367,Micro
CEBPB,HA,22,17.1154489555497,Micro
CEBPB,HA,-65,13.8098723399367,Micro
CEBPB,HA,172,10.1988123483526,Micro
CEBPB,HA,-182,10.9479862248634,Micro
CEBPB,HA,-42,13.2702369273115,Micro
CEBPB,HA,187,9.52272737005054,Micro
CEBPB,HA,167,11.5967559120317,Micro
CEBPB,HA,191,11.5783835655729,Micro
CEBPB,HA,81,13.1369303998755,Micro
CEBPB,HA,-176,10.3460768293448,Micro
CEBPB,HA,126,10.7921736782436,Micro
CEBPB,HA,132,12.5058516438289,Micro
CEBPB,HA,156,10.5739970400292,Micro
CEBPB,HA,-101,12.7080301719254,Micro
CEBPB,HA,108,13.0009148598045,Micro
CEBPB,HA,13,8.90177598874812,Micro
CEBPB,HA,-146,11.5774210988601,Micro
CEBPB,HA,-2,2.71083493861452,Micro
CEBPB,HA,-168,11.2221380485369,Micro
CEBPB,HA,-166,9.80815540492967,Micro
CEBPB,HA,-117,11.3311490946871,Micro
CEBPB,HA,147,11.9087178902398,Micro
CEBPB,HA,150,11.4172880186781,Micro
CEBPB,HA,-124,11.1772920419786,Micro
CEBPB,HA,1,2.71400472203109,Micro
CEBPB,HA,3,3.21947319957593,Micro
CEBPB,HA,-13,11.0951175356823,Micro
CEBPB,HA,6,2.70952509187743,Micro
CEBPB,HA,-4,2.17045177340697,Micro
CEBPB,YA,107,11.9731046715749,Endo
RELA,YA,18,66.8441250554545,Endo
NFKB1,YA,17,69.3748329277789,Endo
RELA,YA,121,67.2364505499006,Endo
NFKB1,YA,120,75.757043401925,Endo
NFKB1,YA,-82,76.0870640117069,Endo
NFKB1,YA,110,86.6491738725213,Endo
RELA,YA,-198,56.6899501643623,Endo
RELA,YA,-49,59.2311238861138,Endo
RELA,YA,160,54.0384189033363,Endo
IRF1,YA,-51,328.213372273124,Endo
TEAD1,YA,-105,43.4082184440836,Endo
TEAD4,YA,-105,41.2711867178171,Endo
IRF1,YA,-185,263.517073829565,Endo
RELA,YA,49,54.8178451914466,Endo
NFKB1,YA,49,68.8390642712933,Endo
RELA,YA,139,61.114728367133,Endo
NFKB1,YA,139,75.5246258525945,Endo
RELA,YA,195,55.7061968577514,Endo
NFKB1,YA,195,71.2819382500934,Endo
NFKB1,YA,-195,75.3563839368106,Endo
NFKB1,YA,-122,73.6608710755318,Endo
NFKB1,YA,4,123.462081534822,Endo
NFKB1,YA,160,75.0408720590612,Endo
RELA,YA,164,61.8575374295783,Endo
NFKB1,YA,164,86.7723018682575,Endo
IRF1,YA,-47,335.17535649171,Endo
IRF1,YA,-36,321.176368679085,Endo
IRF1,YA,-18,195.923781594524,Endo
IRF1,YA,-11,85.1600116261139,Endo
IRF1,YA,6,80.4227153787517,Endo
IRF1,YA,57,318.211453752338,Endo
IRF1,YA,79,296.824366751406,Endo
IRF1,YA,147,335.799751910376,Endo
IRF1,YA,167,292.346603552655,Endo
RELA,YA,173,64.000340382991,Endo
STAT3,YA,-118,74.8950546959329,Endo
RELA,YA,47,62.2841496714573,Endo
RELA,YA,104,61.1840411168369,Endo
STAT3,YA,142,71.648768776144,Endo
NFKB1,YA,5,149.714737447019,Endo
RELA,YA,4,76.0778919077675,Endo
NFKB1,YA,57,81.1823782006245,Endo
RELA,YA,56,62.5637107190583,Endo
STAT3,YA,4,24.4765699376852,Endo
STAT3,YA,33,91.2278696852188,Endo
STAT3,YA,43,88.0478460045369,Endo
STAT3,YA,53,93.5026998588638,Endo
STAT3,YA,-110,83.393961484119,Endo
STAT3,YA,-50,75.8770824284036,Endo
NFKB1,YA,94,75.1430349075149,Endo
CEBPB,YA,-164,9.16025276484656,Endo
CEBPB,YA,-126,11.475553634215,Endo
CEBPB,YA,-99,10.3083798182414,Endo
CEBPB,YA,-65,12.0070827976773,Endo
CEBPB,YA,-33,11.2302771035343,Endo
CEBPB,YA,109,11.2366103539807,Endo
NFKB1,YA,-152,77.2247202069992,Endo
NFKB1,YA,-198,71.5874800760055,Endo
NFKB1,YA,12,79.1373970002484,Endo
NFKB1,YA,-34,85.8230588675542,Endo
STAT3,YA,-93,71.9108653346879,Endo
RELA,YA,-196,54.9889822048632,Endo
NFKB1,YA,-197,70.7573772829152,Endo
STAT3,YA,-61,72.7090655205056,Endo
RELA,YA,-164,55.1432747841105,Endo
NFKB1,YA,-165,80.7176820830912,Endo
STAT3,YA,49,81.8102524716183,Endo
RELA,YA,-54,56.2490149830083,Endo
NFKB1,YA,-55,76.9443755047561,Endo
STAT3,YA,-137,72.056017969053,Endo
STAT3,YA,28,84.8825376028609,Endo
STAT3,YA,107,80.4307697466191,Endo
TEAD1,YA,53,37.4376307913497,Endo
TEAD4,YA,53,43.7080952641017,Endo
TEAD1,YA,72,39.8488923872459,Endo
TEAD4,YA,72,41.2055965187454,Endo
TEAD1,YA,118,42.6352299020929,Endo
TEAD4,YA,118,39.7901931183056,Endo
RELA,YA,76,54.4704181850544,Endo
IRF1,YA,-52,326.847735782936,Endo
IRF1,YA,82,309.024054193293,Endo
IRF1,YA,89,314.332639981031,Endo
IRF1,YA,171,294.170995785567,Endo
IRF1,YA,163,300.452566760734,Endo
IRF1,YA,152,324.800769884677,Endo
IRF1,YA,-181,247.426979319692,Endo
IRF1,YA,-169,247.26974408066,Endo
IRF1,YA,-84,271.468205679751,Endo
IRF1,YA,-39,337.415564392239,Endo
IRF1,YA,-34,339.009665948106,Endo
IRF1,YA,-41,341.42123302759,Endo
IRF1,YA,-45,355.573129904611,Endo
IRF1,YA,-46,349.715550890157,Endo
IRF1,YA,-43,350.494513452909,Endo
IRF1,YA,-44,357.936160755418,Endo
IRF1,YA,27,330.521673662695,Endo
IRF1,YA,23,314.583430236419,Endo
IRF1,YA,22,315.258175306783,Endo
IRF1,YA,21,313.650379016565,Endo
IRF1,YA,31,320.010060078758,Endo
IRF1,YA,26,325.619895928144,Endo
IRF1,YA,25,336.549044140245,Endo
TEAD1,YA,-94,45.4811579397896,Endo
TEAD1,YA,-64,43.9411192402167,Endo
TEAD1,YA,-27,36.095563305721,Endo
TEAD1,YA,-15,45.1960973698729,Endo
IRF1,YA,-152,279.294110855738,Endo
IRF1,YA,-78,296.262132300087,Endo
IRF1,YA,52,326.943456751524,Endo
IRF1,YA,103,318.726955155955,Endo
IRF1,YA,102,297.774001912523,Endo
NFKB1,YA,18,72.7176712283193,Endo
NFKB1,YA,59,71.3280846269763,Endo
NFKB1,YA,60,72.5905502316657,Endo
NFKB1,YA,134,76.3100156454005,Endo
RELA,YA,-100,50.0227286583311,Endo
RELA,YA,131,59.0245707177276,Endo
NFKB1,YA,-36,71.9732457884806,Endo
NFKB1,YA,102,70.2952067000896,Endo
NFKB1,YA,107,84.6216889908248,Endo
RELA,YA,15,64.688521957094,Endo
RELA,YA,57,58.9958825762117,Endo
RELA,YA,112,63.8607637623412,Endo
RELA,YA,149,60.1797642617302,Endo
RELA,YA,188,54.9239081564453,Endo
IRF1,YA,92,321.32687241808,Endo
IRF1,YA,108,327.70397015643,Endo
IRF1,YA,148,324.765758253287,Endo
IRF1,YA,181,299.259798971785,Endo
IRF1,YA,183,302.414872795236,Endo
IRF1,YA,105,320.585929509318,Endo
IRF1,YA,136,339.720752720123,Endo
TEAD4,YA,138,38.9253094645163,Endo
TEAD1,YA,137,37.3859809029149,Endo
IRF1,YA,178,291.315708574369,Endo
IRF1,YA,173,300.75328703676,Endo
NFKB1,YA,19,86.2029219571387,Endo
NFKB1,YA,64,89.8274882137763,Endo
NFKB1,YA,99,83.5379135176283,Endo
STAT3,YA,-153,67.0688696959908,Endo
STAT3,YA,-45,78.8731072073021,Endo
STAT3,YA,195,81.6142499124089,Endo
TEAD1,YA,158,37.6841433610535,Endo
STAT3,YA,-191,77.7372239360108,Endo
STAT3,YA,162,78.2861002905157,Endo
NFKB1,YA,104,78.3956241002413,Endo
NFKB1,YA,146,82.5416557154576,Endo
NFKB1,YA,186,79.6279024266157,Endo
STAT3,YA,-199,68.3738751555397,Endo
STAT3,YA,-131,74.8887865530846,Endo
STAT3,YA,-46,80.6358284991381,Endo
STAT3,YA,-16,82.1408533593329,Endo
STAT3,YA,120,80.3184851656958,Endo
STAT3,YA,147,83.5139385057729,Endo
STAT3,YA,154,79.9166469866106,Endo
STAT3,YA,182,78.8099990605898,Endo
CEBPB,YA,-139,10.6673471733279,Endo
CEBPB,YA,-88,9.85672502202364,Endo
CEBPB,YA,-55,9.0387798786041,Endo
CEBPB,YA,-30,12.201118376773,Endo
STAT3,YA,136,79.6421144793623,Endo
TEAD1,YA,133,33.923954649778,Endo
TEAD4,YA,133,37.9981724938006,Endo
STAT3,YA,21,87.9067117100436,Endo
STAT3,YA,92,85.0747517413111,Endo
IRF1,YA,-138,293.205338005745,Endo
TEAD1,YA,-33,40.1646093290513,Endo
TEAD4,YA,-33,42.3912504828508,Endo
TEAD1,YA,115,41.0336729218357,Endo
TEAD4,YA,115,41.5360485800472,Endo
NFKB1,YA,-200,75.2057590895023,Endo
NFKB1,YA,-175,68.1567628458939,Endo
NFKB1,YA,-161,70.8772170275816,Endo
NFKB1,YA,63,68.0850837873075,Endo
NFKB1,YA,152,82.4744070764508,Endo
NFKB1,YA,106,79.8806058958958,Endo
NFKB1,YA,-91,77.7376259864589,Endo
IRF1,YA,29,322.64673669903,Endo
IRF1,YA,14,190.052758536437,Endo
IRF1,YA,9,83.2346857239794,Endo
IRF1,YA,84,317.315324660959,Endo
IRF1,YA,69,308.95055654866,Endo
IRF1,YA,64,310.8738891608,Endo
IRF1,YA,158,303.805496326048,Endo
IRF1,YA,143,328.901132954237,Endo
IRF1,YA,138,346.2494557336,Endo
IRF1,YA,-173,255.094633378681,Endo
TEAD4,YA,-171,30.7833650520605,Endo
TEAD1,YA,-172,38.1442361211465,Endo
TEAD4,YA,-89,36.2090744423165,Endo
TEAD1,YA,-90,40.4390016203738,Endo
TEAD4,YA,-36,44.7353251359883,Endo
TEAD1,YA,-37,42.1432841940373,Endo
TEAD4,YA,22,41.0356512564087,Endo
TEAD1,YA,21,40.9309354054202,Endo
TEAD4,YA,43,44.0744844920713,Endo
TEAD1,YA,42,43.7780323582429,Endo
TEAD4,YA,79,39.9279814600884,Endo
TEAD1,YA,78,50.9232109833306,Endo
NFKB1,YA,58,79.5454993741849,Endo
NFKB1,YA,88,83.9878037906999,Endo
NFKB1,YA,87,76.245088459825,Endo
NFKB1,YA,188,76.7143705275588,Endo
NFKB1,YA,187,85.5595649966681,Endo
NFKB1,YA,174,74.9031075544852,Endo
NFKB1,YA,192,87.5537025273978,Endo
NFKB1,YA,-156,78.7379332918096,Endo
NFKB1,YA,-81,77.8929871737294,Endo
STAT3,YA,38,88.1554666359536,Endo
TEAD4,YA,-53,44.5973648758086,Endo
TEAD1,YA,-54,39.8639823862855,Endo
NFKB1,YA,30,80.4090244776125,Endo
STAT3,YA,-111,75.0726710933971,Endo
RELA,YA,170,61.700064876503,Endo
RELA,YA,69,61.4510716169255,Endo
NFKB1,YA,69,79.1851608964377,Endo
IRF1,YA,-85,274.703830828365,Endo
NFKB1,YA,129,71.8000180125494,Endo
NFKB1,YA,156,85.4407794593746,Endo
NFKB1,YA,-196,70.8630860953755,Endo
NFKB1,YA,-52,80.5239062781238,Endo
NFKB1,YA,2,28.4781931301029,Endo
TEAD4,YA,-35,36.0218315397508,Endo
TEAD1,YA,-36,42.1286106730222,Endo
NFKB1,YA,26,65.9091567131902,Endo
TEAD4,YA,-11,36.8106978292697,Endo
TEAD1,YA,-12,25.4922659715164,Endo
STAT3,YA,20,87.783282918565,Endo
STAT3,YA,81,79.9874968279227,Endo
NFKB1,YA,-70,66.008788614943,Endo
TEAD4,YA,18,41.8030968471958,Endo
TEAD1,YA,17,41.5763387634639,Endo
STAT3,YA,-186,66.2401693945242,Endo
STAT3,YA,40,89.9834818282507,Endo
STAT3,YA,-62,76.6573752584804,Endo
STAT3,YA,56,82.0932157023309,Endo
RELA,YA,-167,55.1503870534169,Endo
RELA,YA,-90,61.2060400591733,Endo
TEAD4,YA,197,40.1558982722442,Endo
TEAD4,YA,-189,35.0663948414328,Endo
TEAD1,YA,-190,35.5365613119034,Endo
TEAD4,YA,-106,42.6771102731011,Endo
TEAD1,YA,-107,37.9104605454021,Endo
NFKB1,YA,-39,86.3037852583001,Endo
NFKB1,YA,-170,79.6470867597129,Endo
NFKB1,YA,-104,74.3988925719922,Endo
NFKB1,YA,-50,77.4439919800113,Endo
NFKB1,YA,115,76.589821907541,Endo
TEAD1,YA,102,42.9207171931731,Endo
RELA,YA,-182,56.5330173330274,Endo
RELA,YA,115,53.2565723871669,Endo
RELA,YA,171,60.2342967403989,Endo
STAT3,YA,-12,78.9024560082441,Endo
STAT3,YA,70,85.0082596595957,Endo
NFKB1,YA,-153,65.199224958637,Endo
STAT3,YA,119,74.8303372825486,Endo
STAT3,YA,149,75.9484878344799,Endo
STAT3,YA,-95,80.1882522700825,Endo
RELA,YA,58,70.1366915734705,Endo
IRF1,YA,-54,309.265833277083,Endo
RELA,YA,-155,55.6855363027268,Endo
RELA,YA,-150,54.6640611002675,Endo
RELA,YA,12,81.6881260602409,Endo
RELA,YA,132,55.7057532737247,Endo
RELA,YA,162,49.9468824603334,Endo
RELA,YA,48,61.4187541688443,Endo
RELA,YA,107,55.7061707532102,Endo
RELA,YA,106,63.8479717726867,Endo
IRF1,YA,-16,190.583092806749,Endo
IRF1,YA,-17,202.110762317478,Endo
IRF1,YA,-19,207.229495395988,Endo
IRF1,YA,-20,232.074925133347,Endo
IRF1,YA,-21,248.448881693979,Endo
IRF1,YA,-22,284.143314916059,Endo
IRF1,YA,-23,307.528749873089,Endo
IRF1,YA,-24,327.680543990074,Endo
IRF1,YA,-26,329.745638951692,Endo
IRF1,YA,150,335.594655515083,Endo
IRF1,YA,149,319.219063202719,Endo
IRF1,YA,146,340.908902119979,Endo
IRF1,YA,145,323.651859973184,Endo
IRF1,YA,144,329.256297458343,Endo
IRF1,YA,142,331.549078085537,Endo
IRF1,YA,140,318.00258702421,Endo
IRF1,YA,87,306.747994481487,Endo
IRF1,YA,193,310.794000925099,Endo
TEAD1,YA,122,48.548561719798,Endo
TEAD1,YA,170,40.2296561098029,Endo
IRF1,YA,33,319.346482994568,Endo
IRF1,YA,139,339.593581554316,Endo
IRF1,YA,135,340.96805631824,Endo
IRF1,YA,-154,279.153840976224,Endo
IRF1,YA,200,304.177894259923,Endo
IRF1,YA,-71,297.029037353922,Endo
IRF1,YA,132,338.138269984682,Endo
TEAD1,YA,-39,42.7002857426807,Endo
TEAD1,YA,-116,39.8064922103876,Endo
TEAD4,YA,-116,34.2154024307993,Endo
RELA,YA,85,65.3444149970492,Endo
RELA,YA,40,62.8401906209808,Endo
NFKB1,YA,39,88.3116538602707,Endo
NFKB1,YA,103,72.6451666128289,Endo
IRF1,YA,-189,265.393622041121,Endo
IRF1,YA,-153,289.710457029162,Endo
IRF1,YA,-168,252.083757776614,Endo
IRF1,YA,-74,290.048681390834,Endo
IRF1,YA,-89,285.969971224678,Endo
IRF1,YA,-67,293.206526662472,Endo
IRF1,YA,-82,276.512138693938,Endo
IRF1,YA,37,312.421668309092,Endo
RELA,YA,-115,57.0973672691533,Endo
RELA,YA,-144,55.7380768969336,Endo
NFKB1,YA,-144,73.8467608778117,Endo
RELA,YA,-47,58.8536371568124,Endo
RELA,YA,-76,60.5947613034613,Endo
NFKB1,YA,-76,73.7134339762081,Endo
RELA,YA,135,56.2319574586437,Endo
NFKB1,YA,135,75.9292317585594,Endo
RELA,YA,-29,60.9879462076976,Endo
RELA,YA,88,61.4029015217165,Endo
RELA,YA,89,57.5038104245022,Endo
RELA,YA,110,64.2472568400109,Endo
STAT3,YA,-48,83.6525905887658,Endo
STAT3,YA,116,74.9565391330765,Endo
CEBPB,YA,29,10.4939583434385,Endo
TEAD4,YA,-177,36.5077262847813,Endo
TEAD1,YA,-178,32.6613092935285,Endo
STAT3,YA,-65,88.8655902301597,Endo
IRF1,YA,-198,278.981699477929,Endo
IRF1,YA,-200,272.838638607843,Endo
STAT3,YA,166,83.1928463644296,Endo
RELA,YA,-34,57.5228191981682,Endo
RELA,YA,33,62.7339664012207,Endo
TEAD4,YA,127,41.6112794365382,Endo
TEAD1,YA,126,45.000265409949,Endo
TEAD4,YA,191,42.2049680885384,Endo
TEAD1,YA,190,45.6765632601458,Endo
CEBPB,YA,20,15.678950674944,Endo
NFKB1,YA,14,90.5337704743251,Endo
NFKB1,YA,178,72.9316016085669,Endo
IRF1,YA,13,154.524008360023,Endo
CEBPB,YA,-191,8.67966620540305,Endo
IRF1,YA,111,322.762563082944,Endo
CEBPB,YA,-93,13.2204389077417,Endo
IRF1,YA,-107,285.623275232248,Endo
RELA,YA,-149,53.9754936979394,Endo
STAT3,YA,-155,84.090532970401,Endo
RELA,YA,-92,61.7311360944274,Endo
RELA,YA,-93,55.823324615423,Endo
STAT3,YA,-98,79.9927288110009,Endo
TEAD1,YA,-4,96.3205378612355,Endo
TEAD4,YA,-4,70.0822819538376,Endo
TEAD1,YA,47,40.2279710325773,Endo
TEAD4,YA,47,41.7783414344187,Endo
IRF1,YA,17,222.133950664447,Endo
STAT3,YA,-122,74.6550207054983,Endo
IRF1,YA,-119,288.917091875382,Endo
IRF1,YA,-60,298.877867016981,Endo
NFKB1,YA,-3,38.4731899693682,Endo
IRF1,YA,-97,282.122445819292,Endo
NFKB1,YA,72,80.3393123352054,Endo
STAT3,YA,191,76.1799110324818,Endo
IRF1,YA,78,315.647164897,Endo
TEAD1,YA,-25,42.1244105656454,Endo
TEAD4,YA,-25,37.9227484056071,Endo
IRF1,YA,177,292.12355815527,Endo
TEAD1,YA,74,44.6231057244048,Endo
TEAD4,YA,74,42.9777435946608,Endo
STAT3,YA,-172,71.9731949550659,Endo
CEBPB,YA,21,10.9836339352796,Endo
CEBPB,YA,62,9.71017696356165,Endo
IRF1,YA,119,334.458780105649,Endo
STAT3,YA,39,83.5620312375938,Endo
IRF1,YA,-176,256.384624700476,Endo
NFKB1,YA,-135,74.1259033199641,Endo
RELA,YA,-60,61.2817654000911,Endo
RELA,YA,-22,55.9062344265564,Endo
IRF1,YA,16,205.47844561423,Endo
IRF1,YA,12,134.801997035122,Endo
IRF1,YA,71,299.611194075551,Endo
IRF1,YA,67,315.833328368593,Endo
IRF1,YA,61,327.834322644536,Endo
IRF1,YA,134,341.042406676895,Endo
IRF1,YA,38,352.601757472737,Endo
TEAD4,YA,-147,35.5220446199923,Endo
TEAD1,YA,-148,37.4598346446862,Endo
IRF1,YA,-178,261.44558360595,Endo
TEAD4,YA,-64,40.8906274369366,Endo
TEAD1,YA,-65,45.1703491500201,Endo
IRF1,YA,-95,272.947054469907,Endo
IRF1,YA,106,309.215822848894,Endo
IRF1,YA,155,310.810654839677,Endo
IRF1,YA,-180,258.359429764318,Endo
IRF1,YA,-122,293.400709940914,Endo
IRF1,YA,-124,291.109472094985,Endo
IRF1,YA,-28,327.365443607145,Endo
RELA,YA,-146,57.7063110525594,Endo
STAT3,YA,-151,79.9809565808665,Endo
IRF1,YA,-80,282.55946625228,Endo
IRF1,YA,3,32.8904324907561,Endo
NFKB1,YA,-147,83.268497068946,Endo
NFKB1,YA,33,79.9709352446457,Endo
IRF1,YA,-174,259.9806048322,Endo
IRF1,YA,-179,261.019862629122,Endo
IRF1,YA,-182,260.049930411982,Endo
IRF1,YA,-183,267.151157838981,Endo
IRF1,YA,-184,269.300246318756,Endo
IRF1,YA,-186,253.67872174817,Endo
IRF1,YA,-187,259.30913061722,Endo
IRF1,YA,-188,266.042947206151,Endo
IRF1,YA,-190,260.007813641832,Endo
IRF1,YA,-191,265.307087426991,Endo
IRF1,YA,-192,264.354680847371,Endo
IRF1,YA,-193,272.461259205561,Endo
IRF1,YA,-136,301.689604115249,Endo
IRF1,YA,-141,282.64967582195,Endo
IRF1,YA,-142,295.775226927121,Endo
IRF1,YA,-143,290.377314312283,Endo
IRF1,YA,-144,301.007443625587,Endo
IRF1,YA,-145,285.173534614915,Endo
IRF1,YA,-146,284.412726286101,Endo
IRF1,YA,-147,284.025298506189,Endo
IRF1,YA,-148,291.9449607215,Endo
IRF1,YA,-149,297.016873352639,Endo
IRF1,YA,-150,291.160707863283,Endo
IRF1,YA,-151,283.212639352568,Endo
IRF1,YA,-155,283.607589115255,Endo
IRF1,YA,-90,285.312623913097,Endo
IRF1,YA,-91,280.939548625385,Endo
IRF1,YA,-92,286.825001041071,Endo
IRF1,YA,-93,289.460969218696,Endo
IRF1,YA,-94,300.83612852592,Endo
IRF1,YA,-96,280.930326045756,Endo
IRF1,YA,-98,279.384874157851,Endo
IRF1,YA,-99,283.631357245331,Endo
IRF1,YA,-100,276.781409083748,Endo
IRF1,YA,-101,274.06736342307,Endo
IRF1,YA,-102,288.714614874987,Endo
IRF1,YA,-103,279.958317991306,Endo
IRF1,YA,73,296.155021635793,Endo
IRF1,YA,72,292.094004220522,Endo
IRF1,YA,70,306.845206394927,Endo
IRF1,YA,68,306.88260595234,Endo
IRF1,YA,66,303.004310834737,Endo
IRF1,YA,65,303.167176424259,Endo
IRF1,YA,63,317.347984785939,Endo
IRF1,YA,62,313.2793030306,Endo
IRF1,YA,60,319.872330087244,Endo
IRF1,YA,59,309.83114105508,Endo
IRF1,YA,114,332.941979655711,Endo
IRF1,YA,109,309.365764995255,Endo
IRF1,YA,107,304.180962095506,Endo
IRF1,YA,104,312.75111910989,Endo
IRF1,YA,101,306.002200025105,Endo
IRF1,YA,100,307.539140855442,Endo
IRF1,YA,99,312.650893634508,Endo
IRF1,YA,98,303.489548911595,Endo
IRF1,YA,97,302.633136490729,Endo
IRF1,YA,96,321.939881827632,Endo
IRF1,YA,95,302.164316483569,Endo
RELA,YA,143,52.4080850805104,Endo
NFKB1,YA,143,76.5580139787402,Endo
IRF1,YA,-161,262.951776984521,Endo
RELA,YA,79,60.1414023656583,Endo
RELA,YA,78,58.8623572252089,Endo
STAT3,YA,73,82.2262804958188,Endo
NFKB1,YA,45,80.1158493990785,Endo
RELA,YA,105,61.2899064028371,Endo
STAT3,YA,99,79.7407704314903,Endo
NFKB1,YA,71,70.9340197108224,Endo
IRF1,YA,185,300.057441337536,Endo
IRF1,YA,179,300.319581038355,Endo
STAT3,YA,-85,72.5951937513518,Endo
STAT3,YA,-19,93.1872635995244,Endo
IRF1,YA,192,320.4995526023,Endo
IRF1,YA,191,313.103514784187,Endo
IRF1,YA,190,306.610287620209,Endo
IRF1,YA,189,310.741008569466,Endo
IRF1,YA,188,318.460968929741,Endo
IRF1,YA,187,297.892844927254,Endo
IRF1,YA,186,315.584914561463,Endo
IRF1,YA,184,291.519398819152,Endo
STAT3,YA,-134,75.6652357308781,Endo
TEAD1,YA,-22,38.9283369297574,Endo
TEAD4,YA,-22,46.6304446069234,Endo
TEAD1,YA,160,40.876403578584,Endo
TEAD4,YA,160,37.2255978036106,Endo
STAT3,YA,-100,82.2843900132523,Endo
NFKB1,YA,148,89.1611700452739,Endo
STAT3,YA,-144,76.3276927186899,Endo
STAT3,YA,-176,68.9903381542033,Endo
STAT3,YA,-171,67.5148256087314,Endo
RELA,YA,-197,51.3821341471793,Endo
IRF1,YA,165,309.182155289256,Endo
IRF1,YA,161,312.897326717656,Endo
STAT3,YA,-83,79.9319429421129,Endo
STAT3,YA,29,82.4062926126454,Endo
STAT3,YA,30,80.4580705836283,Endo
RELA,YA,-200,54.7627513292466,Endo
RELA,YA,-133,52.3376399632993,Endo
STAT3,YA,196,73.026670545208,Endo
RELA,YA,53,68.2150586168698,Endo
RELA,YA,114,53.4400026924764,Endo
RELA,YA,-35,63.8717351870832,Endo
RELA,YA,54,69.7419377284769,Endo
RELA,YA,126,61.2443932415314,Endo
RELA,YA,159,62.5874764821213,Endo
IRF1,YA,162,293.899547424673,Endo
IRF1,YA,160,312.594991886994,Endo
IRF1,YA,156,314.028417902679,Endo
IRF1,YA,-72,284.686752189257,Endo
STAT3,YA,16,83.5239024024521,Endo
IRF1,YA,115,320.823850272398,Endo
NFKB1,YA,-21,83.2218280820072,Endo
TEAD4,YA,-67,39.3897011530565,Endo
IRF1,YA,80,310.087117572182,Endo
STAT3,YA,-182,72.0584994254022,Endo
STAT3,YA,-174,76.7117110388655,Endo
STAT3,YA,-26,90.2906145341973,Endo
STAT3,YA,71,87.0849459864404,Endo
STAT3,YA,165,78.3556564847267,Endo
RELA,YA,-1,24.7896995476054,Endo
IRF1,YA,-135,293.796177882747,Endo
IRF1,YA,39,341.609950277775,Endo
IRF1,YA,-57,302.974889220956,Endo
RELA,YA,-131,54.7436860892474,Endo
RELA,YA,-27,65.8171110167367,Endo
IRF1,YA,-123,287.187697633643,Endo
STAT3,YA,121,86.0785909932429,Endo
STAT3,YA,160,79.1818046554425,Endo
IRF1,YA,28,323.569004872626,Endo
RELA,YA,5,77.7589492065567,Endo
NFKB1,YA,147,75.4937259532303,Endo
IRF1,YA,-87,279.253236366784,Endo
NFKB1,YA,177,88.2544565798426,Endo
IRF1,YA,-59,287.949084756775,Endo
IRF1,YA,166,303.269199297887,Endo
IRF1,YA,164,305.725955885651,Endo
RELA,YA,59,63.326453118211,Endo
RELA,YA,174,63.7650367324229,Endo
IRF1,YA,-32,324.910162373507,Endo
IRF1,YA,-38,331.427847222793,Endo
TEAD4,YA,57,46.7111341434334,Endo
RELA,YA,-170,53.742181661067,Endo
RELA,YA,28,61.0132819108467,Endo
TEAD1,YA,-120,33.4999334643047,Endo
TEAD1,YA,-29,44.8213686402793,Endo
TEAD4,YA,-29,43.5524713576467,Endo
TEAD1,YA,24,41.1169504602017,Endo
TEAD4,YA,24,39.4223954747351,Endo
TEAD1,YA,193,39.6299718104136,Endo
STAT3,YA,-82,80.2116703905724,Endo
NFKB1,YA,-43,81.3593927982336,Endo
RELA,YA,-140,64.801848428318,Endo
NFKB1,YA,-12,113.648308346205,Endo
RELA,YA,-109,54.3634648153617,Endo
NFKB1,YA,-2,63.8049102295153,Endo
RELA,YA,-99,60.4443086396967,Endo
RELA,YA,-48,63.302838089548,Endo
TEAD4,YA,-158,38.9659059063794,Endo
TEAD1,YA,-159,36.9513632871443,Endo
TEAD4,YA,-122,38.0959310418023,Endo
TEAD1,YA,-123,41.0707573284572,Endo
TEAD4,YA,-121,39.6839095716408,Endo
TEAD1,YA,-122,34.0842572120584,Endo
TEAD4,YA,-76,37.8865628789835,Endo
TEAD1,YA,-77,40.9299409094199,Endo
TEAD4,YA,-13,43.725425523912,Endo
TEAD1,YA,-14,41.6073561696041,Endo
TEAD4,YA,77,38.8602318676618,Endo
TEAD1,YA,76,39.6324654970111,Endo
TEAD4,YA,100,47.3462555426497,Endo
TEAD1,YA,99,48.4123199465498,Endo
IRF1,YA,129,319.548407295771,Endo
STAT3,YA,94,89.655577721084,Endo
IRF1,YA,180,323.042818586544,Endo
STAT3,YA,122,88.0879008582296,Endo
STAT3,YA,199,83.7618408880347,Endo
STAT3,YA,84,83.1214718962801,Endo
IRF1,YA,130,339.330421419935,Endo
IRF1,YA,126,324.885152561475,Endo
TEAD1,YA,-79,39.6638513000837,Endo
IRF1,YA,159,305.01683721771,Endo
TEAD1,YA,-50,41.6689899557715,Endo
IRF1,YA,-127,295.821268317161,Endo
RELA,YA,-160,57.7983100948982,Endo
CEBPB,YA,-166,10.8967368989505,Endo
CEBPB,YA,-112,14.71333692461,Endo
IRF1,YA,-25,320.990720849477,Endo
STAT3,YA,-56,79.2081479558826,Endo
STAT3,YA,-187,82.0040221136989,Endo
STAT3,YA,14,69.8196337649504,Endo
STAT3,YA,-117,74.9930475830636,Endo
IRF1,YA,34,326.687403789665,Endo
STAT3,YA,27,86.1463460177381,Endo
TEAD4,YA,-23,44.2095614054715,Endo
NFKB1,YA,-107,83.2156106094261,Endo
RELA,YA,-108,58.4697444284965,Endo
NFKB1,YA,85,82.8317512762337,Endo
RELA,YA,84,62.1914035990434,Endo
IRF1,YA,-104,278.430970963671,Endo
IRF1,YA,-108,282.720029499855,Endo
IRF1,YA,151,326.063696303474,Endo
IRF1,YA,141,323.239564451323,Endo
TEAD1,YA,67,42.4617531291186,Endo
STAT3,YA,184,77.515692720446,Endo
TEAD1,YA,181,39.484420025507,Endo
STAT3,YA,-177,71.5145069000387,Endo
STAT3,YA,-68,77.8677169444801,Endo
TEAD1,YA,-127,38.8442301623616,Endo
TEAD4,YA,-127,34.3253043782323,Endo
STAT3,YA,178,83.1098912245153,Endo
NFKB1,YA,54,99.8972718789118,Endo
IRF1,YA,-140,287.198265446112,Endo
NFKB1,YA,171,80.3033279931037,Endo
IRF1,YA,-27,318.712825524327,Endo
IRF1,YA,-30,331.684772970032,Endo
IRF1,YA,-128,298.686972030928,Endo
NFKB1,YA,-154,81.6109366502914,Endo
IRF1,YA,41,350.549102080978,Endo
TEAD4,YA,-123,39.0921912762529,Endo
TEAD1,YA,-124,42.671646621649,Endo
TEAD4,YA,91,38.5586333793264,Endo
TEAD1,YA,90,42.793795822538,Endo
IRF1,YA,35,336.889767647071,Endo
IRF1,YA,74,309.730728924512,Endo
TEAD1,YA,-117,38.754261451183,Endo
STAT3,YA,-120,80.8439555253649,Endo
IRF1,YA,175,303.380178261711,Endo
IRF1,YA,174,306.573889480764,Endo
IRF1,YA,169,294.192757809915,Endo
IRF1,YA,168,302.414235717583,Endo
TEAD1,YA,-16,42.2334572544106,Endo
IRF1,YA,176,305.990293489247,Endo
IRF1,YA,170,302.878391433129,Endo
STAT3,YA,-17,92.8920207942743,Endo
TEAD1,YA,50,40.7499810293919,Endo
STAT3,YA,47,82.2387378828815,Endo
TEAD1,YA,110,39.6565102737589,Endo
TEAD1,YA,163,40.5632951006667,Endo
STAT3,YA,-101,78.1965041716481,Endo
RELA,YA,38,63.1812631523843,Endo
IRF1,YA,-159,279.123575365394,Endo
IRF1,YA,-86,274.083226298521,Endo
IRF1,YA,153,324.449891298033,Endo
STAT3,YA,-10,101.66957098245,Endo
IRF1,YA,18,228.433093455354,Endo
IRF1,YA,-77,295.908107212479,Endo
IRF1,YA,46,336.40316952013,Endo
IRF1,YA,133,337.986804238034,Endo
IRF1,YA,48,330.168881114465,Endo
STAT3,YA,192,67.8551899768319,Endo
STAT3,YA,-33,77.5748666691823,Endo
STAT3,YA,156,75.704782918812,Endo
TEAD4,YA,15,35.6328956627837,Endo
TEAD1,YA,14,41.3910439587506,Endo
TEAD4,YA,58,38.6846801176,Endo
TEAD1,YA,57,45.1230007349408,Endo
NFKB1,YA,-89,74.240531066696,Endo
NFKB1,YA,-38,65.4976626081712,Endo
TEAD1,YA,-121,45.0941556630009,Endo
RELA,YA,-71,61.8674743415675,Endo
TEAD4,YA,11,37.7500308645042,Endo
TEAD1,YA,10,27.6631619832504,Endo
IRF1,YA,91,305.555700199721,Endo
IRF1,YA,90,319.020991099393,Endo
NFKB1,YA,-11,78.5128722651843,Endo
NFKB1,YA,145,78.7556722885166,Endo
TEAD1,YA,28,38.6138071969162,Endo
TEAD4,YA,28,41.697280666387,Endo
TEAD1,YA,144,41.57283322081,Endo
TEAD4,YA,144,39.8565712909797,Endo
RELA,YA,180,58.9254336411656,Endo
TEAD4,YA,-50,34.584394611643,Endo
TEAD4,YA,-63,41.2031181266943,Endo
TEAD4,YA,9,26.7200204475136,Endo
NFKB1,YA,53,84.9307611165646,Endo
NFKB1,YA,-83,76.7492633279787,Endo
NFKB1,YA,-41,76.5590676077356,Endo
NFKB1,YA,157,78.715222215922,Endo
NFKB1,YA,-120,65.9898760664889,Endo
RELA,YA,-39,58.8567406958217,Endo
NFKB1,YA,44,70.0331693827219,Endo
IRF1,YA,-166,268.233017268546,Endo
IRF1,YA,-133,299.067760595582,Endo
NFKB1,YA,-71,73.9392966400699,Endo
NFKB1,YA,105,72.2105407340024,Endo
NFKB1,YA,194,82.4452070830358,Endo
STAT3,YA,-113,78.8775757808403,Endo
STAT3,YA,-78,84.3725720638052,Endo
IRF1,YA,-63,302.944543010796,Endo
RELA,YA,-56,63.6949420327148,Endo
IRF1,YA,55,319.211345290182,Endo
IRF1,YA,54,348.112680575116,Endo
IRF1,YA,49,326.504435811614,Endo
IRF1,YA,47,330.883203516971,Endo
IRF1,YA,43,347.004048563991,Endo
IRF1,YA,36,335.202940168379,Endo
NFKB1,YA,137,83.075461699477,Endo
NFKB1,YA,-73,69.360572217203,Endo
IRF1,YA,-62,298.531251434404,Endo
IRF1,YA,94,313.51327200363,Endo
IRF1,YA,93,321.594849019348,Endo
IRF1,YA,88,306.924377457859,Endo
IRF1,YA,137,315.210706559983,Endo
IRF1,YA,131,354.545321933368,Endo
NFKB1,YA,-145,73.9631993823726,Endo
RELA,YA,-106,52.9489437265556,Endo
RELA,YA,-101,62.8108702640083,Endo
NFKB1,YA,-102,93.9137938761167,Endo
RELA,YA,68,63.8347663595746,Endo
NFKB1,YA,67,68.3760533798994,Endo
RELA,YA,73,59.90405384975,Endo
TEAD4,YA,-166,30.8697287870483,Endo
TEAD1,YA,-167,37.9412017200104,Endo
IRF1,YA,11,109.56072031823,Endo
TEAD4,YA,-111,39.7470856251562,Endo
TEAD1,YA,-112,42.8482343934574,Endo
RELA,YA,165,59.5088816407103,Endo
STAT3,YA,-23,76.4286491531336,Endo
TEAD4,YA,-172,35.8053382087666,Endo
TEAD1,YA,-173,33.4258080232364,Endo
STAT3,YA,17,90.9896976443284,Endo
TEAD4,YA,-132,31.020646981925,Endo
TEAD1,YA,-133,40.843916466858,Endo
NFKB1,YA,-125,79.8983555402086,Endo
NFKB1,YA,-37,80.9283296920581,Endo
IRF1,YA,-175,253.879968581156,Endo
IRF1,YA,-105,286.266560305753,Endo
IRF1,YA,-109,297.744760611973,Endo
NFKB1,YA,98,74.0778131344613,Endo
IRF1,YA,-53,313.158364727567,Endo
IRF1,YA,-55,315.444119988406,Endo
IRF1,YA,-56,315.894918731976,Endo
IRF1,YA,-58,302.646541302951,Endo
IRF1,YA,-61,304.626222174469,Endo
IRF1,YA,-65,298.055960328713,Endo
NFKB1,YA,-143,74.447693150569,Endo
NFKB1,YA,-68,69.6232064706485,Endo
NFKB1,YA,-32,80.6593469800195,Endo
NFKB1,YA,-14,83.8244802445276,Endo
NFKB1,YA,121,66.8813970921755,Endo
STAT3,YA,114,87.6912507788512,Endo
CEBPB,YA,28,15.304222248877,Endo
IRF1,YA,-171,244.056574911447,Endo
CEBPB,YA,50,11.5592250703291,Endo
IRF1,YA,-156,263.043688613703,Endo
IRF1,YA,-157,280.931203800143,Endo
IRF1,YA,-162,268.711316696467,Endo
IRF1,YA,196,315.781614389619,Endo
STAT3,YA,173,85.2285403596106,Endo
TEAD1,YA,-19,40.5507680275904,Endo
TEAD4,YA,-19,38.6773017438286,Endo
TEAD1,YA,136,41.5141889623792,Endo
TEAD4,YA,136,39.2143462824423,Endo
IRF1,YA,-120,299.978800337151,Endo
RELA,YA,19,66.4695798453301,Endo
RELA,YA,17,59.5628230424141,Endo
NFKB1,YA,136,83.4955989478083,Endo
RELA,YA,-128,55.1705357123227,Endo
NFKB1,YA,-129,79.6710274961332,Endo
NFKB1,YA,111,87.3938460872578,Endo
RELA,YA,151,57.1381415840538,Endo
NFKB1,YA,150,87.1742654527814,Endo
STAT3,YA,44,79.3209264318003,Endo
STAT3,YA,159,86.2738165196632,Endo
NFKB1,YA,-137,80.115674565955,Endo
NFKB1,YA,-72,86.9731722993017,Endo
IRF1,YA,30,334.744882745555,Endo
STAT3,YA,-183,78.1925054554347,Endo
STAT3,YA,-21,87.9955391060453,Endo
STAT3,YA,46,91.1244235528956,Endo
IRF1,YA,-132,296.417568504786,Endo
CEBPB,YA,-169,8.46142596374039,Endo
CEBPB,YA,-7,4.84915489176668,Endo
IRF1,YA,-64,316.537198576385,Endo
IRF1,YA,-66,286.267629345419,Endo
IRF1,YA,-68,291.706955342281,Endo
IRF1,YA,-69,288.303981721545,Endo
NFKB1,YA,-199,77.8019957458249,Endo
TEAD1,YA,-160,34.6195065612281,Endo
TEAD4,YA,-160,34.7721565448763,Endo
TEAD4,YA,-124,45.2630147014557,Endo
RELA,YA,120,61.8133389976135,Endo
RELA,YA,142,58.6665222401157,Endo
RELA,YA,-98,51.8960628527133,Endo
RELA,YA,30,63.7567796191389,Endo
RELA,YA,31,65.9653113640922,Endo
IRF1,YA,112,309.57214652431,Endo
TEAD1,YA,-134,39.0665123747931,Endo
TEAD4,YA,-134,40.9455380220245,Endo
IRF1,YA,157,305.327168536592,Endo
TEAD1,YA,-89,40.0308750239306,Endo
CEBPB,YA,-142,6.77297415058652,Endo
CEBPB,YA,-90,6.43535316086275,Endo
CEBPB,YA,81,10.549438255371,Endo
CEBPB,YA,110,8.91807831032685,Endo
STAT3,YA,-158,74.7233576451345,Endo
TEAD4,YA,-44,44.0905101454154,Endo
STAT3,YA,48,87.3868570223713,Endo
RELA,YA,-189,53.44601559077,Endo
NFKB1,YA,-189,73.0054267182832,Endo
RELA,YA,-174,50.4325750989762,Endo
NFKB1,YA,-174,73.8970503579153,Endo
RELA,YA,-94,61.1847353638555,Endo
NFKB1,YA,-94,76.2651685394285,Endo
RELA,YA,-65,60.4595642773276,Endo
NFKB1,YA,-65,67.9014531720951,Endo
RELA,YA,-38,61.6349258782101,Endo
STAT3,YA,18,85.8121333331251,Endo
NFKB1,YA,78,74.6835206429423,Endo
NFKB1,YA,-106,50.9299479383279,Endo
NFKB1,YA,76,71.6326774529106,Endo
STAT3,YA,-123,85.3943448842858,Endo
STAT3,YA,137,84.3016337118141,Endo
IRF1,YA,-110,281.308306340137,Endo
IRF1,YA,-116,284.621138664459,Endo
NFKB1,YA,-158,70.7372588090428,Endo
NFKB1,YA,-46,68.9031492509784,Endo
IRF1,YA,-49,342.583834269364,Endo
NFKB1,YA,-112,74.8279506421663,Endo
NFKB1,YA,-99,64.5335922885511,Endo
NFKB1,YA,-54,84.3717209867141,Endo
NFKB1,YA,-8,103.872484981892,Endo
NFKB1,YA,-7,181.908924406063,Endo
NFKB1,YA,9,69.5952257878094,Endo
NFKB1,YA,28,67.1445152638157,Endo
NFKB1,YA,47,73.2213580640461,Endo
STAT3,YA,83,78.6340491285858,Endo
STAT3,YA,11,57.4017077622774,Endo
STAT3,YA,-103,73.4661172903978,Endo
TEAD1,YA,-106,44.5894336056149,Endo
STAT3,YA,-97,84.1839887836361,Endo
TEAD1,YA,-100,42.1525248776637,Endo
TEAD4,YA,-100,37.110895143561,Endo
STAT3,YA,80,84.2932730034134,Endo
STAT3,YA,-34,82.121643670857,Endo
TEAD4,YA,-37,36.5245060637086,Endo
STAT3,YA,98,80.6710163980702,Endo
IRF1,YA,-117,299.163660746679,Endo
IRF1,YA,-121,308.047816912162,Endo
IRF1,YA,-125,298.366950543678,Endo
IRF1,YA,-113,293.055893689502,Endo
IRF1,YA,-50,330.873677876147,Endo
STAT3,YA,103,82.5298933342172,Endo
IRF1,YA,-40,347.5467486543,Endo
IRF1,YA,51,319.791196620889,Endo
IRF1,YA,125,345.448702176549,Endo
NFKB1,YA,114,79.1203689480949,Endo
NFKB1,YA,-67,80.6241849502495,Endo
NFKB1,YA,15,71.4933581199629,Endo
RELA,YA,-116,58.0214585384788,Endo
NFKB1,YA,-117,70.3376436524565,Endo
RELA,YA,-28,62.6878633601003,Endo
NFKB1,YA,-29,70.7623684626043,Endo
RELA,YA,-11,61.1126595631103,Endo
RELA,YA,181,64.2182632355975,Endo
NFKB1,YA,180,71.3601294518079,Endo
IRF1,YA,-115,284.717315887499,Endo
IRF1,YA,83,304.334232733263,Endo
IRF1,YA,5,49.8781400807436,Endo
IRF1,YA,197,310.760851155226,Endo
IRF1,YA,127,324.854030551975,Endo
NFKB1,YA,-133,75.6249715381649,Endo
NFKB1,YA,-17,80.5675867071982,Endo
RELA,YA,-83,63.9581514068508,Endo
TEAD1,YA,62,37.9068239163358,Endo
RELA,YA,-31,64.7924694275487,Endo
IRF1,YA,117,338.93158898147,Endo
CEBPB,YA,-134,12.0549627232574,Endo
CEBPB,YA,111,12.4040803664965,Endo
TEAD1,YA,-72,35.5897110051859,Endo
STAT3,YA,-138,70.7992692786204,Endo
STAT3,YA,-59,82.6801022633819,Endo
TEAD4,YA,-161,36.6810038547042,Endo
TEAD1,YA,-162,35.8022432824957,Endo
TEAD1,YA,73,48.9182888171899,Endo
TEAD4,YA,125,37.960304653713,Endo
TEAD1,YA,124,41.5267418099309,Endo
TEAD4,YA,154,38.0416837422002,Endo
TEAD1,YA,153,39.2888458400487,Endo
TEAD4,YA,50,38.430303894831,Endo
IRF1,YA,-114,279.088229759449,Endo
STAT3,YA,108,77.3713912297698,Endo
STAT3,YA,172,89.7520136207916,Endo
NFKB1,YA,-180,72.2789191898117,Endo
NFKB1,YA,61,84.5147056138711,Endo
NFKB1,YA,92,84.6501732771462,Endo
STAT3,YA,-32,81.0623715562821,Endo
IRF1,YA,-48,355.599635816331,Endo
IRF1,YA,24,324.100773968721,Endo
IRF1,YA,20,274.342309359229,Endo
IRF1,YA,19,273.919071426397,Endo
IRF1,YA,124,338.105905024872,Endo
IRF1,YA,121,315.433277922328,Endo
IRF1,YA,120,323.882656432678,Endo
IRF1,YA,118,324.489771852685,Endo
IRF1,YA,116,329.895156327573,Endo
IRF1,YA,113,313.74662893788,Endo
IRF1,YA,123,330.178420892562,Endo
IRF1,YA,122,326.593353067966,Endo
TEAD4,YA,48,40.369439651653,Endo
TEAD4,YA,150,40.1936483610366,Endo
TEAD1,YA,149,45.8154571156746,Endo
STAT3,YA,-18,92.6150550412408,Endo
TEAD1,YA,-91,38.8232911077854,Endo
STAT3,YA,-94,83.8392740207568,Endo
TEAD1,YA,-35,43.4505073973259,Endo
STAT3,YA,-38,78.9114407736406,Endo
TEAD1,YA,151,36.582255893158,Endo
STAT3,YA,148,80.9185814068533,Endo
TEAD1,YA,198,42.9468891347868,Endo
IRF1,YA,154,316.75727340409,Endo
IRF1,YA,199,314.935635725504,Endo
IRF1,YA,198,304.439140832884,Endo
IRF1,YA,195,318.4083824827,Endo
IRF1,YA,194,315.684367180867,Endo
IRF1,YA,-126,296.745925758758,Endo
IRF1,YA,-129,275.034758268536,Endo
IRF1,YA,-130,283.683822936295,Endo
IRF1,YA,-131,292.443665820466,Endo
IRF1,YA,-134,307.562999099325,Endo
TEAD1,YA,127,37.6535488896686,Endo
TEAD1,YA,155,46.5528790426377,Endo
TEAD4,YA,155,48.3924992855317,Endo
IRF1,YA,-194,254.672071201005,Endo
STAT3,YA,-89,73.2576897355664,Endo
STAT3,YA,-53,80.0639559471757,Endo
STAT3,YA,88,84.4464616169003,Endo
IRF1,YA,76,309.718409735879,Endo
IRF1,YA,75,311.07244603084,Endo
STAT3,YA,96,94.4268798818089,Endo
STAT3,YA,157,70.4325436557378,Endo
STAT3,YA,177,77.9446112647944,Endo
TEAD4,YA,76,39.2489604134109,Endo
CEBPB,YA,-60,8.44529706705511,Endo
TEAD1,YA,148,41.0617388249042,Endo
TEAD4,YA,148,40.7475150909837,Endo
CEBPB,YA,12,8.93592247239424,Endo
IRF1,YA,-158,264.986089496035,Endo
IRF1,YA,-160,270.067510324448,Endo
IRF1,YA,-163,251.740451453557,Endo
IRF1,YA,-164,262.885704807267,Endo
IRF1,YA,-165,266.298859046219,Endo
IRF1,YA,-167,261.215794139512,Endo
NFKB1,YA,-123,73.650503142059,Endo
RELA,YA,-85,60.3780308528224,Endo
RELA,YA,113,60.4075851695784,Endo
RELA,YA,-44,62.7999661822214,Endo
RELA,YA,24,63.1270966736894,Endo
RELA,YA,-24,59.2529682091243,Endo
TEAD4,YA,-6,29.5954530484278,Endo
TEAD4,YA,143,37.1252297340611,Endo
NFKB1,YA,-187,72.2318421130797,Endo
NFKB1,YA,20,87.9744600376596,Endo
NFKB1,YA,112,74.2693960207809,Endo
NFKB1,YA,132,79.5973471977624,Endo
STAT3,YA,-139,79.0427797809785,Endo
NFKB1,YA,-16,88.4893404697533,Endo
RELA,YA,-73,61.2920547734869,Endo
RELA,YA,74,53.7688123508606,Endo
NFKB1,YA,74,72.2603993778571,Endo
TEAD1,YA,87,39.0444757824834,Endo
STAT3,YA,-11,70.894825901942,Endo
RELA,YA,-183,53.0262392384175,Endo
RELA,YA,-168,56.9856006083696,Endo
NFKB1,YA,82,71.1084019183446,Endo
RELA,YA,-199,52.8661653169638,Endo
TEAD4,YA,-15,43.8635398838802,Endo
TEAD4,YA,94,40.5009776123525,Endo
TEAD1,YA,93,48.0201054656487,Endo
TEAD4,YA,159,33.5355259406591,Endo
RELA,YA,-15,67.5039334092065,Endo
NFKB1,YA,118,67.8085075416422,Endo
STAT3,YA,-112,90.1114585049622,Endo
STAT3,YA,-126,74.4178488430918,Endo
STAT3,YA,26,94.9754675358983,Endo
STAT3,YA,-71,74.0637176663477,Endo
NFKB1,YA,23,79.0724248337743,Endo
TEAD4,YA,-162,30.1208312726506,Endo
NFKB1,YA,79,91.9767434628997,Endo
NFKB1,YA,-31,66.5405012763479,Endo
RELA,YA,55,62.6211882276331,Endo
NFKB1,YA,55,75.4347348881804,Endo
IRF1,YA,-73,294.932545028257,Endo
TEAD4,YA,123,42.2712058449618,Endo
STAT3,YA,111,78.6359592252421,Endo
NFKB1,YA,-163,92.8511350017477,Endo
NFKB1,YA,173,72.2116278259397,Endo
STAT3,YA,-119,71.495058199529,Endo
STAT3,YA,78,85.2969858802077,Endo
RELA,YA,125,62.0529032183221,Endo
TEAD4,YA,-152,35.4084076949997,Endo
TEAD1,YA,-153,38.9026833967249,Endo
STAT3,YA,-156,79.6785095910772,Endo
TEAD4,YA,-190,27.0254360970417,Endo
STAT3,YA,-60,78.9449517943556,Endo
TEAD1,YA,-63,36.1863943468432,Endo
CEBPB,YA,-92,14.0066901497498,Endo
NFKB1,YA,-134,82.0831461800798,Endo
TEAD1,YA,-74,41.451742460081,Endo
NFKB1,YA,184,78.8093024356492,Endo
TEAD4,YA,111,39.3384611954624,Endo
RELA,YA,-41,67.2011527884255,Endo
STAT3,YA,-47,83.7306078080391,Endo
RELA,YA,-33,61.9920971985787,Endo
STAT3,YA,-39,81.800879654963,Endo
RELA,YA,-14,58.2655406759372,Endo
STAT3,YA,-20,84.1638764753657,Endo
RELA,YA,16,58.4915125769507,Endo
STAT3,YA,10,81.5383286190739,Endo
RELA,YA,46,63.9395227645671,Endo
RELA,YA,80,59.1908838335026,Endo
STAT3,YA,74,88.9514049943826,Endo
STAT3,YA,82,90.8792471874092,Endo
TEAD4,YA,0,15.8584246308387,Endo
IRF1,YA,4,69.1807659079419,Endo
STAT3,YA,124,78.171248759358,Endo
STAT3,YA,-104,87.117341522785,Endo
STAT3,YA,-37,84.1977407836094,Endo
RELA,YA,166,55.374388259912,Endo
TEAD1,YA,-102,40.7392389065584,Endo
TEAD4,YA,-102,38.1232223404707,Endo
STAT3,YA,32,79.0104067876119,Endo
STAT3,YA,-160,78.2063675661257,Endo
STAT3,YA,-132,75.7967096411996,Endo
STAT3,YA,164,77.7719240838449,Endo
STAT3,YA,-74,78.7184401418429,Endo
IRF1,YA,-10,134.374166831179,Endo
TEAD1,YA,65,39.406668848415,Endo
TEAD4,YA,65,39.879408738822,Endo
TEAD1,YA,84,44.7351680493972,Endo
TEAD4,YA,84,42.2436710128784,Endo
TEAD1,YA,101,38.8029116776722,Endo
TEAD4,YA,101,42.2146361882062,Endo
TEAD1,YA,194,43.5580242674831,Endo
TEAD4,YA,194,39.7625658454217,Endo
RELA,YA,51,54.2733915489762,Endo
RELA,YA,42,56.7294148469802,Endo
NFKB1,YA,41,80.4515434261416,Endo
TEAD1,YA,69,39.1292929373066,Endo
TEAD4,YA,69,42.7023100530837,Endo
RELA,YA,-184,49.7384850110998,Endo
RELA,YA,35,63.1718012705422,Endo
STAT3,YA,37,74.9921964631694,Endo
STAT3,YA,-36,101.149214422351,Endo
TEAD4,YA,-112,42.4466368112015,Endo
STAT3,YA,22,82.7792159194581,Endo
TEAD4,YA,-27,39.2782305991027,Endo
TEAD1,YA,-28,44.001977302475,Endo
TEAD1,YA,130,35.5737823262143,Endo
TEAD4,YA,130,35.5458972314907,Endo
TEAD4,YA,-12,35.5488535119771,Endo
TEAD1,YA,-13,51.9207283709519,Endo
STAT3,YA,123,83.1595652143505,Endo
STAT3,YA,-148,76.1189551210128,Endo
STAT3,YA,-54,85.7453888196816,Endo
NFKB1,YA,6,88.2163140333555,Endo
STAT3,YA,-64,79.7611443727387,Endo
STAT3,YA,-163,76.7517584062069,Endo
IRF1,YA,-106,282.458491861335,Endo
IRF1,YA,53,326.468579759513,Endo
RELA,YA,-152,54.6869425685325,Endo
RELA,YA,-153,56.6320778064907,Endo
IRF1,YA,32,338.703874909784,Endo
NFKB1,YA,-166,80.3906206944768,Endo
TEAD1,YA,1,55.5483684969127,Endo
TEAD1,YA,196,45.9052487756468,Endo
RELA,YA,-127,61.939244715396,Endo
RELA,YA,-105,52.8410381704053,Endo
RELA,YA,-45,56.2898771323234,Endo
RELA,YA,-19,62.0514770587063,Endo
RELA,YA,22,66.5754476219681,Endo
RELA,YA,77,55.6180211010813,Endo
RELA,YA,116,56.6950756542964,Endo
RELA,YA,124,61.0039091528372,Endo
TEAD1,YA,-1,23.8482217533547,Endo
RELA,YA,-187,50.9087584446847,Endo
TEAD1,YA,75,39.8031286924793,Endo
TEAD4,YA,-62,37.1135333653111,Endo
RELA,YA,50,56.7176675386785,Endo
RELA,YA,157,60.7068916849944,Endo
RELA,YA,60,64.1247184111183,Endo
NFKB1,YA,-42,95.7467925371654,Endo
TEAD1,YA,-154,40.5586971448386,Endo
TEAD4,YA,-154,32.5562910493702,Endo
IRF1,YA,77,308.623448932873,Endo
NFKB1,YA,-127,67.0537222608766,Endo
NFKB1,YA,-164,81.1936711519958,Endo
NFKB1,YA,-140,78.632841043748,Endo
NFKB1,YA,-95,85.3178457324297,Endo
NFKB1,YA,51,80.4460862351685,Endo
NFKB1,YA,124,76.1819680150231,Endo
NFKB1,YA,189,68.7981836711926,Endo
RELA,YA,36,60.9712375800025,Endo
NFKB1,YA,36,66.5916233598974,Endo
RELA,YA,184,55.0161361742468,Endo
TEAD4,YA,5,31.5778717860709,Endo
TEAD1,YA,4,37.1158895399439,Endo
TEAD4,YA,88,38.6049358484779,Endo
TEAD1,YA,-188,39.3199195795579,Endo
TEAD4,YA,-188,36.2796578332299,Endo
TEAD1,YA,-151,36.5783647437135,Endo
TEAD4,YA,-151,37.9699370942579,Endo
RELA,YA,136,59.6651398857274,Endo
RELA,YA,168,54.6054630738785,Endo
TEAD4,YA,189,42.7931383682055,Endo
TEAD1,YA,188,37.5158980416457,Endo
IRF1,YA,-112,286.422732117673,Endo
IRF1,YA,-118,315.215726851565,Endo
IRF1,YA,86,320.307819889045,Endo
RELA,YA,-177,58.0715535025259,Endo
CEBPB,YA,-23,14.1278146082517,Endo
NFKB1,YA,-98,74.3556867713487,Endo
NFKB1,YA,42,67.4927529389889,Endo
NFKB1,YA,97,85.1230895110092,Endo
TEAD1,YA,-11,42.8540113951755,Endo
NFKB1,YA,131,80.3409976587624,Endo
TEAD1,YA,23,48.2151201419086,Endo
STAT3,YA,-2,155.622993285201,Endo
RELA,YA,-114,59.4935659444852,Endo
STAT3,YA,-25,99.9921800567327,Endo
RELA,YA,191,57.1884346066475,Endo
TEAD4,YA,-114,43.929151326655,Endo
TEAD1,YA,-115,41.260614648082,Endo
TEAD4,YA,117,36.6376957076229,Endo
TEAD1,YA,116,43.174837506974,Endo
TEAD4,YA,157,41.6047951297339,Endo
TEAD1,YA,156,43.5876910465249,Endo
IRF1,YA,15,195.003332326261,Endo
IRF1,YA,-14,145.649919558064,Endo
RELA,YA,-30,69.0024601003864,Endo
RELA,YA,187,54.7458175892725,Endo
IRF1,YA,-170,242.735641351223,Endo
TEAD1,YA,-34,41.9114207205127,Endo
IRF1,YA,-76,284.656434773122,Endo
IRF1,YA,-79,290.40383329285,Endo
IRF1,YA,-81,289.579652618865,Endo
IRF1,YA,-83,271.26688758747,Endo
IRF1,YA,-88,287.276321641625,Endo
NFKB1,YA,163,72.042180687321,Endo
TEAD4,YA,20,42.4457239256682,Endo
TEAD1,YA,19,46.3542413339868,Endo
IRF1,YA,-29,319.510431400214,Endo
IRF1,YA,-31,326.610198245186,Endo
IRF1,YA,-33,323.882657401962,Endo
IRF1,YA,-35,330.045094508313,Endo
IRF1,YA,-37,336.189344469497,Endo
IRF1,YA,-42,341.164394393376,Endo
NFKB1,YA,196,81.1337015129647,Endo
STAT3,YA,145,76.0050407571258,Endo
STAT3,YA,187,82.5632920202549,Endo
RELA,YA,64,57.9143544364386,Endo
TEAD4,YA,-137,36.4219907502981,Endo
TEAD1,YA,-138,38.0988110686742,Endo
RELA,YA,99,60.1831891938644,Endo
TEAD1,YA,-103,38.676811996366,Endo
TEAD4,YA,32,45.5277283251091,Endo
TEAD1,YA,31,42.7093284816049,Endo
STAT3,YA,97,83.003126288471,Endo
CEBPB,YA,-42,10.8920593671113,Endo
STAT3,YA,141,71.3777788160344,Endo
CEBPB,YA,2,28.9101759254442,Endo
NFKB1,YA,-160,65.9285145714454,Endo
NFKB1,YA,-141,76.366006222182,Endo
NFKB1,YA,-77,65.0014731047459,Endo
NFKB1,YA,130,78.0392752048198,Endo
NFKB1,YA,197,82.6025095840513,Endo
IRF1,YA,42,349.679116943803,Endo
IRF1,YA,58,330.805713389265,Endo
IRF1,YA,182,329.11754452531,Endo
STAT3,YA,-150,80.5355105193134,Endo
TEAD1,YA,135,38.4154000571322,Endo
TEAD4,YA,135,34.99990352417,Endo
TEAD1,YA,94,48.212373976459,Endo
TEAD1,YA,142,39.1307431121245,Endo
TEAD4,YA,142,37.0734412253711,Endo
TEAD4,YA,-159,35.5629344369405,Endo
TEAD4,YA,102,37.9567663833232,Endo
TEAD4,YA,-59,39.9521718218965,Endo
TEAD1,YA,-60,38.2316990573378,Endo
RELA,YA,-82,66.5680657043468,Endo
RELA,YA,67,56.2622507245687,Endo
RELA,YA,-97,56.1976769471301,Endo
RELA,YA,-58,58.0309887214082,Endo
RELA,YA,-6,81.9496118911866,Endo
RELA,YA,86,60.187570524437,Endo
RELA,YA,-186,63.5452364373983,Endo
TEAD4,YA,-92,38.9477147471977,Endo
STAT3,YA,-99,77.6366602024018,Endo
STAT3,YA,139,83.0777681364967,Endo
STAT3,YA,35,89.0970929758322,Endo
STAT3,YA,65,89.9570999977477,Endo
STAT3,YA,101,81.1355847165284,Endo
RELA,YA,-25,65.5303089544297,Endo
STAT3,YA,-73,76.0094495069738,Endo
IRF1,YA,-9,74.1382171098867,Endo
NFKB1,YA,-157,76.7754899544428,Endo
NFKB1,YA,-79,80.6475607837802,Endo
RELA,YA,29,68.1211916237559,Endo
NFKB1,YA,29,68.9992186561888,Endo
NFKB1,YA,73,61.7795365902724,Endo
STAT3,YA,-57,81.6250347131293,Endo
RELA,YA,-137,53.1276163730048,Endo
STAT3,YA,13,73.096736211111,Endo
RELA,YA,-67,61.0365295096578,Endo
RELA,YA,199,53.8241449197181,Endo
IRF1,YA,110,307.267974698839,Endo
TEAD4,YA,175,41.5593942589996,Endo
TEAD1,YA,174,39.8285979975886,Endo
STAT3,YA,171,76.8078686741597,Endo
STAT3,YA,118,73.3243179285753,Endo
STAT3,YA,151,84.9686527179512,Endo
TEAD1,YA,108,39.1793823857764,Endo
STAT3,YA,105,83.6311982747203,Endo
IRF1,YA,40,358.62473449485,Endo
NFKB1,YA,-27,79.5470699036178,Endo
NFKB1,YA,10,112.867390103939,Endo
IRF1,YA,10,133.566694371802,Endo
RELA,YA,-141,56.4930611060977,Endo
RELA,YA,-110,55.0302833823694,Endo
RELA,YA,1,24.4096592986983,Endo
STAT3,YA,-198,77.2790874264218,Endo
IRF1,YA,128,340.94680085874,Endo
STAT3,YA,-3,36.5094857822334,Endo
STAT3,YA,-102,72.8249990186536,Endo
TEAD1,YA,200,41.9213602214745,Endo
TEAD4,YA,180,41.9402648901332,Endo
TEAD1,YA,179,42.1546472664333,Endo
NFKB1,YA,-57,75.705565484105,Endo
TEAD1,YA,81,41.0056469490377,Endo
STAT3,YA,-184,78.6909385750079,Endo
NFKB1,YA,96,90.4834379272857,Endo
CEBPB,YA,85,12.0354467221638,Endo
TEAD1,YA,150,42.7912553669862,Endo
RELA,YA,26,69.1715533485451,Endo
RELA,YA,25,65.9807937075145,Endo
RELA,YA,167,59.8421079521008,Endo
RELA,YA,-132,54.1124319428531,Endo
TEAD1,YA,-149,39.685731602744,Endo
STAT3,YA,-152,71.1814233039653,Endo
TEAD1,YA,58,39.5074993280926,Endo
STAT3,YA,55,83.6022136283574,Endo
TEAD1,YA,-5,16.9997109021763,Endo
TEAD4,YA,42,41.1590655012064,Endo
TEAD1,YA,41,40.5668180033964,Endo
NFKB1,YA,-194,77.0382302002775,Endo
IRF1,YA,-196,273.30652260402,Endo
IRF1,YA,-137,304.412080838343,Endo
IRF1,YA,56,324.389587355673,Endo
IRF1,YA,50,323.239981913978,Endo
RELA,YA,-192,49.8099128528443,Endo
NFKB1,YA,-193,71.4690221176583,Endo
TEAD4,YA,-52,39.6726870980857,Endo
TEAD1,YA,-53,41.1465517893007,Endo
TEAD4,YA,95,47.3017063215689,Endo
STAT3,YA,138,81.2557908194821,Endo
TEAD1,YA,49,39.4732888275331,Endo
TEAD1,YA,111,41.6669778624599,Endo
TEAD1,YA,113,45.5136640449577,Endo
TEAD4,YA,113,39.2090536310093,Endo
TEAD1,YA,154,42.4393059802356,Endo
NFKB1,YA,1,32.7149444305355,Endo
TEAD1,YA,-131,39.9698519491995,Endo
TEAD4,YA,-131,36.289440316157,Endo
TEAD1,YA,-99,37.9464352060819,Endo
TEAD4,YA,-99,36.0831639498279,Endo
TEAD4,YA,-74,39.8210098791414,Endo
TEAD1,YA,-75,33.7969648528705,Endo
TEAD4,YA,-34,45.7016161069468,Endo
TEAD4,YA,-38,41.1179739012952,Endo
TEAD4,YA,146,41.0006993428056,Endo
TEAD1,YA,145,40.488005261864,Endo
STAT3,YA,161,89.690310165519,Endo
STAT3,YA,57,81.7073682003079,Endo
RELA,YA,-159,59.5045817660475,Endo
RELA,YA,-23,65.3548460811354,Endo
TEAD1,YA,195,41.4027673671592,Endo
TEAD4,YA,195,37.3596785875108,Endo
IRF1,YA,-195,272.069041415157,Endo
RELA,YA,-173,53.4763058222081,Endo
RELA,YA,-126,53.4603823646154,Endo
RELA,YA,41,61.2591046686934,Endo
IRF1,YA,81,293.721722704683,Endo
TEAD4,YA,-32,33.2423512630519,Endo
TEAD4,YA,152,36.8357486281796,Endo
TEAD4,YA,162,39.0160099458708,Endo
TEAD1,YA,161,43.3686558641133,Endo
STAT3,YA,-189,70.6192183848685,Endo
TEAD1,YA,-125,37.7496797787257,Endo
TEAD4,YA,-125,33.46896606508,Endo
TEAD1,YA,-98,38.2159416758612,Endo
TEAD4,YA,-98,36.2655371787556,Endo
NFKB1,YA,-182,74.7214132251435,Endo
IRF1,YA,-111,287.701800552831,Endo
RELA,YA,-122,59.6853939215966,Endo
STAT3,YA,-40,89.3015370136113,Endo
RELA,YA,-117,54.6799283801666,Endo
STAT3,YA,72,85.5022247063807,Endo
RELA,YA,-5,72.7533950450069,Endo
STAT3,YA,79,93.6748979267826,Endo
RELA,YA,2,16.9262526816646,Endo
STAT3,YA,-52,83.0044126168539,Endo
STAT3,YA,5,56.831236179298,Endo
RELA,YA,90,65.7869042328328,Endo
IRF1,YA,-139,294.476450254561,Endo
RELA,YA,117,53.3395409647654,Endo
RELA,YA,145,57.2881162165541,Endo
TEAD1,YA,-150,31.94793407523,Endo
TEAD4,YA,-150,32.0900938866834,Endo
TEAD4,YA,-120,37.9431997933241,Endo
NFKB1,YA,165,88.7586723624391,Endo
RELA,YA,-18,57.8449696001914,Endo
NFKB1,YA,-19,58.1040584003259,Endo
NFKB1,YA,68,69.0710198165747,Endo
RELA,YA,182,59.307203816443,Endo
NFKB1,YA,181,79.0728442466682,Endo
NFKB1,YA,100,79.2609632246577,Endo
NFKB1,YA,149,90.6290284949101,Endo
STAT3,YA,143,79.9911311468297,Endo
TEAD4,YA,-164,36.3830899033831,Endo
TEAD1,YA,-165,36.1390560675991,Endo
TEAD1,YA,-101,37.6357801069732,Endo
TEAD4,YA,-43,46.4256032063995,Endo
TEAD1,YA,-44,47.2986924478905,Endo
STAT3,YA,170,77.1490715563903,Endo
STAT3,YA,152,75.3241809669815,Endo
TEAD1,YA,-195,36.1589700919552,Endo
NFKB1,YA,22,69.6379814549716,Endo
NFKB1,YA,91,77.367061512843,Endo
NFKB1,YA,127,79.1284673479212,Endo
NFKB1,YA,168,69.8679905924587,Endo
TEAD1,YA,-192,34.079042731917,Endo
TEAD4,YA,-192,33.4119961220853,Endo
CEBPB,YA,13,8.10588316573665,Endo
CEBPB,YA,67,12.8683748949528,Endo
RELA,YA,176,52.503742715842,Endo
TEAD1,YA,177,41.9740309912605,Endo
TEAD1,YA,167,35.427250012529,Endo
STAT3,YA,45,93.3035362383511,Endo
STAT3,YA,-128,71.2158337071121,Endo
STAT3,YA,-80,79.0487877418447,Endo
TEAD1,YA,106,40.7224764189598,Endo
IRF1,YA,-75,288.407544154322,Endo
STAT3,YA,-188,73.8680006859979,Endo
RELA,YA,-193,60.3034268164927,Endo
RELA,YA,20,67.0821941384039,Endo
IRF1,YA,-5,35.0826602636131,Endo
RELA,YA,197,56.8356043385005,Endo
CEBPB,YA,188,12.5234731894189,Endo
IRF1,YA,45,340.522548495522,Endo
IRF1,YA,44,344.385247456724,Endo
NFKB1,YA,-130,77.6395340684836,Endo
NFKB1,YA,48,76.2268176592442,Endo
TEAD1,YA,-128,38.9986143239027,Endo
TEAD4,YA,98,37.9273273650545,Endo
TEAD1,YA,97,43.0207497141861,Endo
IRF1,YA,-197,277.009442278483,Endo
RELA,YA,-181,50.6478866636614,Endo
RELA,YA,-135,61.9478399759287,Endo
RELA,YA,-75,59.2642515403859,Endo
RELA,YA,-12,62.5307971066856,Endo
NFKB1,YA,-142,78.3215101216282,Endo
STAT3,YA,86,84.5610556144424,Endo
STAT3,YA,-161,74.9939958890967,Endo
NFKB1,YA,-33,74.4472538151238,Endo
CEBPB,YA,-85,9.04956700157156,Endo
CEBPB,YA,27,11.6417340408191,Endo
CEBPB,YA,128,10.0866728306525,Endo
RELA,YA,100,62.6064032055289,Endo
RELA,YA,129,51.4608530156414,Endo
RELA,YA,-95,60.3977050231469,Endo
RELA,YA,-10,36.3531515495325,Endo
TEAD4,YA,-118,39.0949212277954,Endo
TEAD4,YA,-94,42.9209976421739,Endo
TEAD4,YA,51,38.9508650953721,Endo
CEBPB,YA,-147,9.36373197052226,Endo
CEBPB,YA,-21,11.6055772927562,Endo
CEBPB,YA,34,11.4639652005594,Endo
CEBPB,YA,137,9.62001608819815,Endo
CEBPB,YA,-40,10.0541236211103,Endo
CEBPB,YA,-22,12.22892907461,Endo
CEBPB,YA,-6,9.19231570098111,Endo
CEBPB,YA,9,9.58634556755507,Endo
CEBPB,YA,100,11.3588137389007,Endo
NFKB1,YA,162,86.8426424800301,Endo
STAT3,YA,106,85.2874055868023,Endo
NFKB1,YA,-44,80.8069686611339,Endo
TEAD1,YA,-26,42.3258214618983,Endo
TEAD1,YA,2,95.5539404170324,Endo
TEAD1,YA,40,41.769929575971,Endo
TEAD1,YA,86,42.0731169671083,Endo
TEAD1,YA,169,38.9569198213608,Endo
STAT3,YA,-193,70.1711630476024,Endo
STAT3,YA,-106,78.6199574181861,Endo
STAT3,YA,198,79.2538044109659,Endo
RELA,YA,93,55.4654820976296,Endo
NFKB1,YA,-111,87.9491672998686,Endo
NFKB1,YA,-28,67.3557378797146,Endo
NFKB1,YA,25,80.1704310500627,Endo
IRF1,YA,-70,284.233880650757,Endo
STAT3,YA,24,83.1614728370511,Endo
STAT3,YA,115,79.2404035620068,Endo
STAT3,YA,127,88.5197913160211,Endo
TEAD4,YA,120,38.1945948935135,Endo
RELA,YA,52,59.4667518838912,Endo
RELA,YA,172,57.7377319610618,Endo
TEAD4,YA,-80,34.4164705241743,Endo
TEAD1,YA,-81,41.851010413679,Endo
STAT3,YA,69,83.4038002307504,Endo
NFKB1,YA,-58,77.1125528596073,Endo
RELA,YA,-77,55.8971876294596,Endo
RELA,YA,-78,49.3563189810736,Endo
RELA,YA,175,61.8326713215206,Endo
STAT3,YA,100,81.5574126673797,Endo
CEBPB,YA,197,8.52645341351862,Endo
IRF1,YA,172,310.298387465029,Endo
STAT3,YA,-167,71.7066397746928,Endo
STAT3,YA,25,93.2169636133996,Endo
STAT3,YA,91,88.5404793545146,Endo
NFKB1,YA,199,85.8981955342587,Endo
TEAD1,YA,-83,41.8370490007012,Endo
STAT3,YA,67,81.6596478417557,Endo
STAT3,YA,15,75.9354323076433,Endo
CEBPB,YA,22,15.3119451257089,Endo
CEBPB,YA,-20,11.9838562666564,Endo
CEBPB,YA,65,13.5529632222271,Endo
STAT3,YA,169,72.8039353286004,Endo
NFKB1,YA,-63,76.9091844866869,Endo
TEAD1,YA,152,38.0835661389588,Endo
STAT3,YA,-173,77.0639026549399,Endo
NFKB1,YA,21,77.6284940848248,Endo
NFKB1,YA,119,84.6137014720421,Endo
CEBPB,YA,-94,8.90226537725321,Endo
RELA,YA,8,24.7469805414609,Endo
RELA,YA,95,57.3710901597426,Endo
STAT3,YA,42,84.9928508780428,Endo
STAT3,YA,-116,79.6697627357813,Endo
CEBPB,YA,139,9.75005582637112,Endo
STAT3,YA,-58,69.9106256058428,Endo
STAT3,YA,133,84.0957358019992,Endo
STAT3,YA,8,97.630045964,Endo
STAT3,YA,110,89.6700842003054,Endo
STAT3,YA,144,82.1683160587396,Endo
NFKB1,YA,40,92.7796104362818,Endo
RELA,YA,183,53.5683194265723,Endo
NFKB1,YA,182,72.2005087876969,Endo
IRF1,YA,-177,257.753215078456,Endo
STAT3,YA,-164,74.9543154757643,Endo
RELA,YA,-57,56.472436348051,Endo
RELA,YA,34,70.5570244611133,Endo
RELA,YA,44,67.326707346858,Endo
RELA,YA,62,63.6959683761771,Endo
RELA,YA,9,36.4632479685762,Endo
STAT3,YA,-154,74.1498103265278,Endo
RELA,YA,133,56.0288132527155,Endo
NFKB1,YA,133,74.3430332072262,Endo
STAT3,YA,-30,83.440154702858,Endo
RELA,YA,-118,58.2875545657985,Endo
RELA,YA,-79,51.1388106028742,Endo
STAT3,YA,134,85.2478060891251,Endo
STAT3,YA,3,37.1857982874934,Endo
NFKB1,YA,32,85.6304001706095,Endo
RELA,YA,-120,57.4452504123698,Endo
RELA,YA,66,54.1085028131964,Endo
NFKB1,YA,66,68.1757900823131,Endo
RELA,YA,-179,55.2974404487424,Endo
TEAD1,YA,98,42.4658672754218,Endo
TEAD1,YA,176,40.5291941558069,Endo
TEAD4,YA,176,40.8955763214555,Endo
RELA,YA,152,57.7534493854897,Endo
CEBPB,YA,11,5.8551658861519,Endo
CEBPB,YA,43,11.2313423013015,Endo
TEAD4,YA,168,34.8206740675778,Endo
TEAD1,YA,-97,41.3454738711064,Endo
TEAD1,YA,-3,50.7184385510779,Endo
TEAD1,YA,117,37.9503171750034,Endo
STAT3,YA,-157,69.9136955844364,Endo
STAT3,YA,181,78.5309100817804,Endo
TEAD1,YA,-141,35.9217015489547,Endo
TEAD4,YA,-141,31.9792771784489,Endo
RELA,YA,-119,53.9160495258224,Endo
NFKB1,YA,-119,79.933510226004,Endo
TEAD1,YA,-191,32.4229795583759,Endo
TEAD4,YA,-24,38.360229225771,Endo
TEAD4,YA,156,38.9253900647952,Endo
TEAD1,YA,-179,37.3645921662465,Endo
IRF1,YA,-13,98.8118441837457,Endo
TEAD4,YA,167,39.5514537116654,Endo
STAT3,YA,-55,91.2015839235286,Endo
RELA,YA,137,66.3877752187015,Endo
IRF1,YA,-199,272.691257186304,Endo
NFKB1,YA,-88,80.4650195542193,Endo
NFKB1,YA,-35,63.4332549177507,Endo
NFKB1,YA,-15,62.5808169058085,Endo
TEAD4,YA,35,36.1272468172521,Endo
TEAD1,YA,34,37.1886734857659,Endo
STAT3,YA,61,86.9581379551877,Endo
RELA,YA,179,58.9508091679673,Endo
STAT3,YA,104,86.8962764397548,Endo
STAT3,YA,19,86.4609413679501,Endo
TEAD1,YA,-140,39.2234430756455,Endo
TEAD4,YA,-140,34.0463097349764,Endo
NFKB1,YA,-169,71.343897846213,Endo
NFKB1,YA,142,81.8124118045034,Endo
STAT3,YA,-147,73.0462963224242,Endo
STAT3,YA,-127,72.320080376613,Endo
STAT3,YA,176,87.1035487912332,Endo
TEAD4,YA,92,36.9133228949459,Endo
TEAD1,YA,91,33.0752462530865,Endo
TEAD4,YA,199,42.6956009606915,Endo
STAT3,YA,-86,80.5688401021047,Endo
STAT3,YA,132,77.8175716144801,Endo
NFKB1,YA,-181,75.5039159787106,Endo
NFKB1,YA,-190,69.3524851971869,Endo
NFKB1,YA,-151,84.346013231989,Endo
TEAD1,YA,27,44.2062183489518,Endo
TEAD4,YA,27,41.429976114698,Endo
TEAD4,YA,116,41.9950140276632,Endo
STAT3,YA,85,85.8401511522251,Endo
TEAD1,YA,125,43.3946421649033,Endo
STAT3,YA,-121,74.0853215263417,Endo
STAT3,YA,-44,85.5781653151921,Endo
TEAD4,YA,-68,39.8879149945681,Endo
TEAD4,YA,192,41.6595043754485,Endo
STAT3,YA,185,72.5797286251067,Endo
STAT3,YA,-180,69.3937166572431,Endo
STAT3,YA,-88,78.0747690361952,Endo
STAT3,YA,87,82.0797947460953,Endo
IRF1,YA,-12,125.774541082246,Endo
RELA,YA,37,54.7925844537671,Endo
NFKB1,YA,37,82.0112718542074,Endo
NFKB1,YA,-85,64.9522222063634,Endo
TEAD1,YA,-194,36.8039038864333,Endo
TEAD4,YA,-194,34.25124068757,Endo
TEAD4,YA,-3,45.744825226464,Endo
STAT3,YA,-166,69.8383360244269,Endo
CEBPB,YA,-136,8.58941173135978,Endo
CEBPB,YA,-43,11.256916483829,Endo
CEBPB,YA,37,9.59295327172727,Endo
TEAD1,YA,-87,39.6490524513536,Endo
TEAD4,YA,-87,39.8880440068322,Endo
IRF1,YA,-172,247.875801654329,Endo
TEAD4,YA,149,40.2116699824848,Endo
STAT3,YA,-35,93.738403169829,Endo
TEAD1,YA,-47,37.7119845563103,Endo
TEAD1,YA,39,38.6397205743681,Endo
IRF1,YA,-6,62.3166347482312,Endo
TEAD1,YA,-114,39.7964627295507,Endo
RELA,YA,-121,62.3430209800729,Endo
NFKB1,YA,13,73.0694017574142,Endo
STAT3,YA,-31,83.4774163024384,Endo
RELA,YA,-36,65.7944330240183,Endo
STAT3,YA,51,89.8438812606364,Endo
CEBPB,YA,-51,14.4118257611082,Endo
CEBPB,YA,7,31.7697704875718,Endo
CEBPB,YA,36,9.2907139943688,Endo
CEBPB,YA,134,10.8971880869271,Endo
CEBPB,YA,-52,12.347706700037,Endo
CEBPB,YA,114,10.59283037125,Endo
TEAD1,YA,-17,43.5072032987918,Endo
TEAD1,YA,20,40.631153576693,Endo
NFKB1,YA,-186,75.7376312732258,Endo
NFKB1,YA,-171,69.1551685235903,Endo
STAT3,YA,193,87.5131253540748,Endo
RELA,YA,193,53.5076576538496,Endo
CEBPB,YA,93,12.030409673225,Endo
STAT3,YA,-129,73.8394732782158,Endo
TEAD1,YA,-187,37.41672660728,Endo
TEAD4,YA,-165,35.1897567800314,Endo
TEAD4,YA,-58,42.4108025151927,Endo
STAT3,YA,-169,79.7679002252302,Endo
NFKB1,YA,-74,64.606415504809,Endo
RELA,YA,-112,55.8320524749564,Endo
RELA,YA,109,60.2870003088726,Endo
TEAD1,YA,89,41.1751239795471,Endo
TEAD4,YA,89,38.3505323046005,Endo
TEAD1,YA,-181,35.5791661407161,Endo
TEAD1,YA,12,33.4887591331705,Endo
CEBPB,YA,70,11.0238390630294,Endo
CEBPB,YA,150,12.7997848879257,Endo
RELA,YA,-145,61.3392500315675,Endo
RELA,YA,-68,62.1436565900368,Endo
RELA,YA,87,53.9397512331662,Endo
STAT3,YA,-96,71.4814414526824,Endo
TEAD4,YA,108,38.7678855456492,Endo
TEAD1,YA,192,43.3812234770996,Endo
STAT3,YA,130,81.71064661492,Endo
STAT3,YA,36,96.2162950473729,Endo
STAT3,YA,66,84.7589114361213,Endo
NFKB1,YA,-168,72.246935751501,Endo
NFKB1,YA,-90,80.3793986200505,Endo
NFKB1,YA,38,70.1135978122226,Endo
NFKB1,YA,90,80.1107650327362,Endo
NFKB1,YA,-167,70.2637279817244,Endo
NFKB1,YA,-114,68.5694055411725,Endo
STAT3,YA,-29,85.7999177020068,Endo
STAT3,YA,9,80.5104900451599,Endo
STAT3,YA,63,84.8561059656618,Endo
STAT3,YA,126,81.9670188370748,Endo
IRF1,YA,8,135.753395722979,Endo
STAT3,YA,-91,92.8674534090546,Endo
NFKB1,YA,-162,76.692340144161,Endo
STAT3,YA,-27,84.9793742755106,Endo
RELA,YA,-157,55.3434525708728,Endo
IRF1,YA,85,311.978100334119,Endo
TEAD4,YA,119,34.9403179289605,Endo
RELA,YA,-72,56.9527546523302,Endo
NFKB1,YA,-179,80.3739090185157,Endo
NFKB1,YA,193,72.8245282770647,Endo
STAT3,YA,125,83.563290220079,Endo
TEAD4,YA,122,44.7866541108737,Endo
STAT3,YA,52,80.4846428796691,Endo
TEAD4,YA,-126,37.3812869590307,Endo
TEAD4,YA,12,39.902462686305,Endo
TEAD1,YA,11,51.4000154964915,Endo
STAT3,YA,112,80.2095628820078,Endo
RELA,YA,-143,50.0270955605095,Endo
STAT3,YA,153,78.2372680893355,Endo
RELA,YA,-102,60.346278641072,Endo
RELA,YA,-16,58.1516013042165,Endo
STAT3,YA,-135,76.8868379008767,Endo
TEAD1,YA,-182,39.4596793786064,Endo
TEAD4,YA,-182,32.1886744256551,Endo
RELA,YA,71,66.1658274453741,Endo
NFKB1,YA,70,86.2883241814819,Endo
RELA,YA,-194,52.8086295958396,Endo
CEBPB,YA,-176,10.104917750248,Endo
NFKB1,YA,-178,74.5985895599947,Endo
TEAD1,YA,79,46.0157567769952,Endo
RELA,YA,-86,57.6372790216028,Endo
RELA,YA,-20,69.603611563659,Endo
NFKB1,YA,77,93.9926474328776,Endo
NFKB1,YA,170,86.1839623487657,Endo
TEAD1,YA,-175,42.7185471450402,Endo
STAT3,YA,-109,76.556832016864,Endo
STAT3,YA,190,76.1026470580057,Endo
TEAD4,YA,71,41.244901039317,Endo
TEAD4,YA,137,38.2857373749269,Endo
CEBPB,YA,-170,10.9732198036638,Endo
TEAD4,YA,198,38.514587294883,Endo
STAT3,YA,75,88.8223925768292,Endo
TEAD1,YA,-38,36.4009529381446,Endo
TEAD1,YA,-68,39.5968137117096,Endo
CEBPB,YA,-78,10.6821608969031,Endo
CEBPB,YA,-19,15.4280529240511,Endo
RELA,YA,177,62.4486914424302,Endo
CEBPB,YA,-144,7.31762628957448,Endo
TEAD4,YA,107,40.404393640977,Endo
TEAD1,YA,121,40.7479642550399,Endo
TEAD4,YA,121,42.1653303741729,Endo
RELA,YA,-107,59.7521098643948,Endo
RELA,YA,156,57.2576979239639,Endo
TEAD1,YA,-104,38.8363448673486,Endo
TEAD1,YA,77,40.6401728072068,Endo
RELA,YA,-190,54.1998953899005,Endo
RELA,YA,-147,55.3519418451941,Endo
RELA,YA,-148,50.5577855981014,Endo
NFKB1,YA,-148,87.7231091693814,Endo
NFKB1,YA,-86,85.1197889642959,Endo
NFKB1,YA,-20,82.6532125103907,Endo
NFKB1,YA,-78,73.6870638549968,Endo
NFKB1,YA,-40,79.3960719303625,Endo
TEAD4,YA,80,44.3603417968414,Endo
STAT3,YA,-200,66.6578545274112,Endo
STAT3,YA,-81,88.9913247282261,Endo
STAT3,YA,12,60.2150825654175,Endo
TEAD4,YA,103,44.2767911272512,Endo
CEBPB,YA,-141,9.63546736590546,Endo
RELA,YA,70,66.6621630642042,Endo
RELA,YA,147,58.242479028068,Endo
CEBPB,YA,69,12.9885727185862,Endo
STAT3,YA,-107,73.4045667987482,Endo
TEAD1,YA,83,42.6789156006562,Endo
STAT3,YA,58,86.0655429865127,Endo
TEAD4,YA,-144,31.4203399307339,Endo
TEAD1,YA,-145,33.008931978632,Endo
TEAD4,YA,-60,42.6604064031609,Endo
TEAD1,YA,-61,38.2571316299269,Endo
RELA,YA,-134,54.9152075237722,Endo
TEAD4,YA,-136,35.0804646697211,Endo
TEAD1,YA,-137,32.5098542705005,Endo
TEAD4,YA,46,37.0132559955285,Endo
TEAD1,YA,45,39.1490903136062,Endo
RELA,YA,111,61.439307159203,Endo
NFKB1,YA,-23,77.5600856378807,Endo
RELA,YA,-43,60.2518248377543,Endo
STAT3,YA,-143,78.7318998952534,Endo
STAT3,YA,62,79.6489509972777,Endo
STAT3,YA,-84,84.3098613106981,Endo
TEAD4,YA,124,44.506605736904,Endo
TEAD1,YA,123,40.3842775112194,Endo
TEAD4,YA,170,43.1759575062691,Endo
CEBPB,YA,136,10.781930777771,Endo
STAT3,YA,60,77.7465635413566,Endo
RELA,YA,75,53.7564519481606,Endo
RELA,YA,140,60.8261663261023,Endo
TEAD4,YA,-91,40.2904617912739,Endo
STAT3,YA,-140,74.1305409246396,Endo
TEAD4,YA,-168,37.6050859910202,Endo
TEAD1,YA,-169,34.4415530830823,Endo
STAT3,YA,-142,83.683645140358,Endo
STAT3,YA,-90,79.5162358204253,Endo
STAT3,YA,-165,66.4863442110507,Endo
STAT3,YA,158,86.7631171111187,Endo
STAT3,YA,200,84.1395421043074,Endo
TEAD1,YA,68,38.9118774792547,Endo
TEAD1,YA,-184,37.4969615598581,Endo
TEAD4,YA,-184,33.9846971244467,Endo
TEAD1,YA,-139,37.4509003537584,Endo
TEAD4,YA,-139,37.8864468453059,Endo
TEAD1,YA,107,41.9591960905296,Endo
RELA,YA,-176,52.1207653280863,Endo
TEAD4,YA,-138,36.5444051276673,Endo
TEAD4,YA,-47,35.94480820031,Endo
TEAD1,YA,-32,31.7989148848719,Endo
TEAD4,YA,-16,37.208190449491,Endo
TEAD1,YA,184,45.7597410053813,Endo
TEAD4,YA,184,46.6001438147006,Endo
CEBPB,YA,68,8.3756220007118,Endo
NFKB1,YA,-128,72.8674395033745,Endo
RELA,YA,-163,53.3623521517633,Endo
TEAD1,YA,166,43.4635576362086,Endo
RELA,YA,83,61.183473416485,Endo
NFKB1,YA,-173,83.70721887433,Endo
NFKB1,YA,-124,65.2555995947351,Endo
TEAD4,YA,-178,34.3585907786191,Endo
TEAD4,YA,-10,27.9347399901494,Endo
CEBPB,YA,-153,9.95877717193101,Endo
CEBPB,YA,-25,11.9705047807541,Endo
STAT3,YA,-66,84.8283779625131,Endo
TEAD4,YA,31,40.0880832823609,Endo
TEAD1,YA,80,39.8450279825891,Endo
TEAD4,YA,161,40.4341169985389,Endo
TEAD1,YA,-157,41.6443584314141,Endo
TEAD1,YA,22,44.4971598700309,Endo
TEAD4,YA,-107,36.6351802161378,Endo
STAT3,YA,-41,76.1858429028714,Endo
TEAD4,YA,68,39.865112220417,Endo
TEAD1,YA,173,40.9177738059528,Endo
TEAD4,YA,173,42.9341024232398,Endo
TEAD1,YA,-24,38.4795161832416,Endo
RELA,YA,-124,53.0236830008839,Endo
RELA,YA,185,51.6361681630721,Endo
TEAD4,YA,132,40.6982433326372,Endo
TEAD1,YA,131,41.1252971323209,Endo
STAT3,YA,128,81.0822564929484,Endo
NFKB1,YA,-49,77.3244092644725,Endo
NFKB1,YA,80,68.7245464359776,Endo
NFKB1,YA,159,80.0989178793191,Endo
RELA,YA,158,68.365698742756,Endo
STAT3,YA,174,79.3977055328223,Endo
NFKB1,YA,-136,67.0456957338324,Endo
NFKB1,YA,62,77.7846597006202,Endo
TEAD4,YA,60,38.7512271592088,Endo
TEAD1,YA,-23,46.7436708062587,Endo
TEAD1,YA,-55,36.8622446722581,Endo
TEAD4,YA,-55,35.5241193445665,Endo
TEAD4,YA,-66,41.1164882310646,Endo
TEAD1,YA,-67,42.2883049900519,Endo
TEAD4,YA,59,34.4944196527013,Endo
RELA,YA,-84,58.4445853863411,Endo
RELA,YA,-103,57.491812379042,Endo
RELA,YA,-69,61.1612573024928,Endo
RELA,YA,63,56.6145237330551,Endo
TEAD4,YA,-146,34.2960760419914,Endo
TEAD4,YA,-21,43.2949609428688,Endo
STAT3,YA,-67,88.2381757517549,Endo
STAT3,YA,117,88.8454172195228,Endo
IRF1,YA,1,39.5457195748055,Endo
IRF1,YA,-1,31.8790976492668,Endo
NFKB1,YA,141,81.8202156984964,Endo
CEBPB,YA,-125,8.14968967303733,Endo
RELA,YA,32,59.2202663385562,Endo
STAT3,YA,163,80.0108140288394,Endo
CEBPB,YA,191,12.4293156629031,Endo
STAT3,YA,-192,70.0101206922507,Endo
RELA,YA,-130,62.064181465754,Endo
TEAD4,YA,-167,42.4376488512283,Endo
TEAD4,YA,-193,35.5948168180541,Endo
TEAD4,YA,-119,36.2962642267699,Endo
TEAD4,YA,-110,41.426160452102,Endo
TEAD4,YA,82,39.1222898093775,Endo
RELA,YA,-89,53.7085725657728,Endo
STAT3,YA,186,75.8987391365533,Endo
TEAD1,YA,-136,38.0313706906028,Endo
TEAD4,YA,41,39.882787391639,Endo
STAT3,YA,175,80.0988616806683,Endo
RELA,YA,-8,36.8744217199711,Endo
TEAD4,YA,78,47.1960811939012,Endo
TEAD4,YA,23,45.7112050158174,Endo
TEAD1,YA,171,39.2233266923659,Endo
RELA,YA,92,56.2249025388212,Endo
RELA,YA,200,52.5900392807878,Endo
IRF1,YA,-2,59.7967529081488,Endo
STAT3,YA,-124,83.1228472578575,Endo
TEAD1,YA,-51,38.8027000004651,Endo
RELA,YA,-63,60.5473585069521,Endo
STAT3,YA,188,80.1364095387864,Endo
STAT3,YA,-24,81.77866990046,Endo
TEAD4,YA,16,40.7030781125189,Endo
TEAD1,YA,15,39.3175894725317,Endo
TEAD1,YA,52,45.5288880230359,Endo
TEAD4,YA,126,43.2836738210605,Endo
TEAD4,YA,166,40.3442134512624,Endo
TEAD1,YA,165,40.428082793032,Endo
TEAD1,YA,134,35.3457512356051,Endo
STAT3,YA,23,85.177933543499,Endo
TEAD4,YA,-169,37.1652340206511,Endo
TEAD1,YA,-170,37.3347837782502,Endo
RELA,YA,14,65.487651254386,Endo
RELA,YA,72,59.0305724718558,Endo
STAT3,YA,150,74.0408839386979,Endo
TEAD1,YA,-166,36.9691627079384,Endo
RELA,YA,-91,59.8741694783532,Endo
RELA,YA,-61,55.1769913232251,Endo
RELA,YA,6,50.8196148055222,Endo
CEBPB,YA,146,10.7227400507381,Endo
CEBPB,YA,171,9.44612688932734,Endo
IRF1,YA,7,72.6088498592837,Endo
TEAD1,YA,120,39.0882447279848,Endo
STAT3,YA,-149,76.4630392616867,Endo
STAT3,YA,90,82.6515565640972,Endo
TEAD4,YA,64,36.5008489274947,Endo
TEAD1,YA,63,41.0231279445433,Endo
TEAD1,YA,139,46.1337097284243,Endo
TEAD4,YA,-48,45.0976405273779,Endo
STAT3,YA,146,74.3461893781094,Endo
TEAD1,YA,-183,35.1958302006738,Endo
TEAD4,YA,-183,37.8647740152407,Endo
TEAD4,YA,-153,40.6175695373349,Endo
RELA,YA,-188,49.1688693611583,Endo
RELA,YA,-53,63.1468836128618,Endo
CEBPB,YA,104,10.7335384603656,Endo
RELA,YA,-158,53.9089055584903,Endo
NFKB1,YA,-138,68.5115665319098,Endo
NFKB1,YA,158,80.1700399528308,Endo
CEBPB,YA,169,10.6891678130649,Endo
TEAD1,YA,-197,41.5723967443371,Endo
TEAD4,YA,-197,33.3272792088015,Endo
TEAD1,YA,140,43.7516687837443,Endo
TEAD4,YA,-54,36.4515993992715,Endo
STAT3,YA,167,80.5236768637515,Endo
STAT3,YA,93,86.9578501869652,Endo
TEAD4,YA,-101,42.2400340014396,Endo
TEAD4,YA,97,43.0667568996563,Endo
RELA,YA,198,56.0536194732725,Endo
STAT3,YA,-28,93.7127650164196,Endo
STAT3,YA,-181,65.5448306184287,Endo
STAT3,YA,0,148.759394347381,Endo
CEBPB,YA,-32,15.2177018940153,Endo
CEBPB,YA,-29,11.2339895574403,Endo
CEBPB,YA,42,12.3313717524885,Endo
TEAD1,YA,-155,34.5103283352442,Endo
STAT3,YA,6,29.1886798195732,Endo
RELA,YA,-139,58.9003589230333,Endo
CEBPB,YA,-162,10.7285465718044,Endo
CEBPB,YA,-82,9.90551410550796,Endo
STAT3,YA,89,75.8111311629668,Endo
NFKB1,YA,-149,82.509694440901,Endo
RELA,YA,-26,70.1652174608227,Endo
NFKB1,YA,-26,81.3885628811847,Endo
NFKB1,YA,-75,59.3548448508032,Endo
STAT3,YA,-14,60.219727847046,Endo
RELA,YA,-50,64.011110987603,Endo
TEAD1,YA,-31,40.8679085094023,Endo
TEAD4,YA,187,39.4747889615789,Endo
TEAD1,YA,186,40.1735988333978,Endo
NFKB1,YA,-18,62.6922641111187,Endo
NFKB1,YA,166,76.7518362984485,Endo
TEAD4,YA,131,38.2506088725035,Endo
TEAD4,YA,-20,39.7859013004611,Endo
TEAD1,YA,-21,42.805023427081,Endo
RELA,YA,169,49.8094363858031,Endo
CEBPB,YA,73,11.5222131415726,Endo
RELA,YA,-64,55.3640678482563,Endo
RELA,YA,102,55.0852090772654,Endo
TEAD1,YA,112,41.5655839579343,Endo
TEAD4,YA,112,40.6759141384433,Endo
IRF1,YA,-15,153.436873056579,Endo
RELA,YA,-129,57.4912314555362,Endo
TEAD4,YA,-143,36.3084125747303,Endo
RELA,YA,-4,36.846953517765,Endo
NFKB1,YA,-5,63.2568266530133,Endo
CEBPB,YA,10,6.75780706057335,Endo
CEBPB,YA,96,9.85005401865904,Endo
TEAD4,YA,13,42.4743623377822,Endo
NFKB1,YA,-172,77.5595257490648,Endo
CEBPB,YA,-50,11.6356296881414,Endo
CEBPB,YA,72,11.0339049120489,Endo
RELA,YA,-104,53.8463303035503,Endo
TEAD1,YA,-168,44.3020521020738,Endo
TEAD1,YA,35,38.1861384779184,Endo
STAT3,YA,-22,89.0677214552099,Endo
RELA,YA,-81,59.2102461439564,Endo
RELA,YA,61,58.6140722316813,Endo
RELA,YA,81,65.5467207763445,Endo
RELA,YA,123,58.3752376473824,Endo
TEAD4,YA,169,39.3726251577932,Endo
NFKB1,YA,-101,73.2424331415051,Endo
RELA,YA,-32,59.981729971227,Endo
RELA,YA,11,67.7794749959517,Endo
TEAD1,YA,-185,33.5723791160531,Endo
TEAD4,YA,10,39.1704034479138,Endo
TEAD1,YA,9,40.4301929226909,Endo
TEAD4,YA,-198,39.6396563262989,Endo
TEAD4,YA,105,39.1926905960556,Endo
TEAD1,YA,104,40.8417577933269,Endo
STAT3,YA,155,86.047114211354,Endo
STAT3,YA,-43,85.0393559134128,Endo
STAT3,YA,-185,71.1523291236695,Endo
TEAD1,YA,-57,37.2529903951123,Endo
TEAD4,YA,-57,38.7174763390022,Endo
STAT3,YA,-168,79.6397263439282,Endo
RELA,YA,-123,53.1599028170357,Endo
RELA,YA,45,60.0117216313943,Endo
NFKB1,YA,116,73.77629437302,Endo
RELA,YA,103,54.8978115614172,Endo
TEAD4,YA,128,38.6385988927315,Endo
TEAD1,YA,-76,41.6716468553106,Endo
NFKB1,YA,175,79.1522268216928,Endo
NFKB1,YA,27,69.3516373258508,Endo
RELA,YA,-156,59.4536609782359,Endo
RELA,YA,128,62.4703765506832,Endo
NFKB1,YA,117,63.2081841467915,Endo
TEAD1,YA,-196,36.178483616594,Endo
NFKB1,YA,-188,55.6055442949629,Endo
CEBPB,YA,-120,12.1793452765053,Endo
CEBPB,YA,-156,13.972487218007,Endo
CEBPB,YA,-100,10.0405103434659,Endo
CEBPB,YA,-70,9.27018878151271,Endo
CEBPB,YA,-39,13.7739219936571,Endo
NFKB1,YA,0,69.3816409890575,Endo
IRF1,YA,0,63.5582807380894,Endo
STAT3,YA,129,81.0612149527491,Endo
STAT3,YA,-146,74.2048977726423,Endo
STAT3,YA,1,38.9096105317233,Endo
RELA,YA,-74,52.9988858088529,Endo
CEBPB,YA,159,10.8056908323141,Endo
CEBPB,YA,189,14.0891272680241,Endo
STAT3,YA,-76,86.0936953232407,Endo
CEBPB,YA,-181,7.14201402738247,Endo
CEBPB,YA,-79,12.7300405591045,Endo
CEBPB,YA,123,9.40372788466959,Endo
CEBPB,YA,198,9.62657171325587,Endo
NFKB1,YA,-177,78.3565228501263,Endo
RELA,YA,-96,52.4028206225944,Endo
NFKB1,YA,-115,61.8223086833127,Endo
RELA,YA,192,52.1858323514336,Endo
TEAD4,YA,-95,39.3320838161651,Endo
TEAD4,YA,-28,42.7484883321985,Endo
CEBPB,YA,-151,9.73364062518368,Endo
CEBPB,YA,32,12.3658814471128,Endo
CEBPB,YA,35,15.6187552608803,Endo
CEBPB,YA,99,13.171243374715,Endo
CEBPB,YA,170,7.9715005982965,Endo
CEBPB,YA,180,12.4960144496955,Endo
NFKB1,YA,-64,81.1919346545605,Endo
RELA,YA,108,57.201718060524,Endo
RELA,YA,194,62.9609582680185,Endo
TEAD4,YA,-51,44.1895286422668,Endo
TEAD1,YA,-52,39.5176947011661,Endo
CEBPB,YA,31,14.3490469932151,Endo
CEBPB,YA,40,9.39198399830075,Endo
CEBPB,YA,61,14.3075752131166,Endo
NFKB1,YA,-56,73.9203970432465,Endo
TEAD4,YA,87,36.3494130235243,Endo
NFKB1,YA,-146,67.6623523482375,Endo
NFKB1,YA,-118,77.9185487944304,Endo
NFKB1,YA,3,59.9783561984845,Endo
STAT3,YA,31,83.3522438080138,Endo
STAT3,YA,50,85.0332264943791,Endo
RELA,YA,-9,27.5936053205558,Endo
NFKB1,YA,95,78.4965019340266,Endo
NFKB1,YA,126,85.9389375713816,Endo
STAT3,YA,-69,81.3719483350981,Endo
NFKB1,YA,-108,78.3359031979202,Endo
NFKB1,YA,138,84.3696820023077,Endo
STAT3,YA,-15,71.0283766607683,Endo
CEBPB,YA,52,10.239546306172,Endo
RELA,YA,-7,61.4306677076485,Endo
TEAD4,YA,158,31.653866781482,Endo
RELA,YA,161,53.2049824488501,Endo
NFKB1,YA,123,75.1493643900395,Endo
RELA,YA,13,53.3587390852782,Endo
STAT3,YA,-1,35.1224606436655,Endo
STAT3,YA,-108,77.4479460551435,Endo
RELA,YA,154,60.4680603085664,Endo
RELA,YA,153,60.9212683715898,Endo
NFKB1,YA,-25,69.0203917628534,Endo
TEAD1,YA,92,39.1579512854552,Endo
RELA,YA,144,57.8272138849013,Endo
RELA,YA,155,61.2467581132614,Endo
CEBPB,YA,154,8.92234392270067,Endo
TEAD1,YA,-156,42.393344515662,Endo
RELA,YA,-178,51.4278526706959,Endo
TEAD1,YA,-92,46.9825237528438,Endo
NFKB1,YA,-139,69.2923048826433,Endo
TEAD1,YA,157,35.7384544466054,Endo
TEAD1,YA,71,43.5515275287923,Endo
NFKB1,YA,-184,64.7576819337943,Endo
RELA,YA,101,57.5831605647468,Endo
RELA,YA,163,48.9211700138618,Endo
STAT3,YA,-195,72.7087782733761,Endo
RELA,YA,138,58.663704108007,Endo
CEBPB,YA,140,8.53786531225442,Endo
STAT3,YA,183,74.8810123307921,Endo
NFKB1,YA,-9,81.8908086047301,Endo
NFKB1,YA,125,76.3568501320672,Endo
TEAD4,YA,-200,38.4668174582935,Endo
STAT3,YA,180,79.9971955794485,Endo
RELA,YA,97,72.1675226703951,Endo
NFKB1,YA,198,76.7749659190092,Endo
TEAD4,YA,188,35.1464328119589,Endo
TEAD1,YA,187,35.8337836048025,Endo
NFKB1,YA,24,97.7832460427045,Endo
NFKB1,YA,153,79.1565024022504,Endo
RELA,YA,130,56.7260148899083,Endo
STAT3,YA,34,97.9831336338857,Endo
TEAD4,YA,-97,37.4065934621583,Endo
NFKB1,YA,50,80.001624388121,Endo
STAT3,YA,-136,78.7227635693055,Endo
STAT3,YA,-7,68.78634359925,Endo
RELA,YA,10,53.1242550175646,Endo
CEBPB,YA,-103,9.91890109671908,Endo
TEAD4,YA,55,39.8669452091666,Endo
TEAD1,YA,54,43.08052335153,Endo
CEBPB,YA,18,17.2652667072073,Endo
RELA,YA,-191,47.2727694748323,Endo
NFKB1,YA,-192,74.275930167215,Endo
RELA,YA,-166,56.1076912720926,Endo
TEAD1,YA,59,43.9471672138485,Endo
TEAD1,YA,-147,39.1726854829984,Endo
TEAD1,YA,-69,38.2586478936371,Endo
TEAD4,YA,-69,37.7513219688815,Endo
TEAD4,YA,-93,42.1352311947504,Endo
TEAD4,YA,25,45.6064728189727,Endo
TEAD1,YA,-176,36.9466261292387,Endo
CEBPB,YA,58,9.73617679882895,Endo
RELA,YA,-161,51.4966464735505,Endo
RELA,YA,23,62.0583436310291,Endo
TEAD1,YA,-45,45.6359889355296,Endo
TEAD1,YA,-118,34.2197196593655,Endo
TEAD4,YA,96,40.8213612687227,Endo
STAT3,YA,-133,74.4540512821252,Endo
TEAD1,YA,56,42.5035649696456,Endo
TEAD4,YA,163,35.4133511678957,Endo
TEAD1,YA,162,34.979057440381,Endo
NFKB1,YA,43,77.5391429552454,Endo
NFKB1,YA,140,75.5803392063362,Endo
TEAD4,YA,110,36.4912848395956,Endo
RELA,YA,-136,55.6487553642312,Endo
CEBPB,YA,-62,11.6793356126646,Endo
CEBPB,YA,167,9.63771656645193,Endo
CEBPB,YA,179,12.4234445255178,Endo
RELA,YA,-172,56.7747543451945,Endo
NFKB1,YA,-132,68.8055856462662,Endo
NFKB1,YA,167,84.996668910212,Endo
STAT3,YA,-87,80.6018663228294,Endo
TEAD1,YA,-161,40.5955891302172,Endo
TEAD1,YA,147,41.0677154270927,Endo
NFKB1,YA,86,78.3492170999908,Endo
CEBPB,YA,-123,9.71796428275739,Endo
STAT3,YA,2,23.4460512047521,Endo
STAT3,YA,-145,75.7977943208023,Endo
TEAD1,YA,82,42.9279270886073,Endo
CEBPB,YA,-143,8.06054066053308,Endo
CEBPB,YA,-77,15.0754067201924,Endo
STAT3,YA,-194,73.0363064354624,Endo
RELA,YA,-169,53.6981719783767,Endo
TEAD4,YA,-1,12.5882872889817,Endo
TEAD4,YA,33,36.0373575950967,Endo
TEAD1,YA,32,43.1191996415073,Endo
TEAD4,YA,-129,44.0322308921328,Endo
TEAD4,YA,-73,43.7371774024692,Endo
CEBPB,YA,-89,14.1885285797986,Endo
CEBPB,YA,130,9.35718832789244,Endo
CEBPB,YA,199,10.4762772170669,Endo
STAT3,YA,179,80.327540433235,Endo
NFKB1,YA,-10,38.6686620740695,Endo
STAT3,YA,64,81.7741274878509,Endo
TEAD1,YA,-80,33.3913213594227,Endo
STAT3,YA,-63,75.8227861043497,Endo
RELA,YA,148,53.5285060470545,Endo
RELA,YA,-66,58.5094981826146,Endo
RELA,YA,3,36.0225419053026,Endo
RELA,YA,-154,53.7061381437774,Endo
TEAD4,YA,-104,38.7955326776002,Endo
RELA,YA,-52,58.4240082304819,Endo
TEAD1,YA,-200,38.1215569993636,Endo
TEAD1,YA,-78,44.2592432123549,Endo
TEAD4,YA,-78,44.4947667293205,Endo
RELA,YA,-175,51.0817104339147,Endo
RELA,YA,-113,56.8253184355112,Endo
TEAD4,YA,181,38.6935351629015,Endo
TEAD1,YA,180,43.9517690988053,Endo
RELA,YA,98,57.7797484294045,Endo
STAT3,YA,140,83.7803866140383,Endo
NFKB1,YA,-6,133.052894880031,Endo
TEAD1,YA,-174,37.7586018122601,Endo
TEAD1,YA,-66,42.4841451296304,Endo
CEBPB,YA,-188,11.9673643834573,Endo
CEBPB,YA,-152,12.0849796242657,Endo
STAT3,YA,168,84.3729776514637,Endo
STAT3,YA,-92,80.0710897263423,Endo
TEAD1,YA,88,40.7522642496294,Endo
TEAD4,YA,-14,44.0993548466104,Endo
TEAD4,YA,-42,37.6982093776192,Endo
TEAD1,YA,-43,39.6536294689776,Endo
NFKB1,YA,46,73.8860680744662,Endo
TEAD1,YA,191,42.6336516590761,Endo
STAT3,YA,-179,75.734430638875,Endo
NFKB1,YA,-53,79.9317909966792,Endo
TEAD4,YA,-117,35.4751964727785,Endo
TEAD4,YA,-88,45.0767395692888,Endo
TEAD4,YA,3,76.4660299014637,Endo
TEAD4,YA,73,42.0029895967613,Endo
TEAD4,YA,185,36.2802496803797,Endo
TEAD4,YA,-186,41.0441280027621,Endo
IRF1,YA,2,68.0618454028839,Endo
STAT3,YA,41,88.5194277486396,Endo
TEAD4,YA,-77,37.3053680792424,Endo
RELA,YA,-142,58.0699210520425,Endo
TEAD1,YA,172,41.3826294054663,Endo
RELA,YA,134,56.9733189035902,Endo
STAT3,YA,-9,37.708875780139,Endo
RELA,YA,190,52.5332926864443,Endo
RELA,YA,189,49.6300479177972,Endo
TEAD4,YA,34,35.0748846794556,Endo
TEAD1,YA,33,40.7957709968392,Endo
TEAD1,YA,96,40.4810954447336,Endo
NFKB1,YA,35,71.9837023128869,Endo
NFKB1,YA,-24,73.9446017028178,Endo
RELA,YA,-21,63.0722447118937,Endo
NFKB1,YA,-22,68.2257112364982,Endo
TEAD4,YA,165,43.3178768503195,Endo
TEAD1,YA,164,41.6458491784062,Endo
CEBPB,YA,51,10.5376290664537,Endo
TEAD1,YA,-152,38.6012134129929,Endo
TEAD1,YA,43,44.721433132395,Endo
TEAD1,YA,48,41.1673714182149,Endo
STAT3,YA,-72,81.0564271678388,Endo
STAT3,YA,77,89.5143912347623,Endo
TEAD4,YA,62,39.5840545068057,Endo
TEAD4,YA,-175,37.4113549303893,Endo
CEBPB,YA,-194,10.530704657289,Endo
TEAD4,YA,134,33.0928382494791,Endo
TEAD1,YA,-46,39.7552083021654,Endo
TEAD4,YA,-46,37.5674802147195,Endo
TEAD1,YA,100,46.3344841513221,Endo
TEAD4,YA,86,40.4838521751623,Endo
TEAD4,YA,186,36.6682639471444,Endo
TEAD4,YA,67,43.1994916421067,Endo
CEBPB,YA,158,11.8227012279036,Endo
TEAD4,YA,-185,33.1428991880076,Endo
RELA,YA,-62,64.107598416021,Endo
CEBPB,YA,75,12.7668866299882,Endo
CEBPB,YA,-154,8.79255007332175,Endo
CEBPB,YA,-185,8.42940094328983,Endo
TEAD4,YA,-103,33.4251991384864,Endo
TEAD4,YA,177,37.794142932307,Endo
TEAD4,YA,-179,41.3796314275659,Endo
STAT3,YA,-178,73.5564946010026,Endo
RELA,YA,94,56.0852790259609,Endo
RELA,YA,122,57.4803862032211,Endo
STAT3,YA,-115,72.0759996631319,Endo
STAT3,YA,-197,69.2121436668132,Endo
TEAD1,YA,-85,39.8157374298738,Endo
TEAD4,YA,-85,37.8085194438731,Endo
TEAD1,YA,105,39.9172400364638,Endo
TEAD1,YA,61,37.7005528170229,Endo
TEAD4,YA,61,40.0406875625527,Endo
CEBPB,YA,127,10.1158284201543,Endo
CEBPB,YA,155,9.10121501813552,Endo
STAT3,YA,-75,80.7862167909278,Endo
TEAD1,YA,-111,45.3427977382634,Endo
RELA,YA,-17,64.3542915573284,Endo
RELA,YA,-2,25.5266602096622,Endo
RELA,YA,-13,72.9494373846572,Endo
NFKB1,YA,-13,62.8216223718831,Endo
CEBPB,YA,-165,9.08334588617644,Endo
CEBPB,YA,-11,11.0115954039162,Endo
RELA,YA,-59,59.6132364463405,Endo
NFKB1,YA,-59,66.5185606868386,Endo
STAT3,YA,-49,78.3866520337046,Endo
CEBPB,YA,200,8.3796600827208,Endo
NFKB1,YA,169,80.4983976713143,Endo
TEAD1,YA,-93,35.2305825026022,Endo
RELA,YA,-185,50.9381458912164,Endo
TEAD1,YA,-84,42.1139930054205,Endo
TEAD4,YA,-84,36.4519324707014,Endo
TEAD1,YA,-48,41.2364903959928,Endo
TEAD4,YA,-61,32.2540845418232,Endo
TEAD1,YA,-62,43.0985182571501,Endo
TEAD1,YA,-30,45.938118609608,Endo
TEAD4,YA,-26,35.8525352340577,Endo
NFKB1,YA,16,56.3944851291752,Endo
RELA,YA,127,63.0424990007027,Endo
NFKB1,YA,-159,74.7179277041372,Endo
CEBPB,YA,164,7.38370123017643,Endo
TEAD1,YA,-135,41.5063021696492,Endo
TEAD4,YA,-135,34.8779692988612,Endo
TEAD1,YA,-144,38.4632449732419,Endo
NFKB1,YA,52,74.3593474046734,Endo
TEAD4,YA,-133,40.1179089380109,Endo
CEBPB,YA,178,10.9118140715182,Endo
STAT3,YA,-70,75.6751629264161,Endo
TEAD4,YA,-173,38.9915735881676,Endo
RELA,YA,82,53.4352083801236,Endo
TEAD1,YA,-171,36.1931763673985,Endo
NFKB1,YA,56,82.5401141098154,Endo
NFKB1,YA,172,76.4969731859395,Endo
STAT3,YA,76,78.6099205887162,Endo
TEAD4,YA,164,33.0095768087259,Endo
RELA,YA,141,59.669262945682,Endo
STAT3,YA,-13,50.2042275058009,Endo
RELA,YA,196,63.2936638758975,Endo
STAT3,YA,-175,82.8432434570516,Endo
TEAD4,YA,63,38.9254566452952,Endo
STAT3,YA,95,80.5918580685755,Endo
TEAD1,YA,18,42.1923067470307,Endo
TEAD4,YA,-72,36.8975971629806,Endo
TEAD1,YA,-73,43.8621042352224,Endo
TEAD1,YA,-20,44.0807582121194,Endo
TEAD4,YA,-7,44.2486378031944,Endo
TEAD1,YA,-8,51.5040567196129,Endo
TEAD4,YA,-96,38.0938443668754,Endo
TEAD4,YA,147,42.9943931712499,Endo
RELA,YA,-165,53.6489450767266,Endo
TEAD4,YA,-170,37.3726283954612,Endo
CEBPB,YA,-9,10.0058456550079,Endo
TEAD4,YA,-8,23.1432128589537,Endo
TEAD4,YA,190,38.40960093398,Endo
TEAD1,YA,-70,37.3942637243165,Endo
NFKB1,YA,151,84.6392758128231,Endo
TEAD4,YA,-40,38.8084531808453,Endo
TEAD1,YA,-41,40.2573215940375,Endo
TEAD1,YA,-163,37.3531159479475,Endo
TEAD4,YA,-163,41.8519845304603,Endo
TEAD4,YA,-30,40.9202021231162,Endo
RELA,YA,-125,58.4211255661964,Endo
RELA,YA,119,60.1269866611117,Endo
TEAD4,YA,-176,30.9777237110896,Endo
TEAD1,YA,-113,40.3263344845739,Endo
TEAD4,YA,-113,39.9307850300019,Endo
NFKB1,YA,-97,80.9290387548473,Endo
NFKB1,YA,108,74.3831841313492,Endo
IRF1,YA,-7,44.7990849193253,Endo
TEAD1,YA,85,43.6040012889329,Endo
NFKB1,YA,-45,74.4780571074641,Endo
TEAD4,YA,-174,40.2863829877926,Endo
TEAD4,YA,153,38.1436600810795,Endo
TEAD1,YA,185,36.9123434160522,Endo
TEAD1,YA,-186,41.7898934450466,Endo
STAT3,YA,-51,76.8258356467633,Endo
STAT3,YA,68,84.0248886298421,Endo
TEAD1,YA,132,45.2639120601018,Endo
TEAD1,YA,-142,34.5499065576504,Endo
TEAD4,YA,-142,37.0435421343595,Endo
NFKB1,YA,-109,80.8993559670665,Endo
NFKB1,YA,-93,74.0421749239946,Endo
TEAD4,YA,39,35.8712843708931,Endo
CEBPB,YA,-113,10.9391450094648,Endo
STAT3,YA,-159,71.3928449911663,Endo
STAT3,YA,7,43.590423655463,Endo
CEBPB,YA,153,12.1461920909523,Endo
TEAD1,YA,-59,41.3003775762535,Endo
STAT3,YA,109,77.0379815745368,Endo
STAT3,YA,194,69.7104119461716,Endo
STAT3,YA,197,85.722317996863,Endo
STAT3,YA,-77,84.3757459548158,Endo
CEBPB,YA,-56,13.5409524418286,Endo
NFKB1,YA,-1,93.653063242145,Endo
NFKB1,YA,-150,65.7668408929858,Endo
NFKB1,YA,-47,68.5484372625071,Endo
NFKB1,YA,7,66.1043188393808,Endo
RELA,YA,0,28.3801308653898,Endo
RELA,YA,-151,51.7767980162121,Endo
TEAD4,YA,21,41.257839631624,Endo
TEAD1,YA,-130,44.2496484218452,Endo
TEAD1,YA,-119,42.2082881460583,Endo
RELA,YA,-162,62.5498947417234,Endo
STAT3,YA,-4,23.3146637460865,Endo
TEAD1,YA,119,38.5583812967634,Endo
TEAD4,YA,172,35.7322678482153,Endo
TEAD4,YA,14,39.3882701363969,Endo
CEBPB,YA,-138,11.0509212406742,Endo
TEAD1,YA,199,45.4662015372789,Endo
STAT3,YA,102,80.0232005528691,Endo
TEAD1,YA,-6,31.7318819723345,Endo
STAT3,YA,-42,81.8107501219193,Endo
STAT3,YA,-6,27.5493695173164,Endo
TEAD4,YA,93,42.7466824304834,Endo
TEAD1,YA,-9,25.901198548874,Endo
TEAD4,YA,26,37.9209669701092,Endo
TEAD1,YA,25,41.5196645383145,Endo
CEBPB,YA,-27,12.5676113682312,Endo
IRF1,YA,-3,42.2980801338221,Endo
RELA,YA,-88,55.0428145316963,Endo
CEBPB,YA,124,11.6353497947797,Endo
TEAD4,YA,-128,36.4685658106731,Endo
STAT3,YA,59,79.7452360031796,Endo
RELA,YA,118,54.3588060398251,Endo
TEAD1,YA,-56,37.539732578783,Endo
TEAD4,YA,-56,37.8826903023177,Endo
TEAD4,YA,145,40.0542198259103,Endo
NFKB1,YA,-61,71.3543760286196,Endo
TEAD4,YA,-81,39.8957232934527,Endo
CEBPB,YA,-155,13.0607555457653,Endo
NFKB1,YA,155,85.0752911554771,Endo
STAT3,YA,-79,83.2340741401907,Endo
TEAD1,YA,-82,43.0420992231,Endo
TEAD4,YA,-49,42.277444414385,Endo
CEBPB,YA,64,11.4699460115174,Endo
CEBPB,YA,-61,7.89053578896568,Endo
CEBPB,YA,55,12.9698061893618,Endo
RELA,YA,21,69.5010701836149,Endo
TEAD1,YA,-95,41.3403677162847,Endo
TEAD4,YA,-17,41.4319114262191,Endo
TEAD4,YA,85,40.0028688332659,Endo
TEAD4,YA,-157,36.2403996693633,Endo
STAT3,YA,54,81.8167679125414,Endo
CEBPB,YA,-161,8.23411923445145,Endo
CEBPB,YA,-8,32.5636241511297,Endo
NFKB1,YA,-48,68.0448660606211,Endo
TEAD4,YA,2,42.4487867996429,Endo
TEAD1,YA,29,37.3509293686993,Endo
TEAD1,YA,-193,36.7500930328126,Endo
NFKB1,YA,34,77.2210915978587,Endo
NFKB1,YA,122,73.8047553908013,Endo
RELA,YA,-138,51.9717706365043,Endo
RELA,YA,-46,57.3334717527859,Endo
NFKB1,YA,128,84.3495456188013,Endo
TEAD4,YA,196,35.6364572188034,Endo
CEBPB,YA,-47,11.594011846568,Endo
CEBPB,YA,131,11.2420204084964,Endo
CEBPB,YA,181,10.1344859467931,Endo
NFKB1,YA,161,66.5227504898559,Endo
NFKB1,YA,190,70.6094278866994,Endo
TEAD4,YA,83,39.9156263955004,Endo
TEAD4,YA,99,42.5199466758228,Endo
TEAD1,YA,-199,40.0517619268171,Endo
TEAD4,YA,-199,37.5230812473307,Endo
TEAD4,YA,-155,35.7561151078923,Endo
STAT3,YA,-125,82.955858139074,Endo
NFKB1,YA,183,70.1457769925079,Endo
TEAD1,YA,3,14.1223389824489,Endo
TEAD1,YA,70,42.572900571969,Endo
RELA,YA,-80,58.3994414307998,Endo
TEAD1,YA,-18,44.4905051003695,Endo
CEBPB,YA,-199,10.0416317036286,Endo
NFKB1,YA,-185,69.7117089983843,Endo
RELA,YA,27,57.1753895832515,Endo
TEAD4,YA,-82,40.9187094030946,Endo
NFKB1,YA,-84,69.9768257079797,Endo
CEBPB,YA,88,13.2726872994184,Endo
TEAD1,YA,-86,43.8354174917537,Endo
NFKB1,YA,-176,72.4794046626481,Endo
NFKB1,YA,-183,69.2825767666513,Endo
TEAD4,YA,-75,36.2748032659109,Endo
TEAD4,YA,-90,42.0879243100574,Endo
TEAD4,YA,38,46.7730228779901,Endo
TEAD1,YA,37,40.0294604675829,Endo
TEAD4,YA,75,36.1380181600159,Endo
TEAD4,YA,109,39.5920569119907,Endo
CEBPB,YA,119,9.73158555451187,Endo
NFKB1,YA,31,79.5800763340793,Endo
RELA,YA,96,60.7165658357362,Endo
RELA,YA,150,56.8144691933899,Endo
NFKB1,YA,101,60.2547141306037,Endo
TEAD1,YA,-71,34.91613657977,Endo
TEAD4,YA,-71,37.7702631436351,Endo
TEAD1,YA,109,38.4587636533169,Endo
STAT3,YA,131,77.0834562560009,Endo
IRF1,YA,-4,69.8358543112127,Endo
NFKB1,YA,89,74.7416496519219,Endo
NFKB1,YA,176,79.9777873598456,Endo
TEAD4,YA,-79,37.891401659445,Endo
TEAD4,YA,-149,39.1295494948994,Endo
CEBPB,YA,-97,11.8044121400261,Endo
NFKB1,YA,-66,71.1706333847623,Endo
TEAD4,YA,-39,42.5354798342992,Endo
TEAD4,YA,1,32.3325108573883,Endo
TEAD4,YA,29,37.6698833075467,Endo
TEAD1,YA,-198,37.2275041352778,Endo
CEBPB,YA,-98,11.7087121373626,Endo
NFKB1,YA,-87,85.1625161255038,Endo
RELA,YA,-42,60.5275185354347,Endo
NFKB1,YA,-60,73.7461554066671,Endo
NFKB1,YA,191,87.4903265463054,Endo
NFKB1,YA,-105,75.2906433279717,Endo
NFKB1,YA,-69,70.1680610602205,Endo
NFKB1,YA,-51,74.6088466893462,Endo
TEAD4,YA,-195,33.1122672687409,Endo
IRF1,YA,-8,77.9772614923216,Endo
TEAD4,YA,-70,36.9129138666507,Endo
RELA,YA,-70,59.4741433149383,Endo
CEBPB,YA,14,10.041474706475,Endo
CEBPB,YA,92,13.6478767917138,Endo
STAT3,YA,-141,73.5541123543803,Endo
TEAD1,YA,178,35.0788830718649,Endo
TEAD4,YA,178,39.3415008431604,Endo
TEAD1,YA,-143,36.5639123073737,Endo
CEBPB,YA,-87,11.9911713145755,Endo
NFKB1,YA,-92,71.2067867379611,Endo
RELA,YA,-55,59.4744840229818,Endo
RELA,YA,146,58.5739192121659,Endo
TEAD1,YA,182,37.0635037416914,Endo
CEBPB,YA,-91,8.71814998580699,Endo
CEBPB,YA,30,14.5811224093673,Endo
TEAD4,YA,30,38.2221191783331,Endo
NFKB1,YA,-116,79.4366493771134,Endo
TEAD1,YA,13,49.3876182168829,Endo
TEAD1,YA,159,38.1582762879523,Endo
TEAD1,YA,51,38.3627812400533,Endo
TEAD1,YA,66,42.055889608633,Endo
TEAD4,YA,66,40.5833263404555,Endo
RELA,YA,-37,58.8913962625732,Endo
NFKB1,YA,75,69.2287659464492,Endo
CEBPB,YA,-158,10.509766144041,Endo
RELA,YA,39,53.4619331350498,Endo
RELA,YA,-87,56.910475003204,Endo
CEBPB,YA,95,11.8267973553491,Endo
TEAD1,YA,26,42.4597298678053,Endo
TEAD1,YA,114,42.7807739573687,Endo
TEAD4,YA,141,41.0267519360363,Endo
RELA,YA,-40,67.7700125202073,Endo
TEAD4,YA,106,38.2471320192155,Endo
STAT3,YA,-162,76.5518051284667,Endo
TEAD4,YA,-115,35.0989335103376,Endo
CEBPB,YA,-140,7.44768263717997,Endo
CEBPB,YA,138,9.51254618293155,Endo
NFKB1,YA,-30,56.7387838752914,Endo
RELA,YA,-171,49.7246265386659,Endo
STAT3,YA,-170,72.7929548655865,Endo
RELA,YA,43,62.3234372002604,Endo
CEBPB,YA,24,12.3815184144089,Endo
TEAD1,YA,-132,31.1436274740892,Endo
CEBPB,YA,-192,8.08829706007012,Endo
CEBPB,YA,77,10.8759229425507,Endo
CEBPB,YA,-12,7.99857534342055,Endo
CEBPB,YA,39,13.4277917091804,Endo
NFKB1,YA,11,65.9182080327608,Endo
TEAD4,YA,52,36.7877292500299,Endo
NFKB1,YA,154,73.0776691304492,Endo
TEAD4,YA,6,41.6008364361179,Endo
TEAD1,YA,5,13.2398283171065,Endo
TEAD4,YA,7,20.8692069969284,Endo
TEAD1,YA,6,46.6325794860105,Endo
TEAD1,YA,146,42.0352728645222,Endo
TEAD4,YA,-187,36.0193108180668,Endo
TEAD1,YA,-164,36.839651232898,Endo
TEAD1,YA,-129,41.9466289065295,Endo
NFKB1,YA,-103,80.0782699432875,Endo
NFKB1,YA,-191,71.1945764243705,Endo
TEAD1,YA,168,38.9155700994918,Endo
TEAD1,YA,175,45.1144507169721,Endo
STAT3,YA,-130,70.0749447727238,Endo
TEAD1,YA,-49,40.3340455085636,Endo
TEAD4,YA,179,32.0773787351701,Endo
NFKB1,YA,-126,78.606128371455,Endo
TEAD1,YA,-88,40.3773940261007,Endo
CEBPB,YA,86,14.6007141283833,Endo
NFKB1,YA,-155,71.9777475195524,Endo
TEAD1,YA,-158,38.0731424865597,Endo
RELA,YA,-180,49.4475669510446,Endo
TEAD1,YA,38,39.0216490817335,Endo
STAT3,YA,-114,79.8803506298037,Endo
NFKB1,YA,109,83.7485345833664,Endo
NFKB1,YA,-121,69.7144704460896,Endo
TEAD1,YA,189,40.5213005780861,Endo
NFKB1,YA,200,76.9526602784638,Endo
CEBPB,YA,-200,12.3420450586751,Endo
CEBPB,YA,-124,10.7952683739753,Endo
CEBPB,YA,-63,11.6819632107469,Endo
CEBPB,YA,160,10.6500676877314,Endo
TEAD4,YA,-18,46.8913290872739,Endo
TEAD4,YA,17,42.0145100649743,Endo
CEBPB,YA,163,11.9081400129813,Endo
RELA,YA,91,60.7614455080407,Endo
TEAD4,YA,-83,39.5081399090608,Endo
NFKB1,YA,-113,77.712880303344,Endo
TEAD4,YA,193,41.1191729433033,Endo
TEAD4,YA,171,36.0449697355111,Endo
CEBPB,YA,46,10.9124257339525,Endo
CEBPB,YA,48,16.4152296371003,Endo
CEBPB,YA,-86,13.7982854267156,Endo
NFKB1,YA,144,75.4113323511869,Endo
TEAD1,YA,-177,35.5486737416174,Endo
TEAD1,YA,46,39.0847838300982,Endo
TEAD4,YA,129,40.8288435137286,Endo
TEAD1,YA,128,40.9495668185007,Endo
TEAD1,YA,95,45.3229212605138,Endo
CEBPB,YA,87,11.5419381819512,Endo
CEBPB,YA,166,9.33209808721391,Endo
TEAD1,YA,-109,43.7591176679445,Endo
TEAD4,YA,-109,42.3428956330207,Endo
TEAD4,YA,-130,43.2469011723042,Endo
NFKB1,YA,-100,81.3675709978011,Endo
TEAD1,YA,-58,45.6822654984254,Endo
TEAD1,YA,60,38.3425047501082,Endo
TEAD1,YA,7,28.8012933430811,Endo
TEAD4,YA,-181,37.2215404908703,Endo
NFKB1,YA,83,75.2995209010537,Endo
TEAD1,YA,-110,41.538290954545,Endo
NFKB1,YA,179,67.2320276926766,Endo
NFKB1,YA,-96,81.0024842878695,Endo
STAT3,YA,-196,69.6673456129204,Endo
TEAD1,YA,30,38.9821665313527,Endo
TEAD4,YA,-41,44.6252490371737,Endo
TEAD1,YA,-42,39.2786726212525,Endo
TEAD1,YA,-108,36.104321729133,Endo
TEAD4,YA,-108,42.2948180737242,Endo
TEAD1,YA,183,46.0214866841277,Endo
NFKB1,YA,-110,63.8434743604911,Endo
TEAD4,YA,139,40.4167351615756,Endo
TEAD1,YA,138,42.7355719364615,Endo
TEAD4,YA,-9,22.9045526582906,Endo
TEAD1,YA,-10,25.9684766437267,Endo
CEBPB,YA,56,11.8166001278427,Endo
CEBPB,YA,129,9.61304849702671,Endo
CEBPB,YA,-68,12.0253917760301,Endo
CEBPB,YA,91,11.2993803040772,Endo
CEBPB,YA,-35,14.2331326799854,Endo
TEAD1,YA,16,46.2544893030472,Endo
TEAD1,YA,-146,32.8002742067981,Endo
TEAD4,YA,-45,39.9628576343219,Endo
CEBPB,YA,-13,8.08858096320192,Endo
RELA,YA,-51,57.9678320547047,Endo
NFKB1,YA,113,74.8086556054365,Endo
CEBPB,YA,-102,11.4747177955497,Endo
CEBPB,YA,-5,4.32175359590091,Endo
TEAD4,YA,40,36.8244259995544,Endo
TEAD4,YA,104,39.3716715357673,Endo
CEBPB,YA,-49,11.0527679793878,Endo
CEBPB,YA,156,8.99967254545995,Endo
CEBPB,YA,-186,9.99251260410874,Endo
CEBPB,YA,-129,10.4196414267411,Endo
CEBPB,YA,-53,9.89200889575239,Endo
TEAD1,YA,141,39.0162245211541,Endo
CEBPB,YA,106,7.55137797983488,Endo
CEBPB,YA,196,11.199980707161,Endo
CEBPB,YA,-197,8.8175218912875,Endo
CEBPB,YA,-178,9.6495145080298,Endo
TEAD4,YA,19,41.6068936533047,Endo
RELA,YA,178,56.2956353184572,Endo
CEBPB,YA,113,12.1515257346677,Endo
CEBPB,YA,-177,7.95490067089547,Endo
CEBPB,YA,-163,10.0792674394084,Endo
CEBPB,YA,90,10.9911248768816,Endo
TEAD4,YA,140,40.0923773239663,Endo
STAT3,YA,-190,64.7838553010786,Endo
RELA,YA,186,53.0271315359055,Endo
TEAD1,YA,103,42.0395149620264,Endo
TEAD4,YA,-65,39.1270880078794,Endo
TEAD4,YA,56,41.802624100655,Endo
TEAD1,YA,55,41.2983652922556,Endo
TEAD4,YA,-145,33.7003141986549,Endo
NFKB1,YA,-80,71.5535263584119,Endo
STAT3,YA,189,73.0458663312255,Endo
TEAD4,YA,183,34.8656934143866,Endo
TEAD4,YA,151,39.2297468884717,Endo
TEAD4,YA,114,42.5954324766814,Endo
NFKB1,YA,65,67.0086554181872,Endo
TEAD1,YA,-40,42.7302156692451,Endo
TEAD4,YA,-148,35.4789124120751,Endo
CEBPB,YA,-46,11.6260596433225,Endo
CEBPB,YA,-95,10.9029458840198,Endo
STAT3,YA,-105,85.9639754392718,Endo
TEAD4,YA,45,38.7761455523935,Endo
TEAD1,YA,44,37.3326303987948,Endo
TEAD4,YA,-31,32.2758833625959,Endo
STAT3,YA,113,81.3036878246964,Endo
TEAD4,YA,49,36.4171916222067,Endo
NFKB1,YA,84,79.1085844884542,Endo
STAT3,YA,-5,34.596605489382,Endo
CEBPB,YA,-38,10.4448463640703,Endo
TEAD1,YA,36,42.9625160846306,Endo
TEAD4,YA,36,37.429369942012,Endo
CEBPB,YA,-193,6.61499169365613,Endo
CEBPB,YA,-48,10.863656409964,Endo
CEBPB,YA,105,13.8932172273683,Endo
CEBPB,YA,157,9.51513194103154,Endo
CEBPB,YA,8,6.35088137410588,Endo
CEBPB,YA,63,8.6700942417442,Endo
TEAD1,YA,-96,35.72760969632,Endo
CEBPB,YA,-37,11.7868760466843,Endo
CEBPB,YA,57,10.2940447718235,Endo
TEAD4,YA,200,39.108385899082,Endo
TEAD4,YA,81,37.7037216753311,Endo
TEAD1,YA,197,38.3831981638513,Endo
CEBPB,YA,165,8.55605012178327,Endo
CEBPB,YA,-189,9.41065462553297,Endo
RELA,YA,-111,56.3304773774323,Endo
TEAD1,YA,64,37.2316526026016,Endo
NFKB1,YA,-62,71.7144302350855,Endo
CEBPB,YA,-71,9.35605856838309,Endo
RELA,YA,7,40.5516813493747,Endo
CEBPB,YA,126,13.2402594451514,Endo
TEAD4,YA,182,37.0151800366004,Endo
RELA,YA,-3,22.8472291007111,Endo
TEAD4,YA,-196,34.14906850476,Endo
CEBPB,YA,71,11.2364427840109,Endo
CEBPB,YA,-34,12.7080475401419,Endo
CEBPB,YA,183,7.16760554336746,Endo
RELA,YA,65,58.7887995860105,Endo
TEAD1,YA,-189,42.5533720603478,Endo
TEAD4,YA,70,39.5698203827207,Endo
CEBPB,YA,-131,10.7071419909512,Endo
NFKB1,YA,-131,73.4725265678045,Endo
CEBPB,YA,5,6.59914281257737,Endo
CEBPB,YA,172,6.48319848911654,Endo
TEAD4,YA,4,19.8695318152534,Endo
CEBPB,YA,142,9.05461071119669,Endo
CEBPB,YA,-31,9.89613619402348,Endo
CEBPB,YA,148,11.2766801518229,Endo
CEBPB,YA,-84,12.9573895203167,Endo
CEBPB,YA,-44,9.74960772261378,Endo
TEAD1,YA,-180,35.3648936203858,Endo
TEAD4,YA,-180,31.4273074760053,Endo
CEBPB,YA,83,14.3868758152258,Endo
TEAD4,YA,-156,37.2367454619212,Endo
TEAD1,YA,8,29.812495998889,Endo
CEBPB,YA,-83,9.13424521483396,Endo
CEBPB,YA,-54,13.1551560531465,Endo
CEBPB,YA,102,8.51097950159677,Endo
CEBPB,YA,177,12.0930212517916,Endo
CEBPB,YA,-10,12.4948154150442,Endo
CEBPB,YA,-133,13.456422204825,Endo
CEBPB,YA,117,9.9045187539042,Endo
CEBPB,YA,47,13.9773736683697,Endo
CEBPB,YA,59,11.3260925024832,Endo
CEBPB,YA,53,11.4480683544067,Endo
CEBPB,YA,89,11.4934825174315,Endo
CEBPB,YA,175,10.3404515061845,Endo
TEAD1,YA,143,38.0640426610913,Endo
CEBPB,YA,97,8.38200205467175,Endo
CEBPB,YA,25,13.4179160090173,Endo
STAT3,YA,-8,34.156577052935,Endo
CEBPB,YA,19,13.061498942368,Endo
CEBPB,YA,44,9.02096214705423,Endo
CEBPB,YA,-107,8.10727009617137,Endo
TEAD1,YA,-7,11.9423431887869,Endo
CEBPB,YA,-196,9.14783299036078,Endo
CEBPB,YA,-183,8.35161767507453,Endo
CEBPB,YA,145,9.75401429363315,Endo
CEBPB,YA,112,10.3658673996601,Endo
NFKB1,YA,93,68.399433216441,Endo
TEAD4,YA,90,39.6312819606717,Endo
NFKB1,YA,-4,38.0846700175792,Endo
CEBPB,YA,-118,11.8834793786164,Endo
NFKB1,YA,8,46.7257852185401,Endo
CEBPB,YA,-198,8.92793620061426,Endo
CEBPB,YA,-66,10.9711387640317,Endo
CEBPB,YA,80,13.9572589095819,Endo
RELA,YA,-195,52.7569643510036,Endo
CEBPB,YA,-101,9.31875009195371,Endo
CEBPB,YA,185,12.2605262477088,Endo
CEBPB,YA,-172,9.45589619067388,Endo
CEBPB,YA,-148,10.144735400875,Endo
CEBPB,YA,120,9.18628535463489,Endo
CEBPB,YA,-72,8.79824855440933,Endo
CEBPB,YA,26,12.2608436943234,Endo
CEBPB,YA,-80,8.81090733390552,Endo
TEAD1,YA,0,18.4394812161799,Endo
CEBPB,YA,-167,10.8858776125366,Endo
TEAD4,YA,174,40.8029279110949,Endo
CEBPB,YA,-127,10.6739027863773,Endo
CEBPB,YA,-81,11.5033367698197,Endo
CEBPB,YA,-180,10.5077555692266,Endo
CEBPB,YA,23,10.6544526519658,Endo
TEAD4,YA,44,34.8350003521068,Endo
CEBPB,YA,-75,9.08935278838135,Endo
NFKB1,YA,81,76.6045106241235,Endo
NFKB1,YA,185,76.7836914385446,Endo
CEBPB,YA,49,12.5785371353989,Endo
TEAD1,YA,129,40.5815552482408,Endo
CEBPB,YA,-184,9.78722172627313,Endo
CEBPB,YA,-114,9.85922260428086,Endo
STAT3,YA,135,76.8849785595149,Endo
CEBPB,YA,195,8.42501473243538,Endo
CEBPB,YA,193,12.8562978697107,Endo
CEBPB,YA,-190,11.3358103124412,Endo
CEBPB,YA,-128,7.92279368646084,Endo
TEAD4,YA,8,27.5991592920887,Endo
CEBPB,YA,-168,9.28326530413589,Endo
CEBPB,YA,-36,11.4690653270621,Endo
TEAD4,YA,54,32.3176658545761,Endo
CEBPB,YA,-116,10.7868843860241,Endo
CEBPB,YA,168,9.94715630274479,Endo
CEBPB,YA,66,10.4900257581811,Endo
TEAD4,YA,-191,34.3153897656421,Endo
CEBPB,YA,0,8.06755476750209,Endo
CEBPB,YA,-26,10.7883067266244,Endo
TEAD4,YA,-5,23.0745410556649,Endo
CEBPB,YA,-74,10.0480251112947,Endo
TEAD1,YA,-2,15.1100238581637,Endo
CEBPB,YA,-108,7.54670464244789,Endo
CEBPB,YA,152,9.7314951638482,Endo
CEBPB,YA,-73,10.8025528877203,Endo
CEBPB,YA,84,12.0037687362641,Endo
CEBPB,YA,121,12.5799218633528,Endo
CEBPB,YA,60,9.26727327593746,Endo
TEAD4,YA,37,44.0017767234384,Endo
TEAD4,YA,-86,43.3769283399008,Endo
CEBPB,YA,17,10.4624220419917,Endo
CEBPB,YA,94,10.3002405872215,Endo
CEBPB,YA,-111,9.07977578796469,Endo
CEBPB,YA,-149,8.51086992873054,Endo
CEBPB,YA,103,10.3801821982929,Endo
CEBPB,YA,133,9.35989765331583,Endo
CEBPB,YA,-137,11.117215940225,Endo
CEBPB,YA,-106,8.80735574983961,Endo
CEBPB,YA,-179,13.6753855366236,Endo
CEBPB,YA,-122,9.4125096102694,Endo
CEBPB,YA,-182,9.31592861105051,Endo
CEBPB,YA,132,9.99825566166107,Endo
CEBPB,YA,194,8.81557993535012,Endo
CEBPB,YA,-17,9.1802348548494,Endo
CEBPB,YA,125,9.13512813860483,Endo
CEBPB,YA,-45,11.4658749750569,Endo
CEBPB,YA,143,12.5767242793323,Endo
CEBPB,YA,122,9.29248521167268,Endo
TEAD4,YA,-2,31.2383995004561,Endo
CEBPB,YA,-109,8.75523166928488,Endo
CEBPB,YA,-3,27.3743404610593,Endo
CEBPB,YA,173,11.161561334227,Endo
CEBPB,YA,-171,9.22798184197663,Endo
CEBPB,YA,144,8.85475422029498,Endo
CEBPB,YA,-115,10.4497502318246,Endo
CEBPB,YA,-15,8.42926857784991,Endo
TEAD1,YA,-126,36.0066543598937,Endo
CEBPB,YA,74,8.50914399894431,Endo
CEBPB,YA,-117,9.40134163169661,Endo
CEBPB,YA,-58,12.9316590265085,Endo
CEBPB,YA,108,9.3955138614932,Endo
CEBPB,YA,190,11.8562736745179,Endo
CEBPB,YA,41,11.4907468951246,Endo
CEBPB,YA,98,8.88050027060646,Endo
CEBPB,YA,-135,5.5426300659935,Endo
CEBPB,YA,-121,7.66957842322927,Endo
CEBPB,YA,182,12.1561018720185,Endo
CEBPB,YA,192,10.7811525313693,Endo
CEBPB,YA,176,9.34117464861991,Endo
CEBPB,YA,-173,10.1881952046272,Endo
CEBPB,YA,-104,9.23470807846937,Endo
CEBPB,YA,16,9.22482300366823,Endo
CEBPB,YA,78,15.2490872102618,Endo
CEBPB,YA,-174,10.3983588175866,Endo
CEBPB,YA,151,10.3465816873216,Endo
CEBPB,YA,147,10.4428958649662,Endo
CEBPB,YA,-96,10.4026408395103,Endo
CEBPB,YA,-1,5.32915570899109,Endo
CEBPB,YA,-159,9.21630955428005,Endo
CEBPB,YA,-175,9.72597279454235,Endo
CEBPB,YA,186,11.4065857986249,Endo
CEBPB,YA,-157,8.48494392794003,Endo
CEBPB,YA,149,11.8994698633406,Endo
CEBPB,YA,-69,10.0740028458816,Endo
CEBPB,YA,174,11.580924855709,Endo
CEBPB,YA,79,10.3296441099989,Endo
CEBPB,YA,-57,12.7572666286885,Endo
CEBPB,YA,33,10.0125241962687,Endo
CEBPB,YA,-160,10.3102629794215,Endo
CEBPB,YA,-64,11.3172296544614,Endo
CEBPB,YA,-41,9.16821756368866,Endo
CEBPB,YA,135,7.81711402610317,Endo
CEBPB,YA,6,4.60875345084466,Endo
CEBPB,YA,141,10.8098303163627,Endo
CEBPB,YA,184,7.23632696965179,Endo
CEBPB,YA,162,9.70649054287132,Endo
CEBPB,YA,-18,8.16663767425482,Endo
CEBPB,YA,-24,8.38350576841795,Endo
CEBPB,YA,-195,10.6513811639355,Endo
CEBPB,YA,-130,7.59932543062473,Endo
CEBPB,YA,-2,2.87671208148678,Endo
CEBPB,YA,82,10.1229459248859,Endo
CEBPB,YA,-59,6.77305232400218,Endo
CEBPB,YA,-105,8.05319534840837,Endo
CEBPB,YA,-14,6.16684917567164,Endo
CEBPB,YA,118,8.66259416664943,Endo
CEBPB,YA,-16,9.77218836582517,Endo
CEBPB,YA,-150,8.37359184032229,Endo
CEBPB,YA,45,7.9181636726905,Endo
CEBPB,YA,54,11.3432126457713,Endo
CEBPB,YA,15,9.8570312417544,Endo
CEBPB,YA,4,1.75162873320034,Endo
CEBPB,YA,-110,6.87848709031685,Endo
CEBPB,YA,-76,9.05083564307017,Endo
CEBPB,YA,-119,8.75216108810416,Endo
CEBPB,YA,187,9.54649554256752,Endo
CEBPB,YA,-132,9.46711969518037,Endo
CEBPB,YA,115,7.5854842591012,Endo
CEBPB,YA,-146,11.9689227186899,Endo
CEBPB,YA,161,7.97258302346069,Endo
CEBPB,YA,38,12.7778550847641,Endo
CEBPB,YA,101,7.18989147507241,Endo
CEBPB,YA,-187,10.3098727205606,Endo
CEBPB,YA,116,11.1279987811779,Endo
CEBPB,YA,1,3.22354529322856,Endo
CEBPB,YA,-67,8.26238816578765,Endo
CEBPB,YA,76,10.0121536581369,Endo
CEBPB,YA,-145,10.3106566524465,Endo
CEBPB,YA,-28,11.1746241435315,Endo
CEBPB,YA,3,1.66621241766431,Endo
NFKB1,HA,116,72.775460242765,Endo
CEBPB,HA,147,11.5561696923048,Endo
IRF1,HA,-23,325.243061716068,Endo
STAT3,HA,182,77.0345913600016,Endo
NFKB1,HA,179,76.4318488813881,Endo
RELA,HA,98,54.5242769042272,Endo
RELA,HA,62,71.1358742882533,Endo
RELA,HA,23,69.8467533664914,Endo
RELA,HA,-86,63.2491853118594,Endo
RELA,HA,161,54.4156231431214,Endo
RELA,HA,125,62.9213585128161,Endo
RELA,HA,86,62.6206062103747,Endo
RELA,HA,-23,69.2444522202604,Endo
NFKB1,HA,-146,77.7482616576717,Endo
NFKB1,HA,-136,66.7211637203997,Endo
NFKB1,HA,-102,70.9852166260462,Endo
NFKB1,HA,40,82.0019659432143,Endo
RELA,HA,-198,52.4690529815899,Endo
RELA,HA,-85,55.994867782242,Endo
RELA,HA,-35,65.1504976618119,Endo
RELA,HA,-28,64.6199941525393,Endo
RELA,HA,32,66.1997336190322,Endo
RELA,HA,89,62.237288246757,Endo
RELA,HA,174,54.3466274147888,Endo
RELA,HA,-140,58.8449403111868,Endo
RELA,HA,-84,57.3484451045506,Endo
RELA,HA,-83,54.2122550553931,Endo
RELA,HA,39,57.176458938489,Endo
RELA,HA,159,58.165236508387,Endo
IRF1,HA,-106,289.559092497621,Endo
TEAD1,HA,-160,40.5245685359085,Endo
TEAD4,HA,-160,36.6491776158327,Endo
IRF1,HA,-99,280.629072147167,Endo
TEAD1,HA,-153,40.4337801353906,Endo
TEAD4,HA,-153,40.4492686227833,Endo
IRF1,HA,34,343.654481345569,Endo
TEAD1,HA,-20,41.768523774658,Endo
TEAD4,HA,-20,41.1039344201666,Endo
IRF1,HA,-100,294.458877851233,Endo
IRF1,HA,-168,255.223346614187,Endo
IRF1,HA,-174,248.890396215614,Endo
IRF1,HA,-180,247.044951482102,Endo
IRF1,HA,67,311.47797628522,Endo
TEAD1,HA,13,45.576564000126,Endo
TEAD4,HA,13,41.6589596209339,Endo
IRF1,HA,-67,313.312199899994,Endo
IRF1,HA,-135,305.62040971652,Endo
IRF1,HA,-141,292.316756489652,Endo
IRF1,HA,-147,298.691173430181,Endo
IRF1,HA,75,318.174440669572,Endo
TEAD1,HA,21,41.11958958871,Endo
TEAD4,HA,21,40.4171721798237,Endo
IRF1,HA,-59,301.741393246548,Endo
IRF1,HA,-127,283.928249226837,Endo
IRF1,HA,-133,304.749204003404,Endo
IRF1,HA,-139,290.47558684711,Endo
IRF1,HA,84,326.339612988423,Endo
TEAD1,HA,30,46.4089894376509,Endo
TEAD4,HA,30,43.6789336036558,Endo
IRF1,HA,-50,339.539486148323,Endo
IRF1,HA,-118,301.402447034961,Endo
IRF1,HA,-124,293.461445944577,Endo
IRF1,HA,-130,284.981374802524,Endo
IRF1,HA,115,322.410359420935,Endo
TEAD1,HA,61,36.4952278614214,Endo
TEAD4,HA,61,42.522124492363,Endo
IRF1,HA,-19,232.096931384413,Endo
IRF1,HA,-87,297.663136988516,Endo
IRF1,HA,-93,299.00990965949,Endo
IRF1,HA,181,299.879664299182,Endo
TEAD1,HA,127,42.5179009577974,Endo
TEAD4,HA,127,44.7055221944023,Endo
IRF1,HA,47,344.012013239414,Endo
IRF1,HA,-21,281.220704748023,Endo
IRF1,HA,-27,330.021633342836,Endo
IRF1,HA,-33,335.207380360966,Endo
IRF1,HA,182,300.31633991095,Endo
TEAD1,HA,128,38.5072811023735,Endo
TEAD4,HA,128,35.5557538819067,Endo
IRF1,HA,48,346.127483799646,Endo
IRF1,HA,-20,247.043938798142,Endo
IRF1,HA,-26,322.032754040721,Endo
IRF1,HA,-32,327.141180284881,Endo
IRF1,HA,187,315.421755764431,Endo
TEAD1,HA,133,39.2383691467525,Endo
TEAD4,HA,133,42.5093102866026,Endo
IRF1,HA,53,336.49929773797,Endo
IRF1,HA,-15,164.716925702704,Endo
TEAD1,HA,176,36.7151488274131,Endo
TEAD4,HA,176,36.7566501476846,Endo
IRF1,HA,96,324.685087413273,Endo
IRF1,HA,28,327.956755202773,Endo
IRF1,HA,22,329.977169122421,Endo
IRF1,HA,16,219.524445313649,Endo
TEAD1,HA,179,42.6337459599707,Endo
TEAD4,HA,179,37.6282360425296,Endo
IRF1,HA,99,310.785757529923,Endo
IRF1,HA,31,343.99030691667,Endo
IRF1,HA,25,330.737978973783,Endo
IRF1,HA,19,271.436775642712,Endo
IRF1,HA,124,325.28332557506,Endo
IRF1,HA,56,334.399264016807,Endo
IRF1,HA,50,349.187284025301,Endo
IRF1,HA,44,346.144210620216,Endo
IRF1,HA,145,324.455555323808,Endo
IRF1,HA,77,322.169418464174,Endo
IRF1,HA,71,311.0700484623,Endo
IRF1,HA,65,321.256610347497,Endo
IRF1,HA,147,309.909717665368,Endo
IRF1,HA,79,311.670689731123,Endo
IRF1,HA,73,316.176515878064,Endo
IRF1,HA,160,315.212109983179,Endo
IRF1,HA,92,317.739369065049,Endo
IRF1,HA,86,324.348013245622,Endo
IRF1,HA,80,312.678107281693,Endo
IRF1,HA,171,297.564546046285,Endo
IRF1,HA,165,313.911778444833,Endo
IRF1,HA,159,304.685213589525,Endo
IRF1,HA,178,305.109742696557,Endo
IRF1,HA,172,315.197048331962,Endo
IRF1,HA,166,288.191172789331,Endo
TEAD4,HA,-129,43.8208943014037,Endo
TEAD1,HA,-130,39.5485287298612,Endo
TEAD4,HA,-82,35.2734210146409,Endo
TEAD1,HA,-83,41.2963125185669,Endo
TEAD4,HA,100,38.0912839651116,Endo
TEAD1,HA,99,38.5467479552271,Endo
TEAD4,HA,116,37.3247281169178,Endo
TEAD1,HA,115,36.1171004868772,Endo
TEAD4,HA,145,41.5001578587249,Endo
TEAD1,HA,144,43.7250932664614,Endo
TEAD4,HA,167,43.5571092709732,Endo
TEAD1,HA,166,39.5131170748353,Endo
TEAD4,HA,169,36.7291656567159,Endo
TEAD1,HA,168,38.1639267925849,Endo
NFKB1,HA,-137,78.2428216907503,Endo
NFKB1,HA,-58,69.5180474014041,Endo
NFKB1,HA,-56,76.5354246520421,Endo
NFKB1,HA,-28,75.7810032734886,Endo
NFKB1,HA,-6,126.200772543747,Endo
NFKB1,HA,4,134.208382322876,Endo
NFKB1,HA,135,78.6051811871154,Endo
NFKB1,HA,154,69.9433668974056,Endo
NFKB1,HA,185,75.6201088041719,Endo
NFKB1,HA,3,65.0880907344381,Endo
NFKB1,HA,52,71.9565800770178,Endo
NFKB1,HA,147,84.7601424489647,Endo
RELA,HA,-120,67.9344071387529,Endo
RELA,HA,19,65.6806899225239,Endo
NFKB1,HA,-44,83.6047355298195,Endo
NFKB1,HA,-16,98.436167522312,Endo
NFKB1,HA,17,69.8941668577104,Endo
NFKB1,HA,195,76.5463439175992,Endo
NFKB1,HA,-153,72.3855636831035,Endo
NFKB1,HA,-13,68.0959021696199,Endo
NFKB1,HA,157,70.8067604901325,Endo
NFKB1,HA,95,79.7046439784119,Endo
NFKB1,HA,119,79.1779609451359,Endo
TEAD4,HA,-120,32.9425503384243,Endo
TEAD4,HA,37,43.0632815606104,Endo
TEAD1,HA,-87,42.1308925764734,Endo
IRF1,HA,-144,291.855769299936,Endo
IRF1,HA,-54,321.637948583868,Endo
IRF1,HA,-10,136.683679940369,Endo
IRF1,HA,6,85.4462613243048,Endo
IRF1,HA,57,318.581653844365,Endo
IRF1,HA,102,312.724531460668,Endo
IRF1,HA,143,320.525117916096,Endo
IRF1,HA,150,333.196613800443,Endo
STAT3,HA,63,85.6481732495149,Endo
NFKB1,HA,-20,80.9912065619736,Endo
NFKB1,HA,191,68.1507128218402,Endo
RELA,HA,9,34.1813054253257,Endo
RELA,HA,173,57.8999611775649,Endo
RELA,HA,192,49.3260411902597,Endo
STAT3,HA,-172,75.3948752520651,Endo
STAT3,HA,-144,69.8786778511547,Endo
STAT3,HA,-142,70.9626241702257,Endo
STAT3,HA,-43,86.0591316459168,Endo
STAT3,HA,159,76.5716821708354,Endo
RELA,HA,-39,62.459533903934,Endo
RELA,HA,61,58.2249637368196,Endo
RELA,HA,1,25.6153468056479,Endo
STAT3,HA,-88,74.3508794283252,Endo
STAT3,HA,151,75.1456457619571,Endo
RELA,HA,-59,60.8564924682088,Endo
NFKB1,HA,23,77.7069091857551,Endo
RELA,HA,22,66.2654521842354,Endo
NFKB1,HA,101,81.813480755228,Endo
RELA,HA,100,60.1238536782796,Endo
NFKB1,HA,155,87.2405732605984,Endo
RELA,HA,154,61.4083328985557,Endo
TEAD4,HA,-137,38.2534258442173,Endo
TEAD1,HA,-138,36.981143782526,Endo
TEAD4,HA,-36,42.9935268902075,Endo
TEAD1,HA,-37,36.7772372776946,Endo
STAT3,HA,-178,75.0750409217433,Endo
STAT3,HA,-140,78.4187796127669,Endo
STAT3,HA,-136,73.5496011136652,Endo
STAT3,HA,-135,77.1692519217083,Endo
STAT3,HA,-129,84.4774552272287,Endo
STAT3,HA,15,88.0883745581582,Endo
STAT3,HA,35,89.3021951535262,Endo
STAT3,HA,-65,82.2711479913762,Endo
STAT3,HA,170,80.9492556536158,Endo
RELA,HA,-99,57.2869059285459,Endo
STAT3,HA,-190,72.5833011447593,Endo
STAT3,HA,97,82.6059911461888,Endo
STAT3,HA,118,73.9748622500398,Endo
RELA,HA,-200,46.1602063350438,Endo
RELA,HA,11,65.4349705412022,Endo
RELA,HA,103,50.1866176818114,Endo
RELA,HA,171,55.0809344139944,Endo
NFKB1,HA,-172,83.8080968311019,Endo
NFKB1,HA,-68,74.8393085736916,Endo
NFKB1,HA,60,81.1595493650658,Endo
CEBPB,HA,-152,9.16144370667683,Endo
CEBPB,HA,-122,12.3906725995686,Endo
CEBPB,HA,-100,11.045227764061,Endo
CEBPB,HA,-68,11.6396077402667,Endo
CEBPB,HA,-43,11.3911726439803,Endo
CEBPB,HA,-18,15.5831148900343,Endo
CEBPB,HA,87,15.0371148988628,Endo
CEBPB,HA,137,9.42904004085294,Endo
CEBPB,HA,193,7.7592038581446,Endo
CEBPB,HA,196,11.6681199705163,Endo
STAT3,HA,65,79.0209293616982,Endo
TEAD4,HA,-169,34.9261524095616,Endo
TEAD1,HA,-170,28.6344098739263,Endo
STAT3,HA,-173,72.4887329828275,Endo
TEAD4,HA,-116,40.9994400401627,Endo
TEAD1,HA,-117,38.6553580846787,Endo
STAT3,HA,-120,86.289902208202,Endo
TEAD4,HA,2,40.5266938801669,Endo
TEAD1,HA,1,48.9444112385213,Endo
STAT3,HA,-2,158.672484503277,Endo
TEAD4,HA,43,35.5866549465943,Endo
TEAD1,HA,42,38.8171187850832,Endo
STAT3,HA,39,91.7047443164195,Endo
TEAD4,HA,83,42.1970303825347,Endo
TEAD1,HA,82,41.7295900754954,Endo
STAT3,HA,79,79.1999623095407,Endo
TEAD4,HA,98,39.80846812603,Endo
TEAD1,HA,97,41.8774705872052,Endo
STAT3,HA,94,86.3306608800469,Endo
TEAD4,HA,156,36.3746800020183,Endo
TEAD1,HA,155,45.8839737027821,Endo
STAT3,HA,152,80.1624741609251,Endo
TEAD4,HA,191,37.8649644920417,Endo
TEAD1,HA,190,39.5222597050475,Endo
STAT3,HA,187,74.5765888400807,Endo
NFKB1,HA,-147,68.329897581946,Endo
NFKB1,HA,-193,74.6521576036928,Endo
NFKB1,HA,-133,81.504743838212,Endo
NFKB1,HA,-179,72.8512253604565,Endo
NFKB1,HA,-42,106.61130992491,Endo
NFKB1,HA,-88,81.6923727391583,Endo
NFKB1,HA,35,83.385060603478,Endo
NFKB1,HA,-11,77.532886870325,Endo
NFKB1,HA,145,84.858600102075,Endo
NFKB1,HA,160,76.1177328829563,Endo
STAT3,HA,-124,79.6428236199328,Endo
STAT3,HA,0,157.68464111114,Endo
STAT3,HA,43,89.8737791531721,Endo
RELA,HA,-152,59.3033984256572,Endo
RELA,HA,-44,61.1692368187658,Endo
RELA,HA,73,60.971961583326,Endo
RELA,HA,144,56.6787108299581,Endo
STAT3,HA,-181,72.2259126264328,Endo
STAT3,HA,-127,70.2810603849611,Endo
STAT3,HA,-84,82.4992277874175,Endo
STAT3,HA,-40,78.1308135878633,Endo
STAT3,HA,-192,74.95993463689,Endo
STAT3,HA,-73,77.1082964525496,Endo
STAT3,HA,29,77.9309179916373,Endo
STAT3,HA,186,76.6958002962784,Endo
TEAD1,HA,-58,37.1228147971851,Endo
TEAD4,HA,-58,41.0990590504337,Endo
TEAD1,HA,65,38.1871035478472,Endo
TEAD4,HA,65,38.7597332658407,Endo
TEAD1,HA,113,42.3316689087435,Endo
TEAD4,HA,113,39.3756246320227,Endo
RELA,HA,150,58.0437341396802,Endo
IRF1,HA,-156,267.571631885238,Endo
IRF1,HA,-96,289.681500801551,Endo
IRF1,HA,-102,302.782445421821,Endo
IRF1,HA,-58,311.803228855263,Endo
IRF1,HA,-60,312.681945109975,Endo
IRF1,HA,43,349.972725563224,Endo
IRF1,HA,39,346.894350756408,Endo
IRF1,HA,37,333.411783977605,Endo
IRF1,HA,167,303.6427987209,Endo
RELA,HA,81,68.5401760614957,Endo
RELA,HA,177,60.4036650704191,Endo
IRF1,HA,2,75.6205749210298,Endo
RELA,HA,164,52.34521198963,Endo
RELA,HA,163,55.387943210394,Endo
NFKB1,HA,-195,70.4731667127323,Endo
NFKB1,HA,-184,67.0836893113353,Endo
NFKB1,HA,-83,71.890838398298,Endo
IRF1,HA,107,326.067527504627,Endo
IRF1,HA,103,331.253353141284,Endo
IRF1,HA,88,324.993279716357,Endo
IRF1,HA,174,301.965560616553,Endo
IRF1,HA,163,301.429347480632,Endo
IRF1,HA,198,324.832826701155,Endo
STAT3,HA,-121,70.7738008531126,Endo
STAT3,HA,147,81.2862727836546,Endo
STAT3,HA,183,76.0895027214494,Endo
RELA,HA,-148,53.9279492043176,Endo
RELA,HA,-118,55.1142172998099,Endo
RELA,HA,-7,53.0726420240506,Endo
TEAD4,HA,-185,39.9256417145121,Endo
TEAD4,HA,-161,34.0080231044438,Endo
TEAD4,HA,-148,35.1065828626226,Endo
TEAD4,HA,-42,38.5106154471075,Endo
IRF1,HA,40,351.843743841623,Endo
RELA,HA,-51,60.8536282022403,Endo
RELA,HA,-52,59.687044529793,Endo
IRF1,HA,-115,297.52030620774,Endo
IRF1,HA,-120,309.660316336805,Endo
IRF1,HA,-121,290.342050700974,Endo
IRF1,HA,78,311.679963009111,Endo
IRF1,HA,144,332.593287298874,Endo
STAT3,HA,-139,82.4912623613396,Endo
RELA,HA,172,58.8512031115288,Endo
IRF1,HA,-188,255.822555223089,Endo
IRF1,HA,-136,297.352624626599,Endo
IRF1,HA,-69,293.785185224113,Endo
IRF1,HA,-46,357.126976346326,Endo
IRF1,HA,105,320.472004686218,Endo
IRF1,HA,125,320.468455272125,Endo
IRF1,HA,110,306.162094557498,Endo
IRF1,HA,-125,283.224798740953,Endo
IRF1,HA,-126,294.920551292239,Endo
IRF1,HA,18,252.243229288047,Endo
IRF1,HA,17,234.579238284183,Endo
IRF1,HA,136,334.918766908091,Endo
IRF1,HA,132,325.101179666344,Endo
IRF1,HA,131,323.93384465776,Endo
IRF1,HA,130,325.554487372809,Endo
TEAD1,HA,-183,33.8221334385078,Endo
CEBPB,HA,108,11.5430562830054,Endo
STAT3,HA,73,80.0771796563165,Endo
IRF1,HA,-155,276.5539177997,Endo
IRF1,HA,-35,326.631105119968,Endo
STAT3,HA,-197,73.531348845675,Endo
STAT3,HA,-183,75.1629033906946,Endo
STAT3,HA,-92,74.1051948240893,Endo
STAT3,HA,-82,80.4252865373673,Endo
STAT3,HA,-56,85.6587270174812,Endo
STAT3,HA,-48,79.9708461704281,Endo
IRF1,HA,-200,280.242013557719,Endo
CEBPB,HA,-96,9.99730561775508,Endo
IRF1,HA,111,323.670060956766,Endo
CEBPB,HA,73,9.91454515889145,Endo
IRF1,HA,123,329.713223111263,Endo
CEBPB,HA,85,14.4375803995929,Endo
IRF1,HA,128,333.721079691852,Endo
CEBPB,HA,90,11.9093291265391,Endo
NFKB1,HA,164,77.0448347188172,Endo
IRF1,HA,-24,331.33072237218,Endo
IRF1,HA,-25,343.075834799193,Endo
IRF1,HA,161,303.166334838425,Endo
IRF1,HA,-49,350.327179052759,Endo
IRF1,HA,12,153.326725033419,Endo
IRF1,HA,121,320.509298657452,Endo
IRF1,HA,5,49.420083123844,Endo
NFKB1,HA,115,85.8223070810282,Endo
TEAD4,HA,-35,39.2474960100567,Endo
TEAD1,HA,-36,45.6023200420902,Endo
TEAD4,HA,101,44.0280227554008,Endo
TEAD1,HA,100,39.8374623899485,Endo
IRF1,HA,46,349.348712786095,Endo
IRF1,HA,183,305.735725691991,Endo
IRF1,HA,55,334.945827741097,Endo
IRF1,HA,-74,303.473862858991,Endo
IRF1,HA,-81,294.445864638033,Endo
NFKB1,HA,-107,77.1564029035831,Endo
NFKB1,HA,-32,67.1034447102694,Endo
NFKB1,HA,45,74.3772178941875,Endo
NFKB1,HA,127,67.1254942121989,Endo
RELA,HA,-153,57.536750426469,Endo
RELA,HA,-47,54.1961746972461,Endo
RELA,HA,-14,64.2033589036893,Endo
NFKB1,HA,-181,76.265304923467,Endo
RELA,HA,-8,34.2448022931579,Endo
NFKB1,HA,-175,68.0255837424872,Endo
RELA,HA,-6,92.2241910851869,Endo
NFKB1,HA,-173,76.638618723295,Endo
RELA,HA,24,64.1861276155166,Endo
NFKB1,HA,-143,70.8897500576372,Endo
RELA,HA,31,66.4584036546297,Endo
RELA,HA,48,57.8484511512363,Endo
NFKB1,HA,-119,75.2290748516852,Endo
NFKB1,HA,-94,80.98355978276,Endo
RELA,HA,123,60.6075164700176,Endo
NFKB1,HA,-17,80.4227112332799,Endo
NFKB1,HA,111,81.3062869527634,Endo
NFKB1,HA,114,77.2693586108641,Endo
NFKB1,HA,120,83.7844551230913,Endo
NFKB1,HA,146,83.7506147235184,Endo
NFKB1,HA,189,68.7511285690054,Endo
NFKB1,HA,197,84.4130170595377,Endo
RELA,HA,53,67.7008059895841,Endo
RELA,HA,107,62.6111233992324,Endo
RELA,HA,113,60.0916125362487,Endo
RELA,HA,133,53.0427689011993,Endo
RELA,HA,134,59.177857676807,Endo
RELA,HA,149,65.2744861469028,Endo
IRF1,HA,-179,245.679550215629,Endo
IRF1,HA,-105,298.50501503472,Endo
IRF1,HA,36,357.81345813779,Endo
TEAD1,HA,-93,42.9512243092525,Endo
TEAD1,HA,-16,46.9797036208876,Endo
TEAD1,HA,-8,46.60327859121,Endo
TEAD1,HA,19,44.7277928459676,Endo
IRF1,HA,-161,265.324696000714,Endo
RELA,HA,52,60.9737603264472,Endo
RELA,HA,85,61.633889860452,Endo
RELA,HA,-9,24.8441909170036,Endo
IRF1,HA,154,311.483896535124,Endo
STAT3,HA,-68,86.0994770488614,Endo
IRF1,HA,-80,316.388596803661,Endo
STAT3,HA,52,87.2255552366758,Endo
NFKB1,HA,-61,73.6310316867884,Endo
RELA,HA,-20,62.4911677146317,Endo
RELA,HA,112,54.4191521641837,Endo
IRF1,HA,185,296.106440237968,Endo
TEAD1,HA,66,45.8795600217061,Endo
TEAD4,HA,66,38.8695667015511,Endo
IRF1,HA,-172,248.276001305034,Endo
IRF1,HA,-88,296.723665118412,Endo
IRF1,HA,200,323.052119083597,Endo
NFKB1,HA,-148,73.1993743782093,Endo
NFKB1,HA,-180,72.4040170215254,Endo
IRF1,HA,-194,260.081205414283,Endo
IRF1,HA,-116,293.442090850362,Endo
IRF1,HA,-89,297.205619947638,Endo
IRF1,HA,-71,309.4709295903,Endo
IRF1,HA,-36,328.410009713621,Endo
IRF1,HA,-31,338.383374768918,Endo
TEAD4,HA,-173,39.2781046602968,Endo
TEAD1,HA,-174,41.4123195817905,Endo
TEAD4,HA,-111,39.8135947585057,Endo
TEAD1,HA,-112,38.589290533211,Endo
TEAD4,HA,-68,38.3373212007706,Endo
TEAD1,HA,-69,38.8776936011719,Endo
TEAD4,HA,20,42.0003947551948,Endo
TEAD4,HA,59,43.1007086497698,Endo
TEAD1,HA,58,44.181824778716,Endo
TEAD4,HA,140,40.0844779150732,Endo
TEAD1,HA,139,38.0683066051506,Endo
TEAD4,HA,184,38.0444028698454,Endo
TEAD1,HA,183,36.869158415093,Endo
STAT3,HA,53,76.9947832866313,Endo
IRF1,HA,-41,334.905666704761,Endo
TEAD1,HA,-35,46.316602074156,Endo
TEAD1,HA,93,41.0778133379645,Endo
STAT3,HA,-189,81.8935759784876,Endo
NFKB1,HA,-132,97.2485187677724,Endo
IRF1,HA,156,313.044792339723,Endo
IRF1,HA,151,311.226679186635,Endo
NFKB1,HA,-178,79.0680833177775,Endo
NFKB1,HA,-138,72.7585925198936,Endo
NFKB1,HA,-125,74.6718171298316,Endo
NFKB1,HA,-93,85.7213940899994,Endo
NFKB1,HA,-66,69.5588596615046,Endo
NFKB1,HA,43,66.1885086428547,Endo
NFKB1,HA,84,75.280702785943,Endo
NFKB1,HA,118,67.9786456664531,Endo
NFKB1,HA,137,76.2942029701289,Endo
RELA,HA,-197,47.3276312191224,Endo
NFKB1,HA,140,77.8130730831786,Endo
RELA,HA,-194,50.0664260898425,Endo
NFKB1,HA,151,82.9101078198302,Endo
RELA,HA,-183,57.4435324782133,Endo
RELA,HA,-19,66.651810498809,Endo
RELA,HA,72,63.6113326373365,Endo
RELA,HA,83,52.6856521434661,Endo
RELA,HA,94,65.7571189825657,Endo
RELA,HA,109,61.8715372553531,Endo
RELA,HA,117,60.5656996058344,Endo
RELA,HA,145,61.6437409507221,Endo
STAT3,HA,-51,75.821254758518,Endo
STAT3,HA,-46,87.5826533420334,Endo
STAT3,HA,-10,99.0858438816899,Endo
STAT3,HA,20,90.7742054300591,Endo
STAT3,HA,30,85.4260536351304,Endo
STAT3,HA,62,78.6033304453603,Endo
STAT3,HA,76,84.060847894191,Endo
STAT3,HA,78,83.7306763874063,Endo
STAT3,HA,109,72.9405587730491,Endo
STAT3,HA,122,83.9020393510206,Endo
STAT3,HA,131,76.2806827375449,Endo
NFKB1,HA,-151,75.5223476241559,Endo
NFKB1,HA,-51,88.1770859230257,Endo
NFKB1,HA,122,81.4472721266961,Endo
STAT3,HA,-164,68.1651850176187,Endo
STAT3,HA,-161,76.048112170845,Endo
STAT3,HA,-70,78.8132094000874,Endo
STAT3,HA,-44,86.1260560760669,Endo
STAT3,HA,-23,83.5849937035432,Endo
STAT3,HA,24,87.3374747884884,Endo
STAT3,HA,59,83.2149164936136,Endo
STAT3,HA,91,81.2498350601532,Endo
STAT3,HA,117,79.0243133241416,Endo
STAT3,HA,153,86.9899501210279,Endo
STAT3,HA,192,75.5613736619577,Endo
TEAD1,HA,-47,38.6161486510668,Endo
TEAD1,HA,129,41.9368402959968,Endo
STAT3,HA,-191,67.5149658087238,Endo
STAT3,HA,-185,71.5085007582537,Endo
STAT3,HA,-175,70.2365208790918,Endo
STAT3,HA,-146,70.5742536891069,Endo
STAT3,HA,-104,82.2674087876953,Endo
STAT3,HA,-94,72.9188862207633,Endo
STAT3,HA,48,82.6460215735829,Endo
STAT3,HA,120,78.0917268284087,Endo
TEAD1,HA,117,41.3360759805969,Endo
STAT3,HA,-113,75.5484658146872,Endo
STAT3,HA,181,80.6983314768202,Endo
TEAD1,HA,178,38.4252532443772,Endo
STAT3,HA,-52,89.6345256757894,Endo
STAT3,HA,-7,65.28418540994,Endo
RELA,HA,-173,55.6342357508605,Endo
NFKB1,HA,-174,67.5800896236515,Endo
STAT3,HA,18,91.0541743243049,Endo
NFKB1,HA,-149,73.4512037332217,Endo
STAT3,HA,54,89.6130737571111,Endo
RELA,HA,-112,58.5754679094453,Endo
NFKB1,HA,-113,76.5178507835007,Endo
NFKB1,HA,-36,65.8129888802275,Endo
RELA,HA,152,63.8911353334945,Endo
RELA,HA,153,65.3812449012502,Endo
NFKB1,HA,152,87.3315524199476,Endo
NFKB1,HA,-199,84.5027409510648,Endo
NFKB1,HA,-170,71.9671946452541,Endo
NFKB1,HA,-99,73.7462422214719,Endo
NFKB1,HA,-76,69.3118557770081,Endo
NFKB1,HA,-49,72.2554735966518,Endo
NFKB1,HA,89,91.529175408939,Endo
NFKB1,HA,149,82.0654405203676,Endo
STAT3,HA,-180,72.9482946679312,Endo
STAT3,HA,-170,72.2112589795711,Endo
STAT3,HA,-141,74.5293948459042,Endo
STAT3,HA,-126,83.4136284419477,Endo
STAT3,HA,-90,79.9971789594799,Endo
STAT3,HA,-89,80.5985481376399,Endo
STAT3,HA,-57,93.192371758059,Endo
STAT3,HA,-36,88.2680974606464,Endo
STAT3,HA,49,80.1284077249373,Endo
STAT3,HA,50,81.1895651925567,Endo
STAT3,HA,51,74.050392515146,Endo
STAT3,HA,90,76.083762121414,Endo
STAT3,HA,105,73.9384730817318,Endo
STAT3,HA,160,82.9038727376021,Endo
STAT3,HA,166,80.9778767198182,Endo
STAT3,HA,193,84.2054474982058,Endo
STAT3,HA,198,75.0778235493889,Endo
RELA,HA,-106,63.4376891081432,Endo
RELA,HA,-79,59.7928347037402,Endo
RELA,HA,-49,62.1678346847276,Endo
RELA,HA,30,61.7484516143553,Endo
STAT3,HA,-67,81.2561953226057,Endo
CEBPB,HA,-193,9.40617749825175,Endo
CEBPB,HA,-183,13.7099212972822,Endo
CEBPB,HA,-163,10.722681448271,Endo
CEBPB,HA,-138,12.9736772843098,Endo
CEBPB,HA,-133,9.39599317772494,Endo
CEBPB,HA,-112,10.4537055165864,Endo
CEBPB,HA,-104,10.6389176612438,Endo
CEBPB,HA,-83,10.9217133715859,Endo
CEBPB,HA,-77,13.2571176699396,Endo
CEBPB,HA,-70,11.4546178632107,Endo
CEBPB,HA,-53,11.9379903071936,Endo
CEBPB,HA,-37,9.13085565691966,Endo
CEBPB,HA,20,12.1609920800367,Endo
STAT3,HA,-163,76.9739158967522,Endo
TEAD4,HA,-128,40.4718963388704,Endo
TEAD1,HA,-129,42.4861120015512,Endo
TEAD4,HA,-26,37.591612977659,Endo
TEAD1,HA,-27,42.6669470262476,Endo
TEAD4,HA,117,41.8986611567699,Endo
TEAD1,HA,116,42.404345453316,Endo
TEAD4,HA,131,39.5144919584945,Endo
TEAD1,HA,130,42.4242877427765,Endo
TEAD1,HA,-11,44.754604188302,Endo
TEAD1,HA,109,39.8869043614032,Endo
IRF1,HA,-18,213.508435769227,Endo
IRF1,HA,49,341.806187055169,Endo
IRF1,HA,82,335.762938609075,Endo
STAT3,HA,-149,70.0022436044907,Endo
TEAD1,HA,-152,34.5672437534507,Endo
TEAD4,HA,-152,39.2238887356446,Endo
STAT3,HA,-80,81.9818279522409,Endo
TEAD4,HA,-83,43.4199164447775,Endo
STAT3,HA,-11,75.3470578934477,Endo
TEAD1,HA,-14,38.4573759198473,Endo
TEAD4,HA,-14,44.8591797136803,Endo
NFKB1,HA,106,87.4180614478947,Endo
STAT3,HA,-182,72.4932156108224,Endo
STAT3,HA,-79,76.5688298489901,Endo
STAT3,HA,14,77.2600245840956,Endo
STAT3,HA,140,81.5964269563201,Endo
NFKB1,HA,-91,76.1107090001468,Endo
NFKB1,HA,-71,74.0670537328548,Endo
IRF1,HA,-78,315.543583297678,Endo
IRF1,HA,-76,296.102457573291,Endo
IRF1,HA,98,308.432506316881,Endo
NFKB1,HA,-190,72.6148177309179,Endo
NFKB1,HA,162,77.0842623671657,Endo
RELA,HA,-88,60.4732157347651,Endo
RELA,HA,-89,57.3118622080797,Endo
RELA,HA,176,56.3271274230139,Endo
RELA,HA,175,53.0157802380272,Endo
RELA,HA,-116,57.1581452817343,Endo
RELA,HA,-117,58.3212324539793,Endo
NFKB1,HA,-117,81.4095050791485,Endo
RELA,HA,-42,61.2862954430935,Endo
RELA,HA,-43,64.0038162367905,Endo
NFKB1,HA,-43,75.0907106785295,Endo
TEAD4,HA,174,32.8401570567178,Endo
TEAD1,HA,173,36.964839198089,Endo
TEAD4,HA,49,38.6251060996326,Endo
STAT3,HA,-128,67.9843621326874,Endo
TEAD4,HA,90,39.7213472265512,Endo
STAT3,HA,-87,77.8266461369212,Endo
STAT3,HA,64,85.7124591501727,Endo
STAT3,HA,121,85.4679778854081,Endo
TEAD1,HA,-146,42.1349323304556,Endo
TEAD4,HA,-146,41.2145041196115,Endo
TEAD1,HA,-4,91.6173809957591,Endo
TEAD4,HA,-4,79.1904593625793,Endo
TEAD1,HA,112,38.5727300663949,Endo
TEAD4,HA,112,38.0292380828289,Endo
IRF1,HA,-75,303.697548195828,Endo
IRF1,HA,-38,339.23394710294,Endo
STAT3,HA,123,77.8834716026259,Endo
NFKB1,HA,57,78.6152505270612,Endo
IRF1,HA,91,317.803432319548,Endo
RELA,HA,-38,63.3419642399398,Endo
NFKB1,HA,-9,78.3668007612377,Endo
NFKB1,HA,39,90.6293798709419,Endo
NFKB1,HA,133,78.0231361924058,Endo
NFKB1,HA,-64,75.8772310292512,Endo
NFKB1,HA,163,83.3876882135779,Endo
NFKB1,HA,188,80.505630146386,Endo
IRF1,HA,-77,304.478545923728,Endo
CEBPB,HA,-129,10.7974426019381,Endo
CEBPB,HA,-45,11.0176664389904,Endo
TEAD1,HA,-165,36.0733973061236,Endo
TEAD4,HA,-165,36.6060517399248,Endo
TEAD1,HA,-25,46.6132287315262,Endo
TEAD4,HA,-25,37.8679829744309,Endo
RELA,HA,-132,56.3514431294192,Endo
RELA,HA,3,40.8606334513339,Endo
IRF1,HA,-184,273.282823779492,Endo
IRF1,HA,-164,252.228315098382,Endo
IRF1,HA,-131,299.96924312372,Endo
IRF1,HA,-103,306.34422505931,Endo
STAT3,HA,-28,95.6771497689438,Endo
STAT3,HA,70,79.3515671578475,Endo
STAT3,HA,112,82.8487948895348,Endo
STAT3,HA,125,84.1533102381521,Endo
NFKB1,HA,-116,80.7600501866352,Endo
NFKB1,HA,-105,75.4060403686209,Endo
NFKB1,HA,-72,91.1588448979438,Endo
NFKB1,HA,-57,75.50485429842,Endo
NFKB1,HA,-45,75.6504351399843,Endo
NFKB1,HA,42,77.3479667090035,Endo
IRF1,HA,-143,279.915064022449,Endo
IRF1,HA,-158,259.153343195761,Endo
IRF1,HA,-163,245.055618072359,Endo
NFKB1,HA,55,85.2288850816941,Endo
IRF1,HA,-145,295.251870754486,Endo
IRF1,HA,-150,294.808191096816,Endo
NFKB1,HA,83,66.6995810252499,Endo
IRF1,HA,-117,300.160170499024,Endo
IRF1,HA,-122,289.704593962209,Endo
IRF1,HA,-34,329.84215310329,Endo
IRF1,HA,29,354.002302053209,Endo
IRF1,HA,14,201.085665533336,Endo
IRF1,HA,9,92.5828659493652,Endo
IRF1,HA,35,362.794646397814,Endo
IRF1,HA,20,301.237760032521,Endo
IRF1,HA,15,216.815313479365,Endo
IRF1,HA,38,349.549419261643,Endo
IRF1,HA,23,319.532939757176,Endo
IRF1,HA,59,340.849089108108,Endo
IRF1,HA,69,311.931637133463,Endo
IRF1,HA,64,324.497776024135,Endo
IRF1,HA,133,348.279319205983,Endo
IRF1,HA,118,327.180489081657,Endo
IRF1,HA,113,307.934908142469,Endo
IRF1,HA,148,329.415824402198,Endo
IRF1,HA,196,327.900772914291,Endo
IRF1,HA,191,308.073026372282,Endo
RELA,HA,-160,56.6218037076011,Endo
TEAD4,HA,-162,35.1402674497688,Endo
TEAD1,HA,-163,36.6650223212088,Endo
STAT3,HA,-166,67.2238974266541,Endo
RELA,HA,88,61.4220159906796,Endo
TEAD4,HA,86,37.9611262497504,Endo
TEAD1,HA,85,43.2091800170406,Endo
STAT3,HA,82,84.7061980846218,Endo
RELA,HA,151,59.165931756563,Endo
TEAD4,HA,149,37.928087069496,Endo
TEAD1,HA,148,45.244039803148,Endo
STAT3,HA,145,77.1559345173411,Endo
NFKB1,HA,-69,69.4530555021497,Endo
NFKB1,HA,-70,56.6086805169994,Endo
NFKB1,HA,-47,72.0028072341913,Endo
NFKB1,HA,-48,71.2453127017655,Endo
NFKB1,HA,82,75.4809581975176,Endo
NFKB1,HA,81,82.1184018417057,Endo
IRF1,HA,-185,250.808218912101,Endo
IRF1,HA,-191,258.311302786585,Endo
NFKB1,HA,170,81.1676203197211,Endo
NFKB1,HA,169,86.1151781693395,Endo
IRF1,HA,-91,297.567016262655,Endo
IRF1,HA,-97,295.292199147811,Endo
IRF1,HA,10,126.678174505911,Endo
IRF1,HA,61,327.827078586502,Endo
IRF1,HA,101,320.848213264723,Endo
IRF1,HA,95,304.792871157051,Endo
IRF1,HA,89,319.534221670103,Endo
IRF1,HA,117,328.924423039504,Endo
NFKB1,HA,-142,77.913958076811,Endo
NFKB1,HA,131,84.1587545017013,Endo
TEAD4,HA,-65,43.2430547660069,Endo
TEAD4,HA,-27,43.4334611951738,Endo
TEAD4,HA,14,38.1596394102321,Endo
TEAD4,HA,41,41.3064521099423,Endo
TEAD4,HA,-176,32.5458786917284,Endo
TEAD1,HA,-177,40.148676757764,Endo
TEAD4,HA,-112,35.9248704743826,Endo
TEAD1,HA,-113,38.0413675100251,Endo
TEAD4,HA,-75,39.3964276559381,Endo
TEAD1,HA,-76,42.367831587468,Endo
TEAD4,HA,-66,39.0048584750217,Endo
TEAD1,HA,-67,39.5966276535115,Endo
TEAD4,HA,-56,39.2109767593873,Endo
TEAD1,HA,-57,43.7412646147981,Endo
TEAD4,HA,-21,42.5560758945332,Endo
TEAD1,HA,-22,38.0722346374598,Endo
TEAD4,HA,-10,27.9858803975226,Endo
TEAD4,HA,108,39.19900362253,Endo
TEAD1,HA,107,45.4008504230858,Endo
TEAD1,HA,111,40.9009552700087,Endo
TEAD1,HA,-158,38.7017785941581,Endo
TEAD4,HA,-158,38.2779258096344,Endo
TEAD1,HA,-101,42.9463529043428,Endo
TEAD4,HA,-101,38.264242144057,Endo
TEAD1,HA,57,39.6457722890348,Endo
TEAD4,HA,57,39.822999647521,Endo
NFKB1,HA,-89,60.9153119813151,Endo
NFKB1,HA,-62,76.6129065006571,Endo
NFKB1,HA,110,64.0352114996059,Endo
STAT3,HA,110,81.2608634523723,Endo
NFKB1,HA,-106,75.4632153926848,Endo
NFKB1,HA,99,90.139078799772,Endo
STAT3,HA,-64,77.0359806278689,Endo
NFKB1,HA,41,67.8241625555626,Endo
IRF1,HA,-114,282.378740382487,Endo
IRF1,HA,-45,340.095975454619,Endo
STAT3,HA,-96,84.643939676994,Endo
STAT3,HA,-39,81.4214589839756,Endo
NFKB1,HA,165,79.0032077202792,Endo
STAT3,HA,56,84.743310144784,Endo
STAT3,HA,144,80.6538650683774,Endo
RELA,HA,-64,57.8270542423152,Endo
NFKB1,HA,-167,82.2089242654754,Endo
NFKB1,HA,-7,171.569514160672,Endo
NFKB1,HA,76,78.2626884280915,Endo
IRF1,HA,-37,342.019268056453,Endo
NFKB1,HA,142,92.0709001757357,Endo
IRF1,HA,-193,268.017934326408,Endo
IRF1,HA,-199,276.148451376554,Endo
IRF1,HA,194,311.95663009182,Endo
IRF1,HA,188,323.074110440882,Endo
NFKB1,HA,107,92.8796238205833,Endo
RELA,HA,-121,55.7073313948417,Endo
NFKB1,HA,-121,83.9106062154999,Endo
RELA,HA,181,54.0411718091154,Endo
NFKB1,HA,181,62.7642170524709,Endo
NFKB1,HA,31,70.0909714091031,Endo
TEAD1,HA,-150,36.3365369777149,Endo
TEAD1,HA,32,49.6220010170261,Endo
TEAD1,HA,158,40.1741186965191,Endo
STAT3,HA,167,73.1063575085882,Endo
STAT3,HA,-133,71.4705960843116,Endo
STAT3,HA,134,80.1890308223988,Endo
STAT3,HA,195,81.5815052770703,Endo
RELA,HA,-193,49.8867519815366,Endo
RELA,HA,-71,64.3087854044878,Endo
IRF1,HA,-170,261.373939426878,Endo
NFKB1,HA,124,74.3569448058397,Endo
IRF1,HA,193,320.871854178068,Endo
RELA,HA,-122,58.3596449943846,Endo
NFKB1,HA,-122,70.5606172271961,Endo
RELA,HA,-67,62.5655772450497,Endo
NFKB1,HA,-67,71.4587775886918,Endo
RELA,HA,-48,56.5408874999642,Endo
TEAD1,HA,-127,36.880497206397,Endo
TEAD4,HA,-127,39.3153095414627,Endo
TEAD1,HA,37,39.2845918431275,Endo
TEAD4,HA,158,37.9977029813608,Endo
TEAD4,HA,168,38.3563359806152,Endo
TEAD1,HA,199,37.1307976534968,Endo
TEAD4,HA,199,32.7334376173308,Endo
NFKB1,HA,-156,79.3660597278561,Endo
NFKB1,HA,176,82.2912034651363,Endo
RELA,HA,5,76.5607376320102,Endo
TEAD4,HA,-93,41.8726106420445,Endo
TEAD4,HA,-72,41.528255381181,Endo
TEAD4,HA,-61,40.9316697921605,Endo
TEAD4,HA,-51,36.1467701408724,Endo
TEAD4,HA,-29,37.6011262690944,Endo
TEAD4,HA,-13,40.0461267177074,Endo
TEAD4,HA,17,33.9735177570328,Endo
TEAD4,HA,94,39.6373841803518,Endo
TEAD4,HA,148,40.1412657435646,Endo
RELA,HA,65,57.8530326120406,Endo
RELA,HA,41,64.2541638808856,Endo
RELA,HA,-60,56.3391763408125,Endo
NFKB1,HA,-60,64.6857194368197,Endo
RELA,HA,190,57.0759802289237,Endo
NFKB1,HA,-182,67.0135323290743,Endo
RELA,HA,137,57.9755505456539,Endo
NFKB1,HA,-134,73.8331437915814,Endo
RELA,HA,155,58.5508690434176,Endo
STAT3,HA,58,86.1824808677015,Endo
RELA,HA,-109,60.8577549621407,Endo
NFKB1,HA,-110,82.0384077060605,Endo
RELA,HA,40,60.3953282763576,Endo
RELA,HA,70,65.7173483829734,Endo
NFKB1,HA,69,77.8167589888271,Endo
TEAD1,HA,39,38.41890211074,Endo
TEAD1,HA,146,34.3101263224304,Endo
TEAD1,HA,193,36.8220236863184,Endo
NFKB1,HA,-191,74.9903545584897,Endo
NFKB1,HA,-35,69.839811024615,Endo
NFKB1,HA,-78,74.8521282605719,Endo
TEAD4,HA,-115,40.4295278139766,Endo
TEAD1,HA,-116,40.212705274983,Endo
NFKB1,HA,150,84.5208488733388,Endo
NFKB1,HA,-12,101.063691871295,Endo
NFKB1,HA,47,75.5618763109261,Endo
NFKB1,HA,48,81.3783549102078,Endo
STAT3,HA,-188,73.7436417498757,Endo
STAT3,HA,-148,69.6164825240403,Endo
TEAD4,HA,-132,38.2411551182473,Endo
TEAD1,HA,-133,40.9098613611891,Endo
TEAD4,HA,35,45.1327778979485,Endo
TEAD1,HA,34,43.12049665857,Endo
TEAD4,HA,47,38.1200993185512,Endo
TEAD1,HA,46,39.3128158323721,Endo
TEAD4,HA,118,40.3209486058748,Endo
NFKB1,HA,-77,71.2560428662676,Endo
NFKB1,HA,153,86.2734669549139,Endo
NFKB1,HA,190,79.1005569359978,Endo
TEAD4,HA,-175,37.6743409138898,Endo
TEAD1,HA,-176,38.5666628206494,Endo
TEAD1,HA,-159,43.9018655279319,Endo
TEAD1,HA,-73,38.5126330226146,Endo
TEAD4,HA,-19,39.5352849824361,Endo
TEAD4,HA,110,47.3582510183961,Endo
RELA,HA,-174,50.3849557452702,Endo
RELA,HA,-167,55.4238023545859,Endo
RELA,HA,-119,63.1836355950556,Endo
RELA,HA,-45,58.688532756442,Endo
TEAD4,HA,36,39.1235708196358,Endo
TEAD1,HA,35,41.9596910611724,Endo
TEAD4,HA,-195,30.2225113472507,Endo
TEAD1,HA,-196,31.8967982257128,Endo
TEAD1,HA,-149,39.3864379634183,Endo
TEAD1,HA,-121,38.7921242612975,Endo
STAT3,HA,-160,71.5013153342759,Endo
STAT3,HA,-155,81.1145717992183,Endo
STAT3,HA,-106,80.7794022546945,Endo
STAT3,HA,-47,77.150848673453,Endo
STAT3,HA,69,75.1354783135858,Endo
TEAD4,HA,125,41.9323033254969,Endo
STAT3,HA,146,85.5661251226139,Endo
NFKB1,HA,-150,79.1638282651161,Endo
STAT3,HA,132,87.7136001211366,Endo
IRF1,HA,164,292.26182101081,Endo
STAT3,HA,-18,95.9820145712633,Endo
RELA,HA,-164,52.6961605950725,Endo
RELA,HA,-37,54.4161552365991,Endo
RELA,HA,10,56.5491187147021,Endo
TEAD4,HA,-110,35.6566416589031,Endo
TEAD4,HA,-33,39.6962583025361,Endo
TEAD4,HA,132,42.4742065481743,Endo
TEAD1,HA,131,38.9328837383654,Endo
CEBPB,HA,146,10.2419509397414,Endo
IRF1,HA,-98,288.107696914647,Endo
IRF1,HA,-64,297.024892948939,Endo
IRF1,HA,-68,306.002435835774,Endo
IRF1,HA,-70,295.312751141341,Endo
IRF1,HA,-73,301.756470928263,Endo
IRF1,HA,176,290.753697232714,Endo
IRF1,HA,184,295.53626442232,Endo
NFKB1,HA,-176,72.3621108920314,Endo
NFKB1,HA,-34,81.2844295164151,Endo
RELA,HA,-69,54.0324588328764,Endo
RELA,HA,168,58.1588014312961,Endo
STAT3,HA,111,83.4565368737774,Endo
NFKB1,HA,-192,72.6993104090876,Endo
NFKB1,HA,-187,68.1689458401129,Endo
NFKB1,HA,-90,70.245751881485,Endo
NFKB1,HA,-39,81.928241042667,Endo
NFKB1,HA,11,72.2470546320097,Endo
NFKB1,HA,22,65.9914299663539,Endo
NFKB1,HA,53,78.8969168202439,Endo
NFKB1,HA,72,87.1826755261231,Endo
NFKB1,HA,73,69.347987993058,Endo
NFKB1,HA,85,78.4626791453777,Endo
NFKB1,HA,130,68.8123545661385,Endo
NFKB1,HA,132,69.8988026178676,Endo
STAT3,HA,-130,72.4836595210237,Endo
TEAD4,HA,-104,44.4084664589584,Endo
TEAD1,HA,-105,40.354583777435,Endo
RELA,HA,-171,62.2116854581712,Endo
TEAD4,HA,160,40.4524360331466,Endo
TEAD1,HA,159,39.9935414652797,Endo
STAT3,HA,138,78.9509746678019,Endo
IRF1,HA,-181,254.244006267563,Endo
RELA,HA,-17,54.6427991367174,Endo
STAT3,HA,-194,70.9014371534564,Endo
IRF1,HA,-142,295.329995739876,Endo
TEAD1,HA,184,36.5265722626856,Endo
STAT3,HA,-71,76.4007362495957,Endo
STAT3,HA,-34,84.654171606538,Endo
IRF1,HA,-198,282.04928582711,Endo
IRF1,HA,-152,292.588736400064,Endo
IRF1,HA,-40,346.724440602187,Endo
RELA,HA,58,57.5387766598849,Endo
IRF1,HA,-7,49.3140676145654,Endo
STAT3,HA,41,83.2203922358153,Endo
STAT3,HA,84,92.1300607247372,Endo
RELA,HA,-138,57.7049079305507,Endo
NFKB1,HA,-139,77.0814843236619,Endo
IRF1,HA,-112,293.510505053058,Endo
TEAD1,HA,14,45.6434076296669,Endo
TEAD1,HA,73,38.644787144887,Endo
TEAD4,HA,73,37.9858833370649,Endo
TEAD1,HA,119,39.5274574119293,Endo
TEAD4,HA,119,36.4495824126677,Endo
RELA,HA,95,67.3905768149266,Endo
RELA,HA,-61,57.3409480646619,Endo
RELA,HA,82,50.9807602000073,Endo
RELA,HA,132,54.1753305472353,Endo
TEAD4,HA,-163,34.6539698581569,Endo
TEAD4,HA,-113,36.9095166768239,Endo
TEAD1,HA,74,45.9785329081216,Endo
TEAD4,HA,74,42.8780819903474,Endo
IRF1,HA,90,321.364869137654,Endo
STAT3,HA,-158,68.8148540929712,Endo
IRF1,HA,-138,299.717232196465,Endo
STAT3,HA,8,110.031513960689,Endo
TEAD4,HA,-7,35.3716092583645,Endo
STAT3,HA,98,75.4322322460594,Endo
STAT3,HA,-78,81.8994788558472,Endo
STAT3,HA,165,72.1817123445971,Endo
RELA,HA,-13,72.9483803373947,Endo
RELA,HA,60,60.277269925484,Endo
RELA,HA,59,60.5025948742728,Endo
IRF1,HA,-52,321.71260407851,Endo
RELA,HA,71,70.2987516607034,Endo
RELA,HA,-50,61.1055515344821,Endo
RELA,HA,-5,77.7975400811836,Endo
IRF1,HA,149,329.992429302935,Endo
STAT3,HA,68,80.3839334611825,Endo
RELA,HA,64,59.5085388638685,Endo
RELA,HA,199,56.9886742019113,Endo
STAT3,HA,126,72.6381359627822,Endo
IRF1,HA,180,312.909631742717,Endo
NFKB1,HA,33,74.430448901325,Endo
IRF1,HA,-107,277.592110529746,Endo
CEBPB,HA,-141,11.0452938116943,Endo
STAT3,HA,99,73.0819161875088,Endo
RELA,HA,-156,62.0207043333787,Endo
RELA,HA,-155,53.9355551257209,Endo
RELA,HA,-131,53.964539125007,Endo
RELA,HA,-94,62.8940798205246,Endo
RELA,HA,-25,67.483765932499,Endo
RELA,HA,63,67.4442667139834,Endo
RELA,HA,156,61.2320753225635,Endo
RELA,HA,200,55.7175232153896,Endo
RELA,HA,27,59.0926823639809,Endo
RELA,HA,26,65.8042394735742,Endo
RELA,HA,111,57.5676194642773,Endo
RELA,HA,198,55.4755286942466,Endo
STAT3,HA,-108,78.6971541297511,Endo
STAT3,HA,129,79.5753083677557,Endo
CEBPB,HA,16,10.1287673697112,Endo
CEBPB,HA,47,11.5213248222921,Endo
CEBPB,HA,66,12.6626420401173,Endo
CEBPB,HA,98,14.0670819952042,Endo
CEBPB,HA,164,8.40061158778219,Endo
STAT3,HA,-74,73.7529205258652,Endo
STAT3,HA,80,80.7799176233234,Endo
STAT3,HA,127,85.1581755147439,Endo
STAT3,HA,194,85.0108745005847,Endo
RELA,HA,-154,55.2713174692711,Endo
IRF1,HA,32,345.209729144688,Endo
IRF1,HA,-123,291.844345796447,Endo
STAT3,HA,-198,83.3089190651275,Endo
IRF1,HA,-82,299.246547449585,Endo
IRF1,HA,189,306.97502254446,Endo
TEAD1,HA,-172,35.9494081236077,Endo
TEAD1,HA,-43,40.4350586483788,Endo
CEBPB,HA,-80,12.3887165634566,Endo
CEBPB,HA,-44,9.87064293014879,Endo
CEBPB,HA,139,11.4793633354182,Endo
STAT3,HA,-111,83.3481566296746,Endo
STAT3,HA,-138,71.746719079314,Endo
STAT3,HA,-109,73.9269621891235,Endo
STAT3,HA,-42,89.8162574055944,Endo
STAT3,HA,-69,82.0145855574476,Endo
TEAD1,HA,-184,37.2040069472427,Endo
TEAD1,HA,-119,38.8700725365624,Endo
TEAD4,HA,-119,38.8283443261253,Endo
NFKB1,HA,6,107.404145210728,Endo
STAT3,HA,-9,43.877637863127,Endo
STAT3,HA,87,82.0725506747979,Endo
TEAD4,HA,-117,33.7122730227486,Endo
TEAD1,HA,-118,35.82722427976,Endo
TEAD1,HA,-30,39.5982702405397,Endo
TEAD4,HA,178,36.506668311725,Endo
TEAD1,HA,177,39.8715185744582,Endo
RELA,HA,47,61.0023620465289,Endo
STAT3,HA,119,85.8201579145078,Endo
STAT3,HA,-24,95.7800143242064,Endo
STAT3,HA,26,89.4612123823815,Endo
IRF1,HA,175,292.84878064867,Endo
IRF1,HA,170,291.781570422245,Endo
IRF1,HA,169,300.573291845572,Endo
IRF1,HA,-39,326.874259181272,Endo
IRF1,HA,-42,343.627823701453,Endo
IRF1,HA,-43,357.521090878392,Endo
IRF1,HA,-44,350.837433823485,Endo
IRF1,HA,112,337.322891749243,Endo
IRF1,HA,108,326.588728223794,Endo
IRF1,HA,104,302.588706934192,Endo
IRF1,HA,152,323.88296730445,Endo
IRF1,HA,138,335.977010332458,Endo
TEAD1,HA,136,38.5957058897348,Endo
STAT3,HA,-105,81.132877448683,Endo
IRF1,HA,-57,308.953820338266,Endo
IRF1,HA,27,339.736721315184,Endo
IRF1,HA,21,319.076961030598,Endo
RELA,HA,101,64.4353435546284,Endo
RELA,HA,56,62.7102797284803,Endo
NFKB1,HA,-25,64.2321462292048,Endo
IRF1,HA,134,321.030184428435,Endo
IRF1,HA,129,325.553379195942,Endo
STAT3,HA,-118,77.271176246424,Endo
IRF1,HA,-140,301.004276551728,Endo
NFKB1,HA,-128,76.7110522716576,Endo
NFKB1,HA,-86,77.4325263263573,Endo
IRF1,HA,-47,352.281658233105,Endo
IRF1,HA,-48,333.286841583522,Endo
IRF1,HA,-51,326.034962392362,Endo
IRF1,HA,-53,311.461346130236,Endo
IRF1,HA,-63,310.723275330232,Endo
IRF1,HA,127,329.704489420338,Endo
IRF1,HA,126,319.99461937339,Endo
IRF1,HA,122,321.124649006678,Endo
IRF1,HA,120,319.548664581097,Endo
IRF1,HA,119,321.906321657349,Endo
IRF1,HA,116,320.495933526193,Endo
IRF1,HA,114,312.921941315507,Endo
IRF1,HA,109,321.934334897387,Endo
IRF1,HA,157,295.759957929558,Endo
IRF1,HA,179,280.315842173266,Endo
RELA,HA,-110,56.5894979795074,Endo
RELA,HA,-139,55.7669477650532,Endo
RELA,HA,-95,61.4108822370087,Endo
RELA,HA,-124,56.6237189557094,Endo
NFKB1,HA,-124,74.708278300856,Endo
RELA,HA,-82,63.2162651224345,Endo
RELA,HA,-111,55.1988150750228,Endo
NFKB1,HA,-111,71.5902945397988,Endo
RELA,HA,-74,59.5658399324703,Endo
NFKB1,HA,-74,73.8425419876165,Endo
RELA,HA,12,80.4757372391631,Endo
NFKB1,HA,12,88.4847307159884,Endo
RELA,HA,45,58.3153761317176,Endo
RELA,HA,16,61.0467359363866,Endo
NFKB1,HA,16,65.1752026038705,Endo
NFKB1,HA,65,77.5838578109686,Endo
RELA,HA,96,59.9752341059174,Endo
NFKB1,HA,96,86.2975204671798,Endo
RELA,HA,-68,59.0866198718473,Endo
RELA,HA,120,62.4894742898985,Endo
RELA,HA,142,57.8220136348392,Endo
RELA,HA,-22,69.3561560037609,Endo
RELA,HA,147,57.9120594769787,Endo
RELA,HA,90,67.0225911159407,Endo
RELA,HA,121,70.9622281847451,Endo
NFKB1,HA,-82,71.6795288200296,Endo
TEAD4,HA,-159,43.1191103272348,Endo
NFKB1,HA,102,74.6708490666823,Endo
RELA,HA,129,54.5958152823469,Endo
IRF1,HA,-171,255.441473924624,Endo
IRF1,HA,1,40.9283218767466,Endo
CEBPB,HA,-23,12.2185046250039,Endo
CEBPB,HA,-12,10.1518013949691,Endo
CEBPB,HA,94,9.73129458719302,Endo
STAT3,HA,156,78.6077632019739,Endo
IRF1,HA,76,322.622740799674,Endo
TEAD4,HA,-40,39.3870839903492,Endo
IRF1,HA,11,105.56192824207,Endo
RELA,HA,-92,58.3769935698065,Endo
NFKB1,HA,0,55.7890759772891,Endo
IRF1,HA,-110,295.693633499977,Endo
IRF1,HA,-72,306.914289167188,Endo
IRF1,HA,-85,285.929149637135,Endo
IRF1,HA,63,321.73331153475,Endo
RELA,HA,-147,60.7770587793584,Endo
TEAD4,HA,-76,35.5160570060043,Endo
TEAD1,HA,-21,38.5496266101625,Endo
IRF1,HA,-196,277.984583581502,Endo
IRF1,HA,-83,287.895953825046,Endo
STAT3,HA,-97,84.2088112710503,Endo
STAT3,HA,21,84.4935121957831,Endo
STAT3,HA,75,82.046756672825,Endo
STAT3,HA,124,81.0761774695694,Endo
STAT3,HA,185,76.8482458048835,Endo
STAT3,HA,-93,79.4839566540258,Endo
TEAD1,HA,151,38.2571486491843,Endo
STAT3,HA,-177,74.3407033141858,Endo
STAT3,HA,179,77.4130519861845,Endo
TEAD1,HA,-134,43.5534508867301,Endo
TEAD4,HA,-134,38.1892103101167,Endo
TEAD1,HA,-147,37.3543689192462,Endo
TEAD1,HA,31,41.9255618710021,Endo
TEAD4,HA,31,39.0650721428259,Endo
TEAD1,HA,18,41.4410982891865,Endo
TEAD1,HA,59,40.4631981195969,Endo
STAT3,HA,169,73.5605697918139,Endo
STAT3,HA,-116,71.9397959259454,Endo
STAT3,HA,-62,75.0432895295295,Endo
STAT3,HA,9,81.7156237080754,Endo
STAT3,HA,171,76.9952167065826,Endo
NFKB1,HA,-183,66.4920778886801,Endo
NFKB1,HA,-19,59.8205379682072,Endo
NFKB1,HA,196,73.9103351785207,Endo
IRF1,HA,146,338.956480564022,Endo
IRF1,HA,-162,252.732038358986,Endo
IRF1,HA,-153,282.021898519158,Endo
IRF1,HA,97,310.452129182128,Endo
TEAD1,HA,-162,32.9850089088437,Endo
TEAD4,HA,-16,37.6966643603308,Endo
CEBPB,HA,-103,9.04582173364856,Endo
CEBPB,HA,-86,11.7441248505872,Endo
NFKB1,HA,-87,78.8455754450847,Endo
NFKB1,HA,-4,35.9846847582275,Endo
NFKB1,HA,56,64.8571343736513,Endo
STAT3,HA,-195,62.3624978302287,Endo
STAT3,HA,-5,31.506121478089,Endo
STAT3,HA,55,87.1541782867789,Endo
IRF1,HA,-14,148.680852032327,Endo
IRF1,HA,-128,285.068284689418,Endo
IRF1,HA,-134,311.04806077779,Endo
NFKB1,HA,-129,67.6966661100194,Endo
RELA,HA,160,54.5033216405301,Endo
CEBPB,HA,-6,7.64017224607419,Endo
IRF1,HA,-86,293.502081984574,Endo
IRF1,HA,-92,292.031184113099,Endo
IRF1,HA,26,328.267617457261,Endo
IRF1,HA,-197,279.560016502309,Endo
IRF1,HA,-187,258.850945090055,Endo
IRF1,HA,72,322.200316789568,Endo
IRF1,HA,70,300.366485916647,Endo
IRF1,HA,66,313.160151483876,Endo
CEBPB,HA,-131,9.40087276727498,Endo
IRF1,HA,-166,256.799069219507,Endo
IRF1,HA,155,319.757446647069,Endo
CEBPB,HA,29,11.9442143474633,Endo
CEBPB,HA,143,8.84911453165119,Endo
CEBPB,HA,176,8.94341736509261,Endo
CEBPB,HA,50,9.84827892660627,Endo
CEBPB,HA,174,7.38522099111065,Endo
CEBPB,HA,184,13.3742794836831,Endo
IRF1,HA,42,354.492165710757,Endo
IRF1,HA,60,334.98970218532,Endo
RELA,HA,-102,61.9623309862979,Endo
RELA,HA,-103,60.0928127545651,Endo
STAT3,HA,168,87.1922137114703,Endo
STAT3,HA,200,79.5413189493226,Endo
STAT3,HA,-193,75.8622913977053,Endo
STAT3,HA,-38,80.2311523295325,Endo
TEAD4,HA,-70,39.9455660650364,Endo
TEAD4,HA,3,68.7049086525308,Endo
IRF1,HA,54,361.519432242907,Endo
TEAD4,HA,19,37.49890994227,Endo
IRF1,HA,195,307.077719936845,Endo
IRF1,HA,190,308.961609701305,Endo
IRF1,HA,-119,295.217321036855,Endo
STAT3,HA,190,73.8450038808814,Endo
STAT3,HA,-187,75.2943250530544,Endo
STAT3,HA,-165,73.9787090383514,Endo
STAT3,HA,116,84.6169829497478,Endo
TEAD4,HA,-80,39.2940178213554,Endo
TEAD1,HA,-81,42.5690102617699,Endo
TEAD1,HA,-66,38.8074563391381,Endo
IRF1,HA,30,346.268399796711,Endo
IRF1,HA,24,335.22641224014,Endo
TEAD4,HA,143,37.1420215116467,Endo
STAT3,HA,74,85.0281789801318,Endo
STAT3,HA,93,76.5429820690869,Endo
CEBPB,HA,62,9.71313507606937,Endo
STAT3,HA,-147,74.1071388698065,Endo
TEAD1,HA,110,39.4828296985935,Endo
STAT3,HA,92,80.7133479967079,Endo
IRF1,HA,51,336.973207040853,Endo
IRF1,HA,85,309.702334393623,Endo
IRF1,HA,-173,256.486403901647,Endo
IRF1,HA,-165,255.337139395047,Endo
STAT3,HA,-151,76.6549525002408,Endo
STAT3,HA,172,86.4223639390342,Endo
TEAD1,HA,-51,36.7430754177106,Endo
IRF1,HA,52,344.509922306291,Endo
IRF1,HA,45,342.406414725962,Endo
IRF1,HA,41,350.635460744569,Endo
IRF1,HA,94,319.161609495813,Endo
IRF1,HA,93,308.307686410898,Endo
IRF1,HA,137,322.802016748933,Endo
IRF1,HA,-28,342.63903109242,Endo
RELA,HA,-54,56.4006615010399,Endo
RELA,HA,20,76.8214452671026,Endo
RELA,HA,93,54.7820778697769,Endo
IRF1,HA,-190,270.521949789129,Endo
TEAD1,HA,-154,38.8427917992304,Endo
TEAD4,HA,-99,37.9345553886665,Endo
TEAD1,HA,-100,39.3641203961158,Endo
TEAD4,HA,80,45.2993124962224,Endo
TEAD1,HA,79,48.3283137316814,Endo
IRF1,HA,-101,295.421707429172,Endo
IRF1,HA,-84,309.236623006542,Endo
STAT3,HA,61,83.5655780159331,Endo
NFKB1,HA,32,72.4524660138666,Endo
STAT3,HA,-81,83.7960001797974,Endo
NFKB1,HA,90,73.8017397165633,Endo
IRF1,HA,68,309.026662602341,Endo
IRF1,HA,62,323.025486343874,Endo
TEAD1,HA,95,43.2136728511445,Endo
TEAD4,HA,95,47.2947726608597,Endo
STAT3,HA,34,86.5500204170792,Endo
STAT3,HA,81,82.6578736997901,Endo
STAT3,HA,154,76.4957087111785,Endo
STAT3,HA,184,75.7828353373482,Endo
STAT3,HA,196,73.1942586920524,Endo
STAT3,HA,95,76.4055855733767,Endo
TEAD4,HA,-30,37.4219330166048,Endo
TEAD1,HA,-31,39.2107496496281,Endo
TEAD1,HA,149,42.5450849140986,Endo
TEAD4,HA,24,35.672136592478,Endo
TEAD1,HA,23,43.1685089448612,Endo
IRF1,HA,-169,264.614436466551,Endo
IRF1,HA,-175,240.878986597436,Endo
IRF1,HA,199,319.188686632793,Endo
IRF1,HA,-61,311.568132425944,Endo
NFKB1,HA,177,91.1812157224202,Endo
IRF1,HA,-192,268.951406275596,Endo
IRF1,HA,-195,270.269199340081,Endo
IRF1,HA,-178,245.162768299332,Endo
IRF1,HA,-183,251.123888806308,Endo
IRF1,HA,-186,253.39150438131,Endo
IRF1,HA,-189,265.063651104944,Endo
IRF1,HA,-146,286.290338252147,Endo
IRF1,HA,-148,306.32029316131,Endo
IRF1,HA,-149,299.618683933189,Endo
IRF1,HA,-151,300.751117007222,Endo
IRF1,HA,-154,277.472471192013,Endo
IRF1,HA,-129,288.545468097362,Endo
IRF1,HA,-132,283.191896213801,Endo
IRF1,HA,-137,299.090487896149,Endo
IRF1,HA,-94,282.735137282477,Endo
IRF1,HA,-95,284.83011807193,Endo
IRF1,HA,-104,285.53977045864,Endo
IRF1,HA,-108,292.064379716577,Endo
IRF1,HA,-79,302.052040106443,Endo
IRF1,HA,141,323.251153044015,Endo
IRF1,HA,140,329.955418276556,Endo
IRF1,HA,139,328.994164702396,Endo
IRF1,HA,135,319.660633246954,Endo
NFKB1,HA,-194,68.5543564601962,Endo
RELA,HA,99,54.6959842908519,Endo
RELA,HA,118,54.1895055494954,Endo
RELA,HA,143,58.7433143517314,Endo
NFKB1,HA,143,83.5922428490016,Endo
NFKB1,HA,192,70.3293572003338,Endo
TEAD1,HA,-48,42.4875294624391,Endo
TEAD4,HA,-48,43.3415405663295,Endo
TEAD4,HA,79,43.7476623800171,Endo
CEBPB,HA,-167,9.41066746656491,Endo
CEBPB,HA,-8,29.4757991857458,Endo
IRF1,HA,-90,295.848966730038,Endo
IRF1,HA,-4,75.8751357200767,Endo
IRF1,HA,-6,74.9568425613992,Endo
IRF1,HA,-12,127.773131427473,Endo
IRF1,HA,-16,192.723001947078,Endo
NFKB1,HA,174,74.0983056560152,Endo
NFKB1,HA,128,69.8300427277743,Endo
RELA,HA,184,55.9907279667158,Endo
RELA,HA,183,61.6677473312535,Endo
STAT3,HA,178,83.0881327453113,Endo
RELA,HA,-33,64.1572215278813,Endo
RELA,HA,136,60.7316861474065,Endo
CEBPB,HA,45,8.98476306635109,Endo
CEBPB,HA,104,9.26990506177509,Endo
CEBPB,HA,131,15.3270219692146,Endo
TEAD4,HA,138,39.4705030188675,Endo
TEAD1,HA,137,43.9368688187211,Endo
TEAD4,HA,159,40.0526939159981,Endo
IRF1,HA,87,311.481033577436,Endo
IRF1,HA,83,320.902176853867,Endo
IRF1,HA,81,305.159994682602,Endo
IRF1,HA,142,316.286374809566,Endo
IRF1,HA,162,301.291715996553,Endo
IRF1,HA,158,301.254434819721,Endo
IRF1,HA,168,302.267205788915,Endo
STAT3,HA,45,80.4480545894749,Endo
IRF1,HA,-160,265.586965445335,Endo
IRF1,HA,173,297.927497890867,Endo
TEAD1,HA,-53,39.9970253788383,Endo
TEAD4,HA,-53,40.2587973380392,Endo
TEAD1,HA,-23,43.7045011963794,Endo
TEAD4,HA,-23,43.4746248917347,Endo
TEAD4,HA,82,39.1692836505261,Endo
IRF1,HA,33,339.039236584368,Endo
STAT3,HA,-199,65.7035627194279,Endo
STAT3,HA,-103,76.9261575006361,Endo
STAT3,HA,33,76.7962182790759,Endo
IRF1,HA,-65,295.857687692058,Endo
IRF1,HA,-66,303.425606187937,Endo
IRF1,HA,-22,298.327827757487,Endo
IRF1,HA,-29,328.967096374386,Endo
IRF1,HA,-30,333.288150894146,Endo
IRF1,HA,74,318.266268679781,Endo
IRF1,HA,106,315.13325122216,Endo
IRF1,HA,153,312.928803806938,Endo
RELA,HA,-129,61.2707401124802,Endo
IRF1,HA,-157,269.842569585485,Endo
NFKB1,HA,-53,71.7717104847256,Endo
IRF1,HA,-13,110.821215489084,Endo
CEBPB,HA,57,12.6498129654759,Endo
CEBPB,HA,145,12.6541090427433,Endo
STAT3,HA,-200,67.7293544703887,Endo
STAT3,HA,-134,76.9757585482426,Endo
STAT3,HA,-145,78.489984267236,Endo
RELA,HA,191,50.9013444314073,Endo
STAT3,HA,162,81.5870645053554,Endo
RELA,HA,195,53.0318592012808,Endo
TEAD4,HA,-133,41.360769849818,Endo
TEAD4,HA,-172,34.8934377071625,Endo
TEAD1,HA,-173,35.7201475286652,Endo
TEAD4,HA,-142,31.9922651566774,Endo
TEAD1,HA,-143,36.0467780375916,Endo
TEAD4,HA,155,41.10710952553,Endo
TEAD1,HA,154,40.921084518672,Endo
STAT3,HA,-6,25.0766811618845,Endo
STAT3,HA,88,93.8650391191906,Endo
STAT3,HA,174,79.8210418240593,Endo
RELA,HA,-93,56.5346591903326,Endo
STAT3,HA,135,78.7018904992251,Endo
RELA,HA,-141,54.7431073385854,Endo
RELA,HA,79,57.3847586837699,Endo
RELA,HA,78,57.6356275653868,Endo
STAT3,HA,-63,77.3037286042937,Endo
TEAD1,HA,-197,38.1214936638526,Endo
RELA,HA,-87,58.3715322947781,Endo
RELA,HA,-55,63.9446867866194,Endo
TEAD4,HA,87,36.7044073365022,Endo
TEAD1,HA,86,42.0373149251234,Endo
RELA,HA,-175,54.2859727269614,Endo
RELA,HA,-32,62.2580184317383,Endo
RELA,HA,15,62.2034601712369,Endo
RELA,HA,17,65.9017283459054,Endo
RELA,HA,42,64.9324480316272,Endo
RELA,HA,179,60.0105209729106,Endo
RELA,HA,180,60.3999604706395,Endo
RELA,HA,182,56.428405599894,Endo
RELA,HA,197,50.9617763880828,Endo
TEAD4,HA,-178,32.0435854005833,Endo
TEAD1,HA,-179,38.2795008201639,Endo
TEAD4,HA,-8,24.7000828532989,Endo
TEAD1,HA,-9,30.146908115037,Endo
TEAD1,HA,-79,36.8887992421235,Endo
TEAD4,HA,-79,45.0422534107666,Endo
STAT3,HA,-77,86.2069432126679,Endo
NFKB1,HA,-26,86.102184073339,Endo
NFKB1,HA,24,82.5458176998398,Endo
IRF1,HA,186,291.384454465759,Endo
IRF1,HA,-159,263.067124564789,Endo
IRF1,HA,-109,300.600088924711,Endo
RELA,HA,-180,49.489761159193,Endo
RELA,HA,-181,57.6987102058506,Endo
RELA,HA,128,50.7478201469165,Endo
RELA,HA,127,52.9347946838073,Endo
RELA,HA,135,59.6871655636811,Endo
NFKB1,HA,134,80.6048018843884,Endo
NFKB1,HA,-163,76.3242747042185,Endo
RELA,HA,-161,59.0650321128918,Endo
NFKB1,HA,-161,72.9079502283492,Endo
RELA,HA,-66,57.0399360047054,Endo
STAT3,HA,-12,83.7637714031235,Endo
IRF1,HA,-56,317.176150476807,Endo
IRF1,HA,-62,320.432955377483,Endo
STAT3,HA,27,87.7930092288244,Endo
IRF1,HA,-17,218.614792782207,Endo
TEAD1,HA,-99,34.534309373106,Endo
STAT3,HA,-110,75.0820100866027,Endo
RELA,HA,-21,63.4557508790761,Endo
RELA,HA,-113,54.2791308357424,Endo
IRF1,HA,-2,71.1151147168736,Endo
STAT3,HA,85,80.9879945325723,Endo
STAT3,HA,173,73.5133778901294,Endo
RELA,HA,76,49.4866623673325,Endo
RELA,HA,84,61.8405447198663,Endo
RELA,HA,115,59.6615765286561,Endo
RELA,HA,138,56.3613063688199,Endo
RELA,HA,-179,58.2611887325345,Endo
NFKB1,HA,-85,71.0171878577324,Endo
NFKB1,HA,10,105.488718012242,Endo
TEAD1,HA,-24,45.3080757751362,Endo
TEAD4,HA,-24,46.9883402301083,Endo
RELA,HA,-134,61.7363682756092,Endo
NFKB1,HA,-135,83.7952039285404,Endo
RELA,HA,-128,59.4461014123842,Endo
RELA,HA,-176,52.4374311712445,Endo
TEAD4,HA,-198,36.1712676689674,Endo
TEAD1,HA,-199,35.1645545204465,Endo
NFKB1,HA,-8,106.031156778292,Endo
TEAD4,HA,-62,41.5007436599168,Endo
TEAD1,HA,-63,44.3472013274069,Endo
NFKB1,HA,26,77.6313813274996,Endo
TEAD4,HA,-28,36.6031070174367,Endo
TEAD1,HA,-29,36.6278571342736,Endo
RELA,HA,-169,48.6010293037001,Endo
RELA,HA,-4,40.6824247820025,Endo
RELA,HA,37,54.9224874581533,Endo
RELA,HA,38,56.5132676795503,Endo
RELA,HA,57,60.2363433973549,Endo
RELA,HA,158,59.3237565562413,Endo
RELA,HA,169,56.0411806666728,Endo
RELA,HA,170,61.1791028134009,Endo
TEAD1,HA,-123,41.0056293664526,Endo
RELA,HA,91,58.207784107798,Endo
TEAD1,HA,-145,36.4145413169728,Endo
RELA,HA,194,56.5036402859668,Endo
TEAD1,HA,-17,38.6527186450341,Endo
TEAD4,HA,-17,44.1796210228691,Endo
TEAD1,HA,189,33.5574746335866,Endo
TEAD4,HA,189,39.549948897079,Endo
TEAD1,HA,50,37.8809082900589,Endo
STAT3,HA,-76,86.7284402764074,Endo
TEAD4,HA,-74,46.3156042478189,Endo
TEAD1,HA,-75,47.4519442828265,Endo
TEAD1,HA,167,39.5506384198386,Endo
RELA,HA,-196,53.3851604013281,Endo
NFKB1,HA,-79,70.9794669580572,Endo
NFKB1,HA,-46,80.6250432280707,Endo
RELA,HA,-143,51.3902881814294,Endo
NFKB1,HA,51,76.1856967072891,Endo
RELA,HA,-46,63.2233473747976,Endo
RELA,HA,14,66.8252663335144,Endo
TEAD4,HA,-122,45.1601461716319,Endo
TEAD4,HA,22,38.768317109675,Endo
TEAD4,HA,44,35.9153905686299,Endo
TEAD1,HA,43,37.9078940563654,Endo
IRF1,HA,-177,257.322632172498,Endo
RELA,HA,-162,51.0742657411154,Endo
RELA,HA,-157,54.2518459374799,Endo
IRF1,HA,-3,45.6842183252502,Endo
STAT3,HA,-35,81.1858196726067,Endo
STAT3,HA,3,39.6445826888671,Endo
RELA,HA,-10,34.0833061363214,Endo
RELA,HA,2,20.9728914059434,Endo
TEAD1,HA,-169,40.7324212930855,Endo
RELA,HA,87,64.8909802764959,Endo
NFKB1,HA,141,86.3770773513554,Endo
RELA,HA,-163,55.8102421607612,Endo
RELA,HA,28,61.3940480448242,Endo
IRF1,HA,177,313.910072246278,Endo
TEAD1,HA,-50,37.1277559433743,Endo
TEAD1,HA,-111,42.6468933126631,Endo
IRF1,HA,58,335.960748067964,Endo
RELA,HA,-137,51.699685701195,Endo
STAT3,HA,-117,66.405630621331,Endo
STAT3,HA,-58,87.6658307841508,Endo
RELA,HA,146,57.1675247061907,Endo
STAT3,HA,100,84.932679896467,Endo
STAT3,HA,143,81.4298663404157,Endo
NFKB1,HA,-50,77.9072058906145,Endo
NFKB1,HA,-96,83.7742863324095,Endo
NFKB1,HA,91,84.3526747421784,Endo
NFKB1,HA,-2,52.8354599112029,Endo
NFKB1,HA,156,80.6328541371719,Endo
TEAD4,HA,-179,39.9680545664477,Endo
TEAD1,HA,56,40.4688823077816,Endo
TEAD4,HA,56,38.1958821694917,Endo
TEAD4,HA,-199,30.7428854989416,Endo
TEAD1,HA,-124,43.4750499943828,Endo
TEAD4,HA,-124,41.4374357557312,Endo
TEAD1,HA,-56,38.0448530814502,Endo
TEAD1,HA,-40,35.0187309773177,Endo
TEAD1,HA,122,37.1252490605428,Endo
TEAD4,HA,122,38.1038596385276,Endo
TEAD1,HA,185,43.1270003011512,Endo
TEAD4,HA,185,44.1270460330698,Endo
TEAD1,HA,-187,41.2043306560945,Endo
TEAD4,HA,-187,39.7857894580315,Endo
NFKB1,HA,117,74.6623397562397,Endo
TEAD1,HA,-80,40.958352325852,Endo
NFKB1,HA,167,69.0024948906931,Endo
STAT3,HA,-171,71.806124916919,Endo
STAT3,HA,141,78.9248277809381,Endo
STAT3,HA,10,89.1733803669768,Endo
STAT3,HA,114,87.7303750511217,Endo
RELA,HA,46,54.6279671094141,Endo
RELA,HA,75,52.4179216875164,Endo
RELA,HA,80,52.3910145112096,Endo
NFKB1,HA,-1,90.447933606308,Endo
TEAD4,HA,-171,33.9847957867529,Endo
NFKB1,HA,-168,79.2058349076175,Endo
STAT3,HA,-143,79.7941126200839,Endo
TEAD1,HA,-92,38.8250557302474,Endo
STAT3,HA,-17,79.8313184387088,Endo
STAT3,HA,83,91.5261555670236,Endo
TEAD1,HA,80,41.6662643499857,Endo
STAT3,HA,104,80.0605743542623,Endo
TEAD1,HA,101,42.6005860787122,Endo
STAT3,HA,149,77.8475187845061,Endo
TEAD1,HA,191,43.366968450498,Endo
STAT3,HA,-162,68.6735072188263,Endo
STAT3,HA,40,84.9806171349544,Endo
STAT3,HA,-91,74.7161480705979,Endo
TEAD1,HA,54,41.7147587483265,Endo
TEAD4,HA,54,37.3279686529134,Endo
TEAD1,HA,88,41.581748655427,Endo
TEAD4,HA,88,40.4271171638009,Endo
STAT3,HA,36,91.656511992953,Endo
STAT3,HA,86,79.6393981321104,Endo
STAT3,HA,139,76.1910582031405,Endo
STAT3,HA,191,74.9247795994658,Endo
TEAD1,HA,-168,38.9592222783877,Endo
TEAD4,HA,-168,37.5347359112985,Endo
TEAD1,HA,150,36.8225439672473,Endo
TEAD4,HA,150,41.8524971124659,Endo
TEAD4,HA,166,41.357249603751,Endo
CEBPB,HA,-146,10.946024908238,Endo
IRF1,HA,-113,274.742506332612,Endo
NFKB1,HA,-104,77.0443817729114,Endo
NFKB1,HA,108,85.8534497891738,Endo
NFKB1,HA,50,82.17396515314,Endo
TEAD4,HA,7,20.5313235589127,Endo
STAT3,HA,189,75.7150404564994,Endo
STAT3,HA,142,76.4538128881212,Endo
STAT3,HA,-14,58.1839398360478,Endo
IRF1,HA,-111,297.995806350355,Endo
TEAD1,HA,-135,38.3736394515992,Endo
TEAD1,HA,-122,43.3382252522714,Endo
STAT3,HA,-125,76.1012718932499,Endo
STAT3,HA,-102,77.5137093481759,Endo
IRF1,HA,100,315.228922998342,Endo
TEAD1,HA,-89,41.2975996461763,Endo
TEAD1,HA,-18,47.1010662392315,Endo
STAT3,HA,-21,83.1682692081805,Endo
IRF1,HA,192,310.215651368116,Endo
TEAD1,HA,2,89.807093830605,Endo
STAT3,HA,-1,46.6456066999377,Endo
TEAD1,HA,10,28.6969835849441,Endo
STAT3,HA,7,43.8229620372237,Endo
STAT3,HA,47,73.6592623536074,Endo
TEAD1,HA,124,37.4103112570442,Endo
TEAD1,HA,135,37.2474528724401,Endo
STAT3,HA,46,87.9721674897143,Endo
TEAD1,HA,26,41.7273865767123,Endo
TEAD4,HA,26,40.4489186629215,Endo
IRF1,HA,197,324.719544416321,Endo
RELA,HA,-165,54.6514659141314,Endo
IRF1,HA,-176,255.562648866189,Endo
STAT3,HA,-49,75.0218409469585,Endo
RELA,HA,-53,61.7862768982947,Endo
RELA,HA,-18,60.1227064550646,Endo
STAT3,HA,23,81.4245674449413,Endo
RELA,HA,18,69.9599504035558,Endo
STAT3,HA,57,79.4863315274217,Endo
RELA,HA,69,65.9519010456882,Endo
RELA,HA,68,67.2847441243297,Endo
RELA,HA,119,64.2272694448837,Endo
STAT3,HA,-123,76.3328661424544,Endo
IRF1,HA,3,36.8491021808197,Endo
NFKB1,HA,97,66.1442235689904,Endo
TEAD4,HA,-87,34.1566410143229,Endo
TEAD4,HA,102,39.7354554242645,Endo
RELA,HA,-130,62.1635857423326,Endo
RELA,HA,21,68.5897733025153,Endo
NFKB1,HA,21,78.6112243897712,Endo
TEAD1,HA,186,41.4818041863141,Endo
NFKB1,HA,198,72.4458417918406,Endo
STAT3,HA,-20,88.2309123571232,Endo
STAT3,HA,-13,59.4834278674955,Endo
STAT3,HA,-4,21.1076528465857,Endo
STAT3,HA,-53,92.8761377018957,Endo
RELA,HA,-144,55.6530825884706,Endo
STAT3,HA,-72,82.7568205049874,Endo
RELA,HA,-76,57.0928799019684,Endo
TEAD4,HA,-11,39.7302764820599,Endo
TEAD1,HA,69,39.0860309941765,Endo
TEAD4,HA,69,35.9833837286163,Endo
RELA,HA,-107,57.5738714374293,Endo
TEAD4,HA,-183,38.3021710246883,Endo
TEAD4,HA,-32,36.5902309071389,Endo
TEAD1,HA,-33,45.378046326581,Endo
TEAD4,HA,175,38.6037036654592,Endo
TEAD1,HA,174,34.7109842528759,Endo
NFKB1,HA,-22,88.927328035185,Endo
TEAD1,HA,142,36.5322960948808,Endo
RELA,HA,-149,60.621616786107,Endo
STAT3,HA,-169,69.6992727800077,Endo
STAT3,HA,28,79.9454466700317,Endo
STAT3,HA,38,85.84696696831,Endo
TEAD4,HA,-167,40.2075358678999,Endo
TEAD1,HA,41,42.5573452536523,Endo
STAT3,HA,163,83.2220878882978,Endo
TEAD4,HA,-69,37.8613804231318,Endo
RELA,HA,66,59.0702415027458,Endo
RELA,HA,114,58.8962780721602,Endo
STAT3,HA,-119,86.3883471205771,Endo
RELA,HA,110,64.4773421182248,Endo
STAT3,HA,-174,74.3349526365503,Endo
TEAD1,HA,-128,40.7082881988957,Endo
TEAD4,HA,-96,43.6559075773078,Endo
TEAD1,HA,-97,38.0544661905319,Endo
TEAD1,HA,49,41.9607130550377,Endo
STAT3,HA,-167,69.3397662457357,Endo
NFKB1,HA,94,81.4997186857386,Endo
TEAD4,HA,60,34.71231456862,Endo
TEAD4,HA,99,40.3259410053525,Endo
TEAD1,HA,98,40.0556084552602,Endo
TEAD4,HA,-43,40.214065412322,Endo
NFKB1,HA,-103,75.3880399634599,Endo
NFKB1,HA,-55,76.7132345639346,Endo
NFKB1,HA,-38,65.3016820038057,Endo
NFKB1,HA,-21,76.6419726290905,Endo
NFKB1,HA,70,75.5041466517908,Endo
NFKB1,HA,-41,96.8540665953023,Endo
RELA,HA,-80,60.5477374275815,Endo
TEAD4,HA,-196,33.4813625363604,Endo
TEAD4,HA,153,43.3976420063334,Endo
TEAD1,HA,152,41.5737821113936,Endo
TEAD1,HA,53,39.66933073912,Endo
TEAD4,HA,53,38.8529673160393,Endo
TEAD4,HA,97,40.4536562621274,Endo
TEAD4,HA,-136,35.3823097325817,Endo
TEAD1,HA,-137,34.0366967316261,Endo
TEAD1,HA,12,38.0978564414474,Endo
TEAD4,HA,136,38.2359493419355,Endo
TEAD4,HA,-50,30.3896360816592,Endo
TEAD1,HA,108,37.536226255612,Endo
TEAD1,HA,171,40.1184142092423,Endo
TEAD4,HA,171,35.6267922190625,Endo
IRF1,HA,-55,308.603316853655,Endo
NFKB1,HA,-95,74.4851754387283,Endo
NFKB1,HA,-81,85.8834187844902,Endo
STAT3,HA,176,84.2280297716543,Endo
NFKB1,HA,-40,78.0310850084205,Endo
RELA,HA,-24,61.8517025862411,Endo
NFKB1,HA,2,31.680390298944,Endo
RELA,HA,-166,52.5078372288501,Endo
NFKB1,HA,20,78.8395777103744,Endo
NFKB1,HA,98,78.289381858068,Endo
CEBPB,HA,-166,8.89691474432811,Endo
NFKB1,HA,-30,59.3387312457409,Endo
RELA,HA,13,60.2403638170373,Endo
TEAD1,HA,52,37.3649062856252,Endo
TEAD4,HA,55,40.6859447833894,Endo
TEAD1,HA,132,41.3216352620139,Endo
STAT3,HA,-95,77.0648263491226,Endo
STAT3,HA,-186,71.4051279387809,Endo
STAT3,HA,60,83.4452749762636,Endo
STAT3,HA,-154,80.2609524170761,Endo
NFKB1,HA,-140,85.1933654427129,Endo
NFKB1,HA,113,82.0648691853155,Endo
NFKB1,HA,148,79.9031001486804,Endo
NFKB1,HA,-92,73.973531789873,Endo
NFKB1,HA,161,72.3355286467589,Endo
NFKB1,HA,184,86.1869570281672,Endo
NFKB1,HA,-157,75.3276046883015,Endo
RELA,HA,-172,57.4748476854983,Endo
NFKB1,HA,-155,65.3830931309002,Endo
RELA,HA,-123,58.1023521514079,Endo
RELA,HA,34,62.7864370838034,Endo
NFKB1,HA,44,63.0538423895073,Endo
RELA,HA,74,62.6792881270713,Endo
NFKB1,HA,93,77.0187551306194,Endo
STAT3,HA,-156,80.8464126292483,Endo
RELA,HA,44,55.2794234891046,Endo
NFKB1,HA,100,74.8831603938146,Endo
IRF1,HA,-8,85.2389862537992,Endo
IRF1,HA,7,75.8746470791825,Endo
RELA,HA,-177,61.6045146959702,Endo
NFKB1,HA,-197,61.2871647358765,Endo
NFKB1,HA,-164,77.0549956801648,Endo
NFKB1,HA,88,77.2346971588868,Endo
RELA,HA,-56,54.4956869058022,Endo
RELA,HA,6,53.9103410263553,Endo
NFKB1,HA,-112,65.9323326763774,Endo
NFKB1,HA,-80,74.8645225026055,Endo
NFKB1,HA,13,75.7799780817471,Endo
NFKB1,HA,80,77.0321658732108,Endo
NFKB1,HA,103,68.2190311194481,Endo
STAT3,HA,107,84.8282457098237,Endo
CEBPB,HA,-173,10.6640676231895,Endo
CEBPB,HA,-143,13.6824261012075,Endo
CEBPB,HA,96,13.6972572117947,Endo
CEBPB,HA,-128,13.1151343041755,Endo
CEBPB,HA,-79,13.230245207361,Endo
RELA,HA,187,53.9019433499489,Endo
IRF1,HA,-167,259.218420968221,Endo
IRF1,HA,-182,254.157259405419,Endo
STAT3,HA,-99,76.9855226092647,Endo
STAT3,HA,-27,74.3109671539567,Endo
TEAD4,HA,-184,35.64481136996,Endo
TEAD4,HA,-135,36.7042944800482,Endo
TEAD4,HA,-88,37.7236974959072,Endo
TEAD4,HA,-52,42.6888420153905,Endo
TEAD4,HA,58,39.5003537577761,Endo
TEAD4,HA,135,38.5445649835977,Endo
TEAD1,HA,-120,32.6790591434669,Endo
TEAD1,HA,-72,38.0390148448863,Endo
TEAD1,HA,89,33.4250906925682,Endo
TEAD4,HA,89,37.4092143100882,Endo
TEAD1,HA,121,45.4390177062523,Endo
TEAD4,HA,121,45.9205926649992,Endo
RELA,HA,-1,31.7860107644277,Endo
RELA,HA,-34,57.836614823272,Endo
NFKB1,HA,-29,78.4715054235201,Endo
RELA,HA,102,51.75637248083,Endo
TEAD4,HA,-150,32.0702250697307,Endo
STAT3,HA,-75,91.6347481081705,Endo
TEAD1,HA,-88,38.8731708673157,Endo
TEAD4,HA,-1,11.2668148556119,Endo
TEAD1,HA,-2,16.1128774020115,Endo
NFKB1,HA,-152,72.1961125034364,Endo
NFKB1,HA,-127,75.4263128139407,Endo
NFKB1,HA,-33,78.0708231696296,Endo
CEBPB,HA,79,10.7156239841318,Endo
CEBPB,HA,106,9.51531345346164,Endo
TEAD1,HA,169,43.786170098096,Endo
RELA,HA,-104,57.1328008878141,Endo
RELA,HA,-105,62.5621715607187,Endo
RELA,HA,167,55.7136618102921,Endo
RELA,HA,-187,55.3184721699669,Endo
RELA,HA,-108,62.6846977327622,Endo
CEBPB,HA,-63,9.36929080245896,Endo
CEBPB,HA,-15,9.77543616366219,Endo
CEBPB,HA,37,11.7776343135782,Endo
CEBPB,HA,69,14.296178044055,Endo
CEBPB,HA,110,11.5331314219873,Endo
CEBPB,HA,120,11.3090939540698,Endo
CEBPB,HA,123,11.182455097978,Endo
CEBPB,HA,149,10.8278683122701,Endo
CEBPB,HA,166,10.8128413290494,Endo
CEBPB,HA,171,12.7987701007403,Endo
TEAD4,HA,-149,38.1900129633348,Endo
TEAD4,HA,-54,35.6356970234573,Endo
TEAD4,HA,104,36.0576658899012,Endo
TEAD4,HA,170,40.6312409119439,Endo
TEAD4,HA,-9,28.4875461033546,Endo
TEAD1,HA,-10,28.3207276333811,Endo
RELA,HA,106,62.0260551792318,Endo
RELA,HA,-2,24.6611802306163,Endo
RELA,HA,33,59.0395891767248,Endo
NFKB1,HA,-196,71.9699523200204,Endo
NFKB1,HA,-165,77.5492585018241,Endo
NFKB1,HA,-154,71.9799566291103,Endo
NFKB1,HA,-108,67.115397873584,Endo
RELA,HA,-91,60.0343703787176,Endo
RELA,HA,-65,62.6579770875443,Endo
NFKB1,HA,-65,70.2010347836479,Endo
RELA,HA,-16,69.1295913611358,Endo
NFKB1,HA,144,83.9508865289705,Endo
NFKB1,HA,138,83.3875272035281,Endo
STAT3,HA,130,89.0920880010111,Endo
NFKB1,HA,-189,71.8782944901671,Endo
NFKB1,HA,-54,71.433406722972,Endo
NFKB1,HA,49,76.3615212684274,Endo
NFKB1,HA,58,71.6293959541706,Endo
NFKB1,HA,186,83.8008671252873,Endo
TEAD4,HA,-177,38.9695863234153,Endo
TEAD1,HA,-178,34.6141945564935,Endo
TEAD4,HA,-164,37.428019456221,Endo
TEAD4,HA,-107,36.5086066273716,Endo
TEAD1,HA,-108,38.8489680985895,Endo
STAT3,HA,-16,74.286882155529,Endo
RELA,HA,126,65.2006804657033,Endo
STAT3,HA,-184,80.0078472430269,Endo
STAT3,HA,-157,77.0680403332901,Endo
STAT3,HA,-131,73.8544053422694,Endo
STAT3,HA,-114,82.3844135053558,Endo
TEAD4,HA,-197,36.0505991965693,Endo
STAT3,HA,5,62.7921639254086,Endo
TEAD1,HA,-68,39.851960562777,Endo
TEAD1,HA,-42,45.5001212808868,Endo
TEAD4,HA,-37,30.7359597134483,Endo
STAT3,HA,31,82.550664949822,Endo
TEAD1,HA,28,42.9630536036438,Endo
TEAD4,HA,28,36.7324218571276,Endo
STAT3,HA,96,93.1016871866241,Endo
TEAD4,HA,93,37.8983362103555,Endo
TEAD4,HA,68,37.7501598176525,Endo
NFKB1,HA,112,71.4569627681785,Endo
NFKB1,HA,-131,81.1478868595525,Endo
STAT3,HA,-25,88.9792206234183,Endo
IRF1,HA,13,160.264926505273,Endo
NFKB1,HA,171,72.0378071266733,Endo
RELA,HA,-188,50.1985339364201,Endo
NFKB1,HA,182,72.4110430306391,Endo
RELA,HA,-90,62.1887378048181,Endo
CEBPB,HA,122,9.26825977082265,Endo
RELA,HA,-101,55.6893540277201,Endo
NFKB1,HA,-23,75.6563100699007,Endo
STAT3,HA,67,81.3714606179067,Endo
TEAD1,HA,-139,37.387885274349,Endo
TEAD4,HA,-139,39.0501192458551,Endo
IRF1,HA,-9,77.5584151843607,Endo
TEAD4,HA,46,33.4773125610385,Endo
RELA,HA,-62,69.2723121526045,Endo
RELA,HA,36,59.5309024604298,Endo
IRF1,HA,0,75.7533728142141,Endo
TEAD1,HA,-70,39.902674740473,Endo
TEAD1,HA,-191,39.4188689376558,Endo
TEAD4,HA,-191,37.5342959111305,Endo
STAT3,HA,137,74.9702554454258,Endo
CEBPB,HA,-177,9.40689570132293,Endo
CEBPB,HA,-134,12.2719098252494,Endo
CEBPB,HA,35,13.6856674837791,Endo
CEBPB,HA,71,13.7023325165892,Endo
CEBPB,HA,95,16.9129258830796,Endo
CEBPB,HA,154,8.45549417135575,Endo
CEBPB,HA,168,10.0816216312529,Endo
TEAD1,HA,-185,36.5170295514427,Endo
TEAD1,HA,-148,33.2385893124556,Endo
NFKB1,HA,-162,78.3601114861247,Endo
NFKB1,HA,-100,77.5875061102683,Endo
NFKB1,HA,-98,75.7566250592065,Endo
NFKB1,HA,-31,61.1035773430404,Endo
NFKB1,HA,129,74.05584436011,Endo
RELA,HA,-127,66.9655951685963,Endo
TEAD4,HA,-49,41.0987829659177,Endo
TEAD1,HA,-166,37.9543223227099,Endo
TEAD4,HA,-166,33.1191945119856,Endo
CEBPB,HA,24,12.9892454307314,Endo
STAT3,HA,108,84.221317253342,Endo
STAT3,HA,-41,92.9724026986889,Endo
TEAD4,HA,-186,36.2471640298781,Endo
TEAD4,HA,-138,36.5833465737722,Endo
CEBPB,HA,133,8.71804384723084,Endo
TEAD1,HA,71,39.6019395672896,Endo
TEAD1,HA,188,37.6807371563257,Endo
TEAD4,HA,-45,41.03247314492,Endo
TEAD1,HA,-46,42.4160017659847,Endo
STAT3,HA,-83,84.8025757408149,Endo
TEAD1,HA,-140,39.9013777684003,Endo
TEAD1,HA,163,38.4922722933046,Endo
TEAD1,HA,-180,38.2679619916901,Endo
STAT3,HA,128,75.0458982453868,Endo
NFKB1,HA,123,72.2478389946419,Endo
STAT3,HA,-32,80.972268039533,Endo
STAT3,HA,89,83.8395498552898,Endo
TEAD1,HA,-54,36.1515464806657,Endo
TEAD1,HA,81,41.5538371073411,Endo
TEAD4,HA,81,37.1769682252658,Endo
NFKB1,HA,37,84.5839792029526,Endo
NFKB1,HA,62,91.8793909515448,Endo
TEAD1,HA,-64,38.1141045765841,Endo
TEAD4,HA,194,35.4207836037144,Endo
STAT3,HA,-153,72.0697376609697,Endo
STAT3,HA,-101,72.7364208402269,Endo
TEAD4,HA,-100,36.7876400371644,Endo
RELA,HA,162,59.871346182817,Endo
RELA,HA,193,50.0900229795193,Endo
RELA,HA,-191,55.0174750712251,Endo
TEAD4,HA,107,45.6888803230473,Endo
RELA,HA,-75,52.9206096565592,Endo
RELA,HA,-40,62.1596548563047,Endo
TEAD4,HA,-18,39.7369834500214,Endo
TEAD1,HA,6,47.3115764974656,Endo
TEAD4,HA,6,38.7523873063017,Endo
STAT3,HA,-107,82.4912277840477,Endo
TEAD4,HA,141,36.3661692819473,Endo
STAT3,HA,22,82.7942973825017,Endo
TEAD4,HA,-71,37.8559298746127,Endo
TEAD4,HA,187,34.5124098507866,Endo
RELA,HA,-182,50.5091019619802,Endo
CEBPB,HA,142,8.52153144855789,Endo
NFKB1,HA,-160,77.9176382075594,Endo
TEAD4,HA,164,36.7462822694529,Endo
TEAD1,HA,-107,36.6659866884706,Endo
TEAD1,HA,-13,51.5810278058479,Endo
TEAD1,HA,91,39.2757333958371,Endo
TEAD1,HA,-181,27.53628311229,Endo
TEAD1,HA,78,41.7725575672091,Endo
TEAD1,HA,145,36.9532134290201,Endo
TEAD1,HA,197,39.7165512313831,Endo
NFKB1,HA,-63,77.6838086188719,Endo
NFKB1,HA,-75,67.1421198755486,Endo
NFKB1,HA,30,87.9615991907297,Endo
TEAD4,HA,15,41.0939798300446,Endo
TEAD4,HA,52,39.7103689122402,Endo
RELA,HA,-77,56.4593063265296,Endo
RELA,HA,97,55.3021695468052,Endo
RELA,HA,140,57.6381892495335,Endo
RELA,HA,-192,51.9592198653681,Endo
RELA,HA,-15,69.1404564338296,Endo
TEAD4,HA,72,40.8328754659827,Endo
TEAD4,HA,130,40.3928101437822,Endo
CEBPB,HA,105,9.09850804799056,Endo
NFKB1,HA,5,160.608175938288,Endo
STAT3,HA,-59,81.17830907958,Endo
STAT3,HA,101,85.6143316121587,Endo
STAT3,HA,12,60.7081925111538,Endo
TEAD4,HA,-86,41.9069684259606,Endo
TEAD1,HA,120,42.9065633398145,Endo
STAT3,HA,-100,77.0946097476352,Endo
TEAD4,HA,-64,32.2841686815815,Endo
TEAD1,HA,-65,41.6196508563094,Endo
STAT3,HA,-29,86.589768755512,Endo
NFKB1,HA,-186,65.7753748268723,Endo
NFKB1,HA,-15,70.1964493004726,Endo
TEAD1,HA,-126,45.2247818263288,Endo
TEAD1,HA,-161,39.2375229296129,Endo
TEAD1,HA,-39,36.4607823987269,Endo
TEAD4,HA,-39,34.2694309442151,Endo
TEAD1,HA,60,38.8728449724484,Endo
CEBPB,HA,-30,8.96037268386145,Endo
CEBPB,HA,141,10.6540148280251,Endo
RELA,HA,25,69.8791638542637,Endo
NFKB1,HA,34,71.950102599569,Endo
NFKB1,HA,66,66.3808482448415,Endo
NFKB1,HA,126,78.4283472852385,Endo
TEAD4,HA,-92,36.3650398939858,Endo
TEAD1,HA,90,37.1371565782423,Endo
RELA,HA,-97,62.651087457019,Endo
RELA,HA,-98,56.9934775930364,Endo
NFKB1,HA,64,91.6274308930459,Endo
NFKB1,HA,38,85.2272984421316,Endo
NFKB1,HA,159,71.4428299672762,Endo
STAT3,HA,-19,89.9477977103361,Endo
STAT3,HA,-26,86.3351665694408,Endo
TEAD4,HA,39,37.0256004004857,Endo
TEAD1,HA,38,36.4099436997144,Endo
TEAD4,HA,181,39.8010964426835,Endo
TEAD1,HA,180,44.0553834895577,Endo
RELA,HA,-133,61.2993061232841,Endo
RELA,HA,-185,57.7858741301614,Endo
RELA,HA,130,57.1726041715951,Endo
STAT3,HA,-152,68.5617473300358,Endo
STAT3,HA,155,76.5656198226929,Endo
NFKB1,HA,68,74.0574139576081,Endo
TEAD4,HA,42,43.2518142133631,Endo
TEAD1,HA,55,42.4212113887349,Endo
TEAD4,HA,151,35.6396869045541,Endo
RELA,HA,-199,56.818536199481,Endo
RELA,HA,-145,63.0873589280175,Endo
RELA,HA,-41,60.2802579676826,Endo
NFKB1,HA,193,72.7521121702274,Endo
TEAD1,HA,170,40.9517047905885,Endo
TEAD4,HA,124,32.7823262483602,Endo
TEAD1,HA,123,37.8895425201283,Endo
RELA,HA,-136,66.436975593942,Endo
RELA,HA,-126,57.7472681194978,Endo
STAT3,HA,-45,81.3311634008138,Endo
CEBPB,HA,-154,8.8407275986471,Endo
NFKB1,HA,29,62.5418115527209,Endo
NFKB1,HA,67,61.1232548154319,Endo
NFKB1,HA,14,82.1267906411699,Endo
TEAD4,HA,75,46.1259296306956,Endo
STAT3,HA,-37,83.9716565194118,Endo
NFKB1,HA,86,81.5976900162015,Endo
RELA,HA,131,59.7368506934943,Endo
TEAD1,HA,-192,39.3373803726497,Endo
TEAD1,HA,-32,36.4174195998513,Endo
STAT3,HA,6,22.9854513163147,Endo
TEAD1,HA,3,14.8997338298045,Endo
NFKB1,HA,-24,67.0467158840074,Endo
STAT3,HA,180,77.4797589289567,Endo
CEBPB,HA,-61,10.1814683036427,Endo
TEAD1,HA,-189,30.6910117683405,Endo
TEAD1,HA,-132,36.9033417791043,Endo
STAT3,HA,13,66.2730943790251,Endo
RELA,HA,108,63.85670901756,Endo
STAT3,HA,102,90.7965894187709,Endo
RELA,HA,188,59.1419447836388,Endo
STAT3,HA,158,84.1138569331528,Endo
RELA,HA,139,58.3932954440718,Endo
RELA,HA,-146,56.7871114037409,Endo
RELA,HA,-96,57.8451069598594,Endo
NFKB1,HA,-97,86.3953685115374,Endo
RELA,HA,-29,61.2782238539054,Endo
RELA,HA,55,57.8364291295693,Endo
NFKB1,HA,104,78.6430181007203,Endo
TEAD4,HA,123,39.0749944750601,Endo
TEAD1,HA,-110,37.1888344410677,Endo
RELA,HA,-189,49.968896580465,Endo
RELA,HA,0,25.8624795710886,Endo
RELA,HA,166,60.7106484206068,Endo
STAT3,HA,-86,78.8834297979055,Endo
STAT3,HA,32,85.0127260167523,Endo
STAT3,HA,177,72.0085130549156,Endo
STAT3,HA,-176,74.7063597799487,Endo
TEAD4,HA,25,36.7224748003067,Endo
TEAD1,HA,24,40.903496934433,Endo
NFKB1,HA,87,75.8412264719438,Endo
RELA,HA,-12,59.451035725631,Endo
CEBPB,HA,-108,10.8924952232111,Endo
CEBPB,HA,-36,12.0080400499153,Endo
STAT3,HA,-22,85.4050195487039,Endo
TEAD1,HA,-98,43.3001411306319,Endo
TEAD4,HA,-98,39.257491417735,Endo
STAT3,HA,72,83.2049091507917,Endo
TEAD1,HA,125,46.309637480554,Endo
TEAD1,HA,106,44.7806809208288,Endo
TEAD4,HA,190,34.2418879214626,Endo
TEAD4,HA,29,42.4910608008132,Endo
TEAD4,HA,115,40.862737128207,Endo
TEAD1,HA,114,37.9932276926794,Endo
TEAD4,HA,51,35.5234997537959,Endo
NFKB1,HA,-115,75.1782448949235,Endo
NFKB1,HA,-14,83.9435073276005,Endo
TEAD1,HA,-19,42.7549394749082,Endo
TEAD1,HA,172,38.9691289382362,Endo
TEAD4,HA,172,40.2980266165296,Endo
CEBPB,HA,129,16.1494738837853,Endo
CEBPB,HA,158,10.2612553216533,Endo
STAT3,HA,25,89.2015388511918,Endo
NFKB1,HA,175,73.2483623789993,Endo
RELA,HA,-125,58.912757728111,Endo
RELA,HA,-73,61.3815666163059,Endo
RELA,HA,35,61.9294695782476,Endo
NFKB1,HA,-198,72.3335224964846,Endo
TEAD1,HA,45,37.0743026206393,Endo
RELA,HA,-184,53.0676286662772,Endo
TEAD1,HA,187,34.9451158548968,Endo
TEAD1,HA,70,41.5700701262022,Endo
RELA,HA,-63,64.5430582065363,Endo
RELA,HA,-30,61.8434037500879,Endo
RELA,HA,51,71.4513158163548,Endo
RELA,HA,116,62.1044441491929,Endo
TEAD1,HA,-144,34.5697727042513,Endo
TEAD4,HA,-144,38.6079785322035,Endo
IRF1,HA,-1,29.1937108831166,Endo
STAT3,HA,157,82.868006888876,Endo
RELA,HA,8,30.0042258594879,Endo
STAT3,HA,16,80.8249544032867,Endo
RELA,HA,141,56.4058837788764,Endo
RELA,HA,178,53.6096498772126,Endo
RELA,HA,196,51.1941718146507,Endo
NFKB1,HA,27,74.2599921609692,Endo
RELA,HA,-27,63.2718440189368,Endo
NFKB1,HA,166,83.6389314717609,Endo
TEAD1,HA,-142,32.4808207374642,Endo
TEAD4,HA,33,40.0780925599401,Endo
TEAD4,HA,-84,41.6965177802821,Endo
TEAD1,HA,-85,40.2911437886626,Endo
NFKB1,HA,36,66.4376827142639,Endo
NFKB1,HA,139,75.6633568422101,Endo
NFKB1,HA,158,76.904447340631,Endo
NFKB1,HA,172,80.8526204725384,Endo
NFKB1,HA,200,83.221034174388,Endo
NFKB1,HA,121,80.6639748532388,Endo
TEAD1,HA,-186,34.1514087939034,Endo
TEAD1,HA,-106,40.4220470611844,Endo
TEAD4,HA,-106,35.2262559033972,Endo
TEAD4,HA,18,38.0715831077019,Endo
TEAD1,HA,96,35.4327377623319,Endo
TEAD4,HA,-180,35.2226371597854,Endo
NFKB1,HA,63,86.427236863314,Endo
TEAD4,HA,197,37.0136031331253,Endo
TEAD1,HA,196,42.8247842655373,Endo
RELA,HA,-158,57.2248224347505,Endo
TEAD1,HA,-59,38.2064673137146,Endo
TEAD4,HA,-59,38.2612013886091,Endo
TEAD1,HA,72,38.7369963027147,Endo
NFKB1,HA,92,72.9300096569333,Endo
TEAD4,HA,-103,36.674347021432,Endo
TEAD4,HA,0,12.0560613801501,Endo
TEAD1,HA,-1,19.9770327165946,Endo
TEAD4,HA,-170,38.0357818619054,Endo
TEAD4,HA,96,37.0313315673357,Endo
TEAD1,HA,161,41.1773916603088,Endo
TEAD4,HA,161,33.8963646071948,Endo
TEAD4,HA,163,37.4102219763851,Endo
STAT3,HA,106,81.6002579053265,Endo
RELA,HA,-142,55.5589360335545,Endo
CEBPB,HA,7,35.6820051085016,Endo
CEBPB,HA,-65,10.4654627018701,Endo
STAT3,HA,-179,79.970258241452,Endo
TEAD4,HA,-126,35.5818540184799,Endo
TEAD1,HA,68,39.2900411698178,Endo
TEAD1,HA,147,39.9369120759624,Endo
NFKB1,HA,18,81.7187281542964,Endo
STAT3,HA,-122,68.9676910374377,Endo
TEAD4,HA,-34,46.6099744706211,Endo
NFKB1,HA,-52,81.2527435378766,Endo
TEAD4,HA,-157,36.3506351935695,Endo
TEAD4,HA,-97,38.9131964034277,Endo
STAT3,HA,136,83.8162053229542,Endo
RELA,HA,-114,59.5854355774003,Endo
STAT3,HA,17,91.592207093476,Endo
RELA,HA,43,59.7757381794529,Endo
TEAD4,HA,34,39.4709475461122,Endo
TEAD1,HA,33,39.8514877836439,Endo
TEAD1,HA,134,37.1601789655982,Endo
CEBPB,HA,-93,13.6522338525582,Endo
CEBPB,HA,-56,13.5329461511767,Endo
TEAD4,HA,186,34.6367181094653,Endo
STAT3,HA,113,85.7464844182449,Endo
NFKB1,HA,46,78.9374219722729,Endo
STAT3,HA,-50,77.1283493750025,Endo
TEAD4,HA,139,42.0066446252379,Endo
TEAD1,HA,138,41.2042072832905,Endo
TEAD1,HA,-156,38.052179353988,Endo
TEAD4,HA,-156,31.0853067442326,Endo
NFKB1,HA,-84,76.7934412214819,Endo
NFKB1,HA,-10,39.1110392982783,Endo
TEAD1,HA,-94,43.4454620139867,Endo
TEAD4,HA,-94,37.6409511851786,Endo
STAT3,HA,197,80.9243308004681,Endo
RELA,HA,-81,59.5917868801069,Endo
NFKB1,HA,54,77.176292090736,Endo
TEAD4,HA,-41,41.1797649737705,Endo
CEBPB,HA,-81,11.1141919714693,Endo
RELA,HA,-57,55.4179152266325,Endo
RELA,HA,-58,64.7122230087848,Endo
STAT3,HA,161,75.5150693492625,Endo
TEAD4,HA,173,38.2583428151392,Endo
IRF1,HA,-11,87.9240260599993,Endo
STAT3,HA,-55,93.0693641533548,Endo
TEAD1,HA,-41,41.3884291947579,Endo
TEAD1,HA,-141,35.0722843087101,Endo
TEAD4,HA,-141,36.5326712255929,Endo
TEAD4,HA,-105,36.7924573187091,Endo
TEAD4,HA,-31,36.0027005537672,Endo
TEAD1,HA,-198,33.7441555872749,Endo
TEAD1,HA,153,42.0197616152608,Endo
STAT3,HA,-150,72.925259113945,Endo
STAT3,HA,199,79.3101097001883,Endo
TEAD4,HA,-77,33.2198834414421,Endo
STAT3,HA,133,86.0862147349658,Endo
STAT3,HA,4,26.4697788203275,Endo
NFKB1,HA,-177,70.4486120804116,Endo
NFKB1,HA,7,73.0929543275305,Endo
RELA,HA,-150,52.9278546249881,Endo
TEAD4,HA,-151,36.6041214299433,Endo
TEAD1,HA,16,42.0678357855029,Endo
TEAD1,HA,165,40.6506099761427,Endo
NFKB1,HA,-188,66.2269506366786,Endo
NFKB1,HA,-166,79.6483425048345,Endo
RELA,HA,-186,48.6211772720037,Endo
RELA,HA,-135,60.6868464834753,Endo
RELA,HA,-11,64.3979960288223,Endo
NFKB1,HA,75,62.9043888263865,Endo
NFKB1,HA,74,69.1332343526356,Endo
CEBPB,HA,-51,14.1990100975173,Endo
RELA,HA,104,60.1669747285839,Endo
CEBPB,HA,-29,18.9616716717555,Endo
RELA,HA,157,57.33274908169,Endo
CEBPB,HA,38,13.508176185751,Endo
TEAD4,HA,16,41.3531897137471,Endo
RELA,HA,124,66.4994869146636,Endo
RELA,HA,186,54.8549405074224,Endo
CEBPB,HA,-180,10.8268680262743,Endo
IRF1,HA,-5,40.535410295734,Endo
NFKB1,HA,78,73.0866496882748,Endo
STAT3,HA,175,74.9691785720873,Endo
TEAD1,HA,5,14.7720767023205,Endo
TEAD4,HA,5,31.3435355939751,Endo
STAT3,HA,-137,77.3054726780537,Endo
TEAD4,HA,-200,35.3778931257703,Endo
TEAD1,HA,-157,38.2200825667089,Endo
STAT3,HA,-33,83.8109289172881,Endo
TEAD4,HA,23,45.1679971585203,Endo
TEAD1,HA,22,41.9638891503581,Endo
TEAD4,HA,146,32.3461059861452,Endo
TEAD4,HA,188,34.4214528949007,Endo
NFKB1,HA,105,74.2962794624955,Endo
TEAD1,HA,-3,56.8098797575292,Endo
TEAD1,HA,83,42.8762993456081,Endo
TEAD1,HA,105,39.1902475818606,Endo
TEAD1,HA,162,38.6540047363937,Endo
STAT3,HA,-85,70.5372509225456,Endo
TEAD1,HA,140,40.0032821658701,Endo
TEAD4,HA,-188,36.1811408153178,Endo
STAT3,HA,-60,79.2268351138802,Endo
STAT3,HA,-30,84.8148628455533,Endo
TEAD1,HA,-95,40.8488899453541,Endo
TEAD4,HA,192,42.7482540475144,Endo
NFKB1,HA,-169,71.7066126359799,Endo
CEBPB,HA,-140,10.4578610134524,Endo
RELA,HA,7,37.451811925685,Endo
TEAD1,HA,182,43.5348977988902,Endo
STAT3,HA,150,83.7509977749341,Endo
TEAD1,HA,15,42.2147605293888,Endo
RELA,HA,-170,56.5650794262693,Endo
TEAD1,HA,9,35.4653128879994,Endo
RELA,HA,-115,51.8128521335448,Endo
TEAD1,HA,94,44.7135989228821,Endo
RELA,HA,-31,58.9883741331162,Endo
RELA,HA,122,56.1398603271539,Endo
STAT3,HA,-54,85.6512443416585,Endo
TEAD1,HA,-195,36.0719808663529,Endo
RELA,HA,92,61.6927813575152,Endo
RELA,HA,-195,47.7123672455594,Endo
RELA,HA,189,53.4528028524384,Endo
TEAD4,HA,1,31.0139535612505,Endo
TEAD4,HA,144,38.7387290197182,Endo
RELA,HA,-151,55.4131124170377,Endo
TEAD4,HA,-109,36.7259560787071,Endo
TEAD4,HA,-3,39.8561189656587,Endo
RELA,HA,54,64.6444685365225,Endo
TEAD1,HA,77,40.7071430226776,Endo
RELA,HA,-70,67.8369621978185,Endo
NFKB1,HA,-27,83.8277062662401,Endo
TEAD1,HA,-188,36.9397598847802,Endo
TEAD4,HA,142,39.049977290716,Endo
TEAD1,HA,141,36.9205817744286,Endo
TEAD1,HA,160,38.3378987519246,Endo
TEAD1,HA,92,40.9602498176787,Endo
STAT3,HA,19,84.7795278417547,Endo
STAT3,HA,-112,78.1632693999769,Endo
RELA,HA,29,57.875699666884,Endo
TEAD4,HA,126,41.8138503014228,Endo
TEAD4,HA,32,45.7741251512798,Endo
TEAD1,HA,192,45.1213801091869,Endo
RELA,HA,-100,56.7144535325713,Endo
RELA,HA,49,62.428255488768,Endo
CEBPB,HA,12,10.3815838157738,Endo
CEBPB,HA,150,9.24889878801043,Endo
NFKB1,HA,19,92.2189817925304,Endo
TEAD4,HA,-90,34.1023296395104,Endo
TEAD1,HA,-91,39.8331057275607,Endo
TEAD1,HA,20,41.7463924711642,Endo
TEAD1,HA,25,43.7083016336374,Endo
TEAD4,HA,45,38.620365271908,Endo
TEAD1,HA,44,39.4028221222407,Endo
TEAD4,HA,48,33.6637921603693,Endo
TEAD1,HA,47,38.9440705012616,Endo
TEAD4,HA,152,40.8591215214161,Endo
NFKB1,HA,-59,68.9221749773822,Endo
NFKB1,HA,109,76.2498500431119,Endo
TEAD1,HA,-78,40.8902148683034,Endo
TEAD4,HA,-78,43.0426773820073,Endo
NFKB1,HA,-145,79.1179986249553,Endo
STAT3,HA,-61,79.1533722190821,Endo
STAT3,HA,37,83.5712145575609,Endo
STAT3,HA,42,85.9781015690952,Endo
STAT3,HA,11,60.3955327172836,Endo
STAT3,HA,71,75.0819200591361,Endo
RELA,HA,-36,60.6847098784621,Endo
TEAD1,HA,27,36.4187302518549,Endo
NFKB1,HA,25,76.5432996180489,Endo
TEAD1,HA,-38,34.0251451813699,Endo
TEAD4,HA,-38,36.6684161031237,Endo
TEAD1,HA,-34,38.1202859276791,Endo
TEAD1,HA,-5,16.5473850120413,Endo
NFKB1,HA,125,77.9769527718247,Endo
CEBPB,HA,-7,3.21154246590207,Endo
NFKB1,HA,59,83.9504038902184,Endo
NFKB1,HA,-109,81.1104494041023,Endo
NFKB1,HA,199,72.2701912656965,Endo
NFKB1,HA,-101,78.4746874811487,Endo
RELA,HA,4,83.8747132110721,Endo
STAT3,HA,1,35.0192319975856,Endo
TEAD1,HA,-44,40.9284306789868,Endo
TEAD4,HA,-22,39.8523657054481,Endo
TEAD1,HA,-60,36.4268145610784,Endo
TEAD4,HA,-60,41.7167160849097,Endo
STAT3,HA,-196,66.9994291990486,Endo
NFKB1,HA,-18,64.0375348261436,Endo
STAT3,HA,77,77.9425144874223,Endo
RELA,HA,-190,53.7019377516564,Endo
RELA,HA,-178,56.9143908528593,Endo
CEBPB,HA,17,13.0679998553038,Endo
CEBPB,HA,75,13.5307468389215,Endo
CEBPB,HA,136,10.5458345430661,Endo
CEBPB,HA,172,10.0729092246149,Endo
CEBPB,HA,178,12.0855832435858,Endo
RELA,HA,77,55.7789213404428,Endo
TEAD1,HA,157,40.1873463958396,Endo
RELA,HA,-78,62.7426820192145,Endo
TEAD4,HA,165,37.9899815371803,Endo
TEAD1,HA,164,38.3994363539397,Endo
TEAD4,HA,-102,38.2017867123393,Endo
TEAD1,HA,-103,37.5146696419157,Endo
TEAD1,HA,143,40.3611547774064,Endo
TEAD1,HA,87,38.769601445371,Endo
TEAD1,HA,-131,36.5470209251324,Endo
NFKB1,HA,-37,72.2252596250892,Endo
TEAD1,HA,-77,33.5077338736994,Endo
TEAD4,HA,-190,31.8823670938387,Endo
CEBPB,HA,-85,9.21694158961647,Endo
NFKB1,HA,136,82.9084046187208,Endo
TEAD4,HA,-192,34.3211621019122,Endo
TEAD1,HA,-193,34.1077854233999,Endo
TEAD4,HA,-154,35.4896308573534,Endo
TEAD1,HA,-155,35.517696246795,Endo
TEAD4,HA,103,42.9826727155467,Endo
NFKB1,HA,-185,78.7836610571933,Endo
STAT3,HA,66,85.6470303694433,Endo
RELA,HA,-72,54.4642951510375,Endo
NFKB1,HA,-141,78.3652675784762,Endo
NFKB1,HA,79,93.7490188882119,Endo
NFKB1,HA,28,62.7935785282852,Endo
CEBPB,HA,-136,8.36786560296893,Endo
CEBPB,HA,-101,10.7261805342774,Endo
TEAD4,HA,196,40.6348437929787,Endo
CEBPB,HA,114,9.2232696649141,Endo
CEBPB,HA,144,10.5149944715617,Endo
CEBPB,HA,-153,11.4978029035563,Endo
CEBPB,HA,-87,9.65177561126313,Endo
CEBPB,HA,54,9.62818955563455,Endo
CEBPB,HA,64,15.9149417410952,Endo
CEBPB,HA,77,12.8736731142054,Endo
TEAD4,HA,-12,35.1345954799261,Endo
CEBPB,HA,-165,10.9750955672278,Endo
NFKB1,HA,180,81.6522354496528,Endo
RELA,HA,-159,57.5226845630316,Endo
NFKB1,HA,-159,80.2629537666851,Endo
CEBPB,HA,-42,11.7886823769358,Endo
TEAD1,HA,-12,22.0919456860211,Endo
TEAD1,HA,175,34.9050545094076,Endo
CEBPB,HA,135,10.6841777828889,Endo
STAT3,HA,103,88.8461062093687,Endo
TEAD4,HA,-140,34.1304102485957,Endo
NFKB1,HA,-158,66.659870270156,Endo
NFKB1,HA,-118,78.4200124750424,Endo
NFKB1,HA,187,75.8298567065232,Endo
TEAD4,HA,-145,38.4591142991579,Endo
CEBPB,HA,-124,9.63878149068633,Endo
STAT3,HA,188,82.8218689598149,Endo
TEAD1,HA,181,37.6192327957807,Endo
STAT3,HA,44,86.2339384045718,Endo
TEAD1,HA,-52,42.8597364462135,Endo
TEAD4,HA,-47,38.1222312676275,Endo
NFKB1,HA,77,83.0349203432911,Endo
TEAD1,HA,75,41.5970530306732,Endo
TEAD4,HA,120,41.5702211518332,Endo
CEBPB,HA,-38,10.1761992150289,Endo
CEBPB,HA,140,11.3964123141831,Endo
CEBPB,HA,21,13.3277161290449,Endo
CEBPB,HA,-21,11.9714012318583,Endo
CEBPB,HA,194,11.0110716391271,Endo
NFKB1,HA,-3,34.9302196579624,Endo
NFKB1,HA,-130,79.2551661279681,Endo
TEAD4,HA,10,33.0757654530514,Endo
TEAD1,HA,67,40.3370199316781,Endo
TEAD4,HA,91,40.3860690133501,Endo
STAT3,HA,-168,68.7883005535363,Endo
CEBPB,HA,72,10.4586378771103,Endo
CEBPB,HA,188,10.1759194858717,Endo
NFKB1,HA,-123,84.0644066325205,Endo
RELA,HA,105,62.9299328365636,Endo
RELA,HA,148,63.3386642722922,Endo
STAT3,HA,-115,81.819068787702,Endo
TEAD1,HA,195,42.6862389088877,Endo
TEAD1,HA,-167,32.2517251514533,Endo
TEAD1,HA,104,38.7317907450134,Endo
TEAD4,HA,-194,33.7927019563628,Endo
TEAD1,HA,-15,46.007440798201,Endo
TEAD1,HA,40,35.4391910756493,Endo
TEAD4,HA,-5,19.0522180165997,Endo
TEAD1,HA,-6,25.2657607957784,Endo
RELA,HA,67,60.6821172827533,Endo
TEAD1,HA,36,43.9723410101495,Endo
TEAD1,HA,62,40.9657476949503,Endo
TEAD4,HA,62,36.7499004256179,Endo
RELA,HA,185,53.9007527811807,Endo
RELA,HA,50,66.2729518474898,Endo
TEAD1,HA,198,34.097991859294,Endo
TEAD4,HA,198,38.9985150697712,Endo
NFKB1,HA,-5,66.9751749149751,Endo
TEAD4,HA,-2,30.0238754844632,Endo
CEBPB,HA,58,10.3668146253522,Endo
CEBPB,HA,118,13.7402771032703,Endo
CEBPB,HA,151,10.3632715594437,Endo
CEBPB,HA,183,9.56501178473325,Endo
CEBPB,HA,200,11.6265521968861,Endo
TEAD4,HA,71,33.3138984759234,Endo
CEBPB,HA,-64,11.6597582438428,Endo
CEBPB,HA,175,9.08363151140796,Endo
TEAD1,HA,29,41.1410720437677,Endo
CEBPB,HA,-91,8.55203866675942,Endo
CEBPB,HA,-62,11.6846298525006,Endo
NFKB1,HA,-144,72.6692323835782,Endo
NFKB1,HA,-114,68.3753984956419,Endo
STAT3,HA,-31,81.8449133119263,Endo
TEAD1,HA,-151,34.0495366717982,Endo
TEAD1,HA,-26,39.1898198109912,Endo
TEAD4,HA,105,41.1194928574671,Endo
TEAD4,HA,111,35.4776426877545,Endo
TEAD1,HA,126,38.4586760409749,Endo
TEAD4,HA,76,38.9604409479149,Endo
TEAD1,HA,-200,33.460009472795,Endo
TEAD4,HA,-44,39.3016293018451,Endo
TEAD4,HA,177,39.8203685015001,Endo
TEAD4,HA,-182,34.2443188975545,Endo
TEAD1,HA,-61,38.2166193683175,Endo
TEAD4,HA,109,37.788131383318,Endo
STAT3,HA,-15,61.9664581524396,Endo
NFKB1,HA,-200,87.9412151112812,Endo
TEAD4,HA,154,40.3183340537834,Endo
NFKB1,HA,183,76.9617757417288,Endo
TEAD4,HA,-143,30.9930908113304,Endo
TEAD1,HA,76,46.1574532733278,Endo
TEAD4,HA,183,41.2889549403276,Endo
TEAD4,HA,-130,37.8604755768937,Endo
TEAD1,HA,-125,35.8337740379455,Endo
TEAD4,HA,9,26.5181563521305,Endo
TEAD1,HA,8,25.9458331037365,Endo
STAT3,HA,-98,85.8145453476281,Endo
TEAD4,HA,77,46.0624343435773,Endo
CEBPB,HA,-127,9.7344977114996,Endo
TEAD4,HA,-174,36.779633678138,Endo
TEAD4,HA,195,36.7591830764013,Endo
TEAD1,HA,194,36.6680302817405,Endo
CEBPB,HA,13,7.19121765235679,Endo
TEAD1,HA,17,37.8857051821635,Endo
STAT3,HA,-66,88.586289553973,Endo
TEAD4,HA,-131,40.2861281907178,Endo
STAT3,HA,115,87.4576104272471,Endo
TEAD1,HA,102,44.5682223828084,Endo
CEBPB,HA,-159,9.15812222454045,Endo
CEBPB,HA,-32,11.6692639552276,Endo
TEAD4,HA,78,42.4352964575035,Endo
CEBPB,HA,84,13.1804376627859,Endo
CEBPB,HA,-184,8.81229810954066,Endo
CEBPB,HA,-59,8.40125216810136,Endo
CEBPB,HA,63,11.3124439781898,Endo
TEAD4,HA,129,32.4693203491596,Endo
CEBPB,HA,-17,10.534885069633,Endo
RELA,HA,-26,67.5366259265829,Endo
TEAD1,HA,64,42.7163429024277,Endo
TEAD1,HA,84,49.675840929054,Endo
CEBPB,HA,-116,11.1470679093321,Endo
TEAD1,HA,-28,42.1590559153445,Endo
TEAD1,HA,-55,37.2097166295769,Endo
CEBPB,HA,-10,12.3097096161569,Endo
TEAD4,HA,137,39.5018322272706,Endo
STAT3,HA,2,24.062145820397,Endo
TEAD4,HA,4,25.5502577226561,Endo
TEAD1,HA,-96,41.1099377726598,Endo
TEAD1,HA,103,41.7035750227329,Endo
TEAD1,HA,118,40.8534070663785,Endo
TEAD4,HA,84,36.2017525623179,Endo
TEAD4,HA,-193,36.0819232065738,Endo
TEAD1,HA,-194,36.0823895341397,Endo
CEBPB,HA,186,11.0171968400027,Endo
TEAD4,HA,200,36.7171567753024,Endo
TEAD4,HA,85,48.822873828657,Endo
TEAD1,HA,-171,40.3692229337504,Endo
CEBPB,HA,-190,10.9936184742776,Endo
TEAD4,HA,-81,38.0887459037499,Endo
TEAD1,HA,-82,39.838148712145,Endo
NFKB1,HA,9,80.6556195760266,Endo
NFKB1,HA,168,75.7012652698151,Endo
TEAD4,HA,-67,39.821989351414,Endo
NFKB1,HA,1,36.3713569808764,Endo
NFKB1,HA,71,82.8247599485279,Endo
CEBPB,HA,165,9.50773951395531,Endo
CEBPB,HA,-172,8.60502705855837,Endo
CEBPB,HA,-48,10.8512670376692,Endo
CEBPB,HA,-9,10.4409118312237,Endo
TEAD4,HA,-114,38.3025387158741,Endo
TEAD1,HA,-115,41.1372716103843,Endo
STAT3,HA,164,74.7509219257074,Endo
TEAD4,HA,-6,32.3006340798758,Endo
STAT3,HA,-3,35.4206501712721,Endo
STAT3,HA,-159,71.7636063787868,Endo
NFKB1,HA,-73,69.1103785055045,Endo
NFKB1,HA,173,80.6999514086192,Endo
NFKB1,HA,61,72.0409016771188,Endo
CEBPB,HA,-24,13.6613191149349,Endo
TEAD1,HA,-114,41.3559750439503,Endo
TEAD1,HA,-175,40.4819147524913,Endo
CEBPB,HA,81,10.8686308106057,Endo
TEAD4,HA,-63,40.0003959866877,Endo
NFKB1,HA,-171,69.4412248166173,Endo
STAT3,HA,-132,77.3096406119651,Endo
TEAD1,HA,-84,41.5677547600597,Endo
TEAD1,HA,-190,30.6426204710183,Endo
TEAD4,HA,134,39.3289186043308,Endo
TEAD4,HA,106,44.94196740692,Endo
CEBPB,HA,59,13.8247441525894,Endo
CEBPB,HA,25,13.722878804149,Endo
STAT3,HA,148,82.0340907847282,Endo
TEAD4,HA,-57,36.7852444843507,Endo
TEAD4,HA,180,39.3031823616715,Endo
TEAD4,HA,40,36.7856694545988,Endo
CEBPB,HA,-192,11.0257052800777,Endo
TEAD4,HA,-155,34.4210150409949,Endo
TEAD4,HA,67,44.0037844254639,Endo
CEBPB,HA,10,8.98000179096042,Endo
TEAD1,HA,-136,42.2280897433005,Endo
CEBPB,HA,121,10.9665781343011,Endo
CEBPB,HA,-126,9.54418614840944,Endo
CEBPB,HA,74,11.1666354232852,Endo
CEBPB,HA,126,8.46204738402898,Endo
NFKB1,HA,-126,72.6317953039294,Endo
CEBPB,HA,157,7.53882672183343,Endo
CEBPB,HA,-137,8.96535678866282,Endo
CEBPB,HA,-41,12.3944182065866,Endo
CEBPB,HA,97,11.2583283345025,Endo
TEAD4,HA,162,40.6304047597821,Endo
TEAD4,HA,38,35.8714003907314,Endo
TEAD4,HA,193,38.8893933640228,Endo
TEAD1,HA,63,40.7846429912313,Endo
IRF1,HA,4,72.4738933218444,Endo
CEBPB,HA,-105,13.2430230695052,Endo
CEBPB,HA,2,28.0983062854815,Endo
CEBPB,HA,119,10.2739172478137,Endo
TEAD4,HA,157,41.2977804358372,Endo
TEAD1,HA,156,38.9718217357213,Endo
TEAD1,HA,-45,39.7130367962117,Endo
TEAD4,HA,-95,41.48113954775,Endo
CEBPB,HA,-123,9.30449087210941,Endo
TEAD1,HA,-62,40.3528917820406,Endo
IRF1,HA,8,144.840172505751,Endo
TEAD4,HA,-73,36.7845623613861,Endo
TEAD1,HA,-74,43.7323296441931,Endo
CEBPB,HA,-125,10.4460756396215,Endo
CEBPB,HA,-148,9.99293488438079,Endo
CEBPB,HA,161,10.5576069478931,Endo
NFKB1,HA,178,81.8666953964691,Endo
TEAD4,HA,-89,41.75261808786,Endo
TEAD1,HA,-90,35.8505401612052,Endo
TEAD4,HA,-46,39.6840727750037,Endo
CEBPB,HA,-156,8.21581035248983,Endo
CEBPB,HA,-120,11.7061656188408,Endo
CEBPB,HA,-142,8.94061703996208,Endo
TEAD1,HA,-71,40.3417317168249,Endo
TEAD1,HA,0,16.3709663670594,Endo
TEAD4,HA,182,33.9031102450611,Endo
TEAD4,HA,64,40.0989322757418,Endo
CEBPB,HA,22,16.3741483566707,Endo
TEAD4,HA,-85,34.6274652428402,Endo
CEBPB,HA,33,12.0005275839577,Endo
TEAD4,HA,-118,38.0308646408984,Endo
CEBPB,HA,23,15.5088899911723,Endo
CEBPB,HA,155,11.4370547439053,Endo
RELA,HA,-3,19.6789558439901,Endo
TEAD1,HA,4,33.4479212833735,Endo
CEBPB,HA,-195,10.8621868312124,Endo
CEBPB,HA,-28,13.8464058081392,Endo
CEBPB,HA,170,13.596862259742,Endo
RELA,HA,165,51.280765152776,Endo
TEAD1,HA,200,37.7819800118363,Endo
TEAD4,HA,114,33.3187032438999,Endo
TEAD4,HA,92,40.8654218937753,Endo
CEBPB,HA,-149,8.07553171171288,Endo
CEBPB,HA,-98,12.0377319201835,Endo
CEBPB,HA,130,10.3060352151487,Endo
TEAD4,HA,-15,50.006088989782,Endo
CEBPB,HA,-52,8.63732380623374,Endo
CEBPB,HA,125,11.0233415745179,Endo
TEAD1,HA,-49,40.9051179475007,Endo
RELA,HA,-168,55.556473255685,Endo
CEBPB,HA,99,10.9028791556243,Endo
CEBPB,HA,32,13.0256688844485,Endo
CEBPB,HA,-75,10.3210638496635,Endo
CEBPB,HA,42,12.8343491341336,Endo
CEBPB,HA,89,13.4609028501715,Endo
TEAD1,HA,-164,36.5243836578869,Endo
TEAD4,HA,27,39.5876908605825,Endo
CEBPB,HA,-3,26.2938822854899,Endo
CEBPB,HA,80,10.629120040703,Endo
CEBPB,HA,107,9.50154023916768,Endo
CEBPB,HA,-187,12.8994046749509,Endo
CEBPB,HA,76,10.8223915332818,Endo
TEAD4,HA,-123,42.3560138834211,Endo
CEBPB,HA,-22,13.9419013441395,Endo
TEAD1,HA,-109,37.6348613632313,Endo
CEBPB,HA,190,12.2121871710342,Endo
CEBPB,HA,127,11.7740442112795,Endo
CEBPB,HA,132,12.7896701271276,Endo
CEBPB,HA,-118,11.7656362335859,Endo
CEBPB,HA,113,13.3240094789607,Endo
TEAD4,HA,70,42.5174566486341,Endo
CEBPB,HA,-155,9.33349021456105,Endo
CEBPB,HA,-16,11.0424311240414,Endo
CEBPB,HA,52,12.1137616993922,Endo
CEBPB,HA,83,14.391060969778,Endo
NFKB1,HA,15,78.2741542301377,Endo
TEAD4,HA,12,42.0212185397915,Endo
CEBPB,HA,-69,11.1677781211525,Endo
CEBPB,HA,-33,9.70032125992486,Endo
CEBPB,HA,43,13.5328476032132,Endo
CEBPB,HA,18,15.5275520264732,Endo
CEBPB,HA,199,9.07564026150977,Endo
TEAD1,HA,-104,41.3830995903148,Endo
TEAD4,HA,50,35.8488812633397,Endo
TEAD4,HA,-121,37.0747310840217,Endo
CEBPB,HA,-162,10.1663831796643,Endo
CEBPB,HA,-151,12.2693976936388,Endo
CEBPB,HA,-46,10.6707435857562,Endo
CEBPB,HA,180,10.0585026982033,Endo
CEBPB,HA,-58,14.1745106748063,Endo
CEBPB,HA,30,12.6915344269032,Endo
CEBPB,HA,153,11.3981991236768,Endo
CEBPB,HA,56,10.3686952918724,Endo
CEBPB,HA,-19,12.597849275548,Endo
TEAD4,HA,147,39.3947547516992,Endo
TEAD4,HA,-125,39.650546545293,Endo
CEBPB,HA,173,8.55337006097157,Endo
CEBPB,HA,-178,11.3813897910329,Endo
CEBPB,HA,-132,10.6130807726065,Endo
CEBPB,HA,-35,10.3783227949273,Endo
CEBPB,HA,138,9.69522023288337,Endo
CEBPB,HA,152,11.1032059070703,Endo
CEBPB,HA,-174,8.67684429394341,Endo
CEBPB,HA,-119,9.83943275496812,Endo
CEBPB,HA,-13,10.0219147475156,Endo
CEBPB,HA,55,16.4207570410238,Endo
CEBPB,HA,-182,8.49790420529094,Endo
CEBPB,HA,15,9.25869328255345,Endo
TEAD4,HA,-181,32.5975591382089,Endo
TEAD1,HA,-182,36.5645591240431,Endo
TEAD4,HA,8,25.7686982266132,Endo
STAT3,HA,-8,27.7348329275952,Endo
CEBPB,HA,-88,14.49736715547,Endo
TEAD4,HA,-147,30.5984696568004,Endo
CEBPB,HA,-31,13.2673016076083,Endo
TEAD1,HA,-86,42.7174929361817,Endo
CEBPB,HA,-99,16.7739120656252,Endo
CEBPB,HA,116,10.2703713990018,Endo
CEBPB,HA,189,12.6585649245694,Endo
CEBPB,HA,100,11.829292427865,Endo
CEBPB,HA,78,10.0171064569677,Endo
CEBPB,HA,9,12.64592022011,Endo
CEBPB,HA,-198,10.3929790017581,Endo
CEBPB,HA,-176,10.3988651414701,Endo
CEBPB,HA,134,10.8748857600485,Endo
CEBPB,HA,162,12.2424151704643,Endo
CEBPB,HA,-49,11.2107834619709,Endo
TEAD4,HA,11,40.5920707953351,Endo
CEBPB,HA,-161,7.02983771775986,Endo
CEBPB,HA,0,11.2147870788202,Endo
TEAD4,HA,-55,37.9162443886283,Endo
CEBPB,HA,-171,10.3288925400472,Endo
CEBPB,HA,160,10.8198158385533,Endo
CEBPB,HA,65,14.7631601752648,Endo
CEBPB,HA,-25,12.2333749094715,Endo
TEAD4,HA,63,41.316559349924,Endo
CEBPB,HA,-26,15.9406035899203,Endo
CEBPB,HA,88,9.40881880238154,Endo
CEBPB,HA,-20,12.4678656700081,Endo
CEBPB,HA,198,12.7311098347138,Endo
TEAD1,HA,11,50.0952057897878,Endo
TEAD1,HA,51,33.2667971476159,Endo
CEBPB,HA,-34,10.4795039972958,Endo
CEBPB,HA,115,9.29447358348411,Endo
CEBPB,HA,187,9.72650497422068,Endo
CEBPB,HA,-90,11.8017654108887,Endo
CEBPB,HA,-54,10.4169964226406,Endo
CEBPB,HA,111,13.4821197336723,Endo
CEBPB,HA,-11,8.60712943313851,Endo
CEBPB,HA,-39,12.0153741251791,Endo
NFKB1,HA,194,77.5059223144306,Endo
CEBPB,HA,41,10.0483978450254,Endo
CEBPB,HA,-196,10.0825191405772,Endo
CEBPB,HA,-191,10.468821671124,Endo
CEBPB,HA,-181,9.66450382275368,Endo
CEBPB,HA,124,11.783885382894,Endo
CEBPB,HA,182,9.69948033696947,Endo
CEBPB,HA,-179,11.5083758236637,Endo
CEBPB,HA,-1,5.17603698893438,Endo
TEAD1,HA,48,37.0960705228827,Endo
CEBPB,HA,-5,6.56369375053581,Endo
CEBPB,HA,195,9.28281064780866,Endo
CEBPB,HA,-102,11.0704582589697,Endo
CEBPB,HA,-47,10.1238009140161,Endo
CEBPB,HA,82,14.854659162205,Endo
CEBPB,HA,109,11.3176172741399,Endo
CEBPB,HA,-50,13.2983503526254,Endo
CEBPB,HA,86,11.7728953532721,Endo
CEBPB,HA,-115,7.70126041247677,Endo
NFKB1,HA,8,42.2959549988178,Endo
CEBPB,HA,-157,10.4637563966689,Endo
CEBPB,HA,-78,7.66124335112224,Endo
CEBPB,HA,-199,10.219815224252,Endo
TEAD1,HA,7,24.8014000321429,Endo
NFKB1,HA,-120,79.5484929501245,Endo
CEBPB,HA,-97,12.5126738943362,Endo
CEBPB,HA,-194,7.3504565594766,Endo
CEBPB,HA,163,9.92659887184401,Endo
CEBPB,HA,61,9.43839121363948,Endo
CEBPB,HA,91,9.14066520700766,Endo
CEBPB,HA,-147,9.52495245111458,Endo
CEBPB,HA,48,13.2588568569557,Endo
CEBPB,HA,-188,7.61081423404378,Endo
CEBPB,HA,67,12.42960494854,Endo
CEBPB,HA,-60,14.6028321733424,Endo
CEBPB,HA,-82,12.4023292476909,Endo
CEBPB,HA,-71,9.4218328877955,Endo
CEBPB,HA,-170,7.06311372268408,Endo
CEBPB,HA,60,11.214237624973,Endo
CEBPB,HA,102,9.29788191771316,Endo
TEAD1,HA,-102,32.9646427074228,Endo
CEBPB,HA,68,12.3433916956041,Endo
TEAD4,HA,-108,39.5307429531801,Endo
CEBPB,HA,-164,9.3702609278438,Endo
CEBPB,HA,-145,9.89913210883139,Endo
TEAD4,HA,-91,42.6700495296018,Endo
TEAD4,HA,-189,32.2149789951577,Endo
CEBPB,HA,44,11.2082083752508,Endo
CEBPB,HA,-130,8.82845006299582,Endo
CEBPB,HA,-139,11.1201006234125,Endo
CEBPB,HA,-66,12.6262813198104,Endo
CEBPB,HA,-200,11.514075753426,Endo
CEBPB,HA,-110,13.6435505430735,Endo
CEBPB,HA,-135,9.07716253170315,Endo
CEBPB,HA,159,8.91979288844439,Endo
CEBPB,HA,-73,11.7138568089272,Endo
CEBPB,HA,-40,10.2654128434706,Endo
CEBPB,HA,197,9.62423128593464,Endo
CEBPB,HA,-107,10.7368032884512,Endo
CEBPB,HA,-189,9.67299138165328,Endo
CEBPB,HA,-150,10.0935904753039,Endo
CEBPB,HA,-95,9.78085396971157,Endo
CEBPB,HA,-121,8.9713949567341,Endo
CEBPB,HA,28,9.69295012356988,Endo
CEBPB,HA,-158,7.56801357334061,Endo
CEBPB,HA,-111,10.3050135675176,Endo
CEBPB,HA,4,5.02249889004808,Endo
CEBPB,HA,-4,2.8694340689648,Endo
CEBPB,HA,49,10.5245441343614,Endo
CEBPB,HA,27,13.4741822221635,Endo
CEBPB,HA,-72,13.4104485701007,Endo
CEBPB,HA,14,10.9175806447397,Endo
CEBPB,HA,51,11.7309931147386,Endo
CEBPB,HA,39,9.50908930536677,Endo
CEBPB,HA,-76,10.648703492745,Endo
CEBPB,HA,-89,14.2562750319745,Endo
CEBPB,HA,-14,7.57746738916138,Endo
CEBPB,HA,156,9.73863692488331,Endo
CEBPB,HA,101,12.2926861668791,Endo
CEBPB,HA,46,16.6831590482635,Endo
CEBPB,HA,-197,10.5209027498731,Endo
CEBPB,HA,-106,9.75760555627381,Endo
CEBPB,HA,5,9.86643013604734,Endo
CEBPB,HA,93,11.7045968631252,Endo
CEBPB,HA,19,13.4667652991193,Endo
CEBPB,HA,-109,8.14869022616696,Endo
CEBPB,HA,40,9.49016440519794,Endo
CEBPB,HA,169,9.77711581560773,Endo
CEBPB,HA,31,16.4979206940971,Endo
TEAD1,HA,-7,13.5671310905205,Endo
CEBPB,HA,-186,12.8316575970715,Endo
CEBPB,HA,185,9.26219480152263,Endo
CEBPB,HA,-94,11.5285105920385,Endo
CEBPB,HA,-57,10.7104969068664,Endo
CEBPB,HA,-169,8.47788064008553,Endo
CEBPB,HA,-2,3.64876237404215,Endo
CEBPB,HA,-117,11.3628433972615,Endo
CEBPB,HA,-160,9.99074331730855,Endo
CEBPB,HA,-113,10.2894835633123,Endo
CEBPB,HA,26,13.7884762544279,Endo
CEBPB,HA,-144,10.4474661986845,Endo
CEBPB,HA,-168,7.87579605951556,Endo
CEBPB,HA,177,9.61642137474504,Endo
CEBPB,HA,128,10.1742081945148,Endo
CEBPB,HA,-175,7.93688364257877,Endo
CEBPB,HA,148,11.3621040823269,Endo
CEBPB,HA,8,7.171876152948,Endo
CEBPB,HA,36,14.6661237449315,Endo
CEBPB,HA,53,10.6984771736442,Endo
CEBPB,HA,-84,12.8761767446298,Endo
CEBPB,HA,-74,11.5074417924759,Endo
CEBPB,HA,-92,12.324498718441,Endo
CEBPB,HA,-114,10.5786288913526,Endo
CEBPB,HA,-67,8.89857160797569,Endo
CEBPB,HA,-27,12.0507268967402,Endo
CEBPB,HA,-185,8.8808275730037,Endo
CEBPB,HA,181,11.4583950524895,Endo
CEBPB,HA,192,12.116962438316,Endo
CEBPB,HA,92,11.2693424713795,Endo
CEBPB,HA,117,9.29004967094955,Endo
CEBPB,HA,3,2.79716005703991,Endo
CEBPB,HA,103,10.0701165723912,Endo
CEBPB,HA,34,10.7694837899238,Endo
CEBPB,HA,70,12.2406231583867,Endo
CEBPB,HA,179,9.88212409421912,Endo
CEBPB,HA,191,10.6923828353793,Endo
CEBPB,HA,112,13.3291344451044,Endo
CEBPB,HA,-55,13.3946461907939,Endo
CEBPB,HA,167,10.8842276780875,Endo
CEBPB,HA,11,8.77600268167568,Endo
CEBPB,HA,6,2.62589098864959,Endo
CEBPB,HA,1,4.09791395613125,Endo
CEBPB,YA,-4,2.34170571283006,Endo
