motif,mapped_gene,family,celltype,dz,cv_p,cv_padj,is_foreground
FOXF2,FOXF2,FOX,Astro,-0.0042358855177602,0.968877610374054,0.995976016570843,False
FOXD1,FOXD1,FOX,Astro,-0.0275435030716207,0.814092463585285,0.979336604887158,False
IRF2,IRF2,IRF,Astro,0.113150579656165,0.235560550406519,0.979336604887158,False
MZF1(var.2),MZF1,other,Astro,-0.0734138013144668,0.545826781865611,0.979336604887158,False
MAX::MYC,MAX,bHLH-other,Astro,0.0119268163902851,0.888184714152716,0.988541523911787,False
MAX::MYC,MYC,bHLH-other,Astro,0.0119268163902851,0.888184714152716,0.988541523911787,False
PPARG,PPARG,NR,Astro,-0.0315087618690102,0.770676279925447,0.979336604887158,False
PAX6,PAX6,homeobox-other,Astro,0.055350224161958,0.479897321019137,0.979336604887158,False
PBX1,PBX1,homeobox-other,Astro,-0.0771031335053209,0.474029487685008,0.979336604887158,False
RORA,RORA,NR,Astro,-0.113046501063448,0.374177675873368,0.979336604887158,False
RORA(var.2),RORA,NR,Astro,-0.123008823521668,0.445965022260934,0.979336604887158,False
RREB1,RREB1,other,Astro,-0.128520121080301,0.411234287430255,0.979336604887158,False
RXRA::VDR,RXRA,NR,Astro,-0.0105639691481328,0.88338022383376,0.988541523911787,False
RXRA::VDR,VDR,NR,Astro,-0.0105639691481328,0.88338022383376,0.988541523911787,False
SOX9,SOX9,SOX,Astro,-0.0838224410287192,0.610409522916465,0.979336604887158,False
SRY,SRY,other,Astro,0.0172309618098183,0.874947168981313,0.988541523911787,False
TAL1::TCF3,TAL1,other,Astro,-0.229065853158349,0.20756841496949,0.979336604887158,False
TAL1::TCF3,TCF3,bHLH-neural,Astro,-0.229065853158349,0.20756841496949,0.979336604887158,False
REL,REL,NFKB-REL,Astro,0.121610656783583,0.157354990730164,0.979336604887158,False
RELA,RELA,NFKB-REL,Astro,0.064200476690935,0.469003013253244,0.979336604887158,False
NR1H2::RXRA,NR1H2,NR,Astro,-0.0145188661136213,0.859266033823747,0.988541523911787,False
NR1H2::RXRA,RXRA,NR,Astro,-0.0145188661136213,0.859266033823747,0.988541523911787,False
NFIC::TLX1,NFIC,other,Astro,0.153653884503252,0.285479216250439,0.979336604887158,False
NFIC::TLX1,TLX1,other,Astro,0.153653884503252,0.285479216250439,0.979336604887158,False
ZNF354C,ZNF354C,ZNF-KRAB,Astro,-0.107883929231474,0.589593333376664,0.979336604887158,False
CTCF,CTCF,CTCF,Astro,-0.197675504286317,0.60361664188586,0.979336604887158,False
EWSR1-FLI1,EWSR1-FLI1,other,Astro,-0.0942801309441713,0.463549460150717,0.979336604887158,False
REST,REST,other,Astro,-0.0883389401302017,0.506240726339371,0.979336604887158,False
NFATC2,NFATC2,other,Astro,0.0403799199388108,0.74640990094317,0.979336604887158,False
INSM1,INSM1,other,Astro,-0.105467376993723,0.448349592315745,0.979336604887158,False
RARA::RXRA,RARA,NR,Astro,-0.0329055262951161,0.775039404589772,0.979336604887158,False
RARA::RXRA,RXRA,NR,Astro,-0.0329055262951161,0.775039404589772,0.979336604887158,False
NR4A2,NR4A2,NR,Astro,-0.056629885363247,0.627353152327029,0.979336604887158,False
PLAG1,PLAG1,other,Astro,-0.0885939439767238,0.504707601617033,0.979336604887158,False
ARNT::HIF1A,ARNT,bHLH-other,Astro,0.0358598452524443,0.59993606300285,0.979336604887158,False
ARNT::HIF1A,HIF1A,bHLH-other,Astro,0.0358598452524443,0.59993606300285,0.979336604887158,False
DUX4,DUX4,other,Astro,-0.0366660028567812,0.766052058489825,0.979336604887158,False
FOS,FOS,AP-1,Astro,0.679970290957166,0.260446910634282,0.979336604887158,False
FOSL2,FOSL2,AP-1,Astro,0.725984692939702,0.241724140586535,0.979336604887158,False
FOXH1,FOXH1,FOX,Astro,-0.145377125879304,0.126548153088429,0.979336604887158,False
JUN,JUN,AP-1,Astro,0.0721776360465757,0.640043669982295,0.979336604887158,False
JUN(var.2),JUN,AP-1,Astro,0.638767632268637,0.274486897599962,0.979336604887158,False
JUND(var.2),JUND,AP-1,Astro,0.0443816187459709,0.774799756482742,0.979336604887158,False
MEF2C,MEF2C,other,Astro,0.0952487848975254,0.463531068845154,0.979336604887158,False
MAF::NFE2,MAF,other,Astro,0.416856791849322,0.163944228635621,0.979336604887158,False
MAF::NFE2,NFE2,other,Astro,0.416856791849322,0.163944228635621,0.979336604887158,False
NR2C2,NR2C2,NR,Astro,-0.0865122959720279,0.535994865587959,0.979336604887158,False
NRF1,NRF1,other,Astro,0.0756382670391867,0.490431693511559,0.979336604887158,False
POU2F2,POU2F2,homeobox-other,Astro,-0.195296703858042,0.128611222653223,0.979336604887158,False
SMAD2::SMAD3::SMAD4,SMAD2,SMAD,Astro,-0.154206397306983,0.304183187966723,0.979336604887158,False
SMAD2::SMAD3::SMAD4,SMAD3,SMAD,Astro,-0.154206397306983,0.304183187966723,0.979336604887158,False
SMAD2::SMAD3::SMAD4,SMAD4,SMAD,Astro,-0.154206397306983,0.304183187966723,0.979336604887158,False
STAT1::STAT2,STAT1,STAT,Astro,0.133203149267674,0.229968552092827,0.979336604887158,False
STAT1::STAT2,STAT2,STAT,Astro,0.133203149267674,0.229968552092827,0.979336604887158,False
TCF7L2,TCF7L2,TCF-LEF,Astro,-0.0686311843904075,0.481017364068105,0.979336604887158,False
ZBTB33,ZBTB33,ZBTB,Astro,0.0343736699572473,0.651422633689674,0.979336604887158,False
ELK4,ELK4,ETS,Astro,-0.158725229270243,0.169887874755862,0.979336604887158,False
ESR2,ESR2,NR,Astro,-0.0706557804960053,0.576166864152038,0.979336604887158,False
IRF1,IRF1,IRF,Astro,0.12501755526553,0.286197632039475,0.979336604887158,False
STAT1,STAT1,STAT,Astro,-0.236434036462499,0.533284456484758,0.979336604887158,False
STAT3,STAT3,STAT,Astro,-0.218123120382915,0.511039770790171,0.979336604887158,False
GATA1::TAL1,GATA1,GATA,Astro,-0.148954170779275,0.369863195935755,0.979336604887158,False
GATA1::TAL1,TAL1,other,Astro,-0.148954170779275,0.369863195935755,0.979336604887158,False
YY1,YY1,other,Astro,-0.0802151540096856,0.318820585004875,0.979336604887158,False
FOXP2,FOXP2,FOX,Astro,0.0020993166430856,0.984850662149123,0.995976016570843,False
SREBF1,SREBF1,bHLH-other,Astro,-0.0930460259695421,0.543285186154864,0.979336604887158,False
SREBF2,SREBF2,bHLH-other,Astro,-0.0941247044470315,0.423606209079242,0.979336604887158,False
THAP1,THAP1,other,Astro,-0.0650381599170032,0.603419178696746,0.979336604887158,False
KLF5,KLF5,KLF-SP,Astro,-0.059686625865204,0.649646382097741,0.979336604887158,False
DMRT3,DMRT3,other,Astro,-0.0355406236000399,0.742927075809316,0.979336604887158,False
FOXG1,FOXG1,FOX,Astro,-0.0275435030716207,0.814092463585285,0.979336604887158,False
LBX1,LBX1,other,Astro,-0.101108907772016,0.591162735466573,0.979336604887158,False
NFATC3,NFATC3,other,Astro,0.0628670511080103,0.584352559621293,0.979336604887158,False
POU6F1,POU6F1,homeobox-other,Astro,-0.127859042050462,0.365364826486262,0.979336604887158,False
SHOX,SHOX,other,Astro,-0.190988611803952,0.429228099066499,0.979336604887158,False
ALX3,ALX3,other,Astro,-0.134828053602634,0.50581393379048,0.979336604887158,False
BARHL2,BARHL2,homeobox-other,Astro,-0.0583658433008375,0.387889803619967,0.979336604887158,False
BHLHE41,BHLHE41,bHLH-neural,Astro,0.0588368450912019,0.576650890605617,0.979336604887158,False
CENPB,CENPB,other,Astro,-0.0130188004520501,0.838559445950231,0.988226009019425,False
CREB3,CREB3,other,Astro,0.060665508514282,0.539181520434185,0.979336604887158,False
DBP,DBP,other,Astro,-0.0372751397526572,0.73342052508059,0.979336604887158,False
ELF4,ELF4,ETS,Astro,-0.138527198083945,0.196308567102666,0.979336604887158,False
ELF5,ELF5,ETS,Astro,-0.183788200876887,0.0421814938434398,0.979336604887158,True
EN1,EN1,homeobox-other,Astro,-0.107190394366992,0.599918123974947,0.979336604887158,False
EN2,EN2,homeobox-other,Astro,-0.126350861992799,0.52232308275911,0.979336604887158,False
ESX1,ESX1,other,Astro,-0.16400818429779,0.411370184041614,0.979336604887158,False
ETV6,ETV6,ETS,Astro,-0.222962158488001,0.0260701025377356,0.979336604887158,True
FLI1,FLI1,ETS,Astro,-0.116648846563252,0.257893938481872,0.979336604887158,False
FOXI1,FOXI1,FOX,Astro,0.0032002904168574,0.981068438697591,0.995976016570843,False
FOXL1,FOXL1,FOX,Astro,0.0032002904168574,0.981068438697591,0.995976016570843,False
FOXO3,FOXO3,FOX,Astro,-0.0275435030716207,0.814092463585285,0.979336604887158,False
GCM1,GCM1,other,Astro,-0.0550641848462314,0.626877835309619,0.979336604887158,False
GRHL1,GRHL1,other,Astro,0.0310405932311378,0.651312199093514,0.979336604887158,False
GSC,GSC,other,Astro,-0.0354318974498553,0.667868625264915,0.979336604887158,False
HEY2,HEY2,bHLH-neural,Astro,0.0640400814900823,0.522186841290407,0.979336604887158,False
HINFP,HINFP,other,Astro,0.0736972390364384,0.624259239141225,0.979336604887158,False
HNF1A,HNF1A,other,Astro,0.0293607226548578,0.777181182509562,0.979336604887158,False
HNF1B,HNF1B,other,Astro,0.0165076339121848,0.847201160116045,0.988541523911787,False
HOXC11,HOXC11,HOX,Astro,-0.0043239875205977,0.940434079854734,0.995976016570843,False
HSF1,HSF1,other,Astro,0.102350023967563,0.317295858951881,0.979336604887158,False
IRF8,IRF8,IRF,Astro,0.0630770810265024,0.578537008276858,0.979336604887158,False
IRF9,IRF9,IRF,Astro,0.0922151666113844,0.404565753266341,0.979336604887158,False
ISX,ISX,other,Astro,-0.190988611803952,0.429228099066499,0.979336604887158,False
JDP2,JDP2,AP-1,Astro,0.479738962954536,0.306481839704974,0.979336604887158,False
JDP2(var.2),JDP2,AP-1,Astro,0.128458609882849,0.489657842984562,0.979336604887158,False
KLF13,KLF13,KLF-SP,Astro,0.0072110214146711,0.96020388107311,0.995976016570843,False
LHX6,LHX6,homeobox-other,Astro,-0.139984763648693,0.460111383479861,0.979336604887158,False
MEF2B,MEF2B,other,Astro,0.029325105944515,0.806520922859101,0.979336604887158,False
MEOX1,MEOX1,other,Astro,-0.169356293068781,0.39545957814502,0.979336604887158,False
MIXL1,MIXL1,other,Astro,-0.116074907328053,0.55720534162088,0.979336604887158,False
MLX,MLX,bHLH-other,Astro,0.109359349305621,0.333961711012696,0.979336604887158,False
MLXIPL,MLXIPL,bHLH-other,Astro,0.0778600500983748,0.521757141272808,0.979336604887158,False
MSC,MSC,bHLH-neural,Astro,-0.125922022568576,0.362459909564816,0.979336604887158,False
MSX1,MSX1,other,Astro,-0.123165067092933,0.520599540302103,0.979336604887158,False
MYF6,MYF6,bHLH-neural,Astro,-0.0693708386452816,0.567841421455913,0.979336604887158,False
NEUROD2,NEUROD2,bHLH-neural,Astro,-0.162658679822483,0.179846544447543,0.979336604887158,False
NEUROG2,NEUROG2,bHLH-neural,Astro,-0.165439626888878,0.18996204411024,0.979336604887158,False
NFIA,NFIA,other,Astro,0.207794988457872,0.233281227062137,0.979336604887158,False
NFIX,NFIX,other,Astro,0.0384349648687303,0.804214716473944,0.979336604887158,False
NHLH1,NHLH1,bHLH-neural,Astro,-0.0877021437919032,0.604052348986432,0.979336604887158,False
NKX2-3,NKX2-3,homeobox-other,Astro,-0.104627021582789,0.259540982748677,0.979336604887158,False
NKX2-8,NKX2-8,homeobox-other,Astro,-0.041267379067654,0.662714650675803,0.979336604887158,False
NKX6-1,NKX6-1,homeobox-other,Astro,-0.18701517546638,0.380315360493326,0.979336604887158,False
NKX6-2,NKX6-2,homeobox-other,Astro,-0.18701517546638,0.380315360493326,0.979336604887158,False
OLIG2,OLIG2,bHLH-neural,Astro,-0.134831199188513,0.26267571603525,0.979336604887158,False
PAX4,PAX4,homeobox-other,Astro,-0.19043103565739,0.43928970737023,0.979336604887158,False
PAX7,PAX7,homeobox-other,Astro,-0.110366458365896,0.212989166908353,0.979336604887158,False
POU4F2,POU4F2,homeobox-other,Astro,-0.0998655019565233,0.393513502222013,0.979336604887158,False
SP4,SP4,KLF-SP,Astro,0.0206967080812388,0.892131439888615,0.988541523911787,False
SPDEF,SPDEF,ETS,Astro,-0.0246809331468857,0.689249304925485,0.979336604887158,False
SPIC,SPIC,ETS,Astro,-0.0940115943279657,0.210095051966452,0.979336604887158,False
SRF,SRF,other,Astro,0.0059046551458399,0.955440177768686,0.995976016570843,False
TBXT,TBXT,other,Astro,-0.124280610349366,0.237733369987663,0.979336604887158,False
TBX2,TBX2,other,Astro,-0.0249899290426482,0.839914048740048,0.988226009019425,False
TBX20,TBX20,other,Astro,-0.021157854833649,0.86644240101617,0.988541523911787,False
TBX21,TBX21,other,Astro,-0.0473443552474133,0.690846340178282,0.979336604887158,False
TFAP4,TFAP4,other,Astro,-0.0431082494013394,0.763256668281356,0.979336604887158,False
TFCP2,TFCP2,other,Astro,-0.0098435754267196,0.858101241347293,0.988541523911787,False
TFEB,TFEB,bHLH-other,Astro,0.0929451561881484,0.450876246579441,0.979336604887158,False
ZBTB7B,ZBTB7B,ZBTB,Astro,-0.0565573239249409,0.701234370044996,0.979336604887158,False
ZBTB7C,ZBTB7C,ZBTB,Astro,-0.0468206429342007,0.742422138350994,0.979336604887158,False
ZIC1,ZIC1,other,Astro,0.0071975505356556,0.954701499598946,0.995976016570843,False
ZIC3,ZIC3,other,Astro,0.0099989994823443,0.936683595321109,0.995976016570843,False
ZBTB18,ZBTB18,ZBTB,Astro,-0.106445018211269,0.617748510903516,0.979336604887158,False
LBX2,LBX2,other,Astro,-0.177154095011481,0.464229771971842,0.979336604887158,False
MEOX2,MEOX2,other,Astro,-0.137425174636773,0.402200219109359,0.979336604887158,False
MNX1,MNX1,other,Astro,-0.110023628329858,0.551731922029216,0.979336604887158,False
MSX2,MSX2,other,Astro,-0.123165067092933,0.520599540302103,0.979336604887158,False
NOTO,NOTO,other,Astro,-0.178692646048606,0.454372743174793,0.979336604887158,False
OTX1,OTX1,homeobox-other,Astro,0.0185725754041237,0.811575548824907,0.979336604887158,False
PDX1,PDX1,other,Astro,-0.0551932881069033,0.753328447569121,0.979336604887158,False
PHOX2A,PHOX2A,other,Astro,-0.0400549211808029,0.729607969623395,0.979336604887158,False
PITX3,PITX3,other,Astro,0.0087855401872053,0.915909266093774,0.992613754768314,False
PROP1,PROP1,other,Astro,0.0140510300403739,0.900333422928459,0.991149663849938,False
PRRX1,PRRX1,other,Astro,-0.190988611803952,0.429228099066499,0.979336604887158,False
RAX2,RAX2,homeobox-other,Astro,-0.190988611803952,0.429228099066499,0.979336604887158,False
RAX,RAX,homeobox-other,Astro,-0.138644434968865,0.483282046522506,0.979336604887158,False
RHOXF1,RHOXF1,other,Astro,0.0620824339439835,0.462051282668344,0.979336604887158,False
UNCX,UNCX,other,Astro,-0.145321062996679,0.504417230517086,0.979336604887158,False
VAX1,VAX1,homeobox-other,Astro,-0.102104944844535,0.478756511926337,0.979336604887158,False
VAX2,VAX2,homeobox-other,Astro,-0.102104944844535,0.478756511926337,0.979336604887158,False
VENTX,VENTX,other,Astro,-0.0717695191346535,0.225100442412754,0.979336604887158,False
VSX1,VSX1,homeobox-other,Astro,-0.04459169919107,0.721402996807502,0.979336604887158,False
VSX2,VSX2,homeobox-other,Astro,-0.04459169919107,0.721402996807502,0.979336604887158,False
ESR1,ESR1,NR,Astro,-0.0361790164195493,0.711385286140152,0.979336604887158,False
ESRRB,ESRRB,NR,Astro,-0.150193742940546,0.185408769962093,0.979336604887158,False
NR2F1,NR2F1,NR,Astro,0.0057173523778129,0.955760675816901,0.995976016570843,False
NR3C1,NR3C1,NR,Astro,-0.357267963441062,0.120791447796659,0.979336604887158,False
NR3C2,NR3C2,NR,Astro,-0.374125891916953,0.115505558183709,0.979336604887158,False
RARA,RARA,NR,Astro,-0.007186964032029,0.931431248836082,0.995976016570843,False
RARA(var.2),RARA,NR,Astro,-0.045079781532286,0.688660738216779,0.979336604887158,False
BCL6B,BCL6B,other,Astro,-0.048943349803188,0.555736373957241,0.979336604887158,False
EGR2,EGR2,EGR-WT1,Astro,-0.0455809267771957,0.728997576116956,0.979336604887158,False
EGR3,EGR3,EGR-WT1,Astro,-0.0859121283453343,0.520428270803432,0.979336604887158,False
EGR4,EGR4,EGR-WT1,Astro,-0.0534943972858902,0.692684921808096,0.979336604887158,False
GLIS1,GLIS1,other,Astro,0.0518422661606331,0.599209274529801,0.979336604887158,False
GLIS2,GLIS2,other,Astro,0.0203235474061734,0.873214797334406,0.988541523911787,False
GLIS3,GLIS3,other,Astro,-0.0423733080744839,0.714644998301986,0.979336604887158,False
HIC2,HIC2,other,Astro,-0.0736155334212639,0.47712454062906,0.979336604887158,False
KLF14,KLF14,KLF-SP,Astro,-0.0293277098012142,0.862451160169934,0.988541523911787,False
KLF16,KLF16,KLF-SP,Astro,-0.0825167048487093,0.519022532574612,0.979336604887158,False
SP8,SP8,KLF-SP,Astro,-0.0546193818876758,0.699259096581038,0.979336604887158,False
ZBED1,ZBED1,other,Astro,0.0414505521700523,0.414808612067599,0.979336604887158,False
ZIC4,ZIC4,other,Astro,0.0211285298473847,0.861053067654984,0.988541523911787,False
ZNF143,ZNF143,ZNF-KRAB,Astro,-0.204147568974897,0.0338936054981376,0.979336604887158,True
ZNF410,ZNF410,ZNF-KRAB,Astro,-0.0657766859499676,0.44633126856759,0.979336604887158,False
CUX1,CUX1,other,Astro,-0.0626911555327072,0.381259672075124,0.979336604887158,False
CUX2,CUX2,other,Astro,-0.0366247278286333,0.666919224018514,0.979336604887158,False
ONECUT2,ONECUT2,other,Astro,-0.0300702937752754,0.741364710373934,0.979336604887158,False
ONECUT3,ONECUT3,other,Astro,0.016045987969533,0.87113132082267,0.988541523911787,False
E2F7,E2F7,E2F-DP,Astro,-0.0030959793191389,0.967464171881011,0.995976016570843,False
ELK3,ELK3,ETS,Astro,-0.132354476895034,0.280676214784541,0.979336604887158,False
ERF,ERF,other,Astro,-0.161617819177706,0.110550978964993,0.979336604887158,False
ERG,ERG,ETS,Astro,-0.141907946196393,0.158001247941077,0.979336604887158,False
ETS1,ETS1,ETS,Astro,-0.16872646554637,0.112467964647911,0.979336604887158,False
ETV2,ETV2,ETS,Astro,-0.184900871980696,0.0257701611256793,0.979336604887158,True
ETV3,ETV3,ETS,Astro,-0.115801870871731,0.30995660881302,0.979336604887158,False
FEV,FEV,ETS,Astro,-0.111193261457863,0.334651301911146,0.979336604887158,False
GCM2,GCM2,other,Astro,-0.018394976307332,0.860539106962449,0.988541523911787,False
LEF1,LEF1,TCF-LEF,Astro,-0.071016762388216,0.459012829371935,0.979336604887158,False
HSF2,HSF2,other,Astro,0.0996666974974947,0.316116298971822,0.979336604887158,False
HSF4,HSF4,other,Astro,0.0942351127931811,0.382394173562344,0.979336604887158,False
IRF7,IRF7,IRF,Astro,0.133031790022027,0.232910565943345,0.979336604887158,False
MEF2D,MEF2D,other,Astro,0.0376564998693088,0.756191569800604,0.979336604887158,False
MEIS1,MEIS1,homeobox-other,Astro,-0.052214197676186,0.62135158188953,0.979336604887158,False
MEIS2,MEIS2,homeobox-other,Astro,-0.0645383839704842,0.549724861972673,0.979336604887158,False
MEIS3,MEIS3,homeobox-other,Astro,-0.0663082567362489,0.622628542091841,0.979336604887158,False
MYBL1,MYBL1,other,Astro,0.0004881086899976,0.991189950128246,0.997936725356572,False
MYBL2,MYBL2,other,Astro,-0.0603559637699005,0.252852966369873,0.979336604887158,False
NFKB1,NFKB1,NFKB-REL,Astro,0.0110785342292365,0.915815800670357,0.992613754768314,False
NFKB2,NFKB2,NFKB-REL,Astro,-0.0010055911086526,0.993134500159607,0.997936725356572,False
PAX1,PAX1,homeobox-other,Astro,0.0276246461914694,0.700292791974372,0.979336604887158,False
PAX3,PAX3,homeobox-other,Astro,-0.091294123955453,0.287872101652788,0.979336604887158,False
PAX9,PAX9,homeobox-other,Astro,0.0353256925547539,0.616276245471017,0.979336604887158,False
PKNOX2,PKNOX2,homeobox-other,Astro,-0.119892985613871,0.440554862417112,0.979336604887158,False
POU1F1,POU1F1,homeobox-other,Astro,-0.0851795619405356,0.495031043127045,0.979336604887158,False
POU2F1,POU2F1,homeobox-other,Astro,-0.1383580048687,0.226549110500324,0.979336604887158,False
POU3F1,POU3F1,homeobox-other,Astro,-0.132436855033499,0.239241383565893,0.979336604887158,False
POU3F2,POU3F2,homeobox-other,Astro,-0.12715387475276,0.263861310860894,0.979336604887158,False
POU3F3,POU3F3,homeobox-other,Astro,-0.0689671262824223,0.562917999247634,0.979336604887158,False
POU3F4,POU3F4,homeobox-other,Astro,-0.151893284135064,0.174275093531863,0.979336604887158,False
POU4F1,POU4F1,homeobox-other,Astro,-0.083352029568167,0.454715068387805,0.979336604887158,False
POU4F3,POU4F3,homeobox-other,Astro,-0.0981097590466121,0.389635573160951,0.979336604887158,False
POU5F1B,POU5F1B,homeobox-other,Astro,-0.148024710781192,0.162420607643309,0.979336604887158,False
POU6F2,POU6F2,homeobox-other,Astro,-0.148839968385356,0.451344035916776,0.979336604887158,False
PROX1,PROX1,homeobox-other,Astro,0.0154365502179125,0.837609586950198,0.988226009019425,False
RFX2,RFX2,RFX,Astro,0.290577070690099,0.115740733342315,0.979336604887158,False
SMAD3,SMAD3,SMAD,Astro,-0.0452772052012497,0.56343584690275,0.979336604887158,False
TGIF1,TGIF1,other,Astro,-0.0637218218787353,0.616296019472911,0.979336604887158,False
TGIF2,TGIF2,other,Astro,-0.0601638474813273,0.644071963774232,0.979336604887158,False
RFX4,RFX4,RFX,Astro,0.320306693127939,0.0775131463949436,0.979336604887158,False
RFX5,RFX5,RFX,Astro,0.302338906525196,0.118100818147789,0.979336604887158,False
RUNX2,RUNX2,RUNX,Astro,-0.0002733413950435,0.996360206043212,0.997936725356572,False
EOMES,EOMES,other,Astro,-0.0082619771226226,0.941537501649601,0.995976016570843,False
MGA,MGA,other,Astro,-0.051506770983666,0.702587999479099,0.979336604887158,False
TBR1,TBR1,other,Astro,-0.0424722195601022,0.712542804999771,0.979336604887158,False
TBX15,TBX15,other,Astro,-0.051506770983666,0.702587999479099,0.979336604887158,False
TBX19,TBX19,other,Astro,-0.106190888048328,0.204723445366093,0.979336604887158,False
TBX1,TBX1,other,Astro,-0.0465597668205092,0.664466875366366,0.979336604887158,False
TBX4,TBX4,other,Astro,-0.0651282947801115,0.657979714841319,0.979336604887158,False
TBX5,TBX5,other,Astro,-0.0651282947801115,0.657979714841319,0.979336604887158,False
TEAD3,TEAD3,TEAD,Astro,0.170915163213116,0.122896763651748,0.979336604887158,False
TFAP2A(var.2),TFAP2A,other,Astro,-0.0289870947931321,0.822097212340055,0.981315537512654,False
TFAP2B,TFAP2B,other,Astro,-0.0675880597979155,0.612395111694235,0.979336604887158,False
TFAP2B(var.2),TFAP2B,other,Astro,0.0489042594443489,0.707849908591709,0.979336604887158,False
TFAP2B(var.3),TFAP2B,other,Astro,-0.0570382919546059,0.644654283836885,0.979336604887158,False
TFAP2C,TFAP2C,other,Astro,-0.0500514887797385,0.708797727241759,0.979336604887158,False
TFAP2C(var.3),TFAP2C,other,Astro,-0.0395023091048142,0.741221809767298,0.979336604887158,False
BHLHE40,BHLHE40,bHLH-neural,Astro,0.0129769140715739,0.890346764283976,0.988541523911787,False
BHLHE23,BHLHE23,bHLH-neural,Astro,-0.195007181591767,0.165816196311495,0.979336604887158,False
BHLHE22,BHLHE22,bHLH-neural,Astro,-0.185438808969109,0.126563269451813,0.979336604887158,False
CLOCK,CLOCK,bHLH-other,Astro,-0.0818676258174243,0.311113744397588,0.979336604887158,False
FIGLA,FIGLA,other,Astro,-0.0095797461480971,0.954335458883449,0.995976016570843,False
HES5,HES5,bHLH-neural,Astro,-0.0049703450317872,0.937453131809836,0.995976016570843,False
HES7,HES7,bHLH-neural,Astro,0.0142283069387237,0.82409553817948,0.981315537512654,False
HEY1,HEY1,bHLH-neural,Astro,0.0202270494534729,0.850283274856794,0.988541523911787,False
MAX,MAX,bHLH-other,Astro,0.0004329797642415,0.995820698605755,0.997936725356572,False
MNT,MNT,bHLH-other,Astro,-0.0099101505166472,0.914612250110203,0.992613754768314,False
OLIG1,OLIG1,bHLH-neural,Astro,-0.177205250780493,0.170170756384347,0.979336604887158,False
OLIG3,OLIG3,bHLH-neural,Astro,-0.158186962946951,0.227146764520651,0.979336604887158,False
SREBF2(var.2),SREBF2,bHLH-other,Astro,0.111079605616607,0.309509126205687,0.979336604887158,False
ATF7,ATF7,other,Astro,0.114077358971293,0.516664635030188,0.979336604887158,False
CEBPB,CEBPB,CEBP,Astro,0.163756779207196,0.0944790635892654,0.979336604887158,False
CEBPE,CEBPE,CEBP,Astro,0.167906828214395,0.0792350212765651,0.979336604887158,False
CEBPG,CEBPG,CEBP,Astro,0.179886898257045,0.0960035873647752,0.979336604887158,False
CREB3L1,CREB3L1,other,Astro,0.0075684778268109,0.924426800448655,0.995173749462582,False
NFE2,NFE2,other,Astro,0.504143544253204,0.278860366077056,0.979336604887158,False
TEF,TEF,other,Astro,-0.0154176512833424,0.88380771777977,0.988541523911787,False
XBP1,XBP1,other,Astro,0.0545852573580844,0.550741969508724,0.979336604887158,False
FOXB1,FOXB1,FOX,Astro,-0.0172740348866157,0.91734446530721,0.992613754768314,False
FOXC1,FOXC1,FOX,Astro,0.0054666270399517,0.968994224130238,0.995976016570843,False
FOXC2,FOXC2,FOX,Astro,0.0462423807689693,0.731152040331222,0.979336604887158,False
FOXO4,FOXO4,FOX,Astro,0.0032002904168574,0.981068438697591,0.995976016570843,False
FOXO6,FOXO6,FOX,Astro,0.0032002904168574,0.981068438697591,0.995976016570843,False
FOXP3,FOXP3,FOX,Astro,0.0032002904168574,0.981068438697591,0.995976016570843,False
RXRB,RXRB,NR,Astro,-0.011057175022428,0.899760329788649,0.991149663849938,False
RXRG,RXRG,NR,Astro,-0.0611419899166523,0.499824201246812,0.979336604887158,False
TP63,TP63,TP53fam,Astro,-0.0196023546330762,0.575869397360152,0.979336604887158,False
TP53,TP53,TP53fam,Astro,0.0021107898319407,0.968109798453125,0.995976016570843,False
TP73,TP73,TP53fam,Astro,-0.0133886246174403,0.819542619542284,0.981315537512654,False
GMEB2,GMEB2,other,Astro,0.0847908917530504,0.309941293981772,0.979336604887158,False
MTF1,MTF1,other,Astro,-0.0829248154223938,0.313742810613518,0.979336604887158,False
E2F1,E2F1,E2F-DP,Astro,0.0115817199436445,0.774251054919,0.979336604887158,False
E2F8,E2F8,E2F-DP,Astro,-0.0147176313503362,0.866003082633399,0.988541523911787,False
SOX21,SOX21,SOX,Astro,-0.018273644887738,0.805033860800547,0.979336604887158,False
TFAP2A(var.3),TFAP2A,other,Astro,-0.0668878642298383,0.573151797043345,0.979336604887158,False
ELK1,ELK1,ETS,Astro,-0.106414611077726,0.393932591697623,0.979336604887158,False
HOXD12,HOXD12,HOX,Astro,-0.0456810672693028,0.462451474634979,0.979336604887158,False
BARX1,BARX1,other,Astro,-0.0749034024381307,0.486207982367487,0.979336604887158,False
BSX,BSX,other,Astro,-0.111904527076066,0.543536548269834,0.979336604887158,False
DLX6,DLX6,homeobox-other,Astro,-0.0195168598519757,0.867883672806425,0.988541523911787,False
DUXA,DUXA,other,Astro,-0.0433615558939078,0.646828580331285,0.979336604887158,False
EMX2,EMX2,homeobox-other,Astro,-0.141787945126364,0.484736136368711,0.979336604887158,False
EVX1,EVX1,other,Astro,-0.121299671732149,0.357876241339439,0.979336604887158,False
EVX2,EVX2,other,Astro,-0.128872811521553,0.401478650662355,0.979336604887158,False
GBX1,GBX1,homeobox-other,Astro,-0.155976018287255,0.492825308594459,0.979336604887158,False
GBX2,GBX2,homeobox-other,Astro,-0.112884057763402,0.632239122058751,0.979336604887158,False
GSC2,GSC2,other,Astro,-0.0465185177399078,0.601236680649888,0.979336604887158,False
GSX1,GSX1,homeobox-other,Astro,-0.164036432593083,0.507725429930881,0.979336604887158,False
HESX1,HESX1,other,Astro,-0.109205933663892,0.586138527227616,0.979336604887158,False
HMBOX1,HMBOX1,other,Astro,-0.0283074716750953,0.694846026953157,0.979336604887158,False
HOXA10,HOXA10,HOX,Astro,0.0576894120126474,0.580861991204682,0.979336604887158,False
HOXB3,HOXB3,HOX,Astro,-0.167052362037627,0.378594586176795,0.979336604887158,False
HOXC10,HOXC10,HOX,Astro,-0.0719719947709778,0.314251199943576,0.979336604887158,False
HOXC12,HOXC12,HOX,Astro,-0.0312041842724893,0.585341545395543,0.979336604887158,False
HOXC13,HOXC13,HOX,Astro,-0.0656854815955983,0.402712948861715,0.979336604887158,False
HOXD11,HOXD11,HOX,Astro,-0.0510801664673236,0.392071214957494,0.979336604887158,False
ISL2,ISL2,other,Astro,-0.102392594714088,0.282972873807322,0.979336604887158,False
FOXK1,FOXK1,FOX,Astro,-0.0127551855077393,0.907464698838909,0.992613754768314,False
GATA2,GATA2,GATA,Astro,-0.175947512402707,0.325907000521522,0.979336604887158,False
HIF1A,HIF1A,bHLH-other,Astro,0.0345836411605503,0.643858985257473,0.979336604887158,False
MYC,MYC,bHLH-other,Astro,-0.0020512464552225,0.985454981726864,0.995976016570843,False
MYB,MYB,other,Astro,-0.107053138472289,0.228656860535351,0.979336604887158,False
MYCN,MYCN,bHLH-other,Astro,0.0248143127167151,0.796887372386367,0.979336604887158,False
NEUROD1,NEUROD1,bHLH-neural,Astro,-0.317659376497363,0.169718854512038,0.979336604887158,False
NFIC,NFIC,other,Astro,0.155346937325958,0.544845010651754,0.979336604887158,False
NFYA,NFYA,other,Astro,-0.182965612167601,0.133636024728642,0.979336604887158,False
NR1H4,NR1H4,NR,Astro,0.0419760240101316,0.53194981304314,0.979336604887158,False
NR2F2,NR2F2,NR,Astro,-0.0744167501465547,0.499987356474054,0.979336604887158,False
PAX5,PAX5,homeobox-other,Astro,0.0072434801855936,0.932183031132234,0.995976016570843,False
PBX3,PBX3,homeobox-other,Astro,-0.0447113219224804,0.748178268407014,0.979336604887158,False
POU5F1,POU5F1,homeobox-other,Astro,-0.210292379098474,0.143040428177519,0.979336604887158,False
RBPJ,RBPJ,other,Astro,-0.153624734492466,0.313890441409101,0.979336604887158,False
RELB,RELB,NFKB-REL,Astro,-0.0403906153660368,0.633558834239663,0.979336604887158,False
SIX1,SIX1,homeobox-other,Astro,-0.0401177662178734,0.656226962571476,0.979336604887158,False
SIX2,SIX2,homeobox-other,Astro,0.0106239410529801,0.915744924266145,0.992613754768314,False
SOX10,SOX10,SOX,Astro,-0.0305594077491893,0.71507558107053,0.979336604887158,False
SOX13,SOX13,SOX,Astro,-0.0832454933353937,0.62747763758323,0.979336604887158,False
TEAD2,TEAD2,TEAD,Astro,0.107754114158303,0.297039960066629,0.979336604887158,False
TFDP1,TFDP1,E2F-DP,Astro,-0.0265905007118645,0.815340269787571,0.979336604887158,False
ZBTB7A,ZBTB7A,ZBTB,Astro,-0.137675593609743,0.162394205049441,0.979336604887158,False
ZEB1,ZEB1,other,Astro,-0.0561345587182206,0.807408948047312,0.979336604887158,False
ZNF24,ZNF24,ZNF-KRAB,Astro,-0.0959994985855811,0.341337233702043,0.979336604887158,False
ZNF384,ZNF384,ZNF-KRAB,Astro,0.190165064799744,0.115374050513749,0.979336604887158,False
ZNF282,ZNF282,ZNF-KRAB,Astro,-0.0494646071850174,0.660098281118745,0.979336604887158,False
ZSCAN4,ZSCAN4,ZNF-KRAB,Astro,-0.136573435214765,0.41118688340773,0.979336604887158,False
GATA3,GATA3,GATA,Astro,-0.132002744261014,0.398018967727617,0.979336604887158,False
FOS::JUN,FOS,AP-1,Astro,0.692160384081966,0.237385871621939,0.979336604887158,False
FOS::JUN,JUN,AP-1,Astro,0.692160384081966,0.237385871621939,0.979336604887158,False
FOS::JUN(var.2),FOS,AP-1,Astro,0.121850662007053,0.361345993168874,0.979336604887158,False
FOS::JUN(var.2),JUN,AP-1,Astro,0.121850662007053,0.361345993168874,0.979336604887158,False
FOSB::JUN,FOSB,AP-1,Astro,0.0939542810424578,0.587427983967753,0.979336604887158,False
FOSB::JUN,JUN,AP-1,Astro,0.0939542810424578,0.587427983967753,0.979336604887158,False
FOSL1::JUN,FOSL1,AP-1,Astro,0.699296995506034,0.253777291501807,0.979336604887158,False
FOSL1::JUN,JUN,AP-1,Astro,0.699296995506034,0.253777291501807,0.979336604887158,False
FOSL1::JUN(var.2),FOSL1,AP-1,Astro,0.136355510094618,0.404938800468385,0.979336604887158,False
FOSL1::JUN(var.2),JUN,AP-1,Astro,0.136355510094618,0.404938800468385,0.979336604887158,False
FOSL2::JUN,FOSL2,AP-1,Astro,0.696689415110192,0.252086725500329,0.979336604887158,False
FOSL2::JUN,JUN,AP-1,Astro,0.696689415110192,0.252086725500329,0.979336604887158,False
FOSL2::JUN(var.2),FOSL2,AP-1,Astro,0.120613086770936,0.495086294976441,0.979336604887158,False
FOSL2::JUN(var.2),JUN,AP-1,Astro,0.120613086770936,0.495086294976441,0.979336604887158,False
JUN::JUNB,JUN,AP-1,Astro,0.555858502004689,0.259280933050495,0.979336604887158,False
JUN::JUNB,JUNB,AP-1,Astro,0.555858502004689,0.259280933050495,0.979336604887158,False
JUN::JUNB(var.2),JUN,AP-1,Astro,0.123643686319244,0.434595906229214,0.979336604887158,False
JUN::JUNB(var.2),JUNB,AP-1,Astro,0.123643686319244,0.434595906229214,0.979336604887158,False
FOS::JUNB,FOS,AP-1,Astro,0.673434044831615,0.257128636893476,0.979336604887158,False
FOS::JUNB,JUNB,AP-1,Astro,0.673434044831615,0.257128636893476,0.979336604887158,False
FOSB::JUNB,FOSB,AP-1,Astro,0.658493867290119,0.249667436628696,0.979336604887158,False
FOSB::JUNB,JUNB,AP-1,Astro,0.658493867290119,0.249667436628696,0.979336604887158,False
FOSB::JUNB(var.2),FOSB,AP-1,Astro,0.107887012309736,0.50623530756371,0.979336604887158,False
FOSB::JUNB(var.2),JUNB,AP-1,Astro,0.107887012309736,0.50623530756371,0.979336604887158,False
FOSL1::JUNB,FOSL1,AP-1,Astro,0.650280598205014,0.262289713604276,0.979336604887158,False
FOSL1::JUNB,JUNB,AP-1,Astro,0.650280598205014,0.262289713604276,0.979336604887158,False
FOSL2::JUNB,FOSL2,AP-1,Astro,0.66343234866893,0.248978639533653,0.979336604887158,False
FOSL2::JUNB,JUNB,AP-1,Astro,0.66343234866893,0.248978639533653,0.979336604887158,False
FOSL2::JUNB(var.2),FOSL2,AP-1,Astro,0.120484919044863,0.462099281228375,0.979336604887158,False
FOSL2::JUNB(var.2),JUNB,AP-1,Astro,0.120484919044863,0.462099281228375,0.979336604887158,False
FOS::JUND,FOS,AP-1,Astro,0.726623251772171,0.244816332873063,0.979336604887158,False
FOS::JUND,JUND,AP-1,Astro,0.726623251772171,0.244816332873063,0.979336604887158,False
FOSL1::JUND,FOSL1,AP-1,Astro,0.615516044963956,0.26412110187785,0.979336604887158,False
FOSL1::JUND,JUND,AP-1,Astro,0.615516044963956,0.26412110187785,0.979336604887158,False
FOSL1::JUND(var.2),FOSL1,AP-1,Astro,0.103939588057283,0.444713980440174,0.979336604887158,False
FOSL1::JUND(var.2),JUND,AP-1,Astro,0.103939588057283,0.444713980440174,0.979336604887158,False
FOSL2::JUND,FOSL2,AP-1,Astro,0.6565909705388,0.250906966311782,0.979336604887158,False
FOSL2::JUND,JUND,AP-1,Astro,0.6565909705388,0.250906966311782,0.979336604887158,False
FOSL2::JUND(var.2),FOSL2,AP-1,Astro,0.0709561715824934,0.683079605924006,0.979336604887158,False
FOSL2::JUND(var.2),JUND,AP-1,Astro,0.0709561715824934,0.683079605924006,0.979336604887158,False
NR1H4::RXRA,NR1H4,NR,Astro,-0.0410478497736395,0.537817090804773,0.979336604887158,False
NR1H4::RXRA,RXRA,NR,Astro,-0.0410478497736395,0.537817090804773,0.979336604887158,False
NR4A2::RXRA,NR4A2,NR,Astro,-0.0647082444216582,0.31988080316211,0.979336604887158,False
NR4A2::RXRA,RXRA,NR,Astro,-0.0647082444216582,0.31988080316211,0.979336604887158,False
PPARA::RXRA,PPARA,NR,Astro,0.0026426881984654,0.976509326353133,0.995976016570843,False
PPARA::RXRA,RXRA,NR,Astro,0.0026426881984654,0.976509326353133,0.995976016570843,False
RARA::RXRG,RARA,NR,Astro,-0.0546115942578748,0.649673276072872,0.979336604887158,False
RARA::RXRG,RXRG,NR,Astro,-0.0546115942578748,0.649673276072872,0.979336604887158,False
RORB,RORB,NR,Astro,-0.114756067467623,0.496233074946004,0.979336604887158,False
RORC,RORC,NR,Astro,-0.171631685616465,0.396336647925499,0.979336604887158,False
SOX15,SOX15,SOX,Astro,0.102149126963485,0.494951171003127,0.979336604887158,False
TFE3,TFE3,bHLH-other,Astro,0.11846160876496,0.361397531497575,0.979336604887158,False
VDR,VDR,NR,Astro,0.0204773571314437,0.77954189407456,0.979336604887158,False
IRF3,IRF3,IRF,Astro,0.046455039482632,0.641238873511212,0.979336604887158,False
IRF4,IRF4,IRF,Astro,0.0608026440057619,0.572995019218187,0.979336604887158,False
IRF5,IRF5,IRF,Astro,0.0047370131363828,0.959698502868949,0.995976016570843,False
TCF7L1,TCF7L1,TCF-LEF,Astro,-0.0273619199988694,0.76945378698984,0.979336604887158,False
ARGFX,ARGFX,other,Astro,-0.143857850766051,0.496579027007229,0.979336604887158,False
ARNT2,ARNT2,bHLH-other,Astro,0.0237836051768566,0.825218332495441,0.981315537512654,False
ATF6,ATF6,other,Astro,0.0468884002128529,0.628144349531004,0.979336604887158,False
ATOH1(var.2),ATOH1,bHLH-neural,Astro,-0.105523767984556,0.572431976586126,0.979336604887158,False
ATOH7,ATOH7,bHLH-neural,Astro,-0.161719842331352,0.295148014755105,0.979336604887158,False
BACH2,BACH2,other,Astro,0.605496895870425,0.220596968514114,0.979336604887158,False
BACH2(var.2),BACH2,other,Astro,0.116310288516327,0.281890713631957,0.979336604887158,False
BARX2,BARX2,other,Astro,0.011711454787586,0.904131833901005,0.991881197329872,False
BHLHA15(var.2),BHLHA15,bHLH-neural,Astro,-0.121630535711892,0.510988333870881,0.979336604887158,False
CDX4,CDX4,other,Astro,0.0225716416127339,0.807796929211118,0.979336604887158,False
CREB3L4,CREB3L4,other,Astro,0.0354030840500649,0.713511507258069,0.979336604887158,False
CREB3L4(var.2),CREB3L4,other,Astro,0.107770158218953,0.511613004046087,0.979336604887158,False
DLX5,DLX5,homeobox-other,Astro,-0.0597354582759294,0.557571707493212,0.979336604887158,False
DMRTA2,DMRTA2,other,Astro,-0.0005170976879312,0.996212138744417,0.997936725356572,False
DMRTC2,DMRTC2,other,Astro,-0.0026966589169894,0.983267601226125,0.995976016570843,False
DPRX,DPRX,other,Astro,-0.0270408780283915,0.785578465657031,0.979336604887158,False
DRGX,DRGX,other,Astro,-0.102104944844535,0.478756511926337,0.979336604887158,False
ELF2,ELF2,ETS,Astro,-0.114790794679275,0.2467170576301,0.979336604887158,False
ETS2,ETS2,ETS,Astro,-0.178777818731837,0.0932351882674608,0.979336604887158,False
FERD3L,FERD3L,bHLH-neural,Astro,-0.0757254467643326,0.658234257039822,0.979336604887158,False
FOXE1,FOXE1,FOX,Astro,0.0215677561835895,0.856133977189629,0.988541523911787,False
FOXN3,FOXN3,FOX,Astro,0.0035512045851997,0.972131582483788,0.995976016570843,False
GLI3,GLI3,other,Astro,-0.0527796225095864,0.69997637510591,0.979336604887158,False
HES6,HES6,bHLH-neural,Astro,-0.0822940034543879,0.362549075109709,0.979336604887158,False
HNF4A(var.2),HNF4A,NR,Astro,0.0322904003628539,0.750096515460936,0.979336604887158,False
HOXA1,HOXA1,HOX,Astro,-0.0246158237252476,0.803710497363118,0.979336604887158,False
HOXA4,HOXA4,HOX,Astro,0.0103301745207516,0.877258514837736,0.988541523911787,False
HOXA6,HOXA6,HOX,Astro,-0.140946166266185,0.257922016623176,0.979336604887158,False
HOXA7,HOXA7,HOX,Astro,-0.0433212920352622,0.452372801484575,0.979336604887158,False
HOXB4,HOXB4,HOX,Astro,-0.0599541618145089,0.493694158674661,0.979336604887158,False
HOXB6,HOXB6,HOX,Astro,-0.13594860939921,0.325741866764989,0.979336604887158,False
HOXB7,HOXB7,HOX,Astro,-0.105173118932524,0.489655142568141,0.979336604887158,False
HOXB8,HOXB8,HOX,Astro,-0.0452552576978953,0.40179423915902,0.979336604887158,False
HOXB9,HOXB9,HOX,Astro,-0.0642285987211737,0.318680122937299,0.979336604887158,False
HOXC4,HOXC4,HOX,Astro,-0.0495930453978759,0.537152288468705,0.979336604887158,False
HOXC8,HOXC8,HOX,Astro,-0.119438968156496,0.168231527984813,0.979336604887158,False
HOXD10,HOXD10,HOX,Astro,-0.0153831012085173,0.823333185472693,0.981315537512654,False
HOXD4,HOXD4,HOX,Astro,-0.0776755873259581,0.285198804301555,0.979336604887158,False
IKZF1,IKZF1,other,Astro,-0.188231846085116,0.0562179385161701,0.979336604887158,False
IRF6,IRF6,IRF,Astro,0.0621406116297651,0.234340729863787,0.979336604887158,False
KLF10,KLF10,KLF-SP,Astro,-0.0068663612492428,0.968550365325943,0.995976016570843,False
KLF11,KLF11,KLF-SP,Astro,-0.0543221114771248,0.739244897118426,0.979336604887158,False
KLF15,KLF15,KLF-SP,Astro,0.0202731583524526,0.892951852729603,0.988541523911787,False
KLF17,KLF17,KLF-SP,Astro,-0.115074635012959,0.44892963915784,0.979336604887158,False
KLF2,KLF2,KLF-SP,Astro,0.014181481352231,0.933157809152624,0.995976016570843,False
KLF3,KLF3,KLF-SP,Astro,0.0942922826346553,0.592465681524007,0.979336604887158,False
KLF6,KLF6,KLF-SP,Astro,0.0254305009646528,0.893279228558518,0.988541523911787,False
LHX1,LHX1,homeobox-other,Astro,-0.0850820643584118,0.448175450793882,0.979336604887158,False
LHX5,LHX5,homeobox-other,Astro,-0.18701517546638,0.380315360493326,0.979336604887158,False
MAF,MAF,other,Astro,0.0433068800203959,0.654590709619701,0.979336604887158,False
MAFA,MAFA,other,Astro,0.0458705708047598,0.6702263917798,0.979336604887158,False
MAZ,MAZ,other,Astro,-0.107910069485168,0.370341270480295,0.979336604887158,False
MSANTD3,MSANTD3,other,Astro,-0.0839434746776862,0.553739564666874,0.979336604887158,False
MSGN1,MSGN1,other,Astro,-0.123180691211338,0.191105349760215,0.979336604887158,False
NFATC4,NFATC4,other,Astro,0.0688556312031363,0.537136230680424,0.979336604887158,False
NFIC(var.2),NFIC,other,Astro,0.122294310791518,0.443921020206489,0.979336604887158,False
NFIX(var.2),NFIX,other,Astro,0.13677165406082,0.462831539653981,0.979336604887158,False
NHLH2,NHLH2,bHLH-neural,Astro,-0.127008170559836,0.469535486870796,0.979336604887158,False
NKX6-3,NKX6-3,homeobox-other,Astro,-0.110430349582706,0.379656232374873,0.979336604887158,False
NR1D1,NR1D1,NR,Astro,-0.0854089805117306,0.361159475694046,0.979336604887158,False
NR1D2,NR1D2,NR,Astro,-0.0896611279280027,0.393806855180458,0.979336604887158,False
NR1I2,NR1I2,NR,Astro,-0.0426331556496406,0.557581885958946,0.979336604887158,False
NR1I3,NR1I3,NR,Astro,0.0525011543486311,0.499809894909474,0.979336604887158,False
NR2C1,NR2C1,NR,Astro,-0.0036745594474319,0.97279859660287,0.995976016570843,False
NR2C2(var.2),NR2C2,NR,Astro,-0.0118221718334617,0.901903329994524,0.991154180358565,False
NR2F1(var.2),NR2F1,NR,Astro,-0.0303801876207371,0.78155362051157,0.979336604887158,False
NR2F1(var.3),NR2F1,NR,Astro,0.0026086375689799,0.977493687332999,0.995976016570843,False
NR2F6(var.3),NR2F6,NR,Astro,-0.0234366383197093,0.797971302586892,0.979336604887158,False
NR5A1,NR5A1,NR,Astro,-0.0963180601863888,0.336512360039601,0.979336604887158,False
NR6A1,NR6A1,NR,Astro,-0.006296710408843,0.946216995162622,0.995976016570843,False
OSR1,OSR1,other,Astro,-0.0907873335933995,0.3489822800928,0.979336604887158,False
OVOL1,OVOL1,other,Astro,-0.0379889780859724,0.454979405191182,0.979336604887158,False
OVOL2,OVOL2,other,Astro,-0.0458535460259682,0.425503755944987,0.979336604887158,False
PAX3(var.2),PAX3,homeobox-other,Astro,0.0318245064017305,0.511971296573853,0.979336604887158,False
PITX2,PITX2,other,Astro,0.0288527334006455,0.675030925941188,0.979336604887158,False
PLAGL2,PLAGL2,other,Astro,-0.0422094352260592,0.679965260534695,0.979336604887158,False
POU6F1(var.2),POU6F1,homeobox-other,Astro,-0.098382885236955,0.482232557178994,0.979336604887158,False
PPARD,PPARD,NR,Astro,-0.0179591893194063,0.848943615558557,0.988541523911787,False
RARB(var.3),RARB,NR,Astro,-0.0165822471676215,0.732512285776358,0.979336604887158,False
RARG(var.3),RARG,NR,Astro,0.0069102752909963,0.873776519234122,0.988541523911787,False
RFX7,RFX7,RFX,Astro,0.10436419461047,0.247642912621216,0.979336604887158,False
RXRB(var.2),RXRB,NR,Astro,0.0413780771541195,0.606630283468874,0.979336604887158,False
RXRG(var.2),RXRG,NR,Astro,0.0014480144290958,0.986535485608086,0.995976016570843,False
SMAD5,SMAD5,SMAD,Astro,-0.050878258926867,0.357787959263501,0.979336604887158,False
SNAI1,SNAI1,other,Astro,-0.0947607076325143,0.698647561734372,0.979336604887158,False
SNAI3,SNAI3,other,Astro,-0.085344966429318,0.712816139680047,0.979336604887158,False
SOHLH2,SOHLH2,other,Astro,-0.0543803141559902,0.619001213185286,0.979336604887158,False
SOX12,SOX12,SOX,Astro,0.0111942597783904,0.87909164309109,0.988541523911787,False
SOX14,SOX14,SOX,Astro,-0.0788321778785434,0.602348335370297,0.979336604887158,False
SOX18,SOX18,SOX,Astro,-0.0517217651163256,0.66007968114724,0.979336604887158,False
SP9,SP9,KLF-SP,Astro,-0.0164972013411805,0.910377933733314,0.992613754768314,False
TBX18,TBX18,other,Astro,-0.0952405618696413,0.531435186195926,0.979336604887158,False
TBX3,TBX3,other,Astro,-0.036860885597341,0.803218174835487,0.979336604887158,False
TBX6,TBX6,other,Astro,-0.0477926013206855,0.729325616419834,0.979336604887158,False
TCF21(var.2),TCF21,other,Astro,-0.181387805002461,0.183045086726653,0.979336604887158,False
TFAP2E,TFAP2E,other,Astro,0.0731525975616332,0.581656575170223,0.979336604887158,False
TFAP4(var.2),TFAP4,other,Astro,-0.0666126715266115,0.490411772686691,0.979336604887158,False
TGIF2LX,TGIF2LX,other,Astro,-0.0728761169528096,0.554558254302882,0.979336604887158,False
TGIF2LY,TGIF2LY,other,Astro,-0.0498101191084037,0.68082957309716,0.979336604887158,False
THAP11,THAP11,other,Astro,-0.141968773324069,0.257637039478323,0.979336604887158,False
THRB,THRB,NR,Astro,-0.0653847092475199,0.559751553504767,0.979336604887158,False
THRB(var.2),THRB,NR,Astro,-0.0508467618152203,0.592008416310804,0.979336604887158,False
THRB(var.3),THRB,NR,Astro,-0.0989489130859201,0.312417315576962,0.979336604887158,False
TLX2,TLX2,other,Astro,-0.19043103565739,0.43928970737023,0.979336604887158,False
VEZF1,VEZF1,other,Astro,-0.0172466812951592,0.866113369752603,0.988541523911787,False
ZBTB26,ZBTB26,ZBTB,Astro,-0.0598765853168571,0.58002695165907,0.979336604887158,False
ZBTB32,ZBTB32,ZBTB,Astro,-0.219194075563973,0.0802214016361664,0.979336604887158,False
ZBTB6,ZBTB6,ZBTB,Astro,-0.0513684373881694,0.668003127119652,0.979336604887158,False
ZFP57,ZFP57,other,Astro,-0.0465724586166259,0.658885139214039,0.979336604887158,False
ZIC5,ZIC5,other,Astro,0.0057064517462426,0.966031602727811,0.995976016570843,False
ZKSCAN1,ZKSCAN1,ZNF-KRAB,Astro,-0.0638464836913484,0.402194877565281,0.979336604887158,False
ZNF135,ZNF135,ZNF-KRAB,Astro,0.0719463318659946,0.589988198017579,0.979336604887158,False
ZNF136,ZNF136,ZNF-KRAB,Astro,0.0677854935135614,0.434027887375956,0.979336604887158,False
ZNF140,ZNF140,ZNF-KRAB,Astro,-0.0961103627772266,0.396186309133818,0.979336604887158,False
ZNF274,ZNF274,ZNF-KRAB,Astro,-0.0449287020678093,0.633306368109957,0.979336604887158,False
ZNF317,ZNF317,ZNF-KRAB,Astro,-0.0976885955572579,0.508769457853505,0.979336604887158,False
ZNF382,ZNF382,ZNF-KRAB,Astro,-0.0256777127542032,0.810861185960151,0.979336604887158,False
ZNF460,ZNF460,ZNF-KRAB,Astro,0.0391787385300378,0.757038436282355,0.979336604887158,False
ZNF528,ZNF528,ZNF-KRAB,Astro,-0.0093703860794969,0.923319445098003,0.995173749462582,False
ZNF682,ZNF682,ZNF-KRAB,Astro,-0.0431662490466181,0.729368785690003,0.979336604887158,False
ZNF684,ZNF684,ZNF-KRAB,Astro,-0.121648229769268,0.31435803944485,0.979336604887158,False
ZNF75D,ZNF75D,ZNF-KRAB,Astro,-0.17275712066812,0.199986060846159,0.979336604887158,False
ZSCAN29,ZSCAN29,ZNF-KRAB,Astro,-0.0879156350776589,0.329917003142503,0.979336604887158,False
ASCL1,ASCL1,other,Astro,-0.0666635083234625,0.709869686920071,0.979336604887158,False
ATF3,ATF3,other,Astro,0.129784874021865,0.492068726294336,0.979336604887158,False
BARHL1,BARHL1,homeobox-other,Astro,-0.0447186743608523,0.391459807939015,0.979336604887158,False
BATF::JUN,BATF,AP-1,Astro,0.667146609467094,0.247732741264817,0.979336604887158,False
BATF::JUN,JUN,AP-1,Astro,0.667146609467094,0.247732741264817,0.979336604887158,False
BCL6,BCL6,other,Astro,-0.0582688161582141,0.523900992042601,0.979336604887158,False
CDX1,CDX1,other,Astro,-0.0043684736713893,0.961900519194389,0.995976016570843,False
E2F2,E2F2,E2F-DP,Astro,0.0690813950624492,0.281280487260554,0.979336604887158,False
E2F3,E2F3,E2F-DP,Astro,0.0459675968093441,0.124110976316677,0.979336604887158,False
E2F4,E2F4,E2F-DP,Astro,0.0288464394137134,0.538033924557795,0.979336604887158,False
EMX1,EMX1,homeobox-other,Astro,-0.0551932881069033,0.753328447569121,0.979336604887158,False
FOXD2,FOXD2,FOX,Astro,0.034140219898274,0.776069295580093,0.979336604887158,False
GATA5,GATA5,GATA,Astro,-0.185080707887245,0.273033201824651,0.979336604887158,False
GFI1,GFI1,other,Astro,-0.0783784342090215,0.372370327298251,0.979336604887158,False
GLI2,GLI2,other,Astro,-0.0420163143618257,0.759566672654026,0.979336604887158,False
GSX2,GSX2,homeobox-other,Astro,-0.0551932881069033,0.753328447569121,0.979336604887158,False
HES1,HES1,bHLH-neural,Astro,0.110537544441579,0.296472558968915,0.979336604887158,False
HES2,HES2,bHLH-neural,Astro,0.0270817406936144,0.786964563411364,0.979336604887158,False
HOXA13,HOXA13,HOX,Astro,-0.0394492867315582,0.596041585700755,0.979336604887158,False
HOXA2,HOXA2,HOX,Astro,-0.0645622520481788,0.667303189153885,0.979336604887158,False
HOXA5,HOXA5,HOX,Astro,-0.0246158237252476,0.803710497363118,0.979336604887158,False
HOXA9,HOXA9,HOX,Astro,-0.0115467775842789,0.791926629692583,0.979336604887158,False
HOXB2,HOXB2,HOX,Astro,-0.0551932881069033,0.753328447569121,0.979336604887158,False
HOXB5,HOXB5,HOX,Astro,-0.0246158237252476,0.803710497363118,0.979336604887158,False
HOXC9,HOXC9,HOX,Astro,-0.0708466317973854,0.273836981653643,0.979336604887158,False
HOXD13,HOXD13,HOX,Astro,-0.0597751001154778,0.523732040269565,0.979336604887158,False
HOXD3,HOXD3,HOX,Astro,-0.0551932881069033,0.753328447569121,0.979336604887158,False
HOXD8,HOXD8,HOX,Astro,-0.0433212920352622,0.452372801484575,0.979336604887158,False
HOXD9,HOXD9,HOX,Astro,-0.0075683762077271,0.934260528529394,0.995976016570843,False
JUNB(var.2),JUNB,AP-1,Astro,0.14852288507015,0.380273191663607,0.979336604887158,False
LHX9,LHX9,homeobox-other,Astro,-0.19043103565739,0.43928970737023,0.979336604887158,False
LMX1A,LMX1A,other,Astro,-0.11519646676951,0.417744647902244,0.979336604887158,False
LMX1B,LMX1B,other,Astro,-0.0877996267584209,0.630957151004321,0.979336604887158,False
NEUROG1,NEUROG1,bHLH-neural,Astro,-0.219465953981226,0.117639754139001,0.979336604887158,False
NRL,NRL,other,Astro,0.0267477970351561,0.79247390500175,0.979336604887158,False
PITX1,PITX1,other,Astro,-0.0115012058327194,0.880333305990762,0.988541523911787,False
PRRX2,PRRX2,other,Astro,-0.19043103565739,0.43928970737023,0.979336604887158,False
SOX4,SOX4,SOX,Astro,-0.0338821525806939,0.78375615818692,0.979336604887158,False
SOX8,SOX8,SOX,Astro,-0.0582993656152644,0.774160994279807,0.979336604887158,False
SP1,SP1,KLF-SP,Astro,0.0307114459028562,0.857104830275113,0.988541523911787,False
SP2,SP2,KLF-SP,Astro,-0.104362376367928,0.49258741266726,0.979336604887158,False
SP3,SP3,KLF-SP,Astro,-0.0080856949811619,0.959683782028358,0.995976016570843,False
TCFL5,TCFL5,other,Astro,0.0759703028111529,0.491982436964034,0.979336604887158,False
TFEC,TFEC,other,Astro,0.0808270121935679,0.521786341379803,0.979336604887158,False
ZNF740,ZNF740,ZNF-KRAB,Astro,-0.0979215271872488,0.417166049350632,0.979336604887158,False
ASCL1(var.2),ASCL1,other,Astro,-0.0494508899935373,0.832834067567975,0.987235889083386,False
ATF2,ATF2,other,Astro,0.0945023157547354,0.558832924191991,0.979336604887158,False
BACH1,BACH1,other,Astro,0.505118490795154,0.256828657877243,0.979336604887158,False
BATF,BATF,AP-1,Astro,0.662866850253293,0.252259644103971,0.979336604887158,False
BHLHE22(var.2),BHLHE22,bHLH-neural,Astro,-0.108226759541592,0.559793430196825,0.979336604887158,False
CEBPG(var.2),CEBPG,CEBP,Astro,0.0239911390304613,0.826289386246832,0.981315537512654,False
EBF3,EBF3,other,Astro,-0.0496922697534559,0.706108429620787,0.979336604887158,False
HAND2,HAND2,bHLH-neural,Astro,-0.257541735478649,0.216067272775176,0.979336604887158,False
MEIS1(var.2),MEIS1,homeobox-other,Astro,-0.0445655628989725,0.637987945897396,0.979336604887158,False
MEIS2(var.2),MEIS2,homeobox-other,Astro,-0.0430630218942897,0.691144529673168,0.979336604887158,False
MYF5,MYF5,bHLH-neural,Astro,-0.127614065158287,0.519970913708304,0.979336604887158,False
NEUROG2(var.2),NEUROG2,bHLH-neural,Astro,-0.307009009386371,0.182966338598602,0.979336604887158,False
NFIB,NFIB,other,Astro,0.16745477508695,0.37852613419524,0.979336604887158,False
NFYC,NFYC,other,Astro,-0.175532254710495,0.159410023862238,0.979336604887158,False
NKX2-2,NKX2-2,homeobox-other,Astro,-0.137331247569831,0.259285224096138,0.979336604887158,False
OSR2,OSR2,other,Astro,-0.105912035960343,0.434333906523215,0.979336604887158,False
PRDM4,PRDM4,other,Astro,-0.118867672168205,0.275004643718397,0.979336604887158,False
TCF12(var.2),TCF12,bHLH-neural,Astro,-0.0696088399452031,0.776644922125805,0.979336604887158,False
ZBTB12,ZBTB12,ZBTB,Astro,-0.0704912065777274,0.475619620329989,0.979336604887158,False
ZBTB14,ZBTB14,ZBTB,Astro,0.0411186306524044,0.73361659700952,0.979336604887158,False
ZFP42,ZFP42,other,Astro,-0.0571480633533662,0.434579160683333,0.979336604887158,False
ZKSCAN5,ZKSCAN5,ZNF-KRAB,Astro,-0.165729347477809,0.215980301671303,0.979336604887158,False
ZNF148,ZNF148,ZNF-KRAB,Astro,-0.0963827421612635,0.38097759304839,0.979336604887158,False
ZNF16,ZNF16,ZNF-KRAB,Astro,-0.114739594002381,0.360579529480292,0.979336604887158,False
ZNF341,ZNF341,ZNF-KRAB,Astro,-0.125350806985379,0.142734742160486,0.979336604887158,False
ZNF449,ZNF449,ZNF-KRAB,Astro,-0.0504455651410557,0.6595737041431,0.979336604887158,False
ZNF652,ZNF652,ZNF-KRAB,Astro,-0.0403380223633932,0.712087356592295,0.979336604887158,False
FOXA3,FOXA3,FOX,Astro,-0.0205853679773582,0.878222147261006,0.988541523911787,False
ATF4,ATF4,other,Astro,0.0788275410766494,0.493920491457954,0.979336604887158,False
BATF3,BATF3,AP-1,Astro,0.586597901978537,0.283286772893189,0.979336604887158,False
CDX2,CDX2,other,Astro,0.0146048490792096,0.890012758411206,0.988541523911787,False
CEBPA,CEBPA,CEBP,Astro,0.113998774847952,0.324623669826838,0.979336604887158,False
CEBPD,CEBPD,CEBP,Astro,0.117420344288419,0.373946097354687,0.979336604887158,False
CREB1,CREB1,other,Astro,0.0964334668057211,0.610514880569527,0.979336604887158,False
CTCFL,CTCFL,CTCF,Astro,-0.121848301341046,0.552257463887215,0.979336604887158,False
E2F6,E2F6,E2F-DP,Astro,-0.0758462856458491,0.54902307127787,0.979336604887158,False
EBF1,EBF1,other,Astro,-0.0509550780492616,0.716088387255471,0.979336604887158,False
EGR1,EGR1,EGR-WT1,Astro,-0.09252660209016,0.52311319808961,0.979336604887158,False
EHF,EHF,ETS,Astro,-0.262498130160386,0.0039473499119027,0.5172314842459,True
ELF1,ELF1,ETS,Astro,-0.237992868693513,0.0054760704395554,0.5172314842459,True
ELF3,ELF3,ETS,Astro,-0.218452587060502,0.0026901656671146,0.5172314842459,True
ESRRA,ESRRA,NR,Astro,-0.107486410799027,0.368736982199229,0.979336604887158,False
ETV1,ETV1,ETS,Astro,-0.250983554001179,0.0013067251531785,0.5172314842459,True
ETV4,ETV4,ETS,Astro,-0.226777908850338,0.0057197794466371,0.5172314842459,True
ETV5,ETV5,ETS,Astro,-0.167097871587788,0.111703550439683,0.979336604887158,False
FOSL1,FOSL1,AP-1,Astro,0.675248600493782,0.252228603812285,0.979336604887158,False
FOXA1,FOXA1,FOX,Astro,-0.0077376670172465,0.961533427385553,0.995976016570843,False
FOXA2,FOXA2,FOX,Astro,-0.0299607097708174,0.83493696717285,0.987878692000774,False
FOXK2,FOXK2,FOX,Astro,-8.03986411444385e-05,0.999519887413698,0.999519887413698,False
FOXP1,FOXP1,FOX,Astro,0.0076534125674871,0.957110799913869,0.995976016570843,False
GABPA,GABPA,ETS,Astro,-0.25979967510354,0.0036640095967511,0.5172314842459,True
GATA1,GATA1,GATA,Astro,-0.0949439470791438,0.380303259750767,0.979336604887158,False
GATA4,GATA4,GATA,Astro,-0.191827872661588,0.287645317109822,0.979336604887158,False
GATA6,GATA6,GATA,Astro,-0.122842697916571,0.459206403613199,0.979336604887158,False
GRHL2,GRHL2,other,Astro,0.0409375387180622,0.677501589357669,0.979336604887158,False
HLF,HLF,other,Astro,-0.0073706859956209,0.940011781631566,0.995976016570843,False
HNF4A,HNF4A,NR,Astro,0.0264782296228095,0.785448450970897,0.979336604887158,False
HNF4G,HNF4G,NR,Astro,0.0151083069139019,0.883988688418696,0.988541523911787,False
HOXB13,HOXB13,HOX,Astro,0.0181959697566704,0.874329352419426,0.988541523911787,False
JUNB,JUNB,AP-1,Astro,0.567807217029483,0.277836108983315,0.979336604887158,False
JUND,JUND,AP-1,Astro,0.611571816967428,0.255313785192297,0.979336604887158,False
KLF4,KLF4,KLF-SP,Astro,-0.0637115826655311,0.636960166781996,0.979336604887158,False
KLF9,KLF9,KLF-SP,Astro,-0.0670624724861072,0.707971148866853,0.979336604887158,False
LHX2,LHX2,homeobox-other,Astro,-0.0423807181574474,0.759690567707242,0.979336604887158,False
MAFF,MAFF,other,Astro,0.0586232211951048,0.585468731149228,0.979336604887158,False
MAFG,MAFG,other,Astro,0.0432241374388476,0.703293776309909,0.979336604887158,False
MAFK,MAFK,other,Astro,0.319552550016746,0.236499101377224,0.979336604887158,False
MEF2A,MEF2A,other,Astro,0.0883263483392619,0.545246547390658,0.979336604887158,False
MITF,MITF,bHLH-other,Astro,0.154202457678534,0.222580451716729,0.979336604887158,False
MXI1,MXI1,bHLH-other,Astro,-0.102411122162502,0.400965172573768,0.979336604887158,False
MYOD1,MYOD1,bHLH-neural,Astro,-0.161213756759492,0.474428317915419,0.979336604887158,False
MYOG,MYOG,bHLH-neural,Astro,-0.128753701682692,0.480565056603516,0.979336604887158,False
MZF1,MZF1,other,Astro,-0.0787566878758561,0.558984644610205,0.979336604887158,False
NFE2L1,NFE2L1,other,Astro,0.440774295093577,0.20351760057028,0.979336604887158,False
NFIL3,NFIL3,other,Astro,-0.0619238240771919,0.543832618918961,0.979336604887158,False
NFYB,NFYB,other,Astro,-0.130788135019656,0.16129145054889,0.979336604887158,False
NKX2-5,NKX2-5,homeobox-other,Astro,-0.0900118700052469,0.249626732169873,0.979336604887158,False
NR4A1,NR4A1,NR,Astro,0.048194955372884,0.70156565087087,0.979336604887158,False
ONECUT1,ONECUT1,other,Astro,0.0109088936200241,0.916930127661093,0.992613754768314,False
OTX2,OTX2,homeobox-other,Astro,-0.013145493393789,0.88243726946514,0.988541523911787,False
PBX2,PBX2,homeobox-other,Astro,-0.0285876718837497,0.770859294802609,0.979336604887158,False
PHOX2B,PHOX2B,other,Astro,-0.018069638801412,0.896010467432826,0.989833553027887,False
PKNOX1,PKNOX1,homeobox-other,Astro,-0.0530104085168441,0.740086601752314,0.979336604887158,False
POU2F3,POU2F3,homeobox-other,Astro,-0.20549711331479,0.137100886111506,0.979336604887158,False
PRDM1,PRDM1,other,Astro,-0.0603017031848317,0.676291180512111,0.979336604887158,False
RFX1,RFX1,RFX,Astro,0.367045544583244,0.047010349960884,0.979336604887158,True
RFX3,RFX3,RFX,Astro,0.360603519222252,0.0608227140049021,0.979336604887158,False
RUNX3,RUNX3,RUNX,Astro,-0.0441668020067929,0.531909759745275,0.979336604887158,False
SCRT1,SCRT1,other,Astro,-0.0389699799787124,0.760479993156334,0.979336604887158,False
SCRT2,SCRT2,other,Astro,0.0135513307693039,0.919532816960964,0.993283742553396,False
SNAI2,SNAI2,other,Astro,-0.0899368950140342,0.670522987426214,0.979336604887158,False
SOX2,SOX2,SOX,Astro,-0.0538551453307938,0.747094667909924,0.979336604887158,False
SPI1,SPI1,ETS,Astro,-0.150244238465849,0.0685205528259394,0.979336604887158,False
SPIB,SPIB,ETS,Astro,-0.239061070951833,0.0046944023142192,0.5172314842459,True
SREBF1(var.2),SREBF1,bHLH-other,Astro,0.0852439915533121,0.302967080000628,0.979336604887158,False
TCF3,TCF3,bHLH-neural,Astro,-0.0726163319620022,0.766414445760753,0.979336604887158,False
TCF4,TCF4,bHLH-neural,Astro,-0.0377404652323351,0.87534515179387,0.988541523911787,False
TCF7,TCF7,TCF-LEF,Astro,-0.0449227126621785,0.638720499776517,0.979336604887158,False
TEAD1,TEAD1,TEAD,Astro,0.140272817572118,0.185437145617586,0.979336604887158,False
TEAD4,TEAD4,TEAD,Astro,0.184107722911152,0.109528937025321,0.979336604887158,False
TFAP2A,TFAP2A,other,Astro,-0.0830629638017329,0.542394079674136,0.979336604887158,False
TFAP2C(var.2),TFAP2C,other,Astro,-0.0616622899345116,0.634427531293666,0.979336604887158,False
TWIST1,TWIST1,TWIST,Astro,-0.16035940584553,0.419115732116207,0.979336604887158,False
USF1,USF1,bHLH-other,Astro,0.165461490075189,0.213038012783298,0.979336604887158,False
USF2,USF2,bHLH-other,Astro,0.151219542635795,0.255061974627705,0.979336604887158,False
YY2,YY2,other,Astro,-0.0489387104603975,0.643333735127791,0.979336604887158,False
ZNF263,ZNF263,ZNF-KRAB,Astro,-0.10495806324642,0.447697257788682,0.979336604887158,False
CREM,CREM,other,Astro,0.0963200490693823,0.575783098430717,0.979336604887158,False
FOXF2,FOXF2,FOX,Micro,0.0063478452337143,0.966505601631137,0.990555038496084,False
FOXD1,FOXD1,FOX,Micro,-0.0592602175304265,0.72055630734992,0.989669368953255,False
IRF2,IRF2,IRF,Micro,0.228451328238582,0.449752918329652,0.989669368953255,False
MZF1(var.2),MZF1,other,Micro,0.166275595434811,0.150130415163855,0.989669368953255,False
MAX::MYC,MAX,bHLH-other,Micro,0.0604287631484977,0.527687709269668,0.989669368953255,False
MAX::MYC,MYC,bHLH-other,Micro,0.0604287631484977,0.527687709269668,0.989669368953255,False
PPARG,PPARG,NR,Micro,-0.0239337888930762,0.827136136663844,0.989669368953255,False
PAX6,PAX6,homeobox-other,Micro,0.0802018910606159,0.28985847358627,0.989669368953255,False
PBX1,PBX1,homeobox-other,Micro,0.010752364536943,0.905019440433708,0.989669368953255,False
RORA,RORA,NR,Micro,0.0472509075492759,0.632190509682569,0.989669368953255,False
RORA(var.2),RORA,NR,Micro,0.0235477562879008,0.818751746312984,0.989669368953255,False
RREB1,RREB1,other,Micro,0.0146438419021366,0.905886628030163,0.989669368953255,False
RXRA::VDR,RXRA,NR,Micro,0.0249650676883595,0.814664929887851,0.989669368953255,False
RXRA::VDR,VDR,NR,Micro,0.0249650676883595,0.814664929887851,0.989669368953255,False
SOX9,SOX9,SOX,Micro,-0.136915029343442,0.591548106181926,0.989669368953255,False
SRY,SRY,other,Micro,0.0518964313097306,0.709578909310637,0.989669368953255,False
TAL1::TCF3,TAL1,other,Micro,-0.1536660431933,0.416330736346807,0.989669368953255,False
TAL1::TCF3,TCF3,bHLH-neural,Micro,-0.1536660431933,0.416330736346807,0.989669368953255,False
REL,REL,NFKB-REL,Micro,0.1670898855721,0.131292364637078,0.989669368953255,False
RELA,RELA,NFKB-REL,Micro,0.172173407183496,0.120151254514648,0.989669368953255,False
NR1H2::RXRA,NR1H2,NR,Micro,0.120158608280121,0.230014121389107,0.989669368953255,False
NR1H2::RXRA,RXRA,NR,Micro,0.120158608280121,0.230014121389107,0.989669368953255,False
NFIC::TLX1,NFIC,other,Micro,0.082379310804179,0.653762001606887,0.989669368953255,False
NFIC::TLX1,TLX1,other,Micro,0.082379310804179,0.653762001606887,0.989669368953255,False
ZNF354C,ZNF354C,ZNF-KRAB,Micro,-0.0397726744420381,0.807836421476336,0.989669368953255,False
CTCF,CTCF,CTCF,Micro,0.0067748830712279,0.971902219496912,0.990555038496084,False
EWSR1-FLI1,EWSR1-FLI1,other,Micro,0.185224382788633,0.231503803955349,0.989669368953255,False
REST,REST,other,Micro,0.0226867164867119,0.905093810889878,0.989669368953255,False
NFATC2,NFATC2,other,Micro,0.0983429347536998,0.55312284438268,0.989669368953255,False
INSM1,INSM1,other,Micro,-0.0212983697015429,0.857020645684939,0.989669368953255,False
RARA::RXRA,RARA,NR,Micro,0.07833310529924,0.521239717096007,0.989669368953255,False
RARA::RXRA,RXRA,NR,Micro,0.07833310529924,0.521239717096007,0.989669368953255,False
NR4A2,NR4A2,NR,Micro,0.0304447013332182,0.732097302769865,0.989669368953255,False
PLAG1,PLAG1,other,Micro,0.0709452066178491,0.43764096571986,0.989669368953255,False
ARNT::HIF1A,ARNT,bHLH-other,Micro,0.0256222419744897,0.700023884392352,0.989669368953255,False
ARNT::HIF1A,HIF1A,bHLH-other,Micro,0.0256222419744897,0.700023884392352,0.989669368953255,False
DUX4,DUX4,other,Micro,0.0615767577853905,0.53906849698191,0.989669368953255,False
FOS,FOS,AP-1,Micro,0.094781188617083,0.614739617651964,0.989669368953255,False
FOSL2,FOSL2,AP-1,Micro,0.114913637878756,0.521009362501921,0.989669368953255,False
FOXH1,FOXH1,FOX,Micro,-0.0319434443373343,0.813537961023412,0.989669368953255,False
JUN,JUN,AP-1,Micro,-0.156449668818667,0.267106766082168,0.989669368953255,False
JUN(var.2),JUN,AP-1,Micro,0.172157042379975,0.325554421983876,0.989669368953255,False
JUND(var.2),JUND,AP-1,Micro,-0.130017180607333,0.194256863271741,0.989669368953255,False
MEF2C,MEF2C,other,Micro,0.13644597473114,0.656270344012893,0.989669368953255,False
MAF::NFE2,MAF,other,Micro,0.031240916017697,0.763188975000398,0.989669368953255,False
MAF::NFE2,NFE2,other,Micro,0.031240916017697,0.763188975000398,0.989669368953255,False
NR2C2,NR2C2,NR,Micro,0.0942006347760022,0.49373447946879,0.989669368953255,False
NRF1,NRF1,other,Micro,0.131883527405951,0.50578379856133,0.989669368953255,False
POU2F2,POU2F2,homeobox-other,Micro,0.044830966152449,0.756372142231272,0.989669368953255,False
SMAD2::SMAD3::SMAD4,SMAD2,SMAD,Micro,-0.0354983444109856,0.862717829493389,0.989669368953255,False
SMAD2::SMAD3::SMAD4,SMAD3,SMAD,Micro,-0.0354983444109856,0.862717829493389,0.989669368953255,False
SMAD2::SMAD3::SMAD4,SMAD4,SMAD,Micro,-0.0354983444109856,0.862717829493389,0.989669368953255,False
STAT1::STAT2,STAT1,STAT,Micro,0.332995978638593,0.539349545896563,0.989669368953255,False
STAT1::STAT2,STAT2,STAT,Micro,0.332995978638593,0.539349545896563,0.989669368953255,False
TCF7L2,TCF7L2,TCF-LEF,Micro,-0.066089350339742,0.704600318640959,0.989669368953255,False
ZBTB33,ZBTB33,ZBTB,Micro,0.062478208535241,0.627256712041101,0.989669368953255,False
ELK4,ELK4,ETS,Micro,0.154596611052024,0.806612598665476,0.989669368953255,False
ESR2,ESR2,NR,Micro,-0.0557364454901178,0.754440205882092,0.989669368953255,False
IRF1,IRF1,IRF,Micro,0.375672546021672,0.475439154914053,0.989669368953255,False
STAT1,STAT1,STAT,Micro,0.0252846244788053,0.857156564330917,0.989669368953255,False
STAT3,STAT3,STAT,Micro,-0.0917514548258692,0.495249960736539,0.989669368953255,False
GATA1::TAL1,GATA1,GATA,Micro,0.064834820224153,0.687482183424027,0.989669368953255,False
GATA1::TAL1,TAL1,other,Micro,0.064834820224153,0.687482183424027,0.989669368953255,False
YY1,YY1,other,Micro,0.0331039726888718,0.804371038857354,0.989669368953255,False
FOXP2,FOXP2,FOX,Micro,-0.0047963954082849,0.978869833561798,0.990555038496084,False
SREBF1,SREBF1,bHLH-other,Micro,0.0557720129514985,0.522480871678027,0.989669368953255,False
SREBF2,SREBF2,bHLH-other,Micro,0.0664895621691626,0.50081179387053,0.989669368953255,False
THAP1,THAP1,other,Micro,-0.0087933449971022,0.96401758931529,0.990555038496084,False
KLF5,KLF5,KLF-SP,Micro,0.023762900356382,0.842455624383312,0.989669368953255,False
DMRT3,DMRT3,other,Micro,-0.0331913593755865,0.63606783022224,0.989669368953255,False
FOXG1,FOXG1,FOX,Micro,-0.0592602175304265,0.72055630734992,0.989669368953255,False
LBX1,LBX1,other,Micro,-0.0443691887370042,0.797178305534509,0.989669368953255,False
NFATC3,NFATC3,other,Micro,0.205730584699222,0.212833992508158,0.989669368953255,False
POU6F1,POU6F1,homeobox-other,Micro,-0.0254195384716281,0.879332341800115,0.989669368953255,False
SHOX,SHOX,other,Micro,-0.0589862071802929,0.717153774321104,0.989669368953255,False
ALX3,ALX3,other,Micro,-0.0803140032349908,0.691695839791977,0.989669368953255,False
BARHL2,BARHL2,homeobox-other,Micro,-0.0314067903558806,0.762680454166999,0.989669368953255,False
BHLHE41,BHLHE41,bHLH-neural,Micro,0.0836368983107279,0.530118869619977,0.989669368953255,False
CENPB,CENPB,other,Micro,0.0213578616342032,0.806235308928096,0.989669368953255,False
CREB3,CREB3,other,Micro,0.110071938376032,0.370821406209736,0.989669368953255,False
DBP,DBP,other,Micro,-0.166705249063537,0.306185853638731,0.989669368953255,False
ELF4,ELF4,ETS,Micro,0.253144459233852,0.700783478824838,0.989669368953255,False
ELF5,ELF5,ETS,Micro,0.418484599300906,0.645629996897045,0.989669368953255,False
EN1,EN1,homeobox-other,Micro,-0.0419593481121081,0.723132728012997,0.989669368953255,False
EN2,EN2,homeobox-other,Micro,0.0094104742858985,0.949787430359279,0.989669368953255,False
ESX1,ESX1,other,Micro,-0.0882803348171901,0.582167997792954,0.989669368953255,False
ETV6,ETV6,ETS,Micro,0.271278506403078,0.757973411637178,0.989669368953255,False
FLI1,FLI1,ETS,Micro,0.189538482762142,0.719727463910825,0.989669368953255,False
FOXI1,FOXI1,FOX,Micro,-0.0520511558348414,0.799187499220312,0.989669368953255,False
FOXL1,FOXL1,FOX,Micro,-0.0520511558348414,0.799187499220312,0.989669368953255,False
FOXO3,FOXO3,FOX,Micro,-0.0592602175304265,0.72055630734992,0.989669368953255,False
GCM1,GCM1,other,Micro,-0.0229988925531195,0.828163186025769,0.989669368953255,False
GRHL1,GRHL1,other,Micro,0.0657322155217553,0.552105518691261,0.989669368953255,False
GSC,GSC,other,Micro,0.0392186716800722,0.757124943869279,0.989669368953255,False
HEY2,HEY2,bHLH-neural,Micro,0.0039487558255103,0.95493939101379,0.989669368953255,False
HINFP,HINFP,other,Micro,0.0869045899318481,0.330683078353928,0.989669368953255,False
HNF1A,HNF1A,other,Micro,-0.0084491982884998,0.930971599135793,0.989669368953255,False
HNF1B,HNF1B,other,Micro,0.0142814257711377,0.887301472550075,0.989669368953255,False
HOXC11,HOXC11,HOX,Micro,0.0419584909959402,0.642734009093307,0.989669368953255,False
HSF1,HSF1,other,Micro,0.116843701136759,0.33589262498864,0.989669368953255,False
IRF8,IRF8,IRF,Micro,0.109103085603035,0.758200431177669,0.989669368953255,False
IRF9,IRF9,IRF,Micro,0.194951293564047,0.622923645946019,0.989669368953255,False
ISX,ISX,other,Micro,-0.0589862071802929,0.717153774321104,0.989669368953255,False
JDP2,JDP2,AP-1,Micro,0.144312394429311,0.23264879824641,0.989669368953255,False
JDP2(var.2),JDP2,AP-1,Micro,-0.0649668560943564,0.636421031958007,0.989669368953255,False
KLF13,KLF13,KLF-SP,Micro,0.0177422395743871,0.887494946017395,0.989669368953255,False
LHX6,LHX6,homeobox-other,Micro,-0.007449594707046,0.955273277141293,0.989669368953255,False
MEF2B,MEF2B,other,Micro,0.0768195266308156,0.761839561124222,0.989669368953255,False
MEOX1,MEOX1,other,Micro,0.0442826175716011,0.747175549153728,0.989669368953255,False
MIXL1,MIXL1,other,Micro,-0.143912226246326,0.477916431134993,0.989669368953255,False
MLX,MLX,bHLH-other,Micro,0.0150948531549934,0.933266013135061,0.989669368953255,False
MLXIPL,MLXIPL,bHLH-other,Micro,0.0404120200137376,0.81938270537758,0.989669368953255,False
MSC,MSC,bHLH-neural,Micro,-0.142816128124766,0.454846551569087,0.989669368953255,False
MSX1,MSX1,other,Micro,-0.0440409279837986,0.734421480877449,0.989669368953255,False
MYF6,MYF6,bHLH-neural,Micro,-0.0478521495114864,0.746874819379826,0.989669368953255,False
NEUROD2,NEUROD2,bHLH-neural,Micro,0.0326282379597511,0.791237834751018,0.989669368953255,False
NEUROG2,NEUROG2,bHLH-neural,Micro,-0.0731395319873735,0.465412616713977,0.989669368953255,False
NFIA,NFIA,other,Micro,0.0349401649433478,0.88223601252965,0.989669368953255,False
NFIX,NFIX,other,Micro,0.030075937345484,0.877850253667889,0.989669368953255,False
NHLH1,NHLH1,bHLH-neural,Micro,-0.0804505002087915,0.758612610449755,0.989669368953255,False
NKX2-3,NKX2-3,homeobox-other,Micro,0.174092727915667,0.0526062272054322,0.989669368953255,False
NKX2-8,NKX2-8,homeobox-other,Micro,0.134143937933277,0.198538209715761,0.989669368953255,False
NKX6-1,NKX6-1,homeobox-other,Micro,0.0320696406018717,0.810775031242315,0.989669368953255,False
NKX6-2,NKX6-2,homeobox-other,Micro,0.0320696406018717,0.810775031242315,0.989669368953255,False
OLIG2,OLIG2,bHLH-neural,Micro,0.0108272224849106,0.915754346825519,0.989669368953255,False
PAX4,PAX4,homeobox-other,Micro,-0.0285784576234279,0.851308648260318,0.989669368953255,False
PAX7,PAX7,homeobox-other,Micro,0.0414072811318609,0.614902512265444,0.989669368953255,False
POU4F2,POU4F2,homeobox-other,Micro,-0.0180492508034243,0.920393309099971,0.989669368953255,False
SP4,SP4,KLF-SP,Micro,0.102899468874119,0.647374934165599,0.989669368953255,False
SPDEF,SPDEF,ETS,Micro,0.0125275815750323,0.949901305932913,0.989669368953255,False
SPIC,SPIC,ETS,Micro,0.640007004090222,0.509378844924205,0.989669368953255,False
SRF,SRF,other,Micro,0.0676872577916337,0.292362341862133,0.989669368953255,False
TBXT,TBXT,other,Micro,-0.047339004193122,0.5535284896361,0.989669368953255,False
TBX2,TBX2,other,Micro,0.0925552060143526,0.488018874855958,0.989669368953255,False
TBX20,TBX20,other,Micro,0.0263871852862558,0.799135729647419,0.989669368953255,False
TBX21,TBX21,other,Micro,-0.0491317509989163,0.5907253145801,0.989669368953255,False
TFAP4,TFAP4,other,Micro,-0.142071685585102,0.436138009716149,0.989669368953255,False
TFCP2,TFCP2,other,Micro,-0.0396438995741587,0.704126672138525,0.989669368953255,False
TFEB,TFEB,bHLH-other,Micro,0.122699142070784,0.418664698126555,0.989669368953255,False
ZBTB7B,ZBTB7B,ZBTB,Micro,0.0869114562874307,0.350317979695032,0.989669368953255,False
ZBTB7C,ZBTB7C,ZBTB,Micro,0.107699631626279,0.343500670312717,0.989669368953255,False
ZIC1,ZIC1,other,Micro,0.0293699245266314,0.776259695425829,0.989669368953255,False
ZIC3,ZIC3,other,Micro,0.0207167206518133,0.795201555046892,0.989669368953255,False
ZBTB18,ZBTB18,ZBTB,Micro,-0.0497778961192859,0.801797886724751,0.989669368953255,False
LBX2,LBX2,other,Micro,-0.0813192735669076,0.608902515328085,0.989669368953255,False
MEOX2,MEOX2,other,Micro,0.0054307932212703,0.972772003225973,0.990555038496084,False
MNX1,MNX1,other,Micro,0.0659504881470723,0.59814170099052,0.989669368953255,False
MSX2,MSX2,other,Micro,-0.0440409279837986,0.734421480877449,0.989669368953255,False
NOTO,NOTO,other,Micro,-0.0769658297857837,0.658407800469799,0.989669368953255,False
OTX1,OTX1,homeobox-other,Micro,0.0752595021529274,0.313526542711478,0.989669368953255,False
PDX1,PDX1,other,Micro,0.0140706021509266,0.915635172876456,0.989669368953255,False
PHOX2A,PHOX2A,other,Micro,0.0663053489779151,0.636247629493123,0.989669368953255,False
PITX3,PITX3,other,Micro,-0.0757416588776171,0.545358496584455,0.989669368953255,False
PROP1,PROP1,other,Micro,0.101043415248332,0.44726673624895,0.989669368953255,False
PRRX1,PRRX1,other,Micro,-0.0589862071802929,0.717153774321104,0.989669368953255,False
RAX2,RAX2,homeobox-other,Micro,-0.0589862071802929,0.717153774321104,0.989669368953255,False
RAX,RAX,homeobox-other,Micro,-0.0531113724577984,0.68055093232321,0.989669368953255,False
RHOXF1,RHOXF1,other,Micro,0.0903970429769315,0.32346294926184,0.989669368953255,False
UNCX,UNCX,other,Micro,-0.0498548450289438,0.763812940837654,0.989669368953255,False
VAX1,VAX1,homeobox-other,Micro,0.0426269658074502,0.699314172089269,0.989669368953255,False
VAX2,VAX2,homeobox-other,Micro,0.0426269658074502,0.699314172089269,0.989669368953255,False
VENTX,VENTX,other,Micro,-0.0384973699687122,0.442568979071418,0.989669368953255,False
VSX1,VSX1,homeobox-other,Micro,-0.0205052005395465,0.883487871745686,0.989669368953255,False
VSX2,VSX2,homeobox-other,Micro,-0.0205052005395465,0.883487871745686,0.989669368953255,False
ESR1,ESR1,NR,Micro,0.052973845824698,0.691537003483301,0.989669368953255,False
ESRRB,ESRRB,NR,Micro,0.0061494385085064,0.945977568441918,0.989669368953255,False
NR2F1,NR2F1,NR,Micro,0.10007852912624,0.592255974332711,0.989669368953255,False
NR3C1,NR3C1,NR,Micro,0.0831113131263633,0.661920142770924,0.989669368953255,False
NR3C2,NR3C2,NR,Micro,0.0901270678216788,0.625609340413198,0.989669368953255,False
RARA,RARA,NR,Micro,0.282388690506193,0.249272102566558,0.989669368953255,False
RARA(var.2),RARA,NR,Micro,0.0717522476501481,0.542078669736805,0.989669368953255,False
BCL6B,BCL6B,other,Micro,-0.037183668837159,0.669108368477545,0.989669368953255,False
EGR2,EGR2,EGR-WT1,Micro,0.148745426560703,0.3433994229824,0.989669368953255,False
EGR3,EGR3,EGR-WT1,Micro,0.0356486387412344,0.803491011267339,0.989669368953255,False
EGR4,EGR4,EGR-WT1,Micro,-0.0597343817575382,0.61937771299393,0.989669368953255,False
GLIS1,GLIS1,other,Micro,0.215522707864578,0.0969522441618878,0.989669368953255,False
GLIS2,GLIS2,other,Micro,0.075955445213708,0.346723538469164,0.989669368953255,False
GLIS3,GLIS3,other,Micro,0.0401891099902647,0.643136255159754,0.989669368953255,False
HIC2,HIC2,other,Micro,-0.0643549631130936,0.724442856302544,0.989669368953255,False
KLF14,KLF14,KLF-SP,Micro,0.0234434709248317,0.919651070336486,0.989669368953255,False
KLF16,KLF16,KLF-SP,Micro,0.0961003522712711,0.471575289366841,0.989669368953255,False
SP8,SP8,KLF-SP,Micro,0.0182326753313666,0.884132430344593,0.989669368953255,False
ZBED1,ZBED1,other,Micro,-0.0302378690624584,0.657791095209982,0.989669368953255,False
ZIC4,ZIC4,other,Micro,0.0903910016099646,0.278315694403264,0.989669368953255,False
ZNF143,ZNF143,ZNF-KRAB,Micro,-0.0658185892694336,0.63620097481737,0.989669368953255,False
ZNF410,ZNF410,ZNF-KRAB,Micro,0.0832453118929417,0.541485343252774,0.989669368953255,False
CUX1,CUX1,other,Micro,-0.0877627709544183,0.130405594842245,0.989669368953255,False
CUX2,CUX2,other,Micro,-0.0495417603409326,0.488034579950738,0.989669368953255,False
ONECUT2,ONECUT2,other,Micro,0.137732732252713,0.21202576109047,0.989669368953255,False
ONECUT3,ONECUT3,other,Micro,0.182158851039333,0.104584525933292,0.989669368953255,False
E2F7,E2F7,E2F-DP,Micro,-0.007419649895943,0.930599449914377,0.989669368953255,False
ELK3,ELK3,ETS,Micro,0.166737487316646,0.768503213208983,0.989669368953255,False
ERF,ERF,other,Micro,0.221609462241032,0.704742699663411,0.989669368953255,False
ERG,ERG,ETS,Micro,0.215107056598392,0.705724548208435,0.989669368953255,False
ETS1,ETS1,ETS,Micro,0.20689316158838,0.715853721159107,0.989669368953255,False
ETV2,ETV2,ETS,Micro,0.228786871254416,0.689064268104449,0.989669368953255,False
ETV3,ETV3,ETS,Micro,0.102165721597357,0.833271212648844,0.989669368953255,False
FEV,FEV,ETS,Micro,0.139632856720766,0.794521959870864,0.989669368953255,False
GCM2,GCM2,other,Micro,0.0818469117116958,0.313390683003371,0.989669368953255,False
LEF1,LEF1,TCF-LEF,Micro,0.0392303900200373,0.747747044853893,0.989669368953255,False
HSF2,HSF2,other,Micro,0.119138701006578,0.269658736753884,0.989669368953255,False
HSF4,HSF4,other,Micro,0.143765717531147,0.305822764069519,0.989669368953255,False
IRF7,IRF7,IRF,Micro,0.212045742414884,0.388899698063694,0.989669368953255,False
MEF2D,MEF2D,other,Micro,0.119963330866614,0.661045445089676,0.989669368953255,False
MEIS1,MEIS1,homeobox-other,Micro,-0.0730375945112279,0.535607542137646,0.989669368953255,False
MEIS2,MEIS2,homeobox-other,Micro,-0.0006661766454881,0.995788248228363,0.995788248228363,False
MEIS3,MEIS3,homeobox-other,Micro,-0.0374416161304684,0.772073634641446,0.989669368953255,False
MYBL1,MYBL1,other,Micro,0.187787333609194,0.304417530349333,0.989669368953255,False
MYBL2,MYBL2,other,Micro,0.0748130295962854,0.323225952210902,0.989669368953255,False
NFKB1,NFKB1,NFKB-REL,Micro,0.158772552472179,0.241208118330272,0.989669368953255,False
NFKB2,NFKB2,NFKB-REL,Micro,0.151723197907254,0.162126139055149,0.989669368953255,False
PAX1,PAX1,homeobox-other,Micro,0.0680853488623423,0.319823740401229,0.989669368953255,False
PAX3,PAX3,homeobox-other,Micro,0.0581534829914384,0.401897143840763,0.989669368953255,False
PAX9,PAX9,homeobox-other,Micro,0.0859995576612086,0.344139689356545,0.989669368953255,False
PKNOX2,PKNOX2,homeobox-other,Micro,-0.0980485485025692,0.657571007475802,0.989669368953255,False
POU1F1,POU1F1,homeobox-other,Micro,0.0548191163411501,0.711971784978531,0.989669368953255,False
POU2F1,POU2F1,homeobox-other,Micro,0.0252724685375981,0.830456948183734,0.989669368953255,False
POU3F1,POU3F1,homeobox-other,Micro,0.0430984895812602,0.736837291887256,0.989669368953255,False
POU3F2,POU3F2,homeobox-other,Micro,0.0800500415350336,0.5547176314886,0.989669368953255,False
POU3F3,POU3F3,homeobox-other,Micro,0.0406596374768091,0.814030928667883,0.989669368953255,False
POU3F4,POU3F4,homeobox-other,Micro,0.0269769069624297,0.838371029310302,0.989669368953255,False
POU4F1,POU4F1,homeobox-other,Micro,0.0268828097939494,0.877836210913976,0.989669368953255,False
POU4F3,POU4F3,homeobox-other,Micro,0.0253231934194389,0.894238711053761,0.989669368953255,False
POU5F1B,POU5F1B,homeobox-other,Micro,-0.0456856135702524,0.769811938485066,0.989669368953255,False
POU6F2,POU6F2,homeobox-other,Micro,-0.0380895804970499,0.813719665349816,0.989669368953255,False
PROX1,PROX1,homeobox-other,Micro,0.132041672573941,0.364795454666418,0.989669368953255,False
RFX2,RFX2,RFX,Micro,-0.148918113895145,0.498616478754857,0.989669368953255,False
SMAD3,SMAD3,SMAD,Micro,0.1484463871091,0.367315753482745,0.989669368953255,False
TGIF1,TGIF1,other,Micro,-0.0045299848409383,0.977380125391975,0.990555038496084,False
TGIF2,TGIF2,other,Micro,0.0042888297912167,0.976882137755255,0.990555038496084,False
RFX4,RFX4,RFX,Micro,-0.133149669342958,0.466727421597092,0.989669368953255,False
RFX5,RFX5,RFX,Micro,-0.0923039332529902,0.66303499995701,0.989669368953255,False
RUNX2,RUNX2,RUNX,Micro,0.0964467457024965,0.633771383949721,0.989669368953255,False
EOMES,EOMES,other,Micro,0.0348771820151647,0.70713899968939,0.989669368953255,False
MGA,MGA,other,Micro,0.0357831364362036,0.682209260019697,0.989669368953255,False
TBR1,TBR1,other,Micro,-0.0146716984831095,0.850322555041734,0.989669368953255,False
TBX15,TBX15,other,Micro,0.0357831364362036,0.682209260019697,0.989669368953255,False
TBX19,TBX19,other,Micro,-0.0449255177592708,0.489906330907481,0.989669368953255,False
TBX1,TBX1,other,Micro,0.0140883320696499,0.881630833656638,0.989669368953255,False
TBX4,TBX4,other,Micro,-0.0044317511274154,0.952535660524573,0.989669368953255,False
TBX5,TBX5,other,Micro,-0.0044317511274154,0.952535660524573,0.989669368953255,False
TEAD3,TEAD3,TEAD,Micro,-0.0839814707214872,0.695850132827791,0.989669368953255,False
TFAP2A(var.2),TFAP2A,other,Micro,0.0521091705664934,0.671771647487353,0.989669368953255,False
TFAP2B,TFAP2B,other,Micro,-0.0119421095607309,0.927076121802956,0.989669368953255,False
TFAP2B(var.2),TFAP2B,other,Micro,0.112130321099799,0.240027121725481,0.989669368953255,False
TFAP2B(var.3),TFAP2B,other,Micro,0.086981511857907,0.332757318642147,0.989669368953255,False
TFAP2C,TFAP2C,other,Micro,0.0426542149087228,0.753982580933279,0.989669368953255,False
TFAP2C(var.3),TFAP2C,other,Micro,0.0533829446619628,0.543122202641996,0.989669368953255,False
BHLHE40,BHLHE40,bHLH-neural,Micro,0.0609785692366737,0.600956328460872,0.989669368953255,False
BHLHE23,BHLHE23,bHLH-neural,Micro,0.095353430047824,0.426625868901315,0.989669368953255,False
BHLHE22,BHLHE22,bHLH-neural,Micro,0.0497786063414231,0.672299267728361,0.989669368953255,False
CLOCK,CLOCK,bHLH-other,Micro,-0.0431066097568273,0.411908386109504,0.989669368953255,False
FIGLA,FIGLA,other,Micro,0.0957909587446653,0.349596286861034,0.989669368953255,False
HES5,HES5,bHLH-neural,Micro,0.0150670001981718,0.817889452239131,0.989669368953255,False
HES7,HES7,bHLH-neural,Micro,0.0622214639058891,0.424741102791037,0.989669368953255,False
HEY1,HEY1,bHLH-neural,Micro,-0.0316743700793334,0.710447409307912,0.989669368953255,False
MAX,MAX,bHLH-other,Micro,-0.038183344680458,0.760237536419106,0.989669368953255,False
MNT,MNT,bHLH-other,Micro,-0.0840546378564442,0.552289764135895,0.989669368953255,False
OLIG1,OLIG1,bHLH-neural,Micro,0.094747672364117,0.505099338683138,0.989669368953255,False
OLIG3,OLIG3,bHLH-neural,Micro,0.0180015894284866,0.863864772981606,0.989669368953255,False
SREBF2(var.2),SREBF2,bHLH-other,Micro,0.0077182208008083,0.962759928160256,0.990555038496084,False
ATF7,ATF7,other,Micro,-0.0044692976556953,0.977417611549642,0.990555038496084,False
CEBPB,CEBPB,CEBP,Micro,0.123137670693563,0.697144947947943,0.989669368953255,False
CEBPE,CEBPE,CEBP,Micro,0.167125748441013,0.589329875819909,0.989669368953255,False
CEBPG,CEBPG,CEBP,Micro,0.10675500086782,0.778083645916693,0.989669368953255,False
CREB3L1,CREB3L1,other,Micro,-0.0443382022486527,0.640523288266544,0.989669368953255,False
NFE2,NFE2,other,Micro,0.124057082256261,0.258162639073458,0.989669368953255,False
TEF,TEF,other,Micro,-0.136824792145115,0.27825737367489,0.989669368953255,False
XBP1,XBP1,other,Micro,0.061989406553706,0.634199243601328,0.989669368953255,False
FOXB1,FOXB1,FOX,Micro,0.0479395253152584,0.620072839426561,0.989669368953255,False
FOXC1,FOXC1,FOX,Micro,0.123764231695585,0.306427258351009,0.989669368953255,False
FOXC2,FOXC2,FOX,Micro,0.0603599395199031,0.635809247729216,0.989669368953255,False
FOXO4,FOXO4,FOX,Micro,-0.0520511558348414,0.799187499220312,0.989669368953255,False
FOXO6,FOXO6,FOX,Micro,-0.0520511558348414,0.799187499220312,0.989669368953255,False
FOXP3,FOXP3,FOX,Micro,-0.0520511558348414,0.799187499220312,0.989669368953255,False
RXRB,RXRB,NR,Micro,0.0808021897543661,0.598779542789983,0.989669368953255,False
RXRG,RXRG,NR,Micro,0.176712420606915,0.3087848790865,0.989669368953255,False
TP63,TP63,TP53fam,Micro,0.163141909359496,0.0343757016412489,0.989669368953255,True
TP53,TP53,TP53fam,Micro,0.0549669795735292,0.378505047197009,0.989669368953255,False
TP73,TP73,TP53fam,Micro,0.21489533346814,0.0416746088026931,0.989669368953255,True
GMEB2,GMEB2,other,Micro,-0.154994541828003,0.370988994366514,0.989669368953255,False
MTF1,MTF1,other,Micro,0.114070394568436,0.302860289097508,0.989669368953255,False
E2F1,E2F1,E2F-DP,Micro,0.0500121507895813,0.663710811991749,0.989669368953255,False
E2F8,E2F8,E2F-DP,Micro,0.0427772260808015,0.663132773843233,0.989669368953255,False
SOX21,SOX21,SOX,Micro,-0.0565068614147047,0.634787560157142,0.989669368953255,False
TFAP2A(var.3),TFAP2A,other,Micro,0.068164063922091,0.450944695037155,0.989669368953255,False
ELK1,ELK1,ETS,Micro,0.115923528386772,0.805851397902307,0.989669368953255,False
HOXD12,HOXD12,HOX,Micro,0.0625877545035368,0.399692931620191,0.989669368953255,False
BARX1,BARX1,other,Micro,0.0386697580023952,0.735123645738435,0.989669368953255,False
BSX,BSX,other,Micro,-0.0669711145854967,0.605428307343902,0.989669368953255,False
DLX6,DLX6,homeobox-other,Micro,-0.0365704852368061,0.743520014394949,0.989669368953255,False
DUXA,DUXA,other,Micro,-0.098406890741664,0.463425567801239,0.989669368953255,False
EMX2,EMX2,homeobox-other,Micro,0.0190480680527749,0.896551909736618,0.989669368953255,False
EVX1,EVX1,other,Micro,0.0165089823750811,0.911842757561089,0.989669368953255,False
EVX2,EVX2,other,Micro,0.0274032782654842,0.846413008663813,0.989669368953255,False
GBX1,GBX1,homeobox-other,Micro,0.0321689004735516,0.809043844903937,0.989669368953255,False
GBX2,GBX2,homeobox-other,Micro,0.122042559590645,0.386071175676288,0.989669368953255,False
GSC2,GSC2,other,Micro,0.0486635738131697,0.651604327258532,0.989669368953255,False
GSX1,GSX1,homeobox-other,Micro,-0.0767310248846297,0.696963085070798,0.989669368953255,False
HESX1,HESX1,other,Micro,-0.10254759251115,0.508153817596027,0.989669368953255,False
HMBOX1,HMBOX1,other,Micro,0.0134012901510233,0.851643873742907,0.989669368953255,False
HOXA10,HOXA10,HOX,Micro,0.202625216215982,0.0830078728680754,0.989669368953255,False
HOXB3,HOXB3,HOX,Micro,0.0258066981210163,0.865584092658729,0.989669368953255,False
HOXC10,HOXC10,HOX,Micro,0.0787626079753735,0.33643408047462,0.989669368953255,False
HOXC12,HOXC12,HOX,Micro,0.0214348379148429,0.848422678436844,0.989669368953255,False
HOXC13,HOXC13,HOX,Micro,0.104312346144735,0.273403476347173,0.989669368953255,False
HOXD11,HOXD11,HOX,Micro,0.0963811891004357,0.330038290015226,0.989669368953255,False
ISL2,ISL2,other,Micro,0.0395885415880746,0.617003102940112,0.989669368953255,False
FOXK1,FOXK1,FOX,Micro,-0.0236295433806241,0.898734172745137,0.989669368953255,False
GATA2,GATA2,GATA,Micro,-0.0860026033144653,0.323661517811644,0.989669368953255,False
HIF1A,HIF1A,bHLH-other,Micro,0.0710660910394712,0.396577316693146,0.989669368953255,False
MYC,MYC,bHLH-other,Micro,-0.0516777513755854,0.745604388745474,0.989669368953255,False
MYB,MYB,other,Micro,-0.0881796226430363,0.37348279992502,0.989669368953255,False
MYCN,MYCN,bHLH-other,Micro,0.0695670999562621,0.602788691306712,0.989669368953255,False
NEUROD1,NEUROD1,bHLH-neural,Micro,-0.12664423952863,0.693986413967559,0.989669368953255,False
NFIC,NFIC,other,Micro,-0.0988216716157659,0.790627613937435,0.989669368953255,False
NFYA,NFYA,other,Micro,0.110339515092699,0.596048105931321,0.989669368953255,False
NR1H4,NR1H4,NR,Micro,-0.0276827712233078,0.750098137696691,0.989669368953255,False
NR2F2,NR2F2,NR,Micro,0.085114295698667,0.381206459311045,0.989669368953255,False
PAX5,PAX5,homeobox-other,Micro,0.279807606336371,0.115536264913786,0.989669368953255,False
PBX3,PBX3,homeobox-other,Micro,0.049998466710002,0.652613794694324,0.989669368953255,False
POU5F1,POU5F1,homeobox-other,Micro,-0.0374069805576322,0.760131621171296,0.989669368953255,False
RBPJ,RBPJ,other,Micro,-0.0629921152127241,0.755076097803592,0.989669368953255,False
RELB,RELB,NFKB-REL,Micro,0.0290171823552877,0.789347285448937,0.989669368953255,False
SIX1,SIX1,homeobox-other,Micro,-0.072185641572422,0.43561406222369,0.989669368953255,False
SIX2,SIX2,homeobox-other,Micro,0.0799164594080213,0.470549873948051,0.989669368953255,False
SOX10,SOX10,SOX,Micro,-0.132582667906599,0.611959883515203,0.989669368953255,False
SOX13,SOX13,SOX,Micro,-0.268001212923011,0.406951947720206,0.989669368953255,False
TEAD2,TEAD2,TEAD,Micro,-0.0991971282747826,0.6215690306983,0.989669368953255,False
TFDP1,TFDP1,E2F-DP,Micro,0.0963522596517368,0.553077919046568,0.989669368953255,False
ZBTB7A,ZBTB7A,ZBTB,Micro,0.134463552001831,0.788873558176623,0.989669368953255,False
ZEB1,ZEB1,other,Micro,0.15127087331655,0.348515312392753,0.989669368953255,False
ZNF24,ZNF24,ZNF-KRAB,Micro,0.0291960323085763,0.845260816897595,0.989669368953255,False
ZNF384,ZNF384,ZNF-KRAB,Micro,0.309424121384216,0.350228190715876,0.989669368953255,False
ZNF282,ZNF282,ZNF-KRAB,Micro,0.0831067668633867,0.390116168577383,0.989669368953255,False
ZSCAN4,ZSCAN4,ZNF-KRAB,Micro,0.0222122751404894,0.91905692764173,0.989669368953255,False
GATA3,GATA3,GATA,Micro,-0.0785541771561936,0.336790573686731,0.989669368953255,False
FOS::JUN,FOS,AP-1,Micro,0.0593316098126762,0.731134307170332,0.989669368953255,False
FOS::JUN,JUN,AP-1,Micro,0.0593316098126762,0.731134307170332,0.989669368953255,False
FOS::JUN(var.2),FOS,AP-1,Micro,-0.108377857399555,0.412598858442182,0.989669368953255,False
FOS::JUN(var.2),JUN,AP-1,Micro,-0.108377857399555,0.412598858442182,0.989669368953255,False
FOSB::JUN,FOSB,AP-1,Micro,-0.0220102685630877,0.885375777092919,0.989669368953255,False
FOSB::JUN,JUN,AP-1,Micro,-0.0220102685630877,0.885375777092919,0.989669368953255,False
FOSL1::JUN,FOSL1,AP-1,Micro,0.0543195841772406,0.771562795812346,0.989669368953255,False
FOSL1::JUN,JUN,AP-1,Micro,0.0543195841772406,0.771562795812346,0.989669368953255,False
FOSL1::JUN(var.2),FOSL1,AP-1,Micro,0.0195051574092138,0.900221549414784,0.989669368953255,False
FOSL1::JUN(var.2),JUN,AP-1,Micro,0.0195051574092138,0.900221549414784,0.989669368953255,False
FOSL2::JUN,FOSL2,AP-1,Micro,0.0296004952126328,0.872146563758247,0.989669368953255,False
FOSL2::JUN,JUN,AP-1,Micro,0.0296004952126328,0.872146563758247,0.989669368953255,False
FOSL2::JUN(var.2),FOSL2,AP-1,Micro,-0.0868355073920534,0.555166353614645,0.989669368953255,False
FOSL2::JUN(var.2),JUN,AP-1,Micro,-0.0868355073920534,0.555166353614645,0.989669368953255,False
JUN::JUNB,JUN,AP-1,Micro,0.0698663980806803,0.654366776939516,0.989669368953255,False
JUN::JUNB,JUNB,AP-1,Micro,0.0698663980806803,0.654366776939516,0.989669368953255,False
JUN::JUNB(var.2),JUN,AP-1,Micro,-0.0324738468039976,0.829080434419589,0.989669368953255,False
JUN::JUNB(var.2),JUNB,AP-1,Micro,-0.0324738468039976,0.829080434419589,0.989669368953255,False
FOS::JUNB,FOS,AP-1,Micro,0.0539681618216195,0.74613337346827,0.989669368953255,False
FOS::JUNB,JUNB,AP-1,Micro,0.0539681618216195,0.74613337346827,0.989669368953255,False
FOSB::JUNB,FOSB,AP-1,Micro,0.0730972311012434,0.658832973462781,0.989669368953255,False
FOSB::JUNB,JUNB,AP-1,Micro,0.0730972311012434,0.658832973462781,0.989669368953255,False
FOSB::JUNB(var.2),FOSB,AP-1,Micro,0.0290311453861233,0.84168238232772,0.989669368953255,False
FOSB::JUNB(var.2),JUNB,AP-1,Micro,0.0290311453861233,0.84168238232772,0.989669368953255,False
FOSL1::JUNB,FOSL1,AP-1,Micro,0.0622673992563516,0.691950441205536,0.989669368953255,False
FOSL1::JUNB,JUNB,AP-1,Micro,0.0622673992563516,0.691950441205536,0.989669368953255,False
FOSL2::JUNB,FOSL2,AP-1,Micro,0.0876855860782077,0.581072536337836,0.989669368953255,False
FOSL2::JUNB,JUNB,AP-1,Micro,0.0876855860782077,0.581072536337836,0.989669368953255,False
FOSL2::JUNB(var.2),FOSL2,AP-1,Micro,0.0243506736831911,0.859949326677605,0.989669368953255,False
FOSL2::JUNB(var.2),JUNB,AP-1,Micro,0.0243506736831911,0.859949326677605,0.989669368953255,False
FOS::JUND,FOS,AP-1,Micro,0.0379526245334838,0.84188172004172,0.989669368953255,False
FOS::JUND,JUND,AP-1,Micro,0.0379526245334838,0.84188172004172,0.989669368953255,False
FOSL1::JUND,FOSL1,AP-1,Micro,0.0618079742864294,0.677023063511412,0.989669368953255,False
FOSL1::JUND,JUND,AP-1,Micro,0.0618079742864294,0.677023063511412,0.989669368953255,False
FOSL1::JUND(var.2),FOSL1,AP-1,Micro,0.0166009472941895,0.932378392110587,0.989669368953255,False
FOSL1::JUND(var.2),JUND,AP-1,Micro,0.0166009472941895,0.932378392110587,0.989669368953255,False
FOSL2::JUND,FOSL2,AP-1,Micro,0.0270530681661581,0.873440774209433,0.989669368953255,False
FOSL2::JUND,JUND,AP-1,Micro,0.0270530681661581,0.873440774209433,0.989669368953255,False
FOSL2::JUND(var.2),FOSL2,AP-1,Micro,0.0302563586572654,0.809139838147183,0.989669368953255,False
FOSL2::JUND(var.2),JUND,AP-1,Micro,0.0302563586572654,0.809139838147183,0.989669368953255,False
NR1H4::RXRA,NR1H4,NR,Micro,0.022680723797368,0.819824594302949,0.989669368953255,False
NR1H4::RXRA,RXRA,NR,Micro,0.022680723797368,0.819824594302949,0.989669368953255,False
NR4A2::RXRA,NR4A2,NR,Micro,0.0885010528963495,0.251514514913788,0.989669368953255,False
NR4A2::RXRA,RXRA,NR,Micro,0.0885010528963495,0.251514514913788,0.989669368953255,False
PPARA::RXRA,PPARA,NR,Micro,0.0890792508700802,0.453542243282531,0.989669368953255,False
PPARA::RXRA,RXRA,NR,Micro,0.0890792508700802,0.453542243282531,0.989669368953255,False
RARA::RXRG,RARA,NR,Micro,0.0290048879964129,0.824908834481347,0.989669368953255,False
RARA::RXRG,RXRG,NR,Micro,0.0290048879964129,0.824908834481347,0.989669368953255,False
RORB,RORB,NR,Micro,0.015928996962869,0.906582499100573,0.989669368953255,False
RORC,RORC,NR,Micro,0.0860696002897588,0.539237265513989,0.989669368953255,False
SOX15,SOX15,SOX,Micro,0.0415410704709219,0.81752945737018,0.989669368953255,False
TFE3,TFE3,bHLH-other,Micro,0.138514523909789,0.406480687656116,0.989669368953255,False
VDR,VDR,NR,Micro,0.0416556478445704,0.545029722759064,0.989669368953255,False
IRF3,IRF3,IRF,Micro,0.280545901037189,0.505983015386757,0.989669368953255,False
IRF4,IRF4,IRF,Micro,0.255225903890776,0.498811774223505,0.989669368953255,False
IRF5,IRF5,IRF,Micro,0.0874188190392209,0.718313237090676,0.989669368953255,False
TCF7L1,TCF7L1,TCF-LEF,Micro,-0.0067971187558825,0.947723914363935,0.989669368953255,False
ARGFX,ARGFX,other,Micro,-0.0637819277559969,0.657235116018211,0.989669368953255,False
ARNT2,ARNT2,bHLH-other,Micro,0.0886955038277863,0.514105593596617,0.989669368953255,False
ATF6,ATF6,other,Micro,-0.0067337918489447,0.944878273936973,0.989669368953255,False
ATOH1(var.2),ATOH1,bHLH-neural,Micro,-0.183449988025943,0.507979507593136,0.989669368953255,False
ATOH7,ATOH7,bHLH-neural,Micro,-0.0588445696685688,0.528449304873886,0.989669368953255,False
BACH2,BACH2,other,Micro,0.0235523662597554,0.875999781260042,0.989669368953255,False
BACH2(var.2),BACH2,other,Micro,-0.0306443445681825,0.608300383183357,0.989669368953255,False
BARX2,BARX2,other,Micro,-0.0205268743090848,0.845294035242953,0.989669368953255,False
BHLHA15(var.2),BHLHA15,bHLH-neural,Micro,-0.0730386434335392,0.794557882652673,0.989669368953255,False
CDX4,CDX4,other,Micro,0.17611223779797,0.11002113494759,0.989669368953255,False
CREB3L4,CREB3L4,other,Micro,0.0464454541651262,0.636341946113166,0.989669368953255,False
CREB3L4(var.2),CREB3L4,other,Micro,0.0563503944614856,0.747288598497327,0.989669368953255,False
DLX5,DLX5,homeobox-other,Micro,-0.0376815055050498,0.811817643274044,0.989669368953255,False
DMRTA2,DMRTA2,other,Micro,0.0388760469691243,0.541075416930588,0.989669368953255,False
DMRTC2,DMRTC2,other,Micro,0.0855515834426994,0.171613938360366,0.989669368953255,False
DPRX,DPRX,other,Micro,0.0315248442112149,0.714129942148715,0.989669368953255,False
DRGX,DRGX,other,Micro,0.0426269658074502,0.699314172089269,0.989669368953255,False
ELF2,ELF2,ETS,Micro,0.210276194527409,0.704592111794405,0.989669368953255,False
ETS2,ETS2,ETS,Micro,0.256813707846324,0.650881407883644,0.989669368953255,False
FERD3L,FERD3L,bHLH-neural,Micro,-0.168729129326989,0.443853113388087,0.989669368953255,False
FOXE1,FOXE1,FOX,Micro,0.0112834256705508,0.943855978957277,0.989669368953255,False
FOXN3,FOXN3,FOX,Micro,0.133062394400302,0.335074622066457,0.989669368953255,False
GLI3,GLI3,other,Micro,0.0906957901566464,0.435881813256635,0.989669368953255,False
HES6,HES6,bHLH-neural,Micro,-0.0138485139945864,0.821890947341551,0.989669368953255,False
HNF4A(var.2),HNF4A,NR,Micro,0.193180503753495,0.202308585893686,0.989669368953255,False
HOXA1,HOXA1,HOX,Micro,-0.0507891195709555,0.711200061633051,0.989669368953255,False
HOXA4,HOXA4,HOX,Micro,0.0768691991059965,0.399508944479853,0.989669368953255,False
HOXA6,HOXA6,HOX,Micro,0.0337025715222573,0.782282400572526,0.989669368953255,False
HOXA7,HOXA7,HOX,Micro,-0.127422372549487,0.343771536891127,0.989669368953255,False
HOXB4,HOXB4,HOX,Micro,-0.0675417047136031,0.656775639396813,0.989669368953255,False
HOXB6,HOXB6,HOX,Micro,0.170661404471874,0.148657796975924,0.989669368953255,False
HOXB7,HOXB7,HOX,Micro,0.114998473323659,0.396519673219979,0.989669368953255,False
HOXB8,HOXB8,HOX,Micro,-0.04731592825934,0.702779426701351,0.989669368953255,False
HOXB9,HOXB9,HOX,Micro,0.0962021592931564,0.238219914510323,0.989669368953255,False
HOXC4,HOXC4,HOX,Micro,-0.0324694020702915,0.785904270616691,0.989669368953255,False
HOXC8,HOXC8,HOX,Micro,0.0282131118055179,0.728095863411308,0.989669368953255,False
HOXD10,HOXD10,HOX,Micro,0.0948881542437907,0.321406548396971,0.989669368953255,False
HOXD4,HOXD4,HOX,Micro,-0.100095371179665,0.57169245382023,0.989669368953255,False
IKZF1,IKZF1,other,Micro,0.378883794225539,0.609044461114778,0.989669368953255,False
IRF6,IRF6,IRF,Micro,0.0104053321898622,0.959479654145716,0.990555038496084,False
KLF10,KLF10,KLF-SP,Micro,-0.0039916247150879,0.97949215572164,0.990555038496084,False
KLF11,KLF11,KLF-SP,Micro,-0.0291060324397714,0.853758244273086,0.989669368953255,False
KLF15,KLF15,KLF-SP,Micro,0.0899804156149258,0.641788381045242,0.989669368953255,False
KLF17,KLF17,KLF-SP,Micro,0.0692316253599834,0.539996469104585,0.989669368953255,False
KLF2,KLF2,KLF-SP,Micro,0.046737826883793,0.800487414562127,0.989669368953255,False
KLF3,KLF3,KLF-SP,Micro,0.0895660821067206,0.639469765888369,0.989669368953255,False
KLF6,KLF6,KLF-SP,Micro,-0.0302062063745621,0.891765669709882,0.989669368953255,False
LHX1,LHX1,homeobox-other,Micro,0.0097296643296501,0.94439742452248,0.989669368953255,False
LHX5,LHX5,homeobox-other,Micro,0.0320696406018717,0.810775031242315,0.989669368953255,False
MAF,MAF,other,Micro,-0.0839416670450604,0.285581862120352,0.989669368953255,False
MAFA,MAFA,other,Micro,-0.0833496881168554,0.289896899539383,0.989669368953255,False
MAZ,MAZ,other,Micro,0.005190094413445,0.964069949312877,0.990555038496084,False
MSANTD3,MSANTD3,other,Micro,0.0931366025816944,0.367983662206668,0.989669368953255,False
MSGN1,MSGN1,other,Micro,0.0443879313596573,0.762688445917001,0.989669368953255,False
NFATC4,NFATC4,other,Micro,0.13481587784737,0.393046879129395,0.989669368953255,False
NFIC(var.2),NFIC,other,Micro,0.0747279649263457,0.768160460701902,0.989669368953255,False
NFIX(var.2),NFIX,other,Micro,0.133188519791549,0.632054609235909,0.989669368953255,False
NHLH2,NHLH2,bHLH-neural,Micro,-0.0545589023237899,0.803305439909065,0.989669368953255,False
NKX6-3,NKX6-3,homeobox-other,Micro,0.0460734270167176,0.682847894790499,0.989669368953255,False
NR1D1,NR1D1,NR,Micro,0.138067373953798,0.3869279499439,0.989669368953255,False
NR1D2,NR1D2,NR,Micro,0.0840357959907746,0.528223882676234,0.989669368953255,False
NR1I2,NR1I2,NR,Micro,0.0542240905975974,0.512941394525984,0.989669368953255,False
NR1I3,NR1I3,NR,Micro,0.171060652970056,0.0840056011069104,0.989669368953255,False
NR2C1,NR2C1,NR,Micro,0.0477103032937177,0.609192453974379,0.989669368953255,False
NR2C2(var.2),NR2C2,NR,Micro,0.0628279799464997,0.46154779099238,0.989669368953255,False
NR2F1(var.2),NR2F1,NR,Micro,0.0910222302921594,0.434968747345838,0.989669368953255,False
NR2F1(var.3),NR2F1,NR,Micro,0.056091816924208,0.523129857087336,0.989669368953255,False
NR2F6(var.3),NR2F6,NR,Micro,0.0588645805381705,0.478765542138668,0.989669368953255,False
NR5A1,NR5A1,NR,Micro,0.104176293717832,0.472883323714941,0.989669368953255,False
NR6A1,NR6A1,NR,Micro,0.0208638841204781,0.766913590859589,0.989669368953255,False
OSR1,OSR1,other,Micro,0.0069816873789382,0.934833808918964,0.989669368953255,False
OVOL1,OVOL1,other,Micro,-0.0255014987022048,0.79448799296385,0.989669368953255,False
OVOL2,OVOL2,other,Micro,0.0085966790251976,0.926087122469138,0.989669368953255,False
PAX3(var.2),PAX3,homeobox-other,Micro,0.0958804072414834,0.306873913336886,0.989669368953255,False
PITX2,PITX2,other,Micro,-0.0098629917056472,0.908344027340693,0.989669368953255,False
PLAGL2,PLAGL2,other,Micro,0.020460191877333,0.826664736521696,0.989669368953255,False
POU6F1(var.2),POU6F1,homeobox-other,Micro,-0.0707113007564235,0.672941277413826,0.989669368953255,False
PPARD,PPARD,NR,Micro,0.157980175275984,0.26205344251486,0.989669368953255,False
RARB(var.3),RARB,NR,Micro,0.135428012642997,0.24681862864364,0.989669368953255,False
RARG(var.3),RARG,NR,Micro,0.17685181783456,0.179022340713977,0.989669368953255,False
RFX7,RFX7,RFX,Micro,-0.0170673130516946,0.812227128451566,0.989669368953255,False
RXRB(var.2),RXRB,NR,Micro,0.115148668441982,0.412602503652693,0.989669368953255,False
RXRG(var.2),RXRG,NR,Micro,0.173583969462499,0.277223707448832,0.989669368953255,False
SMAD5,SMAD5,SMAD,Micro,0.12681253324603,0.323177841160991,0.989669368953255,False
SNAI1,SNAI1,other,Micro,0.003820302049009,0.97960103333104,0.990555038496084,False
SNAI3,SNAI3,other,Micro,0.0217250932679933,0.859663214312407,0.989669368953255,False
SOHLH2,SOHLH2,other,Micro,-0.154626912008363,0.382107319705033,0.989669368953255,False
SOX12,SOX12,SOX,Micro,0.0483905736816749,0.805808264299793,0.989669368953255,False
SOX14,SOX14,SOX,Micro,-0.19734416828698,0.487479105482303,0.989669368953255,False
SOX18,SOX18,SOX,Micro,-0.187117753195345,0.481060450211523,0.989669368953255,False
SP9,SP9,KLF-SP,Micro,0.0146254728979247,0.935195431007646,0.989669368953255,False
TBX18,TBX18,other,Micro,0.0179587210193661,0.881313291773189,0.989669368953255,False
TBX3,TBX3,other,Micro,-0.0046087571455769,0.958268827350671,0.990555038496084,False
TBX6,TBX6,other,Micro,0.0109563095798058,0.89579716506418,0.989669368953255,False
TCF21(var.2),TCF21,other,Micro,-0.0103685308127459,0.92457144448077,0.989669368953255,False
TFAP2E,TFAP2E,other,Micro,0.0980684814172981,0.318934211630789,0.989669368953255,False
TFAP4(var.2),TFAP4,other,Micro,-0.032325786869345,0.56214706015717,0.989669368953255,False
TGIF2LX,TGIF2LX,other,Micro,-0.0414657991249116,0.747190112304605,0.989669368953255,False
TGIF2LY,TGIF2LY,other,Micro,0.0146136031609634,0.895162010849332,0.989669368953255,False
THAP11,THAP11,other,Micro,-0.054003180170335,0.657075933573249,0.989669368953255,False
THRB,THRB,NR,Micro,0.11021950409744,0.402586294312366,0.989669368953255,False
THRB(var.2),THRB,NR,Micro,0.0943982176109999,0.323507556257228,0.989669368953255,False
THRB(var.3),THRB,NR,Micro,-0.0601951607399596,0.588987858868866,0.989669368953255,False
TLX2,TLX2,other,Micro,-0.0285784576234279,0.851308648260318,0.989669368953255,False
VEZF1,VEZF1,other,Micro,-0.0212989336306291,0.874802214707424,0.989669368953255,False
ZBTB26,ZBTB26,ZBTB,Micro,0.0383083438117013,0.717525303268822,0.989669368953255,False
ZBTB32,ZBTB32,ZBTB,Micro,-0.102143422532732,0.190932847955099,0.989669368953255,False
ZBTB6,ZBTB6,ZBTB,Micro,0.0790945730213051,0.571565676715133,0.989669368953255,False
ZFP57,ZFP57,other,Micro,0.0049174611882295,0.950890315555114,0.989669368953255,False
ZIC5,ZIC5,other,Micro,-0.0006131643356938,0.995666418808318,0.995788248228363,False
ZKSCAN1,ZKSCAN1,ZNF-KRAB,Micro,-0.0323444291353695,0.624364937388238,0.989669368953255,False
ZNF135,ZNF135,ZNF-KRAB,Micro,0.201738231569601,0.455935708517812,0.989669368953255,False
ZNF136,ZNF136,ZNF-KRAB,Micro,0.0081921033460206,0.919276896538301,0.989669368953255,False
ZNF140,ZNF140,ZNF-KRAB,Micro,-0.0342037961927659,0.700426819479813,0.989669368953255,False
ZNF274,ZNF274,ZNF-KRAB,Micro,-0.0274328025963921,0.795921274447176,0.989669368953255,False
ZNF317,ZNF317,ZNF-KRAB,Micro,-0.0729666390140545,0.690043138645738,0.989669368953255,False
ZNF382,ZNF382,ZNF-KRAB,Micro,-0.0336864234345198,0.753312763856712,0.989669368953255,False
ZNF460,ZNF460,ZNF-KRAB,Micro,0.168181253819899,0.27462698234765,0.989669368953255,False
ZNF528,ZNF528,ZNF-KRAB,Micro,-0.0662610939575645,0.644854099880675,0.989669368953255,False
ZNF682,ZNF682,ZNF-KRAB,Micro,0.0096430480931654,0.933641488310126,0.989669368953255,False
ZNF684,ZNF684,ZNF-KRAB,Micro,0.0217527222416933,0.902790912421524,0.989669368953255,False
ZNF75D,ZNF75D,ZNF-KRAB,Micro,-0.0223668007481148,0.895471212691897,0.989669368953255,False
ZSCAN29,ZSCAN29,ZNF-KRAB,Micro,-0.0049506540252722,0.915129957431908,0.989669368953255,False
ASCL1,ASCL1,other,Micro,-0.0398743253885361,0.897984020744631,0.989669368953255,False
ATF3,ATF3,other,Micro,-0.0681818846242375,0.598041720309649,0.989669368953255,False
BARHL1,BARHL1,homeobox-other,Micro,-0.0462537042657989,0.466582830751085,0.989669368953255,False
BATF::JUN,BATF,AP-1,Micro,0.128423268628187,0.474208890933411,0.989669368953255,False
BATF::JUN,JUN,AP-1,Micro,0.128423268628187,0.474208890933411,0.989669368953255,False
BCL6,BCL6,other,Micro,0.0603348642757013,0.564309643333015,0.989669368953255,False
CDX1,CDX1,other,Micro,0.150032561952031,0.153431950166877,0.989669368953255,False
E2F2,E2F2,E2F-DP,Micro,-0.0211646765236724,0.907819945004502,0.989669368953255,False
E2F3,E2F3,E2F-DP,Micro,0.174460151974223,0.03340940422759,0.989669368953255,True
E2F4,E2F4,E2F-DP,Micro,0.0967316253861786,0.447164054110416,0.989669368953255,False
EMX1,EMX1,homeobox-other,Micro,0.0140706021509266,0.915635172876456,0.989669368953255,False
FOXD2,FOXD2,FOX,Micro,-0.0093929265947375,0.945002204267493,0.989669368953255,False
GATA5,GATA5,GATA,Micro,-0.0186395443329914,0.891390629168634,0.989669368953255,False
GFI1,GFI1,other,Micro,-0.0341898740646551,0.731884784941468,0.989669368953255,False
GLI2,GLI2,other,Micro,0.0634776141673853,0.55083024201702,0.989669368953255,False
GSX2,GSX2,homeobox-other,Micro,0.0140706021509266,0.915635172876456,0.989669368953255,False
HES1,HES1,bHLH-neural,Micro,0.161261300605326,0.281944522390107,0.989669368953255,False
HES2,HES2,bHLH-neural,Micro,0.0658966975776801,0.452458616837275,0.989669368953255,False
HOXA13,HOXA13,HOX,Micro,0.126046755633564,0.250811601513016,0.989669368953255,False
HOXA2,HOXA2,HOX,Micro,-0.0273492307374736,0.847046263801838,0.989669368953255,False
HOXA5,HOXA5,HOX,Micro,-0.0507891195709555,0.711200061633051,0.989669368953255,False
HOXA9,HOXA9,HOX,Micro,-0.0966209370680878,0.389613804830938,0.989669368953255,False
HOXB2,HOXB2,HOX,Micro,0.0140706021509266,0.915635172876456,0.989669368953255,False
HOXB5,HOXB5,HOX,Micro,-0.0507891195709555,0.711200061633051,0.989669368953255,False
HOXC9,HOXC9,HOX,Micro,0.104058920494085,0.224621279978457,0.989669368953255,False
HOXD13,HOXD13,HOX,Micro,0.0912938478472846,0.391663140258287,0.989669368953255,False
HOXD3,HOXD3,HOX,Micro,0.0140706021509266,0.915635172876456,0.989669368953255,False
HOXD8,HOXD8,HOX,Micro,-0.127422372549487,0.343771536891127,0.989669368953255,False
HOXD9,HOXD9,HOX,Micro,0.249072251362974,0.0454600020995591,0.989669368953255,True
JUNB(var.2),JUNB,AP-1,Micro,0.0032924885807503,0.982996434239319,0.991587522245812,False
LHX9,LHX9,homeobox-other,Micro,-0.0285784576234279,0.851308648260318,0.989669368953255,False
LMX1A,LMX1A,other,Micro,-0.0161999675021413,0.881204417604353,0.989669368953255,False
LMX1B,LMX1B,other,Micro,-0.0093674344008845,0.947393019928946,0.989669368953255,False
NEUROG1,NEUROG1,bHLH-neural,Micro,0.042197733528859,0.726079347349665,0.989669368953255,False
NRL,NRL,other,Micro,0.0194666443456631,0.802150489660526,0.989669368953255,False
PITX1,PITX1,other,Micro,-0.100926532868713,0.421162196919397,0.989669368953255,False
PRRX2,PRRX2,other,Micro,-0.0285784576234279,0.851308648260318,0.989669368953255,False
SOX4,SOX4,SOX,Micro,-0.23048515042361,0.512115289354405,0.989669368953255,False
SOX8,SOX8,SOX,Micro,-0.167518609302079,0.580497698083505,0.989669368953255,False
SP1,SP1,KLF-SP,Micro,0.0375085891718205,0.870178413491936,0.989669368953255,False
SP2,SP2,KLF-SP,Micro,0.0467728480610186,0.741373151562094,0.989669368953255,False
SP3,SP3,KLF-SP,Micro,0.0296846664377841,0.872276329881289,0.989669368953255,False
TCFL5,TCFL5,other,Micro,0.169536426721354,0.327097583050524,0.989669368953255,False
TFEC,TFEC,other,Micro,0.0891232226755349,0.585607928192185,0.989669368953255,False
ZNF740,ZNF740,ZNF-KRAB,Micro,-0.0181304663803266,0.873427096118725,0.989669368953255,False
ASCL1(var.2),ASCL1,other,Micro,-0.0029618579274909,0.98997275047076,0.993110540488099,False
ATF2,ATF2,other,Micro,-0.0816562389220362,0.464244326940849,0.989669368953255,False
BACH1,BACH1,other,Micro,-0.0550358397047923,0.756940393404155,0.989669368953255,False
BATF,BATF,AP-1,Micro,0.122718671257188,0.496673235313636,0.989669368953255,False
BHLHE22(var.2),BHLHE22,bHLH-neural,Micro,-0.136365787221689,0.658330100674991,0.989669368953255,False
CEBPG(var.2),CEBPG,CEBP,Micro,0.0394470503010356,0.842562204926875,0.989669368953255,False
EBF3,EBF3,other,Micro,0.0448541694618421,0.783920640182006,0.989669368953255,False
HAND2,HAND2,bHLH-neural,Micro,-0.0900413925259895,0.663674838632834,0.989669368953255,False
MEIS1(var.2),MEIS1,homeobox-other,Micro,0.0323628695972394,0.821435344301203,0.989669368953255,False
MEIS2(var.2),MEIS2,homeobox-other,Micro,0.0388689537259808,0.791956497602736,0.989669368953255,False
MYF5,MYF5,bHLH-neural,Micro,-0.136274384280681,0.6463605917773,0.989669368953255,False
NEUROG2(var.2),NEUROG2,bHLH-neural,Micro,-0.10390152490851,0.736101426962991,0.989669368953255,False
NFIB,NFIB,other,Micro,0.104261979524676,0.735237249214689,0.989669368953255,False
NFYC,NFYC,other,Micro,0.103160156359144,0.559288581764561,0.989669368953255,False
NKX2-2,NKX2-2,homeobox-other,Micro,0.0576271089836287,0.717327138677757,0.989669368953255,False
OSR2,OSR2,other,Micro,-0.0560076816551591,0.699233091543049,0.989669368953255,False
PRDM4,PRDM4,other,Micro,0.0443074163759647,0.69113781125677,0.989669368953255,False
TCF12(var.2),TCF12,bHLH-neural,Micro,-0.0032484816471092,0.98546557087333,0.991732442548201,False
ZBTB12,ZBTB12,ZBTB,Micro,0.102556811243455,0.236479403462312,0.989669368953255,False
ZBTB14,ZBTB14,ZBTB,Micro,0.0460059810806065,0.715058849973895,0.989669368953255,False
ZFP42,ZFP42,other,Micro,0.0361082162441843,0.666925966882373,0.989669368953255,False
ZKSCAN5,ZKSCAN5,ZNF-KRAB,Micro,0.244734436620914,0.410538849968284,0.989669368953255,False
ZNF148,ZNF148,ZNF-KRAB,Micro,-0.0119423738502219,0.915375937692062,0.989669368953255,False
ZNF16,ZNF16,ZNF-KRAB,Micro,-0.0188288464689423,0.911236898137264,0.989669368953255,False
ZNF341,ZNF341,ZNF-KRAB,Micro,0.0529762845509894,0.743779534837671,0.989669368953255,False
ZNF449,ZNF449,ZNF-KRAB,Micro,-0.0326355064627398,0.806145318796204,0.989669368953255,False
ZNF652,ZNF652,ZNF-KRAB,Micro,0.133904883141545,0.218746231041336,0.989669368953255,False
FOXA3,FOXA3,FOX,Micro,-0.021760636831674,0.913521190710465,0.989669368953255,False
ATF4,ATF4,other,Micro,-0.0934140758559725,0.529544859481842,0.989669368953255,False
BATF3,BATF3,AP-1,Micro,0.133290123399837,0.430721174927304,0.989669368953255,False
CDX2,CDX2,other,Micro,0.213848072424448,0.122374042195845,0.989669368953255,False
CEBPA,CEBPA,CEBP,Micro,0.192850184719128,0.54908946444761,0.989669368953255,False
CEBPD,CEBPD,CEBP,Micro,0.212270183393861,0.49508985836787,0.989669368953255,False
CREB1,CREB1,other,Micro,-0.0591107769587849,0.627470722029184,0.989669368953255,False
CTCFL,CTCFL,CTCF,Micro,-0.0092154328822509,0.915032660278891,0.989669368953255,False
E2F6,E2F6,E2F-DP,Micro,0.0369558015985094,0.760039958647198,0.989669368953255,False
EBF1,EBF1,other,Micro,0.0125565859572978,0.945032451606356,0.989669368953255,False
EGR1,EGR1,EGR-WT1,Micro,0.0563305719495971,0.646944274860828,0.989669368953255,False
EHF,EHF,ETS,Micro,0.552352227348481,0.602780788361144,0.989669368953255,False
ELF1,ELF1,ETS,Micro,0.419698906073751,0.577227574323009,0.989669368953255,False
ELF3,ELF3,ETS,Micro,0.502242796538925,0.552383263890934,0.989669368953255,False
ESRRA,ESRRA,NR,Micro,-0.0239082310423987,0.824243864697902,0.989669368953255,False
ETV1,ETV1,ETS,Micro,0.442878445329754,0.56145744225942,0.989669368953255,False
ETV4,ETV4,ETS,Micro,0.366138671443077,0.53347964769169,0.989669368953255,False
ETV5,ETV5,ETS,Micro,0.222329300402775,0.750618271791806,0.989669368953255,False
FOSL1,FOSL1,AP-1,Micro,0.0625272390406217,0.714373502311842,0.989669368953255,False
FOXA1,FOXA1,FOX,Micro,-0.0501281673116426,0.747607299170734,0.989669368953255,False
FOXA2,FOXA2,FOX,Micro,-0.0459277239808042,0.812412554423328,0.989669368953255,False
FOXK2,FOXK2,FOX,Micro,-0.023742116397074,0.901931969921112,0.989669368953255,False
FOXP1,FOXP1,FOX,Micro,-0.0201462908396636,0.917676676788177,0.989669368953255,False
GABPA,GABPA,ETS,Micro,0.487078815510892,0.559611745087745,0.989669368953255,False
GATA1,GATA1,GATA,Micro,-0.0482876576424527,0.567771215597876,0.989669368953255,False
GATA4,GATA4,GATA,Micro,-0.130375594103308,0.240197353623213,0.989669368953255,False
GATA6,GATA6,GATA,Micro,0.0191902274702959,0.78388303045802,0.989669368953255,False
GRHL2,GRHL2,other,Micro,-0.015930491896818,0.91034988271048,0.989669368953255,False
HLF,HLF,other,Micro,-0.0766550314382394,0.526105486125322,0.989669368953255,False
HNF4A,HNF4A,NR,Micro,0.137783316214466,0.253878976821908,0.989669368953255,False
HNF4G,HNF4G,NR,Micro,0.171344021990113,0.123897491965445,0.989669368953255,False
HOXB13,HOXB13,HOX,Micro,0.23160292361898,0.0531907370277904,0.989669368953255,False
JUNB,JUNB,AP-1,Micro,0.0747441852512415,0.623059022551535,0.989669368953255,False
JUND,JUND,AP-1,Micro,0.0547448054839851,0.731836904775605,0.989669368953255,False
KLF4,KLF4,KLF-SP,Micro,0.0318501999554809,0.78006450564093,0.989669368953255,False
KLF9,KLF9,KLF-SP,Micro,-0.0797530705715193,0.543555053692193,0.989669368953255,False
LHX2,LHX2,homeobox-other,Micro,-0.0029940233980047,0.983755077362354,0.991587522245812,False
MAFF,MAFF,other,Micro,0.101989506588753,0.32780623317195,0.989669368953255,False
MAFG,MAFG,other,Micro,0.0288603606399018,0.748267072465249,0.989669368953255,False
MAFK,MAFK,other,Micro,0.0921632862691892,0.668776308218288,0.989669368953255,False
MEF2A,MEF2A,other,Micro,0.0545877842989941,0.848989657473033,0.989669368953255,False
MITF,MITF,bHLH-other,Micro,0.104838430965129,0.513261999244096,0.989669368953255,False
MXI1,MXI1,bHLH-other,Micro,-0.0606235363265821,0.668357208416632,0.989669368953255,False
MYOD1,MYOD1,bHLH-neural,Micro,-0.0753588979663817,0.730119996109728,0.989669368953255,False
MYOG,MYOG,bHLH-neural,Micro,-0.0473673694337136,0.882416705179541,0.989669368953255,False
MZF1,MZF1,other,Micro,-0.0859533720739347,0.537768397505672,0.989669368953255,False
NFE2L1,NFE2L1,other,Micro,0.0116793346697945,0.930140308360231,0.989669368953255,False
NFIL3,NFIL3,other,Micro,-0.0818148987129982,0.48035875456848,0.989669368953255,False
NFYB,NFYB,other,Micro,0.209401714003789,0.181064716774963,0.989669368953255,False
NKX2-5,NKX2-5,homeobox-other,Micro,0.123992678030478,0.0656980718543859,0.989669368953255,False
NR4A1,NR4A1,NR,Micro,0.0157220217899036,0.880477672286299,0.989669368953255,False
ONECUT1,ONECUT1,other,Micro,0.183374969136209,0.192544697190246,0.989669368953255,False
OTX2,OTX2,homeobox-other,Micro,0.0428950759120177,0.650723486609196,0.989669368953255,False
PBX2,PBX2,homeobox-other,Micro,0.0192029743902684,0.911221856913502,0.989669368953255,False
PHOX2B,PHOX2B,other,Micro,0.182232018736771,0.101380960478068,0.989669368953255,False
PKNOX1,PKNOX1,homeobox-other,Micro,0.091632624127947,0.341418287121715,0.989669368953255,False
POU2F3,POU2F3,homeobox-other,Micro,-0.0313084808546049,0.812725716985633,0.989669368953255,False
PRDM1,PRDM1,other,Micro,0.158526253419251,0.33651304110482,0.989669368953255,False
RFX1,RFX1,RFX,Micro,-0.0911981869358821,0.697145343198167,0.989669368953255,False
RFX3,RFX3,RFX,Micro,-0.0555227809201049,0.797709059298553,0.989669368953255,False
RUNX3,RUNX3,RUNX,Micro,0.172987725747463,0.322921048028619,0.989669368953255,False
SCRT1,SCRT1,other,Micro,0.116750694040438,0.23091414692404,0.989669368953255,False
SCRT2,SCRT2,other,Micro,0.102352515965138,0.269842747353597,0.989669368953255,False
SNAI2,SNAI2,other,Micro,0.045555988794296,0.692905410357972,0.989669368953255,False
SOX2,SOX2,SOX,Micro,-0.271281578274254,0.365771667500819,0.989669368953255,False
SPI1,SPI1,ETS,Micro,0.576626822694583,0.487318509095723,0.989669368953255,False
SPIB,SPIB,ETS,Micro,0.531642808594246,0.585360915430908,0.989669368953255,False
SREBF1(var.2),SREBF1,bHLH-other,Micro,0.11946840655587,0.51868474614095,0.989669368953255,False
TCF3,TCF3,bHLH-neural,Micro,0.0063641567852192,0.971111923204116,0.990555038496084,False
TCF4,TCF4,bHLH-neural,Micro,-0.0188515423817534,0.923474659634507,0.989669368953255,False
TCF7,TCF7,TCF-LEF,Micro,-0.0018466530084807,0.988426607153134,0.993110540488099,False
TEAD1,TEAD1,TEAD,Micro,-0.0598596883552712,0.716812123160087,0.989669368953255,False
TEAD4,TEAD4,TEAD,Micro,-0.108729732130404,0.586085496402245,0.989669368953255,False
TFAP2A,TFAP2A,other,Micro,0.106317634411304,0.340086725140274,0.989669368953255,False
TFAP2C(var.2),TFAP2C,other,Micro,0.0396983780911154,0.669222401088483,0.989669368953255,False
TWIST1,TWIST1,TWIST,Micro,-0.115134891719695,0.556637510259514,0.989669368953255,False
USF1,USF1,bHLH-other,Micro,0.167165761669129,0.180884288401391,0.989669368953255,False
USF2,USF2,bHLH-other,Micro,0.155929399194946,0.253579558063584,0.989669368953255,False
YY2,YY2,other,Micro,0.0907961059527158,0.646808580543416,0.989669368953255,False
ZNF263,ZNF263,ZNF-KRAB,Micro,0.125145482897517,0.338485566442022,0.989669368953255,False
CREM,CREM,other,Micro,-0.095225580676254,0.483522895672795,0.989669368953255,False
FOXF2,FOXF2,FOX,Oligo,0.104274415980112,0.507937648639489,0.998263694715803,False
FOXD1,FOXD1,FOX,Oligo,0.0433169390077098,0.663865725678735,0.998263694715803,False
IRF2,IRF2,IRF,Oligo,0.19998926208481,0.534399871259182,0.998263694715803,False
MZF1(var.2),MZF1,other,Oligo,0.132047272039075,0.57862348775236,0.998263694715803,False
MAX::MYC,MAX,bHLH-other,Oligo,-0.04248429785613,0.701662654030131,0.998263694715803,False
MAX::MYC,MYC,bHLH-other,Oligo,-0.04248429785613,0.701662654030131,0.998263694715803,False
PPARG,PPARG,NR,Oligo,-0.0407694657794765,0.789246220307236,0.998263694715803,False
PAX6,PAX6,homeobox-other,Oligo,-0.0165067461461357,0.921324911234987,0.998263694715803,False
PBX1,PBX1,homeobox-other,Oligo,-0.0344096332032376,0.801720322225723,0.998263694715803,False
RORA,RORA,NR,Oligo,0.0506904009093134,0.795385111439663,0.998263694715803,False
RORA(var.2),RORA,NR,Oligo,0.0810473172203374,0.723142484814411,0.998263694715803,False
RREB1,RREB1,other,Oligo,-0.0150283637381662,0.950068215076246,0.998263694715803,False
RXRA::VDR,RXRA,NR,Oligo,-0.0165012607344682,0.918666334292876,0.998263694715803,False
RXRA::VDR,VDR,NR,Oligo,-0.0165012607344682,0.918666334292876,0.998263694715803,False
SOX9,SOX9,SOX,Oligo,-0.136905440173428,0.231500285701055,0.998263694715803,False
SRY,SRY,other,Oligo,-0.0094691353162984,0.916761479472199,0.998263694715803,False
TAL1::TCF3,TAL1,other,Oligo,-0.120029123173335,0.383795714606382,0.998263694715803,False
TAL1::TCF3,TCF3,bHLH-neural,Oligo,-0.120029123173335,0.383795714606382,0.998263694715803,False
REL,REL,NFKB-REL,Oligo,0.0885084196265219,0.695105431129559,0.998263694715803,False
RELA,RELA,NFKB-REL,Oligo,0.102493597306743,0.664607472410437,0.998263694715803,False
NR1H2::RXRA,NR1H2,NR,Oligo,-0.0509193776211374,0.730178541242757,0.998263694715803,False
NR1H2::RXRA,RXRA,NR,Oligo,-0.0509193776211374,0.730178541242757,0.998263694715803,False
NFIC::TLX1,NFIC,other,Oligo,0.0323726107652809,0.861145793483923,0.998263694715803,False
NFIC::TLX1,TLX1,other,Oligo,0.0323726107652809,0.861145793483923,0.998263694715803,False
ZNF354C,ZNF354C,ZNF-KRAB,Oligo,-0.12877220174333,0.608077888345089,0.998263694715803,False
CTCF,CTCF,CTCF,Oligo,-0.38132511129405,0.134962398079906,0.998263694715803,False
EWSR1-FLI1,EWSR1-FLI1,other,Oligo,0.140799681960684,0.65517570147204,0.998263694715803,False
REST,REST,other,Oligo,-0.0521804976765531,0.814814567439956,0.998263694715803,False
NFATC2,NFATC2,other,Oligo,0.108380854791581,0.748140630963582,0.998263694715803,False
INSM1,INSM1,other,Oligo,0.0263288148356439,0.908081734010803,0.998263694715803,False
RARA::RXRA,RARA,NR,Oligo,-0.0793823987241272,0.655088229815411,0.998263694715803,False
RARA::RXRA,RXRA,NR,Oligo,-0.0793823987241272,0.655088229815411,0.998263694715803,False
NR4A2,NR4A2,NR,Oligo,-0.0984288568776719,0.496737968280343,0.998263694715803,False
PLAG1,PLAG1,other,Oligo,-0.0085794349204503,0.967729952046815,0.998263694715803,False
ARNT::HIF1A,ARNT,bHLH-other,Oligo,-0.0008471755619228,0.994079551070447,0.998263694715803,False
ARNT::HIF1A,HIF1A,bHLH-other,Oligo,-0.0008471755619228,0.994079551070447,0.998263694715803,False
DUX4,DUX4,other,Oligo,0.0433641183626151,0.841628387534668,0.998263694715803,False
FOS,FOS,AP-1,Oligo,0.154677603911545,0.561997159820039,0.998263694715803,False
FOSL2,FOSL2,AP-1,Oligo,0.130060741969082,0.612894745803435,0.998263694715803,False
FOXH1,FOXH1,FOX,Oligo,0.0013204408161836,0.994493823570734,0.998263694715803,False
JUN,JUN,AP-1,Oligo,-0.0379031349446886,0.728478903685686,0.998263694715803,False
JUN(var.2),JUN,AP-1,Oligo,0.149289165453008,0.586053097759818,0.998263694715803,False
JUND(var.2),JUND,AP-1,Oligo,-0.073159650544742,0.512090894864403,0.998263694715803,False
MEF2C,MEF2C,other,Oligo,0.0749915752681076,0.787419576279348,0.998263694715803,False
MAF::NFE2,MAF,other,Oligo,0.008893610758077,0.968755852379414,0.998263694715803,False
MAF::NFE2,NFE2,other,Oligo,0.008893610758077,0.968755852379414,0.998263694715803,False
NR2C2,NR2C2,NR,Oligo,-0.0394827504227817,0.863897707384506,0.998263694715803,False
NRF1,NRF1,other,Oligo,0.0335413745333082,0.873480854284778,0.998263694715803,False
POU2F2,POU2F2,homeobox-other,Oligo,0.0640129101689028,0.789519558282472,0.998263694715803,False
SMAD2::SMAD3::SMAD4,SMAD2,SMAD,Oligo,-0.04362870753892,0.820933165347214,0.998263694715803,False
SMAD2::SMAD3::SMAD4,SMAD3,SMAD,Oligo,-0.04362870753892,0.820933165347214,0.998263694715803,False
SMAD2::SMAD3::SMAD4,SMAD4,SMAD,Oligo,-0.04362870753892,0.820933165347214,0.998263694715803,False
STAT1::STAT2,STAT1,STAT,Oligo,0.272277883128758,0.499690349161248,0.998263694715803,False
STAT1::STAT2,STAT2,STAT,Oligo,0.272277883128758,0.499690349161248,0.998263694715803,False
TCF7L2,TCF7L2,TCF-LEF,Oligo,0.155986190081263,0.52633381342014,0.998263694715803,False
ZBTB33,ZBTB33,ZBTB,Oligo,-0.0492358261247259,0.753731526799527,0.998263694715803,False
ELK4,ELK4,ETS,Oligo,-0.1888427909736,0.186887563457709,0.998263694715803,False
ESR2,ESR2,NR,Oligo,-0.0456603978314038,0.785471175366936,0.998263694715803,False
IRF1,IRF1,IRF,Oligo,0.227571976084879,0.535321781156138,0.998263694715803,False
STAT1,STAT1,STAT,Oligo,0.0667517617735967,0.805573671388894,0.998263694715803,False
STAT3,STAT3,STAT,Oligo,0.0197797559832726,0.946062659874755,0.998263694715803,False
GATA1::TAL1,GATA1,GATA,Oligo,-0.0216165035803656,0.888036080327609,0.998263694715803,False
GATA1::TAL1,TAL1,other,Oligo,-0.0216165035803656,0.888036080327609,0.998263694715803,False
YY1,YY1,other,Oligo,-0.188946359952253,0.0521502728087931,0.998263694715803,False
FOXP2,FOXP2,FOX,Oligo,0.139107091886796,0.511852905187066,0.998263694715803,False
SREBF1,SREBF1,bHLH-other,Oligo,-0.0985869318002024,0.531840096854034,0.998263694715803,False
SREBF2,SREBF2,bHLH-other,Oligo,-0.0741688022124573,0.650429657747416,0.998263694715803,False
THAP1,THAP1,other,Oligo,-0.0302446526429201,0.896323448072672,0.998263694715803,False
KLF5,KLF5,KLF-SP,Oligo,-0.0024393195336237,0.990774939714443,0.998263694715803,False
DMRT3,DMRT3,other,Oligo,-0.0067516330333949,0.959595780200472,0.998263694715803,False
FOXG1,FOXG1,FOX,Oligo,0.0433169390077098,0.663865725678735,0.998263694715803,False
LBX1,LBX1,other,Oligo,0.103525749901888,0.615903603496463,0.998263694715803,False
NFATC3,NFATC3,other,Oligo,0.0959830466347746,0.737161941993987,0.998263694715803,False
POU6F1,POU6F1,homeobox-other,Oligo,0.0914857210133393,0.602217322153529,0.998263694715803,False
SHOX,SHOX,other,Oligo,0.117198537684674,0.589388236624722,0.998263694715803,False
ALX3,ALX3,other,Oligo,0.119352222149814,0.612528447456949,0.998263694715803,False
BARHL2,BARHL2,homeobox-other,Oligo,0.0208186092643322,0.865674490714208,0.998263694715803,False
BHLHE41,BHLHE41,bHLH-neural,Oligo,0.124777791517709,0.193043522529702,0.998263694715803,False
CENPB,CENPB,other,Oligo,-0.034883612748517,0.689467576349881,0.998263694715803,False
CREB3,CREB3,other,Oligo,0.00322156994631,0.972060393202114,0.998263694715803,False
DBP,DBP,other,Oligo,-0.0009121754612678,0.994726503039682,0.998263694715803,False
ELF4,ELF4,ETS,Oligo,-0.18329081256804,0.14189485449164,0.998263694715803,False
ELF5,ELF5,ETS,Oligo,-0.0070199460193343,0.970886249137432,0.998263694715803,False
EN1,EN1,homeobox-other,Oligo,0.0432944199558623,0.771570619936715,0.998263694715803,False
EN2,EN2,homeobox-other,Oligo,0.0971189425832658,0.59288923331077,0.998263694715803,False
ESX1,ESX1,other,Oligo,0.101590914810481,0.592263097007078,0.998263694715803,False
ETV6,ETV6,ETS,Oligo,-0.0395264109708369,0.812635472692546,0.998263694715803,False
FLI1,FLI1,ETS,Oligo,-0.1601215222649,0.101738065033486,0.998263694715803,False
FOXI1,FOXI1,FOX,Oligo,0.118047658390397,0.451738357430794,0.998263694715803,False
FOXL1,FOXL1,FOX,Oligo,0.118047658390397,0.451738357430794,0.998263694715803,False
FOXO3,FOXO3,FOX,Oligo,0.0433169390077098,0.663865725678735,0.998263694715803,False
GCM1,GCM1,other,Oligo,-0.0514642086049282,0.753312383809708,0.998263694715803,False
GRHL1,GRHL1,other,Oligo,0.0626747695427279,0.730882183884647,0.998263694715803,False
GSC,GSC,other,Oligo,0.052940634847098,0.721886885225521,0.998263694715803,False
HEY2,HEY2,bHLH-neural,Oligo,0.0212138216584554,0.80325293149528,0.998263694715803,False
HINFP,HINFP,other,Oligo,-0.0794256164204726,0.720246640493569,0.998263694715803,False
HNF1A,HNF1A,other,Oligo,0.0261512272995897,0.894298038314407,0.998263694715803,False
HNF1B,HNF1B,other,Oligo,0.0323795612415444,0.873495281002732,0.998263694715803,False
HOXC11,HOXC11,HOX,Oligo,0.0028458673933822,0.982512069378233,0.998263694715803,False
HSF1,HSF1,other,Oligo,0.118046237270537,0.533605680932938,0.998263694715803,False
IRF8,IRF8,IRF,Oligo,0.123954236508085,0.655631578415125,0.998263694715803,False
IRF9,IRF9,IRF,Oligo,0.152514268943391,0.577336231769203,0.998263694715803,False
ISX,ISX,other,Oligo,0.117198537684674,0.589388236624722,0.998263694715803,False
JDP2,JDP2,AP-1,Oligo,0.141356531217451,0.498997325964372,0.998263694715803,False
JDP2(var.2),JDP2,AP-1,Oligo,-0.0787889687411088,0.500906438836346,0.998263694715803,False
KLF13,KLF13,KLF-SP,Oligo,-0.119638617457434,0.384332751682796,0.998263694715803,False
LHX6,LHX6,homeobox-other,Oligo,0.0939422760779717,0.609034808159738,0.998263694715803,False
MEF2B,MEF2B,other,Oligo,-0.0137266110267851,0.936037939483987,0.998263694715803,False
MEOX1,MEOX1,other,Oligo,0.0903565899505363,0.682799380786945,0.998263694715803,False
MIXL1,MIXL1,other,Oligo,0.118760971434573,0.596227076507238,0.998263694715803,False
MLX,MLX,bHLH-other,Oligo,0.134475776545296,0.142160672142364,0.998263694715803,False
MLXIPL,MLXIPL,bHLH-other,Oligo,0.136700683431209,0.152460929266263,0.998263694715803,False
MSC,MSC,bHLH-neural,Oligo,-0.0882677487215356,0.618747598560962,0.998263694715803,False
MSX1,MSX1,other,Oligo,0.064823033592272,0.717855003553046,0.998263694715803,False
MYF6,MYF6,bHLH-neural,Oligo,-0.0683267047046695,0.673389401222501,0.998263694715803,False
NEUROD2,NEUROD2,bHLH-neural,Oligo,0.0147029674283516,0.906461308973923,0.998263694715803,False
NEUROG2,NEUROG2,bHLH-neural,Oligo,-0.0119969878677752,0.922576955604634,0.998263694715803,False
NFIA,NFIA,other,Oligo,0.187280940903658,0.481149776705998,0.998263694715803,False
NFIX,NFIX,other,Oligo,0.166685733150508,0.464888221503157,0.998263694715803,False
NHLH1,NHLH1,bHLH-neural,Oligo,-0.0818371787774065,0.657756349532511,0.998263694715803,False
NKX2-3,NKX2-3,homeobox-other,Oligo,0.0153948216882041,0.942552986522665,0.998263694715803,False
NKX2-8,NKX2-8,homeobox-other,Oligo,0.0380432412042659,0.854799723691147,0.998263694715803,False
NKX6-1,NKX6-1,homeobox-other,Oligo,0.102347638234098,0.642472748666635,0.998263694715803,False
NKX6-2,NKX6-2,homeobox-other,Oligo,0.102347638234098,0.642472748666635,0.998263694715803,False
OLIG2,OLIG2,bHLH-neural,Oligo,0.005753977487679,0.972576536164055,0.998263694715803,False
PAX4,PAX4,homeobox-other,Oligo,0.0988055483681994,0.613462551886482,0.998263694715803,False
PAX7,PAX7,homeobox-other,Oligo,0.0434766637800822,0.725061450809387,0.998263694715803,False
POU4F2,POU4F2,homeobox-other,Oligo,0.0480145136902598,0.843807499025079,0.998263694715803,False
SP4,SP4,KLF-SP,Oligo,-0.113592538243364,0.585127928833408,0.998263694715803,False
SPDEF,SPDEF,ETS,Oligo,-0.138647840153154,0.0612292015559312,0.998263694715803,False
SPIC,SPIC,ETS,Oligo,0.201946103900137,0.522915079878767,0.998263694715803,False
SRF,SRF,other,Oligo,0.0187356029841592,0.882057893967015,0.998263694715803,False
TBXT,TBXT,other,Oligo,-0.0597341818617447,0.662730008347056,0.998263694715803,False
TBX2,TBX2,other,Oligo,-0.0275677145956938,0.888139980706245,0.998263694715803,False
TBX20,TBX20,other,Oligo,-0.040742781687388,0.835749626524427,0.998263694715803,False
TBX21,TBX21,other,Oligo,-0.044496238651803,0.801938693710364,0.998263694715803,False
TFAP4,TFAP4,other,Oligo,-0.0648681125624906,0.684238117745046,0.998263694715803,False
TFCP2,TFCP2,other,Oligo,0.0222286355821409,0.873745740781486,0.998263694715803,False
TFEB,TFEB,bHLH-other,Oligo,0.159763987159983,0.155141436872549,0.998263694715803,False
ZBTB7B,ZBTB7B,ZBTB,Oligo,-0.0830874437376578,0.682325021224767,0.998263694715803,False
ZBTB7C,ZBTB7C,ZBTB,Oligo,-0.0955672849185155,0.620027344838977,0.998263694715803,False
ZIC1,ZIC1,other,Oligo,-0.0364280015334102,0.862799664046733,0.998263694715803,False
ZIC3,ZIC3,other,Oligo,-0.0146022331647609,0.945994545423394,0.998263694715803,False
ZBTB18,ZBTB18,ZBTB,Oligo,-0.175088794669892,0.178405528559232,0.998263694715803,False
LBX2,LBX2,other,Oligo,0.0859623096467114,0.681703863922542,0.998263694715803,False
MEOX2,MEOX2,other,Oligo,0.0565312293165116,0.811749835903688,0.998263694715803,False
MNX1,MNX1,other,Oligo,0.118821876375068,0.656681675739249,0.998263694715803,False
MSX2,MSX2,other,Oligo,0.064823033592272,0.717855003553046,0.998263694715803,False
NOTO,NOTO,other,Oligo,0.107455599940406,0.598488346449574,0.998263694715803,False
OTX1,OTX1,homeobox-other,Oligo,0.0247496831756828,0.857850286018988,0.998263694715803,False
PDX1,PDX1,other,Oligo,0.0860449608264297,0.632261860561624,0.998263694715803,False
PHOX2A,PHOX2A,other,Oligo,0.100464000104278,0.693854990175895,0.998263694715803,False
PITX3,PITX3,other,Oligo,0.0178584874360381,0.914020969837966,0.998263694715803,False
PROP1,PROP1,other,Oligo,0.103260873035064,0.686139258712886,0.998263694715803,False
PRRX1,PRRX1,other,Oligo,0.117198537684674,0.589388236624722,0.998263694715803,False
RAX2,RAX2,homeobox-other,Oligo,0.117198537684674,0.589388236624722,0.998263694715803,False
RAX,RAX,homeobox-other,Oligo,0.0696276703444459,0.703539316977475,0.998263694715803,False
RHOXF1,RHOXF1,other,Oligo,-0.0378067893790097,0.720897574775128,0.998263694715803,False
UNCX,UNCX,other,Oligo,0.108980646338092,0.651453277644803,0.998263694715803,False
VAX1,VAX1,homeobox-other,Oligo,0.09834117719681,0.638038214603957,0.998263694715803,False
VAX2,VAX2,homeobox-other,Oligo,0.09834117719681,0.638038214603957,0.998263694715803,False
VENTX,VENTX,other,Oligo,0.0015208958232577,0.987678820774389,0.998263694715803,False
VSX1,VSX1,homeobox-other,Oligo,0.0809471402685977,0.637038088817475,0.998263694715803,False
VSX2,VSX2,homeobox-other,Oligo,0.0809471402685977,0.637038088817475,0.998263694715803,False
ESR1,ESR1,NR,Oligo,-0.121434278801337,0.257982300784743,0.998263694715803,False
ESRRB,ESRRB,NR,Oligo,-0.0033797746938708,0.984814695521129,0.998263694715803,False
NR2F1,NR2F1,NR,Oligo,-0.0988318321546913,0.351778671708257,0.998263694715803,False
NR3C1,NR3C1,NR,Oligo,0.0630706817278189,0.764775043224717,0.998263694715803,False
NR3C2,NR3C2,NR,Oligo,0.0583554237251039,0.786043785820458,0.998263694715803,False
RARA,RARA,NR,Oligo,-0.055698912787885,0.59918039289297,0.998263694715803,False
RARA(var.2),RARA,NR,Oligo,-0.042629727501039,0.801437582236341,0.998263694715803,False
BCL6B,BCL6B,other,Oligo,0.0824314304978475,0.710271604016183,0.998263694715803,False
EGR2,EGR2,EGR-WT1,Oligo,-0.0518131908348261,0.824881642489975,0.998263694715803,False
EGR3,EGR3,EGR-WT1,Oligo,-0.0499609704630695,0.832153581954265,0.998263694715803,False
EGR4,EGR4,EGR-WT1,Oligo,-0.0322963059722788,0.885521350325216,0.998263694715803,False
GLIS1,GLIS1,other,Oligo,-0.0240599754218989,0.873389039402879,0.998263694715803,False
GLIS2,GLIS2,other,Oligo,0.0030040742967312,0.986191678777656,0.998263694715803,False
GLIS3,GLIS3,other,Oligo,-0.0704633344514173,0.670165217650783,0.998263694715803,False
HIC2,HIC2,other,Oligo,-0.0593217892313297,0.736881533527231,0.998263694715803,False
KLF14,KLF14,KLF-SP,Oligo,-0.147688413844151,0.471047862825651,0.998263694715803,False
KLF16,KLF16,KLF-SP,Oligo,-0.0078230585223931,0.97200788545843,0.998263694715803,False
SP8,SP8,KLF-SP,Oligo,-0.0524552186144954,0.799347419544991,0.998263694715803,False
ZBED1,ZBED1,other,Oligo,-0.0032425877145412,0.953348461936883,0.998263694715803,False
ZIC4,ZIC4,other,Oligo,-0.0279248854277406,0.887947656970569,0.998263694715803,False
ZNF143,ZNF143,ZNF-KRAB,Oligo,-0.0354092621941299,0.78526635337382,0.998263694715803,False
ZNF410,ZNF410,ZNF-KRAB,Oligo,-0.0082960286781491,0.955589738804889,0.998263694715803,False
CUX1,CUX1,other,Oligo,-0.0098181401257994,0.92462249011449,0.998263694715803,False
CUX2,CUX2,other,Oligo,0.024113658984581,0.782433189452822,0.998263694715803,False
ONECUT2,ONECUT2,other,Oligo,0.0964055622635666,0.553120945069694,0.998263694715803,False
ONECUT3,ONECUT3,other,Oligo,0.082662975710124,0.646549151840022,0.998263694715803,False
E2F7,E2F7,E2F-DP,Oligo,0.0669479682029427,0.668805339674293,0.998263694715803,False
ELK3,ELK3,ETS,Oligo,-0.239616826538138,0.0275501810302818,0.998263694715803,True
ERF,ERF,other,Oligo,-0.159299585266709,0.10001734250604,0.998263694715803,False
ERG,ERG,ETS,Oligo,-0.143705676675651,0.154800218649157,0.998263694715803,False
ETS1,ETS1,ETS,Oligo,-0.151109664232971,0.15112200977884,0.998263694715803,False
ETV2,ETV2,ETS,Oligo,-0.0782931985071934,0.5259362604649,0.998263694715803,False
ETV3,ETV3,ETS,Oligo,-0.22358464919127,0.0388339880030259,0.998263694715803,True
FEV,FEV,ETS,Oligo,-0.219061938546728,0.0273941676315095,0.998263694715803,True
GCM2,GCM2,other,Oligo,-0.0498032929440542,0.740649086281162,0.998263694715803,False
LEF1,LEF1,TCF-LEF,Oligo,0.169639864338159,0.476268708543414,0.998263694715803,False
HSF2,HSF2,other,Oligo,0.126511270768971,0.547422393923633,0.998263694715803,False
HSF4,HSF4,other,Oligo,0.095253198279602,0.639747136408153,0.998263694715803,False
IRF7,IRF7,IRF,Oligo,0.176779009475779,0.584069065250173,0.998263694715803,False
MEF2D,MEF2D,other,Oligo,0.0148636223673277,0.94106285563593,0.998263694715803,False
MEIS1,MEIS1,homeobox-other,Oligo,-0.0185910826510949,0.909110648953774,0.998263694715803,False
MEIS2,MEIS2,homeobox-other,Oligo,-0.0525770327078537,0.734397780903539,0.998263694715803,False
MEIS3,MEIS3,homeobox-other,Oligo,-0.0320858578942261,0.861865428269213,0.998263694715803,False
MYBL1,MYBL1,other,Oligo,0.0105381412051119,0.912230755384838,0.998263694715803,False
MYBL2,MYBL2,other,Oligo,0.0378240892531244,0.707252322418417,0.998263694715803,False
NFKB1,NFKB1,NFKB-REL,Oligo,-0.0402071388066024,0.748027941080567,0.998263694715803,False
NFKB2,NFKB2,NFKB-REL,Oligo,-0.0547094124956702,0.709868587737888,0.998263694715803,False
PAX1,PAX1,homeobox-other,Oligo,-0.0614840330908609,0.622038695905623,0.998263694715803,False
PAX3,PAX3,homeobox-other,Oligo,0.0344076653368864,0.799829939290287,0.998263694715803,False
PAX9,PAX9,homeobox-other,Oligo,-0.0579392557647013,0.597197353340028,0.998263694715803,False
PKNOX2,PKNOX2,homeobox-other,Oligo,-0.0785172981090737,0.648842906211737,0.998263694715803,False
POU1F1,POU1F1,homeobox-other,Oligo,0.0594209330718601,0.819608854105986,0.998263694715803,False
POU2F1,POU2F1,homeobox-other,Oligo,0.0802810009442982,0.739503685846879,0.998263694715803,False
POU3F1,POU3F1,homeobox-other,Oligo,0.0743682612853992,0.767636813848171,0.998263694715803,False
POU3F2,POU3F2,homeobox-other,Oligo,0.065154829563372,0.800519045980045,0.998263694715803,False
POU3F3,POU3F3,homeobox-other,Oligo,0.0770430019200538,0.766299564174657,0.998263694715803,False
POU3F4,POU3F4,homeobox-other,Oligo,0.0405528001270694,0.844931942449801,0.998263694715803,False
POU4F1,POU4F1,homeobox-other,Oligo,0.0366811470019901,0.866665740714568,0.998263694715803,False
POU4F3,POU4F3,homeobox-other,Oligo,0.0444940432551526,0.840838100361405,0.998263694715803,False
POU5F1B,POU5F1B,homeobox-other,Oligo,0.0651882687930011,0.765151653599089,0.998263694715803,False
POU6F2,POU6F2,homeobox-other,Oligo,0.0884706088119942,0.709362993328506,0.998263694715803,False
PROX1,PROX1,homeobox-other,Oligo,0.0060216210008664,0.966517640191253,0.998263694715803,False
RFX2,RFX2,RFX,Oligo,-0.0022710099271481,0.992582425697632,0.998263694715803,False
SMAD3,SMAD3,SMAD,Oligo,-0.0300460815466059,0.797053255668413,0.998263694715803,False
TGIF1,TGIF1,other,Oligo,-0.0454900641414146,0.786529085439592,0.998263694715803,False
TGIF2,TGIF2,other,Oligo,-0.038773786006396,0.811996637266308,0.998263694715803,False
RFX4,RFX4,RFX,Oligo,-0.0127993171947769,0.959950235282884,0.998263694715803,False
RFX5,RFX5,RFX,Oligo,0.0179515290269849,0.945393902236831,0.998263694715803,False
RUNX2,RUNX2,RUNX,Oligo,0.0234004148563312,0.880477740279561,0.998263694715803,False
EOMES,EOMES,other,Oligo,-0.0174339979440271,0.933086589870429,0.998263694715803,False
MGA,MGA,other,Oligo,-0.116719976278331,0.43488736446239,0.998263694715803,False
TBR1,TBR1,other,Oligo,-0.0529689892804616,0.784194558001109,0.998263694715803,False
TBX15,TBX15,other,Oligo,-0.116719976278331,0.43488736446239,0.998263694715803,False
TBX19,TBX19,other,Oligo,-0.0227320084282704,0.870203201698307,0.998263694715803,False
TBX1,TBX1,other,Oligo,-0.0835712026209284,0.578959348841142,0.998263694715803,False
TBX4,TBX4,other,Oligo,-0.102205946385666,0.436494944272532,0.998263694715803,False
TBX5,TBX5,other,Oligo,-0.102205946385666,0.436494944272532,0.998263694715803,False
TEAD3,TEAD3,TEAD,Oligo,-0.0128133686874553,0.957699948297376,0.998263694715803,False
TFAP2A(var.2),TFAP2A,other,Oligo,0.0111505350779167,0.963923744327794,0.998263694715803,False
TFAP2B,TFAP2B,other,Oligo,0.017688512668618,0.942960908389937,0.998263694715803,False
TFAP2B(var.2),TFAP2B,other,Oligo,0.0122687017515355,0.956191058200688,0.998263694715803,False
TFAP2B(var.3),TFAP2B,other,Oligo,0.0040396357872151,0.985699828628729,0.998263694715803,False
TFAP2C,TFAP2C,other,Oligo,0.0215652302531065,0.93095215923324,0.998263694715803,False
TFAP2C(var.3),TFAP2C,other,Oligo,0.013027574486472,0.955873444222531,0.998263694715803,False
BHLHE40,BHLHE40,bHLH-neural,Oligo,0.0870193150875509,0.2788973085744,0.998263694715803,False
BHLHE23,BHLHE23,bHLH-neural,Oligo,-0.0121441847480461,0.938143196280332,0.998263694715803,False
BHLHE22,BHLHE22,bHLH-neural,Oligo,-0.0222004235092838,0.882011384625708,0.998263694715803,False
CLOCK,CLOCK,bHLH-other,Oligo,0.000660982014275,0.993962130857529,0.998263694715803,False
FIGLA,FIGLA,other,Oligo,-0.0964550944857001,0.540808656203116,0.998263694715803,False
HES5,HES5,bHLH-neural,Oligo,-0.0610384951747945,0.578037805311445,0.998263694715803,False
HES7,HES7,bHLH-neural,Oligo,-0.0414365979124666,0.690331048744619,0.998263694715803,False
HEY1,HEY1,bHLH-neural,Oligo,0.0266228316729351,0.783736606791393,0.998263694715803,False
MAX,MAX,bHLH-other,Oligo,0.0145832439488463,0.893568500232086,0.998263694715803,False
MNT,MNT,bHLH-other,Oligo,0.0221514549368445,0.827017697263782,0.998263694715803,False
OLIG1,OLIG1,bHLH-neural,Oligo,0.0020689581335641,0.989046599677688,0.998263694715803,False
OLIG3,OLIG3,bHLH-neural,Oligo,-0.0122719476260403,0.94494306882407,0.998263694715803,False
SREBF2(var.2),SREBF2,bHLH-other,Oligo,0.0878688040535548,0.303191359034398,0.998263694715803,False
ATF7,ATF7,other,Oligo,-0.0615786060965078,0.494633631052581,0.998263694715803,False
CEBPB,CEBPB,CEBP,Oligo,0.0668584347689813,0.658149495304119,0.998263694715803,False
CEBPE,CEBPE,CEBP,Oligo,0.0663709142338458,0.666294372306963,0.998263694715803,False
CEBPG,CEBPG,CEBP,Oligo,0.0337876258784832,0.776033830853626,0.998263694715803,False
CREB3L1,CREB3L1,other,Oligo,-0.0235970045564057,0.864315172962098,0.998263694715803,False
NFE2,NFE2,other,Oligo,0.128423809235168,0.529209718812557,0.998263694715803,False
TEF,TEF,other,Oligo,0.0186663843245035,0.900116106080205,0.998263694715803,False
XBP1,XBP1,other,Oligo,-0.0661666736955145,0.564682679689877,0.998263694715803,False
FOXB1,FOXB1,FOX,Oligo,0.0247314092980724,0.901678405942353,0.998263694715803,False
FOXC1,FOXC1,FOX,Oligo,0.0858673071227932,0.698626962537143,0.998263694715803,False
FOXC2,FOXC2,FOX,Oligo,0.0829383406763987,0.697938535048529,0.998263694715803,False
FOXO4,FOXO4,FOX,Oligo,0.118047658390397,0.451738357430794,0.998263694715803,False
FOXO6,FOXO6,FOX,Oligo,0.118047658390397,0.451738357430794,0.998263694715803,False
FOXP3,FOXP3,FOX,Oligo,0.118047658390397,0.451738357430794,0.998263694715803,False
RXRB,RXRB,NR,Oligo,-0.0548102685321036,0.722852436675647,0.998263694715803,False
RXRG,RXRG,NR,Oligo,-0.0335004872523573,0.82146487948434,0.998263694715803,False
TP63,TP63,TP53fam,Oligo,-0.0310047994740096,0.797840160764973,0.998263694715803,False
TP53,TP53,TP53fam,Oligo,-0.0038579008291878,0.97896417839259,0.998263694715803,False
TP73,TP73,TP53fam,Oligo,-0.0320703353165424,0.76821114686506,0.998263694715803,False
GMEB2,GMEB2,other,Oligo,0.0102972482265587,0.904182568092008,0.998263694715803,False
MTF1,MTF1,other,Oligo,-0.0330699668096276,0.851364406273651,0.998263694715803,False
E2F1,E2F1,E2F-DP,Oligo,-0.0262103189920518,0.682599234961392,0.998263694715803,False
E2F8,E2F8,E2F-DP,Oligo,0.0409135122617179,0.836604736960986,0.998263694715803,False
SOX21,SOX21,SOX,Oligo,0.0082405211800875,0.957736449073835,0.998263694715803,False
TFAP2A(var.3),TFAP2A,other,Oligo,0.0065714293841683,0.977623549186837,0.998263694715803,False
ELK1,ELK1,ETS,Oligo,-0.272270368820611,0.0149751631899015,0.998263694715803,True
HOXD12,HOXD12,HOX,Oligo,-0.0094536830659163,0.934713410530313,0.998263694715803,False
BARX1,BARX1,other,Oligo,0.0416896090147707,0.779037373657978,0.998263694715803,False
BSX,BSX,other,Oligo,0.0736471087152125,0.694227958235256,0.998263694715803,False
DLX6,DLX6,homeobox-other,Oligo,0.0771527181974739,0.622331539491108,0.998263694715803,False
DUXA,DUXA,other,Oligo,0.0264974361798188,0.90460812255969,0.998263694715803,False
EMX2,EMX2,homeobox-other,Oligo,0.0782072731480118,0.676148847103221,0.998263694715803,False
EVX1,EVX1,other,Oligo,0.000799994571254,0.996238376922871,0.998263694715803,False
EVX2,EVX2,other,Oligo,0.0379332213116794,0.834172660112356,0.998263694715803,False
GBX1,GBX1,homeobox-other,Oligo,0.0531849266775104,0.76540395518028,0.998263694715803,False
GBX2,GBX2,homeobox-other,Oligo,0.0853712396064678,0.698399033765157,0.998263694715803,False
GSC2,GSC2,other,Oligo,0.0195671834114212,0.914510752511195,0.998263694715803,False
GSX1,GSX1,homeobox-other,Oligo,0.125158702148356,0.60298503930057,0.998263694715803,False
HESX1,HESX1,other,Oligo,0.0399496004958109,0.819131721513686,0.998263694715803,False
HMBOX1,HMBOX1,other,Oligo,-0.0179916811025309,0.900637044084408,0.998263694715803,False
HOXA10,HOXA10,HOX,Oligo,0.078064322424815,0.747750107937821,0.998263694715803,False
HOXB3,HOXB3,HOX,Oligo,0.130915220816901,0.583040767548393,0.998263694715803,False
HOXC10,HOXC10,HOX,Oligo,0.0025407181590164,0.988203773106849,0.998263694715803,False
HOXC12,HOXC12,HOX,Oligo,0.0232776920691806,0.864115493173045,0.998263694715803,False
HOXC13,HOXC13,HOX,Oligo,0.04057122402862,0.801495408348203,0.998263694715803,False
HOXD11,HOXD11,HOX,Oligo,0.0034920006932397,0.982876655712465,0.998263694715803,False
ISL2,ISL2,other,Oligo,0.107638381517235,0.623651480988593,0.998263694715803,False
FOXK1,FOXK1,FOX,Oligo,0.104722433435235,0.52141256684654,0.998263694715803,False
GATA2,GATA2,GATA,Oligo,-0.0428777180999078,0.774221818119446,0.998263694715803,False
HIF1A,HIF1A,bHLH-other,Oligo,-0.023702621662813,0.859405950207033,0.998263694715803,False
MYC,MYC,bHLH-other,Oligo,0.0012878162584512,0.991879939236112,0.998263694715803,False
MYB,MYB,other,Oligo,-0.0100923075284783,0.945406876386862,0.998263694715803,False
MYCN,MYCN,bHLH-other,Oligo,0.008903938794985,0.935529948855743,0.998263694715803,False
NEUROD1,NEUROD1,bHLH-neural,Oligo,-0.157898979477172,0.45277731729765,0.998263694715803,False
NFIC,NFIC,other,Oligo,0.202976103078258,0.485564549679235,0.998263694715803,False
NFYA,NFYA,other,Oligo,-0.0691721729715586,0.596931067494817,0.998263694715803,False
NR1H4,NR1H4,NR,Oligo,0.0245037764243598,0.873831077151611,0.998263694715803,False
NR2F2,NR2F2,NR,Oligo,-0.024493763721678,0.890295970742089,0.998263694715803,False
PAX5,PAX5,homeobox-other,Oligo,-0.0665656308512577,0.562047966571544,0.998263694715803,False
PBX3,PBX3,homeobox-other,Oligo,-0.082886695132946,0.626450168565005,0.998263694715803,False
POU5F1,POU5F1,homeobox-other,Oligo,0.0690839065520858,0.767766343954017,0.998263694715803,False
RBPJ,RBPJ,other,Oligo,-0.0224789571507744,0.93546950973009,0.998263694715803,False
RELB,RELB,NFKB-REL,Oligo,0.0470651550251547,0.804698218534852,0.998263694715803,False
SIX1,SIX1,homeobox-other,Oligo,0.043858535484255,0.844860657983793,0.998263694715803,False
SIX2,SIX2,homeobox-other,Oligo,0.0353963661527489,0.880722030385063,0.998263694715803,False
SOX10,SOX10,SOX,Oligo,-0.0375276010354896,0.789445755853184,0.998263694715803,False
SOX13,SOX13,SOX,Oligo,-0.11702218119172,0.348711882140882,0.998263694715803,False
TEAD2,TEAD2,TEAD,Oligo,-0.0254368091952738,0.916556056358718,0.998263694715803,False
TFDP1,TFDP1,E2F-DP,Oligo,-0.0338752413026154,0.877834726101073,0.998263694715803,False
ZBTB7A,ZBTB7A,ZBTB,Oligo,-0.186549871474947,0.342787155970629,0.998263694715803,False
ZEB1,ZEB1,other,Oligo,-0.137068995752482,0.540010908861196,0.998263694715803,False
ZNF24,ZNF24,ZNF-KRAB,Oligo,-0.0228777550796174,0.920401819789777,0.998263694715803,False
ZNF384,ZNF384,ZNF-KRAB,Oligo,0.103486185708,0.695501916784699,0.998263694715803,False
ZNF282,ZNF282,ZNF-KRAB,Oligo,0.0063064168725004,0.976498284314344,0.998263694715803,False
ZSCAN4,ZSCAN4,ZNF-KRAB,Oligo,0.0364170987344006,0.888491062112853,0.998263694715803,False
GATA3,GATA3,GATA,Oligo,-0.0334969686298228,0.769464293273628,0.998263694715803,False
FOS::JUN,FOS,AP-1,Oligo,0.137271715559248,0.567266479061707,0.998263694715803,False
FOS::JUN,JUN,AP-1,Oligo,0.137271715559248,0.567266479061707,0.998263694715803,False
FOS::JUN(var.2),FOS,AP-1,Oligo,-0.0667720223877124,0.536101319189371,0.998263694715803,False
FOS::JUN(var.2),JUN,AP-1,Oligo,-0.0667720223877124,0.536101319189371,0.998263694715803,False
FOSB::JUN,FOSB,AP-1,Oligo,-0.0708964995971052,0.432984433491086,0.998263694715803,False
FOSB::JUN,JUN,AP-1,Oligo,-0.0708964995971052,0.432984433491086,0.998263694715803,False
FOSL1::JUN,FOSL1,AP-1,Oligo,0.13334713900211,0.60865221042857,0.998263694715803,False
FOSL1::JUN,JUN,AP-1,Oligo,0.13334713900211,0.60865221042857,0.998263694715803,False
FOSL1::JUN(var.2),FOSL1,AP-1,Oligo,-0.0481281032486264,0.625698126416517,0.998263694715803,False
FOSL1::JUN(var.2),JUN,AP-1,Oligo,-0.0481281032486264,0.625698126416517,0.998263694715803,False
FOSL2::JUN,FOSL2,AP-1,Oligo,0.137661873258246,0.570590301212412,0.998263694715803,False
FOSL2::JUN,JUN,AP-1,Oligo,0.137661873258246,0.570590301212412,0.998263694715803,False
FOSL2::JUN(var.2),FOSL2,AP-1,Oligo,-0.0854646657381045,0.409036083178723,0.998263694715803,False
FOSL2::JUN(var.2),JUN,AP-1,Oligo,-0.0854646657381045,0.409036083178723,0.998263694715803,False
JUN::JUNB,JUN,AP-1,Oligo,0.0735779931026825,0.720788011583422,0.998263694715803,False
JUN::JUNB,JUNB,AP-1,Oligo,0.0735779931026825,0.720788011583422,0.998263694715803,False
JUN::JUNB(var.2),JUN,AP-1,Oligo,-0.0886813798401323,0.391637044129767,0.998263694715803,False
JUN::JUNB(var.2),JUNB,AP-1,Oligo,-0.0886813798401323,0.391637044129767,0.998263694715803,False
FOS::JUNB,FOS,AP-1,Oligo,0.151692245269781,0.49751564345872,0.998263694715803,False
FOS::JUNB,JUNB,AP-1,Oligo,0.151692245269781,0.49751564345872,0.998263694715803,False
FOSB::JUNB,FOSB,AP-1,Oligo,0.14665195113341,0.524457642598533,0.998263694715803,False
FOSB::JUNB,JUNB,AP-1,Oligo,0.14665195113341,0.524457642598533,0.998263694715803,False
FOSB::JUNB(var.2),FOSB,AP-1,Oligo,-0.0566485643135343,0.563937634645595,0.998263694715803,False
FOSB::JUNB(var.2),JUNB,AP-1,Oligo,-0.0566485643135343,0.563937634645595,0.998263694715803,False
FOSL1::JUNB,FOSL1,AP-1,Oligo,0.130424475975214,0.586655392509043,0.998263694715803,False
FOSL1::JUNB,JUNB,AP-1,Oligo,0.130424475975214,0.586655392509043,0.998263694715803,False
FOSL2::JUNB,FOSL2,AP-1,Oligo,0.141680503926782,0.54462430049861,0.998263694715803,False
FOSL2::JUNB,JUNB,AP-1,Oligo,0.141680503926782,0.54462430049861,0.998263694715803,False
FOSL2::JUNB(var.2),FOSL2,AP-1,Oligo,-0.0386366447377571,0.721947913932445,0.998263694715803,False
FOSL2::JUNB(var.2),JUNB,AP-1,Oligo,-0.0386366447377571,0.721947913932445,0.998263694715803,False
FOS::JUND,FOS,AP-1,Oligo,0.129361040703769,0.613896977208042,0.998263694715803,False
FOS::JUND,JUND,AP-1,Oligo,0.129361040703769,0.613896977208042,0.998263694715803,False
FOSL1::JUND,FOSL1,AP-1,Oligo,0.12992137648009,0.600287563456666,0.998263694715803,False
FOSL1::JUND,JUND,AP-1,Oligo,0.12992137648009,0.600287563456666,0.998263694715803,False
FOSL1::JUND(var.2),FOSL1,AP-1,Oligo,-0.0682386726810308,0.592317519279516,0.998263694715803,False
FOSL1::JUND(var.2),JUND,AP-1,Oligo,-0.0682386726810308,0.592317519279516,0.998263694715803,False
FOSL2::JUND,FOSL2,AP-1,Oligo,0.146823492689744,0.512982699404763,0.998263694715803,False
FOSL2::JUND,JUND,AP-1,Oligo,0.146823492689744,0.512982699404763,0.998263694715803,False
FOSL2::JUND(var.2),FOSL2,AP-1,Oligo,-0.0837585269662633,0.459918159975797,0.998263694715803,False
FOSL2::JUND(var.2),JUND,AP-1,Oligo,-0.0837585269662633,0.459918159975797,0.998263694715803,False
NR1H4::RXRA,NR1H4,NR,Oligo,0.0286936053646311,0.833434327600808,0.998263694715803,False
NR1H4::RXRA,RXRA,NR,Oligo,0.0286936053646311,0.833434327600808,0.998263694715803,False
NR4A2::RXRA,NR4A2,NR,Oligo,-0.0150063738761059,0.899902889568257,0.998263694715803,False
NR4A2::RXRA,RXRA,NR,Oligo,-0.0150063738761059,0.899902889568257,0.998263694715803,False
PPARA::RXRA,PPARA,NR,Oligo,0.00329227514582,0.986464587958895,0.998263694715803,False
PPARA::RXRA,RXRA,NR,Oligo,0.00329227514582,0.986464587958895,0.998263694715803,False
RARA::RXRG,RARA,NR,Oligo,-0.0724284998783223,0.708792178623773,0.998263694715803,False
RARA::RXRG,RXRG,NR,Oligo,-0.0724284998783223,0.708792178623773,0.998263694715803,False
RORB,RORB,NR,Oligo,0.116997206128108,0.598524015499995,0.998263694715803,False
RORC,RORC,NR,Oligo,0.14012149374878,0.569666990446419,0.998263694715803,False
SOX15,SOX15,SOX,Oligo,-0.0272199266062126,0.784544581150283,0.998263694715803,False
TFE3,TFE3,bHLH-other,Oligo,0.190796785762572,0.111731883062819,0.998263694715803,False
VDR,VDR,NR,Oligo,-0.044137428835763,0.747483020812483,0.998263694715803,False
IRF3,IRF3,IRF,Oligo,0.198342778811772,0.580625287743563,0.998263694715803,False
IRF4,IRF4,IRF,Oligo,0.179757937528719,0.508287526170941,0.998263694715803,False
IRF5,IRF5,IRF,Oligo,0.0862814808028129,0.669101981173213,0.998263694715803,False
TCF7L1,TCF7L1,TCF-LEF,Oligo,0.0863072531492365,0.740533045470889,0.998263694715803,False
ARGFX,ARGFX,other,Oligo,0.103424344214645,0.657375640076357,0.998263694715803,False
ARNT2,ARNT2,bHLH-other,Oligo,0.103617083513043,0.296915739742839,0.998263694715803,False
ATF6,ATF6,other,Oligo,-0.0428340811593513,0.741407889448555,0.998263694715803,False
ATOH1(var.2),ATOH1,bHLH-neural,Oligo,-0.106429850596067,0.561260924483751,0.998263694715803,False
ATOH7,ATOH7,bHLH-neural,Oligo,-0.0363898848030234,0.791489101965548,0.998263694715803,False
BACH2,BACH2,other,Oligo,0.129557375427565,0.483369362788411,0.998263694715803,False
BACH2(var.2),BACH2,other,Oligo,-0.0781745743380132,0.435963195162787,0.998263694715803,False
BARX2,BARX2,other,Oligo,-0.0041042599704311,0.985115029764715,0.998263694715803,False
BHLHA15(var.2),BHLHA15,bHLH-neural,Oligo,-0.101507690966057,0.564813995682257,0.998263694715803,False
CDX4,CDX4,other,Oligo,0.0448572495465004,0.834000988486157,0.998263694715803,False
CREB3L4,CREB3L4,other,Oligo,-0.0052310005779648,0.963539759755328,0.998263694715803,False
CREB3L4(var.2),CREB3L4,other,Oligo,-0.0496930266443451,0.641093739783753,0.998263694715803,False
DLX5,DLX5,homeobox-other,Oligo,0.0879951375759078,0.677434945928593,0.998263694715803,False
DMRTA2,DMRTA2,other,Oligo,0.0046815853374385,0.977325897124845,0.998263694715803,False
DMRTC2,DMRTC2,other,Oligo,-0.0060309320304901,0.967462270837737,0.998263694715803,False
DPRX,DPRX,other,Oligo,-0.0598913896714232,0.697954686317163,0.998263694715803,False
DRGX,DRGX,other,Oligo,0.09834117719681,0.638038214603957,0.998263694715803,False
ELF2,ELF2,ETS,Oligo,-0.192510843567766,0.0636330658816389,0.998263694715803,False
ETS2,ETS2,ETS,Oligo,-0.185784594228662,0.067939197716762,0.998263694715803,False
FERD3L,FERD3L,bHLH-neural,Oligo,-0.0180499785320641,0.905805193033429,0.998263694715803,False
FOXE1,FOXE1,FOX,Oligo,0.0682349772483338,0.751103725245505,0.998263694715803,False
FOXN3,FOXN3,FOX,Oligo,0.116252712427381,0.418526233458222,0.998263694715803,False
GLI3,GLI3,other,Oligo,-0.0864202253317211,0.66888849278564,0.998263694715803,False
HES6,HES6,bHLH-neural,Oligo,0.0065889256744123,0.951008122885234,0.998263694715803,False
HNF4A(var.2),HNF4A,NR,Oligo,-0.0124787498111487,0.942617138862415,0.998263694715803,False
HOXA1,HOXA1,HOX,Oligo,0.033258709175314,0.839905042653093,0.998263694715803,False
HOXA4,HOXA4,HOX,Oligo,0.0325753507613996,0.839508727652995,0.998263694715803,False
HOXA6,HOXA6,HOX,Oligo,0.0670760472811719,0.736611300279419,0.998263694715803,False
HOXA7,HOXA7,HOX,Oligo,0.0143665266485026,0.904166295873229,0.998263694715803,False
HOXB4,HOXB4,HOX,Oligo,0.0343498299286074,0.859098253926715,0.998263694715803,False
HOXB6,HOXB6,HOX,Oligo,0.109781651089222,0.596740922300288,0.998263694715803,False
HOXB7,HOXB7,HOX,Oligo,0.0800405354514276,0.720028195835117,0.998263694715803,False
HOXB8,HOXB8,HOX,Oligo,0.0399201046406904,0.754291672127843,0.998263694715803,False
HOXB9,HOXB9,HOX,Oligo,0.0006235706746794,0.996686658863171,0.998263694715803,False
HOXC4,HOXC4,HOX,Oligo,0.0088796466320478,0.956372581707556,0.998263694715803,False
HOXC8,HOXC8,HOX,Oligo,0.0421591631821101,0.803923655988848,0.998263694715803,False
HOXD10,HOXD10,HOX,Oligo,-0.0181219725233996,0.894473980978678,0.998263694715803,False
HOXD4,HOXD4,HOX,Oligo,0.0336506225801142,0.839280499541714,0.998263694715803,False
IKZF1,IKZF1,other,Oligo,0.196901616749787,0.576360600921024,0.998263694715803,False
IRF6,IRF6,IRF,Oligo,0.0907319594843944,0.496631945655373,0.998263694715803,False
KLF10,KLF10,KLF-SP,Oligo,-0.0821866375469451,0.723463608218285,0.998263694715803,False
KLF11,KLF11,KLF-SP,Oligo,-0.0602959921536858,0.789777602681082,0.998263694715803,False
KLF15,KLF15,KLF-SP,Oligo,-0.0560498837652393,0.809573155218212,0.998263694715803,False
KLF17,KLF17,KLF-SP,Oligo,0.0210466656072023,0.934218188693881,0.998263694715803,False
KLF2,KLF2,KLF-SP,Oligo,-0.0982271971495721,0.6216654266048,0.998263694715803,False
KLF3,KLF3,KLF-SP,Oligo,-0.161777164724191,0.418515047163501,0.998263694715803,False
KLF6,KLF6,KLF-SP,Oligo,-0.163908112444389,0.441125238262445,0.998263694715803,False
LHX1,LHX1,homeobox-other,Oligo,0.0714107577119164,0.676927613964278,0.998263694715803,False
LHX5,LHX5,homeobox-other,Oligo,0.102347638234098,0.642472748666635,0.998263694715803,False
MAF,MAF,other,Oligo,0.0091050257215423,0.961774815161608,0.998263694715803,False
MAFA,MAFA,other,Oligo,-0.0118025504094461,0.948810860822711,0.998263694715803,False
MAZ,MAZ,other,Oligo,0.0540583831050302,0.82192621508663,0.998263694715803,False
MSANTD3,MSANTD3,other,Oligo,-0.0737724247105139,0.735580421642885,0.998263694715803,False
MSGN1,MSGN1,other,Oligo,0.0120728616998165,0.935775315626882,0.998263694715803,False
NFATC4,NFATC4,other,Oligo,0.107232906128002,0.679866608533427,0.998263694715803,False
NFIC(var.2),NFIC,other,Oligo,0.0714142526900917,0.744426069269308,0.998263694715803,False
NFIX(var.2),NFIX,other,Oligo,0.109048450489102,0.609063001342656,0.998263694715803,False
NHLH2,NHLH2,bHLH-neural,Oligo,-0.11281060069956,0.454564829351403,0.998263694715803,False
NKX6-3,NKX6-3,homeobox-other,Oligo,-0.0048135344536506,0.982229984356326,0.998263694715803,False
NR1D1,NR1D1,NR,Oligo,-0.0552222595527924,0.617208794696381,0.998263694715803,False
NR1D2,NR1D2,NR,Oligo,-0.0125130612931408,0.92274227944711,0.998263694715803,False
NR1I2,NR1I2,NR,Oligo,-0.0451416991320169,0.765812201369782,0.998263694715803,False
NR1I3,NR1I3,NR,Oligo,0.110627208980126,0.581513959662996,0.998263694715803,False
NR2C1,NR2C1,NR,Oligo,-0.102546389936751,0.306408366738839,0.998263694715803,False
NR2C2(var.2),NR2C2,NR,Oligo,-0.010282223101987,0.949320547298963,0.998263694715803,False
NR2F1(var.2),NR2F1,NR,Oligo,-0.0354171919175852,0.823527132103438,0.998263694715803,False
NR2F1(var.3),NR2F1,NR,Oligo,-0.0363111395660392,0.808309317114339,0.998263694715803,False
NR2F6(var.3),NR2F6,NR,Oligo,-0.0523682637966773,0.72925437348455,0.998263694715803,False
NR5A1,NR5A1,NR,Oligo,-0.0484577771684158,0.791356819624565,0.998263694715803,False
NR6A1,NR6A1,NR,Oligo,-0.0032283131073994,0.985648251340316,0.998263694715803,False
OSR1,OSR1,other,Oligo,-0.0794636707945785,0.618867452485962,0.998263694715803,False
OVOL1,OVOL1,other,Oligo,-0.0674916424664103,0.437153120275733,0.998263694715803,False
OVOL2,OVOL2,other,Oligo,-0.0757655882440268,0.348701003151698,0.998263694715803,False
PAX3(var.2),PAX3,homeobox-other,Oligo,-0.0461852807438323,0.602372376106458,0.998263694715803,False
PITX2,PITX2,other,Oligo,-0.0239637233148308,0.85150421763355,0.998263694715803,False
PLAGL2,PLAGL2,other,Oligo,0.0049099360122826,0.98084354564111,0.998263694715803,False
POU6F1(var.2),POU6F1,homeobox-other,Oligo,0.0656421691981581,0.78396479891579,0.998263694715803,False
PPARD,PPARD,NR,Oligo,-0.0237109612388693,0.886432456003753,0.998263694715803,False
RARB(var.3),RARB,NR,Oligo,-0.0480768118883282,0.684326308726702,0.998263694715803,False
RARG(var.3),RARG,NR,Oligo,-0.0107649657128144,0.924548772036163,0.998263694715803,False
RFX7,RFX7,RFX,Oligo,-0.0377425902719338,0.839631762770627,0.998263694715803,False
RXRB(var.2),RXRB,NR,Oligo,-0.101591134590152,0.36595839209781,0.998263694715803,False
RXRG(var.2),RXRG,NR,Oligo,-0.0862986703389219,0.453664808675186,0.998263694715803,False
SMAD5,SMAD5,SMAD,Oligo,-0.023048717536102,0.831141368867456,0.998263694715803,False
SNAI1,SNAI1,other,Oligo,-0.160403504542387,0.410993292004906,0.998263694715803,False
SNAI3,SNAI3,other,Oligo,-0.148616190170084,0.385296100259729,0.998263694715803,False
SOHLH2,SOHLH2,other,Oligo,0.0137338433363623,0.875504629006358,0.998263694715803,False
SOX12,SOX12,SOX,Oligo,-0.0568299883459683,0.473134226303319,0.998263694715803,False
SOX14,SOX14,SOX,Oligo,-0.121389664690641,0.235058804227795,0.998263694715803,False
SOX18,SOX18,SOX,Oligo,-0.0919957506708906,0.309444725682916,0.998263694715803,False
SP9,SP9,KLF-SP,Oligo,-0.0491949282331783,0.823890750333007,0.998263694715803,False
TBX18,TBX18,other,Oligo,-0.118372697193125,0.594746591478589,0.998263694715803,False
TBX3,TBX3,other,Oligo,-0.0660688626603751,0.682682733304222,0.998263694715803,False
TBX6,TBX6,other,Oligo,-0.0930133912356737,0.503101155606748,0.998263694715803,False
TCF21(var.2),TCF21,other,Oligo,-0.0302608452099687,0.807636385866449,0.998263694715803,False
TFAP2E,TFAP2E,other,Oligo,0.0085436465008663,0.970789348483146,0.998263694715803,False
TFAP4(var.2),TFAP4,other,Oligo,0.0085781231480519,0.944413453396771,0.998263694715803,False
TGIF2LX,TGIF2LX,other,Oligo,-0.0731558585371043,0.563993599325295,0.998263694715803,False
TGIF2LY,TGIF2LY,other,Oligo,-0.048038292350612,0.727403442222145,0.998263694715803,False
THAP11,THAP11,other,Oligo,-0.113467024193902,0.484702190064212,0.998263694715803,False
THRB,THRB,NR,Oligo,-0.0621411656897636,0.721935029521082,0.998263694715803,False
THRB(var.2),THRB,NR,Oligo,-0.0254628240203522,0.876028379560799,0.998263694715803,False
THRB(var.3),THRB,NR,Oligo,-0.0755450823505013,0.619609238187539,0.998263694715803,False
TLX2,TLX2,other,Oligo,0.0988055483681994,0.613462551886482,0.998263694715803,False
VEZF1,VEZF1,other,Oligo,0.0474067727372354,0.758618119733067,0.998263694715803,False
ZBTB26,ZBTB26,ZBTB,Oligo,0.0402629913227986,0.871115176119894,0.998263694715803,False
ZBTB32,ZBTB32,ZBTB,Oligo,-0.130806695054867,0.306006137993444,0.998263694715803,False
ZBTB6,ZBTB6,ZBTB,Oligo,-0.0448548164145779,0.832935552129517,0.998263694715803,False
ZFP57,ZFP57,other,Oligo,-0.0210366911315115,0.884047530786267,0.998263694715803,False
ZIC5,ZIC5,other,Oligo,-0.0517946508525153,0.809361838193843,0.998263694715803,False
ZKSCAN1,ZKSCAN1,ZNF-KRAB,Oligo,-0.0573116831971418,0.682486684542644,0.998263694715803,False
ZNF135,ZNF135,ZNF-KRAB,Oligo,-0.158275400592794,0.199039461993638,0.998263694715803,False
ZNF136,ZNF136,ZNF-KRAB,Oligo,0.0802716331153159,0.689140769668979,0.998263694715803,False
ZNF140,ZNF140,ZNF-KRAB,Oligo,-0.0531867556147731,0.783878128849941,0.998263694715803,False
ZNF274,ZNF274,ZNF-KRAB,Oligo,0.039742368959624,0.844763873597269,0.998263694715803,False
ZNF317,ZNF317,ZNF-KRAB,Oligo,0.0124408704998242,0.95742352987919,0.998263694715803,False
ZNF382,ZNF382,ZNF-KRAB,Oligo,-0.0733297323571565,0.652456430160844,0.998263694715803,False
ZNF460,ZNF460,ZNF-KRAB,Oligo,-0.0421792450764911,0.79992041402681,0.998263694715803,False
ZNF528,ZNF528,ZNF-KRAB,Oligo,0.0562203489554435,0.820969715425275,0.998263694715803,False
ZNF682,ZNF682,ZNF-KRAB,Oligo,-0.0465022088967901,0.831018509683922,0.998263694715803,False
ZNF684,ZNF684,ZNF-KRAB,Oligo,0.0240070607094734,0.913033528836589,0.998263694715803,False
ZNF75D,ZNF75D,ZNF-KRAB,Oligo,-0.0636292142798789,0.808104610045292,0.998263694715803,False
ZSCAN29,ZSCAN29,ZNF-KRAB,Oligo,-0.0643930776619007,0.654214860870011,0.998263694715803,False
ASCL1,ASCL1,other,Oligo,-0.0413798269280206,0.828964998583997,0.998263694715803,False
ATF3,ATF3,other,Oligo,-0.0496506387640542,0.672741966388689,0.998263694715803,False
BARHL1,BARHL1,homeobox-other,Oligo,-0.0185119093904511,0.815131341923273,0.998263694715803,False
BATF::JUN,BATF,AP-1,Oligo,0.157953373440711,0.571577310994159,0.998263694715803,False
BATF::JUN,JUN,AP-1,Oligo,0.157953373440711,0.571577310994159,0.998263694715803,False
BCL6,BCL6,other,Oligo,0.0292608896903324,0.878098166805092,0.998263694715803,False
CDX1,CDX1,other,Oligo,0.0470525578712558,0.813559645387429,0.998263694715803,False
E2F2,E2F2,E2F-DP,Oligo,-0.0740940294717913,0.123157311357202,0.998263694715803,False
E2F3,E2F3,E2F-DP,Oligo,0.0499947635428316,0.358398218039288,0.998263694715803,False
E2F4,E2F4,E2F-DP,Oligo,0.0079354221452209,0.909459551397017,0.998263694715803,False
EMX1,EMX1,homeobox-other,Oligo,0.0860449608264297,0.632261860561624,0.998263694715803,False
FOXD2,FOXD2,FOX,Oligo,0.101396176266328,0.630974182874492,0.998263694715803,False
GATA5,GATA5,GATA,Oligo,-0.0450517345511493,0.721313299290191,0.998263694715803,False
GFI1,GFI1,other,Oligo,-0.0320543837737941,0.861252278968992,0.998263694715803,False
GLI2,GLI2,other,Oligo,-0.102894603263422,0.607848244372753,0.998263694715803,False
GSX2,GSX2,homeobox-other,Oligo,0.0860449608264297,0.632261860561624,0.998263694715803,False
HES1,HES1,bHLH-neural,Oligo,0.0525221762608009,0.730468608558243,0.998263694715803,False
HES2,HES2,bHLH-neural,Oligo,0.0472268078132511,0.644559004281966,0.998263694715803,False
HOXA13,HOXA13,HOX,Oligo,0.016256835805557,0.930494838276768,0.998263694715803,False
HOXA2,HOXA2,HOX,Oligo,0.0584006399928959,0.759468125914536,0.998263694715803,False
HOXA5,HOXA5,HOX,Oligo,0.033258709175314,0.839905042653093,0.998263694715803,False
HOXA9,HOXA9,HOX,Oligo,0.0222551307320354,0.740421815465178,0.998263694715803,False
HOXB2,HOXB2,HOX,Oligo,0.0860449608264297,0.632261860561624,0.998263694715803,False
HOXB5,HOXB5,HOX,Oligo,0.033258709175314,0.839905042653093,0.998263694715803,False
HOXC9,HOXC9,HOX,Oligo,-0.0071653350627576,0.959129486328704,0.998263694715803,False
HOXD13,HOXD13,HOX,Oligo,-0.0066081053950873,0.965621832462781,0.998263694715803,False
HOXD3,HOXD3,HOX,Oligo,0.0860449608264297,0.632261860561624,0.998263694715803,False
HOXD8,HOXD8,HOX,Oligo,0.0143665266485026,0.904166295873229,0.998263694715803,False
HOXD9,HOXD9,HOX,Oligo,0.0510200634555414,0.82786695544605,0.998263694715803,False
JUNB(var.2),JUNB,AP-1,Oligo,-0.0528781484513204,0.590676784892952,0.998263694715803,False
LHX9,LHX9,homeobox-other,Oligo,0.0988055483681994,0.613462551886482,0.998263694715803,False
LMX1A,LMX1A,other,Oligo,0.0980760226143791,0.617298259919479,0.998263694715803,False
LMX1B,LMX1B,other,Oligo,0.12094887160812,0.629081017494593,0.998263694715803,False
NEUROG1,NEUROG1,bHLH-neural,Oligo,-0.0327432987230387,0.826384364437705,0.998263694715803,False
NRL,NRL,other,Oligo,-3.17814880996248e-05,0.99986708493189,0.99986708493189,False
PITX1,PITX1,other,Oligo,0.019564935571006,0.893563203465087,0.998263694715803,False
PRRX2,PRRX2,other,Oligo,0.0988055483681994,0.613462551886482,0.998263694715803,False
SOX4,SOX4,SOX,Oligo,-0.079616223540835,0.47513196263585,0.998263694715803,False
SOX8,SOX8,SOX,Oligo,-0.117255557780542,0.403565742269665,0.998263694715803,False
SP1,SP1,KLF-SP,Oligo,-0.142319025166375,0.473531798895052,0.998263694715803,False
SP2,SP2,KLF-SP,Oligo,-0.0546820880642576,0.8152003485557,0.998263694715803,False
SP3,SP3,KLF-SP,Oligo,-0.0779268592187258,0.718088191491551,0.998263694715803,False
TCFL5,TCFL5,other,Oligo,0.0737554148964811,0.689602489917141,0.998263694715803,False
TFEC,TFEC,other,Oligo,0.165627276041004,0.166827362846675,0.998263694715803,False
ZNF740,ZNF740,ZNF-KRAB,Oligo,0.0461001972914685,0.819656744651577,0.998263694715803,False
ASCL1(var.2),ASCL1,other,Oligo,-0.0942774009705244,0.671764114281326,0.998263694715803,False
ATF2,ATF2,other,Oligo,-0.0377973846972918,0.698511660664329,0.998263694715803,False
BACH1,BACH1,other,Oligo,0.065591150013003,0.792221914503816,0.998263694715803,False
BATF,BATF,AP-1,Oligo,0.163130319510118,0.568265048600251,0.998263694715803,False
BHLHE22(var.2),BHLHE22,bHLH-neural,Oligo,-0.0830626794572424,0.5782276180933,0.998263694715803,False
CEBPG(var.2),CEBPG,CEBP,Oligo,0.0413918105892955,0.820740605300537,0.998263694715803,False
EBF3,EBF3,other,Oligo,-0.01623232776423,0.946417357385521,0.998263694715803,False
HAND2,HAND2,bHLH-neural,Oligo,-0.164071843108613,0.335845879548683,0.998263694715803,False
MEIS1(var.2),MEIS1,homeobox-other,Oligo,0.0327020689284245,0.875692642059241,0.998263694715803,False
MEIS2(var.2),MEIS2,homeobox-other,Oligo,0.0708607605293344,0.771209650742922,0.998263694715803,False
MYF5,MYF5,bHLH-neural,Oligo,-0.163492308399254,0.254870859749033,0.998263694715803,False
NEUROG2(var.2),NEUROG2,bHLH-neural,Oligo,-0.164904675661006,0.439791381736058,0.998263694715803,False
NFIB,NFIB,other,Oligo,0.0753132145444194,0.749511825768959,0.998263694715803,False
NFYC,NFYC,other,Oligo,-0.0521751993646723,0.668267129463338,0.998263694715803,False
NKX2-2,NKX2-2,homeobox-other,Oligo,-0.0149276540450129,0.942788872381471,0.998263694715803,False
OSR2,OSR2,other,Oligo,0.0138542726984724,0.95859782438771,0.998263694715803,False
PRDM4,PRDM4,other,Oligo,0.0580446042142285,0.843222560506831,0.998263694715803,False
TCF12(var.2),TCF12,bHLH-neural,Oligo,-0.118838592508311,0.594895676125837,0.998263694715803,False
ZBTB12,ZBTB12,ZBTB,Oligo,-0.0133710767187952,0.941763001931547,0.998263694715803,False
ZBTB14,ZBTB14,ZBTB,Oligo,-0.0376681828468237,0.872560623100471,0.998263694715803,False
ZFP42,ZFP42,other,Oligo,-0.114888354361657,0.289907175350745,0.998263694715803,False
ZKSCAN5,ZKSCAN5,ZNF-KRAB,Oligo,0.0556401048786566,0.849794888140937,0.998263694715803,False
ZNF148,ZNF148,ZNF-KRAB,Oligo,0.0353148426720348,0.876806842088,0.998263694715803,False
ZNF16,ZNF16,ZNF-KRAB,Oligo,0.0139115526646133,0.952522352806113,0.998263694715803,False
ZNF341,ZNF341,ZNF-KRAB,Oligo,-0.045119360097705,0.844465682111235,0.998263694715803,False
ZNF449,ZNF449,ZNF-KRAB,Oligo,-0.0424091518651696,0.834524059928137,0.998263694715803,False
ZNF652,ZNF652,ZNF-KRAB,Oligo,0.0562417012956301,0.803838998217106,0.998263694715803,False
FOXA3,FOXA3,FOX,Oligo,0.0853198878810982,0.588722606859255,0.998263694715803,False
ATF4,ATF4,other,Oligo,0.0325194884214292,0.870928613206694,0.998263694715803,False
BATF3,BATF3,AP-1,Oligo,0.150342964278175,0.603812106731135,0.998263694715803,False
CDX2,CDX2,other,Oligo,0.0362575024312809,0.863908855200933,0.998263694715803,False
CEBPA,CEBPA,CEBP,Oligo,0.150580816273522,0.548507265292981,0.998263694715803,False
CEBPD,CEBPD,CEBP,Oligo,0.169458725665952,0.497267083869417,0.998263694715803,False
CREB1,CREB1,other,Oligo,-0.0728859137039222,0.563786222347665,0.998263694715803,False
CTCFL,CTCFL,CTCF,Oligo,-0.0739346666530808,0.704549906395256,0.998263694715803,False
E2F6,E2F6,E2F-DP,Oligo,0.0095194174243602,0.970729072427238,0.998263694715803,False
EBF1,EBF1,other,Oligo,-0.0111987790883423,0.964454687680796,0.998263694715803,False
EGR1,EGR1,EGR-WT1,Oligo,-0.0557820812380686,0.823803241876251,0.998263694715803,False
EHF,EHF,ETS,Oligo,0.130300932417698,0.688006373236494,0.998263694715803,False
ELF1,ELF1,ETS,Oligo,0.0816601053164023,0.78350410554964,0.998263694715803,False
ELF3,ELF3,ETS,Oligo,0.122880320630954,0.697737523230774,0.998263694715803,False
ESRRA,ESRRA,NR,Oligo,-0.0312781496455296,0.868480611467006,0.998263694715803,False
ETV1,ETV1,ETS,Oligo,0.094771904452746,0.75953577707328,0.998263694715803,False
ETV4,ETV4,ETS,Oligo,0.124394852304106,0.69817144014695,0.998263694715803,False
ETV5,ETV5,ETS,Oligo,-0.126056458045022,0.320586623144369,0.998263694715803,False
FOSL1,FOSL1,AP-1,Oligo,0.131669642664185,0.603353458951729,0.998263694715803,False
FOXA1,FOXA1,FOX,Oligo,0.040859306275765,0.829974754849074,0.998263694715803,False
FOXA2,FOXA2,FOX,Oligo,0.0699314187232964,0.693745587966733,0.998263694715803,False
FOXK2,FOXK2,FOX,Oligo,0.101723103105228,0.527143840832955,0.998263694715803,False
FOXP1,FOXP1,FOX,Oligo,0.0811178124584398,0.638687557161542,0.998263694715803,False
GABPA,GABPA,ETS,Oligo,0.098923590914874,0.75438016528883,0.998263694715803,False
GATA1,GATA1,GATA,Oligo,0.0171427160257612,0.903279638586382,0.998263694715803,False
GATA4,GATA4,GATA,Oligo,-0.0393350587534324,0.805725118520194,0.998263694715803,False
GATA6,GATA6,GATA,Oligo,-0.0027580648560497,0.985817192141061,0.998263694715803,False
GRHL2,GRHL2,other,Oligo,0.0816309989940065,0.734527863249732,0.998263694715803,False
HLF,HLF,other,Oligo,0.0417758564537245,0.846996488722397,0.998263694715803,False
HNF4A,HNF4A,NR,Oligo,0.0781837543612575,0.705529587311118,0.998263694715803,False
HNF4G,HNF4G,NR,Oligo,0.0812892602409485,0.698382465653756,0.998263694715803,False
HOXB13,HOXB13,HOX,Oligo,0.0720526375567878,0.770948596600874,0.998263694715803,False
JUNB,JUNB,AP-1,Oligo,0.132177415650908,0.593611253661384,0.998263694715803,False
JUND,JUND,AP-1,Oligo,0.141288601576021,0.558828929007944,0.998263694715803,False
KLF4,KLF4,KLF-SP,Oligo,0.0118597025896235,0.954849857117008,0.998263694715803,False
KLF9,KLF9,KLF-SP,Oligo,-0.0537835283464673,0.819735947584602,0.998263694715803,False
LHX2,LHX2,homeobox-other,Oligo,0.0885603908887502,0.679557172839765,0.998263694715803,False
MAFF,MAFF,other,Oligo,0.0409313784689237,0.873518030357727,0.998263694715803,False
MAFG,MAFG,other,Oligo,0.0411944498041658,0.870059794204987,0.998263694715803,False
MAFK,MAFK,other,Oligo,-0.0701032862230001,0.663453746657761,0.998263694715803,False
MEF2A,MEF2A,other,Oligo,0.04370205375985,0.867298953914378,0.998263694715803,False
MITF,MITF,bHLH-other,Oligo,0.141712905668915,0.148099193138717,0.998263694715803,False
MXI1,MXI1,bHLH-other,Oligo,0.0179541885254542,0.908687803264891,0.998263694715803,False
MYOD1,MYOD1,bHLH-neural,Oligo,-0.16313716819895,0.378198482841506,0.998263694715803,False
MYOG,MYOG,bHLH-neural,Oligo,-0.0560434898164909,0.726158102303204,0.998263694715803,False
MZF1,MZF1,other,Oligo,-0.0509373171601794,0.794627356902185,0.998263694715803,False
NFE2L1,NFE2L1,other,Oligo,0.0236727231637371,0.921256001201417,0.998263694715803,False
NFIL3,NFIL3,other,Oligo,0.0327673729664596,0.876171100874593,0.998263694715803,False
NFYB,NFYB,other,Oligo,0.0048684886076345,0.974238081326353,0.998263694715803,False
NKX2-5,NKX2-5,homeobox-other,Oligo,0.002271674711918,0.989863963161086,0.998263694715803,False
NR4A1,NR4A1,NR,Oligo,0.0387494112742969,0.863263123687315,0.998263694715803,False
ONECUT1,ONECUT1,other,Oligo,0.042233153242963,0.844834085765508,0.998263694715803,False
OTX2,OTX2,homeobox-other,Oligo,0.029521617127761,0.884510041119138,0.998263694715803,False
PBX2,PBX2,homeobox-other,Oligo,0.0717782845560629,0.772340304847508,0.998263694715803,False
PHOX2B,PHOX2B,other,Oligo,0.0890311545932893,0.75489746040562,0.998263694715803,False
PKNOX1,PKNOX1,homeobox-other,Oligo,-0.0867839186245182,0.584876553758849,0.998263694715803,False
POU2F3,POU2F3,homeobox-other,Oligo,0.0618865501807467,0.802727523240339,0.998263694715803,False
PRDM1,PRDM1,other,Oligo,0.10127147160814,0.759462564729117,0.998263694715803,False
RFX1,RFX1,RFX,Oligo,0.0519749825618936,0.859097233227553,0.998263694715803,False
RFX3,RFX3,RFX,Oligo,0.0149703819213909,0.960524236975704,0.998263694715803,False
RUNX3,RUNX3,RUNX,Oligo,0.0501140662510986,0.799861549551654,0.998263694715803,False
SCRT1,SCRT1,other,Oligo,-0.0037218597327328,0.983424416245597,0.998263694715803,False
SCRT2,SCRT2,other,Oligo,0.0258267029108663,0.889098096583258,0.998263694715803,False
SNAI2,SNAI2,other,Oligo,-0.148367583143447,0.35829645218271,0.998263694715803,False
SOX2,SOX2,SOX,Oligo,-0.125944056676393,0.2545506669553,0.998263694715803,False
SPI1,SPI1,ETS,Oligo,0.248119720174843,0.519951210729571,0.998263694715803,False
SPIB,SPIB,ETS,Oligo,0.205650927242604,0.570242928167475,0.998263694715803,False
SREBF1(var.2),SREBF1,bHLH-other,Oligo,-0.0469917023709297,0.543350904732227,0.998263694715803,False
TCF3,TCF3,bHLH-neural,Oligo,-0.119559388619916,0.592305003511097,0.998263694715803,False
TCF4,TCF4,bHLH-neural,Oligo,-0.13058098437708,0.568620154881145,0.998263694715803,False
TCF7,TCF7,TCF-LEF,Oligo,0.150007974195975,0.522555645199634,0.998263694715803,False
TEAD1,TEAD1,TEAD,Oligo,0.018937149874663,0.93221895502138,0.998263694715803,False
TEAD4,TEAD4,TEAD,Oligo,0.0135795708952582,0.958139367291352,0.998263694715803,False
TFAP2A,TFAP2A,other,Oligo,-0.0563883040692131,0.802469329620906,0.998263694715803,False
TFAP2C(var.2),TFAP2C,other,Oligo,-0.0632184603682558,0.791585440451994,0.998263694715803,False
TWIST1,TWIST1,TWIST,Oligo,-0.136097466292277,0.345399603009338,0.998263694715803,False
USF1,USF1,bHLH-other,Oligo,0.153788312297797,0.212788991471788,0.998263694715803,False
USF2,USF2,bHLH-other,Oligo,0.181182092079446,0.146782891740414,0.998263694715803,False
YY2,YY2,other,Oligo,-0.173899439583803,0.077128846715396,0.998263694715803,False
ZNF263,ZNF263,ZNF-KRAB,Oligo,0.0469590629970658,0.854249785471096,0.998263694715803,False
CREM,CREM,other,Oligo,-0.0826119237049752,0.384440810664283,0.998263694715803,False
FOXF2,FOXF2,FOX,OPC,0.155724308593247,0.181947737975396,0.999690290203973,False
FOXD1,FOXD1,FOX,OPC,0.0948701390272268,0.48514381228808,0.999690290203973,False
IRF2,IRF2,IRF,OPC,0.116743459934985,0.422136039926461,0.999690290203973,False
MZF1(var.2),MZF1,other,OPC,0.024261406983658,0.898272739131958,0.999690290203973,False
MAX::MYC,MAX,bHLH-other,OPC,-0.0407182337645207,0.469480118884803,0.999690290203973,False
MAX::MYC,MYC,bHLH-other,OPC,-0.0407182337645207,0.469480118884803,0.999690290203973,False
PPARG,PPARG,NR,OPC,-0.0941395330855224,0.498408904696062,0.999690290203973,False
PAX6,PAX6,homeobox-other,OPC,-0.0440135381349712,0.604777209474816,0.999690290203973,False
PBX1,PBX1,homeobox-other,OPC,-0.0311621554781651,0.647166881525485,0.999690290203973,False
RORA,RORA,NR,OPC,-0.0001688637613151,0.998517727943216,0.999690290203973,False
RORA(var.2),RORA,NR,OPC,0.0114784374357624,0.900510883705187,0.999690290203973,False
RREB1,RREB1,other,OPC,-0.0818826304812615,0.648177250902404,0.999690290203973,False
RXRA::VDR,RXRA,NR,OPC,-0.0542413139144297,0.599675887388728,0.999690290203973,False
RXRA::VDR,VDR,NR,OPC,-0.0542413139144297,0.599675887388728,0.999690290203973,False
SOX9,SOX9,SOX,OPC,0.0279692402347795,0.851254081534903,0.999690290203973,False
SRY,SRY,other,OPC,0.0690993653087788,0.611898313601274,0.999690290203973,False
TAL1::TCF3,TAL1,other,OPC,-0.231632555385777,0.0540475538418847,0.999690290203973,False
TAL1::TCF3,TCF3,bHLH-neural,OPC,-0.231632555385777,0.0540475538418847,0.999690290203973,False
REL,REL,NFKB-REL,OPC,0.0104898143546869,0.920969240779715,0.999690290203973,False
RELA,RELA,NFKB-REL,OPC,-0.0245358302598369,0.82733630182614,0.999690290203973,False
NR1H2::RXRA,NR1H2,NR,OPC,-0.011312946851298,0.912096397414038,0.999690290203973,False
NR1H2::RXRA,RXRA,NR,OPC,-0.011312946851298,0.912096397414038,0.999690290203973,False
NFIC::TLX1,NFIC,other,OPC,-0.12291419812076,0.21571783132888,0.999690290203973,False
NFIC::TLX1,TLX1,other,OPC,-0.12291419812076,0.21571783132888,0.999690290203973,False
ZNF354C,ZNF354C,ZNF-KRAB,OPC,-0.0376530636418813,0.809124148448419,0.999690290203973,False
CTCF,CTCF,CTCF,OPC,0.25188447074369,0.328896926218468,0.999690290203973,False
EWSR1-FLI1,EWSR1-FLI1,other,OPC,-0.0230550545635071,0.900323946185271,0.999690290203973,False
REST,REST,other,OPC,-0.122921319330991,0.429645538295081,0.999690290203973,False
NFATC2,NFATC2,other,OPC,0.0091664683238292,0.951565411371343,0.999690290203973,False
INSM1,INSM1,other,OPC,-0.106099470078588,0.561627595871999,0.999690290203973,False
RARA::RXRA,RARA,NR,OPC,-0.0336903827800702,0.811225483881712,0.999690290203973,False
RARA::RXRA,RXRA,NR,OPC,-0.0336903827800702,0.811225483881712,0.999690290203973,False
NR4A2,NR4A2,NR,OPC,-0.0715917779973644,0.649021003726384,0.999690290203973,False
PLAG1,PLAG1,other,OPC,-0.0527446809369159,0.71272317564442,0.999690290203973,False
ARNT::HIF1A,ARNT,bHLH-other,OPC,0.042180745769396,0.566882401927774,0.999690290203973,False
ARNT::HIF1A,HIF1A,bHLH-other,OPC,0.042180745769396,0.566882401927774,0.999690290203973,False
DUX4,DUX4,other,OPC,-0.0151066874688612,0.874134615558058,0.999690290203973,False
FOS,FOS,AP-1,OPC,0.274530026496315,0.377158380726511,0.999690290203973,False
FOSL2,FOSL2,AP-1,OPC,0.285153077288507,0.405137203761258,0.999690290203973,False
FOXH1,FOXH1,FOX,OPC,-0.0706633841837564,0.542423479002777,0.999690290203973,False
JUN,JUN,AP-1,OPC,-0.0359526341115529,0.69831836013088,0.999690290203973,False
JUN(var.2),JUN,AP-1,OPC,0.285091936436225,0.353890231984135,0.999690290203973,False
JUND(var.2),JUND,AP-1,OPC,-0.0396651567761893,0.660793175740821,0.999690290203973,False
MEF2C,MEF2C,other,OPC,0.109331607421625,0.345806761061534,0.999690290203973,False
MAF::NFE2,MAF,other,OPC,0.0878664764024579,0.637928499073421,0.999690290203973,False
MAF::NFE2,NFE2,other,OPC,0.0878664764024579,0.637928499073421,0.999690290203973,False
NR2C2,NR2C2,NR,OPC,-0.0105450121893784,0.951045292824818,0.999690290203973,False
NRF1,NRF1,other,OPC,0.188514046500004,0.311715780077916,0.999690290203973,False
POU2F2,POU2F2,homeobox-other,OPC,-0.0830004043737396,0.521557624012916,0.999690290203973,False
SMAD2::SMAD3::SMAD4,SMAD2,SMAD,OPC,-0.205292400327932,0.197321665307624,0.999690290203973,False
SMAD2::SMAD3::SMAD4,SMAD3,SMAD,OPC,-0.205292400327932,0.197321665307624,0.999690290203973,False
SMAD2::SMAD3::SMAD4,SMAD4,SMAD,OPC,-0.205292400327932,0.197321665307624,0.999690290203973,False
STAT1::STAT2,STAT1,STAT,OPC,0.202877442762452,0.206511681574511,0.999690290203973,False
STAT1::STAT2,STAT2,STAT,OPC,0.202877442762452,0.206511681574511,0.999690290203973,False
TCF7L2,TCF7L2,TCF-LEF,OPC,0.0007150042070913,0.995631152798348,0.999690290203973,False
ZBTB33,ZBTB33,ZBTB,OPC,0.0641164929094239,0.613388668673752,0.999690290203973,False
ELK4,ELK4,ETS,OPC,-3.63832987340107e-05,0.999690290203973,0.999690290203973,False
ESR2,ESR2,NR,OPC,-0.104037802542088,0.584737937782725,0.999690290203973,False
IRF1,IRF1,IRF,OPC,0.173003019374389,0.201303163794548,0.999690290203973,False
STAT1,STAT1,STAT,OPC,-0.0577236921124425,0.631299732357239,0.999690290203973,False
STAT3,STAT3,STAT,OPC,-0.0713339887362162,0.600681810893055,0.999690290203973,False
GATA1::TAL1,GATA1,GATA,OPC,-0.0226675011018732,0.828799962483426,0.999690290203973,False
GATA1::TAL1,TAL1,other,OPC,-0.0226675011018732,0.828799962483426,0.999690290203973,False
YY1,YY1,other,OPC,-0.0409761333555898,0.713190752744307,0.999690290203973,False
FOXP2,FOXP2,FOX,OPC,0.105432891350846,0.481802648646102,0.999690290203973,False
SREBF1,SREBF1,bHLH-other,OPC,-0.0979580317140679,0.561607748561478,0.999690290203973,False
SREBF2,SREBF2,bHLH-other,OPC,-0.126081488582919,0.38457468917812,0.999690290203973,False
THAP1,THAP1,other,OPC,-0.092991754718127,0.568131215381643,0.999690290203973,False
KLF5,KLF5,KLF-SP,OPC,-0.0780926610231263,0.576850167320235,0.999690290203973,False
DMRT3,DMRT3,other,OPC,-0.0232078425443574,0.80486111845497,0.999690290203973,False
FOXG1,FOXG1,FOX,OPC,0.0948701390272268,0.48514381228808,0.999690290203973,False
LBX1,LBX1,other,OPC,-0.0272413882531778,0.811006426495365,0.999690290203973,False
NFATC3,NFATC3,other,OPC,0.0152663347337226,0.897548243853869,0.999690290203973,False
POU6F1,POU6F1,homeobox-other,OPC,0.0247922042643167,0.739554691190336,0.999690290203973,False
SHOX,SHOX,other,OPC,-0.0306958526840136,0.753485881373774,0.999690290203973,False
ALX3,ALX3,other,OPC,-0.0194830071139525,0.860431508126301,0.999690290203973,False
BARHL2,BARHL2,homeobox-other,OPC,-0.0084985821730014,0.919405556834584,0.999690290203973,False
BHLHE41,BHLHE41,bHLH-neural,OPC,0.119907083701882,0.246059410146045,0.999690290203973,False
CENPB,CENPB,other,OPC,-0.0103715194421954,0.868852519286383,0.999690290203973,False
CREB3,CREB3,other,OPC,0.080450414807349,0.08624021102028,0.999690290203973,False
DBP,DBP,other,OPC,0.136770542593349,0.123545439994028,0.999690290203973,False
ELF4,ELF4,ETS,OPC,-0.0060530943199634,0.936284569845402,0.999690290203973,False
ELF5,ELF5,ETS,OPC,0.0132875297217653,0.881926584759201,0.999690290203973,False
EN1,EN1,homeobox-other,OPC,-0.0130647410723014,0.857379883376087,0.999690290203973,False
EN2,EN2,homeobox-other,OPC,0.0153963720388056,0.873404629228064,0.999690290203973,False
ESX1,ESX1,other,OPC,0.0277636861817924,0.753384146940155,0.999690290203973,False
ETV6,ETV6,ETS,OPC,0.0922950138408392,0.323839774373735,0.999690290203973,False
FLI1,FLI1,ETS,OPC,0.0225342974582743,0.823862319897654,0.999690290203973,False
FOXI1,FOXI1,FOX,OPC,0.101404186387598,0.521576229594932,0.999690290203973,False
FOXL1,FOXL1,FOX,OPC,0.101404186387598,0.521576229594932,0.999690290203973,False
FOXO3,FOXO3,FOX,OPC,0.0948701390272268,0.48514381228808,0.999690290203973,False
GCM1,GCM1,other,OPC,-0.0438260791133974,0.692974333926133,0.999690290203973,False
GRHL1,GRHL1,other,OPC,0.0093996726371474,0.92377082901411,0.999690290203973,False
GSC,GSC,other,OPC,-0.0289699776182351,0.765865442047009,0.999690290203973,False
HEY2,HEY2,bHLH-neural,OPC,0.0391212814412424,0.572712874651306,0.999690290203973,False
HINFP,HINFP,other,OPC,0.0321304462294666,0.792673276666914,0.999690290203973,False
HNF1A,HNF1A,other,OPC,0.0522156348737735,0.40583653259928,0.999690290203973,False
HNF1B,HNF1B,other,OPC,0.0048557310233082,0.952110874216341,0.999690290203973,False
HOXC11,HOXC11,HOX,OPC,-0.0570037047588672,0.415752461105964,0.999690290203973,False
HSF1,HSF1,other,OPC,0.111364574490011,0.254633192417904,0.999690290203973,False
IRF8,IRF8,IRF,OPC,0.105181392661039,0.377678078833303,0.999690290203973,False
IRF9,IRF9,IRF,OPC,0.132111158214611,0.293870145629595,0.999690290203973,False
ISX,ISX,other,OPC,-0.0306958526840136,0.753485881373774,0.999690290203973,False
JDP2,JDP2,AP-1,OPC,0.184351436506298,0.450294332677467,0.999690290203973,False
JDP2(var.2),JDP2,AP-1,OPC,-0.112776612178491,0.103404113536391,0.999690290203973,False
KLF13,KLF13,KLF-SP,OPC,-0.133845925744952,0.371142953462549,0.999690290203973,False
LHX6,LHX6,homeobox-other,OPC,0.0282452007606376,0.729799588444467,0.999690290203973,False
MEF2B,MEF2B,other,OPC,0.0668412609092601,0.497948673694887,0.999690290203973,False
MEOX1,MEOX1,other,OPC,0.0112889918020872,0.904993747928727,0.999690290203973,False
MIXL1,MIXL1,other,OPC,0.0120898669697778,0.90939114082606,0.999690290203973,False
MLX,MLX,bHLH-other,OPC,0.0707643454818993,0.397657823335845,0.999690290203973,False
MLXIPL,MLXIPL,bHLH-other,OPC,0.111278904994046,0.282241449251527,0.999690290203973,False
MSC,MSC,bHLH-neural,OPC,-0.249095837759804,0.088583609852785,0.999690290203973,False
MSX1,MSX1,other,OPC,-0.0432845504750899,0.559954298630888,0.999690290203973,False
MYF6,MYF6,bHLH-neural,OPC,-0.2093963144535,0.0610234879470948,0.999690290203973,False
NEUROD2,NEUROD2,bHLH-neural,OPC,-0.0476292684770105,0.657154003478074,0.999690290203973,False
NEUROG2,NEUROG2,bHLH-neural,OPC,-0.150632928521542,0.084131203055476,0.999690290203973,False
NFIA,NFIA,other,OPC,-0.12225289230968,0.254205085729514,0.999690290203973,False
NFIX,NFIX,other,OPC,-0.122849619244517,0.226004024366706,0.999690290203973,False
NHLH1,NHLH1,bHLH-neural,OPC,-0.305162860569086,0.182020797681352,0.999690290203973,False
NKX2-3,NKX2-3,homeobox-other,OPC,-0.0251326777999898,0.798770569366277,0.999690290203973,False
NKX2-8,NKX2-8,homeobox-other,OPC,-0.0965922601250571,0.34141630503336,0.999690290203973,False
NKX6-1,NKX6-1,homeobox-other,OPC,-0.0582107512262768,0.55938660657505,0.999690290203973,False
NKX6-2,NKX6-2,homeobox-other,OPC,-0.0582107512262768,0.55938660657505,0.999690290203973,False
OLIG2,OLIG2,bHLH-neural,OPC,-0.0639555155004785,0.560189654343377,0.999690290203973,False
PAX4,PAX4,homeobox-other,OPC,0.003854452975884,0.967568629020487,0.999690290203973,False
PAX7,PAX7,homeobox-other,OPC,-0.0482011156299751,0.444404989991161,0.999690290203973,False
POU4F2,POU4F2,homeobox-other,OPC,-0.0437304712678481,0.701722306494902,0.999690290203973,False
SP4,SP4,KLF-SP,OPC,-0.149906829498377,0.355204197063811,0.999690290203973,False
SPDEF,SPDEF,ETS,OPC,-0.0069544892563916,0.91538023113084,0.999690290203973,False
SPIC,SPIC,ETS,OPC,0.128810302564635,0.250049355305669,0.999690290203973,False
SRF,SRF,other,OPC,0.0497319981356533,0.533637459921642,0.999690290203973,False
TBXT,TBXT,other,OPC,-0.0701439771039358,0.465706471789819,0.999690290203973,False
TBX2,TBX2,other,OPC,-0.0186014749145066,0.895187451596299,0.999690290203973,False
TBX20,TBX20,other,OPC,-0.0440653723076014,0.729285274064151,0.999690290203973,False
TBX21,TBX21,other,OPC,0.0133938177416827,0.926072437432355,0.999690290203973,False
TFAP4,TFAP4,other,OPC,-0.229807329433806,0.0591926818158175,0.999690290203973,False
TFCP2,TFCP2,other,OPC,0.0273453080495653,0.713911924048179,0.999690290203973,False
TFEB,TFEB,bHLH-other,OPC,0.0666672881056536,0.427555324471732,0.999690290203973,False
ZBTB7B,ZBTB7B,ZBTB,OPC,-0.0383877989138656,0.774877248537069,0.999690290203973,False
ZBTB7C,ZBTB7C,ZBTB,OPC,0.0143861458432909,0.91192923201381,0.999690290203973,False
ZIC1,ZIC1,other,OPC,0.048052334925528,0.751544232692795,0.999690290203973,False
ZIC3,ZIC3,other,OPC,0.0660270219574191,0.666722831978394,0.999690290203973,False
ZBTB18,ZBTB18,ZBTB,OPC,-0.342480235754305,0.0115878867722671,0.999690290203973,True
LBX2,LBX2,other,OPC,-0.0081932074208556,0.934691936718315,0.999690290203973,False
MEOX2,MEOX2,other,OPC,-0.0583449545161896,0.558106948040312,0.999690290203973,False
MNX1,MNX1,other,OPC,-0.006320632267284,0.949968480597659,0.999690290203973,False
MSX2,MSX2,other,OPC,-0.0432845504750899,0.559954298630888,0.999690290203973,False
NOTO,NOTO,other,OPC,0.0195391381767693,0.853231063293291,0.999690290203973,False
OTX1,OTX1,homeobox-other,OPC,-0.0122212894610191,0.86854990058294,0.999690290203973,False
PDX1,PDX1,other,OPC,0.0351205911720774,0.636182377533017,0.999690290203973,False
PHOX2A,PHOX2A,other,OPC,0.0658278503586008,0.526231377511761,0.999690290203973,False
PITX3,PITX3,other,OPC,-0.1094915544649,0.147738187763171,0.999690290203973,False
PROP1,PROP1,other,OPC,0.0730961926135052,0.489181422591254,0.999690290203973,False
PRRX1,PRRX1,other,OPC,-0.0306958526840136,0.753485881373774,0.999690290203973,False
RAX2,RAX2,homeobox-other,OPC,-0.0306958526840136,0.753485881373774,0.999690290203973,False
RAX,RAX,homeobox-other,OPC,0.0168084211427102,0.845508773389346,0.999690290203973,False
RHOXF1,RHOXF1,other,OPC,-0.0570442778184164,0.387439251240016,0.999690290203973,False
UNCX,UNCX,other,OPC,-0.0062798300306928,0.949873234649069,0.999690290203973,False
VAX1,VAX1,homeobox-other,OPC,-0.0208430956640457,0.814229018273791,0.999690290203973,False
VAX2,VAX2,homeobox-other,OPC,-0.0208430956640457,0.814229018273791,0.999690290203973,False
VENTX,VENTX,other,OPC,0.0520467154115727,0.292025217053233,0.999690290203973,False
VSX1,VSX1,homeobox-other,OPC,0.0038538585380969,0.970367724809336,0.999690290203973,False
VSX2,VSX2,homeobox-other,OPC,0.0038538585380969,0.970367724809336,0.999690290203973,False
ESR1,ESR1,NR,OPC,0.0187685143448351,0.867890276898442,0.999690290203973,False
ESRRB,ESRRB,NR,OPC,-0.0462352962159122,0.728727654820569,0.999690290203973,False
NR2F1,NR2F1,NR,OPC,0.0432068102198894,0.776356577018203,0.999690290203973,False
NR3C1,NR3C1,NR,OPC,0.0820392560913178,0.688229708155634,0.999690290203973,False
NR3C2,NR3C2,NR,OPC,0.0673008200910598,0.755822878189767,0.999690290203973,False
RARA,RARA,NR,OPC,-0.025833520342591,0.82195487038647,0.999690290203973,False
RARA(var.2),RARA,NR,OPC,-0.0700265306294526,0.614007698050838,0.999690290203973,False
BCL6B,BCL6B,other,OPC,-0.0507564261179273,0.647136560667513,0.999690290203973,False
EGR2,EGR2,EGR-WT1,OPC,-0.0041418070677574,0.978091031909445,0.999690290203973,False
EGR3,EGR3,EGR-WT1,OPC,0.019714173260033,0.904142592483737,0.999690290203973,False
EGR4,EGR4,EGR-WT1,OPC,-0.0196585477688096,0.897793467750338,0.999690290203973,False
GLIS1,GLIS1,other,OPC,0.042795506555014,0.712587133625577,0.999690290203973,False
GLIS2,GLIS2,other,OPC,-0.0216120772502184,0.874266534157966,0.999690290203973,False
GLIS3,GLIS3,other,OPC,-0.0271759170639365,0.855163366594747,0.999690290203973,False
HIC2,HIC2,other,OPC,-0.0690122351293186,0.593264578276499,0.999690290203973,False
KLF14,KLF14,KLF-SP,OPC,-0.116133617377395,0.486636770196863,0.999690290203973,False
KLF16,KLF16,KLF-SP,OPC,-0.0849411285108381,0.558405891103709,0.999690290203973,False
SP8,SP8,KLF-SP,OPC,-0.101110407236062,0.494387237501422,0.999690290203973,False
ZBED1,ZBED1,other,OPC,-0.02819278778002,0.369783123353725,0.999690290203973,False
ZIC4,ZIC4,other,OPC,0.103976979101713,0.482401845008259,0.999690290203973,False
ZNF143,ZNF143,ZNF-KRAB,OPC,-0.16691864625888,0.115510443688155,0.999690290203973,False
ZNF410,ZNF410,ZNF-KRAB,OPC,-0.0878636574984635,0.309255806447756,0.999690290203973,False
CUX1,CUX1,other,OPC,-0.0333013924609146,0.6105544879715,0.999690290203973,False
CUX2,CUX2,other,OPC,0.0155202981679127,0.796496956577034,0.999690290203973,False
ONECUT2,ONECUT2,other,OPC,-0.0255229585854684,0.79540807233778,0.999690290203973,False
ONECUT3,ONECUT3,other,OPC,0.0389035472535071,0.646032785905831,0.999690290203973,False
E2F7,E2F7,E2F-DP,OPC,-0.0267069623183965,0.736549480367469,0.999690290203973,False
ELK3,ELK3,ETS,OPC,-0.0411036098868305,0.741109724802943,0.999690290203973,False
ERF,ERF,other,OPC,0.0364736047015301,0.670501027258295,0.999690290203973,False
ERG,ERG,ETS,OPC,0.0289222744484278,0.758680390827374,0.999690290203973,False
ETS1,ETS1,ETS,OPC,0.0142381245617735,0.885935480861848,0.999690290203973,False
ETV2,ETV2,ETS,OPC,0.0459576390434304,0.52093949245043,0.999690290203973,False
ETV3,ETV3,ETS,OPC,0.0026302393680927,0.983005403904292,0.999690290203973,False
FEV,FEV,ETS,OPC,-0.0321953818935952,0.7599867517004,0.999690290203973,False
GCM2,GCM2,other,OPC,-0.0359166663353688,0.743545316844418,0.999690290203973,False
LEF1,LEF1,TCF-LEF,OPC,0.0507825757614258,0.642061478146608,0.999690290203973,False
HSF2,HSF2,other,OPC,0.0608263634085305,0.538217113956937,0.999690290203973,False
HSF4,HSF4,other,OPC,0.0933133825475318,0.339172516510353,0.999690290203973,False
IRF7,IRF7,IRF,OPC,0.116650362155166,0.397364086351856,0.999690290203973,False
MEF2D,MEF2D,other,OPC,0.0791368766458526,0.364737292685886,0.999690290203973,False
MEIS1,MEIS1,homeobox-other,OPC,0.0098890159120741,0.897819577324213,0.999690290203973,False
MEIS2,MEIS2,homeobox-other,OPC,-0.0626042072955765,0.467826999862716,0.999690290203973,False
MEIS3,MEIS3,homeobox-other,OPC,-0.030202731410596,0.829271077112409,0.999690290203973,False
MYBL1,MYBL1,other,OPC,0.0008618468070662,0.985910806235283,0.999690290203973,False
MYBL2,MYBL2,other,OPC,-0.0169835317949201,0.799723605144947,0.999690290203973,False
NFKB1,NFKB1,NFKB-REL,OPC,-0.0343415538589432,0.714132656049409,0.999690290203973,False
NFKB2,NFKB2,NFKB-REL,OPC,-0.0526441990659556,0.653569268538732,0.999690290203973,False
PAX1,PAX1,homeobox-other,OPC,0.0477485098127255,0.456242874025698,0.999690290203973,False
PAX3,PAX3,homeobox-other,OPC,-0.028278186257004,0.651462585241208,0.999690290203973,False
PAX9,PAX9,homeobox-other,OPC,0.0305695454300046,0.594062579021869,0.999690290203973,False
PKNOX2,PKNOX2,homeobox-other,OPC,-0.121886903586922,0.331652574793461,0.999690290203973,False
POU1F1,POU1F1,homeobox-other,OPC,-0.0592872876838704,0.635366073828726,0.999690290203973,False
POU2F1,POU2F1,homeobox-other,OPC,-0.0897873329979191,0.49147558278383,0.999690290203973,False
POU3F1,POU3F1,homeobox-other,OPC,-0.0917367971280303,0.447301022501898,0.999690290203973,False
POU3F2,POU3F2,homeobox-other,OPC,-0.119736048280197,0.347573533049622,0.999690290203973,False
POU3F3,POU3F3,homeobox-other,OPC,-0.0677471668552945,0.595207755517108,0.999690290203973,False
POU3F4,POU3F4,homeobox-other,OPC,-0.055143352490213,0.647650256736024,0.999690290203973,False
POU4F1,POU4F1,homeobox-other,OPC,-0.073004162460681,0.539962185411567,0.999690290203973,False
POU4F3,POU4F3,homeobox-other,OPC,-0.0387515726989389,0.737584278192631,0.999690290203973,False
POU5F1B,POU5F1B,homeobox-other,OPC,-0.0574390873442117,0.655120803416987,0.999690290203973,False
POU6F2,POU6F2,homeobox-other,OPC,-0.0167143563567368,0.886543766861658,0.999690290203973,False
PROX1,PROX1,homeobox-other,OPC,-0.0448769161667094,0.499406477815101,0.999690290203973,False
RFX2,RFX2,RFX,OPC,-0.183064660415871,0.160417844270794,0.999690290203973,False
SMAD3,SMAD3,SMAD,OPC,-0.108305033933854,0.0648553538621629,0.999690290203973,False
TGIF1,TGIF1,other,OPC,-0.0708117865866437,0.492860644311813,0.999690290203973,False
TGIF2,TGIF2,other,OPC,-0.0782112316969063,0.442849295546479,0.999690290203973,False
RFX4,RFX4,RFX,OPC,-0.167321357127086,0.198978928883706,0.999690290203973,False
RFX5,RFX5,RFX,OPC,-0.177866870612827,0.195201784530599,0.999690290203973,False
RUNX2,RUNX2,RUNX,OPC,0.0537689985297126,0.399708067630311,0.999690290203973,False
EOMES,EOMES,other,OPC,0.0294212538980981,0.811582413816767,0.999690290203973,False
MGA,MGA,other,OPC,-0.0170621394565508,0.913831414927015,0.999690290203973,False
TBR1,TBR1,other,OPC,-0.0385880360843444,0.764462205599014,0.999690290203973,False
TBX15,TBX15,other,OPC,-0.0170621394565508,0.913831414927015,0.999690290203973,False
TBX19,TBX19,other,OPC,-0.0538026935745952,0.415621324906764,0.999690290203973,False
TBX1,TBX1,other,OPC,-0.0204165478164302,0.863755959932634,0.999690290203973,False
TBX4,TBX4,other,OPC,-0.0066304686842612,0.962350387862973,0.999690290203973,False
TBX5,TBX5,other,OPC,-0.0066304686842612,0.962350387862973,0.999690290203973,False
TEAD3,TEAD3,TEAD,OPC,-0.0393824015769262,0.787156392948675,0.999690290203973,False
TFAP2A(var.2),TFAP2A,other,OPC,-0.0144858934583195,0.922505019185115,0.999690290203973,False
TFAP2B,TFAP2B,other,OPC,-0.0634216988335455,0.670236831078288,0.999690290203973,False
TFAP2B(var.2),TFAP2B,other,OPC,-0.0329288936824282,0.804527523630811,0.999690290203973,False
TFAP2B(var.3),TFAP2B,other,OPC,-0.0599101144295118,0.684948990788255,0.999690290203973,False
TFAP2C,TFAP2C,other,OPC,-0.0531247638181453,0.727154263761694,0.999690290203973,False
TFAP2C(var.3),TFAP2C,other,OPC,-0.0286562373774488,0.848650049554193,0.999690290203973,False
BHLHE40,BHLHE40,bHLH-neural,OPC,0.0470060772523186,0.641163903668859,0.999690290203973,False
BHLHE23,BHLHE23,bHLH-neural,OPC,-0.0273145672396846,0.790110501616776,0.999690290203973,False
BHLHE22,BHLHE22,bHLH-neural,OPC,-0.0667393869843711,0.489679065436535,0.999690290203973,False
CLOCK,CLOCK,bHLH-other,OPC,0.0084260642604792,0.8739283857229,0.999690290203973,False
FIGLA,FIGLA,other,OPC,-0.046763215742268,0.742061713139534,0.999690290203973,False
HES5,HES5,bHLH-neural,OPC,-0.0020966863374415,0.9705838936348,0.999690290203973,False
HES7,HES7,bHLH-neural,OPC,0.01356545607547,0.831627557478804,0.999690290203973,False
HEY1,HEY1,bHLH-neural,OPC,0.0386484049899378,0.623142431789097,0.999690290203973,False
MAX,MAX,bHLH-other,OPC,-0.0386840995193824,0.519311977867844,0.999690290203973,False
MNT,MNT,bHLH-other,OPC,-0.055225727732126,0.368528547557182,0.999690290203973,False
OLIG1,OLIG1,bHLH-neural,OPC,-0.0519893750200457,0.599745449279449,0.999690290203973,False
OLIG3,OLIG3,bHLH-neural,OPC,-0.0821308582675105,0.459711169587725,0.999690290203973,False
SREBF2(var.2),SREBF2,bHLH-other,OPC,0.0982551779510562,0.184882798204221,0.999690290203973,False
ATF7,ATF7,other,OPC,-0.0843833872141951,0.190064940573222,0.999690290203973,False
CEBPB,CEBPB,CEBP,OPC,0.139507558450354,0.109104753639604,0.999690290203973,False
CEBPE,CEBPE,CEBP,OPC,0.113770272069373,0.164141617939739,0.999690290203973,False
CEBPG,CEBPG,CEBP,OPC,0.149266382354777,0.117737858110025,0.999690290203973,False
CREB3L1,CREB3L1,other,OPC,-0.023195661873686,0.721774539724893,0.999690290203973,False
NFE2,NFE2,other,OPC,0.226022784894926,0.391461179900757,0.999690290203973,False
TEF,TEF,other,OPC,0.137795310543745,0.112586273865067,0.999690290203973,False
XBP1,XBP1,other,OPC,0.0288004099155025,0.634161120320012,0.999690290203973,False
FOXB1,FOXB1,FOX,OPC,0.0648837325050609,0.572932465625652,0.999690290203973,False
FOXC1,FOXC1,FOX,OPC,0.0801195049469078,0.452482895346981,0.999690290203973,False
FOXC2,FOXC2,FOX,OPC,0.0774446934729004,0.479440156846404,0.999690290203973,False
FOXO4,FOXO4,FOX,OPC,0.101404186387598,0.521576229594932,0.999690290203973,False
FOXO6,FOXO6,FOX,OPC,0.101404186387598,0.521576229594932,0.999690290203973,False
FOXP3,FOXP3,FOX,OPC,0.101404186387598,0.521576229594932,0.999690290203973,False
RXRB,RXRB,NR,OPC,-0.026720806192685,0.849218613906534,0.999690290203973,False
RXRG,RXRG,NR,OPC,-0.0256268724988329,0.856456985238874,0.999690290203973,False
TP63,TP63,TP53fam,OPC,-0.0302307762531318,0.624158139184936,0.999690290203973,False
TP53,TP53,TP53fam,OPC,0.0112931227173718,0.863163825916472,0.999690290203973,False
TP73,TP73,TP53fam,OPC,-0.041079133534846,0.589463964589273,0.999690290203973,False
GMEB2,GMEB2,other,OPC,0.0599143709190835,0.34748999048808,0.999690290203973,False
MTF1,MTF1,other,OPC,-0.0791065951718346,0.444009195967217,0.999690290203973,False
E2F1,E2F1,E2F-DP,OPC,0.0287237097340439,0.673290835318825,0.999690290203973,False
E2F8,E2F8,E2F-DP,OPC,-0.0713338395136385,0.56164498966828,0.999690290203973,False
SOX21,SOX21,SOX,OPC,0.0504090289143325,0.617978113083164,0.999690290203973,False
TFAP2A(var.3),TFAP2A,other,OPC,-0.0353762083401872,0.814961934483161,0.999690290203973,False
ELK1,ELK1,ETS,OPC,-0.0276305839100195,0.839062795415727,0.999690290203973,False
HOXD12,HOXD12,HOX,OPC,0.0129035107249856,0.840211491921842,0.999690290203973,False
BARX1,BARX1,other,OPC,0.0107037266588967,0.900735785206506,0.999690290203973,False
BSX,BSX,other,OPC,-0.0322151137892661,0.720849650312192,0.999690290203973,False
DLX6,DLX6,homeobox-other,OPC,0.0121260563315414,0.872911517094399,0.999690290203973,False
DUXA,DUXA,other,OPC,0.0002946073351738,0.996991955169565,0.999690290203973,False
EMX2,EMX2,homeobox-other,OPC,0.0276846427906142,0.741310557329405,0.999690290203973,False
EVX1,EVX1,other,OPC,0.0275620177471373,0.770364881388579,0.999690290203973,False
EVX2,EVX2,other,OPC,0.0297531522874128,0.761292754056426,0.999690290203973,False
GBX1,GBX1,homeobox-other,OPC,0.0053962283690756,0.952364246558572,0.999690290203973,False
GBX2,GBX2,homeobox-other,OPC,-0.0010073540194512,0.991269145228652,0.999690290203973,False
GSC2,GSC2,other,OPC,-0.0412486065778804,0.652668087077996,0.999690290203973,False
GSX1,GSX1,homeobox-other,OPC,0.005663209129759,0.95270908517638,0.999690290203973,False
HESX1,HESX1,other,OPC,-0.0206845648485869,0.82937130906939,0.999690290203973,False
HMBOX1,HMBOX1,other,OPC,0.0449007856431528,0.566408186406801,0.999690290203973,False
HOXA10,HOXA10,HOX,OPC,0.0132275486503078,0.890481349505237,0.999690290203973,False
HOXB3,HOXB3,HOX,OPC,-0.0162553455354831,0.880420774305931,0.999690290203973,False
HOXC10,HOXC10,HOX,OPC,-0.0699078962899933,0.334053120583718,0.999690290203973,False
HOXC12,HOXC12,HOX,OPC,0.0357877306473153,0.530897779336265,0.999690290203973,False
HOXC13,HOXC13,HOX,OPC,-0.0207099008391567,0.790784866595672,0.999690290203973,False
HOXD11,HOXD11,HOX,OPC,-0.035850164829823,0.630256975460784,0.999690290203973,False
ISL2,ISL2,other,OPC,0.0258907088592691,0.778214414091529,0.999690290203973,False
FOXK1,FOXK1,FOX,OPC,0.0794383308224301,0.578309100500988,0.999690290203973,False
GATA2,GATA2,GATA,OPC,0.010798412742714,0.912350038102842,0.999690290203973,False
HIF1A,HIF1A,bHLH-other,OPC,0.0024637740131353,0.974918783705529,0.999690290203973,False
MYC,MYC,bHLH-other,OPC,-0.0583192491651545,0.372819696458537,0.999690290203973,False
MYB,MYB,other,OPC,-0.0759852345220443,0.436456942567573,0.999690290203973,False
MYCN,MYCN,bHLH-other,OPC,-0.108219088720743,0.0882705734501366,0.999690290203973,False
NEUROD1,NEUROD1,bHLH-neural,OPC,-0.28731017899012,0.0700348093694441,0.999690290203973,False
NFIC,NFIC,other,OPC,-0.148479300905768,0.244150447382321,0.999690290203973,False
NFYA,NFYA,other,OPC,-0.0531565361753366,0.603064251820066,0.999690290203973,False
NR1H4,NR1H4,NR,OPC,-0.0090748636904059,0.940412924738708,0.999690290203973,False
NR2F2,NR2F2,NR,OPC,-0.0144240145845717,0.921695285658362,0.999690290203973,False
PAX5,PAX5,homeobox-other,OPC,0.0153234052346664,0.833302280930213,0.999690290203973,False
PBX3,PBX3,homeobox-other,OPC,-0.0729751866952734,0.640255956680692,0.999690290203973,False
POU5F1,POU5F1,homeobox-other,OPC,-0.114165032546381,0.410241618443442,0.999690290203973,False
RBPJ,RBPJ,other,OPC,-0.114118680743617,0.484039544984821,0.999690290203973,False
RELB,RELB,NFKB-REL,OPC,-0.109366724210928,0.382820767613605,0.999690290203973,False
SIX1,SIX1,homeobox-other,OPC,0.0359216933840115,0.779947430271051,0.999690290203973,False
SIX2,SIX2,homeobox-other,OPC,0.0168063991110388,0.912584489148158,0.999690290203973,False
SOX10,SOX10,SOX,OPC,0.117639110218781,0.296746151016545,0.999690290203973,False
SOX13,SOX13,SOX,OPC,0.0465641794288398,0.754731968588266,0.999690290203973,False
TEAD2,TEAD2,TEAD,OPC,-0.0597279196075149,0.705275855075391,0.999690290203973,False
TFDP1,TFDP1,E2F-DP,OPC,0.0397015442661836,0.747047971735747,0.999690290203973,False
ZBTB7A,ZBTB7A,ZBTB,OPC,-0.004363366488312,0.961037694787132,0.999690290203973,False
ZEB1,ZEB1,other,OPC,-0.0904934551659455,0.703737393350778,0.999690290203973,False
ZNF24,ZNF24,ZNF-KRAB,OPC,-0.169976572519503,0.285142383592702,0.999690290203973,False
ZNF384,ZNF384,ZNF-KRAB,OPC,0.122044465521079,0.263128002172549,0.999690290203973,False
ZNF282,ZNF282,ZNF-KRAB,OPC,-0.0025283793153526,0.981375132373236,0.999690290203973,False
ZSCAN4,ZSCAN4,ZNF-KRAB,OPC,-0.0748747943607173,0.691393578084073,0.999690290203973,False
GATA3,GATA3,GATA,OPC,-0.0153720396715261,0.856115005299284,0.999690290203973,False
FOS::JUN,FOS,AP-1,OPC,0.254275449447521,0.420798620918798,0.999690290203973,False
FOS::JUN,JUN,AP-1,OPC,0.254275449447521,0.420798620918798,0.999690290203973,False
FOS::JUN(var.2),FOS,AP-1,OPC,-0.035434691159523,0.450309659063642,0.999690290203973,False
FOS::JUN(var.2),JUN,AP-1,OPC,-0.035434691159523,0.450309659063642,0.999690290203973,False
FOSB::JUN,FOSB,AP-1,OPC,-0.071942962517813,0.15816496943952,0.999690290203973,False
FOSB::JUN,JUN,AP-1,OPC,-0.071942962517813,0.15816496943952,0.999690290203973,False
FOSL1::JUN,FOSL1,AP-1,OPC,0.274069322333737,0.393908179300085,0.999690290203973,False
FOSL1::JUN,JUN,AP-1,OPC,0.274069322333737,0.393908179300085,0.999690290203973,False
FOSL1::JUN(var.2),FOSL1,AP-1,OPC,-0.0551804186991658,0.39682578678941,0.999690290203973,False
FOSL1::JUN(var.2),JUN,AP-1,OPC,-0.0551804186991658,0.39682578678941,0.999690290203973,False
FOSL2::JUN,FOSL2,AP-1,OPC,0.287263375917139,0.377561851453199,0.999690290203973,False
FOSL2::JUN,JUN,AP-1,OPC,0.287263375917139,0.377561851453199,0.999690290203973,False
FOSL2::JUN(var.2),FOSL2,AP-1,OPC,-0.063551670099872,0.372904545585729,0.999690290203973,False
FOSL2::JUN(var.2),JUN,AP-1,OPC,-0.063551670099872,0.372904545585729,0.999690290203973,False
JUN::JUNB,JUN,AP-1,OPC,0.260323288473648,0.323824182227211,0.999690290203973,False
JUN::JUNB,JUNB,AP-1,OPC,0.260323288473648,0.323824182227211,0.999690290203973,False
JUN::JUNB(var.2),JUN,AP-1,OPC,-0.0900641831572442,0.231717197496064,0.999690290203973,False
JUN::JUNB(var.2),JUNB,AP-1,OPC,-0.0900641831572442,0.231717197496064,0.999690290203973,False
FOS::JUNB,FOS,AP-1,OPC,0.297424376916618,0.351539382157609,0.999690290203973,False
FOS::JUNB,JUNB,AP-1,OPC,0.297424376916618,0.351539382157609,0.999690290203973,False
FOSB::JUNB,FOSB,AP-1,OPC,0.247989393556981,0.425067681140266,0.999690290203973,False
FOSB::JUNB,JUNB,AP-1,OPC,0.247989393556981,0.425067681140266,0.999690290203973,False
FOSB::JUNB(var.2),FOSB,AP-1,OPC,-0.0636583287068966,0.3380259582632,0.999690290203973,False
FOSB::JUNB(var.2),JUNB,AP-1,OPC,-0.0636583287068966,0.3380259582632,0.999690290203973,False
FOSL1::JUNB,FOSL1,AP-1,OPC,0.270265943014357,0.36743223085941,0.999690290203973,False
FOSL1::JUNB,JUNB,AP-1,OPC,0.270265943014357,0.36743223085941,0.999690290203973,False
FOSL2::JUNB,FOSL2,AP-1,OPC,0.259043681926221,0.395350853862754,0.999690290203973,False
FOSL2::JUNB,JUNB,AP-1,OPC,0.259043681926221,0.395350853862754,0.999690290203973,False
FOSL2::JUNB(var.2),FOSL2,AP-1,OPC,-0.0683866490231343,0.237731324501974,0.999690290203973,False
FOSL2::JUNB(var.2),JUNB,AP-1,OPC,-0.0683866490231343,0.237731324501974,0.999690290203973,False
FOS::JUND,FOS,AP-1,OPC,0.286738723583259,0.383833470767287,0.999690290203973,False
FOS::JUND,JUND,AP-1,OPC,0.286738723583259,0.383833470767287,0.999690290203973,False
FOSL1::JUND,FOSL1,AP-1,OPC,0.267061208052553,0.355381351581609,0.999690290203973,False
FOSL1::JUND,JUND,AP-1,OPC,0.267061208052553,0.355381351581609,0.999690290203973,False
FOSL1::JUND(var.2),FOSL1,AP-1,OPC,-0.066492252068122,0.41151109493945,0.999690290203973,False
FOSL1::JUND(var.2),JUND,AP-1,OPC,-0.066492252068122,0.41151109493945,0.999690290203973,False
FOSL2::JUND,FOSL2,AP-1,OPC,0.28060688741394,0.354855293715367,0.999690290203973,False
FOSL2::JUND,JUND,AP-1,OPC,0.28060688741394,0.354855293715367,0.999690290203973,False
FOSL2::JUND(var.2),FOSL2,AP-1,OPC,-0.0781135824950935,0.245415376501186,0.999690290203973,False
FOSL2::JUND(var.2),JUND,AP-1,OPC,-0.0781135824950935,0.245415376501186,0.999690290203973,False
NR1H4::RXRA,NR1H4,NR,OPC,0.0114515601193164,0.89446643546152,0.999690290203973,False
NR1H4::RXRA,RXRA,NR,OPC,0.0114515601193164,0.89446643546152,0.999690290203973,False
NR4A2::RXRA,NR4A2,NR,OPC,-0.0095967799807468,0.921429037217887,0.999690290203973,False
NR4A2::RXRA,RXRA,NR,OPC,-0.0095967799807468,0.921429037217887,0.999690290203973,False
PPARA::RXRA,PPARA,NR,OPC,0.0303189097792518,0.830716964835362,0.999690290203973,False
PPARA::RXRA,RXRA,NR,OPC,0.0303189097792518,0.830716964835362,0.999690290203973,False
RARA::RXRG,RARA,NR,OPC,-0.0793554945614329,0.638753113242399,0.999690290203973,False
RARA::RXRG,RXRG,NR,OPC,-0.0793554945614329,0.638753113242399,0.999690290203973,False
RORB,RORB,NR,OPC,0.0220669501745011,0.838418755848606,0.999690290203973,False
RORC,RORC,NR,OPC,0.0115247236427236,0.920818532879166,0.999690290203973,False
SOX15,SOX15,SOX,OPC,0.20427196737001,0.330542606739125,0.999690290203973,False
TFE3,TFE3,bHLH-other,OPC,0.052214634173616,0.543887252837485,0.999690290203973,False
VDR,VDR,NR,OPC,-0.0420782474495655,0.68258709270078,0.999690290203973,False
IRF3,IRF3,IRF,OPC,0.146764487564792,0.300339425061062,0.999690290203973,False
IRF4,IRF4,IRF,OPC,0.100126261394916,0.423048826368291,0.999690290203973,False
IRF5,IRF5,IRF,OPC,0.053390365184958,0.48739147106423,0.999690290203973,False
TCF7L1,TCF7L1,TCF-LEF,OPC,-0.0020185135961039,0.987498281997598,0.999690290203973,False
ARGFX,ARGFX,other,OPC,0.0012836780710656,0.990126420359442,0.999690290203973,False
ARNT2,ARNT2,bHLH-other,OPC,0.0154364014847974,0.842559087321594,0.999690290203973,False
ATF6,ATF6,other,OPC,0.0591853326835078,0.346479765422206,0.999690290203973,False
ATOH1(var.2),ATOH1,bHLH-neural,OPC,-0.33807976889899,0.0813375226886217,0.999690290203973,False
ATOH7,ATOH7,bHLH-neural,OPC,-0.135245208806839,0.156812284407454,0.999690290203973,False
BACH2,BACH2,other,OPC,0.225423277404026,0.388912096457856,0.999690290203973,False
BACH2(var.2),BACH2,other,OPC,-0.0456404285814666,0.530829813000581,0.999690290203973,False
BARX2,BARX2,other,OPC,0.0499362723764938,0.634128198770423,0.999690290203973,False
BHLHA15(var.2),BHLHA15,bHLH-neural,OPC,-0.43165347101809,0.056143693378402,0.999690290203973,False
CDX4,CDX4,other,OPC,-0.0254868161064563,0.777758489578148,0.999690290203973,False
CREB3L4,CREB3L4,other,OPC,0.0434101219076408,0.402035205234883,0.999690290203973,False
CREB3L4(var.2),CREB3L4,other,OPC,-0.089074727748937,0.218161332561814,0.999690290203973,False
DLX5,DLX5,homeobox-other,OPC,0.0105333572283018,0.910754360483993,0.999690290203973,False
DMRTA2,DMRTA2,other,OPC,0.0181466268916166,0.848890535774978,0.999690290203973,False
DMRTC2,DMRTC2,other,OPC,0.0007764481749883,0.993690094909949,0.999690290203973,False
DPRX,DPRX,other,OPC,-0.0165872996891637,0.830540470836705,0.999690290203973,False
DRGX,DRGX,other,OPC,-0.0208430956640457,0.814229018273791,0.999690290203973,False
ELF2,ELF2,ETS,OPC,-0.034985940529784,0.70867651860452,0.999690290203973,False
ETS2,ETS2,ETS,OPC,-0.0123583137246964,0.873700627443454,0.999690290203973,False
FERD3L,FERD3L,bHLH-neural,OPC,-0.176193964589669,0.149294054923178,0.999690290203973,False
FOXE1,FOXE1,FOX,OPC,0.0060148853992112,0.961899990110879,0.999690290203973,False
FOXN3,FOXN3,FOX,OPC,0.0748247128994427,0.514176145957664,0.999690290203973,False
GLI3,GLI3,other,OPC,-0.0375209485438522,0.808987477572474,0.999690290203973,False
HES6,HES6,bHLH-neural,OPC,0.0101674134575677,0.866227374653896,0.999690290203973,False
HNF4A(var.2),HNF4A,NR,OPC,-0.0085431931434003,0.95337136971008,0.999690290203973,False
HOXA1,HOXA1,HOX,OPC,0.0381698513580303,0.604568441082684,0.999690290203973,False
HOXA4,HOXA4,HOX,OPC,-0.0086015321702909,0.899339982935123,0.999690290203973,False
HOXA6,HOXA6,HOX,OPC,-0.0240976375879945,0.769847743047186,0.999690290203973,False
HOXA7,HOXA7,HOX,OPC,0.0290482905744691,0.680835255053469,0.999690290203973,False
HOXB4,HOXB4,HOX,OPC,-0.067738982229236,0.370283537298707,0.999690290203973,False
HOXB6,HOXB6,HOX,OPC,0.0021124102571911,0.980056804277766,0.999690290203973,False
HOXB7,HOXB7,HOX,OPC,0.0380035414453289,0.675484150624185,0.999690290203973,False
HOXB8,HOXB8,HOX,OPC,0.0499491548062519,0.466860122816619,0.999690290203973,False
HOXB9,HOXB9,HOX,OPC,-0.059710964812235,0.389449179010685,0.999690290203973,False
HOXC4,HOXC4,HOX,OPC,-0.0752616552002511,0.277840413827324,0.999690290203973,False
HOXC8,HOXC8,HOX,OPC,-0.0397372499482277,0.632873905928605,0.999690290203973,False
HOXD10,HOXD10,HOX,OPC,-0.0349838054829035,0.55919311083582,0.999690290203973,False
HOXD4,HOXD4,HOX,OPC,-0.0612159822045277,0.415645625429582,0.999690290203973,False
IKZF1,IKZF1,other,OPC,0.0992918920414118,0.443386220705323,0.999690290203973,False
IRF6,IRF6,IRF,OPC,0.0889450744148146,0.214304213119511,0.999690290203973,False
KLF10,KLF10,KLF-SP,OPC,-0.132971794485635,0.506648667926915,0.999690290203973,False
KLF11,KLF11,KLF-SP,OPC,-0.0875041958607119,0.600492594356989,0.999690290203973,False
KLF15,KLF15,KLF-SP,OPC,0.0002099333963255,0.998642214761915,0.999690290203973,False
KLF17,KLF17,KLF-SP,OPC,-0.106542305435039,0.539101878320041,0.999690290203973,False
KLF2,KLF2,KLF-SP,OPC,-0.051321718533089,0.756292022041253,0.999690290203973,False
KLF3,KLF3,KLF-SP,OPC,-0.0607834771511366,0.743566866780589,0.999690290203973,False
KLF6,KLF6,KLF-SP,OPC,-0.167979932048973,0.444604614723613,0.999690290203973,False
LHX1,LHX1,homeobox-other,OPC,0.0053224169386845,0.956764024416997,0.999690290203973,False
LHX5,LHX5,homeobox-other,OPC,-0.0582107512262768,0.55938660657505,0.999690290203973,False
MAF,MAF,other,OPC,-0.0691392590656201,0.519264327210939,0.999690290203973,False
MAFA,MAFA,other,OPC,-0.0485596201647971,0.611287525295521,0.999690290203973,False
MAZ,MAZ,other,OPC,-0.0620001333138839,0.701924018620357,0.999690290203973,False
MSANTD3,MSANTD3,other,OPC,-0.0931501405918444,0.490362435778113,0.999690290203973,False
MSGN1,MSGN1,other,OPC,-0.0626549941567445,0.510566083960362,0.999690290203973,False
NFATC4,NFATC4,other,OPC,0.0255243114491723,0.83605294417692,0.999690290203973,False
NFIC(var.2),NFIC,other,OPC,-0.171620209376004,0.147152130971297,0.999690290203973,False
NFIX(var.2),NFIX,other,OPC,-0.090224657414794,0.449529153323996,0.999690290203973,False
NHLH2,NHLH2,bHLH-neural,OPC,-0.233962193995554,0.104985695047919,0.999690290203973,False
NKX6-3,NKX6-3,homeobox-other,OPC,-0.0472258009267694,0.620905985723428,0.999690290203973,False
NR1D1,NR1D1,NR,OPC,-0.0526672102268995,0.634070438300159,0.999690290203973,False
NR1D2,NR1D2,NR,OPC,-0.100538401423968,0.374368589860882,0.999690290203973,False
NR1I2,NR1I2,NR,OPC,-0.0266982295062853,0.734757023332099,0.999690290203973,False
NR1I3,NR1I3,NR,OPC,0.0407962467033408,0.619786463641566,0.999690290203973,False
NR2C1,NR2C1,NR,OPC,-0.0643271859583597,0.565159057615202,0.999690290203973,False
NR2C2(var.2),NR2C2,NR,OPC,-0.0309692298102817,0.808669805852601,0.999690290203973,False
NR2F1(var.2),NR2F1,NR,OPC,0.0140653347908301,0.940069306010893,0.999690290203973,False
NR2F1(var.3),NR2F1,NR,OPC,-0.0024094357388058,0.984886296501285,0.999690290203973,False
NR2F6(var.3),NR2F6,NR,OPC,-0.0276781264630971,0.825319569404122,0.999690290203973,False
NR5A1,NR5A1,NR,OPC,-0.0912947519394619,0.516893412586211,0.999690290203973,False
NR6A1,NR6A1,NR,OPC,-0.0332300845936759,0.789962419305565,0.999690290203973,False
OSR1,OSR1,other,OPC,-0.113398143627259,0.200660527952839,0.999690290203973,False
OVOL1,OVOL1,other,OPC,-0.0122916338423333,0.792536976524559,0.999690290203973,False
OVOL2,OVOL2,other,OPC,-0.0308009782789854,0.565770637749942,0.999690290203973,False
PAX3(var.2),PAX3,homeobox-other,OPC,-0.0510787515477479,0.370315305894525,0.999690290203973,False
PITX2,PITX2,other,OPC,-0.104928552246758,0.0534019148696971,0.999690290203973,False
PLAGL2,PLAGL2,other,OPC,-0.0325147877436012,0.788816438174685,0.999690290203973,False
POU6F1(var.2),POU6F1,homeobox-other,OPC,-0.0550971246977169,0.618669129520595,0.999690290203973,False
PPARD,PPARD,NR,OPC,-0.0032548419921697,0.980954991408095,0.999690290203973,False
RARB(var.3),RARB,NR,OPC,-0.0019946022581262,0.98360221896601,0.999690290203973,False
RARG(var.3),RARG,NR,OPC,0.0020655154227128,0.985984517372693,0.999690290203973,False
RFX7,RFX7,RFX,OPC,-0.0131505847282131,0.888990766571296,0.999690290203973,False
RXRB(var.2),RXRB,NR,OPC,-0.0088625153559038,0.941491469274319,0.999690290203973,False
RXRG(var.2),RXRG,NR,OPC,-0.0341791490849098,0.789885042267165,0.999690290203973,False
SMAD5,SMAD5,SMAD,OPC,-0.0657667407681954,0.282832359346718,0.999690290203973,False
SNAI1,SNAI1,other,OPC,-0.080666132382237,0.66605266221098,0.999690290203973,False
SNAI3,SNAI3,other,OPC,-0.0454721175200201,0.796891061735006,0.999690290203973,False
SOHLH2,SOHLH2,other,OPC,-0.0518986053591772,0.475625610762431,0.999690290203973,False
SOX12,SOX12,SOX,OPC,0.10716304319947,0.207542510667841,0.999690290203973,False
SOX14,SOX14,SOX,OPC,0.125088354034787,0.266037598841572,0.999690290203973,False
SOX18,SOX18,SOX,OPC,0.0653611712628979,0.537872156332354,0.999690290203973,False
SP9,SP9,KLF-SP,OPC,-0.0455795486373458,0.736914931558156,0.999690290203973,False
TBX18,TBX18,other,OPC,-0.0257429113163387,0.877101617272789,0.999690290203973,False
TBX3,TBX3,other,OPC,-0.051842236116822,0.7446299467023,0.999690290203973,False
TBX6,TBX6,other,OPC,-0.0078387120845478,0.955380350068121,0.999690290203973,False
TCF21(var.2),TCF21,other,OPC,-0.0394407124132826,0.673862268888796,0.999690290203973,False
TFAP2E,TFAP2E,other,OPC,-0.0066040641092389,0.958598701540039,0.999690290203973,False
TFAP4(var.2),TFAP4,other,OPC,-0.106725943968543,0.175939191511884,0.999690290203973,False
TGIF2LX,TGIF2LX,other,OPC,-0.124404639601115,0.174817041386578,0.999690290203973,False
TGIF2LY,TGIF2LY,other,OPC,-0.0990342586006134,0.209836540257953,0.999690290203973,False
THAP11,THAP11,other,OPC,-0.105783063566716,0.374384149911451,0.999690290203973,False
THRB,THRB,NR,OPC,-0.0345121118135497,0.824024981141786,0.999690290203973,False
THRB(var.2),THRB,NR,OPC,0.0516502657868677,0.640860397963125,0.999690290203973,False
THRB(var.3),THRB,NR,OPC,-0.130091179465653,0.358809552949884,0.999690290203973,False
TLX2,TLX2,other,OPC,0.003854452975884,0.967568629020487,0.999690290203973,False
VEZF1,VEZF1,other,OPC,-0.037322494774134,0.838796425101184,0.999690290203973,False
ZBTB26,ZBTB26,ZBTB,OPC,-0.0608947983662021,0.660261698727248,0.999690290203973,False
ZBTB32,ZBTB32,ZBTB,OPC,-0.170475444016145,0.0974515236856056,0.999690290203973,False
ZBTB6,ZBTB6,ZBTB,OPC,-0.143556903774044,0.320654253444026,0.999690290203973,False
ZFP57,ZFP57,other,OPC,0.0516812058653819,0.644396555421006,0.999690290203973,False
ZIC5,ZIC5,other,OPC,0.0705788248052126,0.619966629561072,0.999690290203973,False
ZKSCAN1,ZKSCAN1,ZNF-KRAB,OPC,-0.0021564237535527,0.979006956651677,0.999690290203973,False
ZNF135,ZNF135,ZNF-KRAB,OPC,0.0232610027250063,0.829308345228843,0.999690290203973,False
ZNF136,ZNF136,ZNF-KRAB,OPC,-0.0722714679685337,0.418197800942032,0.999690290203973,False
ZNF140,ZNF140,ZNF-KRAB,OPC,-0.0430894437703264,0.716190888979674,0.999690290203973,False
ZNF274,ZNF274,ZNF-KRAB,OPC,-0.0705037641081659,0.525799715775591,0.999690290203973,False
ZNF317,ZNF317,ZNF-KRAB,OPC,-0.127157797324104,0.361727137533312,0.999690290203973,False
ZNF382,ZNF382,ZNF-KRAB,OPC,-0.0263739906859501,0.78845935037092,0.999690290203973,False
ZNF460,ZNF460,ZNF-KRAB,OPC,0.0264371797643128,0.790217915773633,0.999690290203973,False
ZNF528,ZNF528,ZNF-KRAB,OPC,-0.0703337693346203,0.606163941817092,0.999690290203973,False
ZNF682,ZNF682,ZNF-KRAB,OPC,-0.152308481068644,0.356071452934644,0.999690290203973,False
ZNF684,ZNF684,ZNF-KRAB,OPC,-0.0850335431772267,0.595252591912836,0.999690290203973,False
ZNF75D,ZNF75D,ZNF-KRAB,OPC,-0.094869447758003,0.567906739922963,0.999690290203973,False
ZSCAN29,ZSCAN29,ZNF-KRAB,OPC,-0.0683668107088448,0.410076988529094,0.999690290203973,False
ASCL1,ASCL1,other,OPC,-0.291054851522499,0.231537407791353,0.999690290203973,False
ATF3,ATF3,other,OPC,-0.0897216624211751,0.196660729454392,0.999690290203973,False
BARHL1,BARHL1,homeobox-other,OPC,0.0028613556927863,0.96748603364525,0.999690290203973,False
BATF::JUN,BATF,AP-1,OPC,0.303309969105728,0.341450897842805,0.999690290203973,False
BATF::JUN,JUN,AP-1,OPC,0.303309969105728,0.341450897842805,0.999690290203973,False
BCL6,BCL6,other,OPC,-0.0445683248273305,0.648517384399638,0.999690290203973,False
CDX1,CDX1,other,OPC,-0.0468827848792051,0.587631704434587,0.999690290203973,False
E2F2,E2F2,E2F-DP,OPC,-0.004417365963195,0.942379031083079,0.999690290203973,False
E2F3,E2F3,E2F-DP,OPC,0.0267305273597054,0.67547712527608,0.999690290203973,False
E2F4,E2F4,E2F-DP,OPC,0.0351158909463077,0.52569515232966,0.999690290203973,False
EMX1,EMX1,homeobox-other,OPC,0.0351205911720774,0.636182377533017,0.999690290203973,False
FOXD2,FOXD2,FOX,OPC,0.107473178513706,0.295106699503843,0.999690290203973,False
GATA5,GATA5,GATA,OPC,0.0092818678632721,0.915307484020696,0.999690290203973,False
GFI1,GFI1,other,OPC,-0.105613294824453,0.32280516579779,0.999690290203973,False
GLI2,GLI2,other,OPC,-0.0654877626101943,0.685517085505604,0.999690290203973,False
GSX2,GSX2,homeobox-other,OPC,0.0351205911720774,0.636182377533017,0.999690290203973,False
HES1,HES1,bHLH-neural,OPC,0.110747934933711,0.373110755136326,0.999690290203973,False
HES2,HES2,bHLH-neural,OPC,0.0520086160119031,0.592286375579906,0.999690290203973,False
HOXA13,HOXA13,HOX,OPC,-0.0691894322458175,0.477200570183109,0.999690290203973,False
HOXA2,HOXA2,HOX,OPC,0.0453308763397086,0.612181884349206,0.999690290203973,False
HOXA5,HOXA5,HOX,OPC,0.0381698513580303,0.604568441082684,0.999690290203973,False
HOXA9,HOXA9,HOX,OPC,-0.0031783877950947,0.952361633136771,0.999690290203973,False
HOXB2,HOXB2,HOX,OPC,0.0351205911720774,0.636182377533017,0.999690290203973,False
HOXB5,HOXB5,HOX,OPC,0.0381698513580303,0.604568441082684,0.999690290203973,False
HOXC9,HOXC9,HOX,OPC,-0.056130994978826,0.363832964899315,0.999690290203973,False
HOXD13,HOXD13,HOX,OPC,-0.0830053595090531,0.464616103356149,0.999690290203973,False
HOXD3,HOXD3,HOX,OPC,0.0351205911720774,0.636182377533017,0.999690290203973,False
HOXD8,HOXD8,HOX,OPC,0.0290482905744691,0.680835255053469,0.999690290203973,False
HOXD9,HOXD9,HOX,OPC,-0.0428902191176406,0.661322662857307,0.999690290203973,False
JUNB(var.2),JUNB,AP-1,OPC,-0.0766874057084746,0.217090892043334,0.999690290203973,False
LHX9,LHX9,homeobox-other,OPC,0.003854452975884,0.967568629020487,0.999690290203973,False
LMX1A,LMX1A,other,OPC,-0.0688901223480003,0.45464277613428,0.999690290203973,False
LMX1B,LMX1B,other,OPC,-0.0163545416185555,0.876357335035615,0.999690290203973,False
NEUROG1,NEUROG1,bHLH-neural,OPC,-0.105988334992876,0.305875814467832,0.999690290203973,False
NRL,NRL,other,OPC,-0.0427041104287434,0.684596942908321,0.999690290203973,False
PITX1,PITX1,other,OPC,-0.0875274407275627,0.223867336451655,0.999690290203973,False
PRRX2,PRRX2,other,OPC,0.003854452975884,0.967568629020487,0.999690290203973,False
SOX4,SOX4,SOX,OPC,0.169485652396866,0.162836834456176,0.999690290203973,False
SOX8,SOX8,SOX,OPC,0.161128377750995,0.43864167508143,0.999690290203973,False
SP1,SP1,KLF-SP,OPC,-0.147724782872337,0.456166778645576,0.999690290203973,False
SP2,SP2,KLF-SP,OPC,-0.11621271594018,0.499125398953831,0.999690290203973,False
SP3,SP3,KLF-SP,OPC,-0.0711202619469556,0.641018828071907,0.999690290203973,False
TCFL5,TCFL5,other,OPC,0.17313035876023,0.413430945554823,0.999690290203973,False
TFEC,TFEC,other,OPC,0.0290735974007018,0.712482901085684,0.999690290203973,False
ZNF740,ZNF740,ZNF-KRAB,OPC,-0.0295851192801551,0.85824305614538,0.999690290203973,False
ASCL1(var.2),ASCL1,other,OPC,-0.124991733539681,0.476236661894438,0.999690290203973,False
ATF2,ATF2,other,OPC,-0.0457564664053733,0.631181326297898,0.999690290203973,False
BACH1,BACH1,other,OPC,0.13911993333171,0.631821084597556,0.999690290203973,False
BATF,BATF,AP-1,OPC,0.302842208327065,0.344359598239386,0.999690290203973,False
BHLHE22(var.2),BHLHE22,bHLH-neural,OPC,-0.384491767863281,0.145636950117343,0.999690290203973,False
CEBPG(var.2),CEBPG,CEBP,OPC,-0.0018192671667776,0.981384544218615,0.999690290203973,False
EBF3,EBF3,other,OPC,-0.109888701221849,0.584680385346795,0.999690290203973,False
HAND2,HAND2,bHLH-neural,OPC,-0.223984512291999,0.0645114642795642,0.999690290203973,False
MEIS1(var.2),MEIS1,homeobox-other,OPC,-0.0501486696432955,0.529171325993647,0.999690290203973,False
MEIS2(var.2),MEIS2,homeobox-other,OPC,-0.0305148777778954,0.741718733242363,0.999690290203973,False
MYF5,MYF5,bHLH-neural,OPC,-0.447475769414756,0.0295418886746378,0.999690290203973,True
NEUROG2(var.2),NEUROG2,bHLH-neural,OPC,-0.279680892424973,0.0723969424356709,0.999690290203973,False
NFIB,NFIB,other,OPC,-0.16047212433755,0.242696076125821,0.999690290203973,False
NFYC,NFYC,other,OPC,-0.0419001217887541,0.680705170611514,0.999690290203973,False
NKX2-2,NKX2-2,homeobox-other,OPC,-0.0577949066639283,0.65389154210516,0.999690290203973,False
OSR2,OSR2,other,OPC,-0.105049304346607,0.45672293930299,0.999690290203973,False
PRDM4,PRDM4,other,OPC,-0.118647638423614,0.409677408427846,0.999690290203973,False
TCF12(var.2),TCF12,bHLH-neural,OPC,-0.105048069502298,0.615439052730009,0.999690290203973,False
ZBTB12,ZBTB12,ZBTB,OPC,-0.0453092170229197,0.80236542760594,0.999690290203973,False
ZBTB14,ZBTB14,ZBTB,OPC,0.0612571429047661,0.642717938462784,0.999690290203973,False
ZFP42,ZFP42,other,OPC,-0.068375339699426,0.531712931367662,0.999690290203973,False
ZKSCAN5,ZKSCAN5,ZNF-KRAB,OPC,0.0341309697251859,0.845405708483384,0.999690290203973,False
ZNF148,ZNF148,ZNF-KRAB,OPC,-0.068926678370977,0.603038650739846,0.999690290203973,False
ZNF16,ZNF16,ZNF-KRAB,OPC,-0.0723400069898843,0.639777282026006,0.999690290203973,False
ZNF341,ZNF341,ZNF-KRAB,OPC,-0.169643628352128,0.182203204368895,0.999690290203973,False
ZNF449,ZNF449,ZNF-KRAB,OPC,-0.0814239883533435,0.579486294106496,0.999690290203973,False
ZNF652,ZNF652,ZNF-KRAB,OPC,-0.0505024393529355,0.696915431193707,0.999690290203973,False
FOXA3,FOXA3,FOX,OPC,0.0627916577611398,0.664513913091722,0.999690290203973,False
ATF4,ATF4,other,OPC,0.0296297162844716,0.708707347155819,0.999690290203973,False
BATF3,BATF3,AP-1,OPC,0.272612812412961,0.372826726087791,0.999690290203973,False
CDX2,CDX2,other,OPC,0.0347539821642163,0.727936937930443,0.999690290203973,False
CEBPA,CEBPA,CEBP,OPC,0.0512428858947689,0.602190880035876,0.999690290203973,False
CEBPD,CEBPD,CEBP,OPC,0.0704624474750811,0.467169493476009,0.999690290203973,False
CREB1,CREB1,other,OPC,-0.0981967205459109,0.361960172026,0.999690290203973,False
CTCFL,CTCFL,CTCF,OPC,0.0929197945082424,0.505525922900245,0.999690290203973,False
E2F6,E2F6,E2F-DP,OPC,-0.0290660998128374,0.856048034903134,0.999690290203973,False
EBF1,EBF1,other,OPC,-0.0769527795281606,0.690886024319164,0.999690290203973,False
EGR1,EGR1,EGR-WT1,OPC,0.004777402774953,0.976416662230915,0.999690290203973,False
EHF,EHF,ETS,OPC,0.144697951384591,0.289676504928924,0.999690290203973,False
ELF1,ELF1,ETS,OPC,0.0489135929768622,0.706211352340909,0.999690290203973,False
ELF3,ELF3,ETS,OPC,0.103218707834492,0.403852060469784,0.999690290203973,False
ESRRA,ESRRA,NR,OPC,-0.0441639871693725,0.739915311901147,0.999690290203973,False
ETV1,ETV1,ETS,OPC,0.0597067966649064,0.625876484271724,0.999690290203973,False
ETV4,ETV4,ETS,OPC,0.0392685957965193,0.753985049209713,0.999690290203973,False
ETV5,ETV5,ETS,OPC,0.0243700596539604,0.803347780263109,0.999690290203973,False
FOSL1,FOSL1,AP-1,OPC,0.295820005537688,0.340126771171086,0.999690290203973,False
FOXA1,FOXA1,FOX,OPC,0.0663051959665661,0.633619174118565,0.999690290203973,False
FOXA2,FOXA2,FOX,OPC,0.0289105106878644,0.837896656077359,0.999690290203973,False
FOXK2,FOXK2,FOX,OPC,0.0756156813162938,0.63329564178478,0.999690290203973,False
FOXP1,FOXP1,FOX,OPC,0.0385296288699168,0.79926350171537,0.999690290203973,False
GABPA,GABPA,ETS,OPC,0.0954470344545194,0.439109036982294,0.999690290203973,False
GATA1,GATA1,GATA,OPC,-0.0483596310293622,0.59075614426133,0.999690290203973,False
GATA4,GATA4,GATA,OPC,-0.0022073585823116,0.983896664767663,0.999690290203973,False
GATA6,GATA6,GATA,OPC,0.002595943188199,0.979958481784248,0.999690290203973,False
GRHL2,GRHL2,other,OPC,-0.0016744702004349,0.988542524649849,0.999690290203973,False
HLF,HLF,other,OPC,0.100723701585528,0.272875173874141,0.999690290203973,False
HNF4A,HNF4A,NR,OPC,-0.0603450684349148,0.637866149250797,0.999690290203973,False
HNF4G,HNF4G,NR,OPC,-0.062263788515174,0.638764321712186,0.999690290203973,False
HOXB13,HOXB13,HOX,OPC,0.0762410811293533,0.441405422514782,0.999690290203973,False
JUNB,JUNB,AP-1,OPC,0.277633567489865,0.31115847009679,0.999690290203973,False
JUND,JUND,AP-1,OPC,0.276672010124228,0.332469426219978,0.999690290203973,False
KLF4,KLF4,KLF-SP,OPC,-0.0631724472618563,0.662864849711829,0.999690290203973,False
KLF9,KLF9,KLF-SP,OPC,-0.1263192856712,0.504421278894554,0.999690290203973,False
LHX2,LHX2,homeobox-other,OPC,-0.0125142107289858,0.8809247322781,0.999690290203973,False
MAFF,MAFF,other,OPC,-0.0474844179968027,0.647460532057438,0.999690290203973,False
MAFG,MAFG,other,OPC,-0.0544175472937712,0.620644830044258,0.999690290203973,False
MAFK,MAFK,other,OPC,0.0735145189469738,0.739404010914462,0.999690290203973,False
MEF2A,MEF2A,other,OPC,0.101848476331219,0.33360443105106,0.999690290203973,False
MITF,MITF,bHLH-other,OPC,0.0866196639769645,0.321684594264617,0.999690290203973,False
MXI1,MXI1,bHLH-other,OPC,-0.131494221514522,0.300270615666728,0.999690290203973,False
MYOD1,MYOD1,bHLH-neural,OPC,-0.231801859730691,0.16479549534878,0.999690290203973,False
MYOG,MYOG,bHLH-neural,OPC,-0.363338892532671,0.204289763030385,0.999690290203973,False
MZF1,MZF1,other,OPC,-0.112110824341144,0.400989420600128,0.999690290203973,False
NFE2L1,NFE2L1,other,OPC,0.118698497086709,0.556408332641619,0.999690290203973,False
NFIL3,NFIL3,other,OPC,0.0402754395730898,0.623812692639539,0.999690290203973,False
NFYB,NFYB,other,OPC,-0.120659813943421,0.231700417160427,0.999690290203973,False
NKX2-5,NKX2-5,homeobox-other,OPC,-0.0332506085591186,0.733807188758965,0.999690290203973,False
NR4A1,NR4A1,NR,OPC,0.0480835004242081,0.698268495447787,0.999690290203973,False
ONECUT1,ONECUT1,other,OPC,-0.0036088912397832,0.968763285922778,0.999690290203973,False
OTX2,OTX2,homeobox-other,OPC,-0.0748888340703606,0.398041897066534,0.999690290203973,False
PBX2,PBX2,homeobox-other,OPC,-0.0180862325712007,0.851368480895672,0.999690290203973,False
PHOX2B,PHOX2B,other,OPC,0.0274400695806571,0.769868531561593,0.999690290203973,False
PKNOX1,PKNOX1,homeobox-other,OPC,-0.0930862742320119,0.525120589142331,0.999690290203973,False
POU2F3,POU2F3,homeobox-other,OPC,-0.138322554917361,0.326774046870126,0.999690290203973,False
PRDM1,PRDM1,other,OPC,0.051892562093323,0.783320754131891,0.999690290203973,False
RFX1,RFX1,RFX,OPC,-0.211816425078984,0.158951175275701,0.999690290203973,False
RFX3,RFX3,RFX,OPC,-0.254290539635151,0.0984675353579661,0.999690290203973,False
RUNX3,RUNX3,RUNX,OPC,0.0157059645385483,0.87683200781481,0.999690290203973,False
SCRT1,SCRT1,other,OPC,-0.0148801264204401,0.908816729658804,0.999690290203973,False
SCRT2,SCRT2,other,OPC,-0.0281547735095016,0.818373010460257,0.999690290203973,False
SNAI2,SNAI2,other,OPC,-0.0729169166615922,0.688200918638876,0.999690290203973,False
SOX2,SOX2,SOX,OPC,0.0533931922588264,0.721935377292885,0.999690290203973,False
SPI1,SPI1,ETS,OPC,0.117116866365527,0.375005954433693,0.999690290203973,False
SPIB,SPIB,ETS,OPC,0.143465685622953,0.297295214481401,0.999690290203973,False
SREBF1(var.2),SREBF1,bHLH-other,OPC,0.0197337555320831,0.837794266232617,0.999690290203973,False
TCF3,TCF3,bHLH-neural,OPC,-0.105634684048932,0.612748124380754,0.999690290203973,False
TCF4,TCF4,bHLH-neural,OPC,-0.0596116101562091,0.767063188832649,0.999690290203973,False
TCF7,TCF7,TCF-LEF,OPC,0.0204651309491745,0.846479456019549,0.999690290203973,False
TEAD1,TEAD1,TEAD,OPC,-0.103164598887351,0.471323161143036,0.999690290203973,False
TEAD4,TEAD4,TEAD,OPC,-0.0597960543643144,0.704453634693395,0.999690290203973,False
TFAP2A,TFAP2A,other,OPC,-0.093811747158696,0.578504956250388,0.999690290203973,False
TFAP2C(var.2),TFAP2C,other,OPC,-0.0482102210539445,0.723250043082439,0.999690290203973,False
TWIST1,TWIST1,TWIST,OPC,-0.269388578055395,0.0244740238619604,0.999690290203973,True
USF1,USF1,bHLH-other,OPC,-0.0311069843205997,0.763993184574468,0.999690290203973,False
USF2,USF2,bHLH-other,OPC,-0.0246559101551769,0.790963752109357,0.999690290203973,False
YY2,YY2,other,OPC,-0.0426488940692265,0.679755792469201,0.999690290203973,False
ZNF263,ZNF263,ZNF-KRAB,OPC,0.0049363936442734,0.976575726952849,0.999690290203973,False
CREM,CREM,other,OPC,-0.119452945392502,0.0994234088478744,0.999690290203973,False
FOXF2,FOXF2,FOX,Endo,-0.21264997515588,0.278780204463187,0.985520413099923,False
FOXD1,FOXD1,FOX,Endo,-0.0378472993445865,0.683027605808625,0.985520413099923,False
IRF2,IRF2,IRF,Endo,0.0782972983955939,0.688619746885434,0.985520413099923,False
MZF1(var.2),MZF1,other,Endo,-0.0800754531096095,0.623490465117817,0.985520413099923,False
MAX::MYC,MAX,bHLH-other,Endo,-0.0037016466276518,0.980283685224466,0.989664390346231,False
MAX::MYC,MYC,bHLH-other,Endo,-0.0037016466276518,0.980283685224466,0.989664390346231,False
PPARG,PPARG,NR,Endo,-0.0183417312304553,0.938393680985299,0.985520413099923,False
PAX6,PAX6,homeobox-other,Endo,0.022052329606359,0.834813865016404,0.985520413099923,False
PBX1,PBX1,homeobox-other,Endo,-0.216952767878189,0.371515528483951,0.985520413099923,False
RORA,RORA,NR,Endo,-0.147434263870426,0.248181760428665,0.985520413099923,False
RORA(var.2),RORA,NR,Endo,-0.0728303719006452,0.482190533519871,0.985520413099923,False
RREB1,RREB1,other,Endo,-0.281231546158601,0.28164759497113,0.985520413099923,False
RXRA::VDR,RXRA,NR,Endo,-0.0733818349009182,0.449058064981875,0.985520413099923,False
RXRA::VDR,VDR,NR,Endo,-0.0733818349009182,0.449058064981875,0.985520413099923,False
SOX9,SOX9,SOX,Endo,-0.324515537837425,0.0134833660910064,0.985520413099923,True
SRY,SRY,other,Endo,-0.154394074974429,0.231920985497799,0.985520413099923,False
TAL1::TCF3,TAL1,other,Endo,-0.23995607337385,0.450421684504417,0.985520413099923,False
TAL1::TCF3,TCF3,bHLH-neural,Endo,-0.23995607337385,0.450421684504417,0.985520413099923,False
REL,REL,NFKB-REL,Endo,-0.0338571478493559,0.856842264641395,0.985520413099923,False
RELA,RELA,NFKB-REL,Endo,-0.0269322329534405,0.887031700386099,0.985520413099923,False
NR1H2::RXRA,NR1H2,NR,Endo,-0.0287723326813751,0.811276342807318,0.985520413099923,False
NR1H2::RXRA,RXRA,NR,Endo,-0.0287723326813751,0.811276342807318,0.985520413099923,False
NFIC::TLX1,NFIC,other,Endo,0.0123955605131947,0.953535309367791,0.985520413099923,False
NFIC::TLX1,TLX1,other,Endo,0.0123955605131947,0.953535309367791,0.985520413099923,False
ZNF354C,ZNF354C,ZNF-KRAB,Endo,-0.138430278828418,0.571485122838823,0.985520413099923,False
CTCF,CTCF,CTCF,Endo,-0.244869463980218,0.339246234394719,0.985520413099923,False
EWSR1-FLI1,EWSR1-FLI1,other,Endo,-0.185148308411747,0.359705023261764,0.985520413099923,False
REST,REST,other,Endo,0.0098196215321732,0.970676600992119,0.987842907440533,False
NFATC2,NFATC2,other,Endo,-0.217551349924091,0.304689164984713,0.985520413099923,False
INSM1,INSM1,other,Endo,-0.21921378005872,0.345632796259565,0.985520413099923,False
RARA::RXRA,RARA,NR,Endo,-0.0800712351971116,0.432769952514389,0.985520413099923,False
RARA::RXRA,RXRA,NR,Endo,-0.0800712351971116,0.432769952514389,0.985520413099923,False
NR4A2,NR4A2,NR,Endo,-0.128982659184656,0.299154849991617,0.985520413099923,False
PLAG1,PLAG1,other,Endo,-0.117159849030459,0.442693297997433,0.985520413099923,False
ARNT::HIF1A,ARNT,bHLH-other,Endo,0.0782632489714971,0.474699182460948,0.985520413099923,False
ARNT::HIF1A,HIF1A,bHLH-other,Endo,0.0782632489714971,0.474699182460948,0.985520413099923,False
DUX4,DUX4,other,Endo,-0.0581355633762403,0.778219196215108,0.985520413099923,False
FOS,FOS,AP-1,Endo,-0.0553905822146501,0.921710331281001,0.985520413099923,False
FOSL2,FOSL2,AP-1,Endo,0.0742323117479375,0.902620753601655,0.985520413099923,False
FOXH1,FOXH1,FOX,Endo,-0.2259838725926,0.301694643039548,0.985520413099923,False
JUN,JUN,AP-1,Endo,-0.192675659990496,0.233831943295883,0.985520413099923,False
JUN(var.2),JUN,AP-1,Endo,0.0846459062656766,0.87821884076903,0.985520413099923,False
JUND(var.2),JUND,AP-1,Endo,-0.221536758460155,0.257925349076954,0.985520413099923,False
MEF2C,MEF2C,other,Endo,-0.0383216900562351,0.885114632032711,0.985520413099923,False
MAF::NFE2,MAF,other,Endo,0.0060431115828298,0.982130969074034,0.989950483159018,False
MAF::NFE2,NFE2,other,Endo,0.0060431115828298,0.982130969074034,0.989950483159018,False
NR2C2,NR2C2,NR,Endo,0.0008464917158885,0.99549294277079,0.997068089832136,False
NRF1,NRF1,other,Endo,-0.106174535149827,0.558067432969927,0.985520413099923,False
POU2F2,POU2F2,homeobox-other,Endo,-0.138095774580684,0.513672336228154,0.985520413099923,False
SMAD2::SMAD3::SMAD4,SMAD2,SMAD,Endo,-0.0438520204238149,0.875151588110457,0.985520413099923,False
SMAD2::SMAD3::SMAD4,SMAD3,SMAD,Endo,-0.0438520204238149,0.875151588110457,0.985520413099923,False
SMAD2::SMAD3::SMAD4,SMAD4,SMAD,Endo,-0.0438520204238149,0.875151588110457,0.985520413099923,False
STAT1::STAT2,STAT1,STAT,Endo,0.136293237208699,0.575152000401934,0.985520413099923,False
STAT1::STAT2,STAT2,STAT,Endo,0.136293237208699,0.575152000401934,0.985520413099923,False
TCF7L2,TCF7L2,TCF-LEF,Endo,-0.392759443732729,0.0243472681452836,0.985520413099923,True
ZBTB33,ZBTB33,ZBTB,Endo,-0.163910434796078,0.203868376413029,0.985520413099923,False
ELK4,ELK4,ETS,Endo,-0.19934400613926,0.57409570676743,0.985520413099923,False
ESR2,ESR2,NR,Endo,-0.116231189465221,0.495569447591778,0.985520413099923,False
IRF1,IRF1,IRF,Endo,-0.0063418851383798,0.977960962270264,0.989664390346231,False
STAT1,STAT1,STAT,Endo,-0.365340079847248,0.120331895625223,0.985520413099923,False
STAT3,STAT3,STAT,Endo,-0.319487692434946,0.118084887821627,0.985520413099923,False
GATA1::TAL1,GATA1,GATA,Endo,-0.185878600555563,0.346928920078622,0.985520413099923,False
GATA1::TAL1,TAL1,other,Endo,-0.185878600555563,0.346928920078622,0.985520413099923,False
YY1,YY1,other,Endo,0.0105855909412243,0.93891424271903,0.985520413099923,False
FOXP2,FOXP2,FOX,Endo,-0.178359504493094,0.318295471993308,0.985520413099923,False
SREBF1,SREBF1,bHLH-other,Endo,-0.136388935428604,0.409295881320286,0.985520413099923,False
SREBF2,SREBF2,bHLH-other,Endo,-0.097287862380463,0.475095825564342,0.985520413099923,False
THAP1,THAP1,other,Endo,-0.154158433985487,0.63357912443049,0.985520413099923,False
KLF5,KLF5,KLF-SP,Endo,-0.101148970968459,0.532412326888154,0.985520413099923,False
DMRT3,DMRT3,other,Endo,-0.0804725350633029,0.698713400577426,0.985520413099923,False
FOXG1,FOXG1,FOX,Endo,-0.0378472993445865,0.683027605808625,0.985520413099923,False
LBX1,LBX1,other,Endo,-0.0896441646907455,0.636481746934621,0.985520413099923,False
NFATC3,NFATC3,other,Endo,-0.0775893581748065,0.601824364854997,0.985520413099923,False
POU6F1,POU6F1,homeobox-other,Endo,-0.0202894710486715,0.927464106382914,0.985520413099923,False
SHOX,SHOX,other,Endo,0.0447508695872419,0.769043077345133,0.985520413099923,False
ALX3,ALX3,other,Endo,-0.12816254371809,0.461325622711649,0.985520413099923,False
BARHL2,BARHL2,homeobox-other,Endo,-0.295016784201443,0.0272744841221466,0.985520413099923,True
BHLHE41,BHLHE41,bHLH-neural,Endo,0.161071239961052,0.191406413129707,0.985520413099923,False
CENPB,CENPB,other,Endo,-0.1215992409365,0.358940042435792,0.985520413099923,False
CREB3,CREB3,other,Endo,0.0180165631032664,0.872975693454348,0.985520413099923,False
DBP,DBP,other,Endo,-0.25033352827471,0.215306970397529,0.985520413099923,False
ELF4,ELF4,ETS,Endo,-0.0680459830701856,0.827440880842073,0.985520413099923,False
ELF5,ELF5,ETS,Endo,-0.0504360578826049,0.89348866101712,0.985520413099923,False
EN1,EN1,homeobox-other,Endo,-0.0755839283349868,0.607290904786877,0.985520413099923,False
EN2,EN2,homeobox-other,Endo,-0.0366365095711038,0.825153739972009,0.985520413099923,False
ESX1,ESX1,other,Endo,-0.06984759505061,0.641303795428004,0.985520413099923,False
ETV6,ETV6,ETS,Endo,-0.187182885612539,0.581367511364061,0.985520413099923,False
FLI1,FLI1,ETS,Endo,-0.337357404044913,0.347437406536687,0.985520413099923,False
FOXI1,FOXI1,FOX,Endo,0.0263844393730481,0.848189026204317,0.985520413099923,False
FOXL1,FOXL1,FOX,Endo,0.0263844393730481,0.848189026204317,0.985520413099923,False
FOXO3,FOXO3,FOX,Endo,-0.0378472993445865,0.683027605808625,0.985520413099923,False
GCM1,GCM1,other,Endo,-0.0858780909898836,0.684100727530787,0.985520413099923,False
GRHL1,GRHL1,other,Endo,0.0656135050117678,0.463079196051158,0.985520413099923,False
GSC,GSC,other,Endo,-0.170102778781198,0.344995916839756,0.985520413099923,False
HEY2,HEY2,bHLH-neural,Endo,0.119158524837792,0.215260014170403,0.985520413099923,False
HINFP,HINFP,other,Endo,-0.153786425141493,0.258542659206286,0.985520413099923,False
HNF1A,HNF1A,other,Endo,-0.0096555696786351,0.956794783266008,0.985520413099923,False
HNF1B,HNF1B,other,Endo,0.0634887524302656,0.71805848560719,0.985520413099923,False
HOXC11,HOXC11,HOX,Endo,-0.0902494141604447,0.203936454591875,0.985520413099923,False
HSF1,HSF1,other,Endo,-0.0020333187210536,0.991017317099105,0.994158417945695,False
IRF8,IRF8,IRF,Endo,-0.0151060522610731,0.944964541051822,0.985520413099923,False
IRF9,IRF9,IRF,Endo,0.0704809640211859,0.707802026084699,0.985520413099923,False
ISX,ISX,other,Endo,0.0447508695872419,0.769043077345133,0.985520413099923,False
JDP2,JDP2,AP-1,Endo,-0.0379554737281584,0.936255995048048,0.985520413099923,False
JDP2(var.2),JDP2,AP-1,Endo,-0.232421146647672,0.171743362681798,0.985520413099923,False
KLF13,KLF13,KLF-SP,Endo,0.0783604373675937,0.622375398655833,0.985520413099923,False
LHX6,LHX6,homeobox-other,Endo,-0.13579451412277,0.550764893035115,0.985520413099923,False
MEF2B,MEF2B,other,Endo,0.0516477573229701,0.820780963434528,0.985520413099923,False
MEOX1,MEOX1,other,Endo,-0.0619235604721073,0.72795772648784,0.985520413099923,False
MIXL1,MIXL1,other,Endo,-0.108090952978152,0.57506846372834,0.985520413099923,False
MLX,MLX,bHLH-other,Endo,0.121274557207373,0.313147384597516,0.985520413099923,False
MLXIPL,MLXIPL,bHLH-other,Endo,0.10929163571656,0.417199961212048,0.985520413099923,False
MSC,MSC,bHLH-neural,Endo,-0.296112564516077,0.36672140401493,0.985520413099923,False
MSX1,MSX1,other,Endo,0.0693546293127012,0.541512233663629,0.985520413099923,False
MYF6,MYF6,bHLH-neural,Endo,-0.355556752449842,0.194744878305965,0.985520413099923,False
NEUROD2,NEUROD2,bHLH-neural,Endo,-0.0746018516032008,0.675944201046959,0.985520413099923,False
NEUROG2,NEUROG2,bHLH-neural,Endo,-0.014663260858834,0.943159970858319,0.985520413099923,False
NFIA,NFIA,other,Endo,0.0350724775678147,0.811230460689014,0.985520413099923,False
NFIX,NFIX,other,Endo,-0.219985341539627,0.455106087188466,0.985520413099923,False
NHLH1,NHLH1,bHLH-neural,Endo,-0.276607886803169,0.456866620395145,0.985520413099923,False
NKX2-3,NKX2-3,homeobox-other,Endo,-0.169844324533252,0.230189088440077,0.985520413099923,False
NKX2-8,NKX2-8,homeobox-other,Endo,-0.116936029344624,0.426406057282491,0.985520413099923,False
NKX6-1,NKX6-1,homeobox-other,Endo,-0.0698067225457867,0.681988135822921,0.985520413099923,False
NKX6-2,NKX6-2,homeobox-other,Endo,-0.0698067225457867,0.681988135822921,0.985520413099923,False
OLIG2,OLIG2,bHLH-neural,Endo,-0.0656870666499518,0.707250603290753,0.985520413099923,False
PAX4,PAX4,homeobox-other,Endo,-0.116648912969275,0.575923949229669,0.985520413099923,False
PAX7,PAX7,homeobox-other,Endo,-0.214438786145359,0.187015283752351,0.985520413099923,False
POU4F2,POU4F2,homeobox-other,Endo,0.17120031688678,0.359815652103235,0.985520413099923,False
SP4,SP4,KLF-SP,Endo,6.2488165550878e-05,0.999784196708333,0.999784196708333,False
SPDEF,SPDEF,ETS,Endo,-0.286639909429049,0.154873499581332,0.985520413099923,False
SPIC,SPIC,ETS,Endo,-0.0761216917713641,0.791018669086885,0.985520413099923,False
SRF,SRF,other,Endo,0.0889281581401062,0.414859082105093,0.985520413099923,False
TBXT,TBXT,other,Endo,-0.0238802654825,0.887979425268634,0.985520413099923,False
TBX2,TBX2,other,Endo,-0.163305454258696,0.446233695438949,0.985520413099923,False
TBX20,TBX20,other,Endo,-0.123160956693443,0.51576240435455,0.985520413099923,False
TBX21,TBX21,other,Endo,-0.189741522203224,0.365862560616276,0.985520413099923,False
TFAP4,TFAP4,other,Endo,-0.163770264634579,0.516351953020078,0.985520413099923,False
TFCP2,TFCP2,other,Endo,-0.055203736353966,0.659049581621133,0.985520413099923,False
TFEB,TFEB,bHLH-other,Endo,0.0751561992086684,0.424940416359379,0.985520413099923,False
ZBTB7B,ZBTB7B,ZBTB,Endo,-0.141460756874326,0.422971350775624,0.985520413099923,False
ZBTB7C,ZBTB7C,ZBTB,Endo,-0.212955660086778,0.206197370664744,0.985520413099923,False
ZIC1,ZIC1,other,Endo,-0.0097370032134556,0.937394994658451,0.985520413099923,False
ZIC3,ZIC3,other,Endo,-0.0591065754854369,0.674671044880668,0.985520413099923,False
ZBTB18,ZBTB18,ZBTB,Endo,-0.142118732906922,0.592030265091436,0.985520413099923,False
LBX2,LBX2,other,Endo,-0.0160816709890604,0.920915942780582,0.985520413099923,False
MEOX2,MEOX2,other,Endo,-0.0622520802066636,0.637035065354998,0.985520413099923,False
MNX1,MNX1,other,Endo,-0.0674357748380746,0.726952907115043,0.985520413099923,False
MSX2,MSX2,other,Endo,0.0693546293127012,0.541512233663629,0.985520413099923,False
NOTO,NOTO,other,Endo,-0.0287665685028258,0.900077759527988,0.985520413099923,False
OTX1,OTX1,homeobox-other,Endo,-0.123505170947339,0.482871684540097,0.985520413099923,False
PDX1,PDX1,other,Endo,-0.172539359718712,0.284580824594903,0.985520413099923,False
PHOX2A,PHOX2A,other,Endo,-0.36254781868799,0.165727345100798,0.985520413099923,False
PITX3,PITX3,other,Endo,-0.0991915481128378,0.504149215263801,0.985520413099923,False
PROP1,PROP1,other,Endo,-0.348240288174408,0.213175551710184,0.985520413099923,False
PRRX1,PRRX1,other,Endo,0.0447508695872419,0.769043077345133,0.985520413099923,False
RAX2,RAX2,homeobox-other,Endo,0.0447508695872419,0.769043077345133,0.985520413099923,False
RAX,RAX,homeobox-other,Endo,-0.146704033293642,0.51914795066737,0.985520413099923,False
RHOXF1,RHOXF1,other,Endo,0.119960183696474,0.263320055741916,0.985520413099923,False
UNCX,UNCX,other,Endo,-0.0572705579281876,0.770344622916884,0.985520413099923,False
VAX1,VAX1,homeobox-other,Endo,-0.15315458396344,0.313277658115477,0.985520413099923,False
VAX2,VAX2,homeobox-other,Endo,-0.15315458396344,0.313277658115477,0.985520413099923,False
VENTX,VENTX,other,Endo,-0.192504714122456,0.237925711147917,0.985520413099923,False
VSX1,VSX1,homeobox-other,Endo,-0.216902294817883,0.301746913313216,0.985520413099923,False
VSX2,VSX2,homeobox-other,Endo,-0.216902294817883,0.301746913313216,0.985520413099923,False
ESR1,ESR1,NR,Endo,-0.197283271000716,0.139072052677396,0.985520413099923,False
ESRRB,ESRRB,NR,Endo,-0.0927301751968207,0.329062100197313,0.985520413099923,False
NR2F1,NR2F1,NR,Endo,0.0242263316811391,0.847340990008299,0.985520413099923,False
NR3C1,NR3C1,NR,Endo,-0.0670445157325035,0.608437110193822,0.985520413099923,False
NR3C2,NR3C2,NR,Endo,-0.113614575974393,0.479649078343796,0.985520413099923,False
RARA,RARA,NR,Endo,0.0461157381640726,0.652117134368311,0.985520413099923,False
RARA(var.2),RARA,NR,Endo,-0.0844019384438138,0.495767498954696,0.985520413099923,False
BCL6B,BCL6B,other,Endo,-0.271547842070937,0.0569591036880018,0.985520413099923,False
EGR2,EGR2,EGR-WT1,Endo,-0.232280287381389,0.118773602449916,0.985520413099923,False
EGR3,EGR3,EGR-WT1,Endo,-0.364930836939263,0.0313540266412444,0.985520413099923,True
EGR4,EGR4,EGR-WT1,Endo,-0.215741366486458,0.124048323734313,0.985520413099923,False
GLIS1,GLIS1,other,Endo,0.0283046032574998,0.820874362401035,0.985520413099923,False
GLIS2,GLIS2,other,Endo,-0.0813519322681223,0.523731569325766,0.985520413099923,False
GLIS3,GLIS3,other,Endo,-0.151351568647008,0.45998782362648,0.985520413099923,False
HIC2,HIC2,other,Endo,-0.240917725058538,0.547687529063528,0.985520413099923,False
KLF14,KLF14,KLF-SP,Endo,-0.118926491436461,0.571128565257007,0.985520413099923,False
KLF16,KLF16,KLF-SP,Endo,-0.166477234852191,0.290960511450056,0.985520413099923,False
SP8,SP8,KLF-SP,Endo,-0.180687137989381,0.382956564232264,0.985520413099923,False
ZBED1,ZBED1,other,Endo,-0.0684474467937007,0.537594784240728,0.985520413099923,False
ZIC4,ZIC4,other,Endo,-0.0965082207613799,0.549879874120498,0.985520413099923,False
ZNF143,ZNF143,ZNF-KRAB,Endo,-0.190830333772299,0.40179507783807,0.985520413099923,False
ZNF410,ZNF410,ZNF-KRAB,Endo,-0.16470181278051,0.0817932655691519,0.985520413099923,False
CUX1,CUX1,other,Endo,-0.0956508061968299,0.590659716744764,0.985520413099923,False
CUX2,CUX2,other,Endo,0.0489245871465217,0.755430459077037,0.985520413099923,False
ONECUT2,ONECUT2,other,Endo,0.0384709962777453,0.827595118245195,0.985520413099923,False
ONECUT3,ONECUT3,other,Endo,-0.0137993654558355,0.919399694095579,0.985520413099923,False
E2F7,E2F7,E2F-DP,Endo,-0.133009334073025,0.357880274030951,0.985520413099923,False
ELK3,ELK3,ETS,Endo,-0.135544198678449,0.698637660557986,0.985520413099923,False
ERF,ERF,other,Endo,-0.262585856855346,0.466463925616225,0.985520413099923,False
ERG,ERG,ETS,Endo,-0.308435906758283,0.410698140598804,0.985520413099923,False
ETS1,ETS1,ETS,Endo,-0.196620053298328,0.611620074486735,0.985520413099923,False
ETV2,ETV2,ETS,Endo,-0.0851118129179929,0.839592443956481,0.985520413099923,False
ETV3,ETV3,ETS,Endo,-0.248244618973613,0.444298192256437,0.985520413099923,False
FEV,FEV,ETS,Endo,-0.262083507528854,0.436861279153293,0.985520413099923,False
GCM2,GCM2,other,Endo,-0.137466167747793,0.383143324775881,0.985520413099923,False
LEF1,LEF1,TCF-LEF,Endo,-0.262325432751551,0.134566726307677,0.985520413099923,False
HSF2,HSF2,other,Endo,-0.0185043411491054,0.908749454477883,0.985520413099923,False
HSF4,HSF4,other,Endo,0.0708043555298044,0.693231481667572,0.985520413099923,False
IRF7,IRF7,IRF,Endo,-0.162529961737612,0.444683501381054,0.985520413099923,False
MEF2D,MEF2D,other,Endo,-0.0170834414898227,0.948960021152943,0.985520413099923,False
MEIS1,MEIS1,homeobox-other,Endo,0.0692502896464071,0.619153022991965,0.985520413099923,False
MEIS2,MEIS2,homeobox-other,Endo,-0.0563599917056629,0.787557390959391,0.985520413099923,False
MEIS3,MEIS3,homeobox-other,Endo,-0.0454802460146025,0.776662946764787,0.985520413099923,False
MYBL1,MYBL1,other,Endo,-0.0047729092513257,0.965280657380651,0.985520413099923,False
MYBL2,MYBL2,other,Endo,-0.124562299233363,0.242764901709041,0.985520413099923,False
NFKB1,NFKB1,NFKB-REL,Endo,0.0438231533464437,0.713412842968363,0.985520413099923,False
NFKB2,NFKB2,NFKB-REL,Endo,0.0977404604677189,0.481875746019951,0.985520413099923,False
PAX1,PAX1,homeobox-other,Endo,0.106528578043389,0.334792199398325,0.985520413099923,False
PAX3,PAX3,homeobox-other,Endo,-0.26206462445862,0.222604282382863,0.985520413099923,False
PAX9,PAX9,homeobox-other,Endo,0.101506708760953,0.361667899787913,0.985520413099923,False
PKNOX2,PKNOX2,homeobox-other,Endo,-0.0933280924265169,0.781711273436178,0.985520413099923,False
POU1F1,POU1F1,homeobox-other,Endo,-0.234211871187579,0.184522784247968,0.985520413099923,False
POU2F1,POU2F1,homeobox-other,Endo,-0.092384382291064,0.506423925302582,0.985520413099923,False
POU3F1,POU3F1,homeobox-other,Endo,-0.0824475163437779,0.605322043762722,0.985520413099923,False
POU3F2,POU3F2,homeobox-other,Endo,-0.11492954461118,0.508375355931904,0.985520413099923,False
POU3F3,POU3F3,homeobox-other,Endo,-0.130103450287424,0.473726669834098,0.985520413099923,False
POU3F4,POU3F4,homeobox-other,Endo,-0.20447122756746,0.129337858394269,0.985520413099923,False
POU4F1,POU4F1,homeobox-other,Endo,0.0576028594929706,0.707449954754883,0.985520413099923,False
POU4F3,POU4F3,homeobox-other,Endo,0.053966826986391,0.729528100679213,0.985520413099923,False
POU5F1B,POU5F1B,homeobox-other,Endo,-0.134907807058253,0.316032532595422,0.985520413099923,False
POU6F2,POU6F2,homeobox-other,Endo,-0.007027986251755,0.967694082560123,0.986393485121671,False
PROX1,PROX1,homeobox-other,Endo,-0.218499776099452,0.0658747015532053,0.985520413099923,False
RFX2,RFX2,RFX,Endo,-0.156581198428538,0.4199477030781,0.985520413099923,False
SMAD3,SMAD3,SMAD,Endo,-0.116987391146204,0.118607568293509,0.985520413099923,False
TGIF1,TGIF1,other,Endo,-0.0310831393594214,0.885036989946985,0.985520413099923,False
TGIF2,TGIF2,other,Endo,-0.0384857849109096,0.865609407880392,0.985520413099923,False
RFX4,RFX4,RFX,Endo,-0.117121367243982,0.475263609179744,0.985520413099923,False
RFX5,RFX5,RFX,Endo,-0.271220217412814,0.295438328879377,0.985520413099923,False
RUNX2,RUNX2,RUNX,Endo,0.0063459559806799,0.965024331920054,0.985520413099923,False
EOMES,EOMES,other,Endo,-0.129295080449466,0.440047650528991,0.985520413099923,False
MGA,MGA,other,Endo,0.0190002337868617,0.91557619310777,0.985520413099923,False
TBR1,TBR1,other,Endo,-0.01254562272244,0.953380545400233,0.985520413099923,False
TBX15,TBX15,other,Endo,0.0190002337868617,0.91557619310777,0.985520413099923,False
TBX19,TBX19,other,Endo,-0.022245290751512,0.878441049715491,0.985520413099923,False
TBX1,TBX1,other,Endo,0.0469439682969642,0.745315917811386,0.985520413099923,False
TBX4,TBX4,other,Endo,0.0451976964870406,0.774965771980218,0.985520413099923,False
TBX5,TBX5,other,Endo,0.0451976964870406,0.774965771980218,0.985520413099923,False
TEAD3,TEAD3,TEAD,Endo,-0.197521518248049,0.2066524238389,0.985520413099923,False
TFAP2A(var.2),TFAP2A,other,Endo,-0.0912395029904367,0.57303018407576,0.985520413099923,False
TFAP2B,TFAP2B,other,Endo,-0.0602421714381163,0.763241793205195,0.985520413099923,False
TFAP2B(var.2),TFAP2B,other,Endo,-0.0929175048289482,0.614993348355139,0.985520413099923,False
TFAP2B(var.3),TFAP2B,other,Endo,-0.0740815672604885,0.630130945579719,0.985520413099923,False
TFAP2C,TFAP2C,other,Endo,-0.0871195940918836,0.674644762531231,0.985520413099923,False
TFAP2C(var.3),TFAP2C,other,Endo,-0.0634607712010591,0.649156700524141,0.985520413099923,False
BHLHE40,BHLHE40,bHLH-neural,Endo,0.19731522286851,0.181859755425924,0.985520413099923,False
BHLHE23,BHLHE23,bHLH-neural,Endo,-0.0802015967404912,0.664631022671894,0.985520413099923,False
BHLHE22,BHLHE22,bHLH-neural,Endo,-0.0276283074025838,0.901829118206337,0.985520413099923,False
CLOCK,CLOCK,bHLH-other,Endo,0.0320842052643035,0.808606489501582,0.985520413099923,False
FIGLA,FIGLA,other,Endo,-0.0989444549458207,0.681024480242909,0.985520413099923,False
HES5,HES5,bHLH-neural,Endo,0.188179683166947,0.14352786027606,0.985520413099923,False
HES7,HES7,bHLH-neural,Endo,0.144121006991898,0.316975089352064,0.985520413099923,False
HEY1,HEY1,bHLH-neural,Endo,0.183114696804481,0.167336234753103,0.985520413099923,False
MAX,MAX,bHLH-other,Endo,0.137538829875625,0.236234201140327,0.985520413099923,False
MNT,MNT,bHLH-other,Endo,0.211208915665255,0.0742450146187128,0.985520413099923,False
OLIG1,OLIG1,bHLH-neural,Endo,-0.103487156176116,0.59957825479816,0.985520413099923,False
OLIG3,OLIG3,bHLH-neural,Endo,-0.153723547869161,0.429287319338636,0.985520413099923,False
SREBF2(var.2),SREBF2,bHLH-other,Endo,0.0378956045437772,0.764864428142301,0.985520413099923,False
ATF7,ATF7,other,Endo,-0.170320418422662,0.318797898375495,0.985520413099923,False
CEBPB,CEBPB,CEBP,Endo,0.0906845458604017,0.609418431612056,0.985520413099923,False
CEBPE,CEBPE,CEBP,Endo,0.0340193154717408,0.857411432811231,0.985520413099923,False
CEBPG,CEBPG,CEBP,Endo,0.0716328221903832,0.706100459804165,0.985520413099923,False
CREB3L1,CREB3L1,other,Endo,-0.0416269479695458,0.754806363479953,0.985520413099923,False
NFE2,NFE2,other,Endo,0.104752421461253,0.830318492666412,0.985520413099923,False
TEF,TEF,other,Endo,-0.279019571998113,0.170119142108795,0.985520413099923,False
XBP1,XBP1,other,Endo,0.0092167973184287,0.933926747258842,0.985520413099923,False
FOXB1,FOXB1,FOX,Endo,-0.231588627786061,0.221032274252244,0.985520413099923,False
FOXC1,FOXC1,FOX,Endo,-0.123140926173229,0.582755169058717,0.985520413099923,False
FOXC2,FOXC2,FOX,Endo,-0.290637682051135,0.294406531041599,0.985520413099923,False
FOXO4,FOXO4,FOX,Endo,0.0263844393730481,0.848189026204317,0.985520413099923,False
FOXO6,FOXO6,FOX,Endo,0.0263844393730481,0.848189026204317,0.985520413099923,False
FOXP3,FOXP3,FOX,Endo,0.0263844393730481,0.848189026204317,0.985520413099923,False
RXRB,RXRB,NR,Endo,-0.0790885007542538,0.589225067187604,0.985520413099923,False
RXRG,RXRG,NR,Endo,-0.120972780658476,0.397700883912268,0.985520413099923,False
TP63,TP63,TP53fam,Endo,0.112194804337038,0.236204651301488,0.985520413099923,False
TP53,TP53,TP53fam,Endo,0.0537823530978181,0.760205925390282,0.985520413099923,False
TP73,TP73,TP53fam,Endo,0.130523283490512,0.336639994020742,0.985520413099923,False
GMEB2,GMEB2,other,Endo,-0.0727949317488626,0.628132587654066,0.985520413099923,False
MTF1,MTF1,other,Endo,-0.249919628045153,0.140758698910516,0.985520413099923,False
E2F1,E2F1,E2F-DP,Endo,0.0148930724082594,0.866703111436328,0.985520413099923,False
E2F8,E2F8,E2F-DP,Endo,0.0345051526816238,0.705168157767704,0.985520413099923,False
SOX21,SOX21,SOX,Endo,-0.210212222177367,0.345245854466281,0.985520413099923,False
TFAP2A(var.3),TFAP2A,other,Endo,-0.0796561124529246,0.540263408802099,0.985520413099923,False
ELK1,ELK1,ETS,Endo,-0.179496349256854,0.568417697964663,0.985520413099923,False
HOXD12,HOXD12,HOX,Endo,-0.0118823023305286,0.912789613024576,0.985520413099923,False
BARX1,BARX1,other,Endo,-0.158785748549178,0.405166593606193,0.985520413099923,False
BSX,BSX,other,Endo,0.0546810732709351,0.566818282398264,0.985520413099923,False
DLX6,DLX6,homeobox-other,Endo,-0.0979837657032619,0.290682956610621,0.985520413099923,False
DUXA,DUXA,other,Endo,0.0545052617112183,0.793183268624748,0.985520413099923,False
EMX2,EMX2,homeobox-other,Endo,-0.121784447189804,0.559025403062972,0.985520413099923,False
EVX1,EVX1,other,Endo,-0.134439946322812,0.521040811826155,0.985520413099923,False
EVX2,EVX2,other,Endo,-0.1471737086521,0.505716819332033,0.985520413099923,False
GBX1,GBX1,homeobox-other,Endo,-0.131747432512137,0.354214355489392,0.985520413099923,False
GBX2,GBX2,homeobox-other,Endo,-0.174052426124174,0.469978615312784,0.985520413099923,False
GSC2,GSC2,other,Endo,-0.157933652569041,0.385482978605323,0.985520413099923,False
GSX1,GSX1,homeobox-other,Endo,-0.0998631458463651,0.538611361701629,0.985520413099923,False
HESX1,HESX1,other,Endo,-0.0756790484773549,0.700753479230103,0.985520413099923,False
HMBOX1,HMBOX1,other,Endo,-0.122518243551991,0.202153010378196,0.985520413099923,False
HOXA10,HOXA10,HOX,Endo,-0.118606313063153,0.534632327605559,0.985520413099923,False
HOXB3,HOXB3,HOX,Endo,-0.134367808727224,0.51731710414092,0.985520413099923,False
HOXC10,HOXC10,HOX,Endo,-0.0340226608002356,0.811642675577628,0.985520413099923,False
HOXC12,HOXC12,HOX,Endo,-0.105681981859046,0.287318536463911,0.985520413099923,False
HOXC13,HOXC13,HOX,Endo,-0.196227664312954,0.22529742490874,0.985520413099923,False
HOXD11,HOXD11,HOX,Endo,-0.115316892253224,0.395303033667785,0.985520413099923,False
ISL2,ISL2,other,Endo,-0.0260678288962408,0.840638804440129,0.985520413099923,False
FOXK1,FOXK1,FOX,Endo,-0.0535618883279758,0.643049798273081,0.985520413099923,False
GATA2,GATA2,GATA,Endo,-0.176649640145615,0.262339498660712,0.985520413099923,False
HIF1A,HIF1A,bHLH-other,Endo,-0.0125981662914069,0.906257092334406,0.985520413099923,False
MYC,MYC,bHLH-other,Endo,0.061792728435538,0.661348866690592,0.985520413099923,False
MYB,MYB,other,Endo,0.115320381842276,0.412667003558292,0.985520413099923,False
MYCN,MYCN,bHLH-other,Endo,0.0444702160424292,0.73021375138551,0.985520413099923,False
NEUROD1,NEUROD1,bHLH-neural,Endo,-0.315684969737102,0.516511528125002,0.985520413099923,False
NFIC,NFIC,other,Endo,-0.155561955168347,0.652056282467524,0.985520413099923,False
NFYA,NFYA,other,Endo,0.0863427126064987,0.57439134729806,0.985520413099923,False
NR1H4,NR1H4,NR,Endo,-0.162145985350413,0.158346311271208,0.985520413099923,False
NR2F2,NR2F2,NR,Endo,-0.0665082281217353,0.546842712533574,0.985520413099923,False
PAX5,PAX5,homeobox-other,Endo,-0.0501156002314577,0.665830847183524,0.985520413099923,False
PBX3,PBX3,homeobox-other,Endo,-0.0062601277520872,0.960615707187229,0.985520413099923,False
POU5F1,POU5F1,homeobox-other,Endo,-0.0669376068008273,0.743838985728208,0.985520413099923,False
RBPJ,RBPJ,other,Endo,-0.0811763130841633,0.586918924512538,0.985520413099923,False
RELB,RELB,NFKB-REL,Endo,-0.153396595310402,0.294735809753618,0.985520413099923,False
SIX1,SIX1,homeobox-other,Endo,-0.270085051107664,0.0648959509608825,0.985520413099923,False
SIX2,SIX2,homeobox-other,Endo,-0.0980573505226854,0.534791633299465,0.985520413099923,False
SOX10,SOX10,SOX,Endo,-0.186333339510885,0.136276788245833,0.985520413099923,False
SOX13,SOX13,SOX,Endo,-0.277916582547584,0.162242738848461,0.985520413099923,False
TEAD2,TEAD2,TEAD,Endo,-0.168017755632825,0.348027018995255,0.985520413099923,False
TFDP1,TFDP1,E2F-DP,Endo,-0.0526398328491569,0.801414621587331,0.985520413099923,False
ZBTB7A,ZBTB7A,ZBTB,Endo,-0.150695434799714,0.612462261859705,0.985520413099923,False
ZEB1,ZEB1,other,Endo,-0.142355563986285,0.672667700186822,0.985520413099923,False
ZNF24,ZNF24,ZNF-KRAB,Endo,-0.230357984750169,0.450988607090316,0.985520413099923,False
ZNF384,ZNF384,ZNF-KRAB,Endo,-0.0258582350077285,0.925189035901608,0.985520413099923,False
ZNF282,ZNF282,ZNF-KRAB,Endo,-0.195082402120365,0.224428477264601,0.985520413099923,False
ZSCAN4,ZSCAN4,ZNF-KRAB,Endo,-0.380245390544645,0.0816379110989127,0.985520413099923,False
GATA3,GATA3,GATA,Endo,-0.18631519766709,0.125618098390334,0.985520413099923,False
FOS::JUN,FOS,AP-1,Endo,-0.0446250900548204,0.938517862066454,0.985520413099923,False
FOS::JUN,JUN,AP-1,Endo,-0.0446250900548204,0.938517862066454,0.985520413099923,False
FOS::JUN(var.2),FOS,AP-1,Endo,-0.25490891696631,0.117734872871436,0.985520413099923,False
FOS::JUN(var.2),JUN,AP-1,Endo,-0.25490891696631,0.117734872871436,0.985520413099923,False
FOSB::JUN,FOSB,AP-1,Endo,-0.211452867245641,0.187731725774105,0.985520413099923,False
FOSB::JUN,JUN,AP-1,Endo,-0.211452867245641,0.187731725774105,0.985520413099923,False
FOSL1::JUN,FOSL1,AP-1,Endo,-0.0612343435944558,0.916138589730558,0.985520413099923,False
FOSL1::JUN,JUN,AP-1,Endo,-0.0612343435944558,0.916138589730558,0.985520413099923,False
FOSL1::JUN(var.2),FOSL1,AP-1,Endo,-0.176899418884898,0.353960891969735,0.985520413099923,False
FOSL1::JUN(var.2),JUN,AP-1,Endo,-0.176899418884898,0.353960891969735,0.985520413099923,False
FOSL2::JUN,FOSL2,AP-1,Endo,-0.0281191652295072,0.960885629520895,0.985520413099923,False
FOSL2::JUN,JUN,AP-1,Endo,-0.0281191652295072,0.960885629520895,0.985520413099923,False
FOSL2::JUN(var.2),FOSL2,AP-1,Endo,-0.282140734071158,0.16424775236167,0.985520413099923,False
FOSL2::JUN(var.2),JUN,AP-1,Endo,-0.282140734071158,0.16424775236167,0.985520413099923,False
JUN::JUNB,JUN,AP-1,Endo,-0.0313786658059754,0.95053939087449,0.985520413099923,False
JUN::JUNB,JUNB,AP-1,Endo,-0.0313786658059754,0.95053939087449,0.985520413099923,False
JUN::JUNB(var.2),JUN,AP-1,Endo,-0.138514583676104,0.470882287638617,0.985520413099923,False
JUN::JUNB(var.2),JUNB,AP-1,Endo,-0.138514583676104,0.470882287638617,0.985520413099923,False
FOS::JUNB,FOS,AP-1,Endo,-0.0802734347546119,0.889195432984613,0.985520413099923,False
FOS::JUNB,JUNB,AP-1,Endo,-0.0802734347546119,0.889195432984613,0.985520413099923,False
FOSB::JUNB,FOSB,AP-1,Endo,-0.0541858024156279,0.92456736767647,0.985520413099923,False
FOSB::JUNB,JUNB,AP-1,Endo,-0.0541858024156279,0.92456736767647,0.985520413099923,False
FOSB::JUNB(var.2),FOSB,AP-1,Endo,-0.20281587184995,0.236672109552363,0.985520413099923,False
FOSB::JUNB(var.2),JUNB,AP-1,Endo,-0.20281587184995,0.236672109552363,0.985520413099923,False
FOSL1::JUNB,FOSL1,AP-1,Endo,-0.0980280425021467,0.860845620451199,0.985520413099923,False
FOSL1::JUNB,JUNB,AP-1,Endo,-0.0980280425021467,0.860845620451199,0.985520413099923,False
FOSL2::JUNB,FOSL2,AP-1,Endo,-0.0402272379747959,0.94398399828711,0.985520413099923,False
FOSL2::JUNB,JUNB,AP-1,Endo,-0.0402272379747959,0.94398399828711,0.985520413099923,False
FOSL2::JUNB(var.2),FOSL2,AP-1,Endo,-0.263437349725324,0.209330072168673,0.985520413099923,False
FOSL2::JUNB(var.2),JUNB,AP-1,Endo,-0.263437349725324,0.209330072168673,0.985520413099923,False
FOS::JUND,FOS,AP-1,Endo,-0.0976865684996893,0.870793835889128,0.985520413099923,False
FOS::JUND,JUND,AP-1,Endo,-0.0976865684996893,0.870793835889128,0.985520413099923,False
FOSL1::JUND,FOSL1,AP-1,Endo,-0.078380922832519,0.885288353521225,0.985520413099923,False
FOSL1::JUND,JUND,AP-1,Endo,-0.078380922832519,0.885288353521225,0.985520413099923,False
FOSL1::JUND(var.2),FOSL1,AP-1,Endo,-0.0812048432193484,0.67498465700755,0.985520413099923,False
FOSL1::JUND(var.2),JUND,AP-1,Endo,-0.0812048432193484,0.67498465700755,0.985520413099923,False
FOSL2::JUND,FOSL2,AP-1,Endo,-0.0577404854872399,0.918852646054643,0.985520413099923,False
FOSL2::JUND,JUND,AP-1,Endo,-0.0577404854872399,0.918852646054643,0.985520413099923,False
FOSL2::JUND(var.2),FOSL2,AP-1,Endo,-0.207518215362453,0.236725523099596,0.985520413099923,False
FOSL2::JUND(var.2),JUND,AP-1,Endo,-0.207518215362453,0.236725523099596,0.985520413099923,False
NR1H4::RXRA,NR1H4,NR,Endo,-0.106882053156674,0.420988088024342,0.985520413099923,False
NR1H4::RXRA,RXRA,NR,Endo,-0.106882053156674,0.420988088024342,0.985520413099923,False
NR4A2::RXRA,NR4A2,NR,Endo,-0.109490273164255,0.515947501243332,0.985520413099923,False
NR4A2::RXRA,RXRA,NR,Endo,-0.109490273164255,0.515947501243332,0.985520413099923,False
PPARA::RXRA,PPARA,NR,Endo,0.10740835633077,0.439121784355134,0.985520413099923,False
PPARA::RXRA,RXRA,NR,Endo,0.10740835633077,0.439121784355134,0.985520413099923,False
RARA::RXRG,RARA,NR,Endo,-0.0701310491596628,0.506783740205927,0.985520413099923,False
RARA::RXRG,RXRG,NR,Endo,-0.0701310491596628,0.506783740205927,0.985520413099923,False
RORB,RORB,NR,Endo,-0.0474559556003022,0.701220556462592,0.985520413099923,False
RORC,RORC,NR,Endo,-0.064792002470585,0.618569106057938,0.985520413099923,False
SOX15,SOX15,SOX,Endo,-0.26222247320138,0.0637065412279038,0.985520413099923,False
TFE3,TFE3,bHLH-other,Endo,0.178155973226813,0.225395380130936,0.985520413099923,False
VDR,VDR,NR,Endo,-0.161373543281485,0.202600983426728,0.985520413099923,False
IRF3,IRF3,IRF,Endo,-0.107746050554008,0.645396082013649,0.985520413099923,False
IRF4,IRF4,IRF,Endo,0.135420707089256,0.524307187707287,0.985520413099923,False
IRF5,IRF5,IRF,Endo,-0.0175875570425902,0.908213561502964,0.985520413099923,False
TCF7L1,TCF7L1,TCF-LEF,Endo,-0.380803820040571,0.0221772438447811,0.985520413099923,True
ARGFX,ARGFX,other,Endo,-0.135080036901804,0.575316876085678,0.985520413099923,False
ARNT2,ARNT2,bHLH-other,Endo,0.0890784056719776,0.434593959203307,0.985520413099923,False
ATF6,ATF6,other,Endo,-0.0077980597222284,0.940499016829966,0.985520413099923,False
ATOH1(var.2),ATOH1,bHLH-neural,Endo,-0.205989214202261,0.632764376295526,0.985520413099923,False
ATOH7,ATOH7,bHLH-neural,Endo,-0.0507490945285535,0.818703358373691,0.985520413099923,False
BACH2,BACH2,other,Endo,0.131844870001431,0.789517114648127,0.985520413099923,False
BACH2(var.2),BACH2,other,Endo,-0.153036302011065,0.236409931476094,0.985520413099923,False
BARX2,BARX2,other,Endo,0.038078011404741,0.812415873430439,0.985520413099923,False
BHLHA15(var.2),BHLHA15,bHLH-neural,Endo,-0.182954524960097,0.630500224599729,0.985520413099923,False
CDX4,CDX4,other,Endo,-0.0670448354561061,0.745956078950627,0.985520413099923,False
CREB3L4,CREB3L4,other,Endo,-0.0254370877420046,0.855498233706027,0.985520413099923,False
CREB3L4(var.2),CREB3L4,other,Endo,-0.100860704163659,0.600811871144735,0.985520413099923,False
DLX5,DLX5,homeobox-other,Endo,0.0151514322580026,0.927343462359759,0.985520413099923,False
DMRTA2,DMRTA2,other,Endo,-0.143078679633102,0.46162375102426,0.985520413099923,False
DMRTC2,DMRTC2,other,Endo,-0.135667384395289,0.538791951640916,0.985520413099923,False
DPRX,DPRX,other,Endo,-0.174497283514372,0.265237604212433,0.985520413099923,False
DRGX,DRGX,other,Endo,-0.15315458396344,0.313277658115477,0.985520413099923,False
ELF2,ELF2,ETS,Endo,-0.0233272964647122,0.945406688577257,0.985520413099923,False
ETS2,ETS2,ETS,Endo,-0.0924300423734539,0.79143032923457,0.985520413099923,False
FERD3L,FERD3L,bHLH-neural,Endo,-0.18886719811927,0.61695678025642,0.985520413099923,False
FOXE1,FOXE1,FOX,Endo,-0.378734174262918,0.12207584825264,0.985520413099923,False
FOXN3,FOXN3,FOX,Endo,-0.0937202477204075,0.471297983861167,0.985520413099923,False
GLI3,GLI3,other,Endo,-0.135593537262752,0.590888130504088,0.985520413099923,False
HES6,HES6,bHLH-neural,Endo,0.095329105438957,0.522987655113184,0.985520413099923,False
HNF4A(var.2),HNF4A,NR,Endo,-0.007691095838112,0.958836206553071,0.985520413099923,False
HOXA1,HOXA1,HOX,Endo,-0.1291750265705,0.335428068881637,0.985520413099923,False
HOXA4,HOXA4,HOX,Endo,-0.124173524614425,0.531292896864495,0.985520413099923,False
HOXA6,HOXA6,HOX,Endo,-0.0275048766801592,0.872225381770263,0.985520413099923,False
HOXA7,HOXA7,HOX,Endo,-0.129628743820029,0.319485679368631,0.985520413099923,False
HOXB4,HOXB4,HOX,Endo,-0.101823766137239,0.563365378041788,0.985520413099923,False
HOXB6,HOXB6,HOX,Endo,-0.127744527210009,0.426772579435864,0.985520413099923,False
HOXB7,HOXB7,HOX,Endo,-0.0600623981502406,0.717248132074922,0.985520413099923,False
HOXB8,HOXB8,HOX,Endo,-0.0692585033089086,0.564829882442534,0.985520413099923,False
HOXB9,HOXB9,HOX,Endo,-0.0314764610923945,0.823421208693163,0.985520413099923,False
HOXC4,HOXC4,HOX,Endo,-0.0735184276547896,0.58982849193549,0.985520413099923,False
HOXC8,HOXC8,HOX,Endo,-0.119266884205182,0.487899851257334,0.985520413099923,False
HOXD10,HOXD10,HOX,Endo,-0.0095020276561756,0.939815608101549,0.985520413099923,False
HOXD4,HOXD4,HOX,Endo,-0.058975727711308,0.791104928929017,0.985520413099923,False
IKZF1,IKZF1,other,Endo,0.0214046142615352,0.951546427268973,0.985520413099923,False
IRF6,IRF6,IRF,Endo,0.141141102785277,0.379261776773309,0.985520413099923,False
KLF10,KLF10,KLF-SP,Endo,-0.204581321052844,0.22529389976571,0.985520413099923,False
KLF11,KLF11,KLF-SP,Endo,-0.199104657069266,0.246476509853912,0.985520413099923,False
KLF15,KLF15,KLF-SP,Endo,-0.185011161243561,0.355120485760299,0.985520413099923,False
KLF17,KLF17,KLF-SP,Endo,-0.193727841109161,0.34782883863835,0.985520413099923,False
KLF2,KLF2,KLF-SP,Endo,-0.100692692636142,0.561968310949802,0.985520413099923,False
KLF3,KLF3,KLF-SP,Endo,-0.103288151155986,0.592172100512586,0.985520413099923,False
KLF6,KLF6,KLF-SP,Endo,-0.0090668064899572,0.965184831230734,0.985520413099923,False
LHX1,LHX1,homeobox-other,Endo,-0.0381172379838025,0.789112754580096,0.985520413099923,False
LHX5,LHX5,homeobox-other,Endo,-0.0698067225457867,0.681988135822921,0.985520413099923,False
MAF,MAF,other,Endo,-0.0941798889120062,0.662624447976301,0.985520413099923,False
MAFA,MAFA,other,Endo,-0.0608159363710427,0.776757079705662,0.985520413099923,False
MAZ,MAZ,other,Endo,-0.178959701846262,0.184728184260103,0.985520413099923,False
MSANTD3,MSANTD3,other,Endo,-0.295093945351541,0.184091445868463,0.985520413099923,False
MSGN1,MSGN1,other,Endo,-0.196069012504082,0.447689462023088,0.985520413099923,False
NFATC4,NFATC4,other,Endo,-0.115484210085263,0.551599483566758,0.985520413099923,False
NFIC(var.2),NFIC,other,Endo,-0.0257551603090709,0.900659258154678,0.985520413099923,False
NFIX(var.2),NFIX,other,Endo,-0.0195193416659468,0.913900743849148,0.985520413099923,False
NHLH2,NHLH2,bHLH-neural,Endo,-0.27789468072204,0.459377394752381,0.985520413099923,False
NKX6-3,NKX6-3,homeobox-other,Endo,-0.0211815332071007,0.864280210676937,0.985520413099923,False
NR1D1,NR1D1,NR,Endo,-0.0154122427476965,0.917948455413961,0.985520413099923,False
NR1D2,NR1D2,NR,Endo,-0.064300300433993,0.600541583297244,0.985520413099923,False
NR1I2,NR1I2,NR,Endo,-0.0777862130921906,0.541720924915414,0.985520413099923,False
NR1I3,NR1I3,NR,Endo,-0.0492609206107023,0.75633816382268,0.985520413099923,False
NR2C1,NR2C1,NR,Endo,-0.196265384444158,0.0472563355821545,0.985520413099923,True
NR2C2(var.2),NR2C2,NR,Endo,-0.134809599596008,0.283171989707888,0.985520413099923,False
NR2F1(var.2),NR2F1,NR,Endo,-0.177939232815701,0.145618225373952,0.985520413099923,False
NR2F1(var.3),NR2F1,NR,Endo,-0.167959755296664,0.100183349988448,0.985520413099923,False
NR2F6(var.3),NR2F6,NR,Endo,-0.172342459746995,0.224089466640364,0.985520413099923,False
NR5A1,NR5A1,NR,Endo,-0.111043956424737,0.313947179779343,0.985520413099923,False
NR6A1,NR6A1,NR,Endo,-0.0054623529770793,0.95959072983181,0.985520413099923,False
OSR1,OSR1,other,Endo,-0.275929963173342,0.173369529003387,0.985520413099923,False
OVOL1,OVOL1,other,Endo,0.0318904480309536,0.736004191520892,0.985520413099923,False
OVOL2,OVOL2,other,Endo,-0.101742200369892,0.37416113514542,0.985520413099923,False
PAX3(var.2),PAX3,homeobox-other,Endo,-0.193086834569138,0.078007379771312,0.985520413099923,False
PITX2,PITX2,other,Endo,0.0087831288079601,0.947755296957573,0.985520413099923,False
PLAGL2,PLAGL2,other,Endo,-0.123815631206762,0.332368874809907,0.985520413099923,False
POU6F1(var.2),POU6F1,homeobox-other,Endo,0.0487010881801055,0.779638845420082,0.985520413099923,False
PPARD,PPARD,NR,Endo,0.0106547054524464,0.927070098717775,0.985520413099923,False
RARB(var.3),RARB,NR,Endo,-0.0244205813525477,0.836358920802678,0.985520413099923,False
RARG(var.3),RARG,NR,Endo,-0.0829025131760888,0.468127031326526,0.985520413099923,False
RFX7,RFX7,RFX,Endo,-0.117915169936797,0.476540917051392,0.985520413099923,False
RXRB(var.2),RXRB,NR,Endo,-0.0589819630742248,0.632436112055727,0.985520413099923,False
RXRG(var.2),RXRG,NR,Endo,-0.150240684510285,0.293953244833549,0.985520413099923,False
SMAD5,SMAD5,SMAD,Endo,-0.203309841043317,0.0142224192990412,0.985520413099923,True
SNAI1,SNAI1,other,Endo,-0.144557323123012,0.661143895836292,0.985520413099923,False
SNAI3,SNAI3,other,Endo,-0.126273461950072,0.727293489704583,0.985520413099923,False
SOHLH2,SOHLH2,other,Endo,0.168597165045752,0.11398989111675,0.985520413099923,False
SOX12,SOX12,SOX,Endo,-0.150425437161095,0.224016550782254,0.985520413099923,False
SOX14,SOX14,SOX,Endo,-0.180790234731141,0.237047336705185,0.985520413099923,False
SOX18,SOX18,SOX,Endo,0.0989727189074595,0.550429844782897,0.985520413099923,False
SP9,SP9,KLF-SP,Endo,-0.194332832631814,0.315476361105943,0.985520413099923,False
TBX18,TBX18,other,Endo,-0.153075424838894,0.405124991444238,0.985520413099923,False
TBX3,TBX3,other,Endo,0.0240776022234004,0.911188255587258,0.985520413099923,False
TBX6,TBX6,other,Endo,-0.0423147537019373,0.855561026950771,0.985520413099923,False
TCF21(var.2),TCF21,other,Endo,-0.110467739546172,0.613795893970077,0.985520413099923,False
TFAP2E,TFAP2E,other,Endo,-0.0361452520073563,0.824301538046454,0.985520413099923,False
TFAP4(var.2),TFAP4,other,Endo,-0.19036415212652,0.316689089576621,0.985520413099923,False
TGIF2LX,TGIF2LX,other,Endo,-0.0493601615112615,0.825601990263612,0.985520413099923,False
TGIF2LY,TGIF2LY,other,Endo,-0.0365343134906896,0.837924269506704,0.985520413099923,False
THAP11,THAP11,other,Endo,-0.281148180849307,0.0668528339904614,0.985520413099923,False
THRB,THRB,NR,Endo,-0.130361704884252,0.314051593757098,0.985520413099923,False
THRB(var.2),THRB,NR,Endo,-0.195846318527726,0.265425219707856,0.985520413099923,False
THRB(var.3),THRB,NR,Endo,-0.148916945636039,0.324701141870875,0.985520413099923,False
TLX2,TLX2,other,Endo,-0.116648912969275,0.575923949229669,0.985520413099923,False
VEZF1,VEZF1,other,Endo,-0.21733319926921,0.244683019571389,0.985520413099923,False
ZBTB26,ZBTB26,ZBTB,Endo,-0.118021994038411,0.436686312532579,0.985520413099923,False
ZBTB32,ZBTB32,ZBTB,Endo,-0.141338930865073,0.196939787070609,0.985520413099923,False
ZBTB6,ZBTB6,ZBTB,Endo,-0.0668370850785741,0.661975607599164,0.985520413099923,False
ZFP57,ZFP57,other,Endo,-0.0824046297171521,0.528691778306791,0.985520413099923,False
ZIC5,ZIC5,other,Endo,-0.0794493452488397,0.624577436988673,0.985520413099923,False
ZKSCAN1,ZKSCAN1,ZNF-KRAB,Endo,-0.0820571292711579,0.411134935387663,0.985520413099923,False
ZNF135,ZNF135,ZNF-KRAB,Endo,-0.0975679570550848,0.479129401839627,0.985520413099923,False
ZNF136,ZNF136,ZNF-KRAB,Endo,-0.122757789914091,0.308429364034101,0.985520413099923,False
ZNF140,ZNF140,ZNF-KRAB,Endo,-0.0695816270330363,0.644419349271773,0.985520413099923,False
ZNF274,ZNF274,ZNF-KRAB,Endo,0.0527205137310794,0.763091108745124,0.985520413099923,False
ZNF317,ZNF317,ZNF-KRAB,Endo,-0.0836490474216895,0.748934025410088,0.985520413099923,False
ZNF382,ZNF382,ZNF-KRAB,Endo,-0.149062265518065,0.294636370740755,0.985520413099923,False
ZNF460,ZNF460,ZNF-KRAB,Endo,-0.0694122530083976,0.570551508521775,0.985520413099923,False
ZNF528,ZNF528,ZNF-KRAB,Endo,-0.19488570986956,0.320171693221563,0.985520413099923,False
ZNF682,ZNF682,ZNF-KRAB,Endo,-0.0736615320945573,0.695233834277198,0.985520413099923,False
ZNF684,ZNF684,ZNF-KRAB,Endo,-0.271180107292688,0.282701703953799,0.985520413099923,False
ZNF75D,ZNF75D,ZNF-KRAB,Endo,-0.144018553388964,0.465714056926996,0.985520413099923,False
ZSCAN29,ZSCAN29,ZNF-KRAB,Endo,0.0114965252146239,0.924112105591463,0.985520413099923,False
ASCL1,ASCL1,other,Endo,-0.144458957284647,0.704559736479561,0.985520413099923,False
ATF3,ATF3,other,Endo,-0.199997547688037,0.183818447873595,0.985520413099923,False
BARHL1,BARHL1,homeobox-other,Endo,-0.15279421942539,0.161102160139655,0.985520413099923,False
BATF::JUN,BATF,AP-1,Endo,-0.0702064409646448,0.893955611168768,0.985520413099923,False
BATF::JUN,JUN,AP-1,Endo,-0.0702064409646448,0.893955611168768,0.985520413099923,False
BCL6,BCL6,other,Endo,-0.197657579555093,0.0706183271898888,0.985520413099923,False
CDX1,CDX1,other,Endo,-0.152065493908227,0.417180681272456,0.985520413099923,False
E2F2,E2F2,E2F-DP,Endo,-0.034188405044508,0.783453294568467,0.985520413099923,False
E2F3,E2F3,E2F-DP,Endo,-0.0416078061080761,0.725844906542295,0.985520413099923,False
E2F4,E2F4,E2F-DP,Endo,0.0418490945965085,0.74856948402636,0.985520413099923,False
EMX1,EMX1,homeobox-other,Endo,-0.172539359718712,0.284580824594903,0.985520413099923,False
FOXD2,FOXD2,FOX,Endo,-0.366483796476816,0.207060617391184,0.985520413099923,False
GATA5,GATA5,GATA,Endo,-0.404255757641591,0.0933114100028192,0.985520413099923,False
GFI1,GFI1,other,Endo,-0.0854393129579908,0.544978122329952,0.985520413099923,False
GLI2,GLI2,other,Endo,-0.169865600496154,0.522750122130234,0.985520413099923,False
GSX2,GSX2,homeobox-other,Endo,-0.172539359718712,0.284580824594903,0.985520413099923,False
HES1,HES1,bHLH-neural,Endo,-0.0587281177862981,0.659583045635883,0.985520413099923,False
HES2,HES2,bHLH-neural,Endo,0.0749711790231837,0.523695912191375,0.985520413099923,False
HOXA13,HOXA13,HOX,Endo,-0.116913087305808,0.321174107161852,0.985520413099923,False
HOXA2,HOXA2,HOX,Endo,-0.17802690564501,0.346764678183176,0.985520413099923,False
HOXA5,HOXA5,HOX,Endo,-0.1291750265705,0.335428068881637,0.985520413099923,False
HOXA9,HOXA9,HOX,Endo,-0.0183859200604606,0.87926931092755,0.985520413099923,False
HOXB2,HOXB2,HOX,Endo,-0.172539359718712,0.284580824594903,0.985520413099923,False
HOXB5,HOXB5,HOX,Endo,-0.1291750265705,0.335428068881637,0.985520413099923,False
HOXC9,HOXC9,HOX,Endo,-0.0369466335763887,0.781097126104873,0.985520413099923,False
HOXD13,HOXD13,HOX,Endo,-0.229261358759264,0.0827891276057793,0.985520413099923,False
HOXD3,HOXD3,HOX,Endo,-0.172539359718712,0.284580824594903,0.985520413099923,False
HOXD8,HOXD8,HOX,Endo,-0.129628743820029,0.319485679368631,0.985520413099923,False
HOXD9,HOXD9,HOX,Endo,-0.114288490843246,0.471443028656614,0.985520413099923,False
JUNB(var.2),JUNB,AP-1,Endo,-0.208563540169812,0.326825642820859,0.985520413099923,False
LHX9,LHX9,homeobox-other,Endo,-0.116648912969275,0.575923949229669,0.985520413099923,False
LMX1A,LMX1A,other,Endo,-0.131294789182894,0.501694820518684,0.985520413099923,False
LMX1B,LMX1B,other,Endo,-0.0838147905327026,0.711186776865538,0.985520413099923,False
NEUROG1,NEUROG1,bHLH-neural,Endo,-0.0694891423470833,0.7220289157779,0.985520413099923,False
NRL,NRL,other,Endo,-0.2376140255836,0.179274902720078,0.985520413099923,False
PITX1,PITX1,other,Endo,-0.0241283650851818,0.85127056417591,0.985520413099923,False
PRRX2,PRRX2,other,Endo,-0.116648912969275,0.575923949229669,0.985520413099923,False
SOX4,SOX4,SOX,Endo,-0.196615251490407,0.245815843490894,0.985520413099923,False
SOX8,SOX8,SOX,Endo,-0.258957323186905,0.0282698647994311,0.985520413099923,True
SP1,SP1,KLF-SP,Endo,-0.0064012480068802,0.979971609774384,0.989664390346231,False
SP2,SP2,KLF-SP,Endo,-0.187025175450559,0.288929924083136,0.985520413099923,False
SP3,SP3,KLF-SP,Endo,-0.16670540802962,0.441553208586295,0.985520413099923,False
TCFL5,TCFL5,other,Endo,0.0959292247961432,0.519660763540749,0.985520413099923,False
TFEC,TFEC,other,Endo,0.0722709300047976,0.611188628126792,0.985520413099923,False
ZNF740,ZNF740,ZNF-KRAB,Endo,-0.145388275225115,0.414666033436885,0.985520413099923,False
ASCL1(var.2),ASCL1,other,Endo,-0.0503697257319849,0.885533845559626,0.985520413099923,False
ATF2,ATF2,other,Endo,-0.14812400021932,0.286921310818606,0.985520413099923,False
BACH1,BACH1,other,Endo,-0.0877460793299243,0.826681987505989,0.985520413099923,False
BATF,BATF,AP-1,Endo,-0.0515145544276843,0.923252974210042,0.985520413099923,False
BHLHE22(var.2),BHLHE22,bHLH-neural,Endo,-0.168586719232729,0.631656534860952,0.985520413099923,False
CEBPG(var.2),CEBPG,CEBP,Endo,-0.16335943285344,0.515877024295265,0.985520413099923,False
EBF3,EBF3,other,Endo,-0.176302605939738,0.267651127059699,0.985520413099923,False
HAND2,HAND2,bHLH-neural,Endo,-0.283513814503203,0.390864790451954,0.985520413099923,False
MEIS1(var.2),MEIS1,homeobox-other,Endo,-0.18706602213565,0.255691253273862,0.985520413099923,False
MEIS2(var.2),MEIS2,homeobox-other,Endo,-0.272102648393205,0.1442004765033,0.985520413099923,False
MYF5,MYF5,bHLH-neural,Endo,-0.299517380968419,0.519083192371769,0.985520413099923,False
NEUROG2(var.2),NEUROG2,bHLH-neural,Endo,-0.279320924781168,0.571729133146787,0.985520413099923,False
NFIB,NFIB,other,Endo,-0.0934589291490798,0.648999835537552,0.985520413099923,False
NFYC,NFYC,other,Endo,0.0333234913797467,0.849796236151628,0.985520413099923,False
NKX2-2,NKX2-2,homeobox-other,Endo,-0.221486782717615,0.318265830840331,0.985520413099923,False
OSR2,OSR2,other,Endo,-0.14253637407682,0.61895255902071,0.985520413099923,False
PRDM4,PRDM4,other,Endo,-0.0683563179769019,0.722161905513218,0.985520413099923,False
TCF12(var.2),TCF12,bHLH-neural,Endo,-0.174958400391987,0.582361144839279,0.985520413099923,False
ZBTB12,ZBTB12,ZBTB,Endo,-0.0339126789845179,0.839313142485958,0.985520413099923,False
ZBTB14,ZBTB14,ZBTB,Endo,-0.166989882301978,0.332604710707119,0.985520413099923,False
ZFP42,ZFP42,other,Endo,0.068609485963768,0.526851260211344,0.985520413099923,False
ZKSCAN5,ZKSCAN5,ZNF-KRAB,Endo,-0.0558083749232114,0.720118660819704,0.985520413099923,False
ZNF148,ZNF148,ZNF-KRAB,Endo,-0.199994983189094,0.136543076067475,0.985520413099923,False
ZNF16,ZNF16,ZNF-KRAB,Endo,-0.222522100684188,0.308591021550865,0.985520413099923,False
ZNF341,ZNF341,ZNF-KRAB,Endo,-0.185123365914111,0.334110980953853,0.985520413099923,False
ZNF449,ZNF449,ZNF-KRAB,Endo,0.0093735253462316,0.959719284456403,0.985520413099923,False
ZNF652,ZNF652,ZNF-KRAB,Endo,-0.182997921500992,0.176334947909614,0.985520413099923,False
FOXA3,FOXA3,FOX,Endo,-0.0138451777257259,0.922813983908679,0.985520413099923,False
ATF4,ATF4,other,Endo,-0.0838579349382961,0.630192084718135,0.985520413099923,False
BATF3,BATF3,AP-1,Endo,-0.105929494118412,0.834680965378567,0.985520413099923,False
CDX2,CDX2,other,Endo,-0.233210423405363,0.312278903602778,0.985520413099923,False
CEBPA,CEBPA,CEBP,Endo,-0.119699372061709,0.593059428618114,0.985520413099923,False
CEBPD,CEBPD,CEBP,Endo,0.0379649298564262,0.836064458922906,0.985520413099923,False
CREB1,CREB1,other,Endo,-0.237232345774848,0.108777872214756,0.985520413099923,False
CTCFL,CTCFL,CTCF,Endo,-0.246158479229577,0.107100862434715,0.985520413099923,False
E2F6,E2F6,E2F-DP,Endo,-0.15974248364883,0.264730162798156,0.985520413099923,False
EBF1,EBF1,other,Endo,-0.134914318987144,0.488727260627415,0.985520413099923,False
EGR1,EGR1,EGR-WT1,Endo,-0.338047165669523,0.0842341971270747,0.985520413099923,False
EHF,EHF,ETS,Endo,-0.0599447611816142,0.872529962813153,0.985520413099923,False
ELF1,ELF1,ETS,Endo,-0.247062911302054,0.449114768462323,0.985520413099923,False
ELF3,ELF3,ETS,Endo,-0.0948451281975837,0.765853629140332,0.985520413099923,False
ESRRA,ESRRA,NR,Endo,-0.0512706039634087,0.646437718206339,0.985520413099923,False
ETV1,ETV1,ETS,Endo,-0.171486939101309,0.661563289993572,0.985520413099923,False
ETV4,ETV4,ETS,Endo,-0.191501299683836,0.493381619240263,0.985520413099923,False
ETV5,ETV5,ETS,Endo,-0.191102057787919,0.579284661295488,0.985520413099923,False
FOSL1,FOSL1,AP-1,Endo,-0.0239414778736586,0.965217163387725,0.985520413099923,False
FOXA1,FOXA1,FOX,Endo,-0.0568317823650617,0.687071431599931,0.985520413099923,False
FOXA2,FOXA2,FOX,Endo,-0.0691302377882933,0.654091422760907,0.985520413099923,False
FOXK2,FOXK2,FOX,Endo,-0.114303705382317,0.394103370388786,0.985520413099923,False
FOXP1,FOXP1,FOX,Endo,-0.0984950924541669,0.478894764409395,0.985520413099923,False
GABPA,GABPA,ETS,Endo,-0.204103601380261,0.56770410698628,0.985520413099923,False
GATA1,GATA1,GATA,Endo,-0.100446975119349,0.446782886636624,0.985520413099923,False
GATA4,GATA4,GATA,Endo,-0.124618017400128,0.422881434577081,0.985520413099923,False
GATA6,GATA6,GATA,Endo,-0.0376188985705822,0.826956141274294,0.985520413099923,False
GRHL2,GRHL2,other,Endo,-0.131215568191945,0.204579369984344,0.985520413099923,False
HLF,HLF,other,Endo,-0.276456679265603,0.098518258301923,0.985520413099923,False
HNF4A,HNF4A,NR,Endo,-0.137390028889249,0.261449635717541,0.985520413099923,False
HNF4G,HNF4G,NR,Endo,-0.123196324788797,0.38234095743395,0.985520413099923,False
HOXB13,HOXB13,HOX,Endo,0.0510975062036909,0.691217903825945,0.985520413099923,False
JUNB,JUNB,AP-1,Endo,-0.108435022630767,0.827219436881798,0.985520413099923,False
JUND,JUND,AP-1,Endo,-0.0904895358442888,0.857452977365348,0.985520413099923,False
KLF4,KLF4,KLF-SP,Endo,-0.120755134612327,0.3981226650678,0.985520413099923,False
KLF9,KLF9,KLF-SP,Endo,-0.255403386172035,0.2348369602116,0.985520413099923,False
LHX2,LHX2,homeobox-other,Endo,0.0436369846346405,0.801945606726017,0.985520413099923,False
MAFF,MAFF,other,Endo,-0.231286001468377,0.233690293008749,0.985520413099923,False
MAFG,MAFG,other,Endo,-0.109453491412271,0.545810617962305,0.985520413099923,False
MAFK,MAFK,other,Endo,-0.0353018149858426,0.894181104761037,0.985520413099923,False
MEF2A,MEF2A,other,Endo,-0.120779670846755,0.669284785231793,0.985520413099923,False
MITF,MITF,bHLH-other,Endo,0.128674752905163,0.159215335833605,0.985520413099923,False
MXI1,MXI1,bHLH-other,Endo,-0.0187874545690001,0.952347938547418,0.985520413099923,False
MYOD1,MYOD1,bHLH-neural,Endo,-0.195542277935594,0.632610164462531,0.985520413099923,False
MYOG,MYOG,bHLH-neural,Endo,-0.119211100909976,0.730437101974198,0.985520413099923,False
MZF1,MZF1,other,Endo,-0.0675213496025174,0.615420711222308,0.985520413099923,False
NFE2L1,NFE2L1,other,Endo,-0.0085835484602558,0.976751998000762,0.989664390346231,False
NFIL3,NFIL3,other,Endo,-0.314921371384937,0.0678038955842843,0.985520413099923,False
NFYB,NFYB,other,Endo,0.213708415740638,0.142306548800352,0.985520413099923,False
NKX2-5,NKX2-5,homeobox-other,Endo,0.0041345733431501,0.977974290585604,0.989664390346231,False
NR4A1,NR4A1,NR,Endo,0.0376078338358702,0.751593675295225,0.985520413099923,False
ONECUT1,ONECUT1,other,Endo,-0.062957209658794,0.743278400891364,0.985520413099923,False
OTX2,OTX2,homeobox-other,Endo,-0.082123131625378,0.679864307488572,0.985520413099923,False
PBX2,PBX2,homeobox-other,Endo,-0.205369343424205,0.282800990140916,0.985520413099923,False
PHOX2B,PHOX2B,other,Endo,-0.300200481144074,0.325154285029227,0.985520413099923,False
PKNOX1,PKNOX1,homeobox-other,Endo,0.001948980207141,0.989998886237898,0.994158417945695,False
POU2F3,POU2F3,homeobox-other,Endo,-0.20304104380817,0.310892892632993,0.985520413099923,False
PRDM1,PRDM1,other,Endo,0.0528020894989176,0.712763850061108,0.985520413099923,False
RFX1,RFX1,RFX,Endo,-0.142298073356955,0.573404550649086,0.985520413099923,False
RFX3,RFX3,RFX,Endo,-0.177736345083351,0.534974838467245,0.985520413099923,False
RUNX3,RUNX3,RUNX,Endo,-0.0838847354232692,0.641676907763381,0.985520413099923,False
SCRT1,SCRT1,other,Endo,-0.0860769217420235,0.643499529045625,0.985520413099923,False
SCRT2,SCRT2,other,Endo,-0.0303990892019901,0.881370702835085,0.985520413099923,False
SNAI2,SNAI2,other,Endo,-0.0222245757312318,0.946285761921254,0.985520413099923,False
SOX2,SOX2,SOX,Endo,-0.311723894071402,0.0901851077075582,0.985520413099923,False
SPI1,SPI1,ETS,Endo,-0.0299995121915854,0.902697528792984,0.985520413099923,False
SPIB,SPIB,ETS,Endo,0.0042220535745336,0.987666240973854,0.993947107371144,False
SREBF1(var.2),SREBF1,bHLH-other,Endo,0.053883550280648,0.738512811359562,0.985520413099923,False
TCF3,TCF3,bHLH-neural,Endo,-0.174145980083791,0.578576142440489,0.985520413099923,False
TCF4,TCF4,bHLH-neural,Endo,-0.0956504720182043,0.769388340270973,0.985520413099923,False
TCF7,TCF7,TCF-LEF,Endo,-0.303902301950011,0.136091503947778,0.985520413099923,False
TEAD1,TEAD1,TEAD,Endo,-0.297069218774354,0.125048115086362,0.985520413099923,False
TEAD4,TEAD4,TEAD,Endo,-0.205132921446722,0.221909067753515,0.985520413099923,False
TFAP2A,TFAP2A,other,Endo,-0.0376833231330559,0.815112925837534,0.985520413099923,False
TFAP2C(var.2),TFAP2C,other,Endo,-0.201353944692095,0.241559519878599,0.985520413099923,False
TWIST1,TWIST1,TWIST,Endo,-0.112426421458329,0.654591510704346,0.985520413099923,False
USF1,USF1,bHLH-other,Endo,0.213389495789106,0.103246426170951,0.985520413099923,False
USF2,USF2,bHLH-other,Endo,0.217301061051612,0.0592746286696304,0.985520413099923,False
YY2,YY2,other,Endo,-0.229045119701702,0.159595991778956,0.985520413099923,False
ZNF263,ZNF263,ZNF-KRAB,Endo,-0.33423134266786,0.0939880467829132,0.985520413099923,False
CREM,CREM,other,Endo,-0.23788801395145,0.284976416708193,0.985520413099923,False
