"receiver","response","ligand","pearson","z","perm_p","perm_padj","is_candidate","is_frozen_up"
"CA_ExN","binary_padj0.1","GUCA2A",0.0505201193352683,NA,0.00149925037481259,0.306791048919984,FALSE,FALSE
"CA_ExN","binary_padj0.1","ENTPD1",0.0364465654592554,NA,0.0079960019990005,0.306791048919984,FALSE,FALSE
"CA_ExN","binary_padj0.1","CD244",0.0330733853332837,NA,0.00549725137431284,0.306791048919984,FALSE,FALSE
"CA_ExN","binary_padj0.1","COL5A1",0.0304446909963074,NA,0.00999500249875063,0.306791048919984,FALSE,FALSE
"CA_ExN","binary_padj0.1","BMP7",0.0298230609173015,NA,0.00549725137431284,0.306791048919984,FALSE,FALSE
"CA_ExN","binary_padj0.1","IL10",0.0291068647015997,NA,0.00649675162418791,0.306791048919984,FALSE,FALSE
"CA_ExN","binary_padj0.1","NODAL",0.0288829185030608,NA,0.00899550224887556,0.306791048919984,FALSE,FALSE
"CA_ExN","binary_padj0.1","CFC1",0.0283539880189681,NA,0.00349825087456272,0.306791048919984,FALSE,FALSE
"CA_ExN","binary_padj0.1","COL2A1",0.027974173955095,NA,0.00549725137431284,0.306791048919984,FALSE,FALSE
"CA_ExN","binary_padj0.1","IL17C",0.0279684002212132,NA,0.00699650174912544,0.306791048919984,FALSE,FALSE
"CA_ExN","binary_padj0.1","WNT1",0.0273306388797915,NA,0.00849575212393803,0.306791048919984,FALSE,FALSE
"CA_ExN","binary_padj0.1","FGF2",0.027159741073646,NA,0.0114942528735632,0.306791048919984,FALSE,FALSE
"CA_ExN","binary_padj0.1","NOG",0.027138120548488,NA,0.00299850074962519,0.306791048919984,FALSE,FALSE
"CA_ExN","binary_padj0.1","IL20",0.0267712761051375,NA,0.0109945027486257,0.306791048919984,FALSE,FALSE
"CA_ExN","binary_padj0.1","SLITRK1",0.0262433544496188,NA,0.00399800099950025,0.306791048919984,FALSE,FALSE
"CA_ExN","binary_padj0.1","EPHA4",0.0256310800336227,NA,0.00999500249875063,0.306791048919984,FALSE,FALSE
"CA_ExN","binary_padj0.1","GDF1",0.0253874926109052,NA,0.00599700149925037,0.306791048919984,FALSE,FALSE
"CA_ExN","binary_padj0.1","PSG9",0.0253745548857128,NA,0.00549725137431284,0.306791048919984,FALSE,FALSE
"CA_ExN","binary_padj0.1","TDGF1",0.0248484846572704,NA,0.00349825087456272,0.306791048919984,FALSE,FALSE
"CA_ExN","binary_padj0.1","INHBB",0.0248164048861083,NA,0.00899550224887556,0.306791048919984,FALSE,FALSE
"CA_ExN","binary_padj0.1","OMG",0.0245251821951719,NA,0.0229885057471264,0.306791048919984,FALSE,FALSE
"CA_ExN","binary_padj0.1","LEFTY2",0.0235672315547412,NA,0.00849575212393803,0.306791048919984,FALSE,FALSE
"CA_ExN","binary_padj0.1","LVRN",0.0234226901267053,NA,0.0109945027486257,0.306791048919984,FALSE,FALSE
"CA_ExN","binary_padj0.1","JAG1",0.0232591705154164,NA,0.0204897551224388,0.306791048919984,FALSE,FALSE
"CA_ExN","binary_padj0.1","BMP8A",0.0223915481998911,NA,0.0124937531234383,0.306791048919984,FALSE,FALSE
"CA_ExN","binary_padj0.1","IL4",0.0223781580839522,NA,0.0274862568715642,0.306791048919984,FALSE,FALSE
"CA_ExN","binary_padj0.1","EFEMP2",0.0222630626201736,NA,0.0109945027486257,0.306791048919984,FALSE,FALSE
"CA_ExN","binary_padj0.1","CER1",0.0221641952145136,NA,0.00899550224887556,0.306791048919984,FALSE,FALSE
"CA_ExN","binary_padj0.1","IL24",0.0221013414136106,NA,0.023488255872064,0.306791048919984,FALSE,FALSE
"CA_ExN","binary_padj0.1","VSIR",0.0219801019581909,NA,0.0144927536231884,0.306791048919984,FALSE,FALSE
"CA_ExN","binary_padj0.1","BMP3",0.0216430440590591,NA,0.0144927536231884,0.306791048919984,FALSE,FALSE
"CA_ExN","binary_padj0.1","LEFTY1",0.0213078405370093,NA,0.015992003998001,0.306791048919984,FALSE,FALSE
"CA_ExN","binary_padj0.1","INHBC",0.0212672344337865,NA,0.0129935032483758,0.306791048919984,FALSE,FALSE
"CA_ExN","binary_padj0.1","GDF7",0.0211924890506057,NA,0.0139930034982509,0.306791048919984,FALSE,FALSE
"CA_ExN","binary_padj0.1","GDF6",0.0211716846017651,NA,0.0129935032483758,0.306791048919984,FALSE,FALSE
"CA_ExN","binary_padj0.1","CCL27",0.0209812156723999,NA,0.0249875062468766,0.306791048919984,FALSE,FALSE
"CA_ExN","binary_padj0.1","PRNP",0.0207574356540203,NA,0.0284857571214393,0.306791048919984,FALSE,FALSE
"CA_ExN","binary_padj0.1","ADM",0.0205940566829144,NA,0.015992003998001,0.306791048919984,FALSE,FALSE
"CA_ExN","binary_padj0.1","ADAM21",0.0205630547626454,NA,0.0269865067466267,0.306791048919984,FALSE,FALSE
"CA_ExN","binary_padj0.1","PDGFB",0.0204598784379646,NA,0.0284857571214393,0.306791048919984,FALSE,FALSE
"CA_ExN","binary_padj0.1","PCDH15",0.0204036416053673,NA,0.0189905047476262,0.306791048919984,FALSE,FALSE
"CA_ExN","binary_padj0.1","CDH3",0.0201605819496782,NA,0.0109945027486257,0.306791048919984,FALSE,FALSE
"CA_ExN","binary_padj0.1","FCRL6",0.0200599463021082,NA,0.0204897551224388,0.306791048919984,FALSE,FALSE
"CA_ExN","binary_padj0.1","LAMA2",0.0198273386203291,NA,0.0184907546226887,0.306791048919984,FALSE,FALSE
"CA_ExN","binary_padj0.1","BMP15",0.0198093508507253,NA,0.0224887556221889,0.306791048919984,FALSE,FALSE
"CA_ExN","binary_padj0.1","FAM3B",0.0196230224586842,NA,0.023488255872064,0.306791048919984,FALSE,FALSE
"CA_ExN","binary_padj0.1","CCL2",0.0195541034515019,NA,0.0224887556221889,0.306791048919984,FALSE,FALSE
"CA_ExN","binary_padj0.1","ANGPT4",0.0194977061332034,NA,0.0229885057471264,0.306791048919984,FALSE,FALSE
"CA_ExN","binary_padj0.1","BMP10",0.019095569946598,NA,0.0209895052473763,0.306791048919984,FALSE,FALSE
"CA_ExN","binary_padj0.1","BMP1",0.0189978314180806,NA,0.0184907546226887,0.306791048919984,FALSE,FALSE
"CA_ExN","binary_padj0.1","PCDHA12",0.0189623836119834,NA,0.0149925037481259,0.306791048919984,FALSE,FALSE
"CA_ExN","binary_padj0.1","BMP8B",0.0189281734325405,NA,0.0209895052473763,0.306791048919984,FALSE,FALSE
"CA_ExN","binary_padj0.1","OCLN",0.0188716220761984,NA,0.024487756121939,0.306791048919984,FALSE,FALSE
"CA_ExN","binary_padj0.1","PTPRK",0.0188209885675176,NA,0.0179910044977511,0.306791048919984,FALSE,FALSE
"CA_ExN","binary_padj0.1","BMP4",0.018820875769812,NA,0.0399800099950025,0.306791048919984,FALSE,FALSE
"CA_ExN","binary_padj0.1","INHBE",0.0186596184006181,NA,0.0209895052473763,0.306791048919984,FALSE,FALSE
"CA_ExN","binary_padj0.1","TDGF1P3",0.0185464131288364,NA,0.0224887556221889,0.306791048919984,FALSE,FALSE
"CA_ExN","binary_padj0.1","CDH15",0.0184314707586745,NA,0.0219890054972514,0.306791048919984,FALSE,FALSE
"CA_ExN","binary_padj0.1","HAS1",0.018191298860147,NA,0.0264867566216892,0.306791048919984,FALSE,FALSE
"CA_ExN","binary_padj0.1","TNFSF9",0.0181594683183752,NA,0.0464767616191904,0.306791048919984,FALSE,FALSE
"CA_ExN","binary_padj0.1","SIGLEC6",0.018118392944803,NA,0.0279860069965017,0.306791048919984,FALSE,FALSE
"CA_ExN","binary_padj0.1","ANGPTL7",0.0180992013916414,NA,0.0309845077461269,0.306791048919984,FALSE,FALSE
"CA_ExN","binary_padj0.1","COL10A1",0.0180547257102333,NA,0.0494752623688156,0.306791048919984,FALSE,FALSE
"CA_ExN","binary_padj0.1","FURIN",0.0180009872069929,NA,0.0454772613693153,0.306791048919984,FALSE,FALSE
"CA_ExN","binary_padj0.1","NMU",0.0179087721744386,NA,0.0524737631184408,0.306791048919984,FALSE,FALSE
"CA_ExN","binary_padj0.1","SEMA6A",0.0178131148085072,NA,0.0284857571214393,0.306791048919984,FALSE,FALSE
"CA_ExN","binary_padj0.1","GDF3",0.0178070655850895,NA,0.0279860069965017,0.306791048919984,FALSE,FALSE
"CA_ExN","binary_padj0.1","ORM1",0.0177658911537625,NA,0.0254872563718141,0.306791048919984,FALSE,FALSE
"CA_ExN","binary_padj0.1","SFRP2",0.0176979954286983,NA,0.031984007996002,0.306791048919984,FALSE,FALSE
"CA_ExN","binary_padj0.1","IGSF3",0.0176723374827353,NA,0.0259870064967516,0.306791048919984,FALSE,FALSE
"CA_ExN","binary_padj0.1","DKK1",0.0175615864736556,NA,0.0304847576211894,0.306791048919984,FALSE,FALSE
"CA_ExN","binary_padj0.1","PCDHA11",0.0174817527964593,NA,0.023488255872064,0.306791048919984,FALSE,FALSE
"CA_ExN","binary_padj0.1","PCDHA5",0.0174478576611464,NA,0.0239880059970015,0.306791048919984,FALSE,FALSE
"CA_ExN","binary_padj0.1","PCDHA8",0.0173958250630894,NA,0.024487756121939,0.306791048919984,FALSE,FALSE
"CA_ExN","binary_padj0.1","PCDHA1",0.01738993539088,NA,0.0249875062468766,0.306791048919984,FALSE,FALSE
"CA_ExN","binary_padj0.1","GPC6",0.017377816222174,NA,0.0289855072463768,0.306791048919984,FALSE,FALSE
"CA_ExN","binary_padj0.1","PTPRM",0.0173739707202379,NA,0.024487756121939,0.306791048919984,FALSE,FALSE
"CA_ExN","binary_padj0.1","OLFM2",0.0173523339800925,NA,0.0324837581209395,0.306791048919984,FALSE,FALSE
"CA_ExN","binary_padj0.1","TNF",0.0172006022670548,NA,0.0469765117441279,0.306791048919984,FALSE,FALSE
"CA_ExN","binary_padj0.1","CRTAM",0.0169537050249944,NA,0.0439780109945027,0.306791048919984,FALSE,FALSE
"CA_ExN","binary_padj0.1","BOC",0.0168812395234413,NA,0.0369815092453773,0.306791048919984,FALSE,FALSE
"CA_ExN","binary_padj0.1","SCGB3A2",0.016857425665133,NA,0.0374812593703148,0.306791048919984,FALSE,FALSE
"CA_ExN","binary_padj0.1","PODXL",0.0168057232752319,NA,0.0329835082458771,0.306791048919984,FALSE,FALSE
"CA_ExN","binary_padj0.1","CDH9",0.016699827822941,NA,0.0294852573713143,0.306791048919984,FALSE,FALSE
"CA_ExN","binary_padj0.1","GDNF",0.0166195200884221,NA,0.0489755122438781,0.306791048919984,FALSE,FALSE
"CA_ExN","binary_padj0.1","CFD",0.01657907375819,NA,0.0399800099950025,0.306791048919984,FALSE,FALSE
"CA_ExN","binary_padj0.1","HJV",0.0164521591829849,NA,0.039480259870065,0.306791048919984,FALSE,FALSE
"CA_ExN","binary_padj0.1","MMP13",0.0163875956974523,NA,0.0374812593703148,0.306791048919984,FALSE,FALSE
"CA_ExN","binary_padj0.1","DEFB4B",0.0163178412777883,NA,0.0419790104947526,0.306791048919984,FALSE,FALSE
"CA_ExN","binary_padj0.1","IL19",0.0163096173654835,NA,0.0584707646176912,0.306791048919984,FALSE,FALSE
"CA_ExN","binary_padj0.1","CADM1",0.01630850058971,NA,0.0569715142428786,0.306791048919984,FALSE,FALSE
"CA_ExN","binary_padj0.1","ROBO1",0.016296869296321,NA,0.0379810094952524,0.306791048919984,FALSE,FALSE
"CA_ExN","binary_padj0.1","CLDN2",0.0162632783446137,NA,0.0434782608695652,0.306791048919984,FALSE,FALSE
"CA_ExN","binary_padj0.1","SPAG11B",0.0162516073233652,NA,0.0309845077461269,0.306791048919984,FALSE,FALSE
"CA_ExN","binary_padj0.1","PCDHA13",0.0162306993124737,NA,0.0329835082458771,0.306791048919984,FALSE,FALSE
"CA_ExN","binary_padj0.1","BMP5",0.016194704942209,NA,0.0379810094952524,0.306791048919984,FALSE,FALSE
"CA_ExN","binary_padj0.1","RSPO1",0.016189773901232,NA,0.0304847576211894,0.306791048919984,FALSE,FALSE
"CA_ExN","binary_padj0.1","PCDHA10",0.0159430674118503,NA,0.0354822588705647,0.306791048919984,FALSE,FALSE
"CA_ExN","binary_padj0.1","COL5A3",0.0158677267776488,NA,0.0449775112443778,0.306791048919984,FALSE,FALSE
"CA_ExN","binary_padj0.1","PCDHA6",0.0158458284801992,NA,0.0379810094952524,0.306791048919984,FALSE,FALSE
"CA_ExN","binary_padj0.1","CDH6",0.0158283953961461,NA,0.0499750124937531,0.306791048919984,FALSE,FALSE
"CA_ExN","binary_padj0.1","PCDHA3",0.01581642499714,NA,0.0379810094952524,0.306791048919984,FALSE,FALSE
"CA_ExN","binary_padj0.1","CADM2",0.0158154642616946,NA,0.0534732633683158,0.306791048919984,FALSE,FALSE
"CA_ExN","binary_padj0.1","FLRT3",0.0157980506087848,NA,0.0449775112443778,0.306791048919984,FALSE,FALSE
"CA_ExN","binary_padj0.1","COL26A1",0.0157876295499786,NA,0.047976011994003,0.306791048919984,FALSE,FALSE
"CA_ExN","binary_padj0.1","PCDHA2",0.0157833610785812,NA,0.0354822588705647,0.306791048919984,FALSE,FALSE
"CA_ExN","binary_padj0.1","IL36A",0.0156816288582168,NA,0.0604697651174413,0.306791048919984,FALSE,FALSE
"CA_ExN","binary_padj0.1","OPCML",0.0156571329223293,NA,0.0449775112443778,0.306791048919984,FALSE,FALSE
"CA_ExN","binary_padj0.1","HPX",0.0156392266696325,NA,0.0429785107446277,0.306791048919984,FALSE,FALSE
"CA_ExN","binary_padj0.1","IL37",0.0154464747602189,NA,0.0599700149925037,0.306791048919984,FALSE,FALSE
"CA_ExN","binary_padj0.1","APOD",0.0153772218294948,NA,0.0524737631184408,0.306791048919984,TRUE,TRUE
"CA_ExN","binary_padj0.1","POSTN",0.0153672941236398,NA,0.0439780109945027,0.306791048919984,FALSE,FALSE
"CA_ExN","binary_padj0.1","FGF23",0.0153592178485585,NA,0.0559720139930035,0.306791048919984,FALSE,FALSE
"CA_ExN","binary_padj0.1","S100A4",0.0153100867777132,NA,0.0444777611194403,0.306791048919984,FALSE,FALSE
"CA_ExN","binary_padj0.1","IHH",0.0152916375203927,NA,0.0314842578710645,0.306791048919984,FALSE,FALSE
"CA_ExN","binary_padj0.1","SPN",0.0151238463844821,NA,0.0509745127436282,0.306791048919984,FALSE,FALSE
"CA_ExN","binary_padj0.1","WBP1",0.0151118916715212,NA,0.0524737631184408,0.306791048919984,FALSE,FALSE
"CA_ExN","binary_padj0.1","CCL7",0.0150944625888261,NA,0.056471764117941,0.306791048919984,FALSE,FALSE
"CA_ExN","binary_padj0.1","HP",0.0150347905590591,NA,0.056471764117941,0.306791048919984,FALSE,FALSE
"CA_ExN","binary_padj0.1","CCN4",0.0150344208379474,NA,0.0469765117441279,0.306791048919984,FALSE,FALSE
"CA_ExN","binary_padj0.1","CDH4",0.0150073321154852,NA,0.0569715142428786,0.306791048919984,FALSE,FALSE
"CA_ExN","binary_padj0.1","FST",0.0149145299159492,NA,0.0449775112443778,0.306791048919984,FALSE,FALSE
"CA_ExN","binary_padj0.1","GDF5",0.0148947339132303,NA,0.0414792603698151,0.306791048919984,FALSE,FALSE
"CA_ExN","binary_padj0.1","SEMA4F",0.0148405531128367,NA,0.0589705147426287,0.306791048919984,FALSE,FALSE
"CA_ExN","binary_padj0.1","ENG",0.0148247847422298,NA,0.0424787606196902,0.306791048919984,FALSE,FALSE
"CA_ExN","binary_padj0.1","IL21",0.0147824249354076,NA,0.0844577711144428,0.306791048919984,FALSE,FALSE
"CA_ExN","binary_padj0.1","HDC",0.0147799633267058,NA,0.0599700149925037,0.306791048919984,FALSE,FALSE
"CA_ExN","binary_padj0.1","UCN",0.0147787114749755,NA,0.0579710144927536,0.306791048919984,FALSE,FALSE
"CA_ExN","binary_padj0.1","GHRH",0.014773258377234,NA,0.0359820089955022,0.306791048919984,FALSE,FALSE
"CA_ExN","binary_padj0.1","BTN1A1",0.0147644378243955,NA,0.0454772613693153,0.306791048919984,FALSE,FALSE
"CA_ExN","binary_padj0.1","PCDHB3",0.0146612319109723,NA,0.0509745127436282,0.306791048919984,FALSE,FALSE
"CA_ExN","binary_padj0.1","ALOX5AP",0.0145928696902431,NA,0.0574712643678161,0.306791048919984,FALSE,FALSE
"CA_ExN","binary_padj0.1","PCDHA7",0.0145868105595527,NA,0.0534732633683158,0.306791048919984,FALSE,FALSE
"CA_ExN","binary_padj0.1","NEGR1",0.0144460390584453,NA,0.0614692653673163,0.306791048919984,FALSE,FALSE
"CA_ExN","binary_padj0.1","F11",0.0144025260088682,NA,0.0619690154922539,0.306791048919984,FALSE,FALSE
"CA_ExN","binary_padj0.1","MUC4",0.0143527181054291,NA,0.0589705147426287,0.306791048919984,FALSE,FALSE
"CA_ExN","binary_padj0.1","FGF11",0.0143195787309867,NA,0.0609695152423788,0.306791048919984,FALSE,FALSE
"CA_ExN","binary_padj0.1","NPPC",0.0143073938740386,NA,0.0604697651174413,0.306791048919984,FALSE,FALSE
"CA_ExN","binary_padj0.1","TCN1",0.0141768723608856,NA,0.0709645177411294,0.306791048919984,FALSE,FALSE
"CA_ExN","binary_padj0.1","IL15",0.0141662976219636,NA,0.0834582708645677,0.306791048919984,TRUE,TRUE
"CA_ExN","binary_padj0.1","SEMA3F",0.0141358783746919,NA,0.0679660169915042,0.306791048919984,FALSE,FALSE
"CA_ExN","binary_padj0.1","TGFBI",0.0141304834739044,NA,0.0619690154922539,0.306791048919984,FALSE,FALSE
"CA_ExN","binary_padj0.1","KCNA1",0.0140360019400122,NA,0.0649675162418791,0.306791048919984,FALSE,FALSE
"CA_ExN","binary_padj0.1","PTPRZ1",0.0139813973755521,NA,0.0669665167416292,0.306791048919984,FALSE,FALSE
"CA_ExN","binary_padj0.1","CLEC4G",0.0139765298894912,NA,0.0644677661169415,0.306791048919984,FALSE,FALSE
"CA_ExN","binary_padj0.1","WFIKKN2",0.0139707593236708,NA,0.0649675162418791,0.306791048919984,FALSE,FALSE
"CA_ExN","binary_padj0.1","GJB6",0.013917909071533,NA,0.063968015992004,0.306791048919984,FALSE,FALSE
"CA_ExN","binary_padj0.1","SNX14",0.0139162790520304,NA,0.0794602698650675,0.306791048919984,FALSE,FALSE
"CA_ExN","binary_padj0.1","MIA",0.0138524136438793,NA,0.0599700149925037,0.306791048919984,FALSE,FALSE
"CA_ExN","binary_padj0.1","LGALS9",0.0138413543073564,NA,0.071464267866067,0.306791048919984,TRUE,TRUE
"CA_ExN","binary_padj0.1","CSH1",0.0137830338514049,NA,0.0719640179910045,0.306791048919984,FALSE,FALSE
"CA_ExN","binary_padj0.1","LRRC52",0.0137824294108444,NA,0.0719640179910045,0.306791048919984,FALSE,FALSE
"CA_ExN","binary_padj0.1","CADM3",0.0137486127699335,NA,0.0779610194902549,0.306791048919984,FALSE,FALSE
"CA_ExN","binary_padj0.1","DHH",0.0137331912712276,NA,0.0699650174912544,0.306791048919984,FALSE,FALSE
"CA_ExN","binary_padj0.1","AHSG",0.0136867414056981,NA,0.0669665167416292,0.306791048919984,FALSE,FALSE
"CA_ExN","binary_padj0.1","APOA4",0.0136633317516112,NA,0.072463768115942,0.306791048919984,FALSE,FALSE
"CA_ExN","binary_padj0.1","CD209",0.013663237616751,NA,0.0674662668665667,0.306791048919984,FALSE,FALSE
"CA_ExN","binary_padj0.1","MICA",0.0135842901230495,NA,0.071464267866067,0.306791048919984,FALSE,FALSE
"CA_ExN","binary_padj0.1","C1QB",0.0134561115830247,NA,0.0694652673663168,0.306791048919984,FALSE,FALSE
"CA_ExN","binary_padj0.1","DKK2",0.0134118150288404,NA,0.0659670164917541,0.306791048919984,TRUE,TRUE
"CA_ExN","binary_padj0.1","CSF3",0.0133767999158282,NA,0.0824587706146927,0.306791048919984,FALSE,FALSE
"CA_ExN","binary_padj0.1","CEACAM21",0.0132049451198797,NA,0.0734632683658171,0.306791048919984,FALSE,FALSE
"CA_ExN","binary_padj0.1","MSTN",0.0131748101717805,NA,0.0879560219890055,0.306791048919984,FALSE,FALSE
"CA_ExN","binary_padj0.1","NTF4",0.01309524923343,NA,0.0759620189905048,0.306791048919984,FALSE,FALSE
"CA_ExN","binary_padj0.1","F9",0.0130051668178999,NA,0.071464267866067,0.306791048919984,FALSE,FALSE
"CA_ExN","binary_padj0.1","CHL1",0.0129685686169694,NA,0.0749625187406297,0.306791048919984,FALSE,FALSE
"CA_ExN","binary_padj0.1","NEO1",0.0129337387630614,NA,0.0764617691154423,0.306791048919984,FALSE,FALSE
"CA_ExN","binary_padj0.1","NYX",0.0129044113005996,NA,0.0839580209895052,0.306791048919984,FALSE,FALSE
"CA_ExN","binary_padj0.1","ANTXR1",0.0128861330583618,NA,0.0844577711144428,0.306791048919984,FALSE,FALSE
"CA_ExN","binary_padj0.1","NCAM1",0.0128824072203907,NA,0.0844577711144428,0.306791048919984,FALSE,FALSE
"CA_ExN","binary_padj0.1","LIN7A",0.0128558917370664,NA,0.0759620189905048,0.306791048919984,FALSE,FALSE
"CA_ExN","binary_padj0.1","HRG",0.0128360723985946,NA,0.0649675162418791,0.306791048919984,FALSE,FALSE
"CA_ExN","binary_padj0.1","CD160",0.0127348901908516,NA,0.0894552723638181,0.306791048919984,FALSE,FALSE
"CA_ExN","binary_padj0.1","EPCAM",0.0127058970861087,NA,0.0829585207396302,0.306791048919984,FALSE,FALSE
"CA_ExN","binary_padj0.1","LSAMP",0.0126430304264609,NA,0.079960019990005,0.306791048919984,FALSE,FALSE
"CA_ExN","binary_padj0.1","PRLH",0.0126374976406831,NA,0.0814592703648176,0.306791048919984,FALSE,FALSE
"CA_ExN","binary_padj0.1","LYPD6",0.0126366403945351,NA,0.087456271864068,0.306791048919984,FALSE,FALSE
"CA_ExN","binary_padj0.1","MAG",0.0126012221862727,NA,0.0834582708645677,0.306791048919984,FALSE,FALSE
"CA_ExN","binary_padj0.1","CDH5",0.0124956875002051,NA,0.087456271864068,0.306791048919984,FALSE,FALSE
"CA_ExN","binary_padj0.1","L1CAM",0.012469053369743,NA,0.0869565217391304,0.306791048919984,FALSE,FALSE
"CA_ExN","binary_padj0.1","SEMA6C",0.0124668229017653,NA,0.0904547726136932,0.306791048919984,FALSE,FALSE
"CA_ExN","binary_padj0.1","APOB",0.0124659370625562,NA,0.0879560219890055,0.306791048919984,FALSE,FALSE
"CA_ExN","binary_padj0.1","RGMA",0.0123383104255088,NA,0.0894552723638181,0.306791048919984,FALSE,FALSE
"CA_ExN","binary_padj0.1","GDF15",0.0123353051523722,NA,0.0789605197401299,0.306791048919984,FALSE,FALSE
"CA_ExN","binary_padj0.1","MPDZ",0.0122859150299209,NA,0.0889555222388806,0.306791048919984,FALSE,FALSE
"CA_ExN","binary_padj0.1","LRIT1",0.0122789803500817,NA,0.0944527736131934,0.306791048919984,FALSE,FALSE
"CA_ExN","binary_padj0.1","SOST",0.0122510632307186,NA,0.0954522738630685,0.306791048919984,FALSE,FALSE
"CA_ExN","binary_padj0.1","ANGPTL3",0.0122426380731177,NA,0.0929535232383808,0.306791048919984,FALSE,FALSE
"CA_ExN","binary_padj0.1","SELP",0.0122397431443666,NA,0.0864567716141929,0.306791048919984,FALSE,FALSE
"CA_ExN","binary_padj0.1","PSG4",0.012222962539437,NA,0.0849575212393803,0.306791048919984,FALSE,FALSE
"CA_ExN","binary_padj0.1","SEMA3G",0.0122199583792247,NA,0.0969515242378811,0.306791048919984,FALSE,FALSE
"CA_ExN","binary_padj0.1","LIN7B",0.0122184100387896,NA,0.0914542728635682,0.306791048919984,FALSE,FALSE
"CA_ExN","binary_padj0.1","IBSP",0.0122142834078189,NA,0.0924537731134433,0.306791048919984,FALSE,FALSE
"CA_ExN","binary_padj0.1","SLAMF7",0.0121882178749525,NA,0.0969515242378811,0.306791048919984,FALSE,FALSE
"CA_ExN","binary_padj0.1","ANGPTL2",0.0121559868510555,NA,0.0969515242378811,0.306791048919984,FALSE,FALSE
"CA_ExN","binary_padj0.1","CDCP1",0.0121194623401603,NA,0.101949025487256,0.306791048919984,FALSE,FALSE
"CA_ExN","binary_padj0.1","CDH13",0.0120816892811769,NA,0.0929535232383808,0.306791048919984,FALSE,FALSE
"CA_ExN","binary_padj0.1","KIR2DS3",0.0120789538578217,NA,0.0964517741129435,0.306791048919984,FALSE,FALSE
"CA_ExN","binary_padj0.1","NECTIN1",0.0120541802906457,NA,0.0944527736131934,0.306791048919984,FALSE,FALSE
"CA_ExN","binary_padj0.1","FAM3D",0.0120274935416025,NA,0.0829585207396302,0.306791048919984,FALSE,FALSE
"CA_ExN","binary_padj0.1","EZR",0.012018528606358,NA,0.0779610194902549,0.306791048919984,FALSE,FALSE
"CA_ExN","binary_padj0.1","APOC2",0.0120123755467728,NA,0.103948025987006,0.306791048919984,FALSE,FALSE
"CA_ExN","binary_padj0.1","CXCL6",0.0119954215407882,NA,0.0584707646176912,0.306791048919984,FALSE,FALSE
"CA_ExN","binary_padj0.1","PTH2",0.0119882122716261,NA,0.0939530234882559,0.306791048919984,FALSE,FALSE
"CA_ExN","binary_padj0.1","SLURP1",0.0119510496634579,NA,0.0794602698650675,0.306791048919984,FALSE,FALSE
"CA_ExN","binary_padj0.1","EFNB3",0.0119416679417377,NA,0.100449775112444,0.306791048919984,FALSE,FALSE
"CA_ExN","binary_padj0.1","PAEP",0.0119094305682735,NA,0.0999500249875062,0.306791048919984,FALSE,FALSE
"CA_ExN","binary_padj0.1","SIGLEC9",0.0118882592098453,NA,0.0999500249875062,0.306791048919984,FALSE,FALSE
"CA_ExN","binary_padj0.1","YARS1",0.0118822528764328,NA,0.088455772113943,0.306791048919984,FALSE,FALSE
"CA_ExN","binary_padj0.1","NRG4",0.0118791729523655,NA,0.0954522738630685,0.306791048919984,FALSE,FALSE
"CA_ExN","binary_padj0.1","PLXNA2",0.0118789029180361,NA,0.0999500249875062,0.306791048919984,FALSE,FALSE
"CA_ExN","binary_padj0.1","NCAN",0.0118549805178588,NA,0.100449775112444,0.306791048919984,FALSE,FALSE
"CA_ExN","binary_padj0.1","MUC7",0.0118445577557977,NA,0.102948525737131,0.306791048919984,FALSE,FALSE
"CA_ExN","binary_padj0.1","SEMA4C",0.0117619203860108,NA,0.103448275862069,0.306791048919984,FALSE,FALSE
"CA_ExN","binary_padj0.1","APELA",0.0117479440891353,NA,0.100449775112444,0.306791048919984,FALSE,FALSE
"CA_ExN","binary_padj0.1","CRB3",0.0116667574578361,NA,0.0989505247376312,0.306791048919984,FALSE,FALSE
"CA_ExN","binary_padj0.1","CD300A",0.0116163871999123,NA,0.105447276361819,0.306791048919984,FALSE,FALSE
"CA_ExN","binary_padj0.1","GPHA2",0.0116018012738716,NA,0.0999500249875062,0.306791048919984,FALSE,FALSE
"CA_ExN","binary_padj0.1","TGOLN2",0.011587404643192,NA,0.106946526736632,0.306791048919984,FALSE,FALSE
"CA_ExN","binary_padj0.1","F7",0.0115794276613708,NA,0.0939530234882559,0.306791048919984,FALSE,FALSE
"CA_ExN","binary_padj0.1","SFRP1",0.011562238507355,NA,0.101949025487256,0.306791048919984,FALSE,FALSE
"CA_ExN","binary_padj0.1","S100A10",0.0115535570793833,NA,0.104447776111944,0.306791048919984,FALSE,FALSE
"CA_ExN","binary_padj0.1","ARF1",0.0115493043767408,NA,0.108945527236382,0.306791048919984,FALSE,FALSE
"CA_ExN","binary_padj0.1","PF4V1",0.0115159007315974,NA,0.0979510244877561,0.306791048919984,FALSE,FALSE
"CA_ExN","binary_padj0.1","FGFRL1",0.0115060626724775,NA,0.0909545227386307,0.306791048919984,FALSE,FALSE
"CA_ExN","binary_padj0.1","IL27",0.0114947885042634,NA,0.12143928035982,0.306791048919984,FALSE,FALSE
"CA_ExN","binary_padj0.1","RSPO3",0.0114805486005727,NA,0.108445777111444,0.306791048919984,FALSE,FALSE
"CA_ExN","binary_padj0.1","DKK3",0.0114755518812828,NA,0.108445777111444,0.306791048919984,FALSE,FALSE
"CA_ExN","binary_padj0.1","C10orf99",0.0114610115743305,NA,0.102948525737131,0.306791048919984,FALSE,FALSE
"CA_ExN","binary_padj0.1","EFNB1",0.011460638904778,NA,0.108945527236382,0.306791048919984,FALSE,FALSE
"CA_ExN","binary_padj0.1","NRG3",0.0114257169208756,NA,0.102948525737131,0.306791048919984,FALSE,FALSE
"CA_ExN","binary_padj0.1","KIRREL3",0.0114210957566408,NA,0.107946026986507,0.306791048919984,FALSE,FALSE
"CA_ExN","binary_padj0.1","RTN4",0.0114023321167842,NA,0.0854572713643178,0.306791048919984,FALSE,FALSE
"CA_ExN","binary_padj0.1","SLIT1",0.0113920901609976,NA,0.103448275862069,0.306791048919984,FALSE,FALSE
"CA_ExN","binary_padj0.1","ADM2",0.0113878201830974,NA,0.103948025987006,0.306791048919984,FALSE,FALSE
"CA_ExN","binary_padj0.1","LTBP1",0.0113864014706195,NA,0.102448775612194,0.306791048919984,FALSE,FALSE
"CA_ExN","binary_padj0.1","CXCL17",0.011383810075291,NA,0.104947526236882,0.306791048919984,FALSE,FALSE
"CA_ExN","binary_padj0.1","LGI1",0.0113589500165482,NA,0.105947026486757,0.306791048919984,FALSE,FALSE
"CA_ExN","binary_padj0.1","NPVF",0.011344356284124,NA,0.110444777611194,0.306791048919984,FALSE,FALSE
"CA_ExN","binary_padj0.1","NLGN4Y",0.0113384051864715,NA,0.112443778110945,0.306791048919984,FALSE,FALSE
"CA_ExN","binary_padj0.1","SEMA4D",0.0113381000620441,NA,0.102948525737131,0.306791048919984,FALSE,FALSE
"CA_ExN","binary_padj0.1","LACRT",0.0112959670815995,NA,0.11544227886057,0.306791048919984,FALSE,FALSE
"CA_ExN","binary_padj0.1","LIN7C",0.011280463934745,NA,0.110944527736132,0.306791048919984,FALSE,FALSE
"CA_ExN","binary_padj0.1","POMZP3",0.0112715596737374,NA,0.112943528235882,0.306791048919984,FALSE,FALSE
"CA_ExN","binary_padj0.1","TREML1",0.0112443863251858,NA,0.109945027486257,0.306791048919984,FALSE,FALSE
"CA_ExN","binary_padj0.1","EDN2",0.0112424962417811,NA,0.114442778610695,0.306791048919984,FALSE,FALSE
"CA_ExN","binary_padj0.1","INSL3",0.0112370446666018,NA,0.100949525237381,0.306791048919984,FALSE,FALSE
"CA_ExN","binary_padj0.1","FCAR",0.0112335004474825,NA,0.11344327836082,0.306791048919984,FALSE,FALSE
"CA_ExN","binary_padj0.1","APOA2",0.0112085447733253,NA,0.112943528235882,0.306791048919984,FALSE,FALSE
"CA_ExN","binary_padj0.1","LRFN3",0.0111449158299434,NA,0.112943528235882,0.306791048919984,FALSE,FALSE
"CA_ExN","binary_padj0.1","MSN",0.0111429675993044,NA,0.117941029485257,0.306791048919984,FALSE,FALSE
"CA_ExN","binary_padj0.1","CLDN24",0.0111378672331348,NA,0.112443778110945,0.306791048919984,FALSE,FALSE
"CA_ExN","binary_padj0.1","SIGLEC5",0.0111218088127211,NA,0.119940029985007,0.306791048919984,FALSE,FALSE
"CA_ExN","binary_padj0.1","MMP16",0.0111201453733161,NA,0.110944527736132,0.306791048919984,FALSE,FALSE
"CA_ExN","binary_padj0.1","LGALS3BP",0.0111150057952472,NA,0.106946526736632,0.306791048919984,FALSE,FALSE
"CA_ExN","binary_padj0.1","VCAN",0.0111130828561025,NA,0.115942028985507,0.306791048919984,FALSE,FALSE
"CA_ExN","binary_padj0.1","EFNB2",0.0110859852043096,NA,0.114442778610695,0.306791048919984,FALSE,FALSE
"CA_ExN","binary_padj0.1","GDF10",0.0110823738468018,NA,0.0919540229885057,0.306791048919984,FALSE,FALSE
"CA_ExN","binary_padj0.1","ANGPT2",0.0110425461210419,NA,0.0749625187406297,0.306791048919984,FALSE,FALSE
"CA_ExN","binary_padj0.1","KIAA0319L",0.0110047085310855,NA,0.11344327836082,0.306791048919984,FALSE,FALSE
"CA_ExN","binary_padj0.1","NLGN4X",0.0109866626596701,NA,0.11744127936032,0.306791048919984,FALSE,FALSE
"CA_ExN","binary_padj0.1","LRRC4B",0.0109777844086774,NA,0.117941029485257,0.306791048919984,FALSE,FALSE
"CA_ExN","binary_padj0.1","APOC1",0.0109767158597835,NA,0.118440779610195,0.306791048919984,TRUE,TRUE
"CA_ExN","binary_padj0.1","VWF",0.0109693992622971,NA,0.117941029485257,0.306791048919984,FALSE,FALSE
"CA_ExN","binary_padj0.1","ACE2",0.0109433966369051,NA,0.12543728135932,0.306791048919984,FALSE,FALSE
"CA_ExN","binary_padj0.1","CNTN6",0.0109018869537446,NA,0.114942528735632,0.306791048919984,FALSE,FALSE
"CA_ExN","binary_padj0.1","MLN",0.0109014088795601,NA,0.11344327836082,0.306791048919984,FALSE,FALSE
"CA_ExN","binary_padj0.1","TIMP3",0.0108783561134974,NA,0.119940029985007,0.306791048919984,FALSE,FALSE
"CA_ExN","binary_padj0.1","ADAM29",0.0108542698427863,NA,0.104947526236882,0.306791048919984,FALSE,FALSE
"CA_ExN","binary_padj0.1","ADAM7",0.0108507704782293,NA,0.11544227886057,0.306791048919984,FALSE,FALSE
"CA_ExN","binary_padj0.1","FNDC5",0.0108464510729806,NA,0.116441779110445,0.306791048919984,FALSE,FALSE
"CA_ExN","binary_padj0.1","GIP",0.010840276358093,NA,0.115942028985507,0.306791048919984,FALSE,FALSE
"CA_ExN","binary_padj0.1","CA12",0.0107920130852622,NA,0.125937031484258,0.306791048919984,FALSE,FALSE
"CA_ExN","binary_padj0.1","HLA-A",0.0107903646729428,NA,0.130934532733633,0.306791048919984,FALSE,FALSE
"CA_ExN","binary_padj0.1","RSPO4",0.0107778055916979,NA,0.118440779610195,0.306791048919984,FALSE,FALSE
"CA_ExN","binary_padj0.1","LRIG2",0.0107622107336671,NA,0.112943528235882,0.306791048919984,FALSE,FALSE
"CA_ExN","binary_padj0.1","LRRTM2",0.0107619149573397,NA,0.124437781109445,0.306791048919984,FALSE,FALSE
"CA_ExN","binary_padj0.1","PPY",0.010761533119518,NA,0.120939530234883,0.306791048919984,FALSE,FALSE
"CA_ExN","binary_padj0.1","EFNA3",0.0107593895528217,NA,0.109445277361319,0.306791048919984,FALSE,FALSE
"CA_ExN","binary_padj0.1","EDIL3",0.0107569315552685,NA,0.122438780609695,0.306791048919984,FALSE,FALSE
"CA_ExN","binary_padj0.1","COL21A1",0.0107568326650804,NA,0.119940029985007,0.306791048919984,TRUE,TRUE
"CA_ExN","binary_padj0.1","IAPP",0.0107452690907493,NA,0.110944527736132,0.306791048919984,FALSE,FALSE
"CA_ExN","binary_padj0.1","NPFF",0.0107408993698911,NA,0.122938530734633,0.306791048919984,FALSE,FALSE
"CA_ExN","binary_padj0.1","FLRT1",0.0107376865682231,NA,0.11544227886057,0.306791048919984,FALSE,FALSE
"CA_ExN","binary_padj0.1","NTM",0.0107275475639399,NA,0.118440779610195,0.306791048919984,FALSE,FALSE
"CA_ExN","binary_padj0.1","RLN2",0.0107272922277512,NA,0.114442778610695,0.306791048919984,FALSE,FALSE
"CA_ExN","binary_padj0.1","CD44",0.0106990179616774,NA,0.103448275862069,0.306791048919984,FALSE,FALSE
"CA_ExN","binary_padj0.1","NPS",0.0106984601836537,NA,0.12143928035982,0.306791048919984,FALSE,FALSE
"CA_ExN","binary_padj0.1","SLITRK6",0.0106925928185774,NA,0.12343828085957,0.306791048919984,FALSE,FALSE
"CA_ExN","binary_padj0.1","SERPINA5",0.0106910585838336,NA,0.124437781109445,0.306791048919984,FALSE,FALSE
"CA_ExN","binary_padj0.1","QRFP",0.0106599255507564,NA,0.122938530734633,0.306791048919984,FALSE,FALSE
"CA_ExN","binary_padj0.1","ANGPTL1",0.0106505840153442,NA,0.12743628185907,0.306791048919984,FALSE,FALSE
"CA_ExN","binary_padj0.1","A2M",0.010637175826951,NA,0.126936531734133,0.306791048919984,FALSE,FALSE
"CA_ExN","binary_padj0.1","S100A12",0.0106149030017,NA,0.114942528735632,0.306791048919984,FALSE,FALSE
"CA_ExN","binary_padj0.1","ENPP1",0.0106092639031661,NA,0.123938030984508,0.306791048919984,FALSE,FALSE
"CA_ExN","binary_padj0.1","GUCY2D",0.0105975404942796,NA,0.0939530234882559,0.306791048919984,FALSE,FALSE
"CA_ExN","binary_padj0.1","EFNA5",0.0105834568613402,NA,0.0914542728635682,0.306791048919984,FALSE,FALSE
"CA_ExN","binary_padj0.1","LRTM2",0.010576506480014,NA,0.124437781109445,0.306791048919984,FALSE,FALSE
"CA_ExN","binary_padj0.1","VEGFD",0.0105734699599669,NA,0.11744127936032,0.306791048919984,FALSE,FALSE
"CA_ExN","binary_padj0.1","FGL1",0.0105419665768479,NA,0.126436781609195,0.306791048919984,FALSE,FALSE
"CA_ExN","binary_padj0.1","CORT",0.0105179476853686,NA,0.122438780609695,0.306791048919984,FALSE,FALSE
"CA_ExN","binary_padj0.1","MMP25",0.0105070037246936,NA,0.130434782608696,0.306791048919984,FALSE,FALSE
"CA_ExN","binary_padj0.1","PYY",0.0104976269653332,NA,0.126436781609195,0.306791048919984,FALSE,FALSE
"CA_ExN","binary_padj0.1","EFNA2",0.0104693107097367,NA,0.129435282358821,0.306791048919984,FALSE,FALSE
"CA_ExN","binary_padj0.1","C6orf15",0.0104663653229423,NA,0.134432783608196,0.306791048919984,FALSE,FALSE
"CA_ExN","binary_padj0.1","ANXA1",0.0104638845344029,NA,0.110444777611194,0.306791048919984,TRUE,TRUE
"CA_ExN","binary_padj0.1","SLITRK4",0.0104609754747747,NA,0.12743628185907,0.306791048919984,FALSE,FALSE
"CA_ExN","binary_padj0.1","CD82",0.0104540996755266,NA,0.128935532233883,0.306791048919984,FALSE,FALSE
"CA_ExN","binary_padj0.1","FAT4",0.0104366797643253,NA,0.128435782108946,0.306791048919984,FALSE,FALSE
"CA_ExN","binary_padj0.1","IL1RN",0.0104196005153786,NA,0.103448275862069,0.306791048919984,FALSE,FALSE
"CA_ExN","binary_padj0.1","AMBN",0.0104003273725125,NA,0.11944027986007,0.306791048919984,FALSE,FALSE
"CA_ExN","binary_padj0.1","HLA-DOA",0.0103986508278724,NA,0.128435782108946,0.306791048919984,FALSE,FALSE
"CA_ExN","binary_padj0.1","HAS2",0.0103963012792103,NA,0.135432283858071,0.306791048919984,FALSE,FALSE
"CA_ExN","binary_padj0.1","DSG2",0.0103904193306937,NA,0.133933033483258,0.306791048919984,FALSE,FALSE
"CA_ExN","binary_padj0.1","CDHR2",0.0103796903214126,NA,0.122938530734633,0.306791048919984,FALSE,FALSE
"CA_ExN","binary_padj0.1","LAMA1",0.0103782031074277,NA,0.12743628185907,0.306791048919984,FALSE,FALSE
"CA_ExN","binary_padj0.1","BTNL9",0.0103694469889627,NA,0.131934032983508,0.306791048919984,FALSE,FALSE
"CA_ExN","binary_padj0.1","SLITRK2",0.0103665737839374,NA,0.132933533233383,0.306791048919984,FALSE,FALSE
"CA_ExN","binary_padj0.1","MMP12",0.0103169416588332,NA,0.133433283358321,0.306791048919984,FALSE,FALSE
"CA_ExN","binary_padj0.1","EFNA1",0.0103007668271869,NA,0.129935032483758,0.306791048919984,FALSE,FALSE
"CA_ExN","binary_padj0.1","FGF14",0.0102983702762541,NA,0.131934032983508,0.306791048919984,FALSE,FALSE
"CA_ExN","binary_padj0.1","COL18A1",0.01029502525001,NA,0.12143928035982,0.306791048919984,FALSE,FALSE
"CA_ExN","binary_padj0.1","CEACAM6",0.0102751629073905,NA,0.126436781609195,0.306791048919984,FALSE,FALSE
"CA_ExN","binary_padj0.1","CXCL3",0.0102631280709747,NA,0.100949525237381,0.306791048919984,FALSE,FALSE
"CA_ExN","binary_padj0.1","SARAF",0.0102470049921411,NA,0.137431284357821,0.306791048919984,FALSE,FALSE
"CA_ExN","binary_padj0.1","FGF3",0.0102465948266533,NA,0.129935032483758,0.306791048919984,FALSE,FALSE
"CA_ExN","binary_padj0.1","AMELX",0.0102342334221311,NA,0.135932033983008,0.306791048919984,FALSE,FALSE
"CA_ExN","binary_padj0.1","MXRA5",0.0102329659648274,NA,0.129435282358821,0.306791048919984,FALSE,FALSE
"CA_ExN","binary_padj0.1","PSAP",0.0102307686078319,NA,0.105447276361819,0.306791048919984,FALSE,FALSE
"CA_ExN","binary_padj0.1","GGT1",0.0102198260555661,NA,0.131934032983508,0.306791048919984,FALSE,FALSE
"CA_ExN","binary_padj0.1","CRISP3",0.0102172230370133,NA,0.134432783608196,0.306791048919984,FALSE,FALSE
"CA_ExN","binary_padj0.1","ADAM10",0.0102100642355667,NA,0.110444777611194,0.306791048919984,FALSE,FALSE
"CA_ExN","binary_padj0.1","MCAM",0.010209811510346,NA,0.104947526236882,0.306791048919984,FALSE,FALSE
"CA_ExN","binary_padj0.1","ITGB1",0.0101937943702097,NA,0.130434782608696,0.306791048919984,FALSE,FALSE
"CA_ExN","binary_padj0.1","PCDHA4",0.0101807537413943,NA,0.129935032483758,0.306791048919984,FALSE,FALSE
"CA_ExN","binary_padj0.1","EFEMP1",0.010180427821582,NA,0.143928035982009,0.306791048919984,TRUE,TRUE
"CA_ExN","binary_padj0.1","FCN1",0.0101723189169484,NA,0.135432283858071,0.306791048919984,FALSE,FALSE
"CA_ExN","binary_padj0.1","DUSP18",0.0101703135798487,NA,0.131934032983508,0.306791048919984,FALSE,FALSE
"CA_ExN","binary_padj0.1","PZP",0.0101684336853356,NA,0.130934532733633,0.306791048919984,FALSE,FALSE
"CA_ExN","binary_padj0.1","SOSTDC1",0.0101474044427915,NA,0.136431784107946,0.306791048919984,FALSE,FALSE
"CA_ExN","binary_padj0.1","PIP",0.0101388250754115,NA,0.134432783608196,0.306791048919984,FALSE,FALSE
"CA_ExN","binary_padj0.1","HLA-DMB",0.0101298502093824,NA,0.125937031484258,0.306791048919984,FALSE,FALSE
"CA_ExN","binary_padj0.1","S100A8",0.010123530850002,NA,0.135932033983008,0.306791048919984,FALSE,FALSE
"CA_ExN","binary_padj0.1","FGF4",0.0101199038877738,NA,0.071464267866067,0.306791048919984,FALSE,FALSE
"CA_ExN","binary_padj0.1","SEMA4A",0.0101143305502654,NA,0.121939030484758,0.306791048919984,FALSE,FALSE
"CA_ExN","binary_padj0.1","NETO2",0.0101122572753537,NA,0.134932533733133,0.306791048919984,FALSE,FALSE
"CA_ExN","binary_padj0.1","LCN1",0.0100913554358059,NA,0.135932033983008,0.306791048919984,FALSE,FALSE
"CA_ExN","binary_padj0.1","SEMA3E",0.0100852046741268,NA,0.132933533233383,0.306791048919984,FALSE,FALSE
"CA_ExN","binary_padj0.1","SLIT3",0.0100845982593106,NA,0.129435282358821,0.306791048919984,FALSE,FALSE
"CA_ExN","binary_padj0.1","CFH",0.0100804720369252,NA,0.141429285357321,0.306791048919984,FALSE,FALSE
"CA_ExN","binary_padj0.1","FGF16",0.0100716759778405,NA,0.129435282358821,0.306791048919984,FALSE,FALSE
"CA_ExN","binary_padj0.1","WIF1",0.010060845210632,NA,0.124937531234383,0.306791048919984,FALSE,FALSE
"CA_ExN","binary_padj0.1","HSP90B1",0.0100599376685077,NA,0.123938030984508,0.306791048919984,FALSE,FALSE
"CA_ExN","binary_padj0.1","CGB7",0.0100562507638997,NA,0.132433783108446,0.306791048919984,FALSE,FALSE
"CA_ExN","binary_padj0.1","LOC101059948",0.0100562507638997,NA,0.132433783108446,0.306791048919984,FALSE,FALSE
"CA_ExN","binary_padj0.1","LAIR2",0.0100536180658543,NA,0.132933533233383,0.306791048919984,FALSE,FALSE
"CA_ExN","binary_padj0.1","SLAMF6",0.010047353559021,NA,0.138430784607696,0.306791048919984,FALSE,FALSE
"CA_ExN","binary_padj0.1","CCL26",0.0100469173460224,NA,0.128935532233883,0.306791048919984,FALSE,FALSE
"CA_ExN","binary_padj0.1","C3",0.0100465948983474,NA,0.124437781109445,0.306791048919984,FALSE,FALSE
"CA_ExN","binary_padj0.1","NMB",0.0100327060534205,NA,0.137931034482759,0.306791048919984,FALSE,FALSE
"CA_ExN","binary_padj0.1","PVR",0.0100317212827574,NA,0.141429285357321,0.306791048919984,FALSE,FALSE
"CA_ExN","binary_padj0.1","KIRREL1",0.0100132568608984,NA,0.135432283858071,0.306791048919984,FALSE,FALSE
"CA_ExN","binary_padj0.1","CTSD",0.0100132176346606,NA,0.137431284357821,0.306791048919984,FALSE,FALSE
"CA_ExN","binary_padj0.1","NMS",0.0100123990727916,NA,0.135432283858071,0.306791048919984,FALSE,FALSE
"CA_ExN","binary_padj0.1","MELTF",0.0099827595714865,NA,0.116441779110445,0.306791048919984,FALSE,FALSE
"CA_ExN","binary_padj0.1","IFNA6",0.00996591089568124,NA,0.138930534732634,0.306791048919984,FALSE,FALSE
"CA_ExN","binary_padj0.1","CD5L",0.0099508585885741,NA,0.129935032483758,0.306791048919984,FALSE,FALSE
"CA_ExN","binary_padj0.1","LAMA4",0.00993171039579381,NA,0.134932533733133,0.306791048919984,FALSE,FALSE
"CA_ExN","binary_padj0.1","COL6A5",0.00992655290653133,NA,0.140929535232384,0.306791048919984,FALSE,FALSE
"CA_ExN","binary_padj0.1","SERPING1",0.00992471190725616,NA,0.142428785607196,0.306791048919984,FALSE,FALSE
"CA_ExN","binary_padj0.1","PGF",0.00991720346328391,NA,0.0899550224887556,0.306791048919984,FALSE,FALSE
"CA_ExN","binary_padj0.1","PF4",0.00990195708946871,NA,0.114442778610695,0.306791048919984,FALSE,FALSE
"CA_ExN","binary_padj0.1","F11R",0.00990183244723468,NA,0.113943028485757,0.306791048919984,FALSE,FALSE
"CA_ExN","binary_padj0.1","AGRP",0.00990018442961492,NA,0.11744127936032,0.306791048919984,FALSE,FALSE
"CA_ExN","binary_padj0.1","DSC2",0.00988506221795268,NA,0.138930534732634,0.306791048919984,FALSE,FALSE
"CA_ExN","binary_padj0.1","VGF",0.00988469425878613,NA,0.132933533233383,0.306791048919984,FALSE,FALSE
"CA_ExN","binary_padj0.1","ZDHHC5",0.00985153370309731,NA,0.138930534732634,0.306791048919984,FALSE,FALSE
"CA_ExN","binary_padj0.1","GALP",0.0098509042641527,NA,0.141929035482259,0.306791048919984,FALSE,FALSE
"CA_ExN","binary_padj0.1","TMPRSS6",0.00984731820130632,NA,0.141429285357321,0.306791048919984,FALSE,FALSE
"CA_ExN","binary_padj0.1","NLGN2",0.00984454733726804,NA,0.145927036481759,0.306791048919984,FALSE,FALSE
"CA_ExN","binary_padj0.1","PROS1",0.00983628392337334,NA,0.129935032483758,0.306791048919984,FALSE,FALSE
"CA_ExN","binary_padj0.1","FBLN1",0.00983590396755938,NA,0.144427786106947,0.306791048919984,FALSE,FALSE
"CA_ExN","binary_padj0.1","ADAM12",0.00983559307395728,NA,0.12543728135932,0.306791048919984,FALSE,FALSE
"CA_ExN","binary_padj0.1","THPO",0.00983022442987124,NA,0.124437781109445,0.306791048919984,FALSE,FALSE
"CA_ExN","binary_padj0.1","NT5E",0.00982157628893047,NA,0.136931534232884,0.306791048919984,FALSE,FALSE
"CA_ExN","binary_padj0.1","NPW",0.0098206752862806,NA,0.140429785107446,0.306791048919984,FALSE,FALSE
"CA_ExN","binary_padj0.1","CD200",0.00982003610877841,NA,0.137931034482759,0.306791048919984,FALSE,FALSE
"CA_ExN","binary_padj0.1","CEACAM7",0.00981829733581316,NA,0.137931034482759,0.306791048919984,FALSE,FALSE
"CA_ExN","binary_padj0.1","OSM",0.00981569530563428,NA,0.157421289355322,0.306791048919984,FALSE,FALSE
"CA_ExN","binary_padj0.1","STX1A",0.00980312362651003,NA,0.102948525737131,0.306791048919984,FALSE,FALSE
"CA_ExN","binary_padj0.1","CD48",0.00979939472045837,NA,0.118440779610195,0.306791048919984,FALSE,FALSE
"CA_ExN","binary_padj0.1","CCL20",0.00978112721292691,NA,0.140429785107446,0.306791048919984,FALSE,FALSE
"CA_ExN","binary_padj0.1","MBL2",0.00977579395570735,NA,0.129435282358821,0.306791048919984,FALSE,FALSE
"CA_ExN","binary_padj0.1","NPB",0.00977560544465257,NA,0.143428285857071,0.306791048919984,FALSE,FALSE
"CA_ExN","binary_padj0.1","VSIG10",0.00976432628019366,NA,0.142428785607196,0.306791048919984,FALSE,FALSE
"CA_ExN","binary_padj0.1","FCGR3B",0.00975958029481476,NA,0.139930034982509,0.306791048919984,FALSE,FALSE
"CA_ExN","binary_padj0.1","COL3A1",0.00975380460974816,NA,0.137431284357821,0.306791048919984,FALSE,FALSE
"CA_ExN","binary_padj0.1","NDP",0.00974748301743246,NA,0.142428785607196,0.306791048919984,FALSE,FALSE
"CA_ExN","binary_padj0.1","COL19A1",0.00973153509133692,NA,0.139930034982509,0.306791048919984,FALSE,FALSE
"CA_ExN","binary_padj0.1","BTNL8",0.00972835349805162,NA,0.142428785607196,0.306791048919984,FALSE,FALSE
"CA_ExN","binary_padj0.1","PIGA",0.00970907986461986,NA,0.0934532733633183,0.306791048919984,FALSE,FALSE
"CA_ExN","binary_padj0.1","PTN",0.00970582582115153,NA,0.128935532233883,0.306791048919984,FALSE,FALSE
"CA_ExN","binary_padj0.1","CXCL5",0.00969824370242084,NA,0.144927536231884,0.306791048919984,FALSE,FALSE
"CA_ExN","binary_padj0.1","BGN",0.00969767689936824,NA,0.120439780109945,0.306791048919984,FALSE,FALSE
"CA_ExN","binary_padj0.1","BCAN",0.0096922037095085,NA,0.140929535232384,0.306791048919984,FALSE,FALSE
"CA_ExN","binary_padj0.1","EDA",0.00969166992969924,NA,0.117941029485257,0.306791048919984,FALSE,FALSE
"CA_ExN","binary_padj0.1","MATN1",0.00968428627918057,NA,0.146926536731634,0.306791048919984,FALSE,FALSE
"CA_ExN","binary_padj0.1","XCL1",0.00967173039049397,NA,0.150924537731134,0.306791048919984,FALSE,FALSE
"CA_ExN","binary_padj0.1","GAD1",0.00966045918803735,NA,0.147426286856572,0.306791048919984,FALSE,FALSE
"CA_ExN","binary_padj0.1","SLC6A8",0.00965974811172386,NA,0.124937531234383,0.306791048919984,FALSE,FALSE
"CA_ExN","binary_padj0.1","LGALS3",0.00964510943144005,NA,0.129935032483758,0.306791048919984,FALSE,FALSE
"CA_ExN","binary_padj0.1","LAMB3",0.00962935094966856,NA,0.144927536231884,0.306791048919984,FALSE,FALSE
"CA_ExN","binary_padj0.1","LRIT2",0.00962680921996733,NA,0.144927536231884,0.306791048919984,FALSE,FALSE
"CA_ExN","binary_padj0.1","PATJ",0.00962184012324532,NA,0.144427786106947,0.306791048919984,FALSE,FALSE
"CA_ExN","binary_padj0.1","CCL24",0.00961203053533658,NA,0.149925037481259,0.306791048919984,FALSE,FALSE
"CA_ExN","binary_padj0.1","SIGLEC15",0.00960114858236044,NA,0.148425787106447,0.306791048919984,FALSE,FALSE
"CA_ExN","binary_padj0.1","NRXN3",0.00959477642055881,NA,0.15192403798101,0.306791048919984,FALSE,FALSE
"CA_ExN","binary_padj0.1","C4BPA",0.00959099809827675,NA,0.136431784107946,0.306791048919984,FALSE,FALSE
"CA_ExN","binary_padj0.1","CD96",0.00954955450195131,NA,0.146426786606697,0.306791048919984,FALSE,FALSE
"CA_ExN","binary_padj0.1","MMP1",0.00954078791325879,NA,0.138430784607696,0.306791048919984,FALSE,FALSE
"CA_ExN","binary_padj0.1","CCL16",0.00952202307481815,NA,0.148425787106447,0.306791048919984,FALSE,FALSE
"CA_ExN","binary_padj0.1","CPAMD8",0.00950998209466192,NA,0.149425287356322,0.306791048919984,FALSE,FALSE
"CA_ExN","binary_padj0.1","EGFL8",0.00950871128349831,NA,0.156421789105447,0.306791048919984,FALSE,FALSE
"CA_ExN","binary_padj0.1","ILDR2",0.00950354788144534,NA,0.147426286856572,0.306791048919984,FALSE,FALSE
"CA_ExN","binary_padj0.1","ADAM23",0.00949849984286104,NA,0.136431784107946,0.306791048919984,FALSE,FALSE
"CA_ExN","binary_padj0.1","CD7",0.0094807984182844,NA,0.120939530234883,0.306791048919984,FALSE,FALSE
"CA_ExN","binary_padj0.1","SCT",0.00947668228068247,NA,0.115942028985507,0.306791048919984,FALSE,FALSE
"CA_ExN","binary_padj0.1","COLQ",0.00947347049818398,NA,0.127936031984008,0.306791048919984,FALSE,FALSE
"CA_ExN","binary_padj0.1","CLDN19",0.00947205031398728,NA,0.15192403798101,0.306791048919984,FALSE,FALSE
"CA_ExN","binary_padj0.1","COMP",0.00946061135791117,NA,0.142928535732134,0.306791048919984,FALSE,FALSE
"CA_ExN","binary_padj0.1","SIGLEC8",0.00945362791771489,NA,0.146926536731634,0.306791048919984,FALSE,FALSE
"CA_ExN","binary_padj0.1","APOC3",0.00944180692297105,NA,0.156421789105447,0.306791048919984,FALSE,FALSE
"CA_ExN","binary_padj0.1","DEFB103B",0.00942701868090638,NA,0.150424787606197,0.306791048919984,FALSE,FALSE
"CA_ExN","binary_padj0.1","MPZ",0.00942551011615791,NA,0.154922538730635,0.306791048919984,FALSE,FALSE
"CA_ExN","binary_padj0.1","OXT",0.00942098419970271,NA,0.128935532233883,0.306791048919984,FALSE,FALSE
"CA_ExN","binary_padj0.1","UTS2",0.0094193069757245,NA,0.150424787606197,0.306791048919984,FALSE,FALSE
"CA_ExN","binary_padj0.1","SLITRK5",0.009415679128337,NA,0.152923538230885,0.306791048919984,FALSE,FALSE
"CA_ExN","binary_padj0.1","LRFN4",0.00941411130505795,NA,0.15192403798101,0.306791048919984,FALSE,FALSE
"CA_ExN","binary_padj0.1","SLURP2",0.00941229352988763,NA,0.148425787106447,0.306791048919984,FALSE,FALSE
"CA_ExN","binary_padj0.1","SI",0.00939016978233162,NA,0.131434282858571,0.306791048919984,FALSE,FALSE
"CA_ExN","binary_padj0.1","PLG",0.00938695586167606,NA,0.0984507746126937,0.306791048919984,FALSE,FALSE
"CA_ExN","binary_padj0.1","FGF20",0.00938280997030276,NA,0.143928035982009,0.306791048919984,FALSE,FALSE
"CA_ExN","binary_padj0.1","PLB1",0.00938270955724074,NA,0.151424287856072,0.306791048919984,FALSE,FALSE
"CA_ExN","binary_padj0.1","PSG6",0.00938062246438788,NA,0.154422788605697,0.306791048919984,FALSE,FALSE
"CA_ExN","binary_padj0.1","FGA",0.00937735237203658,NA,0.154922538730635,0.306791048919984,FALSE,FALSE
"CA_ExN","binary_padj0.1","MPZL3",0.00935055928690457,NA,0.154422788605697,0.306791048919984,FALSE,FALSE
"CA_ExN","binary_padj0.1","MUC1",0.00934987211188837,NA,0.110444777611194,0.306791048919984,FALSE,FALSE
"CA_ExN","binary_padj0.1","GUCA2B",0.00934656323823147,NA,0.141929035482259,0.306791048919984,FALSE,FALSE
"CA_ExN","binary_padj0.1","UXS1",0.00932807201860536,NA,0.156921539230385,0.306791048919984,FALSE,FALSE
"CA_ExN","binary_padj0.1","OSTN",0.00932477265988253,NA,0.146926536731634,0.306791048919984,FALSE,FALSE
"CA_ExN","binary_padj0.1","MANSC1",0.00929814779066115,NA,0.154422788605697,0.306791048919984,FALSE,FALSE
"CA_ExN","binary_padj0.1","IL13",0.00929669736790306,NA,0.128935532233883,0.306791048919984,FALSE,FALSE
"CA_ExN","binary_padj0.1","SCUBE2",0.00928754086716287,NA,0.145427286356822,0.306791048919984,FALSE,FALSE
"CA_ExN","binary_padj0.1","SEMA4B",0.00927900995656103,NA,0.15392303848076,0.306791048919984,FALSE,FALSE
"CA_ExN","binary_padj0.1","CDH1",0.00926055144532882,NA,0.114942528735632,0.306791048919984,FALSE,FALSE
"CA_ExN","binary_padj0.1","ZPBP2",0.00924608831724249,NA,0.147926036981509,0.306791048919984,FALSE,FALSE
"CA_ExN","binary_padj0.1","CCL17",0.00924378975088299,NA,0.153423288355822,0.306791048919984,FALSE,FALSE
"CA_ExN","binary_padj0.1","LRFN5",0.00924337412878573,NA,0.150924537731134,0.306791048919984,FALSE,FALSE
"CA_ExN","binary_padj0.1","PECAM1",0.00923667245396594,NA,0.111944027986007,0.306791048919984,FALSE,FALSE
"CA_ExN","binary_padj0.1","CLUL1",0.00923276504940603,NA,0.15392303848076,0.306791048919984,FALSE,FALSE
"CA_ExN","binary_padj0.1","COL13A1",0.00921663594374206,NA,0.156421789105447,0.306791048919984,FALSE,FALSE
"CA_ExN","binary_padj0.1","COL9A2",0.00921655597615865,NA,0.119940029985007,0.306791048919984,FALSE,FALSE
"CA_ExN","binary_padj0.1","VSTM1",0.00921086199040568,NA,0.154922538730635,0.306791048919984,FALSE,FALSE
"CA_ExN","binary_padj0.1","FGF22",0.00920836874002017,NA,0.158420789605197,0.306791048919984,FALSE,FALSE
"CA_ExN","binary_padj0.1","ICAM5",0.00920575843981207,NA,0.153423288355822,0.306791048919984,FALSE,FALSE
"CA_ExN","binary_padj0.1","CD47",0.00919857682380342,NA,0.151424287856072,0.306791048919984,FALSE,FALSE
"CA_ExN","binary_padj0.1","SIRPB2",0.00919268592870717,NA,0.154422788605697,0.306791048919984,FALSE,FALSE
"CA_ExN","binary_padj0.1","MMP14",0.00917147229606149,NA,0.137431284357821,0.306791048919984,FALSE,FALSE
"CA_ExN","binary_padj0.1","SERPINC1",0.00916759485180345,NA,0.157421289355322,0.306791048919984,FALSE,FALSE
"CA_ExN","binary_padj0.1","UTS2B",0.00916478407870426,NA,0.15592203898051,0.306791048919984,FALSE,FALSE
"CA_ExN","binary_padj0.1","TECTB",0.00916312995123204,NA,0.157421289355322,0.306791048919984,FALSE,FALSE
"CA_ExN","binary_padj0.1","PSG7",0.00916162689378125,NA,0.158420789605197,0.306791048919984,FALSE,FALSE
"CA_ExN","binary_padj0.1","NRG2",0.00915591156454318,NA,0.12343828085957,0.306791048919984,FALSE,FALSE
"CA_ExN","binary_padj0.1","CLEC3A",0.00914086207282293,NA,0.160919540229885,0.306791048919984,FALSE,FALSE
"CA_ExN","binary_padj0.1","CD55",0.00914076856246352,NA,0.147426286856572,0.306791048919984,FALSE,FALSE
"CA_ExN","binary_padj0.1","NID2",0.00914046745621971,NA,0.15592203898051,0.306791048919984,FALSE,FALSE
"CA_ExN","binary_padj0.1","CD99",0.00913831143137381,NA,0.137931034482759,0.306791048919984,FALSE,FALSE
"CA_ExN","binary_padj0.1","VSIG4",0.00913646643306463,NA,0.16191904047976,0.306791048919984,FALSE,FALSE
"CA_ExN","binary_padj0.1","S100B",0.00912958162164898,NA,0.12343828085957,0.306791048919984,FALSE,FALSE
"CA_ExN","binary_padj0.1","COL7A1",0.00912456330186116,NA,0.16191904047976,0.306791048919984,FALSE,FALSE
"CA_ExN","binary_padj0.1","LAMC2",0.00911853772884071,NA,0.153423288355822,0.306791048919984,FALSE,FALSE
"CA_ExN","binary_padj0.1","LEAP2",0.0091098288696465,NA,0.115942028985507,0.306791048919984,FALSE,FALSE
"CA_ExN","binary_padj0.1","TCTN1",0.00909630488739978,NA,0.156921539230385,0.306791048919984,FALSE,FALSE
"CA_ExN","binary_padj0.1","ITGA4",0.00908998804341126,NA,0.15792103948026,0.306791048919984,FALSE,FALSE
"CA_ExN","binary_padj0.1","NCR2",0.00908370490588785,NA,0.160419790104948,0.306791048919984,FALSE,FALSE
"CA_ExN","binary_padj0.1","COL9A1",0.00905345875827467,NA,0.138430784607696,0.306791048919984,FALSE,FALSE
"CA_ExN","binary_padj0.1","MICB",0.00904994746673757,NA,0.128935532233883,0.306791048919984,FALSE,FALSE
"CA_ExN","binary_padj0.1","COL4A5",0.0090397120336068,NA,0.15392303848076,0.306791048919984,FALSE,FALSE
"CA_ExN","binary_padj0.1","EREG",0.00902041285046019,NA,0.133433283358321,0.306791048919984,FALSE,FALSE
"CA_ExN","binary_padj0.1","LAYN",0.00901574712782518,NA,0.156421789105447,0.306791048919984,FALSE,FALSE
"CA_ExN","binary_padj0.1","PRSS3",0.00901077507043396,NA,0.140429785107446,0.306791048919984,FALSE,FALSE
"CA_ExN","binary_padj0.1","NFASC",0.00900495528368703,NA,0.162418790604698,0.306791048919984,FALSE,FALSE
"CA_ExN","binary_padj0.1","LINGO4",0.00900495528368496,NA,0.162418790604698,0.306791048919984,FALSE,FALSE
"CA_ExN","binary_padj0.1","COL28A1",0.00898771692259491,NA,0.164917541229385,0.306791048919984,FALSE,FALSE
"CA_ExN","binary_padj0.1","LAMA5",0.00898187163845753,NA,0.163418290854573,0.306791048919984,FALSE,FALSE
"CA_ExN","binary_padj0.1","FSTL5",0.00897937350329571,NA,0.16591704147926,0.306791048919984,FALSE,FALSE
"CA_ExN","binary_padj0.1","COL4A2",0.00897579829030837,NA,0.152423788105947,0.306791048919984,TRUE,TRUE
"CA_ExN","binary_padj0.1","CCL22",0.00897192139842449,NA,0.16391804097951,0.306791048919984,FALSE,FALSE
"CA_ExN","binary_padj0.1","COL6A6",0.00897077582124916,NA,0.158920539730135,0.306791048919984,FALSE,FALSE
"CA_ExN","binary_padj0.1","CCN2",0.00896858839640025,NA,0.103448275862069,0.306791048919984,TRUE,TRUE
"CA_ExN","binary_padj0.1","PODXL2",0.00896195544235163,NA,0.15192403798101,0.306791048919984,FALSE,FALSE
"CA_ExN","binary_padj0.1","THBS4",0.00895298189071624,NA,0.162918540729635,0.306791048919984,FALSE,FALSE
"CA_ExN","binary_padj0.1","CSF1",0.00895201784917984,NA,0.15792103948026,0.306791048919984,FALSE,FALSE
"CA_ExN","binary_padj0.1","KLK3",0.00894535162236795,NA,0.16391804097951,0.306791048919984,FALSE,FALSE
"CA_ExN","binary_padj0.1","CCL8",0.0089444357292916,NA,0.15792103948026,0.306791048919984,FALSE,FALSE
"CA_ExN","binary_padj0.1","ADAM20",0.0089369408201075,NA,0.159420289855072,0.306791048919984,FALSE,FALSE
"CA_ExN","binary_padj0.1","NRP1",0.00893237087066641,NA,0.116941529235382,0.306791048919984,FALSE,FALSE
"CA_ExN","binary_padj0.1","CX3CL1",0.00892756484526969,NA,0.131434282858571,0.306791048919984,FALSE,FALSE
"CA_ExN","binary_padj0.1","CKLF",0.00892615191231062,NA,0.158920539730135,0.306791048919984,FALSE,FALSE
"CA_ExN","binary_padj0.1","LAMC3",0.0089238467911411,NA,0.109945027486257,0.306791048919984,FALSE,FALSE
"CA_ExN","binary_padj0.1","COL22A1",0.00892226780987877,NA,0.150924537731134,0.306791048919984,FALSE,FALSE
"CA_ExN","binary_padj0.1","FGF6",0.0089080214978386,NA,0.161419290354823,0.306791048919984,FALSE,FALSE
"CA_ExN","binary_padj0.1","NAALADL1",0.0089064375962755,NA,0.15992003998001,0.306791048919984,FALSE,FALSE
"CA_ExN","binary_padj0.1","JAML",0.00889054386045335,NA,0.164917541229385,0.306791048919984,FALSE,FALSE
"CA_ExN","binary_padj0.1","ADGRB1",0.00888485268905428,NA,0.151424287856072,0.306791048919984,FALSE,FALSE
"CA_ExN","binary_padj0.1","IGFBP7",0.00888108137395152,NA,0.157421289355322,0.306791048919984,FALSE,FALSE
"CA_ExN","binary_padj0.1","COL6A3",0.00887565433313116,NA,0.160419790104948,0.306791048919984,FALSE,FALSE
"CA_ExN","binary_padj0.1","CCN1",0.00887424463600667,NA,0.134932533733133,0.306791048919984,FALSE,FALSE
"CA_ExN","binary_padj0.1","OGN",0.00886652702562584,NA,0.163418290854573,0.306791048919984,FALSE,FALSE
"CA_ExN","binary_padj0.1","FGF13",0.00886429926457166,NA,0.162918540729635,0.306791048919984,FALSE,FALSE
"CA_ExN","binary_padj0.1","LRIG1",0.00886415506489174,NA,0.15192403798101,0.306791048919984,FALSE,FALSE
"CA_ExN","binary_padj0.1","SEMA5B",0.00886269668224649,NA,0.16591704147926,0.306791048919984,FALSE,FALSE
"CA_ExN","binary_padj0.1","IGFBP3",0.00885764906601524,NA,0.15792103948026,0.306791048919984,FALSE,FALSE
"CA_ExN","binary_padj0.1","COL24A1",0.00885248158310668,NA,0.16391804097951,0.306791048919984,FALSE,FALSE
"CA_ExN","binary_padj0.1","SEMA3A",0.00884500429974591,NA,0.149425287356322,0.306791048919984,FALSE,FALSE
"CA_ExN","binary_padj0.1","VCAM1",0.00884329226565551,NA,0.159420289855072,0.306791048919984,FALSE,FALSE
"CA_ExN","binary_padj0.1","HHIPL2",0.00883120495559417,NA,0.164417791104448,0.306791048919984,FALSE,FALSE
"CA_ExN","binary_padj0.1","HAVCR1",0.00882787719255134,NA,0.164917541229385,0.306791048919984,FALSE,FALSE
"CA_ExN","binary_padj0.1","LIPC",0.00882771064011942,NA,0.155422288855572,0.306791048919984,FALSE,FALSE
"CA_ExN","binary_padj0.1","SEMA5A",0.00881688378860101,NA,0.160919540229885,0.306791048919984,FALSE,FALSE
"CA_ExN","binary_padj0.1","SEMA6B",0.00881631020256714,NA,0.174412793603198,0.306791048919984,FALSE,FALSE
"CA_ExN","binary_padj0.1","NXPH1",0.00880940277658973,NA,0.16391804097951,0.306791048919984,FALSE,FALSE
"CA_ExN","binary_padj0.1","ADAM9",0.00880506980642055,NA,0.150924537731134,0.306791048919984,FALSE,FALSE
"CA_ExN","binary_padj0.1","LAMA3",0.00879277118584998,NA,0.167416291854073,0.306791048919984,FALSE,FALSE
"CA_ExN","binary_padj0.1","SIRPA",0.00878626813607439,NA,0.169415292353823,0.306791048919984,FALSE,FALSE
"CA_ExN","binary_padj0.1","EFNA4",0.00878045677942332,NA,0.138930534732634,0.306791048919984,FALSE,FALSE
"CA_ExN","binary_padj0.1","ARMH4",0.00877321638293896,NA,0.166916541729135,0.306791048919984,FALSE,FALSE
"CA_ExN","binary_padj0.1","SFTPD",0.00874881604339587,NA,0.130434782608696,0.306791048919984,FALSE,FALSE
"CA_ExN","binary_padj0.1","KIR2DL5A",0.00872553173308979,NA,0.170414792603698,0.306791048919984,FALSE,FALSE
"CA_ExN","binary_padj0.1","F10",0.0087169231465214,NA,0.132933533233383,0.306791048919984,FALSE,FALSE
"CA_ExN","binary_padj0.1","GSTP1",0.00870715923801535,NA,0.164417791104448,0.306791048919984,FALSE,FALSE
"CA_ExN","binary_padj0.1","SEMA3D",0.00870050610361905,NA,0.158420789605197,0.306791048919984,TRUE,TRUE
"CA_ExN","binary_padj0.1","SDC4",0.00869708327782934,NA,0.16591704147926,0.306791048919984,FALSE,FALSE
"CA_ExN","binary_padj0.1","TFF2",0.00869633161763499,NA,0.137931034482759,0.306791048919984,FALSE,FALSE
"CA_ExN","binary_padj0.1","GPI",0.00868494881316704,NA,0.150424787606197,0.306791048919984,FALSE,FALSE
"CA_ExN","binary_padj0.1","NXPH3",0.00868106222591363,NA,0.173913043478261,0.306791048919984,FALSE,FALSE
"CA_ExN","binary_padj0.1","DCHS1",0.00867662820071258,NA,0.144427786106947,0.306791048919984,FALSE,FALSE
"CA_ExN","binary_padj0.1","TIMD4",0.00866107222645229,NA,0.168415792103948,0.306791048919984,FALSE,FALSE
"CA_ExN","binary_padj0.1","BMP2",0.00865201260914146,NA,0.162418790604698,0.306791048919984,FALSE,FALSE
"CA_ExN","binary_padj0.1","AANAT",0.00865129306105486,NA,0.168915542228886,0.306791048919984,FALSE,FALSE
"CA_ExN","binary_padj0.1","PLEKHO2",0.00865022257362668,NA,0.169915042478761,0.306791048919984,FALSE,FALSE
"CA_ExN","binary_padj0.1","LUM",0.00864460766516527,NA,0.169915042478761,0.306791048919984,FALSE,FALSE
"CA_ExN","binary_padj0.1","TNN",0.0086421794373132,NA,0.164917541229385,0.306791048919984,FALSE,FALSE
"CA_ExN","binary_padj0.1","GZMB",0.00863812576812191,NA,0.170914542728636,0.306791048919984,FALSE,FALSE
"CA_ExN","binary_padj0.1","TCTN3",0.00863406681862856,NA,0.166916541729135,0.306791048919984,FALSE,FALSE
"CA_ExN","binary_padj0.1","UCN2",0.00862875262581732,NA,0.171914042978511,0.306791048919984,FALSE,FALSE
"CA_ExN","binary_padj0.1","COL9A3",0.00861032124862535,NA,0.159420289855072,0.306791048919984,FALSE,FALSE
"CA_ExN","binary_padj0.1","CRISP2",0.00860602909820779,NA,0.174912543728136,0.306791048919984,FALSE,FALSE
"CA_ExN","binary_padj0.1","COL20A1",0.00860481830450693,NA,0.178410794602699,0.306791048919984,FALSE,FALSE
"CA_ExN","binary_padj0.1","THY1",0.0085888588651108,NA,0.158420789605197,0.306791048919984,FALSE,FALSE
"CA_ExN","binary_padj0.1","AVP",0.00858738024553657,NA,0.0984507746126937,0.306791048919984,FALSE,FALSE
"CA_ExN","binary_padj0.1","PTGS2",0.00858537200921672,NA,0.152923538230885,0.306791048919984,FALSE,FALSE
"CA_ExN","binary_padj0.1","MMP2",0.00858443807688539,NA,0.172413793103448,0.306791048919984,FALSE,FALSE
"CA_ExN","binary_padj0.1","PRND",0.00858297287974311,NA,0.170414792603698,0.306791048919984,FALSE,FALSE
"CA_ExN","binary_padj0.1","NTN3",0.00858179002045017,NA,0.176411794102949,0.306791048919984,FALSE,FALSE
"CA_ExN","binary_padj0.1","CCL21",0.00857180395914925,NA,0.105447276361819,0.306791048919984,FALSE,FALSE
"CA_ExN","binary_padj0.1","HLA-DPB1",0.00856605258205929,NA,0.169915042478761,0.306791048919984,FALSE,FALSE
"CA_ExN","binary_padj0.1","CXCL9",0.00856267621294936,NA,0.174412793603198,0.306791048919984,FALSE,FALSE
"CA_ExN","binary_padj0.1","TAC4",0.00855140648068481,NA,0.171414292853573,0.306791048919984,FALSE,FALSE
"CA_ExN","binary_padj0.1","SEMA3C",0.00854138265025805,NA,0.162918540729635,0.306791048919984,FALSE,FALSE
"CA_ExN","binary_padj0.1","KLRA1P",0.0085290319115049,NA,0.160419790104948,0.306791048919984,FALSE,FALSE
"CA_ExN","binary_padj0.1","DRAXIN",0.00851701992687445,NA,0.165417291354323,0.306791048919984,FALSE,FALSE
"CA_ExN","binary_padj0.1","ITGA9",0.0085026333567387,NA,0.171414292853573,0.306791048919984,FALSE,FALSE
"CA_ExN","binary_padj0.1","NTS",0.00849005907533282,NA,0.11344327836082,0.306791048919984,FALSE,FALSE
"CA_ExN","binary_padj0.1","NRXN1",0.00847553313172715,NA,0.173913043478261,0.306791048919984,FALSE,FALSE
"CA_ExN","binary_padj0.1","GNAS",0.00847243630398489,NA,0.131434282858571,0.306791048919984,FALSE,FALSE
"CA_ExN","binary_padj0.1","CTSG",0.00846599773571837,NA,0.178410794602699,0.306791048919984,FALSE,FALSE
"CA_ExN","binary_padj0.1","SIGLEC14",0.00845202286850569,NA,0.172413793103448,0.306791048919984,FALSE,FALSE
"CA_ExN","binary_padj0.1","PRSS1",0.00844174450458297,NA,0.179910044977511,0.306791048919984,FALSE,FALSE
"CA_ExN","binary_padj0.1","NCR3LG1",0.00841725336085031,NA,0.179910044977511,0.306791048919984,FALSE,FALSE
"CA_ExN","binary_padj0.1","ITM2B",0.00840586107394522,NA,0.126436781609195,0.306791048919984,FALSE,FALSE
"CA_ExN","binary_padj0.1","C1QTNF5",0.00840428425948952,NA,0.173913043478261,0.306791048919984,FALSE,FALSE
"CA_ExN","binary_padj0.1","DEFB106B",0.00839268662131466,NA,0.175412293853073,0.306791048919984,FALSE,FALSE
"CA_ExN","binary_padj0.1","TSPAN33",0.00838349340158428,NA,0.178410794602699,0.306791048919984,FALSE,FALSE
"CA_ExN","binary_padj0.1","OBP2A",0.00838282571574667,NA,0.183408295852074,0.306791048919984,FALSE,FALSE
"CA_ExN","binary_padj0.1","CEACAM3",0.00837222979714651,NA,0.168415792103948,0.306791048919984,FALSE,FALSE
"CA_ExN","binary_padj0.1","DLL1",0.00836990004355198,NA,0.158920539730135,0.306791048919984,FALSE,FALSE
"CA_ExN","binary_padj0.1","CLEC2A",0.00836730859338946,NA,0.183908045977011,0.306791048919984,FALSE,FALSE
"CA_ExN","binary_padj0.1","CXCL10",0.00836712144205908,NA,0.177911044477761,0.306791048919984,FALSE,FALSE
"CA_ExN","binary_padj0.1","ITIH2",0.008355413884683,NA,0.181909045477261,0.306791048919984,FALSE,FALSE
"CA_ExN","binary_padj0.1","COL6A1",0.00835399979313781,NA,0.15392303848076,0.306791048919984,FALSE,FALSE
"CA_ExN","binary_padj0.1","CD22",0.0083429273979554,NA,0.176911544227886,0.306791048919984,FALSE,FALSE
"CA_ExN","binary_padj0.1","LPL",0.00833429694914052,NA,0.156921539230385,0.306791048919984,FALSE,FALSE
"CA_ExN","binary_padj0.1","DSPP",0.00833116033349359,NA,0.116941529235382,0.306791048919984,FALSE,FALSE
"CA_ExN","binary_padj0.1","VEGFC",0.00832967920557128,NA,0.135432283858071,0.306791048919984,FALSE,FALSE
"CA_ExN","binary_padj0.1","CNTN3",0.00832735103179474,NA,0.181909045477261,0.306791048919984,FALSE,FALSE
"CA_ExN","binary_padj0.1","COL27A1",0.0083265188051054,NA,0.178910544727636,0.306791048919984,FALSE,FALSE
"CA_ExN","binary_padj0.1","FN1",0.00832246824754678,NA,0.150924537731134,0.306791048919984,FALSE,FALSE
"CA_ExN","binary_padj0.1","EMC1",0.00831947822831086,NA,0.172413793103448,0.306791048919984,FALSE,FALSE
"CA_ExN","binary_padj0.1","CCL14",0.0083169973687292,NA,0.179910044977511,0.306791048919984,FALSE,FALSE
"CA_ExN","binary_padj0.1","DCN",0.0083074830655405,NA,0.169915042478761,0.306791048919984,FALSE,FALSE
"CA_ExN","binary_padj0.1","IL17B",0.00830163710504677,NA,0.178410794602699,0.306791048919984,FALSE,FALSE
"CA_ExN","binary_padj0.1","DSCAM",0.0083003864582272,NA,0.178410794602699,0.306791048919984,FALSE,FALSE
"CA_ExN","binary_padj0.1","FGF12",0.00829031616202835,NA,0.176911544227886,0.306791048919984,FALSE,FALSE
"CA_ExN","binary_padj0.1","SPINT1",0.00827589441025699,NA,0.166416791604198,0.306791048919984,FALSE,FALSE
"CA_ExN","binary_padj0.1","GDF9",0.00827327465341989,NA,0.172913543228386,0.306791048919984,FALSE,FALSE
"CA_ExN","binary_padj0.1","IL36RN",0.00826228939091625,NA,0.173913043478261,0.306791048919984,FALSE,FALSE
"CA_ExN","binary_padj0.1","LGI4",0.00825167403077101,NA,0.143928035982009,0.306791048919984,FALSE,FALSE
"CA_ExN","binary_padj0.1","MMP7",0.00824494698580737,NA,0.168915542228886,0.306791048919984,FALSE,FALSE
"CA_ExN","binary_padj0.1","TNC",0.00823381678358286,NA,0.143928035982009,0.306791048919984,TRUE,TRUE
"CA_ExN","binary_padj0.1","LAMB2",0.00823371163782639,NA,0.180409795102449,0.306791048919984,FALSE,FALSE
"CA_ExN","binary_padj0.1","LRRTM3",0.00821599279768014,NA,0.183908045977011,0.306791048919984,FALSE,FALSE
"CA_ExN","binary_padj0.1","CDH2",0.00821414606670146,NA,0.154422788605697,0.306791048919984,FALSE,FALSE
"CA_ExN","binary_padj0.1","CFP",0.00821169614171995,NA,0.15992003998001,0.306791048919984,FALSE,FALSE
"CA_ExN","binary_padj0.1","HLA-C",0.0082045405034878,NA,0.180909545227386,0.306791048919984,FALSE,FALSE
"CA_ExN","binary_padj0.1","CLDN3",0.00820272731255703,NA,0.172413793103448,0.306791048919984,FALSE,FALSE
"CA_ExN","binary_padj0.1","ALCAM",0.00819656340165539,NA,0.16591704147926,0.306791048919984,FALSE,FALSE
"CA_ExN","binary_padj0.1","PDGFA",0.00819397107569898,NA,0.176911544227886,0.306791048919984,FALSE,FALSE
"CA_ExN","binary_padj0.1","GAL",0.00818803697511228,NA,0.142428785607196,0.306791048919984,FALSE,FALSE
"CA_ExN","binary_padj0.1","AMH",0.00818677190620946,NA,0.184407796101949,0.306791048919984,FALSE,FALSE
"CA_ExN","binary_padj0.1","CALCB",0.00818454423292199,NA,0.125937031484258,0.306791048919984,FALSE,FALSE
"CA_ExN","binary_padj0.1","MIF",0.00818050086760384,NA,0.168415792103948,0.306791048919984,FALSE,FALSE
"CA_ExN","binary_padj0.1","CCL4L1",0.00815699950059632,NA,0.182908545727136,0.306791048919984,FALSE,FALSE
"CA_ExN","binary_padj0.1","HLA-E",0.00815562016595629,NA,0.182408795602199,0.306791048919984,FALSE,FALSE
"CA_ExN","binary_padj0.1","SERPINA1",0.0081453577295413,NA,0.150924537731134,0.306791048919984,FALSE,FALSE
"CA_ExN","binary_padj0.1","ICAM1",0.00814170901344646,NA,0.160919540229885,0.306791048919984,FALSE,FALSE
"CA_ExN","binary_padj0.1","CLU",0.00813628370613576,NA,0.178910544727636,0.306791048919984,FALSE,FALSE
"CA_ExN","binary_padj0.1","CLMP",0.00812755518480697,NA,0.186406796601699,0.306791048919984,FALSE,FALSE
"CA_ExN","binary_padj0.1","ANPEP",0.00811555703021933,NA,0.15592203898051,0.306791048919984,FALSE,FALSE
"CA_ExN","binary_padj0.1","ERFE",0.00811353775146034,NA,0.171414292853573,0.306791048919984,FALSE,FALSE
"CA_ExN","binary_padj0.1","PLXNA1",0.0081111735311939,NA,0.180409795102449,0.306791048919984,FALSE,FALSE
"CA_ExN","binary_padj0.1","COL4A4",0.0081096051739761,NA,0.166416791604198,0.306791048919984,FALSE,FALSE
"CA_ExN","binary_padj0.1","LRCH4",0.00810313945196245,NA,0.180909545227386,0.306791048919984,FALSE,FALSE
"CA_ExN","binary_padj0.1","SHBG",0.00809659101815748,NA,0.175912043978011,0.306791048919984,FALSE,FALSE
"CA_ExN","binary_padj0.1","EDN3",0.00807508891646004,NA,0.0739630184907546,0.306791048919984,FALSE,FALSE
"CA_ExN","binary_padj0.1","XCL2",0.00806215892573147,NA,0.186906546726637,0.306791048919984,FALSE,FALSE
"CA_ExN","binary_padj0.1","CEL",0.00805972813158116,NA,0.153423288355822,0.306791048919984,FALSE,FALSE
"CA_ExN","binary_padj0.1","EPGN",0.00805445121707375,NA,0.175412293853073,0.306791048919984,FALSE,FALSE
"CA_ExN","binary_padj0.1","SEMA7A",0.00803840739501251,NA,0.175912043978011,0.306791048919984,FALSE,FALSE
"CA_ExN","binary_padj0.1","RPS19",0.0080292863261907,NA,0.169415292353823,0.306791048919984,FALSE,FALSE
"CA_ExN","binary_padj0.1","CCL4L2",0.0080257766693594,NA,0.155422288855572,0.306791048919984,FALSE,FALSE
"CA_ExN","binary_padj0.1","LHB",0.00802191169301314,NA,0.186906546726637,0.306791048919984,FALSE,FALSE
"CA_ExN","binary_padj0.1","APOO",0.00800456228303358,NA,0.186906546726637,0.306791048919984,FALSE,FALSE
"CA_ExN","binary_padj0.1","RBP3",0.0079900288046024,NA,0.190904547726137,0.306791048919984,FALSE,FALSE
"CA_ExN","binary_padj0.1","C1QTNF1",0.00797481466893623,NA,0.183908045977011,0.306791048919984,FALSE,FALSE
"CA_ExN","binary_padj0.1","FLT3LG",0.00796036255235595,NA,0.171914042978511,0.306791048919984,FALSE,FALSE
"CA_ExN","binary_padj0.1","CSF2",0.00795680109785791,NA,0.182408795602199,0.306791048919984,FALSE,FALSE
"CA_ExN","binary_padj0.1","COL11A2",0.00794941617017972,NA,0.172913543228386,0.306791048919984,FALSE,FALSE
"CA_ExN","binary_padj0.1","RLN3",0.00794681200003887,NA,0.190904547726137,0.306791048919984,FALSE,FALSE
"CA_ExN","binary_padj0.1","CD59",0.00794373564307929,NA,0.133433283358321,0.306791048919984,FALSE,FALSE
"CA_ExN","binary_padj0.1","F5",0.00793553601634797,NA,0.188905547226387,0.306791048919984,FALSE,FALSE
"CA_ExN","binary_padj0.1","CCL3L3",0.00793007656699171,NA,0.140429785107446,0.306791048919984,FALSE,FALSE
"CA_ExN","binary_padj0.1","ATP1B1",0.00792984781320331,NA,0.141429285357321,0.306791048919984,FALSE,FALSE
"CA_ExN","binary_padj0.1","IMPG2",0.00792799059745727,NA,0.1944027986007,0.306791048919984,FALSE,FALSE
"CA_ExN","binary_padj0.1","CD300C",0.0079252712180052,NA,0.192903548225887,0.306791048919984,FALSE,FALSE
"CA_ExN","binary_padj0.1","NPHS1",0.00792410493521221,NA,0.140429785107446,0.306791048919984,FALSE,FALSE
"CA_ExN","binary_padj0.1","SYT1",0.00791668349263612,NA,0.173913043478261,0.306791048919984,FALSE,FALSE
"CA_ExN","binary_padj0.1","CXCL11",0.0079066455746844,NA,0.184407796101949,0.306791048919984,FALSE,FALSE
"CA_ExN","binary_padj0.1","CMTM8",0.00789663756345747,NA,0.186406796601699,0.306791048919984,FALSE,FALSE
"CA_ExN","binary_padj0.1","NPNT",0.00789284792722562,NA,0.188905547226387,0.306791048919984,FALSE,FALSE
"CA_ExN","binary_padj0.1","LGI2",0.00789165494006458,NA,0.191404297851074,0.306791048919984,FALSE,FALSE
"CA_ExN","binary_padj0.1","ADAM28",0.00788747409548796,NA,0.191404297851074,0.306791048919984,FALSE,FALSE
"CA_ExN","binary_padj0.1","TFPI",0.00788734897412152,NA,0.130934532733633,0.306791048919984,FALSE,FALSE
"CA_ExN","binary_padj0.1","NTN1",0.00788518113731417,NA,0.173913043478261,0.306791048919984,FALSE,FALSE
"CA_ExN","binary_padj0.1","CRHR2",0.00788332199462662,NA,0.151424287856072,0.306791048919984,FALSE,FALSE
"CA_ExN","binary_padj0.1","FGF5",0.00787789510616349,NA,0.163418290854573,0.306791048919984,FALSE,FALSE
"CA_ExN","binary_padj0.1","FGB",0.00786077097971782,NA,0.193903048475762,0.306791048919984,FALSE,FALSE
"CA_ExN","binary_padj0.1","CXCL14",0.00784579005940121,NA,0.194902548725637,0.306791048919984,FALSE,FALSE
"CA_ExN","binary_padj0.1","IGFBPL1",0.00784245688382727,NA,0.190904547726137,0.306791048919984,FALSE,FALSE
"CA_ExN","binary_padj0.1","CALM3",0.00783439721591105,NA,0.178410794602699,0.306791048919984,FALSE,FALSE
"CA_ExN","binary_padj0.1","CD72",0.00782650980528862,NA,0.201399300349825,0.306791048919984,FALSE,FALSE
"CA_ExN","binary_padj0.1","IL17F",0.00782331186579358,NA,0.168915542228886,0.306791048919984,FALSE,FALSE
"CA_ExN","binary_padj0.1","THBS2",0.00782178754008468,NA,0.199400299850075,0.306791048919984,FALSE,FALSE
"CA_ExN","binary_padj0.1","DSC1",0.00781977012368171,NA,0.193903048475762,0.306791048919984,FALSE,FALSE
"CA_ExN","binary_padj0.1","SIGLEC7",0.0078080973984368,NA,0.192903548225887,0.306791048919984,FALSE,FALSE
"CA_ExN","binary_padj0.1","SDC2",0.00779823664215297,NA,0.185407296351824,0.306791048919984,FALSE,FALSE
"CA_ExN","binary_padj0.1","RAET1E",0.00778544274347549,NA,0.1984007996002,0.306791048919984,FALSE,FALSE
"CA_ExN","binary_padj0.1","LIPH",0.00778320666038668,NA,0.196901549225387,0.306791048919984,FALSE,FALSE
"CA_ExN","binary_padj0.1","AMELY",0.00777678785890696,NA,0.1984007996002,0.306791048919984,FALSE,FALSE
"CA_ExN","binary_padj0.1","TFF1",0.00776645875249586,NA,0.19240379810095,0.306791048919984,FALSE,FALSE
"CA_ExN","binary_padj0.1","CD58",0.00776642262809002,NA,0.191904047976012,0.306791048919984,FALSE,FALSE
"CA_ExN","binary_padj0.1","PTGFRN",0.00776573239553109,NA,0.182408795602199,0.306791048919984,FALSE,FALSE
"CA_ExN","binary_padj0.1","TMEM190",0.00775917019179701,NA,0.195402298850575,0.306791048919984,FALSE,FALSE
"CA_ExN","binary_padj0.1","HCRT",0.00775887990393613,NA,0.190904547726137,0.306791048919984,FALSE,FALSE
"CA_ExN","binary_padj0.1","CLEC2L",0.00775126532549632,NA,0.196901549225387,0.306791048919984,FALSE,FALSE
"CA_ExN","binary_padj0.1","DSG1",0.0077407433527687,NA,0.197401299350325,0.306791048919984,FALSE,FALSE
"CA_ExN","binary_padj0.1","APOA1",0.00773896454788904,NA,0.15592203898051,0.306791048919984,FALSE,FALSE
"CA_ExN","binary_padj0.1","CALM1",0.00772758969405133,NA,0.15392303848076,0.306791048919984,FALSE,FALSE
"CA_ExN","binary_padj0.1","FASLG",0.00769704226140094,NA,0.166916541729135,0.306791048919984,FALSE,FALSE
"CA_ExN","binary_padj0.1","CXCL16",0.00769360710593932,NA,0.142428785607196,0.306791048919984,FALSE,FALSE
"CA_ExN","binary_padj0.1","MYOC",0.00766939554538594,NA,0.16191904047976,0.306791048919984,FALSE,FALSE
"CA_ExN","binary_padj0.1","FBN1",0.00766478690113973,NA,0.187406296851574,0.306791048919984,FALSE,FALSE
"CA_ExN","binary_padj0.1","COL8A2",0.00765233171627441,NA,0.171414292853573,0.306791048919984,FALSE,FALSE
"CA_ExN","binary_padj0.1","COL15A1",0.00761133198755914,NA,0.175912043978011,0.306791048919984,FALSE,FALSE
"CA_ExN","binary_padj0.1","ULBP2",0.00759149476483761,NA,0.201399300349825,0.306791048919984,FALSE,FALSE
"CA_ExN","binary_padj0.1","PRG4",0.0075900296465556,NA,0.195902048975512,0.306791048919984,FALSE,FALSE
"CA_ExN","binary_padj0.1","FCER2",0.00757165942902306,NA,0.167416291854073,0.306791048919984,FALSE,FALSE
"CA_ExN","binary_padj0.1","LRRN2",0.0075695854643311,NA,0.20039980009995,0.306791048919984,FALSE,FALSE
"CA_ExN","binary_padj0.1","FBLN2",0.00755139868615775,NA,0.20039980009995,0.306791048919984,FALSE,FALSE
"CA_ExN","binary_padj0.1","LILRB2",0.00755047269453423,NA,0.207896051974013,0.306791048919984,FALSE,FALSE
"CA_ExN","binary_padj0.1","ALKAL1",0.00754387992371188,NA,0.197401299350325,0.306791048919984,FALSE,FALSE
"CA_ExN","binary_padj0.1","B2M",0.00751857925395315,NA,0.19240379810095,0.306791048919984,FALSE,FALSE
"CA_ExN","binary_padj0.1","PDCD1LG2",0.00751396782508259,NA,0.198900549725137,0.306791048919984,FALSE,FALSE
"CA_ExN","binary_padj0.1","LTA",0.0075125741843253,NA,0.160419790104948,0.306791048919984,FALSE,FALSE
"CA_ExN","binary_padj0.1","JAM3",0.00749540699615285,NA,0.20439780109945,0.306791048919984,FALSE,FALSE
"CA_ExN","binary_padj0.1","CD24",0.00747535234899141,NA,0.178410794602699,0.306791048919984,FALSE,FALSE
"CA_ExN","binary_padj0.1","IL17A",0.00745819780629012,NA,0.156921539230385,0.306791048919984,FALSE,FALSE
"CA_ExN","binary_padj0.1","ITGAM",0.00745653666583116,NA,0.205397301349325,0.306791048919984,FALSE,FALSE
"CA_ExN","binary_padj0.1","BTC",0.00744378288938712,NA,0.132433783108446,0.306791048919984,FALSE,FALSE
"CA_ExN","binary_padj0.1","DBH",0.00742740461269036,NA,0.136931534232884,0.306791048919984,FALSE,FALSE
"CA_ExN","binary_padj0.1","TRAF2",0.00741864377044785,NA,0.187906046976512,0.306791048919984,FALSE,FALSE
"CA_ExN","binary_padj0.1","KISS1",0.00741691051138634,NA,0.130934532733633,0.306791048919984,FALSE,FALSE
"CA_ExN","binary_padj0.1","CCL23",0.00740369948795944,NA,0.141929035482259,0.306791048919984,FALSE,FALSE
"CA_ExN","binary_padj0.1","PRSS2",0.00738162714470528,NA,0.144427786106947,0.306791048919984,FALSE,FALSE
"CA_ExN","binary_padj0.1","CD1B",0.00738150134521334,NA,0.204897551224388,0.306791048919984,FALSE,FALSE
"CA_ExN","binary_padj0.1","IL18BP",0.0073779309026169,NA,0.190904547726137,0.306791048919984,FALSE,FALSE
"CA_ExN","binary_padj0.1","COL6A2",0.00737537538144511,NA,0.205397301349325,0.306791048919984,FALSE,FALSE
"CA_ExN","binary_padj0.1","FGF9",0.00736787394000984,NA,0.193903048475762,0.306791048919984,FALSE,FALSE
"CA_ExN","binary_padj0.1","MMP9",0.00734748209674815,NA,0.147926036981509,0.306791048919984,FALSE,FALSE
"CA_ExN","binary_padj0.1","DEFB4A",0.00733911757623024,NA,0.212893553223388,0.306791048919984,FALSE,FALSE
"CA_ExN","binary_padj0.1","GP1BA",0.00732405272476214,NA,0.206896551724138,0.306791048919984,FALSE,FALSE
"CA_ExN","binary_padj0.1","HLA-DRB5",0.00732235728035795,NA,0.197401299350325,0.306791048919984,FALSE,FALSE
"CA_ExN","binary_padj0.1","LAMB1",0.00730247502038921,NA,0.181409295352324,0.306791048919984,FALSE,FALSE
"CA_ExN","binary_padj0.1","NPY",0.00729538152315356,NA,0.15192403798101,0.306791048919984,FALSE,FALSE
"CA_ExN","binary_padj0.1","COL5A2",0.00728879625137445,NA,0.176911544227886,0.306791048919984,FALSE,FALSE
"CA_ExN","binary_padj0.1","PPBP",0.00727369553212263,NA,0.167416291854073,0.306791048919984,FALSE,FALSE
"CA_ExN","binary_padj0.1","CEACAM1",0.00727242076083433,NA,0.183908045977011,0.306791048919984,FALSE,FALSE
"CA_ExN","binary_padj0.1","RSPO2",0.00726995466561781,NA,0.205897051474263,0.306791048919984,FALSE,FALSE
"CA_ExN","binary_padj0.1","IL26",0.00726638475367763,NA,0.197901049475262,0.306791048919984,FALSE,FALSE
"CA_ExN","binary_padj0.1","CSH2",0.0072421265205407,NA,0.178410794602699,0.306791048919984,FALSE,FALSE
"CA_ExN","binary_padj0.1","APOC4",0.00723906302872327,NA,0.202898550724638,0.306791048919984,FALSE,FALSE
"CA_ExN","binary_padj0.1","LRFN1",0.00723304294084621,NA,0.209895052473763,0.306791048919984,FALSE,FALSE
"CA_ExN","binary_padj0.1","COL14A1",0.00723019227606887,NA,0.210394802598701,0.306791048919984,FALSE,FALSE
"CA_ExN","binary_padj0.1","PROC",0.00722825128757183,NA,0.199400299850075,0.306791048919984,FALSE,FALSE
"CA_ExN","binary_padj0.1","HSPG2",0.00722361952362363,NA,0.186406796601699,0.306791048919984,FALSE,FALSE
"CA_ExN","binary_padj0.1","ZG16B",0.00720751447684474,NA,0.215892053973014,0.306791048919984,FALSE,FALSE
"CA_ExN","binary_padj0.1","LAMC1",0.00720295749847619,NA,0.184907546226887,0.306791048919984,FALSE,FALSE
"CA_ExN","binary_padj0.1","EBI3",0.00720193847156401,NA,0.209895052473763,0.306791048919984,FALSE,FALSE
"CA_ExN","binary_padj0.1","SAA1",0.00719570242951768,NA,0.1984007996002,0.306791048919984,FALSE,FALSE
"CA_ExN","binary_padj0.1","TYROBP",0.00719479853103705,NA,0.186406796601699,0.306791048919984,FALSE,FALSE
"CA_ExN","binary_padj0.1","DSC3",0.00719466465731087,NA,0.209395302348826,0.306791048919984,FALSE,FALSE
"CA_ExN","binary_padj0.1","LGI3",0.00719368730554766,NA,0.214392803598201,0.306791048919984,FALSE,FALSE
"CA_ExN","binary_padj0.1","CGB3",0.00718134589394034,NA,0.194902548725637,0.306791048919984,FALSE,FALSE
"CA_ExN","binary_padj0.1","MMP26",0.00717382824314672,NA,0.207396301849075,0.306791048919984,FALSE,FALSE
"CA_ExN","binary_padj0.1","CCL11",0.00716827993002619,NA,0.207896051974013,0.306791048919984,FALSE,FALSE
"CA_ExN","binary_padj0.1","NTN4",0.00716809671622307,NA,0.212893553223388,0.306791048919984,FALSE,FALSE
"CA_ExN","binary_padj0.1","GAS6",0.00715862317824659,NA,0.211394302848576,0.306791048919984,FALSE,FALSE
"CA_ExN","binary_padj0.1","ADAM2",0.00715776268213936,NA,0.206896551724138,0.306791048919984,FALSE,FALSE
"CA_ExN","binary_padj0.1","IZUMO1",0.00715655187727946,NA,0.206896551724138,0.306791048919984,FALSE,FALSE
"CA_ExN","binary_padj0.1","VEGFB",0.007156388883601,NA,0.186906546726637,0.306791048919984,FALSE,FALSE
"CA_ExN","binary_padj0.1","COPA",0.00714439399529099,NA,0.166916541729135,0.306791048919984,FALSE,FALSE
"CA_ExN","binary_padj0.1","HAPLN1",0.00713610749303961,NA,0.205897051474263,0.306791048919984,FALSE,FALSE
"CA_ExN","binary_padj0.1","LRPAP1",0.00711509119995756,NA,0.219390304847576,0.306791048919984,FALSE,FALSE
"CA_ExN","binary_padj0.1","UCN3",0.00709425130186342,NA,0.187906046976512,0.306791048919984,FALSE,FALSE
"CA_ExN","binary_padj0.1","ALKAL2",0.00709382760116969,NA,0.205397301349325,0.306791048919984,FALSE,FALSE
"CA_ExN","binary_padj0.1","SDK2",0.00709045546829954,NA,0.216891554222889,0.306791048919984,FALSE,FALSE
"CA_ExN","binary_padj0.1","HEBP1",0.00707704185990709,NA,0.220889555222389,0.306791048919984,FALSE,FALSE
"CA_ExN","binary_padj0.1","KL",0.00706796810256745,NA,0.205397301349325,0.306791048919984,FALSE,FALSE
"CA_ExN","binary_padj0.1","FGF17",0.00706010973585773,NA,0.145427286356822,0.306791048919984,FALSE,FALSE
"CA_ExN","binary_padj0.1","LY6G6F",0.00703559398304325,NA,0.214892553723138,0.306791048919984,FALSE,FALSE
"CA_ExN","binary_padj0.1","COL12A1",0.00702966626787337,NA,0.19240379810095,0.306791048919984,TRUE,TRUE
"CA_ExN","binary_padj0.1","CHAD",0.00702720108488688,NA,0.185407296351824,0.306791048919984,FALSE,FALSE
"CA_ExN","binary_padj0.1","IFNW1",0.00701253486263131,NA,0.222888555722139,0.307127580990649,FALSE,FALSE
"CA_ExN","binary_padj0.1","RECK",0.00701228537246437,NA,0.220389805097451,0.306791048919984,FALSE,FALSE
"CA_ExN","binary_padj0.1","BPI",0.00699868846841189,NA,0.168415792103948,0.306791048919984,FALSE,FALSE
"CA_ExN","binary_padj0.1","THBS1",0.00698235038797655,NA,0.209395302348826,0.306791048919984,FALSE,FALSE
"CA_ExN","binary_padj0.1","HLA-B",0.0069691901683308,NA,0.215892053973014,0.306791048919984,FALSE,FALSE
"CA_ExN","binary_padj0.1","CADM4",0.00696427519680172,NA,0.184407796101949,0.306791048919984,FALSE,FALSE
"CA_ExN","binary_padj0.1","CORIN",0.0069639406259582,NA,0.216891554222889,0.306791048919984,FALSE,FALSE
"CA_ExN","binary_padj0.1","TG",0.00696150834679253,NA,0.189905047476262,0.306791048919984,FALSE,FALSE
"CA_ExN","binary_padj0.1","BTN2A1",0.00692056582179663,NA,0.223388305847076,0.307127580990649,FALSE,FALSE
"CA_ExN","binary_padj0.1","PLA2G10",0.00688238716669232,NA,0.170414792603698,0.306791048919984,FALSE,FALSE
"CA_ExN","binary_padj0.1","ENAM",0.00687753443416079,NA,0.217391304347826,0.306791048919984,FALSE,FALSE
"CA_ExN","binary_padj0.1","CEACAM4",0.00686467500634693,NA,0.223888055972014,0.307469583593853,FALSE,FALSE
"CA_ExN","binary_padj0.1","PSG5",0.0068455544846028,NA,0.218890554722639,0.306791048919984,FALSE,FALSE
"CA_ExN","binary_padj0.1","APOE",0.0068363954833988,NA,0.172413793103448,0.306791048919984,TRUE,TRUE
"CA_ExN","binary_padj0.1","CD300LF",0.00683512727189435,NA,0.221389305347326,0.307127580990649,FALSE,FALSE
"CA_ExN","binary_padj0.1","REN",0.00682250027084956,NA,0.185407296351824,0.306791048919984,FALSE,FALSE
"CA_ExN","binary_padj0.1","IFNA10",0.00680975988491622,NA,0.211894052973513,0.306791048919984,FALSE,FALSE
"CA_ExN","binary_padj0.1","CCL3",0.00680655821336455,NA,0.167416291854073,0.306791048919984,FALSE,FALSE
"CA_ExN","binary_padj0.1","TTR",0.00680316492550083,NA,0.197401299350325,0.306791048919984,FALSE,FALSE
"CA_ExN","binary_padj0.1","MEGF10",0.0067939769519016,NA,0.216891554222889,0.306791048919984,FALSE,FALSE
"CA_ExN","binary_padj0.1","TF",0.00679046945371976,NA,0.207396301849075,0.306791048919984,FALSE,FALSE
"CA_ExN","binary_padj0.1","CD320",0.00678977763073993,NA,0.177411294352824,0.306791048919984,FALSE,FALSE
"CA_ExN","binary_padj0.1","TPSB2",0.00674005713085816,NA,0.218890554722639,0.306791048919984,FALSE,FALSE
"CA_ExN","binary_padj0.1","IL36G",0.00673979188392177,NA,0.176911544227886,0.306791048919984,FALSE,FALSE
"CA_ExN","binary_padj0.1","CXADR",0.00673288357942417,NA,0.176911544227886,0.306791048919984,FALSE,FALSE
"CA_ExN","binary_padj0.1","HLA-G",0.00673065692597621,NA,0.210394802598701,0.306791048919984,FALSE,FALSE
"CA_ExN","binary_padj0.1","SEMA4G",0.00672984962431888,NA,0.235382308845577,0.315798384960525,FALSE,FALSE
"CA_ExN","binary_padj0.1","ECM1",0.00672880533117287,NA,0.231384307846077,0.313513397486279,FALSE,FALSE
"CA_ExN","binary_padj0.1","GJB2",0.00671680054469466,NA,0.182908545727136,0.306791048919984,FALSE,FALSE
"CA_ExN","binary_padj0.1","LGALS1",0.00671340058595744,NA,0.169915042478761,0.306791048919984,FALSE,FALSE
"CA_ExN","binary_padj0.1","ICOSLG",0.00670841692542962,NA,0.217891054472764,0.306791048919984,FALSE,FALSE
"CA_ExN","binary_padj0.1","SEMA3B",0.00670633389034653,NA,0.193903048475762,0.306791048919984,FALSE,FALSE
"CA_ExN","binary_padj0.1","HLA-DRB4",0.00668246232508736,NA,0.186906546726637,0.306791048919984,FALSE,FALSE
"CA_ExN","binary_padj0.1","IFNA14",0.00668243433815613,NA,0.226386806596702,0.309859036961966,FALSE,FALSE
"CA_ExN","binary_padj0.1","APLN",0.00667490201523607,NA,0.156421789105447,0.306791048919984,FALSE,FALSE
"CA_ExN","binary_padj0.1","CCL4",0.00667394374091023,NA,0.198900549725137,0.306791048919984,FALSE,FALSE
"CA_ExN","binary_padj0.1","CCL18",0.00666733326166406,NA,0.200899550224888,0.306791048919984,FALSE,FALSE
"CA_ExN","binary_padj0.1","SFTPA2",0.00666608800828464,NA,0.231384307846077,0.313513397486279,FALSE,FALSE
"CA_ExN","binary_padj0.1","VTCN1",0.00665336050540365,NA,0.220389805097451,0.306791048919984,FALSE,FALSE
"CA_ExN","binary_padj0.1","SERPINF1",0.00664982344961977,NA,0.181409295352324,0.306791048919984,FALSE,FALSE
"CA_ExN","binary_padj0.1","NECTIN4",0.00663954480785751,NA,0.230884557721139,0.313513397486279,FALSE,FALSE
"CA_ExN","binary_padj0.1","GH2",0.00663347847637263,NA,0.205397301349325,0.306791048919984,FALSE,FALSE
"CA_ExN","binary_padj0.1","NPPB",0.00663263750052191,NA,0.220389805097451,0.306791048919984,FALSE,FALSE
"CA_ExN","binary_padj0.1","CTF1",0.00662508674163025,NA,0.211894052973513,0.306791048919984,FALSE,FALSE
"CA_ExN","binary_padj0.1","SERPINE1",0.00662156770325202,NA,0.215892053973014,0.306791048919984,TRUE,TRUE
"CA_ExN","binary_padj0.1","CALM2",0.00662139741092626,NA,0.165417291354323,0.306791048919984,FALSE,FALSE
"CA_ExN","binary_padj0.1","HLA-DMA",0.00661787268833636,NA,0.234382808595702,0.315168979725286,FALSE,FALSE
"CA_ExN","binary_padj0.1","SHISA4",0.0066075216539722,NA,0.23488255872064,0.315494664948228,FALSE,FALSE
"CA_ExN","binary_padj0.1","ADAM11",0.00660111161629784,NA,0.218890554722639,0.306791048919984,FALSE,FALSE
"CA_ExN","binary_padj0.1","TPH1",0.006596993786028,NA,0.198900549725137,0.306791048919984,FALSE,FALSE
"CA_ExN","binary_padj0.1","SLIT2",0.00658479353747755,NA,0.210894552723638,0.306791048919984,FALSE,FALSE
"CA_ExN","binary_padj0.1","NAMPT",0.00657865646972846,NA,0.20439780109945,0.306791048919984,FALSE,FALSE
"CA_ExN","binary_padj0.1","MPIG6B",0.0065721714405839,NA,0.232383808095952,0.313513397486279,FALSE,FALSE
"CA_ExN","binary_padj0.1","SELL",0.00655822686093964,NA,0.159420289855072,0.306791048919984,FALSE,FALSE
"CA_ExN","binary_padj0.1","COL17A1",0.00655774869924465,NA,0.193403298350825,0.306791048919984,FALSE,FALSE
"CA_ExN","binary_padj0.1","FGG",0.00654955487109316,NA,0.231884057971014,0.313513397486279,FALSE,FALSE
"CA_ExN","binary_padj0.1","PDGFC",0.00654737880326679,NA,0.222888555722139,0.307127580990649,FALSE,FALSE
"CA_ExN","binary_padj0.1","GC",0.00654704548624616,NA,0.213393303348326,0.306791048919984,FALSE,FALSE
"CA_ExN","binary_padj0.1","TSHB",0.00654416259168735,NA,0.191904047976012,0.306791048919984,FALSE,FALSE
"CA_ExN","binary_padj0.1","IFNA5",0.00654343048246707,NA,0.23888055972014,0.315992327112306,FALSE,FALSE
"CA_ExN","binary_padj0.1","CLDN1",0.00652151217948429,NA,0.207396301849075,0.306791048919984,FALSE,FALSE
"CA_ExN","binary_padj0.1","CLCF1",0.00652070881755809,NA,0.230384807596202,0.313513397486279,FALSE,FALSE
"CA_ExN","binary_padj0.1","MSMB",0.00651560477528185,NA,0.234382808595702,0.315168979725286,FALSE,FALSE
"CA_ExN","binary_padj0.1","IFNA7",0.00647849677652598,NA,0.23688155922039,0.315992327112306,FALSE,FALSE
"CA_ExN","binary_padj0.1","PDPN",0.0064761545724482,NA,0.222388805597201,0.307127580990649,FALSE,FALSE
"CA_ExN","binary_padj0.1","GCG",0.00647032953549239,NA,0.111944027986007,0.306791048919984,FALSE,FALSE
"CA_ExN","binary_padj0.1","SPP1",0.00646722983148774,NA,0.181409295352324,0.306791048919984,FALSE,FALSE
"CA_ExN","binary_padj0.1","CXCL2",0.0064567434284606,NA,0.175412293853073,0.306791048919984,TRUE,TRUE
"CA_ExN","binary_padj0.1","ANXA2",0.00645425710921671,NA,0.218890554722639,0.306791048919984,FALSE,FALSE
"CA_ExN","binary_padj0.1","NRTN",0.00644635900274558,NA,0.217891054472764,0.306791048919984,FALSE,FALSE
"CA_ExN","binary_padj0.1","F12",0.00644475802044077,NA,0.200899550224888,0.306791048919984,FALSE,FALSE
"CA_ExN","binary_padj0.1","IFNA4",0.00641192973984691,NA,0.239380309845077,0.315992327112306,FALSE,FALSE
"CA_ExN","binary_padj0.1","GLG1",0.0063939250935353,NA,0.242378810594703,0.316877313744408,FALSE,FALSE
"CA_ExN","binary_padj0.1","KIR2DS5",0.00638771488529435,NA,0.234382808595702,0.315168979725286,FALSE,FALSE
"CA_ExN","binary_padj0.1","NECTIN2",0.00638592548561875,NA,0.196901549225387,0.306791048919984,FALSE,FALSE
"CA_ExN","binary_padj0.1","CD80",0.00638116800518995,NA,0.212393803098451,0.306791048919984,FALSE,FALSE
"CA_ExN","binary_padj0.1","IL36B",0.00638090352655259,NA,0.168415792103948,0.306791048919984,FALSE,FALSE
"CA_ExN","binary_padj0.1","ANG",0.00636817783888979,NA,0.212393803098451,0.306791048919984,FALSE,FALSE
"CA_ExN","binary_padj0.1","CRH",0.00631614385729547,NA,0.149425287356322,0.306791048919984,FALSE,FALSE
"CA_ExN","binary_padj0.1","IL32",0.00631469735060252,NA,0.187406296851574,0.306791048919984,FALSE,FALSE
"CA_ExN","binary_padj0.1","IFNA8",0.00630842074307832,NA,0.224887556221889,0.308496367717597,FALSE,FALSE
"CA_ExN","binary_padj0.1","CD14",0.00628674216498558,NA,0.209895052473763,0.306791048919984,FALSE,FALSE
"CA_ExN","binary_padj0.1","CD79B",0.00627909493190881,NA,0.239880059970015,0.316267375422685,FALSE,FALSE
"CA_ExN","binary_padj0.1","IGFBP4",0.00627473907814376,NA,0.242378810594703,0.316877313744408,FALSE,FALSE
"CA_ExN","binary_padj0.1","HLA-DRB3",0.00626559768765091,NA,0.216391804097951,0.306791048919984,FALSE,FALSE
"CA_ExN","binary_padj0.1","PMCH",0.00622783894684,NA,0.156921539230385,0.306791048919984,FALSE,FALSE
"CA_ExN","binary_padj0.1","SIGLEC12",0.00622707285594417,NA,0.239380309845077,0.315992327112306,FALSE,FALSE
"CA_ExN","binary_padj0.1","CEACAM5",0.00621715052865712,NA,0.24487756121939,0.318418650844069,FALSE,FALSE
"CA_ExN","binary_padj0.1","IL34",0.00619926170943329,NA,0.249875062468766,0.320825465928124,FALSE,FALSE
"CA_ExN","binary_padj0.1","IFNL4",0.00618357700665902,NA,0.247876061969015,0.319966465660742,FALSE,FALSE
"CA_ExN","binary_padj0.1","ST6GAL1",0.00616983054938292,NA,0.175912043978011,0.306791048919984,FALSE,FALSE
"CA_ExN","binary_padj0.1","CD28",0.00616527002408269,NA,0.171914042978511,0.306791048919984,FALSE,FALSE
"CA_ExN","binary_padj0.1","PSPN",0.00616397983105968,NA,0.221889055472264,0.307127580990649,FALSE,FALSE
"CA_ExN","binary_padj0.1","LFNG",0.00615481697527645,NA,0.245377311344328,0.318418650844069,FALSE,FALSE
"CA_ExN","binary_padj0.1","CP",0.00615209804904815,NA,0.214392803598201,0.306791048919984,FALSE,FALSE
"CA_ExN","binary_padj0.1","TREML4",0.00614720651271615,NA,0.252873563218391,0.322274096112566,FALSE,FALSE
"CA_ExN","binary_padj0.1","INHA",0.00613566478134017,NA,0.244377811094453,0.318132644623491,FALSE,FALSE
"CA_ExN","binary_padj0.1","FSHB",0.00612950835676992,NA,0.216391804097951,0.306791048919984,FALSE,FALSE
"CA_ExN","binary_padj0.1","COL4A3",0.00612527038090974,NA,0.245877061469265,0.318729524126825,FALSE,FALSE
"CA_ExN","binary_padj0.1","SST",0.00611997073328562,NA,0.15992003998001,0.306791048919984,FALSE,FALSE
"CA_ExN","binary_padj0.1","GPC3",0.00611405889001912,NA,0.239380309845077,0.315992327112306,FALSE,FALSE
"CA_ExN","binary_padj0.1","IL9",0.00611344926644661,NA,0.240379810094953,0.316267375422685,FALSE,FALSE
"CA_ExN","binary_padj0.1","ICAM3",0.00610671958571206,NA,0.245377311344328,0.318418650844069,FALSE,FALSE
"CA_ExN","binary_padj0.1","IL16",0.00609544572263538,NA,0.232383808095952,0.313513397486279,FALSE,FALSE
"CA_ExN","binary_padj0.1","RLN1",0.00608962145586119,NA,0.243378310844578,0.317506316064545,FALSE,FALSE
"CA_ExN","binary_padj0.1","TSPAN5",0.00607285529738646,NA,0.253873063468266,0.322274096112566,FALSE,FALSE
"CA_ExN","binary_padj0.1","CD1D",0.00607256557023699,NA,0.254872563718141,0.322540176192895,FALSE,FALSE
"CA_ExN","binary_padj0.1","NXPH2",0.00607133753644027,NA,0.249875062468766,0.320825465928124,FALSE,FALSE
"CA_ExN","binary_padj0.1","FAM3C",0.00606183703090272,NA,0.216891554222889,0.306791048919984,FALSE,FALSE
"CA_ExN","binary_padj0.1","PSEN1",0.00605874249162929,NA,0.193403298350825,0.306791048919984,FALSE,FALSE
"CA_ExN","binary_padj0.1","TNFSF18",0.00605338714513209,NA,0.238380809595202,0.315992327112306,FALSE,FALSE
"CA_ExN","binary_padj0.1","CD2",0.00603910539836195,NA,0.205397301349325,0.306791048919984,FALSE,FALSE
"CA_ExN","binary_padj0.1","HMGB1",0.00603873303698194,NA,0.220889555222389,0.306791048919984,FALSE,FALSE
"CA_ExN","binary_padj0.1","PGLYRP1",0.00603850133264069,NA,0.237381309345327,0.315992327112306,FALSE,FALSE
"CA_ExN","binary_padj0.1","CD86",0.00603476236499346,NA,0.215392303848076,0.306791048919984,FALSE,FALSE
"CA_ExN","binary_padj0.1","CIB1",0.00602466861991535,NA,0.253873063468266,0.322274096112566,FALSE,FALSE
"CA_ExN","binary_padj0.1","PDYN",0.00602047506172161,NA,0.237881059470265,0.315992327112306,FALSE,FALSE
"CA_ExN","binary_padj0.1","MYEOV",0.00600025680350326,NA,0.258370814592704,0.323293409475038,FALSE,FALSE
"CA_ExN","binary_padj0.1","IFITM1",0.00599101039157421,NA,0.237381309345327,0.315992327112306,FALSE,FALSE
"CA_ExN","binary_padj0.1","ZNRF3",0.00596724222119888,NA,0.250374812593703,0.320825465928124,FALSE,FALSE
"CA_ExN","binary_padj0.1","TPO",0.00596295101776651,NA,0.237881059470265,0.315992327112306,FALSE,FALSE
"CA_ExN","binary_padj0.1","CLDN14",0.00594659459269778,NA,0.238380809595202,0.315992327112306,FALSE,FALSE
"CA_ExN","binary_padj0.1","F13A1",0.00594453785346866,NA,0.24087956021989,0.316267375422685,FALSE,FALSE
"CA_ExN","binary_padj0.1","HLA-DQB1",0.00594086776172589,NA,0.168415792103948,0.306791048919984,FALSE,FALSE
"CA_ExN","binary_padj0.1","IL12B",0.0059322208371513,NA,0.232383808095952,0.313513397486279,FALSE,FALSE
"CA_ExN","binary_padj0.1","TNFSF8",0.00592458798620468,NA,0.197901049475262,0.306791048919984,FALSE,FALSE
"CA_ExN","binary_padj0.1","SERPINE2",0.00591729919208642,NA,0.23888055972014,0.315992327112306,FALSE,FALSE
"CA_ExN","binary_padj0.1","LY9",0.00591157305977583,NA,0.1984007996002,0.306791048919984,FALSE,FALSE
"CA_ExN","binary_padj0.1","CCN6",0.00590569477851256,NA,0.252373813093453,0.322039501082792,FALSE,FALSE
"CA_ExN","binary_padj0.1","IL22",0.00590365275160334,NA,0.230884557721139,0.313513397486279,FALSE,FALSE
"CA_ExN","binary_padj0.1","PCSK9",0.00590269219074989,NA,0.217391304347826,0.306791048919984,FALSE,FALSE
"CA_ExN","binary_padj0.1","CYTL1",0.00589810002660691,NA,0.254372813593203,0.322540176192895,TRUE,TRUE
"CA_ExN","binary_padj0.1","COL4A1",0.00588706851351624,NA,0.216391804097951,0.306791048919984,FALSE,FALSE
"CA_ExN","binary_padj0.1","CD38",0.0058844869306536,NA,0.235882058970515,0.315798384960525,FALSE,FALSE
"CA_ExN","binary_padj0.1","GNRH2",0.00588332593172429,NA,0.142928535732134,0.306791048919984,FALSE,FALSE
"CA_ExN","binary_padj0.1","CNTN4",0.00586938661238082,NA,0.263868065967017,0.328116083802071,FALSE,FALSE
"CA_ExN","binary_padj0.1","PCDHA9",0.00586321243824178,NA,0.219390304847576,0.306791048919984,FALSE,FALSE
"CA_ExN","binary_padj0.1","CEACAM20",0.00585112147103051,NA,0.256371814092954,0.322770269541488,FALSE,FALSE
"CA_ExN","binary_padj0.1","HLA-DQA2",0.00584710176890417,NA,0.211894052973513,0.306791048919984,FALSE,FALSE
"CA_ExN","binary_padj0.1","IFNA21",0.00584588324855217,NA,0.254872563718141,0.322540176192895,FALSE,FALSE
"CA_ExN","binary_padj0.1","PTPRC",0.00584421146012205,NA,0.248375812093953,0.320274073489571,FALSE,FALSE
"CA_ExN","binary_padj0.1","GRN",0.00584209731759372,NA,0.226886556721639,0.310196464267866,FALSE,FALSE
"CA_ExN","binary_padj0.1","BTLA",0.00583554622882722,NA,0.243378310844578,0.317506316064545,FALSE,FALSE
"CA_ExN","binary_padj0.1","PLA2G2A",0.00583356952452894,NA,0.257371314342829,0.323293409475038,FALSE,FALSE
"CA_ExN","binary_padj0.1","ASIP",0.00581430757819584,NA,0.252373813093453,0.322039501082792,FALSE,FALSE
"CA_ExN","binary_padj0.1","F2",0.00577814316915539,NA,0.137431284357821,0.306791048919984,FALSE,FALSE
"CA_ExN","binary_padj0.1","KNG1",0.00576706523664838,NA,0.176411794102949,0.306791048919984,FALSE,FALSE
"CA_ExN","binary_padj0.1","LYZ",0.00575888955539669,NA,0.244377811094453,0.318132644623491,FALSE,FALSE
"CA_ExN","binary_padj0.1","CLDN11",0.00574021380532123,NA,0.256871564217891,0.323067419062543,FALSE,FALSE
"CA_ExN","binary_padj0.1","INHBA",0.00573030377583211,NA,0.204897551224388,0.306791048919984,FALSE,FALSE
"CA_ExN","binary_padj0.1","C1QA",0.00571112643669803,NA,0.227386306846577,0.310533139227488,FALSE,FALSE
"CA_ExN","binary_padj0.1","DSCAML1",0.00567730610681218,NA,0.265367316341829,0.328313665747771,FALSE,FALSE
"CA_ExN","binary_padj0.1","CCL13",0.00566053283642954,NA,0.197401299350325,0.306791048919984,FALSE,FALSE
"CA_ExN","binary_padj0.1","SPINK1",0.00565809505769161,NA,0.204897551224388,0.306791048919984,FALSE,FALSE
"CA_ExN","binary_padj0.1","CD52",0.00562386920039495,NA,0.222388805597201,0.307127580990649,FALSE,FALSE
"CA_ExN","binary_padj0.1","FGF7",0.00560562863997447,NA,0.183908045977011,0.306791048919984,FALSE,FALSE
"CA_ExN","binary_padj0.1","GH1",0.00559784631453996,NA,0.2023988005997,0.306791048919984,FALSE,FALSE
"CA_ExN","binary_padj0.1","ADGRF5",0.00559312724528883,NA,0.259870064967516,0.324175997540944,FALSE,FALSE
"CA_ExN","binary_padj0.1","LCN2",0.00558497508051777,NA,0.218390804597701,0.306791048919984,FALSE,FALSE
"CA_ExN","binary_padj0.1","TSPAN3",0.00558258154323371,NA,0.264367816091954,0.328116083802071,FALSE,FALSE
"CA_ExN","binary_padj0.1","TNFSF15",0.00557707129863314,NA,0.219890054972514,0.306791048919984,FALSE,FALSE
"CA_ExN","binary_padj0.1","NECTIN3",0.0055548654876971,NA,0.178910544727636,0.306791048919984,FALSE,FALSE
"CA_ExN","binary_padj0.1","PROK1",0.00554644007571018,NA,0.131434282858571,0.306791048919984,FALSE,FALSE
"CA_ExN","binary_padj0.1","DKK4",0.00554255585540928,NA,0.262868565717141,0.327582902343335,FALSE,FALSE
"CA_ExN","binary_padj0.1","TCN2",0.00552669996393881,NA,0.255372313843078,0.322770269541488,FALSE,FALSE
"CA_ExN","binary_padj0.1","SFTPA1",0.00551142642574514,NA,0.255872063968016,0.322770269541488,FALSE,FALSE
"CA_ExN","binary_padj0.1","COL8A1",0.00551141918628316,NA,0.241379310344828,0.316584213246696,TRUE,TRUE
"CA_ExN","binary_padj0.1","COL16A1",0.00551034528840706,NA,0.210894552723638,0.306791048919984,FALSE,FALSE
"CA_ExN","binary_padj0.1","TAC3",0.00550396694090632,NA,0.164417791104448,0.306791048919984,FALSE,FALSE
"CA_ExN","binary_padj0.1","CD40LG",0.00549665794924677,NA,0.187906046976512,0.306791048919984,FALSE,FALSE
"CA_ExN","binary_padj0.1","ANGPTL5",0.00549642300404793,NA,0.272863568215892,0.33259489658156,FALSE,FALSE
"CA_ExN","binary_padj0.1","TIMP1",0.00548168601143905,NA,0.201899050474763,0.306791048919984,FALSE,FALSE
"CA_ExN","binary_padj0.1","IFNA16",0.00546267625372223,NA,0.257871064467766,0.323293409475038,FALSE,FALSE
"CA_ExN","binary_padj0.1","BMP6",0.0054469643954046,NA,0.188905547226387,0.306791048919984,FALSE,FALSE
"CA_ExN","binary_padj0.1","CGA",0.00542449973171517,NA,0.230884557721139,0.313513397486279,FALSE,FALSE
"CA_ExN","binary_padj0.1","NUCB2",0.00542431144719608,NA,0.267866066966517,0.329784856315561,FALSE,FALSE
"CA_ExN","binary_padj0.1","CCL25",0.00542075344139454,NA,0.159420289855072,0.306791048919984,FALSE,FALSE
"CA_ExN","binary_padj0.1","VTN",0.00541137070678085,NA,0.240379810094953,0.316267375422685,FALSE,FALSE
"CA_ExN","binary_padj0.1","IL1F10",0.00540812014862116,NA,0.27336331834083,0.332872827999519,FALSE,FALSE
"CA_ExN","binary_padj0.1","MFGE8",0.00539101695613175,NA,0.251374312843578,0.321769627203117,FALSE,FALSE
"CA_ExN","binary_padj0.1","HLA-DRA",0.00539098907786882,NA,0.256371814092954,0.322770269541488,FALSE,FALSE
"CA_ExN","binary_padj0.1","GP5",0.00538706017069291,NA,0.271864067966017,0.33259489658156,FALSE,FALSE
"CA_ExN","binary_padj0.1","TAFA4",0.00538579932390705,NA,0.252373813093453,0.322039501082792,FALSE,FALSE
"CA_ExN","binary_padj0.1","CEACAM8",0.00538164685906013,NA,0.258370814592704,0.323293409475038,FALSE,FALSE
"CA_ExN","binary_padj0.1","CRP",0.00536248966293403,NA,0.148425787106447,0.306791048919984,FALSE,FALSE
"CA_ExN","binary_padj0.1","CD6",0.00535609202424864,NA,0.275862068965517,0.335249042145594,FALSE,FALSE
"CA_ExN","binary_padj0.1","NLGN3",0.00535606140453351,NA,0.204897551224388,0.306791048919984,FALSE,FALSE
"CA_ExN","binary_padj0.1","C5",0.00535019855537265,NA,0.134432783608196,0.306791048919984,FALSE,FALSE
"CA_ExN","binary_padj0.1","AIMP1",0.00534491816912268,NA,0.190404797601199,0.306791048919984,FALSE,FALSE
"CA_ExN","binary_padj0.1","ANGPT1",0.00532780000700359,NA,0.199400299850075,0.306791048919984,FALSE,FALSE
"CA_ExN","binary_padj0.1","ADAMTS3",0.00532106219877595,NA,0.208895552223888,0.306791048919984,FALSE,FALSE
"CA_ExN","binary_padj0.1","ESAM",0.00529613716354797,NA,0.272863568215892,0.33259489658156,FALSE,FALSE
"CA_ExN","binary_padj0.1","C4B_2",0.00527975542380138,NA,0.268865567216392,0.330683052048273,FALSE,FALSE
"CA_ExN","binary_padj0.1","CD70",0.00524752890791421,NA,0.272863568215892,0.33259489658156,FALSE,FALSE
"CA_ExN","binary_padj0.1","COL1A1",0.00524252910680766,NA,0.253873063468266,0.322274096112566,FALSE,FALSE
"CA_ExN","binary_padj0.1","ALB",0.00524065132165985,NA,0.16791604197901,0.306791048919984,FALSE,FALSE
"CA_ExN","binary_padj0.1","POMC",0.0051917869079555,NA,0.164417791104448,0.306791048919984,FALSE,FALSE
"CA_ExN","binary_padj0.1","SLPI",0.00518977361957028,NA,0.271364317841079,0.33259489658156,FALSE,FALSE
"CA_ExN","binary_padj0.1","AGRN",0.00516301757323083,NA,0.24087956021989,0.316267375422685,FALSE,FALSE
"CA_ExN","binary_padj0.1","IFNA2",0.00515199231164988,NA,0.264367816091954,0.328116083802071,FALSE,FALSE
"CA_ExN","binary_padj0.1","C4A",0.00514735020365313,NA,0.265867066466767,0.328313665747771,FALSE,FALSE
"CA_ExN","binary_padj0.1","BACE1",0.00514247166607516,NA,0.271864067966017,0.33259489658156,FALSE,FALSE
"CA_ExN","binary_padj0.1","CALCA",0.00514115009786761,NA,0.144927536231884,0.306791048919984,FALSE,FALSE
"CA_ExN","binary_padj0.1","NID1",0.0051301890632276,NA,0.279860069965017,0.33742971034168,FALSE,FALSE
"CA_ExN","binary_padj0.1","ACE",0.00511459408070618,NA,0.214392803598201,0.306791048919984,FALSE,FALSE
"CA_ExN","binary_padj0.1","JAM2",0.00509772790030749,NA,0.27936031984008,0.33742971034168,FALSE,FALSE
"CA_ExN","binary_padj0.1","COL11A1",0.00509482778272103,NA,0.212893553223388,0.306791048919984,FALSE,FALSE
"CA_ExN","binary_padj0.1","F8",0.00507829928251594,NA,0.213893053473263,0.306791048919984,FALSE,FALSE
"CA_ExN","binary_padj0.1","KITLG",0.00505413617476472,NA,0.205397301349325,0.306791048919984,TRUE,TRUE
"CA_ExN","binary_padj0.1","CCK",0.00503487991894352,NA,0.210894552723638,0.306791048919984,FALSE,FALSE
"CA_ExN","binary_padj0.1","MDK",0.00502052515538635,NA,0.247376311844078,0.319658208870248,FALSE,FALSE
"CA_ExN","binary_padj0.1","CLEC2B",0.00501772945272262,NA,0.280859570214893,0.33796952211517,FALSE,FALSE
"CA_ExN","binary_padj0.1","PTDSS1",0.00501680020809606,NA,0.286856571714143,0.342160954576266,FALSE,FALSE
"CA_ExN","binary_padj0.1","MADCAM1",0.00499576057615747,NA,0.249875062468766,0.320825465928124,FALSE,FALSE
"CA_ExN","binary_padj0.1","TIMP2",0.00498058303126647,NA,0.256371814092954,0.322770269541488,FALSE,FALSE
"CA_ExN","binary_padj0.1","CNTN1",0.00497482709718589,NA,0.286856571714143,0.342160954576266,FALSE,FALSE
"CA_ExN","binary_padj0.1","NRXN2",0.00494465611602384,NA,0.28135932033983,0.338238633382033,FALSE,FALSE
"CA_ExN","binary_padj0.1","GRP",0.00491196297490258,NA,0.151424287856072,0.306791048919984,FALSE,FALSE
"CA_ExN","binary_padj0.1","DEFB1",0.00491136236196722,NA,0.284857571214393,0.340771996814093,FALSE,FALSE
"CA_ExN","binary_padj0.1","MST1",0.00490589623383193,NA,0.258870564717641,0.323588205897052,FALSE,FALSE
"CA_ExN","binary_padj0.1","ICAM4",0.00490439626856095,NA,0.293353323338331,0.348214942916139,FALSE,FALSE
"CA_ExN","binary_padj0.1","PCDHGB6",0.00490144039206611,NA,0.297351324337831,0.351937557791153,FALSE,FALSE
"CA_ExN","binary_padj0.1","ST14",0.00483269870180684,NA,0.259870064967516,0.324175997540944,FALSE,FALSE
"CA_ExN","binary_padj0.1","LY6G5C",0.00483086415690243,NA,0.283858070964518,0.339908247244902,FALSE,FALSE
"CA_ExN","binary_padj0.1","NPPA",0.0048175064268788,NA,0.282358820589705,0.338775274458755,FALSE,FALSE
"CA_ExN","binary_padj0.1","JAG2",0.00479334370885059,NA,0.288855572213893,0.343875681207016,FALSE,FALSE
"CA_ExN","binary_padj0.1","TRH",0.00478958804748095,NA,0.227886056971514,0.310869064354237,FALSE,FALSE
"CA_ExN","binary_padj0.1","CCL3L1",0.00477301358372037,NA,0.250374812593703,0.320825465928124,FALSE,FALSE
"CA_ExN","binary_padj0.1","ADAM15",0.00476135279866081,NA,0.286356821589205,0.342160954576266,FALSE,FALSE
"CA_ExN","binary_padj0.1","FGF21",0.0046881097184191,NA,0.211894052973513,0.306791048919984,FALSE,FALSE
"CA_ExN","binary_padj0.1","HLA-DQB2",0.00466965080643823,NA,0.20439780109945,0.306791048919984,FALSE,FALSE
"CA_ExN","binary_padj0.1","LRRN1",0.00459683251863909,NA,0.297351324337831,0.351937557791153,FALSE,FALSE
"CA_ExN","binary_padj0.1","HLA-DOB",0.0045653810221012,NA,0.282358820589705,0.338775274458755,FALSE,FALSE
"CA_ExN","binary_padj0.1","RELN",0.00456415934734229,NA,0.23888055972014,0.315992327112306,FALSE,FALSE
"CA_ExN","binary_padj0.1","ANGPTL6",0.00454859460746202,NA,0.294352823588206,0.349063125745936,FALSE,FALSE
"CA_ExN","binary_padj0.1","VIP",0.00451045458473974,NA,0.218390804597701,0.306791048919984,FALSE,FALSE
"CA_ExN","binary_padj0.1","ICAM2",0.00450513217274407,NA,0.279860069965017,0.33742971034168,FALSE,FALSE
"CA_ExN","binary_padj0.1","IFNA17",0.00449794142750846,NA,0.269365317341329,0.330965409973048,FALSE,FALSE
"CA_ExN","binary_padj0.1","PRL",0.0044952407803732,NA,0.204897551224388,0.306791048919984,FALSE,FALSE
"CA_ExN","binary_padj0.1","PLAT",0.00444701307938339,NA,0.241879060469765,0.316877313744408,FALSE,FALSE
"CA_ExN","binary_padj0.1","ADIPOQ",0.00439515972619314,NA,0.247376311844078,0.319658208870248,FALSE,FALSE
"CA_ExN","binary_padj0.1","FLRT2",0.00436264410732588,NA,0.314342828585707,0.368840962660432,FALSE,FALSE
"CA_ExN","binary_padj0.1","HLA-F",0.00432713979384073,NA,0.308845577211394,0.363434997198807,FALSE,FALSE
"CA_ExN","binary_padj0.1","RETN",0.00432090767096283,NA,0.278360819590205,0.336948620551384,FALSE,FALSE
"CA_ExN","binary_padj0.1","CXCL13",0.00428210768504281,NA,0.265867066466767,0.328313665747771,FALSE,FALSE
"CA_ExN","binary_padj0.1","GPHB5",0.00424543615902802,NA,0.305347326336832,0.360704411535794,FALSE,FALSE
"CA_ExN","binary_padj0.1","PLTP",0.0042117709281344,NA,0.247376311844078,0.319658208870248,FALSE,FALSE
"CA_ExN","binary_padj0.1","CLDN16",0.00420734458451686,NA,0.303348325837081,0.358688898793846,FALSE,FALSE
"CA_ExN","binary_padj0.1","CCL15",0.00420442243485866,NA,0.280359820089955,0.337699881622611,FALSE,FALSE
"CA_ExN","binary_padj0.1","IFNK",0.00419424370928132,NA,0.316841579210395,0.370000890879632,FALSE,FALSE
"CA_ExN","binary_padj0.1","CRLF1",0.00418592011627064,NA,0.32183908045977,0.371586120229235,FALSE,FALSE
"CA_ExN","binary_padj0.1","LRRC4",0.00416874186854802,NA,0.308845577211394,0.363434997198807,FALSE,FALSE
"CA_ExN","binary_padj0.1","APOA5",0.00415641619023935,NA,0.314842578710645,0.369073836287598,FALSE,FALSE
"CA_ExN","binary_padj0.1","CNTN2",0.00414725241839256,NA,0.265367316341829,0.328313665747771,FALSE,FALSE
"CA_ExN","binary_padj0.1","MSMP",0.0041445158665238,NA,0.318340829585207,0.370568984957237,FALSE,FALSE
"CA_ExN","binary_padj0.1","IGSF21",0.00413151988946696,NA,0.306346826586707,0.361536476463117,FALSE,FALSE
"CA_ExN","binary_padj0.1","SHH",0.00410595162322857,NA,0.249875062468766,0.320825465928124,FALSE,FALSE
"CA_ExN","binary_padj0.1","LPA",0.00406784479672237,NA,0.223388305847076,0.307127580990649,FALSE,FALSE
"CA_ExN","binary_padj0.1","GREM1",0.00403533280429434,NA,0.276861569215392,0.335797447810748,FALSE,FALSE
"CA_ExN","binary_padj0.1","FGF18",0.00403472903002639,NA,0.235882058970515,0.315798384960525,FALSE,FALSE
"CA_ExN","binary_padj0.1","COL1A2",0.00398632347332391,NA,0.325337331334333,0.374566006470449,FALSE,FALSE
"CA_ExN","binary_padj0.1","MFAP2",0.0039844059958801,NA,0.267866066966517,0.329784856315561,FALSE,FALSE
"CA_ExN","binary_padj0.1","FCN2",0.00394921749682685,NA,0.276861569215392,0.335797447810748,FALSE,FALSE
"CA_ExN","binary_padj0.1","SELPLG",0.00392388462121224,NA,0.271864067966017,0.33259489658156,FALSE,FALSE
"CA_ExN","binary_padj0.1","ITGB2",0.00391379577201096,NA,0.31984007996002,0.370781590336907,FALSE,FALSE
"CA_ExN","binary_padj0.1","DMP1",0.00386970301856288,NA,0.329835082458771,0.379031872431514,FALSE,FALSE
"CA_ExN","binary_padj0.1","CCL1",0.00384301364430094,NA,0.327336331834083,0.37651362112371,FALSE,FALSE
"CA_ExN","binary_padj0.1","CCL5",0.00371774123330559,NA,0.263368315842079,0.32787214116519,FALSE,FALSE
"CA_ExN","binary_padj0.1","LEP",0.0036527776795295,NA,0.215892053973014,0.306791048919984,FALSE,FALSE
"CA_ExN","binary_padj0.1","PNOC",0.0036292535664819,NA,0.191904047976012,0.306791048919984,FALSE,FALSE
"CA_ExN","binary_padj0.1","ENHO",0.00362753842847517,NA,0.318340829585207,0.370568984957237,FALSE,FALSE
"CA_ExN","binary_padj0.1","HLA-DRB1",0.00354239356766171,NA,0.279860069965017,0.33742971034168,FALSE,FALSE
"CA_ExN","binary_padj0.1","VSTM4",0.00352440679568019,NA,0.342328835582209,0.390095649849494,FALSE,FALSE
"CA_ExN","binary_padj0.1","CLEC11A",0.00349761800233676,NA,0.335332333833083,0.383908513033203,FALSE,FALSE
"CA_ExN","binary_padj0.1","SCGB1A1",0.00348678103988554,NA,0.337831084457771,0.386047647817882,FALSE,FALSE
"CA_ExN","binary_padj0.1","TNFSF11",0.00345477492862034,NA,0.307346326836582,0.362366939725517,FALSE,FALSE
"CA_ExN","binary_padj0.1","TNR",0.00342654109959448,NA,0.312343828085957,0.366846777953305,FALSE,FALSE
"CA_ExN","binary_padj0.1","DLL4",0.00341864270062817,NA,0.333333333333333,0.382334581772784,FALSE,FALSE
"CA_ExN","binary_padj0.1","CD9",0.00341715551636048,NA,0.267366316841579,0.329784856315561,FALSE,FALSE
"CA_ExN","binary_padj0.1","TARM1",0.00340857963291253,NA,0.334832583708146,0.383694962621589,FALSE,FALSE
"CA_ExN","binary_padj0.1","ARTN",0.00337221314446412,NA,0.316341829085457,0.370000890879632,FALSE,FALSE
"CA_ExN","binary_padj0.1","HLA-DQA1",0.00333982733824798,NA,0.351324337831084,0.397756297452013,FALSE,FALSE
"CA_ExN","binary_padj0.1","PENK",0.00329947626321275,NA,0.283858070964518,0.339908247244902,FALSE,FALSE
"CA_ExN","binary_padj0.1","LILRB4",0.00329600881078238,NA,0.347826086956522,0.394890599186042,FALSE,FALSE
"CA_ExN","binary_padj0.1","BACE2",0.00328163855048416,NA,0.348325837081459,0.395091805948877,FALSE,FALSE
"CA_ExN","binary_padj0.1","EDN1",0.00327384481985961,NA,0.172913543228386,0.306791048919984,FALSE,FALSE
"CA_ExN","binary_padj0.1","ANGPTL4",0.00322435043429667,NA,0.265867066466767,0.328313665747771,FALSE,FALSE
"CA_ExN","binary_padj0.1","BST2",0.00316696986613932,NA,0.338830584707646,0.386828952718422,FALSE,FALSE
"CA_ExN","binary_padj0.1","SIRPG",0.00313157170206839,NA,0.353323338330835,0.398913446502555,FALSE,FALSE
"CA_ExN","binary_padj0.1","IL31",0.00307031504478567,NA,0.355822088955522,0.401364695184636,FALSE,FALSE
"CA_ExN","binary_padj0.1","TNXB",0.00305980644509952,NA,0.36031984007996,0.404575439136527,FALSE,FALSE
"CA_ExN","binary_padj0.1","FAM200A",0.0030541699663372,NA,0.357821089455272,0.403248237886576,FALSE,FALSE
"CA_ExN","binary_padj0.1","ADCYAP1",0.00296083225321583,NA,0.258370814592704,0.323293409475038,FALSE,FALSE
"CA_ExN","binary_padj0.1","SORL1",0.00295239896699861,NA,0.359320339830085,0.404194138009049,FALSE,FALSE
"CA_ExN","binary_padj0.1","LRRC4C",0.00292768892214158,NA,0.36431784107946,0.407942737954606,FALSE,FALSE
"CA_ExN","binary_padj0.1","WNT2",0.00292382452602824,NA,0.320839580209895,0.370781590336907,FALSE,FALSE
"CA_ExN","binary_padj0.1","COL4A6",0.00291136117525759,NA,0.359320339830085,0.404194138009049,FALSE,FALSE
"CA_ExN","binary_padj0.1","RBP4",0.00288323684845573,NA,0.368815592203898,0.410726454954341,FALSE,FALSE
"CA_ExN","binary_padj0.1","AZGP1",0.00285730960882482,NA,0.361819090454773,0.405886800189649,TRUE,TRUE
"CA_ExN","binary_padj0.1","DLK2",0.00282880004431249,NA,0.378310844577711,0.419394375210585,FALSE,FALSE
"CA_ExN","binary_padj0.1","DLK1",0.00282603350262059,NA,0.275862068965517,0.335249042145594,FALSE,FALSE
"CA_ExN","binary_padj0.1","PAM",0.00275622765841561,NA,0.386306846576712,0.424798821415145,FALSE,FALSE
"CA_ExN","binary_padj0.1","PRSS55",0.00271767029606845,NA,0.35232383808096,0.398519576776709,FALSE,FALSE
"CA_ExN","binary_padj0.1","SIGLEC1",0.00267331781374101,NA,0.367316341829085,0.409801929636275,FALSE,FALSE
"CA_ExN","binary_padj0.1","TEX101",0.00260707712903453,NA,0.378810594702649,0.419568696664326,FALSE,FALSE
"CA_ExN","binary_padj0.1","IFNL2",0.00260209392038063,NA,0.372813593203398,0.41404954820867,FALSE,FALSE
"CA_ExN","binary_padj0.1","SLITRK3",0.00256708081955171,NA,0.382808595702149,0.422468945707327,FALSE,FALSE
"CA_ExN","binary_padj0.1","TIGIT",0.00255934257816379,NA,0.380309845077461,0.420468917165966,FALSE,FALSE
"CA_ExN","binary_padj0.1","TSLP",0.00255079527626457,NA,0.353323338330835,0.398913446502555,FALSE,FALSE
"CA_ExN","binary_padj0.1","S100A9",0.00246818761817954,NA,0.382808595702149,0.422468945707327,FALSE,FALSE
"CA_ExN","binary_padj0.1","IFNE",0.00245967766966072,NA,0.366816591704148,0.409617433762608,FALSE,FALSE
"CA_ExN","binary_padj0.1","SECTM1",0.00240835061343279,NA,0.386306846576712,0.424798821415145,FALSE,FALSE
"CA_ExN","binary_padj0.1","GAST",0.00239917027958785,NA,0.291354322838581,0.346513636385691,FALSE,FALSE
"CA_ExN","binary_padj0.1","MXRA8",0.00237033686650618,NA,0.388305847076462,0.426614047236471,FALSE,FALSE
"CA_ExN","binary_padj0.1","AGT",0.00234062858076474,NA,0.226386806596702,0.309859036961966,FALSE,FALSE
"CA_ExN","binary_padj0.1","GHRL",0.00233877701000966,NA,0.319340329835082,0.370781590336907,FALSE,FALSE
"CA_ExN","binary_padj0.1","CLEC2D",0.00232349243591279,NA,0.253873063468266,0.322274096112566,FALSE,FALSE
"CA_ExN","binary_padj0.1","TNFSF14",0.00227188946939685,NA,0.28735632183908,0.342423632541706,FALSE,FALSE
"CA_ExN","binary_padj0.1","PTH",0.00219823676134003,NA,0.221889055472264,0.307127580990649,FALSE,FALSE
"CA_ExN","binary_padj0.1","SELE",0.00217996790134711,NA,0.384807596201899,0.423911245815941,FALSE,FALSE
"CA_ExN","binary_padj0.1","FGF1",0.00215831084030646,NA,0.27736131934033,0.336070836985068,FALSE,FALSE
"CA_ExN","binary_padj0.1","CSHL1",0.00214554739731327,NA,0.383808095952024,0.423190744861593,FALSE,FALSE
"CA_ExN","binary_padj0.1","IFNA13",0.00212598308753996,NA,0.318840579710145,0.370568984957237,FALSE,FALSE
"CA_ExN","binary_padj0.1","CFAP54",0.00209292765914751,NA,0.366816591704148,0.409617433762608,FALSE,FALSE
"CA_ExN","binary_padj0.1","TNFRSF14",0.00208528595819055,NA,0.292853573213393,0.347958901247727,FALSE,FALSE
"CA_ExN","binary_padj0.1","VEGFA",0.00208527452269321,NA,0.322838580709645,0.372389134999355,FALSE,FALSE
"CA_ExN","binary_padj0.1","MFAP3L",0.00207593536158355,NA,0.411294352823588,0.448252297338875,FALSE,FALSE
"CA_ExN","binary_padj0.1","ZP3",0.00200716005865576,NA,0.416791604197901,0.452632726190096,FALSE,FALSE
"CA_ExN","binary_padj0.1","WNT7B",0.00197858232314225,NA,0.320339830084958,0.370781590336907,FALSE,FALSE
"CA_ExN","binary_padj0.1","INSL5",0.00195229908647647,NA,0.204897551224388,0.306791048919984,FALSE,FALSE
"CA_ExN","binary_padj0.1","WNT9A",0.00190239861285104,NA,0.316841579210395,0.370000890879632,FALSE,FALSE
"CA_ExN","binary_padj0.1","WNT3",0.00189780601234188,NA,0.318840579710145,0.370568984957237,FALSE,FALSE
"CA_ExN","binary_padj0.1","PDGFD",0.00186406839586294,NA,0.374812593703148,0.415892597179671,FALSE,FALSE
"CA_ExN","binary_padj0.1","IGSF10",0.00182916825988302,NA,0.411294352823588,0.448252297338875,FALSE,FALSE
"CA_ExN","binary_padj0.1","WNT2B",0.00180598419802665,NA,0.344327836081959,0.392008921189963,FALSE,FALSE
"CA_ExN","binary_padj0.1","WNT10A",0.00168545668054191,NA,0.320839580209895,0.370781590336907,FALSE,FALSE
"CA_ExN","binary_padj0.1","ULBP3",0.00168119821302957,NA,0.416791604197901,0.452632726190096,FALSE,FALSE
"CA_ExN","binary_padj0.1","WNT5B",0.00167943153587416,NA,0.318840579710145,0.370568984957237,FALSE,FALSE
"CA_ExN","binary_padj0.1","KLKB1",0.0016630873277227,NA,0.404297851074463,0.442200774612694,FALSE,FALSE
"CA_ExN","binary_padj0.1","TNFSF13",0.001616893899571,NA,0.311844077961019,0.36661132005974,FALSE,FALSE
"CA_ExN","binary_padj0.1","WNT11",0.00161193708958594,NA,0.331334332833583,0.380397898520281,FALSE,FALSE
"CA_ExN","binary_padj0.1","FAP",0.00148455048677523,NA,0.424287856071964,0.458335646991319,TRUE,TRUE
"CA_ExN","binary_padj0.1","SEMA6D",0.00148056352133549,NA,0.43728135932034,0.469885671199488,FALSE,FALSE
"CA_ExN","binary_padj0.1","SPON2",0.0014731983909388,NA,0.421789105447276,0.456441390612114,FALSE,FALSE
"CA_ExN","binary_padj0.1","DLL3",0.00145651686830204,NA,0.413793103448276,0.450574712643678,FALSE,FALSE
"CA_ExN","binary_padj0.1","RAET1G",0.00145476657923324,NA,0.426286856571714,0.459280034564951,FALSE,FALSE
"CA_ExN","binary_padj0.1","WNT7A",0.00145295102572035,NA,0.324337831084458,0.373766550403068,FALSE,FALSE
"CA_ExN","binary_padj0.1","RARRES2",0.00143902725027466,NA,0.417291354322839,0.452774055841875,FALSE,FALSE
"CA_ExN","binary_padj0.1","CXCL8",0.00141773536806731,NA,0.315342328835582,0.369306264649702,FALSE,FALSE
"CA_ExN","binary_padj0.1","BDNF",0.00134015728777744,NA,0.371814092953523,0.413314214036357,FALSE,FALSE
"CA_ExN","binary_padj0.1","SCGB3A1",0.00114989922996709,NA,0.423788105947026,0.458199849766202,FALSE,FALSE
"CA_ExN","binary_padj0.1","SPX",0.00112637164003005,NA,0.419290354822589,0.454540428900594,FALSE,FALSE
"CA_ExN","binary_padj0.1","EXOC3-AS1",0.00112351593534132,NA,0.445777111444278,0.476506947224468,FALSE,FALSE
"CA_ExN","binary_padj0.1","ADAM17",0.00107879604798697,NA,0.272863568215892,0.33259489658156,FALSE,FALSE
"CA_ExN","binary_padj0.1","ANOS1",0.00104777751718822,NA,0.450274862568716,0.480476225301983,FALSE,FALSE
"CA_ExN","binary_padj0.1","PLAU",0.00101631677588811,NA,0.407796101949025,0.445231929489801,FALSE,FALSE
"CA_ExN","binary_padj0.1","WNT8A",0.000943840414542932,NA,0.341329335332334,0.389318841510344,FALSE,FALSE
"CA_ExN","binary_padj0.1","IL11",0.000935959394536387,NA,0.369815092453773,0.411465475255106,FALSE,FALSE
"CA_ExN","binary_padj0.1","TPSG1",0.000933110913202176,NA,0.435782108945527,0.46909761288073,FALSE,FALSE
"CA_ExN","binary_padj0.1","MFNG",0.000691461153578881,NA,0.452773613193403,0.482302327097321,FALSE,FALSE
"CA_ExN","binary_padj0.1","LILRA6",0.000667286014039856,NA,0.438280859570215,0.470546935121396,FALSE,FALSE
"CA_ExN","binary_padj0.1","CD34",0.000626632860452996,NA,0.480259870064968,0.509366528856784,FALSE,FALSE
"CA_ExN","binary_padj0.1","TNFSF4",0.000621936292768565,NA,0.448275862068966,0.478760183988215,FALSE,FALSE
"CA_ExN","binary_padj0.1","WNT6",0.000574943506981719,NA,0.365317341329335,0.408688349888983,FALSE,FALSE
"CA_ExN","binary_padj0.1","CCN3",0.00057359116840208,NA,0.444277861069465,0.475734597736097,FALSE,FALSE
"CA_ExN","binary_padj0.1","ADGRE5",0.000457894512448935,NA,0.471764117941029,0.50122380266935,FALSE,FALSE
"CA_ExN","binary_padj0.1","SPON1",0.000412364199618014,NA,0.464767616191904,0.494219036315176,TRUE,TRUE
"CA_ExN","binary_padj0.1","TGFB1",0.000333495418804039,NA,0.425787106446777,0.459280034564951,FALSE,FALSE
"CA_ExN","binary_padj0.1","IFNL1",0.000255342139831463,NA,0.415792103948026,0.452349313797808,FALSE,FALSE
"CA_ExN","binary_padj0.1","IL7",0.000219994139737008,NA,0.389805097451274,0.427877459119902,FALSE,FALSE
"CA_ExN","binary_padj0.1","IL23A",0.000177230757618083,NA,0.406296851574213,0.443990761086896,FALSE,FALSE
"CA_ExN","binary_padj0.1","WNT10B",0.000171176919481211,NA,0.349825087456272,0.396425284120197,FALSE,FALSE
"CA_ExN","binary_padj0.1","PROK2",0.00012684925403893,NA,0.191904047976012,0.306791048919984,FALSE,FALSE
"CA_ExN","binary_padj0.1","LTBP3",8.25326471922974e-05,NA,0.493753123438281,0.521420324320598,TRUE,FALSE
"CA_ExN","binary_padj0.1","WNT9B",6.32887096154781e-05,NA,0.347326336831584,0.394890599186042,FALSE,FALSE
"CA_ExN","binary_padj0.1","TGM2",-3.39548985583286e-06,NA,0.450774612693653,0.480590862097237,FALSE,FALSE
"CA_ExN","binary_padj0.1","WNT4",-7.90386572698039e-06,NA,0.380309845077461,0.420468917165966,FALSE,FALSE
"CA_ExN","binary_padj0.1","NTNG1",-3.47946305771516e-05,NA,0.489755122438781,0.518091558711145,FALSE,FALSE
"CA_ExN","binary_padj0.1","WNT8B",-0.000112307238424301,NA,0.36031984007996,0.404575439136527,FALSE,FALSE
"CA_ExN","binary_padj0.1","PI16",-0.000128354377325216,NA,0.509745127436282,0.534621387936169,FALSE,FALSE
"CA_ExN","binary_padj0.1","TPSAB1",-0.000349725453947092,NA,0.492753623188406,0.520813795000688,FALSE,FALSE
"CA_ExN","binary_padj0.1","WNT16",-0.000586433330783658,NA,0.3968015992004,0.435167376025506,FALSE,FALSE
"CA_ExN","binary_padj0.1","MMP15",-0.000693212891170825,NA,0.533733133433283,0.556445181664487,FALSE,FALSE
"CA_ExN","binary_padj0.1","CNMD",-0.000763770013466544,NA,0.543228385807096,0.563944722553977,FALSE,FALSE
"CA_ExN","binary_padj0.1","ESM1",-0.000781948352733309,NA,0.55272363818091,0.57089920469782,FALSE,FALSE
"CA_ExN","binary_padj0.1","LRP1B",-0.000822962811550495,NA,0.539230384807596,0.560744670109767,FALSE,FALSE
"CA_ExN","binary_padj0.1","PRRG4",-0.000935887561402624,NA,0.550724637681159,0.569314498868709,FALSE,FALSE
"CA_ExN","binary_padj0.1","IFNB1",-0.00103070660824156,NA,0.442778610694653,0.474544005337664,FALSE,FALSE
"CA_ExN","binary_padj0.1","CTHRC1",-0.00126344524141284,NA,0.561719140429785,0.578240291618896,FALSE,FALSE
"CA_ExN","binary_padj0.1","ACP4",-0.00127588063642507,NA,0.561219390304848,0.578211735175305,FALSE,FALSE
"CA_ExN","binary_padj0.1","NTNG2",-0.00128070893632657,NA,0.544227886056971,0.56450394616409,FALSE,FALSE
"CA_ExN","binary_padj0.1","PAPLN",-0.0012913187110373,NA,0.56071964017991,0.578183130656894,FALSE,FALSE
"CA_ExN","binary_padj0.1","LY86",-0.00129797711905559,NA,0.570214892553723,0.585509843569414,FALSE,FALSE
"CA_ExN","binary_padj0.1","GNRH1",-0.0013349125983347,NA,0.347826086956522,0.394890599186042,FALSE,FALSE
"CA_ExN","binary_padj0.1","HHLA2",-0.00145155872775116,NA,0.550224887556222,0.569278283155719,FALSE,FALSE
"CA_ExN","binary_padj0.1","EPO",-0.00156448328253991,NA,0.36231884057971,0.406075553257223,FALSE,FALSE
"CA_ExN","binary_padj0.1","CD40",-0.00167515489922625,NA,0.320339830084958,0.370781590336907,FALSE,FALSE
"CA_ExN","binary_padj0.1","GDF2",-0.00189204215509068,NA,0.523738130934533,0.546955848588919,FALSE,FALSE
"CA_ExN","binary_padj0.1","ITGAL",-0.00189226983751676,NA,0.453773113443278,0.482947058182464,FALSE,FALSE
"CA_ExN","binary_padj0.1","RET",-0.00205255654571005,NA,0.562218890554723,0.578268800108762,FALSE,FALSE
"CA_ExN","binary_padj0.1","WNT5A",-0.00208787587007771,NA,0.436281859070465,0.4692232461469,FALSE,FALSE
"CA_ExN","binary_padj0.1","TNFSF10",-0.00213687320572597,NA,0.367816091954023,0.409986089757669,FALSE,FALSE
"CA_ExN","binary_padj0.1","LTF",-0.00221580542864263,NA,0.508745627186407,0.534030328451884,FALSE,FALSE
"CA_ExN","binary_padj0.1","IGSF11",-0.00226178510380815,NA,0.604697651174413,0.6167815342953,FALSE,FALSE
"CA_ExN","binary_padj0.1","IL6",-0.002296744870505,NA,0.397301349325337,0.435325718178478,FALSE,FALSE
"CA_ExN","binary_padj0.1","CNTN5",-0.00245863150423471,NA,0.617191404297851,0.629001223182086,FALSE,FALSE
"CA_ExN","binary_padj0.1","CAMP",-0.00257941616363074,NA,0.521739130434783,0.545333135480042,FALSE,FALSE
"CA_ExN","binary_padj0.1","IGFL1",-0.00260063600239957,NA,0.47976011994003,0.509277423679841,FALSE,FALSE
"CA_ExN","binary_padj0.1","CNTF",-0.00260117535594745,NA,0.507746126936532,0.53343825514344,FALSE,FALSE
"CA_ExN","binary_padj0.1","CD226",-0.0026418143247542,NA,0.598200899550225,0.610663418290855,FALSE,FALSE
"CA_ExN","binary_padj0.1","IFNL3",-0.00273431314261976,NA,0.515242378810595,0.539924648454216,FALSE,FALSE
"CA_ExN","binary_padj0.1","LIF",-0.0028583392280647,NA,0.481259370314843,0.509985059373427,FALSE,FALSE
"CA_ExN","binary_padj0.1","IL18",-0.00304379404510691,NA,0.578710644677661,0.592247735781232,FALSE,FALSE
"CA_ExN","binary_padj0.1","CXCL1",-0.00315609320076686,NA,0.336831584207896,0.38526488389792,FALSE,FALSE
"CA_ExN","binary_padj0.1","IL12A",-0.00329059839355455,NA,0.519740129935032,0.543707650871405,FALSE,FALSE
"CA_ExN","binary_padj0.1","FGF8",-0.00335530332207774,NA,0.444777611194403,0.475853776168684,FALSE,FALSE
"CA_ExN","binary_padj0.1","RARRES1",-0.00347332175486249,NA,0.536231884057971,0.558574879227053,FALSE,FALSE
"CA_ExN","binary_padj0.1","IL33",-0.00354135079731226,NA,0.426286856571714,0.459280034564951,FALSE,FALSE
"CA_ExN","binary_padj0.1","TNFSF12",-0.0035729388733002,NA,0.494252873563218,0.521498510004257,FALSE,FALSE
"CA_ExN","binary_padj0.1","IL1A",-0.00372752754683502,NA,0.438780609695152,0.470670969243924,FALSE,FALSE
"CA_ExN","binary_padj0.1","TGFB2",-0.00375302756899655,NA,0.577711144427786,0.592214353074509,FALSE,FALSE
"CA_ExN","binary_padj0.1","CALR",-0.00393960658706384,NA,0.498250874562719,0.524812830042417,FALSE,FALSE
"CA_ExN","binary_padj0.1","FGF19",-0.00395735690253771,NA,0.421289355322339,0.456303678399527,FALSE,FALSE
"CA_ExN","binary_padj0.1","TAC1",-0.00397895753662794,NA,0.399800099950025,0.437672138014996,FALSE,FALSE
"CA_ExN","binary_padj0.1","IFNA1",-0.00398620979737843,NA,0.572213893053473,0.587070367663739,FALSE,FALSE
"CA_ExN","binary_padj0.1","HBEGF",-0.00420702564220001,NA,0.489755122438781,0.518091558711145,FALSE,FALSE
"CA_ExN","binary_padj0.1","CXCL12",-0.00466300782878792,NA,0.548225887056472,0.567689528017057,FALSE,FALSE
"CA_ExN","binary_padj0.1","ABCA1",-0.0046658524529958,NA,0.559720139930035,0.577638729076911,FALSE,FALSE
"CA_ExN","binary_padj0.1","SPARC",-0.0047101805807058,NA,0.495252373813093,0.522103406128261,FALSE,FALSE
"CA_ExN","binary_padj0.1","PTHLH",-0.00484107133958555,NA,0.584707646176912,0.59788553135786,FALSE,FALSE
"CA_ExN","binary_padj0.1","NTF3",-0.00495242116237861,NA,0.506746626686657,0.532845165400133,FALSE,FALSE
"CA_ExN","binary_padj0.1","TNFSF13B",-0.00505265676423509,NA,0.541229385307346,0.562346053436386,FALSE,FALSE
"CA_ExN","binary_padj0.1","WNT3A",-0.00507034107590024,NA,0.592203898050975,0.605045683997034,FALSE,FALSE
"CA_ExN","binary_padj0.1","NLGN1",-0.00519617647458028,NA,0.517241379310345,0.541556145004421,FALSE,FALSE
"CA_ExN","binary_padj0.1","APP",-0.00519732586538057,NA,0.568715642178911,0.584460286635206,FALSE,FALSE
"CA_ExN","binary_padj0.1","GDF11",-0.00527532761037452,NA,0.533233383308346,0.556397695530429,FALSE,FALSE
"CA_ExN","binary_padj0.1","TGFA",-0.00528430912475496,NA,0.545727136431784,0.565580154085394,FALSE,FALSE
"CA_ExN","binary_padj0.1","NRG1",-0.00532103123954313,NA,0.538230884557721,0.560180827173499,FALSE,FALSE
"CA_ExN","binary_padj0.1","CCL19",-0.00565240143296156,NA,0.503248375812094,0.529621357706027,FALSE,FALSE
"CA_ExN","binary_padj0.1","NPTX2",-0.00593812123211882,NA,0.755622188905547,0.762973126286939,FALSE,FALSE
"CA_ExN","binary_padj0.1","HGF",-0.00599827082566343,NA,0.660669665167416,0.672751737182116,FALSE,FALSE
"CA_ExN","binary_padj0.1","MFAP5",-0.00605026917286495,NA,0.740629685157421,0.749191878049415,FALSE,FALSE
"CA_ExN","binary_padj0.1","FGF10",-0.00615821082098441,NA,0.578210894552724,0.592231058383852,FALSE,FALSE
"CA_ExN","binary_padj0.1","EGF",-0.00644932488195334,NA,0.699650174912544,0.710672855943504,FALSE,FALSE
"CA_ExN","binary_padj0.1","NELL2",-0.00646234403242043,NA,0.753623188405797,0.761706605443153,FALSE,FALSE
"CA_ExN","binary_padj0.1","IL2",-0.00653542961403776,NA,0.728135932033983,0.737162410530272,FALSE,FALSE
"CA_ExN","binary_padj0.1","NGF",-0.00669626176449273,NA,0.661669165417291,0.67320990667457,FALSE,FALSE
"CA_ExN","binary_padj0.1","TGFB3",-0.0068113942845241,NA,0.777611194402799,0.783366540414003,FALSE,FALSE
"CA_ExN","binary_padj0.1","IL1B",-0.0069391692129936,NA,0.777611194402799,0.783366540414003,FALSE,FALSE
"CA_ExN","binary_padj0.1","INS",-0.00718470034321208,NA,0.783108445777111,0.788256241640889,FALSE,FALSE
"CA_ExN","binary_padj0.1","IGFL2",-0.00730374723018466,NA,0.794102948525737,0.798011576656299,FALSE,FALSE
"CA_ExN","binary_padj0.1","IGF1",-0.00757175483031401,NA,0.785107446276862,0.789619558037074,FALSE,FALSE
"CA_ExN","binary_padj0.1","LTB",-0.00766299988830193,NA,0.756121939030485,0.762973126286939,FALSE,FALSE
"CA_ExN","binary_padj0.1","AREG",-0.00775556381280384,NA,0.662668665667166,0.673667315719733,FALSE,FALSE
"CA_ExN","binary_padj0.1","IGF2",-0.00781380030525757,NA,0.719640179910045,0.729767566547852,FALSE,FALSE
"CA_ExN","binary_padj0.1","ELFN1",-0.00787350336995389,NA,0.822088955522239,0.824782121633696,FALSE,FALSE
"CA_ExN","binary_padj0.1","IL3",-0.00811119111907774,NA,0.795102448775612,0.798361065368955,FALSE,FALSE
"CA_ExN","binary_padj0.1","CCL28",-0.00851242366373695,NA,0.711644177911045,0.722256932842609,FALSE,FALSE
"CA_ExN","binary_padj0.1","CD274",-0.00875831186526878,NA,0.72263868065967,0.732202137144827,FALSE,FALSE
"CA_ExN","binary_padj0.1","MMRN2",-0.00967781088514037,NA,0.871064467766117,0.873202923906296,FALSE,FALSE
"CA_ExN","binary_padj0.1","IFNG",-0.0102929927126071,NA,0.912543728135932,0.913289270397481,FALSE,FALSE
"CA_ExN","binary_padj0.1","IL25",-0.0108277265971993,NA,0.894052973513243,0.895515038882848,FALSE,FALSE
"CA_ExN","binary_padj0.1","IL5",-0.0125744814761766,NA,0.92103948025987,0.92103948025987,FALSE,FALSE
"CA_ExN","binary_padj0.1","IGFL3",NA,NA,NA,NA,FALSE,FALSE
"CA_ExN","continuous_lfc","IL2",0.0280753140917737,NA,0.00299850074962519,1,FALSE,FALSE
"CA_ExN","continuous_lfc","CXCL8",0.0199679308222645,NA,0.0139930034982509,1,FALSE,FALSE
"CA_ExN","continuous_lfc","NTF3",0.019239100254409,NA,0.0149925037481259,1,FALSE,FALSE
"CA_ExN","continuous_lfc","IFNL1",0.0187327510361946,NA,0.0179910044977511,1,FALSE,FALSE
"CA_ExN","continuous_lfc","IFNG",0.0164614987566444,NA,0.0289855072463768,1,FALSE,FALSE
"CA_ExN","continuous_lfc","IL27",0.0159018959982278,NA,0.039480259870065,1,FALSE,FALSE
"CA_ExN","continuous_lfc","IL17A",0.0145426012824707,NA,0.0539730134932534,1,FALSE,FALSE
"CA_ExN","continuous_lfc","NGF",0.0142811447569171,NA,0.0584707646176912,1,FALSE,FALSE
"CA_ExN","continuous_lfc","IFNA1",0.0142214502161381,NA,0.0529735132433783,1,FALSE,FALSE
"CA_ExN","continuous_lfc","IL1A",0.0140619141549717,NA,0.0499750124937531,1,FALSE,FALSE
"CA_ExN","continuous_lfc","AREG",0.0140052812627464,NA,0.0529735132433783,1,FALSE,FALSE
"CA_ExN","continuous_lfc","PDGFD",0.0138838642415321,NA,0.055472263868066,1,FALSE,FALSE
"CA_ExN","continuous_lfc","CSF2",0.0135366030207931,NA,0.0579710144927536,1,FALSE,FALSE
"CA_ExN","continuous_lfc","GDNF",0.00895765356779981,NA,0.150924537731134,1,FALSE,FALSE
"CA_ExN","continuous_lfc","CCL28",0.0083503173464836,NA,0.178410794602699,1,FALSE,FALSE
"CA_ExN","continuous_lfc","HBEGF",0.00803729999155314,NA,0.190404797601199,1,FALSE,FALSE
"CA_ExN","continuous_lfc","IL4",0.00782191514659911,NA,0.181909045477261,1,FALSE,FALSE
"CA_ExN","continuous_lfc","HGF",0.00776145119566207,NA,0.180909545227386,1,FALSE,FALSE
"CA_ExN","continuous_lfc","SLITRK3",0.00758069091877996,NA,0.210894552723638,1,FALSE,FALSE
"CA_ExN","continuous_lfc","TSLP",0.00735299155735229,NA,0.199900049975012,1,FALSE,FALSE
"CA_ExN","continuous_lfc","IL1B",0.00719431279998666,NA,0.208895552223888,1,FALSE,FALSE
"CA_ExN","continuous_lfc","NRG1",0.00704750644492676,NA,0.224887556221889,1,FALSE,FALSE
"CA_ExN","continuous_lfc","EGF",0.00673459449916228,NA,0.204897551224388,1,FALSE,FALSE
"CA_ExN","continuous_lfc","IL26",0.00647489721313606,NA,0.237381309345327,1,FALSE,FALSE
"CA_ExN","continuous_lfc","TGFB3",0.00641811781283758,NA,0.232383808095952,1,FALSE,FALSE
"CA_ExN","continuous_lfc","IFNB1",0.00620573820465256,NA,0.247376311844078,1,FALSE,FALSE
"CA_ExN","continuous_lfc","WNT3A",0.00595895530240239,NA,0.243878060969515,1,FALSE,FALSE
"CA_ExN","continuous_lfc","IL15",0.0054502656039638,NA,0.27336331834083,1,TRUE,TRUE
"CA_ExN","continuous_lfc","IFNL3",0.00521613375573105,NA,0.281859070464768,1,FALSE,FALSE
"CA_ExN","continuous_lfc","CD40",0.0051126168768911,NA,0.289855072463768,1,FALSE,FALSE
"CA_ExN","continuous_lfc","APP",0.00442913177549993,NA,0.292353823088456,1,FALSE,FALSE
"CA_ExN","continuous_lfc","CXCL12",0.00357920800598607,NA,0.35832083958021,1,FALSE,FALSE
"CA_ExN","continuous_lfc","THPO",0.00341318135836122,NA,0.349825087456272,1,FALSE,FALSE
"CA_ExN","continuous_lfc","PLAU",0.00336378302609625,NA,0.35632183908046,1,FALSE,FALSE
"CA_ExN","continuous_lfc","TGFA",0.00334223519004392,NA,0.350824587706147,1,FALSE,FALSE
"CA_ExN","continuous_lfc","GNRH1",0.00294641159176523,NA,0.381809095452274,1,FALSE,FALSE
"CA_ExN","continuous_lfc","MSMP",0.00269987310896951,NA,0.4007996001999,1,FALSE,FALSE
"CA_ExN","continuous_lfc","IL5",0.0019828343486599,NA,0.407296351824088,1,FALSE,FALSE
"CA_ExN","continuous_lfc","EBI3",0.00164315841312421,NA,0.449275362318841,1,FALSE,FALSE
"CA_ExN","continuous_lfc","CD274",0.000892765888109733,NA,0.448775612193903,1,FALSE,FALSE
"CA_ExN","continuous_lfc","IL12A",0.000855526003538937,NA,0.476761619190405,1,FALSE,FALSE
"CA_ExN","continuous_lfc","TAC1",0.000681978944991544,NA,0.458270864567716,1,FALSE,FALSE
"CA_ExN","continuous_lfc","GH2",0.000469306921098555,NA,0.507246376811594,1,FALSE,FALSE
"CA_ExN","continuous_lfc","IL37",-0.00016662359715752,NA,0.534232883558221,1,FALSE,FALSE
"CA_ExN","continuous_lfc","IL32",-0.00026743659092101,NA,0.521739130434783,1,FALSE,FALSE
"CA_ExN","continuous_lfc","IL13",-0.000430104269624801,NA,0.543228385807096,1,FALSE,FALSE
"CA_ExN","continuous_lfc","VEGFA",-0.000509714566550807,NA,0.521739130434783,1,FALSE,FALSE
"CA_ExN","continuous_lfc","TNFSF10",-0.000841770748393677,NA,0.540229885057471,1,FALSE,FALSE
"CA_ExN","continuous_lfc","IL6",-0.00094440517994575,NA,0.558220889555222,1,FALSE,FALSE
"CA_ExN","continuous_lfc","LIF",-0.000987894919597052,NA,0.549225387306347,1,FALSE,FALSE
"CA_ExN","continuous_lfc","IL7",-0.00110249007796829,NA,0.537231384307846,1,FALSE,FALSE
"CA_ExN","continuous_lfc","CX3CL1",-0.00113588510800937,NA,0.547726136931534,1,FALSE,FALSE
"CA_ExN","continuous_lfc","IFNL2",-0.00129790914422398,NA,0.574212893553223,1,FALSE,FALSE
"CA_ExN","continuous_lfc","CSH1",-0.0018301898505095,NA,0.586206896551724,1,FALSE,FALSE
"CA_ExN","continuous_lfc","TNFSF9",-0.00186318607160778,NA,0.580209895052474,1,FALSE,FALSE
"CA_ExN","continuous_lfc","C5",-0.00196061986558077,NA,0.599700149925038,1,FALSE,FALSE
"CA_ExN","continuous_lfc","IL21",-0.0021033024164524,NA,0.608195902048976,1,FALSE,FALSE
"CA_ExN","continuous_lfc","TNFSF11",-0.00213554592685177,NA,0.602198900549725,1,FALSE,FALSE
"CA_ExN","continuous_lfc","CFC1",-0.00270311418652674,NA,0.626186906546727,1,FALSE,FALSE
"CA_ExN","continuous_lfc","GDF2",-0.00309763034163069,NA,0.64567716141929,1,FALSE,FALSE
"CA_ExN","continuous_lfc","FGF7",-0.00316627008967831,NA,0.643178410794603,1,FALSE,FALSE
"CA_ExN","continuous_lfc","DSCAML1",-0.00395194203778506,NA,0.668165917041479,1,FALSE,FALSE
"CA_ExN","continuous_lfc","IL22",-0.00409176671423501,NA,0.666666666666667,1,FALSE,FALSE
"CA_ExN","continuous_lfc","IL10",-0.00411598024510748,NA,0.672663668165917,1,FALSE,FALSE
"CA_ExN","continuous_lfc","AGT",-0.00474262853077519,NA,0.707646176911544,1,FALSE,FALSE
"CA_ExN","continuous_lfc","CSF3",-0.00506932053141911,NA,0.713643178410795,1,FALSE,FALSE
"CA_ExN","continuous_lfc","EPO",-0.00528204278995247,NA,0.734132933533233,1,FALSE,FALSE
"CA_ExN","continuous_lfc","IL33",-0.00537616126519013,NA,0.733133433283358,1,FALSE,FALSE
"CA_ExN","continuous_lfc","TNFSF4",-0.00538523695209826,NA,0.735632183908046,1,FALSE,FALSE
"CA_ExN","continuous_lfc","GAST",-0.00544654386313924,NA,0.739630184907546,1,FALSE,FALSE
"CA_ExN","continuous_lfc","CCL19",-0.00574393536815354,NA,0.746626686656672,1,FALSE,FALSE
"CA_ExN","continuous_lfc","TRH",-0.0057809581830339,NA,0.756621689155422,1,FALSE,FALSE
"CA_ExN","continuous_lfc","CAMP",-0.00580170345246582,NA,0.762118940529735,1,FALSE,FALSE
"CA_ExN","continuous_lfc","ADM",-0.00580973070036346,NA,0.749625187406297,1,FALSE,FALSE
"CA_ExN","continuous_lfc","MST1",-0.00605290062168524,NA,0.76711644177911,1,FALSE,FALSE
"CA_ExN","continuous_lfc","CSF1",-0.00666332855737382,NA,0.781109445277361,1,FALSE,FALSE
"CA_ExN","continuous_lfc","CSH2",-0.00684404007793009,NA,0.782108945527236,1,FALSE,FALSE
"CA_ExN","continuous_lfc","IL23A",-0.00713015132980161,NA,0.799100449775112,1,FALSE,FALSE
"CA_ExN","continuous_lfc","IFNL4",-0.00733504058676927,NA,0.796601699150425,1,FALSE,FALSE
"CA_ExN","continuous_lfc","IL18",-0.00746355018003609,NA,0.806096951524238,1,FALSE,FALSE
"CA_ExN","continuous_lfc","FGF1",-0.00771359903121811,NA,0.803098450774613,1,FALSE,FALSE
"CA_ExN","continuous_lfc","APLN",-0.00800855464375177,NA,0.821089455272364,1,FALSE,FALSE
"CA_ExN","continuous_lfc","GH1",-0.00808680191497122,NA,0.812593703148426,1,FALSE,FALSE
"CA_ExN","continuous_lfc","FGF10",-0.00816875565917278,NA,0.818090954522739,1,FALSE,FALSE
"CA_ExN","continuous_lfc","ADAM17",-0.00829198867716018,NA,0.831584207896052,1,FALSE,FALSE
"CA_ExN","continuous_lfc","WNT6",-0.00857985369232649,NA,0.829085457271364,1,FALSE,FALSE
"CA_ExN","continuous_lfc","PTH",-0.00863248395148892,NA,0.837581209395302,1,FALSE,FALSE
"CA_ExN","continuous_lfc","CCL2",-0.00869001893653994,NA,0.84407796101949,1,FALSE,FALSE
"CA_ExN","continuous_lfc","TEX101",-0.00870921986329224,NA,0.844577711144428,1,FALSE,FALSE
"CA_ExN","continuous_lfc","CALR",-0.00878674443641186,NA,0.844577711144428,1,FALSE,FALSE
"CA_ExN","continuous_lfc","IL12B",-0.00882767921164754,NA,0.839580209895052,1,FALSE,FALSE
"CA_ExN","continuous_lfc","WNT10B",-0.00904731224072149,NA,0.852073963018491,1,FALSE,FALSE
"CA_ExN","continuous_lfc","FST",-0.00906097823511838,NA,0.843578210894553,1,FALSE,FALSE
"CA_ExN","continuous_lfc","FGF23",-0.00917658805987928,NA,0.861569215392304,1,FALSE,FALSE
"CA_ExN","continuous_lfc","ADCYAP1",-0.00921652639258664,NA,0.84407796101949,1,FALSE,FALSE
"CA_ExN","continuous_lfc","IGF1",-0.00928620613393932,NA,0.859070464767616,1,FALSE,FALSE
"CA_ExN","continuous_lfc","IFNA16",-0.00953008209807014,NA,0.858570714642679,1,FALSE,FALSE
"CA_ExN","continuous_lfc","NMU",-0.00960580923527575,NA,0.863568215892054,1,FALSE,FALSE
"CA_ExN","continuous_lfc","CD40LG",-0.00962017736942567,NA,0.864567716141929,1,FALSE,FALSE
"CA_ExN","continuous_lfc","CLCF1",-0.00985474090646522,NA,0.868565717141429,1,FALSE,FALSE
"CA_ExN","continuous_lfc","CCK",-0.00985984022200303,NA,0.874062968515742,1,FALSE,FALSE
"CA_ExN","continuous_lfc","WNT9B",-0.0102873373200779,NA,0.870564717641179,1,FALSE,FALSE
"CA_ExN","continuous_lfc","FGF4",-0.0105500521970061,NA,0.881559220389805,1,FALSE,FALSE
"CA_ExN","continuous_lfc","IL24",-0.0107004167568212,NA,0.887056471764118,1,FALSE,FALSE
"CA_ExN","continuous_lfc","NODAL",-0.0108926702162779,NA,0.894552723638181,1,FALSE,FALSE
"CA_ExN","continuous_lfc","EPCAM",-0.0110067616987248,NA,0.905547226386807,1,FALSE,FALSE
"CA_ExN","continuous_lfc","INS",-0.0110274182965676,NA,0.893053473263368,1,FALSE,FALSE
"CA_ExN","continuous_lfc","PGF",-0.0113543973044378,NA,0.904547726136932,1,FALSE,FALSE
"CA_ExN","continuous_lfc","PLG",-0.0114623551584173,NA,0.903548225887057,1,FALSE,FALSE
"CA_ExN","continuous_lfc","OSM",-0.0115734827287508,NA,0.890054972513743,1,FALSE,FALSE
"CA_ExN","continuous_lfc","BTC",-0.0117433757978921,NA,0.904047976011994,1,FALSE,FALSE
"CA_ExN","continuous_lfc","IL9",-0.0117953133011388,NA,0.914042978510745,1,FALSE,FALSE
"CA_ExN","continuous_lfc","NXPH2",-0.0118161565880589,NA,0.904047976011994,1,FALSE,FALSE
"CA_ExN","continuous_lfc","FURIN",-0.0118395947560252,NA,0.910544727636182,1,FALSE,FALSE
"CA_ExN","continuous_lfc","PDGFC",-0.011843030322253,NA,0.903548225887057,1,FALSE,FALSE
"CA_ExN","continuous_lfc","ITGAL",-0.0118625871417433,NA,0.913543228385807,1,FALSE,FALSE
"CA_ExN","continuous_lfc","BDNF",-0.011875448111212,NA,0.902048975512244,1,FALSE,FALSE
"CA_ExN","continuous_lfc","IL20",-0.0120465218753891,NA,0.906046976511744,1,FALSE,FALSE
"CA_ExN","continuous_lfc","IGF2",-0.012106643611209,NA,0.91504247876062,1,FALSE,FALSE
"CA_ExN","continuous_lfc","ST6GAL1",-0.0121879986371271,NA,0.921539230384808,1,FALSE,FALSE
"CA_ExN","continuous_lfc","DSCAM",-0.0122015717408543,NA,0.919540229885057,1,FALSE,FALSE
"CA_ExN","continuous_lfc","WNT8B",-0.012263981563704,NA,0.914542728635682,1,FALSE,FALSE
"CA_ExN","continuous_lfc","LRRC4",-0.0122649654252272,NA,0.922538730634683,1,FALSE,FALSE
"CA_ExN","continuous_lfc","FGF2",-0.0122687327659404,NA,0.918040979510245,1,FALSE,FALSE
"CA_ExN","continuous_lfc","EDN1",-0.0123442138081472,NA,0.925537231384308,1,FALSE,FALSE
"CA_ExN","continuous_lfc","BMP3",-0.0124096782755517,NA,0.928035982008996,1,FALSE,FALSE
"CA_ExN","continuous_lfc","WNT3",-0.0124143464639913,NA,0.910544727636182,1,FALSE,FALSE
"CA_ExN","continuous_lfc","WNT5B",-0.0124489539671078,NA,0.922038980509745,1,FALSE,FALSE
"CA_ExN","continuous_lfc","WNT10A",-0.0125282007824537,NA,0.91504247876062,1,FALSE,FALSE
"CA_ExN","continuous_lfc","PTHLH",-0.0125358314934166,NA,0.929535232383808,1,FALSE,FALSE
"CA_ExN","continuous_lfc","WNT9A",-0.0126308491261601,NA,0.916041979010495,1,FALSE,FALSE
"CA_ExN","continuous_lfc","TNF",-0.0126399136826879,NA,0.923538230884558,1,FALSE,FALSE
"CA_ExN","continuous_lfc","MYOC",-0.0126418437922217,NA,0.918040979510245,1,FALSE,FALSE
"CA_ExN","continuous_lfc","SLURP1",-0.0126744924235755,NA,0.924037981009495,1,FALSE,FALSE
"CA_ExN","continuous_lfc","WNT7B",-0.0127620628064356,NA,0.92103948025987,1,FALSE,FALSE
"CA_ExN","continuous_lfc","CD24",-0.0128164845216358,NA,0.933533233383308,1,FALSE,FALSE
"CA_ExN","continuous_lfc","WNT16",-0.0129927790468045,NA,0.924537731134433,1,FALSE,FALSE
"CA_ExN","continuous_lfc","COL26A1",-0.0130316402099483,NA,0.934032983508246,1,FALSE,FALSE
"CA_ExN","continuous_lfc","IL3",-0.0130476468400004,NA,0.945527236381809,1,FALSE,FALSE
"CA_ExN","continuous_lfc","VEGFC",-0.0132104633546867,NA,0.928535732133933,1,FALSE,FALSE
"CA_ExN","continuous_lfc","CRH",-0.0132303670808948,NA,0.930034982508746,1,FALSE,FALSE
"CA_ExN","continuous_lfc","NLGN1",-0.0132433796689691,NA,0.938030984507746,1,FALSE,FALSE
"CA_ExN","continuous_lfc","LTB",-0.0134352855233219,NA,0.934032983508246,1,FALSE,FALSE
"CA_ExN","continuous_lfc","GHRL",-0.0135073359364536,NA,0.930534732633683,1,FALSE,FALSE
"CA_ExN","continuous_lfc","CLDN1",-0.0135997386503242,NA,0.936531734132934,1,FALSE,FALSE
"CA_ExN","continuous_lfc","PRL",-0.0136799830653884,NA,0.949025487256372,1,FALSE,FALSE
"CA_ExN","continuous_lfc","GDF5",-0.0137099282498766,NA,0.934532733633183,1,FALSE,FALSE
"CA_ExN","continuous_lfc","IL36G",-0.0137199957865444,NA,0.932033983008496,1,FALSE,FALSE
"CA_ExN","continuous_lfc","GDF1",-0.0137941989751145,NA,0.951524237881059,1,FALSE,FALSE
"CA_ExN","continuous_lfc","RET",-0.0137982573573565,NA,0.941529235382309,1,FALSE,FALSE
"CA_ExN","continuous_lfc","IL36A",-0.0138105950443392,NA,0.941029485257371,1,FALSE,FALSE
"CA_ExN","continuous_lfc","IGFL1",-0.0138853865029734,NA,0.941529235382309,1,FALSE,FALSE
"CA_ExN","continuous_lfc","APOD",-0.0140726402597281,NA,0.944527736131934,1,TRUE,TRUE
"CA_ExN","continuous_lfc","FGF19",-0.0141066838268284,NA,0.954022988505747,1,FALSE,FALSE
"CA_ExN","continuous_lfc","DBH",-0.0142328009296679,NA,0.948525737131434,1,FALSE,FALSE
"CA_ExN","continuous_lfc","CSHL1",-0.0143430599458753,NA,0.951024487756122,1,FALSE,FALSE
"CA_ExN","continuous_lfc","GCG",-0.0143763497783019,NA,0.956521739130435,1,FALSE,FALSE
"CA_ExN","continuous_lfc","WNT7A",-0.0144496832211711,NA,0.947026486756622,1,FALSE,FALSE
"CA_ExN","continuous_lfc","MIF",-0.0144901782508657,NA,0.955022488755622,1,FALSE,FALSE
"CA_ExN","continuous_lfc","IFNE",-0.0146243747832169,NA,0.954022988505747,1,FALSE,FALSE
"CA_ExN","continuous_lfc","IFNK",-0.0146484767634109,NA,0.957021489255372,1,FALSE,FALSE
"CA_ExN","continuous_lfc","IFNA13",-0.0147430885096874,NA,0.955022488755622,1,FALSE,FALSE
"CA_ExN","continuous_lfc","PROK2",-0.0147435988626032,NA,0.957021489255372,1,FALSE,FALSE
"CA_ExN","continuous_lfc","INHBB",-0.0151555242922516,NA,0.963018490754623,1,FALSE,FALSE
"CA_ExN","continuous_lfc","GRP",-0.0152480652003099,NA,0.952523738130934,1,FALSE,FALSE
"CA_ExN","continuous_lfc","HLA-DQB1",-0.0152689755409421,NA,0.959020489755122,1,FALSE,FALSE
"CA_ExN","continuous_lfc","INSL5",-0.0152824067412475,NA,0.956021989005497,1,FALSE,FALSE
"CA_ExN","continuous_lfc","IFNW1",-0.0152978871597149,NA,0.95952023988006,1,FALSE,FALSE
"CA_ExN","continuous_lfc","WNT8A",-0.0153754630642517,NA,0.954022988505747,1,FALSE,FALSE
"CA_ExN","continuous_lfc","GNRH2",-0.0154761043292895,NA,0.954022988505747,1,FALSE,FALSE
"CA_ExN","continuous_lfc","BMP2",-0.015507547944353,NA,0.961019490254873,1,FALSE,FALSE
"CA_ExN","continuous_lfc","CRP",-0.0155624890640301,NA,0.95552223888056,1,FALSE,FALSE
"CA_ExN","continuous_lfc","EFNA5",-0.0156295747468276,NA,0.954522738630685,1,FALSE,FALSE
"CA_ExN","continuous_lfc","PROK1",-0.015843454487805,NA,0.964017991004498,1,FALSE,FALSE
"CA_ExN","continuous_lfc","PSAP",-0.0158441827648678,NA,0.962518740629685,1,FALSE,FALSE
"CA_ExN","continuous_lfc","LPA",-0.0159398366831437,NA,0.964517741129435,1,FALSE,FALSE
"CA_ExN","continuous_lfc","ICAM2",-0.0159922217519635,NA,0.96751624187906,1,FALSE,FALSE
"CA_ExN","continuous_lfc","TNFSF13B",-0.0160840224517878,NA,0.964517741129435,1,FALSE,FALSE
"CA_ExN","continuous_lfc","LRTM2",-0.0161227040386277,NA,0.96551724137931,1,FALSE,FALSE
"CA_ExN","continuous_lfc","NELL2",-0.0161245802963675,NA,0.96751624187906,1,FALSE,FALSE
"CA_ExN","continuous_lfc","PCDHGB6",-0.0161566341950099,NA,0.963018490754623,1,FALSE,FALSE
"CA_ExN","continuous_lfc","IL31",-0.0161672176474303,NA,0.968515742128936,1,FALSE,FALSE
"CA_ExN","continuous_lfc","TPO",-0.0162267387230386,NA,0.970514742628686,1,FALSE,FALSE
"CA_ExN","continuous_lfc","LTA",-0.0162616451187985,NA,0.971014492753623,1,FALSE,FALSE
"CA_ExN","continuous_lfc","KISS1",-0.0162827768342001,NA,0.963018490754623,1,FALSE,FALSE
"CA_ExN","continuous_lfc","INHBA",-0.0162968736306198,NA,0.971014492753623,1,FALSE,FALSE
"CA_ExN","continuous_lfc","WNT2B",-0.0163232808476972,NA,0.964517741129435,1,FALSE,FALSE
"CA_ExN","continuous_lfc","ARTN",-0.0163651955364531,NA,0.968515742128936,1,FALSE,FALSE
"CA_ExN","continuous_lfc","PTPRC",-0.0164872293886371,NA,0.971514242878561,1,FALSE,FALSE
"CA_ExN","continuous_lfc","ENHO",-0.0165349039216915,NA,0.973013493253373,1,FALSE,FALSE
"CA_ExN","continuous_lfc","WNT4",-0.0165386768986926,NA,0.969015492253873,1,FALSE,FALSE
"CA_ExN","continuous_lfc","KITLG",-0.0165744301286345,NA,0.975012493753123,1,TRUE,TRUE
"CA_ExN","continuous_lfc","JAG1",-0.0166437170056523,NA,0.966016991504248,1,FALSE,FALSE
"CA_ExN","continuous_lfc","WNT2",-0.0167316378171565,NA,0.966516741629185,1,FALSE,FALSE
"CA_ExN","continuous_lfc","IFNA5",-0.0167589081442823,NA,0.970514742628686,1,FALSE,FALSE
"CA_ExN","continuous_lfc","IL36B",-0.0168919919551245,NA,0.970014992503748,1,FALSE,FALSE
"CA_ExN","continuous_lfc","HLA-DQB2",-0.0169932092148114,NA,0.970514742628686,1,FALSE,FALSE
"CA_ExN","continuous_lfc","POMC",-0.0170141142296609,NA,0.971514242878561,1,FALSE,FALSE
"CA_ExN","continuous_lfc","SST",-0.0172030691757028,NA,0.970514742628686,1,FALSE,FALSE
"CA_ExN","continuous_lfc","IGFL2",-0.0172675354613077,NA,0.968015992003998,1,FALSE,FALSE
"CA_ExN","continuous_lfc","CMTM8",-0.0173441547894018,NA,0.972013993003498,1,FALSE,FALSE
"CA_ExN","continuous_lfc","DKK3",-0.0174539061210951,NA,0.973513243378311,1,FALSE,FALSE
"CA_ExN","continuous_lfc","SPX",-0.017644054331327,NA,0.980009995002499,1,FALSE,FALSE
"CA_ExN","continuous_lfc","PRNP",-0.0177458562379944,NA,0.977011494252874,1,FALSE,FALSE
"CA_ExN","continuous_lfc","GAL",-0.0177583008892195,NA,0.976011994002999,1,FALSE,FALSE
"CA_ExN","continuous_lfc","IL19",-0.0177589307724132,NA,0.970014992503748,1,FALSE,FALSE
"CA_ExN","continuous_lfc","IFNA4",-0.0177719149156065,NA,0.982508745627186,1,FALSE,FALSE
"CA_ExN","continuous_lfc","TNFSF18",-0.0178566575743071,NA,0.983008495752124,1,FALSE,FALSE
"CA_ExN","continuous_lfc","WNT11",-0.0179231711016685,NA,0.977011494252874,1,FALSE,FALSE
"CA_ExN","continuous_lfc","ANGPT2",-0.0179482699630111,NA,0.982008995502249,1,FALSE,FALSE
"CA_ExN","continuous_lfc","CALM2",-0.017968976330926,NA,0.980009995002499,1,FALSE,FALSE
"CA_ExN","continuous_lfc","IFNA21",-0.0180210464674299,NA,0.983008495752124,1,FALSE,FALSE
"CA_ExN","continuous_lfc","CD28",-0.0181907880961274,NA,0.977511244377811,1,FALSE,FALSE
"CA_ExN","continuous_lfc","LTF",-0.0183736737547367,NA,0.985007496251874,1,FALSE,FALSE
"CA_ExN","continuous_lfc","CNTN2",-0.0184108940349229,NA,0.983008495752124,1,FALSE,FALSE
"CA_ExN","continuous_lfc","VIP",-0.0184159151677556,NA,0.978010994502749,1,FALSE,FALSE
"CA_ExN","continuous_lfc","WNT5A",-0.0184516136258649,NA,0.983008495752124,1,FALSE,FALSE
"CA_ExN","continuous_lfc","WNT1",-0.0185020319853501,NA,0.980009995002499,1,FALSE,FALSE
"CA_ExN","continuous_lfc","ALKAL2",-0.0185086565493321,NA,0.982508745627186,1,FALSE,FALSE
"CA_ExN","continuous_lfc","TYROBP",-0.0185328003889257,NA,0.978010994502749,1,FALSE,FALSE
"CA_ExN","continuous_lfc","CXCL1",-0.0186227270109637,NA,0.987006496751624,1,FALSE,FALSE
"CA_ExN","continuous_lfc","SFTPD",-0.0187895972999626,NA,0.981509245377311,1,FALSE,FALSE
"CA_ExN","continuous_lfc","BMP8A",-0.0189429777652973,NA,0.987506246876562,1,FALSE,FALSE
"CA_ExN","continuous_lfc","CALCA",-0.0191113665349896,NA,0.976011994002999,1,FALSE,FALSE
"CA_ExN","continuous_lfc","RARRES1",-0.019196303408903,NA,0.986506746626687,1,FALSE,FALSE
"CA_ExN","continuous_lfc","FGF8",-0.019328916967074,NA,0.982008995502249,1,FALSE,FALSE
"CA_ExN","continuous_lfc","MMRN2",-0.0194173012397379,NA,0.990004997501249,1,FALSE,FALSE
"CA_ExN","continuous_lfc","TGM2",-0.0194814339969168,NA,0.986506746626687,1,FALSE,FALSE
"CA_ExN","continuous_lfc","CD14",-0.0196489379044973,NA,0.987006496751624,1,FALSE,FALSE
"CA_ExN","continuous_lfc","CD70",-0.0196765154117787,NA,0.989005497251374,1,FALSE,FALSE
"CA_ExN","continuous_lfc","BMP6",-0.0196770851503993,NA,0.986506746626687,1,FALSE,FALSE
"CA_ExN","continuous_lfc","GHRH",-0.0196802127578322,NA,0.983008495752124,1,FALSE,FALSE
"CA_ExN","continuous_lfc","SNX14",-0.0196882080297574,NA,0.984507746126936,1,FALSE,FALSE
"CA_ExN","continuous_lfc","IL11",-0.0197347883946233,NA,0.985507246376812,1,FALSE,FALSE
"CA_ExN","continuous_lfc","GDF7",-0.0197444081105787,NA,0.989505247376312,1,FALSE,FALSE
"CA_ExN","continuous_lfc","IFNA7",-0.0197955113457084,NA,0.988505747126437,1,FALSE,FALSE
"CA_ExN","continuous_lfc","NTNG1",-0.0198250020869766,NA,0.987506246876562,1,FALSE,FALSE
"CA_ExN","continuous_lfc","TNFSF12",-0.0199587244433566,NA,0.987506246876562,1,FALSE,FALSE
"CA_ExN","continuous_lfc","ADIPOQ",-0.0199862538734379,NA,0.986006996501749,1,FALSE,FALSE
"CA_ExN","continuous_lfc","TAFA4",-0.0200911660750028,NA,0.991004497751124,1,FALSE,FALSE
"CA_ExN","continuous_lfc","HLA-DRA",-0.0201458167418773,NA,0.990504747626187,1,FALSE,FALSE
"CA_ExN","continuous_lfc","IFNA14",-0.0201935671976686,NA,0.990004997501249,1,FALSE,FALSE
"CA_ExN","continuous_lfc","IL17C",-0.0202292476176753,NA,0.987006496751624,1,FALSE,FALSE
"CA_ExN","continuous_lfc","ALKAL1",-0.0204161870540664,NA,0.989505247376312,1,FALSE,FALSE
"CA_ExN","continuous_lfc","VSIR",-0.0204248285620724,NA,0.992503748125937,1,FALSE,FALSE
"CA_ExN","continuous_lfc","NOG",-0.0204283417233213,NA,0.988005997001499,1,FALSE,FALSE
"CA_ExN","continuous_lfc","IFNA2",-0.0207317854582955,NA,0.990004997501249,1,FALSE,FALSE
"CA_ExN","continuous_lfc","KNG1",-0.0207971608301139,NA,0.987506246876562,1,FALSE,FALSE
"CA_ExN","continuous_lfc","ANGPTL4",-0.0208576688747777,NA,0.988505747126437,1,FALSE,FALSE
"CA_ExN","continuous_lfc","EPHA4",-0.0209039921560349,NA,0.989005497251374,1,FALSE,FALSE
"CA_ExN","continuous_lfc","LEAP2",-0.0211604848236998,NA,0.986006996501749,1,FALSE,FALSE
"CA_ExN","continuous_lfc","SIGLEC6",-0.0212260541246635,NA,0.989505247376312,1,FALSE,FALSE
"CA_ExN","continuous_lfc","AGRN",-0.0212450866548445,NA,0.989005497251374,1,FALSE,FALSE
"CA_ExN","continuous_lfc","DCN",-0.0212861134140942,NA,0.989505247376312,1,FALSE,FALSE
"CA_ExN","continuous_lfc","AVP",-0.0212894011720526,NA,0.986506746626687,1,FALSE,FALSE
"CA_ExN","continuous_lfc","IFNA17",-0.0214018263981017,NA,0.989505247376312,1,FALSE,FALSE
"CA_ExN","continuous_lfc","ESM1",-0.021409780353862,NA,0.992503748125937,1,FALSE,FALSE
"CA_ExN","continuous_lfc","INHA",-0.0215718823422286,NA,0.993003498250875,1,FALSE,FALSE
"CA_ExN","continuous_lfc","CALM1",-0.0216580240430404,NA,0.993503248375812,1,FALSE,FALSE
"CA_ExN","continuous_lfc","CDH6",-0.0217316970846207,NA,0.991004497751124,1,FALSE,FALSE
"CA_ExN","continuous_lfc","CCL11",-0.0218443193538846,NA,0.994502748625687,1,FALSE,FALSE
"CA_ExN","continuous_lfc","UCN3",-0.0219031897644681,NA,0.989005497251374,1,FALSE,FALSE
"CA_ExN","continuous_lfc","ABCA1",-0.021945148648454,NA,0.990004997501249,1,FALSE,FALSE
"CA_ExN","continuous_lfc","SPARC",-0.0219777818994956,NA,0.993503248375812,1,FALSE,FALSE
"CA_ExN","continuous_lfc","NTNG2",-0.0221403043081066,NA,0.992003998000999,1,FALSE,FALSE
"CA_ExN","continuous_lfc","CXCL13",-0.0221420696295094,NA,0.988505747126437,1,FALSE,FALSE
"CA_ExN","continuous_lfc","IFNA8",-0.0221513516653064,NA,0.993503248375812,1,FALSE,FALSE
"CA_ExN","continuous_lfc","IGSF3",-0.0223609562791145,NA,0.994502748625687,1,FALSE,FALSE
"CA_ExN","continuous_lfc","SERPINF1",-0.0223655331351284,NA,0.993003498250875,1,FALSE,FALSE
"CA_ExN","continuous_lfc","CCL25",-0.0223987864271837,NA,0.991004497751124,1,FALSE,FALSE
"CA_ExN","continuous_lfc","IFNA10",-0.0224290370590266,NA,0.99400299850075,1,FALSE,FALSE
"CA_ExN","continuous_lfc","IGFBP7",-0.0224370283973134,NA,0.99400299850075,1,FALSE,FALSE
"CA_ExN","continuous_lfc","HMGB1",-0.0226171063137217,NA,0.996501749125437,1,FALSE,FALSE
"CA_ExN","continuous_lfc","CCL13",-0.0226552433173949,NA,0.990004997501249,1,FALSE,FALSE
"CA_ExN","continuous_lfc","OSTN",-0.022758512480813,NA,0.992503748125937,1,FALSE,FALSE
"CA_ExN","continuous_lfc","PPBP",-0.0227889345800984,NA,0.992003998000999,1,FALSE,FALSE
"CA_ExN","continuous_lfc","LEP",-0.0228129837865483,NA,0.99800099950025,1,FALSE,FALSE
"CA_ExN","continuous_lfc","MMP12",-0.0229705155579488,NA,0.993003498250875,1,FALSE,FALSE
"CA_ExN","continuous_lfc","INHBC",-0.0230665988684732,NA,0.995002498750625,1,FALSE,FALSE
"CA_ExN","continuous_lfc","MMP13",-0.0230682027847766,NA,0.993003498250875,1,FALSE,FALSE
"CA_ExN","continuous_lfc","GDF6",-0.0231500036777275,NA,0.9960019990005,1,FALSE,FALSE
"CA_ExN","continuous_lfc","SEMA6D",-0.0231528242495282,NA,0.995002498750625,1,FALSE,FALSE
"CA_ExN","continuous_lfc","PDGFB",-0.0231575447675866,NA,0.994502748625687,1,FALSE,FALSE
"CA_ExN","continuous_lfc","TFPI",-0.0231898353830488,NA,0.995002498750625,1,FALSE,FALSE
"CA_ExN","continuous_lfc","SIGLEC14",-0.0235375928349073,NA,0.99400299850075,1,FALSE,FALSE
"CA_ExN","continuous_lfc","CRLF1",-0.0237019638884375,NA,0.9960019990005,1,FALSE,FALSE
"CA_ExN","continuous_lfc","UCN",-0.0237468782093203,NA,0.997001499250375,1,FALSE,FALSE
"CA_ExN","continuous_lfc","TNFSF13",-0.0237588533120664,NA,0.996501749125437,1,FALSE,FALSE
"CA_ExN","continuous_lfc","IGSF21",-0.0237641144468641,NA,0.995502248875562,1,FALSE,FALSE
"CA_ExN","continuous_lfc","POSTN",-0.0237663137993231,NA,0.9960019990005,1,FALSE,FALSE
"CA_ExN","continuous_lfc","CD48",-0.023902391362838,NA,0.9960019990005,1,FALSE,FALSE
"CA_ExN","continuous_lfc","HLA-DRB1",-0.0239294306119382,NA,0.995502248875562,1,FALSE,FALSE
"CA_ExN","continuous_lfc","SCUBE2",-0.0240058113907392,NA,0.996501749125437,1,FALSE,FALSE
"CA_ExN","continuous_lfc","TNFSF14",-0.0241263584758784,NA,0.996501749125437,1,FALSE,FALSE
"CA_ExN","continuous_lfc","ANGPT1",-0.0241548813599277,NA,0.997501249375312,1,FALSE,FALSE
"CA_ExN","continuous_lfc","CLEC4G",-0.0241791502596155,NA,0.995002498750625,1,FALSE,FALSE
"CA_ExN","continuous_lfc","CCL27",-0.0242190968345218,NA,0.995502248875562,1,FALSE,FALSE
"CA_ExN","continuous_lfc","ASIP",-0.0243054588509295,NA,0.996501749125437,1,FALSE,FALSE
"CA_ExN","continuous_lfc","TTR",-0.02439616128377,NA,0.9960019990005,1,FALSE,FALSE
"CA_ExN","continuous_lfc","PMCH",-0.0244669166321661,NA,0.9960019990005,1,FALSE,FALSE
"CA_ExN","continuous_lfc","IL25",-0.0245271850234791,NA,0.996501749125437,1,FALSE,FALSE
"CA_ExN","continuous_lfc","VSIG10",-0.0245485204390071,NA,0.997001499250375,1,FALSE,FALSE
"CA_ExN","continuous_lfc","IL17B",-0.0245734421935868,NA,0.997001499250375,1,FALSE,FALSE
"CA_ExN","continuous_lfc","ULBP3",-0.0246526654217735,NA,0.995502248875562,1,FALSE,FALSE
"CA_ExN","continuous_lfc","CLEC2D",-0.0246670222889923,NA,0.9960019990005,1,FALSE,FALSE
"CA_ExN","continuous_lfc","CD7",-0.0247375070256155,NA,0.997001499250375,1,FALSE,FALSE
"CA_ExN","continuous_lfc","CNTF",-0.0249519515621305,NA,0.99800099950025,1,FALSE,FALSE
"CA_ExN","continuous_lfc","PSG9",-0.0249600643582427,NA,0.997501249375312,1,FALSE,FALSE
"CA_ExN","continuous_lfc","CD5L",-0.0250184458187023,NA,0.9960019990005,1,FALSE,FALSE
"CA_ExN","continuous_lfc","TAC3",-0.0251337239789267,NA,0.997501249375312,1,FALSE,FALSE
"CA_ExN","continuous_lfc","BMP5",-0.025136809126974,NA,0.997501249375312,1,FALSE,FALSE
"CA_ExN","continuous_lfc","ICAM3",-0.0251460512409893,NA,0.996501749125437,1,FALSE,FALSE
"CA_ExN","continuous_lfc","FGF13",-0.0251553996828732,NA,0.997001499250375,1,FALSE,FALSE
"CA_ExN","continuous_lfc","RSPO3",-0.0251622473497655,NA,0.9960019990005,1,FALSE,FALSE
"CA_ExN","continuous_lfc","AMELX",-0.0251648537882533,NA,0.995502248875562,1,FALSE,FALSE
"CA_ExN","continuous_lfc","FSHB",-0.0252195308065379,NA,0.996501749125437,1,FALSE,FALSE
"CA_ExN","continuous_lfc","COLQ",-0.025234639173191,NA,0.996501749125437,1,FALSE,FALSE
"CA_ExN","continuous_lfc","LRIT1",-0.0253719841272849,NA,0.99800099950025,1,FALSE,FALSE
"CA_ExN","continuous_lfc","IL1F10",-0.0255060969699591,NA,0.997001499250375,1,FALSE,FALSE
"CA_ExN","continuous_lfc","LAMA2",-0.025528861096709,NA,0.996501749125437,1,FALSE,FALSE
"CA_ExN","continuous_lfc","ALB",-0.0255748909819724,NA,0.997501249375312,1,FALSE,FALSE
"CA_ExN","continuous_lfc","SDC2",-0.0255915339885034,NA,0.997501249375312,1,FALSE,FALSE
"CA_ExN","continuous_lfc","DSPP",-0.0256772406058232,NA,0.997501249375312,1,FALSE,FALSE
"CA_ExN","continuous_lfc","SELPLG",-0.0256829208872346,NA,0.99800099950025,1,FALSE,FALSE
"CA_ExN","continuous_lfc","LY9",-0.0256897982394995,NA,0.997001499250375,1,FALSE,FALSE
"CA_ExN","continuous_lfc","NPHS1",-0.0257010770859311,NA,0.996501749125437,1,FALSE,FALSE
"CA_ExN","continuous_lfc","LTBP3",-0.0257277065045377,NA,0.999500249875062,1,TRUE,FALSE
"CA_ExN","continuous_lfc","CADM1",-0.0257766762749069,NA,0.9960019990005,1,FALSE,FALSE
"CA_ExN","continuous_lfc","SPON1",-0.0257835161167357,NA,0.999000499750125,1,TRUE,TRUE
"CA_ExN","continuous_lfc","ZG16B",-0.0257989098376178,NA,0.996501749125437,1,FALSE,FALSE
"CA_ExN","continuous_lfc","KIR2DS5",-0.0258282786302054,NA,0.996501749125437,1,FALSE,FALSE
"CA_ExN","continuous_lfc","B2M",-0.0258577155309215,NA,0.995502248875562,1,FALSE,FALSE
"CA_ExN","continuous_lfc","GDF10",-0.0258921217400248,NA,0.99800099950025,1,FALSE,FALSE
"CA_ExN","continuous_lfc","TARM1",-0.0258931332664392,NA,0.9960019990005,1,FALSE,FALSE
"CA_ExN","continuous_lfc","DKK4",-0.0259372205409834,NA,0.997001499250375,1,FALSE,FALSE
"CA_ExN","continuous_lfc","MUC4",-0.0259552140465773,NA,0.997001499250375,1,FALSE,FALSE
"CA_ExN","continuous_lfc","CKLF",-0.0260771478229219,NA,0.998500749625187,1,FALSE,FALSE
"CA_ExN","continuous_lfc","CCL8",-0.026126503355829,NA,0.99800099950025,1,FALSE,FALSE
"CA_ExN","continuous_lfc","SLIT2",-0.0261550724564441,NA,0.997001499250375,1,FALSE,FALSE
"CA_ExN","continuous_lfc","TNFSF8",-0.0262138877167762,NA,0.996501749125437,1,FALSE,FALSE
"CA_ExN","continuous_lfc","CER1",-0.0262570943978271,NA,0.996501749125437,1,FALSE,FALSE
"CA_ExN","continuous_lfc","TCN1",-0.0263317560025479,NA,0.99800099950025,1,FALSE,FALSE
"CA_ExN","continuous_lfc","ADAM11",-0.0263784054266728,NA,0.997001499250375,1,FALSE,FALSE
"CA_ExN","continuous_lfc","CTF1",-0.0264823819962362,NA,0.997001499250375,1,FALSE,FALSE
"CA_ExN","continuous_lfc","F2",-0.0265014793805453,NA,0.998500749625187,1,FALSE,FALSE
"CA_ExN","continuous_lfc","PSG7",-0.0265633542990563,NA,0.997001499250375,1,FALSE,FALSE
"CA_ExN","continuous_lfc","TSHB",-0.0265874386046398,NA,0.99800099950025,1,FALSE,FALSE
"CA_ExN","continuous_lfc","LRIG2",-0.0266701278273228,NA,0.997001499250375,1,FALSE,FALSE
"CA_ExN","continuous_lfc","LVRN",-0.026675515175856,NA,0.99800099950025,1,FALSE,FALSE
"CA_ExN","continuous_lfc","LRRN1",-0.0267520877300921,NA,0.998500749625187,1,FALSE,FALSE
"CA_ExN","continuous_lfc","CXCL10",-0.026842899773883,NA,0.99800099950025,1,FALSE,FALSE
"CA_ExN","continuous_lfc","EREG",-0.0268942625240605,NA,0.999000499750125,1,FALSE,FALSE
"CA_ExN","continuous_lfc","FGF17",-0.0269563170731496,NA,0.999000499750125,1,FALSE,FALSE
"CA_ExN","continuous_lfc","CNTN4",-0.0269631139242258,NA,0.999500249875062,1,FALSE,FALSE
"CA_ExN","continuous_lfc","BMP10",-0.0270647102925516,NA,0.998500749625187,1,FALSE,FALSE
"CA_ExN","continuous_lfc","ANGPTL2",-0.0271120211550778,NA,0.999000499750125,1,FALSE,FALSE
"CA_ExN","continuous_lfc","CCL1",-0.0271806359170733,NA,0.99800099950025,1,FALSE,FALSE
"CA_ExN","continuous_lfc","NTS",-0.0271852403452232,NA,0.99800099950025,1,FALSE,FALSE
"CA_ExN","continuous_lfc","COL9A3",-0.027192898611276,NA,0.99800099950025,1,FALSE,FALSE
"CA_ExN","continuous_lfc","CDH1",-0.0271988189288707,NA,0.997501249375312,1,FALSE,FALSE
"CA_ExN","continuous_lfc","CCL5",-0.0272137237282716,NA,0.998500749625187,1,FALSE,FALSE
"CA_ExN","continuous_lfc","FGG",-0.0272362651606146,NA,0.999000499750125,1,FALSE,FALSE
"CA_ExN","continuous_lfc","HSP90B1",-0.0272533031313898,NA,0.99800099950025,1,FALSE,FALSE
"CA_ExN","continuous_lfc","KIR2DL5A",-0.0272557671386251,NA,0.997501249375312,1,FALSE,FALSE
"CA_ExN","continuous_lfc","HLA-DOB",-0.0273097349190252,NA,0.999000499750125,1,FALSE,FALSE
"CA_ExN","continuous_lfc","INHBE",-0.0274100663879341,NA,0.998500749625187,1,FALSE,FALSE
"CA_ExN","continuous_lfc","CDHR2",-0.0275014397181148,NA,0.997001499250375,1,FALSE,FALSE
"CA_ExN","continuous_lfc","LILRA6",-0.027518417117761,NA,0.998500749625187,1,FALSE,FALSE
"CA_ExN","continuous_lfc","SERPINE2",-0.0275754527752411,NA,0.999000499750125,1,FALSE,FALSE
"CA_ExN","continuous_lfc","TIMD4",-0.0275866058594465,NA,0.999000499750125,1,FALSE,FALSE
"CA_ExN","continuous_lfc","TPSG1",-0.027595083850736,NA,0.998500749625187,1,FALSE,FALSE
"CA_ExN","continuous_lfc","SFRP1",-0.0276309664795394,NA,0.99800099950025,1,FALSE,FALSE
"CA_ExN","continuous_lfc","EDA",-0.0276754804433666,NA,0.998500749625187,1,FALSE,FALSE
"CA_ExN","continuous_lfc","CLDN2",-0.0277248226413297,NA,0.999500249875062,1,FALSE,FALSE
"CA_ExN","continuous_lfc","ANOS1",-0.027726065889588,NA,0.998500749625187,1,FALSE,FALSE
"CA_ExN","continuous_lfc","CD2",-0.0278172989648822,NA,0.998500749625187,1,FALSE,FALSE
"CA_ExN","continuous_lfc","SERPINE1",-0.0278185254377109,NA,0.999000499750125,1,TRUE,TRUE
"CA_ExN","continuous_lfc","TNFSF15",-0.0278227610848209,NA,0.998500749625187,1,FALSE,FALSE
"CA_ExN","continuous_lfc","HRG",-0.0278420788651728,NA,0.998500749625187,1,FALSE,FALSE
"CA_ExN","continuous_lfc","CD86",-0.0278852937017107,NA,0.999000499750125,1,FALSE,FALSE
"CA_ExN","continuous_lfc","CRHR2",-0.0279003591881282,NA,0.997001499250375,1,FALSE,FALSE
"CA_ExN","continuous_lfc","EPGN",-0.0279268909939112,NA,0.998500749625187,1,FALSE,FALSE
"CA_ExN","continuous_lfc","CLEC2B",-0.0279442691925529,NA,1,1,FALSE,FALSE
"CA_ExN","continuous_lfc","MUC7",-0.0279718467711287,NA,0.99800099950025,1,FALSE,FALSE
"CA_ExN","continuous_lfc","LRRN2",-0.0280070081526843,NA,0.999000499750125,1,FALSE,FALSE
"CA_ExN","continuous_lfc","GNAS",-0.0280789652423284,NA,0.999000499750125,1,FALSE,FALSE
"CA_ExN","continuous_lfc","ESAM",-0.028101669705817,NA,0.999500249875062,1,FALSE,FALSE
"CA_ExN","continuous_lfc","CADM4",-0.0281042131749112,NA,0.999500249875062,1,FALSE,FALSE
"CA_ExN","continuous_lfc","GPHB5",-0.0281207621115401,NA,0.99800099950025,1,FALSE,FALSE
"CA_ExN","continuous_lfc","PNOC",-0.0281553902636739,NA,0.997501249375312,1,FALSE,FALSE
"CA_ExN","continuous_lfc","IHH",-0.0282690627760004,NA,0.999000499750125,1,FALSE,FALSE
"CA_ExN","continuous_lfc","CCN2",-0.0282811676123427,NA,0.999500249875062,1,TRUE,TRUE
"CA_ExN","continuous_lfc","IFNA6",-0.0282975609970226,NA,0.998500749625187,1,FALSE,FALSE
"CA_ExN","continuous_lfc","CXCL16",-0.0283174202956037,NA,0.997501249375312,1,FALSE,FALSE
"CA_ExN","continuous_lfc","BMP7",-0.0283471986945655,NA,0.99800099950025,1,FALSE,FALSE
"CA_ExN","continuous_lfc","FGF14",-0.0283589168967882,NA,0.998500749625187,1,FALSE,FALSE
"CA_ExN","continuous_lfc","NECTIN2",-0.0283661582471533,NA,0.998500749625187,1,FALSE,FALSE
"CA_ExN","continuous_lfc","ICAM1",-0.0283928087727383,NA,0.999000499750125,1,FALSE,FALSE
"CA_ExN","continuous_lfc","FGF5",-0.0284500840148996,NA,0.997501249375312,1,FALSE,FALSE
"CA_ExN","continuous_lfc","C1QA",-0.0284721868123131,NA,0.99800099950025,1,FALSE,FALSE
"CA_ExN","continuous_lfc","GC",-0.0285138733700179,NA,0.999000499750125,1,FALSE,FALSE
"CA_ExN","continuous_lfc","MDK",-0.028575837655982,NA,0.999000499750125,1,FALSE,FALSE
"CA_ExN","continuous_lfc","IL17F",-0.0285781492404298,NA,0.998500749625187,1,FALSE,FALSE
"CA_ExN","continuous_lfc","MBL2",-0.0287456613491104,NA,0.99800099950025,1,FALSE,FALSE
"CA_ExN","continuous_lfc","SELL",-0.028813521401987,NA,0.998500749625187,1,FALSE,FALSE
"CA_ExN","continuous_lfc","IL16",-0.0288806757687293,NA,0.999000499750125,1,FALSE,FALSE
"CA_ExN","continuous_lfc","HLA-DRB5",-0.0289201700131561,NA,0.998500749625187,1,FALSE,FALSE
"CA_ExN","continuous_lfc","F12",-0.0289598362947407,NA,0.998500749625187,1,FALSE,FALSE
"CA_ExN","continuous_lfc","SELP",-0.029067133359928,NA,0.99800099950025,1,FALSE,FALSE
"CA_ExN","continuous_lfc","AMH",-0.0291102017162863,NA,0.999500249875062,1,FALSE,FALSE
"CA_ExN","continuous_lfc","ENTPD1",-0.029118127936669,NA,0.997501249375312,1,FALSE,FALSE
"CA_ExN","continuous_lfc","CD47",-0.0291463211648703,NA,0.998500749625187,1,FALSE,FALSE
"CA_ExN","continuous_lfc","CD226",-0.0291840449424264,NA,0.999000499750125,1,FALSE,FALSE
"CA_ExN","continuous_lfc","FGF21",-0.0291947424669659,NA,1,1,FALSE,FALSE
"CA_ExN","continuous_lfc","SIGLEC12",-0.0292166211187236,NA,0.99800099950025,1,FALSE,FALSE
"CA_ExN","continuous_lfc","SERPINA1",-0.0292770320590738,NA,0.999500249875062,1,FALSE,FALSE
"CA_ExN","continuous_lfc","FASLG",-0.029393596287829,NA,0.99800099950025,1,FALSE,FALSE
"CA_ExN","continuous_lfc","MMP9",-0.0293971065871416,NA,0.999500249875062,1,FALSE,FALSE
"CA_ExN","continuous_lfc","BMP8B",-0.029400256193877,NA,0.999000499750125,1,FALSE,FALSE
"CA_ExN","continuous_lfc","UCN2",-0.0294352021038287,NA,0.997501249375312,1,FALSE,FALSE
"CA_ExN","continuous_lfc","CXCL2",-0.0294508492492115,NA,0.999000499750125,1,TRUE,TRUE
"CA_ExN","continuous_lfc","COL11A1",-0.0294723834818764,NA,1,1,FALSE,FALSE
"CA_ExN","continuous_lfc","CLDN16",-0.0294965690317418,NA,1,1,FALSE,FALSE
"CA_ExN","continuous_lfc","CCL23",-0.029518395871223,NA,0.99800099950025,1,FALSE,FALSE
"CA_ExN","continuous_lfc","IL1RN",-0.0295701933327913,NA,1,1,FALSE,FALSE
"CA_ExN","continuous_lfc","FAM3D",-0.029580928275812,NA,0.999500249875062,1,FALSE,FALSE
"CA_ExN","continuous_lfc","HLA-A",-0.0296122853152929,NA,0.998500749625187,1,FALSE,FALSE
"CA_ExN","continuous_lfc","COL4A6",-0.0296184521201066,NA,0.999000499750125,1,FALSE,FALSE
"CA_ExN","continuous_lfc","SELE",-0.0296638817289567,NA,1,1,FALSE,FALSE
"CA_ExN","continuous_lfc","CALM3",-0.0296904172628003,NA,0.999500249875062,1,FALSE,FALSE
"CA_ExN","continuous_lfc","TIMP2",-0.0297444089040788,NA,1,1,FALSE,FALSE
"CA_ExN","continuous_lfc","PRSS55",-0.0297604115266857,NA,0.999500249875062,1,FALSE,FALSE
"CA_ExN","continuous_lfc","APOA1",-0.0297730473818946,NA,0.999000499750125,1,FALSE,FALSE
"CA_ExN","continuous_lfc","CD44",-0.0298059339256949,NA,0.999500249875062,1,FALSE,FALSE
"CA_ExN","continuous_lfc","GDF9",-0.0298167567907307,NA,0.999000499750125,1,FALSE,FALSE
"CA_ExN","continuous_lfc","CDH9",-0.0298177353120045,NA,0.99800099950025,1,FALSE,FALSE
"CA_ExN","continuous_lfc","PSG6",-0.0299267281859504,NA,0.999000499750125,1,FALSE,FALSE
"CA_ExN","continuous_lfc","C4BPA",-0.0299796274539872,NA,0.999500249875062,1,FALSE,FALSE
"CA_ExN","continuous_lfc","GDF3",-0.0300209194831378,NA,0.999000499750125,1,FALSE,FALSE
"CA_ExN","continuous_lfc","TRAF2",-0.0300518499181774,NA,0.999500249875062,1,FALSE,FALSE
"CA_ExN","continuous_lfc","SLAMF6",-0.030062050357314,NA,0.999000499750125,1,FALSE,FALSE
"CA_ExN","continuous_lfc","BTLA",-0.0301308699778907,NA,0.999000499750125,1,FALSE,FALSE
"CA_ExN","continuous_lfc","SFTPA2",-0.0301461858546265,NA,1,1,FALSE,FALSE
"CA_ExN","continuous_lfc","TG",-0.03016919350046,NA,1,1,FALSE,FALSE
"CA_ExN","continuous_lfc","CRISP3",-0.0301730606240398,NA,0.999500249875062,1,FALSE,FALSE
"CA_ExN","continuous_lfc","CCL14",-0.0302133211008651,NA,0.999000499750125,1,FALSE,FALSE
"CA_ExN","continuous_lfc","PRSS2",-0.0302170797990107,NA,0.999000499750125,1,FALSE,FALSE
"CA_ExN","continuous_lfc","CD72",-0.0302336894980977,NA,0.999000499750125,1,FALSE,FALSE
"CA_ExN","continuous_lfc","ENG",-0.0302518874303712,NA,0.999000499750125,1,FALSE,FALSE
"CA_ExN","continuous_lfc","FAM200A",-0.0302598302862472,NA,1,1,FALSE,FALSE
"CA_ExN","continuous_lfc","SPP1",-0.0302801704583208,NA,0.999500249875062,1,FALSE,FALSE
"CA_ExN","continuous_lfc","HLA-DQA1",-0.0303062276963591,NA,0.998500749625187,1,FALSE,FALSE
"CA_ExN","continuous_lfc","CD80",-0.0303269073886803,NA,0.999000499750125,1,FALSE,FALSE
"CA_ExN","continuous_lfc","FAM3B",-0.0303763792443518,NA,0.999000499750125,1,FALSE,FALSE
"CA_ExN","continuous_lfc","CXADR",-0.0303763907782499,NA,0.999500249875062,1,FALSE,FALSE
"CA_ExN","continuous_lfc","DUSP18",-0.0304721959521113,NA,0.999000499750125,1,FALSE,FALSE
"CA_ExN","continuous_lfc","IGFBPL1",-0.030523619850189,NA,0.998500749625187,1,FALSE,FALSE
"CA_ExN","continuous_lfc","TGFB2",-0.0305833115337492,NA,0.999500249875062,1,FALSE,FALSE
"CA_ExN","continuous_lfc","ACE",-0.0306427800577239,NA,1,1,FALSE,FALSE
"CA_ExN","continuous_lfc","BMP1",-0.0306619971482527,NA,0.999000499750125,1,FALSE,FALSE
"CA_ExN","continuous_lfc","LRRC4C",-0.0306839040601564,NA,0.998500749625187,1,FALSE,FALSE
"CA_ExN","continuous_lfc","SHH",-0.0307076588274172,NA,1,1,FALSE,FALSE
"CA_ExN","continuous_lfc","MMP1",-0.0307259119232535,NA,0.999500249875062,1,FALSE,FALSE
"CA_ExN","continuous_lfc","CCL4",-0.0307274401972002,NA,1,1,FALSE,FALSE
"CA_ExN","continuous_lfc","FLRT1",-0.0307534447961509,NA,0.999500249875062,1,FALSE,FALSE
"CA_ExN","continuous_lfc","COL5A2",-0.0307755840587391,NA,0.999000499750125,1,FALSE,FALSE
"CA_ExN","continuous_lfc","ANG",-0.0307835773398852,NA,0.999000499750125,1,FALSE,FALSE
"CA_ExN","continuous_lfc","CD52",-0.0308376743777483,NA,1,1,FALSE,FALSE
"CA_ExN","continuous_lfc","VTCN1",-0.030863267330522,NA,0.999000499750125,1,FALSE,FALSE
"CA_ExN","continuous_lfc","FGF11",-0.0309039845369111,NA,0.998500749625187,1,FALSE,FALSE
"CA_ExN","continuous_lfc","HLA-DRB4",-0.0310346843919089,NA,0.999000499750125,1,FALSE,FALSE
"CA_ExN","continuous_lfc","HLA-DMB",-0.0310498430051978,NA,1,1,FALSE,FALSE
"CA_ExN","continuous_lfc","SFTPA1",-0.0310889445477554,NA,0.999500249875062,1,FALSE,FALSE
"CA_ExN","continuous_lfc","CCL15",-0.0311414193438812,NA,1,1,FALSE,FALSE
"CA_ExN","continuous_lfc","ILDR2",-0.0311917418961713,NA,1,1,FALSE,FALSE
"CA_ExN","continuous_lfc","LRIT2",-0.0312329300965684,NA,0.999000499750125,1,FALSE,FALSE
"CA_ExN","continuous_lfc","SIGLEC1",-0.031240450790249,NA,0.999000499750125,1,FALSE,FALSE
"CA_ExN","continuous_lfc","IBSP",-0.0312683052648623,NA,0.999500249875062,1,FALSE,FALSE
"CA_ExN","continuous_lfc","PENK",-0.0313813782264215,NA,0.998500749625187,1,FALSE,FALSE
"CA_ExN","continuous_lfc","RTN4",-0.0314346982097929,NA,1,1,FALSE,FALSE
"CA_ExN","continuous_lfc","NPY",-0.0314510055813938,NA,0.998500749625187,1,FALSE,FALSE
"CA_ExN","continuous_lfc","TREML4",-0.0314844772585285,NA,0.999500249875062,1,FALSE,FALSE
"CA_ExN","continuous_lfc","CCL4L2",-0.031567353658474,NA,0.999500249875062,1,FALSE,FALSE
"CA_ExN","continuous_lfc","TECTB",-0.0315703176040674,NA,1,1,FALSE,FALSE
"CA_ExN","continuous_lfc","IFITM1",-0.0316113214630946,NA,0.999500249875062,1,FALSE,FALSE
"CA_ExN","continuous_lfc","COL16A1",-0.0316166831076648,NA,0.999000499750125,1,FALSE,FALSE
"CA_ExN","continuous_lfc","CD34",-0.0316170764422919,NA,0.999500249875062,1,FALSE,FALSE
"CA_ExN","continuous_lfc","CHL1",-0.0316455187559966,NA,0.999500249875062,1,FALSE,FALSE
"CA_ExN","continuous_lfc","CCL17",-0.0316911619717816,NA,0.999500249875062,1,FALSE,FALSE
"CA_ExN","continuous_lfc","LRIG1",-0.0317764637414088,NA,0.999500249875062,1,FALSE,FALSE
"CA_ExN","continuous_lfc","MMP2",-0.0317925221492199,NA,0.999500249875062,1,FALSE,FALSE
"CA_ExN","continuous_lfc","SCT",-0.0317995048642666,NA,1,1,FALSE,FALSE
"CA_ExN","continuous_lfc","FGF22",-0.0318378853048645,NA,0.999000499750125,1,FALSE,FALSE
"CA_ExN","continuous_lfc","FAM3C",-0.0318724932530459,NA,0.999500249875062,1,FALSE,FALSE
"CA_ExN","continuous_lfc","GDF15",-0.0319125546738045,NA,0.999500249875062,1,FALSE,FALSE
"CA_ExN","continuous_lfc","LAMB2",-0.0319204173510712,NA,0.999000499750125,1,FALSE,FALSE
"CA_ExN","continuous_lfc","CD300LF",-0.031926900156167,NA,1,1,FALSE,FALSE
"CA_ExN","continuous_lfc","ICOSLG",-0.0319561808213375,NA,0.998500749625187,1,FALSE,FALSE
"CA_ExN","continuous_lfc","FGF12",-0.0319785995892046,NA,0.999500249875062,1,FALSE,FALSE
"CA_ExN","continuous_lfc","NRTN",-0.0319899773536171,NA,1,1,FALSE,FALSE
"CA_ExN","continuous_lfc","LGI3",-0.0320790114519496,NA,0.999500249875062,1,FALSE,FALSE
"CA_ExN","continuous_lfc","SIRPB2",-0.0320842011408088,NA,0.999000499750125,1,FALSE,FALSE
"CA_ExN","continuous_lfc","SIGLEC7",-0.0320919593619504,NA,0.999500249875062,1,FALSE,FALSE
"CA_ExN","continuous_lfc","NLGN3",-0.0321064984927878,NA,0.999500249875062,1,FALSE,FALSE
"CA_ExN","continuous_lfc","DLK1",-0.0321296661784622,NA,1,1,FALSE,FALSE
"CA_ExN","continuous_lfc","HLA-G",-0.032182916651281,NA,1,1,FALSE,FALSE
"CA_ExN","continuous_lfc","CRB3",-0.0321985937081333,NA,0.999500249875062,1,FALSE,FALSE
"CA_ExN","continuous_lfc","NPVF",-0.0322052539470943,NA,1,1,FALSE,FALSE
"CA_ExN","continuous_lfc","HAVCR1",-0.0322576502055183,NA,1,1,FALSE,FALSE
"CA_ExN","continuous_lfc","PRLH",-0.032313891358177,NA,1,1,FALSE,FALSE
"CA_ExN","continuous_lfc","SERPINA5",-0.0323542155415985,NA,1,1,FALSE,FALSE
"CA_ExN","continuous_lfc","TREML1",-0.0323904665408371,NA,0.999500249875062,1,FALSE,FALSE
"CA_ExN","continuous_lfc","PF4",-0.0324199870224433,NA,1,1,FALSE,FALSE
"CA_ExN","continuous_lfc","CLEC3A",-0.0324324376306226,NA,0.999000499750125,1,FALSE,FALSE
"CA_ExN","continuous_lfc","ANGPTL6",-0.0325391311558975,NA,1,1,FALSE,FALSE
"CA_ExN","continuous_lfc","BACE1",-0.0325476210603018,NA,0.999500249875062,1,FALSE,FALSE
"CA_ExN","continuous_lfc","FCGR3B",-0.0325505100558501,NA,0.999500249875062,1,FALSE,FALSE
"CA_ExN","continuous_lfc","NTN4",-0.032577861244647,NA,1,1,FALSE,FALSE
"CA_ExN","continuous_lfc","SLPI",-0.0325852602893336,NA,1,1,FALSE,FALSE
"CA_ExN","continuous_lfc","CCL3",-0.0325918809385169,NA,1,1,FALSE,FALSE
"CA_ExN","continuous_lfc","HAPLN1",-0.0326035692201604,NA,1,1,FALSE,FALSE
"CA_ExN","continuous_lfc","PCDHA4",-0.032630480976926,NA,1,1,FALSE,FALSE
"CA_ExN","continuous_lfc","KLKB1",-0.0326374901351033,NA,1,1,FALSE,FALSE
"CA_ExN","continuous_lfc","SIGLEC15",-0.0326425136793871,NA,1,1,FALSE,FALSE
"CA_ExN","continuous_lfc","ITM2B",-0.0326580352486414,NA,1,1,FALSE,FALSE
"CA_ExN","continuous_lfc","KCNA1",-0.0326585659359723,NA,0.999500249875062,1,FALSE,FALSE
"CA_ExN","continuous_lfc","COL4A2",-0.0327466742004125,NA,1,1,TRUE,TRUE
"CA_ExN","continuous_lfc","PCDHA9",-0.0327513019091811,NA,1,1,FALSE,FALSE
"CA_ExN","continuous_lfc","DEFB106B",-0.0327664571351856,NA,1,1,FALSE,FALSE
"CA_ExN","continuous_lfc","HJV",-0.0327715112624182,NA,0.999500249875062,1,FALSE,FALSE
"CA_ExN","continuous_lfc","PLAT",-0.0327755167360927,NA,1,1,FALSE,FALSE
"CA_ExN","continuous_lfc","HLA-E",-0.0327850820557789,NA,0.999500249875062,1,FALSE,FALSE
"CA_ExN","continuous_lfc","MUC1",-0.0327927870008878,NA,0.999500249875062,1,FALSE,FALSE
"CA_ExN","continuous_lfc","PDCD1LG2",-0.0328195569002984,NA,1,1,FALSE,FALSE
"CA_ExN","continuous_lfc","GAS6",-0.0328930958320653,NA,1,1,FALSE,FALSE
"CA_ExN","continuous_lfc","PSEN1",-0.0329040509812973,NA,1,1,FALSE,FALSE
"CA_ExN","continuous_lfc","COL8A2",-0.0329209376596441,NA,0.999000499750125,1,FALSE,FALSE
"CA_ExN","continuous_lfc","CXCL14",-0.0329340094706552,NA,1,1,FALSE,FALSE
"CA_ExN","continuous_lfc","APOA2",-0.0329436220813792,NA,0.999500249875062,1,FALSE,FALSE
"CA_ExN","continuous_lfc","S100A9",-0.032966658866892,NA,1,1,FALSE,FALSE
"CA_ExN","continuous_lfc","AHSG",-0.0329778821651146,NA,1,1,FALSE,FALSE
"CA_ExN","continuous_lfc","MSMB",-0.0329873337015118,NA,0.999500249875062,1,FALSE,FALSE
"CA_ExN","continuous_lfc","FGF16",-0.0330009860126768,NA,0.999000499750125,1,FALSE,FALSE
"CA_ExN","continuous_lfc","HHIPL2",-0.0330038503505338,NA,0.999500249875062,1,FALSE,FALSE
"CA_ExN","continuous_lfc","ACE2",-0.0330127085055136,NA,1,1,FALSE,FALSE
"CA_ExN","continuous_lfc","PCDHA13",-0.0330459763928237,NA,0.999500249875062,1,FALSE,FALSE
"CA_ExN","continuous_lfc","LGI4",-0.0330551757845707,NA,0.999500249875062,1,FALSE,FALSE
"CA_ExN","continuous_lfc","ANGPTL5",-0.0330581709906915,NA,1,1,FALSE,FALSE
"CA_ExN","continuous_lfc","S100A12",-0.0330764058378027,NA,1,1,FALSE,FALSE
"CA_ExN","continuous_lfc","HCRT",-0.0330832236768389,NA,1,1,FALSE,FALSE
"CA_ExN","continuous_lfc","S100A10",-0.0330916875414649,NA,1,1,FALSE,FALSE
"CA_ExN","continuous_lfc","FCER2",-0.0330934245837636,NA,1,1,FALSE,FALSE
"CA_ExN","continuous_lfc","NRP1",-0.0331035862317712,NA,0.999500249875062,1,FALSE,FALSE
"CA_ExN","continuous_lfc","TFF1",-0.0331213723658947,NA,1,1,FALSE,FALSE
"CA_ExN","continuous_lfc","SDK2",-0.0331305122042754,NA,1,1,FALSE,FALSE
"CA_ExN","continuous_lfc","NCR3LG1",-0.0331339490751529,NA,1,1,FALSE,FALSE
"CA_ExN","continuous_lfc","TIMP3",-0.0331404695480599,NA,0.999500249875062,1,FALSE,FALSE
"CA_ExN","continuous_lfc","CXCL3",-0.0331423937096838,NA,1,1,FALSE,FALSE
"CA_ExN","continuous_lfc","ADAM28",-0.0331676208921515,NA,0.999500249875062,1,FALSE,FALSE
"CA_ExN","continuous_lfc","COMP",-0.0332545885541446,NA,0.999500249875062,1,FALSE,FALSE
"CA_ExN","continuous_lfc","SLITRK2",-0.033265074387648,NA,0.999000499750125,1,FALSE,FALSE
"CA_ExN","continuous_lfc","F7",-0.0332710082082168,NA,0.999500249875062,1,FALSE,FALSE
"CA_ExN","continuous_lfc","CCL3L1",-0.0332731958475374,NA,1,1,FALSE,FALSE
"CA_ExN","continuous_lfc","ADAM21",-0.0332822754962793,NA,1,1,FALSE,FALSE
"CA_ExN","continuous_lfc","LEFTY2",-0.0332882172959065,NA,0.999500249875062,1,FALSE,FALSE
"CA_ExN","continuous_lfc","HLA-DPB1",-0.0333464481688769,NA,0.999500249875062,1,FALSE,FALSE
"CA_ExN","continuous_lfc","IGFBP3",-0.0333472790695425,NA,0.999500249875062,1,FALSE,FALSE
"CA_ExN","continuous_lfc","REN",-0.0333740132218726,NA,1,1,FALSE,FALSE
"CA_ExN","continuous_lfc","CCL20",-0.0334134512644176,NA,0.999500249875062,1,FALSE,FALSE
"CA_ExN","continuous_lfc","F13A1",-0.0334554607337026,NA,1,1,FALSE,FALSE
"CA_ExN","continuous_lfc","PDYN",-0.0334678150419278,NA,1,1,FALSE,FALSE
"CA_ExN","continuous_lfc","GP5",-0.0334804428255473,NA,1,1,FALSE,FALSE
"CA_ExN","continuous_lfc","MMP26",-0.0335057065328442,NA,1,1,FALSE,FALSE
"CA_ExN","continuous_lfc","NRG2",-0.0335416279925177,NA,0.999500249875062,1,FALSE,FALSE
"CA_ExN","continuous_lfc","MADCAM1",-0.0335461196111982,NA,1,1,FALSE,FALSE
"CA_ExN","continuous_lfc","SEMA6A",-0.0335515260107974,NA,0.999500249875062,1,FALSE,FALSE
"CA_ExN","continuous_lfc","MEGF10",-0.0335558747308492,NA,1,1,FALSE,FALSE
"CA_ExN","continuous_lfc","FLRT2",-0.0335813655640349,NA,0.999500249875062,1,FALSE,FALSE
"CA_ExN","continuous_lfc","LEFTY1",-0.033583562494379,NA,0.999500249875062,1,FALSE,FALSE
"CA_ExN","continuous_lfc","PI16",-0.0336518447377589,NA,1,1,FALSE,FALSE
"CA_ExN","continuous_lfc","ADAM23",-0.0336566630734321,NA,1,1,FALSE,FALSE
"CA_ExN","continuous_lfc","TIMP1",-0.033669153163293,NA,0.999500249875062,1,FALSE,FALSE
"CA_ExN","continuous_lfc","ARMH4",-0.0336715810257034,NA,0.999500249875062,1,FALSE,FALSE
"CA_ExN","continuous_lfc","NPPA",-0.033791023974749,NA,0.999500249875062,1,FALSE,FALSE
"CA_ExN","continuous_lfc","CD320",-0.0338084089290297,NA,0.999500249875062,1,FALSE,FALSE
"CA_ExN","continuous_lfc","HHLA2",-0.0338429814506724,NA,0.999500249875062,1,FALSE,FALSE
"CA_ExN","continuous_lfc","CXCL11",-0.0338432915227108,NA,1,1,FALSE,FALSE
"CA_ExN","continuous_lfc","EFNA4",-0.0338627179660417,NA,1,1,FALSE,FALSE
"CA_ExN","continuous_lfc","COL6A3",-0.0338898276938458,NA,1,1,FALSE,FALSE
"CA_ExN","continuous_lfc","TIGIT",-0.0339215802795933,NA,1,1,FALSE,FALSE
"CA_ExN","continuous_lfc","LILRB2",-0.0339223677650927,NA,1,1,FALSE,FALSE
"CA_ExN","continuous_lfc","ALCAM",-0.0339609239238763,NA,0.999500249875062,1,FALSE,FALSE
"CA_ExN","continuous_lfc","TFF2",-0.0340034948785121,NA,0.999500249875062,1,FALSE,FALSE
"CA_ExN","continuous_lfc","BTN1A1",-0.0340049679579408,NA,1,1,FALSE,FALSE
"CA_ExN","continuous_lfc","FGF3",-0.0340270784432241,NA,1,1,FALSE,FALSE
"CA_ExN","continuous_lfc","PLEKHO2",-0.0340892598911095,NA,1,1,FALSE,FALSE
"CA_ExN","continuous_lfc","FGF6",-0.0341059630284748,NA,0.999500249875062,1,FALSE,FALSE
"CA_ExN","continuous_lfc","IL36RN",-0.034107710670044,NA,1,1,FALSE,FALSE
"CA_ExN","continuous_lfc","CXCL9",-0.0341153042034279,NA,1,1,FALSE,FALSE
"CA_ExN","continuous_lfc","ANGPTL7",-0.0341305583699887,NA,1,1,FALSE,FALSE
"CA_ExN","continuous_lfc","F8",-0.0341384050946688,NA,1,1,FALSE,FALSE
"CA_ExN","continuous_lfc","PCDHA1",-0.0341520083560069,NA,0.999500249875062,1,FALSE,FALSE
"CA_ExN","continuous_lfc","MMP25",-0.0341555028080667,NA,1,1,FALSE,FALSE
"CA_ExN","continuous_lfc","PCDHA8",-0.0341751217456241,NA,0.999500249875062,1,FALSE,FALSE
"CA_ExN","continuous_lfc","CALCB",-0.0341859650737434,NA,1,1,FALSE,FALSE
"CA_ExN","continuous_lfc","CFAP54",-0.0342082455376241,NA,1,1,FALSE,FALSE
"CA_ExN","continuous_lfc","VTN",-0.0342202786256282,NA,1,1,FALSE,FALSE
"CA_ExN","continuous_lfc","PCDHA11",-0.034238709518774,NA,0.999500249875062,1,FALSE,FALSE
"CA_ExN","continuous_lfc","PCDHA5",-0.0342462071011099,NA,0.999500249875062,1,FALSE,FALSE
"CA_ExN","continuous_lfc","PPY",-0.0342758180080128,NA,0.999000499750125,1,FALSE,FALSE
"CA_ExN","continuous_lfc","AMBN",-0.0342914124967864,NA,1,1,FALSE,FALSE
"CA_ExN","continuous_lfc","SPN",-0.0343250074956981,NA,1,1,FALSE,FALSE
"CA_ExN","continuous_lfc","GZMB",-0.0343373773074402,NA,1,1,FALSE,FALSE
"CA_ExN","continuous_lfc","AIMP1",-0.0343861747051646,NA,0.999000499750125,1,FALSE,FALSE
"CA_ExN","continuous_lfc","CCL24",-0.0344223128332162,NA,1,1,FALSE,FALSE
"CA_ExN","continuous_lfc","CD209",-0.0344448838086974,NA,1,1,FALSE,FALSE
"CA_ExN","continuous_lfc","SLAMF7",-0.0344504212483257,NA,1,1,FALSE,FALSE
"CA_ExN","continuous_lfc","GDF11",-0.0344552142358097,NA,1,1,FALSE,FALSE
"CA_ExN","continuous_lfc","ZNRF3",-0.0344572902183463,NA,1,1,FALSE,FALSE
"CA_ExN","continuous_lfc","SIGLEC9",-0.0344946408448403,NA,1,1,FALSE,FALSE
"CA_ExN","continuous_lfc","SLITRK4",-0.0345134504527524,NA,1,1,FALSE,FALSE
"CA_ExN","continuous_lfc","BACE2",-0.0345514544818714,NA,1,1,FALSE,FALSE
"CA_ExN","continuous_lfc","CDH2",-0.0345520553148294,NA,1,1,FALSE,FALSE
"CA_ExN","continuous_lfc","C4B_2",-0.0345568596238245,NA,1,1,FALSE,FALSE
"CA_ExN","continuous_lfc","CDH13",-0.0345577965778404,NA,1,1,FALSE,FALSE
"CA_ExN","continuous_lfc","MPIG6B",-0.0345680440681919,NA,1,1,FALSE,FALSE
"CA_ExN","continuous_lfc","COL2A1",-0.0345941052033485,NA,1,1,FALSE,FALSE
"CA_ExN","continuous_lfc","ANXA1",-0.0345941557136305,NA,0.999500249875062,1,TRUE,TRUE
"CA_ExN","continuous_lfc","VEGFD",-0.0345953983825073,NA,0.999500249875062,1,FALSE,FALSE
"CA_ExN","continuous_lfc","PSPN",-0.0346155942009059,NA,1,1,FALSE,FALSE
"CA_ExN","continuous_lfc","STX1A",-0.0346194822182971,NA,1,1,FALSE,FALSE
"CA_ExN","continuous_lfc","RECK",-0.0346409213381025,NA,1,1,FALSE,FALSE
"CA_ExN","continuous_lfc","NPB",-0.0346440113559748,NA,1,1,FALSE,FALSE
"CA_ExN","continuous_lfc","S100A4",-0.0346561758790266,NA,1,1,FALSE,FALSE
"CA_ExN","continuous_lfc","SIGLEC8",-0.0346667139842722,NA,1,1,FALSE,FALSE
"CA_ExN","continuous_lfc","DEFB4A",-0.0346778746029313,NA,1,1,FALSE,FALSE
"CA_ExN","continuous_lfc","LILRB4",-0.034691169922284,NA,1,1,FALSE,FALSE
"CA_ExN","continuous_lfc","AGRP",-0.0347150026851248,NA,1,1,FALSE,FALSE
"CA_ExN","continuous_lfc","CCL22",-0.0347257136881785,NA,1,1,FALSE,FALSE
"CA_ExN","continuous_lfc","CHAD",-0.0347295406737162,NA,1,1,FALSE,FALSE
"CA_ExN","continuous_lfc","CCL21",-0.0347442524445664,NA,0.999000499750125,1,FALSE,FALSE
"CA_ExN","continuous_lfc","PAEP",-0.0347499648631847,NA,0.999500249875062,1,FALSE,FALSE
"CA_ExN","continuous_lfc","PLXNA2",-0.0347597101041357,NA,1,1,FALSE,FALSE
"CA_ExN","continuous_lfc","TPSAB1",-0.0347597721403959,NA,1,1,FALSE,FALSE
"CA_ExN","continuous_lfc","NPW",-0.0347659171815626,NA,1,1,FALSE,FALSE
"CA_ExN","continuous_lfc","CD22",-0.0347662846278192,NA,1,1,FALSE,FALSE
"CA_ExN","continuous_lfc","GPC6",-0.034773670655042,NA,1,1,FALSE,FALSE
"CA_ExN","continuous_lfc","CD244",-0.0347852890952869,NA,0.999500249875062,1,FALSE,FALSE
"CA_ExN","continuous_lfc","ST14",-0.0348053988075414,NA,1,1,FALSE,FALSE
"CA_ExN","continuous_lfc","SECTM1",-0.0348057736708878,NA,1,1,FALSE,FALSE
"CA_ExN","continuous_lfc","FLT3LG",-0.0348126011445178,NA,1,1,FALSE,FALSE
"CA_ExN","continuous_lfc","COL18A1",-0.0348228976473682,NA,1,1,FALSE,FALSE
"CA_ExN","continuous_lfc","LRPAP1",-0.0348259475056424,NA,0.999500249875062,1,FALSE,FALSE
"CA_ExN","continuous_lfc","MMP7",-0.0348436304016012,NA,0.999500249875062,1,FALSE,FALSE
"CA_ExN","continuous_lfc","MFGE8",-0.0348490706054048,NA,0.999500249875062,1,FALSE,FALSE
"CA_ExN","continuous_lfc","DRAXIN",-0.0348958666837978,NA,1,1,FALSE,FALSE
"CA_ExN","continuous_lfc","PLB1",-0.0349289153015412,NA,1,1,FALSE,FALSE
"CA_ExN","continuous_lfc","PCDHA7",-0.0349323131387116,NA,1,1,FALSE,FALSE
"CA_ExN","continuous_lfc","FCAR",-0.0349966533175878,NA,1,1,FALSE,FALSE
"CA_ExN","continuous_lfc","JAML",-0.0350069483556646,NA,1,1,FALSE,FALSE
"CA_ExN","continuous_lfc","CDH15",-0.0350416264211701,NA,0.999500249875062,1,FALSE,FALSE
"CA_ExN","continuous_lfc","SLURP2",-0.0350531734197421,NA,1,1,FALSE,FALSE
"CA_ExN","continuous_lfc","BST2",-0.0350708197485897,NA,1,1,FALSE,FALSE
"CA_ExN","continuous_lfc","CD9",-0.0351113532478295,NA,1,1,FALSE,FALSE
"CA_ExN","continuous_lfc","MICB",-0.0351114294938171,NA,1,1,FALSE,FALSE
"CA_ExN","continuous_lfc","HLA-DRB3",-0.0351420382404557,NA,1,1,FALSE,FALSE
"CA_ExN","continuous_lfc","CLU",-0.035146231763229,NA,1,1,FALSE,FALSE
"CA_ExN","continuous_lfc","ADAM29",-0.0351514675473805,NA,1,1,FALSE,FALSE
"CA_ExN","continuous_lfc","CDH4",-0.0351564301024324,NA,0.999500249875062,1,FALSE,FALSE
"CA_ExN","continuous_lfc","NMS",-0.0352720326801342,NA,1,1,FALSE,FALSE
"CA_ExN","continuous_lfc","CD58",-0.0352746407002378,NA,1,1,FALSE,FALSE
"CA_ExN","continuous_lfc","LY6G6F",-0.0352903418789107,NA,1,1,FALSE,FALSE
"CA_ExN","continuous_lfc","CD1B",-0.0352925939349305,NA,1,1,FALSE,FALSE
"CA_ExN","continuous_lfc","BGN",-0.0353063432549264,NA,1,1,FALSE,FALSE
"CA_ExN","continuous_lfc","NCAN",-0.0353149399263563,NA,1,1,FALSE,FALSE
"CA_ExN","continuous_lfc","NECTIN3",-0.0353437478726784,NA,1,1,FALSE,FALSE
"CA_ExN","continuous_lfc","NCR2",-0.0353622816427389,NA,1,1,FALSE,FALSE
"CA_ExN","continuous_lfc","F11R",-0.0353729884400024,NA,1,1,FALSE,FALSE
"CA_ExN","continuous_lfc","CADM2",-0.0354198371130078,NA,1,1,FALSE,FALSE
"CA_ExN","continuous_lfc","LAIR2",-0.0355913107535091,NA,1,1,FALSE,FALSE
"CA_ExN","continuous_lfc","FGF20",-0.0356036067410299,NA,1,1,FALSE,FALSE
"CA_ExN","continuous_lfc","CD300C",-0.0356518453098669,NA,0.999500249875062,1,FALSE,FALSE
"CA_ExN","continuous_lfc","PDGFA",-0.0356732114113832,NA,1,1,FALSE,FALSE
"CA_ExN","continuous_lfc","VEGFB",-0.0356853173937512,NA,1,1,FALSE,FALSE
"CA_ExN","continuous_lfc","ENAM",-0.0356944008289535,NA,1,1,FALSE,FALSE
"CA_ExN","continuous_lfc","PROC",-0.0356951222030139,NA,0.999500249875062,1,FALSE,FALSE
"CA_ExN","continuous_lfc","KL",-0.0356952598303928,NA,1,1,FALSE,FALSE
"CA_ExN","continuous_lfc","LTBP1",-0.0357030388134511,NA,1,1,FALSE,FALSE
"CA_ExN","continuous_lfc","CCL18",-0.035716294585136,NA,1,1,FALSE,FALSE
"CA_ExN","continuous_lfc","KIRREL1",-0.0357269125137915,NA,1,1,FALSE,FALSE
"CA_ExN","continuous_lfc","EDN3",-0.0357458846143088,NA,0.999500249875062,1,FALSE,FALSE
"CA_ExN","continuous_lfc","DEFB103B",-0.0357469847353236,NA,1,1,FALSE,FALSE
"CA_ExN","continuous_lfc","PCDHA10",-0.0358204904555168,NA,0.999500249875062,1,FALSE,FALSE
"CA_ExN","continuous_lfc","PLA2G10",-0.0358223291391776,NA,1,1,FALSE,FALSE
"CA_ExN","continuous_lfc","KLRA1P",-0.0358412160379135,NA,1,1,FALSE,FALSE
"CA_ExN","continuous_lfc","MPZL3",-0.0358423201751485,NA,1,1,FALSE,FALSE
"CA_ExN","continuous_lfc","FGF18",-0.0358542527631006,NA,1,1,FALSE,FALSE
"CA_ExN","continuous_lfc","CEACAM1",-0.0358870237134116,NA,0.999500249875062,1,FALSE,FALSE
"CA_ExN","continuous_lfc","CRTAM",-0.0358923592690249,NA,1,1,FALSE,FALSE
"CA_ExN","continuous_lfc","CCL16",-0.0358958232220155,NA,1,1,FALSE,FALSE
"CA_ExN","continuous_lfc","TNFRSF14",-0.0359378694611487,NA,1,1,FALSE,FALSE
"CA_ExN","continuous_lfc","LGI2",-0.0359496714784063,NA,0.999500249875062,1,FALSE,FALSE
"CA_ExN","continuous_lfc","FBN1",-0.035961356887087,NA,0.999500249875062,1,FALSE,FALSE
"CA_ExN","continuous_lfc","EZR",-0.0359668235324852,NA,1,1,FALSE,FALSE
"CA_ExN","continuous_lfc","TNC",-0.0360108452356957,NA,1,1,TRUE,TRUE
"CA_ExN","continuous_lfc","SOST",-0.0360151453408408,NA,0.999500249875062,1,FALSE,FALSE
"CA_ExN","continuous_lfc","SI",-0.0360174652334757,NA,1,1,FALSE,FALSE
"CA_ExN","continuous_lfc","TDGF1P3",-0.0360226092711455,NA,1,1,FALSE,FALSE
"CA_ExN","continuous_lfc","FSTL5",-0.0360507351889283,NA,1,1,FALSE,FALSE
"CA_ExN","continuous_lfc","CRISP2",-0.0360630576550276,NA,1,1,FALSE,FALSE
"CA_ExN","continuous_lfc","IAPP",-0.0360864991523928,NA,1,1,FALSE,FALSE
"CA_ExN","continuous_lfc","RSPO1",-0.0361002381019016,NA,1,1,FALSE,FALSE
"CA_ExN","continuous_lfc","PTPRM",-0.0361009578057367,NA,0.999500249875062,1,FALSE,FALSE
"CA_ExN","continuous_lfc","PYY",-0.0361027453337463,NA,1,1,FALSE,FALSE
"CA_ExN","continuous_lfc","RARRES2",-0.036118395443785,NA,1,1,FALSE,FALSE
"CA_ExN","continuous_lfc","TGFBI",-0.0361192598082999,NA,1,1,FALSE,FALSE
"CA_ExN","continuous_lfc","THBS4",-0.0361245892937249,NA,1,1,FALSE,FALSE
"CA_ExN","continuous_lfc","COL17A1",-0.0361360541475971,NA,1,1,FALSE,FALSE
"CA_ExN","continuous_lfc","SERPING1",-0.0361385682537181,NA,1,1,FALSE,FALSE
"CA_ExN","continuous_lfc","XCL1",-0.0361522837637957,NA,1,1,FALSE,FALSE
"CA_ExN","continuous_lfc","PODXL2",-0.0362259956696189,NA,1,1,FALSE,FALSE
"CA_ExN","continuous_lfc","NRG4",-0.0362482734111492,NA,1,1,FALSE,FALSE
"CA_ExN","continuous_lfc","NRG3",-0.0362580306744818,NA,1,1,FALSE,FALSE
"CA_ExN","continuous_lfc","IL18BP",-0.0363031204677483,NA,1,1,FALSE,FALSE
"CA_ExN","continuous_lfc","HLA-C",-0.0363168143815752,NA,1,1,FALSE,FALSE
"CA_ExN","continuous_lfc","TSPAN33",-0.0363321675048461,NA,1,1,FALSE,FALSE
"CA_ExN","continuous_lfc","MMP14",-0.0363572719853092,NA,1,1,FALSE,FALSE
"CA_ExN","continuous_lfc","FGF9",-0.0363672939898744,NA,1,1,FALSE,FALSE
"CA_ExN","continuous_lfc","EFNA2",-0.0363860228061132,NA,1,1,FALSE,FALSE
"CA_ExN","continuous_lfc","SIRPG",-0.0364082910199972,NA,1,1,FALSE,FALSE
"CA_ExN","continuous_lfc","HLA-DQA2",-0.0364088398307675,NA,1,1,FALSE,FALSE
"CA_ExN","continuous_lfc","LGALS9",-0.0364164740478185,NA,1,1,TRUE,TRUE
"CA_ExN","continuous_lfc","EFNB3",-0.0364424105599843,NA,1,1,FALSE,FALSE
"CA_ExN","continuous_lfc","BOC",-0.0365477500470225,NA,1,1,FALSE,FALSE
"CA_ExN","continuous_lfc","COL12A1",-0.0366789545427925,NA,1,1,TRUE,TRUE
"CA_ExN","continuous_lfc","SFRP2",-0.036706569295439,NA,1,1,FALSE,FALSE
"CA_ExN","continuous_lfc","KIR2DS3",-0.036708624935544,NA,1,1,FALSE,FALSE
"CA_ExN","continuous_lfc","SEMA3B",-0.0367116465613632,NA,1,1,FALSE,FALSE
"CA_ExN","continuous_lfc","HDC",-0.036733040646301,NA,1,1,FALSE,FALSE
"CA_ExN","continuous_lfc","SLIT1",-0.0367364387965525,NA,1,1,FALSE,FALSE
"CA_ExN","continuous_lfc","FGA",-0.0367614560637914,NA,1,1,FALSE,FALSE
"CA_ExN","continuous_lfc","LYPD6",-0.0368016848366911,NA,1,1,FALSE,FALSE
"CA_ExN","continuous_lfc","RETN",-0.0368038332967253,NA,1,1,FALSE,FALSE
"CA_ExN","continuous_lfc","OLFM2",-0.0368058649053587,NA,0.999500249875062,1,FALSE,FALSE
"CA_ExN","continuous_lfc","GLG1",-0.0368098527068378,NA,1,1,FALSE,FALSE
"CA_ExN","continuous_lfc","C4A",-0.036812541049182,NA,1,1,FALSE,FALSE
"CA_ExN","continuous_lfc","ECM1",-0.0368459735330093,NA,1,1,FALSE,FALSE
"CA_ExN","continuous_lfc","CYTL1",-0.0368571728774712,NA,1,1,TRUE,TRUE
"CA_ExN","continuous_lfc","GRN",-0.036869440498934,NA,1,1,FALSE,FALSE
"CA_ExN","continuous_lfc","SPAG11B",-0.0368967896402927,NA,1,1,FALSE,FALSE
"CA_ExN","continuous_lfc","SLITRK6",-0.0369173885894636,NA,1,1,FALSE,FALSE
"CA_ExN","continuous_lfc","CLDN24",-0.0369215542370622,NA,1,1,FALSE,FALSE
"CA_ExN","continuous_lfc","LIN7A",-0.0369262820489422,NA,0.999500249875062,1,FALSE,FALSE
"CA_ExN","continuous_lfc","FGB",-0.0369603201351683,NA,1,1,FALSE,FALSE
"CA_ExN","continuous_lfc","CA12",-0.0369712164845862,NA,1,1,FALSE,FALSE
"CA_ExN","continuous_lfc","ICAM4",-0.0369778127837567,NA,1,1,FALSE,FALSE
"CA_ExN","continuous_lfc","PTGS2",-0.0369910250455397,NA,1,1,FALSE,FALSE
"CA_ExN","continuous_lfc","LGI1",-0.036991577332155,NA,1,1,FALSE,FALSE
"CA_ExN","continuous_lfc","CXCL6",-0.0370060281799658,NA,1,1,FALSE,FALSE
"CA_ExN","continuous_lfc","S100A8",-0.0370299373449306,NA,1,1,FALSE,FALSE
"CA_ExN","continuous_lfc","BTNL9",-0.0370437217714341,NA,1,1,FALSE,FALSE
"CA_ExN","continuous_lfc","OMG",-0.0370584774663966,NA,1,1,FALSE,FALSE
"CA_ExN","continuous_lfc","SEMA3C",-0.0370858716748575,NA,1,1,FALSE,FALSE
"CA_ExN","continuous_lfc","CNTN3",-0.0371118194687053,NA,1,1,FALSE,FALSE
"CA_ExN","continuous_lfc","PLTP",-0.0371160753722081,NA,1,1,FALSE,FALSE
"CA_ExN","continuous_lfc","SCGB1A1",-0.0371211271035013,NA,1,1,FALSE,FALSE
"CA_ExN","continuous_lfc","C1QB",-0.0371236265670549,NA,1,1,FALSE,FALSE
"CA_ExN","continuous_lfc","RGMA",-0.0371334853499097,NA,1,1,FALSE,FALSE
"CA_ExN","continuous_lfc","MFAP3L",-0.0371510241840631,NA,1,1,FALSE,FALSE
"CA_ExN","continuous_lfc","HLA-F",-0.0371523769460504,NA,1,1,FALSE,FALSE
"CA_ExN","continuous_lfc","GAD1",-0.0371533215920072,NA,1,1,FALSE,FALSE
"CA_ExN","continuous_lfc","LAMA3",-0.0371754331826109,NA,1,1,FALSE,FALSE
"CA_ExN","continuous_lfc","CCL4L1",-0.0372085996047562,NA,1,1,FALSE,FALSE
"CA_ExN","continuous_lfc","ITGA9",-0.0372104969275171,NA,1,1,FALSE,FALSE
"CA_ExN","continuous_lfc","NID1",-0.0372136061223527,NA,1,1,FALSE,FALSE
"CA_ExN","continuous_lfc","PCDHA6",-0.0372203242341999,NA,1,1,FALSE,FALSE
"CA_ExN","continuous_lfc","APELA",-0.037223156020226,NA,1,1,FALSE,FALSE
"CA_ExN","continuous_lfc","RBP3",-0.037225495754128,NA,1,1,FALSE,FALSE
"CA_ExN","continuous_lfc","MSN",-0.0372647459595464,NA,1,1,FALSE,FALSE
"CA_ExN","continuous_lfc","LIPH",-0.0372805098570365,NA,1,1,FALSE,FALSE
"CA_ExN","continuous_lfc","LAYN",-0.0372830556503228,NA,1,1,FALSE,FALSE
"CA_ExN","continuous_lfc","SEMA3E",-0.0372914148009696,NA,1,1,FALSE,FALSE
"CA_ExN","continuous_lfc","NMB",-0.0373115669832153,NA,1,1,FALSE,FALSE
"CA_ExN","continuous_lfc","ADAM2",-0.037323892966329,NA,1,1,FALSE,FALSE
"CA_ExN","continuous_lfc","SLC6A8",-0.0373250253128587,NA,1,1,FALSE,FALSE
"CA_ExN","continuous_lfc","NEO1",-0.0373685196498946,NA,1,1,FALSE,FALSE
"CA_ExN","continuous_lfc","ADAM12",-0.0373824495453792,NA,1,1,FALSE,FALSE
"CA_ExN","continuous_lfc","LY86",-0.0373832130016489,NA,1,1,FALSE,FALSE
"CA_ExN","continuous_lfc","VWF",-0.0373880562602988,NA,1,1,FALSE,FALSE
"CA_ExN","continuous_lfc","LRFN1",-0.0373887057561624,NA,1,1,FALSE,FALSE
"CA_ExN","continuous_lfc","NPFF",-0.0374400598559862,NA,1,1,FALSE,FALSE
"CA_ExN","continuous_lfc","IZUMO1",-0.0374523450093338,NA,1,1,FALSE,FALSE
"CA_ExN","continuous_lfc","MXRA5",-0.037479852503083,NA,1,1,FALSE,FALSE
"CA_ExN","continuous_lfc","EGFL8",-0.0375046524155055,NA,1,1,FALSE,FALSE
"CA_ExN","continuous_lfc","QRFP",-0.037522089602916,NA,1,1,FALSE,FALSE
"CA_ExN","continuous_lfc","XCL2",-0.0375409186447166,NA,1,1,FALSE,FALSE
"CA_ExN","continuous_lfc","ITGB1",-0.0375501624458916,NA,1,1,FALSE,FALSE
"CA_ExN","continuous_lfc","LPL",-0.0375902238045346,NA,1,1,FALSE,FALSE
"CA_ExN","continuous_lfc","ERFE",-0.0376045988548483,NA,1,1,FALSE,FALSE
"CA_ExN","continuous_lfc","RAET1E",-0.037610447891411,NA,1,1,FALSE,FALSE
"CA_ExN","continuous_lfc","ATP1B1",-0.0376170003893423,NA,1,1,FALSE,FALSE
"CA_ExN","continuous_lfc","GSTP1",-0.0376690426807862,NA,1,1,FALSE,FALSE
"CA_ExN","continuous_lfc","EDN2",-0.0376714684990524,NA,1,1,FALSE,FALSE
"CA_ExN","continuous_lfc","COL3A1",-0.0376824266871764,NA,1,1,FALSE,FALSE
"CA_ExN","continuous_lfc","COL9A2",-0.0376852255256335,NA,1,1,FALSE,FALSE
"CA_ExN","continuous_lfc","SEMA4F",-0.0377428698536382,NA,1,1,FALSE,FALSE
"CA_ExN","continuous_lfc","RLN2",-0.0377789343302894,NA,1,1,FALSE,FALSE
"CA_ExN","continuous_lfc","CCN4",-0.0377820802780613,NA,0.999500249875062,1,FALSE,FALSE
"CA_ExN","continuous_lfc","CGB3",-0.0377979323001826,NA,1,1,FALSE,FALSE
"CA_ExN","continuous_lfc","COL6A6",-0.0378318791954411,NA,1,1,FALSE,FALSE
"CA_ExN","continuous_lfc","APOE",-0.0378390739920076,NA,0.999500249875062,1,TRUE,TRUE
"CA_ExN","continuous_lfc","TMPRSS6",-0.0378691062361618,NA,1,1,FALSE,FALSE
"CA_ExN","continuous_lfc","PCDHB3",-0.0379010732441544,NA,1,1,FALSE,FALSE
"CA_ExN","continuous_lfc","COL11A2",-0.0379177087589905,NA,0.999500249875062,1,FALSE,FALSE
"CA_ExN","continuous_lfc","NAMPT",-0.0379378338758639,NA,1,1,FALSE,FALSE
"CA_ExN","continuous_lfc","SYT1",-0.0379433998614352,NA,1,1,FALSE,FALSE
"CA_ExN","continuous_lfc","COL6A1",-0.037955456428875,NA,0.999500249875062,1,FALSE,FALSE
"CA_ExN","continuous_lfc","CCN1",-0.0379669308994316,NA,1,1,FALSE,FALSE
"CA_ExN","continuous_lfc","CEACAM20",-0.0380076273578063,NA,1,1,FALSE,FALSE
"CA_ExN","continuous_lfc","TF",-0.038020689893292,NA,1,1,FALSE,FALSE
"CA_ExN","continuous_lfc","GPI",-0.0380207975460475,NA,1,1,FALSE,FALSE
"CA_ExN","continuous_lfc","CD55",-0.0380432775927023,NA,1,1,FALSE,FALSE
"CA_ExN","continuous_lfc","OCLN",-0.0380459470116714,NA,1,1,FALSE,FALSE
"CA_ExN","continuous_lfc","TNN",-0.0380460987789532,NA,1,1,FALSE,FALSE
"CA_ExN","continuous_lfc","LAMC2",-0.0380487706927146,NA,1,1,FALSE,FALSE
"CA_ExN","continuous_lfc","FBLN1",-0.038070677839795,NA,1,1,FALSE,FALSE
"CA_ExN","continuous_lfc","LAMA4",-0.0380818424281125,NA,1,1,FALSE,FALSE
"CA_ExN","continuous_lfc","LRFN5",-0.0380930511849358,NA,1,1,FALSE,FALSE
"CA_ExN","continuous_lfc","FCN2",-0.0380976160846778,NA,1,1,FALSE,FALSE
"CA_ExN","continuous_lfc","MCAM",-0.0381145562220775,NA,1,1,FALSE,FALSE
"CA_ExN","continuous_lfc","NECTIN4",-0.0381151469106127,NA,1,1,FALSE,FALSE
"CA_ExN","continuous_lfc","COPA",-0.0381232337371935,NA,0.999500249875062,1,FALSE,FALSE
"CA_ExN","continuous_lfc","PDPN",-0.0381361393719677,NA,1,1,FALSE,FALSE
"CA_ExN","continuous_lfc","PCDHA12",-0.0381523882636122,NA,1,1,FALSE,FALSE
"CA_ExN","continuous_lfc","CEACAM6",-0.0381571497513953,NA,1,1,FALSE,FALSE
"CA_ExN","continuous_lfc","CD59",-0.0381595258551351,NA,1,1,FALSE,FALSE
"CA_ExN","continuous_lfc","COL5A3",-0.0381696244175863,NA,1,1,FALSE,FALSE
"CA_ExN","continuous_lfc","IGFBP4",-0.0381995256653826,NA,1,1,FALSE,FALSE
"CA_ExN","continuous_lfc","CDCP1",-0.0382045679776831,NA,1,1,FALSE,FALSE
"CA_ExN","continuous_lfc","MLN",-0.0382218082991559,NA,1,1,FALSE,FALSE
"CA_ExN","continuous_lfc","INSL3",-0.0382658643204375,NA,1,1,FALSE,FALSE
"CA_ExN","continuous_lfc","MMP16",-0.0382756753594214,NA,1,1,FALSE,FALSE
"CA_ExN","continuous_lfc","LY6G5C",-0.0382824191006533,NA,1,1,FALSE,FALSE
"CA_ExN","continuous_lfc","RSPO2",-0.0382944801990735,NA,1,1,FALSE,FALSE
"CA_ExN","continuous_lfc","HLA-B",-0.038320957689616,NA,1,1,FALSE,FALSE
"CA_ExN","continuous_lfc","LAMB3",-0.0383368366632679,NA,1,1,FALSE,FALSE
"CA_ExN","continuous_lfc","LHB",-0.0383391753236942,NA,1,1,FALSE,FALSE
"CA_ExN","continuous_lfc","F9",-0.0383523156436976,NA,1,1,FALSE,FALSE
"CA_ExN","continuous_lfc","MATN1",-0.0384040268175512,NA,1,1,FALSE,FALSE
"CA_ExN","continuous_lfc","ICAM5",-0.0384888546670103,NA,1,1,FALSE,FALSE
"CA_ExN","continuous_lfc","SHBG",-0.0385184395969702,NA,1,1,FALSE,FALSE
"CA_ExN","continuous_lfc","IGSF10",-0.0385193346935299,NA,1,1,FALSE,FALSE
"CA_ExN","continuous_lfc","CCN6",-0.0385693869575618,NA,1,1,FALSE,FALSE
"CA_ExN","continuous_lfc","VSTM4",-0.0385967430160765,NA,1,1,FALSE,FALSE
"CA_ExN","continuous_lfc","PF4V1",-0.0386540587422578,NA,1,1,FALSE,FALSE
"CA_ExN","continuous_lfc","C10orf99",-0.0386597927099053,NA,1,1,FALSE,FALSE
"CA_ExN","continuous_lfc","GIP",-0.0386793945123355,NA,1,1,FALSE,FALSE
"CA_ExN","continuous_lfc","PCDHA3",-0.0386821803269368,NA,1,1,FALSE,FALSE
"CA_ExN","continuous_lfc","SIRPA",-0.0387281831556336,NA,1,1,FALSE,FALSE
"CA_ExN","continuous_lfc","EFNB1",-0.0387311955158402,NA,1,1,FALSE,FALSE
"CA_ExN","continuous_lfc","PTN",-0.0387656519546108,NA,1,1,FALSE,FALSE
"CA_ExN","continuous_lfc","NECTIN1",-0.0387902180352578,NA,1,1,FALSE,FALSE
"CA_ExN","continuous_lfc","CLDN11",-0.0388006526559769,NA,1,1,FALSE,FALSE
"CA_ExN","continuous_lfc","RSPO4",-0.038810320006345,NA,1,1,FALSE,FALSE
"CA_ExN","continuous_lfc","CGB7",-0.0388269004282055,NA,1,1,FALSE,FALSE
"CA_ExN","continuous_lfc","LOC101059948",-0.0388269004282055,NA,1,1,FALSE,FALSE
"CA_ExN","continuous_lfc","AMELY",-0.0388467478037104,NA,1,1,FALSE,FALSE
"CA_ExN","continuous_lfc","CEACAM5",-0.0388870726646823,NA,1,1,FALSE,FALSE
"CA_ExN","continuous_lfc","CD1D",-0.0389015522722665,NA,1,1,FALSE,FALSE
"CA_ExN","continuous_lfc","CD99",-0.0389083727221794,NA,1,1,FALSE,FALSE
"CA_ExN","continuous_lfc","GUCY2D",-0.0389475131194463,NA,1,1,FALSE,FALSE
"CA_ExN","continuous_lfc","MXRA8",-0.0389687478121995,NA,1,1,FALSE,FALSE
"CA_ExN","continuous_lfc","ADAM10",-0.0389765032147396,NA,1,1,FALSE,FALSE
"CA_ExN","continuous_lfc","FNDC5",-0.0390072858680807,NA,1,1,FALSE,FALSE
"CA_ExN","continuous_lfc","ADM2",-0.0390221821859693,NA,1,1,FALSE,FALSE
"CA_ExN","continuous_lfc","ANGPTL1",-0.0390319084630257,NA,1,1,FALSE,FALSE
"CA_ExN","continuous_lfc","RAET1G",-0.0390341694026249,NA,1,1,FALSE,FALSE
"CA_ExN","continuous_lfc","COL27A1",-0.0390399982748753,NA,1,1,FALSE,FALSE
"CA_ExN","continuous_lfc","ITIH2",-0.0390454829729184,NA,1,1,FALSE,FALSE
"CA_ExN","continuous_lfc","CXCL5",-0.0390659809425818,NA,1,1,FALSE,FALSE
"CA_ExN","continuous_lfc","DLL1",-0.0390972862837369,NA,1,1,FALSE,FALSE
"CA_ExN","continuous_lfc","BTNL8",-0.039107077308632,NA,1,1,FALSE,FALSE
"CA_ExN","continuous_lfc","NTN3",-0.0391325763930945,NA,1,1,FALSE,FALSE
"CA_ExN","continuous_lfc","SLITRK5",-0.0391434663620852,NA,1,1,FALSE,FALSE
"CA_ExN","continuous_lfc","EFNB2",-0.0391534972099229,NA,1,1,FALSE,FALSE
"CA_ExN","continuous_lfc","IMPG2",-0.0391684421712723,NA,1,1,FALSE,FALSE
"CA_ExN","continuous_lfc","COL8A1",-0.0391690760137846,NA,1,1,TRUE,TRUE
"CA_ExN","continuous_lfc","CCL7",-0.0391802226033454,NA,1,1,FALSE,FALSE
"CA_ExN","continuous_lfc","MFAP5",-0.0391803466425144,NA,1,1,FALSE,FALSE
"CA_ExN","continuous_lfc","YARS1",-0.0392121897790219,NA,1,1,FALSE,FALSE
"CA_ExN","continuous_lfc","BMP15",-0.03921397582089,NA,1,1,FALSE,FALSE
"CA_ExN","continuous_lfc","ANGPTL3",-0.0392143870296367,NA,1,1,FALSE,FALSE
"CA_ExN","continuous_lfc","CDH3",-0.0392162697729001,NA,1,1,FALSE,FALSE
"CA_ExN","continuous_lfc","DMP1",-0.0392173783525019,NA,1,1,FALSE,FALSE
"CA_ExN","continuous_lfc","VSIG4",-0.0392367043548865,NA,1,1,FALSE,FALSE
"CA_ExN","continuous_lfc","PTGFRN",-0.0392471465711067,NA,1,1,FALSE,FALSE
"CA_ExN","continuous_lfc","LYZ",-0.0392600843519574,NA,1,1,FALSE,FALSE
"CA_ExN","continuous_lfc","COL4A5",-0.039264918016922,NA,1,1,FALSE,FALSE
"CA_ExN","continuous_lfc","GREM1",-0.0392684815568978,NA,1,1,FALSE,FALSE
"CA_ExN","continuous_lfc","ADGRF5",-0.039272298809985,NA,1,1,FALSE,FALSE
"CA_ExN","continuous_lfc","SDC4",-0.0392879946391671,NA,1,1,FALSE,FALSE
"CA_ExN","continuous_lfc","COL13A1",-0.0392991823014039,NA,1,1,FALSE,FALSE
"CA_ExN","continuous_lfc","GJB2",-0.0393091654888858,NA,1,1,FALSE,FALSE
"CA_ExN","continuous_lfc","ZPBP2",-0.0393442079038606,NA,1,1,FALSE,FALSE
"CA_ExN","continuous_lfc","RLN1",-0.0393534290152379,NA,1,1,FALSE,FALSE
"CA_ExN","continuous_lfc","MAG",-0.0393818956898835,NA,1,1,FALSE,FALSE
"CA_ExN","continuous_lfc","SEMA3D",-0.0394081239419476,NA,1,1,TRUE,TRUE
"CA_ExN","continuous_lfc","CXCL17",-0.0394118036467431,NA,1,1,FALSE,FALSE
"CA_ExN","continuous_lfc","CLDN19",-0.0394362133089948,NA,1,1,FALSE,FALSE
"CA_ExN","continuous_lfc","POMZP3",-0.0394601998586484,NA,1,1,FALSE,FALSE
"CA_ExN","continuous_lfc","SEMA3G",-0.0394699236360438,NA,1,1,FALSE,FALSE
"CA_ExN","continuous_lfc","S100B",-0.0394717951623046,NA,1,1,FALSE,FALSE
"CA_ExN","continuous_lfc","L1CAM",-0.039535969264726,NA,1,1,FALSE,FALSE
"CA_ExN","continuous_lfc","F11",-0.0396329182499307,NA,1,1,FALSE,FALSE
"CA_ExN","continuous_lfc","SIGLEC5",-0.0396539258530961,NA,1,1,FALSE,FALSE
"CA_ExN","continuous_lfc","SHISA4",-0.0396658594757122,NA,1,1,FALSE,FALSE
"CA_ExN","continuous_lfc","ULBP2",-0.0396839803946989,NA,1,1,FALSE,FALSE
"CA_ExN","continuous_lfc","BPI",-0.0396923516511316,NA,1,1,FALSE,FALSE
"CA_ExN","continuous_lfc","ADAM15",-0.039720242134079,NA,1,1,FALSE,FALSE
"CA_ExN","continuous_lfc","CCN3",-0.0397442809118604,NA,0.999500249875062,1,FALSE,FALSE
"CA_ExN","continuous_lfc","PLXNA1",-0.039752339778923,NA,1,1,FALSE,FALSE
"CA_ExN","continuous_lfc","COL4A4",-0.0397544310432767,NA,1,1,FALSE,FALSE
"CA_ExN","continuous_lfc","LCN1",-0.0397787099740114,NA,1,1,FALSE,FALSE
"CA_ExN","continuous_lfc","CORIN",-0.0397912344534342,NA,1,1,FALSE,FALSE
"CA_ExN","continuous_lfc","EFNA1",-0.039797426472043,NA,1,1,FALSE,FALSE
"CA_ExN","continuous_lfc","SCGB3A1",-0.0398226163607879,NA,1,1,FALSE,FALSE
"CA_ExN","continuous_lfc","CDH5",-0.0398227638987417,NA,1,1,FALSE,FALSE
"CA_ExN","continuous_lfc","LGALS1",-0.0398228881909574,NA,0.999500249875062,1,FALSE,FALSE
"CA_ExN","continuous_lfc","SEMA4D",-0.0398439435957776,NA,1,1,FALSE,FALSE
"CA_ExN","continuous_lfc","COL14A1",-0.0398495619201795,NA,1,1,FALSE,FALSE
"CA_ExN","continuous_lfc","TSPAN3",-0.0398511785902101,NA,1,1,FALSE,FALSE
"CA_ExN","continuous_lfc","CD82",-0.0398529103923909,NA,1,1,FALSE,FALSE
"CA_ExN","continuous_lfc","WIF1",-0.03991890279471,NA,1,1,FALSE,FALSE
"CA_ExN","continuous_lfc","CORT",-0.0399722276293045,NA,1,1,FALSE,FALSE
"CA_ExN","continuous_lfc","LRCH4",-0.0400338804178466,NA,1,1,FALSE,FALSE
"CA_ExN","continuous_lfc","CLMP",-0.0400596172176561,NA,1,1,FALSE,FALSE
"CA_ExN","continuous_lfc","CCL3L3",-0.0400779528113414,NA,1,1,FALSE,FALSE
"CA_ExN","continuous_lfc","GALP",-0.0400788834999372,NA,1,1,FALSE,FALSE
"CA_ExN","continuous_lfc","COL4A3",-0.0400983354688075,NA,1,1,FALSE,FALSE
"CA_ExN","continuous_lfc","NXPH3",-0.0401125407916603,NA,1,1,FALSE,FALSE
"CA_ExN","continuous_lfc","TSPAN5",-0.040120126073877,NA,1,1,FALSE,FALSE
"CA_ExN","continuous_lfc","EFEMP1",-0.04014091148848,NA,1,1,TRUE,TRUE
"CA_ExN","continuous_lfc","CD79B",-0.0401881597105417,NA,1,1,FALSE,FALSE
"CA_ExN","continuous_lfc","ITGB2",-0.0401987166901829,NA,1,1,FALSE,FALSE
"CA_ExN","continuous_lfc","DCHS1",-0.0402064774492208,NA,1,1,FALSE,FALSE
"CA_ExN","continuous_lfc","COL6A5",-0.0402193419693505,NA,1,1,FALSE,FALSE
"CA_ExN","continuous_lfc","COL10A1",-0.0402584333364944,NA,1,1,FALSE,FALSE
"CA_ExN","continuous_lfc","CLUL1",-0.0402942058722298,NA,1,1,FALSE,FALSE
"CA_ExN","continuous_lfc","LAMC3",-0.0402987926082019,NA,1,1,FALSE,FALSE
"CA_ExN","continuous_lfc","NT5E",-0.0403010265289649,NA,1,1,FALSE,FALSE
"CA_ExN","continuous_lfc","ENPP1",-0.0403235553009841,NA,1,1,FALSE,FALSE
"CA_ExN","continuous_lfc","EDIL3",-0.0403369115452428,NA,1,1,FALSE,FALSE
"CA_ExN","continuous_lfc","EFNA3",-0.040369545285985,NA,1,1,FALSE,FALSE
"CA_ExN","continuous_lfc","HEBP1",-0.0403813573116222,NA,1,1,FALSE,FALSE
"CA_ExN","continuous_lfc","UTS2B",-0.0404035256098149,NA,1,1,FALSE,FALSE
"CA_ExN","continuous_lfc","COL20A1",-0.0404056144730625,NA,1,1,FALSE,FALSE
"CA_ExN","continuous_lfc","PTH2",-0.0404125428624383,NA,1,1,FALSE,FALSE
"CA_ExN","continuous_lfc","ADAM9",-0.040428171406833,NA,1,1,FALSE,FALSE
"CA_ExN","continuous_lfc","CLEC2A",-0.0404284147777851,NA,1,1,FALSE,FALSE
"CA_ExN","continuous_lfc","ROBO1",-0.040435379424551,NA,1,1,FALSE,FALSE
"CA_ExN","continuous_lfc","NPS",-0.0404478777440942,NA,1,1,FALSE,FALSE
"CA_ExN","continuous_lfc","PECAM1",-0.0404499089335602,NA,1,1,FALSE,FALSE
"CA_ExN","continuous_lfc","PRND",-0.0404789100292035,NA,1,1,FALSE,FALSE
"CA_ExN","continuous_lfc","DHH",-0.0404899075216545,NA,1,1,FALSE,FALSE
"CA_ExN","continuous_lfc","PTPRK",-0.0404973074404688,NA,1,1,FALSE,FALSE
"CA_ExN","continuous_lfc","TDGF1",-0.0405035588153142,NA,1,1,FALSE,FALSE
"CA_ExN","continuous_lfc","CD6",-0.0405637577543194,NA,1,1,FALSE,FALSE
"CA_ExN","continuous_lfc","SERPINC1",-0.04059229642283,NA,1,1,FALSE,FALSE
"CA_ExN","continuous_lfc","THBS1",-0.0405940280145965,NA,1,1,FALSE,FALSE
"CA_ExN","continuous_lfc","KLK3",-0.0406230311353704,NA,1,1,FALSE,FALSE
"CA_ExN","continuous_lfc","GGT1",-0.040662810735472,NA,1,1,FALSE,FALSE
"CA_ExN","continuous_lfc","CD38",-0.0406630764235502,NA,1,1,FALSE,FALSE
"CA_ExN","continuous_lfc","SEMA7A",-0.040668373416267,NA,1,1,FALSE,FALSE
"CA_ExN","continuous_lfc","DEFB1",-0.0406797183024954,NA,1,1,FALSE,FALSE
"CA_ExN","continuous_lfc","PSG4",-0.0406814911431715,NA,1,1,FALSE,FALSE
"CA_ExN","continuous_lfc","FGFRL1",-0.0407130917189451,NA,1,1,FALSE,FALSE
"CA_ExN","continuous_lfc","NID2",-0.040717524525423,NA,1,1,FALSE,FALSE
"CA_ExN","continuous_lfc","ELFN1",-0.0407262832774576,NA,1,1,FALSE,FALSE
"CA_ExN","continuous_lfc","LAMA5",-0.0407271572070328,NA,1,1,FALSE,FALSE
"CA_ExN","continuous_lfc","LRRC52",-0.0407447388235037,NA,1,1,FALSE,FALSE
"CA_ExN","continuous_lfc","PTPRZ1",-0.0407585492614362,NA,1,1,FALSE,FALSE
"CA_ExN","continuous_lfc","NUCB2",-0.0407626767202497,NA,1,1,FALSE,FALSE
"CA_ExN","continuous_lfc","AANAT",-0.0407659484861932,NA,1,1,FALSE,FALSE
"CA_ExN","continuous_lfc","NTN1",-0.040771960368565,NA,1,1,FALSE,FALSE
"CA_ExN","continuous_lfc","WBP1",-0.0408178667975229,NA,1,1,FALSE,FALSE
"CA_ExN","continuous_lfc","PGLYRP1",-0.0408305313165581,NA,1,1,FALSE,FALSE
"CA_ExN","continuous_lfc","LCN2",-0.0408682325767641,NA,1,1,FALSE,FALSE
"CA_ExN","continuous_lfc","CIB1",-0.0408813842923381,NA,1,1,FALSE,FALSE
"CA_ExN","continuous_lfc","MPZ",-0.040916841872942,NA,1,1,FALSE,FALSE
"CA_ExN","continuous_lfc","LAMB1",-0.0409374443556963,NA,1,1,FALSE,FALSE
"CA_ExN","continuous_lfc","SEMA4A",-0.0409602603880722,NA,1,1,FALSE,FALSE
"CA_ExN","continuous_lfc","A2M",-0.0410032913937799,NA,1,1,FALSE,FALSE
"CA_ExN","continuous_lfc","ADAMTS3",-0.0410068258175282,NA,1,1,FALSE,FALSE
"CA_ExN","continuous_lfc","FN1",-0.0410225399761422,NA,1,1,FALSE,FALSE
"CA_ExN","continuous_lfc","TPH1",-0.0410392396384324,NA,1,1,FALSE,FALSE
"CA_ExN","continuous_lfc","SLIT3",-0.0410436369292548,NA,1,1,FALSE,FALSE
"CA_ExN","continuous_lfc","FAP",-0.0410551545880624,NA,1,1,TRUE,TRUE
"CA_ExN","continuous_lfc","C6orf15",-0.0410799206213533,NA,1,1,FALSE,FALSE
"CA_ExN","continuous_lfc","LRFN4",-0.0411001443672624,NA,1,1,FALSE,FALSE
"CA_ExN","continuous_lfc","COL9A1",-0.0411350312736988,NA,1,1,FALSE,FALSE
"CA_ExN","continuous_lfc","CEACAM8",-0.0411440253956999,NA,1,1,FALSE,FALSE
"CA_ExN","continuous_lfc","PSG5",-0.0411509827677522,NA,1,1,FALSE,FALSE
"CA_ExN","continuous_lfc","CFP",-0.0411748179719523,NA,1,1,FALSE,FALSE
"CA_ExN","continuous_lfc","GPC3",-0.0411849340134577,NA,1,1,FALSE,FALSE
"CA_ExN","continuous_lfc","TNXB",-0.0412128927651505,NA,1,1,FALSE,FALSE
"CA_ExN","continuous_lfc","LIN7B",-0.0412270373473748,NA,1,1,FALSE,FALSE
"CA_ExN","continuous_lfc","UTS2",-0.0412505008174393,NA,1,1,FALSE,FALSE
"CA_ExN","continuous_lfc","LRP1B",-0.0412538219654959,NA,1,1,FALSE,FALSE
"CA_ExN","continuous_lfc","HP",-0.0412864039500435,NA,1,1,FALSE,FALSE
"CA_ExN","continuous_lfc","CPAMD8",-0.0412953620017253,NA,1,1,FALSE,FALSE
"CA_ExN","continuous_lfc","AZGP1",-0.0413040269072827,NA,1,1,TRUE,TRUE
"CA_ExN","continuous_lfc","ANPEP",-0.0413458214390931,NA,0.999500249875062,1,FALSE,FALSE
"CA_ExN","continuous_lfc","MYEOV",-0.0413631004609701,NA,1,1,FALSE,FALSE
"CA_ExN","continuous_lfc","CEACAM3",-0.0413951408393642,NA,1,1,FALSE,FALSE
"CA_ExN","continuous_lfc","SEMA6B",-0.0414475632440687,NA,1,1,FALSE,FALSE
"CA_ExN","continuous_lfc","C1QTNF5",-0.0414674142174687,NA,1,1,FALSE,FALSE
"CA_ExN","continuous_lfc","CADM3",-0.0414703709836935,NA,1,1,FALSE,FALSE
"CA_ExN","continuous_lfc","SEMA5B",-0.0415176733731751,NA,1,1,FALSE,FALSE
"CA_ExN","continuous_lfc","SAA1",-0.0415271930683997,NA,1,1,FALSE,FALSE
"CA_ExN","continuous_lfc","SOSTDC1",-0.0415316292338455,NA,1,1,FALSE,FALSE
"CA_ExN","continuous_lfc","FCN1",-0.0415401445099547,NA,1,1,FALSE,FALSE
"CA_ExN","continuous_lfc","CGA",-0.0415889816199199,NA,1,1,FALSE,FALSE
"CA_ExN","continuous_lfc","ANXA2",-0.0415906478846693,NA,1,1,FALSE,FALSE
"CA_ExN","continuous_lfc","C1QTNF1",-0.0415963169131174,NA,1,1,FALSE,FALSE
"CA_ExN","continuous_lfc","IL34",-0.0416164804140347,NA,1,1,FALSE,FALSE
"CA_ExN","continuous_lfc","MANSC1",-0.0416287793151259,NA,1,1,FALSE,FALSE
"CA_ExN","continuous_lfc","COL19A1",-0.0416369126107508,NA,1,1,FALSE,FALSE
"CA_ExN","continuous_lfc","COL28A1",-0.0416390912644121,NA,1,1,FALSE,FALSE
"CA_ExN","continuous_lfc","LAMA1",-0.0416545583031607,NA,1,1,FALSE,FALSE
"CA_ExN","continuous_lfc","DLL3",-0.0416578905896285,NA,1,1,FALSE,FALSE
"CA_ExN","continuous_lfc","PRSS3",-0.0416736808481133,NA,1,1,FALSE,FALSE
"CA_ExN","continuous_lfc","KIAA0319L",-0.0416876057952611,NA,1,1,FALSE,FALSE
"CA_ExN","continuous_lfc","RELN",-0.0416961944100603,NA,1,1,FALSE,FALSE
"CA_ExN","continuous_lfc","PRSS1",-0.0417571681157679,NA,1,1,FALSE,FALSE
"CA_ExN","continuous_lfc","NRXN2",-0.041758697209701,NA,1,1,FALSE,FALSE
"CA_ExN","continuous_lfc","MSTN",-0.0417773990721725,NA,1,1,FALSE,FALSE
"CA_ExN","continuous_lfc","PLA2G2A",-0.041824912371258,NA,1,1,FALSE,FALSE
"CA_ExN","continuous_lfc","TAC4",-0.0418968070753662,NA,1,1,FALSE,FALSE
"CA_ExN","continuous_lfc","MELTF",-0.0419034958087562,NA,1,1,FALSE,FALSE
"CA_ExN","continuous_lfc","PCSK9",-0.0419044436690786,NA,1,1,FALSE,FALSE
"CA_ExN","continuous_lfc","HLA-DOA",-0.0419090827532913,NA,1,1,FALSE,FALSE
"CA_ExN","continuous_lfc","KIRREL3",-0.0419222134013166,NA,1,1,FALSE,FALSE
"CA_ExN","continuous_lfc","CEACAM21",-0.0419440031258067,NA,1,1,FALSE,FALSE
"CA_ExN","continuous_lfc","OBP2A",-0.0419644972008325,NA,1,1,FALSE,FALSE
"CA_ExN","continuous_lfc","LRRC4B",-0.0419934282154851,NA,1,1,FALSE,FALSE
"CA_ExN","continuous_lfc","ARF1",-0.0420909783867553,NA,1,1,FALSE,FALSE
"CA_ExN","continuous_lfc","COL7A1",-0.042117153279525,NA,1,1,FALSE,FALSE
"CA_ExN","continuous_lfc","JAM2",-0.0422571489760027,NA,1,1,FALSE,FALSE
"CA_ExN","continuous_lfc","CD300A",-0.042318959833159,NA,1,1,FALSE,FALSE
"CA_ExN","continuous_lfc","COL4A1",-0.042358161740525,NA,1,1,FALSE,FALSE
"CA_ExN","continuous_lfc","NCAM1",-0.0423735615967672,NA,1,1,FALSE,FALSE
"CA_ExN","continuous_lfc","LINGO4",-0.042384404129496,NA,1,1,FALSE,FALSE
"CA_ExN","continuous_lfc","NFASC",-0.0423844041294963,NA,1,1,FALSE,FALSE
"CA_ExN","continuous_lfc","LRRTM3",-0.0423938904116239,NA,1,1,FALSE,FALSE
"CA_ExN","continuous_lfc","MFAP2",-0.0424337389569292,NA,1,1,FALSE,FALSE
"CA_ExN","continuous_lfc","COL1A1",-0.0424744151620461,NA,1,1,FALSE,FALSE
"CA_ExN","continuous_lfc","LGALS3",-0.042523071455519,NA,1,1,FALSE,FALSE
"CA_ExN","continuous_lfc","NTF4",-0.0425245473445638,NA,1,1,FALSE,FALSE
"CA_ExN","continuous_lfc","LAMC1",-0.0425315691397737,NA,1,1,FALSE,FALSE
"CA_ExN","continuous_lfc","GP1BA",-0.0425434117518546,NA,1,1,FALSE,FALSE
"CA_ExN","continuous_lfc","ADGRE5",-0.0425705626627551,NA,1,1,FALSE,FALSE
"CA_ExN","continuous_lfc","PATJ",-0.0426212783141669,NA,1,1,FALSE,FALSE
"CA_ExN","continuous_lfc","OXT",-0.0426398936133279,NA,1,1,FALSE,FALSE
"CA_ExN","continuous_lfc","VCAM1",-0.0426434183862445,NA,1,1,FALSE,FALSE
"CA_ExN","continuous_lfc","FCRL6",-0.0426611260781849,NA,1,1,FALSE,FALSE
"CA_ExN","continuous_lfc","PIP",-0.0427006507878325,NA,1,1,FALSE,FALSE
"CA_ExN","continuous_lfc","ADGRB1",-0.0427108161748603,NA,1,1,FALSE,FALSE
"CA_ExN","continuous_lfc","SEMA3F",-0.0427182505262673,NA,1,1,FALSE,FALSE
"CA_ExN","continuous_lfc","COL6A2",-0.042739151203625,NA,1,1,FALSE,FALSE
"CA_ExN","continuous_lfc","COL24A1",-0.0427453843294559,NA,1,1,FALSE,FALSE
"CA_ExN","continuous_lfc","GUCA2B",-0.042747561177891,NA,1,1,FALSE,FALSE
"CA_ExN","continuous_lfc","LUM",-0.0428271934324594,NA,1,1,FALSE,FALSE
"CA_ExN","continuous_lfc","CNTN1",-0.0428363298843049,NA,1,1,FALSE,FALSE
"CA_ExN","continuous_lfc","SPINK1",-0.0428511983420547,NA,1,1,FALSE,FALSE
"CA_ExN","continuous_lfc","CNTN6",-0.0428530583609595,NA,1,1,FALSE,FALSE
"CA_ExN","continuous_lfc","COL21A1",-0.0428773517957831,NA,1,1,TRUE,TRUE
"CA_ExN","continuous_lfc","NPPB",-0.0428829588492894,NA,1,1,FALSE,FALSE
"CA_ExN","continuous_lfc","APOC2",-0.0429130442877608,NA,1,1,FALSE,FALSE
"CA_ExN","continuous_lfc","ORM1",-0.04291737972015,NA,1,1,FALSE,FALSE
"CA_ExN","continuous_lfc","CLDN3",-0.042919470874431,NA,1,1,FALSE,FALSE
"CA_ExN","continuous_lfc","CEACAM7",-0.0429233725807959,NA,1,1,FALSE,FALSE
"CA_ExN","continuous_lfc","CD96",-0.0429622678120644,NA,1,1,FALSE,FALSE
"CA_ExN","continuous_lfc","HAS1",-0.0429673720113845,NA,1,1,FALSE,FALSE
"CA_ExN","continuous_lfc","UXS1",-0.0429721671574445,NA,1,1,FALSE,FALSE
"CA_ExN","continuous_lfc","ITGAM",-0.0429813677437719,NA,1,1,FALSE,FALSE
"CA_ExN","continuous_lfc","MMP15",-0.0430223250441114,NA,1,1,FALSE,FALSE
"CA_ExN","continuous_lfc","APOC3",-0.0430604581972086,NA,1,1,FALSE,FALSE
"CA_ExN","continuous_lfc","DSG2",-0.0430637975288635,NA,1,1,FALSE,FALSE
"CA_ExN","continuous_lfc","NPNT",-0.0430665196535701,NA,1,1,FALSE,FALSE
"CA_ExN","continuous_lfc","DEFB4B",-0.043101664404982,NA,1,1,FALSE,FALSE
"CA_ExN","continuous_lfc","NETO2",-0.0431125677491635,NA,1,1,FALSE,FALSE
"CA_ExN","continuous_lfc","SEMA5A",-0.0431415080439866,NA,1,1,FALSE,FALSE
"CA_ExN","continuous_lfc","MICA",-0.0431458238063936,NA,1,1,FALSE,FALSE
"CA_ExN","continuous_lfc","THBS2",-0.0432457092201821,NA,1,1,FALSE,FALSE
"CA_ExN","continuous_lfc","CD160",-0.0432958758902954,NA,1,1,FALSE,FALSE
"CA_ExN","continuous_lfc","ADAM7",-0.0433204125775051,NA,1,1,FALSE,FALSE
"CA_ExN","continuous_lfc","NPTX2",-0.0434549961234059,NA,1,1,FALSE,FALSE
"CA_ExN","continuous_lfc","PVR",-0.0434663505858995,NA,1,1,FALSE,FALSE
"CA_ExN","continuous_lfc","SEMA6C",-0.0434685568260721,NA,1,1,FALSE,FALSE
"CA_ExN","continuous_lfc","CD200",-0.0434712972169205,NA,1,1,FALSE,FALSE
"CA_ExN","continuous_lfc","ADAM20",-0.0434967351524516,NA,1,1,FALSE,FALSE
"CA_ExN","continuous_lfc","DKK1",-0.0435109334897737,NA,1,1,FALSE,FALSE
"CA_ExN","continuous_lfc","EXOC3-AS1",-0.0435211208876363,NA,1,1,FALSE,FALSE
"CA_ExN","continuous_lfc","SEMA4G",-0.0435506221224079,NA,1,1,FALSE,FALSE
"CA_ExN","continuous_lfc","DSC1",-0.0435572124731104,NA,1,1,FALSE,FALSE
"CA_ExN","continuous_lfc","ITGA4",-0.0436181566245541,NA,1,1,FALSE,FALSE
"CA_ExN","continuous_lfc","DLK2",-0.0436783588401832,NA,1,1,FALSE,FALSE
"CA_ExN","continuous_lfc","F10",-0.043695946710607,NA,1,1,FALSE,FALSE
"CA_ExN","continuous_lfc","ALOX5AP",-0.0437017592975389,NA,1,1,FALSE,FALSE
"CA_ExN","continuous_lfc","ANTXR1",-0.043705021820313,NA,1,1,FALSE,FALSE
"CA_ExN","continuous_lfc","PIGA",-0.0437106212722613,NA,1,1,FALSE,FALSE
"CA_ExN","continuous_lfc","TGOLN2",-0.0437627320111681,NA,1,1,FALSE,FALSE
"CA_ExN","continuous_lfc","CLEC2L",-0.0437845526851711,NA,1,1,FALSE,FALSE
"CA_ExN","continuous_lfc","APOA4",-0.0438536167251224,NA,1,1,FALSE,FALSE
"CA_ExN","continuous_lfc","FGL1",-0.0439487337628358,NA,1,1,FALSE,FALSE
"CA_ExN","continuous_lfc","COL5A1",-0.0440106280798117,NA,1,1,FALSE,FALSE
"CA_ExN","continuous_lfc","RPS19",-0.0440183358652266,NA,1,1,FALSE,FALSE
"CA_ExN","continuous_lfc","CNTN5",-0.044057565945598,NA,1,1,FALSE,FALSE
"CA_ExN","continuous_lfc","SEMA3A",-0.0440672516941044,NA,1,1,FALSE,FALSE
"CA_ExN","continuous_lfc","LRRTM2",-0.0440945580537981,NA,1,1,FALSE,FALSE
"CA_ExN","continuous_lfc","TCTN3",-0.0441877327272406,NA,1,1,FALSE,FALSE
"CA_ExN","continuous_lfc","BCAN",-0.0442137423155738,NA,1,1,FALSE,FALSE
"CA_ExN","continuous_lfc","TCTN1",-0.0442197587152253,NA,1,1,FALSE,FALSE
"CA_ExN","continuous_lfc","NXPH1",-0.0442357007953069,NA,1,1,FALSE,FALSE
"CA_ExN","continuous_lfc","VCAN",-0.0442723558617029,NA,1,1,FALSE,FALSE
"CA_ExN","continuous_lfc","CLEC11A",-0.0442805817742534,NA,1,1,FALSE,FALSE
"CA_ExN","continuous_lfc","RLN3",-0.0442836677251467,NA,1,1,FALSE,FALSE
"CA_ExN","continuous_lfc","SPON2",-0.0443203584392239,NA,1,1,FALSE,FALSE
"CA_ExN","continuous_lfc","MPDZ",-0.0444443339614961,NA,1,1,FALSE,FALSE
"CA_ExN","continuous_lfc","NTM",-0.0444553744576733,NA,1,1,FALSE,FALSE
"CA_ExN","continuous_lfc","IGSF11",-0.0445057074256834,NA,1,1,FALSE,FALSE
"CA_ExN","continuous_lfc","WFIKKN2",-0.0445548286737017,NA,1,1,FALSE,FALSE
"CA_ExN","continuous_lfc","LRFN3",-0.0446108212515908,NA,1,1,FALSE,FALSE
"CA_ExN","continuous_lfc","ACP4",-0.0446142071629494,NA,1,1,FALSE,FALSE
"CA_ExN","continuous_lfc","DSC3",-0.0446829677659824,NA,1,1,FALSE,FALSE
"CA_ExN","continuous_lfc","TNR",-0.0446939914681259,NA,1,1,FALSE,FALSE
"CA_ExN","continuous_lfc","SEMA4B",-0.0446943275894515,NA,1,1,FALSE,FALSE
"CA_ExN","continuous_lfc","LGALS3BP",-0.0446949187809347,NA,1,1,FALSE,FALSE
"CA_ExN","continuous_lfc","TMEM190",-0.0447565547377437,NA,1,1,FALSE,FALSE
"CA_ExN","continuous_lfc","TPSB2",-0.0448081180359434,NA,1,1,FALSE,FALSE
"CA_ExN","continuous_lfc","ANGPT4",-0.0448504763054409,NA,1,1,FALSE,FALSE
"CA_ExN","continuous_lfc","EMC1",-0.0448706443805657,NA,1,1,FALSE,FALSE
"CA_ExN","continuous_lfc","F5",-0.0449309013984647,NA,1,1,FALSE,FALSE
"CA_ExN","continuous_lfc","APOO",-0.0450067667660743,NA,1,1,FALSE,FALSE
"CA_ExN","continuous_lfc","JAM3",-0.0450242774301486,NA,1,1,FALSE,FALSE
"CA_ExN","continuous_lfc","SLITRK1",-0.0450344069402186,NA,1,1,FALSE,FALSE
"CA_ExN","continuous_lfc","CCL26",-0.0450541664549258,NA,1,1,FALSE,FALSE
"CA_ExN","continuous_lfc","LSAMP",-0.0450832190258011,NA,1,1,FALSE,FALSE
"CA_ExN","continuous_lfc","DSC2",-0.0451373624723787,NA,1,1,FALSE,FALSE
"CA_ExN","continuous_lfc","DKK2",-0.0451808620309058,NA,1,1,TRUE,TRUE
"CA_ExN","continuous_lfc","PROS1",-0.0452354522911482,NA,1,1,FALSE,FALSE
"CA_ExN","continuous_lfc","NPPC",-0.0452787229033417,NA,1,1,FALSE,FALSE
"CA_ExN","continuous_lfc","LIPC",-0.0452998915268306,NA,1,1,FALSE,FALSE
"CA_ExN","continuous_lfc","CTSG",-0.0453039901190485,NA,1,1,FALSE,FALSE
"CA_ExN","continuous_lfc","FAT4",-0.0453391296138797,NA,1,1,FALSE,FALSE
"CA_ExN","continuous_lfc","APOC1",-0.0454546888502659,NA,1,1,TRUE,TRUE
"CA_ExN","continuous_lfc","C3",-0.0456997816563707,NA,1,1,FALSE,FALSE
"CA_ExN","continuous_lfc","NLGN4X",-0.0457153666265984,NA,1,1,FALSE,FALSE
"CA_ExN","continuous_lfc","NDP",-0.0457483808423773,NA,1,1,FALSE,FALSE
"CA_ExN","continuous_lfc","PZP",-0.0457579882444041,NA,1,1,FALSE,FALSE
"CA_ExN","continuous_lfc","LIN7C",-0.0457890436290901,NA,1,1,FALSE,FALSE
"CA_ExN","continuous_lfc","PRRG4",-0.0459268954909672,NA,1,1,FALSE,FALSE
"CA_ExN","continuous_lfc","DLL4",-0.0459512762097191,NA,1,1,FALSE,FALSE
"CA_ExN","continuous_lfc","LACRT",-0.0460479682625078,NA,1,1,FALSE,FALSE
"CA_ExN","continuous_lfc","CTSD",-0.0461425610238216,NA,1,1,FALSE,FALSE
"CA_ExN","continuous_lfc","HAS2",-0.0462064616300612,NA,1,1,FALSE,FALSE
"CA_ExN","continuous_lfc","DSG1",-0.046256661553362,NA,1,1,FALSE,FALSE
"CA_ExN","continuous_lfc","BTN2A1",-0.0462719888940871,NA,1,1,FALSE,FALSE
"CA_ExN","continuous_lfc","HPX",-0.046341261465511,NA,1,1,FALSE,FALSE
"CA_ExN","continuous_lfc","THY1",-0.0463476728541536,NA,1,1,FALSE,FALSE
"CA_ExN","continuous_lfc","CP",-0.0463950125310801,NA,1,1,FALSE,FALSE
"CA_ExN","continuous_lfc","LFNG",-0.0463994309657467,NA,1,1,FALSE,FALSE
"CA_ExN","continuous_lfc","VSTM1",-0.0465140727294121,NA,1,1,FALSE,FALSE
"CA_ExN","continuous_lfc","CLDN14",-0.0466393831958257,NA,1,1,FALSE,FALSE
"CA_ExN","continuous_lfc","HLA-DMA",-0.046677619767285,NA,1,1,FALSE,FALSE
"CA_ExN","continuous_lfc","APOB",-0.0466910959817693,NA,1,1,FALSE,FALSE
"CA_ExN","continuous_lfc","NLGN4Y",-0.0467338056863053,NA,1,1,FALSE,FALSE
"CA_ExN","continuous_lfc","TCN2",-0.0467423357240517,NA,1,1,FALSE,FALSE
"CA_ExN","continuous_lfc","APOA5",-0.0467426458380205,NA,1,1,FALSE,FALSE
"CA_ExN","continuous_lfc","PCDHA2",-0.0469272075692298,NA,1,1,FALSE,FALSE
"CA_ExN","continuous_lfc","SCGB3A2",-0.0469698662206325,NA,1,1,FALSE,FALSE
"CA_ExN","continuous_lfc","APOC4",-0.0470239390940268,NA,1,1,FALSE,FALSE
"CA_ExN","continuous_lfc","PTDSS1",-0.0473155879588071,NA,1,1,FALSE,FALSE
"CA_ExN","continuous_lfc","CEACAM4",-0.0473860935627651,NA,1,1,FALSE,FALSE
"CA_ExN","continuous_lfc","CFD",-0.047452192893461,NA,1,1,FALSE,FALSE
"CA_ExN","continuous_lfc","SORL1",-0.047493495347076,NA,1,1,FALSE,FALSE
"CA_ExN","continuous_lfc","CTHRC1",-0.0476815283251582,NA,1,1,FALSE,FALSE
"CA_ExN","continuous_lfc","VGF",-0.0477234981752319,NA,1,1,FALSE,FALSE
"CA_ExN","continuous_lfc","NRXN1",-0.0477895870759198,NA,1,1,FALSE,FALSE
"CA_ExN","continuous_lfc","FLRT3",-0.0480345283242543,NA,1,1,FALSE,FALSE
"CA_ExN","continuous_lfc","SPINT1",-0.0481219062592205,NA,1,1,FALSE,FALSE
"CA_ExN","continuous_lfc","NLGN2",-0.0481387277555779,NA,1,1,FALSE,FALSE
"CA_ExN","continuous_lfc","NAALADL1",-0.0484053837605861,NA,1,1,FALSE,FALSE
"CA_ExN","continuous_lfc","GJB6",-0.0486250662152293,NA,1,1,FALSE,FALSE
"CA_ExN","continuous_lfc","ZP3",-0.0487833369440793,NA,1,1,FALSE,FALSE
"CA_ExN","continuous_lfc","NYX",-0.048839752154073,NA,1,1,FALSE,FALSE
"CA_ExN","continuous_lfc","PRG4",-0.049121571702943,NA,1,1,FALSE,FALSE
"CA_ExN","continuous_lfc","PAPLN",-0.0491771766029875,NA,1,1,FALSE,FALSE
"CA_ExN","continuous_lfc","SARAF",-0.0493891622810235,NA,1,1,FALSE,FALSE
"CA_ExN","continuous_lfc","CEL",-0.0494118859478525,NA,1,1,FALSE,FALSE
"CA_ExN","continuous_lfc","NRXN3",-0.0494152409629715,NA,1,1,FALSE,FALSE
"CA_ExN","continuous_lfc","NEGR1",-0.0494418432946637,NA,1,1,FALSE,FALSE
"CA_ExN","continuous_lfc","OPCML",-0.049868519260143,NA,1,1,FALSE,FALSE
"CA_ExN","continuous_lfc","JAG2",-0.0499499945154934,NA,1,1,FALSE,FALSE
"CA_ExN","continuous_lfc","COL22A1",-0.0499894411467101,NA,1,1,FALSE,FALSE
"CA_ExN","continuous_lfc","TGFB1",-0.0500311919677908,NA,1,1,FALSE,FALSE
"CA_ExN","continuous_lfc","RBP4",-0.0500750259710859,NA,1,1,FALSE,FALSE
"CA_ExN","continuous_lfc","PAM",-0.0500934022480811,NA,1,1,FALSE,FALSE
"CA_ExN","continuous_lfc","EFEMP2",-0.05022071036948,NA,1,1,FALSE,FALSE
"CA_ExN","continuous_lfc","COL1A2",-0.0502860097737825,NA,1,1,FALSE,FALSE
"CA_ExN","continuous_lfc","CFH",-0.0505958967103641,NA,1,1,FALSE,FALSE
"CA_ExN","continuous_lfc","PODXL",-0.0506418904029722,NA,1,1,FALSE,FALSE
"CA_ExN","continuous_lfc","OGN",-0.0509952293203142,NA,1,1,FALSE,FALSE
"CA_ExN","continuous_lfc","SEMA4C",-0.0514044935448437,NA,1,1,FALSE,FALSE
"CA_ExN","continuous_lfc","ZDHHC5",-0.0519008283966684,NA,1,1,FALSE,FALSE
"CA_ExN","continuous_lfc","CNMD",-0.0519975031960226,NA,1,1,FALSE,FALSE
"CA_ExN","continuous_lfc","GPHA2",-0.0523617578602036,NA,1,1,FALSE,FALSE
"CA_ExN","continuous_lfc","FBLN2",-0.0523979352585114,NA,1,1,FALSE,FALSE
"CA_ExN","continuous_lfc","MIA",-0.0531502103232853,NA,1,1,FALSE,FALSE
"CA_ExN","continuous_lfc","PCDH15",-0.0532298868603828,NA,1,1,FALSE,FALSE
"CA_ExN","continuous_lfc","GUCA2A",-0.0533270737053936,NA,1,1,FALSE,FALSE
"CA_ExN","continuous_lfc","MFNG",-0.053868599198382,NA,1,1,FALSE,FALSE
"CA_ExN","continuous_lfc","COL15A1",-0.0538992648763074,NA,1,1,FALSE,FALSE
"CA_ExN","continuous_lfc","HSPG2",-0.0551100408683216,NA,1,1,FALSE,FALSE
"CA_ExN","continuous_lfc","BMP4",-0.0642007351673538,NA,1,1,FALSE,FALSE
"CA_ExN","continuous_lfc","IGFL3",NA,NA,NA,NA,FALSE,FALSE
"DG_GC","binary_padj0.1","SST",0.0439460035378873,NA,0.00599700149925037,0.803504497751124,FALSE,FALSE
"DG_GC","binary_padj0.1","ADAM9",0.0207352100548965,NA,0.0109945027486257,0.803504497751124,FALSE,FALSE
"DG_GC","binary_padj0.1","ADM",0.0183614183760431,NA,0.015992003998001,0.803504497751124,FALSE,FALSE
"DG_GC","binary_padj0.1","IFNA13",0.0175372257634751,NA,0.0194902548725637,0.803504497751124,FALSE,FALSE
"DG_GC","binary_padj0.1","PTH",0.0166100657035335,NA,0.071464267866067,0.803504497751124,FALSE,FALSE
"DG_GC","binary_padj0.1","DSPP",0.0164699230403535,NA,0.0429785107446277,0.803504497751124,FALSE,FALSE
"DG_GC","binary_padj0.1","C1QA",0.0162949602062602,NA,0.0124937531234383,0.803504497751124,FALSE,FALSE
"DG_GC","binary_padj0.1","IGF1",0.015374047413735,NA,0.0354822588705647,0.803504497751124,FALSE,FALSE
"DG_GC","binary_padj0.1","SERPINE2",0.0146554186090081,NA,0.0249875062468766,0.803504497751124,FALSE,FALSE
"DG_GC","binary_padj0.1","PRNP",0.01460772491804,NA,0.0454772613693153,0.803504497751124,FALSE,FALSE
"DG_GC","binary_padj0.1","ANGPT1",0.0141744090491792,NA,0.0499750124937531,0.803504497751124,FALSE,FALSE
"DG_GC","binary_padj0.1","PF4",0.0138051985849686,NA,0.0704647676161919,0.803504497751124,FALSE,FALSE
"DG_GC","binary_padj0.1","FGF19",0.0135652448829386,NA,0.0669665167416292,0.803504497751124,FALSE,FALSE
"DG_GC","binary_padj0.1","FGF23",0.0125771186076507,NA,0.0674662668665667,0.803504497751124,FALSE,FALSE
"DG_GC","binary_padj0.1","INS",0.0124100852222015,NA,0.0679660169915042,0.803504497751124,FALSE,FALSE
"DG_GC","binary_padj0.1","IGSF11",0.012300166940148,NA,0.0569715142428786,0.803504497751124,FALSE,FALSE
"DG_GC","binary_padj0.1","IGFBPL1",0.0107783247893398,NA,0.0839580209895052,0.803504497751124,FALSE,FALSE
"DG_GC","binary_padj0.1","BMP2",0.0107043624422815,NA,0.0829585207396302,0.803504497751124,FALSE,FALSE
"DG_GC","binary_padj0.1","ADGRE5",0.0103729190403838,NA,0.0844577711144428,0.803504497751124,FALSE,FALSE
"DG_GC","binary_padj0.1","CCL19",0.00989462677690168,NA,0.120939530234883,0.803504497751124,FALSE,FALSE
"DG_GC","binary_padj0.1","CTHRC1",0.0098468715317531,NA,0.0909545227386307,0.803504497751124,FALSE,FALSE
"DG_GC","binary_padj0.1","IFNA1",0.00972972469592793,NA,0.115942028985507,0.803504497751124,FALSE,FALSE
"DG_GC","binary_padj0.1","NLGN1",0.00957432673736018,NA,0.129435282358821,0.803504497751124,FALSE,FALSE
"DG_GC","binary_padj0.1","EGF",0.00923687164924619,NA,0.112943528235882,0.803504497751124,FALSE,FALSE
"DG_GC","binary_padj0.1","ANGPTL4",0.00896414664342254,NA,0.138430784607696,0.803504497751124,FALSE,FALSE
"DG_GC","binary_padj0.1","IL17A",0.00892605919080045,NA,0.113943028485757,0.803504497751124,FALSE,FALSE
"DG_GC","binary_padj0.1","PAPLN",0.00889301202307586,NA,0.116941529235382,0.803504497751124,FALSE,FALSE
"DG_GC","binary_padj0.1","PDGFC",0.00887485996473195,NA,0.131934032983508,0.803504497751124,FALSE,FALSE
"DG_GC","binary_padj0.1","WNT1",0.00848266835326708,NA,0.131434282858571,0.803504497751124,FALSE,FALSE
"DG_GC","binary_padj0.1","NAALADL1",0.00841434502324384,NA,0.127936031984008,0.803504497751124,FALSE,FALSE
"DG_GC","binary_padj0.1","NOG",0.00832314186329093,NA,0.131934032983508,0.803504497751124,FALSE,FALSE
"DG_GC","binary_padj0.1","SCGB1A1",0.0083119799691375,NA,0.123938030984508,0.803504497751124,FALSE,FALSE
"DG_GC","binary_padj0.1","IL6",0.00816761388670567,NA,0.131434282858571,0.803504497751124,FALSE,FALSE
"DG_GC","binary_padj0.1","CFC1",0.00756007361659323,NA,0.148925537231384,0.803504497751124,FALSE,FALSE
"DG_GC","binary_padj0.1","IGFL1",0.00753603901787068,NA,0.148425787106447,0.803504497751124,FALSE,FALSE
"DG_GC","binary_padj0.1","DLL4",0.00747313185542432,NA,0.132433783108446,0.803504497751124,FALSE,FALSE
"DG_GC","binary_padj0.1","APOD",0.00726560797130234,NA,0.176911544227886,0.803504497751124,TRUE,TRUE
"DG_GC","binary_padj0.1","VSIR",0.0071237149185501,NA,0.162418790604698,0.803504497751124,FALSE,FALSE
"DG_GC","binary_padj0.1","GDF5",0.00705402936836903,NA,0.138930534732634,0.803504497751124,FALSE,FALSE
"DG_GC","binary_padj0.1","IL25",0.0066361581753054,NA,0.187406296851574,0.803504497751124,FALSE,FALSE
"DG_GC","binary_padj0.1","SCGB3A1",0.00640240484471817,NA,0.184407796101949,0.803504497751124,FALSE,FALSE
"DG_GC","binary_padj0.1","SEMA4F",0.00637060070637042,NA,0.188405797101449,0.803504497751124,FALSE,FALSE
"DG_GC","binary_padj0.1","GDF1",0.00617012857237022,NA,0.185907046476762,0.803504497751124,FALSE,FALSE
"DG_GC","binary_padj0.1","GPHB5",0.00614750309324077,NA,0.20439780109945,0.803504497751124,FALSE,FALSE
"DG_GC","binary_padj0.1","BMP8A",0.00607933424882516,NA,0.190904547726137,0.803504497751124,FALSE,FALSE
"DG_GC","binary_padj0.1","TDGF1",0.0060389342019232,NA,0.20439780109945,0.803504497751124,FALSE,FALSE
"DG_GC","binary_padj0.1","WNT5A",0.00595825539258709,NA,0.207896051974013,0.803504497751124,FALSE,FALSE
"DG_GC","binary_padj0.1","LEFTY2",0.0058268613225575,NA,0.194902548725637,0.803504497751124,FALSE,FALSE
"DG_GC","binary_padj0.1","GDF11",0.00578656509915524,NA,0.206896551724138,0.803504497751124,FALSE,FALSE
"DG_GC","binary_padj0.1","NODAL",0.00556035251699031,NA,0.190404797601199,0.803504497751124,FALSE,FALSE
"DG_GC","binary_padj0.1","EPO",0.00556024296854432,NA,0.223388305847076,0.803504497751124,FALSE,FALSE
"DG_GC","binary_padj0.1","BACE2",0.0055294213263899,NA,0.213893053473263,0.803504497751124,FALSE,FALSE
"DG_GC","binary_padj0.1","ORM1",0.00543712616447542,NA,0.223388305847076,0.803504497751124,FALSE,FALSE
"DG_GC","binary_padj0.1","INHBE",0.00537922724480167,NA,0.222388805597201,0.803504497751124,FALSE,FALSE
"DG_GC","binary_padj0.1","INHBB",0.00534775504622866,NA,0.208895552223888,0.803504497751124,FALSE,FALSE
"DG_GC","binary_padj0.1","ALKAL2",0.00525145687412462,NA,0.214392803598201,0.803504497751124,FALSE,FALSE
"DG_GC","binary_padj0.1","FCRL6",0.00509933678726383,NA,0.232383808095952,0.803504497751124,FALSE,FALSE
"DG_GC","binary_padj0.1","PAEP",0.00507881049107816,NA,0.235882058970515,0.803504497751124,FALSE,FALSE
"DG_GC","binary_padj0.1","ALKAL1",0.00500136078677087,NA,0.228385807096452,0.803504497751124,FALSE,FALSE
"DG_GC","binary_padj0.1","IL36G",0.00493459932640423,NA,0.212393803098451,0.803504497751124,FALSE,FALSE
"DG_GC","binary_padj0.1","IL1F10",0.00487777100921089,NA,0.243878060969515,0.803504497751124,FALSE,FALSE
"DG_GC","binary_padj0.1","BMP1",0.00485486551222232,NA,0.23688155922039,0.803504497751124,FALSE,FALSE
"DG_GC","binary_padj0.1","ANG",0.00480009850363982,NA,0.210394802598701,0.803504497751124,FALSE,FALSE
"DG_GC","binary_padj0.1","HAS1",0.00478415071936281,NA,0.230384807596202,0.803504497751124,FALSE,FALSE
"DG_GC","binary_padj0.1","IL36B",0.00474305129726293,NA,0.230384807596202,0.803504497751124,FALSE,FALSE
"DG_GC","binary_padj0.1","INHBC",0.0046665117485375,NA,0.249375312343828,0.803504497751124,FALSE,FALSE
"DG_GC","binary_padj0.1","ANGPT4",0.00460698058909362,NA,0.252873563218391,0.803504497751124,FALSE,FALSE
"DG_GC","binary_padj0.1","PDGFB",0.00456668330159311,NA,0.253373313343328,0.803504497751124,FALSE,FALSE
"DG_GC","binary_padj0.1","NGF",0.00453572948052509,NA,0.262868565717141,0.803504497751124,FALSE,FALSE
"DG_GC","binary_padj0.1","FGF1",0.00450949158212733,NA,0.245877061469265,0.803504497751124,FALSE,FALSE
"DG_GC","binary_padj0.1","EXOC3-AS1",0.00448268108936407,NA,0.268365817091454,0.803504497751124,FALSE,FALSE
"DG_GC","binary_padj0.1","IL36A",0.00440707270969998,NA,0.264867566216892,0.803504497751124,FALSE,FALSE
"DG_GC","binary_padj0.1","HMGB1",0.00436038355562318,NA,0.251874062968516,0.803504497751124,FALSE,FALSE
"DG_GC","binary_padj0.1","MMRN2",0.00430964254306697,NA,0.264867566216892,0.803504497751124,FALSE,FALSE
"DG_GC","binary_padj0.1","IL10",0.00428966932222453,NA,0.257371314342829,0.803504497751124,FALSE,FALSE
"DG_GC","binary_padj0.1","SLITRK1",0.0041642883961144,NA,0.276861569215392,0.803504497751124,FALSE,FALSE
"DG_GC","binary_padj0.1","IFITM1",0.00412615905384718,NA,0.273863068465767,0.803504497751124,FALSE,FALSE
"DG_GC","binary_padj0.1","DLL1",0.00411738430716053,NA,0.248875562218891,0.803504497751124,FALSE,FALSE
"DG_GC","binary_padj0.1","FCER2",0.00406947651250749,NA,0.261869065467266,0.803504497751124,FALSE,FALSE
"DG_GC","binary_padj0.1","GDF7",0.00398021784863113,NA,0.268865567216392,0.803504497751124,FALSE,FALSE
"DG_GC","binary_padj0.1","FGF8",0.00396904825283729,NA,0.280359820089955,0.803504497751124,FALSE,FALSE
"DG_GC","binary_padj0.1","THBS2",0.00396838899015355,NA,0.261369315342329,0.803504497751124,FALSE,FALSE
"DG_GC","binary_padj0.1","GDF6",0.00394218898795769,NA,0.266866566716642,0.803504497751124,FALSE,FALSE
"DG_GC","binary_padj0.1","BMP3",0.00393865059986039,NA,0.268365817091454,0.803504497751124,FALSE,FALSE
"DG_GC","binary_padj0.1","MSTN",0.00393760989374252,NA,0.272863568215892,0.803504497751124,FALSE,FALSE
"DG_GC","binary_padj0.1","RETN",0.00388884695137527,NA,0.268865567216392,0.803504497751124,FALSE,FALSE
"DG_GC","binary_padj0.1","WNT9B",0.0038295017394984,NA,0.280859570214893,0.803504497751124,FALSE,FALSE
"DG_GC","binary_padj0.1","MMP7",0.00368794713716006,NA,0.28335832083958,0.803504497751124,FALSE,FALSE
"DG_GC","binary_padj0.1","POMZP3",0.00357433783200306,NA,0.302848575712144,0.803504497751124,FALSE,FALSE
"DG_GC","binary_padj0.1","MFNG",0.0035596285011837,NA,0.284857571214393,0.803504497751124,FALSE,FALSE
"DG_GC","binary_padj0.1","HBEGF",0.00353310342051197,NA,0.31584207896052,0.803504497751124,FALSE,FALSE
"DG_GC","binary_padj0.1","ANOS1",0.00351956849423817,NA,0.295852073963018,0.803504497751124,FALSE,FALSE
"DG_GC","binary_padj0.1","OXT",0.00351454134366174,NA,0.296851574212894,0.803504497751124,FALSE,FALSE
"DG_GC","binary_padj0.1","OSTN",0.00346649581120896,NA,0.289355322338831,0.803504497751124,FALSE,FALSE
"DG_GC","binary_padj0.1","AGRP",0.0034351202336991,NA,0.296851574212894,0.803504497751124,FALSE,FALSE
"DG_GC","binary_padj0.1","JAG2",0.00341865748191527,NA,0.301349325337331,0.803504497751124,FALSE,FALSE
"DG_GC","binary_padj0.1","TGFB1",0.00333426815551645,NA,0.289355322338831,0.803504497751124,FALSE,FALSE
"DG_GC","binary_padj0.1","S100A4",0.00333274691678701,NA,0.309845077461269,0.803504497751124,FALSE,FALSE
"DG_GC","binary_padj0.1","LFNG",0.00330493752098054,NA,0.314342828585707,0.803504497751124,FALSE,FALSE
"DG_GC","binary_padj0.1","C1QB",0.00323191864668434,NA,0.31384307846077,0.803504497751124,FALSE,FALSE
"DG_GC","binary_padj0.1","DLL3",0.00317182875591214,NA,0.295852073963018,0.803504497751124,FALSE,FALSE
"DG_GC","binary_padj0.1","FBLN2",0.00315206766166411,NA,0.332333833083458,0.803504497751124,FALSE,FALSE
"DG_GC","binary_padj0.1","TGFA",0.00314890612867546,NA,0.275862068965517,0.803504497751124,FALSE,FALSE
"DG_GC","binary_padj0.1","IGF2",0.00313448272580398,NA,0.307346326836582,0.803504497751124,FALSE,FALSE
"DG_GC","binary_padj0.1","SCUBE2",0.00312534248673543,NA,0.325337331334333,0.803504497751124,FALSE,FALSE
"DG_GC","binary_padj0.1","BDNF",0.00310271836430009,NA,0.311844077961019,0.803504497751124,FALSE,FALSE
"DG_GC","binary_padj0.1","NLGN4X",0.00293857876231341,NA,0.340329835082459,0.803504497751124,FALSE,FALSE
"DG_GC","binary_padj0.1","IL23A",0.00288498309868844,NA,0.295352323838081,0.803504497751124,FALSE,FALSE
"DG_GC","binary_padj0.1","LEFTY1",0.00286494482774661,NA,0.337331334332834,0.803504497751124,FALSE,FALSE
"DG_GC","binary_padj0.1","LAMA4",0.00283404039452149,NA,0.341829085457271,0.803504497751124,FALSE,FALSE
"DG_GC","binary_padj0.1","EPGN",0.00283011900772058,NA,0.340829585207396,0.803504497751124,FALSE,FALSE
"DG_GC","binary_padj0.1","RBP3",0.00280265815759583,NA,0.349325337331334,0.803504497751124,FALSE,FALSE
"DG_GC","binary_padj0.1","SCGB3A2",0.00277728880104305,NA,0.343828085957021,0.803504497751124,FALSE,FALSE
"DG_GC","binary_padj0.1","THPO",0.00276949152708571,NA,0.318340829585207,0.803504497751124,FALSE,FALSE
"DG_GC","binary_padj0.1","IGSF10",0.00276509891671233,NA,0.350824587706147,0.803504497751124,FALSE,FALSE
"DG_GC","binary_padj0.1","AREG",0.00276187330040987,NA,0.328335832083958,0.803504497751124,FALSE,FALSE
"DG_GC","binary_padj0.1","COL26A1",0.00273865287453273,NA,0.348325837081459,0.803504497751124,FALSE,FALSE
"DG_GC","binary_padj0.1","SFRP2",0.00272385548545031,NA,0.324337831084458,0.803504497751124,FALSE,FALSE
"DG_GC","binary_padj0.1","ENHO",0.00269724733577177,NA,0.331334332833583,0.803504497751124,FALSE,FALSE
"DG_GC","binary_padj0.1","ADAM7",0.0026745608040304,NA,0.347326336831584,0.803504497751124,FALSE,FALSE
"DG_GC","binary_padj0.1","IL31",0.00266721020001049,NA,0.346826586706647,0.803504497751124,FALSE,FALSE
"DG_GC","binary_padj0.1","CFH",0.00262419010468862,NA,0.35432283858071,0.803504497751124,FALSE,FALSE
"DG_GC","binary_padj0.1","EFNA1",0.00257488053584945,NA,0.355322338830585,0.803504497751124,FALSE,FALSE
"DG_GC","binary_padj0.1","FAM200A",0.00254232960056384,NA,0.338830584707646,0.803504497751124,FALSE,FALSE
"DG_GC","binary_padj0.1","CLEC2L",0.0025203803986235,NA,0.36031984007996,0.803504497751124,FALSE,FALSE
"DG_GC","binary_padj0.1","NRXN1",0.00250572737845509,NA,0.359820089955023,0.803504497751124,FALSE,FALSE
"DG_GC","binary_padj0.1","TNFSF9",0.00248771374004742,NA,0.362818590704648,0.803504497751124,FALSE,FALSE
"DG_GC","binary_padj0.1","MPDZ",0.00247345928751651,NA,0.355822088955522,0.803504497751124,FALSE,FALSE
"DG_GC","binary_padj0.1","PODXL",0.00246952107888363,NA,0.35432283858071,0.803504497751124,FALSE,FALSE
"DG_GC","binary_padj0.1","TDGF1P3",0.00239574524829669,NA,0.36031984007996,0.803504497751124,FALSE,FALSE
"DG_GC","binary_padj0.1","MFAP5",0.00226953860399044,NA,0.352823588205897,0.803504497751124,FALSE,FALSE
"DG_GC","binary_padj0.1","DKK1",0.00225226711669651,NA,0.348825587206397,0.803504497751124,FALSE,FALSE
"DG_GC","binary_padj0.1","SPARC",0.00213779170452585,NA,0.335832083958021,0.803504497751124,FALSE,FALSE
"DG_GC","binary_padj0.1","FGF22",0.00213643744378032,NA,0.375812093953024,0.803504497751124,FALSE,FALSE
"DG_GC","binary_padj0.1","SEMA3G",0.00210499957945191,NA,0.385307346326837,0.803504497751124,FALSE,FALSE
"DG_GC","binary_padj0.1","MAG",0.00208902343028624,NA,0.372813593203398,0.803504497751124,FALSE,FALSE
"DG_GC","binary_padj0.1","ANGPTL7",0.00206781365332732,NA,0.372813593203398,0.803504497751124,FALSE,FALSE
"DG_GC","binary_padj0.1","CD72",0.00205089589642669,NA,0.386306846576712,0.803504497751124,FALSE,FALSE
"DG_GC","binary_padj0.1","PCDHA7",0.00203014101198566,NA,0.376311844077961,0.803504497751124,FALSE,FALSE
"DG_GC","binary_padj0.1","TGFB2",0.00201777712953803,NA,0.323338330834583,0.803504497751124,FALSE,FALSE
"DG_GC","binary_padj0.1","FGF4",0.00201067823203888,NA,0.312843578210895,0.803504497751124,FALSE,FALSE
"DG_GC","binary_padj0.1","NRTN",0.00199348652315535,NA,0.391804097951024,0.803504497751124,FALSE,FALSE
"DG_GC","binary_padj0.1","DUSP18",0.00197858843435745,NA,0.380809595202399,0.803504497751124,FALSE,FALSE
"DG_GC","binary_padj0.1","SEMA3F",0.00195067685972415,NA,0.386306846576712,0.803504497751124,FALSE,FALSE
"DG_GC","binary_padj0.1","ADAM10",0.0019156282192457,NA,0.361319340329835,0.803504497751124,FALSE,FALSE
"DG_GC","binary_padj0.1","BMP10",0.00190757130028555,NA,0.387306346826587,0.803504497751124,FALSE,FALSE
"DG_GC","binary_padj0.1","MDK",0.00190643906895783,NA,0.355822088955522,0.803504497751124,FALSE,FALSE
"DG_GC","binary_padj0.1","LGI1",0.00185945246216181,NA,0.383808095952024,0.803504497751124,FALSE,FALSE
"DG_GC","binary_padj0.1","FGF3",0.00181973041804422,NA,0.390304847576212,0.803504497751124,FALSE,FALSE
"DG_GC","binary_padj0.1","TGFB3",0.00180014242498379,NA,0.372313843078461,0.803504497751124,FALSE,FALSE
"DG_GC","binary_padj0.1","COL15A1",0.00176221836397541,NA,0.383808095952024,0.803504497751124,FALSE,FALSE
"DG_GC","binary_padj0.1","NLGN3",0.00176071925995627,NA,0.35632183908046,0.803504497751124,FALSE,FALSE
"DG_GC","binary_padj0.1","GC",0.00174159049167939,NA,0.405797101449275,0.803504497751124,FALSE,FALSE
"DG_GC","binary_padj0.1","TSPAN3",0.00173259881889575,NA,0.391804097951024,0.803504497751124,FALSE,FALSE
"DG_GC","binary_padj0.1","GPC3",0.00171903630721807,NA,0.394302848575712,0.803504497751124,FALSE,FALSE
"DG_GC","binary_padj0.1","PCSK9",0.00171397063493143,NA,0.374812593703148,0.803504497751124,FALSE,FALSE
"DG_GC","binary_padj0.1","PSPN",0.00170766587177826,NA,0.394302848575712,0.803504497751124,FALSE,FALSE
"DG_GC","binary_padj0.1","KL",0.0017062632732805,NA,0.391804097951024,0.803504497751124,FALSE,FALSE
"DG_GC","binary_padj0.1","FGFRL1",0.00167616053305561,NA,0.395802098950525,0.803504497751124,FALSE,FALSE
"DG_GC","binary_padj0.1","NEO1",0.00166864968176288,NA,0.394302848575712,0.803504497751124,FALSE,FALSE
"DG_GC","binary_padj0.1","NTF4",0.0016593337170587,NA,0.332833583208396,0.803504497751124,FALSE,FALSE
"DG_GC","binary_padj0.1","UCN",0.00163891242572667,NA,0.384807596201899,0.803504497751124,FALSE,FALSE
"DG_GC","binary_padj0.1","GDF3",0.00163736184955843,NA,0.3928035982009,0.803504497751124,FALSE,FALSE
"DG_GC","binary_padj0.1","IBSP",0.00159982805486857,NA,0.403798100949525,0.803504497751124,FALSE,FALSE
"DG_GC","binary_padj0.1","YARS1",0.00159324999515919,NA,0.394302848575712,0.803504497751124,FALSE,FALSE
"DG_GC","binary_padj0.1","IL12A",0.0015830777105511,NA,0.333333333333333,0.803504497751124,FALSE,FALSE
"DG_GC","binary_padj0.1","LIF",0.00156837980637731,NA,0.361319340329835,0.803504497751124,FALSE,FALSE
"DG_GC","binary_padj0.1","MUC7",0.00155916446016418,NA,0.411794102948526,0.803504497751124,FALSE,FALSE
"DG_GC","binary_padj0.1","FGF6",0.00153848792251794,NA,0.4047976011994,0.803504497751124,FALSE,FALSE
"DG_GC","binary_padj0.1","IL1RN",0.00153577861623315,NA,0.371314342828586,0.803504497751124,FALSE,FALSE
"DG_GC","binary_padj0.1","FLRT2",0.00148267683113169,NA,0.407796101949025,0.803504497751124,FALSE,FALSE
"DG_GC","binary_padj0.1","BMP8B",0.00146451368404855,NA,0.400299850074962,0.803504497751124,FALSE,FALSE
"DG_GC","binary_padj0.1","PRLH",0.00144977918203686,NA,0.408295852073963,0.803504497751124,FALSE,FALSE
"DG_GC","binary_padj0.1","IFNG",0.00143363941719549,NA,0.370314842578711,0.803504497751124,FALSE,FALSE
"DG_GC","binary_padj0.1","PCDHA4",0.001408822808562,NA,0.409295352323838,0.803504497751124,FALSE,FALSE
"DG_GC","binary_padj0.1","MYOC",0.001377064522538,NA,0.410794602698651,0.803504497751124,FALSE,FALSE
"DG_GC","binary_padj0.1","CFD",0.00136882764051297,NA,0.423288355822089,0.803504497751124,FALSE,FALSE
"DG_GC","binary_padj0.1","NTNG2",0.00136521801307581,NA,0.416291854072964,0.803504497751124,FALSE,FALSE
"DG_GC","binary_padj0.1","SHBG",0.00135255700982249,NA,0.416791604197901,0.803504497751124,FALSE,FALSE
"DG_GC","binary_padj0.1","FGF17",0.00132671442856473,NA,0.365317341329335,0.803504497751124,FALSE,FALSE
"DG_GC","binary_padj0.1","FGF5",0.00129740943805401,NA,0.413793103448276,0.803504497751124,FALSE,FALSE
"DG_GC","binary_padj0.1","F10",0.00127890592936437,NA,0.407796101949025,0.803504497751124,FALSE,FALSE
"DG_GC","binary_padj0.1","IHH",0.00124857359389741,NA,0.39480259870065,0.803504497751124,FALSE,FALSE
"DG_GC","binary_padj0.1","SIGLEC7",0.00122820896859973,NA,0.415292353823088,0.803504497751124,FALSE,FALSE
"DG_GC","binary_padj0.1","SFRP1",0.00121534376443496,NA,0.419790104947526,0.803504497751124,FALSE,FALSE
"DG_GC","binary_padj0.1","TPSAB1",0.00119926847325539,NA,0.411294352823588,0.803504497751124,FALSE,FALSE
"DG_GC","binary_padj0.1","IL37",0.0011562894772557,NA,0.427786106946527,0.803504497751124,FALSE,FALSE
"DG_GC","binary_padj0.1","IFNE",0.00114843322084785,NA,0.412293853073463,0.803504497751124,FALSE,FALSE
"DG_GC","binary_padj0.1","CD22",0.00114831836176204,NA,0.426786606696652,0.803504497751124,FALSE,FALSE
"DG_GC","binary_padj0.1","FGF20",0.00113617161352016,NA,0.432283858070965,0.803504497751124,FALSE,FALSE
"DG_GC","binary_padj0.1","SEMA6A",0.00113566971020133,NA,0.425287356321839,0.803504497751124,FALSE,FALSE
"DG_GC","binary_padj0.1","CER1",0.00113118462346131,NA,0.432783608195902,0.803504497751124,FALSE,FALSE
"DG_GC","binary_padj0.1","LILRA6",0.00112743490671874,NA,0.394302848575712,0.803504497751124,FALSE,FALSE
"DG_GC","binary_padj0.1","KIRREL1",0.00110776246844064,NA,0.431784107946027,0.803504497751124,FALSE,FALSE
"DG_GC","binary_padj0.1","CTSG",0.00109230829550114,NA,0.434282858570715,0.803504497751124,FALSE,FALSE
"DG_GC","binary_padj0.1","TCN1",0.0010892979401102,NA,0.384307846076962,0.803504497751124,FALSE,FALSE
"DG_GC","binary_padj0.1","DSCAM",0.00108359865500207,NA,0.421289355322339,0.803504497751124,FALSE,FALSE
"DG_GC","binary_padj0.1","ABCA1",0.00107981092454463,NA,0.40279860069965,0.803504497751124,FALSE,FALSE
"DG_GC","binary_padj0.1","FLRT1",0.00106595255221163,NA,0.430284857571214,0.803504497751124,FALSE,FALSE
"DG_GC","binary_padj0.1","PLXNA1",0.00105681270669362,NA,0.432283858070965,0.803504497751124,FALSE,FALSE
"DG_GC","binary_padj0.1","PLB1",0.00104701917773872,NA,0.427286356821589,0.803504497751124,FALSE,FALSE
"DG_GC","binary_padj0.1","IAPP",0.00102702081324409,NA,0.431784107946027,0.803504497751124,FALSE,FALSE
"DG_GC","binary_padj0.1","AMBN",0.00102400601027517,NA,0.428785607196402,0.803504497751124,FALSE,FALSE
"DG_GC","binary_padj0.1","KIRREL3",0.00100044114281108,NA,0.438280859570215,0.803504497751124,FALSE,FALSE
"DG_GC","binary_padj0.1","PATJ",0.000999684928363085,NA,0.438280859570215,0.803504497751124,FALSE,FALSE
"DG_GC","binary_padj0.1","MELTF",0.000990457803093292,NA,0.419290354822589,0.803504497751124,FALSE,FALSE
"DG_GC","binary_padj0.1","FGF16",0.000986901504767815,NA,0.422788605697151,0.803504497751124,FALSE,FALSE
"DG_GC","binary_padj0.1","PTHLH",0.000986586566409083,NA,0.411294352823588,0.803504497751124,FALSE,FALSE
"DG_GC","binary_padj0.1","NLGN2",0.000981006086210241,NA,0.43328335832084,0.803504497751124,FALSE,FALSE
"DG_GC","binary_padj0.1","CNTN1",0.000975040002495812,NA,0.421789105447276,0.803504497751124,FALSE,FALSE
"DG_GC","binary_padj0.1","ARTN",0.000946538220883614,NA,0.442778610694653,0.803504497751124,FALSE,FALSE
"DG_GC","binary_padj0.1","ICOSLG",0.000872001068059047,NA,0.44727636181909,0.803504497751124,FALSE,FALSE
"DG_GC","binary_padj0.1","LRTM2",0.000867623474954139,NA,0.44727636181909,0.803504497751124,FALSE,FALSE
"DG_GC","binary_padj0.1","SEMA3D",0.000860263518624668,NA,0.450274862568716,0.803504497751124,TRUE,TRUE
"DG_GC","binary_padj0.1","GAS6",0.000854238743997625,NA,0.439780109945027,0.803504497751124,FALSE,FALSE
"DG_GC","binary_padj0.1","TYROBP",0.000845543884971792,NA,0.422288855572214,0.803504497751124,FALSE,FALSE
"DG_GC","binary_padj0.1","SIGLEC5",0.000832596193924237,NA,0.449775112443778,0.803504497751124,FALSE,FALSE
"DG_GC","binary_padj0.1","MMP1",0.000828355324313785,NA,0.450274862568716,0.803504497751124,FALSE,FALSE
"DG_GC","binary_padj0.1","ANGPTL3",0.000828340709058066,NA,0.448775612193903,0.803504497751124,FALSE,FALSE
"DG_GC","binary_padj0.1","LACRT",0.000819528313813613,NA,0.44527736131934,0.803504497751124,FALSE,FALSE
"DG_GC","binary_padj0.1","TIMD4",0.000786259067701291,NA,0.436281859070465,0.803504497751124,FALSE,FALSE
"DG_GC","binary_padj0.1","CCL18",0.000779977138790932,NA,0.417791104447776,0.803504497751124,FALSE,FALSE
"DG_GC","binary_padj0.1","PSG9",0.000749120329618718,NA,0.449275362318841,0.803504497751124,FALSE,FALSE
"DG_GC","binary_padj0.1","SERPING1",0.000747614388164746,NA,0.452273863068466,0.803504497751124,FALSE,FALSE
"DG_GC","binary_padj0.1","PDPN",0.00069336773569689,NA,0.449775112443778,0.803504497751124,FALSE,FALSE
"DG_GC","binary_padj0.1","GDF10",0.000682669947658911,NA,0.443778110944528,0.803504497751124,FALSE,FALSE
"DG_GC","binary_padj0.1","CDH3",0.000664380987774249,NA,0.447776111944028,0.803504497751124,FALSE,FALSE
"DG_GC","binary_padj0.1","SDC2",0.000658516725635714,NA,0.449775112443778,0.803504497751124,FALSE,FALSE
"DG_GC","binary_padj0.1","SEMA3A",0.000654375950769383,NA,0.452773613193403,0.803504497751124,FALSE,FALSE
"DG_GC","binary_padj0.1","CD209",0.000632664447662761,NA,0.44327836081959,0.803504497751124,FALSE,FALSE
"DG_GC","binary_padj0.1","RGMA",0.000628477635614534,NA,0.449275362318841,0.803504497751124,FALSE,FALSE
"DG_GC","binary_padj0.1","CMTM8",0.000615392016197125,NA,0.411294352823588,0.803504497751124,FALSE,FALSE
"DG_GC","binary_padj0.1","COL3A1",0.000602145782481626,NA,0.461269365317341,0.803504497751124,FALSE,FALSE
"DG_GC","binary_padj0.1","CD79B",0.000600510464357238,NA,0.460269865067466,0.803504497751124,FALSE,FALSE
"DG_GC","binary_padj0.1","LRRC52",0.000596526199145125,NA,0.459270364817591,0.803504497751124,FALSE,FALSE
"DG_GC","binary_padj0.1","HPX",0.000591255762763532,NA,0.453773113443278,0.803504497751124,FALSE,FALSE
"DG_GC","binary_padj0.1","DSC3",0.000579148570542143,NA,0.461769115442279,0.803504497751124,FALSE,FALSE
"DG_GC","binary_padj0.1","INHBA",0.000567596344440074,NA,0.365317341329335,0.803504497751124,FALSE,FALSE
"DG_GC","binary_padj0.1","SEMA4B",0.000566107784899146,NA,0.459270364817591,0.803504497751124,FALSE,FALSE
"DG_GC","binary_padj0.1","SIGLEC15",0.000561441024030813,NA,0.460769615192404,0.803504497751124,FALSE,FALSE
"DG_GC","binary_padj0.1","EFEMP1",0.000536858114131004,NA,0.453273363318341,0.803504497751124,TRUE,TRUE
"DG_GC","binary_padj0.1","NPPB",0.000520018222354643,NA,0.453773113443278,0.803504497751124,FALSE,FALSE
"DG_GC","binary_padj0.1","NEGR1",0.000516604861601909,NA,0.464767616191904,0.803504497751124,FALSE,FALSE
"DG_GC","binary_padj0.1","SPON1",0.000511131288087847,NA,0.446276861569215,0.803504497751124,TRUE,TRUE
"DG_GC","binary_padj0.1","APOC2",0.000509669765080176,NA,0.470764617691154,0.803504497751124,FALSE,FALSE
"DG_GC","binary_padj0.1","NRG4",0.000509524283906482,NA,0.453773113443278,0.803504497751124,FALSE,FALSE
"DG_GC","binary_padj0.1","TNFSF12",0.000503881687075552,NA,0.39480259870065,0.803504497751124,FALSE,FALSE
"DG_GC","binary_padj0.1","LRIT2",0.00049780123857707,NA,0.452273863068466,0.803504497751124,FALSE,FALSE
"DG_GC","binary_padj0.1","WBP1",0.000495039781446582,NA,0.461769115442279,0.803504497751124,FALSE,FALSE
"DG_GC","binary_padj0.1","EFNA4",0.000478037598438589,NA,0.446276861569215,0.803504497751124,FALSE,FALSE
"DG_GC","binary_padj0.1","VIP",0.000476216574907192,NA,0.411294352823588,0.803504497751124,FALSE,FALSE
"DG_GC","binary_padj0.1","MFAP2",0.000463998780869029,NA,0.421789105447276,0.803504497751124,FALSE,FALSE
"DG_GC","binary_padj0.1","LRRTM3",0.000460274431043715,NA,0.465767116441779,0.803504497751124,FALSE,FALSE
"DG_GC","binary_padj0.1","RELN",0.00045889223421437,NA,0.427286356821589,0.803504497751124,FALSE,FALSE
"DG_GC","binary_padj0.1","PVR",0.000452265545299289,NA,0.472263868065967,0.803504497751124,FALSE,FALSE
"DG_GC","binary_padj0.1","CEACAM4",0.000427043591686695,NA,0.473263368315842,0.803504497751124,FALSE,FALSE
"DG_GC","binary_padj0.1","DMP1",0.000425989661305239,NA,0.457771114442779,0.803504497751124,FALSE,FALSE
"DG_GC","binary_padj0.1","LPL",0.000421824151364116,NA,0.451274362818591,0.803504497751124,FALSE,FALSE
"DG_GC","binary_padj0.1","BMP5",0.000421376614461648,NA,0.464267866066967,0.803504497751124,FALSE,FALSE
"DG_GC","binary_padj0.1","ACP4",0.000419343012345297,NA,0.455272363818091,0.803504497751124,FALSE,FALSE
"DG_GC","binary_padj0.1","IL19",0.000416560786683508,NA,0.431284357821089,0.803504497751124,FALSE,FALSE
"DG_GC","binary_padj0.1","S100B",0.000404434539055891,NA,0.423788105947026,0.803504497751124,FALSE,FALSE
"DG_GC","binary_padj0.1","FST",0.000401433075719377,NA,0.450274862568716,0.803504497751124,FALSE,FALSE
"DG_GC","binary_padj0.1","NLGN4Y",0.000388122977462687,NA,0.466266866566717,0.803504497751124,FALSE,FALSE
"DG_GC","binary_padj0.1","ENG",0.000383419615278508,NA,0.44527736131934,0.803504497751124,FALSE,FALSE
"DG_GC","binary_padj0.1","CD300C",0.000379940125126094,NA,0.470764617691154,0.803504497751124,FALSE,FALSE
"DG_GC","binary_padj0.1","MSMB",0.000358610958623221,NA,0.474262868565717,0.803504497751124,FALSE,FALSE
"DG_GC","binary_padj0.1","AHSG",0.000354600456767385,NA,0.465267366316842,0.803504497751124,FALSE,FALSE
"DG_GC","binary_padj0.1","SEMA3E",0.000340260642255835,NA,0.478760619690155,0.803504497751124,FALSE,FALSE
"DG_GC","binary_padj0.1","SI",0.000337039039311057,NA,0.470264867566217,0.803504497751124,FALSE,FALSE
"DG_GC","binary_padj0.1","HLA-DRB5",0.000327111468946856,NA,0.472763618190905,0.803504497751124,FALSE,FALSE
"DG_GC","binary_padj0.1","PSG5",0.000316166228251304,NA,0.452773613193403,0.803504497751124,FALSE,FALSE
"DG_GC","binary_padj0.1","SIGLEC14",0.000314887357175771,NA,0.463768115942029,0.803504497751124,FALSE,FALSE
"DG_GC","binary_padj0.1","S100A8",0.000284102921392243,NA,0.471764117941029,0.803504497751124,FALSE,FALSE
"DG_GC","binary_padj0.1","CCN3",0.000280912427895087,NA,0.442778610694653,0.803504497751124,FALSE,FALSE
"DG_GC","binary_padj0.1","PTPRZ1",0.000275907864301898,NA,0.471764117941029,0.803504497751124,FALSE,FALSE
"DG_GC","binary_padj0.1","IL18BP",0.000275356869784842,NA,0.471764117941029,0.803504497751124,FALSE,FALSE
"DG_GC","binary_padj0.1","FGF21",0.000273253434654861,NA,0.405297351324338,0.803504497751124,FALSE,FALSE
"DG_GC","binary_padj0.1","CLDN1",0.000272802264746822,NA,0.44327836081959,0.803504497751124,FALSE,FALSE
"DG_GC","binary_padj0.1","NRG3",0.00026557414496745,NA,0.468765617191404,0.803504497751124,FALSE,FALSE
"DG_GC","binary_padj0.1","CNTN6",0.000250047845227124,NA,0.480259870064968,0.803504497751124,FALSE,FALSE
"DG_GC","binary_padj0.1","BST2",0.000228691750153724,NA,0.469265367316342,0.803504497751124,FALSE,FALSE
"DG_GC","binary_padj0.1","RSPO2",0.000222081722287835,NA,0.470764617691154,0.803504497751124,FALSE,FALSE
"DG_GC","binary_padj0.1","PSAP",0.000199825342804965,NA,0.464267866066967,0.803504497751124,FALSE,FALSE
"DG_GC","binary_padj0.1","PSG7",0.000198427165289005,NA,0.472263868065967,0.803504497751124,FALSE,FALSE
"DG_GC","binary_padj0.1","CD38",0.000198284650571201,NA,0.465767116441779,0.803504497751124,FALSE,FALSE
"DG_GC","binary_padj0.1","SEMA5A",0.000192887456871479,NA,0.478260869565217,0.803504497751124,FALSE,FALSE
"DG_GC","binary_padj0.1","IL22",0.00017939395579033,NA,0.434782608695652,0.803504497751124,FALSE,FALSE
"DG_GC","binary_padj0.1","MST1",0.000172943294620034,NA,0.446276861569215,0.803504497751124,FALSE,FALSE
"DG_GC","binary_padj0.1","GPHA2",0.00016887081119199,NA,0.487756121939031,0.803504497751124,FALSE,FALSE
"DG_GC","binary_padj0.1","MUC1",0.00015685573350045,NA,0.449775112443778,0.803504497751124,FALSE,FALSE
"DG_GC","binary_padj0.1","PSEN1",0.000129191226058839,NA,0.450274862568716,0.803504497751124,FALSE,FALSE
"DG_GC","binary_padj0.1","LTB",0.000112193333917809,NA,0.458770614692654,0.803504497751124,FALSE,FALSE
"DG_GC","binary_padj0.1","F11R",8.91638351552248e-05,NA,0.476261869065467,0.803504497751124,FALSE,FALSE
"DG_GC","binary_padj0.1","GDF2",8.52037015366524e-05,NA,0.405297351324338,0.803504497751124,FALSE,FALSE
"DG_GC","binary_padj0.1","MMP13",7.78528971715673e-05,NA,0.490754622688656,0.803504497751124,FALSE,FALSE
"DG_GC","binary_padj0.1","LRFN1",7.34101854974471e-05,NA,0.498750624687656,0.803504497751124,FALSE,FALSE
"DG_GC","binary_padj0.1","SIGLEC9",5.71333146712589e-05,NA,0.48575712143928,0.803504497751124,FALSE,FALSE
"DG_GC","binary_padj0.1","CD55",5.01661275118209e-05,NA,0.487256371814093,0.803504497751124,FALSE,FALSE
"DG_GC","binary_padj0.1","FAM3B",4.77788683234857e-05,NA,0.475262368815592,0.803504497751124,FALSE,FALSE
"DG_GC","binary_padj0.1","SFTPD",4.68068186223283e-05,NA,0.451274362818591,0.803504497751124,FALSE,FALSE
"DG_GC","binary_padj0.1","COL6A2",4.4307524181401e-05,NA,0.494752623688156,0.803504497751124,FALSE,FALSE
"DG_GC","binary_padj0.1","IL27",4.24934514269334e-05,NA,0.424787606196902,0.803504497751124,FALSE,FALSE
"DG_GC","binary_padj0.1","SPN",3.29065284962172e-05,NA,0.488255872063968,0.803504497751124,FALSE,FALSE
"DG_GC","binary_padj0.1","TG",3.23377940338161e-05,NA,0.482758620689655,0.803504497751124,FALSE,FALSE
"DG_GC","binary_padj0.1","CDH13",2.00937955935367e-05,NA,0.481259370314843,0.803504497751124,FALSE,FALSE
"DG_GC","binary_padj0.1","JAM2",1.42816089199954e-05,NA,0.487756121939031,0.803504497751124,FALSE,FALSE
"DG_GC","binary_padj0.1","TPSG1",5.13773218882559e-08,NA,0.47776111944028,0.803504497751124,FALSE,FALSE
"DG_GC","binary_padj0.1","HJV",-3.31467558782113e-06,NA,0.472263868065967,0.803504497751124,FALSE,FALSE
"DG_GC","binary_padj0.1","VSTM1",-2.20310674349415e-05,NA,0.490254872563718,0.803504497751124,FALSE,FALSE
"DG_GC","binary_padj0.1","APOA4",-3.02162426122922e-05,NA,0.495752123938031,0.803504497751124,FALSE,FALSE
"DG_GC","binary_padj0.1","ADAM12",-3.51332497318857e-05,NA,0.495252373813093,0.803504497751124,FALSE,FALSE
"DG_GC","binary_padj0.1","LAMA5",-3.55037234351535e-05,NA,0.495752123938031,0.803504497751124,FALSE,FALSE
"DG_GC","binary_padj0.1","CLU",-3.77825756520687e-05,NA,0.486756621689155,0.803504497751124,FALSE,FALSE
"DG_GC","binary_padj0.1","CD80",-4.74969038046555e-05,NA,0.472763618190905,0.803504497751124,FALSE,FALSE
"DG_GC","binary_padj0.1","WFIKKN2",-5.89119381797981e-05,NA,0.486256871564218,0.803504497751124,FALSE,FALSE
"DG_GC","binary_padj0.1","SEMA6C",-9.36414247649781e-05,NA,0.496751624187906,0.803504497751124,FALSE,FALSE
"DG_GC","binary_padj0.1","FGF7",-0.000114864052993212,NA,0.399300349825087,0.803504497751124,FALSE,FALSE
"DG_GC","binary_padj0.1","PLXNA2",-0.000132620062736625,NA,0.496251874062969,0.803504497751124,FALSE,FALSE
"DG_GC","binary_padj0.1","NRXN2",-0.000146302049573984,NA,0.47776111944028,0.803504497751124,FALSE,FALSE
"DG_GC","binary_padj0.1","NRG2",-0.000155351828605712,NA,0.469265367316342,0.803504497751124,FALSE,FALSE
"DG_GC","binary_padj0.1","MIA",-0.000159548894964856,NA,0.507246376811594,0.803504497751124,FALSE,FALSE
"DG_GC","binary_padj0.1","IL1A",-0.000165558750330526,NA,0.436281859070465,0.803504497751124,FALSE,FALSE
"DG_GC","binary_padj0.1","CRISP2",-0.000178109292304365,NA,0.498250874562719,0.803504497751124,FALSE,FALSE
"DG_GC","binary_padj0.1","FLRT3",-0.000178838854037876,NA,0.502248875562219,0.803504497751124,FALSE,FALSE
"DG_GC","binary_padj0.1","HRG",-0.000185305444122723,NA,0.475262368815592,0.803504497751124,FALSE,FALSE
"DG_GC","binary_padj0.1","IFNA7",-0.000186884287440421,NA,0.488255872063968,0.803504497751124,FALSE,FALSE
"DG_GC","binary_padj0.1","FGF10",-0.000192317667514445,NA,0.441779110444778,0.803504497751124,FALSE,FALSE
"DG_GC","binary_padj0.1","LRRTM2",-0.000193026937330585,NA,0.506746626686657,0.803504497751124,FALSE,FALSE
"DG_GC","binary_padj0.1","NID2",-0.000205926024436043,NA,0.491254372813593,0.803504497751124,FALSE,FALSE
"DG_GC","binary_padj0.1","CLDN2",-0.000217560758914908,NA,0.504247876061969,0.803504497751124,FALSE,FALSE
"DG_GC","binary_padj0.1","GIP",-0.000217773099524661,NA,0.470764617691154,0.803504497751124,FALSE,FALSE
"DG_GC","binary_padj0.1","NTN4",-0.000225143821662401,NA,0.506246876561719,0.803504497751124,FALSE,FALSE
"DG_GC","binary_padj0.1","ANGPT2",-0.000243137703581457,NA,0.469765117441279,0.803504497751124,FALSE,FALSE
"DG_GC","binary_padj0.1","TNFSF13B",-0.00024520649918278,NA,0.450274862568716,0.803504497751124,FALSE,FALSE
"DG_GC","binary_padj0.1","REN",-0.000245891789741347,NA,0.500249875062469,0.803504497751124,FALSE,FALSE
"DG_GC","binary_padj0.1","CSF3",-0.000251255121793286,NA,0.446776611694153,0.803504497751124,FALSE,FALSE
"DG_GC","binary_padj0.1","GUCA2B",-0.000258059198353943,NA,0.500249875062469,0.803504497751124,FALSE,FALSE
"DG_GC","binary_padj0.1","PPY",-0.000275112521791899,NA,0.501249375312344,0.803504497751124,FALSE,FALSE
"DG_GC","binary_padj0.1","VCAN",-0.000277088632110747,NA,0.505247376311844,0.803504497751124,FALSE,FALSE
"DG_GC","binary_padj0.1","NPHS1",-0.000299087231727967,NA,0.48575712143928,0.803504497751124,FALSE,FALSE
"DG_GC","binary_padj0.1","LGALS3BP",-0.000317895330591246,NA,0.505747126436782,0.803504497751124,FALSE,FALSE
"DG_GC","binary_padj0.1","CCL5",-0.000318173919431087,NA,0.467766116941529,0.803504497751124,FALSE,FALSE
"DG_GC","binary_padj0.1","CCN2",-0.000321561963123563,NA,0.466266866566717,0.803504497751124,TRUE,TRUE
"DG_GC","binary_padj0.1","TNXB",-0.000336215046855317,NA,0.507746126936532,0.803504497751124,FALSE,FALSE
"DG_GC","binary_padj0.1","PROC",-0.000339235324238242,NA,0.500749625187406,0.803504497751124,FALSE,FALSE
"DG_GC","binary_padj0.1","CLDN3",-0.000341929302631247,NA,0.497251374312844,0.803504497751124,FALSE,FALSE
"DG_GC","binary_padj0.1","CD58",-0.000365766243968786,NA,0.504247876061969,0.803504497751124,FALSE,FALSE
"DG_GC","binary_padj0.1","BTNL9",-0.000371506166402341,NA,0.513743128435782,0.803504497751124,FALSE,FALSE
"DG_GC","binary_padj0.1","GHRH",-0.00038167833828417,NA,0.489255372313843,0.803504497751124,FALSE,FALSE
"DG_GC","binary_padj0.1","SEMA5B",-0.000385282299684728,NA,0.510744627686157,0.803504497751124,FALSE,FALSE
"DG_GC","binary_padj0.1","SLITRK4",-0.00039211769772589,NA,0.511244377811094,0.803504497751124,FALSE,FALSE
"DG_GC","binary_padj0.1","CRH",-0.000393340987845868,NA,0.462268865567216,0.803504497751124,FALSE,FALSE
"DG_GC","binary_padj0.1","EFNA3",-0.000398405900916362,NA,0.507746126936532,0.803504497751124,FALSE,FALSE
"DG_GC","binary_padj0.1","NXPH3",-0.000408784027804727,NA,0.512243878060969,0.803504497751124,FALSE,FALSE
"DG_GC","binary_padj0.1","TNC",-0.000416948050498717,NA,0.489255372313843,0.803504497751124,TRUE,TRUE
"DG_GC","binary_padj0.1","UXS1",-0.000420467571276291,NA,0.508745627186407,0.803504497751124,FALSE,FALSE
"DG_GC","binary_padj0.1","ADAM29",-0.000421637459443765,NA,0.498750624687656,0.803504497751124,FALSE,FALSE
"DG_GC","binary_padj0.1","SLITRK2",-0.000422892313845673,NA,0.512743628185907,0.803504497751124,FALSE,FALSE
"DG_GC","binary_padj0.1","MICA",-0.000428260582149299,NA,0.511244377811094,0.803504497751124,FALSE,FALSE
"DG_GC","binary_padj0.1","IGFBP7",-0.000438225526017323,NA,0.510244877561219,0.803504497751124,FALSE,FALSE
"DG_GC","binary_padj0.1","CD86",-0.000463484601155424,NA,0.511244377811094,0.803504497751124,FALSE,FALSE
"DG_GC","binary_padj0.1","CGB3",-0.000480843892869068,NA,0.501749125437281,0.803504497751124,FALSE,FALSE
"DG_GC","binary_padj0.1","KISS1",-0.000483856513567106,NA,0.502748625687156,0.803504497751124,FALSE,FALSE
"DG_GC","binary_padj0.1","NPNT",-0.000494523686470126,NA,0.501249375312344,0.803504497751124,FALSE,FALSE
"DG_GC","binary_padj0.1","LRRC4B",-0.000496135879265539,NA,0.511244377811094,0.803504497751124,FALSE,FALSE
"DG_GC","binary_padj0.1","ARMH4",-0.000502309067886901,NA,0.51824087956022,0.803504497751124,FALSE,FALSE
"DG_GC","binary_padj0.1","EFNB2",-0.000502654797916337,NA,0.51624187906047,0.803504497751124,FALSE,FALSE
"DG_GC","binary_padj0.1","EFNB3",-0.000528083031521157,NA,0.52023988005997,0.803504497751124,FALSE,FALSE
"DG_GC","binary_padj0.1","NTN1",-0.000529143535003339,NA,0.510244877561219,0.803504497751124,FALSE,FALSE
"DG_GC","binary_padj0.1","ROBO1",-0.000533471921587795,NA,0.52023988005997,0.803504497751124,FALSE,FALSE
"DG_GC","binary_padj0.1","KLRA1P",-0.000546208174225476,NA,0.515242378810595,0.803504497751124,FALSE,FALSE
"DG_GC","binary_padj0.1","ST14",-0.000567039970473653,NA,0.501749125437281,0.803504497751124,FALSE,FALSE
"DG_GC","binary_padj0.1","F2",-0.000573518334243928,NA,0.454772613693153,0.803504497751124,FALSE,FALSE
"DG_GC","binary_padj0.1","TMEM190",-0.000580285214097208,NA,0.522738630684658,0.803504497751124,FALSE,FALSE
"DG_GC","binary_padj0.1","EFNA2",-0.000592885148309861,NA,0.517241379310345,0.803504497751124,FALSE,FALSE
"DG_GC","binary_padj0.1","PCDH15",-0.000594843801828188,NA,0.521239380309845,0.803504497751124,FALSE,FALSE
"DG_GC","binary_padj0.1","SEMA3B",-0.000598189902658567,NA,0.523238380809595,0.803504497751124,FALSE,FALSE
"DG_GC","binary_padj0.1","FASLG",-0.0006006186966014,NA,0.511244377811094,0.803504497751124,FALSE,FALSE
"DG_GC","binary_padj0.1","NRP1",-0.000609715297314115,NA,0.513243378310845,0.803504497751124,FALSE,FALSE
"DG_GC","binary_padj0.1","LAMA1",-0.000614573338522886,NA,0.52423788105947,0.803504497751124,FALSE,FALSE
"DG_GC","binary_padj0.1","HLA-DQB1",-0.000639584911794338,NA,0.506746626686657,0.803504497751124,FALSE,FALSE
"DG_GC","binary_padj0.1","MANSC1",-0.000646699591758219,NA,0.521739130434783,0.803504497751124,FALSE,FALSE
"DG_GC","binary_padj0.1","EFEMP2",-0.000657784096288882,NA,0.522738630684658,0.803504497751124,FALSE,FALSE
"DG_GC","binary_padj0.1","VEGFD",-0.000661647091880415,NA,0.513243378310845,0.803504497751124,FALSE,FALSE
"DG_GC","binary_padj0.1","CD300A",-0.00066371213675479,NA,0.52623688155922,0.803504497751124,FALSE,FALSE
"DG_GC","binary_padj0.1","LYPD6",-0.000663952752281961,NA,0.525237381309345,0.803504497751124,FALSE,FALSE
"DG_GC","binary_padj0.1","FAM3D",-0.000670196958438726,NA,0.51624187906047,0.803504497751124,FALSE,FALSE
"DG_GC","binary_padj0.1","FBN1",-0.00067590455772123,NA,0.507746126936532,0.803504497751124,FALSE,FALSE
"DG_GC","binary_padj0.1","CCL2",-0.000676643416283346,NA,0.494752623688156,0.803504497751124,FALSE,FALSE
"DG_GC","binary_padj0.1","CCL7",-0.000677346164545161,NA,0.527736131934033,0.803504497751124,FALSE,FALSE
"DG_GC","binary_padj0.1","DRAXIN",-0.000690860743028154,NA,0.526736631684158,0.803504497751124,FALSE,FALSE
"DG_GC","binary_padj0.1","LILRB2",-0.000693038872758653,NA,0.517241379310345,0.803504497751124,FALSE,FALSE
"DG_GC","binary_padj0.1","B2M",-0.000701744223125528,NA,0.521239380309845,0.803504497751124,FALSE,FALSE
"DG_GC","binary_padj0.1","NRXN3",-0.000708813018396657,NA,0.524737631184408,0.803504497751124,FALSE,FALSE
"DG_GC","binary_padj0.1","FGF9",-0.000720169369700542,NA,0.510744627686157,0.803504497751124,FALSE,FALSE
"DG_GC","binary_padj0.1","COL5A3",-0.000734965251404331,NA,0.528235882058971,0.803504497751124,FALSE,FALSE
"DG_GC","binary_padj0.1","SLIT1",-0.000741649561747766,NA,0.530234882558721,0.803504497751124,FALSE,FALSE
"DG_GC","binary_padj0.1","CCN1",-0.00074234173959554,NA,0.512743628185907,0.803504497751124,FALSE,FALSE
"DG_GC","binary_padj0.1","PTGS2",-0.000742755798925566,NA,0.526736631684158,0.803504497751124,FALSE,FALSE
"DG_GC","binary_padj0.1","PRSS3",-0.000753200231543731,NA,0.52623688155922,0.803504497751124,FALSE,FALSE
"DG_GC","binary_padj0.1","SEMA6B",-0.000759327113561813,NA,0.527236381809095,0.803504497751124,FALSE,FALSE
"DG_GC","binary_padj0.1","CEACAM3",-0.0007650229194901,NA,0.520739630184908,0.803504497751124,FALSE,FALSE
"DG_GC","binary_padj0.1","APOC1",-0.000767681158474082,NA,0.533733133433283,0.803504497751124,TRUE,TRUE
"DG_GC","binary_padj0.1","HP",-0.000769906436672564,NA,0.523238380809595,0.803504497751124,FALSE,FALSE
"DG_GC","binary_padj0.1","CGB7",-0.000773414868176194,NA,0.524737631184408,0.803504497751124,FALSE,FALSE
"DG_GC","binary_padj0.1","LOC101059948",-0.000773414868176194,NA,0.524737631184408,0.803504497751124,FALSE,FALSE
"DG_GC","binary_padj0.1","CEL",-0.000775568733443528,NA,0.508245877061469,0.803504497751124,FALSE,FALSE
"DG_GC","binary_padj0.1","CD14",-0.000785997402587205,NA,0.522738630684658,0.803504497751124,FALSE,FALSE
"DG_GC","binary_padj0.1","LGALS1",-0.000792148249970551,NA,0.516741629185407,0.803504497751124,FALSE,FALSE
"DG_GC","binary_padj0.1","CCL1",-0.000798800579056862,NA,0.519740129935032,0.803504497751124,FALSE,FALSE
"DG_GC","binary_padj0.1","VGF",-0.000800175510863027,NA,0.527236381809095,0.803504497751124,FALSE,FALSE
"DG_GC","binary_padj0.1","LIPH",-0.000801682747175807,NA,0.537731134432784,0.803504497751124,FALSE,FALSE
"DG_GC","binary_padj0.1","SPON2",-0.000801966376264936,NA,0.523738130934533,0.803504497751124,FALSE,FALSE
"DG_GC","binary_padj0.1","PLEKHO2",-0.000806244893346035,NA,0.528735632183908,0.803504497751124,FALSE,FALSE
"DG_GC","binary_padj0.1","PPBP",-0.000808152002147637,NA,0.524737631184408,0.803504497751124,FALSE,FALSE
"DG_GC","binary_padj0.1","COL13A1",-0.000811647176819194,NA,0.523238380809595,0.803504497751124,FALSE,FALSE
"DG_GC","binary_padj0.1","PRND",-0.000813947827835908,NA,0.530734632683658,0.803504497751124,FALSE,FALSE
"DG_GC","binary_padj0.1","CDH1",-0.000814922658269649,NA,0.517741129435282,0.803504497751124,FALSE,FALSE
"DG_GC","binary_padj0.1","COL6A3",-0.000816431535858352,NA,0.538230884557721,0.803504497751124,FALSE,FALSE
"DG_GC","binary_padj0.1","ANGPTL1",-0.000820038103751849,NA,0.532233883058471,0.803504497751124,FALSE,FALSE
"DG_GC","binary_padj0.1","PCDHB3",-0.000824151222305434,NA,0.529735132433783,0.803504497751124,FALSE,FALSE
"DG_GC","binary_padj0.1","CA12",-0.000831013331678439,NA,0.531734132933533,0.803504497751124,FALSE,FALSE
"DG_GC","binary_padj0.1","PSG6",-0.000838037688207638,NA,0.530734632683658,0.803504497751124,FALSE,FALSE
"DG_GC","binary_padj0.1","CCL11",-0.00084497410704034,NA,0.533233383308346,0.803504497751124,FALSE,FALSE
"DG_GC","binary_padj0.1","ESAM",-0.000845699985003478,NA,0.51824087956022,0.803504497751124,FALSE,FALSE
"DG_GC","binary_padj0.1","VSIG4",-0.000849932030958489,NA,0.534732633683158,0.803504497751124,FALSE,FALSE
"DG_GC","binary_padj0.1","IFNA6",-0.000852794050645806,NA,0.529235382308846,0.803504497751124,FALSE,FALSE
"DG_GC","binary_padj0.1","NETO2",-0.000853917598964574,NA,0.527736131934033,0.803504497751124,FALSE,FALSE
"DG_GC","binary_padj0.1","NTM",-0.000854867109665351,NA,0.537231384307846,0.803504497751124,FALSE,FALSE
"DG_GC","binary_padj0.1","ARF1",-0.000870990953176725,NA,0.535732133933034,0.803504497751124,FALSE,FALSE
"DG_GC","binary_padj0.1","FBLN1",-0.000880800527870895,NA,0.532733633183408,0.803504497751124,FALSE,FALSE
"DG_GC","binary_padj0.1","MMP14",-0.0008842617427002,NA,0.527236381809095,0.803504497751124,FALSE,FALSE
"DG_GC","binary_padj0.1","PTGFRN",-0.000885607515786957,NA,0.536231884057971,0.803504497751124,FALSE,FALSE
"DG_GC","binary_padj0.1","EFNA5",-0.000885851548337604,NA,0.530234882558721,0.803504497751124,FALSE,FALSE
"DG_GC","binary_padj0.1","UTS2",-0.00088814551965571,NA,0.521239380309845,0.803504497751124,FALSE,FALSE
"DG_GC","binary_padj0.1","SERPINA5",-0.000890110094569361,NA,0.526736631684158,0.803504497751124,FALSE,FALSE
"DG_GC","binary_padj0.1","KITLG",-0.000897025290764076,NA,0.512743628185907,0.803504497751124,TRUE,TRUE
"DG_GC","binary_padj0.1","HLA-E",-0.000898746843246977,NA,0.527236381809095,0.803504497751124,FALSE,FALSE
"DG_GC","binary_padj0.1","ANGPTL2",-0.000898831663530907,NA,0.439780109945027,0.803504497751124,FALSE,FALSE
"DG_GC","binary_padj0.1","SLURP1",-0.000906026412489902,NA,0.529235382308846,0.803504497751124,FALSE,FALSE
"DG_GC","binary_padj0.1","SIRPA",-0.000914054162452577,NA,0.531234382808596,0.803504497751124,FALSE,FALSE
"DG_GC","binary_padj0.1","ZDHHC5",-0.00091506690531356,NA,0.536231884057971,0.803504497751124,FALSE,FALSE
"DG_GC","binary_padj0.1","PGLYRP1",-0.000921346836522657,NA,0.534232883558221,0.803504497751124,FALSE,FALSE
"DG_GC","binary_padj0.1","NTN3",-0.00094208109728918,NA,0.538230884557721,0.803504497751124,FALSE,FALSE
"DG_GC","binary_padj0.1","ZPBP2",-0.000943980449302843,NA,0.529235382308846,0.803504497751124,FALSE,FALSE
"DG_GC","binary_padj0.1","IFNA8",-0.000949534235720592,NA,0.525737131434283,0.803504497751124,FALSE,FALSE
"DG_GC","binary_padj0.1","LAMC2",-0.000949549119701837,NA,0.541229385307346,0.803504497751124,FALSE,FALSE
"DG_GC","binary_padj0.1","GSTP1",-0.000951235157401202,NA,0.542228885557221,0.803504497751124,FALSE,FALSE
"DG_GC","binary_padj0.1","ADAM2",-0.000959035288389364,NA,0.544227886056971,0.803504497751124,FALSE,FALSE
"DG_GC","binary_padj0.1","VSIG10",-0.000969632551318399,NA,0.534232883558221,0.803504497751124,FALSE,FALSE
"DG_GC","binary_padj0.1","FNDC5",-0.000973449369898445,NA,0.537231384307846,0.803504497751124,FALSE,FALSE
"DG_GC","binary_padj0.1","SLITRK6",-0.000974848151951085,NA,0.537231384307846,0.803504497751124,FALSE,FALSE
"DG_GC","binary_padj0.1","FGB",-0.000983488165946495,NA,0.535232383808096,0.803504497751124,FALSE,FALSE
"DG_GC","binary_padj0.1","APOC4",-0.000984355076230582,NA,0.541229385307346,0.803504497751124,FALSE,FALSE
"DG_GC","binary_padj0.1","PIGA",-0.000987875714697809,NA,0.538230884557721,0.803504497751124,FALSE,FALSE
"DG_GC","binary_padj0.1","SOSTDC1",-0.000995235810033867,NA,0.544227886056971,0.803504497751124,FALSE,FALSE
"DG_GC","binary_padj0.1","IGSF3",-0.00100070442582492,NA,0.550224887556222,0.803504497751124,FALSE,FALSE
"DG_GC","binary_padj0.1","CCL26",-0.00100301061751294,NA,0.531234382808596,0.803504497751124,FALSE,FALSE
"DG_GC","binary_padj0.1","HAS2",-0.00100969307250726,NA,0.527736131934033,0.803504497751124,FALSE,FALSE
"DG_GC","binary_padj0.1","IL21",-0.00101149294525502,NA,0.468265867066467,0.803504497751124,FALSE,FALSE
"DG_GC","binary_padj0.1","FGF12",-0.00101479727036173,NA,0.534232883558221,0.803504497751124,FALSE,FALSE
"DG_GC","binary_padj0.1","CEACAM7",-0.00103082692540841,NA,0.545727136431784,0.803504497751124,FALSE,FALSE
"DG_GC","binary_padj0.1","IGFBP3",-0.00103679629578807,NA,0.549725137431284,0.803504497751124,FALSE,FALSE
"DG_GC","binary_padj0.1","SLC6A8",-0.00104195931034884,NA,0.541729135432284,0.803504497751124,FALSE,FALSE
"DG_GC","binary_padj0.1","CD7",-0.00104296594510988,NA,0.527736131934033,0.803504497751124,FALSE,FALSE
"DG_GC","binary_padj0.1","CD28",-0.00104595826808988,NA,0.52023988005997,0.803504497751124,FALSE,FALSE
"DG_GC","binary_padj0.1","ADAM28",-0.0010462070074826,NA,0.530234882558721,0.803504497751124,FALSE,FALSE
"DG_GC","binary_padj0.1","TNFSF8",-0.00104733845462567,NA,0.528235882058971,0.803504497751124,FALSE,FALSE
"DG_GC","binary_padj0.1","MYEOV",-0.00105363051816698,NA,0.557221389305347,0.803504497751124,FALSE,FALSE
"DG_GC","binary_padj0.1","CDCP1",-0.0010554403169746,NA,0.540229885057471,0.803504497751124,FALSE,FALSE
"DG_GC","binary_padj0.1","ANGPTL6",-0.00106422277551157,NA,0.541729135432284,0.803504497751124,FALSE,FALSE
"DG_GC","binary_padj0.1","NTS",-0.00106523914582748,NA,0.540729635182409,0.803504497751124,FALSE,FALSE
"DG_GC","binary_padj0.1","FCN2",-0.00106760673463864,NA,0.533233383308346,0.803504497751124,FALSE,FALSE
"DG_GC","binary_padj0.1","ITGAM",-0.00107057391076201,NA,0.540229885057471,0.803504497751124,FALSE,FALSE
"DG_GC","binary_padj0.1","PRSS1",-0.00107479406037775,NA,0.545727136431784,0.803504497751124,FALSE,FALSE
"DG_GC","binary_padj0.1","CALM1",-0.00107675399543995,NA,0.536231884057971,0.803504497751124,FALSE,FALSE
"DG_GC","binary_padj0.1","CALM3",-0.00108735133999123,NA,0.534732633683158,0.803504497751124,FALSE,FALSE
"DG_GC","binary_padj0.1","GNRH2",-0.00108830161593548,NA,0.535232383808096,0.803504497751124,FALSE,FALSE
"DG_GC","binary_padj0.1","A2M",-0.00110448399460787,NA,0.546726636681659,0.803504497751124,FALSE,FALSE
"DG_GC","binary_padj0.1","SEMA6D",-0.00112149141219423,NA,0.544227886056971,0.803504497751124,FALSE,FALSE
"DG_GC","binary_padj0.1","FGF11",-0.00112480809736139,NA,0.536231884057971,0.803504497751124,FALSE,FALSE
"DG_GC","binary_padj0.1","CCN4",-0.00112949799430223,NA,0.558220889555222,0.803504497751124,FALSE,FALSE
"DG_GC","binary_padj0.1","LRFN5",-0.00113816388335371,NA,0.553723138430785,0.803504497751124,FALSE,FALSE
"DG_GC","binary_padj0.1","SEMA4A",-0.00115291536262438,NA,0.547226386806597,0.803504497751124,FALSE,FALSE
"DG_GC","binary_padj0.1","CALM2",-0.00116430643221818,NA,0.538230884557721,0.803504497751124,FALSE,FALSE
"DG_GC","binary_padj0.1","UCN3",-0.00116650482232721,NA,0.543228385807096,0.803504497751124,FALSE,FALSE
"DG_GC","binary_padj0.1","FGL1",-0.00117203472756573,NA,0.550224887556222,0.803504497751124,FALSE,FALSE
"DG_GC","binary_padj0.1","CXCL6",-0.00117481899289417,NA,0.541229385307346,0.803504497751124,FALSE,FALSE
"DG_GC","binary_padj0.1","LRIG2",-0.00117605000907068,NA,0.549225387306347,0.803504497751124,FALSE,FALSE
"DG_GC","binary_padj0.1","FGA",-0.00118676081965115,NA,0.549225387306347,0.803504497751124,FALSE,FALSE
"DG_GC","binary_padj0.1","OMG",-0.00119000877827742,NA,0.506246876561719,0.803504497751124,FALSE,FALSE
"DG_GC","binary_padj0.1","MATN1",-0.00119388857235257,NA,0.550224887556222,0.803504497751124,FALSE,FALSE
"DG_GC","binary_padj0.1","ULBP2",-0.00119508383344204,NA,0.541729135432284,0.803504497751124,FALSE,FALSE
"DG_GC","binary_padj0.1","LHB",-0.00119698994493464,NA,0.551724137931034,0.803504497751124,FALSE,FALSE
"DG_GC","binary_padj0.1","KCNA1",-0.00120292951427541,NA,0.549725137431284,0.803504497751124,FALSE,FALSE
"DG_GC","binary_padj0.1","FGF14",-0.00120566360836244,NA,0.55472263868066,0.803504497751124,FALSE,FALSE
"DG_GC","binary_padj0.1","TIGIT",-0.0012132919821397,NA,0.547726136931534,0.803504497751124,FALSE,FALSE
"DG_GC","binary_padj0.1","APOO",-0.00122186430398685,NA,0.554222888555722,0.803504497751124,FALSE,FALSE
"DG_GC","binary_padj0.1","TIMP1",-0.00122725007595401,NA,0.534232883558221,0.803504497751124,FALSE,FALSE
"DG_GC","binary_padj0.1","GDF15",-0.00123395474114018,NA,0.545227386306847,0.803504497751124,FALSE,FALSE
"DG_GC","binary_padj0.1","NID1",-0.00123399947875578,NA,0.559720139930035,0.803504497751124,FALSE,FALSE
"DG_GC","binary_padj0.1","LRRC4",-0.00123747738321682,NA,0.543228385807096,0.803504497751124,FALSE,FALSE
"DG_GC","binary_padj0.1","FLT3LG",-0.00123862996342598,NA,0.553223388305847,0.803504497751124,FALSE,FALSE
"DG_GC","binary_padj0.1","KIR2DL5A",-0.00124723175384988,NA,0.550224887556222,0.803504497751124,FALSE,FALSE
"DG_GC","binary_padj0.1","MPZL3",-0.00125318765746389,NA,0.553223388305847,0.803504497751124,FALSE,FALSE
"DG_GC","binary_padj0.1","ENPP1",-0.00125469517655363,NA,0.561219390304848,0.803504497751124,FALSE,FALSE
"DG_GC","binary_padj0.1","IFNA4",-0.00125965416482868,NA,0.547226386806597,0.803504497751124,FALSE,FALSE
"DG_GC","binary_padj0.1","COL24A1",-0.00126085591443445,NA,0.55272363818091,0.803504497751124,FALSE,FALSE
"DG_GC","binary_padj0.1","GDF9",-0.00126135402302831,NA,0.543228385807096,0.803504497751124,FALSE,FALSE
"DG_GC","binary_padj0.1","DEFB103B",-0.00126325485501973,NA,0.550724637681159,0.803504497751124,FALSE,FALSE
"DG_GC","binary_padj0.1","IFNA21",-0.00126817752592718,NA,0.546226886556722,0.803504497751124,FALSE,FALSE
"DG_GC","binary_padj0.1","PROK1",-0.00126864417452568,NA,0.539230384807596,0.803504497751124,FALSE,FALSE
"DG_GC","binary_padj0.1","KIAA0319L",-0.00127073081562949,NA,0.55672163918041,0.803504497751124,FALSE,FALSE
"DG_GC","binary_padj0.1","ANXA1",-0.00127120307515674,NA,0.549225387306347,0.803504497751124,TRUE,TRUE
"DG_GC","binary_padj0.1","GUCY2D",-0.00128213477616885,NA,0.550724637681159,0.803504497751124,FALSE,FALSE
"DG_GC","binary_padj0.1","ERFE",-0.00128282359158407,NA,0.552223888055972,0.803504497751124,FALSE,FALSE
"DG_GC","binary_padj0.1","CD160",-0.00128282729161632,NA,0.555222388805597,0.803504497751124,FALSE,FALSE
"DG_GC","binary_padj0.1","NTNG1",-0.00129900271086252,NA,0.549225387306347,0.803504497751124,FALSE,FALSE
"DG_GC","binary_padj0.1","ITGB1",-0.00130750476057918,NA,0.55472263868066,0.803504497751124,FALSE,FALSE
"DG_GC","binary_padj0.1","TAC4",-0.00131129754269416,NA,0.554222888555722,0.803504497751124,FALSE,FALSE
"DG_GC","binary_padj0.1","ADCYAP1",-0.00131540417528576,NA,0.494252873563218,0.803504497751124,FALSE,FALSE
"DG_GC","binary_padj0.1","LIN7B",-0.00131893604331803,NA,0.563718140929535,0.803504497751124,FALSE,FALSE
"DG_GC","binary_padj0.1","F8",-0.00132172079574161,NA,0.543728135932034,0.803504497751124,FALSE,FALSE
"DG_GC","binary_padj0.1","SLIT3",-0.00133218853067015,NA,0.566216891554223,0.803504497751124,FALSE,FALSE
"DG_GC","binary_padj0.1","ADM2",-0.00134057663946572,NA,0.553723138430785,0.803504497751124,FALSE,FALSE
"DG_GC","binary_padj0.1","MPZ",-0.00134916834143041,NA,0.56271864067966,0.803504497751124,FALSE,FALSE
"DG_GC","binary_padj0.1","S100A10",-0.00136196628057342,NA,0.555722138930535,0.803504497751124,FALSE,FALSE
"DG_GC","binary_padj0.1","TPSB2",-0.00136994594716591,NA,0.556221889055472,0.803504497751124,FALSE,FALSE
"DG_GC","binary_padj0.1","GJB6",-0.00137323280722267,NA,0.560219890054973,0.803504497751124,FALSE,FALSE
"DG_GC","binary_padj0.1","RTN4",-0.00137766421552015,NA,0.55872063968016,0.803504497751124,FALSE,FALSE
"DG_GC","binary_padj0.1","THBS4",-0.0013806574915137,NA,0.564217891054473,0.803504497751124,FALSE,FALSE
"DG_GC","binary_padj0.1","SLURP2",-0.00138201336322596,NA,0.55872063968016,0.803504497751124,FALSE,FALSE
"DG_GC","binary_padj0.1","PTH2",-0.00138323635316924,NA,0.560219890054973,0.803504497751124,FALSE,FALSE
"DG_GC","binary_padj0.1","ALOX5AP",-0.00138869266627502,NA,0.563218390804598,0.803504497751124,FALSE,FALSE
"DG_GC","binary_padj0.1","FCN1",-0.00139278540377926,NA,0.557721139430285,0.803504497751124,FALSE,FALSE
"DG_GC","binary_padj0.1","CD244",-0.00139805938824526,NA,0.553723138430785,0.803504497751124,FALSE,FALSE
"DG_GC","binary_padj0.1","PECAM1",-0.00140030254654487,NA,0.55472263868066,0.803504497751124,FALSE,FALSE
"DG_GC","binary_padj0.1","ANGPTL5",-0.00140629949392698,NA,0.565217391304348,0.803504497751124,FALSE,FALSE
"DG_GC","binary_padj0.1","BMP15",-0.0014084294459551,NA,0.549725137431284,0.803504497751124,FALSE,FALSE
"DG_GC","binary_padj0.1","LRRN2",-0.00141026525430379,NA,0.563218390804598,0.803504497751124,FALSE,FALSE
"DG_GC","binary_padj0.1","IFNL2",-0.00141036864427722,NA,0.561719140429785,0.803504497751124,FALSE,FALSE
"DG_GC","binary_padj0.1","IL20",-0.00142050762838373,NA,0.505747126436782,0.803504497751124,FALSE,FALSE
"DG_GC","binary_padj0.1","CGA",-0.0014267066301373,NA,0.557721139430285,0.803504497751124,FALSE,FALSE
"DG_GC","binary_padj0.1","ITGA9",-0.00142959105428659,NA,0.568215892053973,0.803504497751124,FALSE,FALSE
"DG_GC","binary_padj0.1","HLA-DQB2",-0.00143045368022906,NA,0.549725137431284,0.803504497751124,FALSE,FALSE
"DG_GC","binary_padj0.1","TREML1",-0.00143099894726741,NA,0.560219890054973,0.803504497751124,FALSE,FALSE
"DG_GC","binary_padj0.1","NPY",-0.00143334795774025,NA,0.553723138430785,0.803504497751124,FALSE,FALSE
"DG_GC","binary_padj0.1","NMB",-0.00143602626366147,NA,0.55472263868066,0.803504497751124,FALSE,FALSE
"DG_GC","binary_padj0.1","HLA-DOB",-0.00144228732520813,NA,0.569715142428786,0.803504497751124,FALSE,FALSE
"DG_GC","binary_padj0.1","GRN",-0.00144431920326465,NA,0.556221889055472,0.803504497751124,FALSE,FALSE
"DG_GC","binary_padj0.1","INHA",-0.00144482486923843,NA,0.572713643178411,0.803504497751124,FALSE,FALSE
"DG_GC","binary_padj0.1","LRFN3",-0.00145937595183816,NA,0.567716141929036,0.803504497751124,FALSE,FALSE
"DG_GC","binary_padj0.1","CCL3L3",-0.00146088478082404,NA,0.556221889055472,0.803504497751124,FALSE,FALSE
"DG_GC","binary_padj0.1","EDIL3",-0.00146554820948763,NA,0.557221389305347,0.803504497751124,FALSE,FALSE
"DG_GC","binary_padj0.1","EREG",-0.00147031553442517,NA,0.556221889055472,0.803504497751124,FALSE,FALSE
"DG_GC","binary_padj0.1","EDN2",-0.00147582535564239,NA,0.559720139930035,0.803504497751124,FALSE,FALSE
"DG_GC","binary_padj0.1","APOC3",-0.00147616255168985,NA,0.55872063968016,0.803504497751124,FALSE,FALSE
"DG_GC","binary_padj0.1","ICAM1",-0.00147718085629474,NA,0.549225387306347,0.803504497751124,FALSE,FALSE
"DG_GC","binary_padj0.1","CD44",-0.0014789687039913,NA,0.553723138430785,0.803504497751124,FALSE,FALSE
"DG_GC","binary_padj0.1","IFNA10",-0.00148079257862533,NA,0.555222388805597,0.803504497751124,FALSE,FALSE
"DG_GC","binary_padj0.1","LAMB3",-0.00148327776375845,NA,0.564217891054473,0.803504497751124,FALSE,FALSE
"DG_GC","binary_padj0.1","SPINT1",-0.00148923676722367,NA,0.558220889555222,0.803504497751124,FALSE,FALSE
"DG_GC","binary_padj0.1","COL6A5",-0.00149983341672281,NA,0.571214392803598,0.803504497751124,FALSE,FALSE
"DG_GC","binary_padj0.1","CALCB",-0.00150422581759619,NA,0.554222888555722,0.803504497751124,FALSE,FALSE
"DG_GC","binary_padj0.1","ALB",-0.00151098138792414,NA,0.529235382308846,0.803504497751124,FALSE,FALSE
"DG_GC","binary_padj0.1","SIGLEC6",-0.00151603279583057,NA,0.547226386806597,0.803504497751124,FALSE,FALSE
"DG_GC","binary_padj0.1","LRFN4",-0.00151770607234136,NA,0.572213893053473,0.803504497751124,FALSE,FALSE
"DG_GC","binary_padj0.1","ESM1",-0.00152455794214374,NA,0.576211894052973,0.803504497751124,FALSE,FALSE
"DG_GC","binary_padj0.1","QRFP",-0.00152769042018876,NA,0.564217891054473,0.803504497751124,FALSE,FALSE
"DG_GC","binary_padj0.1","GUCA2A",-0.00152986278412613,NA,0.563218390804598,0.803504497751124,FALSE,FALSE
"DG_GC","binary_padj0.1","NPPA",-0.00153906199798615,NA,0.566216891554223,0.803504497751124,FALSE,FALSE
"DG_GC","binary_padj0.1","GZMB",-0.00153985946955953,NA,0.569215392303848,0.803504497751124,FALSE,FALSE
"DG_GC","binary_padj0.1","ADAMTS3",-0.00154511240565211,NA,0.557221389305347,0.803504497751124,FALSE,FALSE
"DG_GC","binary_padj0.1","CCL4L2",-0.00154630748579051,NA,0.572213893053473,0.803504497751124,FALSE,FALSE
"DG_GC","binary_padj0.1","IL2",-0.00154911071001516,NA,0.530234882558721,0.803504497751124,FALSE,FALSE
"DG_GC","binary_padj0.1","AMH",-0.00155264735219597,NA,0.563718140929535,0.803504497751124,FALSE,FALSE
"DG_GC","binary_padj0.1","LAMB2",-0.00156925113328086,NA,0.563218390804598,0.803504497751124,FALSE,FALSE
"DG_GC","binary_padj0.1","IL1B",-0.00157416091456146,NA,0.52023988005997,0.803504497751124,FALSE,FALSE
"DG_GC","binary_padj0.1","LAMA3",-0.00157445071879876,NA,0.571214392803598,0.803504497751124,FALSE,FALSE
"DG_GC","binary_padj0.1","CLEC3A",-0.00158052446575199,NA,0.573213393303348,0.803504497751124,FALSE,FALSE
"DG_GC","binary_padj0.1","GGT1",-0.00158341023163029,NA,0.572713643178411,0.803504497751124,FALSE,FALSE
"DG_GC","binary_padj0.1","MPIG6B",-0.00158927501863203,NA,0.579210394802599,0.803504497751124,FALSE,FALSE
"DG_GC","binary_padj0.1","FCGR3B",-0.0016096488959696,NA,0.577711144427786,0.803504497751124,FALSE,FALSE
"DG_GC","binary_padj0.1","HLA-DMB",-0.0016159019439479,NA,0.577211394302849,0.803504497751124,FALSE,FALSE
"DG_GC","binary_padj0.1","EMC1",-0.00162149244772168,NA,0.573713143428286,0.803504497751124,FALSE,FALSE
"DG_GC","binary_padj0.1","POMC",-0.00162752739179511,NA,0.540729635182409,0.803504497751124,FALSE,FALSE
"DG_GC","binary_padj0.1","NAMPT",-0.00162870366950378,NA,0.56271864067966,0.803504497751124,FALSE,FALSE
"DG_GC","binary_padj0.1","PROS1",-0.00163095789373512,NA,0.577211394302849,0.803504497751124,FALSE,FALSE
"DG_GC","binary_padj0.1","PLA2G2A",-0.00163460925521248,NA,0.574712643678161,0.803504497751124,FALSE,FALSE
"DG_GC","binary_padj0.1","ADAM15",-0.00163658910577966,NA,0.577211394302849,0.803504497751124,FALSE,FALSE
"DG_GC","binary_padj0.1","CHAD",-0.00164616688070651,NA,0.572213893053473,0.803504497751124,FALSE,FALSE
"DG_GC","binary_padj0.1","MCAM",-0.00164751691032092,NA,0.570214892553723,0.803504497751124,FALSE,FALSE
"DG_GC","binary_padj0.1","STX1A",-0.00164919950817579,NA,0.574712643678161,0.803504497751124,FALSE,FALSE
"DG_GC","binary_padj0.1","COL11A2",-0.00165543184655365,NA,0.574712643678161,0.803504497751124,FALSE,FALSE
"DG_GC","binary_padj0.1","TNFSF15",-0.00166113736484146,NA,0.56471764117941,0.803504497751124,FALSE,FALSE
"DG_GC","binary_padj0.1","ADGRB1",-0.00166182249085511,NA,0.569215392303848,0.803504497751124,FALSE,FALSE
"DG_GC","binary_padj0.1","TFF2",-0.00166742368361615,NA,0.565717141429285,0.803504497751124,FALSE,FALSE
"DG_GC","binary_padj0.1","DEFB1",-0.00167042011735284,NA,0.581709145427286,0.803504497751124,FALSE,FALSE
"DG_GC","binary_padj0.1","UCN2",-0.00167789123044033,NA,0.573713143428286,0.803504497751124,FALSE,FALSE
"DG_GC","binary_padj0.1","PSG4",-0.00167874263662532,NA,0.559720139930035,0.803504497751124,FALSE,FALSE
"DG_GC","binary_padj0.1","SPAG11B",-0.00167949262116234,NA,0.568715642178911,0.803504497751124,FALSE,FALSE
"DG_GC","binary_padj0.1","BTC",-0.00167985914916351,NA,0.548725637181409,0.803504497751124,FALSE,FALSE
"DG_GC","binary_padj0.1","C3",-0.0016817624949103,NA,0.568715642178911,0.803504497751124,FALSE,FALSE
"DG_GC","binary_padj0.1","CCL4L1",-0.00168237482035376,NA,0.572213893053473,0.803504497751124,FALSE,FALSE
"DG_GC","binary_padj0.1","SERPINC1",-0.00168329044806551,NA,0.575212393803098,0.803504497751124,FALSE,FALSE
"DG_GC","binary_padj0.1","THY1",-0.00168574365968424,NA,0.579210394802599,0.803504497751124,FALSE,FALSE
"DG_GC","binary_padj0.1","NPFF",-0.00168585014631409,NA,0.570214892553723,0.803504497751124,FALSE,FALSE
"DG_GC","binary_padj0.1","IFNA5",-0.0016878335358381,NA,0.572213893053473,0.803504497751124,FALSE,FALSE
"DG_GC","binary_padj0.1","CRB3",-0.00169121738272077,NA,0.579710144927536,0.803504497751124,FALSE,FALSE
"DG_GC","binary_padj0.1","COL1A1",-0.00169680158929334,NA,0.55872063968016,0.803504497751124,FALSE,FALSE
"DG_GC","binary_padj0.1","KLK3",-0.00169789057674015,NA,0.581209395302349,0.803504497751124,FALSE,FALSE
"DG_GC","binary_padj0.1","LAIR2",-0.0017000808815372,NA,0.573713143428286,0.803504497751124,FALSE,FALSE
"DG_GC","binary_padj0.1","PZP",-0.00170981518779456,NA,0.591704147926037,0.803504497751124,FALSE,FALSE
"DG_GC","binary_padj0.1","LAMB1",-0.00171098002554488,NA,0.575212393803098,0.803504497751124,FALSE,FALSE
"DG_GC","binary_padj0.1","TCTN1",-0.00171921609315025,NA,0.579710144927536,0.803504497751124,FALSE,FALSE
"DG_GC","binary_padj0.1","OBP2A",-0.00172523257989566,NA,0.576711644177911,0.803504497751124,FALSE,FALSE
"DG_GC","binary_padj0.1","CCL21",-0.00173296846655227,NA,0.578710644677661,0.803504497751124,FALSE,FALSE
"DG_GC","binary_padj0.1","GNAS",-0.0017381832890592,NA,0.580709645177411,0.803504497751124,FALSE,FALSE
"DG_GC","binary_padj0.1","C10orf99",-0.00173833825506278,NA,0.572713643178411,0.803504497751124,FALSE,FALSE
"DG_GC","binary_padj0.1","OSM",-0.00174704351564528,NA,0.499750124937531,0.803504497751124,FALSE,FALSE
"DG_GC","binary_padj0.1","GPC6",-0.00175159713977556,NA,0.575212393803098,0.803504497751124,FALSE,FALSE
"DG_GC","binary_padj0.1","BCAN",-0.00175958708274567,NA,0.579210394802599,0.803504497751124,FALSE,FALSE
"DG_GC","binary_padj0.1","NXPH1",-0.00176119576526394,NA,0.579210394802599,0.803504497751124,FALSE,FALSE
"DG_GC","binary_padj0.1","TGOLN2",-0.00176604972727409,NA,0.582708645677161,0.803504497751124,FALSE,FALSE
"DG_GC","binary_padj0.1","GCG",-0.00176637787429731,NA,0.56271864067966,0.803504497751124,FALSE,FALSE
"DG_GC","binary_padj0.1","LRIT1",-0.00176852921166803,NA,0.582708645677161,0.803504497751124,FALSE,FALSE
"DG_GC","binary_padj0.1","SIGLEC12",-0.00177007938786458,NA,0.590704647676162,0.803504497751124,FALSE,FALSE
"DG_GC","binary_padj0.1","CRHR2",-0.00177465479535104,NA,0.581209395302349,0.803504497751124,FALSE,FALSE
"DG_GC","binary_padj0.1","MMP16",-0.00177480596793738,NA,0.583208395802099,0.803504497751124,FALSE,FALSE
"DG_GC","binary_padj0.1","HHLA2",-0.00177687194579735,NA,0.567716141929036,0.803504497751124,FALSE,FALSE
"DG_GC","binary_padj0.1","LEAP2",-0.00177774644671305,NA,0.581709145427286,0.803504497751124,FALSE,FALSE
"DG_GC","binary_padj0.1","F7",-0.00178123437246648,NA,0.581709145427286,0.803504497751124,FALSE,FALSE
"DG_GC","binary_padj0.1","ATP1B1",-0.00181864182484457,NA,0.571714142928536,0.803504497751124,FALSE,FALSE
"DG_GC","binary_padj0.1","ADAM23",-0.00181920677299459,NA,0.585207396301849,0.803504497751124,FALSE,FALSE
"DG_GC","binary_padj0.1","CXCL8",-0.00181965376826973,NA,0.530234882558721,0.803504497751124,FALSE,FALSE
"DG_GC","binary_padj0.1","NCAM1",-0.00181991391069205,NA,0.578710644677661,0.803504497751124,FALSE,FALSE
"DG_GC","binary_padj0.1","HAVCR1",-0.00182633961172357,NA,0.589205397301349,0.803504497751124,FALSE,FALSE
"DG_GC","binary_padj0.1","ADAM11",-0.00183135118938435,NA,0.583208395802099,0.803504497751124,FALSE,FALSE
"DG_GC","binary_padj0.1","CXCL16",-0.00184856500493247,NA,0.582708645677161,0.803504497751124,FALSE,FALSE
"DG_GC","binary_padj0.1","VTCN1",-0.00185472316995401,NA,0.585207396301849,0.803504497751124,FALSE,FALSE
"DG_GC","binary_padj0.1","RARRES2",-0.00185702399505913,NA,0.582708645677161,0.803504497751124,FALSE,FALSE
"DG_GC","binary_padj0.1","ACE2",-0.00185733906411705,NA,0.576711644177911,0.803504497751124,FALSE,FALSE
"DG_GC","binary_padj0.1","ZG16B",-0.00186152487043871,NA,0.590204897551224,0.803504497751124,FALSE,FALSE
"DG_GC","binary_padj0.1","APOA1",-0.00186387500506462,NA,0.588705647176412,0.803504497751124,FALSE,FALSE
"DG_GC","binary_padj0.1","NPS",-0.00187289656719733,NA,0.579710144927536,0.803504497751124,FALSE,FALSE
"DG_GC","binary_padj0.1","DSC2",-0.00187294094178651,NA,0.585707146426787,0.803504497751124,FALSE,FALSE
"DG_GC","binary_padj0.1","RPS19",-0.00187540193429223,NA,0.592203898050975,0.803504497751124,FALSE,FALSE
"DG_GC","binary_padj0.1","CD40LG",-0.00187618395108897,NA,0.542728635682159,0.803504497751124,FALSE,FALSE
"DG_GC","binary_padj0.1","HSP90B1",-0.00187693282448657,NA,0.584207896051974,0.803504497751124,FALSE,FALSE
"DG_GC","binary_padj0.1","IL17B",-0.00187993526943086,NA,0.574712643678161,0.803504497751124,FALSE,FALSE
"DG_GC","binary_padj0.1","RSPO1",-0.00188058301926802,NA,0.580209895052474,0.803504497751124,FALSE,FALSE
"DG_GC","binary_padj0.1","COL12A1",-0.00188069225619748,NA,0.588205897051474,0.803504497751124,TRUE,TRUE
"DG_GC","binary_padj0.1","PTPRK",-0.00188378170932557,NA,0.583708145927036,0.803504497751124,FALSE,FALSE
"DG_GC","binary_padj0.1","GH2",-0.00188671059353168,NA,0.583208395802099,0.803504497751124,FALSE,FALSE
"DG_GC","binary_padj0.1","IFNA14",-0.00189360798151919,NA,0.584207896051974,0.803504497751124,FALSE,FALSE
"DG_GC","binary_padj0.1","NCR2",-0.00189405810978363,NA,0.579710144927536,0.803504497751124,FALSE,FALSE
"DG_GC","binary_padj0.1","MFAP3L",-0.00189589209418656,NA,0.590704647676162,0.803504497751124,FALSE,FALSE
"DG_GC","binary_padj0.1","IL36RN",-0.00191196021773721,NA,0.589705147426287,0.803504497751124,FALSE,FALSE
"DG_GC","binary_padj0.1","LIN7C",-0.00191285843897957,NA,0.587706146926537,0.803504497751124,FALSE,FALSE
"DG_GC","binary_padj0.1","APOE",-0.00191827928029944,NA,0.581209395302349,0.803504497751124,TRUE,TRUE
"DG_GC","binary_padj0.1","EDN3",-0.00192106217528237,NA,0.579710144927536,0.803504497751124,FALSE,FALSE
"DG_GC","binary_padj0.1","ICAM5",-0.00192250784039801,NA,0.587706146926537,0.803504497751124,FALSE,FALSE
"DG_GC","binary_padj0.1","ITM2B",-0.00192275466488992,NA,0.586206896551724,0.803504497751124,FALSE,FALSE
"DG_GC","binary_padj0.1","PLAU",-0.0019289839661509,NA,0.55472263868066,0.803504497751124,FALSE,FALSE
"DG_GC","binary_padj0.1","IZUMO1",-0.00192923028688907,NA,0.578210894552724,0.803504497751124,FALSE,FALSE
"DG_GC","binary_padj0.1","FN1",-0.00193215787403027,NA,0.583208395802099,0.803504497751124,FALSE,FALSE
"DG_GC","binary_padj0.1","RSPO4",-0.00193779130669932,NA,0.591204397801099,0.803504497751124,FALSE,FALSE
"DG_GC","binary_padj0.1","PGF",-0.00194196408325238,NA,0.582208895552224,0.803504497751124,FALSE,FALSE
"DG_GC","binary_padj0.1","C1QTNF5",-0.00194925195683297,NA,0.587706146926537,0.803504497751124,FALSE,FALSE
"DG_GC","binary_padj0.1","CALCA",-0.00195274697053083,NA,0.574712643678161,0.803504497751124,FALSE,FALSE
"DG_GC","binary_padj0.1","DEFB106B",-0.00195611341123921,NA,0.585207396301849,0.803504497751124,FALSE,FALSE
"DG_GC","binary_padj0.1","NCR3LG1",-0.00195651622738496,NA,0.591204397801099,0.803504497751124,FALSE,FALSE
"DG_GC","binary_padj0.1","SEMA3C",-0.00195699644892341,NA,0.585207396301849,0.803504497751124,FALSE,FALSE
"DG_GC","binary_padj0.1","COL4A6",-0.00195716333807377,NA,0.587706146926537,0.803504497751124,FALSE,FALSE
"DG_GC","binary_padj0.1","UTS2B",-0.00195951718626944,NA,0.592703648175912,0.803504497751124,FALSE,FALSE
"DG_GC","binary_padj0.1","FGF18",-0.00196077008162469,NA,0.545727136431784,0.803504497751124,FALSE,FALSE
"DG_GC","binary_padj0.1","PLG",-0.00197051974725243,NA,0.582208895552224,0.803504497751124,FALSE,FALSE
"DG_GC","binary_padj0.1","S100A9",-0.00197115291222115,NA,0.587206396801599,0.803504497751124,FALSE,FALSE
"DG_GC","binary_padj0.1","F9",-0.00198273718925151,NA,0.588705647176412,0.803504497751124,FALSE,FALSE
"DG_GC","binary_padj0.1","ITGA4",-0.00198781192080472,NA,0.597701149425287,0.803504497751124,FALSE,FALSE
"DG_GC","binary_padj0.1","SELL",-0.0019949867483635,NA,0.596701649175412,0.803504497751124,FALSE,FALSE
"DG_GC","binary_padj0.1","DSG2",-0.0019965070488226,NA,0.595702148925537,0.803504497751124,FALSE,FALSE
"DG_GC","binary_padj0.1","CCL25",-0.00199891013129536,NA,0.584207896051974,0.803504497751124,FALSE,FALSE
"DG_GC","binary_padj0.1","GAL",-0.00201106391490535,NA,0.596701649175412,0.803504497751124,FALSE,FALSE
"DG_GC","binary_padj0.1","DHH",-0.00201173709955264,NA,0.589705147426287,0.803504497751124,FALSE,FALSE
"DG_GC","binary_padj0.1","LGI4",-0.00201761264664292,NA,0.6031984007996,0.803504497751124,FALSE,FALSE
"DG_GC","binary_padj0.1","DCHS1",-0.00202046999139718,NA,0.586706646676662,0.803504497751124,FALSE,FALSE
"DG_GC","binary_padj0.1","TRAF2",-0.0020210264116391,NA,0.598200899550225,0.803504497751124,FALSE,FALSE
"DG_GC","binary_padj0.1","CD1B",-0.00202464986780304,NA,0.59320339830085,0.803504497751124,FALSE,FALSE
"DG_GC","binary_padj0.1","CLUL1",-0.00202948014564019,NA,0.588705647176412,0.803504497751124,FALSE,FALSE
"DG_GC","binary_padj0.1","TAC3",-0.00203210112555611,NA,0.572713643178411,0.803504497751124,FALSE,FALSE
"DG_GC","binary_padj0.1","MICB",-0.00203369360214751,NA,0.587706146926537,0.803504497751124,FALSE,FALSE
"DG_GC","binary_padj0.1","RLN2",-0.00203511253500248,NA,0.584707646176912,0.803504497751124,FALSE,FALSE
"DG_GC","binary_padj0.1","SLAMF6",-0.00203866761681941,NA,0.596701649175412,0.803504497751124,FALSE,FALSE
"DG_GC","binary_padj0.1","PRSS2",-0.00204461413497717,NA,0.575712143928036,0.803504497751124,FALSE,FALSE
"DG_GC","binary_padj0.1","IL9",-0.00204982524071335,NA,0.587706146926537,0.803504497751124,FALSE,FALSE
"DG_GC","binary_padj0.1","CD99",-0.00205387252022539,NA,0.59720139930035,0.803504497751124,FALSE,FALSE
"DG_GC","binary_padj0.1","FSHB",-0.00206884113163832,NA,0.585207396301849,0.803504497751124,FALSE,FALSE
"DG_GC","binary_padj0.1","TSPAN33",-0.00206885003201878,NA,0.590704647676162,0.803504497751124,FALSE,FALSE
"DG_GC","binary_padj0.1","COL7A1",-0.00207212886812485,NA,0.599700149925038,0.803504497751124,FALSE,FALSE
"DG_GC","binary_padj0.1","SERPINE1",-0.00207279213808493,NA,0.595702148925537,0.803504497751124,TRUE,TRUE
"DG_GC","binary_padj0.1","OGN",-0.00207342697898348,NA,0.598700649675162,0.803504497751124,FALSE,FALSE
"DG_GC","binary_padj0.1","LTBP1",-0.00207494128281441,NA,0.604697651174413,0.803504497751124,FALSE,FALSE
"DG_GC","binary_padj0.1","HLA-B",-0.00207790954707518,NA,0.5952023988006,0.803504497751124,FALSE,FALSE
"DG_GC","binary_padj0.1","SEMA7A",-0.00208104152737404,NA,0.593703148425787,0.803504497751124,FALSE,FALSE
"DG_GC","binary_padj0.1","LCN2",-0.00208351433990591,NA,0.581209395302349,0.803504497751124,FALSE,FALSE
"DG_GC","binary_padj0.1","BPI",-0.00208416108072669,NA,0.588205897051474,0.803504497751124,FALSE,FALSE
"DG_GC","binary_padj0.1","COL19A1",-0.00208640987141788,NA,0.598700649675162,0.803504497751124,FALSE,FALSE
"DG_GC","binary_padj0.1","TGFBI",-0.00209907468056295,NA,0.596201899050475,0.803504497751124,FALSE,FALSE
"DG_GC","binary_padj0.1","PTPRC",-0.00210894031851196,NA,0.596701649175412,0.803504497751124,FALSE,FALSE
"DG_GC","binary_padj0.1","NPVF",-0.00211650374954744,NA,0.587206396801599,0.803504497751124,FALSE,FALSE
"DG_GC","binary_padj0.1","SAA1",-0.00211664977644282,NA,0.592703648175912,0.803504497751124,FALSE,FALSE
"DG_GC","binary_padj0.1","HLA-DRA",-0.00212269639589392,NA,0.602198900549725,0.803504497751124,FALSE,FALSE
"DG_GC","binary_padj0.1","CCL24",-0.0021235524001301,NA,0.593703148425787,0.803504497751124,FALSE,FALSE
"DG_GC","binary_padj0.1","LEP",-0.00213570323501323,NA,0.542228885557221,0.803504497751124,FALSE,FALSE
"DG_GC","binary_padj0.1","LYZ",-0.0021454618268788,NA,0.608695652173913,0.803504497751124,FALSE,FALSE
"DG_GC","binary_padj0.1","MLN",-0.00214613306930629,NA,0.59320339830085,0.803504497751124,FALSE,FALSE
"DG_GC","binary_padj0.1","GH1",-0.00215531400797403,NA,0.578710644677661,0.803504497751124,FALSE,FALSE
"DG_GC","binary_padj0.1","CCL23",-0.00217456677210321,NA,0.613193403298351,0.803504497751124,FALSE,FALSE
"DG_GC","binary_padj0.1","FCAR",-0.00217674229528729,NA,0.60119940029985,0.803504497751124,FALSE,FALSE
"DG_GC","binary_padj0.1","PLA2G10",-0.00217758898705258,NA,0.601699150424788,0.803504497751124,FALSE,FALSE
"DG_GC","binary_padj0.1","CCL22",-0.00217921388815785,NA,0.595702148925537,0.803504497751124,FALSE,FALSE
"DG_GC","binary_padj0.1","COL4A4",-0.00220364429134832,NA,0.603698150924538,0.803504497751124,FALSE,FALSE
"DG_GC","binary_padj0.1","FAP",-0.00221371281252744,NA,0.587706146926537,0.803504497751124,TRUE,TRUE
"DG_GC","binary_padj0.1","FGG",-0.00221524532050049,NA,0.603698150924538,0.803504497751124,FALSE,FALSE
"DG_GC","binary_padj0.1","DLK1",-0.00221667999102251,NA,0.55872063968016,0.803504497751124,FALSE,FALSE
"DG_GC","binary_padj0.1","CD96",-0.00221923626274294,NA,0.606696651674163,0.803504497751124,FALSE,FALSE
"DG_GC","binary_padj0.1","AVP",-0.0022205293084757,NA,0.600199900049975,0.803504497751124,FALSE,FALSE
"DG_GC","binary_padj0.1","CXCL9",-0.00222088884826725,NA,0.603698150924538,0.803504497751124,FALSE,FALSE
"DG_GC","binary_padj0.1","HSPG2",-0.00222557937944653,NA,0.603698150924538,0.803504497751124,FALSE,FALSE
"DG_GC","binary_padj0.1","COL4A1",-0.00222718748588927,NA,0.591204397801099,0.803504497751124,FALSE,FALSE
"DG_GC","binary_padj0.1","APOB",-0.00223667857211309,NA,0.59720139930035,0.803504497751124,FALSE,FALSE
"DG_GC","binary_padj0.1","IL16",-0.00224176230510911,NA,0.608695652173913,0.803504497751124,FALSE,FALSE
"DG_GC","binary_padj0.1","IL17F",-0.00224830636175361,NA,0.607696151924038,0.803504497751124,FALSE,FALSE
"DG_GC","binary_padj0.1","MMP9",-0.00224987048045724,NA,0.590204897551224,0.803504497751124,FALSE,FALSE
"DG_GC","binary_padj0.1","SCT",-0.00225490631222847,NA,0.600699650174913,0.803504497751124,FALSE,FALSE
"DG_GC","binary_padj0.1","LAMC1",-0.00225624878431441,NA,0.596201899050475,0.803504497751124,FALSE,FALSE
"DG_GC","binary_padj0.1","NECTIN1",-0.00225702293754976,NA,0.595702148925537,0.803504497751124,FALSE,FALSE
"DG_GC","binary_padj0.1","SEMA4C",-0.00226834539176053,NA,0.606196901549225,0.803504497751124,FALSE,FALSE
"DG_GC","binary_padj0.1","HLA-DRB3",-0.00227132146350373,NA,0.598700649675162,0.803504497751124,FALSE,FALSE
"DG_GC","binary_padj0.1","ILDR2",-0.00227223987994902,NA,0.604197901049475,0.803504497751124,FALSE,FALSE
"DG_GC","binary_padj0.1","CSF1",-0.00227445728690413,NA,0.517241379310345,0.803504497751124,FALSE,FALSE
"DG_GC","binary_padj0.1","COL21A1",-0.00227617994104924,NA,0.605697151424288,0.803504497751124,TRUE,TRUE
"DG_GC","binary_padj0.1","SFTPA1",-0.0022765768764621,NA,0.60119940029985,0.803504497751124,FALSE,FALSE
"DG_GC","binary_padj0.1","BGN",-0.00227729418899907,NA,0.595702148925537,0.803504497751124,FALSE,FALSE
"DG_GC","binary_padj0.1","CEACAM20",-0.00227997017422793,NA,0.612693653173413,0.803504497751124,FALSE,FALSE
"DG_GC","binary_padj0.1","AZGP1",-0.00228040684442919,NA,0.610194902548726,0.803504497751124,TRUE,TRUE
"DG_GC","binary_padj0.1","PMCH",-0.0022849543925522,NA,0.583208395802099,0.803504497751124,FALSE,FALSE
"DG_GC","binary_padj0.1","TPO",-0.00228753821529107,NA,0.608195902048976,0.803504497751124,FALSE,FALSE
"DG_GC","binary_padj0.1","CLDN19",-0.00228832800751335,NA,0.606196901549225,0.803504497751124,FALSE,FALSE
"DG_GC","binary_padj0.1","RLN1",-0.00229570973889386,NA,0.608695652173913,0.803504497751124,FALSE,FALSE
"DG_GC","binary_padj0.1","TAFA4",-0.00230218038840251,NA,0.592703648175912,0.803504497751124,FALSE,FALSE
"DG_GC","binary_padj0.1","COL6A6",-0.00230536129134506,NA,0.606696651674163,0.803504497751124,FALSE,FALSE
"DG_GC","binary_padj0.1","GLG1",-0.00230926117888424,NA,0.598200899550225,0.803504497751124,FALSE,FALSE
"DG_GC","binary_padj0.1","HLA-A",-0.0023115869028453,NA,0.608695652173913,0.803504497751124,FALSE,FALSE
"DG_GC","binary_padj0.1","RBP4",-0.00231931901723356,NA,0.609695152423788,0.803504497751124,FALSE,FALSE
"DG_GC","binary_padj0.1","ANXA2",-0.00232017368512857,NA,0.60519740129935,0.803504497751124,FALSE,FALSE
"DG_GC","binary_padj0.1","VCAM1",-0.00232533525305007,NA,0.613693153423288,0.803504497751124,FALSE,FALSE
"DG_GC","binary_padj0.1","DSG1",-0.00232641845893674,NA,0.603698150924538,0.803504497751124,FALSE,FALSE
"DG_GC","binary_padj0.1","CD200",-0.00232710435249946,NA,0.606696651674163,0.803504497751124,FALSE,FALSE
"DG_GC","binary_padj0.1","AMELY",-0.00233012663560755,NA,0.607696151924038,0.803504497751124,FALSE,FALSE
"DG_GC","binary_padj0.1","ADGRF5",-0.00233905520199847,NA,0.606696651674163,0.803504497751124,FALSE,FALSE
"DG_GC","binary_padj0.1","LAMC3",-0.00234036552133398,NA,0.608695652173913,0.803504497751124,FALSE,FALSE
"DG_GC","binary_padj0.1","VWF",-0.00234098350708988,NA,0.615692153923038,0.803504497751124,FALSE,FALSE
"DG_GC","binary_padj0.1","PDCD1LG2",-0.00234699326091665,NA,0.608195902048976,0.803504497751124,FALSE,FALSE
"DG_GC","binary_padj0.1","BMP4",-0.00235031256929017,NA,0.543728135932034,0.803504497751124,FALSE,FALSE
"DG_GC","binary_padj0.1","NMS",-0.0023585070525086,NA,0.603698150924538,0.803504497751124,FALSE,FALSE
"DG_GC","binary_padj0.1","CORIN",-0.00236367923820873,NA,0.613193403298351,0.803504497751124,FALSE,FALSE
"DG_GC","binary_padj0.1","ADAM20",-0.00236371304552813,NA,0.612193903048476,0.803504497751124,FALSE,FALSE
"DG_GC","binary_padj0.1","MSN",-0.00236553896981274,NA,0.615692153923038,0.803504497751124,FALSE,FALSE
"DG_GC","binary_padj0.1","MMP26",-0.00236702916224261,NA,0.613193403298351,0.803504497751124,FALSE,FALSE
"DG_GC","binary_padj0.1","IFNA16",-0.00236787905935619,NA,0.604197901049475,0.803504497751124,FALSE,FALSE
"DG_GC","binary_padj0.1","COLQ",-0.00236809463744397,NA,0.609195402298851,0.803504497751124,FALSE,FALSE
"DG_GC","binary_padj0.1","COL28A1",-0.00237109877487884,NA,0.615692153923038,0.803504497751124,FALSE,FALSE
"DG_GC","binary_padj0.1","TCTN3",-0.00237321725258867,NA,0.611694152923538,0.803504497751124,FALSE,FALSE
"DG_GC","binary_padj0.1","C1QTNF1",-0.00237960554285411,NA,0.615192403798101,0.803504497751124,FALSE,FALSE
"DG_GC","binary_padj0.1","IFNK",-0.00238063466538518,NA,0.617691154422789,0.803504497751124,FALSE,FALSE
"DG_GC","binary_padj0.1","SPINK1",-0.00238093566326372,NA,0.594202898550725,0.803504497751124,FALSE,FALSE
"DG_GC","binary_padj0.1","CCK",-0.00238098501221543,NA,0.612193903048476,0.803504497751124,FALSE,FALSE
"DG_GC","binary_padj0.1","SLITRK5",-0.00239069240640719,NA,0.617191404297851,0.803504497751124,FALSE,FALSE
"DG_GC","binary_padj0.1","PTPRM",-0.00239315070301022,NA,0.606196901549225,0.803504497751124,FALSE,FALSE
"DG_GC","binary_padj0.1","HLA-DRB4",-0.00239786480324939,NA,0.603698150924538,0.803504497751124,FALSE,FALSE
"DG_GC","binary_padj0.1","NFASC",-0.00240086203321617,NA,0.614692653673163,0.803504497751124,FALSE,FALSE
"DG_GC","binary_padj0.1","LINGO4",-0.00240086203321784,NA,0.614692653673163,0.803504497751124,FALSE,FALSE
"DG_GC","binary_padj0.1","LCN1",-0.00240122313643525,NA,0.617691154422789,0.803504497751124,FALSE,FALSE
"DG_GC","binary_padj0.1","CD300LF",-0.00240583850086827,NA,0.612193903048476,0.803504497751124,FALSE,FALSE
"DG_GC","binary_padj0.1","SOST",-0.00240824438261246,NA,0.612193903048476,0.803504497751124,FALSE,FALSE
"DG_GC","binary_padj0.1","PCDHA12",-0.00241049089609679,NA,0.614192903548226,0.803504497751124,FALSE,FALSE
"DG_GC","binary_padj0.1","SIGLEC8",-0.00241162326915747,NA,0.618190904547726,0.803504497751124,FALSE,FALSE
"DG_GC","binary_padj0.1","ANTXR1",-0.00241988058843648,NA,0.625187406296852,0.803504497751124,FALSE,FALSE
"DG_GC","binary_padj0.1","C5",-0.00242089596072301,NA,0.612193903048476,0.803504497751124,FALSE,FALSE
"DG_GC","binary_padj0.1","ADIPOQ",-0.00242141808669397,NA,0.590704647676162,0.803504497751124,FALSE,FALSE
"DG_GC","binary_padj0.1","NPPC",-0.00242217083027338,NA,0.611694152923538,0.803504497751124,FALSE,FALSE
"DG_GC","binary_padj0.1","CXCL2",-0.00242290178043485,NA,0.611694152923538,0.803504497751124,TRUE,TRUE
"DG_GC","binary_padj0.1","CRP",-0.00242508008618249,NA,0.596201899050475,0.803504497751124,FALSE,FALSE
"DG_GC","binary_padj0.1","TNN",-0.00242598226709025,NA,0.611694152923538,0.803504497751124,FALSE,FALSE
"DG_GC","binary_padj0.1","IFNL4",-0.00243112427737907,NA,0.620189905047476,0.803504497751124,FALSE,FALSE
"DG_GC","binary_padj0.1","DLK2",-0.00245510753110282,NA,0.609195402298851,0.803504497751124,FALSE,FALSE
"DG_GC","binary_padj0.1","CCL28",-0.00246660108214206,NA,0.650674662668666,0.803504497751124,FALSE,FALSE
"DG_GC","binary_padj0.1","CRISP3",-0.00247000429500244,NA,0.618690654672664,0.803504497751124,FALSE,FALSE
"DG_GC","binary_padj0.1","LRRN1",-0.00247476829423581,NA,0.617191404297851,0.803504497751124,FALSE,FALSE
"DG_GC","binary_padj0.1","NCAN",-0.00248847075536244,NA,0.625187406296852,0.803504497751124,FALSE,FALSE
"DG_GC","binary_padj0.1","CXCL17",-0.00248991106295087,NA,0.619190404797601,0.803504497751124,FALSE,FALSE
"DG_GC","binary_padj0.1","SDC4",-0.00249347790847886,NA,0.617191404297851,0.803504497751124,FALSE,FALSE
"DG_GC","binary_padj0.1","COL9A2",-0.0024985663523459,NA,0.610194902548726,0.803504497751124,FALSE,FALSE
"DG_GC","binary_padj0.1","CTSD",-0.00250686669118435,NA,0.621189405297351,0.803504497751124,FALSE,FALSE
"DG_GC","binary_padj0.1","F13A1",-0.00250752699116316,NA,0.623688155922039,0.803504497751124,FALSE,FALSE
"DG_GC","binary_padj0.1","XCL2",-0.00251251652699911,NA,0.616691654172913,0.803504497751124,FALSE,FALSE
"DG_GC","binary_padj0.1","COL6A1",-0.0025163008554791,NA,0.608695652173913,0.803504497751124,FALSE,FALSE
"DG_GC","binary_padj0.1","SPP1",-0.00251823833830943,NA,0.615692153923038,0.803504497751124,FALSE,FALSE
"DG_GC","binary_padj0.1","IGFL2",-0.00252048379749526,NA,0.587206396801599,0.803504497751124,FALSE,FALSE
"DG_GC","binary_padj0.1","CCL14",-0.00252538271096567,NA,0.616191904047976,0.803504497751124,FALSE,FALSE
"DG_GC","binary_padj0.1","CD2",-0.00253088630910136,NA,0.614692653673163,0.803504497751124,FALSE,FALSE
"DG_GC","binary_padj0.1","S100A12",-0.00253276045311134,NA,0.614692653673163,0.803504497751124,FALSE,FALSE
"DG_GC","binary_padj0.1","EFNB1",-0.0025333858276826,NA,0.620189905047476,0.803504497751124,FALSE,FALSE
"DG_GC","binary_padj0.1","F5",-0.00254112283441239,NA,0.618190904547726,0.803504497751124,FALSE,FALSE
"DG_GC","binary_padj0.1","TSHB",-0.00254262485287437,NA,0.614692653673163,0.803504497751124,FALSE,FALSE
"DG_GC","binary_padj0.1","MMP25",-0.00255670661697321,NA,0.615192403798101,0.803504497751124,FALSE,FALSE
"DG_GC","binary_padj0.1","L1CAM",-0.00256027264355227,NA,0.612193903048476,0.803504497751124,FALSE,FALSE
"DG_GC","binary_padj0.1","CXCL13",-0.00256427432168224,NA,0.622188905547226,0.803504497751124,FALSE,FALSE
"DG_GC","binary_padj0.1","HLA-G",-0.00256916712411021,NA,0.627686156921539,0.803504497751124,FALSE,FALSE
"DG_GC","binary_padj0.1","OCLN",-0.00257242417575518,NA,0.624687656171914,0.803504497751124,FALSE,FALSE
"DG_GC","binary_padj0.1","CFP",-0.00257303910047939,NA,0.618190904547726,0.803504497751124,FALSE,FALSE
"DG_GC","binary_padj0.1","TFPI",-0.00257355402429055,NA,0.630684657671164,0.803504497751124,FALSE,FALSE
"DG_GC","binary_padj0.1","COMP",-0.0025739631188741,NA,0.619690154922539,0.803504497751124,FALSE,FALSE
"DG_GC","binary_padj0.1","AGT",-0.00257804483463582,NA,0.569215392303848,0.803504497751124,FALSE,FALSE
"DG_GC","binary_padj0.1","PIP",-0.00258213191456134,NA,0.620189905047476,0.803504497751124,FALSE,FALSE
"DG_GC","binary_padj0.1","XCL1",-0.00258742270445127,NA,0.618190904547726,0.803504497751124,FALSE,FALSE
"DG_GC","binary_padj0.1","HLA-DPB1",-0.00259584952482277,NA,0.627186406796602,0.803504497751124,FALSE,FALSE
"DG_GC","binary_padj0.1","FSTL5",-0.00259678725797301,NA,0.620189905047476,0.803504497751124,FALSE,FALSE
"DG_GC","binary_padj0.1","NYX",-0.0025982425545645,NA,0.618690654672664,0.803504497751124,FALSE,FALSE
"DG_GC","binary_padj0.1","VEGFB",-0.0026064887497231,NA,0.626186906546727,0.803504497751124,FALSE,FALSE
"DG_GC","binary_padj0.1","LUM",-0.00261134960135833,NA,0.624687656171914,0.803504497751124,FALSE,FALSE
"DG_GC","binary_padj0.1","EPHA4",-0.00261578195124057,NA,0.601699150424788,0.803504497751124,FALSE,FALSE
"DG_GC","binary_padj0.1","CXCL11",-0.00261922520480706,NA,0.621189405297351,0.803504497751124,FALSE,FALSE
"DG_GC","binary_padj0.1","COL2A1",-0.002620629740949,NA,0.605697151424288,0.803504497751124,FALSE,FALSE
"DG_GC","binary_padj0.1","CD59",-0.00262994392576126,NA,0.606696651674163,0.803504497751124,FALSE,FALSE
"DG_GC","binary_padj0.1","SIRPB2",-0.00263860334339034,NA,0.628185907046477,0.803504497751124,FALSE,FALSE
"DG_GC","binary_padj0.1","ADAM17",-0.00263862586520825,NA,0.55872063968016,0.803504497751124,FALSE,FALSE
"DG_GC","binary_padj0.1","VTN",-0.00264267863900794,NA,0.628185907046477,0.803504497751124,FALSE,FALSE
"DG_GC","binary_padj0.1","LGALS9",-0.00264661926984115,NA,0.626186906546727,0.803504497751124,TRUE,TRUE
"DG_GC","binary_padj0.1","IGSF21",-0.00265206576105929,NA,0.623188405797101,0.803504497751124,FALSE,FALSE
"DG_GC","binary_padj0.1","RAET1E",-0.00265544321454626,NA,0.629185407296352,0.803504497751124,FALSE,FALSE
"DG_GC","binary_padj0.1","PLAT",-0.00265751129883149,NA,0.623188405797101,0.803504497751124,FALSE,FALSE
"DG_GC","binary_padj0.1","CCL20",-0.0026587014224928,NA,0.637181409295352,0.803504497751124,FALSE,FALSE
"DG_GC","binary_padj0.1","COL5A2",-0.0026587486072881,NA,0.616691654172913,0.803504497751124,FALSE,FALSE
"DG_GC","binary_padj0.1","PF4V1",-0.00265877249561521,NA,0.621189405297351,0.803504497751124,FALSE,FALSE
"DG_GC","binary_padj0.1","PYY",-0.0026703767144016,NA,0.616691654172913,0.803504497751124,FALSE,FALSE
"DG_GC","binary_padj0.1","CP",-0.00267968267716227,NA,0.626686656671664,0.803504497751124,FALSE,FALSE
"DG_GC","binary_padj0.1","LAMA2",-0.00268406578476272,NA,0.593703148425787,0.803504497751124,FALSE,FALSE
"DG_GC","binary_padj0.1","PI16",-0.00268671263652956,NA,0.626186906546727,0.803504497751124,FALSE,FALSE
"DG_GC","binary_padj0.1","COL8A2",-0.00268773365179455,NA,0.626186906546727,0.803504497751124,FALSE,FALSE
"DG_GC","binary_padj0.1","LAYN",-0.00269040681824337,NA,0.622188905547226,0.803504497751124,FALSE,FALSE
"DG_GC","binary_padj0.1","EDN1",-0.00269126376636905,NA,0.593703148425787,0.803504497751124,FALSE,FALSE
"DG_GC","binary_padj0.1","GP5",-0.00269995061063732,NA,0.635182408795602,0.803504497751124,FALSE,FALSE
"DG_GC","binary_padj0.1","PRL",-0.0027043164964612,NA,0.59720139930035,0.803504497751124,FALSE,FALSE
"DG_GC","binary_padj0.1","PROK2",-0.00270879750546125,NA,0.592703648175912,0.803504497751124,FALSE,FALSE
"DG_GC","binary_padj0.1","CSH1",-0.00271169654902197,NA,0.628685657171414,0.803504497751124,FALSE,FALSE
"DG_GC","binary_padj0.1","CXCL5",-0.00271277612105644,NA,0.623688155922039,0.803504497751124,FALSE,FALSE
"DG_GC","binary_padj0.1","CD5L",-0.00271623049684721,NA,0.597701149425287,0.803504497751124,FALSE,FALSE
"DG_GC","binary_padj0.1","APOA2",-0.00272381240797886,NA,0.621189405297351,0.803504497751124,FALSE,FALSE
"DG_GC","binary_padj0.1","CEACAM1",-0.00273434493019216,NA,0.625187406296852,0.803504497751124,FALSE,FALSE
"DG_GC","binary_padj0.1","TMPRSS6",-0.00274439771772141,NA,0.621189405297351,0.803504497751124,FALSE,FALSE
"DG_GC","binary_padj0.1","COPA",-0.00274650164339466,NA,0.617691154422789,0.803504497751124,FALSE,FALSE
"DG_GC","binary_padj0.1","LIN7A",-0.00275679328252542,NA,0.631184407796102,0.803504497751124,FALSE,FALSE
"DG_GC","binary_padj0.1","LILRB4",-0.00275699237592051,NA,0.622688655672164,0.803504497751124,FALSE,FALSE
"DG_GC","binary_padj0.1","HLA-DQA2",-0.00276402389733165,NA,0.622188905547226,0.803504497751124,FALSE,FALSE
"DG_GC","binary_padj0.1","COL5A1",-0.00276758984389559,NA,0.613693153423288,0.803504497751124,FALSE,FALSE
"DG_GC","binary_padj0.1","NECTIN2",-0.0027729262444903,NA,0.623688155922039,0.803504497751124,FALSE,FALSE
"DG_GC","binary_padj0.1","CCL4",-0.00277496339038445,NA,0.63568215892054,0.803504497751124,FALSE,FALSE
"DG_GC","binary_padj0.1","SELPLG",-0.00277565670524421,NA,0.636681659170415,0.803504497751124,FALSE,FALSE
"DG_GC","binary_padj0.1","EZR",-0.00279275005978879,NA,0.631184407796102,0.803504497751124,FALSE,FALSE
"DG_GC","binary_padj0.1","DKK3",-0.00279743258687803,NA,0.629685157421289,0.803504497751124,FALSE,FALSE
"DG_GC","binary_padj0.1","IFNA2",-0.00279925873252875,NA,0.623688155922039,0.803504497751124,FALSE,FALSE
"DG_GC","binary_padj0.1","CORT",-0.00280109941044707,NA,0.639180409795102,0.803504497751124,FALSE,FALSE
"DG_GC","binary_padj0.1","HCRT",-0.0028083129006527,NA,0.625187406296852,0.803504497751124,FALSE,FALSE
"DG_GC","binary_padj0.1","CDH4",-0.00281224645630913,NA,0.633183408295852,0.803504497751124,FALSE,FALSE
"DG_GC","binary_padj0.1","CXCL3",-0.00282658145018924,NA,0.638180909545227,0.803504497751124,FALSE,FALSE
"DG_GC","binary_padj0.1","APELA",-0.00283184396231489,NA,0.623688155922039,0.803504497751124,FALSE,FALSE
"DG_GC","binary_padj0.1","INSL3",-0.00283611878429915,NA,0.631184407796102,0.803504497751124,FALSE,FALSE
"DG_GC","binary_padj0.1","COL4A2",-0.00285194242261443,NA,0.637181409295352,0.803504497751124,TRUE,TRUE
"DG_GC","binary_padj0.1","TNF",-0.00285928402987346,NA,0.588205897051474,0.803504497751124,FALSE,FALSE
"DG_GC","binary_padj0.1","NPB",-0.00286190966464656,NA,0.627186406796602,0.803504497751124,FALSE,FALSE
"DG_GC","binary_padj0.1","EGFL8",-0.00286665636727634,NA,0.635182408795602,0.803504497751124,FALSE,FALSE
"DG_GC","binary_padj0.1","DEFB4B",-0.00289305077407205,NA,0.625187406296852,0.803504497751124,FALSE,FALSE
"DG_GC","binary_padj0.1","GPI",-0.00289412934804348,NA,0.656171914042978,0.803504497751124,FALSE,FALSE
"DG_GC","binary_padj0.1","CSF2",-0.00290225455133789,NA,0.577211394302849,0.803504497751124,FALSE,FALSE
"DG_GC","binary_padj0.1","NPW",-0.00290766997431065,NA,0.632683658170915,0.803504497751124,FALSE,FALSE
"DG_GC","binary_padj0.1","RECK",-0.00291557423147544,NA,0.631184407796102,0.803504497751124,FALSE,FALSE
"DG_GC","binary_padj0.1","SARAF",-0.00292146389904217,NA,0.63368315842079,0.803504497751124,FALSE,FALSE
"DG_GC","binary_padj0.1","TCN2",-0.0029275568359902,NA,0.619690154922539,0.803504497751124,FALSE,FALSE
"DG_GC","binary_padj0.1","SIRPG",-0.00293650194780577,NA,0.637181409295352,0.803504497751124,FALSE,FALSE
"DG_GC","binary_padj0.1","EBI3",-0.00294915491254391,NA,0.641179410294853,0.803504497751124,FALSE,FALSE
"DG_GC","binary_padj0.1","NECTIN3",-0.00295415217688656,NA,0.594202898550725,0.803504497751124,FALSE,FALSE
"DG_GC","binary_padj0.1","BTLA",-0.00295906959706157,NA,0.631184407796102,0.803504497751124,FALSE,FALSE
"DG_GC","binary_padj0.1","TRH",-0.00296329961019318,NA,0.653673163418291,0.803504497751124,FALSE,FALSE
"DG_GC","binary_padj0.1","BTN1A1",-0.00297757019240382,NA,0.64367816091954,0.803504497751124,FALSE,FALSE
"DG_GC","binary_padj0.1","GRP",-0.0029854040359803,NA,0.665167416291854,0.803504497751124,FALSE,FALSE
"DG_GC","binary_padj0.1","COL4A5",-0.00299115069116753,NA,0.642178910544728,0.803504497751124,FALSE,FALSE
"DG_GC","binary_padj0.1","CPAMD8",-0.00299544725675752,NA,0.642178910544728,0.803504497751124,FALSE,FALSE
"DG_GC","binary_padj0.1","HAPLN1",-0.00299826501595413,NA,0.646676661669165,0.803504497751124,FALSE,FALSE
"DG_GC","binary_padj0.1","FAM3C",-0.00300096693098159,NA,0.635182408795602,0.803504497751124,FALSE,FALSE
"DG_GC","binary_padj0.1","COL17A1",-0.00301056674820259,NA,0.631184407796102,0.803504497751124,FALSE,FALSE
"DG_GC","binary_padj0.1","AANAT",-0.00301508352122351,NA,0.64567716141929,0.803504497751124,FALSE,FALSE
"DG_GC","binary_padj0.1","CCN6",-0.00301737830470302,NA,0.651174412793603,0.803504497751124,FALSE,FALSE
"DG_GC","binary_padj0.1","CD52",-0.00302135432645715,NA,0.63768115942029,0.803504497751124,FALSE,FALSE
"DG_GC","binary_padj0.1","OPCML",-0.00302396883517745,NA,0.632183908045977,0.803504497751124,FALSE,FALSE
"DG_GC","binary_padj0.1","MMP12",-0.0030262920434643,NA,0.646176911544228,0.803504497751124,FALSE,FALSE
"DG_GC","binary_padj0.1","RLN3",-0.00302842245093667,NA,0.64767616191904,0.803504497751124,FALSE,FALSE
"DG_GC","binary_padj0.1","CLDN11",-0.00303196623663636,NA,0.642678660669665,0.803504497751124,FALSE,FALSE
"DG_GC","binary_padj0.1","LSAMP",-0.0030425029527535,NA,0.632183908045977,0.803504497751124,FALSE,FALSE
"DG_GC","binary_padj0.1","MMP2",-0.00304336974438648,NA,0.645177411294353,0.803504497751124,FALSE,FALSE
"DG_GC","binary_padj0.1","IL34",-0.00304450950435643,NA,0.646176911544228,0.803504497751124,FALSE,FALSE
"DG_GC","binary_padj0.1","CCL8",-0.00304832201316103,NA,0.641179410294853,0.803504497751124,FALSE,FALSE
"DG_GC","binary_padj0.1","ZNRF3",-0.00304927480234672,NA,0.648175912043978,0.803504497751124,FALSE,FALSE
"DG_GC","binary_padj0.1","PLTP",-0.00305345174974638,NA,0.630184907546227,0.803504497751124,FALSE,FALSE
"DG_GC","binary_padj0.1","FGF13",-0.00305618010550188,NA,0.646676661669165,0.803504497751124,FALSE,FALSE
"DG_GC","binary_padj0.1","HDC",-0.00305828486179878,NA,0.646676661669165,0.803504497751124,FALSE,FALSE
"DG_GC","binary_padj0.1","AIMP1",-0.00306319206250412,NA,0.654172913543228,0.803504497751124,FALSE,FALSE
"DG_GC","binary_padj0.1","SERPINF1",-0.00307187884945714,NA,0.648175912043978,0.803504497751124,FALSE,FALSE
"DG_GC","binary_padj0.1","IFNB1",-0.00307815743295581,NA,0.571214392803598,0.803504497751124,FALSE,FALSE
"DG_GC","binary_padj0.1","WIF1",-0.00308735836849454,NA,0.64767616191904,0.803504497751124,FALSE,FALSE
"DG_GC","binary_padj0.1","ADAM21",-0.00309611137803139,NA,0.600199900049975,0.803504497751124,FALSE,FALSE
"DG_GC","binary_padj0.1","LY6G6F",-0.00309761918328006,NA,0.64567716141929,0.803504497751124,FALSE,FALSE
"DG_GC","binary_padj0.1","LGALS3",-0.00310181367098886,NA,0.64767616191904,0.803504497751124,FALSE,FALSE
"DG_GC","binary_padj0.1","SLAMF7",-0.00310775008988904,NA,0.648175912043978,0.803504497751124,FALSE,FALSE
"DG_GC","binary_padj0.1","CCL15",-0.00313689486520712,NA,0.655172413793103,0.803504497751124,FALSE,FALSE
"DG_GC","binary_padj0.1","LRPAP1",-0.00313699541677957,NA,0.650674662668666,0.803504497751124,FALSE,FALSE
"DG_GC","binary_padj0.1","GDNF",-0.00315550250362424,NA,0.612693653173413,0.803504497751124,FALSE,FALSE
"DG_GC","binary_padj0.1","GREM1",-0.00316690944584321,NA,0.64567716141929,0.803504497751124,FALSE,FALSE
"DG_GC","binary_padj0.1","CD47",-0.00317787399602272,NA,0.655172413793103,0.803504497751124,FALSE,FALSE
"DG_GC","binary_padj0.1","ECM1",-0.00318265676354488,NA,0.655672163918041,0.803504497751124,FALSE,FALSE
"DG_GC","binary_padj0.1","ICAM3",-0.00318518881207013,NA,0.650174912543728,0.803504497751124,FALSE,FALSE
"DG_GC","binary_padj0.1","BOC",-0.00319177659674356,NA,0.653173413293353,0.803504497751124,FALSE,FALSE
"DG_GC","binary_padj0.1","MUC4",-0.00319203267040881,NA,0.640179910044978,0.803504497751124,FALSE,FALSE
"DG_GC","binary_padj0.1","CLEC4G",-0.00320348330555207,NA,0.653173413293353,0.803504497751124,FALSE,FALSE
"DG_GC","binary_padj0.1","SELP",-0.0032059635316712,NA,0.643178410794603,0.803504497751124,FALSE,FALSE
"DG_GC","binary_padj0.1","BACE1",-0.00320897439803712,NA,0.652673663168416,0.803504497751124,FALSE,FALSE
"DG_GC","binary_padj0.1","TFF1",-0.00321187445977387,NA,0.656671664167916,0.803504497751124,FALSE,FALSE
"DG_GC","binary_padj0.1","SDK2",-0.00321729855157372,NA,0.652173913043478,0.803504497751124,FALSE,FALSE
"DG_GC","binary_padj0.1","GHRL",-0.00322366085467891,NA,0.691654172913543,0.803504497751124,FALSE,FALSE
"DG_GC","binary_padj0.1","ENTPD1",-0.0032269782733096,NA,0.648175912043978,0.803504497751124,FALSE,FALSE
"DG_GC","binary_padj0.1","DEFB4A",-0.00323140981361763,NA,0.662668665667166,0.803504497751124,FALSE,FALSE
"DG_GC","binary_padj0.1","COL27A1",-0.00324079170116672,NA,0.650174912543728,0.803504497751124,FALSE,FALSE
"DG_GC","binary_padj0.1","F11",-0.00324220348307203,NA,0.660669665167416,0.803504497751124,FALSE,FALSE
"DG_GC","binary_padj0.1","COL14A1",-0.00325004855622068,NA,0.64767616191904,0.803504497751124,FALSE,FALSE
"DG_GC","binary_padj0.1","CDH5",-0.00325722789699379,NA,0.653673163418291,0.803504497751124,FALSE,FALSE
"DG_GC","binary_padj0.1","ITIH2",-0.00325815172053861,NA,0.651674162918541,0.803504497751124,FALSE,FALSE
"DG_GC","binary_padj0.1","AGRN",-0.00325928435274929,NA,0.664667666166917,0.803504497751124,FALSE,FALSE
"DG_GC","binary_padj0.1","CXADR",-0.00326016773777362,NA,0.669165417291354,0.803504497751124,FALSE,FALSE
"DG_GC","binary_padj0.1","DSCAML1",-0.00326556011485768,NA,0.653673163418291,0.803504497751124,FALSE,FALSE
"DG_GC","binary_padj0.1","COL9A1",-0.00326965688284684,NA,0.643178410794603,0.803504497751124,FALSE,FALSE
"DG_GC","binary_padj0.1","LIPC",-0.00327377808005386,NA,0.655672163918041,0.803504497751124,FALSE,FALSE
"DG_GC","binary_padj0.1","AMELX",-0.00327629074671225,NA,0.666166916541729,0.803504497751124,FALSE,FALSE
"DG_GC","binary_padj0.1","KNG1",-0.00328444298083852,NA,0.674662668665667,0.803504497751124,FALSE,FALSE
"DG_GC","binary_padj0.1","IL12B",-0.00328677888262033,NA,0.638680659670165,0.803504497751124,FALSE,FALSE
"DG_GC","binary_padj0.1","CEACAM5",-0.00328972753474759,NA,0.645177411294353,0.803504497751124,FALSE,FALSE
"DG_GC","binary_padj0.1","KIR2DS3",-0.0032956713202693,NA,0.657171414292854,0.803504497751124,FALSE,FALSE
"DG_GC","binary_padj0.1","CLCF1",-0.00330084626015779,NA,0.658670664667666,0.803504497751124,FALSE,FALSE
"DG_GC","binary_padj0.1","CCL16",-0.00334161819725345,NA,0.660669665167416,0.803504497751124,FALSE,FALSE
"DG_GC","binary_padj0.1","SERPINA1",-0.00334292327164945,NA,0.663168415792104,0.803504497751124,FALSE,FALSE
"DG_GC","binary_padj0.1","CCL17",-0.00334605732925962,NA,0.663168415792104,0.803504497751124,FALSE,FALSE
"DG_GC","binary_padj0.1","FAT4",-0.003348058295234,NA,0.656171914042978,0.803504497751124,FALSE,FALSE
"DG_GC","binary_padj0.1","LGI2",-0.003348733404695,NA,0.656171914042978,0.803504497751124,FALSE,FALSE
"DG_GC","binary_padj0.1","INSL5",-0.00338193820553017,NA,0.663668165917041,0.803504497751124,FALSE,FALSE
"DG_GC","binary_padj0.1","MXRA8",-0.00338222065793935,NA,0.664167916041979,0.803504497751124,FALSE,FALSE
"DG_GC","binary_padj0.1","LVRN",-0.0033826923995022,NA,0.646176911544228,0.803504497751124,FALSE,FALSE
"DG_GC","binary_padj0.1","NT5E",-0.003384430744938,NA,0.668165917041479,0.803504497751124,FALSE,FALSE
"DG_GC","binary_padj0.1","COL16A1",-0.00339604547464151,NA,0.653673163418291,0.803504497751124,FALSE,FALSE
"DG_GC","binary_padj0.1","GAD1",-0.00341536663500266,NA,0.68415792103948,0.803504497751124,FALSE,FALSE
"DG_GC","binary_padj0.1","PTN",-0.00341610340964686,NA,0.664167916041979,0.803504497751124,FALSE,FALSE
"DG_GC","binary_padj0.1","LRRC4C",-0.00341642244423864,NA,0.668665667166417,0.803504497751124,FALSE,FALSE
"DG_GC","binary_padj0.1","APOA5",-0.00342423547348097,NA,0.669165417291354,0.803504497751124,FALSE,FALSE
"DG_GC","binary_padj0.1","MBL2",-0.00343004803347447,NA,0.662168915542229,0.803504497751124,FALSE,FALSE
"DG_GC","binary_padj0.1","NECTIN4",-0.00343354266173054,NA,0.667666166916542,0.803504497751124,FALSE,FALSE
"DG_GC","binary_padj0.1","KIR2DS5",-0.0034383138732376,NA,0.664667666166917,0.803504497751124,FALSE,FALSE
"DG_GC","binary_padj0.1","CLDN14",-0.00345350735729062,NA,0.657171414292854,0.803504497751124,FALSE,FALSE
"DG_GC","binary_padj0.1","CSH2",-0.00346947161210297,NA,0.670664667666167,0.803504497751124,FALSE,FALSE
"DG_GC","binary_padj0.1","ULBP3",-0.00347814216508402,NA,0.671164417791104,0.803504497751124,FALSE,FALSE
"DG_GC","binary_padj0.1","CD320",-0.00347870244428971,NA,0.677161419290355,0.803504497751124,FALSE,FALSE
"DG_GC","binary_padj0.1","IL24",-0.00348291632973818,NA,0.596701649175412,0.803504497751124,FALSE,FALSE
"DG_GC","binary_padj0.1","ACE",-0.00349098097183486,NA,0.663168415792104,0.803504497751124,FALSE,FALSE
"DG_GC","binary_padj0.1","NXPH2",-0.00350107127969576,NA,0.671164417791104,0.803504497751124,FALSE,FALSE
"DG_GC","binary_padj0.1","CXCL10",-0.00350767522095769,NA,0.668665667166417,0.803504497751124,FALSE,FALSE
"DG_GC","binary_padj0.1","SHISA4",-0.00351208886302562,NA,0.665667166416792,0.803504497751124,FALSE,FALSE
"DG_GC","binary_padj0.1","PRSS55",-0.00351233441323308,NA,0.67416291854073,0.803504497751124,FALSE,FALSE
"DG_GC","binary_padj0.1","PCDHA3",-0.00352345682362998,NA,0.668165917041479,0.803504497751124,FALSE,FALSE
"DG_GC","binary_padj0.1","CD48",-0.00354869812370579,NA,0.67416291854073,0.803504497751124,FALSE,FALSE
"DG_GC","binary_padj0.1","IFNA17",-0.00355112215761957,NA,0.670164917541229,0.803504497751124,FALSE,FALSE
"DG_GC","binary_padj0.1","PDYN",-0.00355140074711655,NA,0.664167916041979,0.803504497751124,FALSE,FALSE
"DG_GC","binary_padj0.1","TF",-0.00356406547561786,NA,0.682658670664668,0.803504497751124,FALSE,FALSE
"DG_GC","binary_padj0.1","PNOC",-0.00357094692812146,NA,0.652173913043478,0.803504497751124,FALSE,FALSE
"DG_GC","binary_padj0.1","PCDHA9",-0.00357214866546465,NA,0.680659670164918,0.803504497751124,FALSE,FALSE
"DG_GC","binary_padj0.1","CNTN3",-0.00357718799469259,NA,0.666166916541729,0.803504497751124,FALSE,FALSE
"DG_GC","binary_padj0.1","GALP",-0.00357726931024343,NA,0.668665667166417,0.803504497751124,FALSE,FALSE
"DG_GC","binary_padj0.1","PCDHA8",-0.00358990515549709,NA,0.666166916541729,0.803504497751124,FALSE,FALSE
"DG_GC","binary_padj0.1","PCDHA5",-0.00359446417807393,NA,0.665667166416792,0.803504497751124,FALSE,FALSE
"DG_GC","binary_padj0.1","SORL1",-0.00359521763961809,NA,0.660169915042479,0.803504497751124,FALSE,FALSE
"DG_GC","binary_padj0.1","SYT1",-0.00361665075339344,NA,0.681659170414793,0.803504497751124,FALSE,FALSE
"DG_GC","binary_padj0.1","TTR",-0.0036198375915686,NA,0.674662668665667,0.803504497751124,FALSE,FALSE
"DG_GC","binary_padj0.1","COL1A2",-0.00362010552868635,NA,0.670664667666167,0.803504497751124,FALSE,FALSE
"DG_GC","binary_padj0.1","PCDHA11",-0.00363539189987796,NA,0.669165417291354,0.803504497751124,FALSE,FALSE
"DG_GC","binary_padj0.1","DKK2",-0.00366537503547809,NA,0.67416291854073,0.803504497751124,TRUE,TRUE
"DG_GC","binary_padj0.1","CSHL1",-0.00368085190678791,NA,0.674662668665667,0.803504497751124,FALSE,FALSE
"DG_GC","binary_padj0.1","PCDHA1",-0.00368545828888773,NA,0.673163418290855,0.803504497751124,FALSE,FALSE
"DG_GC","binary_padj0.1","IFNW1",-0.00368670449389402,NA,0.67616191904048,0.803504497751124,FALSE,FALSE
"DG_GC","binary_padj0.1","FGF2",-0.00370298658662263,NA,0.630684657671164,0.803504497751124,FALSE,FALSE
"DG_GC","binary_padj0.1","NDP",-0.00370953409408294,NA,0.679160419790105,0.803504497751124,FALSE,FALSE
"DG_GC","binary_padj0.1","IL11",-0.00371292112685154,NA,0.663668165917041,0.803504497751124,FALSE,FALSE
"DG_GC","binary_padj0.1","LPA",-0.00371738580498854,NA,0.693653173413293,0.803504497751124,FALSE,FALSE
"DG_GC","binary_padj0.1","TNFRSF14",-0.00372563833702796,NA,0.644677661169415,0.803504497751124,FALSE,FALSE
"DG_GC","binary_padj0.1","HLA-DRB1",-0.00373743770681692,NA,0.68215892053973,0.803504497751124,FALSE,FALSE
"DG_GC","binary_padj0.1","OLFM2",-0.00374753641883636,NA,0.666166916541729,0.803504497751124,FALSE,FALSE
"DG_GC","binary_padj0.1","HLA-C",-0.00376133988932693,NA,0.676661669165417,0.803504497751124,FALSE,FALSE
"DG_GC","binary_padj0.1","DSC1",-0.00376849321235136,NA,0.673663168415792,0.803504497751124,FALSE,FALSE
"DG_GC","binary_padj0.1","VSTM4",-0.00377579652627449,NA,0.681659170414793,0.803504497751124,FALSE,FALSE
"DG_GC","binary_padj0.1","CEACAM8",-0.00378249709020409,NA,0.676661669165417,0.803504497751124,FALSE,FALSE
"DG_GC","binary_padj0.1","CDHR2",-0.00379743720949783,NA,0.68815592203898,0.803504497751124,FALSE,FALSE
"DG_GC","binary_padj0.1","COL11A1",-0.00381092144444867,NA,0.674662668665667,0.803504497751124,FALSE,FALSE
"DG_GC","binary_padj0.1","LGI3",-0.00381874745773514,NA,0.67616191904048,0.803504497751124,FALSE,FALSE
"DG_GC","binary_padj0.1","PCDHA6",-0.00382131737211563,NA,0.679160419790105,0.803504497751124,FALSE,FALSE
"DG_GC","binary_padj0.1","CNTN4",-0.00382579964655675,NA,0.68015992003998,0.803504497751124,FALSE,FALSE
"DG_GC","binary_padj0.1","CDH15",-0.0038278077921112,NA,0.673663168415792,0.803504497751124,FALSE,FALSE
"DG_GC","binary_padj0.1","PCDHA13",-0.00382852411409197,NA,0.682658670664668,0.803504497751124,FALSE,FALSE
"DG_GC","binary_padj0.1","CEACAM6",-0.0038348224086073,NA,0.685657171414293,0.803504497751124,FALSE,FALSE
"DG_GC","binary_padj0.1","COL9A3",-0.0038364202962841,NA,0.677661169415292,0.803504497751124,FALSE,FALSE
"DG_GC","binary_padj0.1","GAST",-0.00384477598625267,NA,0.708145927036482,0.803504497751124,FALSE,FALSE
"DG_GC","binary_padj0.1","GJB2",-0.00384879584927616,NA,0.684657671164418,0.803504497751124,FALSE,FALSE
"DG_GC","binary_padj0.1","GNRH1",-0.00385822004371125,NA,0.575712143928036,0.803504497751124,FALSE,FALSE
"DG_GC","binary_padj0.1","PRG4",-0.00392518579566582,NA,0.688655672163918,0.803504497751124,FALSE,FALSE
"DG_GC","binary_padj0.1","C6orf15",-0.00392664193941689,NA,0.687656171914043,0.803504497751124,FALSE,FALSE
"DG_GC","binary_padj0.1","ZP3",-0.00392951714941714,NA,0.683658170914543,0.803504497751124,FALSE,FALSE
"DG_GC","binary_padj0.1","PODXL2",-0.00393427955661988,NA,0.687656171914043,0.803504497751124,FALSE,FALSE
"DG_GC","binary_padj0.1","HLA-DOA",-0.00394094522753273,NA,0.684657671164418,0.803504497751124,FALSE,FALSE
"DG_GC","binary_padj0.1","BTNL8",-0.00395896486978703,NA,0.685157421289355,0.803504497751124,FALSE,FALSE
"DG_GC","binary_padj0.1","CFAP54",-0.00397395076656478,NA,0.662668665667166,0.803504497751124,FALSE,FALSE
"DG_GC","binary_padj0.1","EPCAM",-0.00399842881160432,NA,0.67216391804098,0.803504497751124,FALSE,FALSE
"DG_GC","binary_padj0.1","CCL27",-0.00400051573449995,NA,0.666166916541729,0.803504497751124,FALSE,FALSE
"DG_GC","binary_padj0.1","IFNL3",-0.00400398437165373,NA,0.64367816091954,0.803504497751124,FALSE,FALSE
"DG_GC","binary_padj0.1","DKK4",-0.00401027081078661,NA,0.698150924537731,0.803504497751124,FALSE,FALSE
"DG_GC","binary_padj0.1","CD9",-0.00401305290908353,NA,0.715642178910545,0.803504497751124,FALSE,FALSE
"DG_GC","binary_padj0.1","JAM3",-0.00404112833517333,NA,0.693153423288356,0.803504497751124,FALSE,FALSE
"DG_GC","binary_padj0.1","CD82",-0.00404229095259023,NA,0.679660169915043,0.803504497751124,FALSE,FALSE
"DG_GC","binary_padj0.1","MFGE8",-0.00406390387421934,NA,0.690654672663668,0.803504497751124,FALSE,FALSE
"DG_GC","binary_padj0.1","EDA",-0.00407963894040289,NA,0.711144427786107,0.803504497751124,FALSE,FALSE
"DG_GC","binary_padj0.1","MSMP",-0.00408123467162748,NA,0.700149925037481,0.803504497751124,FALSE,FALSE
"DG_GC","binary_padj0.1","CCL3L1",-0.00410427626420515,NA,0.705647176411794,0.803504497751124,FALSE,FALSE
"DG_GC","binary_padj0.1","KLKB1",-0.00410906854195932,NA,0.691154422788606,0.803504497751124,FALSE,FALSE
"DG_GC","binary_padj0.1","ITGB2",-0.00411788768863669,NA,0.696151924037981,0.803504497751124,FALSE,FALSE
"DG_GC","binary_padj0.1","TNFSF10",-0.00411940759993221,NA,0.64367816091954,0.803504497751124,FALSE,FALSE
"DG_GC","binary_padj0.1","TIMP2",-0.00413366898037057,NA,0.702648675662169,0.803504497751124,FALSE,FALSE
"DG_GC","binary_padj0.1","BTN2A1",-0.00414528989628287,NA,0.690154922538731,0.803504497751124,FALSE,FALSE
"DG_GC","binary_padj0.1","COL8A1",-0.00416140860096939,NA,0.701649175412294,0.803504497751124,TRUE,TRUE
"DG_GC","binary_padj0.1","TNFSF14",-0.00418990593229685,NA,0.695652173913043,0.803504497751124,FALSE,FALSE
"DG_GC","binary_padj0.1","MADCAM1",-0.00419206466762239,NA,0.701649175412294,0.803504497751124,FALSE,FALSE
"DG_GC","binary_padj0.1","HHIPL2",-0.0042076466699802,NA,0.698650674662669,0.803504497751124,FALSE,FALSE
"DG_GC","binary_padj0.1","CLEC2A",-0.0042111241122483,NA,0.703648175912044,0.803504497751124,FALSE,FALSE
"DG_GC","binary_padj0.1","LY9",-0.00421232686475604,NA,0.707646176911544,0.803504497751124,FALSE,FALSE
"DG_GC","binary_padj0.1","ANPEP",-0.00422780917249097,NA,0.706646676661669,0.803504497751124,FALSE,FALSE
"DG_GC","binary_padj0.1","WNT4",-0.0042641324803883,NA,0.658170914542729,0.803504497751124,FALSE,FALSE
"DG_GC","binary_padj0.1","BMP7",-0.00427226113970118,NA,0.59320339830085,0.803504497751124,FALSE,FALSE
"DG_GC","binary_padj0.1","TNFSF4",-0.00428655047972656,NA,0.705147426286857,0.803504497751124,FALSE,FALSE
"DG_GC","binary_padj0.1","PCDHA10",-0.00429230933080461,NA,0.704147926036982,0.803504497751124,FALSE,FALSE
"DG_GC","binary_padj0.1","C4B_2",-0.00429879183450413,NA,0.708645677161419,0.803504497751124,FALSE,FALSE
"DG_GC","binary_padj0.1","CLMP",-0.00433184472359786,NA,0.708645677161419,0.803504497751124,FALSE,FALSE
"DG_GC","binary_padj0.1","TREML4",-0.00433900428126813,NA,0.700649675162419,0.803504497751124,FALSE,FALSE
"DG_GC","binary_padj0.1","NMU",-0.00434960931856945,NA,0.697151424287856,0.803504497751124,FALSE,FALSE
"DG_GC","binary_padj0.1","TNFSF13",-0.00437516097577244,NA,0.698650674662669,0.803504497751124,FALSE,FALSE
"DG_GC","binary_padj0.1","CXCL14",-0.00437715274596074,NA,0.703148425787106,0.803504497751124,FALSE,FALSE
"DG_GC","binary_padj0.1","CADM4",-0.00443569462431136,NA,0.714142928535732,0.803504497751124,FALSE,FALSE
"DG_GC","binary_padj0.1","DCN",-0.004468140402148,NA,0.726136931534233,0.804265588724625,FALSE,FALSE
"DG_GC","binary_padj0.1","LRP1B",-0.00448694988837408,NA,0.708645677161419,0.803504497751124,FALSE,FALSE
"DG_GC","binary_padj0.1","HLA-DQA1",-0.00448856834268853,NA,0.721139430284858,0.803504497751124,FALSE,FALSE
"DG_GC","binary_padj0.1","SNX14",-0.00450933734885765,NA,0.691154422788606,0.803504497751124,FALSE,FALSE
"DG_GC","binary_padj0.1","MXRA5",-0.0045548472572514,NA,0.71664167916042,0.803504497751124,FALSE,FALSE
"DG_GC","binary_padj0.1","JAG1",-0.00458925694958003,NA,0.629685157421289,0.803504497751124,FALSE,FALSE
"DG_GC","binary_padj0.1","TNFSF18",-0.00461992029412004,NA,0.723638180909545,0.803504497751124,FALSE,FALSE
"DG_GC","binary_padj0.1","CCL13",-0.00462442652868237,NA,0.749125437281359,0.809814391050089,FALSE,FALSE
"DG_GC","binary_padj0.1","F12",-0.00467208693177601,NA,0.723638180909545,0.803504497751124,FALSE,FALSE
"DG_GC","binary_padj0.1","TNFSF11",-0.00467455044987328,NA,0.711644177911045,0.803504497751124,FALSE,FALSE
"DG_GC","binary_padj0.1","CNTN2",-0.00469078578394389,NA,0.734632683658171,0.805919262590927,FALSE,FALSE
"DG_GC","binary_padj0.1","CDH2",-0.00469344657758197,NA,0.727136431784108,0.804645102922793,FALSE,FALSE
"DG_GC","binary_padj0.1","TIMP3",-0.00471521857687887,NA,0.715142428785607,0.803504497751124,FALSE,FALSE
"DG_GC","binary_padj0.1","LRIG1",-0.00471726708844216,NA,0.706146926536732,0.803504497751124,FALSE,FALSE
"DG_GC","binary_padj0.1","SELE",-0.00472360142674184,NA,0.725137431284358,0.803885387622931,FALSE,FALSE
"DG_GC","binary_padj0.1","NELL2",-0.00474512026552134,NA,0.729135432283858,0.804676490583537,FALSE,FALSE
"DG_GC","binary_padj0.1","TNR",-0.0047510803597658,NA,0.728135932033983,0.804676490583537,FALSE,FALSE
"DG_GC","binary_padj0.1","NUCB2",-0.00476035829210455,NA,0.71664167916042,0.803504497751124,FALSE,FALSE
"DG_GC","binary_padj0.1","CIB1",-0.00478590526942009,NA,0.720139930034983,0.803504497751124,FALSE,FALSE
"DG_GC","binary_padj0.1","SEMA4G",-0.00480366420937576,NA,0.723138430784608,0.803504497751124,FALSE,FALSE
"DG_GC","binary_padj0.1","COL4A3",-0.00484549650945718,NA,0.72263868065967,0.803504497751124,FALSE,FALSE
"DG_GC","binary_padj0.1","GP1BA",-0.00485461444139509,NA,0.732133933033483,0.805633987315139,FALSE,FALSE
"DG_GC","binary_padj0.1","TGM2",-0.00486259874016379,NA,0.71464267866067,0.803504497751124,FALSE,FALSE
"DG_GC","binary_padj0.1","CLDN16",-0.00486455871886001,NA,0.729135432283858,0.804676490583537,FALSE,FALSE
"DG_GC","binary_padj0.1","IL4",-0.00488276016917715,NA,0.693153423288356,0.803504497751124,FALSE,FALSE
"DG_GC","binary_padj0.1","CDH9",-0.00489579616009325,NA,0.739630184907546,0.805919262590927,FALSE,FALSE
"DG_GC","binary_padj0.1","CD226",-0.00491224156719849,NA,0.721139430284858,0.803504497751124,FALSE,FALSE
"DG_GC","binary_padj0.1","IMPG2",-0.00493104984911537,NA,0.722138930534733,0.803504497751124,FALSE,FALSE
"DG_GC","binary_padj0.1","WNT8A",-0.0049429796435179,NA,0.68815592203898,0.803504497751124,FALSE,FALSE
"DG_GC","binary_padj0.1","C4BPA",-0.00497777585113426,NA,0.736631684157921,0.805919262590927,FALSE,FALSE
"DG_GC","binary_padj0.1","CYTL1",-0.00498392598135825,NA,0.738130934532734,0.805919262590927,TRUE,TRUE
"DG_GC","binary_padj0.1","ASIP",-0.00498703664495722,NA,0.732633683158421,0.805633987315139,FALSE,FALSE
"DG_GC","binary_padj0.1","WNT7B",-0.00499745946871935,NA,0.703648175912044,0.803504497751124,FALSE,FALSE
"DG_GC","binary_padj0.1","PENK",-0.00501616980474205,NA,0.748125937031484,0.809814391050089,FALSE,FALSE
"DG_GC","binary_padj0.1","CEACAM21",-0.00502047813271838,NA,0.732133933033483,0.805633987315139,FALSE,FALSE
"DG_GC","binary_padj0.1","POSTN",-0.00505463833830142,NA,0.656171914042978,0.803504497751124,FALSE,FALSE
"DG_GC","binary_padj0.1","SIGLEC1",-0.00505523974326768,NA,0.740129935032484,0.805919262590927,FALSE,FALSE
"DG_GC","binary_padj0.1","SECTM1",-0.00506824371705922,NA,0.738630684657671,0.805919262590927,FALSE,FALSE
"DG_GC","binary_padj0.1","HLA-F",-0.0050740792882601,NA,0.740129935032484,0.805919262590927,FALSE,FALSE
"DG_GC","binary_padj0.1","IL26",-0.00512247500614783,NA,0.744627686156922,0.809814391050089,FALSE,FALSE
"DG_GC","binary_padj0.1","THBS1",-0.00517270147769446,NA,0.750624687656172,0.809814391050089,FALSE,FALSE
"DG_GC","binary_padj0.1","TSPAN5",-0.00518976172116279,NA,0.753623188405797,0.809814391050089,FALSE,FALSE
"DG_GC","binary_padj0.1","CDH6",-0.00520324334798698,NA,0.739630184907546,0.805919262590927,FALSE,FALSE
"DG_GC","binary_padj0.1","WNT3",-0.00521201794823109,NA,0.71264367816092,0.803504497751124,FALSE,FALSE
"DG_GC","binary_padj0.1","CD40",-0.0052279900938905,NA,0.710144927536232,0.803504497751124,FALSE,FALSE
"DG_GC","binary_padj0.1","WNT11",-0.00527088940557894,NA,0.716141929035482,0.803504497751124,FALSE,FALSE
"DG_GC","binary_padj0.1","COL20A1",-0.00529083495880548,NA,0.740129935032484,0.805919262590927,FALSE,FALSE
"DG_GC","binary_padj0.1","WNT10A",-0.00531367333039042,NA,0.71264367816092,0.803504497751124,FALSE,FALSE
"DG_GC","binary_padj0.1","IL33",-0.00533850803565712,NA,0.660169915042479,0.803504497751124,FALSE,FALSE
"DG_GC","binary_padj0.1","ICAM4",-0.00534587082099778,NA,0.752623688155922,0.809814391050089,FALSE,FALSE
"DG_GC","binary_padj0.1","CLEC2D",-0.0053567187192991,NA,0.769615192403798,0.81873633868235,FALSE,FALSE
"DG_GC","binary_padj0.1","TPH1",-0.00537937588213391,NA,0.755622188905547,0.81054043906243,FALSE,FALSE
"DG_GC","binary_padj0.1","MEGF10",-0.00538025550698605,NA,0.752123938030985,0.809814391050089,FALSE,FALSE
"DG_GC","binary_padj0.1","WNT5B",-0.00539362989490427,NA,0.724137931034483,0.803504497751124,FALSE,FALSE
"DG_GC","binary_padj0.1","TSLP",-0.00540696910893611,NA,0.760119940029985,0.813228756800639,FALSE,FALSE
"DG_GC","binary_padj0.1","JAML",-0.00541059298835122,NA,0.758620689655172,0.812334217506631,FALSE,FALSE
"DG_GC","binary_padj0.1","ALCAM",-0.00541981678385539,NA,0.75312343828086,0.809814391050089,FALSE,FALSE
"DG_GC","binary_padj0.1","TARM1",-0.00543564043326269,NA,0.75712143928036,0.811438112964515,FALSE,FALSE
"DG_GC","binary_padj0.1","CD70",-0.00545035282415646,NA,0.762618690654673,0.814479421143831,FALSE,FALSE
"DG_GC","binary_padj0.1","WNT9A",-0.0054613386781255,NA,0.723638180909545,0.803504497751124,FALSE,FALSE
"DG_GC","binary_padj0.1","CX3CL1",-0.00546890658836131,NA,0.692153923038481,0.803504497751124,FALSE,FALSE
"DG_GC","binary_padj0.1","CD1D",-0.00548842516728038,NA,0.753623188405797,0.809814391050089,FALSE,FALSE
"DG_GC","binary_padj0.1","CXCL1",-0.00548852627690427,NA,0.689655172413793,0.803504497751124,FALSE,FALSE
"DG_GC","binary_padj0.1","HEBP1",-0.00548984205754571,NA,0.750124937531234,0.809814391050089,FALSE,FALSE
"DG_GC","binary_padj0.1","WNT10B",-0.00549326159824338,NA,0.731634182908546,0.805633987315139,FALSE,FALSE
"DG_GC","binary_padj0.1","CTF1",-0.00551205894126134,NA,0.76511744127936,0.815548747365448,FALSE,FALSE
"DG_GC","binary_padj0.1","WNT8B",-0.00551432677842198,NA,0.736631684157921,0.805919262590927,FALSE,FALSE
"DG_GC","binary_padj0.1","FURIN",-0.00557078925005635,NA,0.687656171914043,0.803504497751124,FALSE,FALSE
"DG_GC","binary_padj0.1","SLIT2",-0.00560966694728678,NA,0.764617691154423,0.815548747365448,FALSE,FALSE
"DG_GC","binary_padj0.1","ICAM2",-0.00563129545860572,NA,0.775112443778111,0.821377805906735,FALSE,FALSE
"DG_GC","binary_padj0.1","IL3",-0.00565008377885,NA,0.739630184907546,0.805919262590927,FALSE,FALSE
"DG_GC","binary_padj0.1","BMP6",-0.00565570845732995,NA,0.720139930034983,0.803504497751124,FALSE,FALSE
"DG_GC","binary_padj0.1","WNT7A",-0.00568019013170497,NA,0.750124937531234,0.809814391050089,FALSE,FALSE
"DG_GC","binary_padj0.1","WNT6",-0.00570878944647643,NA,0.747626186906547,0.809814391050089,FALSE,FALSE
"DG_GC","binary_padj0.1","SFTPA2",-0.00581638546191874,NA,0.76111944027986,0.813587534330566,FALSE,FALSE
"DG_GC","binary_padj0.1","LRCH4",-0.00581745592998395,NA,0.749125437281359,0.809814391050089,FALSE,FALSE
"DG_GC","binary_padj0.1","MMP15",-0.00583889865879198,NA,0.765617191404298,0.815548747365448,FALSE,FALSE
"DG_GC","binary_padj0.1","LTA",-0.00589292347279199,NA,0.790604697651174,0.828477976580572,FALSE,FALSE
"DG_GC","binary_padj0.1","IL15",-0.00596309983533085,NA,0.770114942528736,0.81873633868235,TRUE,TRUE
"DG_GC","binary_padj0.1","CHL1",-0.00596346631701237,NA,0.772613693153423,0.819438765465752,FALSE,FALSE
"DG_GC","binary_padj0.1","SLPI",-0.00597795275829733,NA,0.787606196901549,0.827274880126346,FALSE,FALSE
"DG_GC","binary_padj0.1","COL18A1",-0.00600009122542438,NA,0.786606696651674,0.827274880126346,FALSE,FALSE
"DG_GC","binary_padj0.1","CLDN24",-0.00601113341974611,NA,0.788105947026487,0.827274880126346,FALSE,FALSE
"DG_GC","binary_padj0.1","PDGFD",-0.00606242145133013,NA,0.75512243878061,0.81054043906243,FALSE,FALSE
"DG_GC","binary_padj0.1","C4A",-0.00607189302860501,NA,0.772613693153423,0.819438765465752,FALSE,FALSE
"DG_GC","binary_padj0.1","CAMP",-0.00615105564101261,NA,0.770614692653673,0.81873633868235,FALSE,FALSE
"DG_GC","binary_padj0.1","TAC1",-0.0061801895974043,NA,0.72263868065967,0.803504497751124,FALSE,FALSE
"DG_GC","binary_padj0.1","CALR",-0.00619423949013463,NA,0.751624187906047,0.809814391050089,FALSE,FALSE
"DG_GC","binary_padj0.1","NTF3",-0.00627108319473033,NA,0.745627186406797,0.809814391050089,FALSE,FALSE
"DG_GC","binary_padj0.1","PAM",-0.00629707909619395,NA,0.789105447276362,0.827614874069814,FALSE,FALSE
"DG_GC","binary_padj0.1","SEMA4D",-0.00633040067208741,NA,0.786606696651674,0.827274880126346,FALSE,FALSE
"DG_GC","binary_padj0.1","CRLF1",-0.00639075832195416,NA,0.787606196901549,0.827274880126346,FALSE,FALSE
"DG_GC","binary_padj0.1","IL13",-0.00643312971871715,NA,0.780609695152424,0.825062016015288,FALSE,FALSE
"DG_GC","binary_padj0.1","CCL3",-0.00643555343126781,NA,0.822088955522239,0.847692736123521,FALSE,FALSE
"DG_GC","binary_padj0.1","COL10A1",-0.00645020475167372,NA,0.808095952023988,0.837439929824117,FALSE,FALSE
"DG_GC","binary_padj0.1","TEX101",-0.00646635368592316,NA,0.803098450774613,0.836370260069625,FALSE,FALSE
"DG_GC","binary_padj0.1","CRTAM",-0.00647583584208399,NA,0.777611194402799,0.8226025156679,FALSE,FALSE
"DG_GC","binary_padj0.1","CLEC2B",-0.00647805081054766,NA,0.786606696651674,0.827274880126346,FALSE,FALSE
"DG_GC","binary_padj0.1","WNT2",-0.00648062493794675,NA,0.794102948525737,0.830536097139144,FALSE,FALSE
"DG_GC","binary_padj0.1","ENAM",-0.00649140279531697,NA,0.785607196401799,0.827274880126346,FALSE,FALSE
"DG_GC","binary_padj0.1","RARRES1",-0.00650631673648292,NA,0.777611194402799,0.8226025156679,FALSE,FALSE
"DG_GC","binary_padj0.1","CADM3",-0.00662732926236556,NA,0.794602698650675,0.830536097139144,FALSE,FALSE
"DG_GC","binary_padj0.1","CD24",-0.00673301381930137,NA,0.800099950024987,0.834857273237317,FALSE,FALSE
"DG_GC","binary_padj0.1","CLEC11A",-0.00674367724668812,NA,0.80359820089955,0.836370260069625,FALSE,FALSE
"DG_GC","binary_padj0.1","DBH",-0.00675474778446318,NA,0.802098950524738,0.836230820759833,FALSE,FALSE
"DG_GC","binary_padj0.1","IFNL1",-0.00675511182537487,NA,0.816091954022989,0.842928030082766,FALSE,FALSE
"DG_GC","binary_padj0.1","WNT16",-0.006770637047161,NA,0.810094952523738,0.837439929824117,FALSE,FALSE
"DG_GC","binary_padj0.1","ITGAL",-0.00678533809503229,NA,0.846576711644178,0.866379675659246,FALSE,FALSE
"DG_GC","binary_padj0.1","LTF",-0.00679731726307737,NA,0.808095952023988,0.837439929824117,FALSE,FALSE
"DG_GC","binary_padj0.1","NRG1",-0.00681453775552072,NA,0.796101949025487,0.831393766032585,FALSE,FALSE
"DG_GC","binary_padj0.1","CNTF",-0.0068759979573848,NA,0.808595702148926,0.837439929824117,FALSE,FALSE
"DG_GC","binary_padj0.1","SPX",-0.00688226208681051,NA,0.809095452273863,0.837439929824117,FALSE,FALSE
"DG_GC","binary_padj0.1","APLN",-0.00689348608101218,NA,0.809095452273863,0.837439929824117,FALSE,FALSE
"DG_GC","binary_padj0.1","PTDSS1",-0.00691058091118997,NA,0.792603698150925,0.829862846354601,FALSE,FALSE
"DG_GC","binary_padj0.1","CADM1",-0.00692727785327941,NA,0.788105947026487,0.827274880126346,FALSE,FALSE
"DG_GC","binary_padj0.1","SHH",-0.00694258281248885,NA,0.831584207896052,0.85460625392002,FALSE,FALSE
"DG_GC","binary_padj0.1","PCDHA2",-0.00696884870321584,NA,0.80759620189905,0.837439929824117,FALSE,FALSE
"DG_GC","binary_padj0.1","CXCL12",-0.00704508906517142,NA,0.817591204397801,0.843765143544487,FALSE,FALSE
"DG_GC","binary_padj0.1","ST6GAL1",-0.00716279356681397,NA,0.809595202398801,0.837439929824117,FALSE,FALSE
"DG_GC","binary_padj0.1","RET",-0.00720258020240885,NA,0.824087956021989,0.849039315497844,FALSE,FALSE
"DG_GC","binary_padj0.1","IL32",-0.00731453144265644,NA,0.850074962518741,0.869233580204889,FALSE,FALSE
"DG_GC","binary_padj0.1","APP",-0.00735754867986537,NA,0.828585707146427,0.852955875003675,FALSE,FALSE
"DG_GC","binary_padj0.1","RAET1G",-0.00739298655574207,NA,0.832583708145927,0.854916213309942,FALSE,FALSE
"DG_GC","binary_padj0.1","WNT2B",-0.00743801036339144,NA,0.837081459270365,0.858096056574223,FALSE,FALSE
"DG_GC","binary_padj0.1","WNT3A",-0.00758042650640207,NA,0.867066466766617,0.884393357026732,FALSE,FALSE
"DG_GC","binary_padj0.1","IL18",-0.00763994027533899,NA,0.829585207396302,0.853267740604928,FALSE,FALSE
"DG_GC","binary_padj0.1","CD34",-0.00764817263537939,NA,0.837081459270365,0.858096056574223,FALSE,FALSE
"DG_GC","binary_padj0.1","HGF",-0.00772256691653645,NA,0.860069965017491,0.878498250874563,FALSE,FALSE
"DG_GC","binary_padj0.1","PCDHGB6",-0.00789799408360218,NA,0.840579710144927,0.860961659638408,FALSE,FALSE
"DG_GC","binary_padj0.1","CADM2",-0.00814498584566404,NA,0.860569715142429,0.878498250874563,FALSE,FALSE
"DG_GC","binary_padj0.1","PDGFA",-0.0085891577856896,NA,0.87456271864068,0.890556384318232,FALSE,FALSE
"DG_GC","binary_padj0.1","HLA-DMA",-0.00881389234690774,NA,0.873563218390805,0.89027865435003,FALSE,FALSE
"DG_GC","binary_padj0.1","LY6G5C",-0.00889984878653066,NA,0.88655672163918,0.901271356023233,FALSE,FALSE
"DG_GC","binary_padj0.1","IL7",-0.00893427100606489,NA,0.885057471264368,0.90049452018177,FALSE,FALSE
"DG_GC","binary_padj0.1","MIF",-0.00910804254213602,NA,0.915542228885557,0.923325343906994,FALSE,FALSE
"DG_GC","binary_padj0.1","TECTB",-0.00925408603791221,NA,0.896051974012994,0.907910395505308,FALSE,FALSE
"DG_GC","binary_padj0.1","COL22A1",-0.00937738693134514,NA,0.888555722138931,0.901806760248708,FALSE,FALSE
"DG_GC","binary_padj0.1","VEGFC",-0.00942573340323731,NA,0.888055972013993,0.901806760248708,FALSE,FALSE
"DG_GC","binary_padj0.1","LTBP3",-0.00945361034706709,NA,0.903548225887057,0.913993870116965,TRUE,FALSE
"DG_GC","binary_padj0.1","RSPO3",-0.00950824319853867,NA,0.894052973513243,0.906634844829241,FALSE,FALSE
"DG_GC","binary_padj0.1","IL5",-0.00951326268647573,NA,0.901549225387306,0.912725455454091,FALSE,FALSE
"DG_GC","binary_padj0.1","VEGFA",-0.00961083328534475,NA,0.941529235382309,0.946117850165826,FALSE,FALSE
"DG_GC","binary_padj0.1","IGFBP4",-0.0100008269390084,NA,0.909545227386307,0.91930107553484,FALSE,FALSE
"DG_GC","binary_padj0.1","CD274",-0.0101437596616762,NA,0.91304347826087,0.922076060073838,FALSE,FALSE
"DG_GC","binary_padj0.1","CNMD",-0.0103844809595858,NA,0.916041979010495,0.923325343906994,FALSE,FALSE
"DG_GC","binary_padj0.1","CNTN5",-0.0104894735012506,NA,0.916541729135432,0.923325343906994,FALSE,FALSE
"DG_GC","binary_padj0.1","IL17C",-0.0109602268288543,NA,0.975512243878061,0.976309231005412,FALSE,FALSE
"DG_GC","binary_padj0.1","SLITRK3",-0.0111856425532071,NA,0.92503748125937,0.931118253527304,FALSE,FALSE
"DG_GC","binary_padj0.1","LY86",-0.0115288866873839,NA,0.942528735632184,0.946117850165826,FALSE,FALSE
"DG_GC","binary_padj0.1","CD6",-0.01171136311138,NA,0.943028485757121,0.946117850165826,FALSE,FALSE
"DG_GC","binary_padj0.1","CKLF",-0.0117762285619765,NA,0.937031484257871,0.942416722673146,FALSE,FALSE
"DG_GC","binary_padj0.1","NPTX2",-0.012204845106245,NA,0.952523738130934,0.954862176113253,FALSE,FALSE
"DG_GC","binary_padj0.1","PRRG4",-0.0124509045681875,NA,0.959020489755122,0.96058879799675,FALSE,FALSE
"DG_GC","binary_padj0.1","ELFN1",-0.0141517985070106,NA,0.979010494752624,0.979010494752624,FALSE,FALSE
"DG_GC","binary_padj0.1","IGFL3",NA,NA,NA,NA,FALSE,FALSE
"DG_GC","continuous_lfc","PCDHGB6",0.0611950048596377,NA,0.000499750124937531,0.00541764515972102,FALSE,FALSE
"DG_GC","continuous_lfc","CKLF",0.0580648345797919,NA,0.000499750124937531,0.00541764515972102,FALSE,FALSE
"DG_GC","continuous_lfc","TEX101",0.0540230415670912,NA,0.000499750124937531,0.00541764515972102,FALSE,FALSE
"DG_GC","continuous_lfc","ESM1",0.0520889436701032,NA,0.000499750124937531,0.00541764515972102,FALSE,FALSE
"DG_GC","continuous_lfc","CD6",0.0485634517918269,NA,0.000499750124937531,0.00541764515972102,FALSE,FALSE
"DG_GC","continuous_lfc","LY86",0.0481004360984795,NA,0.000499750124937531,0.00541764515972102,FALSE,FALSE
"DG_GC","continuous_lfc","CDHR2",0.0419397969336967,NA,0.000499750124937531,0.00541764515972102,FALSE,FALSE
"DG_GC","continuous_lfc","LTBP3",0.0418151721869727,NA,0.000499750124937531,0.00541764515972102,TRUE,FALSE
"DG_GC","continuous_lfc","ELFN1",0.0416727596936606,NA,0.000499750124937531,0.00541764515972102,FALSE,FALSE
"DG_GC","continuous_lfc","PAM",0.040648747642237,NA,0.000499750124937531,0.00541764515972102,FALSE,FALSE
"DG_GC","continuous_lfc","NPTX2",0.0375955482021771,NA,0.000499750124937531,0.00541764515972102,FALSE,FALSE
"DG_GC","continuous_lfc","NGF",0.0373031349551171,NA,0.000499750124937531,0.00541764515972102,FALSE,FALSE
"DG_GC","continuous_lfc","COL26A1",0.0371263651973449,NA,0.000499750124937531,0.00541764515972102,FALSE,FALSE
"DG_GC","continuous_lfc","CD34",0.0371062053219859,NA,0.000499750124937531,0.00541764515972102,FALSE,FALSE
"DG_GC","continuous_lfc","CNTN5",0.0366031336590299,NA,0.000499750124937531,0.00541764515972102,FALSE,FALSE
"DG_GC","continuous_lfc","PLAU",0.0349541717668658,NA,0.000499750124937531,0.00541764515972102,FALSE,FALSE
"DG_GC","continuous_lfc","IL3",0.0340934797646434,NA,0.000499750124937531,0.00541764515972102,FALSE,FALSE
"DG_GC","continuous_lfc","IL18",0.033958443590754,NA,0.000499750124937531,0.00541764515972102,FALSE,FALSE
"DG_GC","continuous_lfc","ICAM2",0.0338241511103683,NA,0.000499750124937531,0.00541764515972102,FALSE,FALSE
"DG_GC","continuous_lfc","CNTN2",0.03291546735774,NA,0.000499750124937531,0.00541764515972102,FALSE,FALSE
"DG_GC","continuous_lfc","NTNG1",0.0327575550202351,NA,0.000499750124937531,0.00541764515972102,FALSE,FALSE
"DG_GC","continuous_lfc","SLITRK3",0.032402836323922,NA,0.000499750124937531,0.00541764515972102,FALSE,FALSE
"DG_GC","continuous_lfc","BACE1",0.0320878196294703,NA,0.000499750124937531,0.00541764515972102,FALSE,FALSE
"DG_GC","continuous_lfc","CD274",0.03179372724738,NA,0.000499750124937531,0.00541764515972102,FALSE,FALSE
"DG_GC","continuous_lfc","CD70",0.0316240905450411,NA,0.000499750124937531,0.00541764515972102,FALSE,FALSE
"DG_GC","continuous_lfc","MST1",0.0314010690094984,NA,0.000499750124937531,0.00541764515972102,FALSE,FALSE
"DG_GC","continuous_lfc","HLA-DQA1",0.0312060266125407,NA,0.000499750124937531,0.00541764515972102,FALSE,FALSE
"DG_GC","continuous_lfc","MMP15",0.0311824084314434,NA,0.000499750124937531,0.00541764515972102,FALSE,FALSE
"DG_GC","continuous_lfc","CCL23",0.0309193431138371,NA,0.000499750124937531,0.00541764515972102,FALSE,FALSE
"DG_GC","continuous_lfc","CADM4",0.0306502651203039,NA,0.000499750124937531,0.00541764515972102,FALSE,FALSE
"DG_GC","continuous_lfc","INS",0.0303360588273392,NA,0.000499750124937531,0.00541764515972102,FALSE,FALSE
"DG_GC","continuous_lfc","GRP",0.0302297229290809,NA,0.000499750124937531,0.00541764515972102,FALSE,FALSE
"DG_GC","continuous_lfc","LGI2",0.030193504439056,NA,0.000499750124937531,0.00541764515972102,FALSE,FALSE
"DG_GC","continuous_lfc","CLEC11A",0.0301432059434791,NA,0.000499750124937531,0.00541764515972102,FALSE,FALSE
"DG_GC","continuous_lfc","DKK4",0.0300235589237498,NA,0.000499750124937531,0.00541764515972102,FALSE,FALSE
"DG_GC","continuous_lfc","PTDSS1",0.0297719884201844,NA,0.000499750124937531,0.00541764515972102,FALSE,FALSE
"DG_GC","continuous_lfc","S100A10",0.0296835902197085,NA,0.000499750124937531,0.00541764515972102,FALSE,FALSE
"DG_GC","continuous_lfc","MMRN2",0.0295534151615216,NA,0.000499750124937531,0.00541764515972102,FALSE,FALSE
"DG_GC","continuous_lfc","IFNW1",0.0294777879235208,NA,0.000499750124937531,0.00541764515972102,FALSE,FALSE
"DG_GC","continuous_lfc","CHL1",0.0289925575242591,NA,0.000499750124937531,0.00541764515972102,FALSE,FALSE
"DG_GC","continuous_lfc","CCL28",0.0288407187407017,NA,0.000499750124937531,0.00541764515972102,FALSE,FALSE
"DG_GC","continuous_lfc","HLA-DRA",0.0288382789644392,NA,0.000499750124937531,0.00541764515972102,FALSE,FALSE
"DG_GC","continuous_lfc","SDK2",0.0286976936480114,NA,0.000499750124937531,0.00541764515972102,FALSE,FALSE
"DG_GC","continuous_lfc","ULBP3",0.0285215748243572,NA,0.000499750124937531,0.00541764515972102,FALSE,FALSE
"DG_GC","continuous_lfc","SLIT2",0.0283173769896342,NA,0.000499750124937531,0.00541764515972102,FALSE,FALSE
"DG_GC","continuous_lfc","VSTM4",0.0279465391391517,NA,0.000499750124937531,0.00541764515972102,FALSE,FALSE
"DG_GC","continuous_lfc","CYTL1",0.0279454186574642,NA,0.000499750124937531,0.00541764515972102,TRUE,TRUE
"DG_GC","continuous_lfc","CSH2",0.0277488041590739,NA,0.000499750124937531,0.00541764515972102,FALSE,FALSE
"DG_GC","continuous_lfc","LTB",0.027659842111216,NA,0.000499750124937531,0.00541764515972102,FALSE,FALSE
"DG_GC","continuous_lfc","CDH9",0.0276119160536772,NA,0.000499750124937531,0.00541764515972102,FALSE,FALSE
"DG_GC","continuous_lfc","CDH6",0.0275802018240761,NA,0.000999500249875062,0.00838621784997912,FALSE,FALSE
"DG_GC","continuous_lfc","NTNG2",0.0274194207850824,NA,0.000499750124937531,0.00541764515972102,FALSE,FALSE
"DG_GC","continuous_lfc","CAMP",0.0272691436708259,NA,0.00149925037481259,0.0113369241305273,FALSE,FALSE
"DG_GC","continuous_lfc","TF",0.0271914195341788,NA,0.000499750124937531,0.00541764515972102,FALSE,FALSE
"DG_GC","continuous_lfc","IL2",0.0271472706247682,NA,0.000499750124937531,0.00541764515972102,FALSE,FALSE
"DG_GC","continuous_lfc","PCDHA13",0.0269500604357392,NA,0.000499750124937531,0.00541764515972102,FALSE,FALSE
"DG_GC","continuous_lfc","INHA",0.0267703363618933,NA,0.000499750124937531,0.00541764515972102,FALSE,FALSE
"DG_GC","continuous_lfc","LRCH4",0.0266661321291044,NA,0.000499750124937531,0.00541764515972102,FALSE,FALSE
"DG_GC","continuous_lfc","SEMA6D",0.0266269407439459,NA,0.000499750124937531,0.00541764515972102,FALSE,FALSE
"DG_GC","continuous_lfc","PCDHA10",0.0266023942270777,NA,0.000499750124937531,0.00541764515972102,FALSE,FALSE
"DG_GC","continuous_lfc","FLRT1",0.026592792519212,NA,0.000499750124937531,0.00541764515972102,FALSE,FALSE
"DG_GC","continuous_lfc","CADM3",0.0265748499587914,NA,0.000499750124937531,0.00541764515972102,FALSE,FALSE
"DG_GC","continuous_lfc","CADM2",0.0264320413351507,NA,0.000499750124937531,0.00541764515972102,FALSE,FALSE
"DG_GC","continuous_lfc","NID1",0.0261047042020865,NA,0.000499750124937531,0.00541764515972102,FALSE,FALSE
"DG_GC","continuous_lfc","ARTN",0.0261002860119274,NA,0.000499750124937531,0.00541764515972102,FALSE,FALSE
"DG_GC","continuous_lfc","CSHL1",0.0260971594869615,NA,0.000499750124937531,0.00541764515972102,FALSE,FALSE
"DG_GC","continuous_lfc","SIGLEC12",0.0260070484766721,NA,0.000499750124937531,0.00541764515972102,FALSE,FALSE
"DG_GC","continuous_lfc","CRISP3",0.0258834937868455,NA,0.000499750124937531,0.00541764515972102,FALSE,FALSE
"DG_GC","continuous_lfc","IGFL2",0.0258778613583944,NA,0.000499750124937531,0.00541764515972102,FALSE,FALSE
"DG_GC","continuous_lfc","NUCB2",0.0258255622584083,NA,0.000499750124937531,0.00541764515972102,FALSE,FALSE
"DG_GC","continuous_lfc","TNFSF4",0.0258128390886084,NA,0.000999500249875062,0.00838621784997912,FALSE,FALSE
"DG_GC","continuous_lfc","ECM1",0.0257468191651207,NA,0.000499750124937531,0.00541764515972102,FALSE,FALSE
"DG_GC","continuous_lfc","RET",0.0257325779467608,NA,0.000499750124937531,0.00541764515972102,FALSE,FALSE
"DG_GC","continuous_lfc","RAET1G",0.0257208788540285,NA,0.000499750124937531,0.00541764515972102,FALSE,FALSE
"DG_GC","continuous_lfc","CNMD",0.0255632793474135,NA,0.000499750124937531,0.00541764515972102,FALSE,FALSE
"DG_GC","continuous_lfc","APOD",0.0255438180093447,NA,0.000999500249875062,0.00838621784997912,TRUE,TRUE
"DG_GC","continuous_lfc","IGSF21",0.025518333980847,NA,0.000499750124937531,0.00541764515972102,FALSE,FALSE
"DG_GC","continuous_lfc","ANGPT1",0.0254932364024846,NA,0.000499750124937531,0.00541764515972102,FALSE,FALSE
"DG_GC","continuous_lfc","PRRG4",0.0254178422577339,NA,0.000499750124937531,0.00541764515972102,FALSE,FALSE
"DG_GC","continuous_lfc","SFTPD",0.0253890055431809,NA,0.000499750124937531,0.00541764515972102,FALSE,FALSE
"DG_GC","continuous_lfc","PCDHA1",0.0253773501271467,NA,0.000499750124937531,0.00541764515972102,FALSE,FALSE
"DG_GC","continuous_lfc","HHIPL2",0.0252835032510223,NA,0.000499750124937531,0.00541764515972102,FALSE,FALSE
"DG_GC","continuous_lfc","SPAG11B",0.0252431796972579,NA,0.000499750124937531,0.00541764515972102,FALSE,FALSE
"DG_GC","continuous_lfc","PCDHA8",0.0252167505284899,NA,0.000499750124937531,0.00541764515972102,FALSE,FALSE
"DG_GC","continuous_lfc","PCDHA11",0.0252097954495695,NA,0.000499750124937531,0.00541764515972102,FALSE,FALSE
"DG_GC","continuous_lfc","PCDHA5",0.0252090238862105,NA,0.000499750124937531,0.00541764515972102,FALSE,FALSE
"DG_GC","continuous_lfc","TIMP3",0.0251226045849956,NA,0.000499750124937531,0.00541764515972102,FALSE,FALSE
"DG_GC","continuous_lfc","SLAMF7",0.0250448349868857,NA,0.000499750124937531,0.00541764515972102,FALSE,FALSE
"DG_GC","continuous_lfc","ANOS1",0.0250180030986682,NA,0.000499750124937531,0.00541764515972102,FALSE,FALSE
"DG_GC","continuous_lfc","ZG16B",0.0247865308041316,NA,0.000499750124937531,0.00541764515972102,FALSE,FALSE
"DG_GC","continuous_lfc","RLN2",0.024764524108126,NA,0.000499750124937531,0.00541764515972102,FALSE,FALSE
"DG_GC","continuous_lfc","KLKB1",0.024496477409598,NA,0.000999500249875062,0.00838621784997912,FALSE,FALSE
"DG_GC","continuous_lfc","EFNA5",0.0243196195703438,NA,0.000499750124937531,0.00541764515972102,FALSE,FALSE
"DG_GC","continuous_lfc","PGF",0.0243173679809697,NA,0.000499750124937531,0.00541764515972102,FALSE,FALSE
"DG_GC","continuous_lfc","MMP7",0.0241952691825292,NA,0.000499750124937531,0.00541764515972102,FALSE,FALSE
"DG_GC","continuous_lfc","HLA-DOB",0.0241519757014716,NA,0.000499750124937531,0.00541764515972102,FALSE,FALSE
"DG_GC","continuous_lfc","ADGRE5",0.0241212448813148,NA,0.000499750124937531,0.00541764515972102,FALSE,FALSE
"DG_GC","continuous_lfc","KIR2DS5",0.024091858563717,NA,0.000499750124937531,0.00541764515972102,FALSE,FALSE
"DG_GC","continuous_lfc","TTR",0.0240117182240038,NA,0.000499750124937531,0.00541764515972102,FALSE,FALSE
"DG_GC","continuous_lfc","NELL2",0.0239467433698777,NA,0.000999500249875062,0.00838621784997912,FALSE,FALSE
"DG_GC","continuous_lfc","TIGIT",0.0239452754131212,NA,0.000499750124937531,0.00541764515972102,FALSE,FALSE
"DG_GC","continuous_lfc","RARRES2",0.023932143105608,NA,0.000499750124937531,0.00541764515972102,FALSE,FALSE
"DG_GC","continuous_lfc","RAET1E",0.0238800248895326,NA,0.000499750124937531,0.00541764515972102,FALSE,FALSE
"DG_GC","continuous_lfc","ADGRF5",0.0238459575825748,NA,0.000999500249875062,0.00838621784997912,FALSE,FALSE
"DG_GC","continuous_lfc","HLA-F",0.023844236147277,NA,0.000499750124937531,0.00541764515972102,FALSE,FALSE
"DG_GC","continuous_lfc","CDH4",0.0237339010311894,NA,0.000999500249875062,0.00838621784997912,FALSE,FALSE
"DG_GC","continuous_lfc","IGFBP7",0.023693015971075,NA,0.000499750124937531,0.00541764515972102,FALSE,FALSE
"DG_GC","continuous_lfc","IFNB1",0.0236337885921699,NA,0.000999500249875062,0.00838621784997912,FALSE,FALSE
"DG_GC","continuous_lfc","TREML4",0.0236282294936224,NA,0.000499750124937531,0.00541764515972102,FALSE,FALSE
"DG_GC","continuous_lfc","ALCAM",0.0235561216428858,NA,0.000999500249875062,0.00838621784997912,FALSE,FALSE
"DG_GC","continuous_lfc","FLRT2",0.0234747398817176,NA,0.000499750124937531,0.00541764515972102,FALSE,FALSE
"DG_GC","continuous_lfc","PCDHA3",0.0233535603692046,NA,0.000999500249875062,0.00838621784997912,FALSE,FALSE
"DG_GC","continuous_lfc","CIB1",0.023344342820002,NA,0.000499750124937531,0.00541764515972102,FALSE,FALSE
"DG_GC","continuous_lfc","MFGE8",0.0232127376026861,NA,0.000999500249875062,0.00838621784997912,FALSE,FALSE
"DG_GC","continuous_lfc","LRRC4C",0.0232070436920435,NA,0.000999500249875062,0.00838621784997912,FALSE,FALSE
"DG_GC","continuous_lfc","CCL15",0.0232055582446802,NA,0.00149925037481259,0.0113369241305273,FALSE,FALSE
"DG_GC","continuous_lfc","IFNG",0.0231691209661245,NA,0.000999500249875062,0.00838621784997912,FALSE,FALSE
"DG_GC","continuous_lfc","SST",0.0231275685121103,NA,0.000999500249875062,0.00838621784997912,FALSE,FALSE
"DG_GC","continuous_lfc","PCDHA12",0.0231212612745695,NA,0.00149925037481259,0.0113369241305273,FALSE,FALSE
"DG_GC","continuous_lfc","AIMP1",0.0231095804763373,NA,0.000499750124937531,0.00541764515972102,FALSE,FALSE
"DG_GC","continuous_lfc","PI16",0.0230855631564136,NA,0.000999500249875062,0.00838621784997912,FALSE,FALSE
"DG_GC","continuous_lfc","CNTN3",0.0228567356726021,NA,0.000499750124937531,0.00541764515972102,FALSE,FALSE
"DG_GC","continuous_lfc","IL27",0.0227476644377512,NA,0.000999500249875062,0.00838621784997912,FALSE,FALSE
"DG_GC","continuous_lfc","FGF13",0.0226501013716817,NA,0.000499750124937531,0.00541764515972102,FALSE,FALSE
"DG_GC","continuous_lfc","IFNL1",0.0225807325019927,NA,0.00299850074962519,0.0197481904209186,FALSE,FALSE
"DG_GC","continuous_lfc","SELPLG",0.0225612793751465,NA,0.000999500249875062,0.00838621784997912,FALSE,FALSE
"DG_GC","continuous_lfc","ASIP",0.02251685297676,NA,0.00149925037481259,0.0113369241305273,FALSE,FALSE
"DG_GC","continuous_lfc","MXRA8",0.0224820956110793,NA,0.000499750124937531,0.00541764515972102,FALSE,FALSE
"DG_GC","continuous_lfc","TNFSF10",0.0224304857146798,NA,0.00249875062468766,0.0167266093729092,FALSE,FALSE
"DG_GC","continuous_lfc","TNFSF18",0.0224197937807839,NA,0.000499750124937531,0.00541764515972102,FALSE,FALSE
"DG_GC","continuous_lfc","SIGLEC5",0.0223633498417991,NA,0.000499750124937531,0.00541764515972102,FALSE,FALSE
"DG_GC","continuous_lfc","HLA-DRB4",0.0222995158863427,NA,0.000999500249875062,0.00838621784997912,FALSE,FALSE
"DG_GC","continuous_lfc","ZP3",0.0222799908470407,NA,0.000499750124937531,0.00541764515972102,FALSE,FALSE
"DG_GC","continuous_lfc","IL37",0.0222493641471234,NA,0.000999500249875062,0.00838621784997912,FALSE,FALSE
"DG_GC","continuous_lfc","HLA-DRB1",0.0222274637288293,NA,0.00249875062468766,0.0167266093729092,FALSE,FALSE
"DG_GC","continuous_lfc","ICOSLG",0.0221784731407994,NA,0.00149925037481259,0.0113369241305273,FALSE,FALSE
"DG_GC","continuous_lfc","IL5",0.0220745638670466,NA,0.00149925037481259,0.0113369241305273,FALSE,FALSE
"DG_GC","continuous_lfc","CEACAM20",0.0220437789607673,NA,0.00149925037481259,0.0113369241305273,FALSE,FALSE
"DG_GC","continuous_lfc","SERPINE1",0.0220399090293053,NA,0.000499750124937531,0.00541764515972102,TRUE,TRUE
"DG_GC","continuous_lfc","CDH15",0.0219887290050605,NA,0.00199900049975012,0.0141547723248202,FALSE,FALSE
"DG_GC","continuous_lfc","VCAM1",0.0219481390621126,NA,0.000499750124937531,0.00541764515972102,FALSE,FALSE
"DG_GC","continuous_lfc","CTF1",0.0218755300748722,NA,0.000999500249875062,0.00838621784997912,FALSE,FALSE
"DG_GC","continuous_lfc","MYEOV",0.0217939572225262,NA,0.00149925037481259,0.0113369241305273,FALSE,FALSE
"DG_GC","continuous_lfc","CXCL10",0.0217924845807766,NA,0.000999500249875062,0.00838621784997912,FALSE,FALSE
"DG_GC","continuous_lfc","GH2",0.0217611072720097,NA,0.00199900049975012,0.0141547723248202,FALSE,FALSE
"DG_GC","continuous_lfc","SHISA4",0.0217549734355346,NA,0.000999500249875062,0.00838621784997912,FALSE,FALSE
"DG_GC","continuous_lfc","CADM1",0.0217517453744416,NA,0.00399800099950025,0.0235459193480183,FALSE,FALSE
"DG_GC","continuous_lfc","CLEC4G",0.0217345130356555,NA,0.000999500249875062,0.00838621784997912,FALSE,FALSE
"DG_GC","continuous_lfc","CRTAM",0.0215922351903305,NA,0.000499750124937531,0.00541764515972102,FALSE,FALSE
"DG_GC","continuous_lfc","VEGFB",0.0215333500706845,NA,0.000999500249875062,0.00838621784997912,FALSE,FALSE
"DG_GC","continuous_lfc","CD79B",0.0214846485154434,NA,0.000999500249875062,0.00838621784997912,FALSE,FALSE
"DG_GC","continuous_lfc","ADAM15",0.0214525837968391,NA,0.000999500249875062,0.00838621784997912,FALSE,FALSE
"DG_GC","continuous_lfc","LGI3",0.0214167419760217,NA,0.00199900049975012,0.0141547723248202,FALSE,FALSE
"DG_GC","continuous_lfc","NECTIN4",0.021373154429408,NA,0.000999500249875062,0.00838621784997912,FALSE,FALSE
"DG_GC","continuous_lfc","DEFB4A",0.0213478856026301,NA,0.000499750124937531,0.00541764515972102,FALSE,FALSE
"DG_GC","continuous_lfc","PCDHB3",0.0213049982725693,NA,0.00249875062468766,0.0167266093729092,FALSE,FALSE
"DG_GC","continuous_lfc","LILRB4",0.0212498745188144,NA,0.000999500249875062,0.00838621784997912,FALSE,FALSE
"DG_GC","continuous_lfc","FGG",0.0211893363851539,NA,0.000999500249875062,0.00838621784997912,FALSE,FALSE
"DG_GC","continuous_lfc","CD80",0.021117861759969,NA,0.00149925037481259,0.0113369241305273,FALSE,FALSE
"DG_GC","continuous_lfc","LRIG1",0.021080709748709,NA,0.00149925037481259,0.0113369241305273,FALSE,FALSE
"DG_GC","continuous_lfc","PTPRM",0.021000681799934,NA,0.00199900049975012,0.0141547723248202,FALSE,FALSE
"DG_GC","continuous_lfc","PSG5",0.0209771789896717,NA,0.000999500249875062,0.00838621784997912,FALSE,FALSE
"DG_GC","continuous_lfc","LEAP2",0.0209484829755106,NA,0.00199900049975012,0.0141547723248202,FALSE,FALSE
"DG_GC","continuous_lfc","NTN3",0.0209071971591567,NA,0.000999500249875062,0.00838621784997912,FALSE,FALSE
"DG_GC","continuous_lfc","TGFA",0.0209059060929385,NA,0.00349825087456272,0.0216432187946431,FALSE,FALSE
"DG_GC","continuous_lfc","SERPINE2",0.0208974609191276,NA,0.00149925037481259,0.0113369241305273,FALSE,FALSE
"DG_GC","continuous_lfc","SPON1",0.0208895626241542,NA,0.00149925037481259,0.0113369241305273,TRUE,TRUE
"DG_GC","continuous_lfc","AANAT",0.0208385399334665,NA,0.00149925037481259,0.0113369241305273,FALSE,FALSE
"DG_GC","continuous_lfc","IL12B",0.020831138307889,NA,0.00249875062468766,0.0167266093729092,FALSE,FALSE
"DG_GC","continuous_lfc","NXPH2",0.0208199186251609,NA,0.000999500249875062,0.00838621784997912,FALSE,FALSE
"DG_GC","continuous_lfc","COL4A6",0.0207472044401637,NA,0.00249875062468766,0.0167266093729092,FALSE,FALSE
"DG_GC","continuous_lfc","IGFBP4",0.0207335223024168,NA,0.00199900049975012,0.0141547723248202,FALSE,FALSE
"DG_GC","continuous_lfc","TSPAN5",0.0207305064109133,NA,0.00249875062468766,0.0167266093729092,FALSE,FALSE
"DG_GC","continuous_lfc","CD1D",0.0207192592860802,NA,0.00149925037481259,0.0113369241305273,FALSE,FALSE
"DG_GC","continuous_lfc","RBP3",0.020654050085835,NA,0.00199900049975012,0.0141547723248202,FALSE,FALSE
"DG_GC","continuous_lfc","ICAM1",0.0205629490885421,NA,0.00199900049975012,0.0141547723248202,FALSE,FALSE
"DG_GC","continuous_lfc","SOST",0.0205097843694742,NA,0.00199900049975012,0.0141547723248202,FALSE,FALSE
"DG_GC","continuous_lfc","TIMP2",0.0204432953146442,NA,0.00199900049975012,0.0141547723248202,FALSE,FALSE
"DG_GC","continuous_lfc","FGF12",0.0202759559576764,NA,0.00149925037481259,0.0113369241305273,FALSE,FALSE
"DG_GC","continuous_lfc","C4BPA",0.0201434405342061,NA,0.00349825087456272,0.0216432187946431,FALSE,FALSE
"DG_GC","continuous_lfc","ADAM11",0.020125272619016,NA,0.00349825087456272,0.0216432187946431,FALSE,FALSE
"DG_GC","continuous_lfc","CDH2",0.0201249839227852,NA,0.00349825087456272,0.0216432187946431,FALSE,FALSE
"DG_GC","continuous_lfc","PLAT",0.020116603133371,NA,0.00299850074962519,0.0197481904209186,FALSE,FALSE
"DG_GC","continuous_lfc","FGF14",0.0200824159466945,NA,0.00249875062468766,0.0167266093729092,FALSE,FALSE
"DG_GC","continuous_lfc","PDYN",0.0199938336747269,NA,0.00149925037481259,0.0113369241305273,FALSE,FALSE
"DG_GC","continuous_lfc","PCDHA6",0.0199603666829971,NA,0.00399800099950025,0.0235459193480183,FALSE,FALSE
"DG_GC","continuous_lfc","SLIT1",0.0199183405665556,NA,0.00349825087456272,0.0216432187946431,FALSE,FALSE
"DG_GC","continuous_lfc","CEACAM21",0.0198541236575333,NA,0.000999500249875062,0.00838621784997912,FALSE,FALSE
"DG_GC","continuous_lfc","RLN1",0.0196882568320993,NA,0.00349825087456272,0.0216432187946431,FALSE,FALSE
"DG_GC","continuous_lfc","NXPH3",0.0196171495940985,NA,0.00299850074962519,0.0197481904209186,FALSE,FALSE
"DG_GC","continuous_lfc","TSLP",0.0195903086377809,NA,0.00449775112443778,0.0259893638086617,FALSE,FALSE
"DG_GC","continuous_lfc","LGI4",0.0195813230615466,NA,0.00399800099950025,0.0235459193480183,FALSE,FALSE
"DG_GC","continuous_lfc","KIR2DS3",0.0195619973807731,NA,0.00349825087456272,0.0216432187946431,FALSE,FALSE
"DG_GC","continuous_lfc","PCDHA9",0.0195580146616398,NA,0.00399800099950025,0.0235459193480183,FALSE,FALSE
"DG_GC","continuous_lfc","GP5",0.0193841646520349,NA,0.00399800099950025,0.0235459193480183,FALSE,FALSE
"DG_GC","continuous_lfc","IMPG2",0.0193636964062687,NA,0.00449775112443778,0.0259893638086617,FALSE,FALSE
"DG_GC","continuous_lfc","TFPI",0.0193607609913301,NA,0.00249875062468766,0.0167266093729092,FALSE,FALSE
"DG_GC","continuous_lfc","RBP4",0.0193298984832421,NA,0.00199900049975012,0.0141547723248202,FALSE,FALSE
"DG_GC","continuous_lfc","SIGLEC8",0.0191949749696122,NA,0.00449775112443778,0.0259893638086617,FALSE,FALSE
"DG_GC","continuous_lfc","PRLH",0.0191720373230214,NA,0.00399800099950025,0.0235459193480183,FALSE,FALSE
"DG_GC","continuous_lfc","DLK2",0.0191639826037826,NA,0.00349825087456272,0.0216432187946431,FALSE,FALSE
"DG_GC","continuous_lfc","PTPRZ1",0.0190604523191868,NA,0.00249875062468766,0.0167266093729092,FALSE,FALSE
"DG_GC","continuous_lfc","ZNRF3",0.0190531489986027,NA,0.00499750124937531,0.0277010815859039,FALSE,FALSE
"DG_GC","continuous_lfc","GAL",0.0190480249609204,NA,0.00349825087456272,0.0216432187946431,FALSE,FALSE
"DG_GC","continuous_lfc","BMP3",0.0190107457247043,NA,0.00249875062468766,0.0167266093729092,FALSE,FALSE
"DG_GC","continuous_lfc","GP1BA",0.0189532639589808,NA,0.00399800099950025,0.0235459193480183,FALSE,FALSE
"DG_GC","continuous_lfc","MSMP",0.0189453606080944,NA,0.00449775112443778,0.0259893638086617,FALSE,FALSE
"DG_GC","continuous_lfc","LGALS9",0.0189293247970502,NA,0.00499750124937531,0.0277010815859039,TRUE,TRUE
"DG_GC","continuous_lfc","CXCL11",0.0189078533467103,NA,0.00399800099950025,0.0235459193480183,FALSE,FALSE
"DG_GC","continuous_lfc","NCR3LG1",0.0188869803562549,NA,0.00349825087456272,0.0216432187946431,FALSE,FALSE
"DG_GC","continuous_lfc","SLPI",0.0188348092877727,NA,0.00549725137431284,0.0292788388414488,FALSE,FALSE
"DG_GC","continuous_lfc","LY6G6F",0.0187978101083499,NA,0.00549725137431284,0.0292788388414488,FALSE,FALSE
"DG_GC","continuous_lfc","AREG",0.0187946852655344,NA,0.00349825087456272,0.0216432187946431,FALSE,FALSE
"DG_GC","continuous_lfc","EDA",0.0187746228949199,NA,0.00499750124937531,0.0277010815859039,FALSE,FALSE
"DG_GC","continuous_lfc","HEBP1",0.0186885607283009,NA,0.00599700149925037,0.0309971596480241,FALSE,FALSE
"DG_GC","continuous_lfc","SORL1",0.0185956570951905,NA,0.0079960019990005,0.0366857769617064,FALSE,FALSE
"DG_GC","continuous_lfc","DCN",0.0185789122666131,NA,0.00499750124937531,0.0277010815859039,FALSE,FALSE
"DG_GC","continuous_lfc","BMP5",0.0185328989031597,NA,0.00499750124937531,0.0277010815859039,FALSE,FALSE
"DG_GC","continuous_lfc","SLURP1",0.0185262639783948,NA,0.00949525237381309,0.0408129268698984,FALSE,FALSE
"DG_GC","continuous_lfc","PODXL2",0.0185170247996824,NA,0.00599700149925037,0.0309971596480241,FALSE,FALSE
"DG_GC","continuous_lfc","PSG6",0.0184577421257092,NA,0.00549725137431284,0.0292788388414488,FALSE,FALSE
"DG_GC","continuous_lfc","ANTXR1",0.0184460927829847,NA,0.00349825087456272,0.0216432187946431,FALSE,FALSE
"DG_GC","continuous_lfc","FAM3C",0.0184367954312564,NA,0.00399800099950025,0.0235459193480183,FALSE,FALSE
"DG_GC","continuous_lfc","CDH3",0.0183834955055189,NA,0.00599700149925037,0.0309971596480241,FALSE,FALSE
"DG_GC","continuous_lfc","GREM1",0.0183833313139485,NA,0.00599700149925037,0.0309971596480241,FALSE,FALSE
"DG_GC","continuous_lfc","IL34",0.0183262786160403,NA,0.0079960019990005,0.0366857769617064,FALSE,FALSE
"DG_GC","continuous_lfc","DSCAML1",0.0182954984043543,NA,0.00749625187406297,0.0358707365067466,FALSE,FALSE
"DG_GC","continuous_lfc","LRPAP1",0.0182945838242978,NA,0.00549725137431284,0.0292788388414488,FALSE,FALSE
"DG_GC","continuous_lfc","CPAMD8",0.0182675387445989,NA,0.00649675162418791,0.0327511141548567,FALSE,FALSE
"DG_GC","continuous_lfc","IL6",0.0182661458487626,NA,0.00549725137431284,0.0292788388414488,FALSE,FALSE
"DG_GC","continuous_lfc","COL9A3",0.0182489054005037,NA,0.00499750124937531,0.0277010815859039,FALSE,FALSE
"DG_GC","continuous_lfc","VTN",0.0182110273294334,NA,0.00499750124937531,0.0277010815859039,FALSE,FALSE
"DG_GC","continuous_lfc","HLA-G",0.0182004654935141,NA,0.00499750124937531,0.0277010815859039,FALSE,FALSE
"DG_GC","continuous_lfc","ACP4",0.0181830038637641,NA,0.0079960019990005,0.0366857769617064,FALSE,FALSE
"DG_GC","continuous_lfc","NRXN2",0.0181806022573735,NA,0.0079960019990005,0.0366857769617064,FALSE,FALSE
"DG_GC","continuous_lfc","HLA-DRB5",0.0181265091884048,NA,0.00549725137431284,0.0292788388414488,FALSE,FALSE
"DG_GC","continuous_lfc","FGB",0.0181082233651815,NA,0.00649675162418791,0.0327511141548567,FALSE,FALSE
"DG_GC","continuous_lfc","PECAM1",0.0180299673300161,NA,0.00599700149925037,0.0309971596480241,FALSE,FALSE
"DG_GC","continuous_lfc","THBS1",0.0179751076084527,NA,0.00649675162418791,0.0327511141548567,FALSE,FALSE
"DG_GC","continuous_lfc","HLA-DPB1",0.0179636884291239,NA,0.00599700149925037,0.0309971596480241,FALSE,FALSE
"DG_GC","continuous_lfc","MADCAM1",0.0179324813627754,NA,0.00649675162418791,0.0327511141548567,FALSE,FALSE
"DG_GC","continuous_lfc","LAMC2",0.0178790151608749,NA,0.00649675162418791,0.0327511141548567,FALSE,FALSE
"DG_GC","continuous_lfc","F13A1",0.0178500593276566,NA,0.00499750124937531,0.0277010815859039,FALSE,FALSE
"DG_GC","continuous_lfc","CD86",0.0178080007720013,NA,0.0079960019990005,0.0366857769617064,FALSE,FALSE
"DG_GC","continuous_lfc","SERPINC1",0.0177984314452226,NA,0.00699650174912544,0.0341462734768074,FALSE,FALSE
"DG_GC","continuous_lfc","COL4A3",0.0177912383965317,NA,0.00699650174912544,0.0341462734768074,FALSE,FALSE
"DG_GC","continuous_lfc","CLEC2A",0.0177856104066237,NA,0.00749625187406297,0.0358707365067466,FALSE,FALSE
"DG_GC","continuous_lfc","LINGO4",0.0177681642417315,NA,0.00849575212393803,0.0375714669740942,FALSE,FALSE
"DG_GC","continuous_lfc","NFASC",0.017768164241726,NA,0.00849575212393803,0.0375714669740942,FALSE,FALSE
"DG_GC","continuous_lfc","DRAXIN",0.0177441054137013,NA,0.00899550224887556,0.0393553223388306,FALSE,FALSE
"DG_GC","continuous_lfc","HLA-DRB3",0.0177377153245445,NA,0.00849575212393803,0.0375714669740942,FALSE,FALSE
"DG_GC","continuous_lfc","MUC7",0.0176605572744788,NA,0.00649675162418791,0.0327511141548567,FALSE,FALSE
"DG_GC","continuous_lfc","AMH",0.0176524392794012,NA,0.00549725137431284,0.0292788388414488,FALSE,FALSE
"DG_GC","continuous_lfc","DSC1",0.017636658538166,NA,0.0079960019990005,0.0366857769617064,FALSE,FALSE
"DG_GC","continuous_lfc","LRRC4B",0.0176059016931065,NA,0.00749625187406297,0.0358707365067466,FALSE,FALSE
"DG_GC","continuous_lfc","NTN1",0.0175767535379182,NA,0.00749625187406297,0.0358707365067466,FALSE,FALSE
"DG_GC","continuous_lfc","C6orf15",0.017523150563797,NA,0.0104947526236882,0.0429968962007291,FALSE,FALSE
"DG_GC","continuous_lfc","MDK",0.0175133062122169,NA,0.00549725137431284,0.0292788388414488,FALSE,FALSE
"DG_GC","continuous_lfc","CDH5",0.0174972812003433,NA,0.0079960019990005,0.0366857769617064,FALSE,FALSE
"DG_GC","continuous_lfc","TFF1",0.017475250714399,NA,0.00699650174912544,0.0341462734768074,FALSE,FALSE
"DG_GC","continuous_lfc","CD2",0.0174660381010447,NA,0.00999500249875063,0.0417879797302714,FALSE,FALSE
"DG_GC","continuous_lfc","UCN",0.0174476116595453,NA,0.00399800099950025,0.0235459193480183,FALSE,FALSE
"DG_GC","continuous_lfc","SELP",0.0174387717026832,NA,0.00699650174912544,0.0341462734768074,FALSE,FALSE
"DG_GC","continuous_lfc","FAT4",0.017416179704331,NA,0.00899550224887556,0.0393553223388306,FALSE,FALSE
"DG_GC","continuous_lfc","SECTM1",0.017412953155188,NA,0.0124937531234383,0.0475305825348195,FALSE,FALSE
"DG_GC","continuous_lfc","LTBP1",0.0174047407460348,NA,0.00599700149925037,0.0309971596480241,FALSE,FALSE
"DG_GC","continuous_lfc","C4A",0.0173731923140856,NA,0.00749625187406297,0.0358707365067466,FALSE,FALSE
"DG_GC","continuous_lfc","GDF10",0.0173709444787922,NA,0.00899550224887556,0.0393553223388306,FALSE,FALSE
"DG_GC","continuous_lfc","HLA-DMA",0.0173613683764705,NA,0.00999500249875063,0.0417879797302714,FALSE,FALSE
"DG_GC","continuous_lfc","HAPLN1",0.0173430105872989,NA,0.00849575212393803,0.0375714669740942,FALSE,FALSE
"DG_GC","continuous_lfc","CXCL13",0.0173301813535817,NA,0.00849575212393803,0.0375714669740942,FALSE,FALSE
"DG_GC","continuous_lfc","FGF23",0.0173224296002314,NA,0.0114942528735632,0.0452747902576043,FALSE,FALSE
"DG_GC","continuous_lfc","APOA2",0.0173013210527246,NA,0.0079960019990005,0.0366857769617064,FALSE,FALSE
"DG_GC","continuous_lfc","NRG1",0.0172823245839874,NA,0.0149925037481259,0.0514448658023929,FALSE,FALSE
"DG_GC","continuous_lfc","CNTN4",0.0172075579175412,NA,0.00699650174912544,0.0341462734768074,FALSE,FALSE
"DG_GC","continuous_lfc","SEMA3D",0.0172012408613388,NA,0.00849575212393803,0.0375714669740942,TRUE,TRUE
"DG_GC","continuous_lfc","KNG1",0.0171656073931892,NA,0.00549725137431284,0.0292788388414488,FALSE,FALSE
"DG_GC","continuous_lfc","LRFN5",0.017153546050616,NA,0.0079960019990005,0.0366857769617064,FALSE,FALSE
"DG_GC","continuous_lfc","IL12A",0.0171337180812423,NA,0.0144927536231884,0.051016158587373,FALSE,FALSE
"DG_GC","continuous_lfc","ANGPTL5",0.017074288536453,NA,0.00849575212393803,0.0375714669740942,FALSE,FALSE
"DG_GC","continuous_lfc","ILDR2",0.0170650058776009,NA,0.0109945027486257,0.0444497223335527,FALSE,FALSE
"DG_GC","continuous_lfc","PLG",0.0170470482846537,NA,0.00849575212393803,0.0375714669740942,FALSE,FALSE
"DG_GC","continuous_lfc","CXCL17",0.0170267977025351,NA,0.00699650174912544,0.0341462734768074,FALSE,FALSE
"DG_GC","continuous_lfc","NRTN",0.0170157948507799,NA,0.00999500249875063,0.0417879797302714,FALSE,FALSE
"DG_GC","continuous_lfc","FAM200A",0.0170128884092194,NA,0.0109945027486257,0.0444497223335527,FALSE,FALSE
"DG_GC","continuous_lfc","FST",0.0170041922314379,NA,0.00849575212393803,0.0375714669740942,FALSE,FALSE
"DG_GC","continuous_lfc","IL18BP",0.0170024986898861,NA,0.00699650174912544,0.0341462734768074,FALSE,FALSE
"DG_GC","continuous_lfc","RLN3",0.0169812415579244,NA,0.0109945027486257,0.0444497223335527,FALSE,FALSE
"DG_GC","continuous_lfc","LRRC4",0.0169582819497315,NA,0.00999500249875063,0.0417879797302714,FALSE,FALSE
"DG_GC","continuous_lfc","CD14",0.0169533437763234,NA,0.00699650174912544,0.0341462734768074,FALSE,FALSE
"DG_GC","continuous_lfc","MMP26",0.0169259455786454,NA,0.0104947526236882,0.0429968962007291,FALSE,FALSE
"DG_GC","continuous_lfc","SDC2",0.0169213434751983,NA,0.0104947526236882,0.0429968962007291,FALSE,FALSE
"DG_GC","continuous_lfc","PRG4",0.0168549586802634,NA,0.0124937531234383,0.0475305825348195,FALSE,FALSE
"DG_GC","continuous_lfc","CD226",0.0168381916276795,NA,0.0119940029985007,0.0467918906788644,FALSE,FALSE
"DG_GC","continuous_lfc","GNAS",0.0167424754960338,NA,0.00999500249875063,0.0417879797302714,FALSE,FALSE
"DG_GC","continuous_lfc","DSCAM",0.0167189263648258,NA,0.0134932533733133,0.0484728310331638,FALSE,FALSE
"DG_GC","continuous_lfc","PTPRC",0.0167035617530799,NA,0.0079960019990005,0.0366857769617064,FALSE,FALSE
"DG_GC","continuous_lfc","CSF1",0.0167010284799811,NA,0.0104947526236882,0.0429968962007291,FALSE,FALSE
"DG_GC","continuous_lfc","SIRPG",0.0166888122128272,NA,0.0079960019990005,0.0366857769617064,FALSE,FALSE
"DG_GC","continuous_lfc","ANGPTL6",0.0166838333952543,NA,0.0129935032483758,0.0479428960218686,FALSE,FALSE
"DG_GC","continuous_lfc","COL16A1",0.0166741997187836,NA,0.0114942528735632,0.0452747902576043,FALSE,FALSE
"DG_GC","continuous_lfc","PSG7",0.0166726546741569,NA,0.0124937531234383,0.0475305825348195,FALSE,FALSE
"DG_GC","continuous_lfc","SPX",0.0166525645175279,NA,0.0139930034982509,0.0501211382612787,FALSE,FALSE
"DG_GC","continuous_lfc","IL1F10",0.0166497970121145,NA,0.00949525237381309,0.0408129268698984,FALSE,FALSE
"DG_GC","continuous_lfc","CXCL9",0.0166490760264577,NA,0.00949525237381309,0.0408129268698984,FALSE,FALSE
"DG_GC","continuous_lfc","SPON2",0.0166017957414668,NA,0.00849575212393803,0.0375714669740942,FALSE,FALSE
"DG_GC","continuous_lfc","CLEC2D",0.0165819819737128,NA,0.0114942528735632,0.0452747902576043,FALSE,FALSE
"DG_GC","continuous_lfc","CD9",0.0165476542284404,NA,0.0134932533733133,0.0484728310331638,FALSE,FALSE
"DG_GC","continuous_lfc","LUM",0.0165476485042722,NA,0.0114942528735632,0.0452747902576043,FALSE,FALSE
"DG_GC","continuous_lfc","LRP1B",0.0165284592831426,NA,0.0129935032483758,0.0479428960218686,FALSE,FALSE
"DG_GC","continuous_lfc","CCN4",0.0165159252666942,NA,0.0144927536231884,0.051016158587373,FALSE,FALSE
"DG_GC","continuous_lfc","HLA-DMB",0.0164941729010416,NA,0.00999500249875063,0.0417879797302714,FALSE,FALSE
"DG_GC","continuous_lfc","OBP2A",0.0164501287753117,NA,0.0129935032483758,0.0479428960218686,FALSE,FALSE
"DG_GC","continuous_lfc","GDF15",0.0164046460041251,NA,0.0104947526236882,0.0429968962007291,FALSE,FALSE
"DG_GC","continuous_lfc","COL4A5",0.0164025466644765,NA,0.00999500249875063,0.0417879797302714,FALSE,FALSE
"DG_GC","continuous_lfc","CSH1",0.0163922841492023,NA,0.0114942528735632,0.0452747902576043,FALSE,FALSE
"DG_GC","continuous_lfc","HLA-B",0.0163903365208779,NA,0.00949525237381309,0.0408129268698984,FALSE,FALSE
"DG_GC","continuous_lfc","SELE",0.0163532637066736,NA,0.0119940029985007,0.0467918906788644,FALSE,FALSE
"DG_GC","continuous_lfc","CLEC3A",0.0163346879904664,NA,0.0119940029985007,0.0467918906788644,FALSE,FALSE
"DG_GC","continuous_lfc","TSHB",0.0163153577696175,NA,0.00949525237381309,0.0408129268698984,FALSE,FALSE
"DG_GC","continuous_lfc","GSTP1",0.0162939615551713,NA,0.0124937531234383,0.0475305825348195,FALSE,FALSE
"DG_GC","continuous_lfc","GRN",0.0162548198757737,NA,0.00999500249875063,0.0417879797302714,FALSE,FALSE
"DG_GC","continuous_lfc","IFNA1",0.016241373040377,NA,0.015992003998001,0.0539675066048243,FALSE,FALSE
"DG_GC","continuous_lfc","CCN6",0.0162387843702411,NA,0.0114942528735632,0.0452747902576043,FALSE,FALSE
"DG_GC","continuous_lfc","MSN",0.0162248603758653,NA,0.0129935032483758,0.0479428960218686,FALSE,FALSE
"DG_GC","continuous_lfc","TGFBI",0.0162216746379457,NA,0.0114942528735632,0.0452747902576043,FALSE,FALSE
"DG_GC","continuous_lfc","ITGB2",0.0162166786681761,NA,0.0134932533733133,0.0484728310331638,FALSE,FALSE
"DG_GC","continuous_lfc","SEMA6A",0.0162131356676837,NA,0.0114942528735632,0.0452747902576043,FALSE,FALSE
"DG_GC","continuous_lfc","CD28",0.0162056427601664,NA,0.0129935032483758,0.0479428960218686,FALSE,FALSE
"DG_GC","continuous_lfc","CNTF",0.0161928587715913,NA,0.0189905047476262,0.058304181242712,FALSE,FALSE
"DG_GC","continuous_lfc","ERFE",0.0161691499795479,NA,0.0124937531234383,0.0475305825348195,FALSE,FALSE
"DG_GC","continuous_lfc","ENPP1",0.0161604896459428,NA,0.0154922538730635,0.0527166972069521,FALSE,FALSE
"DG_GC","continuous_lfc","VWF",0.0161599263570115,NA,0.0109945027486257,0.0444497223335527,FALSE,FALSE
"DG_GC","continuous_lfc","IL9",0.0161447255353946,NA,0.0104947526236882,0.0429968962007291,FALSE,FALSE
"DG_GC","continuous_lfc","CD1B",0.0161347206799923,NA,0.0129935032483758,0.0479428960218686,FALSE,FALSE
"DG_GC","continuous_lfc","IGSF3",0.0161212101976549,NA,0.0134932533733133,0.0484728310331638,FALSE,FALSE
"DG_GC","continuous_lfc","MPIG6B",0.0161085764227744,NA,0.0134932533733133,0.0484728310331638,FALSE,FALSE
"DG_GC","continuous_lfc","CD300LF",0.016093435192695,NA,0.0144927536231884,0.051016158587373,FALSE,FALSE
"DG_GC","continuous_lfc","TCTN3",0.0160903610822502,NA,0.0124937531234383,0.0475305825348195,FALSE,FALSE
"DG_GC","continuous_lfc","TPSG1",0.0160845037338691,NA,0.0149925037481259,0.0514448658023929,FALSE,FALSE
"DG_GC","continuous_lfc","COLQ",0.0160298767048367,NA,0.0169915042478761,0.0549197696666179,FALSE,FALSE
"DG_GC","continuous_lfc","HLA-DQB1",0.0160294575201576,NA,0.0144927536231884,0.051016158587373,FALSE,FALSE
"DG_GC","continuous_lfc","IFNA13",0.0160207430684003,NA,0.0134932533733133,0.0484728310331638,FALSE,FALSE
"DG_GC","continuous_lfc","MFAP3L",0.0160150463296593,NA,0.0134932533733133,0.0484728310331638,FALSE,FALSE
"DG_GC","continuous_lfc","XCL2",0.0160102622869048,NA,0.0129935032483758,0.0479428960218686,FALSE,FALSE
"DG_GC","continuous_lfc","NXPH1",0.0159792847754481,NA,0.0169915042478761,0.0549197696666179,FALSE,FALSE
"DG_GC","continuous_lfc","TGOLN2",0.0159712572180662,NA,0.0149925037481259,0.0514448658023929,FALSE,FALSE
"DG_GC","continuous_lfc","IL16",0.0159520414138218,NA,0.0149925037481259,0.0514448658023929,FALSE,FALSE
"DG_GC","continuous_lfc","TFF2",0.0159443863938366,NA,0.0129935032483758,0.0479428960218686,FALSE,FALSE
"DG_GC","continuous_lfc","COL18A1",0.0159303780988648,NA,0.0134932533733133,0.0484728310331638,FALSE,FALSE
"DG_GC","continuous_lfc","TPO",0.0159100206354241,NA,0.0154922538730635,0.0527166972069521,FALSE,FALSE
"DG_GC","continuous_lfc","STX1A",0.0158982384049477,NA,0.0154922538730635,0.0527166972069521,FALSE,FALSE
"DG_GC","continuous_lfc","ICAM5",0.0158894555454128,NA,0.0124937531234383,0.0475305825348195,FALSE,FALSE
"DG_GC","continuous_lfc","HDC",0.0158879087991552,NA,0.0134932533733133,0.0484728310331638,FALSE,FALSE
"DG_GC","continuous_lfc","DKK2",0.0158465056410695,NA,0.0149925037481259,0.0514448658023929,TRUE,TRUE
"DG_GC","continuous_lfc","LAYN",0.0157555060212503,NA,0.0129935032483758,0.0479428960218686,FALSE,FALSE
"DG_GC","continuous_lfc","IL17F",0.0157537060982386,NA,0.0149925037481259,0.0514448658023929,FALSE,FALSE
"DG_GC","continuous_lfc","BTN2A1",0.0157500372185844,NA,0.0169915042478761,0.0549197696666179,FALSE,FALSE
"DG_GC","continuous_lfc","COL8A1",0.0157425566968853,NA,0.0169915042478761,0.0549197696666179,TRUE,TRUE
"DG_GC","continuous_lfc","SEMA4G",0.0157353245054673,NA,0.015992003998001,0.0539675066048243,FALSE,FALSE
"DG_GC","continuous_lfc","MMP9",0.015683551384365,NA,0.015992003998001,0.0539675066048243,FALSE,FALSE
"DG_GC","continuous_lfc","VTCN1",0.0156439087817165,NA,0.0124937531234383,0.0475305825348195,FALSE,FALSE
"DG_GC","continuous_lfc","HLA-DQB2",0.0156235699591048,NA,0.0199900049975013,0.0598722643568191,FALSE,FALSE
"DG_GC","continuous_lfc","SIGLEC1",0.0156205535571554,NA,0.0189905047476262,0.058304181242712,FALSE,FALSE
"DG_GC","continuous_lfc","CDH1",0.0156202056161569,NA,0.0169915042478761,0.0549197696666179,FALSE,FALSE
"DG_GC","continuous_lfc","SCUBE2",0.0155346048827916,NA,0.0194902548725637,0.0595400554087046,FALSE,FALSE
"DG_GC","continuous_lfc","AMELY",0.0155254713941383,NA,0.0179910044977511,0.0573931784107946,FALSE,FALSE
"DG_GC","continuous_lfc","MPZL3",0.0154793210414043,NA,0.0169915042478761,0.0549197696666179,FALSE,FALSE
"DG_GC","continuous_lfc","IL26",0.0154655997482694,NA,0.0144927536231884,0.051016158587373,FALSE,FALSE
"DG_GC","continuous_lfc","FGA",0.0154559925210015,NA,0.0164917541229385,0.0548978228277166,FALSE,FALSE
"DG_GC","continuous_lfc","COL21A1",0.0154444340033145,NA,0.0194902548725637,0.0595400554087046,TRUE,TRUE
"DG_GC","continuous_lfc","EFNA2",0.0154359639914102,NA,0.0189905047476262,0.058304181242712,FALSE,FALSE
"DG_GC","continuous_lfc","DEFB1",0.0154013295958683,NA,0.0149925037481259,0.0514448658023929,FALSE,FALSE
"DG_GC","continuous_lfc","GZMB",0.0153981674160709,NA,0.0189905047476262,0.058304181242712,FALSE,FALSE
"DG_GC","continuous_lfc","SEMA4A",0.0153981544004131,NA,0.0184907546226887,0.0579313923600859,FALSE,FALSE
"DG_GC","continuous_lfc","PDCD1LG2",0.0153824717243055,NA,0.0209895052473763,0.061073976076095,FALSE,FALSE
"DG_GC","continuous_lfc","MBL2",0.0153749056412481,NA,0.0209895052473763,0.061073976076095,FALSE,FALSE
"DG_GC","continuous_lfc","FCGR3B",0.0153658244775527,NA,0.0179910044977511,0.0573931784107946,FALSE,FALSE
"DG_GC","continuous_lfc","GNRH2",0.0153562738322495,NA,0.0164917541229385,0.0548978228277166,FALSE,FALSE
"DG_GC","continuous_lfc","CER1",0.0152994296606017,NA,0.0169915042478761,0.0549197696666179,FALSE,FALSE
"DG_GC","continuous_lfc","CFP",0.015295974161103,NA,0.0164917541229385,0.0548978228277166,FALSE,FALSE
"DG_GC","continuous_lfc","CFC1",0.0152810368548285,NA,0.0184907546226887,0.0579313923600859,FALSE,FALSE
"DG_GC","continuous_lfc","CD82",0.0152797978039273,NA,0.0199900049975013,0.0598722643568191,FALSE,FALSE
"DG_GC","continuous_lfc","CLEC2B",0.0152527724891146,NA,0.0169915042478761,0.0549197696666179,FALSE,FALSE
"DG_GC","continuous_lfc","TMPRSS6",0.015228369629042,NA,0.0149925037481259,0.0514448658023929,FALSE,FALSE
"DG_GC","continuous_lfc","OGN",0.015217809253307,NA,0.0169915042478761,0.0549197696666179,FALSE,FALSE
"DG_GC","continuous_lfc","SEMA3E",0.0152029925376046,NA,0.0199900049975013,0.0598722643568191,FALSE,FALSE
"DG_GC","continuous_lfc","ANXA2",0.0152025353761056,NA,0.0189905047476262,0.058304181242712,FALSE,FALSE
"DG_GC","continuous_lfc","ALB",0.0151804429448299,NA,0.0144927536231884,0.051016158587373,FALSE,FALSE
"DG_GC","continuous_lfc","RTN4",0.0151647292896391,NA,0.0129935032483758,0.0479428960218686,FALSE,FALSE
"DG_GC","continuous_lfc","NECTIN1",0.0151469479826319,NA,0.0164917541229385,0.0548978228277166,FALSE,FALSE
"DG_GC","continuous_lfc","PRSS1",0.015119955309933,NA,0.0169915042478761,0.0549197696666179,FALSE,FALSE
"DG_GC","continuous_lfc","NLGN1",0.0150804175899788,NA,0.0184907546226887,0.0579313923600859,FALSE,FALSE
"DG_GC","continuous_lfc","FGF5",0.0150536724051428,NA,0.0179910044977511,0.0573931784107946,FALSE,FALSE
"DG_GC","continuous_lfc","F12",0.0150425440234441,NA,0.0199900049975013,0.0598722643568191,FALSE,FALSE
"DG_GC","continuous_lfc","AGRN",0.0150177769505819,NA,0.0169915042478761,0.0549197696666179,FALSE,FALSE
"DG_GC","continuous_lfc","PROC",0.0150055182074096,NA,0.0189905047476262,0.058304181242712,FALSE,FALSE
"DG_GC","continuous_lfc","SERPINF1",0.0150025418328773,NA,0.0149925037481259,0.0514448658023929,FALSE,FALSE
"DG_GC","continuous_lfc","BMP10",0.0150005405162128,NA,0.0164917541229385,0.0548978228277166,FALSE,FALSE
"DG_GC","continuous_lfc","CLU",0.0149430680891251,NA,0.0199900049975013,0.0598722643568191,FALSE,FALSE
"DG_GC","continuous_lfc","TNR",0.0149382490930103,NA,0.0209895052473763,0.061073976076095,FALSE,FALSE
"DG_GC","continuous_lfc","PSEN1",0.0148337345437241,NA,0.0174912543728136,0.0563862805439386,FALSE,FALSE
"DG_GC","continuous_lfc","LGALS3",0.0148316240278352,NA,0.024487756121939,0.0678676498854645,FALSE,FALSE
"DG_GC","continuous_lfc","APP",0.0148300792218792,NA,0.0209895052473763,0.061073976076095,FALSE,FALSE
"DG_GC","continuous_lfc","APLN",0.0148177800341102,NA,0.0254872563718141,0.0693819756788273,FALSE,FALSE
"DG_GC","continuous_lfc","CD209",0.0147929510305916,NA,0.0179910044977511,0.0573931784107946,FALSE,FALSE
"DG_GC","continuous_lfc","SOSTDC1",0.0147868557626548,NA,0.0204897551224388,0.0610704380170012,FALSE,FALSE
"DG_GC","continuous_lfc","AZGP1",0.0147772816025562,NA,0.0209895052473763,0.061073976076095,TRUE,TRUE
"DG_GC","continuous_lfc","PLEKHO2",0.0147665584115055,NA,0.0214892553723138,0.0623799474670248,FALSE,FALSE
"DG_GC","continuous_lfc","CD22",0.0147592593317176,NA,0.0199900049975013,0.0598722643568191,FALSE,FALSE
"DG_GC","continuous_lfc","TNXB",0.0147412898601336,NA,0.0209895052473763,0.061073976076095,FALSE,FALSE
"DG_GC","continuous_lfc","BTLA",0.0147366373997616,NA,0.0184907546226887,0.0579313923600859,FALSE,FALSE
"DG_GC","continuous_lfc","PLXNA1",0.0147316919663784,NA,0.0224887556221889,0.0643661813952837,FALSE,FALSE
"DG_GC","continuous_lfc","ANGPTL1",0.0147287270909276,NA,0.0209895052473763,0.061073976076095,FALSE,FALSE
"DG_GC","continuous_lfc","SAA1",0.0147206184279069,NA,0.0199900049975013,0.0598722643568191,FALSE,FALSE
"DG_GC","continuous_lfc","SARAF",0.0147070894657228,NA,0.0184907546226887,0.0579313923600859,FALSE,FALSE
"DG_GC","continuous_lfc","EZR",0.0147020533791085,NA,0.0184907546226887,0.0579313923600859,FALSE,FALSE
"DG_GC","continuous_lfc","HLA-DQA2",0.0146852968799598,NA,0.0259870064967516,0.0702739138157191,FALSE,FALSE
"DG_GC","continuous_lfc","KIRREL1",0.0146792842797442,NA,0.0189905047476262,0.058304181242712,FALSE,FALSE
"DG_GC","continuous_lfc","CEACAM4",0.0146789789786596,NA,0.0239880059970015,0.0672432662387342,FALSE,FALSE
"DG_GC","continuous_lfc","HCRT",0.0146242957114262,NA,0.024487756121939,0.0678676498854645,FALSE,FALSE
"DG_GC","continuous_lfc","SEMA3G",0.0146181267759048,NA,0.0229885057471264,0.0651873137505321,FALSE,FALSE
"DG_GC","continuous_lfc","GC",0.0146006633711681,NA,0.0199900049975013,0.0598722643568191,FALSE,FALSE
"DG_GC","continuous_lfc","SEMA5B",0.0145984715484707,NA,0.0229885057471264,0.0651873137505321,FALSE,FALSE
"DG_GC","continuous_lfc","CD99",0.0145796553666293,NA,0.0204897551224388,0.0610704380170012,FALSE,FALSE
"DG_GC","continuous_lfc","EBI3",0.0145371509092591,NA,0.0229885057471264,0.0651873137505321,FALSE,FALSE
"DG_GC","continuous_lfc","CALM1",0.0145328531864815,NA,0.0249875062468766,0.0686316034807708,FALSE,FALSE
"DG_GC","continuous_lfc","DEFB4B",0.014519407391065,NA,0.0209895052473763,0.061073976076095,FALSE,FALSE
"DG_GC","continuous_lfc","SPP1",0.0145118777454855,NA,0.0184907546226887,0.0579313923600859,FALSE,FALSE
"DG_GC","continuous_lfc","CCL3L1",0.014481833110971,NA,0.0219890054972514,0.0636797440523237,FALSE,FALSE
"DG_GC","continuous_lfc","BPI",0.0144478319885909,NA,0.0224887556221889,0.0643661813952837,FALSE,FALSE
"DG_GC","continuous_lfc","NETO2",0.0143998980912905,NA,0.0249875062468766,0.0686316034807708,FALSE,FALSE
"DG_GC","continuous_lfc","ARMH4",0.0143942972678077,NA,0.0224887556221889,0.0643661813952837,FALSE,FALSE
"DG_GC","continuous_lfc","HLA-DOA",0.0143886115817738,NA,0.024487756121939,0.0678676498854645,FALSE,FALSE
"DG_GC","continuous_lfc","ST14",0.0143852970652633,NA,0.0239880059970015,0.0672432662387342,FALSE,FALSE
"DG_GC","continuous_lfc","COL8A2",0.0143627315482705,NA,0.0189905047476262,0.058304181242712,FALSE,FALSE
"DG_GC","continuous_lfc","KISS1",0.0143487770729461,NA,0.0209895052473763,0.061073976076095,FALSE,FALSE
"DG_GC","continuous_lfc","COL9A2",0.0143133331568736,NA,0.0209895052473763,0.061073976076095,FALSE,FALSE
"DG_GC","continuous_lfc","SDC4",0.0143035241530739,NA,0.024487756121939,0.0678676498854645,FALSE,FALSE
"DG_GC","continuous_lfc","CRH",0.0142892984785813,NA,0.0249875062468766,0.0686316034807708,FALSE,FALSE
"DG_GC","continuous_lfc","KCNA1",0.0142170369108404,NA,0.0249875062468766,0.0686316034807708,FALSE,FALSE
"DG_GC","continuous_lfc","IFNL4",0.0142123148834743,NA,0.0269865067466267,0.0720228121233501,FALSE,FALSE
"DG_GC","continuous_lfc","CLMP",0.0142047830742815,NA,0.0224887556221889,0.0643661813952837,FALSE,FALSE
"DG_GC","continuous_lfc","NTN4",0.0141745829637744,NA,0.0224887556221889,0.0643661813952837,FALSE,FALSE
"DG_GC","continuous_lfc","IFNL2",0.0141589943283667,NA,0.0274862568715642,0.0727228178567304,FALSE,FALSE
"DG_GC","continuous_lfc","VSIR",0.0141051750939904,NA,0.0284857571214393,0.0736182541640572,FALSE,FALSE
"DG_GC","continuous_lfc","PZP",0.0140824468987653,NA,0.0274862568715642,0.0727228178567304,FALSE,FALSE
"DG_GC","continuous_lfc","PSPN",0.0140813710389547,NA,0.0269865067466267,0.0720228121233501,FALSE,FALSE
"DG_GC","continuous_lfc","ITGAM",0.014027718727613,NA,0.023488255872064,0.0664506084140378,FALSE,FALSE
"DG_GC","continuous_lfc","EPGN",0.0140218401166733,NA,0.0239880059970015,0.0672432662387342,FALSE,FALSE
"DG_GC","continuous_lfc","CD58",0.0140034321256736,NA,0.0284857571214393,0.0736182541640572,FALSE,FALSE
"DG_GC","continuous_lfc","KL",0.0139777321452068,NA,0.0274862568715642,0.0727228178567304,FALSE,FALSE
"DG_GC","continuous_lfc","DCHS1",0.0139714452043944,NA,0.0284857571214393,0.0736182541640572,FALSE,FALSE
"DG_GC","continuous_lfc","CCL22",0.0139712927946817,NA,0.0254872563718141,0.0693819756788273,FALSE,FALSE
"DG_GC","continuous_lfc","CDH13",0.0139708868915106,NA,0.0274862568715642,0.0727228178567304,FALSE,FALSE
"DG_GC","continuous_lfc","B2M",0.0139415985959526,NA,0.0279860069965017,0.0734108320572048,FALSE,FALSE
"DG_GC","continuous_lfc","IGFBP3",0.0139068122610168,NA,0.0229885057471264,0.0651873137505321,FALSE,FALSE
"DG_GC","continuous_lfc","FGF22",0.0139014518686455,NA,0.0264867566216892,0.0713104985968554,FALSE,FALSE
"DG_GC","continuous_lfc","LAMC1",0.0138972244697416,NA,0.0254872563718141,0.0693819756788273,FALSE,FALSE
"DG_GC","continuous_lfc","FSTL5",0.0138928453495135,NA,0.0264867566216892,0.0713104985968554,FALSE,FALSE
"DG_GC","continuous_lfc","C1QTNF1",0.0138833534642096,NA,0.0289855072463768,0.0744386716495002,FALSE,FALSE
"DG_GC","continuous_lfc","ICAM4",0.0138663876099051,NA,0.0309845077461269,0.0779384435092515,FALSE,FALSE
"DG_GC","continuous_lfc","TNFSF13",0.0138204998693708,NA,0.0239880059970015,0.0672432662387342,FALSE,FALSE
"DG_GC","continuous_lfc","CNTN1",0.0138035039138422,NA,0.0259870064967516,0.0702739138157191,FALSE,FALSE
"DG_GC","continuous_lfc","DUSP18",0.0137517152358552,NA,0.0279860069965017,0.0734108320572048,FALSE,FALSE
"DG_GC","continuous_lfc","FGF16",0.0137363175567191,NA,0.0279860069965017,0.0734108320572048,FALSE,FALSE
"DG_GC","continuous_lfc","BTNL8",0.0137235861412079,NA,0.0284857571214393,0.0736182541640572,FALSE,FALSE
"DG_GC","continuous_lfc","PGLYRP1",0.013721952433393,NA,0.0299850074962519,0.0760489320557113,FALSE,FALSE
"DG_GC","continuous_lfc","EMC1",0.01367299305267,NA,0.0269865067466267,0.0720228121233501,FALSE,FALSE
"DG_GC","continuous_lfc","F11R",0.013669118129974,NA,0.0259870064967516,0.0702739138157191,FALSE,FALSE
"DG_GC","continuous_lfc","RSPO1",0.0136305782914287,NA,0.0299850074962519,0.0760489320557113,FALSE,FALSE
"DG_GC","continuous_lfc","ADAM28",0.0136270832669758,NA,0.0304847576211894,0.0769975836823856,FALSE,FALSE
"DG_GC","continuous_lfc","MICB",0.0136130476811853,NA,0.0284857571214393,0.0736182541640572,FALSE,FALSE
"DG_GC","continuous_lfc","GAST",0.0136061640848547,NA,0.0339830084957521,0.082271117405724,FALSE,FALSE
"DG_GC","continuous_lfc","EGFL8",0.0135948585102864,NA,0.0314842578710645,0.0783906827074268,FALSE,FALSE
"DG_GC","continuous_lfc","CEACAM8",0.0135934913050185,NA,0.0284857571214393,0.0736182541640572,FALSE,FALSE
"DG_GC","continuous_lfc","F5",0.0135823691143697,NA,0.0359820089955022,0.0847653096528659,FALSE,FALSE
"DG_GC","continuous_lfc","INHBB",0.0135566758430334,NA,0.0294852573713143,0.0750923914342205,FALSE,FALSE
"DG_GC","continuous_lfc","LRFN1",0.0135503019531892,NA,0.0304847576211894,0.0769975836823856,FALSE,FALSE
"DG_GC","continuous_lfc","MFAP5",0.0135165095650914,NA,0.024487756121939,0.0678676498854645,FALSE,FALSE
"DG_GC","continuous_lfc","PLA2G2A",0.0135021754554751,NA,0.0289855072463768,0.0744386716495002,FALSE,FALSE
"DG_GC","continuous_lfc","NRXN3",0.0134886466469215,NA,0.0314842578710645,0.0783906827074268,FALSE,FALSE
"DG_GC","continuous_lfc","C1QA",0.0134700988536527,NA,0.0269865067466267,0.0720228121233501,FALSE,FALSE
"DG_GC","continuous_lfc","THBS4",0.0134633051405951,NA,0.0309845077461269,0.0779384435092515,FALSE,FALSE
"DG_GC","continuous_lfc","FGF6",0.0134600565777548,NA,0.0294852573713143,0.0750923914342205,FALSE,FALSE
"DG_GC","continuous_lfc","HAVCR1",0.0134577690870984,NA,0.0329835082458771,0.0808095952023988,FALSE,FALSE
"DG_GC","continuous_lfc","FGF9",0.0134483937040407,NA,0.0284857571214393,0.0736182541640572,FALSE,FALSE
"DG_GC","continuous_lfc","UCN2",0.0134445157339615,NA,0.0294852573713143,0.0750923914342205,FALSE,FALSE
"DG_GC","continuous_lfc","GPHB5",0.0134443803158285,NA,0.031984007996002,0.0793125704354301,FALSE,FALSE
"DG_GC","continuous_lfc","LYPD6",0.0134347922453742,NA,0.0339830084957521,0.082271117405724,FALSE,FALSE
"DG_GC","continuous_lfc","CORIN",0.0133915299735808,NA,0.0279860069965017,0.0734108320572048,FALSE,FALSE
"DG_GC","continuous_lfc","PLA2G10",0.0133890692809015,NA,0.0324837581209395,0.0802270235849817,FALSE,FALSE
"DG_GC","continuous_lfc","CALCA",0.0133841835813381,NA,0.0339830084957521,0.082271117405724,FALSE,FALSE
"DG_GC","continuous_lfc","SYT1",0.0133765508598088,NA,0.0354822588705647,0.0839107473290382,FALSE,FALSE
"DG_GC","continuous_lfc","GDF7",0.0133639725743504,NA,0.0289855072463768,0.0744386716495002,FALSE,FALSE
"DG_GC","continuous_lfc","TNFSF15",0.0133454218070049,NA,0.0294852573713143,0.0750923914342205,FALSE,FALSE
"DG_GC","continuous_lfc","LILRB2",0.0133239561800432,NA,0.0324837581209395,0.0802270235849817,FALSE,FALSE
"DG_GC","continuous_lfc","TREML1",0.0133113051541316,NA,0.031984007996002,0.0793125704354301,FALSE,FALSE
"DG_GC","continuous_lfc","NLGN4Y",0.0132739108668565,NA,0.0344827586206897,0.0828262339418526,FALSE,FALSE
"DG_GC","continuous_lfc","SLURP2",0.0132715232043973,NA,0.0329835082458771,0.0808095952023988,FALSE,FALSE
"DG_GC","continuous_lfc","CD48",0.0132556359534519,NA,0.0254872563718141,0.0693819756788273,FALSE,FALSE
"DG_GC","continuous_lfc","DKK3",0.0131985063922901,NA,0.0364817591204398,0.085613323606396,FALSE,FALSE
"DG_GC","continuous_lfc","IL36RN",0.0131749355376759,NA,0.0314842578710645,0.0783906827074268,FALSE,FALSE
"DG_GC","continuous_lfc","AMBN",0.01317227806232,NA,0.0379810094952524,0.0877862955314796,FALSE,FALSE
"DG_GC","continuous_lfc","SEMA6B",0.0131621597488827,NA,0.0354822588705647,0.0839107473290382,FALSE,FALSE
"DG_GC","continuous_lfc","FAP",0.0131340551408334,NA,0.0354822588705647,0.0839107473290382,TRUE,TRUE
"DG_GC","continuous_lfc","LPL",0.0131271336511504,NA,0.0339830084957521,0.082271117405724,FALSE,FALSE
"DG_GC","continuous_lfc","S100A12",0.0131128976516064,NA,0.0314842578710645,0.0783906827074268,FALSE,FALSE
"DG_GC","continuous_lfc","TCTN1",0.013111612007328,NA,0.0329835082458771,0.0808095952023988,FALSE,FALSE
"DG_GC","continuous_lfc","PENK",0.013092249338836,NA,0.0354822588705647,0.0839107473290382,FALSE,FALSE
"DG_GC","continuous_lfc","LAMA3",0.0130823690921459,NA,0.0344827586206897,0.0828262339418526,FALSE,FALSE
"DG_GC","continuous_lfc","LILRA6",0.0130748470816353,NA,0.0379810094952524,0.0877862955314796,FALSE,FALSE
"DG_GC","continuous_lfc","MANSC1",0.0130496505750005,NA,0.0329835082458771,0.0808095952023988,FALSE,FALSE
"DG_GC","continuous_lfc","LTF",0.0130458193520592,NA,0.0374812593703148,0.0876231731462513,FALSE,FALSE
"DG_GC","continuous_lfc","ARF1",0.0130435366394698,NA,0.0334832583708146,0.0818702425234489,FALSE,FALSE
"DG_GC","continuous_lfc","CCL24",0.0130024839542929,NA,0.0344827586206897,0.0828262339418526,FALSE,FALSE
"DG_GC","continuous_lfc","MMP2",0.0129928471478221,NA,0.0339830084957521,0.082271117405724,FALSE,FALSE
"DG_GC","continuous_lfc","AVP",0.0129808590086958,NA,0.0434782608695652,0.0975473801560758,FALSE,FALSE
"DG_GC","continuous_lfc","FGF19",0.0129794018659043,NA,0.0429785107446277,0.0971377779744814,FALSE,FALSE
"DG_GC","continuous_lfc","LIPH",0.0128783070107293,NA,0.0369815092453773,0.0866201698385989,FALSE,FALSE
"DG_GC","continuous_lfc","CXCL5",0.0128779364060386,NA,0.0364817591204398,0.085613323606396,FALSE,FALSE
"DG_GC","continuous_lfc","CCL8",0.0128733915800981,NA,0.0419790104947526,0.0954068420335287,FALSE,FALSE
"DG_GC","continuous_lfc","CALM2",0.0128733796367822,NA,0.0314842578710645,0.0783906827074268,FALSE,FALSE
"DG_GC","continuous_lfc","CLDN19",0.0128727728442554,NA,0.0359820089955022,0.0847653096528659,FALSE,FALSE
"DG_GC","continuous_lfc","LRFN3",0.0128608398648261,NA,0.0354822588705647,0.0839107473290382,FALSE,FALSE
"DG_GC","continuous_lfc","BTNL9",0.0128540603141693,NA,0.0354822588705647,0.0839107473290382,FALSE,FALSE
"DG_GC","continuous_lfc","CD72",0.0128423919824091,NA,0.0354822588705647,0.0839107473290382,FALSE,FALSE
"DG_GC","continuous_lfc","CD96",0.0128196273339152,NA,0.0349825087456272,0.0838621784997912,FALSE,FALSE
"DG_GC","continuous_lfc","CLDN11",0.0128178653858786,NA,0.0379810094952524,0.0877862955314796,FALSE,FALSE
"DG_GC","continuous_lfc","GGT1",0.0127688509093606,NA,0.0344827586206897,0.0828262339418526,FALSE,FALSE
"DG_GC","continuous_lfc","XCL1",0.0127018823329239,NA,0.0409795102448776,0.093831588878458,FALSE,FALSE
"DG_GC","continuous_lfc","CD38",0.0127006426094714,NA,0.0399800099950025,0.0918865145288519,FALSE,FALSE
"DG_GC","continuous_lfc","ADAM20",0.012692645783616,NA,0.0424787606196902,0.096185733380999,FALSE,FALSE
"DG_GC","continuous_lfc","KIR2DL5A",0.0126871859806548,NA,0.04047976011994,0.0928608729343194,FALSE,FALSE
"DG_GC","continuous_lfc","FURIN",0.0126764105351913,NA,0.0439780109945027,0.0979510244877561,FALSE,FALSE
"DG_GC","continuous_lfc","IFNA17",0.0126467944410085,NA,0.0449775112443778,0.098564313549844,FALSE,FALSE
"DG_GC","continuous_lfc","CCL13",0.0126442703425144,NA,0.0379810094952524,0.0877862955314796,FALSE,FALSE
"DG_GC","continuous_lfc","KIAA0319L",0.0126399950929495,NA,0.0384807596201899,0.0887738804797225,FALSE,FALSE
"DG_GC","continuous_lfc","LAIR2",0.0126287993996856,NA,0.0449775112443778,0.098564313549844,FALSE,FALSE
"DG_GC","continuous_lfc","CA12",0.0125620108644977,NA,0.0434782608695652,0.0975473801560758,FALSE,FALSE
"DG_GC","continuous_lfc","CD300C",0.012561309549845,NA,0.0424787606196902,0.096185733380999,FALSE,FALSE
"DG_GC","continuous_lfc","ADAM12",0.0125440100358418,NA,0.0379810094952524,0.0877862955314796,FALSE,FALSE
"DG_GC","continuous_lfc","PCDHA2",0.012542123635998,NA,0.0509745127436282,0.10674150104435,FALSE,FALSE
"DG_GC","continuous_lfc","AMELX",0.0124987373243907,NA,0.0484757621189405,0.103997913477587,FALSE,FALSE
"DG_GC","continuous_lfc","FGF20",0.0124974830157525,NA,0.0434782608695652,0.0975473801560758,FALSE,FALSE
"DG_GC","continuous_lfc","MPZ",0.0124709238548311,NA,0.0454772613693153,0.0993041803518918,FALSE,FALSE
"DG_GC","continuous_lfc","CD320",0.0124619668727974,NA,0.0414792603698151,0.0944462712881478,FALSE,FALSE
"DG_GC","continuous_lfc","GDF1",0.0124478232654988,NA,0.0379810094952524,0.0877862955314796,FALSE,FALSE
"DG_GC","continuous_lfc","TCN1",0.0124379642487802,NA,0.0414792603698151,0.0944462712881478,FALSE,FALSE
"DG_GC","continuous_lfc","CNTN6",0.0124191911934534,NA,0.0469765117441279,0.101671778951514,FALSE,FALSE
"DG_GC","continuous_lfc","ITGA9",0.0124076327976989,NA,0.0434782608695652,0.0975473801560758,FALSE,FALSE
"DG_GC","continuous_lfc","BMP8A",0.0124027308412852,NA,0.0399800099950025,0.0918865145288519,FALSE,FALSE
"DG_GC","continuous_lfc","SLITRK6",0.0123799275455019,NA,0.0449775112443778,0.098564313549844,FALSE,FALSE
"DG_GC","continuous_lfc","APOE",0.012351679205884,NA,0.0444777611194403,0.098564313549844,TRUE,TRUE
"DG_GC","continuous_lfc","PRND",0.012349646762921,NA,0.0484757621189405,0.103997913477587,FALSE,FALSE
"DG_GC","continuous_lfc","CLCF1",0.0123449401687378,NA,0.0499750124937531,0.105915900181397,FALSE,FALSE
"DG_GC","continuous_lfc","PTGFRN",0.0123410678104218,NA,0.0449775112443778,0.098564313549844,FALSE,FALSE
"DG_GC","continuous_lfc","ENAM",0.0123366204916409,NA,0.0459770114942529,0.100216795516832,FALSE,FALSE
"DG_GC","continuous_lfc","CCL14",0.0123180827654651,NA,0.0414792603698151,0.0944462712881478,FALSE,FALSE
"DG_GC","continuous_lfc","NPHS1",0.0123036581356545,NA,0.0439780109945027,0.0979510244877561,FALSE,FALSE
"DG_GC","continuous_lfc","TPH1",0.0122884548032103,NA,0.0489755122438781,0.104520910276569,FALSE,FALSE
"DG_GC","continuous_lfc","GCG",0.0122790363100525,NA,0.0439780109945027,0.0979510244877561,FALSE,FALSE
"DG_GC","continuous_lfc","MMP1",0.0122586820950885,NA,0.0519740129935032,0.108095358093449,FALSE,FALSE
"DG_GC","continuous_lfc","NCAN",0.0122155882915628,NA,0.0469765117441279,0.101671778951514,FALSE,FALSE
"DG_GC","continuous_lfc","FGF3",0.0121752649379605,NA,0.0449775112443778,0.098564313549844,FALSE,FALSE
"DG_GC","continuous_lfc","COL27A1",0.0121268686135815,NA,0.0439780109945027,0.0979510244877561,FALSE,FALSE
"DG_GC","continuous_lfc","F9",0.0120900678720112,NA,0.0469765117441279,0.101671778951514,FALSE,FALSE
"DG_GC","continuous_lfc","CCL1",0.012068764506439,NA,0.0489755122438781,0.104520910276569,FALSE,FALSE
"DG_GC","continuous_lfc","LRRTM3",0.0120640078396694,NA,0.0464767616191904,0.101126168709606,FALSE,FALSE
"DG_GC","continuous_lfc","LCN2",0.0120190947360269,NA,0.0509745127436282,0.10674150104435,FALSE,FALSE
"DG_GC","continuous_lfc","LAMA5",0.0120057087789234,NA,0.0449775112443778,0.098564313549844,FALSE,FALSE
"DG_GC","continuous_lfc","COL6A5",0.0120056867424729,NA,0.0494752623688156,0.105220827086457,FALSE,FALSE
"DG_GC","continuous_lfc","FGF11",0.0120009576957187,NA,0.0484757621189405,0.103997913477587,FALSE,FALSE
"DG_GC","continuous_lfc","C1QTNF5",0.0119937992147926,NA,0.0489755122438781,0.104520910276569,FALSE,FALSE
"DG_GC","continuous_lfc","EFNA3",0.0119740597930857,NA,0.0504747626186907,0.106422692268324,FALSE,FALSE
"DG_GC","continuous_lfc","KLRA1P",0.0119658411184207,NA,0.047976011994003,0.103651877764821,FALSE,FALSE
"DG_GC","continuous_lfc","IFNA6",0.0119533586181988,NA,0.0544727636181909,0.111400893876935,FALSE,FALSE
"DG_GC","continuous_lfc","NRXN1",0.0119442373953159,NA,0.055472263868066,0.112319873121291,FALSE,FALSE
"DG_GC","continuous_lfc","ADAM23",0.0119016593797481,NA,0.056471764117941,0.11359262897287,FALSE,FALSE
"DG_GC","continuous_lfc","TNFRSF14",0.0118936120439725,NA,0.0444777611194403,0.098564313549844,FALSE,FALSE
"DG_GC","continuous_lfc","CXADR",0.0118739925650025,NA,0.0454772613693153,0.0993041803518918,FALSE,FALSE
"DG_GC","continuous_lfc","CD5L",0.0118539168954983,NA,0.0529735132433783,0.109246723439627,FALSE,FALSE
"DG_GC","continuous_lfc","HLA-E",0.0118497514537448,NA,0.0504747626186907,0.106422692268324,FALSE,FALSE
"DG_GC","continuous_lfc","COL14A1",0.0117942727573143,NA,0.0494752623688156,0.105220827086457,FALSE,FALSE
"DG_GC","continuous_lfc","TG",0.011784829065822,NA,0.0509745127436282,0.10674150104435,FALSE,FALSE
"DG_GC","continuous_lfc","VSTM1",0.0117721165993447,NA,0.0534732633683158,0.10990729467481,FALSE,FALSE
"DG_GC","continuous_lfc","LGI1",0.0117650687963264,NA,0.0449775112443778,0.098564313549844,FALSE,FALSE
"DG_GC","continuous_lfc","EFNB3",0.0117489004732283,NA,0.0549725137431284,0.112048800890736,FALSE,FALSE
"DG_GC","continuous_lfc","PSG4",0.0117405722788846,NA,0.0674662668665667,0.125793267749687,FALSE,FALSE
"DG_GC","continuous_lfc","GH1",0.0117366787049388,NA,0.0524737631184408,0.108398583170472,FALSE,FALSE
"DG_GC","continuous_lfc","ALOX5AP",0.0117301097816594,NA,0.0509745127436282,0.10674150104435,FALSE,FALSE
"DG_GC","continuous_lfc","SERPINA1",0.0117163363342046,NA,0.0499750124937531,0.105915900181397,FALSE,FALSE
"DG_GC","continuous_lfc","CLDN16",0.011709192875348,NA,0.0524737631184408,0.108398583170472,FALSE,FALSE
"DG_GC","continuous_lfc","IFNA16",0.0116806025764002,NA,0.0569715142428786,0.113664666038316,FALSE,FALSE
"DG_GC","continuous_lfc","DHH",0.0116785503069186,NA,0.0524737631184408,0.108398583170472,FALSE,FALSE
"DG_GC","continuous_lfc","CD244",0.0116723658743917,NA,0.055472263868066,0.112319873121291,FALSE,FALSE
"DG_GC","continuous_lfc","LGALS1",0.0116696433462064,NA,0.0519740129935032,0.108095358093449,FALSE,FALSE
"DG_GC","continuous_lfc","CD47",0.0116512617518092,NA,0.0514742628685657,0.107604047805449,FALSE,FALSE
"DG_GC","continuous_lfc","LPA",0.0116389986189052,NA,0.0484757621189405,0.103997913477587,FALSE,FALSE
"DG_GC","continuous_lfc","CCK",0.0116322533429883,NA,0.0544727636181909,0.111400893876935,FALSE,FALSE
"DG_GC","continuous_lfc","RELN",0.0116117091559948,NA,0.056471764117941,0.11359262897287,FALSE,FALSE
"DG_GC","continuous_lfc","HLA-C",0.0116086401278739,NA,0.055472263868066,0.112319873121291,FALSE,FALSE
"DG_GC","continuous_lfc","GDF9",0.0115860882977831,NA,0.0504747626186907,0.106422692268324,FALSE,FALSE
"DG_GC","continuous_lfc","FN1",0.0115582938398369,NA,0.0609695152423788,0.118740311879037,FALSE,FALSE
"DG_GC","continuous_lfc","NCR2",0.0115506586908936,NA,0.0589705147426287,0.116326699774107,FALSE,FALSE
"DG_GC","continuous_lfc","SLITRK4",0.0115487607215956,NA,0.0569715142428786,0.113664666038316,FALSE,FALSE
"DG_GC","continuous_lfc","DSG2",0.011532325007761,NA,0.0574712643678161,0.114104212075486,FALSE,FALSE
"DG_GC","continuous_lfc","EFNA4",0.0115187947838755,NA,0.0569715142428786,0.113664666038316,FALSE,FALSE
"DG_GC","continuous_lfc","CEACAM3",0.0115155078011842,NA,0.0524737631184408,0.108398583170472,FALSE,FALSE
"DG_GC","continuous_lfc","ICAM3",0.0115154462283329,NA,0.0599700149925037,0.117918568805485,FALSE,FALSE
"DG_GC","continuous_lfc","C4B_2",0.0114819414146093,NA,0.0519740129935032,0.108095358093449,FALSE,FALSE
"DG_GC","continuous_lfc","FCN1",0.0114817720315849,NA,0.0579710144927536,0.11472454402847,FALSE,FALSE
"DG_GC","continuous_lfc","SLITRK2",0.0114667753354809,NA,0.0589705147426287,0.116326699774107,FALSE,FALSE
"DG_GC","continuous_lfc","IFNK",0.0114271711729105,NA,0.0604697651174413,0.118331409375185,FALSE,FALSE
"DG_GC","continuous_lfc","LAMB1",0.0114168419557968,NA,0.0559720139930035,0.113144747758134,FALSE,FALSE
"DG_GC","continuous_lfc","APOO",0.0113879905668222,NA,0.0569715142428786,0.113664666038316,FALSE,FALSE
"DG_GC","continuous_lfc","ANXA1",0.0113781794492308,NA,0.0539730134932534,0.110748645777614,TRUE,TRUE
"DG_GC","continuous_lfc","TNFSF8",0.0113749382929259,NA,0.0549725137431284,0.112048800890736,FALSE,FALSE
"DG_GC","continuous_lfc","TNFSF13B",0.0113544214269575,NA,0.0664667666166917,0.124688804143105,FALSE,FALSE
"DG_GC","continuous_lfc","LCN1",0.011345909831697,NA,0.0604697651174413,0.118331409375185,FALSE,FALSE
"DG_GC","continuous_lfc","HLA-A",0.0113191597759594,NA,0.0689655172413793,0.127041742286751,FALSE,FALSE
"DG_GC","continuous_lfc","CEACAM5",0.0112689557991354,NA,0.0594702648675662,0.117123913927281,FALSE,FALSE
"DG_GC","continuous_lfc","PTH",0.0112589767606768,NA,0.055472263868066,0.112319873121291,FALSE,FALSE
"DG_GC","continuous_lfc","LRRN1",0.0112549383366207,NA,0.056471764117941,0.11359262897287,FALSE,FALSE
"DG_GC","continuous_lfc","SIRPB2",0.0112538566703419,NA,0.0579710144927536,0.11472454402847,FALSE,FALSE
"DG_GC","continuous_lfc","EDN2",0.0112463141506752,NA,0.0574712643678161,0.114104212075486,FALSE,FALSE
"DG_GC","continuous_lfc","EREG",0.0112160449727273,NA,0.0609695152423788,0.118740311879037,FALSE,FALSE
"DG_GC","continuous_lfc","EFNB1",0.0112109273429153,NA,0.0644677661169415,0.12301092444432,FALSE,FALSE
"DG_GC","continuous_lfc","CORT",0.0111835276007393,NA,0.0534732633683158,0.10990729467481,FALSE,FALSE
"DG_GC","continuous_lfc","LIN7A",0.0111435026575738,NA,0.0614692653673163,0.119334152258261,FALSE,FALSE
"DG_GC","continuous_lfc","C3",0.0111410514021307,NA,0.0624687656171914,0.120510610836314,FALSE,FALSE
"DG_GC","continuous_lfc","TRH",0.0111239680073324,NA,0.063968015992004,0.122438780609695,FALSE,FALSE
"DG_GC","continuous_lfc","SEMA3B",0.0111051554472973,NA,0.0609695152423788,0.118740311879037,FALSE,FALSE
"DG_GC","continuous_lfc","LY6G5C",0.0111013038348895,NA,0.0659670164917541,0.124514014179351,FALSE,FALSE
"DG_GC","continuous_lfc","ROBO1",0.0110777445075095,NA,0.0629685157421289,0.121283697773755,FALSE,FALSE
"DG_GC","continuous_lfc","TDGF1P3",0.0110737049555061,NA,0.0679660169915042,0.126149046688777,FALSE,FALSE
"DG_GC","continuous_lfc","BOC",0.0110678440944517,NA,0.063968015992004,0.122438780609695,FALSE,FALSE
"DG_GC","continuous_lfc","COL4A2",0.0110618463579638,NA,0.063968015992004,0.122438780609695,TRUE,TRUE
"DG_GC","continuous_lfc","LGALS3BP",0.0110267216988172,NA,0.0569715142428786,0.113664666038316,FALSE,FALSE
"DG_GC","continuous_lfc","GUCA2B",0.0110110689250487,NA,0.0679660169915042,0.126149046688777,FALSE,FALSE
"DG_GC","continuous_lfc","BMP8B",0.0110046543136997,NA,0.0619690154922539,0.120113993636093,FALSE,FALSE
"DG_GC","continuous_lfc","PIP",0.0109837549687227,NA,0.0624687656171914,0.120510610836314,FALSE,FALSE
"DG_GC","continuous_lfc","CHAD",0.0109754470739818,NA,0.0604697651174413,0.118331409375185,FALSE,FALSE
"DG_GC","continuous_lfc","CXCL14",0.0109536147135567,NA,0.0699650174912544,0.127921114069831,FALSE,FALSE
"DG_GC","continuous_lfc","DSC2",0.0109528290208716,NA,0.0664667666166917,0.124688804143105,FALSE,FALSE
"DG_GC","continuous_lfc","JAML",0.010951055687594,NA,0.0614692653673163,0.119334152258261,FALSE,FALSE
"DG_GC","continuous_lfc","NPVF",0.0109439023851828,NA,0.0659670164917541,0.124514014179351,FALSE,FALSE
"DG_GC","continuous_lfc","IL17B",0.010911723244678,NA,0.0669665167416292,0.125434224783633,FALSE,FALSE
"DG_GC","continuous_lfc","FNDC5",0.0108961095388058,NA,0.0654672663668166,0.124144584054722,FALSE,FALSE
"DG_GC","continuous_lfc","ESAM",0.0108882472347618,NA,0.0664667666166917,0.124688804143105,FALSE,FALSE
"DG_GC","continuous_lfc","ULBP2",0.0108822522616823,NA,0.0644677661169415,0.12301092444432,FALSE,FALSE
"DG_GC","continuous_lfc","ALKAL2",0.0108794372655614,NA,0.0674662668665667,0.125793267749687,FALSE,FALSE
"DG_GC","continuous_lfc","PLXNA2",0.0108604677746003,NA,0.0649675162418791,0.123771706681651,FALSE,FALSE
"DG_GC","continuous_lfc","SLC6A8",0.0108419414089737,NA,0.0624687656171914,0.120510610836314,FALSE,FALSE
"DG_GC","continuous_lfc","TPSB2",0.010837188381796,NA,0.0659670164917541,0.124514014179351,FALSE,FALSE
"DG_GC","continuous_lfc","DLK1",0.0108341000692356,NA,0.0689655172413793,0.127041742286751,FALSE,FALSE
"DG_GC","continuous_lfc","SEMA4B",0.0108163355364709,NA,0.0674662668665667,0.125793267749687,FALSE,FALSE
"DG_GC","continuous_lfc","MCAM",0.0108153458681243,NA,0.079960019990005,0.13874082788634,FALSE,FALSE
"DG_GC","continuous_lfc","MXRA5",0.0108139144351204,NA,0.0729635182408796,0.130864289670684,FALSE,FALSE
"DG_GC","continuous_lfc","ITGB1",0.0108027652259961,NA,0.0684657671164418,0.126692695948098,FALSE,FALSE
"DG_GC","continuous_lfc","ADAM2",0.0107989137983477,NA,0.071464267866067,0.129694412053233,FALSE,FALSE
"DG_GC","continuous_lfc","CXCL2",0.0107945178809814,NA,0.0719640179910045,0.130023483833305,TRUE,TRUE
"DG_GC","continuous_lfc","VSIG4",0.0107935535542886,NA,0.0699650174912544,0.127921114069831,FALSE,FALSE
"DG_GC","continuous_lfc","NMB",0.0107861833145417,NA,0.0704647676161919,0.128642832086192,FALSE,FALSE
"DG_GC","continuous_lfc","NECTIN3",0.0107833201173694,NA,0.063968015992004,0.122438780609695,FALSE,FALSE
"DG_GC","continuous_lfc","NPS",0.0107717441114676,NA,0.0709645177411294,0.129170184595667,FALSE,FALSE
"DG_GC","continuous_lfc","ALKAL1",0.010764394960815,NA,0.071464267866067,0.129694412053233,FALSE,FALSE
"DG_GC","continuous_lfc","SIGLEC14",0.0107509163676682,NA,0.072463768115942,0.130349656302539,FALSE,FALSE
"DG_GC","continuous_lfc","FASLG",0.0107447036665808,NA,0.0664667666166917,0.124688804143105,FALSE,FALSE
"DG_GC","continuous_lfc","PTN",0.010739020180549,NA,0.0689655172413793,0.127041742286751,FALSE,FALSE
"DG_GC","continuous_lfc","APOC1",0.0107038408913544,NA,0.0684657671164418,0.126692695948098,TRUE,TRUE
"DG_GC","continuous_lfc","COL24A1",0.010692741481473,NA,0.0754622688655672,0.133585663815491,FALSE,FALSE
"DG_GC","continuous_lfc","APOA4",0.0106885540810225,NA,0.0654672663668166,0.124144584054722,FALSE,FALSE
"DG_GC","continuous_lfc","CRISP2",0.0106803921671952,NA,0.0744627686156921,0.132198393556845,FALSE,FALSE
"DG_GC","continuous_lfc","CTSD",0.0106708899815095,NA,0.0654672663668166,0.124144584054722,FALSE,FALSE
"DG_GC","continuous_lfc","COL6A2",0.0106657055508332,NA,0.0694652673663168,0.127578639465874,FALSE,FALSE
"DG_GC","continuous_lfc","COL19A1",0.0106480323181552,NA,0.0719640179910045,0.130023483833305,FALSE,FALSE
"DG_GC","continuous_lfc","IZUMO1",0.0106416532361122,NA,0.0679660169915042,0.126149046688777,FALSE,FALSE
"DG_GC","continuous_lfc","ITGA4",0.0106291896218229,NA,0.0699650174912544,0.127921114069831,FALSE,FALSE
"DG_GC","continuous_lfc","UCN3",0.0106291480035975,NA,0.072463768115942,0.130349656302539,FALSE,FALSE
"DG_GC","continuous_lfc","NTF3",0.0106237661239955,NA,0.0744627686156921,0.132198393556845,FALSE,FALSE
"DG_GC","continuous_lfc","CD24",0.010615815819691,NA,0.0784607696151924,0.137306346826587,FALSE,FALSE
"DG_GC","continuous_lfc","COL6A1",0.0106082023388895,NA,0.0574712643678161,0.114104212075486,FALSE,FALSE
"DG_GC","continuous_lfc","TNN",0.0105864664326592,NA,0.0709645177411294,0.129170184595667,FALSE,FALSE
"DG_GC","continuous_lfc","NPB",0.0105451954251098,NA,0.0774612693653173,0.135751151605885,FALSE,FALSE
"DG_GC","continuous_lfc","SEMA3F",0.0105339764806297,NA,0.0769615192403798,0.13526235447556,FALSE,FALSE
"DG_GC","continuous_lfc","COL6A6",0.0105107059832173,NA,0.0729635182408796,0.130864289670684,FALSE,FALSE
"DG_GC","continuous_lfc","CGB3",0.010510372866318,NA,0.0819590204897551,0.141607616502045,FALSE,FALSE
"DG_GC","continuous_lfc","APOB",0.0105040181701039,NA,0.0769615192403798,0.13526235447556,FALSE,FALSE
"DG_GC","continuous_lfc","ZPBP2",0.0104920150862949,NA,0.0734632683658171,0.131375917880476,FALSE,FALSE
"DG_GC","continuous_lfc","BGN",0.0104647586504685,NA,0.072463768115942,0.130349656302539,FALSE,FALSE
"DG_GC","continuous_lfc","L1CAM",0.0104595909697142,NA,0.0739630184907546,0.131692874492986,FALSE,FALSE
"DG_GC","continuous_lfc","THY1",0.0104319556306359,NA,0.0739630184907546,0.131692874492986,FALSE,FALSE
"DG_GC","continuous_lfc","VEGFD",0.0104200498976726,NA,0.0794602698650675,0.13806926324072,FALSE,FALSE
"DG_GC","continuous_lfc","CEACAM6",0.0103815687006472,NA,0.0794602698650675,0.13806926324072,FALSE,FALSE
"DG_GC","continuous_lfc","LAMB3",0.0103746571259172,NA,0.0789605197401299,0.137591232833086,FALSE,FALSE
"DG_GC","continuous_lfc","COL5A2",0.0103611282780784,NA,0.0694652673663168,0.127578639465874,FALSE,FALSE
"DG_GC","continuous_lfc","PF4V1",0.0103357778053078,NA,0.0734632683658171,0.131375917880476,FALSE,FALSE
"DG_GC","continuous_lfc","NDP",0.010310294574239,NA,0.0789605197401299,0.137591232833086,FALSE,FALSE
"DG_GC","continuous_lfc","NEGR1",0.0103070940821914,NA,0.0739630184907546,0.131692874492986,FALSE,FALSE
"DG_GC","continuous_lfc","EFNB2",0.0103068409807301,NA,0.0834582708645677,0.142788242750133,FALSE,FALSE
"DG_GC","continuous_lfc","FBN1",0.0102892706506152,NA,0.0764617691154423,0.134964938280139,FALSE,FALSE
"DG_GC","continuous_lfc","APOC2",0.0102846460735504,NA,0.0769615192403798,0.13526235447556,FALSE,FALSE
"DG_GC","continuous_lfc","TRAF2",0.0102780376199178,NA,0.0749625187406297,0.132893032499669,FALSE,FALSE
"DG_GC","continuous_lfc","PMCH",0.0102739866294931,NA,0.0774612693653173,0.135751151605885,FALSE,FALSE
"DG_GC","continuous_lfc","TAFA4",0.0102583140706428,NA,0.0849575212393803,0.144345303076617,FALSE,FALSE
"DG_GC","continuous_lfc","NPPC",0.0102550433057878,NA,0.0719640179910045,0.130023483833305,FALSE,FALSE
"DG_GC","continuous_lfc","PYY",0.0102272539459296,NA,0.0864567716141929,0.146082131348119,FALSE,FALSE
"DG_GC","continuous_lfc","NTS",0.010185999027348,NA,0.0839580209895052,0.143243141660368,FALSE,FALSE
"DG_GC","continuous_lfc","NRP1",0.0101729828198033,NA,0.0889555222388806,0.148663730890353,FALSE,FALSE
"DG_GC","continuous_lfc","COMP",0.0101728206071728,NA,0.0844577711144428,0.143695513354434,FALSE,FALSE
"DG_GC","continuous_lfc","NMS",0.0101451321998825,NA,0.088455772113943,0.148232997044569,FALSE,FALSE
"DG_GC","continuous_lfc","MMP25",0.0101246988678951,NA,0.0829585207396302,0.142131731337129,FALSE,FALSE
"DG_GC","continuous_lfc","PPBP",0.0101217665310442,NA,0.0804597701149425,0.139410492773415,FALSE,FALSE
"DG_GC","continuous_lfc","TAC4",0.0100792209899391,NA,0.088455772113943,0.148232997044569,FALSE,FALSE
"DG_GC","continuous_lfc","SEMA5A",0.0100710470800615,NA,0.0824587706146927,0.141870778094099,FALSE,FALSE
"DG_GC","continuous_lfc","JAM3",0.010067399306425,NA,0.0789605197401299,0.137591232833086,FALSE,FALSE
"DG_GC","continuous_lfc","TAC3",0.0100671869725146,NA,0.0814592703648176,0.140942946605793,FALSE,FALSE
"DG_GC","continuous_lfc","ADM2",0.0100622722243852,NA,0.0824587706146927,0.141870778094099,FALSE,FALSE
"DG_GC","continuous_lfc","SLIT3",0.0100438818871713,NA,0.087456271864068,0.147161995925114,FALSE,FALSE
"DG_GC","continuous_lfc","GDF6",0.0100167830337113,NA,0.0764617691154423,0.134964938280139,FALSE,FALSE
"DG_GC","continuous_lfc","IL7",0.0100047373043207,NA,0.0864567716141929,0.146082131348119,FALSE,FALSE
"DG_GC","continuous_lfc","PTGS2",0.00995998653324476,NA,0.0824587706146927,0.141870778094099,FALSE,FALSE
"DG_GC","continuous_lfc","LRRC52",0.00995385908544017,NA,0.0889555222388806,0.148663730890353,FALSE,FALSE
"DG_GC","continuous_lfc","PROS1",0.00994836806831644,NA,0.0879560219890055,0.147799899775764,FALSE,FALSE
"DG_GC","continuous_lfc","PPY",0.0099233365433823,NA,0.0859570214892554,0.145639490075156,FALSE,FALSE
"DG_GC","continuous_lfc","INHBC",0.00991858617175704,NA,0.0829585207396302,0.142131731337129,FALSE,FALSE
"DG_GC","continuous_lfc","TSPAN33",0.0099045940434893,NA,0.0839580209895052,0.143243141660368,FALSE,FALSE
"DG_GC","continuous_lfc","PNOC",0.00988778336195957,NA,0.0909545227386307,0.150974648177266,FALSE,FALSE
"DG_GC","continuous_lfc","BCAN",0.00985979821664865,NA,0.087456271864068,0.147161995925114,FALSE,FALSE
"DG_GC","continuous_lfc","APOA1",0.00984706189326464,NA,0.0869565217391304,0.146724158581866,FALSE,FALSE
"DG_GC","continuous_lfc","NLGN4X",0.00982173112639488,NA,0.0894552723638181,0.149295243386481,FALSE,FALSE
"DG_GC","continuous_lfc","PDPN",0.00980805975988833,NA,0.0914542728635682,0.151393897645772,FALSE,FALSE
"DG_GC","continuous_lfc","VSIG10",0.00980238478668383,NA,0.0929535232383808,0.153048475762119,FALSE,FALSE
"DG_GC","continuous_lfc","SIGLEC7",0.00975171399798932,NA,0.0934532733633183,0.153458793391508,FALSE,FALSE
"DG_GC","continuous_lfc","SIRPA",0.00974131095387687,NA,0.0929535232383808,0.153048475762119,FALSE,FALSE
"DG_GC","continuous_lfc","TECTB",0.00971288085018791,NA,0.101949025487256,0.163411132975179,FALSE,FALSE
"DG_GC","continuous_lfc","IL21",0.00969066698767929,NA,0.0924537731134433,0.152841932609943,FALSE,FALSE
"DG_GC","continuous_lfc","C5",0.00966303432501694,NA,0.0899550224887556,0.149721334984682,FALSE,FALSE
"DG_GC","continuous_lfc","GUCY2D",0.00964945569079387,NA,0.0929535232383808,0.153048475762119,FALSE,FALSE
"DG_GC","continuous_lfc","NT5E",0.00963180175962456,NA,0.0829585207396302,0.142131731337129,FALSE,FALSE
"DG_GC","continuous_lfc","COL11A1",0.00962235443718544,NA,0.0974512743628186,0.158326009409089,FALSE,FALSE
"DG_GC","continuous_lfc","GALP",0.00961235368899541,NA,0.0974512743628186,0.158326009409089,FALSE,FALSE
"DG_GC","continuous_lfc","NPW",0.0096029184852614,NA,0.0979510244877561,0.158927158937088,FALSE,FALSE
"DG_GC","continuous_lfc","F11",0.00960093091530388,NA,0.103448275862069,0.164790816555311,FALSE,FALSE
"DG_GC","continuous_lfc","DLL1",0.00957571457376824,NA,0.0854572713643178,0.144993292827271,FALSE,FALSE
"DG_GC","continuous_lfc","FAM3D",0.0095080128674899,NA,0.100449775112444,0.16233637798515,FALSE,FALSE
"DG_GC","continuous_lfc","PLTP",0.00950488970282911,NA,0.0954522738630685,0.155905380643012,FALSE,FALSE
"DG_GC","continuous_lfc","THBS2",0.00949778335877664,NA,0.0909545227386307,0.150974648177266,FALSE,FALSE
"DG_GC","continuous_lfc","BTC",0.00948936112956814,NA,0.0899550224887556,0.149721334984682,FALSE,FALSE
"DG_GC","continuous_lfc","VCAN",0.0094806628839948,NA,0.0989505247376312,0.160336498417458,FALSE,FALSE
"DG_GC","continuous_lfc","COL1A2",0.00947601839253435,NA,0.0939530234882559,0.154072896617287,FALSE,FALSE
"DG_GC","continuous_lfc","LRFN4",0.00941843590234041,NA,0.0974512743628186,0.158326009409089,FALSE,FALSE
"DG_GC","continuous_lfc","ATP1B1",0.00941191708626811,NA,0.0944527736131934,0.154685357855831,FALSE,FALSE
"DG_GC","continuous_lfc","TGFB3",0.00940089364322648,NA,0.0974512743628186,0.158326009409089,FALSE,FALSE
"DG_GC","continuous_lfc","MFNG",0.00939186496676241,NA,0.100949525237381,0.16292907564663,FALSE,FALSE
"DG_GC","continuous_lfc","IAPP",0.00937627183752943,NA,0.0949525237381309,0.155296183683859,FALSE,FALSE
"DG_GC","continuous_lfc","CD7",0.00935937393899194,NA,0.0844577711144428,0.143695513354434,FALSE,FALSE
"DG_GC","continuous_lfc","SCT",0.00935818382024459,NA,0.104447776111944,0.165094871918879,FALSE,FALSE
"DG_GC","continuous_lfc","CEACAM7",0.00935454518582419,NA,0.104447776111944,0.165094871918879,FALSE,FALSE
"DG_GC","continuous_lfc","NPFF",0.00935166485385354,NA,0.104447776111944,0.165094871918879,FALSE,FALSE
"DG_GC","continuous_lfc","POMZP3",0.00933726762230734,NA,0.101449275362319,0.163091026665145,FALSE,FALSE
"DG_GC","continuous_lfc","COL28A1",0.00933596935172801,NA,0.102448775612194,0.163411132975179,FALSE,FALSE
"DG_GC","continuous_lfc","PSAP",0.00933496882572129,NA,0.102448775612194,0.163411132975179,FALSE,FALSE
"DG_GC","continuous_lfc","DEFB103B",0.00928216182279068,NA,0.0999500249875062,0.161742114411751,FALSE,FALSE
"DG_GC","continuous_lfc","INHBE",0.00925252502184663,NA,0.0934532733633183,0.153458793391508,FALSE,FALSE
"DG_GC","continuous_lfc","CLUL1",0.00923846751890006,NA,0.103948025987006,0.165094871918879,FALSE,FALSE
"DG_GC","continuous_lfc","C10orf99",0.00918681286797007,NA,0.104447776111944,0.165094871918879,FALSE,FALSE
"DG_GC","continuous_lfc","MEGF10",0.00914318113801961,NA,0.102448775612194,0.163411132975179,FALSE,FALSE
"DG_GC","continuous_lfc","QRFP",0.00912224646722066,NA,0.11344327836082,0.175464666656571,FALSE,FALSE
"DG_GC","continuous_lfc","CCL4L1",0.00911704706900073,NA,0.110944527736132,0.172690020936165,FALSE,FALSE
"DG_GC","continuous_lfc","SCGB3A2",0.00910070298646963,NA,0.101949025487256,0.163411132975179,FALSE,FALSE
"DG_GC","continuous_lfc","ADCYAP1",0.00909550804473575,NA,0.104447776111944,0.165094871918879,FALSE,FALSE
"DG_GC","continuous_lfc","CEACAM1",0.00908798375015681,NA,0.101449275362319,0.163091026665145,FALSE,FALSE
"DG_GC","continuous_lfc","IFNA14",0.0090598669514894,NA,0.111444277861069,0.173028188060596,FALSE,FALSE
"DG_GC","continuous_lfc","SFTPA2",0.00905064561246046,NA,0.11344327836082,0.175464666656571,FALSE,FALSE
"DG_GC","continuous_lfc","NPY",0.00904863755144045,NA,0.0914542728635682,0.151393897645772,FALSE,FALSE
"DG_GC","continuous_lfc","S100A9",0.00904337742424335,NA,0.107446276861569,0.168962373755356,FALSE,FALSE
"DG_GC","continuous_lfc","SEMA7A",0.00902923567629716,NA,0.110944527736132,0.172690020936165,FALSE,FALSE
"DG_GC","continuous_lfc","CALM3",0.00902748367778976,NA,0.116941529235382,0.180192922406721,FALSE,FALSE
"DG_GC","continuous_lfc","CD52",0.00901183098113317,NA,0.118940529735132,0.18258414652323,FALSE,FALSE
"DG_GC","continuous_lfc","SLITRK5",0.00897424185072565,NA,0.108945527236382,0.170881268712635,FALSE,FALSE
"DG_GC","continuous_lfc","COL12A1",0.00893549970501127,NA,0.105947026486757,0.167248849801903,TRUE,TRUE
"DG_GC","continuous_lfc","GPI",0.00892055644228586,NA,0.106446776611694,0.167605785796048,FALSE,FALSE
"DG_GC","continuous_lfc","UTS2",0.00889526918045313,NA,0.102448775612194,0.163411132975179,FALSE,FALSE
"DG_GC","continuous_lfc","COPA",0.00887992546950721,NA,0.108445777111444,0.170315483283999,FALSE,FALSE
"DG_GC","continuous_lfc","SERPINA5",0.00887827817227287,NA,0.110444777611194,0.172350130667151,FALSE,FALSE
"DG_GC","continuous_lfc","GDF3",0.00887351319104934,NA,0.106446776611694,0.167605785796048,FALSE,FALSE
"DG_GC","continuous_lfc","CDCP1",0.00882840356790416,NA,0.109945027486257,0.172228463773228,FALSE,FALSE
"DG_GC","continuous_lfc","SPN",0.00880306714954839,NA,0.110444777611194,0.172350130667151,FALSE,FALSE
"DG_GC","continuous_lfc","APELA",0.00880194067595689,NA,0.118940529735132,0.18258414652323,FALSE,FALSE
"DG_GC","continuous_lfc","NTM",0.00878737764940016,NA,0.115942028985507,0.17887781550031,FALSE,FALSE
"DG_GC","continuous_lfc","JAG2",0.00878284366409279,NA,0.110444777611194,0.172350130667151,FALSE,FALSE
"DG_GC","continuous_lfc","GHRL",0.00876807568023493,NA,0.101449275362319,0.163091026665145,FALSE,FALSE
"DG_GC","continuous_lfc","WFIKKN2",0.00867474919116082,NA,0.111444277861069,0.173028188060596,FALSE,FALSE
"DG_GC","continuous_lfc","IL32",0.0086612982291783,NA,0.126936531734133,0.190560357076364,FALSE,FALSE
"DG_GC","continuous_lfc","FGF18",0.00864109677514889,NA,0.112943528235882,0.175133952011336,FALSE,FALSE
"DG_GC","continuous_lfc","TIMD4",0.00861927545114564,NA,0.11544227886057,0.178331389160401,FALSE,FALSE
"DG_GC","continuous_lfc","INSL3",0.00858053685403488,NA,0.121939030484758,0.186253506663127,FALSE,FALSE
"DG_GC","continuous_lfc","GAD1",0.00851619717292057,NA,0.118440779610195,0.182273812842323,FALSE,FALSE
"DG_GC","continuous_lfc","DSG1",0.00850967623317671,NA,0.120439780109945,0.184654231082206,FALSE,FALSE
"DG_GC","continuous_lfc","IL31",0.00849285149822798,NA,0.124937531234383,0.188948735508789,FALSE,FALSE
"DG_GC","continuous_lfc","FCER2",0.00846323423786891,NA,0.123938030984508,0.188601351498164,FALSE,FALSE
"DG_GC","continuous_lfc","RSPO4",0.00845353639216775,NA,0.125937031484258,0.189757519764103,FALSE,FALSE
"DG_GC","continuous_lfc","REN",0.00843778628116738,NA,0.124937531234383,0.188948735508789,FALSE,FALSE
"DG_GC","continuous_lfc","KITLG",0.0084351071176275,NA,0.126936531734133,0.190560357076364,TRUE,TRUE
"DG_GC","continuous_lfc","LEFTY1",0.00839855606776056,NA,0.120939530234883,0.185188655672164,FALSE,FALSE
"DG_GC","continuous_lfc","ENTPD1",0.00839808347590168,NA,0.128435782108946,0.192104802299705,FALSE,FALSE
"DG_GC","continuous_lfc","IFNA5",0.00839531829388921,NA,0.130934532733633,0.19441794254388,FALSE,FALSE
"DG_GC","continuous_lfc","ITIH2",0.00837437145447285,NA,0.123938030984508,0.188601351498164,FALSE,FALSE
"DG_GC","continuous_lfc","NRG3",0.00836715532623665,NA,0.12543728135932,0.189470616109948,FALSE,FALSE
"DG_GC","continuous_lfc","SI",0.00833916306743084,NA,0.129935032483758,0.193402691121025,FALSE,FALSE
"DG_GC","continuous_lfc","MMP16",0.00832293696361892,NA,0.124937531234383,0.188948735508789,FALSE,FALSE
"DG_GC","continuous_lfc","GNRH1",0.00832116817430154,NA,0.132933533233383,0.195960984609981,FALSE,FALSE
"DG_GC","continuous_lfc","SERPING1",0.00830481669171736,NA,0.129935032483758,0.193402691121025,FALSE,FALSE
"DG_GC","continuous_lfc","F8",0.00829767399043841,NA,0.128435782108946,0.192104802299705,FALSE,FALSE
"DG_GC","continuous_lfc","IL17A",0.00828078120808157,NA,0.135432283858071,0.198450415940355,FALSE,FALSE
"DG_GC","continuous_lfc","LRTM2",0.00827867867237351,NA,0.131434282858571,0.194688024790507,FALSE,FALSE
"DG_GC","continuous_lfc","NPPA",0.00827355472362522,NA,0.12343828085957,0.188308709904077,FALSE,FALSE
"DG_GC","continuous_lfc","GLG1",0.00826727307093114,NA,0.121939030484758,0.186253506663127,FALSE,FALSE
"DG_GC","continuous_lfc","MLN",0.00824990530722926,NA,0.131934032983508,0.195192258942992,FALSE,FALSE
"DG_GC","continuous_lfc","LEFTY2",0.00824469060332719,NA,0.124437781109445,0.188948735508789,FALSE,FALSE
"DG_GC","continuous_lfc","TYROBP",0.00824324618819527,NA,0.132433783108446,0.195695276607776,FALSE,FALSE
"DG_GC","continuous_lfc","A2M",0.00820669253992258,NA,0.12743628185907,0.191076432408031,FALSE,FALSE
"DG_GC","continuous_lfc","CD200",0.00817985570762924,NA,0.125937031484258,0.189757519764103,FALSE,FALSE
"DG_GC","continuous_lfc","ADAM7",0.00817100803385863,NA,0.135432283858071,0.198450415940355,FALSE,FALSE
"DG_GC","continuous_lfc","DEFB106B",0.00816375824374341,NA,0.145927036481759,0.20907674817562,FALSE,FALSE
"DG_GC","continuous_lfc","IFNL3",0.00813244760746057,NA,0.135932033983008,0.198707328913109,FALSE,FALSE
"DG_GC","continuous_lfc","PTPRK",0.00812660035848344,NA,0.126936531734133,0.190560357076364,FALSE,FALSE
"DG_GC","continuous_lfc","TPSAB1",0.0080803047755017,NA,0.135932033983008,0.198707328913109,FALSE,FALSE
"DG_GC","continuous_lfc","LAMB2",0.0080643230234262,NA,0.130934532733633,0.19441794254388,FALSE,FALSE
"DG_GC","continuous_lfc","CCL16",0.00806159239542576,NA,0.124937531234383,0.188948735508789,FALSE,FALSE
"DG_GC","continuous_lfc","SEMA4F",0.00805790337153215,NA,0.136931534232884,0.1999298324616,FALSE,FALSE
"DG_GC","continuous_lfc","RGMA",0.00805164849055433,NA,0.128935532233883,0.192617106081106,FALSE,FALSE
"DG_GC","continuous_lfc","COL20A1",0.00803395267130195,NA,0.129935032483758,0.193402691121025,FALSE,FALSE
"DG_GC","continuous_lfc","LIPC",0.00802903950896067,NA,0.132933533233383,0.195960984609981,FALSE,FALSE
"DG_GC","continuous_lfc","CCL21",0.00798932829499301,NA,0.135432283858071,0.198450415940355,FALSE,FALSE
"DG_GC","continuous_lfc","PTH2",0.00797087210858132,NA,0.137431284357821,0.200420623021822,FALSE,FALSE
"DG_GC","continuous_lfc","ANGPTL7",0.00793784290000918,NA,0.141929035482259,0.20526926619335,FALSE,FALSE
"DG_GC","continuous_lfc","LAMA1",0.00793519149639517,NA,0.133433283358321,0.196461264560028,FALSE,FALSE
"DG_GC","continuous_lfc","BST2",0.00793208476943812,NA,0.141429285357321,0.204788267804632,FALSE,FALSE
"DG_GC","continuous_lfc","TNFSF14",0.00790905461290633,NA,0.137931034482759,0.200671635678598,FALSE,FALSE
"DG_GC","continuous_lfc","PVR",0.00790115829333999,NA,0.142928535732134,0.205985242672781,FALSE,FALSE
"DG_GC","continuous_lfc","CCL4",0.0078482754734151,NA,0.131434282858571,0.194688024790507,FALSE,FALSE
"DG_GC","continuous_lfc","IFNA7",0.0078293479002547,NA,0.142928535732134,0.205985242672781,FALSE,FALSE
"DG_GC","continuous_lfc","IL23A",0.00779039120974638,NA,0.146926536731634,0.209772736009618,FALSE,FALSE
"DG_GC","continuous_lfc","LHB",0.00775268777788215,NA,0.140929535232384,0.20430613095819,FALSE,FALSE
"DG_GC","continuous_lfc","IL15",0.00773456568818701,NA,0.149925037481259,0.212813639530177,TRUE,TRUE
"DG_GC","continuous_lfc","CD300A",0.00772568301276834,NA,0.145927036481759,0.20907674817562,FALSE,FALSE
"DG_GC","continuous_lfc","IL11",0.00767345085225418,NA,0.146426786606697,0.209547679431312,FALSE,FALSE
"DG_GC","continuous_lfc","CLDN24",0.00766844041392306,NA,0.149425287356322,0.212350321359042,FALSE,FALSE
"DG_GC","continuous_lfc","CCL3L3",0.00765918049519696,NA,0.150924537731134,0.213490252564249,FALSE,FALSE
"DG_GC","continuous_lfc","COL5A3",0.00764627055059186,NA,0.142428785607196,0.205749130151905,FALSE,FALSE
"DG_GC","continuous_lfc","CXCL3",0.0076118120222134,NA,0.139430284857571,0.20237215515465,FALSE,FALSE
"DG_GC","continuous_lfc","SFTPA1",0.00761042359045933,NA,0.147426286856572,0.210241212339116,FALSE,FALSE
"DG_GC","continuous_lfc","FCN2",0.00760693244598263,NA,0.137931034482759,0.200671635678598,FALSE,FALSE
"DG_GC","continuous_lfc","CCL5",0.00759058310317162,NA,0.144427786106947,0.207901337227978,FALSE,FALSE
"DG_GC","continuous_lfc","SLAMF6",0.00758503772257018,NA,0.146926536731634,0.209772736009618,FALSE,FALSE
"DG_GC","continuous_lfc","CD160",0.00756749927603782,NA,0.152423788105947,0.215114217085006,FALSE,FALSE
"DG_GC","continuous_lfc","PLB1",0.00756353825358526,NA,0.145927036481759,0.20907674817562,FALSE,FALSE
"DG_GC","continuous_lfc","ADIPOQ",0.00755378369821138,NA,0.135432283858071,0.198450415940355,FALSE,FALSE
"DG_GC","continuous_lfc","KIRREL3",0.00752123737370088,NA,0.154922538730635,0.217388442090524,FALSE,FALSE
"DG_GC","continuous_lfc","HGF",0.00751646903372222,NA,0.138930534732634,0.201886008359996,FALSE,FALSE
"DG_GC","continuous_lfc","LFNG",0.00750288185791179,NA,0.147926036981509,0.210708599188778,FALSE,FALSE
"DG_GC","continuous_lfc","CXCL12",0.00745113550967071,NA,0.150424787606197,0.213275885205545,FALSE,FALSE
"DG_GC","continuous_lfc","MMP12",0.00738752197014128,NA,0.148925537231384,0.211885926955222,FALSE,FALSE
"DG_GC","continuous_lfc","FBLN1",0.00736755584848347,NA,0.15392303848076,0.216730715102219,FALSE,FALSE
"DG_GC","continuous_lfc","KLK3",0.00733164168047847,NA,0.150924537731134,0.213490252564249,FALSE,FALSE
"DG_GC","continuous_lfc","NLGN2",0.00732018072618963,NA,0.162918540729635,0.227048023201141,FALSE,FALSE
"DG_GC","continuous_lfc","CTSG",0.0073007205738868,NA,0.145927036481759,0.20907674817562,FALSE,FALSE
"DG_GC","continuous_lfc","GPC3",0.0072701350452185,NA,0.154422788605697,0.21693568353438,FALSE,FALSE
"DG_GC","continuous_lfc","CXCL16",0.00725264199383114,NA,0.151424287856072,0.213950118366422,FALSE,FALSE
"DG_GC","continuous_lfc","HAS2",0.00719992880322971,NA,0.15392303848076,0.216730715102219,FALSE,FALSE
"DG_GC","continuous_lfc","CALCB",0.00718021561740726,NA,0.162418790604698,0.22660936046783,FALSE,FALSE
"DG_GC","continuous_lfc","GPC6",0.0071305662634431,NA,0.161419290354823,0.225471642741913,FALSE,FALSE
"DG_GC","continuous_lfc","NPPB",0.00705289437058983,NA,0.15592203898051,0.218290854572714,FALSE,FALSE
"DG_GC","continuous_lfc","OSM",0.00703571488389518,NA,0.154422788605697,0.21693568353438,FALSE,FALSE
"DG_GC","continuous_lfc","CALR",0.00702485492707882,NA,0.169415292353823,0.235032540354964,FALSE,FALSE
"DG_GC","continuous_lfc","COL11A2",0.00701278708155778,NA,0.166916541729135,0.231828530179355,FALSE,FALSE
"DG_GC","continuous_lfc","WNT2B",0.00700575955871092,NA,0.15592203898051,0.218290854572714,FALSE,FALSE
"DG_GC","continuous_lfc","IFNE",0.00699766235409082,NA,0.172913543228386,0.238803935123757,FALSE,FALSE
"DG_GC","continuous_lfc","CD55",0.00695048897132999,NA,0.164917541229385,0.229312131675366,FALSE,FALSE
"DG_GC","continuous_lfc","LRIG2",0.00694440254485179,NA,0.15792103948026,0.22083707004945,FALSE,FALSE
"DG_GC","continuous_lfc","SIGLEC9",0.00694397020982919,NA,0.169915042478761,0.235459193480183,FALSE,FALSE
"DG_GC","continuous_lfc","RPS19",0.00689683196343059,NA,0.172413793103448,0.238651860510423,FALSE,FALSE
"DG_GC","continuous_lfc","LIN7C",0.00688949427948286,NA,0.164917541229385,0.229312131675366,FALSE,FALSE
"DG_GC","continuous_lfc","IFNA2",0.00681603984032617,NA,0.175412293853073,0.241982049515783,FALSE,FALSE
"DG_GC","continuous_lfc","RARRES1",0.00671933901545994,NA,0.172913543228386,0.238803935123757,FALSE,FALSE
"DG_GC","continuous_lfc","CCL17",0.0066836034681681,NA,0.183908045977011,0.250597726720622,FALSE,FALSE
"DG_GC","continuous_lfc","APOC4",0.0066692521347203,NA,0.183408295852074,0.250473982629644,FALSE,FALSE
"DG_GC","continuous_lfc","EFNA1",0.00664073079773138,NA,0.184407796101949,0.250720921448266,FALSE,FALSE
"DG_GC","continuous_lfc","SIGLEC15",0.00662886664379979,NA,0.183408295852074,0.250473982629644,FALSE,FALSE
"DG_GC","continuous_lfc","PIGA",0.00662189320472375,NA,0.180409795102449,0.247760088565583,FALSE,FALSE
"DG_GC","continuous_lfc","HHLA2",0.00661175092339773,NA,0.187906046976512,0.254067226872215,FALSE,FALSE
"DG_GC","continuous_lfc","VGF",0.00658097334813088,NA,0.179910044977511,0.247628994491518,FALSE,FALSE
"DG_GC","continuous_lfc","LRRTM2",0.00656127263717118,NA,0.181909045477261,0.248981654424185,FALSE,FALSE
"DG_GC","continuous_lfc","SEMA6C",0.00646532141497254,NA,0.180409795102449,0.247760088565583,FALSE,FALSE
"DG_GC","continuous_lfc","FCAR",0.00643137745345203,NA,0.178410794602699,0.245841646106081,FALSE,FALSE
"DG_GC","continuous_lfc","WNT2",0.00641284449505892,NA,0.181409295352324,0.24857537674116,FALSE,FALSE
"DG_GC","continuous_lfc","GJB2",0.0064092374899448,NA,0.180909545227386,0.248168189141711,FALSE,FALSE
"DG_GC","continuous_lfc","NRG2",0.00639335880076042,NA,0.187906046976512,0.254067226872215,FALSE,FALSE
"DG_GC","continuous_lfc","NID2",0.00638731160218459,NA,0.186406796601699,0.252877437250367,FALSE,FALSE
"DG_GC","continuous_lfc","FLT3LG",0.0063534607079133,NA,0.185407296351824,0.251800374757189,FALSE,FALSE
"DG_GC","continuous_lfc","AGT",0.00634077139928096,NA,0.183908045977011,0.250597726720622,FALSE,FALSE
"DG_GC","continuous_lfc","FGFRL1",0.00630361998562181,NA,0.201899050474763,0.270006917938411,FALSE,FALSE
"DG_GC","continuous_lfc","IFNA4",0.00627892059203631,NA,0.1944027986007,0.261696075039403,FALSE,FALSE
"DG_GC","continuous_lfc","OSTN",0.00624714109618189,NA,0.1944027986007,0.261696075039403,FALSE,FALSE
"DG_GC","continuous_lfc","NRG4",0.00620035080065374,NA,0.1984007996002,0.265909167954316,FALSE,FALSE
"DG_GC","continuous_lfc","NAMPT",0.00619282737695144,NA,0.184407796101949,0.250720921448266,FALSE,FALSE
"DG_GC","continuous_lfc","PATJ",0.00618023636132375,NA,0.193403298350825,0.26121173151021,FALSE,FALSE
"DG_GC","continuous_lfc","CCN3",0.00614001823945792,NA,0.186906546726637,0.253274911216958,FALSE,FALSE
"DG_GC","continuous_lfc","AHSG",0.00605517347500012,NA,0.203398300849575,0.271123959239096,FALSE,FALSE
"DG_GC","continuous_lfc","COL9A1",0.00603177250023571,NA,0.196901549225387,0.264768823052799,FALSE,FALSE
"DG_GC","continuous_lfc","PROK2",0.00599431997434229,NA,0.207396301849075,0.275255113505003,FALSE,FALSE
"DG_GC","continuous_lfc","F10",0.00598727430779509,NA,0.193903048475762,0.261598275751992,FALSE,FALSE
"DG_GC","continuous_lfc","LYZ",0.00593391054531737,NA,0.211394302848576,0.279350615954159,FALSE,FALSE
"DG_GC","continuous_lfc","CFH",0.00593305996470529,NA,0.202898550724638,0.270752423352594,FALSE,FALSE
"DG_GC","continuous_lfc","PRSS3",0.0059313978831501,NA,0.1984007996002,0.265909167954316,FALSE,FALSE
"DG_GC","continuous_lfc","MICA",0.00586340459538703,NA,0.207896051974013,0.275619765874638,FALSE,FALSE
"DG_GC","continuous_lfc","LRIT1",0.0058582354060351,NA,0.207396301849075,0.275255113505003,FALSE,FALSE
"DG_GC","continuous_lfc","CCL26",0.00584567226207283,NA,0.202898550724638,0.270752423352594,FALSE,FALSE
"DG_GC","continuous_lfc","CCL4L2",0.00581462492905086,NA,0.197901049475262,0.265821036849996,FALSE,FALSE
"DG_GC","continuous_lfc","GUCA2A",0.00576824489554174,NA,0.206896551724138,0.275188138829608,FALSE,FALSE
"DG_GC","continuous_lfc","CCL25",0.00576327541661306,NA,0.209895052473763,0.277668940907516,FALSE,FALSE
"DG_GC","continuous_lfc","HSP90B1",0.00575440116770384,NA,0.206896551724138,0.275188138829608,FALSE,FALSE
"DG_GC","continuous_lfc","LIN7B",0.00567729008829912,NA,0.201899050474763,0.270006917938411,FALSE,FALSE
"DG_GC","continuous_lfc","COL10A1",0.00563171482217605,NA,0.214392803598201,0.283007741818746,FALSE,FALSE
"DG_GC","continuous_lfc","IFNA10",0.00559732004144672,NA,0.219390304847576,0.287436495655915,FALSE,FALSE
"DG_GC","continuous_lfc","SPINK1",0.00558149969995552,NA,0.209395302348826,0.277307292299796,FALSE,FALSE
"DG_GC","continuous_lfc","NLGN3",0.00558142663352852,NA,0.227386306846577,0.29601299244108,FALSE,FALSE
"DG_GC","continuous_lfc","SCGB3A1",0.00557144817936157,NA,0.217891054472764,0.285777881936976,FALSE,FALSE
"DG_GC","continuous_lfc","SCGB1A1",0.0055344026486067,NA,0.215892053973014,0.284068492069755,FALSE,FALSE
"DG_GC","continuous_lfc","FLRT3",0.00551118216422901,NA,0.223388305847076,0.292049812873713,FALSE,FALSE
"DG_GC","continuous_lfc","TARM1",0.00550931130858393,NA,0.215392303848076,0.283715669047197,FALSE,FALSE
"DG_GC","continuous_lfc","CRB3",0.00550325306416089,NA,0.216391804097951,0.284420557961363,FALSE,FALSE
"DG_GC","continuous_lfc","LSAMP",0.00539425495277535,NA,0.227886056971514,0.296348640966141,FALSE,FALSE
"DG_GC","continuous_lfc","CCL11",0.0053839155411447,NA,0.225887056471764,0.294687586983931,FALSE,FALSE
"DG_GC","continuous_lfc","POMC",0.00537589395016832,NA,0.217391304347826,0.285428025537071,FALSE,FALSE
"DG_GC","continuous_lfc","UTS2B",0.00533089374041393,NA,0.214892553723138,0.283362086448702,FALSE,FALSE
"DG_GC","continuous_lfc","CCN2",0.0052762288409416,NA,0.226386806596702,0.295025359660595,TRUE,TRUE
"DG_GC","continuous_lfc","FAM3B",0.0052705627170916,NA,0.234382808595702,0.304151420052686,FALSE,FALSE
"DG_GC","continuous_lfc","ST6GAL1",0.00524546553467599,NA,0.222888555722139,0.291707778589338,FALSE,FALSE
"DG_GC","continuous_lfc","F7",0.00523424843778893,NA,0.224887556221889,0.293696435364407,FALSE,FALSE
"DG_GC","continuous_lfc","ITM2B",0.00520236073288182,NA,0.230384807596202,0.299280370419244,FALSE,FALSE
"DG_GC","continuous_lfc","COL17A1",0.00504099442232109,NA,0.236381809095452,0.306420863642253,FALSE,FALSE
"DG_GC","continuous_lfc","DSPP",0.00499512589183804,NA,0.243878060969515,0.315470564612097,FALSE,FALSE
"DG_GC","continuous_lfc","F2",0.00486921799956961,NA,0.245377311344328,0.317075112232913,FALSE,FALSE
"DG_GC","continuous_lfc","COL4A4",0.00482656344502873,NA,0.24687656171914,0.318006086336432,FALSE,FALSE
"DG_GC","continuous_lfc","CD44",0.00482557209210345,NA,0.259870064967516,0.330571993338741,FALSE,FALSE
"DG_GC","continuous_lfc","IFNA8",0.00482419525311307,NA,0.258870564717641,0.33032962685324,FALSE,FALSE
"DG_GC","continuous_lfc","ADAM9",0.00481064535954183,NA,0.24687656171914,0.318006086336432,FALSE,FALSE
"DG_GC","continuous_lfc","CRHR2",0.00478082477676291,NA,0.239380309845077,0.309979788118626,FALSE,FALSE
"DG_GC","continuous_lfc","NCAM1",0.00473803431514852,NA,0.258370814592704,0.33032962685324,FALSE,FALSE
"DG_GC","continuous_lfc","CGB7",0.00468481682344775,NA,0.254872563718141,0.326588797651384,FALSE,FALSE
"DG_GC","continuous_lfc","LOC101059948",0.00468481682344775,NA,0.254872563718141,0.326588797651384,FALSE,FALSE
"DG_GC","continuous_lfc","CCN1",0.00466650572320289,NA,0.251374312843578,0.323459593732546,FALSE,FALSE
"DG_GC","continuous_lfc","SEMA4D",0.00463909656444422,NA,0.259870064967516,0.330571993338741,FALSE,FALSE
"DG_GC","continuous_lfc","CX3CL1",0.00463179664390713,NA,0.251874062968516,0.323762567824168,FALSE,FALSE
"DG_GC","continuous_lfc","BMP1",0.00463119048213126,NA,0.259370314842579,0.330571993338741,FALSE,FALSE
"DG_GC","continuous_lfc","IL22",0.00462334351328518,NA,0.246376811594203,0.318006086336432,FALSE,FALSE
"DG_GC","continuous_lfc","CFD",0.00459371472402965,NA,0.254872563718141,0.326588797651384,FALSE,FALSE
"DG_GC","continuous_lfc","NECTIN2",0.00450770522826031,NA,0.258370814592704,0.33032962685324,FALSE,FALSE
"DG_GC","continuous_lfc","TMEM190",0.00449475065891555,NA,0.263368315842079,0.334327654825437,FALSE,FALSE
"DG_GC","continuous_lfc","TSPAN3",0.0044232203708954,NA,0.262368815592204,0.33340435591333,FALSE,FALSE
"DG_GC","continuous_lfc","S100A8",0.00442257429908088,NA,0.270864567716142,0.34242424711277,FALSE,FALSE
"DG_GC","continuous_lfc","CSF2",0.00441640496949969,NA,0.268865567216392,0.340248264297603,FALSE,FALSE
"DG_GC","continuous_lfc","CLEC2L",0.00440507345226729,NA,0.272863568215892,0.344240855885137,FALSE,FALSE
"DG_GC","continuous_lfc","GHRH",0.0043639687713747,NA,0.264367816091954,0.335249042145594,FALSE,FALSE
"DG_GC","continuous_lfc","APOA5",0.00432482961166024,NA,0.266866566716642,0.338067781000916,FALSE,FALSE
"DG_GC","continuous_lfc","FGL1",0.00432398994987971,NA,0.272363818090955,0.343964615630329,FALSE,FALSE
"DG_GC","continuous_lfc","PRSS55",0.00425190053965201,NA,0.258870564717641,0.33032962685324,FALSE,FALSE
"DG_GC","continuous_lfc","ADAM21",0.00423872351074971,NA,0.278860569715142,0.350722995791632,FALSE,FALSE
"DG_GC","continuous_lfc","DLL3",0.00422644137248638,NA,0.283858070964518,0.355912115590107,FALSE,FALSE
"DG_GC","continuous_lfc","LY9",0.00418793825285477,NA,0.274862568715642,0.346049996584442,FALSE,FALSE
"DG_GC","continuous_lfc","EDN1",0.00416928226629346,NA,0.28335832083958,0.355649531791481,FALSE,FALSE
"DG_GC","continuous_lfc","SPINT1",0.0041523892388563,NA,0.28135932033983,0.353502735811581,FALSE,FALSE
"DG_GC","continuous_lfc","EDIL3",0.00405720707031809,NA,0.289355322338831,0.361694152923538,FALSE,FALSE
"DG_GC","continuous_lfc","PRL",0.0040185487315687,NA,0.274862568715642,0.346049996584442,FALSE,FALSE
"DG_GC","continuous_lfc","WNT16",0.00400109952381556,NA,0.289855072463768,0.361949504350781,FALSE,FALSE
"DG_GC","continuous_lfc","BMP15",0.00398984726612634,NA,0.296851574212894,0.369932022798367,FALSE,FALSE
"DG_GC","continuous_lfc","CP",0.00394331779078643,NA,0.289355322338831,0.361694152923538,FALSE,FALSE
"DG_GC","continuous_lfc","ANPEP",0.00378907862036125,NA,0.294852573713143,0.367815074132995,FALSE,FALSE
"DG_GC","continuous_lfc","HP",0.00375378642094075,NA,0.289355322338831,0.361694152923538,FALSE,FALSE
"DG_GC","continuous_lfc","CD40",0.00346054131256596,NA,0.318840579710145,0.393333041434972,FALSE,FALSE
"DG_GC","continuous_lfc","FSHB",0.00345294772384528,NA,0.307346326836582,0.382621189405297,FALSE,FALSE
"DG_GC","continuous_lfc","AGRP",0.00340019161178199,NA,0.307846076961519,0.382854258150113,FALSE,FALSE
"DG_GC","continuous_lfc","GJB6",0.0033749566764854,NA,0.327336331834083,0.401790587672096,FALSE,FALSE
"DG_GC","continuous_lfc","MYOC",0.00336673499992285,NA,0.315342328835582,0.390590852197764,FALSE,FALSE
"DG_GC","continuous_lfc","MMP14",0.00332871709345205,NA,0.31384307846077,0.389521551281097,FALSE,FALSE
"DG_GC","continuous_lfc","CCL27",0.00330415141861538,NA,0.317341329335332,0.391878153665103,FALSE,FALSE
"DG_GC","continuous_lfc","NAALADL1",0.00329159836642732,NA,0.316841579210395,0.391878153665103,FALSE,FALSE
"DG_GC","continuous_lfc","GDNF",0.00328361418569178,NA,0.328835582208896,0.402823588205897,FALSE,FALSE
"DG_GC","continuous_lfc","COL6A3",0.00327353537837337,NA,0.324337831084458,0.399310395053729,FALSE,FALSE
"DG_GC","continuous_lfc","CGA",0.00322497471004988,NA,0.311344327836082,0.386812172007303,FALSE,FALSE
"DG_GC","continuous_lfc","COL7A1",0.00315077807285434,NA,0.326336831584208,0.400965515236364,FALSE,FALSE
"DG_GC","continuous_lfc","IGSF10",0.0031493070655889,NA,0.324837581209395,0.399524133515572,FALSE,FALSE
"DG_GC","continuous_lfc","IL13",0.00313891153000787,NA,0.322838580709645,0.397864448057661,FALSE,FALSE
"DG_GC","continuous_lfc","SFRP2",0.00313309931185247,NA,0.317341329335332,0.391878153665103,FALSE,FALSE
"DG_GC","continuous_lfc","PCDHA4",0.00312699422734767,NA,0.328335832083958,0.40261400831116,FALSE,FALSE
"DG_GC","continuous_lfc","APOC3",0.00307692706102181,NA,0.315342328835582,0.390590852197764,FALSE,FALSE
"DG_GC","continuous_lfc","COL13A1",0.00304532198242571,NA,0.335332333833083,0.409553448599728,FALSE,FALSE
"DG_GC","continuous_lfc","LRRN2",0.00291143955762031,NA,0.339830084957521,0.413809000072528,FALSE,FALSE
"DG_GC","continuous_lfc","WIF1",0.00288369057855552,NA,0.337831084457771,0.411784157672408,FALSE,FALSE
"DG_GC","continuous_lfc","LAMC3",0.00284444893231078,NA,0.331834082958521,0.406090660963225,FALSE,FALSE
"DG_GC","continuous_lfc","COL5A1",0.00283045003974205,NA,0.341329335332334,0.415221882603882,FALSE,FALSE
"DG_GC","continuous_lfc","EFEMP2",0.00280426545344535,NA,0.346826586706647,0.421072912503114,FALSE,FALSE
"DG_GC","continuous_lfc","RSPO2",0.00277074096462332,NA,0.353823088455772,0.42829375825921,FALSE,FALSE
"DG_GC","continuous_lfc","IBSP",0.00273855387925725,NA,0.345827086456772,0.420275973124549,FALSE,FALSE
"DG_GC","continuous_lfc","SEMA3C",0.00273595879613594,NA,0.349325337331334,0.423686671515727,FALSE,FALSE
"DG_GC","continuous_lfc","UXS1",0.00267283737565006,NA,0.337831084457771,0.411784157672408,FALSE,FALSE
"DG_GC","continuous_lfc","S100B",0.00264269341859923,NA,0.334332833583208,0.408740240658114,FALSE,FALSE
"DG_GC","continuous_lfc","TDGF1",0.00263554340484651,NA,0.353823088455772,0.42829375825921,FALSE,FALSE
"DG_GC","continuous_lfc","ADAM10",0.00256717208271441,NA,0.354822588705647,0.429079635897747,FALSE,FALSE
"DG_GC","continuous_lfc","WNT10A",0.00252964635010428,NA,0.357821089455272,0.431853038997742,FALSE,FALSE
"DG_GC","continuous_lfc","OMG",0.00234753746141248,NA,0.357321339330335,0.431675188047002,FALSE,FALSE
"DG_GC","continuous_lfc","FCRL6",0.00232216215547073,NA,0.35832083958021,0.432030539848186,FALSE,FALSE
"DG_GC","continuous_lfc","CLDN2",0.00224540384404465,NA,0.373313343328336,0.449222834555217,FALSE,FALSE
"DG_GC","continuous_lfc","COL3A1",0.00209844194173602,NA,0.372313843078461,0.44846062711024,FALSE,FALSE
"DG_GC","continuous_lfc","ABCA1",0.00208238635695285,NA,0.375812093953024,0.451785883309572,FALSE,FALSE
"DG_GC","continuous_lfc","RSPO3",0.00206460791672636,NA,0.389305347326337,0.467090157174106,FALSE,FALSE
"DG_GC","continuous_lfc","IGF1",0.00206398924966031,NA,0.401799100449775,0.478797566197446,FALSE,FALSE
"DG_GC","continuous_lfc","PODXL",0.00203496395950514,NA,0.384807596201899,0.462146377791496,FALSE,FALSE
"DG_GC","continuous_lfc","ADGRB1",0.00199940823755459,NA,0.390804597701149,0.468430168477405,FALSE,FALSE
"DG_GC","continuous_lfc","MSMB",0.00198320606789143,NA,0.392303848075962,0.46976756001276,FALSE,FALSE
"DG_GC","continuous_lfc","WNT9A",0.00186815621416729,NA,0.397801099450275,0.474494982304369,FALSE,FALSE
"DG_GC","continuous_lfc","WNT6",0.00182146154424259,NA,0.393803098450775,0.471102339455272,FALSE,FALSE
"DG_GC","continuous_lfc","FGF17",0.00176469673022914,NA,0.396301849075462,0.473167412395167,FALSE,FALSE
"DG_GC","continuous_lfc","SFRP1",0.00163869457194637,NA,0.405797101449275,0.481687450848219,FALSE,FALSE
"DG_GC","continuous_lfc","CRLF1",0.00161322063982559,NA,0.395802098950525,0.47303177679453,FALSE,FALSE
"DG_GC","continuous_lfc","WNT5B",0.00151702936759636,NA,0.4047976011994,0.480967081929452,FALSE,FALSE
"DG_GC","continuous_lfc","S100A4",0.00145948804597777,NA,0.403798100949525,0.480245314236086,FALSE,FALSE
"DG_GC","continuous_lfc","LACRT",0.00141466862439283,NA,0.410794602698651,0.486676391011458,FALSE,FALSE
"DG_GC","continuous_lfc","CCL3",0.00141332790976843,NA,0.417791104447776,0.493533368320661,FALSE,FALSE
"DG_GC","continuous_lfc","ADAMTS3",0.00138428706928308,NA,0.409795102448776,0.485962246369555,FALSE,FALSE
"DG_GC","continuous_lfc","MATN1",0.00137746279183664,NA,0.412293853073463,0.487980647357481,FALSE,FALSE
"DG_GC","continuous_lfc","C1QB",0.00133066672987643,NA,0.403798100949525,0.480245314236086,FALSE,FALSE
"DG_GC","continuous_lfc","WNT7B",0.00133033384224816,NA,0.417291354322839,0.493418831124978,FALSE,FALSE
"DG_GC","continuous_lfc","HSPG2",0.00110673902845359,NA,0.427786106946527,0.504853546251922,FALSE,FALSE
"DG_GC","continuous_lfc","CEL",0.00108752811076266,NA,0.431284357821089,0.508003209933495,FALSE,FALSE
"DG_GC","continuous_lfc","SPARC",0.00107314547802574,NA,0.43528235882059,0.51172830091672,FALSE,FALSE
"DG_GC","continuous_lfc","LRIT2",0.000971544930562117,NA,0.433783108445777,0.510455627133599,FALSE,FALSE
"DG_GC","continuous_lfc","CD59",0.000967840983198375,NA,0.429785107446277,0.506724501079585,FALSE,FALSE
"DG_GC","continuous_lfc","NMU",0.000966322047984868,NA,0.448275862068966,0.525994186814639,FALSE,FALSE
"DG_GC","continuous_lfc","WNT3",0.000856612733089747,NA,0.447776111944028,0.525911540873858,FALSE,FALSE
"DG_GC","continuous_lfc","IFNA21",0.000521109506731275,NA,0.459770114942529,0.538449704402101,FALSE,FALSE
"DG_GC","continuous_lfc","PDGFA",0.000462563779990227,NA,0.472263868065967,0.550450274387069,FALSE,FALSE
"DG_GC","continuous_lfc","SHBG",0.000421345263218613,NA,0.463268365817091,0.540994993447032,FALSE,FALSE
"DG_GC","continuous_lfc","VEGFA",0.000367112512146125,NA,0.475262368815592,0.553418632888879,FALSE,FALSE
"DG_GC","continuous_lfc","ACE",0.000339203237255805,NA,0.465267366316842,0.542811927369649,FALSE,FALSE
"DG_GC","continuous_lfc","PRSS2",0.000307410155186248,NA,0.461769115442279,0.539758746580908,FALSE,FALSE
"DG_GC","continuous_lfc","COL4A1",0.000304384747217565,NA,0.450774612693653,0.528420000526053,FALSE,FALSE
"DG_GC","continuous_lfc","WNT8B",0.000257395234574265,NA,0.47576211894053,0.553474449859591,FALSE,FALSE
"DG_GC","continuous_lfc","COL15A1",0.000179658598804645,NA,0.460769615192404,0.539104850631036,FALSE,FALSE
"DG_GC","continuous_lfc","ANGPT2",0.000161887025027505,NA,0.48175912043978,0.559388552169413,FALSE,FALSE
"DG_GC","continuous_lfc","NYX",0.000157471480002315,NA,0.48375812093953,0.561177744461103,FALSE,FALSE
"DG_GC","continuous_lfc","PAEP",0.000125475505772955,NA,0.47976011994003,0.557595964825936,FALSE,FALSE
"DG_GC","continuous_lfc","CCL7",7.85724739635965e-05,NA,0.484257871064468,0.5612260095118,FALSE,FALSE
"DG_GC","continuous_lfc","YARS1",-5.09176020495686e-07,NA,0.493753123438281,0.570610920954617,FALSE,FALSE
"DG_GC","continuous_lfc","JAM2",-0.00010604325481523,NA,0.490754622688656,0.568217781468434,FALSE,FALSE
"DG_GC","continuous_lfc","CRP",-0.000155777417266476,NA,0.499750124937531,0.574829955914062,FALSE,FALSE
"DG_GC","continuous_lfc","WNT11",-0.000170264918923343,NA,0.491754122938531,0.568837394333994,FALSE,FALSE
"DG_GC","continuous_lfc","DLL4",-0.000189190967095408,NA,0.499750124937531,0.574829955914062,FALSE,FALSE
"DG_GC","continuous_lfc","INSL5",-0.000221700818599464,NA,0.508745627186407,0.584080031212135,FALSE,FALSE
"DG_GC","continuous_lfc","WNT8A",-0.000253219071812181,NA,0.499750124937531,0.574829955914062,FALSE,FALSE
"DG_GC","continuous_lfc","NPNT",-0.000274448334295912,NA,0.495252373813093,0.571804107371385,FALSE,FALSE
"DG_GC","continuous_lfc","SEMA3A",-0.000372635722050179,NA,0.504747626186906,0.580033622963378,FALSE,FALSE
"DG_GC","continuous_lfc","IL1RN",-0.000389904718297433,NA,0.497751124437781,0.574147954271452,FALSE,FALSE
"DG_GC","continuous_lfc","COL2A1",-0.000519080054271129,NA,0.512243878060969,0.586996024906162,FALSE,FALSE
"DG_GC","continuous_lfc","ADAM29",-0.000560795819144337,NA,0.510244877561219,0.585252785592223,FALSE,FALSE
"DG_GC","continuous_lfc","WNT10B",-0.000671605732663339,NA,0.525737131434283,0.600772375006527,FALSE,FALSE
"DG_GC","continuous_lfc","WNT9B",-0.000728838172097617,NA,0.52023988005997,0.595601731844358,FALSE,FALSE
"DG_GC","continuous_lfc","TAC1",-0.000838023625785875,NA,0.538230884557721,0.611059159947366,FALSE,FALSE
"DG_GC","continuous_lfc","OPCML",-0.00089464928635291,NA,0.52623688155922,0.60078301948746,FALSE,FALSE
"DG_GC","continuous_lfc","FBLN2",-0.000921742908870646,NA,0.523238380809595,0.598475272167838,FALSE,FALSE
"DG_GC","continuous_lfc","OLFM2",-0.000931909796070596,NA,0.533233383308346,0.606509651395287,FALSE,FALSE
"DG_GC","continuous_lfc","ADAM17",-0.000954466858986957,NA,0.537231384307846,0.610490209440734,FALSE,FALSE
"DG_GC","continuous_lfc","HAS1",-0.00106238224824553,NA,0.528235882058971,0.602503682981601,FALSE,FALSE
"DG_GC","continuous_lfc","MMP13",-0.00110459530956989,NA,0.532733633183408,0.606509651395287,FALSE,FALSE
"DG_GC","continuous_lfc","PDGFC",-0.00111545307167303,NA,0.542728635682159,0.615025512220763,FALSE,FALSE
"DG_GC","continuous_lfc","PAPLN",-0.00117229444785314,NA,0.533233383308346,0.606509651395287,FALSE,FALSE
"DG_GC","continuous_lfc","PCSK9",-0.00121548412359088,NA,0.540729635182409,0.613327595461528,FALSE,FALSE
"DG_GC","continuous_lfc","MAG",-0.00123925907056469,NA,0.553723138430785,0.626325802934175,FALSE,FALSE
"DG_GC","continuous_lfc","EDN3",-0.00134709377117548,NA,0.555722138930535,0.628007029695484,FALSE,FALSE
"DG_GC","continuous_lfc","ACE2",-0.00141928136724393,NA,0.548225887056472,0.62068087952327,FALSE,FALSE
"DG_GC","continuous_lfc","CMTM8",-0.00146738766382731,NA,0.569215392303848,0.64148008792292,FALSE,FALSE
"DG_GC","continuous_lfc","CLDN3",-0.00154990884791059,NA,0.566216891554223,0.638688482646338,FALSE,FALSE
"DG_GC","continuous_lfc","PDGFD",-0.00156022703108154,NA,0.582208895552224,0.653717595830865,FALSE,FALSE
"DG_GC","continuous_lfc","WNT4",-0.00165103414918832,NA,0.564217891054473,0.637020199577631,FALSE,FALSE
"DG_GC","continuous_lfc","WNT7A",-0.00169889597183185,NA,0.586206896551724,0.656401689466053,FALSE,FALSE
"DG_GC","continuous_lfc","ENG",-0.00173170101944662,NA,0.584207896051974,0.654761823114061,FALSE,FALSE
"DG_GC","continuous_lfc","EFEMP1",-0.00180979604305231,NA,0.577211394302849,0.649893343769292,TRUE,TRUE
"DG_GC","continuous_lfc","IL36G",-0.00189028661270395,NA,0.614692653673163,0.685100631502431,FALSE,FALSE
"DG_GC","continuous_lfc","FGF4",-0.00191279205080779,NA,0.581209395302349,0.653194045179245,FALSE,FALSE
"DG_GC","continuous_lfc","MELTF",-0.00198439992190222,NA,0.5992003998001,0.669726724229126,FALSE,FALSE
"DG_GC","continuous_lfc","CD40LG",-0.00200605213725006,NA,0.583208395802099,0.654240187598508,FALSE,FALSE
"DG_GC","continuous_lfc","MIF",-0.00217263168277857,NA,0.578210894552724,0.65042088689356,FALSE,FALSE
"DG_GC","continuous_lfc","ANGPTL3",-0.0022111496069149,NA,0.598700649675162,0.669726724229126,FALSE,FALSE
"DG_GC","continuous_lfc","PDGFB",-0.00222986100403996,NA,0.625687156421789,0.694892807449403,FALSE,FALSE
"DG_GC","continuous_lfc","GIP",-0.00237519526136557,NA,0.607696151924038,0.678603269012713,FALSE,FALSE
"DG_GC","continuous_lfc","RECK",-0.00242969394431322,NA,0.609695152423788,0.68021544783164,FALSE,FALSE
"DG_GC","continuous_lfc","TIMP1",-0.00262162358578493,NA,0.617191404297851,0.686702516135211,FALSE,FALSE
"DG_GC","continuous_lfc","ENHO",-0.00274457245432246,NA,0.637181409295352,0.706377580440549,FALSE,FALSE
"DG_GC","continuous_lfc","COL1A1",-0.00280230727720782,NA,0.615192403798101,0.685100631502431,FALSE,FALSE
"DG_GC","continuous_lfc","CTHRC1",-0.00286749764844772,NA,0.618690654672664,0.687745963678778,FALSE,FALSE
"DG_GC","continuous_lfc","ITGAL",-0.00293625111914215,NA,0.629685157421289,0.698699563261847,FALSE,FALSE
"DG_GC","continuous_lfc","GAS6",-0.00302155792058785,NA,0.63968015992004,0.708506506240551,FALSE,FALSE
"DG_GC","continuous_lfc","LEP",-0.00316388574323247,NA,0.658170914542729,0.725706003883747,FALSE,FALSE
"DG_GC","continuous_lfc","MFAP2",-0.003166850298913,NA,0.654172913543228,0.722598574472908,FALSE,FALSE
"DG_GC","continuous_lfc","IL33",-0.00317627526082311,NA,0.666666666666667,0.733752620545073,FALSE,FALSE
"DG_GC","continuous_lfc","DMP1",-0.00324033521650997,NA,0.647176411794103,0.716161792635751,FALSE,FALSE
"DG_GC","continuous_lfc","LAMA4",-0.0032658703093243,NA,0.652173913043478,0.721040652958719,FALSE,FALSE
"DG_GC","continuous_lfc","TGM2",-0.00344996045143854,NA,0.668165917041479,0.734742592796959,FALSE,FALSE
"DG_GC","continuous_lfc","RETN",-0.00349177830271674,NA,0.657671164417791,0.725706003883747,FALSE,FALSE
"DG_GC","continuous_lfc","VIP",-0.0035683475527504,NA,0.659670164917541,0.726704992827327,FALSE,FALSE
"DG_GC","continuous_lfc","PTHLH",-0.00366082731502906,NA,0.685157421289355,0.752076918529982,FALSE,FALSE
"DG_GC","continuous_lfc","SEMA4C",-0.0038751652106992,NA,0.680659670164918,0.747809951526479,FALSE,FALSE
"DG_GC","continuous_lfc","CFAP54",-0.00394315019575713,NA,0.68615692153923,0.752499757283399,FALSE,FALSE
"DG_GC","continuous_lfc","PCDH15",-0.00395231395662706,NA,0.698150924537731,0.762241428305455,FALSE,FALSE
"DG_GC","continuous_lfc","CSF3",-0.00404301140783452,NA,0.692653673163418,0.758266979110981,FALSE,FALSE
"DG_GC","continuous_lfc","VEGFC",-0.00404796205988597,NA,0.72263868065967,0.782698836258263,FALSE,FALSE
"DG_GC","continuous_lfc","HPX",-0.00411276753780793,NA,0.694152923538231,0.75922976011994,FALSE,FALSE
"DG_GC","continuous_lfc","IL36B",-0.00416493529687531,NA,0.72463768115942,0.783327472066436,FALSE,FALSE
"DG_GC","continuous_lfc","TNFSF9",-0.00421023120329338,NA,0.725137431284358,0.783327472066436,FALSE,FALSE
"DG_GC","continuous_lfc","CCL20",-0.00422288454902492,NA,0.689655172413793,0.755659737215471,FALSE,FALSE
"DG_GC","continuous_lfc","LIF",-0.00428832023801827,NA,0.702148925537231,0.765923805683979,FALSE,FALSE
"DG_GC","continuous_lfc","PROK1",-0.00430546925649285,NA,0.713643178410795,0.776388004931815,FALSE,FALSE
"DG_GC","continuous_lfc","PCDHA7",-0.0043432025946877,NA,0.698150924537731,0.762241428305455,FALSE,FALSE
"DG_GC","continuous_lfc","JAG1",-0.00436019317375601,NA,0.71464267866067,0.776785520283337,FALSE,FALSE
"DG_GC","continuous_lfc","HJV",-0.00438391826433825,NA,0.71264367816092,0.775989782886335,FALSE,FALSE
"DG_GC","continuous_lfc","DBH",-0.00460398657642533,NA,0.710644677661169,0.774501539265954,FALSE,FALSE
"DG_GC","continuous_lfc","THPO",-0.00466062750494973,NA,0.738130934532734,0.796661140795241,FALSE,FALSE
"DG_GC","continuous_lfc","GPHA2",-0.00466325709084326,NA,0.723638180909545,0.783089020860594,FALSE,FALSE
"DG_GC","continuous_lfc","NEO1",-0.0047291384514756,NA,0.715642178910545,0.777182330820405,FALSE,FALSE
"DG_GC","continuous_lfc","PRNP",-0.00474714912830279,NA,0.718140929535232,0.779205171550629,FALSE,FALSE
"DG_GC","continuous_lfc","EXOC3-AS1",-0.00493539553487571,NA,0.72063968015992,0.781224432031772,FALSE,FALSE
"DG_GC","continuous_lfc","GDF2",-0.00501331291088278,NA,0.739630184907546,0.797576563830761,FALSE,FALSE
"DG_GC","continuous_lfc","EGF",-0.00508801592988359,NA,0.747126436781609,0.804244187220977,FALSE,FALSE
"DG_GC","continuous_lfc","IL1A",-0.00513278346154587,NA,0.749125437281359,0.80498128128918,FALSE,FALSE
"DG_GC","continuous_lfc","IL36A",-0.00518682198977618,NA,0.758620689655172,0.813044921108999,FALSE,FALSE
"DG_GC","continuous_lfc","LAMA2",-0.00527056355605657,NA,0.760619690154923,0.814474755629178,FALSE,FALSE
"DG_GC","continuous_lfc","CLDN14",-0.00540833310345268,NA,0.748625687156422,0.80498128128918,FALSE,FALSE
"DG_GC","continuous_lfc","FGF8",-0.00542160799429164,NA,0.752123938030985,0.807495025493388,FALSE,FALSE
"DG_GC","continuous_lfc","CCL18",-0.00546479279908745,NA,0.745127436281859,0.802797809538503,FALSE,FALSE
"DG_GC","continuous_lfc","ZDHHC5",-0.00560779222524385,NA,0.754622688655672,0.809468295624517,FALSE,FALSE
"DG_GC","continuous_lfc","MUC1",-0.00570989106971664,NA,0.762618690654673,0.815902092621811,FALSE,FALSE
"DG_GC","continuous_lfc","TCN2",-0.00602485265211433,NA,0.775612193903048,0.828356527926098,FALSE,FALSE
"DG_GC","continuous_lfc","EPCAM",-0.00606633875250631,NA,0.800599700149925,0.854298460525835,FALSE,FALSE
"DG_GC","continuous_lfc","MUC4",-0.00626573697116204,NA,0.771114442778611,0.824271546600173,FALSE,FALSE
"DG_GC","continuous_lfc","WNT5A",-0.00664797539191807,NA,0.80759620189905,0.860265519414206,FALSE,FALSE
"DG_GC","continuous_lfc","ANGPT4",-0.00676794634995689,NA,0.804097951024488,0.85728458660139,FALSE,FALSE
"DG_GC","continuous_lfc","IL10",-0.00691428164540606,NA,0.818090954522739,0.869931787578433,FALSE,FALSE
"DG_GC","continuous_lfc","BTN1A1",-0.00711252629746844,NA,0.822588705647176,0.873955910162872,FALSE,FALSE
"DG_GC","continuous_lfc","ANG",-0.00718599670450793,NA,0.812593703148426,0.864836912560227,FALSE,FALSE
"DG_GC","continuous_lfc","LTA",-0.0071997452783592,NA,0.830084957521239,0.881156042429392,FALSE,FALSE
"DG_GC","continuous_lfc","NTF4",-0.00771902785408985,NA,0.850574712643678,0.900565274838812,FALSE,FALSE
"DG_GC","continuous_lfc","DKK1",-0.00786444382673993,NA,0.84607696151924,0.896578095035527,FALSE,FALSE
"DG_GC","continuous_lfc","OXT",-0.00796043822184298,NA,0.838580709645177,0.889403782957006,FALSE,FALSE
"DG_GC","continuous_lfc","FGF2",-0.00835176321491869,NA,0.865567216391804,0.914857497911959,FALSE,FALSE
"DG_GC","continuous_lfc","HMGB1",-0.00854573563545891,NA,0.87856071964018,0.925397146654532,FALSE,FALSE
"DG_GC","continuous_lfc","CXCL6",-0.00855679042147349,NA,0.863068465767116,0.913004206014437,FALSE,FALSE
"DG_GC","continuous_lfc","IL19",-0.00890092114244691,NA,0.88455772113943,0.928520315677637,FALSE,FALSE
"DG_GC","continuous_lfc","IGSF11",-0.00896901922924029,NA,0.878060969515242,0.925397146654532,FALSE,FALSE
"DG_GC","continuous_lfc","MPDZ",-0.00897808504976177,NA,0.870064967516242,0.918818607937411,FALSE,FALSE
"DG_GC","continuous_lfc","PSG9",-0.00903209107820203,NA,0.875562218890555,0.923827491938785,FALSE,FALSE
"DG_GC","continuous_lfc","FGF21",-0.009138720805054,NA,0.892053973013493,0.934511376790237,FALSE,FALSE
"DG_GC","continuous_lfc","CXCL8",-0.00922043511626849,NA,0.892553723138431,0.934511376790237,FALSE,FALSE
"DG_GC","continuous_lfc","TNC",-0.00929430905466288,NA,0.888555722138931,0.93191845857893,TRUE,TRUE
"DG_GC","continuous_lfc","IHH",-0.00935294654904787,NA,0.88255872063968,0.928012388655458,FALSE,FALSE
"DG_GC","continuous_lfc","IGFBPL1",-0.0094521121704392,NA,0.895052473763118,0.936327310298736,FALSE,FALSE
"DG_GC","continuous_lfc","DSC3",-0.00969690213221358,NA,0.881559220389805,0.927757770599236,FALSE,FALSE
"DG_GC","continuous_lfc","BACE2",-0.00999127069199883,NA,0.883558220889555,0.928266569974018,FALSE,FALSE
"DG_GC","continuous_lfc","TNF",-0.0100467780911914,NA,0.899550224887556,0.940229543931106,FALSE,FALSE
"DG_GC","continuous_lfc","NODAL",-0.0104817929659795,NA,0.924537731134433,0.963879762246536,FALSE,FALSE
"DG_GC","continuous_lfc","HRG",-0.0105040202254177,NA,0.905047476261869,0.945168933010051,FALSE,FALSE
"DG_GC","continuous_lfc","ANGPTL2",-0.0108464857900165,NA,0.929035482258871,0.967745294019657,FALSE,FALSE
"DG_GC","continuous_lfc","PF4",-0.0112312925033083,NA,0.924537731134433,0.963879762246536,FALSE,FALSE
"DG_GC","continuous_lfc","COL22A1",-0.0114331971568846,NA,0.931534232883558,0.967879079968074,FALSE,FALSE
"DG_GC","continuous_lfc","BMP2",-0.0115427180818983,NA,0.931534232883558,0.967879079968074,FALSE,FALSE
"DG_GC","continuous_lfc","SIGLEC6",-0.0115790428763158,NA,0.931034482758621,0.967879079968074,FALSE,FALSE
"DG_GC","continuous_lfc","WNT3A",-0.012046831214269,NA,0.934032983508246,0.969652885421696,FALSE,FALSE
"DG_GC","continuous_lfc","EPHA4",-0.0121338316541295,NA,0.944527736131934,0.978061265225376,FALSE,FALSE
"DG_GC","continuous_lfc","OCLN",-0.012170127788237,NA,0.940029985007496,0.974227353328412,FALSE,FALSE
"DG_GC","continuous_lfc","SELL",-0.0123681574400589,NA,0.940029985007496,0.974227353328412,FALSE,FALSE
"DG_GC","continuous_lfc","TNFSF12",-0.0129977328391505,NA,0.95952023988006,0.991072760415745,FALSE,FALSE
"DG_GC","continuous_lfc","GDF5",-0.0132525058602948,NA,0.958020989505247,0.99035925075437,FALSE,FALSE
"DG_GC","continuous_lfc","EPO",-0.0134302077101374,NA,0.969015492253873,0.998354901607228,FALSE,FALSE
"DG_GC","continuous_lfc","SHH",-0.013929982133458,NA,0.95552223888056,0.988610424517471,FALSE,FALSE
"DG_GC","continuous_lfc","IL1B",-0.0140074291390486,NA,0.961019490254873,0.991785067870446,FALSE,FALSE
"DG_GC","continuous_lfc","BDNF",-0.0146548282420033,NA,0.975512243878061,1,FALSE,FALSE
"DG_GC","continuous_lfc","SNX14",-0.0147310687970365,NA,0.96751624187906,0.997649323486405,FALSE,FALSE
"DG_GC","continuous_lfc","TNFSF11",-0.0148735695530667,NA,0.981009495252374,1,FALSE,FALSE
"DG_GC","continuous_lfc","HBEGF",-0.0149071191536349,NA,0.975012493753123,1,FALSE,FALSE
"DG_GC","continuous_lfc","MIA",-0.0154881294912431,NA,0.978510744627686,1,FALSE,FALSE
"DG_GC","continuous_lfc","IFITM1",-0.0158984264755245,NA,0.983008495752124,1,FALSE,FALSE
"DG_GC","continuous_lfc","IL4",-0.0159507198950144,NA,0.983508245877061,1,FALSE,FALSE
"DG_GC","continuous_lfc","ORM1",-0.0166420080463394,NA,0.986006996501749,1,FALSE,FALSE
"DG_GC","continuous_lfc","IL24",-0.0174958748947678,NA,0.992503748125937,1,FALSE,FALSE
"DG_GC","continuous_lfc","CCL2",-0.018624736809326,NA,0.991004497751124,1,FALSE,FALSE
"DG_GC","continuous_lfc","IGFL1",-0.0186620160912887,NA,0.991004497751124,1,FALSE,FALSE
"DG_GC","continuous_lfc","IGF2",-0.0189612305831393,NA,0.993003498250875,1,FALSE,FALSE
"DG_GC","continuous_lfc","POSTN",-0.0197519303590461,NA,0.996501749125437,1,FALSE,FALSE
"DG_GC","continuous_lfc","CXCL1",-0.0198478849912673,NA,0.996501749125437,1,FALSE,FALSE
"DG_GC","continuous_lfc","WBP1",-0.0201544400178909,NA,0.996501749125437,1,FALSE,FALSE
"DG_GC","continuous_lfc","TGFB2",-0.0205890418577001,NA,0.995502248875562,1,FALSE,FALSE
"DG_GC","continuous_lfc","FGF10",-0.0212495357569372,NA,0.997501249375312,1,FALSE,FALSE
"DG_GC","continuous_lfc","GDF11",-0.021314615318479,NA,0.9960019990005,1,FALSE,FALSE
"DG_GC","continuous_lfc","CCL19",-0.0215256095118134,NA,0.99800099950025,1,FALSE,FALSE
"DG_GC","continuous_lfc","BMP6",-0.0216987867088172,NA,0.999000499750125,1,FALSE,FALSE
"DG_GC","continuous_lfc","BMP7",-0.022080830914358,NA,0.99800099950025,1,FALSE,FALSE
"DG_GC","continuous_lfc","IL20",-0.0224972443626305,NA,0.999000499750125,1,FALSE,FALSE
"DG_GC","continuous_lfc","MSTN",-0.0235567140821412,NA,1,1,FALSE,FALSE
"DG_GC","continuous_lfc","SLITRK1",-0.0245956613722904,NA,0.999500249875062,1,FALSE,FALSE
"DG_GC","continuous_lfc","IL25",-0.0246174967755289,NA,0.999500249875062,1,FALSE,FALSE
"DG_GC","continuous_lfc","LVRN",-0.0250240740606681,NA,0.999500249875062,1,FALSE,FALSE
"DG_GC","continuous_lfc","ADM",-0.0271569244192986,NA,0.999500249875062,1,FALSE,FALSE
"DG_GC","continuous_lfc","CLDN1",-0.0279403575949553,NA,1,1,FALSE,FALSE
"DG_GC","continuous_lfc","FGF7",-0.0305015524278142,NA,1,1,FALSE,FALSE
"DG_GC","continuous_lfc","ANGPTL4",-0.0306654970842052,NA,1,1,FALSE,FALSE
"DG_GC","continuous_lfc","IL17C",-0.032492143985015,NA,1,1,FALSE,FALSE
"DG_GC","continuous_lfc","FGF1",-0.0325969557656057,NA,1,1,FALSE,FALSE
"DG_GC","continuous_lfc","INHBA",-0.0337831150987994,NA,1,1,FALSE,FALSE
"DG_GC","continuous_lfc","TGFB1",-0.0378587374732302,NA,1,1,FALSE,FALSE
"DG_GC","continuous_lfc","WNT1",-0.0429046042139121,NA,1,1,FALSE,FALSE
"DG_GC","continuous_lfc","NOG",-0.047789825141418,NA,1,1,FALSE,FALSE
"DG_GC","continuous_lfc","BMP4",-0.0526023130257656,NA,1,1,FALSE,FALSE
"DG_GC","continuous_lfc","IGFL3",NA,NA,NA,NA,FALSE,FALSE
"InN","continuous_lfc","IFNG",0.0720392362761765,NA,0.000499750124937531,0.000738472741916135,FALSE,FALSE
"InN","continuous_lfc","IL27",0.0654926858036801,NA,0.000499750124937531,0.000738472741916135,FALSE,FALSE
"InN","continuous_lfc","IFNL1",0.0604484282333074,NA,0.000499750124937531,0.000738472741916135,FALSE,FALSE
"InN","continuous_lfc","IFNA1",0.0579857168330669,NA,0.000499750124937531,0.000738472741916135,FALSE,FALSE
"InN","continuous_lfc","TNF",0.0499920457726578,NA,0.000499750124937531,0.000738472741916135,FALSE,FALSE
"InN","continuous_lfc","IL4",0.045287004038433,NA,0.000499750124937531,0.000738472741916135,FALSE,FALSE
"InN","continuous_lfc","IFNB1",0.0443767072416666,NA,0.000499750124937531,0.000738472741916135,FALSE,FALSE
"InN","continuous_lfc","IL6",0.0437377635591905,NA,0.000499750124937531,0.000738472741916135,FALSE,FALSE
"InN","continuous_lfc","CALM2",0.0437037866281136,NA,0.000499750124937531,0.000738472741916135,FALSE,FALSE
"InN","continuous_lfc","IFNA13",0.0432542963236884,NA,0.000499750124937531,0.000738472741916135,FALSE,FALSE
"InN","continuous_lfc","IFNA2",0.0430497075460628,NA,0.000499750124937531,0.000738472741916135,FALSE,FALSE
"InN","continuous_lfc","IFNA8",0.042803497383944,NA,0.000499750124937531,0.000738472741916135,FALSE,FALSE
"InN","continuous_lfc","IFNA10",0.0425352710799564,NA,0.000499750124937531,0.000738472741916135,FALSE,FALSE
"InN","continuous_lfc","IFNA21",0.0418668395185839,NA,0.000499750124937531,0.000738472741916135,FALSE,FALSE
"InN","continuous_lfc","IL1B",0.0417647135787243,NA,0.000499750124937531,0.000738472741916135,FALSE,FALSE
"InN","continuous_lfc","CCL23",0.0414285500218275,NA,0.000499750124937531,0.000738472741916135,FALSE,FALSE
"InN","continuous_lfc","CLEC4G",0.0407880212419075,NA,0.000499750124937531,0.000738472741916135,FALSE,FALSE
"InN","continuous_lfc","ICAM1",0.0400936506603949,NA,0.000499750124937531,0.000738472741916135,FALSE,FALSE
"InN","continuous_lfc","IFNA4",0.0400306410251757,NA,0.000499750124937531,0.000738472741916135,FALSE,FALSE
"InN","continuous_lfc","LRTM2",0.0399344176278426,NA,0.000499750124937531,0.000738472741916135,FALSE,FALSE
"InN","continuous_lfc","IL33",0.0397377056384632,NA,0.000499750124937531,0.000738472741916135,FALSE,FALSE
"InN","continuous_lfc","OSM",0.0395224427044044,NA,0.000499750124937531,0.000738472741916135,FALSE,FALSE
"InN","continuous_lfc","CSF1",0.039465860161164,NA,0.000499750124937531,0.000738472741916135,FALSE,FALSE
"InN","continuous_lfc","NGF",0.0394142536379589,NA,0.000499750124937531,0.000738472741916135,FALSE,FALSE
"InN","continuous_lfc","SFTPD",0.0393387671302976,NA,0.000499750124937531,0.000738472741916135,FALSE,FALSE
"InN","continuous_lfc","SELP",0.0391978400529789,NA,0.000499750124937531,0.000738472741916135,FALSE,FALSE
"InN","continuous_lfc","EBI3",0.0391594594891222,NA,0.000499750124937531,0.000738472741916135,FALSE,FALSE
"InN","continuous_lfc","LEAP2",0.0389658463472415,NA,0.000499750124937531,0.000738472741916135,FALSE,FALSE
"InN","continuous_lfc","DCN",0.0387785419306485,NA,0.000499750124937531,0.000738472741916135,FALSE,FALSE
"InN","continuous_lfc","IFNK",0.038640808242575,NA,0.000499750124937531,0.000738472741916135,FALSE,FALSE
"InN","continuous_lfc","ASIP",0.0385495945359047,NA,0.000499750124937531,0.000738472741916135,FALSE,FALSE
"InN","continuous_lfc","IFNL4",0.0384866881706755,NA,0.000499750124937531,0.000738472741916135,FALSE,FALSE
"InN","continuous_lfc","IFNA5",0.0384742480303227,NA,0.000499750124937531,0.000738472741916135,FALSE,FALSE
"InN","continuous_lfc","TNFSF13B",0.0384294126105411,NA,0.000499750124937531,0.000738472741916135,FALSE,FALSE
"InN","continuous_lfc","IFNW1",0.0383780190032853,NA,0.000499750124937531,0.000738472741916135,FALSE,FALSE
"InN","continuous_lfc","FGF5",0.0383049185211994,NA,0.000499750124937531,0.000738472741916135,FALSE,FALSE
"InN","continuous_lfc","IFNA7",0.0382554212073222,NA,0.000499750124937531,0.000738472741916135,FALSE,FALSE
"InN","continuous_lfc","IFNA14",0.03825034195835,NA,0.000499750124937531,0.000738472741916135,FALSE,FALSE
"InN","continuous_lfc","EFNA5",0.0382366201853898,NA,0.000499750124937531,0.000738472741916135,FALSE,FALSE
"InN","continuous_lfc","BMP8B",0.0381858790491636,NA,0.000499750124937531,0.000738472741916135,FALSE,FALSE
"InN","continuous_lfc","IFNA17",0.0381725822732204,NA,0.000499750124937531,0.000738472741916135,FALSE,FALSE
"InN","continuous_lfc","ANGPT4",0.0381192601733578,NA,0.000499750124937531,0.000738472741916135,FALSE,FALSE
"InN","continuous_lfc","EFNA4",0.0380617164666145,NA,0.000499750124937531,0.000738472741916135,FALSE,FALSE
"InN","continuous_lfc","CLCF1",0.0380426069276601,NA,0.000499750124937531,0.000738472741916135,FALSE,FALSE
"InN","continuous_lfc","PTPRC",0.0379332656136152,NA,0.000499750124937531,0.000738472741916135,FALSE,FALSE
"InN","continuous_lfc","ANGPTL3",0.0378134841140557,NA,0.000499750124937531,0.000738472741916135,FALSE,FALSE
"InN","continuous_lfc","GAL",0.0374655089634318,NA,0.000499750124937531,0.000738472741916135,FALSE,FALSE
"InN","continuous_lfc","IFNL3",0.0374085699706703,NA,0.000499750124937531,0.000738472741916135,FALSE,FALSE
"InN","continuous_lfc","SIGLEC14",0.0371655631906996,NA,0.000499750124937531,0.000738472741916135,FALSE,FALSE
"InN","continuous_lfc","SDC2",0.0370801923967234,NA,0.000499750124937531,0.000738472741916135,FALSE,FALSE
"InN","continuous_lfc","SOST",0.0370749583326609,NA,0.000499750124937531,0.000738472741916135,FALSE,FALSE
"InN","continuous_lfc","LRRC4",0.0369807527968037,NA,0.000499750124937531,0.000738472741916135,FALSE,FALSE
"InN","continuous_lfc","IL31",0.0369782494114573,NA,0.000499750124937531,0.000738472741916135,FALSE,FALSE
"InN","continuous_lfc","NXPH2",0.0369761761754031,NA,0.000499750124937531,0.000738472741916135,FALSE,FALSE
"InN","continuous_lfc","IFNL2",0.0369735653362168,NA,0.000499750124937531,0.000738472741916135,FALSE,FALSE
"InN","continuous_lfc","IFNA16",0.0369115437185464,NA,0.000499750124937531,0.000738472741916135,FALSE,FALSE
"InN","continuous_lfc","LIF",0.0368344567132022,NA,0.000499750124937531,0.000738472741916135,FALSE,FALSE
"InN","continuous_lfc","AGRN",0.0368157972846484,NA,0.000499750124937531,0.000738472741916135,FALSE,FALSE
"InN","continuous_lfc","RARRES2",0.0367807358731967,NA,0.000499750124937531,0.000738472741916135,FALSE,FALSE
"InN","continuous_lfc","CCL7",0.0367801498561421,NA,0.000499750124937531,0.000738472741916135,FALSE,FALSE
"InN","continuous_lfc","MMP13",0.0367203458695857,NA,0.000499750124937531,0.000738472741916135,FALSE,FALSE
"InN","continuous_lfc","HLA-DRA",0.0366326507322325,NA,0.000499750124937531,0.000738472741916135,FALSE,FALSE
"InN","continuous_lfc","AMH",0.0366098093122261,NA,0.000499750124937531,0.000738472741916135,FALSE,FALSE
"InN","continuous_lfc","HSP90B1",0.0365849259155176,NA,0.000499750124937531,0.000738472741916135,FALSE,FALSE
"InN","continuous_lfc","CYTL1",0.0365398944926413,NA,0.000499750124937531,0.000738472741916135,TRUE,TRUE
"InN","continuous_lfc","HLA-G",0.0364368875850057,NA,0.000499750124937531,0.000738472741916135,FALSE,FALSE
"InN","continuous_lfc","JAML",0.0363196448812908,NA,0.000499750124937531,0.000738472741916135,FALSE,FALSE
"InN","continuous_lfc","UTS2",0.0362707737270464,NA,0.000499750124937531,0.000738472741916135,FALSE,FALSE
"InN","continuous_lfc","IL10",0.0362551398315137,NA,0.000499750124937531,0.000738472741916135,FALSE,FALSE
"InN","continuous_lfc","IFITM1",0.0361178026216125,NA,0.000499750124937531,0.000738472741916135,FALSE,FALSE
"InN","continuous_lfc","CXCL11",0.0360117964943472,NA,0.000499750124937531,0.000738472741916135,FALSE,FALSE
"InN","continuous_lfc","BMP3",0.0360069011719618,NA,0.000499750124937531,0.000738472741916135,FALSE,FALSE
"InN","continuous_lfc","GH2",0.0359996772499684,NA,0.000499750124937531,0.000738472741916135,FALSE,FALSE
"InN","continuous_lfc","CSH2",0.0359910308187471,NA,0.000499750124937531,0.000738472741916135,FALSE,FALSE
"InN","continuous_lfc","TNFSF4",0.0359581839031412,NA,0.000499750124937531,0.000738472741916135,FALSE,FALSE
"InN","continuous_lfc","IFNA6",0.0359325107907591,NA,0.000499750124937531,0.000738472741916135,FALSE,FALSE
"InN","continuous_lfc","CALM1",0.0358074044642637,NA,0.000499750124937531,0.000738472741916135,FALSE,FALSE
"InN","continuous_lfc","UCN2",0.0357982626558756,NA,0.000499750124937531,0.000738472741916135,FALSE,FALSE
"InN","continuous_lfc","IL3",0.0356392716341144,NA,0.000499750124937531,0.000738472741916135,FALSE,FALSE
"InN","continuous_lfc","GUCA2B",0.0356338718378014,NA,0.000499750124937531,0.000738472741916135,FALSE,FALSE
"InN","continuous_lfc","MUC7",0.0355493560322393,NA,0.000499750124937531,0.000738472741916135,FALSE,FALSE
"InN","continuous_lfc","CD300C",0.0354169312154015,NA,0.000499750124937531,0.000738472741916135,FALSE,FALSE
"InN","continuous_lfc","CD38",0.0353614811267128,NA,0.000999500249875062,0.00132366249307779,FALSE,FALSE
"InN","continuous_lfc","COL9A2",0.035327760610135,NA,0.000499750124937531,0.000738472741916135,FALSE,FALSE
"InN","continuous_lfc","LHB",0.0352579684389387,NA,0.000499750124937531,0.000738472741916135,FALSE,FALSE
"InN","continuous_lfc","PSPN",0.0352297103220455,NA,0.000499750124937531,0.000738472741916135,FALSE,FALSE
"InN","continuous_lfc","TPO",0.0351995789105079,NA,0.000499750124937531,0.000738472741916135,FALSE,FALSE
"InN","continuous_lfc","PI16",0.0351664335538087,NA,0.000499750124937531,0.000738472741916135,FALSE,FALSE
"InN","continuous_lfc","HLA-E",0.0351195742874739,NA,0.000499750124937531,0.000738472741916135,FALSE,FALSE
"InN","continuous_lfc","CD72",0.0350745472709785,NA,0.000499750124937531,0.000738472741916135,FALSE,FALSE
"InN","continuous_lfc","EPGN",0.0350561121270429,NA,0.000499750124937531,0.000738472741916135,FALSE,FALSE
"InN","continuous_lfc","UCN",0.0350180187910524,NA,0.000499750124937531,0.000738472741916135,FALSE,FALSE
"InN","continuous_lfc","CSHL1",0.0349890097377819,NA,0.000499750124937531,0.000738472741916135,FALSE,FALSE
"InN","continuous_lfc","KIR2DL5A",0.0348782393819195,NA,0.000499750124937531,0.000738472741916135,FALSE,FALSE
"InN","continuous_lfc","FBLN2",0.0348040289803279,NA,0.000499750124937531,0.000738472741916135,FALSE,FALSE
"InN","continuous_lfc","HLA-F",0.0346933325406956,NA,0.000499750124937531,0.000738472741916135,FALSE,FALSE
"InN","continuous_lfc","MMP26",0.0346788803399741,NA,0.000499750124937531,0.000738472741916135,FALSE,FALSE
"InN","continuous_lfc","IL5",0.034670990594576,NA,0.000499750124937531,0.000738472741916135,FALSE,FALSE
"InN","continuous_lfc","PRLH",0.0346613429269124,NA,0.000499750124937531,0.000738472741916135,FALSE,FALSE
"InN","continuous_lfc","CD226",0.0345693468068598,NA,0.000499750124937531,0.000738472741916135,FALSE,FALSE
"InN","continuous_lfc","TSLP",0.0345529457434041,NA,0.000499750124937531,0.000738472741916135,FALSE,FALSE
"InN","continuous_lfc","PATJ",0.0344865539817073,NA,0.000499750124937531,0.000738472741916135,FALSE,FALSE
"InN","continuous_lfc","KISS1",0.0344228650978897,NA,0.000499750124937531,0.000738472741916135,FALSE,FALSE
"InN","continuous_lfc","TPSG1",0.0344190251487826,NA,0.000499750124937531,0.000738472741916135,FALSE,FALSE
"InN","continuous_lfc","BMP15",0.0344043750793376,NA,0.000499750124937531,0.000738472741916135,FALSE,FALSE
"InN","continuous_lfc","SIGLEC12",0.0343937585513708,NA,0.000499750124937531,0.000738472741916135,FALSE,FALSE
"InN","continuous_lfc","FGF14",0.034367764599533,NA,0.000499750124937531,0.000738472741916135,FALSE,FALSE
"InN","continuous_lfc","CCL1",0.0343677526378904,NA,0.000499750124937531,0.000738472741916135,FALSE,FALSE
"InN","continuous_lfc","TFF1",0.0343460162628285,NA,0.000499750124937531,0.000738472741916135,FALSE,FALSE
"InN","continuous_lfc","CD1D",0.0343291557779375,NA,0.000499750124937531,0.000738472741916135,FALSE,FALSE
"InN","continuous_lfc","NTS",0.0342784643560675,NA,0.000499750124937531,0.000738472741916135,FALSE,FALSE
"InN","continuous_lfc","C1QA",0.0342733998697067,NA,0.000499750124937531,0.000738472741916135,FALSE,FALSE
"InN","continuous_lfc","CCL17",0.0342669095947477,NA,0.000499750124937531,0.000738472741916135,FALSE,FALSE
"InN","continuous_lfc","HLA-C",0.0342389235023805,NA,0.000499750124937531,0.000738472741916135,FALSE,FALSE
"InN","continuous_lfc","F11",0.0341786124026178,NA,0.000499750124937531,0.000738472741916135,FALSE,FALSE
"InN","continuous_lfc","NCR3LG1",0.0341575875136232,NA,0.000499750124937531,0.000738472741916135,FALSE,FALSE
"InN","continuous_lfc","FLRT3",0.0341437472413631,NA,0.000499750124937531,0.000738472741916135,FALSE,FALSE
"InN","continuous_lfc","COL19A1",0.0341113315100294,NA,0.000499750124937531,0.000738472741916135,FALSE,FALSE
"InN","continuous_lfc","ANGPT2",0.0340759763957514,NA,0.000499750124937531,0.000738472741916135,FALSE,FALSE
"InN","continuous_lfc","HLA-DMA",0.0340685524505436,NA,0.000499750124937531,0.000738472741916135,FALSE,FALSE
"InN","continuous_lfc","CSF2",0.0340576997803613,NA,0.000499750124937531,0.000738472741916135,FALSE,FALSE
"InN","continuous_lfc","BTLA",0.0339745555494751,NA,0.000499750124937531,0.000738472741916135,FALSE,FALSE
"InN","continuous_lfc","SEMA4D",0.033945565455526,NA,0.000499750124937531,0.000738472741916135,FALSE,FALSE
"InN","continuous_lfc","DKK3",0.033941716454765,NA,0.000499750124937531,0.000738472741916135,FALSE,FALSE
"InN","continuous_lfc","COL4A6",0.0339134591305927,NA,0.000499750124937531,0.000738472741916135,FALSE,FALSE
"InN","continuous_lfc","SLURP1",0.0339121953920417,NA,0.000499750124937531,0.000738472741916135,FALSE,FALSE
"InN","continuous_lfc","SIGLEC15",0.0339028019847357,NA,0.000499750124937531,0.000738472741916135,FALSE,FALSE
"InN","continuous_lfc","NAALADL1",0.0338979532857461,NA,0.000499750124937531,0.000738472741916135,FALSE,FALSE
"InN","continuous_lfc","PIP",0.0338302221721075,NA,0.000499750124937531,0.000738472741916135,FALSE,FALSE
"InN","continuous_lfc","PLB1",0.0338124407551017,NA,0.000499750124937531,0.000738472741916135,FALSE,FALSE
"InN","continuous_lfc","IL37",0.0338103137917087,NA,0.000499750124937531,0.000738472741916135,FALSE,FALSE
"InN","continuous_lfc","CD28",0.0337679505329535,NA,0.000499750124937531,0.000738472741916135,FALSE,FALSE
"InN","continuous_lfc","BMP8A",0.0337176817393891,NA,0.000499750124937531,0.000738472741916135,FALSE,FALSE
"InN","continuous_lfc","DEFB103B",0.0337175685548954,NA,0.000499750124937531,0.000738472741916135,FALSE,FALSE
"InN","continuous_lfc","TF",0.0337124582146024,NA,0.000499750124937531,0.000738472741916135,FALSE,FALSE
"InN","continuous_lfc","FGF22",0.0336823728695143,NA,0.000499750124937531,0.000738472741916135,FALSE,FALSE
"InN","continuous_lfc","ZG16B",0.0336732394211799,NA,0.000499750124937531,0.000738472741916135,FALSE,FALSE
"InN","continuous_lfc","FGF12",0.0336679401655862,NA,0.000499750124937531,0.000738472741916135,FALSE,FALSE
"InN","continuous_lfc","HCRT",0.033623413100456,NA,0.000499750124937531,0.000738472741916135,FALSE,FALSE
"InN","continuous_lfc","CCL8",0.0336104951055646,NA,0.000499750124937531,0.000738472741916135,FALSE,FALSE
"InN","continuous_lfc","VSIG10",0.0335989619395323,NA,0.000499750124937531,0.000738472741916135,FALSE,FALSE
"InN","continuous_lfc","SIGLEC1",0.0335573940679463,NA,0.000499750124937531,0.000738472741916135,FALSE,FALSE
"InN","continuous_lfc","REN",0.0335514644624934,NA,0.000499750124937531,0.000738472741916135,FALSE,FALSE
"InN","continuous_lfc","LEFTY2",0.0335325690201709,NA,0.000499750124937531,0.000738472741916135,FALSE,FALSE
"InN","continuous_lfc","CLEC2L",0.0335325481039259,NA,0.000499750124937531,0.000738472741916135,FALSE,FALSE
"InN","continuous_lfc","IGFBP4",0.0335196409739767,NA,0.000499750124937531,0.000738472741916135,FALSE,FALSE
"InN","continuous_lfc","ICAM3",0.0334942666466846,NA,0.000499750124937531,0.000738472741916135,FALSE,FALSE
"InN","continuous_lfc","RSPO3",0.0334930505255998,NA,0.000499750124937531,0.000738472741916135,FALSE,FALSE
"InN","continuous_lfc","CLDN24",0.0334864656693664,NA,0.000499750124937531,0.000738472741916135,FALSE,FALSE
"InN","continuous_lfc","ANGPTL5",0.0334541862205245,NA,0.000499750124937531,0.000738472741916135,FALSE,FALSE
"InN","continuous_lfc","IL1F10",0.0334347661061056,NA,0.000499750124937531,0.000738472741916135,FALSE,FALSE
"InN","continuous_lfc","PTGS2",0.0333988066403863,NA,0.000499750124937531,0.000738472741916135,FALSE,FALSE
"InN","continuous_lfc","CD209",0.0333656122245407,NA,0.000499750124937531,0.000738472741916135,FALSE,FALSE
"InN","continuous_lfc","A2M",0.0333205074388588,NA,0.000499750124937531,0.000738472741916135,FALSE,FALSE
"InN","continuous_lfc","KIR2DS3",0.0333160711668582,NA,0.000499750124937531,0.000738472741916135,FALSE,FALSE
"InN","continuous_lfc","GH1",0.0333151466717355,NA,0.000499750124937531,0.000738472741916135,FALSE,FALSE
"InN","continuous_lfc","CSH1",0.0332900775836605,NA,0.000499750124937531,0.000738472741916135,FALSE,FALSE
"InN","continuous_lfc","S100A4",0.0332888747432717,NA,0.000499750124937531,0.000738472741916135,FALSE,FALSE
"InN","continuous_lfc","HLA-DRB5",0.0332775663567184,NA,0.000499750124937531,0.000738472741916135,FALSE,FALSE
"InN","continuous_lfc","CXCL5",0.0332698377264239,NA,0.000499750124937531,0.000738472741916135,FALSE,FALSE
"InN","continuous_lfc","CD82",0.0332592430857727,NA,0.000499750124937531,0.000738472741916135,FALSE,FALSE
"InN","continuous_lfc","PSG7",0.0332360435736809,NA,0.000499750124937531,0.000738472741916135,FALSE,FALSE
"InN","continuous_lfc","SLITRK1",0.0332163509533548,NA,0.000499750124937531,0.000738472741916135,FALSE,FALSE
"InN","continuous_lfc","BTNL9",0.033215918869878,NA,0.000499750124937531,0.000738472741916135,FALSE,FALSE
"InN","continuous_lfc","NAMPT",0.0331852243736869,NA,0.000499750124937531,0.000738472741916135,FALSE,FALSE
"InN","continuous_lfc","LILRB2",0.0331786234201252,NA,0.000499750124937531,0.000738472741916135,FALSE,FALSE
"InN","continuous_lfc","IL26",0.0331704475650461,NA,0.000499750124937531,0.000738472741916135,FALSE,FALSE
"InN","continuous_lfc","TMEM190",0.0331689786885272,NA,0.000499750124937531,0.000738472741916135,FALSE,FALSE
"InN","continuous_lfc","TREML1",0.0331378946649714,NA,0.000499750124937531,0.000738472741916135,FALSE,FALSE
"InN","continuous_lfc","CD14",0.0331178747467378,NA,0.000499750124937531,0.000738472741916135,FALSE,FALSE
"InN","continuous_lfc","ICAM2",0.0330738294369907,NA,0.000499750124937531,0.000738472741916135,FALSE,FALSE
"InN","continuous_lfc","CRHR2",0.0330701558106712,NA,0.000999500249875062,0.00132366249307779,FALSE,FALSE
"InN","continuous_lfc","BMP1",0.0330506466594266,NA,0.000499750124937531,0.000738472741916135,FALSE,FALSE
"InN","continuous_lfc","CD80",0.0330388948615378,NA,0.000499750124937531,0.000738472741916135,FALSE,FALSE
"InN","continuous_lfc","VTCN1",0.0330305977695812,NA,0.000499750124937531,0.000738472741916135,FALSE,FALSE
"InN","continuous_lfc","SIGLEC9",0.0330073592868493,NA,0.000499750124937531,0.000738472741916135,FALSE,FALSE
"InN","continuous_lfc","IGFBP7",0.0330067679443918,NA,0.000499750124937531,0.000738472741916135,FALSE,FALSE
"InN","continuous_lfc","GDF6",0.032996466158878,NA,0.000499750124937531,0.000738472741916135,FALSE,FALSE
"InN","continuous_lfc","ACE2",0.0329829956459768,NA,0.000499750124937531,0.000738472741916135,FALSE,FALSE
"InN","continuous_lfc","ADGRB1",0.0329595706431643,NA,0.000499750124937531,0.000738472741916135,FALSE,FALSE
"InN","continuous_lfc","IFNE",0.0329458758990809,NA,0.000499750124937531,0.000738472741916135,FALSE,FALSE
"InN","continuous_lfc","CD1B",0.0329299763779882,NA,0.000499750124937531,0.000738472741916135,FALSE,FALSE
"InN","continuous_lfc","DSCAML1",0.0329280943501574,NA,0.000499750124937531,0.000738472741916135,FALSE,FALSE
"InN","continuous_lfc","IGFBP3",0.0329147440953608,NA,0.000499750124937531,0.000738472741916135,FALSE,FALSE
"InN","continuous_lfc","INHA",0.0329004346061966,NA,0.000499750124937531,0.000738472741916135,FALSE,FALSE
"InN","continuous_lfc","CRISP2",0.032891002204927,NA,0.000499750124937531,0.000738472741916135,FALSE,FALSE
"InN","continuous_lfc","FGF11",0.0328394649405689,NA,0.000499750124937531,0.000738472741916135,FALSE,FALSE
"InN","continuous_lfc","IL17B",0.0327744708256197,NA,0.000499750124937531,0.000738472741916135,FALSE,FALSE
"InN","continuous_lfc","NID2",0.0327467460440446,NA,0.000499750124937531,0.000738472741916135,FALSE,FALSE
"InN","continuous_lfc","EFNB3",0.032730405853152,NA,0.000499750124937531,0.000738472741916135,FALSE,FALSE
"InN","continuous_lfc","ANGPTL1",0.0327256508393588,NA,0.000499750124937531,0.000738472741916135,FALSE,FALSE
"InN","continuous_lfc","PROS1",0.0327210142052549,NA,0.000499750124937531,0.000738472741916135,FALSE,FALSE
"InN","continuous_lfc","CLMP",0.0326909265505223,NA,0.000499750124937531,0.000738472741916135,FALSE,FALSE
"InN","continuous_lfc","NCR2",0.0326772380228426,NA,0.000499750124937531,0.000738472741916135,FALSE,FALSE
"InN","continuous_lfc","LIPH",0.0326661461696122,NA,0.000499750124937531,0.000738472741916135,FALSE,FALSE
"InN","continuous_lfc","GC",0.0326621466548663,NA,0.000499750124937531,0.000738472741916135,FALSE,FALSE
"InN","continuous_lfc","ROBO1",0.0326491869736997,NA,0.000499750124937531,0.000738472741916135,FALSE,FALSE
"InN","continuous_lfc","S100A8",0.0326426069859679,NA,0.000499750124937531,0.000738472741916135,FALSE,FALSE
"InN","continuous_lfc","DEFB4A",0.0326022213669333,NA,0.000499750124937531,0.000738472741916135,FALSE,FALSE
"InN","continuous_lfc","TYROBP",0.0325931493642448,NA,0.000499750124937531,0.000738472741916135,FALSE,FALSE
"InN","continuous_lfc","CCN3",0.032588117322788,NA,0.000499750124937531,0.000738472741916135,FALSE,FALSE
"InN","continuous_lfc","XCL2",0.0325846951300496,NA,0.000499750124937531,0.000738472741916135,FALSE,FALSE
"InN","continuous_lfc","KLRA1P",0.0325768326476512,NA,0.000499750124937531,0.000738472741916135,FALSE,FALSE
"InN","continuous_lfc","CCL22",0.0325403252507089,NA,0.000499750124937531,0.000738472741916135,FALSE,FALSE
"InN","continuous_lfc","COL6A2",0.0325070905978748,NA,0.000499750124937531,0.000738472741916135,FALSE,FALSE
"InN","continuous_lfc","FGF3",0.0324916475419092,NA,0.000499750124937531,0.000738472741916135,FALSE,FALSE
"InN","continuous_lfc","TGFB3",0.0324715176817833,NA,0.000499750124937531,0.000738472741916135,FALSE,FALSE
"InN","continuous_lfc","CD86",0.0324652769425676,NA,0.000499750124937531,0.000738472741916135,FALSE,FALSE
"InN","continuous_lfc","FSHB",0.0324612967884,NA,0.000499750124937531,0.000738472741916135,FALSE,FALSE
"InN","continuous_lfc","IL9",0.0324509848058206,NA,0.000499750124937531,0.000738472741916135,FALSE,FALSE
"InN","continuous_lfc","LIN7B",0.0324485047452575,NA,0.000499750124937531,0.000738472741916135,FALSE,FALSE
"InN","continuous_lfc","SEMA4F",0.0324447832632938,NA,0.000499750124937531,0.000738472741916135,FALSE,FALSE
"InN","continuous_lfc","CRLF1",0.0324363882908292,NA,0.000499750124937531,0.000738472741916135,FALSE,FALSE
"InN","continuous_lfc","S100B",0.0324332722699348,NA,0.000499750124937531,0.000738472741916135,FALSE,FALSE
"InN","continuous_lfc","NCAM1",0.0324285226015549,NA,0.000499750124937531,0.000738472741916135,FALSE,FALSE
"InN","continuous_lfc","HLA-B",0.0323973716820384,NA,0.000499750124937531,0.000738472741916135,FALSE,FALSE
"InN","continuous_lfc","PTGFRN",0.032362777340072,NA,0.000499750124937531,0.000738472741916135,FALSE,FALSE
"InN","continuous_lfc","MAG",0.032356783430201,NA,0.000499750124937531,0.000738472741916135,FALSE,FALSE
"InN","continuous_lfc","FN1",0.0323561070997609,NA,0.000499750124937531,0.000738472741916135,FALSE,FALSE
"InN","continuous_lfc","MSMP",0.0323297376389188,NA,0.000499750124937531,0.000738472741916135,FALSE,FALSE
"InN","continuous_lfc","TRAF2",0.0322998527536583,NA,0.000499750124937531,0.000738472741916135,FALSE,FALSE
"InN","continuous_lfc","NPPA",0.0322997219891844,NA,0.000499750124937531,0.000738472741916135,FALSE,FALSE
"InN","continuous_lfc","EFNA2",0.0322981320649297,NA,0.000499750124937531,0.000738472741916135,FALSE,FALSE
"InN","continuous_lfc","ANGPTL6",0.0322928058462517,NA,0.000499750124937531,0.000738472741916135,FALSE,FALSE
"InN","continuous_lfc","ERFE",0.0322829200406525,NA,0.000499750124937531,0.000738472741916135,FALSE,FALSE
"InN","continuous_lfc","FGG",0.0322811434315964,NA,0.000499750124937531,0.000738472741916135,FALSE,FALSE
"InN","continuous_lfc","LRIT2",0.0322794631246166,NA,0.000499750124937531,0.000738472741916135,FALSE,FALSE
"InN","continuous_lfc","MSN",0.0322774196069796,NA,0.000499750124937531,0.000738472741916135,FALSE,FALSE
"InN","continuous_lfc","HPX",0.0322682122929904,NA,0.000499750124937531,0.000738472741916135,FALSE,FALSE
"InN","continuous_lfc","IAPP",0.0322494711139945,NA,0.000499750124937531,0.000738472741916135,FALSE,FALSE
"InN","continuous_lfc","RGMA",0.032234299960041,NA,0.000499750124937531,0.000738472741916135,FALSE,FALSE
"InN","continuous_lfc","SLAMF6",0.0322329314331553,NA,0.000499750124937531,0.000738472741916135,FALSE,FALSE
"InN","continuous_lfc","PSG6",0.0322306484079094,NA,0.000499750124937531,0.000738472741916135,FALSE,FALSE
"InN","continuous_lfc","SEMA6B",0.032222442625211,NA,0.000499750124937531,0.000738472741916135,FALSE,FALSE
"InN","continuous_lfc","MELTF",0.032216904500322,NA,0.000499750124937531,0.000738472741916135,FALSE,FALSE
"InN","continuous_lfc","CLDN19",0.0322133302056112,NA,0.000499750124937531,0.000738472741916135,FALSE,FALSE
"InN","continuous_lfc","MDK",0.0322105188091618,NA,0.000499750124937531,0.000738472741916135,FALSE,FALSE
"InN","continuous_lfc","RLN2",0.0322011365053328,NA,0.000499750124937531,0.000738472741916135,FALSE,FALSE
"InN","continuous_lfc","LY6G6F",0.0321996640530259,NA,0.000499750124937531,0.000738472741916135,FALSE,FALSE
"InN","continuous_lfc","CCL11",0.0321899598315338,NA,0.000499750124937531,0.000738472741916135,FALSE,FALSE
"InN","continuous_lfc","GDF7",0.0321762920820926,NA,0.000499750124937531,0.000738472741916135,FALSE,FALSE
"InN","continuous_lfc","FGF13",0.0321714587294685,NA,0.000499750124937531,0.000738472741916135,FALSE,FALSE
"InN","continuous_lfc","NPVF",0.0321701969055568,NA,0.000499750124937531,0.000738472741916135,FALSE,FALSE
"InN","continuous_lfc","CLDN2",0.0321681451706432,NA,0.000999500249875062,0.00132366249307779,FALSE,FALSE
"InN","continuous_lfc","NEO1",0.0321520767425203,NA,0.000499750124937531,0.000738472741916135,FALSE,FALSE
"InN","continuous_lfc","SERPING1",0.0321375052855765,NA,0.000499750124937531,0.000738472741916135,FALSE,FALSE
"InN","continuous_lfc","SFTPA1",0.0321217138103279,NA,0.000499750124937531,0.000738472741916135,FALSE,FALSE
"InN","continuous_lfc","CD200",0.0320932384737978,NA,0.000499750124937531,0.000738472741916135,FALSE,FALSE
"InN","continuous_lfc","BTNL8",0.0320931594019546,NA,0.000499750124937531,0.000738472741916135,FALSE,FALSE
"InN","continuous_lfc","GDF9",0.032089645126154,NA,0.000499750124937531,0.000738472741916135,FALSE,FALSE
"InN","continuous_lfc","C6orf15",0.0320792814092879,NA,0.000499750124937531,0.000738472741916135,FALSE,FALSE
"InN","continuous_lfc","SERPINC1",0.0320746794700086,NA,0.000499750124937531,0.000738472741916135,FALSE,FALSE
"InN","continuous_lfc","F12",0.0320539756026372,NA,0.000499750124937531,0.000738472741916135,FALSE,FALSE
"InN","continuous_lfc","SIRPA",0.0320492885820678,NA,0.000499750124937531,0.000738472741916135,FALSE,FALSE
"InN","continuous_lfc","HLA-A",0.0319975302122518,NA,0.000499750124937531,0.000738472741916135,FALSE,FALSE
"InN","continuous_lfc","INHBC",0.031979196563608,NA,0.000499750124937531,0.000738472741916135,FALSE,FALSE
"InN","continuous_lfc","COL4A4",0.0319540271374582,NA,0.000499750124937531,0.000738472741916135,FALSE,FALSE
"InN","continuous_lfc","VCAM1",0.0319442964857602,NA,0.000499750124937531,0.000738472741916135,FALSE,FALSE
"InN","continuous_lfc","KL",0.0319434907269966,NA,0.000499750124937531,0.000738472741916135,FALSE,FALSE
"InN","continuous_lfc","LAYN",0.0319316482686815,NA,0.000499750124937531,0.000738472741916135,FALSE,FALSE
"InN","continuous_lfc","C1QTNF5",0.0319223474452074,NA,0.000499750124937531,0.000738472741916135,FALSE,FALSE
"InN","continuous_lfc","INS",0.0319093177314988,NA,0.000499750124937531,0.000738472741916135,FALSE,FALSE
"InN","continuous_lfc","HLA-DOB",0.0318920339630813,NA,0.000499750124937531,0.000738472741916135,FALSE,FALSE
"InN","continuous_lfc","CD160",0.0318783271042134,NA,0.000499750124937531,0.000738472741916135,FALSE,FALSE
"InN","continuous_lfc","DSCAM",0.0318753132542599,NA,0.000499750124937531,0.000738472741916135,FALSE,FALSE
"InN","continuous_lfc","LIN7A",0.0318581191978106,NA,0.000499750124937531,0.000738472741916135,FALSE,FALSE
"InN","continuous_lfc","PTH2",0.0318315182079576,NA,0.000499750124937531,0.000738472741916135,FALSE,FALSE
"InN","continuous_lfc","LAMA4",0.031830875364328,NA,0.000499750124937531,0.000738472741916135,FALSE,FALSE
"InN","continuous_lfc","IBSP",0.0318296865694132,NA,0.000499750124937531,0.000738472741916135,FALSE,FALSE
"InN","continuous_lfc","BMP5",0.0317972848028657,NA,0.000499750124937531,0.000738472741916135,FALSE,FALSE
"InN","continuous_lfc","LAMB2",0.0317957712616874,NA,0.000499750124937531,0.000738472741916135,FALSE,FALSE
"InN","continuous_lfc","LRRC4B",0.0317928958974184,NA,0.000499750124937531,0.000738472741916135,FALSE,FALSE
"InN","continuous_lfc","PVR",0.031767700603488,NA,0.000499750124937531,0.000738472741916135,FALSE,FALSE
"InN","continuous_lfc","ADM2",0.0317665213838494,NA,0.000499750124937531,0.000738472741916135,FALSE,FALSE
"InN","continuous_lfc","PDCD1LG2",0.0317360743547413,NA,0.000499750124937531,0.000738472741916135,FALSE,FALSE
"InN","continuous_lfc","ADAM7",0.0317230111193809,NA,0.000499750124937531,0.000738472741916135,FALSE,FALSE
"InN","continuous_lfc","PROC",0.0317032032413614,NA,0.000499750124937531,0.000738472741916135,FALSE,FALSE
"InN","continuous_lfc","FAM3D",0.0316918502167319,NA,0.000499750124937531,0.000738472741916135,FALSE,FALSE
"InN","continuous_lfc","CCL24",0.0316899710173547,NA,0.000499750124937531,0.000738472741916135,FALSE,FALSE
"InN","continuous_lfc","UCN3",0.0316796252095411,NA,0.000499750124937531,0.000738472741916135,FALSE,FALSE
"InN","continuous_lfc","CD70",0.0316755482369741,NA,0.000499750124937531,0.000738472741916135,FALSE,FALSE
"InN","continuous_lfc","FGF6",0.0316529747834969,NA,0.000499750124937531,0.000738472741916135,FALSE,FALSE
"InN","continuous_lfc","TIMP3",0.0316485074743982,NA,0.000499750124937531,0.000738472741916135,FALSE,FALSE
"InN","continuous_lfc","PAPLN",0.031647382440133,NA,0.000499750124937531,0.000738472741916135,FALSE,FALSE
"InN","continuous_lfc","BST2",0.0316237241372697,NA,0.000499750124937531,0.000738472741916135,FALSE,FALSE
"InN","continuous_lfc","EREG",0.0316235655607905,NA,0.000499750124937531,0.000738472741916135,FALSE,FALSE
"InN","continuous_lfc","COL13A1",0.0316210284134227,NA,0.000499750124937531,0.000738472741916135,FALSE,FALSE
"InN","continuous_lfc","DUSP18",0.0316172876910326,NA,0.000499750124937531,0.000738472741916135,FALSE,FALSE
"InN","continuous_lfc","EFEMP1",0.0316127817841546,NA,0.000499750124937531,0.000738472741916135,TRUE,TRUE
"InN","continuous_lfc","CD52",0.0316108919178923,NA,0.000999500249875062,0.00132366249307779,FALSE,FALSE
"InN","continuous_lfc","FCN1",0.0316009133355113,NA,0.000499750124937531,0.000738472741916135,FALSE,FALSE
"InN","continuous_lfc","CXADR",0.0315976259220818,NA,0.000499750124937531,0.000738472741916135,FALSE,FALSE
"InN","continuous_lfc","CCL4L1",0.0315928848690337,NA,0.000499750124937531,0.000738472741916135,FALSE,FALSE
"InN","continuous_lfc","FGF16",0.0315752269404729,NA,0.000499750124937531,0.000738472741916135,FALSE,FALSE
"InN","continuous_lfc","CGB7",0.0315720386535866,NA,0.000499750124937531,0.000738472741916135,FALSE,FALSE
"InN","continuous_lfc","LOC101059948",0.0315720386535866,NA,0.000499750124937531,0.000738472741916135,FALSE,FALSE
"InN","continuous_lfc","PGLYRP1",0.0315719194438221,NA,0.000499750124937531,0.000738472741916135,FALSE,FALSE
"InN","continuous_lfc","LYPD6",0.0315693330055648,NA,0.000499750124937531,0.000738472741916135,FALSE,FALSE
"InN","continuous_lfc","XCL1",0.0315605454042443,NA,0.000499750124937531,0.000738472741916135,FALSE,FALSE
"InN","continuous_lfc","PZP",0.0315417400100826,NA,0.000499750124937531,0.000738472741916135,FALSE,FALSE
"InN","continuous_lfc","HLA-DQA1",0.0315369029178338,NA,0.000499750124937531,0.000738472741916135,FALSE,FALSE
"InN","continuous_lfc","MBL2",0.031532411997438,NA,0.000499750124937531,0.000738472741916135,FALSE,FALSE
"InN","continuous_lfc","BMP10",0.0315269791162079,NA,0.000499750124937531,0.000738472741916135,FALSE,FALSE
"InN","continuous_lfc","MPZ",0.0315240937172904,NA,0.000499750124937531,0.000738472741916135,FALSE,FALSE
"InN","continuous_lfc","CRB3",0.0315145027144065,NA,0.000499750124937531,0.000738472741916135,FALSE,FALSE
"InN","continuous_lfc","HLA-DMB",0.0314932643486868,NA,0.000499750124937531,0.000738472741916135,FALSE,FALSE
"InN","continuous_lfc","TIMP2",0.0314669435669857,NA,0.000499750124937531,0.000738472741916135,FALSE,FALSE
"InN","continuous_lfc","FST",0.0314635080075938,NA,0.000499750124937531,0.000738472741916135,FALSE,FALSE
"InN","continuous_lfc","IL21",0.0314275079440002,NA,0.000499750124937531,0.000738472741916135,FALSE,FALSE
"InN","continuous_lfc","SEMA6A",0.0314051223218592,NA,0.000499750124937531,0.000738472741916135,FALSE,FALSE
"InN","continuous_lfc","CORIN",0.0313967126308925,NA,0.000499750124937531,0.000738472741916135,FALSE,FALSE
"InN","continuous_lfc","MPIG6B",0.0313952509424559,NA,0.000499750124937531,0.000738472741916135,FALSE,FALSE
"InN","continuous_lfc","SLITRK4",0.0313893371967414,NA,0.000499750124937531,0.000738472741916135,FALSE,FALSE
"InN","continuous_lfc","SLITRK2",0.0313880149442724,NA,0.000499750124937531,0.000738472741916135,FALSE,FALSE
"InN","continuous_lfc","NCAN",0.0313759831731133,NA,0.000499750124937531,0.000738472741916135,FALSE,FALSE
"InN","continuous_lfc","TG",0.0313596370635602,NA,0.000499750124937531,0.000738472741916135,FALSE,FALSE
"InN","continuous_lfc","ITGAM",0.0313379729506111,NA,0.000499750124937531,0.000738472741916135,FALSE,FALSE
"InN","continuous_lfc","FGF20",0.0313310765256872,NA,0.000499750124937531,0.000738472741916135,FALSE,FALSE
"InN","continuous_lfc","EFNB2",0.0313251912459568,NA,0.000499750124937531,0.000738472741916135,FALSE,FALSE
"InN","continuous_lfc","NPFF",0.0313196467328141,NA,0.000499750124937531,0.000738472741916135,FALSE,FALSE
"InN","continuous_lfc","OCLN",0.0313188206460022,NA,0.000499750124937531,0.000738472741916135,FALSE,FALSE
"InN","continuous_lfc","CD55",0.0313171870942651,NA,0.000499750124937531,0.000738472741916135,FALSE,FALSE
"InN","continuous_lfc","IL18BP",0.0313165878494784,NA,0.000499750124937531,0.000738472741916135,FALSE,FALSE
"InN","continuous_lfc","QRFP",0.0312940410685018,NA,0.000499750124937531,0.000738472741916135,FALSE,FALSE
"InN","continuous_lfc","SFTPA2",0.0312670671161787,NA,0.000499750124937531,0.000738472741916135,FALSE,FALSE
"InN","continuous_lfc","CCL14",0.0312668532938294,NA,0.000499750124937531,0.000738472741916135,FALSE,FALSE
"InN","continuous_lfc","TAC4",0.0312455787368043,NA,0.000499750124937531,0.000738472741916135,FALSE,FALSE
"InN","continuous_lfc","SEMA4B",0.0312442729813714,NA,0.000499750124937531,0.000738472741916135,FALSE,FALSE
"InN","continuous_lfc","IGSF10",0.0312415130241175,NA,0.000499750124937531,0.000738472741916135,FALSE,FALSE
"InN","continuous_lfc","GDF15",0.031216519996221,NA,0.000499750124937531,0.000738472741916135,FALSE,FALSE
"InN","continuous_lfc","HLA-DOA",0.0311780352464481,NA,0.000499750124937531,0.000738472741916135,FALSE,FALSE
"InN","continuous_lfc","OXT",0.0311777781194416,NA,0.000499750124937531,0.000738472741916135,FALSE,FALSE
"InN","continuous_lfc","C10orf99",0.0311588066023331,NA,0.000499750124937531,0.000738472741916135,FALSE,FALSE
"InN","continuous_lfc","KIRREL3",0.0311380877070107,NA,0.000499750124937531,0.000738472741916135,FALSE,FALSE
"InN","continuous_lfc","INHBE",0.0311281598711901,NA,0.000499750124937531,0.000738472741916135,FALSE,FALSE
"InN","continuous_lfc","LRRTM2",0.0311280586580667,NA,0.000499750124937531,0.000738472741916135,FALSE,FALSE
"InN","continuous_lfc","ILDR2",0.0311116135834627,NA,0.000499750124937531,0.000738472741916135,FALSE,FALSE
"InN","continuous_lfc","CLU",0.0311109106674871,NA,0.000499750124937531,0.000738472741916135,FALSE,FALSE
"InN","continuous_lfc","NPS",0.0311083562760664,NA,0.000499750124937531,0.000738472741916135,FALSE,FALSE
"InN","continuous_lfc","SEMA4G",0.0311043166096021,NA,0.000499750124937531,0.000738472741916135,FALSE,FALSE
"InN","continuous_lfc","IL13",0.0311035620528675,NA,0.000499750124937531,0.000738472741916135,FALSE,FALSE
"InN","continuous_lfc","GJB6",0.0311032335417438,NA,0.000499750124937531,0.000738472741916135,FALSE,FALSE
"InN","continuous_lfc","EFNB1",0.0310877810321742,NA,0.000499750124937531,0.000738472741916135,FALSE,FALSE
"InN","continuous_lfc","MYEOV",0.0310609584909034,NA,0.000499750124937531,0.000738472741916135,FALSE,FALSE
"InN","continuous_lfc","COL4A2",0.0310390768218995,NA,0.000499750124937531,0.000738472741916135,TRUE,TRUE
"InN","continuous_lfc","MMP9",0.0310282638575813,NA,0.000499750124937531,0.000738472741916135,FALSE,FALSE
"InN","continuous_lfc","PAEP",0.031018489146301,NA,0.000499750124937531,0.000738472741916135,FALSE,FALSE
"InN","continuous_lfc","IL16",0.0310090660539439,NA,0.000499750124937531,0.000738472741916135,FALSE,FALSE
"InN","continuous_lfc","CRISP3",0.0310032924616657,NA,0.000499750124937531,0.000738472741916135,FALSE,FALSE
"InN","continuous_lfc","CD7",0.0309961920201338,NA,0.000499750124937531,0.000738472741916135,FALSE,FALSE
"InN","continuous_lfc","C4BPA",0.0309853185887685,NA,0.000499750124937531,0.000738472741916135,FALSE,FALSE
"InN","continuous_lfc","PLG",0.030978268981472,NA,0.000499750124937531,0.000738472741916135,FALSE,FALSE
"InN","continuous_lfc","RAET1E",0.0309768608796639,NA,0.000499750124937531,0.000738472741916135,FALSE,FALSE
"InN","continuous_lfc","HLA-DPB1",0.0309758214606483,NA,0.000499750124937531,0.000738472741916135,FALSE,FALSE
"InN","continuous_lfc","SLC6A8",0.0309749095528195,NA,0.000499750124937531,0.000738472741916135,FALSE,FALSE
"InN","continuous_lfc","ZNRF3",0.0309588457269664,NA,0.000499750124937531,0.000738472741916135,FALSE,FALSE
"InN","continuous_lfc","POMZP3",0.0309511135270307,NA,0.000499750124937531,0.000738472741916135,FALSE,FALSE
"InN","continuous_lfc","LAMC2",0.0309502820431564,NA,0.000499750124937531,0.000738472741916135,FALSE,FALSE
"InN","continuous_lfc","SPN",0.0309492939877018,NA,0.000499750124937531,0.000738472741916135,FALSE,FALSE
"InN","continuous_lfc","NMB",0.0309340439324735,NA,0.000499750124937531,0.000738472741916135,FALSE,FALSE
"InN","continuous_lfc","IL12B",0.0309235535610558,NA,0.000499750124937531,0.000738472741916135,FALSE,FALSE
"InN","continuous_lfc","GDF10",0.0309155640759605,NA,0.000499750124937531,0.000738472741916135,FALSE,FALSE
"InN","continuous_lfc","KIRREL1",0.0308527498253605,NA,0.000499750124937531,0.000738472741916135,FALSE,FALSE
"InN","continuous_lfc","CEACAM5",0.0308323193412302,NA,0.000499750124937531,0.000738472741916135,FALSE,FALSE
"InN","continuous_lfc","TGFBI",0.0308191631554625,NA,0.000499750124937531,0.000738472741916135,FALSE,FALSE
"InN","continuous_lfc","LRFN4",0.0308111470463419,NA,0.000499750124937531,0.000738472741916135,FALSE,FALSE
"InN","continuous_lfc","COL18A1",0.0308056962747167,NA,0.000499750124937531,0.000738472741916135,FALSE,FALSE
"InN","continuous_lfc","INHBB",0.0308042833038542,NA,0.000499750124937531,0.000738472741916135,FALSE,FALSE
"InN","continuous_lfc","MMP16",0.0308031414237796,NA,0.000499750124937531,0.000738472741916135,FALSE,FALSE
"InN","continuous_lfc","PSG5",0.0307705136779551,NA,0.000499750124937531,0.000738472741916135,FALSE,FALSE
"InN","continuous_lfc","CEACAM3",0.030756715738006,NA,0.000499750124937531,0.000738472741916135,FALSE,FALSE
"InN","continuous_lfc","KCNA1",0.0307332914296711,NA,0.000499750124937531,0.000738472741916135,FALSE,FALSE
"InN","continuous_lfc","TREML4",0.0307016786480774,NA,0.000499750124937531,0.000738472741916135,FALSE,FALSE
"InN","continuous_lfc","NRG3",0.0306992138401839,NA,0.000499750124937531,0.000738472741916135,FALSE,FALSE
"InN","continuous_lfc","SOSTDC1",0.0306907823730542,NA,0.000499750124937531,0.000738472741916135,FALSE,FALSE
"InN","continuous_lfc","LAMA5",0.0306904248336593,NA,0.000499750124937531,0.000738472741916135,FALSE,FALSE
"InN","continuous_lfc","HAPLN1",0.0306834873147208,NA,0.000499750124937531,0.000738472741916135,FALSE,FALSE
"InN","continuous_lfc","DCHS1",0.030658816541251,NA,0.000499750124937531,0.000738472741916135,FALSE,FALSE
"InN","continuous_lfc","LAMA3",0.0306541128058646,NA,0.000499750124937531,0.000738472741916135,FALSE,FALSE
"InN","continuous_lfc","SLIT3",0.0306517064564735,NA,0.000499750124937531,0.000738472741916135,FALSE,FALSE
"InN","continuous_lfc","COL27A1",0.0306419374587623,NA,0.000499750124937531,0.000738472741916135,FALSE,FALSE
"InN","continuous_lfc","ENPP1",0.0306362173736084,NA,0.000499750124937531,0.000738472741916135,FALSE,FALSE
"InN","continuous_lfc","S100A9",0.0306351934845785,NA,0.000499750124937531,0.000738472741916135,FALSE,FALSE
"InN","continuous_lfc","EFNA1",0.0306335460685563,NA,0.000499750124937531,0.000738472741916135,FALSE,FALSE
"InN","continuous_lfc","CNTN2",0.0306128542990142,NA,0.000499750124937531,0.000738472741916135,FALSE,FALSE
"InN","continuous_lfc","AMBN",0.0306040373967501,NA,0.000499750124937531,0.000738472741916135,FALSE,FALSE
"InN","continuous_lfc","HP",0.0305900980027841,NA,0.000499750124937531,0.000738472741916135,FALSE,FALSE
"InN","continuous_lfc","KIAA0319L",0.0305891658782315,NA,0.000499750124937531,0.000738472741916135,FALSE,FALSE
"InN","continuous_lfc","MPZL3",0.0305834957289785,NA,0.000499750124937531,0.000738472741916135,FALSE,FALSE
"InN","continuous_lfc","LRFN5",0.0305771693473853,NA,0.000499750124937531,0.000738472741916135,FALSE,FALSE
"InN","continuous_lfc","LUM",0.0305715724394173,NA,0.000499750124937531,0.000738472741916135,FALSE,FALSE
"InN","continuous_lfc","ANPEP",0.0305636639436583,NA,0.000499750124937531,0.000738472741916135,FALSE,FALSE
"InN","continuous_lfc","IGSF3",0.0305603390237227,NA,0.000499750124937531,0.000738472741916135,FALSE,FALSE
"InN","continuous_lfc","CLUL1",0.0305576817311441,NA,0.000499750124937531,0.000738472741916135,FALSE,FALSE
"InN","continuous_lfc","LTBP1",0.0305566050122033,NA,0.000499750124937531,0.000738472741916135,FALSE,FALSE
"InN","continuous_lfc","CD22",0.030553306004634,NA,0.000499750124937531,0.000738472741916135,FALSE,FALSE
"InN","continuous_lfc","GPC3",0.0305457756111034,NA,0.000499750124937531,0.000738472741916135,FALSE,FALSE
"InN","continuous_lfc","LAIR2",0.0305356063664611,NA,0.000499750124937531,0.000738472741916135,FALSE,FALSE
"InN","continuous_lfc","NRXN3",0.030530693783887,NA,0.000499750124937531,0.000738472741916135,FALSE,FALSE
"InN","continuous_lfc","CEACAM7",0.0305164926072746,NA,0.000499750124937531,0.000738472741916135,FALSE,FALSE
"InN","continuous_lfc","PLXNA2",0.0305100243869065,NA,0.000499750124937531,0.000738472741916135,FALSE,FALSE
"InN","continuous_lfc","APELA",0.0305040131759777,NA,0.000499750124937531,0.000738472741916135,FALSE,FALSE
"InN","continuous_lfc","FCAR",0.030498586153117,NA,0.000499750124937531,0.000738472741916135,FALSE,FALSE
"InN","continuous_lfc","COL11A2",0.0304981214995183,NA,0.000499750124937531,0.000738472741916135,FALSE,FALSE
"InN","continuous_lfc","THBS4",0.0304980234568933,NA,0.000499750124937531,0.000738472741916135,FALSE,FALSE
"InN","continuous_lfc","NXPH1",0.0304956301066109,NA,0.000499750124937531,0.000738472741916135,FALSE,FALSE
"InN","continuous_lfc","COL15A1",0.0304891989021895,NA,0.000499750124937531,0.000738472741916135,FALSE,FALSE
"InN","continuous_lfc","SNX14",0.0304867088534939,NA,0.000499750124937531,0.000738472741916135,FALSE,FALSE
"InN","continuous_lfc","VCAN",0.0304732935547557,NA,0.000499750124937531,0.000738472741916135,FALSE,FALSE
"InN","continuous_lfc","NMS",0.0304588853695879,NA,0.000499750124937531,0.000738472741916135,FALSE,FALSE
"InN","continuous_lfc","CD320",0.0304506850171854,NA,0.000499750124937531,0.000738472741916135,FALSE,FALSE
"InN","continuous_lfc","SEMA3F",0.0304458832766079,NA,0.000499750124937531,0.000738472741916135,FALSE,FALSE
"InN","continuous_lfc","CLDN11",0.0304438152313188,NA,0.000499750124937531,0.000738472741916135,FALSE,FALSE
"InN","continuous_lfc","GGT1",0.0304396468597997,NA,0.000499750124937531,0.000738472741916135,FALSE,FALSE
"InN","continuous_lfc","F13A1",0.030433713230624,NA,0.000499750124937531,0.000738472741916135,FALSE,FALSE
"InN","continuous_lfc","IGSF11",0.0304220894531423,NA,0.000499750124937531,0.000738472741916135,FALSE,FALSE
"InN","continuous_lfc","COL5A3",0.0304183059108667,NA,0.000499750124937531,0.000738472741916135,FALSE,FALSE
"InN","continuous_lfc","ITGA9",0.030399257061622,NA,0.000499750124937531,0.000738472741916135,FALSE,FALSE
"InN","continuous_lfc","CD2",0.0303980822893123,NA,0.000499750124937531,0.000738472741916135,FALSE,FALSE
"InN","continuous_lfc","ULBP3",0.0303964656668269,NA,0.000499750124937531,0.000738472741916135,FALSE,FALSE
"InN","continuous_lfc","KIR2DS5",0.0303952225867757,NA,0.000499750124937531,0.000738472741916135,FALSE,FALSE
"InN","continuous_lfc","HHIPL2",0.0303710741533485,NA,0.000499750124937531,0.000738472741916135,FALSE,FALSE
"InN","continuous_lfc","LRIG1",0.0303639733982737,NA,0.000499750124937531,0.000738472741916135,FALSE,FALSE
"InN","continuous_lfc","TNN",0.0303611411036822,NA,0.000499750124937531,0.000738472741916135,FALSE,FALSE
"InN","continuous_lfc","VSTM1",0.0303448914767704,NA,0.000499750124937531,0.000738472741916135,FALSE,FALSE
"InN","continuous_lfc","CCL18",0.0303166500162777,NA,0.000499750124937531,0.000738472741916135,FALSE,FALSE
"InN","continuous_lfc","CEACAM4",0.0303149949669238,NA,0.000499750124937531,0.000738472741916135,FALSE,FALSE
"InN","continuous_lfc","GALP",0.0303001821586278,NA,0.000499750124937531,0.000738472741916135,FALSE,FALSE
"InN","continuous_lfc","NRG4",0.0302946263263896,NA,0.000499750124937531,0.000738472741916135,FALSE,FALSE
"InN","continuous_lfc","ECM1",0.030284102143897,NA,0.000499750124937531,0.000738472741916135,FALSE,FALSE
"InN","continuous_lfc","CDHR2",0.030279994875985,NA,0.000499750124937531,0.000738472741916135,FALSE,FALSE
"InN","continuous_lfc","CCL3",0.0302766393783498,NA,0.000499750124937531,0.000738472741916135,FALSE,FALSE
"InN","continuous_lfc","YARS1",0.0302699834767474,NA,0.000499750124937531,0.000738472741916135,FALSE,FALSE
"InN","continuous_lfc","CADM4",0.0302556544108442,NA,0.000999500249875062,0.00132366249307779,FALSE,FALSE
"InN","continuous_lfc","LRIT1",0.0302353191575484,NA,0.000499750124937531,0.000738472741916135,FALSE,FALSE
"InN","continuous_lfc","LRRC4C",0.0302189656004447,NA,0.000499750124937531,0.000738472741916135,FALSE,FALSE
"InN","continuous_lfc","AANAT",0.0302154310474637,NA,0.000499750124937531,0.000738472741916135,FALSE,FALSE
"InN","continuous_lfc","CCN6",0.0302109262405043,NA,0.000499750124937531,0.000738472741916135,FALSE,FALSE
"InN","continuous_lfc","MLN",0.0302015068239808,NA,0.000499750124937531,0.000738472741916135,FALSE,FALSE
"InN","continuous_lfc","FGB",0.0301998842078712,NA,0.000499750124937531,0.000738472741916135,FALSE,FALSE
"InN","continuous_lfc","MMP2",0.0301802380960605,NA,0.000499750124937531,0.000738472741916135,FALSE,FALSE
"InN","continuous_lfc","GCG",0.0301740439049069,NA,0.000499750124937531,0.000738472741916135,FALSE,FALSE
"InN","continuous_lfc","SLITRK6",0.0301659703080488,NA,0.000499750124937531,0.000738472741916135,FALSE,FALSE
"InN","continuous_lfc","INSL3",0.0301307002105223,NA,0.000499750124937531,0.000738472741916135,FALSE,FALSE
"InN","continuous_lfc","ALOX5AP",0.030116471073894,NA,0.000499750124937531,0.000738472741916135,FALSE,FALSE
"InN","continuous_lfc","CD79B",0.0301118846263968,NA,0.000499750124937531,0.000738472741916135,FALSE,FALSE
"InN","continuous_lfc","PYY",0.0301072930774531,NA,0.000499750124937531,0.000738472741916135,FALSE,FALSE
"InN","continuous_lfc","LRFN1",0.0300993084425396,NA,0.000499750124937531,0.000738472741916135,FALSE,FALSE
"InN","continuous_lfc","DRAXIN",0.0300941525627534,NA,0.000499750124937531,0.000738472741916135,FALSE,FALSE
"InN","continuous_lfc","TFF2",0.0300819954573171,NA,0.000999500249875062,0.00132366249307779,FALSE,FALSE
"InN","continuous_lfc","COL28A1",0.0300758642420699,NA,0.000499750124937531,0.000738472741916135,FALSE,FALSE
"InN","continuous_lfc","SARAF",0.0300537920575378,NA,0.000499750124937531,0.000738472741916135,FALSE,FALSE
"InN","continuous_lfc","CD300A",0.0300532987327378,NA,0.000499750124937531,0.000738472741916135,FALSE,FALSE
"InN","continuous_lfc","ADAM20",0.0300452478428791,NA,0.000499750124937531,0.000738472741916135,FALSE,FALSE
"InN","continuous_lfc","GDF1",0.0300316406653317,NA,0.000499750124937531,0.000738472741916135,FALSE,FALSE
"InN","continuous_lfc","SIGLEC8",0.0300290114623834,NA,0.000499750124937531,0.000738472741916135,FALSE,FALSE
"InN","continuous_lfc","CD58",0.0300259887648534,NA,0.000499750124937531,0.000738472741916135,FALSE,FALSE
"InN","continuous_lfc","COL6A6",0.0300231421920098,NA,0.000499750124937531,0.000738472741916135,FALSE,FALSE
"InN","continuous_lfc","NID1",0.0300195445777437,NA,0.000499750124937531,0.000738472741916135,FALSE,FALSE
"InN","continuous_lfc","NPB",0.0300143263804274,NA,0.000499750124937531,0.000738472741916135,FALSE,FALSE
"InN","continuous_lfc","LGI2",0.0300141187719746,NA,0.000499750124937531,0.000738472741916135,FALSE,FALSE
"InN","continuous_lfc","CDCP1",0.0300126291296438,NA,0.000499750124937531,0.000738472741916135,FALSE,FALSE
"InN","continuous_lfc","VTN",0.0300104077559432,NA,0.000999500249875062,0.00132366249307779,FALSE,FALSE
"InN","continuous_lfc","SLIT1",0.0300030147797692,NA,0.000499750124937531,0.000738472741916135,FALSE,FALSE
"InN","continuous_lfc","GP5",0.0299939824803371,NA,0.000499750124937531,0.000738472741916135,FALSE,FALSE
"InN","continuous_lfc","GSTP1",0.0299840157287525,NA,0.000499750124937531,0.000738472741916135,FALSE,FALSE
"InN","continuous_lfc","CLEC3A",0.0299777906719577,NA,0.000499750124937531,0.000738472741916135,FALSE,FALSE
"InN","continuous_lfc","LRCH4",0.0299734976210291,NA,0.000499750124937531,0.000738472741916135,FALSE,FALSE
"InN","continuous_lfc","HRG",0.0299659436572018,NA,0.000499750124937531,0.000738472741916135,FALSE,FALSE
"InN","continuous_lfc","COL6A3",0.0299630181197313,NA,0.000499750124937531,0.000738472741916135,FALSE,FALSE
"InN","continuous_lfc","CIB1",0.0299569675781351,NA,0.000499750124937531,0.000738472741916135,FALSE,FALSE
"InN","continuous_lfc","LEFTY1",0.0299541129469928,NA,0.000499750124937531,0.000738472741916135,FALSE,FALSE
"InN","continuous_lfc","SIGLEC5",0.0299536334479622,NA,0.000499750124937531,0.000738472741916135,FALSE,FALSE
"InN","continuous_lfc","MFAP3L",0.0299486902255479,NA,0.000499750124937531,0.000738472741916135,FALSE,FALSE
"InN","continuous_lfc","CXCL2",0.0299407829623652,NA,0.000499750124937531,0.000738472741916135,TRUE,TRUE
"InN","continuous_lfc","SCT",0.0299392058923797,NA,0.000499750124937531,0.000738472741916135,FALSE,FALSE
"InN","continuous_lfc","CXCL14",0.0299336854132196,NA,0.000499750124937531,0.000738472741916135,FALSE,FALSE
"InN","continuous_lfc","EDN2",0.029918067031685,NA,0.000499750124937531,0.000738472741916135,FALSE,FALSE
"InN","continuous_lfc","SIGLEC7",0.0299140474500075,NA,0.000499750124937531,0.000738472741916135,FALSE,FALSE
"InN","continuous_lfc","ADAM28",0.0298934385367284,NA,0.000499750124937531,0.000738472741916135,FALSE,FALSE
"InN","continuous_lfc","SLIT2",0.0298929138274806,NA,0.000499750124937531,0.000738472741916135,FALSE,FALSE
"InN","continuous_lfc","TSHB",0.0298801945300407,NA,0.000499750124937531,0.000738472741916135,FALSE,FALSE
"InN","continuous_lfc","CP",0.0298754407897025,NA,0.000499750124937531,0.000738472741916135,FALSE,FALSE
"InN","continuous_lfc","COL16A1",0.0298751829285565,NA,0.000499750124937531,0.000738472741916135,FALSE,FALSE
"InN","continuous_lfc","COL21A1",0.0298738378366939,NA,0.000499750124937531,0.000738472741916135,TRUE,TRUE
"InN","continuous_lfc","MXRA5",0.0298622747702809,NA,0.000499750124937531,0.000738472741916135,FALSE,FALSE
"InN","continuous_lfc","IL7",0.0298518313556834,NA,0.000499750124937531,0.000738472741916135,FALSE,FALSE
"InN","continuous_lfc","PLA2G10",0.0298341195977892,NA,0.000499750124937531,0.000738472741916135,FALSE,FALSE
"InN","continuous_lfc","PSAP",0.0298306316247846,NA,0.000499750124937531,0.000738472741916135,FALSE,FALSE
"InN","continuous_lfc","SLITRK5",0.0298183298132777,NA,0.000499750124937531,0.000738472741916135,FALSE,FALSE
"InN","continuous_lfc","LRRTM3",0.0298078309419192,NA,0.000499750124937531,0.000738472741916135,FALSE,FALSE
"InN","continuous_lfc","BACE1",0.0298005150630742,NA,0.000499750124937531,0.000738472741916135,FALSE,FALSE
"InN","continuous_lfc","FASLG",0.0297805645829171,NA,0.000499750124937531,0.000738472741916135,FALSE,FALSE
"InN","continuous_lfc","NXPH3",0.0297749230722749,NA,0.000499750124937531,0.000738472741916135,FALSE,FALSE
"InN","continuous_lfc","SLAMF7",0.0297748894602847,NA,0.000499750124937531,0.000738472741916135,FALSE,FALSE
"InN","continuous_lfc","SELPLG",0.0297709109564578,NA,0.000499750124937531,0.000738472741916135,FALSE,FALSE
"InN","continuous_lfc","MANSC1",0.029763669010589,NA,0.000499750124937531,0.000738472741916135,FALSE,FALSE
"InN","continuous_lfc","COL24A1",0.029731940644063,NA,0.000499750124937531,0.000738472741916135,FALSE,FALSE
"InN","continuous_lfc","MATN1",0.0296973693646056,NA,0.000499750124937531,0.000738472741916135,FALSE,FALSE
"InN","continuous_lfc","NTM",0.0296939078084754,NA,0.000499750124937531,0.000738472741916135,FALSE,FALSE
"InN","continuous_lfc","SPINT1",0.0296823423180175,NA,0.000499750124937531,0.000738472741916135,FALSE,FALSE
"InN","continuous_lfc","PGF",0.0296754158666559,NA,0.000999500249875062,0.00132366249307779,FALSE,FALSE
"InN","continuous_lfc","PF4V1",0.029669573617806,NA,0.000499750124937531,0.000738472741916135,FALSE,FALSE
"InN","continuous_lfc","SEMA3A",0.0296647637577229,NA,0.000499750124937531,0.000738472741916135,FALSE,FALSE
"InN","continuous_lfc","ENG",0.0296638111068826,NA,0.000499750124937531,0.000738472741916135,FALSE,FALSE
"InN","continuous_lfc","MMP25",0.0296512114726598,NA,0.000499750124937531,0.000738472741916135,FALSE,FALSE
"InN","continuous_lfc","LCN1",0.0296319956906959,NA,0.000499750124937531,0.000738472741916135,FALSE,FALSE
"InN","continuous_lfc","FCN2",0.0296209971650694,NA,0.000499750124937531,0.000738472741916135,FALSE,FALSE
"InN","continuous_lfc","LAMC3",0.029599656399628,NA,0.000499750124937531,0.000738472741916135,FALSE,FALSE
"InN","continuous_lfc","IL23A",0.0295915048042927,NA,0.000499750124937531,0.000738472741916135,FALSE,FALSE
"InN","continuous_lfc","CNTN6",0.0295832289859869,NA,0.000499750124937531,0.000738472741916135,FALSE,FALSE
"InN","continuous_lfc","COL4A3",0.0295736572571317,NA,0.000499750124937531,0.000738472741916135,FALSE,FALSE
"InN","continuous_lfc","ADCYAP1",0.0295657212965045,NA,0.000499750124937531,0.000738472741916135,FALSE,FALSE
"InN","continuous_lfc","GPHA2",0.0295576575079571,NA,0.000499750124937531,0.000738472741916135,FALSE,FALSE
"InN","continuous_lfc","NECTIN1",0.0295557369303445,NA,0.000499750124937531,0.000738472741916135,FALSE,FALSE
"InN","continuous_lfc","SCUBE2",0.02955525721248,NA,0.000499750124937531,0.000738472741916135,FALSE,FALSE
"InN","continuous_lfc","C1QTNF1",0.0295550835716805,NA,0.000499750124937531,0.000738472741916135,FALSE,FALSE
"InN","continuous_lfc","CEACAM21",0.0295469537655466,NA,0.000499750124937531,0.000738472741916135,FALSE,FALSE
"InN","continuous_lfc","NRXN1",0.0295454032978075,NA,0.000499750124937531,0.000738472741916135,FALSE,FALSE
"InN","continuous_lfc","NDP",0.0295417091848181,NA,0.000499750124937531,0.000738472741916135,FALSE,FALSE
"InN","continuous_lfc","ADAM2",0.0295412429311826,NA,0.000499750124937531,0.000738472741916135,FALSE,FALSE
"InN","continuous_lfc","CEACAM8",0.029535206814336,NA,0.000499750124937531,0.000738472741916135,FALSE,FALSE
"InN","continuous_lfc","CD300LF",0.0295104169660507,NA,0.000499750124937531,0.000738472741916135,FALSE,FALSE
"InN","continuous_lfc","AMELY",0.0295096922570541,NA,0.000499750124937531,0.000738472741916135,FALSE,FALSE
"InN","continuous_lfc","DHH",0.0295083967083845,NA,0.000499750124937531,0.000738472741916135,FALSE,FALSE
"InN","continuous_lfc","NPW",0.0295046675704948,NA,0.000499750124937531,0.000738472741916135,FALSE,FALSE
"InN","continuous_lfc","FNDC5",0.0294882207933741,NA,0.000499750124937531,0.000738472741916135,FALSE,FALSE
"InN","continuous_lfc","RECK",0.0294839192981827,NA,0.000499750124937531,0.000738472741916135,FALSE,FALSE
"InN","continuous_lfc","MUC4",0.029471430128455,NA,0.000499750124937531,0.000738472741916135,FALSE,FALSE
"InN","continuous_lfc","SLITRK3",0.0294642443745508,NA,0.000999500249875062,0.00132366249307779,FALSE,FALSE
"InN","continuous_lfc","CRP",0.0294632941499588,NA,0.000499750124937531,0.000738472741916135,FALSE,FALSE
"InN","continuous_lfc","TMPRSS6",0.0294475066817891,NA,0.000499750124937531,0.000738472741916135,FALSE,FALSE
"InN","continuous_lfc","ICOSLG",0.0294316046134842,NA,0.000499750124937531,0.000738472741916135,FALSE,FALSE
"InN","continuous_lfc","IL17C",0.029431162392538,NA,0.000499750124937531,0.000738472741916135,FALSE,FALSE
"InN","continuous_lfc","SEMA5B",0.0294041579871124,NA,0.000499750124937531,0.000738472741916135,FALSE,FALSE
"InN","continuous_lfc","SAA1",0.0293932230719088,NA,0.000999500249875062,0.00132366249307779,FALSE,FALSE
"InN","continuous_lfc","ADAM12",0.0293824064040353,NA,0.000499750124937531,0.000738472741916135,FALSE,FALSE
"InN","continuous_lfc","ADAM29",0.0293806926189569,NA,0.000499750124937531,0.000738472741916135,FALSE,FALSE
"InN","continuous_lfc","PRND",0.0293802397444709,NA,0.000499750124937531,0.000738472741916135,FALSE,FALSE
"InN","continuous_lfc","VSTM4",0.0293726262747018,NA,0.000499750124937531,0.000738472741916135,FALSE,FALSE
"InN","continuous_lfc","TNFSF18",0.0293681654516006,NA,0.000499750124937531,0.000738472741916135,FALSE,FALSE
"InN","continuous_lfc","SIRPG",0.0293615821954354,NA,0.000499750124937531,0.000738472741916135,FALSE,FALSE
"InN","continuous_lfc","TNXB",0.0293552790845397,NA,0.000499750124937531,0.000738472741916135,FALSE,FALSE
"InN","continuous_lfc","CNTN3",0.0293458121280592,NA,0.000499750124937531,0.000738472741916135,FALSE,FALSE
"InN","continuous_lfc","DEFB106B",0.0293430758821802,NA,0.000999500249875062,0.00132366249307779,FALSE,FALSE
"InN","continuous_lfc","RSPO4",0.0293413937857237,NA,0.000499750124937531,0.000738472741916135,FALSE,FALSE
"InN","continuous_lfc","CD244",0.0293386158098334,NA,0.000499750124937531,0.000738472741916135,FALSE,FALSE
"InN","continuous_lfc","NPPB",0.0293342256436969,NA,0.000999500249875062,0.00132366249307779,FALSE,FALSE
"InN","continuous_lfc","NFASC",0.0293263521639437,NA,0.000499750124937531,0.000738472741916135,FALSE,FALSE
"InN","continuous_lfc","LINGO4",0.0293263521639419,NA,0.000499750124937531,0.000738472741916135,FALSE,FALSE
"InN","continuous_lfc","KLKB1",0.0293200166521018,NA,0.000499750124937531,0.000738472741916135,FALSE,FALSE
"InN","continuous_lfc","PRSS55",0.0293187166546393,NA,0.000499750124937531,0.000738472741916135,FALSE,FALSE
"InN","continuous_lfc","HJV",0.0293125503396884,NA,0.000499750124937531,0.000738472741916135,FALSE,FALSE
"InN","continuous_lfc","EMC1",0.0292991475058378,NA,0.000499750124937531,0.000738472741916135,FALSE,FALSE
"InN","continuous_lfc","TFPI",0.0292946398693949,NA,0.000499750124937531,0.000738472741916135,FALSE,FALSE
"InN","continuous_lfc","NELL2",0.0292945924087373,NA,0.000499750124937531,0.000738472741916135,FALSE,FALSE
"InN","continuous_lfc","NRTN",0.0292877725362722,NA,0.000499750124937531,0.000738472741916135,FALSE,FALSE
"InN","continuous_lfc","LIN7C",0.0292877524643464,NA,0.000499750124937531,0.000738472741916135,FALSE,FALSE
"InN","continuous_lfc","PRSS1",0.0292537698938729,NA,0.000499750124937531,0.000738472741916135,FALSE,FALSE
"InN","continuous_lfc","SHISA4",0.0292372876069616,NA,0.000499750124937531,0.000738472741916135,FALSE,FALSE
"InN","continuous_lfc","CEACAM6",0.0292189753136682,NA,0.000499750124937531,0.000738472741916135,FALSE,FALSE
"InN","continuous_lfc","SLURP2",0.029202385241516,NA,0.000499750124937531,0.000738472741916135,FALSE,FALSE
"InN","continuous_lfc","ENAM",0.0291989930305668,NA,0.000499750124937531,0.000738472741916135,FALSE,FALSE
"InN","continuous_lfc","PPY",0.0291949066986897,NA,0.000499750124937531,0.000738472741916135,FALSE,FALSE
"InN","continuous_lfc","PTPRZ1",0.0291942673931136,NA,0.000499750124937531,0.000738472741916135,FALSE,FALSE
"InN","continuous_lfc","JAM2",0.0291847050066332,NA,0.000499750124937531,0.000738472741916135,FALSE,FALSE
"InN","continuous_lfc","APOA2",0.0291823165580571,NA,0.000499750124937531,0.000738472741916135,FALSE,FALSE
"InN","continuous_lfc","TIMP1",0.0291817124097035,NA,0.000499750124937531,0.000738472741916135,FALSE,FALSE
"InN","continuous_lfc","FGF17",0.0291518834866735,NA,0.000499750124937531,0.000738472741916135,FALSE,FALSE
"InN","continuous_lfc","MMP1",0.0291506209533577,NA,0.000499750124937531,0.000738472741916135,FALSE,FALSE
"InN","continuous_lfc","CHL1",0.0291495935259995,NA,0.000999500249875062,0.00132366249307779,FALSE,FALSE
"InN","continuous_lfc","INSL5",0.0291407340270982,NA,0.000999500249875062,0.00132366249307779,FALSE,FALSE
"InN","continuous_lfc","LAMB3",0.0291347598896999,NA,0.000499750124937531,0.000738472741916135,FALSE,FALSE
"InN","continuous_lfc","CER1",0.0291261724855833,NA,0.000499750124937531,0.000738472741916135,FALSE,FALSE
"InN","continuous_lfc","LRFN3",0.029124247955012,NA,0.000499750124937531,0.000738472741916135,FALSE,FALSE
"InN","continuous_lfc","LILRB4",0.0291206532279009,NA,0.000999500249875062,0.00132366249307779,FALSE,FALSE
"InN","continuous_lfc","SEMA3C",0.029109783730398,NA,0.000499750124937531,0.000738472741916135,FALSE,FALSE
"InN","continuous_lfc","TRH",0.0291077552766152,NA,0.000499750124937531,0.000738472741916135,FALSE,FALSE
"InN","continuous_lfc","LGALS3BP",0.0291055103948491,NA,0.000499750124937531,0.000738472741916135,FALSE,FALSE
"InN","continuous_lfc","COL4A5",0.0291040300632484,NA,0.000499750124937531,0.000738472741916135,FALSE,FALSE
"InN","continuous_lfc","LGI3",0.0290995285709114,NA,0.000499750124937531,0.000738472741916135,FALSE,FALSE
"InN","continuous_lfc","IMPG2",0.0290845234657279,NA,0.000499750124937531,0.000738472741916135,FALSE,FALSE
"InN","continuous_lfc","APOC2",0.0290812079113542,NA,0.000499750124937531,0.000738472741916135,FALSE,FALSE
"InN","continuous_lfc","WFIKKN2",0.0290774700047175,NA,0.000499750124937531,0.000738472741916135,FALSE,FALSE
"InN","continuous_lfc","F5",0.0290718075731892,NA,0.000499750124937531,0.000738472741916135,FALSE,FALSE
"InN","continuous_lfc","APOA4",0.0290696346190647,NA,0.000499750124937531,0.000738472741916135,FALSE,FALSE
"InN","continuous_lfc","IZUMO1",0.029067900253168,NA,0.000499750124937531,0.000738472741916135,FALSE,FALSE
"InN","continuous_lfc","SCGB1A1",0.0290390555405398,NA,0.000499750124937531,0.000738472741916135,FALSE,FALSE
"InN","continuous_lfc","CTSD",0.0290343294126156,NA,0.000499750124937531,0.000738472741916135,FALSE,FALSE
"InN","continuous_lfc","CPAMD8",0.0290229383184974,NA,0.000499750124937531,0.000738472741916135,FALSE,FALSE
"InN","continuous_lfc","CGB3",0.0290068681427845,NA,0.000999500249875062,0.00132366249307779,FALSE,FALSE
"InN","continuous_lfc","NRP1",0.0289930080622548,NA,0.000499750124937531,0.000738472741916135,FALSE,FALSE
"InN","continuous_lfc","CDH4",0.028992652315954,NA,0.000499750124937531,0.000738472741916135,FALSE,FALSE
"InN","continuous_lfc","DSC1",0.0289897882895154,NA,0.000499750124937531,0.000738472741916135,FALSE,FALSE
"InN","continuous_lfc","AHSG",0.0289855267927809,NA,0.000499750124937531,0.000738472741916135,FALSE,FALSE
"InN","continuous_lfc","RBP4",0.0289766719441102,NA,0.000499750124937531,0.000738472741916135,FALSE,FALSE
"InN","continuous_lfc","MPDZ",0.0289690662928399,NA,0.000499750124937531,0.000738472741916135,FALSE,FALSE
"InN","continuous_lfc","NTN3",0.0289644545727025,NA,0.000499750124937531,0.000738472741916135,FALSE,FALSE
"InN","continuous_lfc","IL22",0.0289456328999284,NA,0.000499750124937531,0.000738472741916135,FALSE,FALSE
"InN","continuous_lfc","ADAM15",0.0289261304548001,NA,0.000499750124937531,0.000738472741916135,FALSE,FALSE
"InN","continuous_lfc","L1CAM",0.0289104964610622,NA,0.000999500249875062,0.00132366249307779,FALSE,FALSE
"InN","continuous_lfc","F11R",0.0288959289933586,NA,0.000499750124937531,0.000738472741916135,FALSE,FALSE
"InN","continuous_lfc","EGFL8",0.0288905380036644,NA,0.000499750124937531,0.000738472741916135,FALSE,FALSE
"InN","continuous_lfc","MXRA8",0.0288864915912282,NA,0.000499750124937531,0.000738472741916135,FALSE,FALSE
"InN","continuous_lfc","FGL1",0.0288753901819008,NA,0.000499750124937531,0.000738472741916135,FALSE,FALSE
"InN","continuous_lfc","EFNA3",0.0288751222019407,NA,0.000499750124937531,0.000738472741916135,FALSE,FALSE
"InN","continuous_lfc","NLGN4Y",0.0288662159778386,NA,0.000499750124937531,0.000738472741916135,FALSE,FALSE
"InN","continuous_lfc","OBP2A",0.0288626849164885,NA,0.000499750124937531,0.000738472741916135,FALSE,FALSE
"InN","continuous_lfc","COMP",0.0288591142859136,NA,0.000499750124937531,0.000738472741916135,FALSE,FALSE
"InN","continuous_lfc","CD48",0.0288562929115093,NA,0.000499750124937531,0.000738472741916135,FALSE,FALSE
"InN","continuous_lfc","JAM3",0.0288511598732463,NA,0.000499750124937531,0.000738472741916135,FALSE,FALSE
"InN","continuous_lfc","HLA-DRB4",0.0288511426241972,NA,0.000499750124937531,0.000738472741916135,FALSE,FALSE
"InN","continuous_lfc","ULBP2",0.0288454222944579,NA,0.000499750124937531,0.000738472741916135,FALSE,FALSE
"InN","continuous_lfc","CA12",0.0288319932166169,NA,0.000499750124937531,0.000738472741916135,FALSE,FALSE
"InN","continuous_lfc","COL7A1",0.0288245940049021,NA,0.000499750124937531,0.000738472741916135,FALSE,FALSE
"InN","continuous_lfc","CXCL10",0.0288128390724625,NA,0.000499750124937531,0.000738472741916135,FALSE,FALSE
"InN","continuous_lfc","APOC1",0.0288077893190688,NA,0.000499750124937531,0.000738472741916135,TRUE,TRUE
"InN","continuous_lfc","CGA",0.0288027590224282,NA,0.000499750124937531,0.000738472741916135,FALSE,FALSE
"InN","continuous_lfc","PLEKHO2",0.0287884168578672,NA,0.000499750124937531,0.000738472741916135,FALSE,FALSE
"InN","continuous_lfc","TGOLN2",0.0287856737918721,NA,0.000499750124937531,0.000738472741916135,FALSE,FALSE
"InN","continuous_lfc","PODXL",0.0287854765143419,NA,0.000499750124937531,0.000738472741916135,FALSE,FALSE
"InN","continuous_lfc","LGALS1",0.0287784320979965,NA,0.000499750124937531,0.000738472741916135,FALSE,FALSE
"InN","continuous_lfc","COL14A1",0.0287741029377753,NA,0.000499750124937531,0.000738472741916135,FALSE,FALSE
"InN","continuous_lfc","MMP7",0.0287715482440178,NA,0.000499750124937531,0.000738472741916135,FALSE,FALSE
"InN","continuous_lfc","SEMA3G",0.0287559048567169,NA,0.000499750124937531,0.000738472741916135,FALSE,FALSE
"InN","continuous_lfc","FGFRL1",0.0287508641960189,NA,0.000999500249875062,0.00132366249307779,FALSE,FALSE
"InN","continuous_lfc","MMP14",0.0287458961748126,NA,0.000499750124937531,0.000738472741916135,FALSE,FALSE
"InN","continuous_lfc","ORM1",0.0287441147919713,NA,0.000499750124937531,0.000738472741916135,FALSE,FALSE
"InN","continuous_lfc","DSC2",0.0287322187627528,NA,0.000499750124937531,0.000738472741916135,FALSE,FALSE
"InN","continuous_lfc","ADAM11",0.0287226715965434,NA,0.000499750124937531,0.000738472741916135,FALSE,FALSE
"InN","continuous_lfc","TPH1",0.0287225645213824,NA,0.000499750124937531,0.000738472741916135,FALSE,FALSE
"InN","continuous_lfc","ARF1",0.0287086178260707,NA,0.000499750124937531,0.000738472741916135,FALSE,FALSE
"InN","continuous_lfc","NUCB2",0.0286854296603611,NA,0.000499750124937531,0.000738472741916135,FALSE,FALSE
"InN","continuous_lfc","LYZ",0.0286611783989566,NA,0.000499750124937531,0.000738472741916135,FALSE,FALSE
"InN","continuous_lfc","ARTN",0.0286543618718299,NA,0.000499750124937531,0.000738472741916135,FALSE,FALSE
"InN","continuous_lfc","GIP",0.0286509374606286,NA,0.000999500249875062,0.00132366249307779,FALSE,FALSE
"InN","continuous_lfc","AZGP1",0.0286383747512648,NA,0.000499750124937531,0.000738472741916135,TRUE,TRUE
"InN","continuous_lfc","BOC",0.0286383153442586,NA,0.000499750124937531,0.000738472741916135,FALSE,FALSE
"InN","continuous_lfc","VSIG4",0.0286213288314066,NA,0.000499750124937531,0.000738472741916135,FALSE,FALSE
"InN","continuous_lfc","VSIR",0.0285970929617537,NA,0.000499750124937531,0.000738472741916135,FALSE,FALSE
"InN","continuous_lfc","NETO2",0.0285869213532671,NA,0.000499750124937531,0.000738472741916135,FALSE,FALSE
"InN","continuous_lfc","KITLG",0.0285843792573616,NA,0.000499750124937531,0.000738472741916135,TRUE,TRUE
"InN","continuous_lfc","LGI1",0.0285722183422453,NA,0.000499750124937531,0.000738472741916135,FALSE,FALSE
"InN","continuous_lfc","BCAN",0.028564028265032,NA,0.000499750124937531,0.000738472741916135,FALSE,FALSE
"InN","continuous_lfc","CXCL17",0.0285614237089873,NA,0.000499750124937531,0.000738472741916135,FALSE,FALSE
"InN","continuous_lfc","LGALS9",0.0285514525015489,NA,0.000499750124937531,0.000738472741916135,TRUE,TRUE
"InN","continuous_lfc","NTN4",0.028533130585732,NA,0.000499750124937531,0.000738472741916135,FALSE,FALSE
"InN","continuous_lfc","APOC4",0.0285201147189493,NA,0.000499750124937531,0.000738472741916135,FALSE,FALSE
"InN","continuous_lfc","HLA-DRB3",0.0285160473857136,NA,0.000499750124937531,0.000738472741916135,FALSE,FALSE
"InN","continuous_lfc","SIRPB2",0.0285035153605978,NA,0.000499750124937531,0.000738472741916135,FALSE,FALSE
"InN","continuous_lfc","TIGIT",0.0285018659441766,NA,0.000499750124937531,0.000738472741916135,FALSE,FALSE
"InN","continuous_lfc","THBS2",0.0284763801103779,NA,0.000499750124937531,0.000738472741916135,FALSE,FALSE
"InN","continuous_lfc","NEGR1",0.0284750987559169,NA,0.000499750124937531,0.000738472741916135,FALSE,FALSE
"InN","continuous_lfc","HAS2",0.0284745328067805,NA,0.000499750124937531,0.000738472741916135,FALSE,FALSE
"InN","continuous_lfc","RLN3",0.0284648692505783,NA,0.000499750124937531,0.000738472741916135,FALSE,FALSE
"InN","continuous_lfc","TCTN3",0.0284596958170189,NA,0.000499750124937531,0.000738472741916135,FALSE,FALSE
"InN","continuous_lfc","SDC4",0.0284562290852836,NA,0.000499750124937531,0.000738472741916135,FALSE,FALSE
"InN","continuous_lfc","HSPG2",0.0284128786135596,NA,0.000499750124937531,0.000738472741916135,FALSE,FALSE
"InN","continuous_lfc","LRRN1",0.0284100430724639,NA,0.000499750124937531,0.000738472741916135,FALSE,FALSE
"InN","continuous_lfc","COL6A1",0.0283915693656648,NA,0.000499750124937531,0.000738472741916135,FALSE,FALSE
"InN","continuous_lfc","CDH6",0.028389203451963,NA,0.000499750124937531,0.000738472741916135,FALSE,FALSE
"InN","continuous_lfc","ITM2B",0.0283829061048516,NA,0.000499750124937531,0.000738472741916135,FALSE,FALSE
"InN","continuous_lfc","CFH",0.0283673939172712,NA,0.000499750124937531,0.000738472741916135,FALSE,FALSE
"InN","continuous_lfc","S100A10",0.0283577714510765,NA,0.000499750124937531,0.000738472741916135,FALSE,FALSE
"InN","continuous_lfc","IL2",0.028354632280463,NA,0.000499750124937531,0.000738472741916135,FALSE,FALSE
"InN","continuous_lfc","LAMA1",0.0283531455389604,NA,0.000499750124937531,0.000738472741916135,FALSE,FALSE
"InN","continuous_lfc","TPSB2",0.0283374494405564,NA,0.000499750124937531,0.000738472741916135,FALSE,FALSE
"InN","continuous_lfc","CTHRC1",0.0283055967520853,NA,0.000499750124937531,0.000738472741916135,FALSE,FALSE
"InN","continuous_lfc","GHRL",0.028294272968155,NA,0.000999500249875062,0.00132366249307779,FALSE,FALSE
"InN","continuous_lfc","PODXL2",0.0282897558518678,NA,0.000499750124937531,0.000738472741916135,FALSE,FALSE
"InN","continuous_lfc","BDNF",0.0282865703972883,NA,0.000999500249875062,0.00132366249307779,FALSE,FALSE
"InN","continuous_lfc","RAET1G",0.0282749728723023,NA,0.000499750124937531,0.000738472741916135,FALSE,FALSE
"InN","continuous_lfc","LRRC52",0.028269006289688,NA,0.000499750124937531,0.000738472741916135,FALSE,FALSE
"InN","continuous_lfc","SPP1",0.0282664354356519,NA,0.000499750124937531,0.000738472741916135,FALSE,FALSE
"InN","continuous_lfc","SEMA3E",0.0282614614073788,NA,0.000499750124937531,0.000738472741916135,FALSE,FALSE
"InN","continuous_lfc","PLXNA1",0.0282553983922168,NA,0.000499750124937531,0.000738472741916135,FALSE,FALSE
"InN","continuous_lfc","TCTN1",0.0282439776686761,NA,0.000499750124937531,0.000738472741916135,FALSE,FALSE
"InN","continuous_lfc","RSPO2",0.0282375846904098,NA,0.000499750124937531,0.000738472741916135,FALSE,FALSE
"InN","continuous_lfc","FCGR3B",0.0282210722167973,NA,0.000499750124937531,0.000738472741916135,FALSE,FALSE
"InN","continuous_lfc","CEACAM20",0.0281848067440035,NA,0.000499750124937531,0.000738472741916135,FALSE,FALSE
"InN","continuous_lfc","CD40",0.0281835276753467,NA,0.000999500249875062,0.00132366249307779,FALSE,FALSE
"InN","continuous_lfc","EZR",0.0281795691039915,NA,0.000499750124937531,0.000738472741916135,FALSE,FALSE
"InN","continuous_lfc","TNFSF11",0.0281766103369587,NA,0.000499750124937531,0.000738472741916135,FALSE,FALSE
"InN","continuous_lfc","HEBP1",0.0281754422446059,NA,0.000499750124937531,0.000738472741916135,FALSE,FALSE
"InN","continuous_lfc","KNG1",0.0281721120946717,NA,0.000999500249875062,0.00132366249307779,FALSE,FALSE
"InN","continuous_lfc","FGA",0.0281663095480677,NA,0.000499750124937531,0.000738472741916135,FALSE,FALSE
"InN","continuous_lfc","GDF3",0.0281573858939395,NA,0.000499750124937531,0.000738472741916135,FALSE,FALSE
"InN","continuous_lfc","EDA",0.0281530828461188,NA,0.000499750124937531,0.000738472741916135,FALSE,FALSE
"InN","continuous_lfc","F7",0.0281417432428343,NA,0.000499750124937531,0.000738472741916135,FALSE,FALSE
"InN","continuous_lfc","CCL20",0.0281410805341829,NA,0.000499750124937531,0.000738472741916135,FALSE,FALSE
"InN","continuous_lfc","DSG2",0.0281357151224987,NA,0.000499750124937531,0.000738472741916135,FALSE,FALSE
"InN","continuous_lfc","ALB",0.0280923930851936,NA,0.000999500249875062,0.00132366249307779,FALSE,FALSE
"InN","continuous_lfc","TDGF1P3",0.0280804528844796,NA,0.000499750124937531,0.000738472741916135,FALSE,FALSE
"InN","continuous_lfc","BMP2",0.0280793868625862,NA,0.000499750124937531,0.000738472741916135,FALSE,FALSE
"InN","continuous_lfc","IL1A",0.0280717946628084,NA,0.000499750124937531,0.000738472741916135,FALSE,FALSE
"InN","continuous_lfc","LAMC1",0.0280548211634209,NA,0.000499750124937531,0.000738472741916135,FALSE,FALSE
"InN","continuous_lfc","TNFSF15",0.0280526951355705,NA,0.000499750124937531,0.000738472741916135,FALSE,FALSE
"InN","continuous_lfc","SEMA3D",0.028048908016129,NA,0.000499750124937531,0.000738472741916135,TRUE,TRUE
"InN","continuous_lfc","EFEMP2",0.0280473482769147,NA,0.000499750124937531,0.000738472741916135,FALSE,FALSE
"InN","continuous_lfc","GZMB",0.0280255242324943,NA,0.000499750124937531,0.000738472741916135,FALSE,FALSE
"InN","continuous_lfc","F9",0.0280193286887925,NA,0.000499750124937531,0.000738472741916135,FALSE,FALSE
"InN","continuous_lfc","NRG2",0.0280059768894382,NA,0.000499750124937531,0.000738472741916135,FALSE,FALSE
"InN","continuous_lfc","MICA",0.0280026983792428,NA,0.000499750124937531,0.000738472741916135,FALSE,FALSE
"InN","continuous_lfc","C3",0.0280002416193927,NA,0.000499750124937531,0.000738472741916135,FALSE,FALSE
"InN","continuous_lfc","THPO",0.0279915508778521,NA,0.000999500249875062,0.00132366249307779,FALSE,FALSE
"InN","continuous_lfc","DKK4",0.0279614872863886,NA,0.000499750124937531,0.000738472741916135,FALSE,FALSE
"InN","continuous_lfc","CLEC2A",0.0279593734225926,NA,0.000499750124937531,0.000738472741916135,FALSE,FALSE
"InN","continuous_lfc","COL9A3",0.0279487805890725,NA,0.000499750124937531,0.000738472741916135,FALSE,FALSE
"InN","continuous_lfc","FLRT1",0.0279249725662824,NA,0.000499750124937531,0.000738472741916135,FALSE,FALSE
"InN","continuous_lfc","CLEC2B",0.0279112827228725,NA,0.000499750124937531,0.000738472741916135,FALSE,FALSE
"InN","continuous_lfc","APOB",0.0278917324654565,NA,0.000499750124937531,0.000738472741916135,FALSE,FALSE
"InN","continuous_lfc","AGRP",0.027887385397672,NA,0.000499750124937531,0.000738472741916135,FALSE,FALSE
"InN","continuous_lfc","NLGN2",0.0278816747910545,NA,0.000499750124937531,0.000738472741916135,FALSE,FALSE
"InN","continuous_lfc","COL6A5",0.0278644436143772,NA,0.000499750124937531,0.000738472741916135,FALSE,FALSE
"InN","continuous_lfc","MMP12",0.0278457442014219,NA,0.000999500249875062,0.00132366249307779,FALSE,FALSE
"InN","continuous_lfc","OSTN",0.0278239367390315,NA,0.000499750124937531,0.000738472741916135,FALSE,FALSE
"InN","continuous_lfc","CDH9",0.0278230312220437,NA,0.000499750124937531,0.000738472741916135,FALSE,FALSE
"InN","continuous_lfc","CXCL6",0.0278221768290147,NA,0.00249875062468766,0.00306096951524238,FALSE,FALSE
"InN","continuous_lfc","ANXA2",0.0278078311272376,NA,0.000499750124937531,0.000738472741916135,FALSE,FALSE
"InN","continuous_lfc","TIMD4",0.0277942621847588,NA,0.000499750124937531,0.000738472741916135,FALSE,FALSE
"InN","continuous_lfc","CCL5",0.0277941997563421,NA,0.000499750124937531,0.000738472741916135,FALSE,FALSE
"InN","continuous_lfc","VIP",0.0277885224363784,NA,0.00149925037481259,0.00189533716114079,FALSE,FALSE
"InN","continuous_lfc","GAS6",0.0277564244181672,NA,0.000999500249875062,0.00132366249307779,FALSE,FALSE
"InN","continuous_lfc","CXCL16",0.0277536540252597,NA,0.000499750124937531,0.000738472741916135,FALSE,FALSE
"InN","continuous_lfc","BGN",0.0277415899563476,NA,0.000999500249875062,0.00132366249307779,FALSE,FALSE
"InN","continuous_lfc","TTR",0.0277317087953239,NA,0.000499750124937531,0.000738472741916135,FALSE,FALSE
"InN","continuous_lfc","CXCL3",0.0277284059412455,NA,0.000499750124937531,0.000738472741916135,FALSE,FALSE
"InN","continuous_lfc","HLA-DRB1",0.0277177627891766,NA,0.000499750124937531,0.000738472741916135,FALSE,FALSE
"InN","continuous_lfc","PCDHA4",0.0277174086981325,NA,0.000499750124937531,0.000738472741916135,FALSE,FALSE
"InN","continuous_lfc","SFRP1",0.0277092180620467,NA,0.000999500249875062,0.00132366249307779,FALSE,FALSE
"InN","continuous_lfc","VEGFD",0.027697918916363,NA,0.000499750124937531,0.000738472741916135,FALSE,FALSE
"InN","continuous_lfc","FSTL5",0.0276909736922422,NA,0.000499750124937531,0.000738472741916135,FALSE,FALSE
"InN","continuous_lfc","LRRN2",0.0276824510721915,NA,0.000499750124937531,0.000738472741916135,FALSE,FALSE
"InN","continuous_lfc","NTNG1",0.0276807346828718,NA,0.000499750124937531,0.000738472741916135,FALSE,FALSE
"InN","continuous_lfc","THY1",0.0276787030925191,NA,0.000499750124937531,0.000738472741916135,FALSE,FALSE
"InN","continuous_lfc","CLDN3",0.0276545811533545,NA,0.000499750124937531,0.000738472741916135,FALSE,FALSE
"InN","continuous_lfc","CTSG",0.0276524928057559,NA,0.000499750124937531,0.000738472741916135,FALSE,FALSE
"InN","continuous_lfc","SHBG",0.0276511416784765,NA,0.000499750124937531,0.000738472741916135,FALSE,FALSE
"InN","continuous_lfc","ZPBP2",0.0276489291217352,NA,0.000499750124937531,0.000738472741916135,FALSE,FALSE
"InN","continuous_lfc","BTN2A1",0.0276476349512625,NA,0.000499750124937531,0.000738472741916135,FALSE,FALSE
"InN","continuous_lfc","CCL3L1",0.0276425695933517,NA,0.000999500249875062,0.00132366249307779,FALSE,FALSE
"InN","continuous_lfc","F8",0.0276147280918256,NA,0.000499750124937531,0.000738472741916135,FALSE,FALSE
"InN","continuous_lfc","COL3A1",0.0276052790432257,NA,0.000499750124937531,0.000738472741916135,FALSE,FALSE
"InN","continuous_lfc","CD96",0.0275986705104262,NA,0.000499750124937531,0.000738472741916135,FALSE,FALSE
"InN","continuous_lfc","FGF9",0.0275958911515464,NA,0.000499750124937531,0.000738472741916135,FALSE,FALSE
"InN","continuous_lfc","MFGE8",0.0275880316076469,NA,0.000499750124937531,0.000738472741916135,FALSE,FALSE
"InN","continuous_lfc","TAFA4",0.0275669276313183,NA,0.000499750124937531,0.000738472741916135,FALSE,FALSE
"InN","continuous_lfc","ICAM4",0.0275612121645727,NA,0.000499750124937531,0.000738472741916135,FALSE,FALSE
"InN","continuous_lfc","PCSK9",0.0275502182965044,NA,0.000499750124937531,0.000738472741916135,FALSE,FALSE
"InN","continuous_lfc","COL2A1",0.0275408122534984,NA,0.000499750124937531,0.000738472741916135,FALSE,FALSE
"InN","continuous_lfc","CTF1",0.027535453576332,NA,0.000499750124937531,0.000738472741916135,FALSE,FALSE
"InN","continuous_lfc","EDN1",0.0275147708256791,NA,0.000499750124937531,0.000738472741916135,FALSE,FALSE
"InN","continuous_lfc","GPI",0.0275142522191062,NA,0.000499750124937531,0.000738472741916135,FALSE,FALSE
"InN","continuous_lfc","CLDN16",0.0275103446199421,NA,0.000499750124937531,0.000738472741916135,FALSE,FALSE
"InN","continuous_lfc","SLPI",0.027475106118225,NA,0.000999500249875062,0.00132366249307779,FALSE,FALSE
"InN","continuous_lfc","UXS1",0.0274313738157154,NA,0.000499750124937531,0.000738472741916135,FALSE,FALSE
"InN","continuous_lfc","CD59",0.0274137320611482,NA,0.000499750124937531,0.000738472741916135,FALSE,FALSE
"InN","continuous_lfc","DEFB1",0.0274053163377388,NA,0.000499750124937531,0.000738472741916135,FALSE,FALSE
"InN","continuous_lfc","ALKAL1",0.027404448104703,NA,0.000999500249875062,0.00132366249307779,FALSE,FALSE
"InN","continuous_lfc","TSPAN3",0.0273607650484541,NA,0.000499750124937531,0.000738472741916135,FALSE,FALSE
"InN","continuous_lfc","LPL",0.0273416285492469,NA,0.000999500249875062,0.00132366249307779,FALSE,FALSE
"InN","continuous_lfc","APOC3",0.027335182099176,NA,0.000499750124937531,0.000738472741916135,FALSE,FALSE
"InN","continuous_lfc","CDH1",0.0273249332955451,NA,0.000499750124937531,0.000738472741916135,FALSE,FALSE
"InN","continuous_lfc","ITIH2",0.0273249169055892,NA,0.000499750124937531,0.000738472741916135,FALSE,FALSE
"InN","continuous_lfc","HAVCR1",0.0273077436983211,NA,0.000499750124937531,0.000738472741916135,FALSE,FALSE
"InN","continuous_lfc","RTN4",0.0273033222170359,NA,0.000499750124937531,0.000738472741916135,FALSE,FALSE
"InN","continuous_lfc","PCDHA7",0.0272886962974028,NA,0.000499750124937531,0.000738472741916135,FALSE,FALSE
"InN","continuous_lfc","SEMA4A",0.02728545605502,NA,0.000499750124937531,0.000738472741916135,FALSE,FALSE
"InN","continuous_lfc","ESAM",0.0272580109617372,NA,0.000499750124937531,0.000738472741916135,FALSE,FALSE
"InN","continuous_lfc","SDK2",0.0272459696753606,NA,0.000499750124937531,0.000738472741916135,FALSE,FALSE
"InN","continuous_lfc","PTPRK",0.0272415489955022,NA,0.000499750124937531,0.000738472741916135,FALSE,FALSE
"InN","continuous_lfc","ANTXR1",0.0272394599961184,NA,0.000499750124937531,0.000738472741916135,FALSE,FALSE
"InN","continuous_lfc","SERPINE1",0.0272236691925529,NA,0.000499750124937531,0.000738472741916135,TRUE,TRUE
"InN","continuous_lfc","IL36RN",0.0272211454374598,NA,0.000499750124937531,0.000738472741916135,FALSE,FALSE
"InN","continuous_lfc","NRXN2",0.0272163726239915,NA,0.000999500249875062,0.00132366249307779,FALSE,FALSE
"InN","continuous_lfc","DSG1",0.0271821902664217,NA,0.000499750124937531,0.000738472741916135,FALSE,FALSE
"InN","continuous_lfc","CCL21",0.0271148822752911,NA,0.000499750124937531,0.000738472741916135,FALSE,FALSE
"InN","continuous_lfc","ARMH4",0.0270961194914991,NA,0.000499750124937531,0.000738472741916135,FALSE,FALSE
"InN","continuous_lfc","COL8A2",0.0270537424601918,NA,0.000499750124937531,0.000738472741916135,FALSE,FALSE
"InN","continuous_lfc","NLGN4X",0.0270381782079329,NA,0.000499750124937531,0.000738472741916135,FALSE,FALSE
"InN","continuous_lfc","NPPC",0.0270337043300682,NA,0.000499750124937531,0.000738472741916135,FALSE,FALSE
"InN","continuous_lfc","SEMA7A",0.0270151648231197,NA,0.000499750124937531,0.000738472741916135,FALSE,FALSE
"InN","continuous_lfc","FAT4",0.0270100568442448,NA,0.000499750124937531,0.000738472741916135,FALSE,FALSE
"InN","continuous_lfc","MMRN2",0.0269976937878702,NA,0.000499750124937531,0.000738472741916135,FALSE,FALSE
"InN","continuous_lfc","NTNG2",0.0269976590321565,NA,0.000499750124937531,0.000738472741916135,FALSE,FALSE
"InN","continuous_lfc","GP1BA",0.026974848407119,NA,0.000499750124937531,0.000738472741916135,FALSE,FALSE
"InN","continuous_lfc","C4B_2",0.0269447426475145,NA,0.000999500249875062,0.00132366249307779,FALSE,FALSE
"InN","continuous_lfc","PCDHA12",0.0269376740103917,NA,0.000499750124937531,0.000738472741916135,FALSE,FALSE
"InN","continuous_lfc","CD47",0.0269346701058416,NA,0.000499750124937531,0.000738472741916135,FALSE,FALSE
"InN","continuous_lfc","NECTIN4",0.0269278827345535,NA,0.000999500249875062,0.00132366249307779,FALSE,FALSE
"InN","continuous_lfc","MADCAM1",0.026914923404854,NA,0.000499750124937531,0.000738472741916135,FALSE,FALSE
"InN","continuous_lfc","C4A",0.0269079631960294,NA,0.000499750124937531,0.000738472741916135,FALSE,FALSE
"InN","continuous_lfc","RETN",0.0268776039031003,NA,0.000499750124937531,0.000738472741916135,FALSE,FALSE
"InN","continuous_lfc","COLQ",0.0268677096550267,NA,0.000499750124937531,0.000738472741916135,FALSE,FALSE
"InN","continuous_lfc","S100A12",0.0268547976079247,NA,0.000999500249875062,0.00132366249307779,FALSE,FALSE
"InN","continuous_lfc","LPA",0.0268481181767994,NA,0.000999500249875062,0.00132366249307779,FALSE,FALSE
"InN","continuous_lfc","HLA-DQB1",0.026838816408745,NA,0.000999500249875062,0.00132366249307779,FALSE,FALSE
"InN","continuous_lfc","BTC",0.0268374217353512,NA,0.000499750124937531,0.000738472741916135,FALSE,FALSE
"InN","continuous_lfc","FBLN1",0.0268242558448758,NA,0.000499750124937531,0.000738472741916135,FALSE,FALSE
"InN","continuous_lfc","CDH3",0.0267868406951006,NA,0.000499750124937531,0.000738472741916135,FALSE,FALSE
"InN","continuous_lfc","NPNT",0.0267839330838458,NA,0.000999500249875062,0.00132366249307779,FALSE,FALSE
"InN","continuous_lfc","ALCAM",0.0267800938766816,NA,0.000999500249875062,0.00132366249307779,FALSE,FALSE
"InN","continuous_lfc","SEMA5A",0.0267679782506995,NA,0.000499750124937531,0.000738472741916135,FALSE,FALSE
"InN","continuous_lfc","CLEC11A",0.0267313713133418,NA,0.000499750124937531,0.000738472741916135,FALSE,FALSE
"InN","continuous_lfc","CFD",0.0267106652884057,NA,0.000499750124937531,0.000738472741916135,FALSE,FALSE
"InN","continuous_lfc","FAM3B",0.0266940827963519,NA,0.000499750124937531,0.000738472741916135,FALSE,FALSE
"InN","continuous_lfc","TDGF1",0.0266931557346692,NA,0.000499750124937531,0.000738472741916135,FALSE,FALSE
"InN","continuous_lfc","PTDSS1",0.0266711369534988,NA,0.000999500249875062,0.00132366249307779,FALSE,FALSE
"InN","continuous_lfc","LGI4",0.026612520649893,NA,0.000499750124937531,0.000738472741916135,FALSE,FALSE
"InN","continuous_lfc","APOO",0.0265219715948718,NA,0.000499750124937531,0.000738472741916135,FALSE,FALSE
"InN","continuous_lfc","FCRL6",0.026514471751897,NA,0.000499750124937531,0.000738472741916135,FALSE,FALSE
"InN","continuous_lfc","POMC",0.0265100819516452,NA,0.000999500249875062,0.00132366249307779,FALSE,FALSE
"InN","continuous_lfc","SELE",0.0264847958477147,NA,0.000499750124937531,0.000738472741916135,FALSE,FALSE
"InN","continuous_lfc","IGF2",0.0264626244527024,NA,0.000999500249875062,0.00132366249307779,FALSE,FALSE
"InN","continuous_lfc","LEP",0.0264589593572441,NA,0.00149925037481259,0.00189533716114079,FALSE,FALSE
"InN","continuous_lfc","TECTB",0.026448589441324,NA,0.000999500249875062,0.00132366249307779,FALSE,FALSE
"InN","continuous_lfc","EDIL3",0.0264481787713616,NA,0.000499750124937531,0.000738472741916135,FALSE,FALSE
"InN","continuous_lfc","FLT3LG",0.0264348821620207,NA,0.000499750124937531,0.000738472741916135,FALSE,FALSE
"InN","continuous_lfc","APOA1",0.0263836511744929,NA,0.000499750124937531,0.000738472741916135,FALSE,FALSE
"InN","continuous_lfc","TCN2",0.0263602053911153,NA,0.000499750124937531,0.000738472741916135,FALSE,FALSE
"InN","continuous_lfc","CCL4L2",0.02633463610094,NA,0.00149925037481259,0.00189533716114079,FALSE,FALSE
"InN","continuous_lfc","CDH13",0.0263120577393251,NA,0.000499750124937531,0.000738472741916135,FALSE,FALSE
"InN","continuous_lfc","COL11A1",0.0262760877088431,NA,0.000499750124937531,0.000738472741916135,FALSE,FALSE
"InN","continuous_lfc","ITGB1",0.0262530174904102,NA,0.000499750124937531,0.000738472741916135,FALSE,FALSE
"InN","continuous_lfc","LGALS3",0.0261950986013362,NA,0.000499750124937531,0.000738472741916135,FALSE,FALSE
"InN","continuous_lfc","CNTN1",0.0261948257348939,NA,0.000499750124937531,0.000738472741916135,FALSE,FALSE
"InN","continuous_lfc","CFC1",0.0261890032596277,NA,0.000499750124937531,0.000738472741916135,FALSE,FALSE
"InN","continuous_lfc","NOG",0.0261884821729542,NA,0.000499750124937531,0.000738472741916135,FALSE,FALSE
"InN","continuous_lfc","PRG4",0.026184039127141,NA,0.000499750124937531,0.000738472741916135,FALSE,FALSE
"InN","continuous_lfc","APOE",0.0261799835752198,NA,0.000999500249875062,0.00132366249307779,TRUE,TRUE
"InN","continuous_lfc","ADAMTS3",0.0261456910606441,NA,0.000499750124937531,0.000738472741916135,FALSE,FALSE
"InN","continuous_lfc","ADGRF5",0.0261359093668326,NA,0.000499750124937531,0.000738472741916135,FALSE,FALSE
"InN","continuous_lfc","GNRH2",0.0260183151289071,NA,0.000499750124937531,0.000738472741916135,FALSE,FALSE
"InN","continuous_lfc","SCGB3A2",0.0259965834775332,NA,0.000499750124937531,0.000738472741916135,FALSE,FALSE
"InN","continuous_lfc","RPS19",0.0259567376104769,NA,0.000499750124937531,0.000738472741916135,FALSE,FALSE
"InN","continuous_lfc","GUCA2A",0.0259446171174619,NA,0.000499750124937531,0.000738472741916135,FALSE,FALSE
"InN","continuous_lfc","NYX",0.0259434679935664,NA,0.000499750124937531,0.000738472741916135,FALSE,FALSE
"InN","continuous_lfc","CCL4",0.0259183600862853,NA,0.000999500249875062,0.00132366249307779,FALSE,FALSE
"InN","continuous_lfc","CNTF",0.0258958924114028,NA,0.000999500249875062,0.00132366249307779,FALSE,FALSE
"InN","continuous_lfc","TNC",0.0258869467147872,NA,0.000499750124937531,0.000738472741916135,TRUE,TRUE
"InN","continuous_lfc","GPHB5",0.0258791123589235,NA,0.000999500249875062,0.00132366249307779,FALSE,FALSE
"InN","continuous_lfc","PDYN",0.025857385504261,NA,0.000999500249875062,0.00132366249307779,FALSE,FALSE
"InN","continuous_lfc","AMELX",0.0258374458665672,NA,0.000999500249875062,0.00132366249307779,FALSE,FALSE
"InN","continuous_lfc","CCN4",0.0258137352656975,NA,0.000499750124937531,0.000738472741916135,FALSE,FALSE
"InN","continuous_lfc","LY86",0.0257753148696306,NA,0.000499750124937531,0.000738472741916135,FALSE,FALSE
"InN","continuous_lfc","ZP3",0.0257044347076097,NA,0.000499750124937531,0.000738472741916135,FALSE,FALSE
"InN","continuous_lfc","THBS1",0.0257034916537753,NA,0.000499750124937531,0.000738472741916135,FALSE,FALSE
"InN","continuous_lfc","RLN1",0.025702815166614,NA,0.000499750124937531,0.000738472741916135,FALSE,FALSE
"InN","continuous_lfc","GJB2",0.0256923292678931,NA,0.000499750124937531,0.000738472741916135,FALSE,FALSE
"InN","continuous_lfc","COL8A1",0.0256774258823063,NA,0.000499750124937531,0.000738472741916135,TRUE,TRUE
"InN","continuous_lfc","SERPINA5",0.0256766404058696,NA,0.000499750124937531,0.000738472741916135,FALSE,FALSE
"InN","continuous_lfc","FLRT2",0.0256709174064237,NA,0.000999500249875062,0.00132366249307779,FALSE,FALSE
"InN","continuous_lfc","PTN",0.025645825685536,NA,0.000499750124937531,0.000738472741916135,FALSE,FALSE
"InN","continuous_lfc","HDC",0.0256302569650661,NA,0.000999500249875062,0.00132366249307779,FALSE,FALSE
"InN","continuous_lfc","ESM1",0.0256270826316043,NA,0.000499750124937531,0.000738472741916135,FALSE,FALSE
"InN","continuous_lfc","ADAM23",0.0256141019674119,NA,0.000499750124937531,0.000738472741916135,FALSE,FALSE
"InN","continuous_lfc","APOA5",0.025583190788732,NA,0.000999500249875062,0.00132366249307779,FALSE,FALSE
"InN","continuous_lfc","PECAM1",0.0255525222866569,NA,0.000999500249875062,0.00132366249307779,FALSE,FALSE
"InN","continuous_lfc","SYT1",0.0255416758327124,NA,0.00149925037481259,0.00189533716114079,FALSE,FALSE
"InN","continuous_lfc","CFP",0.0255359805564509,NA,0.000499750124937531,0.000738472741916135,FALSE,FALSE
"InN","continuous_lfc","KLK3",0.0255061349081587,NA,0.000999500249875062,0.00132366249307779,FALSE,FALSE
"InN","continuous_lfc","CDH15",0.0254864072183442,NA,0.000499750124937531,0.000738472741916135,FALSE,FALSE
"InN","continuous_lfc","SORL1",0.0254687420603463,NA,0.000999500249875062,0.00132366249307779,FALSE,FALSE
"InN","continuous_lfc","CALCB",0.0254597030332032,NA,0.000499750124937531,0.000738472741916135,FALSE,FALSE
"InN","continuous_lfc","ICAM5",0.0254398026587231,NA,0.000499750124937531,0.000738472741916135,FALSE,FALSE
"InN","continuous_lfc","SEMA6C",0.0254170190409316,NA,0.000499750124937531,0.000738472741916135,FALSE,FALSE
"InN","continuous_lfc","NTN1",0.0253796643465369,NA,0.000999500249875062,0.00132366249307779,FALSE,FALSE
"InN","continuous_lfc","CXCL12",0.0253593484426414,NA,0.000999500249875062,0.00132366249307779,FALSE,FALSE
"InN","continuous_lfc","ALKAL2",0.0252850741540274,NA,0.00149925037481259,0.00189533716114079,FALSE,FALSE
"InN","continuous_lfc","PCDHA9",0.0252679040766101,NA,0.000999500249875062,0.00132366249307779,FALSE,FALSE
"InN","continuous_lfc","EPO",0.0252623357036556,NA,0.000499750124937531,0.000738472741916135,FALSE,FALSE
"InN","continuous_lfc","SERPINE2",0.025255288095338,NA,0.00199900049975012,0.00247601174134874,FALSE,FALSE
"InN","continuous_lfc","RBP3",0.0252514273413594,NA,0.000999500249875062,0.00132366249307779,FALSE,FALSE
"InN","continuous_lfc","TPSAB1",0.0252482393053184,NA,0.000499750124937531,0.000738472741916135,FALSE,FALSE
"InN","continuous_lfc","BTN1A1",0.025245868665118,NA,0.000499750124937531,0.000738472741916135,FALSE,FALSE
"InN","continuous_lfc","COL20A1",0.0252369902753201,NA,0.000499750124937531,0.000738472741916135,FALSE,FALSE
"InN","continuous_lfc","STX1A",0.0252254802988248,NA,0.000999500249875062,0.00132366249307779,FALSE,FALSE
"InN","continuous_lfc","ACP4",0.0252089658329383,NA,0.000999500249875062,0.00132366249307779,FALSE,FALSE
"InN","continuous_lfc","LY9",0.025206099049075,NA,0.000499750124937531,0.000738472741916135,FALSE,FALSE
"InN","continuous_lfc","NT5E",0.0251974840970748,NA,0.000499750124937531,0.000738472741916135,FALSE,FALSE
"InN","continuous_lfc","TNFSF10",0.0251922314611031,NA,0.000499750124937531,0.000738472741916135,FALSE,FALSE
"InN","continuous_lfc","SFRP2",0.0251730299076726,NA,0.000999500249875062,0.00132366249307779,FALSE,FALSE
"InN","continuous_lfc","CRH",0.0251682672282122,NA,0.000999500249875062,0.00132366249307779,FALSE,FALSE
"InN","continuous_lfc","DKK2",0.025156937497635,NA,0.000999500249875062,0.00132366249307779,TRUE,TRUE
"InN","continuous_lfc","GDF5",0.0251180640341278,NA,0.000999500249875062,0.00132366249307779,FALSE,FALSE
"InN","continuous_lfc","TSPAN5",0.0251175675522905,NA,0.000499750124937531,0.000738472741916135,FALSE,FALSE
"InN","continuous_lfc","IL17A",0.0251146277995226,NA,0.00149925037481259,0.00189533716114079,FALSE,FALSE
"InN","continuous_lfc","PPBP",0.0251029253230899,NA,0.00149925037481259,0.00189533716114079,FALSE,FALSE
"InN","continuous_lfc","LAMB1",0.0249554967091719,NA,0.000499750124937531,0.000738472741916135,FALSE,FALSE
"InN","continuous_lfc","CD40LG",0.0249407330992047,NA,0.000999500249875062,0.00132366249307779,FALSE,FALSE
"InN","continuous_lfc","PCDHB3",0.0249275733537427,NA,0.00149925037481259,0.00189533716114079,FALSE,FALSE
"InN","continuous_lfc","GLG1",0.0248913802659429,NA,0.000999500249875062,0.00132366249307779,FALSE,FALSE
"InN","continuous_lfc","CD99",0.0248865018062333,NA,0.000499750124937531,0.000738472741916135,FALSE,FALSE
"InN","continuous_lfc","COL12A1",0.024839353487274,NA,0.000999500249875062,0.00132366249307779,TRUE,TRUE
"InN","continuous_lfc","TSPAN33",0.0248365444978561,NA,0.000499750124937531,0.000738472741916135,FALSE,FALSE
"InN","continuous_lfc","ACE",0.0248361741030828,NA,0.000499750124937531,0.000738472741916135,FALSE,FALSE
"InN","continuous_lfc","OGN",0.024799520293741,NA,0.000499750124937531,0.000738472741916135,FALSE,FALSE
"InN","continuous_lfc","NTF3",0.0247794715300522,NA,0.000999500249875062,0.00132366249307779,FALSE,FALSE
"InN","continuous_lfc","COL1A2",0.0247002451365333,NA,0.000499750124937531,0.000738472741916135,FALSE,FALSE
"InN","continuous_lfc","MUC1",0.0246871978317846,NA,0.000499750124937531,0.000738472741916135,FALSE,FALSE
"InN","continuous_lfc","PTPRM",0.0246782182784818,NA,0.000999500249875062,0.00132366249307779,FALSE,FALSE
"InN","continuous_lfc","PCDHA3",0.0246739259556765,NA,0.000999500249875062,0.00132366249307779,FALSE,FALSE
"InN","continuous_lfc","BACE2",0.0246599040665643,NA,0.000499750124937531,0.000738472741916135,FALSE,FALSE
"InN","continuous_lfc","LIPC",0.0246596778271266,NA,0.000499750124937531,0.000738472741916135,FALSE,FALSE
"InN","continuous_lfc","TNR",0.0246517517427775,NA,0.00199900049975012,0.00247601174134874,FALSE,FALSE
"InN","continuous_lfc","CORT",0.0246091124865774,NA,0.00149925037481259,0.00189533716114079,FALSE,FALSE
"InN","continuous_lfc","CD6",0.0246073821032741,NA,0.000999500249875062,0.00132366249307779,FALSE,FALSE
"InN","continuous_lfc","SEMA6D",0.0245732503857548,NA,0.000999500249875062,0.00132366249307779,FALSE,FALSE
"InN","continuous_lfc","MIA",0.0245368303487287,NA,0.000499750124937531,0.000738472741916135,FALSE,FALSE
"InN","continuous_lfc","PTHLH",0.0245366401137857,NA,0.000499750124937531,0.000738472741916135,FALSE,FALSE
"InN","continuous_lfc","ITGA4",0.0244829788854938,NA,0.000499750124937531,0.000738472741916135,FALSE,FALSE
"InN","continuous_lfc","CCN2",0.0244420485012234,NA,0.00149925037481259,0.00189533716114079,TRUE,TRUE
"InN","continuous_lfc","HLA-DQA2",0.0244018748704516,NA,0.000999500249875062,0.00132366249307779,FALSE,FALSE
"InN","continuous_lfc","IL15",0.0243636285621403,NA,0.000999500249875062,0.00132366249307779,TRUE,TRUE
"InN","continuous_lfc","FGF4",0.0243458898507469,NA,0.00149925037481259,0.00189533716114079,FALSE,FALSE
"InN","continuous_lfc","CHAD",0.0243019339164986,NA,0.00149925037481259,0.00189533716114079,FALSE,FALSE
"InN","continuous_lfc","IL1RN",0.0242455886719012,NA,0.00149925037481259,0.00189533716114079,FALSE,FALSE
"InN","continuous_lfc","PCDHA6",0.0241765926413063,NA,0.00149925037481259,0.00189533716114079,FALSE,FALSE
"InN","continuous_lfc","FAM200A",0.0241634501723672,NA,0.00149925037481259,0.00189533716114079,FALSE,FALSE
"InN","continuous_lfc","PRSS3",0.0241626107861521,NA,0.000999500249875062,0.00132366249307779,FALSE,FALSE
"InN","continuous_lfc","ANGPTL7",0.0241387288040175,NA,0.000499750124937531,0.000738472741916135,FALSE,FALSE
"InN","continuous_lfc","FGF10",0.0241302229354331,NA,0.000999500249875062,0.00132366249307779,FALSE,FALSE
"InN","continuous_lfc","CCK",0.024094813010438,NA,0.00199900049975012,0.00247601174134874,FALSE,FALSE
"InN","continuous_lfc","IL34",0.024081842165623,NA,0.000499750124937531,0.000738472741916135,FALSE,FALSE
"InN","continuous_lfc","PDPN",0.0240549617923366,NA,0.000999500249875062,0.00132366249307779,FALSE,FALSE
"InN","continuous_lfc","CKLF",0.0240517249030339,NA,0.00149925037481259,0.00189533716114079,FALSE,FALSE
"InN","continuous_lfc","CCL26",0.0240347778234581,NA,0.000999500249875062,0.00132366249307779,FALSE,FALSE
"InN","continuous_lfc","FGF1",0.0240342913995812,NA,0.00199900049975012,0.00247601174134874,FALSE,FALSE
"InN","continuous_lfc","MICB",0.0239954928869769,NA,0.000499750124937531,0.000738472741916135,FALSE,FALSE
"InN","continuous_lfc","CEACAM1",0.0239457998292165,NA,0.00149925037481259,0.00189533716114079,FALSE,FALSE
"InN","continuous_lfc","SPON2",0.0239297017637814,NA,0.00249875062468766,0.00306096951524238,FALSE,FALSE
"InN","continuous_lfc","TAC3",0.0239036778712513,NA,0.00149925037481259,0.00189533716114079,FALSE,FALSE
"InN","continuous_lfc","ADAM9",0.0238626690676942,NA,0.000999500249875062,0.00132366249307779,FALSE,FALSE
"InN","continuous_lfc","PENK",0.0238526193241487,NA,0.000999500249875062,0.00132366249307779,FALSE,FALSE
"InN","continuous_lfc","CNTN4",0.0238485941603747,NA,0.000999500249875062,0.00132366249307779,FALSE,FALSE
"InN","continuous_lfc","FBN1",0.0238199547373474,NA,0.000999500249875062,0.00132366249307779,FALSE,FALSE
"InN","continuous_lfc","PCDH15",0.0238075505939408,NA,0.00149925037481259,0.00189533716114079,FALSE,FALSE
"InN","continuous_lfc","CALM3",0.0237706580141752,NA,0.00349825087456272,0.00420133070719542,FALSE,FALSE
"InN","continuous_lfc","OLFM2",0.0237605061849162,NA,0.000999500249875062,0.00132366249307779,FALSE,FALSE
"InN","continuous_lfc","CCL3L3",0.023759032826223,NA,0.00199900049975012,0.00247601174134874,FALSE,FALSE
"InN","continuous_lfc","LRPAP1",0.0237503780680361,NA,0.000999500249875062,0.00132366249307779,FALSE,FALSE
"InN","continuous_lfc","GUCY2D",0.0237401241251538,NA,0.00149925037481259,0.00189533716114079,FALSE,FALSE
"InN","continuous_lfc","GREM1",0.0237346851334857,NA,0.00149925037481259,0.00189533716114079,FALSE,FALSE
"InN","continuous_lfc","ANG",0.0237117105469523,NA,0.000999500249875062,0.00132366249307779,FALSE,FALSE
"InN","continuous_lfc","ADIPOQ",0.0236928496403178,NA,0.00149925037481259,0.00189533716114079,FALSE,FALSE
"InN","continuous_lfc","MMP15",0.0236613154665361,NA,0.000999500249875062,0.00132366249307779,FALSE,FALSE
"InN","continuous_lfc","HHLA2",0.0236376528264284,NA,0.00199900049975012,0.00247601174134874,FALSE,FALSE
"InN","continuous_lfc","SELL",0.0236128370248482,NA,0.00399800099950025,0.00476879379200371,FALSE,FALSE
"InN","continuous_lfc","PSG9",0.0235742766958398,NA,0.00149925037481259,0.00189533716114079,FALSE,FALSE
"InN","continuous_lfc","CNMD",0.023533260470288,NA,0.000999500249875062,0.00132366249307779,FALSE,FALSE
"InN","continuous_lfc","CD34",0.0235092911518459,NA,0.000999500249875062,0.00132366249307779,FALSE,FALSE
"InN","continuous_lfc","C1QB",0.0234916366765454,NA,0.000499750124937531,0.000738472741916135,FALSE,FALSE
"InN","continuous_lfc","WIF1",0.0234237649925758,NA,0.00149925037481259,0.00189533716114079,FALSE,FALSE
"InN","continuous_lfc","PCDHGB6",0.0234141260806714,NA,0.000999500249875062,0.00132366249307779,FALSE,FALSE
"InN","continuous_lfc","ST14",0.0233598956993838,NA,0.00149925037481259,0.00189533716114079,FALSE,FALSE
"InN","continuous_lfc","UTS2B",0.023333613590495,NA,0.00249875062468766,0.00306096951524238,FALSE,FALSE
"InN","continuous_lfc","COL26A1",0.0233214485862339,NA,0.00199900049975012,0.00247601174134874,FALSE,FALSE
"InN","continuous_lfc","PMCH",0.0233032692928076,NA,0.00149925037481259,0.00189533716114079,FALSE,FALSE
"InN","continuous_lfc","VEGFB",0.023259726708226,NA,0.00149925037481259,0.00189533716114079,FALSE,FALSE
"InN","continuous_lfc","RSPO1",0.0232553103634478,NA,0.00199900049975012,0.00247601174134874,FALSE,FALSE
"InN","continuous_lfc","PLTP",0.0232429056926815,NA,0.00249875062468766,0.00306096951524238,FALSE,FALSE
"InN","continuous_lfc","GPC6",0.0232365734281224,NA,0.00249875062468766,0.00306096951524238,FALSE,FALSE
"InN","continuous_lfc","ANXA1",0.0232241684181406,NA,0.00299850074962519,0.00364039981991165,TRUE,TRUE
"InN","continuous_lfc","NMU",0.0231868127423046,NA,0.00149925037481259,0.00189533716114079,FALSE,FALSE
"InN","continuous_lfc","IGSF21",0.023153478619739,NA,0.00199900049975012,0.00247601174134874,FALSE,FALSE
"InN","continuous_lfc","MEGF10",0.0231486867360299,NA,0.00149925037481259,0.00189533716114079,FALSE,FALSE
"InN","continuous_lfc","FCER2",0.0231482317622282,NA,0.000999500249875062,0.00132366249307779,FALSE,FALSE
"InN","continuous_lfc","LFNG",0.0231220186634162,NA,0.00149925037481259,0.00189533716114079,FALSE,FALSE
"InN","continuous_lfc","PCDHA10",0.0231078598412812,NA,0.00149925037481259,0.00189533716114079,FALSE,FALSE
"InN","continuous_lfc","SEMA3B",0.023034084493842,NA,0.000999500249875062,0.00132366249307779,FALSE,FALSE
"InN","continuous_lfc","AVP",0.0229499586879612,NA,0.00449775112443778,0.00532342524389979,FALSE,FALSE
"InN","continuous_lfc","APOD",0.0229335413100469,NA,0.00149925037481259,0.00189533716114079,TRUE,TRUE
"InN","continuous_lfc","SEMA4C",0.0229299336505014,NA,0.00199900049975012,0.00247601174134874,FALSE,FALSE
"InN","continuous_lfc","B2M",0.0229227279583794,NA,0.00149925037481259,0.00189533716114079,FALSE,FALSE
"InN","continuous_lfc","SECTM1",0.0228381788615506,NA,0.00149925037481259,0.00189533716114079,FALSE,FALSE
"InN","continuous_lfc","HLA-DQB2",0.0228234044256385,NA,0.00299850074962519,0.00364039981991165,FALSE,FALSE
"InN","continuous_lfc","PSG4",0.0228146219343613,NA,0.00249875062468766,0.00306096951524238,FALSE,FALSE
"InN","continuous_lfc","CDH5",0.0227226833473375,NA,0.00199900049975012,0.00247601174134874,FALSE,FALSE
"InN","continuous_lfc","SPON1",0.0227090907093372,NA,0.00149925037481259,0.00189533716114079,TRUE,TRUE
"InN","continuous_lfc","AGT",0.0227068720132709,NA,0.000499750124937531,0.000738472741916135,FALSE,FALSE
"InN","continuous_lfc","DMP1",0.0226713266214912,NA,0.00199900049975012,0.00247601174134874,FALSE,FALSE
"InN","continuous_lfc","PAM",0.0225149826552779,NA,0.00199900049975012,0.00247601174134874,FALSE,FALSE
"InN","continuous_lfc","CLDN14",0.0225055520200046,NA,0.00299850074962519,0.00364039981991165,FALSE,FALSE
"InN","continuous_lfc","CNTN5",0.0224949473900658,NA,0.00149925037481259,0.00189533716114079,FALSE,FALSE
"InN","continuous_lfc","PCDHA8",0.0224748113900174,NA,0.00149925037481259,0.00189533716114079,FALSE,FALSE
"InN","continuous_lfc","PRSS2",0.0224585065017843,NA,0.00199900049975012,0.00247601174134874,FALSE,FALSE
"InN","continuous_lfc","PCDHA5",0.0224571391364286,NA,0.00149925037481259,0.00189533716114079,FALSE,FALSE
"InN","continuous_lfc","PCDHA11",0.0224024423012209,NA,0.00149925037481259,0.00189533716114079,FALSE,FALSE
"InN","continuous_lfc","PIGA",0.0223847230930631,NA,0.00349825087456272,0.00420133070719542,FALSE,FALSE
"InN","continuous_lfc","PCDHA1",0.0223400811599355,NA,0.00149925037481259,0.00189533716114079,FALSE,FALSE
"InN","continuous_lfc","VWF",0.0222316068428696,NA,0.00499750124937531,0.00589214536139053,FALSE,FALSE
"InN","continuous_lfc","SI",0.0221868574746826,NA,0.00399800099950025,0.00476879379200371,FALSE,FALSE
"InN","continuous_lfc","ANOS1",0.022089666493014,NA,0.00399800099950025,0.00476879379200371,FALSE,FALSE
"InN","continuous_lfc","IL12A",0.0220748513395319,NA,0.00299850074962519,0.00364039981991165,FALSE,FALSE
"InN","continuous_lfc","TNFSF8",0.0220570035821512,NA,0.00199900049975012,0.00247601174134874,FALSE,FALSE
"InN","continuous_lfc","CD44",0.0219631251251732,NA,0.00199900049975012,0.00247601174134874,FALSE,FALSE
"InN","continuous_lfc","HAS1",0.0219567543472624,NA,0.00149925037481259,0.00189533716114079,FALSE,FALSE
"InN","continuous_lfc","FAM3C",0.0219448361717817,NA,0.00249875062468766,0.00306096951524238,FALSE,FALSE
"InN","continuous_lfc","GDNF",0.0218408462398345,NA,0.00199900049975012,0.00247601174134874,FALSE,FALSE
"InN","continuous_lfc","MFAP2",0.0218257447623124,NA,0.00199900049975012,0.00247601174134874,FALSE,FALSE
"InN","continuous_lfc","JAG2",0.0218202772819147,NA,0.000999500249875062,0.00132366249307779,FALSE,FALSE
"InN","continuous_lfc","MCAM",0.0217364426279636,NA,0.00249875062468766,0.00306096951524238,FALSE,FALSE
"InN","continuous_lfc","LRP1B",0.0217145743896517,NA,0.00149925037481259,0.00189533716114079,FALSE,FALSE
"InN","continuous_lfc","DSC3",0.0216678516576441,NA,0.00199900049975012,0.00247601174134874,FALSE,FALSE
"InN","continuous_lfc","VGF",0.0216273909020957,NA,0.00299850074962519,0.00364039981991165,FALSE,FALSE
"InN","continuous_lfc","CFAP54",0.0215917263173972,NA,0.000999500249875062,0.00132366249307779,FALSE,FALSE
"InN","continuous_lfc","PSEN1",0.0215685284746834,NA,0.00149925037481259,0.00189533716114079,FALSE,FALSE
"InN","continuous_lfc","GNAS",0.021563964408134,NA,0.00399800099950025,0.00476879379200371,FALSE,FALSE
"InN","continuous_lfc","CXCL9",0.0215502680725,NA,0.00249875062468766,0.00306096951524238,FALSE,FALSE
"InN","continuous_lfc","SERPINA1",0.0215367070920137,NA,0.00299850074962519,0.00364039981991165,FALSE,FALSE
"InN","continuous_lfc","EDN3",0.0214770810420322,NA,0.00399800099950025,0.00476879379200371,FALSE,FALSE
"InN","continuous_lfc","PCDHA13",0.0214490940497272,NA,0.00249875062468766,0.00306096951524238,FALSE,FALSE
"InN","continuous_lfc","DEFB4B",0.0214194199264278,NA,0.00149925037481259,0.00189533716114079,FALSE,FALSE
"InN","continuous_lfc","PLAT",0.0213813549479626,NA,0.00349825087456272,0.00420133070719542,FALSE,FALSE
"InN","continuous_lfc","BPI",0.021358405424396,NA,0.00299850074962519,0.00364039981991165,FALSE,FALSE
"InN","continuous_lfc","ADGRE5",0.0213241200249247,NA,0.00199900049975012,0.00247601174134874,FALSE,FALSE
"InN","continuous_lfc","AREG",0.0212837733246332,NA,0.00349825087456272,0.00420133070719542,FALSE,FALSE
"InN","continuous_lfc","CXCL13",0.02097068773188,NA,0.00349825087456272,0.00420133070719542,FALSE,FALSE
"InN","continuous_lfc","IGFL2",0.0208790790475044,NA,0.00399800099950025,0.00476879379200371,FALSE,FALSE
"InN","continuous_lfc","NPY",0.0208343192908787,NA,0.00449775112443778,0.00532342524389979,FALSE,FALSE
"InN","continuous_lfc","CDH2",0.0208333588725663,NA,0.00349825087456272,0.00420133070719542,FALSE,FALSE
"InN","continuous_lfc","LVRN",0.0207441197127734,NA,0.00249875062468766,0.00306096951524238,FALSE,FALSE
"InN","continuous_lfc","DSPP",0.0207258310778924,NA,0.00349825087456272,0.00420133070719542,FALSE,FALSE
"InN","continuous_lfc","SERPINF1",0.0207230031531633,NA,0.00549725137431284,0.00645031890185176,FALSE,FALSE
"InN","continuous_lfc","SPAG11B",0.0206874385514285,NA,0.00449775112443778,0.00532342524389979,FALSE,FALSE
"InN","continuous_lfc","MSMB",0.0206403363104641,NA,0.00449775112443778,0.00532342524389979,FALSE,FALSE
"InN","continuous_lfc","IL24",0.0206276022526647,NA,0.00449775112443778,0.00532342524389979,FALSE,FALSE
"InN","continuous_lfc","EGF",0.0206263400629417,NA,0.00649675162418791,0.00757954356155256,FALSE,FALSE
"InN","continuous_lfc","NECTIN2",0.0206014210775016,NA,0.00349825087456272,0.00420133070719542,FALSE,FALSE
"InN","continuous_lfc","LRIG2",0.0205848173530764,NA,0.00399800099950025,0.00476879379200371,FALSE,FALSE
"InN","continuous_lfc","F10",0.0204948713250014,NA,0.00449775112443778,0.00532342524389979,FALSE,FALSE
"InN","continuous_lfc","IL25",0.0204202779378473,NA,0.00349825087456272,0.00420133070719542,FALSE,FALSE
"InN","continuous_lfc","MFNG",0.0203927549896958,NA,0.00299850074962519,0.00364039981991165,FALSE,FALSE
"InN","continuous_lfc","PDGFB",0.0202962031415544,NA,0.00449775112443778,0.00532342524389979,FALSE,FALSE
"InN","continuous_lfc","FGF7",0.0201343430055821,NA,0.00699650174912544,0.00810852851719835,FALSE,FALSE
"InN","continuous_lfc","EXOC3-AS1",0.0201158019001211,NA,0.00299850074962519,0.00364039981991165,FALSE,FALSE
"InN","continuous_lfc","ATP1B1",0.0200788412310012,NA,0.00349825087456272,0.00420133070719542,FALSE,FALSE
"InN","continuous_lfc","IL17F",0.0199850371696249,NA,0.00549725137431284,0.00645031890185176,FALSE,FALSE
"InN","continuous_lfc","SST",0.0199590351357326,NA,0.00599700149925037,0.00701654903207422,FALSE,FALSE
"InN","continuous_lfc","LILRA6",0.0199395871199515,NA,0.00499750124937531,0.00589214536139053,FALSE,FALSE
"InN","continuous_lfc","IL11",0.0199208612371271,NA,0.00599700149925037,0.00701654903207422,FALSE,FALSE
"InN","continuous_lfc","COPA",0.0198068747068341,NA,0.00549725137431284,0.00645031890185176,FALSE,FALSE
"InN","continuous_lfc","TARM1",0.0197041582690456,NA,0.00699650174912544,0.00810852851719835,FALSE,FALSE
"InN","continuous_lfc","CXCL8",0.0196681112951659,NA,0.00349825087456272,0.00420133070719542,FALSE,FALSE
"InN","continuous_lfc","GRN",0.0196201190178259,NA,0.0079960019990005,0.00924938852575601,FALSE,FALSE
"InN","continuous_lfc","PRL",0.019487257575571,NA,0.00449775112443778,0.00532342524389979,FALSE,FALSE
"InN","continuous_lfc","COL17A1",0.019416925400379,NA,0.00699650174912544,0.00810852851719835,FALSE,FALSE
"InN","continuous_lfc","ITGB2",0.0192527743812589,NA,0.00499750124937531,0.00589214536139053,FALSE,FALSE
"InN","continuous_lfc","COL5A2",0.0192313731518966,NA,0.00549725137431284,0.00645031890185176,FALSE,FALSE
"InN","continuous_lfc","GHRH",0.0191802486356748,NA,0.00649675162418791,0.00757954356155256,FALSE,FALSE
"InN","continuous_lfc","LCN2",0.0190329444313022,NA,0.00699650174912544,0.00810852851719835,FALSE,FALSE
"InN","continuous_lfc","OPCML",0.0189307256514418,NA,0.00699650174912544,0.00810852851719835,FALSE,FALSE
"InN","continuous_lfc","IL36G",0.0188928586437971,NA,0.00949525237381309,0.0108809019250898,FALSE,FALSE
"InN","continuous_lfc","TGFB1",0.0188859418724134,NA,0.0104947526236882,0.0119814277390662,FALSE,FALSE
"InN","continuous_lfc","SIGLEC6",0.0188800906053047,NA,0.00699650174912544,0.00810852851719835,FALSE,FALSE
"InN","continuous_lfc","IL18",0.0188766959114317,NA,0.00699650174912544,0.00810852851719835,FALSE,FALSE
"InN","continuous_lfc","RELN",0.0188753893424441,NA,0.00749625187406297,0.0086794976802714,FALSE,FALSE
"InN","continuous_lfc","CADM3",0.0188016438437341,NA,0.00849575212393803,0.0097997140789304,FALSE,FALSE
"InN","continuous_lfc","CCN1",0.018741193238762,NA,0.00899550224887556,0.0103372328844958,FALSE,FALSE
"InN","continuous_lfc","CCL15",0.018711960908769,NA,0.00849575212393803,0.0097997140789304,FALSE,FALSE
"InN","continuous_lfc","DLL1",0.0186911957216684,NA,0.00499750124937531,0.00589214536139053,FALSE,FALSE
"InN","continuous_lfc","GRP",0.0185851554803511,NA,0.0114942528735632,0.0130859291543819,FALSE,FALSE
"InN","continuous_lfc","LTBP3",0.0185158345214593,NA,0.00599700149925037,0.00701654903207422,TRUE,FALSE
"InN","continuous_lfc","FAP",0.0183700237100475,NA,0.00899550224887556,0.0103372328844958,TRUE,TRUE
"InN","continuous_lfc","CCL27",0.0182453927012928,NA,0.0109945027486257,0.0125402847924269,FALSE,FALSE
"InN","continuous_lfc","COL9A1",0.018226979910455,NA,0.0134932533733133,0.0153190318649758,FALSE,FALSE
"InN","continuous_lfc","NPHS1",0.0181271302413336,NA,0.00949525237381309,0.0108809019250898,FALSE,FALSE
"InN","continuous_lfc","DLK2",0.0181145039786619,NA,0.00649675162418791,0.00757954356155256,FALSE,FALSE
"InN","continuous_lfc","SPX",0.0181136564806973,NA,0.00849575212393803,0.0097997140789304,FALSE,FALSE
"InN","continuous_lfc","MST1",0.0180126403668568,NA,0.00899550224887556,0.0103372328844958,FALSE,FALSE
"InN","continuous_lfc","SCGB3A1",0.018004908024515,NA,0.00549725137431284,0.00645031890185176,FALSE,FALSE
"InN","continuous_lfc","DKK1",0.0179037289504177,NA,0.00949525237381309,0.0108809019250898,FALSE,FALSE
"InN","continuous_lfc","PDGFC",0.0178249906187137,NA,0.00999500249875063,0.0114428766924949,FALSE,FALSE
"InN","continuous_lfc","SPINK1",0.0176870241854096,NA,0.0114942528735632,0.0130859291543819,FALSE,FALSE
"InN","continuous_lfc","C5",0.0176465992903111,NA,0.0129935032483758,0.0147790542982919,FALSE,FALSE
"InN","continuous_lfc","TAC1",0.0175759378750918,NA,0.0104947526236882,0.0119814277390662,FALSE,FALSE
"InN","continuous_lfc","ADAM17",0.0174905091753364,NA,0.0104947526236882,0.0119814277390662,FALSE,FALSE
"InN","continuous_lfc","PRRG4",0.0174652962709822,NA,0.00899550224887556,0.0103372328844958,FALSE,FALSE
"InN","continuous_lfc","IHH",0.0173467740179461,NA,0.0174912543728136,0.0195499877798327,FALSE,FALSE
"InN","continuous_lfc","GAST",0.0172991936103245,NA,0.0164917541229385,0.0185683812505512,FALSE,FALSE
"InN","continuous_lfc","LSAMP",0.0172395014768481,NA,0.0154922538730635,0.0175073902163309,FALSE,FALSE
"InN","continuous_lfc","FGF21",0.0170628418113775,NA,0.015992003998001,0.0180554883848398,FALSE,FALSE
"InN","continuous_lfc","COL5A1",0.0169596696580767,NA,0.0179910044977511,0.020071931247491,FALSE,FALSE
"InN","continuous_lfc","CAMP",0.0167867832492603,NA,0.0179910044977511,0.020071931247491,FALSE,FALSE
"InN","continuous_lfc","HGF",0.0166714822109656,NA,0.0144927536231884,0.0164385399892646,FALSE,FALSE
"InN","continuous_lfc","CD9",0.0166627782989394,NA,0.0169915042478761,0.0190609823293481,FALSE,FALSE
"InN","continuous_lfc","BMP6",0.0166424373297361,NA,0.0169915042478761,0.0190609823293481,FALSE,FALSE
"InN","continuous_lfc","NPTX2",0.0166001316716934,NA,0.0154922538730635,0.0175073902163309,FALSE,FALSE
"InN","continuous_lfc","CRTAM",0.0165658584817078,NA,0.0169915042478761,0.0190609823293481,FALSE,FALSE
"InN","continuous_lfc","GNRH1",0.0165258625133265,NA,0.0149925037481259,0.0169896550337227,FALSE,FALSE
"InN","continuous_lfc","TCN1",0.0164599341480421,NA,0.0189905047476262,0.0211293081887757,FALSE,FALSE
"InN","continuous_lfc","TNFSF14",0.0163720931880067,NA,0.0154922538730635,0.0175073902163309,FALSE,FALSE
"InN","continuous_lfc","CCL16",0.0163407384421456,NA,0.0174912543728136,0.0195499877798327,FALSE,FALSE
"InN","continuous_lfc","ENTPD1",0.0163067014895753,NA,0.0169915042478761,0.0190609823293481,FALSE,FALSE
"InN","continuous_lfc","TEX101",0.0162989091512997,NA,0.0194902548725637,0.0216656644454542,FALSE,FALSE
"InN","continuous_lfc","ELFN1",0.0162305901461121,NA,0.0174912543728136,0.0195499877798327,FALSE,FALSE
"InN","continuous_lfc","MFAP5",0.0161584872400991,NA,0.0134932533733133,0.0153190318649758,FALSE,FALSE
"InN","continuous_lfc","WNT1",0.0161207292639414,NA,0.0209895052473763,0.0232689085321593,FALSE,FALSE
"InN","continuous_lfc","LACRT",0.0158604182463947,NA,0.0184907546226887,0.0206107137514046,FALSE,FALSE
"InN","continuous_lfc","CXCL1",0.0158254444652983,NA,0.0239880059970015,0.0265210355111253,FALSE,FALSE
"InN","continuous_lfc","CX3CL1",0.0156483228994884,NA,0.0174912543728136,0.0195499877798327,FALSE,FALSE
"InN","continuous_lfc","ADAM10",0.0156211050209702,NA,0.0164917541229385,0.0185683812505512,FALSE,FALSE
"InN","continuous_lfc","PCDHA2",0.0155600370477378,NA,0.024487756121939,0.0270004511695547,FALSE,FALSE
"InN","continuous_lfc","DLL3",0.0155386727384379,NA,0.0164917541229385,0.0185683812505512,FALSE,FALSE
"InN","continuous_lfc","CD274",0.015493442455663,NA,0.0294852573713143,0.032278320178606,FALSE,FALSE
"InN","continuous_lfc","TNFSF12",0.0154511198508548,NA,0.0304847576211894,0.0332832692388209,FALSE,FALSE
"InN","continuous_lfc","ZDHHC5",0.0154312407899761,NA,0.024487756121939,0.0270004511695547,FALSE,FALSE
"InN","continuous_lfc","CADM2",0.0153080901829264,NA,0.024487756121939,0.0270004511695547,FALSE,FALSE
"InN","continuous_lfc","TNFSF9",0.0152247404503719,NA,0.0189905047476262,0.0211293081887757,FALSE,FALSE
"InN","continuous_lfc","ITGAL",0.0151463120075829,NA,0.0274862568715642,0.0301708464764034,FALSE,FALSE
"InN","continuous_lfc","CCL2",0.0150899849718629,NA,0.0299850074962519,0.0327961019490255,FALSE,FALSE
"InN","continuous_lfc","DLL4",0.0150629074710743,NA,0.0204897551224388,0.0227354619791553,FALSE,FALSE
"InN","continuous_lfc","EPHA4",0.0150374331265447,NA,0.0249875062468766,0.0275267042737624,FALSE,FALSE
"InN","continuous_lfc","IL20",0.0150145254064681,NA,0.0204897551224388,0.0227354619791553,FALSE,FALSE
"InN","continuous_lfc","IGF1",0.0149255596386017,NA,0.0269865067466267,0.029648852703693,FALSE,FALSE
"InN","continuous_lfc","AIMP1",0.014919290672565,NA,0.0224887556221889,0.0249084318600194,FALSE,FALSE
"InN","continuous_lfc","FGF2",0.0148651815802349,NA,0.0294852573713143,0.032278320178606,FALSE,FALSE
"InN","continuous_lfc","WBP1",0.0148638724394157,NA,0.0259870064967516,0.02860205117567,FALSE,FALSE
"InN","continuous_lfc","CMTM8",0.0145916441453744,NA,0.0239880059970015,0.0265210355111253,FALSE,FALSE
"InN","continuous_lfc","PLA2G2A",0.0144592419257365,NA,0.0329835082458771,0.0359153756455106,FALSE,FALSE
"InN","continuous_lfc","MIF",0.0144447665028589,NA,0.031984007996002,0.0348580158319417,FALSE,FALSE
"InN","continuous_lfc","TGM2",0.014347352387417,NA,0.0269865067466267,0.029648852703693,FALSE,FALSE
"InN","continuous_lfc","VEGFC",0.0143359216687857,NA,0.0304847576211894,0.0332832692388209,FALSE,FALSE
"InN","continuous_lfc","GAD1",0.0142192930358165,NA,0.0289855072463768,0.0317880451000999,FALSE,FALSE
"InN","continuous_lfc","CCL13",0.0140952068826031,NA,0.0364817591204398,0.039654086000478,FALSE,FALSE
"InN","continuous_lfc","IL36A",0.014035477209275,NA,0.0399800099950025,0.0432264009213399,FALSE,FALSE
"InN","continuous_lfc","IL19",0.0140133323873016,NA,0.0379810094952524,0.0411741032138798,FALSE,FALSE
"InN","continuous_lfc","NLGN3",0.0139632252068588,NA,0.0309845077461269,0.0337987729198624,FALSE,FALSE
"InN","continuous_lfc","F2",0.0139288546891728,NA,0.0339830084957521,0.0369708573777055,FALSE,FALSE
"InN","continuous_lfc","COL4A1",0.0138043649854876,NA,0.0369815092453773,0.040126083990777,FALSE,FALSE
"InN","continuous_lfc","TGFA",0.0133972419784851,NA,0.0369815092453773,0.040126083990777,FALSE,FALSE
"InN","continuous_lfc","OMG",0.0133564146151367,NA,0.0399800099950025,0.0432264009213399,FALSE,FALSE
"InN","continuous_lfc","IGFBPL1",0.0132716837297278,NA,0.0414792603698151,0.0448078429920842,FALSE,FALSE
"InN","continuous_lfc","HMGB1",0.0131623891011438,NA,0.0434782608695652,0.046925876268914,FALSE,FALSE
"InN","continuous_lfc","IL36B",0.0129996786033592,NA,0.0499750124937531,0.0538903083669433,FALSE,FALSE
"InN","continuous_lfc","CCL25",0.0127304177198328,NA,0.0389805097451274,0.0422202691757569,FALSE,FALSE
"InN","continuous_lfc","CLEC2D",0.0126924953492419,NA,0.0509745127436282,0.0549197696666179,FALSE,FALSE
"InN","continuous_lfc","NECTIN3",0.0124747885522359,NA,0.0519740129935032,0.0559474217197201,FALSE,FALSE
"InN","continuous_lfc","LY6G5C",0.0122875515191373,NA,0.0574712643678161,0.0616482476800129,FALSE,FALSE
"InN","continuous_lfc","PDGFD",0.012282729366143,NA,0.0524737631184408,0.056435785619043,FALSE,FALSE
"InN","continuous_lfc","ENHO",0.0122176535830667,NA,0.0549725137431284,0.0590195699696164,FALSE,FALSE
"InN","continuous_lfc","CALR",0.0121726242620599,NA,0.0599700149925037,0.0642161436764135,FALSE,FALSE
"InN","continuous_lfc","DLK1",0.011805037263246,NA,0.0539730134932534,0.0579973171309082,FALSE,FALSE
"InN","continuous_lfc","WNT2",0.0117007354156417,NA,0.0644677661169415,0.0688517990350945,FALSE,FALSE
"InN","continuous_lfc","ANGPT1",0.0116006110211794,NA,0.0649675162418791,0.0693250935507856,FALSE,FALSE
"InN","continuous_lfc","CD24",0.0115631620339146,NA,0.0709645177411294,0.0756584284011171,FALSE,FALSE
"InN","continuous_lfc","FGF18",0.0115462134863366,NA,0.0634682658670665,0.0678434779120039,FALSE,FALSE
"InN","continuous_lfc","ST6GAL1",0.0113429955401519,NA,0.0589705147426287,0.0632011203497114,FALSE,FALSE
"InN","continuous_lfc","WNT4",0.0111406545961093,NA,0.0629685157421289,0.067368062693544,FALSE,FALSE
"InN","continuous_lfc","ADAM21",0.0111044001895066,NA,0.0739630184907546,0.0787866936097169,FALSE,FALSE
"InN","continuous_lfc","TNFRSF14",0.0105373086529499,NA,0.0829585207396302,0.0881389314016019,FALSE,FALSE
"InN","continuous_lfc","PRNP",0.0105306051290396,NA,0.079960019990005,0.0851008032039584,FALSE,FALSE
"InN","continuous_lfc","COL1A1",0.0104371919861419,NA,0.0839580209895052,0.0891235491439722,FALSE,FALSE
"InN","continuous_lfc","FGF23",0.0103865688192274,NA,0.0939530234882559,0.0996471461239077,FALSE,FALSE
"InN","continuous_lfc","HBEGF",0.0102750753341934,NA,0.0949525237381309,0.100533138789292,FALSE,FALSE
"InN","continuous_lfc","CD5L",0.0102465276160534,NA,0.0829585207396302,0.0881389314016019,FALSE,FALSE
"InN","continuous_lfc","NRG1",0.0100117360710508,NA,0.103448275862069,0.109339204427122,FALSE,FALSE
"InN","continuous_lfc","ABCA1",0.00988828403781997,NA,0.0949525237381309,0.100533138789292,FALSE,FALSE
"InN","continuous_lfc","CALCA",0.00987256884729166,NA,0.104447776111944,0.110205448524661,FALSE,FALSE
"InN","continuous_lfc","CEL",0.00960569883121325,NA,0.101949025487256,0.107847630588851,FALSE,FALSE
"InN","continuous_lfc","INHBA",0.00951660325904363,NA,0.104447776111944,0.110205448524661,FALSE,FALSE
"InN","continuous_lfc","JAG1",0.00948448816816269,NA,0.107946026986507,0.113798522425534,FALSE,FALSE
"InN","continuous_lfc","CSF3",0.00925133323110832,NA,0.12143928035982,0.127584149606157,FALSE,FALSE
"InN","continuous_lfc","EPCAM",0.00903222185823084,NA,0.110944527736132,0.116859025345453,FALSE,FALSE
"InN","continuous_lfc","WNT6",0.00868881600840098,NA,0.115942028985507,0.121913292280898,FALSE,FALSE
"InN","continuous_lfc","PROK1",0.00867998032613892,NA,0.114442778610695,0.12044020944854,FALSE,FALSE
"InN","continuous_lfc","VEGFA",0.00858840872983003,NA,0.136431784107946,0.14296743843647,FALSE,FALSE
"InN","continuous_lfc","BMP7",0.00854698192571643,NA,0.129435282358821,0.135751901446537,FALSE,FALSE
"InN","continuous_lfc","WNT2B",0.00841536596342461,NA,0.123938030984508,0.130097761744663,FALSE,FALSE
"InN","continuous_lfc","IGFL1",0.0081921310034776,NA,0.138930534732634,0.145461457305535,FALSE,FALSE
"InN","continuous_lfc","FGF8",0.00791091826034138,NA,0.144427786106947,0.151087991444073,FALSE,FALSE
"InN","continuous_lfc","RET",0.00785125272060778,NA,0.154922538730635,0.161790375059699,FALSE,FALSE
"InN","continuous_lfc","COL22A1",0.00772266673709757,NA,0.156921539230385,0.163738403370717,FALSE,FALSE
"InN","continuous_lfc","SHH",0.00761117181181646,NA,0.163418290854573,0.170372260678172,FALSE,FALSE
"InN","continuous_lfc","MSTN",0.00755028252870703,NA,0.151424287856072,0.158271973228403,FALSE,FALSE
"InN","continuous_lfc","NODAL",0.00723449663813957,NA,0.165417291354323,0.172309678494086,FALSE,FALSE
"InN","continuous_lfc","ANGPTL4",0.00700112574510883,NA,0.183908045977011,0.190921488408338,FALSE,FALSE
"InN","continuous_lfc","TNFSF13",0.00690307075035828,NA,0.176411794102949,0.183450295225901,FALSE,FALSE
"InN","continuous_lfc","PTH",0.0068663332847345,NA,0.171914042978511,0.17892498100992,FALSE,FALSE
"InN","continuous_lfc","LTA",0.00680330722974917,NA,0.183408295852074,0.190564175079551,FALSE,FALSE
"InN","continuous_lfc","WNT3",0.00586985292747391,NA,0.201899050474763,0.209421115014043,FALSE,FALSE
"InN","continuous_lfc","WNT16",0.00573135654565381,NA,0.205897051474263,0.213387384142108,FALSE,FALSE
"InN","continuous_lfc","RARRES1",0.0056141861600265,NA,0.220389805097451,0.228021546659103,FALSE,FALSE
"InN","continuous_lfc","SPARC",0.00545287502871556,NA,0.224887556221889,0.232478697360181,FALSE,FALSE
"InN","continuous_lfc","WNT10B",0.00539487896839069,NA,0.218390804597701,0.22614432428756,FALSE,FALSE
"InN","continuous_lfc","POSTN",0.00529338670109202,NA,0.23488255872064,0.24219792460672,FALSE,FALSE
"InN","continuous_lfc","WNT8B",0.00512807898306457,NA,0.23288355822089,0.240541617892571,FALSE,FALSE
"InN","continuous_lfc","WNT10A",0.00511974302672928,NA,0.233383308345827,0.240854720070462,FALSE,FALSE
"InN","continuous_lfc","ANGPTL2",0.00498731048744377,NA,0.262868565717141,0.270145967284814,FALSE,FALSE
"InN","continuous_lfc","WNT8A",0.00490884256813026,NA,0.23888055972014,0.246113276414778,FALSE,FALSE
"InN","continuous_lfc","WNT9A",0.00481769413782428,NA,0.245377311344328,0.252594291089749,FALSE,FALSE
"InN","continuous_lfc","CADM1",0.00476775984594141,NA,0.277861069465267,0.284836661167324,FALSE,FALSE
"InN","continuous_lfc","PNOC",0.00466834314783023,NA,0.259870064967516,0.26728868982805,FALSE,FALSE
"InN","continuous_lfc","WNT7A",0.0043623276478377,NA,0.266366816591704,0.273511609660384,FALSE,FALSE
"InN","continuous_lfc","WNT7B",0.00433808830502342,NA,0.270864567716142,0.277897064867901,FALSE,FALSE
"InN","continuous_lfc","WNT3A",0.00430626690778397,NA,0.288355822088956,0.295100987517937,FALSE,FALSE
"InN","continuous_lfc","WNT5A",0.00415073599029145,NA,0.284857571214393,0.291764652790662,FALSE,FALSE
"InN","continuous_lfc","MYOC",0.00412509521550593,NA,0.297351324337831,0.303799309686274,FALSE,FALSE
"InN","continuous_lfc","NLGN1",0.00401815660116477,NA,0.301349325337331,0.307627436281859,FALSE,FALSE
"InN","continuous_lfc","GDF2",0.00386688472998017,NA,0.294352823588206,0.300986818777589,FALSE,FALSE
"InN","continuous_lfc","PROK2",0.00351676804577037,NA,0.328335832083958,0.334897081018192,FALSE,FALSE
"InN","continuous_lfc","TGFB2",0.00319694842161702,NA,0.339330334832584,0.345823344567317,FALSE,FALSE
"InN","continuous_lfc","LTB",0.00311735872308225,NA,0.344827586206897,0.351133660102617,FALSE,FALSE
"InN","continuous_lfc","COL10A1",0.00236484421116397,NA,0.384307846076962,0.390362447300396,FALSE,FALSE
"InN","continuous_lfc","WNT9B",0.00219826720841516,NA,0.370314842578711,0.376461147019851,FALSE,FALSE
"InN","continuous_lfc","WNT5B",0.00215524898261324,NA,0.366816591704148,0.373214555512941,FALSE,FALSE
"InN","continuous_lfc","PLAU",0.00205299314982868,NA,0.39480259870065,0.40069029279892,FALSE,FALSE
"InN","continuous_lfc","APP",0.00166746151523425,NA,0.415792103948026,0.421643482894314,FALSE,FALSE
"InN","continuous_lfc","DBH",0.000985303237095065,NA,0.433783108445777,0.439523827829675,FALSE,FALSE
"InN","continuous_lfc","CLDN1",0.000863056068464933,NA,0.444777611194403,0.450291383234003,FALSE,FALSE
"InN","continuous_lfc","WNT11",0.000402290391047133,NA,0.461269365317341,0.466601959136039,FALSE,FALSE
"InN","continuous_lfc","IL32",0.00022633932390017,NA,0.470264867566217,0.475308962680376,FALSE,FALSE
"InN","continuous_lfc","CCL19",8.35338581912538e-05,NA,0.48575712143928,0.490562632945687,FALSE,FALSE
"InN","continuous_lfc","APLN",-0.000270402686447464,NA,0.509745127436282,0.514363905361981,FALSE,FALSE
"InN","continuous_lfc","LAMA2",-0.000797768973755228,NA,0.534232883558221,0.538629862023721,FALSE,FALSE
"InN","continuous_lfc","CCL28",-0.00164152645191382,NA,0.584207896051974,0.588531803177359,FALSE,FALSE
"InN","continuous_lfc","FGF19",-0.0019903549880031,NA,0.586206896551724,0.590060351911144,FALSE,FALSE
"InN","continuous_lfc","FURIN",-0.00332150867404701,NA,0.665667166416792,0.669492839787003,FALSE,FALSE
"InN","continuous_lfc","LTF",-0.00357623435789827,NA,0.67616191904048,0.679490033490228,FALSE,FALSE
"InN","continuous_lfc","PF4",-0.00427449318724848,NA,0.697651174412794,0.700510400537436,FALSE,FALSE
"InN","continuous_lfc","ADM",-0.00432471532500169,NA,0.702148925537231,0.704449167717534,FALSE,FALSE
"InN","continuous_lfc","GDF11",-0.00544609003838439,NA,0.775612193903048,0.777516315492008,FALSE,FALSE
"InN","continuous_lfc","BMP4",-0.00606706644099588,NA,0.8055972013993,0.806914613012382,FALSE,FALSE
"InN","continuous_lfc","PDGFA",-0.00866301621049671,NA,0.864567716141929,0.865274062315248,FALSE,FALSE
"InN","continuous_lfc","NTF4",-0.0120175811501208,NA,0.947026486756622,0.947026486756622,FALSE,FALSE
"InN","continuous_lfc","IGFL3",NA,NA,NA,NA,FALSE,FALSE
