"ligand","pearson","z","pct","perm_p","perm_padj","is_aging_up_secretome_ligand","receiver"
"MSTN",0.0545274626108477,NA,0.999184339314845,0.000499750124937531,0.0105550672939392,FALSE,"Astro"
"TGFB1",0.0531406306825023,NA,0.99836867862969,0.000499750124937531,0.0105550672939392,FALSE,"Astro"
"IHH",0.0478957092216467,NA,0.997553017944535,0.000499750124937531,0.0105550672939392,FALSE,"Astro"
"PROK1",0.0451818143575901,NA,0.99673735725938,0.00149925037481259,0.0162529354791631,FALSE,"Astro"
"EGF",0.0445174834124124,NA,0.995921696574225,0.000499750124937531,0.0105550672939392,FALSE,"Astro"
"INHBA",0.0442551636467525,NA,0.99510603588907,0.000499750124937531,0.0105550672939392,FALSE,"Astro"
"IGF2",0.0439708379698365,NA,0.994290375203915,0.000499750124937531,0.0105550672939392,FALSE,"Astro"
"LEFTY2",0.0437246008831502,NA,0.99347471451876,0.000499750124937531,0.0105550672939392,FALSE,"Astro"
"APOA1",0.0420232933343307,NA,0.992659053833605,0.00149925037481259,0.0162529354791631,FALSE,"Astro"
"ENG",0.0418755119613355,NA,0.99184339314845,0.000499750124937531,0.0105550672939392,FALSE,"Astro"
"EDA",0.0415673351326801,NA,0.991027732463295,0.00249875062468766,0.0193732247800151,FALSE,"Astro"
"STX1A",0.0395805950168024,NA,0.99021207177814,0.000999500249875062,0.014576045310678,FALSE,"Astro"
"IL22",0.0384870065802676,NA,0.989396411092985,0.000499750124937531,0.0105550672939392,FALSE,"Astro"
"GDNF",0.0383903215645898,NA,0.98858075040783,0.000499750124937531,0.0105550672939392,FALSE,"Astro"
"NOG",0.0378586203534451,NA,0.987765089722675,0.000499750124937531,0.0105550672939392,FALSE,"Astro"
"MUC1",0.0375647835121969,NA,0.98694942903752,0.00149925037481259,0.0162529354791631,FALSE,"Astro"
"ACE",0.0369638643153497,NA,0.986133768352365,0.000499750124937531,0.0105550672939392,FALSE,"Astro"
"TIMP2",0.0368921704126378,NA,0.98531810766721,0.000999500249875062,0.014576045310678,FALSE,"Astro"
"BMP1",0.0368878457997236,NA,0.984502446982055,0.000499750124937531,0.0105550672939392,FALSE,"Astro"
"GDF1",0.0364665256595497,NA,0.983686786296901,0.000499750124937531,0.0105550672939392,FALSE,"Astro"
"TNF",0.0363932503998844,NA,0.982871125611745,0.000499750124937531,0.0105550672939392,FALSE,"Astro"
"SLC6A8",0.0358453397832752,NA,0.982055464926591,0.000999500249875062,0.014576045310678,FALSE,"Astro"
"GDF11",0.035649950687225,NA,0.981239804241436,0.000999500249875062,0.014576045310678,FALSE,"Astro"
"ANXA2",0.0355854919655041,NA,0.980424143556281,0.00149925037481259,0.0162529354791631,FALSE,"Astro"
"TDGF1",0.0355640997582671,NA,0.979608482871126,0.000499750124937531,0.0105550672939392,FALSE,"Astro"
"CFC1",0.0353610943452141,NA,0.978792822185971,0.000499750124937531,0.0105550672939392,FALSE,"Astro"
"SNX14",0.035011545015272,NA,0.977977161500816,0.000499750124937531,0.0105550672939392,FALSE,"Astro"
"INHBB",0.0348861011036865,NA,0.977161500815661,0.000499750124937531,0.0105550672939392,FALSE,"Astro"
"FGF2",0.0348749905378506,NA,0.976345840130506,0.000499750124937531,0.0105550672939392,FALSE,"Astro"
"OXT",0.0348469128080502,NA,0.975530179445351,0.000499750124937531,0.0105550672939392,FALSE,"Astro"
"BMP8A",0.0347270143404972,NA,0.974714518760196,0.000499750124937531,0.0105550672939392,FALSE,"Astro"
"GDF6",0.0344839417120799,NA,0.973898858075041,0.000499750124937531,0.0105550672939392,FALSE,"Astro"
"GHRL",0.0344664874744799,NA,0.973083197389886,0.00299850074962519,0.0204064634349492,FALSE,"Astro"
"FCN2",0.0343851970202899,NA,0.972267536704731,0.00149925037481259,0.0162529354791631,FALSE,"Astro"
"GDF9",0.0341110091795793,NA,0.971451876019576,0.000499750124937531,0.0105550672939392,FALSE,"Astro"
"ANXA1",0.0338391140482984,NA,0.970636215334421,0.00299850074962519,0.0204064634349492,TRUE,"Astro"
"IL13",0.0337755555789038,NA,0.969820554649266,0.00149925037481259,0.0162529354791631,FALSE,"Astro"
"IL4",0.0337588322042425,NA,0.969004893964111,0.000499750124937531,0.0105550672939392,FALSE,"Astro"
"VSIR",0.0335732308043176,NA,0.968189233278956,0.000499750124937531,0.0105550672939392,FALSE,"Astro"
"NPNT",0.033504684775797,NA,0.967373572593801,0.000499750124937531,0.0105550672939392,FALSE,"Astro"
"CCN2",0.0334640187524296,NA,0.966557911908646,0.000999500249875062,0.014576045310678,TRUE,"Astro"
"GNRH1",0.0331187098983628,NA,0.965742251223491,0.000999500249875062,0.014576045310678,FALSE,"Astro"
"INHBE",0.0331068919382144,NA,0.964926590538336,0.000499750124937531,0.0105550672939392,FALSE,"Astro"
"GDF7",0.0329008269636645,NA,0.964110929853181,0.000499750124937531,0.0105550672939392,FALSE,"Astro"
"IFITM1",0.0326361850866292,NA,0.963295269168026,0.00149925037481259,0.0162529354791631,FALSE,"Astro"
"ADAM17",0.0322800317218187,NA,0.962479608482871,0.000999500249875062,0.014576045310678,FALSE,"Astro"
"GDF5",0.0321252691969933,NA,0.961663947797716,0.000499750124937531,0.0105550672939392,FALSE,"Astro"
"FGF7",0.0320680856044917,NA,0.960848287112561,0.00199900049975012,0.0174912543728136,FALSE,"Astro"
"HAS1",0.0320627161251716,NA,0.960032626427406,0.000499750124937531,0.0105550672939392,FALSE,"Astro"
"ACE2",0.0319508166704022,NA,0.959216965742251,0.000499750124937531,0.0105550672939392,FALSE,"Astro"
"BMP15",0.0319173889574159,NA,0.958401305057096,0.000499750124937531,0.0105550672939392,FALSE,"Astro"
"CD59",0.0318110903844651,NA,0.957585644371941,0.000999500249875062,0.014576045310678,FALSE,"Astro"
"FGF4",0.0317845691433836,NA,0.956769983686786,0.00549725137431284,0.0235459193480183,FALSE,"Astro"
"HRG",0.0317198758075303,NA,0.955954323001631,0.00199900049975012,0.0174912543728136,FALSE,"Astro"
"INHBC",0.0314412933251058,NA,0.955138662316476,0.000499750124937531,0.0105550672939392,FALSE,"Astro"
"MMP13",0.0313984335719392,NA,0.954323001631321,0.000499750124937531,0.0105550672939392,FALSE,"Astro"
"CLDN14",0.0313679156307428,NA,0.953507340946166,0.000499750124937531,0.0105550672939392,FALSE,"Astro"
"MUC4",0.0313637249433995,NA,0.952691680261011,0.00149925037481259,0.0162529354791631,FALSE,"Astro"
"NODAL",0.0313527305028431,NA,0.951876019575856,0.00149925037481259,0.0162529354791631,FALSE,"Astro"
"OCLN",0.0310040876070611,NA,0.951060358890702,0.000499750124937531,0.0105550672939392,FALSE,"Astro"
"ANGPTL3",0.0308485952217421,NA,0.950244698205546,0.000999500249875062,0.014576045310678,FALSE,"Astro"
"AGT",0.0307610582974173,NA,0.949429037520392,0.00349825087456272,0.0217530828494382,FALSE,"Astro"
"NEO1",0.0307432428421214,NA,0.948613376835236,0.000999500249875062,0.014576045310678,FALSE,"Astro"
"DSC3",0.0307095556074306,NA,0.947797716150082,0.000499750124937531,0.0105550672939392,FALSE,"Astro"
"IBSP",0.0306575372591127,NA,0.946982055464927,0.000499750124937531,0.0105550672939392,FALSE,"Astro"
"HJV",0.0306479689781425,NA,0.946166394779772,0.000499750124937531,0.0105550672939392,FALSE,"Astro"
"LEFTY1",0.0305947420375274,NA,0.945350734094617,0.000999500249875062,0.014576045310678,FALSE,"Astro"
"LRIT2",0.0305807991394286,NA,0.944535073409462,0.000499750124937531,0.0105550672939392,FALSE,"Astro"
"BMP3",0.0305054495634171,NA,0.943719412724307,0.000499750124937531,0.0105550672939392,FALSE,"Astro"
"SIGLEC6",0.0303812353565061,NA,0.942903752039152,0.000999500249875062,0.014576045310678,FALSE,"Astro"
"HP",0.030330790979657,NA,0.942088091353997,0.000999500249875062,0.014576045310678,FALSE,"Astro"
"RGMA",0.0302557113923935,NA,0.941272430668842,0.000999500249875062,0.014576045310678,FALSE,"Astro"
"GDF3",0.0302436120485097,NA,0.940456769983687,0.000499750124937531,0.0105550672939392,FALSE,"Astro"
"SAA1",0.0300943347569962,NA,0.939641109298532,0.000499750124937531,0.0105550672939392,FALSE,"Astro"
"MPDZ",0.0297828752261045,NA,0.938825448613377,0.000999500249875062,0.014576045310678,FALSE,"Astro"
"PAEP",0.0297463053636873,NA,0.938009787928222,0.000499750124937531,0.0105550672939392,FALSE,"Astro"
"JAM2",0.0295831236585003,NA,0.937194127243067,0.000499750124937531,0.0105550672939392,FALSE,"Astro"
"BDNF",0.0295774467257692,NA,0.936378466557912,0.000999500249875062,0.014576045310678,FALSE,"Astro"
"UXS1",0.0295547344673743,NA,0.935562805872757,0.000499750124937531,0.0105550672939392,FALSE,"Astro"
"TGFB2",0.0295324828700192,NA,0.934747145187602,0.00249875062468766,0.0193732247800151,FALSE,"Astro"
"PCDHA7",0.0294558764224609,NA,0.933931484502447,0.000999500249875062,0.014576045310678,FALSE,"Astro"
"OSM",0.0294523928661589,NA,0.933115823817292,0.000499750124937531,0.0105550672939392,FALSE,"Astro"
"DKK1",0.0294475361621774,NA,0.932300163132137,0.00149925037481259,0.0162529354791631,FALSE,"Astro"
"HPX",0.029432971889979,NA,0.931484502446982,0.000999500249875062,0.014576045310678,FALSE,"Astro"
"LIF",0.029308272332955,NA,0.930668841761827,0.00199900049975012,0.0174912543728136,FALSE,"Astro"
"NTF4",0.0292603810108107,NA,0.929853181076672,0.00249875062468766,0.0193732247800151,FALSE,"Astro"
"LAMA4",0.0292504321668086,NA,0.929037520391517,0.000999500249875062,0.014576045310678,FALSE,"Astro"
"FCRL6",0.0292275125248831,NA,0.928221859706362,0.000999500249875062,0.014576045310678,FALSE,"Astro"
"BMP10",0.0289930110738928,NA,0.927406199021207,0.000499750124937531,0.0105550672939392,FALSE,"Astro"
"LAMB2",0.0289070744929442,NA,0.926590538336052,0.000499750124937531,0.0105550672939392,FALSE,"Astro"
"ATP1B1",0.028771281847899,NA,0.925774877650897,0.00499750124937531,0.0231891629942604,FALSE,"Astro"
"EPO",0.028763346155377,NA,0.924959216965742,0.00599700149925037,0.0243255855515951,FALSE,"Astro"
"IL20",0.0287319424975436,NA,0.924143556280587,0.00299850074962519,0.0204064634349492,FALSE,"Astro"
"COL3A1",0.0287315298586865,NA,0.923327895595432,0.000499750124937531,0.0105550672939392,FALSE,"Astro"
"CCL18",0.0286801561285251,NA,0.922512234910277,0.00449775112443778,0.0229572713643178,FALSE,"Astro"
"IL17B",0.0286744567245152,NA,0.921696574225122,0.000499750124937531,0.0105550672939392,FALSE,"Astro"
"LACRT",0.0285978436701249,NA,0.920880913539967,0.00149925037481259,0.0162529354791631,FALSE,"Astro"
"TDGF1P3",0.0285404222425337,NA,0.920065252854812,0.00149925037481259,0.0162529354791631,FALSE,"Astro"
"COL6A3",0.028532603469662,NA,0.919249592169657,0.000499750124937531,0.0105550672939392,FALSE,"Astro"
"WNT10B",0.0284530354307186,NA,0.918433931484502,0.00499750124937531,0.0231891629942604,FALSE,"Astro"
"IL37",0.028432041996682,NA,0.917618270799347,0.000999500249875062,0.014576045310678,FALSE,"Astro"
"IL25",0.0283940059440929,NA,0.916802610114193,0.00149925037481259,0.0162529354791631,FALSE,"Astro"
"FBLN2",0.0283398963940894,NA,0.915986949429037,0.00149925037481259,0.0162529354791631,FALSE,"Astro"
"COL13A1",0.0282176400756703,NA,0.915171288743883,0.00149925037481259,0.0162529354791631,FALSE,"Astro"
"CER1",0.0281906040223593,NA,0.914355628058728,0.000499750124937531,0.0105550672939392,FALSE,"Astro"
"ANG",0.0280792545572853,NA,0.913539967373573,0.00499750124937531,0.0231891629942604,FALSE,"Astro"
"MAG",0.0280197752331655,NA,0.912724306688418,0.000999500249875062,0.014576045310678,FALSE,"Astro"
"S100A4",0.0278704553496995,NA,0.911908646003263,0.00299850074962519,0.0204064634349492,FALSE,"Astro"
"COL22A1",0.0276562334625509,NA,0.911092985318108,0.00199900049975012,0.0174912543728136,FALSE,"Astro"
"GLG1",0.0276140220143605,NA,0.910277324632953,0.00149925037481259,0.0162529354791631,FALSE,"Astro"
"LRIT1",0.0276088920251225,NA,0.909461663947798,0.000499750124937531,0.0105550672939392,FALSE,"Astro"
"BACE2",0.0275816537244103,NA,0.908646003262643,0.00199900049975012,0.0174912543728136,FALSE,"Astro"
"BMP8B",0.0275788062001149,NA,0.907830342577488,0.000999500249875062,0.014576045310678,FALSE,"Astro"
"CGB7",0.0275761041577458,NA,0.906606851549755,0.000499750124937531,0.0105550672939392,FALSE,"Astro"
"LOC101059948",0.0275761041577458,NA,0.906606851549755,0.000499750124937531,0.0105550672939392,FALSE,"Astro"
"ZDHHC5",0.0274997999373967,NA,0.905383360522023,0.00149925037481259,0.0162529354791631,FALSE,"Astro"
"APOD",0.0274928254525592,NA,0.904567699836868,0.00199900049975012,0.0174912543728136,TRUE,"Astro"
"CCL26",0.0274911269760819,NA,0.903752039151713,0.00849575212393803,0.0279766030963013,FALSE,"Astro"
"APELA",0.027430132266081,NA,0.902936378466558,0.00149925037481259,0.0162529354791631,FALSE,"Astro"
"SHBG",0.0274202747483924,NA,0.902120717781403,0.00149925037481259,0.0162529354791631,FALSE,"Astro"
"PSG9",0.0273373542699573,NA,0.901305057096248,0.000499750124937531,0.0105550672939392,FALSE,"Astro"
"NXPH1",0.0272429275731185,NA,0.900489396411093,0.00199900049975012,0.0174912543728136,FALSE,"Astro"
"NPW",0.0271569795154594,NA,0.899673735725938,0.00149925037481259,0.0162529354791631,FALSE,"Astro"
"CCL23",0.0271127984705828,NA,0.898858075040783,0.0229885057471264,0.0444880245501262,FALSE,"Astro"
"PCDH15",0.026995694898431,NA,0.898042414355628,0.00199900049975012,0.0174912543728136,FALSE,"Astro"
"RECK",0.0269225222129254,NA,0.897226753670473,0.00249875062468766,0.0193732247800151,FALSE,"Astro"
"MATN1",0.0267054703897359,NA,0.896411092985318,0.000999500249875062,0.014576045310678,FALSE,"Astro"
"PDGFB",0.0266535284920659,NA,0.895595432300163,0.00349825087456272,0.0217530828494382,FALSE,"Astro"
"F2",0.0265745429221902,NA,0.894779771615008,0.015992003998001,0.0362781572176874,FALSE,"Astro"
"AREG",0.0265574821543547,NA,0.893964110929853,0.00199900049975012,0.0174912543728136,FALSE,"Astro"
"NPB",0.0265249357331112,NA,0.893148450244698,0.00149925037481259,0.0162529354791631,FALSE,"Astro"
"ADAM29",0.0264364195590307,NA,0.892332789559543,0.00349825087456272,0.0217530828494382,FALSE,"Astro"
"LRP1B",0.0264306969151723,NA,0.891517128874388,0.00399800099950025,0.0226738482610547,FALSE,"Astro"
"SFRP1",0.0263717289817017,NA,0.890701468189233,0.00249875062468766,0.0193732247800151,FALSE,"Astro"
"PRSS55",0.0263019389121422,NA,0.889885807504078,0.00299850074962519,0.0204064634349492,FALSE,"Astro"
"CFD",0.0263003690585463,NA,0.889070146818923,0.00199900049975012,0.0174912543728136,FALSE,"Astro"
"IGSF10",0.0262906039269596,NA,0.888254486133768,0.00199900049975012,0.0174912543728136,FALSE,"Astro"
"CD200",0.0261830525989641,NA,0.887438825448613,0.00249875062468766,0.0193732247800151,FALSE,"Astro"
"SCGB1A1",0.0261367911148517,NA,0.886623164763458,0.00149925037481259,0.0162529354791631,FALSE,"Astro"
"QRFP",0.0261231120814846,NA,0.885807504078303,0.00149925037481259,0.0162529354791631,FALSE,"Astro"
"GAS6",0.0261045927972405,NA,0.884991843393148,0.00249875062468766,0.0193732247800151,FALSE,"Astro"
"COL5A3",0.0260827980784232,NA,0.884176182707993,0.00149925037481259,0.0162529354791631,FALSE,"Astro"
"EDIL3",0.026059332551698,NA,0.883360522022839,0.00199900049975012,0.0174912543728136,FALSE,"Astro"
"SIGLEC9",0.0260592931823338,NA,0.882544861337684,0.000999500249875062,0.014576045310678,FALSE,"Astro"
"CFAP54",0.0260129471237885,NA,0.881729200652529,0.00299850074962519,0.0204064634349492,FALSE,"Astro"
"NMS",0.0259902508087739,NA,0.880913539967374,0.00199900049975012,0.0174912543728136,FALSE,"Astro"
"NPFF",0.0259456609304506,NA,0.880097879282219,0.00149925037481259,0.0162529354791631,FALSE,"Astro"
"SEMA4F",0.0258934608377869,NA,0.879282218597064,0.00199900049975012,0.0174912543728136,FALSE,"Astro"
"IL17C",0.0257488099441065,NA,0.878466557911909,0.00449775112443778,0.0229572713643178,FALSE,"Astro"
"COL7A1",0.0257449068945712,NA,0.877650897226754,0.00199900049975012,0.0174912543728136,FALSE,"Astro"
"PPY",0.0256683849610849,NA,0.876835236541599,0.00199900049975012,0.0174912543728136,FALSE,"Astro"
"CLEC2L",0.0256356084216699,NA,0.876019575856444,0.00199900049975012,0.0174912543728136,FALSE,"Astro"
"PYY",0.0256129809813704,NA,0.875203915171289,0.00199900049975012,0.0174912543728136,FALSE,"Astro"
"PATJ",0.0255831683625377,NA,0.874388254486134,0.00199900049975012,0.0174912543728136,FALSE,"Astro"
"BMP5",0.0255380104822555,NA,0.873572593800979,0.00199900049975012,0.0174912543728136,FALSE,"Astro"
"YARS1",0.0253396602042898,NA,0.872756933115824,0.00249875062468766,0.0193732247800151,FALSE,"Astro"
"LVRN",0.0252502319896699,NA,0.871941272430669,0.00349825087456272,0.0217530828494382,FALSE,"Astro"
"ORM1",0.0252259017212764,NA,0.871125611745514,0.00149925037481259,0.0162529354791631,FALSE,"Astro"
"BMP4",0.0251665554895918,NA,0.870309951060359,0.00649675162418791,0.0252651452051752,FALSE,"Astro"
"CXCL14",0.0251460716780148,NA,0.869494290375204,0.00199900049975012,0.0174912543728136,FALSE,"Astro"
"FNDC5",0.025132905457309,NA,0.868678629690049,0.00149925037481259,0.0162529354791631,FALSE,"Astro"
"TNFSF13B",0.0251232295299698,NA,0.867862969004894,0.00399800099950025,0.0226738482610547,FALSE,"Astro"
"CLDN19",0.0251125131918154,NA,0.867047308319739,0.00249875062468766,0.0193732247800151,FALSE,"Astro"
"IL36B",0.0250883784580974,NA,0.866231647634584,0.00399800099950025,0.0226738482610547,FALSE,"Astro"
"IGSF11",0.0250356896884615,NA,0.865415986949429,0.00349825087456272,0.0217530828494382,FALSE,"Astro"
"CDCP1",0.0249844800060539,NA,0.864600326264274,0.00199900049975012,0.0174912543728136,FALSE,"Astro"
"S100A8",0.0249687340910165,NA,0.863784665579119,0.00249875062468766,0.0193732247800151,FALSE,"Astro"
"SIGLEC15",0.0249489381504467,NA,0.862969004893964,0.00149925037481259,0.0162529354791631,FALSE,"Astro"
"PCDHA4",0.0248923638682487,NA,0.862153344208809,0.00249875062468766,0.0193732247800151,FALSE,"Astro"
"VEGFA",0.0248832995900195,NA,0.861337683523654,0.00699650174912544,0.0261302275691423,FALSE,"Astro"
"COL6A6",0.0248558914187865,NA,0.860522022838499,0.00299850074962519,0.0204064634349492,FALSE,"Astro"
"NRG4",0.0248435754305311,NA,0.859706362153344,0.00299850074962519,0.0204064634349492,FALSE,"Astro"
"COL5A2",0.0247962681485481,NA,0.858890701468189,0.00349825087456272,0.0217530828494382,FALSE,"Astro"
"TNN",0.0247543154419116,NA,0.858075040783034,0.00149925037481259,0.0162529354791631,FALSE,"Astro"
"TNFSF18",0.0247136942806811,NA,0.857259380097879,0.00449775112443778,0.0229572713643178,FALSE,"Astro"
"FAM3B",0.0246791636433875,NA,0.856443719412724,0.00199900049975012,0.0174912543728136,FALSE,"Astro"
"ADGRB1",0.0246469199095853,NA,0.855628058727569,0.00249875062468766,0.0193732247800151,FALSE,"Astro"
"TG",0.0246354697305099,NA,0.854812398042414,0.00549725137431284,0.0235459193480183,FALSE,"Astro"
"NMB",0.0246154405003185,NA,0.853996737357259,0.00199900049975012,0.0174912543728136,FALSE,"Astro"
"CCL4L1",0.0245489410228144,NA,0.853181076672104,0.00299850074962519,0.0204064634349492,FALSE,"Astro"
"FGL1",0.0245417102291835,NA,0.852365415986949,0.00299850074962519,0.0204064634349492,FALSE,"Astro"
"CNTN4",0.0245087271154369,NA,0.851549755301794,0.00299850074962519,0.0204064634349492,FALSE,"Astro"
"CEACAM5",0.0244923386062301,NA,0.85073409461664,0.00299850074962519,0.0204064634349492,FALSE,"Astro"
"CLUL1",0.0244061917226494,NA,0.849918433931484,0.00349825087456272,0.0217530828494382,FALSE,"Astro"
"FGFRL1",0.0243482273483677,NA,0.84910277324633,0.00499750124937531,0.0231891629942604,FALSE,"Astro"
"NAALADL1",0.0243342005000511,NA,0.848287112561175,0.00249875062468766,0.0193732247800151,FALSE,"Astro"
"LRIG1",0.0243285852750061,NA,0.84747145187602,0.00349825087456272,0.0217530828494382,FALSE,"Astro"
"ANGPT2",0.0242493552425963,NA,0.846655791190865,0.0149925037481259,0.0355238241614203,FALSE,"Astro"
"FAM3D",0.0242106547963178,NA,0.84584013050571,0.00449775112443778,0.0229572713643178,FALSE,"Astro"
"COL27A1",0.0241653105847224,NA,0.845024469820555,0.00299850074962519,0.0204064634349492,FALSE,"Astro"
"CMTM8",0.0241533730090558,NA,0.8442088091354,0.00499750124937531,0.0231891629942604,FALSE,"Astro"
"EFNA4",0.0241484685205411,NA,0.843393148450245,0.00849575212393803,0.0279766030963013,FALSE,"Astro"
"MMP16",0.0241313833427715,NA,0.84257748776509,0.00499750124937531,0.0231891629942604,FALSE,"Astro"
"BCAN",0.0240940653162779,NA,0.841761827079935,0.00249875062468766,0.0193732247800151,FALSE,"Astro"
"CRB3",0.024085111977981,NA,0.84094616639478,0.00449775112443778,0.0229572713643178,FALSE,"Astro"
"PCSK9",0.0240225271977465,NA,0.840130505709625,0.00849575212393803,0.0279766030963013,FALSE,"Astro"
"C10orf99",0.0239808018985785,NA,0.83931484502447,0.00449775112443778,0.0229572713643178,FALSE,"Astro"
"MICA",0.0239570960849981,NA,0.838499184339315,0.00299850074962519,0.0204064634349492,FALSE,"Astro"
"NCAM1",0.0239541092478948,NA,0.83768352365416,0.00249875062468766,0.0193732247800151,FALSE,"Astro"
"DSG2",0.0239450096414116,NA,0.836867862969005,0.00299850074962519,0.0204064634349492,FALSE,"Astro"
"COL6A2",0.0239279276700785,NA,0.83605220228385,0.00299850074962519,0.0204064634349492,FALSE,"Astro"
"FGF11",0.0239176625993689,NA,0.835236541598695,0.00249875062468766,0.0193732247800151,FALSE,"Astro"
"FGF20",0.0239009374531602,NA,0.83442088091354,0.00299850074962519,0.0204064634349492,FALSE,"Astro"
"SEMA4C",0.0238793776813243,NA,0.833605220228385,0.00249875062468766,0.0193732247800151,FALSE,"Astro"
"PTPRK",0.0238600770739904,NA,0.83278955954323,0.00399800099950025,0.0226738482610547,FALSE,"Astro"
"NRG3",0.023833541205853,NA,0.831973898858075,0.00349825087456272,0.0217530828494382,FALSE,"Astro"
"DEFB106B",0.0238149791100222,NA,0.83115823817292,0.00349825087456272,0.0217530828494382,FALSE,"Astro"
"IL24",0.0238129149973899,NA,0.830342577487765,0.00399800099950025,0.0226738482610547,FALSE,"Astro"
"TNFSF9",0.0238020195505833,NA,0.82952691680261,0.00599700149925037,0.0243255855515951,FALSE,"Astro"
"IGFL1",0.0237715602187626,NA,0.828711256117455,0.0079960019990005,0.0272844079353081,FALSE,"Astro"
"CCL7",0.0237484785967848,NA,0.8278955954323,0.00199900049975012,0.0174912543728136,FALSE,"Astro"
"PVR",0.0237281862522554,NA,0.827079934747145,0.00199900049975012,0.0174912543728136,FALSE,"Astro"
"KIR2DL5A",0.0237188740866959,NA,0.82626427406199,0.00249875062468766,0.0193732247800151,FALSE,"Astro"
"CCL17",0.0237043227164621,NA,0.825448613376835,0.00399800099950025,0.0226738482610547,FALSE,"Astro"
"COL14A1",0.0236149687168204,NA,0.82463295269168,0.00399800099950025,0.0226738482610547,FALSE,"Astro"
"SIGLEC7",0.0235584135425049,NA,0.823817292006525,0.00299850074962519,0.0204064634349492,FALSE,"Astro"
"SLITRK2",0.0235537177000401,NA,0.82300163132137,0.00299850074962519,0.0204064634349492,FALSE,"Astro"
"SLAMF6",0.0235334099388877,NA,0.822185970636215,0.00349825087456272,0.0217530828494382,FALSE,"Astro"
"GPHA2",0.023533049903099,NA,0.82137030995106,0.000999500249875062,0.014576045310678,FALSE,"Astro"
"APOC4",0.0235127368193815,NA,0.820554649265905,0.00299850074962519,0.0204064634349492,FALSE,"Astro"
"LAMB3",0.0235110678201433,NA,0.81973898858075,0.00399800099950025,0.0226738482610547,FALSE,"Astro"
"PLB1",0.0235046001180493,NA,0.818923327895595,0.00649675162418791,0.0252651452051752,FALSE,"Astro"
"LIN7B",0.023499174607789,NA,0.81810766721044,0.00299850074962519,0.0204064634349492,FALSE,"Astro"
"ITM2B",0.0234795610347547,NA,0.817292006525285,0.0164917541229385,0.0370007304040288,FALSE,"Astro"
"ULBP2",0.0234772670607268,NA,0.816476345840131,0.00349825087456272,0.0217530828494382,FALSE,"Astro"
"APOA4",0.0234753808463061,NA,0.815660685154976,0.00449775112443778,0.0229572713643178,FALSE,"Astro"
"IL1RN",0.0234672052871541,NA,0.814845024469821,0.00549725137431284,0.0235459193480183,FALSE,"Astro"
"TECTB",0.0234630979742697,NA,0.814029363784666,0.00499750124937531,0.0231891629942604,FALSE,"Astro"
"TAC4",0.0233947961268871,NA,0.813213703099511,0.00449775112443778,0.0229572713643178,FALSE,"Astro"
"PTH2",0.0233173616646345,NA,0.812398042414356,0.00399800099950025,0.0226738482610547,FALSE,"Astro"
"DSG1",0.0232823717554262,NA,0.811582381729201,0.00349825087456272,0.0217530828494382,FALSE,"Astro"
"TAFA4",0.0232659625801643,NA,0.810766721044046,0.00649675162418791,0.0252651452051752,FALSE,"Astro"
"NPS",0.023257219143589,NA,0.809951060358891,0.00499750124937531,0.0231891629942604,FALSE,"Astro"
"LAMA1",0.023251718508993,NA,0.809135399673736,0.00349825087456272,0.0217530828494382,FALSE,"Astro"
"COL12A1",0.02323817998759,NA,0.808319738988581,0.00549725137431284,0.0235459193480183,TRUE,"Astro"
"CLDN16",0.0231998976152589,NA,0.807504078303426,0.00499750124937531,0.0231891629942604,FALSE,"Astro"
"ADM2",0.0231813002215805,NA,0.806688417618271,0.00499750124937531,0.0231891629942604,FALSE,"Astro"
"BTN1A1",0.0231456499687837,NA,0.805872756933116,0.00999500249875063,0.0295033206288422,FALSE,"Astro"
"LRTM2",0.0231418138979255,NA,0.805057096247961,0.00449775112443778,0.0229572713643178,FALSE,"Astro"
"F8",0.0231032496407702,NA,0.804241435562806,0.00599700149925037,0.0243255855515951,FALSE,"Astro"
"MDK",0.0230827545475226,NA,0.803425774877651,0.0119940029985007,0.0322915465344251,FALSE,"Astro"
"RARRES1",0.0230821652316258,NA,0.802610114192496,0.00849575212393803,0.0279766030963013,FALSE,"Astro"
"WBP1",0.0230576539932495,NA,0.801794453507341,0.00449775112443778,0.0229572713643178,FALSE,"Astro"
"JAML",0.0230547782194156,NA,0.800978792822186,0.00449775112443778,0.0229572713643178,FALSE,"Astro"
"EPGN",0.0230115751519043,NA,0.800163132137031,0.00849575212393803,0.0279766030963013,FALSE,"Astro"
"PSG5",0.0229995219827846,NA,0.799347471451876,0.00399800099950025,0.0226738482610547,FALSE,"Astro"
"MLN",0.0229808548626063,NA,0.798531810766721,0.00399800099950025,0.0226738482610547,FALSE,"Astro"
"COL20A1",0.0229451835087726,NA,0.797716150081566,0.00449775112443778,0.0229572713643178,FALSE,"Astro"
"NCR2",0.0229302502800926,NA,0.796900489396411,0.00399800099950025,0.0226738482610547,FALSE,"Astro"
"IZUMO1",0.0229144908704473,NA,0.796084828711256,0.00549725137431284,0.0235459193480183,FALSE,"Astro"
"NCAN",0.0229103339068533,NA,0.795269168026101,0.00449775112443778,0.0229572713643178,FALSE,"Astro"
"DEFB103B",0.0229067267364345,NA,0.794453507340946,0.00549725137431284,0.0235459193480183,FALSE,"Astro"
"EDN3",0.0228730310274966,NA,0.793637846655791,0.0304847576211894,0.0516512145033984,FALSE,"Astro"
"CCL8",0.0228719919934056,NA,0.792822185970636,0.00649675162418791,0.0252651452051752,FALSE,"Astro"
"GALP",0.0228502986080925,NA,0.792006525285481,0.00499750124937531,0.0231891629942604,FALSE,"Astro"
"SEMA3C",0.0228144503210756,NA,0.791190864600326,0.00199900049975012,0.0174912543728136,FALSE,"Astro"
"LHB",0.0228118247445253,NA,0.790375203915171,0.00399800099950025,0.0226738482610547,FALSE,"Astro"
"VWF",0.0228063300353653,NA,0.789559543230016,0.0174912543728136,0.0383305663804949,FALSE,"Astro"
"PAPLN",0.0227998493962468,NA,0.788743882544861,0.00399800099950025,0.0226738482610547,FALSE,"Astro"
"CXCL5",0.0227603768886814,NA,0.787928221859706,0.00499750124937531,0.0231891629942604,FALSE,"Astro"
"DSC2",0.0227385549696094,NA,0.787112561174551,0.00449775112443778,0.0229572713643178,FALSE,"Astro"
"EFNB2",0.0227350326095259,NA,0.786296900489396,0.00499750124937531,0.0231891629942604,FALSE,"Astro"
"TREML1",0.0227239789912628,NA,0.785481239804241,0.00549725137431284,0.0235459193480183,FALSE,"Astro"
"EFNA1",0.0227011400924912,NA,0.784665579119086,0.00499750124937531,0.0231891629942604,FALSE,"Astro"
"CFH",0.0226935488721855,NA,0.783849918433931,0.00449775112443778,0.0229572713643178,FALSE,"Astro"
"WFIKKN2",0.0226930588162027,NA,0.783034257748777,0.00599700149925037,0.0243255855515951,FALSE,"Astro"
"OLFM2",0.0226874583213217,NA,0.782218597063622,0.00299850074962519,0.0204064634349492,FALSE,"Astro"
"GIP",0.0226791806144695,NA,0.781402936378467,0.0239880059970015,0.0453476965221093,FALSE,"Astro"
"LYZ",0.0226782724383525,NA,0.780587275693312,0.00449775112443778,0.0229572713643178,FALSE,"Astro"
"COL16A1",0.0226570297037306,NA,0.779771615008157,0.00899550224887556,0.0285479022146958,FALSE,"Astro"
"CCL19",0.0226519978704669,NA,0.778955954323002,0.0114942528735632,0.0315705376011546,FALSE,"Astro"
"CLCF1",0.0226448755784148,NA,0.778140293637847,0.00449775112443778,0.0229572713643178,FALSE,"Astro"
"LRFN4",0.022612089041097,NA,0.777324632952692,0.00499750124937531,0.0231891629942604,FALSE,"Astro"
"CCN1",0.0225971807059966,NA,0.776508972267537,0.0079960019990005,0.0272844079353081,FALSE,"Astro"
"LAMA3",0.0225961336339626,NA,0.775693311582382,0.00449775112443778,0.0229572713643178,FALSE,"Astro"
"LIN7C",0.0225926382306828,NA,0.774877650897227,0.00449775112443778,0.0229572713643178,FALSE,"Astro"
"COL11A2",0.022587671335244,NA,0.774061990212072,0.0149925037481259,0.0355238241614203,FALSE,"Astro"
"COL2A1",0.0225816229510147,NA,0.773246329526917,0.00699650174912544,0.0261302275691423,FALSE,"Astro"
"PF4V1",0.0225625078788901,NA,0.772430668841762,0.00549725137431284,0.0235459193480183,FALSE,"Astro"
"COL28A1",0.0225451634951394,NA,0.771615008156607,0.00549725137431284,0.0235459193480183,FALSE,"Astro"
"SERPING1",0.0225142780523166,NA,0.770799347471452,0.00399800099950025,0.0226738482610547,FALSE,"Astro"
"ITGA4",0.0224967791873967,NA,0.769983686786297,0.00449775112443778,0.0229572713643178,FALSE,"Astro"
"HAS2",0.0224932815384922,NA,0.769168026101142,0.00449775112443778,0.0229572713643178,FALSE,"Astro"
"COL24A1",0.0224878511934146,NA,0.768352365415987,0.00499750124937531,0.0231891629942604,FALSE,"Astro"
"EFEMP1",0.0224875575998381,NA,0.767536704730832,0.00349825087456272,0.0217530828494382,TRUE,"Astro"
"APOC1",0.0224700646089063,NA,0.766721044045677,0.00499750124937531,0.0231891629942604,TRUE,"Astro"
"PODXL",0.0224259776024957,NA,0.765905383360522,0.00749625187406297,0.0266171262194989,FALSE,"Astro"
"KIRREL3",0.0223669383987229,NA,0.765089722675367,0.00499750124937531,0.0231891629942604,FALSE,"Astro"
"COL19A1",0.0223576467617891,NA,0.764274061990212,0.00549725137431284,0.0235459193480183,FALSE,"Astro"
"CEACAM6",0.0223289812301413,NA,0.763458401305057,0.00599700149925037,0.0243255855515951,FALSE,"Astro"
"CD300A",0.0223260206378974,NA,0.762642740619902,0.00499750124937531,0.0231891629942604,FALSE,"Astro"
"MICB",0.0223192324922496,NA,0.761827079934747,0.00949525237381309,0.0289345377062712,FALSE,"Astro"
"EXOC3-AS1",0.022287089651094,NA,0.761011419249592,0.00699650174912544,0.0261302275691423,FALSE,"Astro"
"ANGPTL7",0.0222606230784613,NA,0.760195758564437,0.00399800099950025,0.0226738482610547,FALSE,"Astro"
"BST2",0.0222508971232725,NA,0.759380097879282,0.00349825087456272,0.0217530828494382,FALSE,"Astro"
"ITIH2",0.0222348124326325,NA,0.758564437194127,0.00399800099950025,0.0226738482610547,FALSE,"Astro"
"XCL1",0.0222303842347931,NA,0.757748776508972,0.00549725137431284,0.0235459193480183,FALSE,"Astro"
"SLITRK6",0.0222262510487994,NA,0.756933115823817,0.00549725137431284,0.0235459193480183,FALSE,"Astro"
"LAMA5",0.0222248420969171,NA,0.756117455138662,0.00399800099950025,0.0226738482610547,FALSE,"Astro"
"GHRH",0.0221845900360017,NA,0.755301794453507,0.0299850074962519,0.0513729149411308,FALSE,"Astro"
"VSIG10",0.0221562685048735,NA,0.754486133768352,0.00599700149925037,0.0243255855515951,FALSE,"Astro"
"CLU",0.0221513606517272,NA,0.753670473083197,0.00549725137431284,0.0235459193480183,FALSE,"Astro"
"A2M",0.0221494636434331,NA,0.752854812398042,0.00499750124937531,0.0231891629942604,FALSE,"Astro"
"SPINT1",0.0221372494001957,NA,0.752039151712887,0.00699650174912544,0.0261302275691423,FALSE,"Astro"
"INSL3",0.022129449332094,NA,0.751223491027732,0.00699650174912544,0.0261302275691423,FALSE,"Astro"
"KIAA0319L",0.0221061845149039,NA,0.750407830342578,0.00649675162418791,0.0252651452051752,FALSE,"Astro"
"FGF3",0.022100835019417,NA,0.749592169657422,0.00549725137431284,0.0235459193480183,FALSE,"Astro"
"SLITRK4",0.0220788113869299,NA,0.748776508972268,0.00449775112443778,0.0229572713643178,FALSE,"Astro"
"JAM3",0.0220726548559173,NA,0.747960848287113,0.00599700149925037,0.0243255855515951,FALSE,"Astro"
"CCL22",0.0220718635072967,NA,0.747145187601958,0.00549725137431284,0.0235459193480183,FALSE,"Astro"
"C1QB",0.0220571892537852,NA,0.746329526916803,0.00549725137431284,0.0235459193480183,FALSE,"Astro"
"HAVCR1",0.0219893286351182,NA,0.745513866231648,0.00899550224887556,0.0285479022146958,FALSE,"Astro"
"CLDN3",0.021982792864641,NA,0.744698205546493,0.00599700149925037,0.0243255855515951,FALSE,"Astro"
"NDP",0.0219624799248032,NA,0.743882544861338,0.00499750124937531,0.0231891629942604,FALSE,"Astro"
"PSAP",0.0219381022811146,NA,0.743066884176183,0.0134932533733133,0.0343643147241348,FALSE,"Astro"
"SPN",0.0219048649917081,NA,0.742251223491028,0.00549725137431284,0.0235459193480183,FALSE,"Astro"
"FCN1",0.0218823091623914,NA,0.741435562805873,0.00449775112443778,0.0229572713643178,FALSE,"Astro"
"COL4A2",0.0218127667697083,NA,0.740619902120718,0.00449775112443778,0.0229572713643178,TRUE,"Astro"
"CCL24",0.0218023141724687,NA,0.739804241435563,0.00549725137431284,0.0235459193480183,FALSE,"Astro"
"TPSAB1",0.0217921427718156,NA,0.738988580750408,0.00949525237381309,0.0289345377062712,FALSE,"Astro"
"SEMA6A",0.0217880497677727,NA,0.738172920065253,0.00499750124937531,0.0231891629942604,FALSE,"Astro"
"COL6A5",0.0217136859408745,NA,0.737357259380098,0.00699650174912544,0.0261302275691423,FALSE,"Astro"
"FGF10",0.0216922066584379,NA,0.736541598694943,0.00849575212393803,0.0279766030963013,FALSE,"Astro"
"FGF22",0.0216747870784817,NA,0.735725938009788,0.00599700149925037,0.0243255855515951,FALSE,"Astro"
"PRSS3",0.0216701474358,NA,0.734910277324633,0.0104947526236882,0.0303209244434387,FALSE,"Astro"
"CRISP2",0.0216672830904868,NA,0.734094616639478,0.00549725137431284,0.0235459193480183,FALSE,"Astro"
"ZPBP2",0.0216120200025245,NA,0.733278955954323,0.00549725137431284,0.0235459193480183,FALSE,"Astro"
"IL1A",0.0215890014186902,NA,0.732463295269168,0.0149925037481259,0.0355238241614203,FALSE,"Astro"
"ITGAM",0.0215714879864172,NA,0.731647634584013,0.0104947526236882,0.0303209244434387,FALSE,"Astro"
"CALR",0.0215590435461536,NA,0.730831973898858,0.0109945027486257,0.0314679109043609,FALSE,"Astro"
"CA12",0.0215455893248752,NA,0.730016313213703,0.00699650174912544,0.0261302275691423,FALSE,"Astro"
"CXCL11",0.0215241830368991,NA,0.729200652528548,0.0079960019990005,0.0272844079353081,FALSE,"Astro"
"CXCL16",0.0215173166135038,NA,0.728384991843393,0.0149925037481259,0.0355238241614203,FALSE,"Astro"
"FGF16",0.0214974748870179,NA,0.727569331158238,0.00749625187406297,0.0266171262194989,FALSE,"Astro"
"UCN2",0.0214855639975133,NA,0.726753670473083,0.00599700149925037,0.0243255855515951,FALSE,"Astro"
"AMELY",0.0214791584633869,NA,0.725938009787928,0.00899550224887556,0.0285479022146958,FALSE,"Astro"
"AHSG",0.0214354209580958,NA,0.725122349102773,0.0079960019990005,0.0272844079353081,FALSE,"Astro"
"EFNB3",0.0214273990162167,NA,0.724306688417618,0.00649675162418791,0.0252651452051752,FALSE,"Astro"
"DKK3",0.0214267567088021,NA,0.723491027732463,0.00349825087456272,0.0217530828494382,FALSE,"Astro"
"ITGA9",0.021410396806815,NA,0.722675367047308,0.00649675162418791,0.0252651452051752,FALSE,"Astro"
"BTNL9",0.0214091786173558,NA,0.721859706362153,0.00599700149925037,0.0243255855515951,FALSE,"Astro"
"LRRC4",0.0214019975593167,NA,0.721044045676998,0.0079960019990005,0.0272844079353081,FALSE,"Astro"
"TPSB2",0.0213918899997004,NA,0.720228384991843,0.00599700149925037,0.0243255855515951,FALSE,"Astro"
"CD300LF",0.0213829230312927,NA,0.719412724306688,0.00649675162418791,0.0252651452051752,FALSE,"Astro"
"INSL5",0.021381068386713,NA,0.718597063621533,0.015992003998001,0.0362781572176874,FALSE,"Astro"
"TIMD4",0.0213802616046208,NA,0.717781402936378,0.00749625187406297,0.0266171262194989,FALSE,"Astro"
"TNC",0.0213779110962427,NA,0.716965742251223,0.0264867566216892,0.0476450467864453,TRUE,"Astro"
"ADAM28",0.0213622509370619,NA,0.716150081566069,0.00749625187406297,0.0266171262194989,FALSE,"Astro"
"HLA-A",0.0213609794890799,NA,0.715334420880914,0.00499750124937531,0.0231891629942604,FALSE,"Astro"
"COMP",0.0213495028480875,NA,0.714518760195759,0.00899550224887556,0.0285479022146958,FALSE,"Astro"
"LCN2",0.0213366133177945,NA,0.713703099510604,0.0169915042478761,0.0377760303151509,FALSE,"Astro"
"NECTIN1",0.0213309060926248,NA,0.712887438825449,0.00549725137431284,0.0235459193480183,FALSE,"Astro"
"TSPAN33",0.0213293581219637,NA,0.712071778140294,0.00599700149925037,0.0243255855515951,FALSE,"Astro"
"FGF9",0.0213270954010741,NA,0.711256117455139,0.00899550224887556,0.0285479022146958,FALSE,"Astro"
"HGF",0.0213162184455038,NA,0.710440456769984,0.0169915042478761,0.0377760303151509,FALSE,"Astro"
"ENPP1",0.021309322793835,NA,0.709624796084829,0.00649675162418791,0.0252651452051752,FALSE,"Astro"
"CTSG",0.0212902396848603,NA,0.708809135399674,0.0134932533733133,0.0343643147241348,FALSE,"Astro"
"DHH",0.0212874251363823,NA,0.707993474714519,0.00749625187406297,0.0266171262194989,FALSE,"Astro"
"TMEM190",0.0212491466577019,NA,0.707177814029364,0.00599700149925037,0.0243255855515951,FALSE,"Astro"
"GPC3",0.0212319015901239,NA,0.706362153344209,0.00849575212393803,0.0279766030963013,FALSE,"Astro"
"CHAD",0.0212255028452461,NA,0.705546492659054,0.0104947526236882,0.0303209244434387,FALSE,"Astro"
"UCN",0.0211962074410277,NA,0.704730831973899,0.00899550224887556,0.0285479022146958,FALSE,"Astro"
"FGA",0.0211853254569474,NA,0.703915171288744,0.00749625187406297,0.0266171262194989,FALSE,"Astro"
"RETN",0.0211487865491939,NA,0.703099510603589,0.0079960019990005,0.0272844079353081,FALSE,"Astro"
"IAPP",0.0211405048594936,NA,0.702283849918434,0.00949525237381309,0.0289345377062712,FALSE,"Astro"
"ANGPTL2",0.0211336191238356,NA,0.701468189233279,0.0154922538730635,0.0355393464316531,FALSE,"Astro"
"LRFN3",0.0211217028918863,NA,0.700652528548124,0.00699650174912544,0.0261302275691423,FALSE,"Astro"
"L1CAM",0.021108150970586,NA,0.699836867862969,0.00599700149925037,0.0243255855515951,FALSE,"Astro"
"HSPG2",0.0211068646743513,NA,0.699021207177814,0.00749625187406297,0.0266171262194989,FALSE,"Astro"
"APOO",0.0210780940551154,NA,0.698205546492659,0.00549725137431284,0.0235459193480183,FALSE,"Astro"
"CD44",0.0210612606613456,NA,0.697389885807504,0.0179910044977511,0.0389381281090903,FALSE,"Astro"
"RSPO3",0.021036329798876,NA,0.696574225122349,0.0079960019990005,0.0272844079353081,FALSE,"Astro"
"RSPO2",0.0210266721222386,NA,0.695758564437194,0.00899550224887556,0.0285479022146958,FALSE,"Astro"
"C3",0.0210250944367987,NA,0.694942903752039,0.0114942528735632,0.0315705376011546,FALSE,"Astro"
"ARF1",0.0210231714411906,NA,0.694127243066884,0.00699650174912544,0.0261302275691423,FALSE,"Astro"
"CCL21",0.0210094489145433,NA,0.693311582381729,0.0179910044977511,0.0389381281090903,FALSE,"Astro"
"CD55",0.0210004524258062,NA,0.692495921696574,0.00999500249875063,0.0295033206288422,FALSE,"Astro"
"CLDN11",0.0209876381715219,NA,0.691680261011419,0.00749625187406297,0.0266171262194989,FALSE,"Astro"
"LCN1",0.0209707704231016,NA,0.690864600326264,0.00649675162418791,0.0252651452051752,FALSE,"Astro"
"WNT1",0.0209692635059728,NA,0.690048939641109,0.0114942528735632,0.0315705376011546,FALSE,"Astro"
"PDCD1LG2",0.020964539654104,NA,0.689233278955954,0.0079960019990005,0.0272844079353081,FALSE,"Astro"
"LIPC",0.0209623597273266,NA,0.688417618270799,0.0079960019990005,0.0272844079353081,FALSE,"Astro"
"IFNK",0.0209554682431672,NA,0.687601957585644,0.00499750124937531,0.0231891629942604,FALSE,"Astro"
"CLMP",0.0209454446532693,NA,0.686786296900489,0.00749625187406297,0.0266171262194989,FALSE,"Astro"
"FST",0.0209328395798311,NA,0.685970636215334,0.0119940029985007,0.0322915465344251,FALSE,"Astro"
"SI",0.0209139229989476,NA,0.685154975530179,0.0104947526236882,0.0303209244434387,FALSE,"Astro"
"CXCL12",0.0208880290229551,NA,0.684339314845024,0.0134932533733133,0.0343643147241348,FALSE,"Astro"
"BMP7",0.0208509546218543,NA,0.683523654159869,0.0139930034982509,0.0347696334388587,FALSE,"Astro"
"KLK3",0.0208399277470799,NA,0.682707993474715,0.00749625187406297,0.0266171262194989,FALSE,"Astro"
"GJB6",0.0208023544429714,NA,0.68189233278956,0.00399800099950025,0.0226738482610547,FALSE,"Astro"
"THBS4",0.020780919352678,NA,0.681076672104405,0.00749625187406297,0.0266171262194989,FALSE,"Astro"
"PTGS2",0.0207730573901157,NA,0.68026101141925,0.00649675162418791,0.0252651452051752,FALSE,"Astro"
"COL21A1",0.0207696152284764,NA,0.679445350734095,0.00849575212393803,0.0279766030963013,TRUE,"Astro"
"SEMA3F",0.020755210031256,NA,0.67862969004894,0.00749625187406297,0.0266171262194989,FALSE,"Astro"
"DSCAML1",0.0207521236120622,NA,0.677814029363785,0.00949525237381309,0.0289345377062712,FALSE,"Astro"
"CCL20",0.0207481468054413,NA,0.67699836867863,0.0184907546226887,0.0390537489875752,FALSE,"Astro"
"GGT1",0.0207446649654429,NA,0.676182707993475,0.00749625187406297,0.0266171262194989,FALSE,"Astro"
"COL4A4",0.0207168424461941,NA,0.67536704730832,0.0144927536231884,0.0350862118347941,FALSE,"Astro"
"KLRA1P",0.0207065498575526,NA,0.674551386623165,0.00899550224887556,0.0285479022146958,FALSE,"Astro"
"AMBN",0.0207020068907537,NA,0.67373572593801,0.0079960019990005,0.0272844079353081,FALSE,"Astro"
"RPS19",0.0206942956459015,NA,0.672920065252855,0.0134932533733133,0.0343643147241348,FALSE,"Astro"
"AMH",0.0206915549273326,NA,0.6721044045677,0.00749625187406297,0.0266171262194989,FALSE,"Astro"
"NETO2",0.0206772380515803,NA,0.671288743882545,0.00749625187406297,0.0266171262194989,FALSE,"Astro"
"TCTN1",0.020673503129266,NA,0.67047308319739,0.00649675162418791,0.0252651452051752,FALSE,"Astro"
"KCNA1",0.0206692603433141,NA,0.669657422512235,0.00699650174912544,0.0261302275691423,FALSE,"Astro"
"LIN7A",0.0206680567877511,NA,0.66884176182708,0.00999500249875063,0.0295033206288422,FALSE,"Astro"
"HLA-DOA",0.0206295792330262,NA,0.668026101141925,0.0079960019990005,0.0272844079353081,FALSE,"Astro"
"ROBO1",0.020605772881946,NA,0.66721044045677,0.00699650174912544,0.0261302275691423,FALSE,"Astro"
"CCL11",0.0205627838179932,NA,0.666394779771615,0.0114942528735632,0.0315705376011546,FALSE,"Astro"
"MEGF10",0.0205587426805635,NA,0.66557911908646,0.00999500249875063,0.0295033206288422,FALSE,"Astro"
"SPX",0.020542041328125,NA,0.664763458401305,0.0124937531234383,0.0334166977646548,FALSE,"Astro"
"CD96",0.0205340275921241,NA,0.66394779771615,0.00699650174912544,0.0261302275691423,FALSE,"Astro"
"EMC1",0.0205308824655927,NA,0.663132137030995,0.00749625187406297,0.0266171262194989,FALSE,"Astro"
"TMPRSS6",0.0205265748475107,NA,0.66231647634584,0.00649675162418791,0.0252651452051752,FALSE,"Astro"
"HCRT",0.0205165635836191,NA,0.661500815660685,0.00849575212393803,0.0279766030963013,FALSE,"Astro"
"SERPINF1",0.0204993318942885,NA,0.66068515497553,0.0139930034982509,0.0347696334388587,FALSE,"Astro"
"COL18A1",0.020496906029563,NA,0.659869494290375,0.0079960019990005,0.0272844079353081,FALSE,"Astro"
"CTHRC1",0.0204847683886791,NA,0.65905383360522,0.00599700149925037,0.0243255855515951,FALSE,"Astro"
"ITGB1",0.0204220748449707,NA,0.658238172920065,0.0154922538730635,0.0355393464316531,FALSE,"Astro"
"APOB",0.0203950619598415,NA,0.65742251223491,0.0119940029985007,0.0322915465344251,FALSE,"Astro"
"CD22",0.0203914485334383,NA,0.656606851549755,0.00949525237381309,0.0289345377062712,FALSE,"Astro"
"PRND",0.0203864203650655,NA,0.6557911908646,0.00699650174912544,0.0261302275691423,FALSE,"Astro"
"PLEKHO2",0.0203780811122947,NA,0.654975530179445,0.0079960019990005,0.0272844079353081,FALSE,"Astro"
"MST1",0.0203599808045786,NA,0.65415986949429,0.0124937531234383,0.0334166977646548,FALSE,"Astro"
"EFNB1",0.0203336180924861,NA,0.653344208809135,0.00949525237381309,0.0289345377062712,FALSE,"Astro"
"LAIR2",0.0203055459641192,NA,0.65252854812398,0.00749625187406297,0.0266171262194989,FALSE,"Astro"
"IFNL1",0.0202977294543054,NA,0.651712887438825,0.0184907546226887,0.0390537489875752,FALSE,"Astro"
"GAST",0.0202809119598983,NA,0.65089722675367,0.0224887556221889,0.0436588361920466,FALSE,"Astro"
"CXCL6",0.0202801902328553,NA,0.650081566068516,0.0254872563718141,0.0466694903669242,FALSE,"Astro"
"SLITRK5",0.020265905699562,NA,0.64926590538336,0.00849575212393803,0.0279766030963013,FALSE,"Astro"
"COPA",0.0201913619545205,NA,0.648450244698206,0.0164917541229385,0.0370007304040288,FALSE,"Astro"
"ANPEP",0.0201642543287731,NA,0.647634584013051,0.0149925037481259,0.0355238241614203,FALSE,"Astro"
"LYPD6",0.0201551667446896,NA,0.646818923327896,0.0079960019990005,0.0272844079353081,FALSE,"Astro"
"LUM",0.0201381556494587,NA,0.646003262642741,0.00949525237381309,0.0289345377062712,FALSE,"Astro"
"XCL2",0.0201353703826399,NA,0.645187601957586,0.00949525237381309,0.0289345377062712,FALSE,"Astro"
"NAMPT",0.0201249533954917,NA,0.644371941272431,0.0114942528735632,0.0315705376011546,FALSE,"Astro"
"BTNL8",0.0200957509882133,NA,0.643556280587276,0.00999500249875063,0.0295033206288422,FALSE,"Astro"
"ILDR2",0.0200894924021511,NA,0.642740619902121,0.00849575212393803,0.0279766030963013,FALSE,"Astro"
"SDC4",0.0200474389826629,NA,0.641924959216966,0.00899550224887556,0.0285479022146958,FALSE,"Astro"
"CORT",0.0200471102526905,NA,0.641109298531811,0.0184907546226887,0.0390537489875752,FALSE,"Astro"
"FGF6",0.020046054400124,NA,0.640293637846656,0.00899550224887556,0.0285479022146958,FALSE,"Astro"
"SIGLEC14",0.0200210861996715,NA,0.639477977161501,0.00949525237381309,0.0289345377062712,FALSE,"Astro"
"ALOX5AP",0.0200004307483075,NA,0.638662316476346,0.00899550224887556,0.0285479022146958,FALSE,"Astro"
"CGB3",0.0199470396172177,NA,0.637846655791191,0.0144927536231884,0.0350862118347941,FALSE,"Astro"
"C1QTNF5",0.0199417678421887,NA,0.637030995106036,0.00899550224887556,0.0285479022146958,FALSE,"Astro"
"SEMA7A",0.0199384979284664,NA,0.636215334420881,0.0104947526236882,0.0303209244434387,FALSE,"Astro"
"NTM",0.0198625705614943,NA,0.635399673735726,0.00949525237381309,0.0289345377062712,FALSE,"Astro"
"CCL2",0.019831822265916,NA,0.634584013050571,0.0134932533733133,0.0343643147241348,FALSE,"Astro"
"EDN2",0.019805783445375,NA,0.633768352365416,0.0129935032483758,0.0341567413718034,FALSE,"Astro"
"FAM200A",0.0198033328231271,NA,0.632952691680261,0.0139930034982509,0.0347696334388587,FALSE,"Astro"
"VCAN",0.0197951818214495,NA,0.632137030995106,0.00999500249875063,0.0295033206288422,FALSE,"Astro"
"SEMA3G",0.0197838257556724,NA,0.631321370309951,0.0109945027486257,0.0314679109043609,FALSE,"Astro"
"EFNA3",0.0197766033056487,NA,0.630505709624796,0.0154922538730635,0.0355393464316531,FALSE,"Astro"
"NID2",0.0197426485418012,NA,0.629690048939641,0.00899550224887556,0.0285479022146958,FALSE,"Astro"
"VCAM1",0.0197180069205158,NA,0.628874388254486,0.00899550224887556,0.0285479022146958,FALSE,"Astro"
"SEMA4B",0.019717557197318,NA,0.628058727569331,0.00999500249875063,0.0295033206288422,FALSE,"Astro"
"LGI3",0.0197054092408003,NA,0.627243066884176,0.00999500249875063,0.0295033206288422,FALSE,"Astro"
"F7",0.0197012786703895,NA,0.626427406199021,0.0154922538730635,0.0355393464316531,FALSE,"Astro"
"IL27",0.0196876999833232,NA,0.625611745513866,0.0199900049975013,0.0408129268698984,FALSE,"Astro"
"GUCA2A",0.0196874039727244,NA,0.624796084828711,0.0114942528735632,0.0315705376011546,FALSE,"Astro"
"PROC",0.0196655816517584,NA,0.623980424143556,0.0139930034982509,0.0347696334388587,FALSE,"Astro"
"IFNA6",0.0196448364804394,NA,0.623164763458401,0.00999500249875063,0.0295033206288422,FALSE,"Astro"
"REN",0.0196435739077318,NA,0.622349102773246,0.0194902548725637,0.0403303415859638,FALSE,"Astro"
"MMP25",0.0196208233946544,NA,0.621533442088091,0.00849575212393803,0.0279766030963013,FALSE,"Astro"
"EBI3",0.0196047678865414,NA,0.620717781402936,0.0114942528735632,0.0315705376011546,FALSE,"Astro"
"MMP14",0.0196001816236586,NA,0.619902120717781,0.0204897551224388,0.0414875207024587,FALSE,"Astro"
"NT5E",0.0195969043905033,NA,0.619086460032626,0.0279860069965017,0.0490455773543843,FALSE,"Astro"
"PDYN",0.0195548483275126,NA,0.618270799347471,0.0184907546226887,0.0390537489875752,FALSE,"Astro"
"CLEC2B",0.0195185245900911,NA,0.617455138662316,0.0119940029985007,0.0322915465344251,FALSE,"Astro"
"LAMC2",0.019513041291426,NA,0.616639477977161,0.00949525237381309,0.0289345377062712,FALSE,"Astro"
"EGFL8",0.0194901280757422,NA,0.615823817292007,0.00999500249875063,0.0295033206288422,FALSE,"Astro"
"VTN",0.0194811825266791,NA,0.615008156606852,0.0184907546226887,0.0390537489875752,FALSE,"Astro"
"ICAM5",0.0194760030927424,NA,0.614192495921697,0.0144927536231884,0.0350862118347941,FALSE,"Astro"
"CCL1",0.0194759299633751,NA,0.613376835236542,0.00949525237381309,0.0289345377062712,FALSE,"Astro"
"SEMA5B",0.0194728008457529,NA,0.612561174551387,0.00849575212393803,0.0279766030963013,FALSE,"Astro"
"MMP1",0.0194685670668767,NA,0.611745513866232,0.0119940029985007,0.0322915465344251,FALSE,"Astro"
"SELL",0.0194606821611981,NA,0.610929853181077,0.0424787606196902,0.062319139831282,FALSE,"Astro"
"TCN2",0.0194595579995447,NA,0.610114192495922,0.0109945027486257,0.0314679109043609,FALSE,"Astro"
"COL15A1",0.0194583756583907,NA,0.609298531810767,0.015992003998001,0.0362781572176874,FALSE,"Astro"
"LRFN1",0.0194437171921625,NA,0.608482871125612,0.00999500249875063,0.0295033206288422,FALSE,"Astro"
"IL36G",0.0194401808382958,NA,0.607667210440457,0.0139930034982509,0.0347696334388587,FALSE,"Astro"
"SOSTDC1",0.0193633313948801,NA,0.606851549755302,0.0114942528735632,0.0315705376011546,FALSE,"Astro"
"IFNA7",0.0193536302094347,NA,0.606035889070147,0.0104947526236882,0.0303209244434387,FALSE,"Astro"
"APOC2",0.019349588844165,NA,0.605220228384992,0.0119940029985007,0.0322915465344251,FALSE,"Astro"
"HLA-C",0.0193345867050181,NA,0.604404567699837,0.00999500249875063,0.0295033206288422,FALSE,"Astro"
"TIMP1",0.0193229517385752,NA,0.603588907014682,0.0304847576211894,0.0516512145033984,FALSE,"Astro"
"MELTF",0.019306889594559,NA,0.602773246329527,0.0184907546226887,0.0390537489875752,FALSE,"Astro"
"CLDN2",0.0192931005870773,NA,0.601957585644372,0.0119940029985007,0.0322915465344251,FALSE,"Astro"
"SCT",0.0192924979702375,NA,0.601141924959217,0.0179910044977511,0.0389381281090903,FALSE,"Astro"
"WNT3",0.0192589047163365,NA,0.600326264274062,0.024487756121939,0.0456582971832197,FALSE,"Astro"
"FN1",0.0192289142068132,NA,0.599510603588907,0.0209895052473763,0.0421510556197311,FALSE,"Astro"
"CCL16",0.0192239051032376,NA,0.598694942903752,0.0174912543728136,0.0383305663804949,FALSE,"Astro"
"LGALS3BP",0.0192045488832102,NA,0.597879282218597,0.0179910044977511,0.0389381281090903,FALSE,"Astro"
"KL",0.0192025779398101,NA,0.597063621533442,0.0139930034982509,0.0347696334388587,FALSE,"Astro"
"LIPH",0.0191860409860295,NA,0.596247960848287,0.0104947526236882,0.0303209244434387,FALSE,"Astro"
"FGB",0.0191843042520517,NA,0.595432300163132,0.0104947526236882,0.0303209244434387,FALSE,"Astro"
"SIRPB2",0.0191814362672798,NA,0.594616639477977,0.0154922538730635,0.0355393464316531,FALSE,"Astro"
"IGFBP3",0.0191601499624275,NA,0.593800978792822,0.0144927536231884,0.0350862118347941,FALSE,"Astro"
"AGRP",0.0191483582380961,NA,0.592985318107667,0.0154922538730635,0.0355393464316531,FALSE,"Astro"
"BMP6",0.0191409878058947,NA,0.592169657422512,0.0269865067466267,0.0481200447811029,FALSE,"Astro"
"SCGB3A2",0.0191331724042376,NA,0.591353996737357,0.0109945027486257,0.0314679109043609,FALSE,"Astro"
"SIRPA",0.0191257934055449,NA,0.590538336052202,0.00949525237381309,0.0289345377062712,FALSE,"Astro"
"F5",0.0191193003546691,NA,0.589722675367047,0.00949525237381309,0.0289345377062712,FALSE,"Astro"
"CORIN",0.0191168494177385,NA,0.588907014681892,0.00999500249875063,0.0295033206288422,FALSE,"Astro"
"UCN3",0.0191045808356342,NA,0.588091353996737,0.0214892553723138,0.0425272016657261,FALSE,"Astro"
"MXRA5",0.0190881985287122,NA,0.587275693311582,0.0139930034982509,0.0347696334388587,FALSE,"Astro"
"FCAR",0.0190678379961367,NA,0.586460032626427,0.0189905047476262,0.0395635515575546,FALSE,"Astro"
"MPZ",0.0190620242396125,NA,0.585644371941272,0.0119940029985007,0.0322915465344251,FALSE,"Astro"
"RSPO4",0.0190595209544958,NA,0.584828711256117,0.0119940029985007,0.0322915465344251,FALSE,"Astro"
"PROS1",0.0190535431070824,NA,0.584013050570963,0.0184907546226887,0.0390537489875752,FALSE,"Astro"
"IFNA14",0.0190038848877996,NA,0.583197389885807,0.0129935032483758,0.0341567413718034,FALSE,"Astro"
"ENAM",0.0189986116577478,NA,0.582381729200653,0.0114942528735632,0.0315705376011546,FALSE,"Astro"
"SLITRK1",0.0189911592577827,NA,0.581566068515498,0.0124937531234383,0.0334166977646548,FALSE,"Astro"
"CDH3",0.0189750781473193,NA,0.580750407830343,0.0134932533733133,0.0343643147241348,FALSE,"Astro"
"COL4A5",0.0189728478945016,NA,0.579934747145188,0.0134932533733133,0.0343643147241348,FALSE,"Astro"
"NLGN2",0.0189391615219027,NA,0.579119086460033,0.0134932533733133,0.0343643147241348,FALSE,"Astro"
"SEMA3A",0.0189231218221561,NA,0.578303425774878,0.0104947526236882,0.0303209244434387,FALSE,"Astro"
"MANSC1",0.0189099214937054,NA,0.577487765089723,0.0114942528735632,0.0315705376011546,FALSE,"Astro"
"PRSS1",0.0189051587466015,NA,0.576672104404568,0.0114942528735632,0.0315705376011546,FALSE,"Astro"
"NPPB",0.0189049564495728,NA,0.575856443719413,0.00949525237381309,0.0289345377062712,FALSE,"Astro"
"WIF1",0.0188913738770366,NA,0.575040783034258,0.0229885057471264,0.0444880245501262,FALSE,"Astro"
"COL9A2",0.0188886736934407,NA,0.574225122349103,0.0184907546226887,0.0390537489875752,FALSE,"Astro"
"POMZP3",0.0188865016647458,NA,0.573409461663948,0.0139930034982509,0.0347696334388587,FALSE,"Astro"
"LAMB1",0.0188697387531496,NA,0.572593800978793,0.0214892553723138,0.0425272016657261,FALSE,"Astro"
"FGF14",0.0188596614019853,NA,0.571778140293638,0.0114942528735632,0.0315705376011546,FALSE,"Astro"
"MSMP",0.0188504098552582,NA,0.570962479608483,0.0174912543728136,0.0383305663804949,FALSE,"Astro"
"CD48",0.0188381324127861,NA,0.570146818923328,0.0284857571214393,0.049637343490417,FALSE,"Astro"
"PCDHA2",0.0188301472309154,NA,0.569331158238173,0.0154922538730635,0.0355393464316531,FALSE,"Astro"
"VSIG4",0.0188164355536346,NA,0.568515497553018,0.0114942528735632,0.0315705376011546,FALSE,"Astro"
"TGFB3",0.0188060129222395,NA,0.567699836867863,0.0164917541229385,0.0370007304040288,FALSE,"Astro"
"SDC2",0.0188051935361826,NA,0.566884176182708,0.0134932533733133,0.0343643147241348,FALSE,"Astro"
"LILRB2",0.0187976228893831,NA,0.566068515497553,0.00949525237381309,0.0289345377062712,FALSE,"Astro"
"MCAM",0.0187972598431796,NA,0.565252854812398,0.0139930034982509,0.0347696334388587,FALSE,"Astro"
"CD160",0.0187854286938511,NA,0.564437194127243,0.0184907546226887,0.0390537489875752,FALSE,"Astro"
"VTCN1",0.0187553962494824,NA,0.563621533442088,0.0129935032483758,0.0341567413718034,FALSE,"Astro"
"SERPINA5",0.0187464955847504,NA,0.562805872756933,0.0139930034982509,0.0347696334388587,FALSE,"Astro"
"CGA",0.0187408724540535,NA,0.561990212071778,0.0144927536231884,0.0350862118347941,FALSE,"Astro"
"CD82",0.0187400496383806,NA,0.561174551386623,0.0169915042478761,0.0377760303151509,FALSE,"Astro"
"SARAF",0.0187350508391639,NA,0.560358890701468,0.0114942528735632,0.0315705376011546,FALSE,"Astro"
"PLG",0.0187158836126581,NA,0.559543230016313,0.0354822588705647,0.0555118353977545,FALSE,"Astro"
"CD47",0.0187041523104705,NA,0.558727569331158,0.0189905047476262,0.0395635515575546,FALSE,"Astro"
"FSTL5",0.0186968341830024,NA,0.557911908646003,0.0114942528735632,0.0315705376011546,FALSE,"Astro"
"CDH13",0.0186909239092711,NA,0.557096247960848,0.0144927536231884,0.0350862118347941,FALSE,"Astro"
"IFNA5",0.0186689384276164,NA,0.556280587275693,0.0139930034982509,0.0347696334388587,FALSE,"Astro"
"PCDHA6",0.0186357580816872,NA,0.555464926590538,0.0174912543728136,0.0383305663804949,FALSE,"Astro"
"WNT8A",0.0186315186742349,NA,0.554649265905383,0.0274862568715642,0.0486570298665696,FALSE,"Astro"
"ADAM7",0.0186255949813745,NA,0.553833605220228,0.0154922538730635,0.0355393464316531,FALSE,"Astro"
"NRG2",0.0186087278117234,NA,0.553017944535073,0.0209895052473763,0.0421510556197311,FALSE,"Astro"
"OBP2A",0.0186036186138336,NA,0.552202283849918,0.0129935032483758,0.0341567413718034,FALSE,"Astro"
"EREG",0.0185926243198782,NA,0.551386623164764,0.0239880059970015,0.0453476965221093,FALSE,"Astro"
"LPA",0.0185821390783902,NA,0.550570962479608,0.031984007996002,0.0528750469569534,FALSE,"Astro"
"LRRC52",0.0185772239225069,NA,0.549755301794454,0.0114942528735632,0.0315705376011546,FALSE,"Astro"
"NYX",0.0185533262860338,NA,0.548939641109298,0.0129935032483758,0.0341567413718034,FALSE,"Astro"
"CTSD",0.0185401842005968,NA,0.548123980424144,0.015992003998001,0.0362781572176874,FALSE,"Astro"
"PLA2G2A",0.0185345676766743,NA,0.547308319738989,0.0174912543728136,0.0383305663804949,FALSE,"Astro"
"SLIT3",0.018527659975129,NA,0.546492659053834,0.0139930034982509,0.0347696334388587,FALSE,"Astro"
"LPL",0.0185196233882934,NA,0.545676998368679,0.0214892553723138,0.0425272016657261,FALSE,"Astro"
"IFNL4",0.0185182728656095,NA,0.544861337683524,0.0149925037481259,0.0355238241614203,FALSE,"Astro"
"MIA",0.0185164852469194,NA,0.544045676998369,0.0154922538730635,0.0355393464316531,FALSE,"Astro"
"CLEC2A",0.0185056039576229,NA,0.543230016313214,0.0169915042478761,0.0377760303151509,FALSE,"Astro"
"ARMH4",0.0184817232181502,NA,0.542414355628059,0.0129935032483758,0.0341567413718034,FALSE,"Astro"
"BTLA",0.0184801831941016,NA,0.541598694942904,0.0129935032483758,0.0341567413718034,FALSE,"Astro"
"C1QTNF1",0.0184797176423527,NA,0.540783034257749,0.0134932533733133,0.0343643147241348,FALSE,"Astro"
"PSG7",0.0184662880143755,NA,0.539967373572594,0.0114942528735632,0.0315705376011546,FALSE,"Astro"
"PTH",0.0184551208982156,NA,0.539151712887439,0.0334832583708146,0.0535469862979737,FALSE,"Astro"
"LGI1",0.0184123919408993,NA,0.538336052202284,0.0154922538730635,0.0355393464316531,FALSE,"Astro"
"LRRTM3",0.0184057130937002,NA,0.537520391517129,0.0144927536231884,0.0350862118347941,FALSE,"Astro"
"ADCYAP1",0.0183856623692414,NA,0.536704730831974,0.0329835082458771,0.053445499472486,FALSE,"Astro"
"ERFE",0.0183782123007893,NA,0.535889070146819,0.0144927536231884,0.0350862118347941,FALSE,"Astro"
"LRFN5",0.0183707793151472,NA,0.535073409461664,0.0144927536231884,0.0350862118347941,FALSE,"Astro"
"ICAM3",0.0183425891823975,NA,0.534257748776509,0.0149925037481259,0.0355238241614203,FALSE,"Astro"
"TSPAN3",0.0183422590535205,NA,0.533442088091354,0.0144927536231884,0.0350862118347941,FALSE,"Astro"
"IFNA13",0.0183399960092286,NA,0.532626427406199,0.0254872563718141,0.0466694903669242,FALSE,"Astro"
"GSTP1",0.0183305971039466,NA,0.531810766721044,0.0144927536231884,0.0350862118347941,FALSE,"Astro"
"PRLH",0.0183161729351849,NA,0.530995106035889,0.0144927536231884,0.0350862118347941,FALSE,"Astro"
"TGOLN2",0.0183088726089071,NA,0.530179445350734,0.0129935032483758,0.0341567413718034,FALSE,"Astro"
"NTS",0.0183034230836663,NA,0.529363784665579,0.0294852573713143,0.0508724510983945,FALSE,"Astro"
"CD7",0.0182625888723397,NA,0.528548123980424,0.04047976011994,0.0601063104811231,FALSE,"Astro"
"MMP12",0.0182493965157228,NA,0.527732463295269,0.0189905047476262,0.0395635515575546,FALSE,"Astro"
"BOC",0.0182466794116187,NA,0.526916802610114,0.0149925037481259,0.0355238241614203,FALSE,"Astro"
"WNT8B",0.0182331796052474,NA,0.526101141924959,0.0314842578710645,0.0524737631184408,FALSE,"Astro"
"DSC1",0.0181997623113947,NA,0.525285481239804,0.0114942528735632,0.0315705376011546,FALSE,"Astro"
"CD58",0.0181879288983134,NA,0.524469820554649,0.0154922538730635,0.0355393464316531,FALSE,"Astro"
"COL4A3",0.01818525015146,NA,0.523654159869494,0.0149925037481259,0.0355238241614203,FALSE,"Astro"
"SFRP2",0.0181773249151716,NA,0.522838499184339,0.0179910044977511,0.0389381281090903,FALSE,"Astro"
"NCR3LG1",0.0181605964783166,NA,0.522022838499184,0.0154922538730635,0.0355393464316531,FALSE,"Astro"
"NTN4",0.0181414066702009,NA,0.521207177814029,0.0154922538730635,0.0355393464316531,FALSE,"Astro"
"NRP1",0.0181315876084653,NA,0.520391517128874,0.0399800099950025,0.0597991602489354,FALSE,"Astro"
"MUC7",0.0181274428122875,NA,0.519575856443719,0.0174912543728136,0.0383305663804949,FALSE,"Astro"
"AZGP1",0.0181245529891865,NA,0.518760195758564,0.0134932533733133,0.0343643147241348,TRUE,"Astro"
"FGF5",0.0180768249946614,NA,0.517944535073409,0.0154922538730635,0.0355393464316531,FALSE,"Astro"
"GDF10",0.018042794811973,NA,0.517128874388255,0.0224887556221889,0.0436588361920466,FALSE,"Astro"
"SEMA6C",0.0180359537646252,NA,0.516313213703099,0.0164917541229385,0.0370007304040288,FALSE,"Astro"
"CXADR",0.0180179096991447,NA,0.515497553017945,0.0239880059970015,0.0453476965221093,FALSE,"Astro"
"PZP",0.0179930046660093,NA,0.51468189233279,0.0134932533733133,0.0343643147241348,FALSE,"Astro"
"CEACAM7",0.0179737984649313,NA,0.513866231647635,0.0154922538730635,0.0355393464316531,FALSE,"Astro"
"ADAM23",0.017967538590957,NA,0.51305057096248,0.0209895052473763,0.0421510556197311,FALSE,"Astro"
"KIRREL1",0.017965581341639,NA,0.512234910277325,0.0134932533733133,0.0343643147241348,FALSE,"Astro"
"HSP90B1",0.0179651495327679,NA,0.51141924959217,0.0269865067466267,0.0481200447811029,FALSE,"Astro"
"DSPP",0.0179598333515776,NA,0.510603588907015,0.0324837581209395,0.0529861567219054,FALSE,"Astro"
"WNT9A",0.0179536723806635,NA,0.50978792822186,0.031984007996002,0.0528750469569534,FALSE,"Astro"
"WNT2",0.0179459028863449,NA,0.508972267536705,0.0324837581209395,0.0529861567219054,FALSE,"Astro"
"GAL",0.0179388871291217,NA,0.50815660685155,0.0339830084957521,0.0539937553920835,FALSE,"Astro"
"EZR",0.0179238471406094,NA,0.507340946166395,0.024487756121939,0.0456582971832197,FALSE,"Astro"
"CD209",0.017914314363831,NA,0.50652528548124,0.0194902548725637,0.0403303415859638,FALSE,"Astro"
"GC",0.0179068165889622,NA,0.505709624796085,0.0134932533733133,0.0343643147241348,FALSE,"Astro"
"CD72",0.0178999499410042,NA,0.50489396411093,0.0174912543728136,0.0383305663804949,FALSE,"Astro"
"IMPG2",0.0178972884390793,NA,0.504078303425775,0.0189905047476262,0.0395635515575546,FALSE,"Astro"
"WNT10A",0.0178877274960534,NA,0.50326264274062,0.0314842578710645,0.0524737631184408,FALSE,"Astro"
"TCTN3",0.0178620880629459,NA,0.502446982055465,0.0149925037481259,0.0355238241614203,FALSE,"Astro"
"CP",0.0178531382176001,NA,0.50163132137031,0.024487756121939,0.0456582971832197,FALSE,"Astro"
"FASLG",0.0178292076738667,NA,0.500815660685155,0.0334832583708146,0.0535469862979737,FALSE,"Astro"
"CALM3",0.017818306778178,NA,0.5,0.0279860069965017,0.0490455773543843,FALSE,"Astro"
"WNT7A",0.0178128004897791,NA,0.499184339314845,0.031984007996002,0.0528750469569534,FALSE,"Astro"
"DRAXIN",0.0178117781660623,NA,0.49836867862969,0.015992003998001,0.0362781572176874,FALSE,"Astro"
"LEAP2",0.0178012185100505,NA,0.497553017944535,0.0199900049975013,0.0408129268698984,FALSE,"Astro"
"CEACAM8",0.0178006848366663,NA,0.49673735725938,0.024487756121939,0.0456582971832197,FALSE,"Astro"
"UTS2B",0.0177794366815878,NA,0.495921696574225,0.0279860069965017,0.0490455773543843,FALSE,"Astro"
"CEACAM1",0.0177662316098709,NA,0.49510603588907,0.0314842578710645,0.0524737631184408,FALSE,"Astro"
"GUCY2D",0.0177168231290412,NA,0.494290375203915,0.0184907546226887,0.0390537489875752,FALSE,"Astro"
"CD300C",0.0177091233305669,NA,0.49347471451876,0.0179910044977511,0.0389381281090903,FALSE,"Astro"
"TNFSF11",0.0176979821703768,NA,0.492659053833605,0.0219890054972514,0.0432368085620111,FALSE,"Astro"
"NPPC",0.017691359374508,NA,0.49184339314845,0.0154922538730635,0.0355393464316531,FALSE,"Astro"
"LAYN",0.0176857416979042,NA,0.491027732463295,0.0154922538730635,0.0355393464316531,FALSE,"Astro"
"FLT3LG",0.0176588712923507,NA,0.49021207177814,0.0204897551224388,0.0414875207024587,FALSE,"Astro"
"SLURP1",0.0176584392242073,NA,0.489396411092985,0.0289855072463768,0.0502224135457024,FALSE,"Astro"
"UTS2",0.0176507749314416,NA,0.48858075040783,0.0384807596201899,0.0584850254773358,FALSE,"Astro"
"VIP",0.0176233633636392,NA,0.487765089722675,0.0324837581209395,0.0529861567219054,FALSE,"Astro"
"FCGR3B",0.0176205658165417,NA,0.48694942903752,0.0149925037481259,0.0355238241614203,FALSE,"Astro"
"ADAM2",0.0176183750394521,NA,0.486133768352365,0.0184907546226887,0.0390537489875752,FALSE,"Astro"
"HEBP1",0.0176165231634521,NA,0.48531810766721,0.0164917541229385,0.0370007304040288,FALSE,"Astro"
"CD24",0.0176090223063665,NA,0.484502446982055,0.0284857571214393,0.049637343490417,FALSE,"Astro"
"MPZL3",0.0175886001277443,NA,0.4836867862969,0.0189905047476262,0.0395635515575546,FALSE,"Astro"
"PLXNA2",0.0175840926941515,NA,0.482871125611745,0.0239880059970015,0.0453476965221093,FALSE,"Astro"
"CEACAM4",0.0175833329577059,NA,0.482055464926591,0.0184907546226887,0.0390537489875752,FALSE,"Astro"
"FBLN1",0.0175579723432385,NA,0.481239804241436,0.0179910044977511,0.0389381281090903,FALSE,"Astro"
"LGALS9",0.0175506546008041,NA,0.480424143556281,0.0164917541229385,0.0370007304040288,TRUE,"Astro"
"VGF",0.0175397393234991,NA,0.479608482871126,0.0174912543728136,0.0383305663804949,FALSE,"Astro"
"PLA2G10",0.0175361479039155,NA,0.478792822185971,0.0194902548725637,0.0403303415859638,FALSE,"Astro"
"IFNA4",0.0175210893331904,NA,0.477977161500816,0.0224887556221889,0.0436588361920466,FALSE,"Astro"
"CD1B",0.0175137620693825,NA,0.477161500815661,0.015992003998001,0.0362781572176874,FALSE,"Astro"
"TYROBP",0.0175089550624047,NA,0.476345840130506,0.023488255872064,0.0449579897551224,FALSE,"Astro"
"CD38",0.0174990424156389,NA,0.475530179445351,0.0259870064967516,0.0472315770897934,FALSE,"Astro"
"S100B",0.0174576775661947,NA,0.474714518760196,0.0339830084957521,0.0539937553920835,FALSE,"Astro"
"RELN",0.0174380173686428,NA,0.473898858075041,0.0359820089955022,0.0561502688146373,FALSE,"Astro"
"HLA-DRB5",0.01743338586922,NA,0.473083197389886,0.0134932533733133,0.0343643147241348,FALSE,"Astro"
"DLL4",0.017429250638942,NA,0.472267536704731,0.0249875062468766,0.0461684693098398,FALSE,"Astro"
"IFNL2",0.0174287942574861,NA,0.471451876019576,0.0214892553723138,0.0425272016657261,FALSE,"Astro"
"WNT11",0.0174262583868724,NA,0.470636215334421,0.0334832583708146,0.0535469862979737,FALSE,"Astro"
"CALM1",0.0174202539959484,NA,0.469820554649266,0.0309845077461269,0.0521373928420405,FALSE,"Astro"
"CCL14",0.0173745132865856,NA,0.469004893964111,0.0219890054972514,0.0432368085620111,FALSE,"Astro"
"F11",0.0173694965094997,NA,0.468189233278956,0.0144927536231884,0.0350862118347941,FALSE,"Astro"
"IL17A",0.0173665833228619,NA,0.467373572593801,0.0354822588705647,0.0555118353977545,FALSE,"Astro"
"MSN",0.0173604633491143,NA,0.466557911908646,0.0169915042478761,0.0377760303151509,FALSE,"Astro"
"WNT7B",0.0173561756489398,NA,0.465742251223491,0.0349825087456272,0.0548701321554332,FALSE,"Astro"
"AMELX",0.0173539981091784,NA,0.464926590538336,0.0239880059970015,0.0453476965221093,FALSE,"Astro"
"TSPAN5",0.0173315091044528,NA,0.464110929853181,0.0204897551224388,0.0414875207024587,FALSE,"Astro"
"IL36A",0.0173284801784689,NA,0.463295269168026,0.023488255872064,0.0449579897551224,FALSE,"Astro"
"LY6G6F",0.0173077264125315,NA,0.462479608482871,0.0199900049975013,0.0408129268698984,FALSE,"Astro"
"FLRT3",0.017297735223855,NA,0.461663947797716,0.0184907546226887,0.0390537489875752,FALSE,"Astro"
"IFNA10",0.017284387581419,NA,0.460848287112561,0.0299850074962519,0.0513729149411308,FALSE,"Astro"
"COL1A2",0.0172808206995966,NA,0.460032626427406,0.0199900049975013,0.0408129268698984,FALSE,"Astro"
"TSHB",0.0172711900436441,NA,0.459216965742251,0.0284857571214393,0.049637343490417,FALSE,"Astro"
"RTN4",0.0172633007270591,NA,0.458401305057096,0.0224887556221889,0.0436588361920466,FALSE,"Astro"
"ADAM20",0.0172609196258669,NA,0.457585644371941,0.0249875062468766,0.0461684693098398,FALSE,"Astro"
"WNT5B",0.0172576282236736,NA,0.456769983686786,0.0349825087456272,0.0548701321554332,FALSE,"Astro"
"HDC",0.0172487601429207,NA,0.455954323001631,0.0189905047476262,0.0395635515575546,FALSE,"Astro"
"COL4A6",0.0172419687754505,NA,0.455138662316476,0.0214892553723138,0.0425272016657261,FALSE,"Astro"
"SFTPD",0.017240761514115,NA,0.454323001631321,0.0314842578710645,0.0524737631184408,FALSE,"Astro"
"SEMA3B",0.0172282287499602,NA,0.453507340946166,0.0189905047476262,0.0395635515575546,FALSE,"Astro"
"IFNL3",0.0171977096992495,NA,0.452691680261011,0.0324837581209395,0.0529861567219054,FALSE,"Astro"
"IFNA21",0.0171882428131232,NA,0.451876019575856,0.0274862568715642,0.0486570298665696,FALSE,"Astro"
"MPIG6B",0.0171768659235478,NA,0.451060358890701,0.0184907546226887,0.0390537489875752,FALSE,"Astro"
"INHA",0.0171677038173015,NA,0.450244698205546,0.0199900049975013,0.0408129268698984,FALSE,"Astro"
"FSHB",0.0171664384379928,NA,0.449429037520392,0.0329835082458771,0.053445499472486,FALSE,"Astro"
"LRRC4B",0.0171320189834395,NA,0.448613376835237,0.023488255872064,0.0449579897551224,FALSE,"Astro"
"COL9A3",0.0171203407056416,NA,0.447797716150082,0.0304847576211894,0.0516512145033984,FALSE,"Astro"
"MFAP3L",0.0170980868630624,NA,0.446982055464927,0.0269865067466267,0.0481200447811029,FALSE,"Astro"
"VEGFD",0.0170947940094549,NA,0.446166394779772,0.0289855072463768,0.0502224135457024,FALSE,"Astro"
"TIGIT",0.0170834430371024,NA,0.445350734094617,0.0214892553723138,0.0425272016657261,FALSE,"Astro"
"LRRN2",0.0170635006764728,NA,0.444535073409462,0.0214892553723138,0.0425272016657261,FALSE,"Astro"
"SHISA4",0.0170632532465987,NA,0.443719412724307,0.0214892553723138,0.0425272016657261,FALSE,"Astro"
"S100A12",0.0170488835935452,NA,0.442903752039152,0.0269865067466267,0.0481200447811029,FALSE,"Astro"
"NPY",0.017045429358367,NA,0.442088091353997,0.0379810094952524,0.0580858135227018,FALSE,"Astro"
"NRTN",0.0170398332552265,NA,0.441272430668842,0.0239880059970015,0.0453476965221093,FALSE,"Astro"
"CD320",0.0170331036646417,NA,0.440456769983687,0.0214892553723138,0.0425272016657261,FALSE,"Astro"
"IFNA16",0.0170168563601136,NA,0.439641109298532,0.0299850074962519,0.0513729149411308,FALSE,"Astro"
"CALCB",0.0170127002922623,NA,0.438825448613377,0.0349825087456272,0.0548701321554332,FALSE,"Astro"
"IL9",0.0169936439220844,NA,0.438009787928222,0.0259870064967516,0.0472315770897934,FALSE,"Astro"
"THPO",0.0169857354635913,NA,0.437194127243067,0.0274862568715642,0.0486570298665696,FALSE,"Astro"
"C6orf15",0.0169812114078535,NA,0.436378466557912,0.0199900049975013,0.0408129268698984,FALSE,"Astro"
"CXCL9",0.016979148648628,NA,0.435562805872757,0.031984007996002,0.0528750469569534,FALSE,"Astro"
"WNT6",0.0169773546208653,NA,0.434747145187602,0.0349825087456272,0.0548701321554332,FALSE,"Astro"
"MMP2",0.0169432784634246,NA,0.433931484502447,0.0209895052473763,0.0421510556197311,FALSE,"Astro"
"COL9A1",0.016938889972368,NA,0.433115823817292,0.031984007996002,0.0528750469569534,FALSE,"Astro"
"COL4A1",0.0169343670919395,NA,0.432300163132137,0.0309845077461269,0.0521373928420405,FALSE,"Astro"
"CCN4",0.0169336482227537,NA,0.431484502446982,0.0254872563718141,0.0466694903669242,FALSE,"Astro"
"IL31",0.0169137766754796,NA,0.430668841761827,0.0224887556221889,0.0436588361920466,FALSE,"Astro"
"ICAM4",0.0169131833602396,NA,0.429853181076672,0.0199900049975013,0.0408129268698984,FALSE,"Astro"
"PDPN",0.0169003344546968,NA,0.429037520391517,0.0289855072463768,0.0502224135457024,FALSE,"Astro"
"NPVF",0.0168910583302618,NA,0.428221859706362,0.0199900049975013,0.0408129268698984,FALSE,"Astro"
"MBL2",0.0168855863669776,NA,0.427406199021207,0.0219890054972514,0.0432368085620111,FALSE,"Astro"
"PTPRM",0.0168832999873314,NA,0.426590538336052,0.0249875062468766,0.0461684693098398,FALSE,"Astro"
"SLURP2",0.0168713540541436,NA,0.425774877650897,0.023488255872064,0.0449579897551224,FALSE,"Astro"
"NECTIN4",0.0168708097460836,NA,0.424959216965742,0.0224887556221889,0.0436588361920466,FALSE,"Astro"
"CD80",0.0168667004591272,NA,0.424143556280587,0.0224887556221889,0.0436588361920466,FALSE,"Astro"
"LAMC1",0.0168604627038264,NA,0.423327895595432,0.0249875062468766,0.0461684693098398,FALSE,"Astro"
"CCL3L1",0.0168604175457336,NA,0.422512234910277,0.0299850074962519,0.0513729149411308,FALSE,"Astro"
"CCL3",0.0168302996172395,NA,0.421696574225122,0.0369815092453773,0.0569840865730657,FALSE,"Astro"
"NFASC",0.0168286057937747,NA,0.420880913539967,0.0204897551224388,0.0414875207024587,FALSE,"Astro"
"LINGO4",0.0168286057937699,NA,0.420065252854812,0.0204897551224388,0.0414875207024587,FALSE,"Astro"
"ADAM9",0.0168107975879506,NA,0.419249592169657,0.0294852573713143,0.0508724510983945,FALSE,"Astro"
"PECAM1",0.0168032967059612,NA,0.418433931484502,0.024487756121939,0.0456582971832197,FALSE,"Astro"
"APOE",0.016758865646486,NA,0.417618270799347,0.0359820089955022,0.0561502688146373,TRUE,"Astro"
"CNTN6",0.0167573791995831,NA,0.416802610114193,0.0219890054972514,0.0432368085620111,FALSE,"Astro"
"EFNA2",0.0167500411098989,NA,0.415986949429038,0.0194902548725637,0.0403303415859638,FALSE,"Astro"
"PGLYRP1",0.0167465986491096,NA,0.415171288743883,0.0239880059970015,0.0453476965221093,FALSE,"Astro"
"COL8A1",0.0167224725899449,NA,0.414355628058728,0.0264867566216892,0.0476450467864453,TRUE,"Astro"
"ICAM1",0.0167221892231553,NA,0.413539967373573,0.0264867566216892,0.0476450467864453,FALSE,"Astro"
"EFNA5",0.0167036232629478,NA,0.412724306688418,0.0264867566216892,0.0476450467864453,FALSE,"Astro"
"WNT9B",0.0167018218894798,NA,0.411908646003263,0.0374812593703148,0.0576092129593923,FALSE,"Astro"
"IL18BP",0.0166842168501519,NA,0.411092985318108,0.024487756121939,0.0456582971832197,FALSE,"Astro"
"CD244",0.0166434461182645,NA,0.410277324632953,0.0324837581209395,0.0529861567219054,FALSE,"Astro"
"PIGA",0.0166304346893559,NA,0.409461663947798,0.0289855072463768,0.0502224135457024,FALSE,"Astro"
"HLA-B",0.0166238574887303,NA,0.408646003262643,0.0209895052473763,0.0421510556197311,FALSE,"Astro"
"IFNE",0.0166174580158625,NA,0.407830342577488,0.023488255872064,0.0449579897551224,FALSE,"Astro"
"FCER2",0.0166165975817992,NA,0.407014681892333,0.0304847576211894,0.0516512145033984,FALSE,"Astro"
"NXPH2",0.0166117993760889,NA,0.406199021207178,0.0274862568715642,0.0486570298665696,FALSE,"Astro"
"COL6A1",0.0165879227782462,NA,0.405383360522023,0.0334832583708146,0.0535469862979737,FALSE,"Astro"
"GPC6",0.0165795700652583,NA,0.404567699836868,0.0259870064967516,0.0472315770897934,FALSE,"Astro"
"SFTPA1",0.0165631161824313,NA,0.403752039151713,0.0334832583708146,0.0535469862979737,FALSE,"Astro"
"FGG",0.0165608428644113,NA,0.402936378466558,0.0254872563718141,0.0466694903669242,FALSE,"Astro"
"F11R",0.0165436866876268,NA,0.402120717781403,0.0269865067466267,0.0481200447811029,FALSE,"Astro"
"ANGPT4",0.0165388263337466,NA,0.401305057096248,0.0309845077461269,0.0521373928420405,FALSE,"Astro"
"FAT4",0.0165355761431795,NA,0.400489396411093,0.0189905047476262,0.0395635515575546,FALSE,"Astro"
"LAMC3",0.0165337447585547,NA,0.399673735725938,0.0349825087456272,0.0548701321554332,FALSE,"Astro"
"RLN1",0.0165202777387036,NA,0.398858075040783,0.0254872563718141,0.0466694903669242,FALSE,"Astro"
"GUCA2B",0.0165041158785437,NA,0.398042414355628,0.031984007996002,0.0528750469569534,FALSE,"Astro"
"LEP",0.0164878963752515,NA,0.397226753670473,0.0399800099950025,0.0597991602489354,FALSE,"Astro"
"APOC3",0.0164767560160099,NA,0.396411092985318,0.0314842578710645,0.0524737631184408,FALSE,"Astro"
"CSF1",0.0164739943480804,NA,0.395595432300163,0.0329835082458771,0.053445499472486,FALSE,"Astro"
"ANGPTL1",0.0164698635162489,NA,0.394779771615008,0.023488255872064,0.0449579897551224,FALSE,"Astro"
"TNXB",0.0164611965586953,NA,0.393964110929853,0.0249875062468766,0.0461684693098398,FALSE,"Astro"
"CNTN3",0.0164215964868941,NA,0.393148450244698,0.024487756121939,0.0456582971832197,FALSE,"Astro"
"SEMA3E",0.0164135091900152,NA,0.392332789559543,0.0259870064967516,0.0472315770897934,FALSE,"Astro"
"SEMA6B",0.0164066225689493,NA,0.391517128874388,0.0264867566216892,0.0476450467864453,FALSE,"Astro"
"GNAS",0.0163949828888717,NA,0.390701468189233,0.0454772613693153,0.0649296563839292,FALSE,"Astro"
"GH1",0.0163918243279325,NA,0.389885807504078,0.0389805097451274,0.0588793149664379,FALSE,"Astro"
"CDH1",0.0163870588221646,NA,0.389070146818923,0.0389805097451274,0.0588793149664379,FALSE,"Astro"
"CXCL10",0.0163656497094708,NA,0.388254486133768,0.0259870064967516,0.0472315770897934,FALSE,"Astro"
"DMP1",0.0163480996283711,NA,0.387438825448613,0.023488255872064,0.0449579897551224,FALSE,"Astro"
"APOA5",0.0163421850759332,NA,0.386623164763458,0.0279860069965017,0.0490455773543843,FALSE,"Astro"
"COL1A1",0.0163054975668868,NA,0.385807504078303,0.0324837581209395,0.0529861567219054,FALSE,"Astro"
"CLEC3A",0.0162728463632331,NA,0.384991843393148,0.0254872563718141,0.0466694903669242,FALSE,"Astro"
"CXCL3",0.0162716551208593,NA,0.384176182707993,0.0269865067466267,0.0481200447811029,FALSE,"Astro"
"CCL3L3",0.016264836323668,NA,0.383360522022838,0.0324837581209395,0.0529861567219054,FALSE,"Astro"
"MMP26",0.0162615426801649,NA,0.382544861337684,0.0224887556221889,0.0436588361920466,FALSE,"Astro"
"LRRTM2",0.0162598148310874,NA,0.381729200652529,0.024487756121939,0.0456582971832197,FALSE,"Astro"
"WNT16",0.0162498781006771,NA,0.380913539967374,0.0414792603698151,0.0613672632282892,FALSE,"Astro"
"PI16",0.0162393058058119,NA,0.380097879282219,0.024487756121939,0.0456582971832197,FALSE,"Astro"
"PLAT",0.0162319284622809,NA,0.379282218597064,0.0519740129935032,0.0709790032519972,FALSE,"Astro"
"PCDHB3",0.0162102132966239,NA,0.378466557911909,0.0284857571214393,0.049637343490417,FALSE,"Astro"
"COL8A2",0.0161789961346223,NA,0.377650897226754,0.039480259870065,0.0592687724765068,FALSE,"Astro"
"F10",0.0161726190782588,NA,0.376835236541599,0.0294852573713143,0.0508724510983945,FALSE,"Astro"
"CCL27",0.016135040512188,NA,0.376019575856444,0.0454772613693153,0.0649296563839292,FALSE,"Astro"
"WNT3A",0.0161276802533577,NA,0.375203915171289,0.0379810094952524,0.0580858135227018,FALSE,"Astro"
"PDGFC",0.0161151732177382,NA,0.374388254486134,0.0389805097451274,0.0588793149664379,FALSE,"Astro"
"IFNA8",0.0160638982864471,NA,0.373572593800979,0.0369815092453773,0.0569840865730657,FALSE,"Astro"
"ESAM",0.0160380792985326,NA,0.372756933115824,0.0304847576211894,0.0516512145033984,FALSE,"Astro"
"RLN3",0.0160139501009594,NA,0.371941272430669,0.0239880059970015,0.0453476965221093,FALSE,"Astro"
"CSH1",0.0160046206115484,NA,0.371125611745514,0.0304847576211894,0.0516512145033984,FALSE,"Astro"
"SOST",0.0159897941457093,NA,0.370309951060359,0.0249875062468766,0.0461684693098398,FALSE,"Astro"
"GDF15",0.0159801374544644,NA,0.369494290375204,0.0339830084957521,0.0539937553920835,FALSE,"Astro"
"PRL",0.0159652043917865,NA,0.368678629690049,0.0449775112443778,0.0647443610744569,FALSE,"Astro"
"APOA2",0.0159446401829122,NA,0.367862969004894,0.0279860069965017,0.0490455773543843,FALSE,"Astro"
"CXCL17",0.0159350992277015,NA,0.367047308319739,0.0279860069965017,0.0490455773543843,FALSE,"Astro"
"SEMA3D",0.0158965728739383,NA,0.366231647634584,0.0334832583708146,0.0535469862979737,TRUE,"Astro"
"VSTM1",0.0158763068474874,NA,0.365415986949429,0.0264867566216892,0.0476450467864453,FALSE,"Astro"
"HLA-DPB1",0.0158394171466068,NA,0.364600326264274,0.0304847576211894,0.0516512145033984,FALSE,"Astro"
"HLA-E",0.015821731421005,NA,0.363784665579119,0.0324837581209395,0.0529861567219054,FALSE,"Astro"
"RSPO1",0.0158213874366624,NA,0.362969004893964,0.0309845077461269,0.0521373928420405,FALSE,"Astro"
"PRSS2",0.0158154876160844,NA,0.362153344208809,0.039480259870065,0.0592687724765068,FALSE,"Astro"
"WNT4",0.0158150572476948,NA,0.361337683523654,0.0449775112443778,0.0647443610744569,FALSE,"Astro"
"CEACAM3",0.0158126116914893,NA,0.360522022838499,0.0384807596201899,0.0584850254773358,FALSE,"Astro"
"TNFSF10",0.0157442688160138,NA,0.359706362153344,0.0544727636181909,0.072928016865884,FALSE,"Astro"
"CRHR2",0.0157404894393988,NA,0.358890701468189,0.0264867566216892,0.0476450467864453,FALSE,"Astro"
"TNFSF12",0.0157242483044308,NA,0.358075040783034,0.0389805097451274,0.0588793149664379,FALSE,"Astro"
"DEFB4A",0.0157198318742489,NA,0.357259380097879,0.0274862568715642,0.0486570298665696,FALSE,"Astro"
"COL17A1",0.0157021528961329,NA,0.356443719412724,0.0374812593703148,0.0576092129593923,FALSE,"Astro"
"EFEMP2",0.0157008546834862,NA,0.355628058727569,0.0334832583708146,0.0535469862979737,FALSE,"Astro"
"BTC",0.0156852445152646,NA,0.354812398042414,0.0434782608695652,0.0631052956933855,FALSE,"Astro"
"NECTIN2",0.0156551488623685,NA,0.353996737357259,0.04047976011994,0.0601063104811231,FALSE,"Astro"
"LRPAP1",0.0156549370533402,NA,0.353181076672104,0.0324837581209395,0.0529861567219054,FALSE,"Astro"
"SLIT1",0.0156507889271911,NA,0.352365415986949,0.0314842578710645,0.0524737631184408,FALSE,"Astro"
"PCDHA12",0.0156505783011432,NA,0.351549755301794,0.0299850074962519,0.0513729149411308,FALSE,"Astro"
"AGRN",0.0155922501208732,NA,0.350734094616639,0.04047976011994,0.0601063104811231,FALSE,"Astro"
"FGF13",0.0155889393095556,NA,0.349918433931485,0.0339830084957521,0.0539937553920835,FALSE,"Astro"
"CALM2",0.0155888431683112,NA,0.34910277324633,0.0459770114942529,0.0654144472479208,FALSE,"Astro"
"CRLF1",0.015559089772348,NA,0.348287112561175,0.0309845077461269,0.0521373928420405,FALSE,"Astro"
"NLGN4Y",0.0155224747055301,NA,0.34747145187602,0.0349825087456272,0.0548701321554332,FALSE,"Astro"
"IL19",0.0154752142242349,NA,0.346655791190865,0.0464767616191904,0.065743687047931,FALSE,"Astro"
"NTN3",0.0154742287476165,NA,0.34584013050571,0.0279860069965017,0.0490455773543843,FALSE,"Astro"
"PPBP",0.0154433421082377,NA,0.345024469820555,0.0364817591204398,0.0566415144772354,FALSE,"Astro"
"FGF1",0.0154339783913324,NA,0.3442088091354,0.0449775112443778,0.0647443610744569,FALSE,"Astro"
"PDGFA",0.0154123522067639,NA,0.343393148450245,0.0434782608695652,0.0631052956933855,FALSE,"Astro"
"C1QA",0.0154121559501323,NA,0.34257748776509,0.0339830084957521,0.0539937553920835,FALSE,"Astro"
"NPPA",0.0154027817077578,NA,0.341761827079935,0.0334832583708146,0.0535469862979737,FALSE,"Astro"
"PIP",0.0154014607205326,NA,0.34094616639478,0.0314842578710645,0.0524737631184408,FALSE,"Astro"
"PSG6",0.0153738184652464,NA,0.340130505709625,0.0329835082458771,0.053445499472486,FALSE,"Astro"
"IFNA2",0.0153360583423679,NA,0.33931484502447,0.0419790104947526,0.0617338389628715,FALSE,"Astro"
"CXCL13",0.0153310819296575,NA,0.338499184339315,0.0364817591204398,0.0566415144772354,FALSE,"Astro"
"IL36RN",0.0153250463181735,NA,0.33768352365416,0.0449775112443778,0.0647443610744569,FALSE,"Astro"
"CCL5",0.0153235070166387,NA,0.336867862969005,0.0544727636181909,0.072928016865884,FALSE,"Astro"
"CCL13",0.0153103622497872,NA,0.33605220228385,0.0499750124937531,0.0690963773192411,FALSE,"Astro"
"CPAMD8",0.0153084959432492,NA,0.335236541598695,0.0334832583708146,0.0535469862979737,FALSE,"Astro"
"B2M",0.0152907049213551,NA,0.33442088091354,0.0424787606196902,0.062319139831282,FALSE,"Astro"
"CALCA",0.0152906284374327,NA,0.333605220228385,0.0529735132433783,0.0716253352352521,FALSE,"Astro"
"CEL",0.0152821829419694,NA,0.33278955954323,0.039480259870065,0.0592687724765068,FALSE,"Astro"
"CCK",0.015253272029621,NA,0.331973898858075,0.0484757621189405,0.0677112982847231,FALSE,"Astro"
"C5",0.0152522095732507,NA,0.33115823817292,0.0809595202398801,0.0986820022824409,FALSE,"Astro"
"C4BPA",0.015230636785789,NA,0.330342577487765,0.0324837581209395,0.0529861567219054,FALSE,"Astro"
"TGFBI",0.0152087119265872,NA,0.32952691680261,0.04047976011994,0.0601063104811231,FALSE,"Astro"
"DUSP18",0.0152061840256909,NA,0.328711256117455,0.0369815092453773,0.0569840865730657,FALSE,"Astro"
"THBS2",0.0151945981119358,NA,0.3278955954323,0.0344827586206897,0.0545754254655618,FALSE,"Astro"
"TIMP3",0.0151446528058186,NA,0.327079934747145,0.0334832583708146,0.0535469862979737,FALSE,"Astro"
"BMP2",0.0151300668972369,NA,0.32626427406199,0.0419790104947526,0.0617338389628715,FALSE,"Astro"
"NEGR1",0.0151011591550426,NA,0.325448613376835,0.0349825087456272,0.0548701321554332,FALSE,"Astro"
"GH2",0.0150794548130486,NA,0.32463295269168,0.0399800099950025,0.0597991602489354,FALSE,"Astro"
"HAPLN1",0.0150517370373637,NA,0.323817292006525,0.0344827586206897,0.0545754254655618,FALSE,"Astro"
"MXRA8",0.0150311675565024,NA,0.32300163132137,0.0344827586206897,0.0545754254655618,FALSE,"Astro"
"MMP9",0.0150266455864683,NA,0.322185970636215,0.0414792603698151,0.0613672632282892,FALSE,"Astro"
"SERPINC1",0.015012384556555,NA,0.32137030995106,0.0304847576211894,0.0516512145033984,FALSE,"Astro"
"CCL4",0.0150044427930025,NA,0.320554649265905,0.0329835082458771,0.053445499472486,FALSE,"Astro"
"CD86",0.0149970676469069,NA,0.31973898858075,0.0434782608695652,0.0631052956933855,FALSE,"Astro"
"LTBP1",0.0149908449329028,NA,0.318923327895595,0.0384807596201899,0.0584850254773358,FALSE,"Astro"
"S100A9",0.0149899184128933,NA,0.31810766721044,0.04047976011994,0.0601063104811231,FALSE,"Astro"
"PTPRZ1",0.0149619373079193,NA,0.317292006525285,0.0379810094952524,0.0580858135227018,FALSE,"Astro"
"FGF12",0.0149324577647912,NA,0.316476345840131,0.039480259870065,0.0592687724765068,FALSE,"Astro"
"ADAM12",0.0149188841036224,NA,0.315660685154976,0.0419790104947526,0.0617338389628715,FALSE,"Astro"
"SIGLEC8",0.0149138761109371,NA,0.314845024469821,0.0409795102448776,0.0607746973970642,FALSE,"Astro"
"LILRB4",0.0149040933801725,NA,0.314029363784666,0.0369815092453773,0.0569840865730657,FALSE,"Astro"
"ITGB2",0.0148997252601431,NA,0.313213703099511,0.0364817591204398,0.0566415144772354,FALSE,"Astro"
"CXCL2",0.0148721227167688,NA,0.312398042414356,0.0459770114942529,0.0654144472479208,TRUE,"Astro"
"PODXL2",0.0148713355391352,NA,0.311582381729201,0.0434782608695652,0.0631052956933855,FALSE,"Astro"
"NRXN2",0.014867005253997,NA,0.310766721044046,0.0439780109945027,0.0636797440523237,FALSE,"Astro"
"CCN3",0.0148042019938376,NA,0.309951060358891,0.0429785107446277,0.0629016435629258,FALSE,"Astro"
"HLA-DRB3",0.0148036264452615,NA,0.309135399673736,0.0454772613693153,0.0649296563839292,FALSE,"Astro"
"COL5A1",0.014785941239712,NA,0.308319738988581,0.0529735132433783,0.0716253352352521,FALSE,"Astro"
"PLXNA1",0.0147806435348238,NA,0.307504078303426,0.0454772613693153,0.0649296563839292,FALSE,"Astro"
"PSG4",0.0147693629218661,NA,0.306688417618271,0.0384807596201899,0.0584850254773358,FALSE,"Astro"
"NXPH3",0.0147496822839885,NA,0.305872756933116,0.0389805097451274,0.0588793149664379,FALSE,"Astro"
"IL34",0.0147448858460498,NA,0.305057096247961,0.0434782608695652,0.0631052956933855,FALSE,"Astro"
"SYT1",0.0147412661448843,NA,0.304241435562806,0.0464767616191904,0.065743687047931,FALSE,"Astro"
"BGN",0.0147257673102138,NA,0.303425774877651,0.0494752623688156,0.0687156421789105,FALSE,"Astro"
"CDH5",0.0146539471300104,NA,0.302610114192496,0.0369815092453773,0.0569840865730657,FALSE,"Astro"
"FGF17",0.0146493150089842,NA,0.301794453507341,0.0594702648675662,0.0779155876607151,FALSE,"Astro"
"IL16",0.0146479899515648,NA,0.300978792822186,0.039480259870065,0.0592687724765068,FALSE,"Astro"
"HLA-DRB1",0.0146403919745421,NA,0.300163132137031,0.0574712643678161,0.0761105933519727,FALSE,"Astro"
"CCN6",0.0146178443571212,NA,0.299347471451876,0.0364817591204398,0.0566415144772354,FALSE,"Astro"
"WNT2B",0.0146071283785791,NA,0.298531810766721,0.0494752623688156,0.0687156421789105,FALSE,"Astro"
"F13A1",0.0145907474040692,NA,0.297716150081566,0.0369815092453773,0.0569840865730657,FALSE,"Astro"
"DEFB1",0.0145874759551841,NA,0.296900489396411,0.0379810094952524,0.0580858135227018,FALSE,"Astro"
"CEACAM20",0.0145527610467119,NA,0.296084828711256,0.0434782608695652,0.0631052956933855,FALSE,"Astro"
"IGSF3",0.0145424322664628,NA,0.295269168026101,0.0384807596201899,0.0584850254773358,FALSE,"Astro"
"VEGFB",0.0144844248082558,NA,0.294453507340946,0.0419790104947526,0.0617338389628715,FALSE,"Astro"
"SEMA4D",0.0144662738910914,NA,0.293637846655791,0.0439780109945027,0.0636797440523237,FALSE,"Astro"
"GRN",0.0144644636014146,NA,0.292822185970636,0.0519740129935032,0.0709790032519972,FALSE,"Astro"
"CD79B",0.0144132462446549,NA,0.292006525285481,0.0419790104947526,0.0617338389628715,FALSE,"Astro"
"SELP",0.0144107782256142,NA,0.291190864600326,0.0434782608695652,0.0631052956933855,FALSE,"Astro"
"IL1F10",0.0143982400639436,NA,0.290375203915171,0.0429785107446277,0.0629016435629258,FALSE,"Astro"
"TPO",0.0143981397334,NA,0.289559543230016,0.0524737631184408,0.0714226220223222,FALSE,"Astro"
"LY9",0.0143970324599551,NA,0.288743882544861,0.0584707646176912,0.0771839295869307,FALSE,"Astro"
"DSCAM",0.0143856763166725,NA,0.287928221859706,0.047976011994003,0.0673974939135937,FALSE,"Astro"
"PSPN",0.0143549567728888,NA,0.287112561174551,0.0454772613693153,0.0649296563839292,FALSE,"Astro"
"ANGPT1",0.014339175208794,NA,0.286296900489396,0.0599700149925037,0.0784026343285134,FALSE,"Astro"
"RLN2",0.0142938009027826,NA,0.285481239804241,0.0449775112443778,0.0647443610744569,FALSE,"Astro"
"PTPRC",0.0142661835380751,NA,0.284665579119086,0.047976011994003,0.0673974939135937,FALSE,"Astro"
"MMP7",0.0142659073602639,NA,0.283849918433931,0.0454772613693153,0.0649296563839292,FALSE,"Astro"
"ANGPTL5",0.0142536998112875,NA,0.283034257748776,0.0464767616191904,0.065743687047931,FALSE,"Astro"
"SCUBE2",0.0141826843736102,NA,0.282218597063622,0.0494752623688156,0.0687156421789105,FALSE,"Astro"
"AANAT",0.0141810990056487,NA,0.281402936378467,0.0484757621189405,0.0677112982847231,FALSE,"Astro"
"ZNRF3",0.0141589965164556,NA,0.280587275693312,0.0469765117441279,0.0663739641136756,FALSE,"Astro"
"IL12B",0.0141491514053463,NA,0.279771615008157,0.0519740129935032,0.0709790032519972,FALSE,"Astro"
"CCL25",0.0141414593602358,NA,0.278955954323002,0.0504747626186907,0.0696301623962793,FALSE,"Astro"
"CNTF",0.0141194878247855,NA,0.278140293637847,0.055472263868066,0.0737823270775036,FALSE,"Astro"
"GJB2",0.014082972248793,NA,0.277324632952692,0.0599700149925037,0.0784026343285134,FALSE,"Astro"
"SEMA5A",0.0140496591124381,NA,0.276508972267537,0.0464767616191904,0.065743687047931,FALSE,"Astro"
"CLDN24",0.0140110491925396,NA,0.275693311582382,0.0549725137431284,0.0733565679034121,FALSE,"Astro"
"SST",0.0140012608261366,NA,0.274877650897227,0.0494752623688156,0.0687156421789105,FALSE,"Astro"
"PRG4",0.0139751208081117,NA,0.274061990212072,0.047976011994003,0.0673974939135937,FALSE,"Astro"
"IGFBP7",0.0139729036586565,NA,0.273246329526917,0.047976011994003,0.0673974939135937,FALSE,"Astro"
"FAM3C",0.0139548332970322,NA,0.272430668841762,0.0529735132433783,0.0716253352352521,FALSE,"Astro"
"SIGLEC12",0.0139536147092985,NA,0.271615008156607,0.0484757621189405,0.0677112982847231,FALSE,"Astro"
"TRAF2",0.0139034028241937,NA,0.270799347471452,0.0524737631184408,0.0714226220223222,FALSE,"Astro"
"CD5L",0.0138720669972305,NA,0.269983686786297,0.0604697651174413,0.0788876062501231,FALSE,"Astro"
"KIR2DS5",0.0138710284934214,NA,0.269168026101142,0.0509745127436282,0.0701615484392635,FALSE,"Astro"
"DKK2",0.0138423809553883,NA,0.268352365415987,0.0484757621189405,0.0677112982847231,TRUE,"Astro"
"HMGB1",0.0138077571287357,NA,0.267536704730832,0.0579710144927536,0.076689517012552,FALSE,"Astro"
"ADAMTS3",0.0137971591314092,NA,0.266721044045677,0.0584707646176912,0.0771839295869307,FALSE,"Astro"
"IL6",0.0137931541915004,NA,0.265905383360522,0.0619690154922539,0.0799916164151855,FALSE,"Astro"
"CD226",0.0137824918494136,NA,0.265089722675367,0.0509745127436282,0.0701615484392635,FALSE,"Astro"
"GNRH2",0.0137552088926745,NA,0.264274061990212,0.04047976011994,0.0601063104811231,FALSE,"Astro"
"LGALS3",0.0137538403968961,NA,0.263458401305057,0.0624687656171914,0.0803826028162389,FALSE,"Astro"
"KISS1",0.0137481406466718,NA,0.262642740619902,0.047976011994003,0.0673974939135937,FALSE,"Astro"
"PCDHA10",0.013725363413543,NA,0.261827079934747,0.0514742628685657,0.070690551585194,FALSE,"Astro"
"PCDHA3",0.0137193352100953,NA,0.261011419249592,0.0504747626186907,0.0696301623962793,FALSE,"Astro"
"PMCH",0.0137132362174251,NA,0.260195758564437,0.0709645177411294,0.0891605479311626,FALSE,"Astro"
"GPI",0.0136984220271344,NA,0.259380097879282,0.0454772613693153,0.0649296563839292,FALSE,"Astro"
"TFF1",0.0136844671298396,NA,0.258564437194127,0.0459770114942529,0.0654144472479208,FALSE,"Astro"
"CD14",0.0136660787210305,NA,0.257748776508972,0.0614692653673163,0.0796823810317064,FALSE,"Astro"
"F9",0.0136615154282119,NA,0.256933115823817,0.0499750124937531,0.0690963773192411,FALSE,"Astro"
"ADAM10",0.0136608859091752,NA,0.256117455138662,0.0574712643678161,0.0761105933519727,FALSE,"Astro"
"RAET1E",0.013659721756161,NA,0.255301794453507,0.0524737631184408,0.0714226220223222,FALSE,"Astro"
"PCDHA5",0.0136354357223772,NA,0.254486133768352,0.0539730134932534,0.0726559797024565,FALSE,"Astro"
"THY1",0.0136275240573207,NA,0.253670473083197,0.0519740129935032,0.0709790032519972,FALSE,"Astro"
"DCHS1",0.013624861030396,NA,0.252854812398042,0.0629685157421289,0.0807711327582282,FALSE,"Astro"
"PCDHA11",0.0136246231723703,NA,0.252039151712887,0.0544727636181909,0.072928016865884,FALSE,"Astro"
"SPP1",0.0136156027004455,NA,0.251223491027732,0.0694652673663168,0.0875462474524055,FALSE,"Astro"
"NLGN4X",0.0136096681535414,NA,0.250407830342577,0.0549725137431284,0.0733565679034121,FALSE,"Astro"
"PCDHA8",0.0136072655953939,NA,0.249592169657423,0.0549725137431284,0.0733565679034121,FALSE,"Astro"
"SERPINE1",0.0136046402726017,NA,0.248776508972268,0.0529735132433783,0.0716253352352521,TRUE,"Astro"
"CEACAM21",0.0136033241480421,NA,0.247960848287113,0.0514742628685657,0.070690551585194,FALSE,"Astro"
"LGALS1",0.0135773775718361,NA,0.247145187601958,0.0624687656171914,0.0803826028162389,FALSE,"Astro"
"SORL1",0.0135641666165506,NA,0.246329526916803,0.0464767616191904,0.065743687047931,FALSE,"Astro"
"GZMB",0.0135493756746349,NA,0.245513866231648,0.0534732633683158,0.0721417925398534,FALSE,"Astro"
"C4B_2",0.0135396369950426,NA,0.244698205546493,0.0544727636181909,0.072928016865884,FALSE,"Astro"
"ICOSLG",0.0135346139509379,NA,0.243882544861338,0.0519740129935032,0.0709790032519972,FALSE,"Astro"
"S100A10",0.0135100461276168,NA,0.243066884176183,0.0539730134932534,0.0726559797024565,FALSE,"Astro"
"AVP",0.013479770723575,NA,0.242251223491028,0.0734632683658171,0.0917354778268358,FALSE,"Astro"
"CDH15",0.013450618893938,NA,0.241435562805873,0.0499750124937531,0.0690963773192411,FALSE,"Astro"
"OSTN",0.0134351664501925,NA,0.240619902120718,0.0589705147426287,0.0775927825560904,FALSE,"Astro"
"FLRT2",0.0134331568723027,NA,0.239804241435563,0.0644677661169415,0.0820925296187665,FALSE,"Astro"
"SFTPA2",0.0134240336383053,NA,0.238988580750408,0.056471764117941,0.0750302722825138,FALSE,"Astro"
"ADAM15",0.013419522247417,NA,0.238172920065253,0.0499750124937531,0.0690963773192411,FALSE,"Astro"
"PTGFRN",0.0134185031716709,NA,0.237357259380098,0.0619690154922539,0.0799916164151855,FALSE,"Astro"
"SELE",0.0134042471830481,NA,0.236541598694943,0.055472263868066,0.0737823270775036,FALSE,"Astro"
"NRXN1",0.0133884324746455,NA,0.235725938009788,0.0529735132433783,0.0716253352352521,FALSE,"Astro"
"PCDHA1",0.0133865211898561,NA,0.234910277324633,0.0569715142428786,0.0756122480471573,FALSE,"Astro"
"SERPINA1",0.013380104937611,NA,0.234094616639478,0.0534732633683158,0.0721417925398534,FALSE,"Astro"
"SEMA4A",0.0133705330517659,NA,0.233278955954323,0.0529735132433783,0.0716253352352521,FALSE,"Astro"
"IL17F",0.0133354080923196,NA,0.232463295269168,0.0494752623688156,0.0687156421789105,FALSE,"Astro"
"IFNB1",0.0133284804422377,NA,0.231647634584013,0.0619690154922539,0.0799916164151855,FALSE,"Astro"
"NUCB2",0.013286124398221,NA,0.230831973898858,0.0594702648675662,0.0779155876607151,FALSE,"Astro"
"NPHS1",0.0132432048674213,NA,0.230016313213703,0.0624687656171914,0.0803826028162389,FALSE,"Astro"
"ABCA1",0.013217791881147,NA,0.229200652528548,0.0614692653673163,0.0796823810317064,FALSE,"Astro"
"FBN1",0.01317269143669,NA,0.228384991843393,0.0614692653673163,0.0796823810317064,FALSE,"Astro"
"GCG",0.0131669088159971,NA,0.227569331158238,0.0869565217391304,0.104741139754606,FALSE,"Astro"
"OPCML",0.013143815265179,NA,0.226753670473083,0.055472263868066,0.0737823270775036,FALSE,"Astro"
"EDN1",0.0131422634236191,NA,0.225938009787928,0.0769615192403798,0.0951340676785724,FALSE,"Astro"
"LRRN1",0.0131205235836018,NA,0.225122349102773,0.0544727636181909,0.072928016865884,FALSE,"Astro"
"KIR2DS3",0.0130639694631399,NA,0.224306688417618,0.0589705147426287,0.0775927825560904,FALSE,"Astro"
"ALKAL1",0.0130550247882839,NA,0.223491027732463,0.0644677661169415,0.0820925296187665,FALSE,"Astro"
"CD28",0.0130525022632813,NA,0.222675367047308,0.0759620189905048,0.0940884461712521,FALSE,"Astro"
"PLTP",0.0130441383850739,NA,0.221859706362153,0.0669665167416292,0.0848334881163348,FALSE,"Astro"
"CFP",0.0130412528803974,NA,0.221044045676998,0.0614692653673163,0.0796823810317064,FALSE,"Astro"
"MFGE8",0.0130217907386063,NA,0.220228384991843,0.0619690154922539,0.0799916164151855,FALSE,"Astro"
"F12",0.0130110246143437,NA,0.219412724306688,0.0589705147426287,0.0775927825560904,FALSE,"Astro"
"NTN1",0.0130057021035024,NA,0.218597063621533,0.0594702648675662,0.0779155876607151,FALSE,"Astro"
"SERPINE2",0.0129539100026018,NA,0.217781402936378,0.0689655172413793,0.0870956274440099,FALSE,"Astro"
"TTR",0.0128668099666849,NA,0.216965742251224,0.0594702648675662,0.0779155876607151,FALSE,"Astro"
"HLA-DOB",0.0127941267218152,NA,0.216150081566069,0.0614692653673163,0.0796823810317064,FALSE,"Astro"
"SIRPG",0.0127549306014576,NA,0.215334420880914,0.0614692653673163,0.0796823810317064,FALSE,"Astro"
"IFNW1",0.0127467367734657,NA,0.214518760195759,0.0634682658670665,0.0812420331109263,FALSE,"Astro"
"PSEN1",0.0126654788511432,NA,0.213703099510604,0.0744627686156921,0.0927000930429094,FALSE,"Astro"
"GP1BA",0.0126517555281224,NA,0.212887438825449,0.0644677661169415,0.0820925296187665,FALSE,"Astro"
"CCL4L2",0.0126035297068392,NA,0.212071778140294,0.0484757621189405,0.0677112982847231,FALSE,"Astro"
"HLA-DMB",0.0125754792803539,NA,0.211256117455139,0.0659670164917541,0.0837405131631076,FALSE,"Astro"
"SPON1",0.0125467628382793,NA,0.210440456769984,0.0659670164917541,0.0837405131631076,TRUE,"Astro"
"TFPI",0.0125390221908752,NA,0.209624796084829,0.0634682658670665,0.0812420331109263,FALSE,"Astro"
"IFNA1",0.0125147748313564,NA,0.208809135399674,0.0909545227386307,0.108279193736465,FALSE,"Astro"
"KITLG",0.012493566148612,NA,0.207993474714519,0.0779610194902549,0.0961754772160747,TRUE,"Astro"
"BTN2A1",0.012471952858257,NA,0.207177814029364,0.0629685157421289,0.0807711327582282,FALSE,"Astro"
"ANTXR1",0.0124674644733449,NA,0.206362153344209,0.0669665167416292,0.0848334881163348,FALSE,"Astro"
"KNG1",0.0124352308005343,NA,0.205546492659054,0.063968015992004,0.0817109693328518,FALSE,"Astro"
"DEFB4B",0.012428584390466,NA,0.204730831973899,0.0674662668665667,0.0852901722513356,FALSE,"Astro"
"NTF3",0.0124193913682154,NA,0.203915171288744,0.0749625187406297,0.093038587089434,FALSE,"Astro"
"SIGLEC5",0.0123865504751121,NA,0.203099510603589,0.0719640179910045,0.0902312405721397,FALSE,"Astro"
"PTN",0.0123296139635608,NA,0.202283849918434,0.0774612693653173,0.0956552973513243,FALSE,"Astro"
"CRTAM",0.0123159360009903,NA,0.201468189233279,0.0794602698650675,0.0976317257619936,FALSE,"Astro"
"ADIPOQ",0.0123051329226526,NA,0.200652528548124,0.0869565217391304,0.104741139754606,FALSE,"Astro"
"DCN",0.0122767053930117,NA,0.199836867862969,0.0809595202398801,0.0986820022824409,FALSE,"Astro"
"TFF2",0.0122677474498136,NA,0.199021207177814,0.0654672663668166,0.0832787137064905,FALSE,"Astro"
"HLA-DRA",0.0122583505957479,NA,0.198205546492659,0.0744627686156921,0.0927000930429094,FALSE,"Astro"
"CRH",0.0122501560024952,NA,0.197389885807504,0.0859570214892554,0.103843541739978,FALSE,"Astro"
"APP",0.0122315542002998,NA,0.196574225122349,0.079960019990005,0.0978531713164397,FALSE,"Astro"
"SPINK1",0.012213919780741,NA,0.195758564437194,0.0694652673663168,0.0875462474524055,FALSE,"Astro"
"TREML4",0.0122069666442951,NA,0.194942903752039,0.0709645177411294,0.0891605479311626,FALSE,"Astro"
"NRXN3",0.0121998590979437,NA,0.194127243066884,0.0704647676161919,0.0887146354880114,FALSE,"Astro"
"TNFSF15",0.0121951946740554,NA,0.193311582381729,0.0804597701149425,0.0983664854199647,FALSE,"Astro"
"CD2",0.0121818838637965,NA,0.192495921696574,0.088455772113943,0.105818672694903,FALSE,"Astro"
"COL26A1",0.0121559558102248,NA,0.191680261011419,0.0824587706146927,0.100309825226414,FALSE,"Astro"
"IFNG",0.0121557237486226,NA,0.190864600326264,0.0789605197401299,0.097212700182572,FALSE,"Astro"
"TNFSF8",0.0121441973495579,NA,0.190048939641109,0.0604697651174413,0.0788876062501231,FALSE,"Astro"
"CD99",0.0121425043580554,NA,0.189233278955954,0.0629685157421289,0.0807711327582282,FALSE,"Astro"
"ZG16B",0.0121275691325883,NA,0.188417618270799,0.0674662668665667,0.0852901722513356,FALSE,"Astro"
"TF",0.0120988424486032,NA,0.187601957585644,0.0729635182408796,0.0913909098620424,FALSE,"Astro"
"PCDHA13",0.0120976594148198,NA,0.186786296900489,0.0749625187406297,0.093038587089434,FALSE,"Astro"
"RET",0.0120601113089661,NA,0.185970636215334,0.0879560219890055,0.105633457780913,FALSE,"Astro"
"SEMA4G",0.0120541608803446,NA,0.185154975530179,0.0719640179910045,0.0902312405721397,FALSE,"Astro"
"ENTPD1",0.0120316237965011,NA,0.184339314845024,0.0749625187406297,0.093038587089434,FALSE,"Astro"
"CD52",0.0120282075427656,NA,0.183523654159869,0.079960019990005,0.0978531713164397,FALSE,"Astro"
"IL26",0.0120259897123055,NA,0.182707993474715,0.088455772113943,0.105818672694903,FALSE,"Astro"
"GP5",0.0120056613797975,NA,0.18189233278956,0.0829585207396302,0.100618007827769,FALSE,"Astro"
"IGSF21",0.0119171508478773,NA,0.181076672104405,0.0789605197401299,0.097212700182572,FALSE,"Astro"
"ST14",0.0119009245405927,NA,0.18026101141925,0.0744627686156921,0.0927000930429094,FALSE,"Astro"
"FLRT1",0.0118880581486588,NA,0.179445350734095,0.0734632683658171,0.0917354778268358,FALSE,"Astro"
"SLAMF7",0.0118739185003118,NA,0.17862969004894,0.0764617691154423,0.0946117850165826,FALSE,"Astro"
"PGF",0.0118631569622687,NA,0.177814029363785,0.0819590204897551,0.0998009941351392,FALSE,"Astro"
"CADM4",0.0118554331947494,NA,0.17699836867863,0.0734632683658171,0.0917354778268358,FALSE,"Astro"
"SDK2",0.0118328438026725,NA,0.176182707993475,0.0754622688655672,0.0935640479355464,FALSE,"Astro"
"ECM1",0.0117543827623725,NA,0.17536704730832,0.0809595202398801,0.0986820022824409,FALSE,"Astro"
"TPH1",0.0117491420512673,NA,0.174551386623165,0.0829585207396302,0.100618007827769,FALSE,"Astro"
"WNT5A",0.0117322807443614,NA,0.17373572593801,0.0929535232383808,0.110551520356327,FALSE,"Astro"
"OGN",0.0116656972037113,NA,0.172920065252855,0.088455772113943,0.105818672694903,FALSE,"Astro"
"CCL15",0.0116241976238701,NA,0.1721044045677,0.0794602698650675,0.0976317257619936,FALSE,"Astro"
"ADAM21",0.0116218335029252,NA,0.171288743882545,0.0889555222388806,0.106209078696519,FALSE,"Astro"
"HLA-DMA",0.0115498374444493,NA,0.17047308319739,0.079960019990005,0.0978531713164397,FALSE,"Astro"
"HLA-DRB4",0.0114696896216702,NA,0.169657422512235,0.088455772113943,0.105818672694903,FALSE,"Astro"
"CTF1",0.0114563358177069,NA,0.16884176182708,0.079960019990005,0.0978531713164397,FALSE,"Astro"
"POMC",0.0114256815360229,NA,0.168026101141925,0.0984507746126937,0.115852256388616,FALSE,"Astro"
"C4A",0.0114232107513977,NA,0.16721044045677,0.0854572713643178,0.103443831443962,FALSE,"Astro"
"CDH4",0.0113980563145296,NA,0.166394779771615,0.0864567716141929,0.104344379534371,FALSE,"Astro"
"GPHB5",0.01131396168096,NA,0.16557911908646,0.0964517741129435,0.113937727375464,FALSE,"Astro"
"FGF8",0.0112719755454312,NA,0.164763458401305,0.0934532733633183,0.110930484370218,FALSE,"Astro"
"LGI4",0.0112531063861765,NA,0.16394779771615,0.063968015992004,0.0817109693328518,FALSE,"Astro"
"ENHO",0.0112430766858742,NA,0.163132137030995,0.0934532733633183,0.110930484370218,FALSE,"Astro"
"CDH6",0.0112348501011492,NA,0.16231647634584,0.0974512743628186,0.114786356821589,FALSE,"Astro"
"RARRES2",0.0112248281824339,NA,0.161500815660685,0.0839580209895052,0.10172955065494,FALSE,"Astro"
"KLKB1",0.0111077234601634,NA,0.16068515497553,0.0889555222388806,0.106209078696519,FALSE,"Astro"
"CD40",0.0110909566464256,NA,0.159869494290375,0.0969515242378811,0.114417742958964,FALSE,"Astro"
"CD1D",0.0110879411538008,NA,0.15905383360522,0.0899550224887556,0.107297860320083,FALSE,"Astro"
"TAC3",0.0110664550759929,NA,0.158238172920065,0.106446776611694,0.123951807366279,FALSE,"Astro"
"HLA-DQB1",0.0110597263920846,NA,0.15742251223491,0.087456271864068,0.10523961987572,FALSE,"Astro"
"PCDHA9",0.0110247995205547,NA,0.156606851549755,0.0939530234882559,0.111415734533508,FALSE,"Astro"
"ARTN",0.0109064791168321,NA,0.1557911908646,0.0859570214892554,0.103843541739978,FALSE,"Astro"
"NTNG2",0.0109012553616797,NA,0.154975530179445,0.0974512743628186,0.114786356821589,FALSE,"Astro"
"TGFA",0.010816656726108,NA,0.15415986949429,0.0994502748625687,0.116692132860773,FALSE,"Astro"
"CRISP3",0.0107601846702636,NA,0.153344208809135,0.0949525237381309,0.112492109844497,FALSE,"Astro"
"LRRC4C",0.0107126384459981,NA,0.15252854812398,0.0994502748625687,0.116692132860773,FALSE,"Astro"
"CSF2",0.0107070685576591,NA,0.151712887438825,0.105947026486757,0.123604864234549,FALSE,"Astro"
"MADCAM1",0.0106498530803338,NA,0.15089722675367,0.095952023988006,0.113566405203195,FALSE,"Astro"
"CIB1",0.010578811252175,NA,0.150081566068515,0.101949025487256,0.119509623178841,FALSE,"Astro"
"CD40LG",0.010575590237639,NA,0.149265905383361,0.107946026986507,0.125340173515138,FALSE,"Astro"
"HLA-DQA2",0.0105664952882451,NA,0.148450244698206,0.102948525737131,0.120565912072644,FALSE,"Astro"
"TNR",0.0105205589605713,NA,0.147634584013051,0.0964517741129435,0.113937727375464,FALSE,"Astro"
"TRH",0.0105149281931332,NA,0.146818923327896,0.0829585207396302,0.100618007827769,FALSE,"Astro"
"ALKAL2",0.0104356546615231,NA,0.146003262642741,0.107946026986507,0.125340173515138,FALSE,"Astro"
"IL23A",0.0103636452586339,NA,0.145187601957586,0.118440779610195,0.13636273968279,FALSE,"Astro"
"SPAG11B",0.0103553459092631,NA,0.144371941272431,0.111944027986007,0.129613832025386,FALSE,"Astro"
"PROK2",0.0103481506623412,NA,0.143556280587276,0.132933533233383,0.149810099550041,FALSE,"Astro"
"TCN1",0.0103377644094524,NA,0.142740619902121,0.104447776111944,0.12208828791711,FALSE,"Astro"
"HHIPL2",0.0103053434656017,NA,0.141924959216966,0.106446776611694,0.123951807366279,FALSE,"Astro"
"SELPLG",0.0103006879052992,NA,0.141109298531811,0.0909545227386307,0.108279193736465,FALSE,"Astro"
"POSTN",0.0102516868611946,NA,0.140293637846656,0.104947526236882,0.122555500133632,FALSE,"Astro"
"ADGRF5",0.0102264564851147,NA,0.139477977161501,0.108945527236382,0.126380938318719,FALSE,"Astro"
"MFAP2",0.010189267562475,NA,0.138662316476346,0.12743628185907,0.145083127581191,FALSE,"Astro"
"GAD1",0.0101348072525381,NA,0.137846655791191,0.0879560219890055,0.105633457780913,FALSE,"Astro"
"SHH",0.0100618533308469,NA,0.137030995106036,0.113943028485757,0.131803786492023,FALSE,"Astro"
"DLL1",0.0100221101067485,NA,0.136215334420881,0.103948025987006,0.12162018322262,FALSE,"Astro"
"CHL1",0.0100153471635749,NA,0.135399673735726,0.116941529235382,0.13489018202763,FALSE,"Astro"
"VSTM4",0.00998092564095182,NA,0.134584013050571,0.114942528735632,0.13283452613316,FALSE,"Astro"
"CSH2",0.00990758093184748,NA,0.133768352365416,0.106946526736632,0.124415475073479,FALSE,"Astro"
"LAMA2",0.00990729406269416,NA,0.132952691680261,0.120439780109945,0.138274349235879,FALSE,"Astro"
"SIGLEC1",0.00988841640319962,NA,0.132137030995106,0.118940529735132,0.136681190361667,FALSE,"Astro"
"CDH2",0.00983166448318392,NA,0.131321370309951,0.0994502748625687,0.116692132860773,FALSE,"Astro"
"LY6G5C",0.00978987322790568,NA,0.130505709624796,0.12343828085957,0.141055871318072,FALSE,"Astro"
"PENK",0.00978667717172593,NA,0.129690048939641,0.118440779610195,0.13636273968279,FALSE,"Astro"
"EPHA4",0.009776032292538,NA,0.128874388254486,0.11544227886057,0.1332863257344,FALSE,"Astro"
"LILRA6",0.0097751786685357,NA,0.128058727569331,0.129435282358821,0.146813167490329,FALSE,"Astro"
"LRIG2",0.00969638280491969,NA,0.127243066884176,0.129435282358821,0.146813167490329,FALSE,"Astro"
"BPI",0.00968405202427122,NA,0.126427406199021,0.124937531234383,0.142370675127552,FALSE,"Astro"
"RBP3",0.00967527884082145,NA,0.125611745513866,0.122938530734633,0.140615966526541,FALSE,"Astro"
"ALB",0.00965232267271456,NA,0.124796084828711,0.130934532733633,0.147829311150876,FALSE,"Astro"
"IFNA17",0.00960370730805708,NA,0.123980424143556,0.130934532733633,0.147829311150876,FALSE,"Astro"
"LRCH4",0.00955567623605297,NA,0.123164763458401,0.122938530734633,0.140615966526541,FALSE,"Astro"
"CDH9",0.00951492993168243,NA,0.122349102773246,0.131434282858571,0.148256902856123,FALSE,"Astro"
"SLPI",0.00949975783825044,NA,0.121533442088091,0.129935032483758,0.147107592229763,FALSE,"Astro"
"ADAM11",0.00949432891316419,NA,0.120717781402936,0.121939030484758,0.139733687880101,FALSE,"Astro"
"THBS1",0.00946331741653911,NA,0.119902120717781,0.121939030484758,0.139733687880101,FALSE,"Astro"
"LGI2",0.00941924083311113,NA,0.119086460032626,0.127936031984008,0.145381854527282,FALSE,"Astro"
"AIMP1",0.00940078548710659,NA,0.118270799347471,0.109945027486257,0.127419733841688,FALSE,"Astro"
"HLA-F",0.0093383110897284,NA,0.117455138662316,0.130434782608696,0.147537034806696,FALSE,"Astro"
"CNTN2",0.00929770802406067,NA,0.116639477977161,0.124937531234383,0.142370675127552,FALSE,"Astro"
"NRG1",0.00927971700850164,NA,0.115823817292007,0.129935032483758,0.147107592229763,FALSE,"Astro"
"IL7",0.00920711916545183,NA,0.115008156606852,0.124937531234383,0.142370675127552,FALSE,"Astro"
"HLA-G",0.00917629532169633,NA,0.114192495921697,0.118940529735132,0.136681190361667,FALSE,"Astro"
"MYEOV",0.00912977004043392,NA,0.113376835236542,0.137431284357821,0.15473651042126,FALSE,"Astro"
"NTNG1",0.00909169097633337,NA,0.112561174551387,0.146926536731634,0.164070198264587,FALSE,"Astro"
"SEMA6D",0.00905508604328604,NA,0.111745513866232,0.142928535732134,0.160043378676293,FALSE,"Astro"
"COL11A1",0.00886329451150996,NA,0.110929853181077,0.147926036981509,0.165035879146037,FALSE,"Astro"
"ANGPTL6",0.00885842820474517,NA,0.110114192495922,0.140929535232384,0.158238937359918,FALSE,"Astro"
"RBP4",0.0088335975619544,NA,0.109298531810767,0.138930534732634,0.156280904543137,FALSE,"Astro"
"TAC1",0.00882943090588811,NA,0.108482871125612,0.16391804097951,0.181390786088437,FALSE,"Astro"
"OMG",0.00882682005361018,NA,0.107667210440457,0.141929035482259,0.159069596034554,FALSE,"Astro"
"CADM3",0.00877380441621489,NA,0.106851549755302,0.141929035482259,0.159069596034554,FALSE,"Astro"
"EPCAM",0.00867659569368571,NA,0.106035889070147,0.157421289355322,0.175310072236609,FALSE,"Astro"
"FAP",0.00856354998955766,NA,0.105220228384992,0.139430284857571,0.156699173349105,TRUE,"Astro"
"IL1B",0.00852022412810011,NA,0.104404567699837,0.145927036481759,0.163251707479594,FALSE,"Astro"
"HLA-DQB2",0.00847037149370667,NA,0.103588907014682,0.127936031984008,0.145381854527282,FALSE,"Astro"
"CLEC2D",0.00843659918493166,NA,0.102773246329527,0.168415792103948,0.185529986805159,FALSE,"Astro"
"HLA-DQA1",0.00840377181666912,NA,0.101957585644372,0.16191904047976,0.179503008676657,FALSE,"Astro"
"MYOC",0.00834977897725638,NA,0.101141924959217,0.158420789605197,0.176262913048471,FALSE,"Astro"
"TNFRSF14",0.00834197250490084,NA,0.100326264274062,0.160919540229885,0.178718437698648,FALSE,"Astro"
"CLEC11A",0.00830890112910603,NA,0.099510603588907,0.16191904047976,0.179503008676657,FALSE,"Astro"
"CADM2",0.00821290812686114,NA,0.098694942903752,0.153423288355822,0.171013219504897,FALSE,"Astro"
"COLQ",0.0081812974819492,NA,0.0978792822185971,0.162918540729635,0.18044775080814,FALSE,"Astro"
"PF4",0.00816279267048932,NA,0.0970636215334421,0.159420289855072,0.177214024566664,FALSE,"Astro"
"TSLP",0.00814620760526541,NA,0.0962479608482871,0.170914542728636,0.187607808998726,FALSE,"Astro"
"HBEGF",0.00813869719921046,NA,0.0954323001631321,0.169915042478761,0.186677961467697,FALSE,"Astro"
"TPSG1",0.00811669880676521,NA,0.0946166394779772,0.146426786606697,0.163661326271171,FALSE,"Astro"
"ADM",0.00805925246121449,NA,0.0938009787928222,0.169915042478761,0.186677961467697,FALSE,"Astro"
"GREM1",0.00803476752485409,NA,0.0929853181076672,0.168915542228886,0.185913332641855,FALSE,"Astro"
"CD70",0.00798678518447273,NA,0.0921696574225122,0.164917541229385,0.182332119138986,FALSE,"Astro"
"SECTM1",0.00773168398561074,NA,0.0913539967373573,0.166916541729135,0.184209696953325,FALSE,"Astro"
"ITGAL",0.0077294292138264,NA,0.0905383360522023,0.183908045977011,0.200433591033665,FALSE,"Astro"
"RAET1G",0.00770347633694957,NA,0.0897226753670473,0.172413793103448,0.189084061371284,FALSE,"Astro"
"TGM2",0.0075842447920047,NA,0.0889070146818923,0.181909045477261,0.198785531409139,FALSE,"Astro"
"BACE1",0.0075632637844637,NA,0.0880913539967374,0.16791604197901,0.185145950876947,FALSE,"Astro"
"NID1",0.00754918962911353,NA,0.0872756933115824,0.177411294352824,0.194217011244155,FALSE,"Astro"
"LSAMP",0.00746440055318913,NA,0.0864600326264274,0.181409295352324,0.198416416791604,FALSE,"Astro"
"IGFBP4",0.00744949175657848,NA,0.0856443719412724,0.188905547226387,0.204968374979915,FALSE,"Astro"
"SPON2",0.00741011113367857,NA,0.0848287112561175,0.182908545727136,0.19952178852693,FALSE,"Astro"
"CRP",0.00738688579288882,NA,0.0840130505709625,0.176911544227886,0.19384314998136,FALSE,"Astro"
"ALCAM",0.0073103489194829,NA,0.0831973898858075,0.182408795602199,0.199153988068354,FALSE,"Astro"
"PTDSS1",0.00721630366735712,NA,0.0823817292006525,0.186906546726637,0.203159289920257,FALSE,"Astro"
"ZP3",0.00720034531456568,NA,0.0815660685154976,0.190904547726137,0.206954045101343,FALSE,"Astro"
"APLN",0.00719454316124673,NA,0.0807504078303426,0.2023988005997,0.21864067966017,FALSE,"Astro"
"CSHL1",0.00709606412867518,NA,0.0799347471451876,0.195902048975512,0.211996475260603,FALSE,"Astro"
"SLIT2",0.00707615271097899,NA,0.0791190864600326,0.184907546226887,0.201343772558165,FALSE,"Astro"
"JAG2",0.00699123504207226,NA,0.0783034257748776,0.1944027986007,0.210560060376531,FALSE,"Astro"
"LFNG",0.00689338965993626,NA,0.0774877650897227,0.188905547226387,0.204968374979915,FALSE,"Astro"
"MIF",0.00686683945716002,NA,0.0766721044045677,0.186906546726637,0.203159289920257,FALSE,"Astro"
"IL21",0.00678106579562331,NA,0.0758564437194127,0.199900049975012,0.216132004606699,FALSE,"Astro"
"CDHR2",0.0065204000847859,NA,0.0750407830342577,0.211394302848576,0.228156846686789,FALSE,"Astro"
"ACP4",0.00643031716429624,NA,0.0742251223491028,0.221389305347326,0.237896402675855,FALSE,"Astro"
"NMU",0.00638527954760193,NA,0.0734094616639478,0.231384307846077,0.247767287684829,FALSE,"Astro"
"MSMB",0.00635375270721564,NA,0.0725938009787928,0.216891554222889,0.233678235640315,FALSE,"Astro"
"ASIP",0.00635051802300211,NA,0.0717781402936378,0.211894052973513,0.22849490747584,FALSE,"Astro"
"ANOS1",0.00623343336543136,NA,0.0709624796084829,0.221389305347326,0.237896402675855,FALSE,"Astro"
"GRP",0.00622707633946933,NA,0.0701468189233279,0.165417291354323,0.182719731207435,FALSE,"Astro"
"HHLA2",0.00611407603742331,NA,0.0693311582381729,0.225387306346827,0.241980236875427,FALSE,"Astro"
"JAG1",0.00580024356050612,NA,0.0685154975530179,0.241379310344828,0.258018896311007,FALSE,"Astro"
"TNFSF4",0.00571238483799489,NA,0.067699836867863,0.23688155922039,0.253432235847142,FALSE,"Astro"
"FGF21",0.00570761038129579,NA,0.066884176182708,0.226386806596702,0.242628029817112,FALSE,"Astro"
"CXCL1",0.00569374440518819,NA,0.066068515497553,0.220389805097451,0.237238586330736,FALSE,"Astro"
"CNTN1",0.00539385984628738,NA,0.065252854812398,0.244377811094453,0.26099635448187,FALSE,"Astro"
"CADM1",0.0051527770786253,NA,0.0644371941272431,0.270864567716142,0.28802872869121,FALSE,"Astro"
"FGF23",0.00506475257713053,NA,0.0636215334420881,0.261869065467266,0.279190256916798,FALSE,"Astro"
"PNOC",0.00502643846971177,NA,0.0628058727569331,0.260369815092454,0.277833644153533,FALSE,"Astro"
"TARM1",0.00496317340317291,NA,0.0619902120717781,0.263368315842079,0.280300770553038,FALSE,"Astro"
"CD9",0.00495027630058307,NA,0.0611745513866232,0.225887056471764,0.242304416968398,FALSE,"Astro"
"IGFBPL1",0.00486819716294521,NA,0.0603588907014682,0.28535732133933,0.302913967626239,FALSE,"Astro"
"FGF18",0.0047550957711275,NA,0.0595432300163132,0.263368315842079,0.280300770553038,FALSE,"Astro"
"VEGFC",0.00465692347430051,NA,0.0587275693311582,0.307846076961519,0.325939018390545,FALSE,"Astro"
"DKK4",0.0045791249087618,NA,0.0579119086460033,0.282358820589705,0.299990941216296,FALSE,"Astro"
"ADGRE5",0.00400408503590804,NA,0.0570962479608483,0.297851074462769,0.315629382540564,FALSE,"Astro"
"IL10",0.00397338013954465,NA,0.0562805872756933,0.287856071964018,0.305301894507292,FALSE,"Astro"
"COL10A1",0.00376690956862901,NA,0.0554649265905383,0.322338830584708,0.339815032242915,FALSE,"Astro"
"ST6GAL1",0.00357264117029501,NA,0.0546492659053834,0.335832083958021,0.353128156951567,FALSE,"Astro"
"IL15",0.00356882119440321,NA,0.0538336052202284,0.314842578710645,0.332771491734719,TRUE,"Astro"
"IGFL2",0.00354756346304024,NA,0.0530179445350734,0.336831584207896,0.353875377919959,FALSE,"Astro"
"LTBP3",0.0035413340198739,NA,0.0522022838499184,0.310844577711144,0.328829540324829,FALSE,"Astro"
"CAMP",0.00347553826777657,NA,0.0513866231647635,0.317341329335332,0.335123386582571,FALSE,"Astro"
"IGF1",0.00339562672014656,NA,0.0505709624796085,0.330334832583708,0.347646194085088,FALSE,"Astro"
"ICAM2",0.00325434335910986,NA,0.0497553017944535,0.31784107946027,0.335362034744901,FALSE,"Astro"
"FGF19",0.00294122923251715,NA,0.0489396411092985,0.348325837081459,0.365324615089715,FALSE,"Astro"
"TNFSF14",0.00291386300578757,NA,0.0481239804241436,0.324837581209395,0.342154803939389,FALSE,"Astro"
"IL33",0.002734541750158,NA,0.0473083197389886,0.350324837581209,0.367106865728812,FALSE,"Astro"
"GDF2",0.00273219010171091,NA,0.0464926590538336,0.35632183908046,0.373072011003045,FALSE,"Astro"
"SCGB3A1",0.00266523995042102,NA,0.0456769983686786,0.339330334832584,0.356195081550913,FALSE,"Astro"
"ULBP3",0.00249395328155136,NA,0.0448613376835237,0.358820589705147,0.375047118079186,FALSE,"Astro"
"DLK2",0.00246867130784788,NA,0.0440456769983687,0.357321339330335,0.373799009974091,FALSE,"Astro"
"LTA",0.00238746748814717,NA,0.0432300163132137,0.36431784107946,0.380468333608132,FALSE,"Astro"
"NECTIN3",0.00217067538741546,NA,0.0424143556280587,0.375312343828086,0.39161637239302,FALSE,"Astro"
"LTF",0.00186993106307923,NA,0.0415986949429038,0.394302848575712,0.411081693195955,FALSE,"Astro"
"CD34",0.001442860342017,NA,0.0407830342577488,0.409295352323838,0.425987091416059,FALSE,"Astro"
"IL12A",0.00110867251052111,NA,0.0399673735725938,0.408295852073963,0.425308179243712,FALSE,"Astro"
"PDGFD",0.000884978538813787,NA,0.0391517128874388,0.446276861569215,0.462903603236485,FALSE,"Astro"
"NELL2",0.000838857776970576,NA,0.0383360522022839,0.430284857571214,0.447072901208429,FALSE,"Astro"
"CLEC4G",0.000739583684994579,NA,0.0375203915171289,0.454272863568216,0.470798864527127,FALSE,"Astro"
"FURIN",0.000540472328031175,NA,0.0367047308319739,0.444777611194403,0.461739469248427,FALSE,"Astro"
"CSF3",0.000376329429542878,NA,0.0358890701468189,0.424287856071964,0.441216149141049,FALSE,"Astro"
"CLDN1",-0.000313828592524795,NA,0.0350734094616639,0.486256871564218,0.50309515850183,FALSE,"Astro"
"CNMD",-0.000365976314569221,NA,0.034257748776509,0.497751124437781,0.513685869786253,FALSE,"Astro"
"CX3CL1",-0.000473597383652307,NA,0.033442088091354,0.496251874062969,0.512570443277518,FALSE,"Astro"
"DLK1",-0.000552856546499653,NA,0.032626427406199,0.484257871064468,0.501450458202851,FALSE,"Astro"
"PRNP",-0.000639598517806145,NA,0.031810766721044,0.500249875062469,0.515830047938993,FALSE,"Astro"
"IL18",-0.000710129731521301,NA,0.0309951060358891,0.506746626686657,0.522089670051433,FALSE,"Astro"
"SPARC",-0.00098208851795251,NA,0.0301794453507341,0.519740129935032,0.5345773796561,FALSE,"Astro"
"PLAU",-0.00100141035276568,NA,0.0293637846655791,0.522738630684658,0.53721042163482,FALSE,"Astro"
"MFNG",-0.00102573725369841,NA,0.0285481239804241,0.508745627186407,0.52370873386836,FALSE,"Astro"
"MMRN2",-0.00121943583641392,NA,0.0277324632952692,0.535232383808096,0.549128701980668,FALSE,"Astro"
"PTHLH",-0.00128388271463333,NA,0.0269168026101142,0.496251874062969,0.512570443277518,FALSE,"Astro"
"TNFSF13",-0.0015890364771312,NA,0.0261011419249592,0.529235382308846,0.543431134390893,FALSE,"Astro"
"IL32",-0.00184044352847264,NA,0.0252854812398042,0.554222888555722,0.568136433875113,FALSE,"Astro"
"CYTL1",-0.00205281765035419,NA,0.0244698205546493,0.577711144427786,0.591224855408553,TRUE,"Astro"
"IL5",-0.00216426215019246,NA,0.0236541598694943,0.576711644177911,0.590695454948111,FALSE,"Astro"
"ANGPTL4",-0.00220010757489318,NA,0.0228384991843393,0.599700149925038,0.612704490123579,FALSE,"Astro"
"IL2",-0.00249993895415887,NA,0.0220228384991843,0.587206396801599,0.600440597731185,FALSE,"Astro"
"IL3",-0.0029783207906363,NA,0.0212071778140294,0.623188405797101,0.636171497584541,FALSE,"Astro"
"MMP15",-0.00327050161462522,NA,0.0203915171288744,0.63568215892054,0.647845794240983,FALSE,"Astro"
"PAM",-0.00347251447780056,NA,0.0195758564437194,0.642678660669665,0.653888172192973,FALSE,"Astro"
"DLL3",-0.00379442934342108,NA,0.0187601957585644,0.625187406296852,0.637680743308612,FALSE,"Astro"
"NLGN3",-0.00407349079999298,NA,0.0179445350734095,0.640679660169915,0.652396162683413,FALSE,"Astro"
"INS",-0.0042189672483967,NA,0.0171288743882545,0.675662168915542,0.686876478773062,FALSE,"Astro"
"CNTN5",-0.00429326487275232,NA,0.0163132137030995,0.68615692153923,0.696967022293165,FALSE,"Astro"
"PRRG4",-0.00458159344563844,NA,0.0154975530179445,0.689655172413793,0.699940005142416,FALSE,"Astro"
"NGF",-0.00501077450841074,NA,0.0146818923327896,0.714142928535732,0.724192953192278,FALSE,"Astro"
"TEX101",-0.00655214325901257,NA,0.0138662316476346,0.768115942028985,0.77828124812697,FALSE,"Astro"
"MFAP5",-0.00700962537838471,NA,0.0130505709624796,0.772613693153423,0.782191548853672,FALSE,"Astro"
"IL11",-0.00705697087412436,NA,0.0122349102773246,0.776111944027986,0.785084336444495,FALSE,"Astro"
"ESM1",-0.00773070868617286,NA,0.0114192495921697,0.808095952023988,0.816763647879031,FALSE,"Astro"
"CD6",-0.00894885924514696,NA,0.0106035889070147,0.853073463268366,0.861512772055852,FALSE,"Astro"
"CXCL8",-0.00894897599383809,NA,0.00978792822185971,0.856571714142929,0.863621687098837,FALSE,"Astro"
"DBH",-0.00908225503290314,NA,0.00897226753670473,0.856571714142929,0.863621687098837,FALSE,"Astro"
"NPTX2",-0.00957984059177654,NA,0.00815660685154975,0.859570214892554,0.865932165496199,FALSE,"Astro"
"LTB",-0.0096312942281864,NA,0.00734094616639478,0.869065467266367,0.874778305177731,FALSE,"Astro"
"PCDHGB6",-0.00999195274625721,NA,0.0065252854812398,0.87656171914043,0.881599430169973,FALSE,"Astro"
"CD274",-0.0106962686765242,NA,0.00570962479608483,0.91304347826087,0.916785459729152,FALSE,"Astro"
"CKLF",-0.0110803481698754,NA,0.00489396411092985,0.903548225887057,0.907995551034983,FALSE,"Astro"
"LY86",-0.0129540316564955,NA,0.00407830342577488,0.933533233383308,0.93659149131413,FALSE,"Astro"
"ELFN1",-0.0133768579324095,NA,0.0032626427406199,0.945527236381809,0.947848498009588,FALSE,"Astro"
"CCL28",-0.0143390871731509,NA,0.00244698205546493,0.960519740129935,0.962090500130147,FALSE,"Astro"
"NLGN1",-0.0154357325028667,NA,0.00163132137030995,0.980009995002499,0.980009995002499,FALSE,"Astro"
"SLITRK3",-0.0156316269355135,NA,0.000815660685154976,0.966516741629185,0.967306379489994,FALSE,"Astro"
"IGFL3",NA,NA,1,NA,NA,FALSE,"Astro"
"MCAM",0.115084047582937,NA,0.999184339314845,0.000499750124937531,0.0090360723697192,FALSE,"Endo"
"THBS1",0.115074984216559,NA,0.99836867862969,0.000499750124937531,0.0090360723697192,FALSE,"Endo"
"CCL23",0.103663125753413,NA,0.997553017944535,0.000499750124937531,0.0090360723697192,FALSE,"Endo"
"ITM2B",0.102681746517901,NA,0.99673735725938,0.000499750124937531,0.0090360723697192,FALSE,"Endo"
"SPON1",0.0960982565897624,NA,0.995921696574225,0.000499750124937531,0.0090360723697192,TRUE,"Endo"
"COL18A1",0.0908490576684578,NA,0.99510603588907,0.000499750124937531,0.0090360723697192,FALSE,"Endo"
"KNG1",0.0840764846607888,NA,0.994290375203915,0.000999500249875062,0.0090360723697192,FALSE,"Endo"
"TF",0.0821557765555194,NA,0.99347471451876,0.000499750124937531,0.0090360723697192,FALSE,"Endo"
"CCL13",0.0771349873198351,NA,0.992659053833605,0.000499750124937531,0.0090360723697192,FALSE,"Endo"
"PTN",0.0768974378613434,NA,0.99184339314845,0.000499750124937531,0.0090360723697192,FALSE,"Endo"
"MMP14",0.0748330357017168,NA,0.991027732463295,0.000499750124937531,0.0090360723697192,FALSE,"Endo"
"ADAM17",0.0740372917430231,NA,0.99021207177814,0.000499750124937531,0.0090360723697192,FALSE,"Endo"
"LEP",0.0730290687846062,NA,0.989396411092985,0.000499750124937531,0.0090360723697192,FALSE,"Endo"
"DLL1",0.0714604108714471,NA,0.98858075040783,0.00149925037481259,0.0090360723697192,FALSE,"Endo"
"CD14",0.0713664415815854,NA,0.987765089722675,0.000499750124937531,0.0090360723697192,FALSE,"Endo"
"ERFE",0.0681469060415121,NA,0.98694942903752,0.000499750124937531,0.0090360723697192,FALSE,"Endo"
"TIMP2",0.0679058756383987,NA,0.986133768352365,0.00149925037481259,0.0090360723697192,FALSE,"Endo"
"S100A9",0.0675701559201544,NA,0.98531810766721,0.000499750124937531,0.0090360723697192,FALSE,"Endo"
"PRSS55",0.0640527838897162,NA,0.984502446982055,0.000999500249875062,0.0090360723697192,FALSE,"Endo"
"GDF9",0.0626424558051039,NA,0.983686786296901,0.000499750124937531,0.0090360723697192,FALSE,"Endo"
"IL1A",0.0612573025701638,NA,0.982871125611745,0.000499750124937531,0.0090360723697192,FALSE,"Endo"
"FGF4",0.060779615334226,NA,0.982055464926591,0.000499750124937531,0.0090360723697192,FALSE,"Endo"
"CCL21",0.0604405874091695,NA,0.981239804241436,0.00399800099950025,0.0109076864685697,FALSE,"Endo"
"FSHB",0.0600594783813311,NA,0.980424143556281,0.00149925037481259,0.0090360723697192,FALSE,"Endo"
"BMP4",0.0597506898113783,NA,0.979608482871126,0.000999500249875062,0.0090360723697192,FALSE,"Endo"
"TAC1",0.0589974297691629,NA,0.978792822185971,0.000999500249875062,0.0090360723697192,FALSE,"Endo"
"BMP15",0.0583582405613138,NA,0.977977161500816,0.000499750124937531,0.0090360723697192,FALSE,"Endo"
"CGB3",0.0572237208793279,NA,0.977161500815661,0.000499750124937531,0.0090360723697192,FALSE,"Endo"
"BACE2",0.0569431997996891,NA,0.976345840130506,0.000499750124937531,0.0090360723697192,FALSE,"Endo"
"TCN2",0.0554183975475849,NA,0.975530179445351,0.000499750124937531,0.0090360723697192,FALSE,"Endo"
"IL36B",0.0545921421316412,NA,0.974714518760196,0.000499750124937531,0.0090360723697192,FALSE,"Endo"
"MATN1",0.0541562085090151,NA,0.973898858075041,0.000499750124937531,0.0090360723697192,FALSE,"Endo"
"FGF2",0.0531405406118547,NA,0.973083197389886,0.000999500249875062,0.0090360723697192,FALSE,"Endo"
"PDGFB",0.0531152804771176,NA,0.972267536704731,0.000499750124937531,0.0090360723697192,FALSE,"Endo"
"PCDHA7",0.0519850954315746,NA,0.971451876019576,0.000499750124937531,0.0090360723697192,FALSE,"Endo"
"PSG5",0.0517183810377927,NA,0.970636215334421,0.000499750124937531,0.0090360723697192,FALSE,"Endo"
"MAG",0.0512821034522294,NA,0.969820554649266,0.000499750124937531,0.0090360723697192,FALSE,"Endo"
"WNT1",0.0509487671732134,NA,0.969004893964111,0.000999500249875062,0.0090360723697192,FALSE,"Endo"
"IL17B",0.0509103036419147,NA,0.968189233278956,0.000499750124937531,0.0090360723697192,FALSE,"Endo"
"LAMA4",0.0504398236296786,NA,0.967373572593801,0.000499750124937531,0.0090360723697192,FALSE,"Endo"
"AGT",0.050124461677127,NA,0.966557911908646,0.00199900049975012,0.0090360723697192,FALSE,"Endo"
"EGF",0.0493299995695503,NA,0.965742251223491,0.000499750124937531,0.0090360723697192,FALSE,"Endo"
"CD40LG",0.0487198010514705,NA,0.964926590538336,0.00349825087456272,0.0104266601492441,FALSE,"Endo"
"NEO1",0.0481975748840454,NA,0.964110929853181,0.000499750124937531,0.0090360723697192,FALSE,"Endo"
"ALB",0.0480096999709562,NA,0.963295269168026,0.00699650174912544,0.0144288125297621,FALSE,"Endo"
"OXT",0.0479028151188938,NA,0.962479608482871,0.000999500249875062,0.0090360723697192,FALSE,"Endo"
"SNX14",0.0474514594271596,NA,0.961663947797716,0.000499750124937531,0.0090360723697192,FALSE,"Endo"
"IFITM1",0.0468956634261075,NA,0.960848287112561,0.00149925037481259,0.0090360723697192,FALSE,"Endo"
"RETN",0.0468147194368525,NA,0.960032626427406,0.00199900049975012,0.0090360723697192,FALSE,"Endo"
"IAPP",0.0467043272147623,NA,0.959216965742251,0.000499750124937531,0.0090360723697192,FALSE,"Endo"
"S100A4",0.0462878385674126,NA,0.958401305057096,0.000999500249875062,0.0090360723697192,FALSE,"Endo"
"BDNF",0.0462403196860196,NA,0.957585644371941,0.000499750124937531,0.0090360723697192,FALSE,"Endo"
"IGSF10",0.0460995977534448,NA,0.956769983686786,0.000499750124937531,0.0090360723697192,FALSE,"Endo"
"CLDN3",0.0460940578783497,NA,0.955954323001631,0.000499750124937531,0.0090360723697192,FALSE,"Endo"
"PCDHA4",0.0458936389522287,NA,0.955138662316476,0.000499750124937531,0.0090360723697192,FALSE,"Endo"
"PDGFC",0.0456995356109515,NA,0.954323001631321,0.000499750124937531,0.0090360723697192,FALSE,"Endo"
"COL6A5",0.0456913797963767,NA,0.953507340946166,0.000999500249875062,0.0090360723697192,FALSE,"Endo"
"ACE2",0.0456144842222632,NA,0.952691680261011,0.000499750124937531,0.0090360723697192,FALSE,"Endo"
"SLITRK1",0.0454976406162183,NA,0.951876019575856,0.000499750124937531,0.0090360723697192,FALSE,"Endo"
"SELL",0.0452373843488894,NA,0.951060358890702,0.00699650174912544,0.0144288125297621,FALSE,"Endo"
"CD24",0.0449215158953638,NA,0.950244698205546,0.000499750124937531,0.0090360723697192,FALSE,"Endo"
"MMP16",0.0448313490204818,NA,0.949429037520392,0.000999500249875062,0.0090360723697192,FALSE,"Endo"
"GPHA2",0.0445745691726375,NA,0.948613376835236,0.000499750124937531,0.0090360723697192,FALSE,"Endo"
"SEMA3A",0.0444262492097194,NA,0.947797716150082,0.00249875062468766,0.00927566519770418,FALSE,"Endo"
"IL17A",0.0442920335906498,NA,0.946982055464927,0.000999500249875062,0.0090360723697192,FALSE,"Endo"
"LRRTM3",0.0440202510028928,NA,0.946166394779772,0.000499750124937531,0.0090360723697192,FALSE,"Endo"
"CLDN16",0.0438177158827958,NA,0.945350734094617,0.000999500249875062,0.0090360723697192,FALSE,"Endo"
"MEGF10",0.0438150458002246,NA,0.944535073409462,0.000499750124937531,0.0090360723697192,FALSE,"Endo"
"COL13A1",0.0437930482393076,NA,0.943719412724307,0.00149925037481259,0.0090360723697192,FALSE,"Endo"
"HPX",0.0435078115016076,NA,0.942903752039152,0.000499750124937531,0.0090360723697192,FALSE,"Endo"
"IL36G",0.0432909177716511,NA,0.942088091353997,0.000999500249875062,0.0090360723697192,FALSE,"Endo"
"IGF2",0.0430840702843461,NA,0.941272430668842,0.00149925037481259,0.0090360723697192,FALSE,"Endo"
"IZUMO1",0.0430807019371189,NA,0.940456769983687,0.000999500249875062,0.0090360723697192,FALSE,"Endo"
"COL3A1",0.0430295181431455,NA,0.939641109298532,0.000499750124937531,0.0090360723697192,FALSE,"Endo"
"CCL18",0.0429818178478044,NA,0.938825448613377,0.00499750124937531,0.0121708529433097,FALSE,"Endo"
"TNF",0.0426949436891603,NA,0.938009787928222,0.000999500249875062,0.0090360723697192,FALSE,"Endo"
"TAFA4",0.0426056555075889,NA,0.937194127243067,0.00499750124937531,0.0121708529433097,FALSE,"Endo"
"COL6A6",0.0424090303719213,NA,0.936378466557912,0.000999500249875062,0.0090360723697192,FALSE,"Endo"
"CCL11",0.0423743785839882,NA,0.935562805872757,0.00149925037481259,0.0090360723697192,FALSE,"Endo"
"MPDZ",0.0422864116962544,NA,0.934747145187602,0.000499750124937531,0.0090360723697192,FALSE,"Endo"
"PF4",0.0422122471916961,NA,0.933931484502447,0.00249875062468766,0.00927566519770418,FALSE,"Endo"
"COL28A1",0.0421750133781412,NA,0.933115823817292,0.000999500249875062,0.0090360723697192,FALSE,"Endo"
"SPX",0.0420528245071129,NA,0.932300163132137,0.000999500249875062,0.0090360723697192,FALSE,"Endo"
"GLG1",0.0420129479192076,NA,0.931484502446982,0.000999500249875062,0.0090360723697192,FALSE,"Endo"
"SFTPA2",0.0419508868873291,NA,0.930668841761827,0.00149925037481259,0.0090360723697192,FALSE,"Endo"
"CCL7",0.0419465668844667,NA,0.929853181076672,0.000499750124937531,0.0090360723697192,FALSE,"Endo"
"BOC",0.0419056202908184,NA,0.929037520391517,0.000999500249875062,0.0090360723697192,FALSE,"Endo"
"FGF1",0.0416819179341063,NA,0.928221859706362,0.00149925037481259,0.0090360723697192,FALSE,"Endo"
"MIA",0.0414163489454424,NA,0.927406199021207,0.000999500249875062,0.0090360723697192,FALSE,"Endo"
"TIMD4",0.0412636292895817,NA,0.926590538336052,0.000499750124937531,0.0090360723697192,FALSE,"Endo"
"IBSP",0.0411736653058265,NA,0.925774877650897,0.000999500249875062,0.0090360723697192,FALSE,"Endo"
"IL1RN",0.0411564846165651,NA,0.924959216965742,0.0109945027486257,0.0184244403106244,FALSE,"Endo"
"COL7A1",0.0409079992201791,NA,0.924143556280587,0.000999500249875062,0.0090360723697192,FALSE,"Endo"
"COL24A1",0.0408729923507652,NA,0.923327895595432,0.000999500249875062,0.0090360723697192,FALSE,"Endo"
"HP",0.0406156739569127,NA,0.922512234910277,0.000999500249875062,0.0090360723697192,FALSE,"Endo"
"CD209",0.0404336145980888,NA,0.921696574225122,0.00149925037481259,0.0090360723697192,FALSE,"Endo"
"FGF21",0.0404020802544998,NA,0.920880913539967,0.000999500249875062,0.0090360723697192,FALSE,"Endo"
"TSPAN33",0.0403255016646148,NA,0.920065252854812,0.000999500249875062,0.0090360723697192,FALSE,"Endo"
"ANG",0.0402323906716817,NA,0.919249592169657,0.0079960019990005,0.0155972968929548,FALSE,"Endo"
"F11",0.040210382114733,NA,0.918433931484502,0.000499750124937531,0.0090360723697192,FALSE,"Endo"
"SPN",0.0400816336060742,NA,0.917618270799347,0.00149925037481259,0.0090360723697192,FALSE,"Endo"
"IL20",0.0399575035046528,NA,0.916802610114193,0.00149925037481259,0.0090360723697192,FALSE,"Endo"
"NPVF",0.0399389364267802,NA,0.915986949429037,0.000999500249875062,0.0090360723697192,FALSE,"Endo"
"ORM1",0.0399212008200889,NA,0.915171288743883,0.000999500249875062,0.0090360723697192,FALSE,"Endo"
"COL27A1",0.0398571483917401,NA,0.914355628058728,0.000999500249875062,0.0090360723697192,FALSE,"Endo"
"SIGLEC7",0.039825096477671,NA,0.913539967373573,0.000499750124937531,0.0090360723697192,FALSE,"Endo"
"APELA",0.0396474125819167,NA,0.912724306688418,0.00199900049975012,0.0090360723697192,FALSE,"Endo"
"COL14A1",0.03944207529379,NA,0.911908646003263,0.000999500249875062,0.0090360723697192,FALSE,"Endo"
"AMELY",0.0394164975343124,NA,0.911092985318108,0.000999500249875062,0.0090360723697192,FALSE,"Endo"
"ANGPTL3",0.0393819394188376,NA,0.910277324632953,0.000499750124937531,0.0090360723697192,FALSE,"Endo"
"NMB",0.0392113067043021,NA,0.909461663947798,0.00149925037481259,0.0090360723697192,FALSE,"Endo"
"TGFB2",0.0389760695908584,NA,0.908646003262643,0.00199900049975012,0.0090360723697192,FALSE,"Endo"
"NYX",0.038968170223007,NA,0.907830342577488,0.000999500249875062,0.0090360723697192,FALSE,"Endo"
"POMZP3",0.0388015498927849,NA,0.907014681892333,0.00199900049975012,0.0090360723697192,FALSE,"Endo"
"C1QB",0.0388004854892694,NA,0.906199021207178,0.00199900049975012,0.0090360723697192,FALSE,"Endo"
"QRFP",0.0386843690952088,NA,0.905383360522023,0.00149925037481259,0.0090360723697192,FALSE,"Endo"
"COL21A1",0.0386356581328752,NA,0.904567699836868,0.000999500249875062,0.0090360723697192,TRUE,"Endo"
"NPFF",0.03863517441518,NA,0.903752039151713,0.00149925037481259,0.0090360723697192,FALSE,"Endo"
"CD38",0.0386320566177986,NA,0.902936378466558,0.00249875062468766,0.00927566519770418,FALSE,"Endo"
"COL6A3",0.0385681878868541,NA,0.902120717781403,0.00149925037481259,0.0090360723697192,FALSE,"Endo"
"PLB1",0.0384502245498299,NA,0.901305057096248,0.000999500249875062,0.0090360723697192,FALSE,"Endo"
"CFD",0.0383417768018985,NA,0.900489396411093,0.00149925037481259,0.0090360723697192,FALSE,"Endo"
"CGB7",0.0382612295964966,NA,0.89926590538336,0.000999500249875062,0.0090360723697192,FALSE,"Endo"
"LOC101059948",0.0382612295964966,NA,0.89926590538336,0.000999500249875062,0.0090360723697192,FALSE,"Endo"
"CD22",0.0382129791484721,NA,0.898042414355628,0.000499750124937531,0.0090360723697192,FALSE,"Endo"
"COL5A3",0.0381795176385288,NA,0.897226753670473,0.000999500249875062,0.0090360723697192,FALSE,"Endo"
"GJB6",0.0381187487978161,NA,0.896411092985318,0.000999500249875062,0.0090360723697192,FALSE,"Endo"
"C10orf99",0.038035143044619,NA,0.895595432300163,0.000999500249875062,0.0090360723697192,FALSE,"Endo"
"IGF1",0.0380230941061122,NA,0.894779771615008,0.00199900049975012,0.0090360723697192,FALSE,"Endo"
"CLDN14",0.0379766326009866,NA,0.893964110929853,0.00149925037481259,0.0090360723697192,FALSE,"Endo"
"TNN",0.0379694423732217,NA,0.893148450244698,0.000999500249875062,0.0090360723697192,FALSE,"Endo"
"ANGPT4",0.0379209994375051,NA,0.892332789559543,0.00349825087456272,0.0104266601492441,FALSE,"Endo"
"LAMB2",0.0378966287223351,NA,0.891517128874388,0.00149925037481259,0.0090360723697192,FALSE,"Endo"
"A2M",0.0377801098964131,NA,0.890701468189233,0.000999500249875062,0.0090360723697192,FALSE,"Endo"
"BCAN",0.0377093263180672,NA,0.889885807504078,0.00149925037481259,0.0090360723697192,FALSE,"Endo"
"FCGR3B",0.0376807955540563,NA,0.889070146818923,0.000499750124937531,0.0090360723697192,FALSE,"Endo"
"FCRL6",0.0376802439683803,NA,0.888254486133768,0.00199900049975012,0.0090360723697192,FALSE,"Endo"
"LAMA3",0.0375021456381065,NA,0.887438825448613,0.000999500249875062,0.0090360723697192,FALSE,"Endo"
"GPC6",0.0374812531127123,NA,0.886623164763458,0.000999500249875062,0.0090360723697192,FALSE,"Endo"
"NPS",0.0374515806038488,NA,0.885807504078303,0.00149925037481259,0.0090360723697192,FALSE,"Endo"
"ANGPTL2",0.0373822940259992,NA,0.884991843393148,0.00449775112443778,0.0114547715747116,FALSE,"Endo"
"PCSK9",0.0373688965771198,NA,0.884176182707993,0.00299850074962519,0.00982129256227501,FALSE,"Endo"
"SERPINF1",0.0373474291335102,NA,0.883360522022839,0.00549725137431284,0.0127540396468432,FALSE,"Endo"
"NMS",0.037298070850892,NA,0.882544861337684,0.00199900049975012,0.0090360723697192,FALSE,"Endo"
"INHBA",0.0372597175145169,NA,0.881729200652529,0.00399800099950025,0.0109076864685697,FALSE,"Endo"
"AGRP",0.0372596901201758,NA,0.880913539967374,0.00399800099950025,0.0109076864685697,FALSE,"Endo"
"PTH2",0.0372527689288968,NA,0.880097879282219,0.000999500249875062,0.0090360723697192,FALSE,"Endo"
"NPW",0.0372499968734806,NA,0.879282218597064,0.00199900049975012,0.0090360723697192,FALSE,"Endo"
"LAIR2",0.0371900743145019,NA,0.878466557911909,0.00299850074962519,0.00982129256227501,FALSE,"Endo"
"LAMA1",0.0371453714020158,NA,0.877650897226754,0.000999500249875062,0.0090360723697192,FALSE,"Endo"
"ANGPTL7",0.0371421017430002,NA,0.876835236541599,0.000999500249875062,0.0090360723697192,FALSE,"Endo"
"BMP6",0.0370961344300021,NA,0.876019575856444,0.00349825087456272,0.0104266601492441,FALSE,"Endo"
"CDCP1",0.0370293799419034,NA,0.875203915171289,0.00199900049975012,0.0090360723697192,FALSE,"Endo"
"NPB",0.0369702659706831,NA,0.874388254486134,0.00199900049975012,0.0090360723697192,FALSE,"Endo"
"COL6A2",0.0369181258032313,NA,0.873572593800979,0.000999500249875062,0.0090360723697192,FALSE,"Endo"
"SIGLEC15",0.036909796883797,NA,0.872756933115824,0.00199900049975012,0.0090360723697192,FALSE,"Endo"
"ENPP1",0.0369039765582874,NA,0.871941272430669,0.000999500249875062,0.0090360723697192,FALSE,"Endo"
"SCGB1A1",0.0368638636843662,NA,0.871125611745514,0.000999500249875062,0.0090360723697192,FALSE,"Endo"
"THBS4",0.0368140350113313,NA,0.870309951060359,0.000999500249875062,0.0090360723697192,FALSE,"Endo"
"PYY",0.0368106995103441,NA,0.869494290375204,0.00199900049975012,0.0090360723697192,FALSE,"Endo"
"SCT",0.0367418149421377,NA,0.868678629690049,0.00199900049975012,0.0090360723697192,FALSE,"Endo"
"FAM3D",0.0367031680150364,NA,0.867862969004894,0.00849575212393803,0.0156972795653455,FALSE,"Endo"
"PTGS2",0.0366940910093187,NA,0.867047308319739,0.00349825087456272,0.0104266601492441,FALSE,"Endo"
"MUC4",0.0366593498643136,NA,0.866231647634584,0.00449775112443778,0.0114547715747116,FALSE,"Endo"
"CLDN1",0.0366268572357389,NA,0.865415986949429,0.00199900049975012,0.0090360723697192,FALSE,"Endo"
"KIRREL3",0.0366183143265152,NA,0.864600326264274,0.000999500249875062,0.0090360723697192,FALSE,"Endo"
"CXCL5",0.0365786457434818,NA,0.863784665579119,0.00149925037481259,0.0090360723697192,FALSE,"Endo"
"SERPING1",0.0365651585136789,NA,0.862969004893964,0.000999500249875062,0.0090360723697192,FALSE,"Endo"
"OCLN",0.0365629369576104,NA,0.862153344208809,0.000499750124937531,0.0090360723697192,FALSE,"Endo"
"CD300LF",0.0365506378776411,NA,0.861337683523654,0.00199900049975012,0.0090360723697192,FALSE,"Endo"
"TMEM190",0.0365330739884544,NA,0.860522022838499,0.00149925037481259,0.0090360723697192,FALSE,"Endo"
"NRG4",0.0365044412581744,NA,0.859706362153344,0.00199900049975012,0.0090360723697192,FALSE,"Endo"
"EFNB2",0.0364488735781831,NA,0.858890701468189,0.00199900049975012,0.0090360723697192,FALSE,"Endo"
"TAC4",0.0364209652502359,NA,0.858075040783034,0.000999500249875062,0.0090360723697192,FALSE,"Endo"
"NPNT",0.0364016498447866,NA,0.857259380097879,0.00149925037481259,0.0090360723697192,FALSE,"Endo"
"NETO2",0.0363829345507981,NA,0.856443719412724,0.000999500249875062,0.0090360723697192,FALSE,"Endo"
"FGB",0.0363705193221363,NA,0.855628058727569,0.00149925037481259,0.0090360723697192,FALSE,"Endo"
"NRG3",0.0363516956153584,NA,0.854812398042414,0.00199900049975012,0.0090360723697192,FALSE,"Endo"
"IL19",0.0362448280567334,NA,0.853996737357259,0.00649675162418791,0.0140114801754053,FALSE,"Endo"
"FGFRL1",0.0362326186751929,NA,0.853181076672104,0.00449775112443778,0.0114547715747116,FALSE,"Endo"
"FNDC5",0.0361934279445083,NA,0.852365415986949,0.000999500249875062,0.0090360723697192,FALSE,"Endo"
"YARS1",0.036183358592718,NA,0.851549755301794,0.00199900049975012,0.0090360723697192,FALSE,"Endo"
"CLEC2B",0.0361796785707909,NA,0.85073409461664,0.00199900049975012,0.0090360723697192,FALSE,"Endo"
"DHH",0.0361478317243986,NA,0.849918433931484,0.000999500249875062,0.0090360723697192,FALSE,"Endo"
"DUSP18",0.0361425771550287,NA,0.84910277324633,0.00199900049975012,0.0090360723697192,FALSE,"Endo"
"TGFBI",0.0361171347758242,NA,0.848287112561175,0.00849575212393803,0.0156972795653455,FALSE,"Endo"
"ROBO1",0.0361089466083067,NA,0.84747145187602,0.00149925037481259,0.0090360723697192,FALSE,"Endo"
"FBLN2",0.0360976663841664,NA,0.846655791190865,0.000999500249875062,0.0090360723697192,FALSE,"Endo"
"HGF",0.0360188877840041,NA,0.84584013050571,0.00249875062468766,0.00927566519770418,FALSE,"Endo"
"S100A8",0.0360071571010595,NA,0.845024469820555,0.00449775112443778,0.0114547715747116,FALSE,"Endo"
"ADM2",0.0359995671633024,NA,0.8442088091354,0.00149925037481259,0.0090360723697192,FALSE,"Endo"
"FLRT3",0.0359802279380525,NA,0.843393148450245,0.00249875062468766,0.00927566519770418,FALSE,"Endo"
"EFNA1",0.0359777169942731,NA,0.84257748776509,0.00149925037481259,0.0090360723697192,FALSE,"Endo"
"PAEP",0.035838337356946,NA,0.841761827079935,0.000999500249875062,0.0090360723697192,FALSE,"Endo"
"COL4A2",0.0357801719953348,NA,0.84094616639478,0.00599700149925037,0.0134302135952134,TRUE,"Endo"
"EDN1",0.0357691849931495,NA,0.840130505709625,0.0149925037481259,0.0222077594818069,FALSE,"Endo"
"SEMA3F",0.0357664314148599,NA,0.83931484502447,0.00249875062468766,0.00927566519770418,FALSE,"Endo"
"HLA-C",0.0357659069735501,NA,0.838499184339315,0.000999500249875062,0.0090360723697192,FALSE,"Endo"
"ESAM",0.0357551423004634,NA,0.83768352365416,0.00149925037481259,0.0090360723697192,FALSE,"Endo"
"LIPC",0.0357451529663319,NA,0.836867862969005,0.00249875062468766,0.00927566519770418,FALSE,"Endo"
"CLEC2L",0.0357100575514448,NA,0.83605220228385,0.000999500249875062,0.0090360723697192,FALSE,"Endo"
"F7",0.0357076443392971,NA,0.835236541598695,0.00499750124937531,0.0121708529433097,FALSE,"Endo"
"HLA-DQB2",0.035692656889571,NA,0.83442088091354,0.0174912543728136,0.0246852380261482,FALSE,"Endo"
"MMP13",0.0356833886558273,NA,0.833605220228385,0.000999500249875062,0.0090360723697192,FALSE,"Endo"
"FGL1",0.0356642820228323,NA,0.83278955954323,0.00149925037481259,0.0090360723697192,FALSE,"Endo"
"CD58",0.0356491744456673,NA,0.831973898858075,0.00299850074962519,0.00982129256227501,FALSE,"Endo"
"JAM2",0.0356442571020748,NA,0.83115823817292,0.000999500249875062,0.0090360723697192,FALSE,"Endo"
"LYZ",0.0356279139439413,NA,0.830342577487765,0.00199900049975012,0.0090360723697192,FALSE,"Endo"
"APP",0.0355321358313209,NA,0.82952691680261,0.00449775112443778,0.0114547715747116,FALSE,"Endo"
"HAVCR1",0.0354604803158537,NA,0.828711256117455,0.00249875062468766,0.00927566519770418,FALSE,"Endo"
"LAMC1",0.0354394788380477,NA,0.8278955954323,0.00499750124937531,0.0121708529433097,FALSE,"Endo"
"LAMA5",0.0354299344699893,NA,0.827079934747145,0.000999500249875062,0.0090360723697192,FALSE,"Endo"
"SEMA4B",0.0353675184119492,NA,0.82626427406199,0.000999500249875062,0.0090360723697192,FALSE,"Endo"
"CEACAM5",0.0353184355225059,NA,0.825448613376835,0.000999500249875062,0.0090360723697192,FALSE,"Endo"
"VEGFA",0.0353047513955193,NA,0.82463295269168,0.00549725137431284,0.0127540396468432,FALSE,"Endo"
"FAM3B",0.0352962687638239,NA,0.823817292006525,0.00499750124937531,0.0121708529433097,FALSE,"Endo"
"HDC",0.0352912404192156,NA,0.82300163132137,0.00199900049975012,0.0090360723697192,FALSE,"Endo"
"COL19A1",0.0352769278931683,NA,0.822185970636215,0.00149925037481259,0.0090360723697192,FALSE,"Endo"
"NPPB",0.0352535958035976,NA,0.82137030995106,0.00199900049975012,0.0090360723697192,FALSE,"Endo"
"LAMB3",0.0352334811160093,NA,0.820554649265905,0.00149925037481259,0.0090360723697192,FALSE,"Endo"
"CCL8",0.035209047257729,NA,0.81973898858075,0.00149925037481259,0.0090360723697192,FALSE,"Endo"
"ADAM2",0.0351855071524789,NA,0.818923327895595,0.00149925037481259,0.0090360723697192,FALSE,"Endo"
"IL1B",0.0351752690204405,NA,0.81810766721044,0.00249875062468766,0.00927566519770418,FALSE,"Endo"
"COL15A1",0.0351724304353793,NA,0.817292006525285,0.00249875062468766,0.00927566519770418,FALSE,"Endo"
"DSC2",0.0351634105497823,NA,0.816476345840131,0.000999500249875062,0.0090360723697192,FALSE,"Endo"
"RARRES1",0.0351630944027721,NA,0.815660685154976,0.00299850074962519,0.00982129256227501,FALSE,"Endo"
"UXS1",0.0351622006236099,NA,0.814845024469821,0.00149925037481259,0.0090360723697192,FALSE,"Endo"
"PVR",0.0351479175776928,NA,0.814029363784666,0.00149925037481259,0.0090360723697192,FALSE,"Endo"
"SEMA6A",0.0351347416012514,NA,0.813213703099511,0.00149925037481259,0.0090360723697192,FALSE,"Endo"
"APOA4",0.0350798966123254,NA,0.812398042414356,0.00149925037481259,0.0090360723697192,FALSE,"Endo"
"LRFN4",0.0350741293014069,NA,0.811582381729201,0.00149925037481259,0.0090360723697192,FALSE,"Endo"
"CLDN11",0.0350696716404048,NA,0.810766721044046,0.000999500249875062,0.0090360723697192,FALSE,"Endo"
"MLN",0.0350447623437419,NA,0.809951060358891,0.00149925037481259,0.0090360723697192,FALSE,"Endo"
"MPIG6B",0.0350139154388005,NA,0.809135399673736,0.000499750124937531,0.0090360723697192,FALSE,"Endo"
"CLUL1",0.034983187372475,NA,0.808319738988581,0.00199900049975012,0.0090360723697192,FALSE,"Endo"
"DSCAM",0.034977815971587,NA,0.807504078303426,0.00149925037481259,0.0090360723697192,FALSE,"Endo"
"SAA1",0.0348487934374168,NA,0.806688417618271,0.00349825087456272,0.0104266601492441,FALSE,"Endo"
"ARF1",0.0347945176927167,NA,0.805872756933116,0.00149925037481259,0.0090360723697192,FALSE,"Endo"
"PF4V1",0.0347653539870594,NA,0.805057096247961,0.00649675162418791,0.0140114801754053,FALSE,"Endo"
"FCN1",0.0347552514441163,NA,0.804241435562806,0.00249875062468766,0.00927566519770418,FALSE,"Endo"
"LRRC52",0.0347376588210593,NA,0.803425774877651,0.00149925037481259,0.0090360723697192,FALSE,"Endo"
"NRTN",0.0347283297135964,NA,0.802610114192496,0.00199900049975012,0.0090360723697192,FALSE,"Endo"
"COL4A6",0.03469928029372,NA,0.801794453507341,0.00249875062468766,0.00927566519770418,FALSE,"Endo"
"EPGN",0.0346907055652318,NA,0.800978792822186,0.00649675162418791,0.0140114801754053,FALSE,"Endo"
"PRL",0.0346719852495982,NA,0.800163132137031,0.00699650174912544,0.0144288125297621,FALSE,"Endo"
"LRTM2",0.0346382444042606,NA,0.799347471451876,0.00199900049975012,0.0090360723697192,FALSE,"Endo"
"OSTN",0.0346030185935314,NA,0.798531810766721,0.00149925037481259,0.0090360723697192,FALSE,"Endo"
"THBS2",0.0345958925615266,NA,0.797716150081566,0.00299850074962519,0.00982129256227501,FALSE,"Endo"
"LRIT2",0.0345708799872094,NA,0.796900489396411,0.00199900049975012,0.0090360723697192,FALSE,"Endo"
"CLU",0.0345469817621122,NA,0.796084828711256,0.00399800099950025,0.0109076864685697,FALSE,"Endo"
"SLITRK2",0.0345141505345427,NA,0.795269168026101,0.00199900049975012,0.0090360723697192,FALSE,"Endo"
"TMPRSS6",0.0343922177178166,NA,0.794453507340946,0.00149925037481259,0.0090360723697192,FALSE,"Endo"
"PATJ",0.0343098743196953,NA,0.793637846655791,0.00249875062468766,0.00927566519770418,FALSE,"Endo"
"RSPO3",0.0343045004900801,NA,0.792822185970636,0.00199900049975012,0.0090360723697192,FALSE,"Endo"
"CCN1",0.034286740493098,NA,0.792006525285481,0.0104947526236882,0.0179554077709748,FALSE,"Endo"
"CXCL6",0.0342734951389545,NA,0.791190864600326,0.00249875062468766,0.00927566519770418,FALSE,"Endo"
"MICA",0.0342283789465543,NA,0.790375203915171,0.00149925037481259,0.0090360723697192,FALSE,"Endo"
"CTSG",0.0342008090720552,NA,0.789559543230016,0.00249875062468766,0.00927566519770418,FALSE,"Endo"
"EFNB3",0.0341896109821936,NA,0.788743882544861,0.00199900049975012,0.0090360723697192,FALSE,"Endo"
"PDPN",0.034156350323571,NA,0.787928221859706,0.00399800099950025,0.0109076864685697,FALSE,"Endo"
"PLXNA1",0.0341508925017568,NA,0.787112561174551,0.00399800099950025,0.0109076864685697,FALSE,"Endo"
"ADGRB1",0.034124476401029,NA,0.786296900489396,0.00549725137431284,0.0127540396468432,FALSE,"Endo"
"INSL5",0.0341005191357034,NA,0.785481239804241,0.00699650174912544,0.0144288125297621,FALSE,"Endo"
"CXCL3",0.034072971073664,NA,0.784665579119086,0.00299850074962519,0.00982129256227501,FALSE,"Endo"
"NCR2",0.0340660425286682,NA,0.783849918433931,0.00249875062468766,0.00927566519770418,FALSE,"Endo"
"KIAA0319L",0.0340641839878787,NA,0.783034257748777,0.00249875062468766,0.00927566519770418,FALSE,"Endo"
"COL4A5",0.0339918414846958,NA,0.782218597063622,0.00249875062468766,0.00927566519770418,FALSE,"Endo"
"HAS1",0.0339717760028748,NA,0.781402936378467,0.00149925037481259,0.0090360723697192,FALSE,"Endo"
"EFNB1",0.0339651266323368,NA,0.780587275693312,0.00249875062468766,0.00927566519770418,FALSE,"Endo"
"BMP2",0.0339513209225152,NA,0.779771615008157,0.00349825087456272,0.0104266601492441,FALSE,"Endo"
"COL20A1",0.0339498122475799,NA,0.778955954323002,0.00149925037481259,0.0090360723697192,FALSE,"Endo"
"MUC1",0.0339383483372133,NA,0.778140293637847,0.0179910044977511,0.0251013445441288,FALSE,"Endo"
"PPY",0.0339364071269642,NA,0.777324632952692,0.00299850074962519,0.00982129256227501,FALSE,"Endo"
"BTNL9",0.0339353784849398,NA,0.776508972267537,0.00249875062468766,0.00927566519770418,FALSE,"Endo"
"COL4A3",0.0339048023276542,NA,0.775693311582382,0.00249875062468766,0.00927566519770418,FALSE,"Endo"
"APOC1",0.0338855302875316,NA,0.774877650897227,0.00149925037481259,0.0090360723697192,TRUE,"Endo"
"TGFB1",0.0338731660214246,NA,0.774061990212072,0.00299850074962519,0.00982129256227501,FALSE,"Endo"
"PRLH",0.0338469875999744,NA,0.773246329526917,0.00149925037481259,0.0090360723697192,FALSE,"Endo"
"TSPAN5",0.0338450887002606,NA,0.772430668841762,0.00199900049975012,0.0090360723697192,FALSE,"Endo"
"TPSB2",0.0338049350088351,NA,0.771615008156607,0.00199900049975012,0.0090360723697192,FALSE,"Endo"
"SIGLEC9",0.0337821245908737,NA,0.770799347471452,0.00249875062468766,0.00927566519770418,FALSE,"Endo"
"GALP",0.0337775081522087,NA,0.769983686786297,0.00199900049975012,0.0090360723697192,FALSE,"Endo"
"LAMC2",0.0337413358726454,NA,0.769168026101142,0.00249875062468766,0.00927566519770418,FALSE,"Endo"
"WNT8A",0.0337257193715342,NA,0.768352365415987,0.00699650174912544,0.0144288125297621,FALSE,"Endo"
"CCL22",0.0337232929119145,NA,0.767536704730832,0.00199900049975012,0.0090360723697192,FALSE,"Endo"
"WNT7A",0.0336977933257827,NA,0.766721044045677,0.00849575212393803,0.0156972795653455,FALSE,"Endo"
"RGMA",0.0336860605145063,NA,0.765905383360522,0.00199900049975012,0.0090360723697192,FALSE,"Endo"
"PSG7",0.0336683375781084,NA,0.765089722675367,0.00249875062468766,0.00927566519770418,FALSE,"Endo"
"GGT1",0.0336664881853741,NA,0.764274061990212,0.00199900049975012,0.0090360723697192,FALSE,"Endo"
"WNT3",0.033666369291553,NA,0.763458401305057,0.00749625187406297,0.0150293102221393,FALSE,"Endo"
"PRND",0.0335692490032238,NA,0.762642740619902,0.00399800099950025,0.0109076864685697,FALSE,"Endo"
"NDP",0.0335345210161056,NA,0.761827079934747,0.00149925037481259,0.0090360723697192,FALSE,"Endo"
"SCGB3A1",0.0334945512963341,NA,0.761011419249592,0.00399800099950025,0.0109076864685697,FALSE,"Endo"
"LIN7C",0.0334930925821334,NA,0.760195758564437,0.000999500249875062,0.0090360723697192,FALSE,"Endo"
"CXCL11",0.0334684261904638,NA,0.759380097879282,0.00549725137431284,0.0127540396468432,FALSE,"Endo"
"ITGA9",0.0334647280808316,NA,0.758564437194127,0.00249875062468766,0.00927566519770418,FALSE,"Endo"
"CFH",0.0334578771751735,NA,0.757748776508972,0.00149925037481259,0.0090360723697192,FALSE,"Endo"
"ADAM10",0.0333939721292918,NA,0.756933115823817,0.00699650174912544,0.0144288125297621,FALSE,"Endo"
"FGF20",0.0333924131849517,NA,0.756117455138662,0.00199900049975012,0.0090360723697192,FALSE,"Endo"
"HCRT",0.0333023984465426,NA,0.755301794453507,0.00149925037481259,0.0090360723697192,FALSE,"Endo"
"CCL4L1",0.0332529450377945,NA,0.754486133768352,0.00199900049975012,0.0090360723697192,FALSE,"Endo"
"AHSG",0.0332521651256755,NA,0.753670473083197,0.00149925037481259,0.0090360723697192,FALSE,"Endo"
"SEMA4C",0.0332193350093972,NA,0.752854812398042,0.000999500249875062,0.0090360723697192,FALSE,"Endo"
"RSPO4",0.0332120126353175,NA,0.752039151712887,0.000999500249875062,0.0090360723697192,FALSE,"Endo"
"PLEKHO2",0.0331953754411314,NA,0.751223491027732,0.00199900049975012,0.0090360723697192,FALSE,"Endo"
"CD47",0.0331859483731844,NA,0.750407830342578,0.00249875062468766,0.00927566519770418,FALSE,"Endo"
"PSG6",0.0331499309534545,NA,0.749592169657422,0.00249875062468766,0.00927566519770418,FALSE,"Endo"
"SLITRK4",0.0331175352827669,NA,0.748776508972268,0.00249875062468766,0.00927566519770418,FALSE,"Endo"
"ADAM29",0.0330883073674282,NA,0.747960848287113,0.00649675162418791,0.0140114801754053,FALSE,"Endo"
"LIN7B",0.0330645007907138,NA,0.747145187601958,0.000999500249875062,0.0090360723697192,FALSE,"Endo"
"WNT8B",0.0330387240732737,NA,0.746329526916803,0.00849575212393803,0.0156972795653455,FALSE,"Endo"
"BMP1",0.0330367230447398,NA,0.745513866231648,0.00299850074962519,0.00982129256227501,FALSE,"Endo"
"LRFN3",0.033030023366365,NA,0.744698205546493,0.00149925037481259,0.0090360723697192,FALSE,"Endo"
"CP",0.0330262754095495,NA,0.743882544861338,0.00749625187406297,0.0150293102221393,FALSE,"Endo"
"WNT9A",0.0330104442930299,NA,0.743066884176183,0.00849575212393803,0.0156972795653455,FALSE,"Endo"
"MSN",0.0330039506604839,NA,0.742251223491028,0.000999500249875062,0.0090360723697192,FALSE,"Endo"
"WNT6",0.0329590000719994,NA,0.741435562805873,0.00849575212393803,0.0156972795653455,FALSE,"Endo"
"ICAM3",0.03295491854716,NA,0.740619902120718,0.00199900049975012,0.0090360723697192,FALSE,"Endo"
"SLAMF6",0.032950808098965,NA,0.739804241435563,0.00349825087456272,0.0104266601492441,FALSE,"Endo"
"SDC4",0.0329350240204929,NA,0.738988580750408,0.00199900049975012,0.0090360723697192,FALSE,"Endo"
"LPA",0.0329033345545729,NA,0.738172920065253,0.0289855072463768,0.0358659054311228,FALSE,"Endo"
"FGA",0.0328774525378553,NA,0.737357259380098,0.00299850074962519,0.00982129256227501,FALSE,"Endo"
"LYPD6",0.0328559770125112,NA,0.736541598694943,0.00149925037481259,0.0090360723697192,FALSE,"Endo"
"LUM",0.0328249434917189,NA,0.735725938009788,0.00199900049975012,0.0090360723697192,FALSE,"Endo"
"DEFB103B",0.0328018021538241,NA,0.734910277324633,0.00349825087456272,0.0104266601492441,FALSE,"Endo"
"CHAD",0.0327977071489136,NA,0.734094616639478,0.0109945027486257,0.0184244403106244,FALSE,"Endo"
"COL22A1",0.0327798717226737,NA,0.733278955954323,0.00249875062468766,0.00927566519770418,FALSE,"Endo"
"ALOX5AP",0.0327527119322543,NA,0.732463295269168,0.000999500249875062,0.0090360723697192,FALSE,"Endo"
"MELTF",0.0327450919900385,NA,0.731647634584013,0.00649675162418791,0.0140114801754053,FALSE,"Endo"
"SEMA6B",0.0327309942959438,NA,0.730831973898858,0.00149925037481259,0.0090360723697192,FALSE,"Endo"
"FGF16",0.0327055192752458,NA,0.730016313213703,0.00299850074962519,0.00982129256227501,FALSE,"Endo"
"WNT10A",0.0327020883401212,NA,0.729200652528548,0.00849575212393803,0.0156972795653455,FALSE,"Endo"
"ITGA4",0.032695724397814,NA,0.728384991843393,0.00199900049975012,0.0090360723697192,FALSE,"Endo"
"CEACAM6",0.0326518898958598,NA,0.727569331158238,0.00299850074962519,0.00982129256227501,FALSE,"Endo"
"KL",0.0326360918571747,NA,0.726753670473083,0.00299850074962519,0.00982129256227501,FALSE,"Endo"
"SLITRK6",0.0326106897723476,NA,0.725938009787928,0.00299850074962519,0.00982129256227501,FALSE,"Endo"
"NRG1",0.0325721638802695,NA,0.725122349102773,0.00499750124937531,0.0121708529433097,FALSE,"Endo"
"GPC3",0.0325595298904901,NA,0.724306688417618,0.00249875062468766,0.00927566519770418,FALSE,"Endo"
"INSL3",0.03255849542643,NA,0.723491027732463,0.00299850074962519,0.00982129256227501,FALSE,"Endo"
"NODAL",0.0325295050539742,NA,0.722675367047308,0.00749625187406297,0.0150293102221393,FALSE,"Endo"
"FGG",0.0325286183797081,NA,0.721859706362153,0.00199900049975012,0.0090360723697192,FALSE,"Endo"
"PDCD1LG2",0.0325248818468115,NA,0.721044045676998,0.00399800099950025,0.0109076864685697,FALSE,"Endo"
"FGF3",0.0324774261054213,NA,0.720228384991843,0.00299850074962519,0.00982129256227501,FALSE,"Endo"
"NLGN2",0.0324712780961469,NA,0.719412724306688,0.00249875062468766,0.00927566519770418,FALSE,"Endo"
"HJV",0.0324532743433542,NA,0.718597063621533,0.00249875062468766,0.00927566519770418,FALSE,"Endo"
"LY6G6F",0.0324492849193459,NA,0.717781402936378,0.00199900049975012,0.0090360723697192,FALSE,"Endo"
"DSG2",0.0324228829016781,NA,0.716965742251223,0.00149925037481259,0.0090360723697192,FALSE,"Endo"
"WNT7B",0.0324129887525416,NA,0.716150081566069,0.00999500249875063,0.0174912543728136,FALSE,"Endo"
"NCAM1",0.0324053718835349,NA,0.715334420880914,0.00149925037481259,0.0090360723697192,FALSE,"Endo"
"SLC6A8",0.0323892018018588,NA,0.714518760195759,0.0109945027486257,0.0184244403106244,FALSE,"Endo"
"KLRA1P",0.0323833217230812,NA,0.713703099510604,0.00349825087456272,0.0104266601492441,FALSE,"Endo"
"UCN2",0.0323821434617847,NA,0.712887438825449,0.00349825087456272,0.0104266601492441,FALSE,"Endo"
"CTSD",0.0323758962592452,NA,0.712071778140294,0.00199900049975012,0.0090360723697192,FALSE,"Endo"
"COL11A2",0.0323614398135714,NA,0.711256117455139,0.00549725137431284,0.0127540396468432,FALSE,"Endo"
"COMP",0.0323478012766843,NA,0.710440456769984,0.00599700149925037,0.0134302135952134,FALSE,"Endo"
"LRRC4",0.0323351061760406,NA,0.709624796084829,0.00699650174912544,0.0144288125297621,FALSE,"Endo"
"PTPRK",0.0323126608134993,NA,0.708809135399674,0.00199900049975012,0.0090360723697192,FALSE,"Endo"
"SEMA4F",0.0323004494258246,NA,0.707993474714519,0.00199900049975012,0.0090360723697192,FALSE,"Endo"
"SEMA7A",0.0322970782912319,NA,0.707177814029364,0.00349825087456272,0.0104266601492441,FALSE,"Endo"
"FGF22",0.0322937888132408,NA,0.706362153344209,0.00349825087456272,0.0104266601492441,FALSE,"Endo"
"SLIT3",0.0322764650568202,NA,0.705546492659054,0.00849575212393803,0.0156972795653455,FALSE,"Endo"
"ENHO",0.0322740606758822,NA,0.704730831973899,0.00249875062468766,0.00927566519770418,FALSE,"Endo"
"JAML",0.0322728251541083,NA,0.703915171288744,0.00349825087456272,0.0104266601492441,FALSE,"Endo"
"CD96",0.0322726022721708,NA,0.703099510603589,0.00199900049975012,0.0090360723697192,FALSE,"Endo"
"GSTP1",0.0322657114697536,NA,0.702283849918434,0.00149925037481259,0.0090360723697192,FALSE,"Endo"
"EMC1",0.0322569825254643,NA,0.701468189233279,0.00149925037481259,0.0090360723697192,FALSE,"Endo"
"PZP",0.0322489893490447,NA,0.700652528548124,0.00199900049975012,0.0090360723697192,FALSE,"Endo"
"ICAM1",0.0321891266939067,NA,0.699836867862969,0.00749625187406297,0.0150293102221393,FALSE,"Endo"
"SOSTDC1",0.0321766382716004,NA,0.699021207177814,0.000999500249875062,0.0090360723697192,FALSE,"Endo"
"NTM",0.0321701582944251,NA,0.698205546492659,0.00199900049975012,0.0090360723697192,FALSE,"Endo"
"TCTN1",0.0321279641963755,NA,0.697389885807504,0.00199900049975012,0.0090360723697192,FALSE,"Endo"
"COL4A4",0.0320992660728667,NA,0.696574225122349,0.00899550224887556,0.0163493920695439,FALSE,"Endo"
"COL9A3",0.0320932689631158,NA,0.695758564437194,0.0079960019990005,0.0155972968929548,FALSE,"Endo"
"NXPH3",0.0320770954165817,NA,0.694942903752039,0.00249875062468766,0.00927566519770418,FALSE,"Endo"
"CDH13",0.0320709732956667,NA,0.694127243066884,0.00349825087456272,0.0104266601492441,FALSE,"Endo"
"FGF6",0.0320541443121953,NA,0.693311582381729,0.00299850074962519,0.00982129256227501,FALSE,"Endo"
"SEMA5B",0.0320483361777086,NA,0.692495921696574,0.00149925037481259,0.0090360723697192,FALSE,"Endo"
"CXCL17",0.0320196634235335,NA,0.691680261011419,0.00299850074962519,0.00982129256227501,FALSE,"Endo"
"C1QTNF5",0.032011814863254,NA,0.690864600326264,0.00299850074962519,0.00982129256227501,FALSE,"Endo"
"WNT2",0.0320054124529676,NA,0.690048939641109,0.00749625187406297,0.0150293102221393,FALSE,"Endo"
"F9",0.031991405880682,NA,0.689233278955954,0.00199900049975012,0.0090360723697192,FALSE,"Endo"
"APOC4",0.0319818890051455,NA,0.688417618270799,0.00349825087456272,0.0104266601492441,FALSE,"Endo"
"SFTPA1",0.0319499678139931,NA,0.687601957585644,0.00749625187406297,0.0150293102221393,FALSE,"Endo"
"SEMA3G",0.031937586638939,NA,0.686786296900489,0.00199900049975012,0.0090360723697192,FALSE,"Endo"
"C4BPA",0.0318894259218011,NA,0.685970636215334,0.00199900049975012,0.0090360723697192,FALSE,"Endo"
"WNT11",0.0318720722803688,NA,0.685154975530179,0.00899550224887556,0.0163493920695439,FALSE,"Endo"
"CTF1",0.0318036859831379,NA,0.684339314845024,0.00849575212393803,0.0156972795653455,FALSE,"Endo"
"TIMP3",0.0317892733919101,NA,0.683523654159869,0.00199900049975012,0.0090360723697192,FALSE,"Endo"
"VCAM1",0.0317862410916662,NA,0.682707993474715,0.00199900049975012,0.0090360723697192,FALSE,"Endo"
"ADAM15",0.0317416560893424,NA,0.68189233278956,0.00249875062468766,0.00927566519770418,FALSE,"Endo"
"LRPAP1",0.0316923197699212,NA,0.681076672104405,0.00249875062468766,0.00927566519770418,FALSE,"Endo"
"ANPEP",0.0316674954334942,NA,0.68026101141925,0.00549725137431284,0.0127540396468432,FALSE,"Endo"
"MMP25",0.0316645348755317,NA,0.679445350734095,0.00299850074962519,0.00982129256227501,FALSE,"Endo"
"SIRPB2",0.0316520284969211,NA,0.67862969004894,0.00299850074962519,0.00982129256227501,FALSE,"Endo"
"F13A1",0.0316462329012572,NA,0.677814029363785,0.00199900049975012,0.0090360723697192,FALSE,"Endo"
"AMBN",0.0315897962149996,NA,0.67699836867863,0.000999500249875062,0.0090360723697192,FALSE,"Endo"
"XCL1",0.0315742688854886,NA,0.676182707993475,0.00199900049975012,0.0090360723697192,FALSE,"Endo"
"CRISP2",0.031568706299106,NA,0.67536704730832,0.00349825087456272,0.0104266601492441,FALSE,"Endo"
"LAYN",0.0315649318132793,NA,0.674551386623165,0.00249875062468766,0.00927566519770418,FALSE,"Endo"
"TYROBP",0.0315544244095436,NA,0.67373572593801,0.00449775112443778,0.0114547715747116,FALSE,"Endo"
"LRFN1",0.0315490033367006,NA,0.672920065252855,0.00299850074962519,0.00982129256227501,FALSE,"Endo"
"APOB",0.0315454827926014,NA,0.6721044045677,0.00499750124937531,0.0121708529433097,FALSE,"Endo"
"ULBP2",0.031541276865732,NA,0.671288743882545,0.00249875062468766,0.00927566519770418,FALSE,"Endo"
"ANGPTL1",0.031537884665956,NA,0.67047308319739,0.00249875062468766,0.00927566519770418,FALSE,"Endo"
"UCN3",0.0315217646255729,NA,0.669657422512235,0.00599700149925037,0.0134302135952134,FALSE,"Endo"
"PRSS2",0.0315211460791632,NA,0.66884176182708,0.0114942528735632,0.0187240156517486,FALSE,"Endo"
"CLMP",0.0315130823074447,NA,0.668026101141925,0.00299850074962519,0.00982129256227501,FALSE,"Endo"
"GAS6",0.031510959271793,NA,0.66721044045677,0.00249875062468766,0.00927566519770418,FALSE,"Endo"
"WNT9B",0.0314723861053095,NA,0.666394779771615,0.0119940029985007,0.0192060832328934,FALSE,"Endo"
"S100A12",0.0314324285814441,NA,0.66557911908646,0.0079960019990005,0.0155972968929548,FALSE,"Endo"
"WFIKKN2",0.0314316031256796,NA,0.664763458401305,0.00199900049975012,0.0090360723697192,FALSE,"Endo"
"COL12A1",0.0314305900178323,NA,0.66394779771615,0.0104947526236882,0.0179554077709748,TRUE,"Endo"
"TREML1",0.031416955150709,NA,0.663132137030995,0.00449775112443778,0.0114547715747116,FALSE,"Endo"
"WNT5B",0.0314046240311075,NA,0.66231647634584,0.0124937531234383,0.0196720405863906,FALSE,"Endo"
"KIRREL1",0.0313877146185053,NA,0.661500815660685,0.00249875062468766,0.00927566519770418,FALSE,"Endo"
"RLN1",0.0313278224312744,NA,0.66068515497553,0.00349825087456272,0.0104266601492441,FALSE,"Endo"
"SARAF",0.031306824149446,NA,0.659869494290375,0.00349825087456272,0.0104266601492441,FALSE,"Endo"
"LIN7A",0.0312596089855211,NA,0.65905383360522,0.00699650174912544,0.0144288125297621,FALSE,"Endo"
"SPINT1",0.0312546821699783,NA,0.658238172920065,0.00899550224887556,0.0163493920695439,FALSE,"Endo"
"SLITRK5",0.0312513706691275,NA,0.65742251223491,0.00149925037481259,0.0090360723697192,FALSE,"Endo"
"SLURP1",0.0312466879534136,NA,0.656606851549755,0.00649675162418791,0.0140114801754053,FALSE,"Endo"
"TFF1",0.0312287164475932,NA,0.6557911908646,0.00249875062468766,0.00927566519770418,FALSE,"Endo"
"WNT16",0.0312262916230043,NA,0.654975530179445,0.0114942528735632,0.0187240156517486,FALSE,"Endo"
"F5",0.0312171482690364,NA,0.65415986949429,0.00199900049975012,0.0090360723697192,FALSE,"Endo"
"TDGF1P3",0.0311529924825811,NA,0.653344208809135,0.00499750124937531,0.0121708529433097,FALSE,"Endo"
"NXPH1",0.0311313841968842,NA,0.65252854812398,0.00549725137431284,0.0127540396468432,FALSE,"Endo"
"MANSC1",0.0311263547412845,NA,0.651712887438825,0.00399800099950025,0.0109076864685697,FALSE,"Endo"
"NCAN",0.0311037344637089,NA,0.65089722675367,0.00249875062468766,0.00927566519770418,FALSE,"Endo"
"LRRC4B",0.0310775395093186,NA,0.650081566068516,0.00249875062468766,0.00927566519770418,FALSE,"Endo"
"NTN4",0.0310706427849776,NA,0.64926590538336,0.00149925037481259,0.0090360723697192,FALSE,"Endo"
"VSIG10",0.0310559628139713,NA,0.648450244698206,0.00299850074962519,0.00982129256227501,FALSE,"Endo"
"CXCL14",0.0310524569900887,NA,0.647634584013051,0.00349825087456272,0.0104266601492441,FALSE,"Endo"
"L1CAM",0.0310309190503089,NA,0.646818923327896,0.00349825087456272,0.0104266601492441,FALSE,"Endo"
"IL34",0.0310291325031755,NA,0.646003262642741,0.00349825087456272,0.0104266601492441,FALSE,"Endo"
"PGLYRP1",0.031023077971774,NA,0.645187601957586,0.00399800099950025,0.0109076864685697,FALSE,"Endo"
"XCL2",0.0310033290210409,NA,0.644371941272431,0.00299850074962519,0.00982129256227501,FALSE,"Endo"
"C3",0.0309850696600035,NA,0.643556280587276,0.0114942528735632,0.0187240156517486,FALSE,"Endo"
"LRIT1",0.0309499018350451,NA,0.642740619902121,0.00249875062468766,0.00927566519770418,FALSE,"Endo"
"DMP1",0.0309432253145707,NA,0.641924959216966,0.00649675162418791,0.0140114801754053,FALSE,"Endo"
"C1QTNF1",0.0309238869795701,NA,0.641109298531811,0.00299850074962519,0.00982129256227501,FALSE,"Endo"
"DRAXIN",0.0309069726118175,NA,0.640293637846656,0.00199900049975012,0.0090360723697192,FALSE,"Endo"
"KIR2DS3",0.0308844251522078,NA,0.639477977161501,0.00199900049975012,0.0090360723697192,FALSE,"Endo"
"DSC3",0.0308790101237336,NA,0.638662316476346,0.00299850074962519,0.00982129256227501,FALSE,"Endo"
"LGI3",0.0308574704082513,NA,0.637846655791191,0.00349825087456272,0.0104266601492441,FALSE,"Endo"
"TSHB",0.0308567237098521,NA,0.637030995106036,0.00849575212393803,0.0156972795653455,FALSE,"Endo"
"RSPO2",0.0308502205827264,NA,0.636215334420881,0.00249875062468766,0.00927566519770418,FALSE,"Endo"
"GHRH",0.0308477380594456,NA,0.635399673735726,0.00999500249875063,0.0174912543728136,FALSE,"Endo"
"CA12",0.0308321895415973,NA,0.634584013050571,0.00199900049975012,0.0090360723697192,FALSE,"Endo"
"HHIPL2",0.0308320347732779,NA,0.633768352365416,0.00199900049975012,0.0090360723697192,FALSE,"Endo"
"CD55",0.0308021801857035,NA,0.632952691680261,0.00499750124937531,0.0121708529433097,FALSE,"Endo"
"SHBG",0.0307972711857805,NA,0.632137030995106,0.00749625187406297,0.0150293102221393,FALSE,"Endo"
"IL6",0.0307917040376454,NA,0.631321370309951,0.0109945027486257,0.0184244403106244,FALSE,"Endo"
"LPL",0.0307910127452298,NA,0.630505709624796,0.00849575212393803,0.0156972795653455,FALSE,"Endo"
"CD300C",0.0307854810493404,NA,0.629690048939641,0.00449775112443778,0.0114547715747116,FALSE,"Endo"
"GDF2",0.0307814753455263,NA,0.628874388254486,0.00499750124937531,0.0121708529433097,FALSE,"Endo"
"VCAN",0.0307799822460859,NA,0.628058727569331,0.00499750124937531,0.0121708529433097,FALSE,"Endo"
"CNTN6",0.0307702158252862,NA,0.627243066884176,0.00299850074962519,0.00982129256227501,FALSE,"Endo"
"COL9A1",0.0307651645578938,NA,0.626427406199021,0.0104947526236882,0.0179554077709748,FALSE,"Endo"
"EFEMP1",0.0307412223141651,NA,0.625611745513866,0.00249875062468766,0.00927566519770418,TRUE,"Endo"
"WNT10B",0.0307043524987457,NA,0.624796084828711,0.0144927536231884,0.0216771955902391,FALSE,"Endo"
"TCTN3",0.0306752571328401,NA,0.623980424143556,0.00249875062468766,0.00927566519770418,FALSE,"Endo"
"ITGAL",0.0306634376662528,NA,0.623164763458401,0.00849575212393803,0.0156972795653455,FALSE,"Endo"
"OBP2A",0.0306464037253509,NA,0.622349102773246,0.00249875062468766,0.00927566519770418,FALSE,"Endo"
"HLA-B",0.0306455148463542,NA,0.621533442088091,0.00249875062468766,0.00927566519770418,FALSE,"Endo"
"DSG1",0.0306423692984249,NA,0.620717781402936,0.00199900049975012,0.0090360723697192,FALSE,"Endo"
"APOC2",0.0306405550766106,NA,0.619902120717781,0.000999500249875062,0.0090360723697192,FALSE,"Endo"
"EZR",0.0306297688023146,NA,0.619086460032626,0.015992003998001,0.0231836744349719,FALSE,"Endo"
"LCN1",0.030598323952635,NA,0.618270799347471,0.00149925037481259,0.0090360723697192,FALSE,"Endo"
"APOO",0.0305956204952465,NA,0.617455138662316,0.00249875062468766,0.00927566519770418,FALSE,"Endo"
"PAPLN",0.0305808342619314,NA,0.616639477977161,0.00349825087456272,0.0104266601492441,FALSE,"Endo"
"MBL2",0.0305802597028282,NA,0.615823817292007,0.00399800099950025,0.0109076864685697,FALSE,"Endo"
"CD48",0.0305783917851599,NA,0.615008156606852,0.00699650174912544,0.0144288125297621,FALSE,"Endo"
"OSM",0.0305718751266793,NA,0.614192495921697,0.0079960019990005,0.0155972968929548,FALSE,"Endo"
"DEFB1",0.0305683835564625,NA,0.613376835236542,0.00349825087456272,0.0104266601492441,FALSE,"Endo"
"LGALS9",0.0305594922603244,NA,0.612561174551387,0.00449775112443778,0.0114547715747116,TRUE,"Endo"
"IGSF3",0.0305397813284577,NA,0.611745513866232,0.00349825087456272,0.0104266601492441,FALSE,"Endo"
"HRG",0.030528975483632,NA,0.610929853181077,0.00699650174912544,0.0144288125297621,FALSE,"Endo"
"NFASC",0.0305195780481026,NA,0.610114192495922,0.00299850074962519,0.00982129256227501,FALSE,"Endo"
"LINGO4",0.0305195780481004,NA,0.609298531810767,0.00299850074962519,0.00982129256227501,FALSE,"Endo"
"LGI1",0.0305088679746847,NA,0.608482871125612,0.00449775112443778,0.0114547715747116,FALSE,"Endo"
"UCN",0.0304974735863015,NA,0.607667210440457,0.00399800099950025,0.0109076864685697,FALSE,"Endo"
"CD300A",0.0304927195480627,NA,0.606851549755302,0.00399800099950025,0.0109076864685697,FALSE,"Endo"
"NECTIN1",0.0304835694409751,NA,0.606035889070147,0.00399800099950025,0.0109076864685697,FALSE,"Endo"
"ANXA1",0.0304809167186931,NA,0.605220228384992,0.00999500249875063,0.0174912543728136,TRUE,"Endo"
"CNTN4",0.030454973197102,NA,0.604404567699837,0.00349825087456272,0.0104266601492441,FALSE,"Endo"
"FAT4",0.0304382161464133,NA,0.603588907014682,0.00199900049975012,0.0090360723697192,FALSE,"Endo"
"LRFN5",0.0304159952352359,NA,0.602773246329527,0.00249875062468766,0.00927566519770418,FALSE,"Endo"
"KIR2DL5A",0.03036026347597,NA,0.601957585644372,0.00399800099950025,0.0109076864685697,FALSE,"Endo"
"VTCN1",0.0303553064020925,NA,0.601141924959217,0.00599700149925037,0.0134302135952134,FALSE,"Endo"
"LAMB1",0.0303472007723142,NA,0.600326264274062,0.00399800099950025,0.0109076864685697,FALSE,"Endo"
"S100B",0.0303461610496274,NA,0.599510603588907,0.0179910044977511,0.0251013445441288,FALSE,"Endo"
"EGFL8",0.0303342112971236,NA,0.598694942903752,0.00299850074962519,0.00982129256227501,FALSE,"Endo"
"ATP1B1",0.0303222484209472,NA,0.597879282218597,0.0164917541229385,0.023795522733333,FALSE,"Endo"
"PODXL2",0.0303097915143344,NA,0.597063621533442,0.00749625187406297,0.0150293102221393,FALSE,"Endo"
"NLGN4X",0.0303014813511546,NA,0.596247960848287,0.00249875062468766,0.00927566519770418,FALSE,"Endo"
"RLN2",0.0302914658435149,NA,0.595432300163132,0.00399800099950025,0.0109076864685697,FALSE,"Endo"
"MMP2",0.0302343206752427,NA,0.594616639477977,0.00599700149925037,0.0134302135952134,FALSE,"Endo"
"NRXN1",0.0302181608084579,NA,0.593800978792822,0.00299850074962519,0.00982129256227501,FALSE,"Endo"
"FAM200A",0.0301936285973929,NA,0.592985318107667,0.0079960019990005,0.0155972968929548,FALSE,"Endo"
"LGALS3BP",0.0301798054138508,NA,0.592169657422512,0.00849575212393803,0.0156972795653455,FALSE,"Endo"
"PI16",0.0301723528785189,NA,0.591353996737357,0.00299850074962519,0.00982129256227501,FALSE,"Endo"
"HAPLN1",0.0301583556481445,NA,0.590538336052202,0.00749625187406297,0.0150293102221393,FALSE,"Endo"
"SELP",0.0301502316651041,NA,0.589722675367047,0.00449775112443778,0.0114547715747116,FALSE,"Endo"
"ICAM5",0.0301479375583646,NA,0.588907014681892,0.00699650174912544,0.0144288125297621,FALSE,"Endo"
"CCL24",0.0301290392920143,NA,0.588091353996737,0.00549725137431284,0.0127540396468432,FALSE,"Endo"
"EDN2",0.0301261679389065,NA,0.587275693311582,0.00449775112443778,0.0114547715747116,FALSE,"Endo"
"IL36A",0.0301095342928757,NA,0.586460032626427,0.00699650174912544,0.0144288125297621,FALSE,"Endo"
"LHB",0.0300808421662937,NA,0.585644371941272,0.00299850074962519,0.00982129256227501,FALSE,"Endo"
"TNXB",0.0300369870639422,NA,0.584828711256117,0.00299850074962519,0.00982129256227501,FALSE,"Endo"
"TGOLN2",0.0300217186120143,NA,0.584013050570963,0.00399800099950025,0.0109076864685697,FALSE,"Endo"
"WNT4",0.0299875569788303,NA,0.583197389885807,0.0149925037481259,0.0222077594818069,FALSE,"Endo"
"SCGB3A2",0.0299679706982018,NA,0.582381729200653,0.00399800099950025,0.0109076864685697,FALSE,"Endo"
"EFNA2",0.0299636279317426,NA,0.581566068515498,0.00399800099950025,0.0109076864685697,FALSE,"Endo"
"EFEMP2",0.0299592169469694,NA,0.580750407830343,0.0079960019990005,0.0155972968929548,FALSE,"Endo"
"DEFB106B",0.0299222872759649,NA,0.579934747145188,0.00199900049975012,0.0090360723697192,FALSE,"Endo"
"ITGB2",0.0299176578807541,NA,0.579119086460033,0.00649675162418791,0.0140114801754053,FALSE,"Endo"
"SIGLEC14",0.0298910085178881,NA,0.578303425774878,0.00449775112443778,0.0114547715747116,FALSE,"Endo"
"RECK",0.0298896729080106,NA,0.577487765089723,0.00349825087456272,0.0104266601492441,FALSE,"Endo"
"NRG2",0.0298838052964704,NA,0.576672104404568,0.00949525237381309,0.0168575132723493,FALSE,"Endo"
"DSCAML1",0.0298510071980832,NA,0.575856443719413,0.00199900049975012,0.0090360723697192,FALSE,"Endo"
"IGSF11",0.0298495408033653,NA,0.575040783034258,0.00549725137431284,0.0127540396468432,FALSE,"Endo"
"GUCA2A",0.0298430742434748,NA,0.574225122349103,0.00599700149925037,0.0134302135952134,FALSE,"Endo"
"ADAM9",0.029836062807605,NA,0.573409461663948,0.0164917541229385,0.023795522733333,FALSE,"Endo"
"FLT3LG",0.0298273531100997,NA,0.572593800978793,0.00549725137431284,0.0127540396468432,FALSE,"Endo"
"PROC",0.0298257781910739,NA,0.571778140293638,0.00649675162418791,0.0140114801754053,FALSE,"Endo"
"MPZ",0.0298181668543889,NA,0.570962479608483,0.00399800099950025,0.0109076864685697,FALSE,"Endo"
"CSF2",0.0298045990096704,NA,0.570146818923328,0.00949525237381309,0.0168575132723493,FALSE,"Endo"
"RLN3",0.0298008019505347,NA,0.569331158238173,0.00299850074962519,0.00982129256227501,FALSE,"Endo"
"MPZL3",0.0297991103463781,NA,0.568515497553018,0.00399800099950025,0.0109076864685697,FALSE,"Endo"
"PODXL",0.0297908652178726,NA,0.567699836867863,0.00549725137431284,0.0127540396468432,FALSE,"Endo"
"MMP1",0.0297870640807763,NA,0.566884176182708,0.00949525237381309,0.0168575132723493,FALSE,"Endo"
"BTLA",0.0297708516122227,NA,0.566068515497553,0.00699650174912544,0.0144288125297621,FALSE,"Endo"
"ITGB1",0.029754417661299,NA,0.565252854812398,0.00499750124937531,0.0121708529433097,FALSE,"Endo"
"COL8A1",0.029740273584209,NA,0.564437194127243,0.00449775112443778,0.0114547715747116,TRUE,"Endo"
"CSH2",0.0297334529461491,NA,0.563621533442088,0.0199900049975013,0.0270882257986051,FALSE,"Endo"
"TGFA",0.0297326194173918,NA,0.562805872756933,0.0104947526236882,0.0179554077709748,FALSE,"Endo"
"CD1B",0.0297072796474581,NA,0.561990212071778,0.00399800099950025,0.0109076864685697,FALSE,"Endo"
"LILRB2",0.0296773315403941,NA,0.561174551386623,0.00399800099950025,0.0109076864685697,FALSE,"Endo"
"CORT",0.02967326348107,NA,0.560358890701468,0.00249875062468766,0.00927566519770418,FALSE,"Endo"
"CNTN3",0.029663097108939,NA,0.559543230016313,0.00249875062468766,0.00927566519770418,FALSE,"Endo"
"CORIN",0.0296317331206167,NA,0.558727569331158,0.00349825087456272,0.0104266601492441,FALSE,"Endo"
"CCL17",0.0296261112709036,NA,0.557911908646003,0.00399800099950025,0.0109076864685697,FALSE,"Endo"
"HLA-DOA",0.029624126715949,NA,0.557096247960848,0.00349825087456272,0.0104266601492441,FALSE,"Endo"
"COL8A2",0.0296149333798873,NA,0.556280587275693,0.0139930034982509,0.0211622583769843,FALSE,"Endo"
"TDGF1",0.0296103470331183,NA,0.555464926590538,0.00449775112443778,0.0114547715747116,FALSE,"Endo"
"PDYN",0.0295817412950519,NA,0.554649265905383,0.0114942528735632,0.0187240156517486,FALSE,"Endo"
"NLGN4Y",0.0295322581689246,NA,0.553833605220228,0.00449775112443778,0.0114547715747116,FALSE,"Endo"
"KCNA1",0.0294940374524017,NA,0.553017944535073,0.00399800099950025,0.0109076864685697,FALSE,"Endo"
"ACP4",0.0294762111714929,NA,0.552202283849918,0.00299850074962519,0.00982129256227501,FALSE,"Endo"
"EPO",0.029469619381644,NA,0.551386623164764,0.0104947526236882,0.0179554077709748,FALSE,"Endo"
"SEMA3E",0.0294311236427938,NA,0.550570962479608,0.00549725137431284,0.0127540396468432,FALSE,"Endo"
"LACRT",0.0294115993167793,NA,0.549755301794454,0.00349825087456272,0.0104266601492441,FALSE,"Endo"
"RTN4",0.0293622774569296,NA,0.548939641109298,0.00399800099950025,0.0109076864685697,FALSE,"Endo"
"TG",0.0293432756253943,NA,0.548123980424144,0.00849575212393803,0.0156972795653455,FALSE,"Endo"
"FSTL5",0.029336757639445,NA,0.547308319738989,0.00449775112443778,0.0114547715747116,FALSE,"Endo"
"CD44",0.0293282645115803,NA,0.546492659053834,0.0169915042478761,0.0242311905746777,FALSE,"Endo"
"RPS19",0.0292554077191655,NA,0.545676998368679,0.00449775112443778,0.0114547715747116,FALSE,"Endo"
"ILDR2",0.0292517222688817,NA,0.544861337683524,0.00399800099950025,0.0109076864685697,FALSE,"Endo"
"TSPAN3",0.0292170301587561,NA,0.544045676998369,0.00449775112443778,0.0114547715747116,FALSE,"Endo"
"GC",0.0291818346002819,NA,0.543230016313214,0.00649675162418791,0.0140114801754053,FALSE,"Endo"
"PROS1",0.0291803987240427,NA,0.542414355628059,0.00849575212393803,0.0156972795653455,FALSE,"Endo"
"CD2",0.0291535920543204,NA,0.541598694942904,0.015992003998001,0.0231836744349719,FALSE,"Endo"
"ZDHHC5",0.0291437972948288,NA,0.540783034257749,0.00299850074962519,0.00982129256227501,FALSE,"Endo"
"CD79B",0.0291427407239717,NA,0.539967373572594,0.00299850074962519,0.00982129256227501,FALSE,"Endo"
"NPPC",0.0291240222245127,NA,0.539151712887439,0.00349825087456272,0.0104266601492441,FALSE,"Endo"
"CTHRC1",0.0291227580112397,NA,0.538336052202284,0.00299850074962519,0.00982129256227501,FALSE,"Endo"
"WNT2B",0.0291210394642135,NA,0.537520391517129,0.0149925037481259,0.0222077594818069,FALSE,"Endo"
"DSC1",0.0291036602368382,NA,0.536704730831974,0.00499750124937531,0.0121708529433097,FALSE,"Endo"
"REN",0.0290302306103529,NA,0.535889070146819,0.0104947526236882,0.0179554077709748,FALSE,"Endo"
"NAALADL1",0.0290188411404907,NA,0.535073409461664,0.00349825087456272,0.0104266601492441,FALSE,"Endo"
"EFNA3",0.0290094468203453,NA,0.534257748776509,0.00849575212393803,0.0156972795653455,FALSE,"Endo"
"ENAM",0.0289780733663106,NA,0.533442088091354,0.00299850074962519,0.00982129256227501,FALSE,"Endo"
"JAM3",0.0289717721592422,NA,0.532626427406199,0.00399800099950025,0.0109076864685697,FALSE,"Endo"
"PCDHA12",0.0289456232317353,NA,0.531810766721044,0.00349825087456272,0.0104266601492441,FALSE,"Endo"
"CD80",0.0289366857352256,NA,0.530995106035889,0.00949525237381309,0.0168575132723493,FALSE,"Endo"
"ZPBP2",0.0289114012226338,NA,0.530179445350734,0.00549725137431284,0.0127540396468432,FALSE,"Endo"
"THY1",0.0288970561765669,NA,0.529363784665579,0.00749625187406297,0.0150293102221393,FALSE,"Endo"
"NEGR1",0.0288707537677469,NA,0.528548123980424,0.00299850074962519,0.00982129256227501,FALSE,"Endo"
"KIR2DS5",0.0288579197801472,NA,0.527732463295269,0.00349825087456272,0.0104266601492441,FALSE,"Endo"
"HLA-A",0.0288247820538673,NA,0.526916802610114,0.00399800099950025,0.0109076864685697,FALSE,"Endo"
"CD160",0.0288089057431512,NA,0.526101141924959,0.00999500249875063,0.0174912543728136,FALSE,"Endo"
"ICAM4",0.028768592823978,NA,0.525285481239804,0.00599700149925037,0.0134302135952134,FALSE,"Endo"
"LRIG1",0.0287321139016525,NA,0.524469820554649,0.00899550224887556,0.0163493920695439,FALSE,"Endo"
"CLCF1",0.0287068675314132,NA,0.523654159869494,0.00249875062468766,0.00927566519770418,FALSE,"Endo"
"CRISP3",0.0286914888502346,NA,0.522838499184339,0.00499750124937531,0.0121708529433097,FALSE,"Endo"
"TIMP1",0.02868964321192,NA,0.522022838499184,0.0224887556221889,0.0295904679239328,FALSE,"Endo"
"CCN6",0.0286805126546255,NA,0.521207177814029,0.00449775112443778,0.0114547715747116,FALSE,"Endo"
"C6orf15",0.0286788088647846,NA,0.520391517128874,0.00499750124937531,0.0121708529433097,FALSE,"Endo"
"CEACAM7",0.0286756523587435,NA,0.519575856443719,0.00699650174912544,0.0144288125297621,FALSE,"Endo"
"RAET1G",0.0286638359619993,NA,0.518760195758564,0.00649675162418791,0.0140114801754053,FALSE,"Endo"
"COL2A1",0.0286617427148694,NA,0.517944535073409,0.0129935032483758,0.020071931247491,FALSE,"Endo"
"CD86",0.028646846540572,NA,0.517128874388255,0.0114942528735632,0.0187240156517486,FALSE,"Endo"
"CEACAM8",0.0286360568084778,NA,0.516313213703099,0.0109945027486257,0.0184244403106244,FALSE,"Endo"
"COL4A1",0.0286210817340504,NA,0.515497553017945,0.0129935032483758,0.020071931247491,FALSE,"Endo"
"EFNA5",0.0285929714560128,NA,0.51468189233279,0.00749625187406297,0.0150293102221393,FALSE,"Endo"
"CLDN19",0.0285562046262881,NA,0.513866231647635,0.00549725137431284,0.0127540396468432,FALSE,"Endo"
"CCL20",0.0285391316424483,NA,0.51305057096248,0.00549725137431284,0.0127540396468432,FALSE,"Endo"
"DLK2",0.0285275144905313,NA,0.512234910277325,0.00299850074962519,0.00982129256227501,FALSE,"Endo"
"VSIG4",0.0285191656948998,NA,0.51141924959217,0.00449775112443778,0.0114547715747116,FALSE,"Endo"
"ADAM28",0.028519073600264,NA,0.510603588907015,0.00549725137431284,0.0127540396468432,FALSE,"Endo"
"BTNL8",0.0284959253428162,NA,0.50978792822186,0.00449775112443778,0.0114547715747116,FALSE,"Endo"
"HSPG2",0.028474769249429,NA,0.508972267536705,0.00349825087456272,0.0104266601492441,FALSE,"Endo"
"LIPH",0.0284606415511627,NA,0.50815660685155,0.00449775112443778,0.0114547715747116,FALSE,"Endo"
"OPCML",0.0284422358855411,NA,0.507340946166395,0.00249875062468766,0.00927566519770418,FALSE,"Endo"
"FN1",0.0284395666777945,NA,0.50652528548124,0.0179910044977511,0.0251013445441288,FALSE,"Endo"
"ANXA2",0.0283803090120426,NA,0.505709624796085,0.00899550224887556,0.0163493920695439,FALSE,"Endo"
"SEMA6C",0.0283458657444939,NA,0.50489396411093,0.00399800099950025,0.0109076864685697,FALSE,"Endo"
"VSTM1",0.0283080637869681,NA,0.504078303425775,0.00349825087456272,0.0104266601492441,FALSE,"Endo"
"PSG9",0.028305652179967,NA,0.50326264274062,0.00599700149925037,0.0134302135952134,FALSE,"Endo"
"CGA",0.028303842315559,NA,0.502446982055465,0.00699650174912544,0.0144288125297621,FALSE,"Endo"
"ITGAM",0.0282958315810988,NA,0.50163132137031,0.00699650174912544,0.0144288125297621,FALSE,"Endo"
"CALCB",0.0282915438083223,NA,0.500815660685155,0.0184907546226887,0.0255656596081192,FALSE,"Endo"
"MXRA5",0.0282836738583448,NA,0.5,0.00399800099950025,0.0109076864685697,FALSE,"Endo"
"CALM1",0.028276791150013,NA,0.499184339314845,0.0124937531234383,0.0196720405863906,FALSE,"Endo"
"SEMA3D",0.0282467915441024,NA,0.49836867862969,0.00599700149925037,0.0134302135952134,TRUE,"Endo"
"HLA-DRB5",0.0282419626666847,NA,0.497553017944535,0.00699650174912544,0.0144288125297621,FALSE,"Endo"
"FCN2",0.0282263833911709,NA,0.49673735725938,0.0139930034982509,0.0211622583769843,FALSE,"Endo"
"CCL1",0.0282253124121181,NA,0.495921696574225,0.00549725137431284,0.0127540396468432,FALSE,"Endo"
"LAMC3",0.0281658393527924,NA,0.49510603588907,0.00849575212393803,0.0156972795653455,FALSE,"Endo"
"DKK3",0.0281414594052174,NA,0.494290375203915,0.00449775112443778,0.0114547715747116,FALSE,"Endo"
"FGF5",0.0281372902457097,NA,0.49347471451876,0.00599700149925037,0.0134302135952134,FALSE,"Endo"
"NTN3",0.0281349847131203,NA,0.492659053833605,0.00399800099950025,0.0109076864685697,FALSE,"Endo"
"GUCY2D",0.0281306023513744,NA,0.49184339314845,0.00499750124937531,0.0121708529433097,FALSE,"Endo"
"PRG4",0.0281287963472979,NA,0.491027732463295,0.00549725137431284,0.0127540396468432,FALSE,"Endo"
"F11R",0.028122625846471,NA,0.49021207177814,0.00299850074962519,0.00982129256227501,FALSE,"Endo"
"PRSS3",0.0281116189338573,NA,0.489396411092985,0.00599700149925037,0.0134302135952134,FALSE,"Endo"
"APOA1",0.0280772137135258,NA,0.48858075040783,0.00849575212393803,0.0156972795653455,FALSE,"Endo"
"COL9A2",0.0280713196071208,NA,0.487765089722675,0.0114942528735632,0.0187240156517486,FALSE,"Endo"
"NAMPT",0.0280596769940381,NA,0.48694942903752,0.0109945027486257,0.0184244403106244,FALSE,"Endo"
"EREG",0.0280468802674709,NA,0.486133768352365,0.0119940029985007,0.0192060832328934,FALSE,"Endo"
"RELN",0.0280320033569553,NA,0.48531810766721,0.0104947526236882,0.0179554077709748,FALSE,"Endo"
"ADAM23",0.0280253681856972,NA,0.484502446982055,0.00849575212393803,0.0156972795653455,FALSE,"Endo"
"IL1F10",0.0280091814707357,NA,0.4836867862969,0.00449775112443778,0.0114547715747116,FALSE,"Endo"
"MSMP",0.0279691539845448,NA,0.482871125611745,0.00399800099950025,0.0109076864685697,FALSE,"Endo"
"CDH15",0.0279627455199331,NA,0.482055464926591,0.00499750124937531,0.0121708529433097,FALSE,"Endo"
"CXCL10",0.0279173441045866,NA,0.481239804241436,0.00699650174912544,0.0144288125297621,FALSE,"Endo"
"CEACAM3",0.0279120892420535,NA,0.480424143556281,0.0144927536231884,0.0216771955902391,FALSE,"Endo"
"FGF9",0.0279065720952475,NA,0.479608482871126,0.00849575212393803,0.0156972795653455,FALSE,"Endo"
"CALM3",0.0278476320181073,NA,0.478792822185971,0.00849575212393803,0.0156972795653455,FALSE,"Endo"
"COL1A2",0.0278352147010328,NA,0.477977161500816,0.00399800099950025,0.0109076864685697,FALSE,"Endo"
"NCR3LG1",0.0278307470580161,NA,0.477161500815661,0.00499750124937531,0.0121708529433097,FALSE,"Endo"
"CXCL16",0.0278180151693399,NA,0.476345840130506,0.00399800099950025,0.0109076864685697,FALSE,"Endo"
"VEGFD",0.0278082439523426,NA,0.475530179445351,0.00649675162418791,0.0140114801754053,FALSE,"Endo"
"COL16A1",0.0278037247727821,NA,0.474714518760196,0.0174912543728136,0.0246852380261482,FALSE,"Endo"
"NRP1",0.0277987871409324,NA,0.473898858075041,0.0114942528735632,0.0187240156517486,FALSE,"Endo"
"COL17A1",0.0277757354187701,NA,0.473083197389886,0.0134932533733133,0.0206100191799362,FALSE,"Endo"
"MMP26",0.0277700614394588,NA,0.472267536704731,0.00949525237381309,0.0168575132723493,FALSE,"Endo"
"IHH",0.0277629576516784,NA,0.471451876019576,0.0114942528735632,0.0187240156517486,FALSE,"Endo"
"APOA2",0.0277559528619917,NA,0.470636215334421,0.00449775112443778,0.0114547715747116,FALSE,"Endo"
"CEACAM4",0.0276996664467461,NA,0.469820554649266,0.00549725137431284,0.0127540396468432,FALSE,"Endo"
"IGFBP3",0.027683657489215,NA,0.469004893964111,0.00849575212393803,0.0156972795653455,FALSE,"Endo"
"SFRP1",0.0276723610031571,NA,0.468189233278956,0.0109945027486257,0.0184244403106244,FALSE,"Endo"
"GP5",0.0276394511449098,NA,0.467373572593801,0.00649675162418791,0.0140114801754053,FALSE,"Endo"
"BACE1",0.0276019658923439,NA,0.466557911908646,0.0079960019990005,0.0155972968929548,FALSE,"Endo"
"APOE",0.0275678849885699,NA,0.465742251223491,0.015992003998001,0.0231836744349719,TRUE,"Endo"
"LFNG",0.0275549001660432,NA,0.464926590538336,0.00649675162418791,0.0140114801754053,FALSE,"Endo"
"NT5E",0.0275202578566986,NA,0.464110929853181,0.0104947526236882,0.0179554077709748,FALSE,"Endo"
"F12",0.0274619788740292,NA,0.463295269168026,0.0109945027486257,0.0184244403106244,FALSE,"Endo"
"SEMA4D",0.0274521837246255,NA,0.462479608482871,0.00599700149925037,0.0134302135952134,FALSE,"Endo"
"PPBP",0.0274219934632202,NA,0.461663947797716,0.00949525237381309,0.0168575132723493,FALSE,"Endo"
"NPPA",0.0274129038039432,NA,0.460848287112561,0.00949525237381309,0.0168575132723493,FALSE,"Endo"
"HBEGF",0.0274024195554027,NA,0.460032626427406,0.0129935032483758,0.020071931247491,FALSE,"Endo"
"F8",0.0273960181721965,NA,0.459216965742251,0.0209895052473763,0.0281314484989453,FALSE,"Endo"
"FGF11",0.0273683493547136,NA,0.458401305057096,0.00449775112443778,0.0114547715747116,FALSE,"Endo"
"HLA-DPB1",0.0273337243563279,NA,0.457585644371941,0.0079960019990005,0.0155972968929548,FALSE,"Endo"
"NXPH2",0.0273277610558113,NA,0.456769983686786,0.00549725137431284,0.0127540396468432,FALSE,"Endo"
"SEMA4A",0.02731255433656,NA,0.455954323001631,0.00499750124937531,0.0121708529433097,FALSE,"Endo"
"BMP8B",0.0272790592900822,NA,0.455138662316476,0.00649675162418791,0.0140114801754053,FALSE,"Endo"
"CRHR2",0.0272748493563341,NA,0.454323001631321,0.00349825087456272,0.0104266601492441,FALSE,"Endo"
"OMG",0.0272668875426841,NA,0.453507340946166,0.0149925037481259,0.0222077594818069,FALSE,"Endo"
"OGN",0.0271906825254695,NA,0.452691680261011,0.00599700149925037,0.0134302135952134,FALSE,"Endo"
"GAL",0.027164063008313,NA,0.451876019575856,0.00699650174912544,0.0144288125297621,FALSE,"Endo"
"KLK3",0.0271482223380752,NA,0.451060358890701,0.00449775112443778,0.0114547715747116,FALSE,"Endo"
"RSPO1",0.0270935117513543,NA,0.450244698205546,0.00949525237381309,0.0168575132723493,FALSE,"Endo"
"ICOSLG",0.0270875642538397,NA,0.449429037520392,0.00849575212393803,0.0156972795653455,FALSE,"Endo"
"GIP",0.0270555148877898,NA,0.448613376835237,0.0139930034982509,0.0211622583769843,FALSE,"Endo"
"CPAMD8",0.0270100008725216,NA,0.447797716150082,0.00649675162418791,0.0140114801754053,FALSE,"Endo"
"CLEC2A",0.0269829645921798,NA,0.446982055464927,0.00599700149925037,0.0134302135952134,FALSE,"Endo"
"TPSAB1",0.0269776160435895,NA,0.446166394779772,0.0154922538730635,0.0226467911628911,FALSE,"Endo"
"HLA-DQA1",0.0269678621438028,NA,0.445350734094617,0.00699650174912544,0.0144288125297621,FALSE,"Endo"
"AZGP1",0.0269632940718884,NA,0.444535073409462,0.00649675162418791,0.0140114801754053,TRUE,"Endo"
"WNT5A",0.0269558327056649,NA,0.443719412724307,0.0214892553723138,0.0286445460621158,FALSE,"Endo"
"DKK1",0.0269375974302854,NA,0.442903752039152,0.0144927536231884,0.0216771955902391,FALSE,"Endo"
"COL6A1",0.026919731775505,NA,0.442088091353997,0.0174912543728136,0.0246852380261482,FALSE,"Endo"
"SEMA3C",0.02689499895062,NA,0.441272430668842,0.00549725137431284,0.0127540396468432,FALSE,"Endo"
"SI",0.0268748304409196,NA,0.440456769983687,0.0114942528735632,0.0187240156517486,FALSE,"Endo"
"RAET1E",0.0268679815573837,NA,0.439641109298532,0.00549725137431284,0.0127540396468432,FALSE,"Endo"
"APOA5",0.0268667098063339,NA,0.438825448613377,0.00449775112443778,0.0114547715747116,FALSE,"Endo"
"FASLG",0.026854854283923,NA,0.438009787928222,0.0139930034982509,0.0211622583769843,FALSE,"Endo"
"VWF",0.0268085248930959,NA,0.437194127243067,0.0164917541229385,0.023795522733333,FALSE,"Endo"
"COL5A2",0.0268066756328459,NA,0.436378466557912,0.023488255872064,0.0302556397931423,FALSE,"Endo"
"IL18BP",0.0267853866141654,NA,0.435562805872757,0.0114942528735632,0.0187240156517486,FALSE,"Endo"
"LRRTM2",0.0267557028744426,NA,0.434747145187602,0.00599700149925037,0.0134302135952134,FALSE,"Endo"
"ITIH2",0.0267494206480691,NA,0.433931484502447,0.00749625187406297,0.0150293102221393,FALSE,"Endo"
"SDC2",0.02671820395927,NA,0.433115823817292,0.00849575212393803,0.0156972795653455,FALSE,"Endo"
"ANGPTL6",0.0267171585841632,NA,0.432300163132137,0.00599700149925037,0.0134302135952134,FALSE,"Endo"
"CXCL2",0.026673072186175,NA,0.431484502446982,0.0129935032483758,0.020071931247491,TRUE,"Endo"
"OLFM2",0.0266435088070296,NA,0.430668841761827,0.00749625187406297,0.0150293102221393,FALSE,"Endo"
"CYTL1",0.0266426401344415,NA,0.429853181076672,0.00249875062468766,0.00927566519770418,TRUE,"Endo"
"ADAM7",0.0266390322165411,NA,0.429037520391517,0.00699650174912544,0.0144288125297621,FALSE,"Endo"
"IL24",0.0266361702112034,NA,0.428221859706362,0.0179910044977511,0.0251013445441288,FALSE,"Endo"
"PLAT",0.0265903295152468,NA,0.427406199021207,0.015992003998001,0.0231836744349719,FALSE,"Endo"
"HHLA2",0.0265727533251449,NA,0.426590538336052,0.00549725137431284,0.0127540396468432,FALSE,"Endo"
"SHISA4",0.0265557826694863,NA,0.425774877650897,0.00849575212393803,0.0156972795653455,FALSE,"Endo"
"IL13",0.0265342360764202,NA,0.424959216965742,0.0209895052473763,0.0281314484989453,FALSE,"Endo"
"FCAR",0.0264735801855766,NA,0.424143556280587,0.00249875062468766,0.00927566519770418,FALSE,"Endo"
"SEMA5A",0.0264483362542959,NA,0.423327895595432,0.0114942528735632,0.0187240156517486,FALSE,"Endo"
"GDF3",0.0264456661300141,NA,0.422512234910277,0.00649675162418791,0.0140114801754053,FALSE,"Endo"
"CD200",0.0264200193829374,NA,0.421696574225122,0.0154922538730635,0.0226467911628911,FALSE,"Endo"
"UTS2B",0.0264185176932698,NA,0.420880913539967,0.00899550224887556,0.0163493920695439,FALSE,"Endo"
"MUC7",0.0263017192172421,NA,0.420065252854812,0.00449775112443778,0.0114547715747116,FALSE,"Endo"
"CXADR",0.0262661880078788,NA,0.419249592169657,0.00449775112443778,0.0114547715747116,FALSE,"Endo"
"COL1A1",0.0261992066686069,NA,0.418433931484502,0.0129935032483758,0.020071931247491,FALSE,"Endo"
"CER1",0.0261705590770571,NA,0.417618270799347,0.0079960019990005,0.0155972968929548,FALSE,"Endo"
"CDH3",0.0261629272145012,NA,0.416802610114193,0.00549725137431284,0.0127540396468432,FALSE,"Endo"
"TREML4",0.0261333535837576,NA,0.415986949429038,0.0079960019990005,0.0155972968929548,FALSE,"Endo"
"F10",0.0261322373725276,NA,0.415171288743883,0.00749625187406297,0.0150293102221393,FALSE,"Endo"
"SERPINC1",0.0261212973961957,NA,0.414355628058728,0.00549725137431284,0.0127540396468432,FALSE,"Endo"
"SELE",0.0260990734732897,NA,0.413539967373573,0.0199900049975013,0.0270882257986051,FALSE,"Endo"
"SIGLEC12",0.0260804654197565,NA,0.412724306688418,0.00499750124937531,0.0121708529433097,FALSE,"Endo"
"EDIL3",0.0260346944815844,NA,0.411908646003263,0.0079960019990005,0.0155972968929548,FALSE,"Endo"
"FGF14",0.0260029011642186,NA,0.411092985318108,0.00649675162418791,0.0140114801754053,FALSE,"Endo"
"PSPN",0.0259867675930342,NA,0.410277324632953,0.0104947526236882,0.0179554077709748,FALSE,"Endo"
"GP1BA",0.0259607831956758,NA,0.409461663947798,0.0079960019990005,0.0155972968929548,FALSE,"Endo"
"PTPRZ1",0.0259405333991148,NA,0.408646003262643,0.00849575212393803,0.0156972795653455,FALSE,"Endo"
"BGN",0.025907828569563,NA,0.407830342577488,0.0194902548725637,0.0265874857671387,FALSE,"Endo"
"CD82",0.0258746333695918,NA,0.407014681892333,0.00599700149925037,0.0134302135952134,FALSE,"Endo"
"ANTXR1",0.0258640115611986,NA,0.406199021207178,0.00749625187406297,0.0150293102221393,FALSE,"Endo"
"CEL",0.0258555688663297,NA,0.405383360522023,0.0304847576211894,0.037343828085957,FALSE,"Endo"
"SCUBE2",0.0258366692981484,NA,0.404567699836868,0.00599700149925037,0.0134302135952134,FALSE,"Endo"
"C1QA",0.0258173544240685,NA,0.403752039151713,0.00599700149925037,0.0134302135952134,FALSE,"Endo"
"CCL16",0.0258147015231335,NA,0.402936378466558,0.00499750124937531,0.0121708529433097,FALSE,"Endo"
"PLXNA2",0.0257701528480147,NA,0.402120717781403,0.0119940029985007,0.0192060832328934,FALSE,"Endo"
"NTN1",0.0256917396937144,NA,0.401305057096248,0.00999500249875063,0.0174912543728136,FALSE,"Endo"
"B2M",0.0256775298566959,NA,0.400489396411093,0.00849575212393803,0.0156972795653455,FALSE,"Endo"
"PDGFA",0.0256722105959009,NA,0.399673735725938,0.0114942528735632,0.0187240156517486,FALSE,"Endo"
"FCER2",0.0256635463809196,NA,0.398858075040783,0.0114942528735632,0.0187240156517486,FALSE,"Endo"
"PSEN1",0.0256284202660745,NA,0.398042414355628,0.0169915042478761,0.0242311905746777,FALSE,"Endo"
"CEACAM21",0.0256154792667727,NA,0.397226753670473,0.00899550224887556,0.0163493920695439,FALSE,"Endo"
"HLA-E",0.0256095978823882,NA,0.396411092985318,0.00749625187406297,0.0150293102221393,FALSE,"Endo"
"SYT1",0.0255978479197857,NA,0.395595432300163,0.0119940029985007,0.0192060832328934,FALSE,"Endo"
"IGSF21",0.0255724196480855,NA,0.394779771615008,0.0109945027486257,0.0184244403106244,FALSE,"Endo"
"ANGPT2",0.0255207229231795,NA,0.393964110929853,0.0269865067466267,0.0337675901579343,FALSE,"Endo"
"CLDN24",0.0254459768149268,NA,0.393148450244698,0.0149925037481259,0.0222077594818069,FALSE,"Endo"
"NOG",0.0254342330661001,NA,0.392332789559543,0.00399800099950025,0.0109076864685697,FALSE,"Endo"
"MMP9",0.0254267969457051,NA,0.391517128874388,0.0269865067466267,0.0337675901579343,FALSE,"Endo"
"NTNG2",0.025417337228264,NA,0.390701468189233,0.00449775112443778,0.0114547715747116,FALSE,"Endo"
"SIRPA",0.0253602771614714,NA,0.389885807504078,0.00899550224887556,0.0163493920695439,FALSE,"Endo"
"CNTN1",0.0253594906273931,NA,0.389070146818923,0.00999500249875063,0.0174912543728136,FALSE,"Endo"
"CADM4",0.0253519303883463,NA,0.388254486133768,0.0114942528735632,0.0187240156517486,FALSE,"Endo"
"SEMA4G",0.0253501205533259,NA,0.387438825448613,0.0079960019990005,0.0155972968929548,FALSE,"Endo"
"DLL4",0.0253480336333831,NA,0.386623164763458,0.0124937531234383,0.0196720405863906,FALSE,"Endo"
"CCL26",0.0252868431498679,NA,0.385807504078303,0.00949525237381309,0.0168575132723493,FALSE,"Endo"
"BMP10",0.0252822261434478,NA,0.384991843393148,0.00949525237381309,0.0168575132723493,FALSE,"Endo"
"BTC",0.0252601590250076,NA,0.384176182707993,0.0209895052473763,0.0281314484989453,FALSE,"Endo"
"BTN1A1",0.0252442890701611,NA,0.383360522022838,0.00699650174912544,0.0144288125297621,FALSE,"Endo"
"CD72",0.0252432043292424,NA,0.382544861337684,0.0104947526236882,0.0179554077709748,FALSE,"Endo"
"SLURP2",0.0252163898305132,NA,0.381729200652529,0.00899550224887556,0.0163493920695439,FALSE,"Endo"
"PSG4",0.0252143082818096,NA,0.380913539967374,0.0219890054972514,0.0291836746848677,FALSE,"Endo"
"IFNA6",0.0251994459833945,NA,0.380097879282219,0.0109945027486257,0.0184244403106244,FALSE,"Endo"
"UTS2",0.0251986028297694,NA,0.379282218597064,0.0114942528735632,0.0187240156517486,FALSE,"Endo"
"VGF",0.0251746180341657,NA,0.378466557911909,0.00849575212393803,0.0156972795653455,FALSE,"Endo"
"NID2",0.0251478445204052,NA,0.377650897226754,0.0119940029985007,0.0192060832328934,FALSE,"Endo"
"LTBP1",0.0251451077045971,NA,0.376835236541599,0.0134932533733133,0.0206100191799362,FALSE,"Endo"
"SIGLEC8",0.0251137603701451,NA,0.376019575856444,0.00949525237381309,0.0168575132723493,FALSE,"Endo"
"CD244",0.0251099965097111,NA,0.375203915171289,0.0119940029985007,0.0192060832328934,FALSE,"Endo"
"AMELX",0.0251036110993152,NA,0.374388254486134,0.0079960019990005,0.0155972968929548,FALSE,"Endo"
"CCL5",0.0250863652536534,NA,0.373572593800979,0.0224887556221889,0.0295904679239328,FALSE,"Endo"
"NRXN3",0.025072101057589,NA,0.372756933115824,0.0119940029985007,0.0192060832328934,FALSE,"Endo"
"WIF1",0.0250374133031577,NA,0.371941272430669,0.00849575212393803,0.0156972795653455,FALSE,"Endo"
"PECAM1",0.0249843489374154,NA,0.371125611745514,0.00849575212393803,0.0156972795653455,FALSE,"Endo"
"MMP12",0.0249725269734565,NA,0.370309951060359,0.00749625187406297,0.0150293102221393,FALSE,"Endo"
"CEACAM1",0.0249539374550739,NA,0.369494290375204,0.023488255872064,0.0302556397931423,FALSE,"Endo"
"ADAM11",0.0249385538014517,NA,0.368678629690049,0.00699650174912544,0.0144288125297621,FALSE,"Endo"
"LRP1B",0.024924279484845,NA,0.367862969004894,0.00849575212393803,0.0156972795653455,FALSE,"Endo"
"CLDN2",0.0248949755872403,NA,0.367047308319739,0.00699650174912544,0.0144288125297621,FALSE,"Endo"
"PCDHA6",0.0248652610094324,NA,0.366231647634584,0.00949525237381309,0.0168575132723493,FALSE,"Endo"
"PRSS1",0.0248592853794206,NA,0.365415986949429,0.0104947526236882,0.0179554077709748,FALSE,"Endo"
"CDH4",0.024851478024184,NA,0.364600326264274,0.0129935032483758,0.020071931247491,FALSE,"Endo"
"BST2",0.0248298333660235,NA,0.363784665579119,0.0129935032483758,0.020071931247491,FALSE,"Endo"
"TIGIT",0.0248171360364121,NA,0.362969004893964,0.00899550224887556,0.0163493920695439,FALSE,"Endo"
"DEFB4A",0.0248170490945996,NA,0.362153344208809,0.00999500249875063,0.0174912543728136,FALSE,"Endo"
"ANGPTL5",0.0248046025597237,NA,0.361337683523654,0.0124937531234383,0.0196720405863906,FALSE,"Endo"
"COL5A1",0.0247771100105832,NA,0.360522022838499,0.0229885057471264,0.0298631172218769,FALSE,"Endo"
"AGRN",0.0247639695520072,NA,0.359706362153344,0.0129935032483758,0.020071931247491,FALSE,"Endo"
"SIGLEC5",0.0247628126066805,NA,0.358890701468189,0.00849575212393803,0.0156972795653455,FALSE,"Endo"
"NPY",0.0247517815371473,NA,0.358075040783034,0.0139930034982509,0.0211622583769843,FALSE,"Endo"
"PTGFRN",0.024740141466441,NA,0.357259380097879,0.0174912543728136,0.0246852380261482,FALSE,"Endo"
"LY9",0.0247397190623904,NA,0.356443719412724,0.0324837581209395,0.0394376647157095,FALSE,"Endo"
"NECTIN4",0.0247059347514122,NA,0.355628058727569,0.0114942528735632,0.0187240156517486,FALSE,"Endo"
"IFNK",0.0246908506577455,NA,0.354812398042414,0.0124937531234383,0.0196720405863906,FALSE,"Endo"
"PTPRM",0.0246625397065563,NA,0.353996737357259,0.00999500249875063,0.0174912543728136,FALSE,"Endo"
"CD7",0.0246322958759013,NA,0.353181076672104,0.0154922538730635,0.0226467911628911,FALSE,"Endo"
"VTN",0.0246308373712872,NA,0.352365415986949,0.0149925037481259,0.0222077594818069,FALSE,"Endo"
"NPHS1",0.0246220270453833,NA,0.351549755301794,0.0189905047476262,0.0260800093226929,FALSE,"Endo"
"CRB3",0.0246110457460483,NA,0.350734094616639,0.0119940029985007,0.0192060832328934,FALSE,"Endo"
"VEGFB",0.0246094549430068,NA,0.349918433931485,0.0104947526236882,0.0179554077709748,FALSE,"Endo"
"LVRN",0.0246083082053581,NA,0.34910277324633,0.0129935032483758,0.020071931247491,FALSE,"Endo"
"CIB1",0.0245891521072237,NA,0.348287112561175,0.0129935032483758,0.020071931247491,FALSE,"Endo"
"LGALS3",0.024585309420589,NA,0.34747145187602,0.0154922538730635,0.0226467911628911,FALSE,"Endo"
"CCL3L1",0.024582259883343,NA,0.346655791190865,0.0079960019990005,0.0155972968929548,FALSE,"Endo"
"GZMB",0.0245746756799662,NA,0.34584013050571,0.0124937531234383,0.0196720405863906,FALSE,"Endo"
"MXRA8",0.0245420995604744,NA,0.345024469820555,0.0144927536231884,0.0216771955902391,FALSE,"Endo"
"CDH5",0.024535492447503,NA,0.3442088091354,0.0119940029985007,0.0192060832328934,FALSE,"Endo"
"RBP4",0.0244955659991258,NA,0.343393148450245,0.0109945027486257,0.0184244403106244,FALSE,"Endo"
"PIGA",0.0244867989101368,NA,0.34257748776509,0.0079960019990005,0.0155972968929548,FALSE,"Endo"
"ADAM12",0.0244451287373253,NA,0.341761827079935,0.0164917541229385,0.023795522733333,FALSE,"Endo"
"SERPINA1",0.0244122503114401,NA,0.34094616639478,0.00899550224887556,0.0163493920695439,FALSE,"Endo"
"ENG",0.0243988484502787,NA,0.340130505709625,0.0154922538730635,0.0226467911628911,FALSE,"Endo"
"SORL1",0.0243755462994279,NA,0.33931484502447,0.0129935032483758,0.020071931247491,FALSE,"Endo"
"NTNG1",0.0243715472897302,NA,0.338499184339315,0.0079960019990005,0.0155972968929548,FALSE,"Endo"
"LILRB4",0.0243656885867209,NA,0.33768352365416,0.0119940029985007,0.0192060832328934,FALSE,"Endo"
"PLA2G10",0.0243089690093119,NA,0.336867862969005,0.00699650174912544,0.0144288125297621,FALSE,"Endo"
"LEFTY1",0.0242878646620372,NA,0.33605220228385,0.0154922538730635,0.0226467911628911,FALSE,"Endo"
"TNC",0.0242725958535214,NA,0.335236541598695,0.015992003998001,0.0231836744349719,TRUE,"Endo"
"CCN3",0.0242660135263332,NA,0.33442088091354,0.0169915042478761,0.0242311905746777,FALSE,"Endo"
"LEAP2",0.0242065173602326,NA,0.333605220228385,0.00849575212393803,0.0156972795653455,FALSE,"Endo"
"FAM3C",0.0241484433800469,NA,0.33278955954323,0.0174912543728136,0.0246852380261482,FALSE,"Endo"
"CLEC3A",0.0241412872828546,NA,0.331973898858075,0.00849575212393803,0.0156972795653455,FALSE,"Endo"
"INHBE",0.0241223289483352,NA,0.33115823817292,0.0124937531234383,0.0196720405863906,FALSE,"Endo"
"PCDHB3",0.0240409443899161,NA,0.330342577487765,0.0114942528735632,0.0187240156517486,FALSE,"Endo"
"NID1",0.0240224182841375,NA,0.32952691680261,0.0134932533733133,0.0206100191799362,FALSE,"Endo"
"ADAM20",0.0239996983010021,NA,0.328711256117455,0.0124937531234383,0.0196720405863906,FALSE,"Endo"
"PIP",0.0239969907900445,NA,0.3278955954323,0.0134932533733133,0.0206100191799362,FALSE,"Endo"
"IL4",0.023986397160534,NA,0.327079934747145,0.023488255872064,0.0302556397931423,FALSE,"Endo"
"AANAT",0.0239826972188275,NA,0.32626427406199,0.0109945027486257,0.0184244403106244,FALSE,"Endo"
"PLG",0.0239702623880436,NA,0.325448613376835,0.0134932533733133,0.0206100191799362,FALSE,"Endo"
"TPH1",0.0239533438204576,NA,0.32463295269168,0.0219890054972514,0.0291836746848677,FALSE,"Endo"
"LGALS1",0.0238964752894118,NA,0.323817292006525,0.0224887556221889,0.0295904679239328,FALSE,"Endo"
"WBP1",0.0238820979685318,NA,0.32300163132137,0.0114942528735632,0.0187240156517486,FALSE,"Endo"
"FBN1",0.0238561225261288,NA,0.322185970636215,0.0304847576211894,0.037343828085957,FALSE,"Endo"
"HLA-G",0.0238527307974484,NA,0.32137030995106,0.00999500249875063,0.0174912543728136,FALSE,"Endo"
"HEBP1",0.0238016635623885,NA,0.320554649265905,0.00649675162418791,0.0140114801754053,FALSE,"Endo"
"JAG2",0.0237955709137221,NA,0.31973898858075,0.0119940029985007,0.0192060832328934,FALSE,"Endo"
"EFNA4",0.0237745204699054,NA,0.318923327895595,0.0279860069965017,0.0348757462570851,FALSE,"Endo"
"TFF2",0.0237666663185209,NA,0.31810766721044,0.0269865067466267,0.0337675901579343,FALSE,"Endo"
"FGF12",0.0237591528212102,NA,0.317292006525285,0.0109945027486257,0.0184244403106244,FALSE,"Endo"
"HLA-DRA",0.0237470238210225,NA,0.316476345840131,0.0174912543728136,0.0246852380261482,FALSE,"Endo"
"PCDHA3",0.0237383957634494,NA,0.315660685154976,0.0129935032483758,0.020071931247491,FALSE,"Endo"
"SERPINA5",0.0237365230369923,NA,0.314845024469821,0.00999500249875063,0.0174912543728136,FALSE,"Endo"
"CNTF",0.0237084359647594,NA,0.314029363784666,0.0224887556221889,0.0295904679239328,FALSE,"Endo"
"CFAP54",0.0236446115862567,NA,0.313213703099511,0.0179910044977511,0.0251013445441288,FALSE,"Endo"
"SERPINE2",0.0236355161785453,NA,0.312398042414356,0.015992003998001,0.0231836744349719,FALSE,"Endo"
"SIGLEC6",0.0236301973309083,NA,0.311582381729201,0.0144927536231884,0.0216771955902391,FALSE,"Endo"
"CD59",0.0236300231451588,NA,0.310766721044046,0.0354822588705647,0.0425301048106084,FALSE,"Endo"
"CCL3",0.0236204997393749,NA,0.309951060358891,0.0184907546226887,0.0255656596081192,FALSE,"Endo"
"BTN2A1",0.023599733293594,NA,0.309135399673736,0.0124937531234383,0.0196720405863906,FALSE,"Endo"
"IL16",0.0235903457897084,NA,0.308319738988581,0.0114942528735632,0.0187240156517486,FALSE,"Endo"
"DCN",0.0235894388766086,NA,0.307504078303426,0.0134932533733133,0.0206100191799362,FALSE,"Endo"
"TNFSF10",0.0235842883751038,NA,0.306688417618271,0.0269865067466267,0.0337675901579343,FALSE,"Endo"
"CCK",0.0235811189030381,NA,0.305872756933116,0.00949525237381309,0.0168575132723493,FALSE,"Endo"
"TTR",0.0235747181901241,NA,0.305057096247961,0.0229885057471264,0.0298631172218769,FALSE,"Endo"
"IFNA7",0.0235526527853386,NA,0.304241435562806,0.0144927536231884,0.0216771955902391,FALSE,"Endo"
"IL25",0.0235464720191128,NA,0.303425774877651,0.0179910044977511,0.0251013445441288,FALSE,"Endo"
"CD40",0.0235441228421457,NA,0.302610114192496,0.0249875062468766,0.031719891349662,FALSE,"Endo"
"NRXN2",0.0235340301976587,NA,0.301794453507341,0.0184907546226887,0.0255656596081192,FALSE,"Endo"
"APOC3",0.0235314153399333,NA,0.300978792822186,0.0124937531234383,0.0196720405863906,FALSE,"Endo"
"CXCL9",0.0235201251990839,NA,0.300163132137031,0.0109945027486257,0.0184244403106244,FALSE,"Endo"
"BPI",0.023479211299069,NA,0.299347471451876,0.0419790104947526,0.0489755122438781,FALSE,"Endo"
"SLIT1",0.0234614583001232,NA,0.298531810766721,0.0169915042478761,0.0242311905746777,FALSE,"Endo"
"GDF10",0.0234465652857963,NA,0.297716150081566,0.0129935032483758,0.020071931247491,FALSE,"Endo"
"HAS2",0.0233826998565395,NA,0.296900489396411,0.015992003998001,0.0231836744349719,FALSE,"Endo"
"HLA-DOB",0.0233552839786804,NA,0.296084828711256,0.0249875062468766,0.031719891349662,FALSE,"Endo"
"IFNA14",0.023324609324059,NA,0.295269168026101,0.0139930034982509,0.0211622583769843,FALSE,"Endo"
"DKK2",0.0233235655129324,NA,0.294453507340946,0.0174912543728136,0.0246852380261482,TRUE,"Endo"
"FLRT2",0.0232958388430207,NA,0.293637846655791,0.0169915042478761,0.0242311905746777,FALSE,"Endo"
"GPHB5",0.0232956431590419,NA,0.292822185970636,0.0209895052473763,0.0281314484989453,FALSE,"Endo"
"S100A10",0.0232321352856413,NA,0.292006525285481,0.0134932533733133,0.0206100191799362,FALSE,"Endo"
"ARTN",0.023215262009673,NA,0.291190864600326,0.00949525237381309,0.0168575132723493,FALSE,"Endo"
"SEMA6D",0.0232092862923043,NA,0.290375203915171,0.0169915042478761,0.0242311905746777,FALSE,"Endo"
"MICB",0.0231846451654369,NA,0.289559543230016,0.0269865067466267,0.0337675901579343,FALSE,"Endo"
"IGFBP7",0.0231832685771145,NA,0.288743882544861,0.0124937531234383,0.0196720405863906,FALSE,"Endo"
"IL31",0.0230857678885954,NA,0.287928221859706,0.0134932533733133,0.0206100191799362,FALSE,"Endo"
"IL9",0.0230375550873805,NA,0.287112561174551,0.0199900049975013,0.0270882257986051,FALSE,"Endo"
"CDH1",0.023018537074267,NA,0.286296900489396,0.0154922538730635,0.0226467911628911,FALSE,"Endo"
"HLA-DRB3",0.0229898748313051,NA,0.285481239804241,0.0334832583708146,0.0405306240160552,FALSE,"Endo"
"IL37",0.0229762017216316,NA,0.284665579119086,0.0139930034982509,0.0211622583769843,FALSE,"Endo"
"MFAP2",0.0229719748627979,NA,0.283849918433931,0.0284857571214393,0.0354264492119423,FALSE,"Endo"
"SLPI",0.0229688146126546,NA,0.283034257748776,0.0169915042478761,0.0242311905746777,FALSE,"Endo"
"PSAP",0.022951513568794,NA,0.282218597063622,0.0104947526236882,0.0179554077709748,FALSE,"Endo"
"MFNG",0.0229344865849616,NA,0.281402936378467,0.0144927536231884,0.0216771955902391,FALSE,"Endo"
"LRRC4C",0.0229054192643371,NA,0.280587275693312,0.0104947526236882,0.0179554077709748,FALSE,"Endo"
"APLN",0.0229031721284505,NA,0.279771615008157,0.0299850074962519,0.0368791507860528,FALSE,"Endo"
"TRAF2",0.0229003581642154,NA,0.278955954323002,0.0109945027486257,0.0184244403106244,FALSE,"Endo"
"SERPINE1",0.0228975250731592,NA,0.278140293637847,0.00949525237381309,0.0168575132723493,TRUE,"Endo"
"GNAS",0.0228726462409771,NA,0.277324632952692,0.0129935032483758,0.020071931247491,FALSE,"Endo"
"LGI4",0.0228647383300461,NA,0.276508972267537,0.00499750124937531,0.0121708529433097,FALSE,"Endo"
"HSP90B1",0.0228387316363101,NA,0.275693311582382,0.0154922538730635,0.0226467911628911,FALSE,"Endo"
"PMCH",0.0228344242650982,NA,0.274877650897227,0.0444777611194403,0.0514983529029436,FALSE,"Endo"
"VIP",0.0227745611310161,NA,0.274061990212072,0.0229885057471264,0.0298631172218769,FALSE,"Endo"
"PCDH15",0.0227436776540676,NA,0.273246329526917,0.0184907546226887,0.0255656596081192,FALSE,"Endo"
"CXCL13",0.0227420434382819,NA,0.272430668841762,0.00699650174912544,0.0144288125297621,FALSE,"Endo"
"SDK2",0.0227370518092273,NA,0.271615008156607,0.0154922538730635,0.0226467911628911,FALSE,"Endo"
"CCN4",0.0227166856913319,NA,0.270799347471452,0.0144927536231884,0.0216771955902391,FALSE,"Endo"
"GREM1",0.0226923194835303,NA,0.269983686786297,0.0239880059970015,0.0308022089584139,FALSE,"Endo"
"DCHS1",0.0226864495585538,NA,0.269168026101142,0.023488255872064,0.0302556397931423,FALSE,"Endo"
"SFRP2",0.0226041194380534,NA,0.268352365415987,0.0209895052473763,0.0281314484989453,FALSE,"Endo"
"SOST",0.0225867380089632,NA,0.267536704730832,0.0174912543728136,0.0246852380261482,FALSE,"Endo"
"CCL14",0.0225429812563329,NA,0.266721044045677,0.0134932533733133,0.0206100191799362,FALSE,"Endo"
"CCL4",0.0225384918232213,NA,0.265905383360522,0.0114942528735632,0.0187240156517486,FALSE,"Endo"
"CCL3L3",0.0225107960487187,NA,0.265089722675367,0.00649675162418791,0.0140114801754053,FALSE,"Endo"
"LCN2",0.0225000647471033,NA,0.264274061990212,0.0364817591204398,0.0434306656195712,FALSE,"Endo"
"ALCAM",0.0224712507041065,NA,0.263458401305057,0.0214892553723138,0.0286445460621158,FALSE,"Endo"
"SPINK1",0.0224361907245379,NA,0.262642740619902,0.031984007996002,0.0389080534211544,FALSE,"Endo"
"SFTPD",0.0224284137898488,NA,0.261827079934747,0.023488255872064,0.0302556397931423,FALSE,"Endo"
"TSLP",0.0224005516547357,NA,0.261011419249592,0.0229885057471264,0.0298631172218769,FALSE,"Endo"
"IFNA5",0.0223981781363019,NA,0.260195758564437,0.0184907546226887,0.0255656596081192,FALSE,"Endo"
"LRRN2",0.0223944856104039,NA,0.259380097879282,0.0169915042478761,0.0242311905746777,FALSE,"Endo"
"C4A",0.0223907048763964,NA,0.258564437194127,0.0184907546226887,0.0255656596081192,FALSE,"Endo"
"GDF6",0.0223647189789047,NA,0.257748776508972,0.0179910044977511,0.0251013445441288,FALSE,"Endo"
"NTS",0.0223532542841612,NA,0.256933115823817,0.0129935032483758,0.020071931247491,FALSE,"Endo"
"COL26A1",0.0223119828194789,NA,0.256117455138662,0.0144927536231884,0.0216771955902391,FALSE,"Endo"
"SLAMF7",0.022278636445147,NA,0.255301794453507,0.0169915042478761,0.0242311905746777,FALSE,"Endo"
"CD28",0.0222154606903302,NA,0.254486133768352,0.0229885057471264,0.0298631172218769,FALSE,"Endo"
"CFP",0.0222070081154856,NA,0.253670473083197,0.0229885057471264,0.0298631172218769,FALSE,"Endo"
"ST14",0.0221908503184403,NA,0.252854812398042,0.023488255872064,0.0302556397931423,FALSE,"Endo"
"PLTP",0.0221906384591254,NA,0.252039151712887,0.0364817591204398,0.0434306656195712,FALSE,"Endo"
"NUCB2",0.0221416718319032,NA,0.251223491027732,0.0194902548725637,0.0265874857671387,FALSE,"Endo"
"ZP3",0.0221050216109537,NA,0.250407830342577,0.0214892553723138,0.0286445460621158,FALSE,"Endo"
"GDF7",0.0221031360656463,NA,0.249592169657423,0.0184907546226887,0.0255656596081192,FALSE,"Endo"
"FGF17",0.0220457442314584,NA,0.248776508972268,0.0189905047476262,0.0260800093226929,FALSE,"Endo"
"VSIR",0.0220180722022666,NA,0.247960848287113,0.0189905047476262,0.0260800093226929,FALSE,"Endo"
"MDK",0.0220138300448837,NA,0.247145187601958,0.0214892553723138,0.0286445460621158,FALSE,"Endo"
"PCDHA10",0.0220059855861246,NA,0.246329526916803,0.0154922538730635,0.0226467911628911,FALSE,"Endo"
"TAC3",0.0219743542096729,NA,0.245513866231648,0.055472263868066,0.0631538320059301,FALSE,"Endo"
"CCL25",0.0219331140680433,NA,0.244698205546493,0.0274862568715642,0.0343227978263671,FALSE,"Endo"
"IL12B",0.0219030863179698,NA,0.243882544861338,0.0304847576211894,0.037343828085957,FALSE,"Endo"
"CCL4L2",0.0218953903626191,NA,0.243066884176183,0.00849575212393803,0.0156972795653455,FALSE,"Endo"
"SEMA3B",0.0218861616882629,NA,0.242251223491028,0.00949525237381309,0.0168575132723493,FALSE,"Endo"
"PLA2G2A",0.0218849973435336,NA,0.241435562805873,0.0139930034982509,0.0211622583769843,FALSE,"Endo"
"INHBC",0.0218848956305811,NA,0.240619902120718,0.0194902548725637,0.0265874857671387,FALSE,"Endo"
"TPO",0.0218688965079428,NA,0.239804241435563,0.023488255872064,0.0302556397931423,FALSE,"Endo"
"CALM2",0.0218626857997956,NA,0.238988580750408,0.0294852573713143,0.0363009450048845,FALSE,"Endo"
"SIRPG",0.0217923943986092,NA,0.238172920065253,0.0194902548725637,0.0265874857671387,FALSE,"Endo"
"IFNA16",0.0217609695859933,NA,0.237357259380098,0.0229885057471264,0.0298631172218769,FALSE,"Endo"
"IFNA10",0.0217297425868692,NA,0.236541598694943,0.0184907546226887,0.0255656596081192,FALSE,"Endo"
"AMH",0.0216969882082963,NA,0.235725938009788,0.0199900049975013,0.0270882257986051,FALSE,"Endo"
"ACE",0.0216785702661119,NA,0.234910277324633,0.0344827586206897,0.0414944786938554,FALSE,"Endo"
"CDH6",0.0216523992665259,NA,0.234094616639478,0.0239880059970015,0.0308022089584139,FALSE,"Endo"
"IL17F",0.0216504523736744,NA,0.233278955954323,0.0149925037481259,0.0222077594818069,FALSE,"Endo"
"NECTIN2",0.021640604973756,NA,0.232463295269168,0.0339830084957521,0.0409736076843468,FALSE,"Endo"
"IFNL4",0.0216397455633303,NA,0.231647634584013,0.0229885057471264,0.0298631172218769,FALSE,"Endo"
"CD320",0.0215862252944691,NA,0.230831973898858,0.0124937531234383,0.0196720405863906,FALSE,"Endo"
"HLA-DRB4",0.0215266916661752,NA,0.230016313213703,0.0384807596201899,0.0453695192827071,FALSE,"Endo"
"CEACAM20",0.0214917353515713,NA,0.229200652528548,0.024487756121939,0.0313126317843166,FALSE,"Endo"
"EDA",0.0214738187490707,NA,0.228384991843393,0.0124937531234383,0.0196720405863906,FALSE,"Endo"
"FGF13",0.0214735043537446,NA,0.227569331158238,0.0194902548725637,0.0265874857671387,FALSE,"Endo"
"PCDHA9",0.0214678642848972,NA,0.226753670473083,0.0259870064967516,0.0328525107931071,FALSE,"Endo"
"IFNA8",0.0214626499591246,NA,0.225938009787928,0.0214892553723138,0.0286445460621158,FALSE,"Endo"
"ADAMTS3",0.0214605835558305,NA,0.225122349102773,0.0364817591204398,0.0434306656195712,FALSE,"Endo"
"FBLN1",0.0214159311902544,NA,0.224306688417618,0.0229885057471264,0.0298631172218769,FALSE,"Endo"
"PCDHA11",0.021413913848908,NA,0.223491027732463,0.0174912543728136,0.0246852380261482,FALSE,"Endo"
"TNFSF18",0.0214132304323933,NA,0.222675367047308,0.0294852573713143,0.0363009450048845,FALSE,"Endo"
"PCDHA8",0.0213928307646913,NA,0.221859706362153,0.0179910044977511,0.0251013445441288,FALSE,"Endo"
"PCDHA5",0.0213874223366832,NA,0.221044045676998,0.0179910044977511,0.0251013445441288,FALSE,"Endo"
"IFNL2",0.0213563234626833,NA,0.220228384991843,0.0204897551224388,0.0277041391004277,FALSE,"Endo"
"IFNA21",0.0213138382155114,NA,0.219412724306688,0.0224887556221889,0.0295904679239328,FALSE,"Endo"
"LEFTY2",0.0212854696503546,NA,0.218597063621533,0.0224887556221889,0.0295904679239328,FALSE,"Endo"
"HLA-DQA2",0.0212724191694022,NA,0.217781402936378,0.0384807596201899,0.0453695192827071,FALSE,"Endo"
"HLA-DMB",0.0212546025387503,NA,0.216965742251224,0.0314842578710645,0.0383763342209492,FALSE,"Endo"
"BMP5",0.0212257372189341,NA,0.216150081566069,0.0199900049975013,0.0270882257986051,FALSE,"Endo"
"ZG16B",0.0212208870566795,NA,0.215334420880914,0.0254872563718141,0.0322873723427841,FALSE,"Endo"
"MFGE8",0.0211667118099316,NA,0.214518760195759,0.0249875062468766,0.031719891349662,FALSE,"Endo"
"PCDHA1",0.0211399290260039,NA,0.213703099510604,0.0189905047476262,0.0260800093226929,FALSE,"Endo"
"GNRH2",0.0211350145756459,NA,0.212887438825449,0.0104947526236882,0.0179554077709748,FALSE,"Endo"
"SST",0.0211211611895009,NA,0.212071778140294,0.0119940029985007,0.0192060832328934,FALSE,"Endo"
"CCL19",0.0210937052052014,NA,0.211256117455139,0.0249875062468766,0.031719891349662,FALSE,"Endo"
"TNR",0.0210864488554758,NA,0.210440456769984,0.0149925037481259,0.0222077594818069,FALSE,"Endo"
"PROK1",0.0210846873755766,NA,0.209624796084829,0.0114942528735632,0.0187240156517486,FALSE,"Endo"
"PTPRC",0.0210779187560289,NA,0.208809135399674,0.0209895052473763,0.0281314484989453,FALSE,"Endo"
"ABCA1",0.0210762361472974,NA,0.207993474714519,0.0344827586206897,0.0414944786938554,FALSE,"Endo"
"PCDHA2",0.0210392643492112,NA,0.207177814029364,0.0169915042478761,0.0242311905746777,FALSE,"Endo"
"HLA-DQB1",0.0210047316544483,NA,0.206362153344209,0.0189905047476262,0.0260800093226929,FALSE,"Endo"
"ARMH4",0.0209933785434567,NA,0.205546492659054,0.0219890054972514,0.0291836746848677,FALSE,"Endo"
"SPP1",0.0209721643455933,NA,0.204730831973899,0.0239880059970015,0.0308022089584139,FALSE,"Endo"
"BMP8A",0.0209616514417694,NA,0.203915171288744,0.0224887556221889,0.0295904679239328,FALSE,"Endo"
"HLA-DMA",0.0209508320438668,NA,0.203099510603589,0.0294852573713143,0.0363009450048845,FALSE,"Endo"
"GDF5",0.0209221371159259,NA,0.202283849918434,0.0259870064967516,0.0328525107931071,FALSE,"Endo"
"CRH",0.0208728847721382,NA,0.201468189233279,0.0339830084957521,0.0409736076843468,FALSE,"Endo"
"LRRN1",0.0208690819320743,NA,0.200652528548124,0.0154922538730635,0.0226467911628911,FALSE,"Endo"
"IFNA4",0.0208689992982172,NA,0.199836867862969,0.0254872563718141,0.0322873723427841,FALSE,"Endo"
"CLEC11A",0.0208364788122846,NA,0.199021207177814,0.0309845077461269,0.0378802614660734,FALSE,"Endo"
"ECM1",0.0208293764683622,NA,0.198205546492659,0.0249875062468766,0.031719891349662,FALSE,"Endo"
"SELPLG",0.0207981109287096,NA,0.197389885807504,0.024487756121939,0.0313126317843166,FALSE,"Endo"
"KISS1",0.0207979655582842,NA,0.196574225122349,0.0119940029985007,0.0192060832328934,FALSE,"Endo"
"FLRT1",0.0207730827407146,NA,0.195758564437194,0.0289855072463768,0.0358659054311228,FALSE,"Endo"
"IFNW1",0.0207648886630794,NA,0.194942903752039,0.024487756121939,0.0313126317843166,FALSE,"Endo"
"POMC",0.020714903999137,NA,0.194127243066884,0.0369815092453773,0.0438976248309954,FALSE,"Endo"
"COLQ",0.0206890154556386,NA,0.193311582381729,0.0269865067466267,0.0337675901579343,FALSE,"Endo"
"AVP",0.0206850797943702,NA,0.192495921696574,0.0179910044977511,0.0251013445441288,FALSE,"Endo"
"DKK4",0.0206503165382931,NA,0.191680261011419,0.0229885057471264,0.0298631172218769,FALSE,"Endo"
"IL26",0.0205775630172912,NA,0.190864600326264,0.0359820089955022,0.0430028887995027,FALSE,"Endo"
"DSPP",0.0204746411226467,NA,0.190048939641109,0.0559720139930035,0.0636045613556858,FALSE,"Endo"
"PCDHA13",0.0204096726904663,NA,0.189233278955954,0.0219890054972514,0.0291836746848677,FALSE,"Endo"
"RBP3",0.0203920534273684,NA,0.188417618270799,0.0269865067466267,0.0337675901579343,FALSE,"Endo"
"ICAM2",0.0203552380580018,NA,0.187601957585644,0.023488255872064,0.0302556397931423,FALSE,"Endo"
"IL22",0.0203372134323902,NA,0.186786296900489,0.0434782608695652,0.0504842365547084,FALSE,"Endo"
"EBI3",0.0203368204494542,NA,0.185970636215334,0.0264867566216892,0.0334497699603806,FALSE,"Endo"
"ADGRF5",0.020321083279017,NA,0.185154975530179,0.0274862568715642,0.0343227978263671,FALSE,"Endo"
"CHL1",0.020289208661581,NA,0.184339314845024,0.0249875062468766,0.031719891349662,FALSE,"Endo"
"CDH2",0.020198119847082,NA,0.183523654159869,0.0204897551224388,0.0277041391004277,FALSE,"Endo"
"ZNRF3",0.0201824265381194,NA,0.182707993474715,0.0249875062468766,0.031719891349662,FALSE,"Endo"
"AIMP1",0.0201609585785793,NA,0.18189233278956,0.0269865067466267,0.0337675901579343,FALSE,"Endo"
"CD70",0.0201188273606998,NA,0.181076672104405,0.0289855072463768,0.0358659054311228,FALSE,"Endo"
"CD99",0.0200492183326613,NA,0.18026101141925,0.0229885057471264,0.0298631172218769,FALSE,"Endo"
"GJB2",0.0199571557527092,NA,0.179445350734095,0.0474762618690655,0.0546601699150425,FALSE,"Endo"
"TFPI",0.0198677305272431,NA,0.17862969004894,0.0209895052473763,0.0281314484989453,FALSE,"Endo"
"CD1D",0.0198622603689857,NA,0.177814029363785,0.0309845077461269,0.0378802614660734,FALSE,"Endo"
"IFNA2",0.0198395872623418,NA,0.17699836867863,0.0314842578710645,0.0383763342209492,FALSE,"Endo"
"BMP3",0.0196732391858108,NA,0.176182707993475,0.0294852573713143,0.0363009450048845,FALSE,"Endo"
"CSF1",0.0196434555336292,NA,0.17536704730832,0.0329835082458771,0.0399651806144406,FALSE,"Endo"
"HMGB1",0.0196410738704127,NA,0.174551386623165,0.0379810094952524,0.0449099774437106,FALSE,"Endo"
"TCN1",0.0196211598395381,NA,0.17373572593801,0.0409795102448776,0.0479922562619264,FALSE,"Endo"
"PENK",0.0196180506890064,NA,0.172920065252855,0.0419790104947526,0.0489755122438781,FALSE,"Endo"
"RARRES2",0.0195861507551662,NA,0.1721044045677,0.0294852573713143,0.0363009450048845,FALSE,"Endo"
"EDN3",0.0195366542946948,NA,0.171288743882545,0.0224887556221889,0.0295904679239328,FALSE,"Endo"
"CD52",0.0194525547353091,NA,0.17047308319739,0.0459770114942529,0.0531338104532639,FALSE,"Endo"
"INHBB",0.0194513511526717,NA,0.169657422512235,0.0269865067466267,0.0337675901579343,FALSE,"Endo"
"GRN",0.0194165854131977,NA,0.16884176182708,0.0199900049975013,0.0270882257986051,FALSE,"Endo"
"ADIPOQ",0.0193967177278235,NA,0.168026101141925,0.0459770114942529,0.0531338104532639,FALSE,"Endo"
"MYEOV",0.0193704536790094,NA,0.16721044045677,0.0324837581209395,0.0394376647157095,FALSE,"Endo"
"GCG",0.0193398245617758,NA,0.166394779771615,0.024487756121939,0.0313126317843166,FALSE,"Endo"
"SIGLEC1",0.019317370425525,NA,0.16557911908646,0.0354822588705647,0.0425301048106084,FALSE,"Endo"
"GPI",0.01928504093638,NA,0.164763458401305,0.0104947526236882,0.0179554077709748,FALSE,"Endo"
"HLA-DRB1",0.0192826833738949,NA,0.16394779771615,0.0504747626186907,0.0580033622963378,FALSE,"Endo"
"COPA",0.0192446166610279,NA,0.163132137030995,0.0549725137431284,0.0627014239621344,FALSE,"Endo"
"ENTPD1",0.0192298440248942,NA,0.16231647634584,0.0534732633683158,0.0610482270514323,FALSE,"Endo"
"DLL3",0.0192274275382003,NA,0.161500815660685,0.0354822588705647,0.0425301048106084,FALSE,"Endo"
"INHA",0.0191857608370303,NA,0.16068515497553,0.0339830084957521,0.0409736076843468,FALSE,"Endo"
"C4B_2",0.0191698879531641,NA,0.159869494290375,0.0284857571214393,0.0354264492119423,FALSE,"Endo"
"DEFB4B",0.0191061051886783,NA,0.15905383360522,0.0369815092453773,0.0438976248309954,FALSE,"Endo"
"TNFSF4",0.0189832296073822,NA,0.158238172920065,0.0339830084957521,0.0409736076843468,FALSE,"Endo"
"CD226",0.018937904542305,NA,0.15742251223491,0.0374812593703148,0.0444047802017753,FALSE,"Endo"
"RET",0.0189299587293559,NA,0.156606851549755,0.0364817591204398,0.0434306656195712,FALSE,"Endo"
"GH2",0.0188383071691066,NA,0.1557911908646,0.0414792603698151,0.04853113080518,FALSE,"Endo"
"SLIT2",0.0186650035724655,NA,0.154975530179445,0.031984007996002,0.0389080534211544,FALSE,"Endo"
"CCN2",0.0186555022206977,NA,0.15415986949429,0.0704647676161919,0.0786150640526731,TRUE,"Endo"
"HLA-F",0.0186115337826255,NA,0.153344208809135,0.0384807596201899,0.0453695192827071,FALSE,"Endo"
"MADCAM1",0.0185208241452131,NA,0.15252854812398,0.0434782608695652,0.0504842365547084,FALSE,"Endo"
"KLKB1",0.0185031827048074,NA,0.151712887438825,0.0354822588705647,0.0425301048106084,FALSE,"Endo"
"LRCH4",0.0184997872340611,NA,0.15089722675367,0.0379810094952524,0.0449099774437106,FALSE,"Endo"
"LGI2",0.0184981542687225,NA,0.150081566068515,0.0369815092453773,0.0438976248309954,FALSE,"Endo"
"TNFSF15",0.0184925353475973,NA,0.149265905383361,0.0389805097451274,0.0459145427286357,FALSE,"Endo"
"GUCA2B",0.0184383840748279,NA,0.148450244698206,0.039480259870065,0.0464139331485889,FALSE,"Endo"
"TPSG1",0.0184249831587833,NA,0.147634584013051,0.0279860069965017,0.0348757462570851,FALSE,"Endo"
"GDF1",0.0183146556871053,NA,0.146818923327896,0.0359820089955022,0.0430028887995027,FALSE,"Endo"
"KITLG",0.0181441131977523,NA,0.146003262642741,0.0569715142428786,0.0646204675440058,TRUE,"Endo"
"TRH",0.0181101700276286,NA,0.145187601957586,0.0189905047476262,0.0260800093226929,FALSE,"Endo"
"MMP7",0.0180490567994433,NA,0.144371941272431,0.0429785107446277,0.0500938874045375,FALSE,"Endo"
"CRTAM",0.0180206826653121,NA,0.143556280587276,0.0514742628685657,0.0589859420149607,FALSE,"Endo"
"CD5L",0.0180132655510533,NA,0.142740619902121,0.0509745127436282,0.0584679570327196,FALSE,"Endo"
"GDF15",0.0180130894316767,NA,0.141924959216966,0.0304847576211894,0.037343828085957,FALSE,"Endo"
"LSAMP",0.0180108448106727,NA,0.141109298531811,0.0374812593703148,0.0444047802017753,FALSE,"Endo"
"IFNE",0.0179960117500449,NA,0.140293637846656,0.0444777611194403,0.0514983529029436,FALSE,"Endo"
"CDH9",0.0179574369099798,NA,0.139477977161501,0.0419790104947526,0.0489755122438781,FALSE,"Endo"
"EXOC3-AS1",0.0179075378592169,NA,0.138662316476346,0.04047976011994,0.0475433424227484,FALSE,"Endo"
"CMTM8",0.0178566792880094,NA,0.137846655791191,0.0534732633683158,0.0610482270514323,FALSE,"Endo"
"IL36RN",0.0177827633825992,NA,0.137030995106036,0.0289855072463768,0.0358659054311228,FALSE,"Endo"
"IFNA13",0.017744175582518,NA,0.136215334420881,0.0619690154922539,0.0697720992444954,FALSE,"Endo"
"TECTB",0.0176573328727663,NA,0.135399673735726,0.0409795102448776,0.0479922562619264,FALSE,"Endo"
"GH1",0.0176178366841001,NA,0.134584013050571,0.0664667666166917,0.0744257670068074,FALSE,"Endo"
"CADM3",0.0175289457704308,NA,0.133768352365416,0.0534732633683158,0.0610482270514323,FALSE,"Endo"
"COL11A1",0.0174957619451346,NA,0.132952691680261,0.0609695152423788,0.0687098952823496,FALSE,"Endo"
"GNRH1",0.0173391673142377,NA,0.132137030995106,0.0674662668665667,0.0754759606498121,FALSE,"Endo"
"IMPG2",0.0172874531529835,NA,0.131321370309951,0.0509745127436282,0.0584679570327196,FALSE,"Endo"
"CRLF1",0.0171923455289287,NA,0.130505709624796,0.0434782608695652,0.0504842365547084,FALSE,"Endo"
"PGF",0.0171850354830066,NA,0.129690048939641,0.0359820089955022,0.0430028887995027,FALSE,"Endo"
"CSHL1",0.0171654906907991,NA,0.128874388254486,0.0529735132433783,0.0606472464702228,FALSE,"Endo"
"ADGRE5",0.0170804585470493,NA,0.128058727569331,0.0559720139930035,0.0636045613556858,FALSE,"Endo"
"MFAP3L",0.017080035247302,NA,0.127243066884176,0.0474762618690655,0.0546601699150425,FALSE,"Endo"
"TNFSF9",0.017035166662765,NA,0.126427406199021,0.0604697651174413,0.0683352972960014,FALSE,"Endo"
"FST",0.0170178949907475,NA,0.125611745513866,0.0409795102448776,0.0479922562619264,FALSE,"Endo"
"STX1A",0.0170087963711396,NA,0.124796084828711,0.0194902548725637,0.0265874857671387,FALSE,"Endo"
"CDHR2",0.0168728392809752,NA,0.123980424143556,0.0444777611194403,0.0514983529029436,FALSE,"Endo"
"F2",0.0167554034108551,NA,0.123164763458401,0.0484757621189405,0.055758505723664,FALSE,"Endo"
"C5",0.0167505174979277,NA,0.122349102773246,0.0289855072463768,0.0358659054311228,FALSE,"Endo"
"GAST",0.0167477653604505,NA,0.121533442088091,0.0434782608695652,0.0504842365547084,FALSE,"Endo"
"TNFSF8",0.0166986471707215,NA,0.120717781402936,0.0329835082458771,0.0399651806144406,FALSE,"Endo"
"GHRL",0.016599684895131,NA,0.119902120717781,0.0229885057471264,0.0298631172218769,FALSE,"Endo"
"IL11",0.01651386397265,NA,0.119086460032626,0.0609695152423788,0.0687098952823496,FALSE,"Endo"
"ANGPT1",0.0165003793547757,NA,0.118270799347471,0.0844577711144428,0.0930402604453169,FALSE,"Endo"
"GAD1",0.0164857639893241,NA,0.117455138662316,0.0209895052473763,0.0281314484989453,FALSE,"Endo"
"IFNG",0.0162473136772364,NA,0.116639477977161,0.0679660169915042,0.0758964182448429,FALSE,"Endo"
"SPON2",0.0162380837819056,NA,0.115823817292007,0.0599700149925037,0.0678331194513547,FALSE,"Endo"
"FGF7",0.0161654326731762,NA,0.115008156606852,0.0744627686156921,0.0827739487787866,FALSE,"Endo"
"SPAG11B",0.0161519042082402,NA,0.114192495921697,0.0474762618690655,0.0546601699150425,FALSE,"Endo"
"FGF8",0.0159330217779968,NA,0.113376835236542,0.0954522738630685,0.104400924537731,FALSE,"Endo"
"CNMD",0.0158841024198393,NA,0.112561174551387,0.055472263868066,0.0631538320059301,FALSE,"Endo"
"ASIP",0.0158508391242214,NA,0.111745513866232,0.0609695152423788,0.0687098952823496,FALSE,"Endo"
"PRNP",0.0158395277449405,NA,0.110929853181077,0.0784607696151924,0.0867458869843057,FALSE,"Endo"
"IFNA17",0.0157805790938402,NA,0.110114192495922,0.0579710144927536,0.0656326180717405,FALSE,"Endo"
"IL7",0.0157091026215178,NA,0.109298531810767,0.0749625187406297,0.0832539306049604,FALSE,"Endo"
"MMRN2",0.0155042330384017,NA,0.108482871125612,0.0629685157421289,0.0707673686092733,FALSE,"Endo"
"MSMB",0.0154746896341831,NA,0.107667210440457,0.0664667666166917,0.0744257670068074,FALSE,"Endo"
"IGFBP4",0.0152709870589439,NA,0.106851549755302,0.0624687656171914,0.0702701908916983,FALSE,"Endo"
"VSTM4",0.0149532026484391,NA,0.106035889070147,0.0744627686156921,0.0827739487787866,FALSE,"Endo"
"FGF18",0.0148985658816374,NA,0.105220228384992,0.0679660169915042,0.0758964182448429,FALSE,"Endo"
"CCL15",0.0148860122163588,NA,0.104404567699837,0.0314842578710645,0.0383763342209492,FALSE,"Endo"
"ALKAL1",0.0146981165786056,NA,0.103588907014682,0.0744627686156921,0.0827739487787866,FALSE,"Endo"
"CALCA",0.0145549275000304,NA,0.102773246329527,0.0469765117441279,0.0542377256235219,FALSE,"Endo"
"EPCAM",0.0145083871721519,NA,0.101957585644372,0.0894552723638181,0.0981923912595674,FALSE,"Endo"
"BMP7",0.0144670423482648,NA,0.101141924959217,0.0864567716141929,0.0949861392173868,FALSE,"Endo"
"PTDSS1",0.0144497974407635,NA,0.100326264274062,0.0784607696151924,0.0867458869843057,FALSE,"Endo"
"LRIG2",0.014432346026608,NA,0.099510603588907,0.0754622688655672,0.0837330428988404,FALSE,"Endo"
"CD34",0.0143183988338448,NA,0.098694942903752,0.072463768115942,0.0807717160528016,FALSE,"Endo"
"CD9",0.014227490100196,NA,0.0978792822185971,0.0579710144927536,0.0656326180717405,FALSE,"Endo"
"CXCL1",0.0141977610924302,NA,0.0970636215334421,0.0654672663668166,0.0734408436807237,FALSE,"Endo"
"APOD",0.0141921249722622,NA,0.0962479608482871,0.0839580209895052,0.0925729754384734,TRUE,"Endo"
"SECTM1",0.0140585560541435,NA,0.0954323001631321,0.0764617691154423,0.0847653096528659,FALSE,"Endo"
"TGFB3",0.0138977438230268,NA,0.0946166394779772,0.0804597701149425,0.0888757604966678,FALSE,"Endo"
"ADCYAP1",0.0138682916834958,NA,0.0938009787928222,0.0654672663668166,0.0734408436807237,FALSE,"Endo"
"IGFBPL1",0.013787047152936,NA,0.0929853181076672,0.0849575212393803,0.0934227679696956,FALSE,"Endo"
"IL10",0.0137194174116406,NA,0.0921696574225122,0.101949025487256,0.111011161086124,FALSE,"Endo"
"CADM2",0.0135578692509643,NA,0.0913539967373573,0.0919540229885057,0.100754631628729,FALSE,"Endo"
"CSH1",0.013486117953847,NA,0.0905383360522023,0.0904547726136932,0.0992006235020359,FALSE,"Endo"
"FAP",0.0134762885487422,NA,0.0897226753670473,0.0774612693653173,0.0857957097400667,TRUE,"Endo"
"GDNF",0.0134527234095776,NA,0.0889070146818923,0.100449775112444,0.109768933552849,FALSE,"Endo"
"ANOS1",0.0133731270448613,NA,0.0880913539967374,0.0849575212393803,0.0934227679696956,FALSE,"Endo"
"PNOC",0.013255972930032,NA,0.0872756933115824,0.126936531734133,0.136760995052166,FALSE,"Endo"
"CFC1",0.0132372042979953,NA,0.0864600326264274,0.0839580209895052,0.0925729754384734,FALSE,"Endo"
"WNT3A",0.0130338162762534,NA,0.0856443719412724,0.105947026486757,0.115159811398648,FALSE,"Endo"
"CRP",0.0128792821915885,NA,0.0848287112561175,0.056471764117941,0.0641129852126763,FALSE,"Endo"
"CLEC2D",0.012826966857565,NA,0.0840130505709625,0.132933533233383,0.142595077242465,FALSE,"Endo"
"TNFSF12",0.0128238316806579,NA,0.0831973898858075,0.101949025487256,0.111011161086124,FALSE,"Endo"
"ULBP3",0.0125758208566453,NA,0.0823817292006525,0.103948025987006,0.113087328449452,FALSE,"Endo"
"CLEC4G",0.0124478521463763,NA,0.0815660685154976,0.112943528235882,0.122438780609695,FALSE,"Endo"
"PAM",0.0123922560004458,NA,0.0807504078303426,0.101949025487256,0.111011161086124,FALSE,"Endo"
"MFAP5",0.0123424625854345,NA,0.0799347471451876,0.100949525237381,0.110216727643308,FALSE,"Endo"
"LAMA2",0.0123266228294429,NA,0.0791190864600326,0.11744127936032,0.127089723689392,FALSE,"Endo"
"GRP",0.0123264888879511,NA,0.0783034257748776,0.039480259870065,0.0464139331485889,FALSE,"Endo"
"THPO",0.0121720689764256,NA,0.0774877650897227,0.133933033483258,0.14329080001484,FALSE,"Endo"
"DLK1",0.0120814605993354,NA,0.0766721044045677,0.107446276861569,0.116685894641332,FALSE,"Endo"
"CNTN2",0.0120085685145655,NA,0.0758564437194127,0.0939530234882559,0.102852952433524,FALSE,"Endo"
"IL23A",0.0118341621719222,NA,0.0750407830342577,0.12543728135932,0.135383849925258,FALSE,"Endo"
"NECTIN3",0.0116806297307341,NA,0.0742251223491028,0.133933033483258,0.14329080001484,FALSE,"Endo"
"CSF3",0.0115622688353222,NA,0.0734094616639478,0.131934032983508,0.141646967927079,FALSE,"Endo"
"PDGFD",0.0115505950077228,NA,0.0725938009787928,0.11744127936032,0.127089723689392,FALSE,"Endo"
"LILRA6",0.011361142772446,NA,0.0717781402936378,0.126936531734133,0.136760995052166,FALSE,"Endo"
"ALKAL2",0.0113268136381634,NA,0.0709624796084829,0.119940029985007,0.129564847206027,FALSE,"Endo"
"COL10A1",0.0111339003186452,NA,0.0701468189233279,0.139930034982509,0.149576171774497,FALSE,"Endo"
"FGF10",0.0108571602918228,NA,0.0693311582381729,0.112943528235882,0.122438780609695,FALSE,"Endo"
"IL32",0.0107016653151859,NA,0.0685154975530179,0.160419790104948,0.170585280276528,FALSE,"Endo"
"TNFRSF14",0.0105749004438927,NA,0.067699836867863,0.152923538230885,0.163180604819541,FALSE,"Endo"
"TNFSF14",0.0104998067170973,NA,0.066884176182708,0.117941029485257,0.127517882717953,FALSE,"Endo"
"DBH",0.0103439622034894,NA,0.066068515497553,0.129435282358821,0.139208271193639,FALSE,"Endo"
"CCL27",0.0103272906483941,NA,0.065252854812398,0.16791604197901,0.17809277179592,FALSE,"Endo"
"IL18",0.0100972990477011,NA,0.0644371941272431,0.163418290854573,0.173472622440946,FALSE,"Endo"
"IL17C",0.0099903944740671,NA,0.0636215334420881,0.158920539730135,0.169284922756013,FALSE,"Endo"
"SLITRK3",0.00993363360112959,NA,0.0628058727569331,0.169915042478761,0.180057030308375,FALSE,"Endo"
"AREG",0.00965915430427513,NA,0.0619902120717781,0.129935032483758,0.139623170870705,FALSE,"Endo"
"LY6G5C",0.00961998960891682,NA,0.0611745513866232,0.160919540229885,0.170968288622384,FALSE,"Endo"
"GDF11",0.00960471058448441,NA,0.0603588907014682,0.140929535232384,0.150513235099974,FALSE,"Endo"
"NGF",0.00959115570286895,NA,0.0595432300163132,0.154922538730635,0.165169808481312,FALSE,"Endo"
"ADAM21",0.00912447070811905,NA,0.0587275693311582,0.192903548225887,0.203187314339391,FALSE,"Endo"
"IL12A",0.00873847316033729,NA,0.0579119086460033,0.174912543728136,0.185192624085537,FALSE,"Endo"
"MMP15",0.00865816940741299,NA,0.0570962479608483,0.190404797601199,0.20090084156888,FALSE,"Endo"
"MIF",0.00861248923926278,NA,0.0562805872756933,0.182908545727136,0.193324390436361,FALSE,"Endo"
"TARM1",0.00860062565519492,NA,0.0554649265905383,0.178410794602699,0.188733353530489,FALSE,"Endo"
"TNFSF13",0.0084588821488538,NA,0.0546492659053834,0.15992003998001,0.170201606407917,FALSE,"Endo"
"CXCL12",0.0080105101516822,NA,0.0538336052202284,0.187906046976512,0.198435265126058,FALSE,"Endo"
"LIF",0.00786940117195422,NA,0.0530179445350734,0.190904547726137,0.201254794289602,FALSE,"Endo"
"NLGN3",0.0069473305917697,NA,0.0522022838499184,0.20039980009995,0.210720819847587,FALSE,"Endo"
"LTBP3",0.00684294861114338,NA,0.0513866231647635,0.239880059970015,0.251156473045529,FALSE,"Endo"
"CADM1",0.00639315863595499,NA,0.0505709624796085,0.220389805097451,0.231343197295954,FALSE,"Endo"
"CNTN5",0.00616448713050043,NA,0.0497553017944535,0.251874062968516,0.263489092345373,FALSE,"Endo"
"CD274",0.006017169286197,NA,0.0489396411092985,0.20039980009995,0.210720819847587,FALSE,"Endo"
"SHH",0.00601388889396255,NA,0.0481239804241436,0.209395302348826,0.219990776481399,FALSE,"Endo"
"PTH",0.00584677389305344,NA,0.0473083197389886,0.129435282358821,0.139208271193639,FALSE,"Endo"
"ESM1",0.00581288246195072,NA,0.0464926590538336,0.263868065967017,0.275800666219791,FALSE,"Endo"
"VEGFC",0.00577561635703052,NA,0.0456769983686786,0.223388305847076,0.234289961183792,FALSE,"Endo"
"MSTN",0.00514703562133279,NA,0.0448613376835237,0.27336331834083,0.284995799972354,FALSE,"Endo"
"IFNL1",0.00507487394491778,NA,0.0440456769983687,0.280859570214893,0.292313486417369,FALSE,"Endo"
"TNFSF11",0.0050276239856349,NA,0.0432300163132137,0.278360819590205,0.28995918707313,FALSE,"Endo"
"CCL2",0.00493474318737218,NA,0.0424143556280587,0.291854072963518,0.303498505416222,FALSE,"Endo"
"LTF",0.00492877487413777,NA,0.0415986949429038,0.311844077961019,0.324011022478583,FALSE,"Endo"
"PROK2",0.0048534916283681,NA,0.0407830342577488,0.133433283358321,0.143005924859093,FALSE,"Endo"
"IL21",0.0045290235087501,NA,0.0399673735725938,0.270364817591204,0.282109796890311,FALSE,"Endo"
"POSTN",0.00336142582222982,NA,0.0391517128874388,0.229885057471264,0.240897515314199,FALSE,"Endo"
"PCDHGB6",0.00324618624953156,NA,0.0383360522022839,0.370814592703648,0.383979607829221,FALSE,"Endo"
"PRRG4",0.00319902774253185,NA,0.0375203915171289,0.363318340829585,0.376854333205963,FALSE,"Endo"
"IFNL3",0.00269528819202079,NA,0.0367047308319739,0.359320339830085,0.373023234145639,FALSE,"Endo"
"JAG1",0.00143516378779134,NA,0.0358890701468189,0.4007996001999,0.413630589928288,FALSE,"Endo"
"IGFL1",0.00139067075196722,NA,0.0350734094616639,0.381309345327336,0.394513469616543,FALSE,"Endo"
"CAMP",0.00127092353674528,NA,0.034257748776509,0.366816591704148,0.380161019321135,FALSE,"Endo"
"TGM2",0.00111869467593158,NA,0.033442088091354,0.401799100449775,0.414313045497453,FALSE,"Endo"
"NMU",0.000859028596080934,NA,0.032626427406199,0.264367816091954,0.276087446472842,FALSE,"Endo"
"EPHA4",0.000676596804330143,NA,0.031810766721044,0.452273863068466,0.464794867666838,FALSE,"Endo"
"FURIN",0.000668499603224057,NA,0.0309951060358891,0.467766116941529,0.477511244377811,FALSE,"Endo"
"CALR",0.000650179908250284,NA,0.0301794453507341,0.454772613693153,0.466579942859391,FALSE,"Endo"
"IGFL2",0.000555745544121756,NA,0.0293637846655791,0.426286856571714,0.438824705294412,FALSE,"Endo"
"IL5",0.000276625955925807,NA,0.0285481239804241,0.463768115942029,0.474616492923129,FALSE,"Endo"
"CX3CL1",0.000175302869847663,NA,0.0277324632952692,0.405797101449275,0.418083641106276,FALSE,"Endo"
"MST1",0.000171985316691189,NA,0.0269168026101142,0.456771614192904,0.468238684005278,FALSE,"Endo"
"INS",0.000133611060224267,NA,0.0261011419249592,0.460269865067466,0.471430254772279,FALSE,"Endo"
"IFNA1",-0.000213075271685178,NA,0.0252854812398042,0.393303348325837,0.406236595024579,FALSE,"Endo"
"TNFSF13B",-0.000700179356793324,NA,0.0244698205546493,0.52623688155922,0.535415431818974,FALSE,"Endo"
"IL27",-0.000740928192553847,NA,0.0236541598694943,0.440279860069965,0.452848722574061,FALSE,"Endo"
"ANGPTL4",-0.000995537488907164,NA,0.0228384991843393,0.55672163918041,0.563623147104134,FALSE,"Endo"
"NPTX2",-0.000998065814466104,NA,0.0220228384991843,0.532733633183408,0.541126617454125,FALSE,"Endo"
"LY86",-0.00115029410093427,NA,0.0212071778140294,0.535732133933034,0.543721511241066,FALSE,"Endo"
"NELL2",-0.00136136412772904,NA,0.0203915171288744,0.532733633183408,0.541126617454125,FALSE,"Endo"
"NTF3",-0.00144087268787028,NA,0.0195758564437194,0.466766616691654,0.476888328146185,FALSE,"Endo"
"FGF19",-0.00157278663623258,NA,0.0187601957585644,0.381809095452274,0.39469716618484,FALSE,"Endo"
"MYOC",-0.00172864890378097,NA,0.0179445350734095,0.464767616191904,0.475242345438299,FALSE,"Endo"
"IL33",-0.00172962953801772,NA,0.0171288743882545,0.471264367816092,0.4802819056362,FALSE,"Endo"
"ADM",-0.00196785721202199,NA,0.0163132137030995,0.453773113443278,0.465944730903618,FALSE,"Endo"
"PTHLH",-0.00210223140732706,NA,0.0154975530179445,0.540729635182409,0.548339240975539,FALSE,"Endo"
"NTF4",-0.00223717384073696,NA,0.0146818923327896,0.559220389805097,0.565685365409781,FALSE,"Endo"
"SPARC",-0.00255028628092025,NA,0.0138662316476346,0.490754622688656,0.499729353943145,FALSE,"Endo"
"LTA",-0.00302463934743637,NA,0.0130505709624796,0.469765117441279,0.479152596890564,FALSE,"Endo"
"TEX101",-0.00328395332693649,NA,0.0122349102773246,0.619690154922539,0.62530513985182,FALSE,"Endo"
"IL15",-0.0033133785479095,NA,0.0114192495921697,0.600199900049975,0.606137574246677,TRUE,"Endo"
"CD6",-0.00337370443557987,NA,0.0106035889070147,0.621189405297351,0.626302075299799,FALSE,"Endo"
"PLAU",-0.00392994582921433,NA,0.00978792822185971,0.658170914542729,0.662497428360594,FALSE,"Endo"
"NLGN1",-0.00409544752095946,NA,0.00897226753670473,0.555722138930535,0.563076608924652,FALSE,"Endo"
"ST6GAL1",-0.00445402694650824,NA,0.00815660685154975,0.567216391804098,0.573300396006617,FALSE,"Endo"
"IL2",-0.00499051506003241,NA,0.00734094616639478,0.653173413293353,0.658007755990426,FALSE,"Endo"
"IL3",-0.00527455987049683,NA,0.0065252854812398,0.697651174412794,0.701085060423029,FALSE,"Endo"
"LTB",-0.00546881937948084,NA,0.00570962479608483,0.668165917041479,0.672005951047465,FALSE,"Endo"
"ELFN1",-0.00564163325062648,NA,0.00489396411092985,0.709145427286357,0.71146859002931,FALSE,"Endo"
"FGF23",-0.00567833300971973,NA,0.00407830342577488,0.703648175912044,0.706531979911683,FALSE,"Endo"
"IFNB1",-0.00641969799985766,NA,0.0032626427406199,0.714142928535732,0.715896143581237,FALSE,"Endo"
"CXCL8",-0.00727123054547143,NA,0.00244698205546493,0.71864067966017,0.719815889275313,FALSE,"Endo"
"CCL28",-0.00899245569589037,NA,0.00163132137030995,0.745127436281859,0.745736200527187,FALSE,"Endo"
"CKLF",-0.00950697650260431,NA,0.000815660685154976,0.822088955522239,0.822088955522239,FALSE,"Endo"
"IGFL3",NA,NA,1,NA,NA,FALSE,"Endo"
"TNF",0.050166056702547,NA,0.999184339314845,0.000499750124937531,0.24487756121939,FALSE,"Micro"
"UTS2",0.0493750719818356,NA,0.99836867862969,0.0109945027486257,0.585576776828977,FALSE,"Micro"
"GIP",0.0470637547674694,NA,0.997553017944535,0.00949525237381309,0.581584207896052,FALSE,"Micro"
"GNRH2",0.0460497141071197,NA,0.99673735725938,0.0184907546226887,0.704950555025518,FALSE,"Micro"
"IL4",0.0389461018730644,NA,0.995921696574225,0.000499750124937531,0.24487756121939,FALSE,"Micro"
"HGF",0.0380769144735381,NA,0.99510603588907,0.00199900049975012,0.349825087456272,FALSE,"Micro"
"TAC1",0.037382668727669,NA,0.994290375203915,0.000999500249875062,0.24487756121939,FALSE,"Micro"
"TNFSF11",0.0367243246548657,NA,0.99347471451876,0.00199900049975012,0.349825087456272,FALSE,"Micro"
"NTF4",0.0361875978934056,NA,0.992659053833605,0.000999500249875062,0.24487756121939,FALSE,"Micro"
"CSF1",0.0356461157690928,NA,0.99184339314845,0.000999500249875062,0.24487756121939,FALSE,"Micro"
"IL16",0.0351762330133899,NA,0.991027732463295,0.00549725137431284,0.459145427286357,FALSE,"Micro"
"CCN2",0.0347285917893066,NA,0.99021207177814,0.00299850074962519,0.408129268698984,TRUE,"Micro"
"TGFB2",0.0337992983637128,NA,0.989396411092985,0.00349825087456272,0.428535732133933,FALSE,"Micro"
"MUC4",0.0336246587047793,NA,0.98858075040783,0.00249875062468766,0.382621189405297,FALSE,"Micro"
"CCN3",0.0319418777224847,NA,0.987765089722675,0.0109945027486257,0.585576776828977,FALSE,"Micro"
"LEP",0.0309291873738857,NA,0.98694942903752,0.00599700149925037,0.459145427286357,FALSE,"Micro"
"ANGPTL2",0.0308502804492899,NA,0.986133768352365,0.00449775112443778,0.459145427286357,FALSE,"Micro"
"PTN",0.0288195314631366,NA,0.98531810766721,0.00599700149925037,0.459145427286357,FALSE,"Micro"
"BMP7",0.0286959844578456,NA,0.984502446982055,0.0104947526236882,0.585576776828977,FALSE,"Micro"
"TNFSF13B",0.027912575630094,NA,0.983686786296901,0.00749625187406297,0.540171090925126,FALSE,"Micro"
"LPA",0.0277745799264794,NA,0.982871125611745,0.024487756121939,0.805518293484837,FALSE,"Micro"
"CSF2",0.0276544554572043,NA,0.982055464926591,0.00899550224887556,0.579973171309082,FALSE,"Micro"
"CXCL1",0.0273929839520608,NA,0.981239804241436,0.0079960019990005,0.544172358265312,FALSE,"Micro"
"IFNG",0.0273695253493865,NA,0.980424143556281,0.00549725137431284,0.459145427286357,FALSE,"Micro"
"WNT1",0.0257657892064611,NA,0.979608482871126,0.00549725137431284,0.459145427286357,FALSE,"Micro"
"CXCL12",0.0249926161121047,NA,0.978792822185971,0.0149925037481259,0.654414172224233,FALSE,"Micro"
"F2",0.0233037400389971,NA,0.977977161500816,0.0524737631184408,0.85993218344099,FALSE,"Micro"
"IL24",0.0230191359241787,NA,0.977161500815661,0.0134932533733133,0.654414172224233,FALSE,"Micro"
"FGF4",0.0226597351979098,NA,0.976345840130506,0.0499750124937531,0.85993218344099,FALSE,"Micro"
"BDNF",0.0225869518891135,NA,0.975530179445351,0.0154922538730635,0.654414172224233,FALSE,"Micro"
"MYOC",0.0225205111688272,NA,0.974714518760196,0.0154922538730635,0.654414172224233,FALSE,"Micro"
"FSHB",0.0222294470242298,NA,0.973898858075041,0.0129935032483758,0.654414172224233,FALSE,"Micro"
"PGF",0.022178181928473,NA,0.973083197389886,0.0364817591204398,0.85993218344099,FALSE,"Micro"
"APOA1",0.0217513676351073,NA,0.972267536704731,0.0219890054972514,0.748236992614804,FALSE,"Micro"
"GNRH1",0.021186318260862,NA,0.971451876019576,0.0219890054972514,0.748236992614804,FALSE,"Micro"
"IL1B",0.0211157325891557,NA,0.970636215334421,0.0199900049975013,0.720228121233501,FALSE,"Micro"
"ANGPT1",0.0207779076472514,NA,0.969820554649266,0.0189905047476262,0.704950555025518,FALSE,"Micro"
"AGT",0.0207761634896115,NA,0.969004893964111,0.0399800099950025,0.85993218344099,FALSE,"Micro"
"CCL2",0.0206459957074906,NA,0.968189233278956,0.0189905047476262,0.704950555025518,FALSE,"Micro"
"NT5E",0.0198232058622553,NA,0.967373572593801,0.0154922538730635,0.654414172224233,FALSE,"Micro"
"PRSS55",0.0195118458701374,NA,0.966557911908646,0.04047976011994,0.85993218344099,FALSE,"Micro"
"IL27",0.0193564747057467,NA,0.965742251223491,0.0294852573713143,0.85993218344099,FALSE,"Micro"
"IL7",0.019322102835144,NA,0.964926590538336,0.0184907546226887,0.704950555025518,FALSE,"Micro"
"TGFB1",0.0191728817457287,NA,0.964110929853181,0.0289855072463768,0.85993218344099,FALSE,"Micro"
"GREM1",0.0188615632834508,NA,0.963295269168026,0.0289855072463768,0.85993218344099,FALSE,"Micro"
"ACE",0.0187869367677553,NA,0.962479608482871,0.0419790104947526,0.85993218344099,FALSE,"Micro"
"FGF2",0.018360244765658,NA,0.961663947797716,0.0249875062468766,0.805518293484837,FALSE,"Micro"
"TGFB3",0.0174319137267488,NA,0.960848287112561,0.0349825087456272,0.85993218344099,FALSE,"Micro"
"WNT5A",0.0170634579623433,NA,0.960032626427406,0.0514742628685657,0.85993218344099,FALSE,"Micro"
"GDF2",0.016883185600962,NA,0.959216965742251,0.0419790104947526,0.85993218344099,FALSE,"Micro"
"LVRN",0.0167080309285947,NA,0.958401305057096,0.0364817591204398,0.85993218344099,FALSE,"Micro"
"ALB",0.0163815808446579,NA,0.957585644371941,0.0739630184907546,0.85993218344099,FALSE,"Micro"
"NOG",0.0163420537752153,NA,0.956769983686786,0.0384807596201899,0.85993218344099,FALSE,"Micro"
"ADM",0.0162710225502611,NA,0.955954323001631,0.0619690154922539,0.85993218344099,FALSE,"Micro"
"IL22",0.0162516107680143,NA,0.955138662316476,0.0434782608695652,0.85993218344099,FALSE,"Micro"
"IGFL1",0.015879621450817,NA,0.954323001631321,0.0559720139930035,0.85993218344099,FALSE,"Micro"
"BMP2",0.0157340148042932,NA,0.953507340946166,0.0514742628685657,0.85993218344099,FALSE,"Micro"
"CRP",0.0154670532216473,NA,0.952691680261011,0.0949525237381309,0.85993218344099,FALSE,"Micro"
"NLGN3",0.0149221958345374,NA,0.951876019575856,0.0744627686156921,0.85993218344099,FALSE,"Micro"
"ENTPD1",0.0145054698411373,NA,0.951060358890702,0.0744627686156921,0.85993218344099,FALSE,"Micro"
"PDGFA",0.0144651498897047,NA,0.950244698205546,0.0739630184907546,0.85993218344099,FALSE,"Micro"
"IL19",0.0144544855409729,NA,0.949429037520392,0.0704647676161919,0.85993218344099,FALSE,"Micro"
"F8",0.0141700486192266,NA,0.948613376835236,0.0694652673663168,0.85993218344099,FALSE,"Micro"
"THPO",0.0141335835739049,NA,0.947797716150082,0.0679660169915042,0.85993218344099,FALSE,"Micro"
"IL15",0.0139889501266021,NA,0.946982055464927,0.0664667666166917,0.85993218344099,TRUE,"Micro"
"CD40LG",0.0138105237243607,NA,0.946166394779772,0.0819590204897551,0.85993218344099,FALSE,"Micro"
"PROK2",0.0138101194391335,NA,0.945350734094617,0.0974512743628186,0.85993218344099,FALSE,"Micro"
"NODAL",0.0135679712998792,NA,0.944535073409462,0.0749625187406297,0.85993218344099,FALSE,"Micro"
"PRNP",0.0134143952778816,NA,0.943719412724307,0.0814592703648176,0.85993218344099,FALSE,"Micro"
"TGM2",0.013272034889893,NA,0.942903752039152,0.0864567716141929,0.85993218344099,FALSE,"Micro"
"NRG1",0.0132482436260181,NA,0.942088091353997,0.0939530234882559,0.85993218344099,FALSE,"Micro"
"EGF",0.0129879899646398,NA,0.941272430668842,0.0979510244877561,0.85993218344099,FALSE,"Micro"
"IFNA1",0.0129710134276685,NA,0.940456769983687,0.0954522738630685,0.85993218344099,FALSE,"Micro"
"SI",0.0129560302303888,NA,0.939641109298532,0.0659670164917541,0.85993218344099,FALSE,"Micro"
"IL20",0.0127258897086982,NA,0.938825448613377,0.0914542728635682,0.85993218344099,FALSE,"Micro"
"IL33",0.0126517219297077,NA,0.938009787928222,0.0894552723638181,0.85993218344099,FALSE,"Micro"
"IFITM1",0.0123934345931365,NA,0.937194127243067,0.0839580209895052,0.85993218344099,FALSE,"Micro"
"IHH",0.0120336824456886,NA,0.936378466557912,0.0684657671164418,0.85993218344099,FALSE,"Micro"
"ADAM29",0.0118852115570582,NA,0.935562805872757,0.095952023988006,0.85993218344099,FALSE,"Micro"
"IL17A",0.0118734389651802,NA,0.934747145187602,0.088455772113943,0.85993218344099,FALSE,"Micro"
"IL25",0.0117379566779805,NA,0.933931484502447,0.0989505247376312,0.85993218344099,FALSE,"Micro"
"PCDHA7",0.0117021180672898,NA,0.933115823817292,0.0999500249875062,0.85993218344099,FALSE,"Micro"
"TMEM190",0.0116583174756748,NA,0.932300163132137,0.0899550224887556,0.85993218344099,FALSE,"Micro"
"PSG9",0.0116275711762689,NA,0.931484502446982,0.0904547726136932,0.85993218344099,FALSE,"Micro"
"IL5",0.0115064409395579,NA,0.930668841761827,0.11544227886057,0.85993218344099,FALSE,"Micro"
"ADAM17",0.0114688693551389,NA,0.929853181076672,0.114442778610695,0.85993218344099,FALSE,"Micro"
"IL18",0.0113548179027701,NA,0.929037520391517,0.121939030484758,0.85993218344099,FALSE,"Micro"
"BGN",0.0113379133487763,NA,0.928221859706362,0.0984507746126937,0.85993218344099,FALSE,"Micro"
"TNFSF8",0.0108159818846269,NA,0.927406199021207,0.0654672663668166,0.85993218344099,FALSE,"Micro"
"PTH",0.0108014742537428,NA,0.926590538336052,0.139930034982509,0.85993218344099,FALSE,"Micro"
"JAM2",0.0107363765925235,NA,0.925774877650897,0.108945527236382,0.85993218344099,FALSE,"Micro"
"HJV",0.0107325815467978,NA,0.924959216965742,0.106446776611694,0.85993218344099,FALSE,"Micro"
"NTF3",0.010676672978432,NA,0.924143556280587,0.150424787606197,0.85993218344099,FALSE,"Micro"
"PDGFC",0.0105818828325986,NA,0.923327895595432,0.124437781109445,0.85993218344099,FALSE,"Micro"
"ZDHHC5",0.0103384308899332,NA,0.922512234910277,0.127936031984008,0.85993218344099,FALSE,"Micro"
"DLL4",0.010221869980122,NA,0.921696574225122,0.11544227886057,0.85993218344099,FALSE,"Micro"
"COPA",0.0101399668769957,NA,0.920880913539967,0.138930534732634,0.85993218344099,FALSE,"Micro"
"OCLN",0.0100361813081151,NA,0.920065252854812,0.121939030484758,0.85993218344099,FALSE,"Micro"
"CCL18",0.00996818132662692,NA,0.919249592169657,0.112443778110945,0.85993218344099,FALSE,"Micro"
"NAALADL1",0.00989557176362733,NA,0.918433931484502,0.135432283858071,0.85993218344099,FALSE,"Micro"
"NEO1",0.00982690936571761,NA,0.917618270799347,0.123938030984508,0.85993218344099,FALSE,"Micro"
"HRG",0.00971041564854284,NA,0.916802610114193,0.116941529235382,0.85993218344099,FALSE,"Micro"
"WNT3A",0.00970976111236423,NA,0.915986949429037,0.146926536731634,0.85993218344099,FALSE,"Micro"
"IGF2",0.00965976209079029,NA,0.915171288743883,0.15592203898051,0.85993218344099,FALSE,"Micro"
"BPI",0.0094096269468806,NA,0.914355628058728,0.129435282358821,0.85993218344099,FALSE,"Micro"
"IBSP",0.00904687045152733,NA,0.913539967373573,0.145927036481759,0.85993218344099,FALSE,"Micro"
"BACE2",0.00903853201632313,NA,0.912724306688418,0.148925537231384,0.85993218344099,FALSE,"Micro"
"CD40",0.00878902359122044,NA,0.911908646003263,0.170914542728636,0.85993218344099,FALSE,"Micro"
"IL11",0.00875634294988393,NA,0.911092985318108,0.15992003998001,0.85993218344099,FALSE,"Micro"
"EPHA4",0.00866061199717029,NA,0.910277324632953,0.16591704147926,0.85993218344099,FALSE,"Micro"
"LAMA4",0.00864099320342885,NA,0.909461663947798,0.154422788605697,0.85993218344099,FALSE,"Micro"
"IL10",0.008473294387747,NA,0.908646003262643,0.171414292853573,0.85993218344099,FALSE,"Micro"
"NLGN1",0.00836912734107545,NA,0.907830342577488,0.195402298850575,0.85993218344099,FALSE,"Micro"
"EPCAM",0.00826615874627816,NA,0.907014681892333,0.188905547226387,0.85993218344099,FALSE,"Micro"
"SCGB1A1",0.00798082177841599,NA,0.906199021207178,0.168915542228886,0.85993218344099,FALSE,"Micro"
"ITGAL",0.00796290619372107,NA,0.905383360522023,0.169415292353823,0.85993218344099,FALSE,"Micro"
"FGF23",0.00794349378756122,NA,0.904567699836868,0.198900549725137,0.85993218344099,FALSE,"Micro"
"OLFM2",0.00784402342729564,NA,0.903752039151713,0.184407796101949,0.85993218344099,FALSE,"Micro"
"IL13",0.00769072602440876,NA,0.902936378466558,0.177911044477761,0.85993218344099,FALSE,"Micro"
"CEACAM6",0.00760083441264057,NA,0.902120717781403,0.178410794602699,0.85993218344099,FALSE,"Micro"
"VGF",0.00757362600626452,NA,0.901305057096248,0.191404297851074,0.85993218344099,FALSE,"Micro"
"JAG1",0.00756709021651177,NA,0.900489396411093,0.171414292853573,0.85993218344099,FALSE,"Micro"
"IGSF11",0.00741464439014831,NA,0.899673735725938,0.189405297351324,0.85993218344099,FALSE,"Micro"
"COL13A1",0.00731762500160008,NA,0.898858075040783,0.189905047476262,0.85993218344099,FALSE,"Micro"
"PCDH15",0.0073043035340812,NA,0.898042414355628,0.20439780109945,0.85993218344099,FALSE,"Micro"
"DLL3",0.00728444103003875,NA,0.897226753670473,0.19640179910045,0.85993218344099,FALSE,"Micro"
"CXCL8",0.00726103815282017,NA,0.896411092985318,0.208895552223888,0.85993218344099,FALSE,"Micro"
"MPDZ",0.00712519279184842,NA,0.895595432300163,0.197401299350325,0.85993218344099,FALSE,"Micro"
"IL3",0.00707210291636727,NA,0.894779771615008,0.212393803098451,0.85993218344099,FALSE,"Micro"
"BMP1",0.0070158454755711,NA,0.893964110929853,0.1984007996002,0.85993218344099,FALSE,"Micro"
"OXT",0.00697961958291115,NA,0.893148450244698,0.191904047976012,0.85993218344099,FALSE,"Micro"
"CD5L",0.00684047968614627,NA,0.892332789559543,0.215892053973014,0.85993218344099,FALSE,"Micro"
"SIGLEC6",0.00681667496014989,NA,0.891517128874388,0.226386806596702,0.85993218344099,FALSE,"Micro"
"DLL1",0.00673231618693821,NA,0.890701468189233,0.203898050974513,0.85993218344099,FALSE,"Micro"
"RECK",0.00672098655775702,NA,0.889885807504078,0.203398300849575,0.85993218344099,FALSE,"Micro"
"MAG",0.00657831270193473,NA,0.889070146818923,0.212393803098451,0.85993218344099,FALSE,"Micro"
"S100A4",0.00655991652881877,NA,0.888254486133768,0.205897051474263,0.85993218344099,FALSE,"Micro"
"FGF19",0.00653399483672891,NA,0.887438825448613,0.24687656171914,0.85993218344099,FALSE,"Micro"
"LILRA6",0.00644890040406422,NA,0.886623164763458,0.234382808595702,0.85993218344099,FALSE,"Micro"
"CFAP54",0.0063765619342513,NA,0.885807504078303,0.213893053473263,0.85993218344099,FALSE,"Micro"
"FGF7",0.00635460915199502,NA,0.884991843393148,0.201899050474763,0.85993218344099,FALSE,"Micro"
"CNTF",0.00616417930951139,NA,0.884176182707993,0.213893053473263,0.85993218344099,FALSE,"Micro"
"COL22A1",0.00616104206034506,NA,0.883360522022839,0.23488255872064,0.85993218344099,FALSE,"Micro"
"TNFSF12",0.00611582331254281,NA,0.882544861337684,0.226886556721639,0.85993218344099,FALSE,"Micro"
"PCDHA4",0.00605955508718742,NA,0.881729200652529,0.246376811594203,0.85993218344099,FALSE,"Micro"
"WBP1",0.00603824853594699,NA,0.880913539967374,0.239380309845077,0.85993218344099,FALSE,"Micro"
"SFRP2",0.00601909987873296,NA,0.880097879282219,0.233383308345827,0.85993218344099,FALSE,"Micro"
"NXPH2",0.00580022620865587,NA,0.879282218597064,0.242378810594703,0.85993218344099,FALSE,"Micro"
"POSTN",0.0056135643203658,NA,0.878466557911909,0.223388305847076,0.85993218344099,FALSE,"Micro"
"IFNB1",0.00560392171754899,NA,0.877650897226754,0.23488255872064,0.85993218344099,FALSE,"Micro"
"SLITRK1",0.00554958128272409,NA,0.876835236541599,0.257871064467766,0.85993218344099,FALSE,"Micro"
"CNTN2",0.00543764159624374,NA,0.876019575856444,0.219890054972514,0.85993218344099,FALSE,"Micro"
"ANGPT4",0.00542321733253956,NA,0.875203915171289,0.245877061469265,0.85993218344099,FALSE,"Micro"
"LRRTM3",0.00539471246670658,NA,0.874388254486134,0.247876061969015,0.85993218344099,FALSE,"Micro"
"NLGN4X",0.00531596196404637,NA,0.873572593800979,0.269865067466267,0.85993218344099,FALSE,"Micro"
"CD300C",0.00527649127219079,NA,0.872756933115824,0.249375312343828,0.85993218344099,FALSE,"Micro"
"DSC3",0.00521593005296814,NA,0.871941272430669,0.269365317341329,0.85993218344099,FALSE,"Micro"
"AMBN",0.00520200428946269,NA,0.871125611745514,0.267366316841579,0.85993218344099,FALSE,"Micro"
"S100A8",0.00517638961720642,NA,0.870309951060359,0.24687656171914,0.85993218344099,FALSE,"Micro"
"ADAM10",0.00517320985983283,NA,0.869494290375204,0.253373313343328,0.85993218344099,FALSE,"Micro"
"ANGPTL4",0.00517007148736752,NA,0.868678629690049,0.27336331834083,0.85993218344099,FALSE,"Micro"
"IL1RN",0.00511344783153366,NA,0.867862969004894,0.216891554222889,0.85993218344099,FALSE,"Micro"
"CRB3",0.00507742711984893,NA,0.867047308319739,0.269365317341329,0.85993218344099,FALSE,"Micro"
"SPN",0.00503727093542941,NA,0.866231647634584,0.27536231884058,0.85993218344099,FALSE,"Micro"
"ST6GAL1",0.00494914662195603,NA,0.865415986949429,0.253873063468266,0.85993218344099,FALSE,"Micro"
"TDGF1",0.00493941869846263,NA,0.864600326264274,0.280859570214893,0.85993218344099,FALSE,"Micro"
"NLGN2",0.00486557931688229,NA,0.863784665579119,0.290354822588706,0.85993218344099,FALSE,"Micro"
"IFNA13",0.00485600917482872,NA,0.862969004893964,0.266866566716642,0.85993218344099,FALSE,"Micro"
"SECTM1",0.00483630328688293,NA,0.862153344208809,0.28735632183908,0.85993218344099,FALSE,"Micro"
"EDIL3",0.00473528361583228,NA,0.861337683523654,0.270864567716142,0.85993218344099,FALSE,"Micro"
"LYZ",0.00459645637025454,NA,0.860522022838499,0.286856571714143,0.85993218344099,FALSE,"Micro"
"LEFTY2",0.00455470577353746,NA,0.859706362153344,0.281859070464768,0.85993218344099,FALSE,"Micro"
"MMP13",0.00450092035932823,NA,0.858890701468189,0.295352323838081,0.85993218344099,FALSE,"Micro"
"HAS1",0.00442911914511021,NA,0.858075040783034,0.292353823088456,0.85993218344099,FALSE,"Micro"
"RGMA",0.00440602977751596,NA,0.857259380097879,0.288355822088956,0.85993218344099,FALSE,"Micro"
"CTHRC1",0.00439324388055115,NA,0.856443719412724,0.281859070464768,0.85993218344099,FALSE,"Micro"
"YARS1",0.00434772255746187,NA,0.855628058727569,0.276361819090455,0.85993218344099,FALSE,"Micro"
"FGF10",0.00431660007839123,NA,0.854812398042414,0.31784107946027,0.85993218344099,FALSE,"Micro"
"MFNG",0.00424838140427811,NA,0.853996737357259,0.296851574212894,0.85993218344099,FALSE,"Micro"
"MMP16",0.00422293280965517,NA,0.853181076672104,0.292853573213393,0.85993218344099,FALSE,"Micro"
"CD226",0.00421532473466562,NA,0.852365415986949,0.299350324837581,0.85993218344099,FALSE,"Micro"
"TNFSF9",0.0041808512870039,NA,0.851549755301794,0.331834082958521,0.85993218344099,FALSE,"Micro"
"PDGFD",0.0040980333168046,NA,0.85073409461664,0.312843578210895,0.85993218344099,FALSE,"Micro"
"VEGFA",0.00405173282892617,NA,0.849918433931484,0.281859070464768,0.85993218344099,FALSE,"Micro"
"FBLN1",0.00397631890864596,NA,0.84910277324633,0.301349325337331,0.85993218344099,FALSE,"Micro"
"CCN4",0.00394670064705829,NA,0.848287112561175,0.331334332833583,0.85993218344099,FALSE,"Micro"
"COL7A1",0.00384778733676576,NA,0.84747145187602,0.32183908045977,0.85993218344099,FALSE,"Micro"
"NMU",0.00381299234619517,NA,0.846655791190865,0.319340329835082,0.85993218344099,FALSE,"Micro"
"IAPP",0.00364645082798419,NA,0.84584013050571,0.301849075462269,0.85993218344099,FALSE,"Micro"
"BTN1A1",0.00362596484018661,NA,0.845024469820555,0.309345327336332,0.85993218344099,FALSE,"Micro"
"GDF1",0.00361006337777556,NA,0.8442088091354,0.330834582708646,0.85993218344099,FALSE,"Micro"
"COL12A1",0.00359869609934353,NA,0.843393148450245,0.304347826086957,0.85993218344099,TRUE,"Micro"
"THBS2",0.00359804443578436,NA,0.84257748776509,0.308345827086457,0.85993218344099,FALSE,"Micro"
"CCN1",0.00357856666328515,NA,0.841761827079935,0.299850074962519,0.85993218344099,FALSE,"Micro"
"NECTIN3",0.00347334255557985,NA,0.84094616639478,0.306846576711644,0.85993218344099,FALSE,"Micro"
"MST1",0.00345800218594098,NA,0.840130505709625,0.307846076961519,0.85993218344099,FALSE,"Micro"
"RSPO2",0.00344895609100904,NA,0.83931484502447,0.331834082958521,0.85993218344099,FALSE,"Micro"
"FBLN2",0.00340809460569332,NA,0.838499184339315,0.32583708145927,0.85993218344099,FALSE,"Micro"
"APELA",0.00331333717560512,NA,0.83768352365416,0.329835082458771,0.85993218344099,FALSE,"Micro"
"NRXN1",0.00329202581102351,NA,0.836867862969005,0.348325837081459,0.85993218344099,FALSE,"Micro"
"BMP8A",0.00327262331181859,NA,0.83605220228385,0.338830584707646,0.85993218344099,FALSE,"Micro"
"ENG",0.00321876602569021,NA,0.835236541598695,0.320339830084958,0.85993218344099,FALSE,"Micro"
"TNFRSF14",0.00319191342976698,NA,0.83442088091354,0.320839580209895,0.85993218344099,FALSE,"Micro"
"ANG",0.00317865395845591,NA,0.833605220228385,0.308345827086457,0.85993218344099,FALSE,"Micro"
"CFC1",0.00312857987477264,NA,0.83278955954323,0.349325337331334,0.85993218344099,FALSE,"Micro"
"IFNL1",0.00306429924481763,NA,0.831973898858075,0.330334832583708,0.85993218344099,FALSE,"Micro"
"SHH",0.00304843940250805,NA,0.83115823817292,0.312343828085957,0.85993218344099,FALSE,"Micro"
"MEGF10",0.0030175493434715,NA,0.830342577487765,0.361319340329835,0.85993218344099,FALSE,"Micro"
"IGSF10",0.00301029574197511,NA,0.82952691680261,0.345827086456772,0.85993218344099,FALSE,"Micro"
"LRIT2",0.00300119498441549,NA,0.828711256117455,0.349325337331334,0.85993218344099,FALSE,"Micro"
"ICAM3",0.00300013248315391,NA,0.8278955954323,0.346326836581709,0.85993218344099,FALSE,"Micro"
"NLGN4Y",0.00293113114653739,NA,0.827079934747145,0.36231884057971,0.85993218344099,FALSE,"Micro"
"GHRH",0.00292674955558379,NA,0.82626427406199,0.293353323338331,0.85993218344099,FALSE,"Micro"
"DMP1",0.00289322585536062,NA,0.825448613376835,0.384307846076962,0.85993218344099,FALSE,"Micro"
"UXS1",0.00289023345128784,NA,0.82463295269168,0.349325337331334,0.85993218344099,FALSE,"Micro"
"PTHLH",0.00288933016502265,NA,0.823817292006525,0.32383808095952,0.85993218344099,FALSE,"Micro"
"INHBB",0.0028692871705382,NA,0.82300163132137,0.363318340829585,0.85993218344099,FALSE,"Micro"
"EFEMP1",0.00286607295071695,NA,0.822185970636215,0.344827586206897,0.85993218344099,TRUE,"Micro"
"DKK1",0.00286246783657962,NA,0.82137030995106,0.345327336331834,0.85993218344099,FALSE,"Micro"
"CFD",0.00283180323697496,NA,0.820554649265905,0.36631684157921,0.85993218344099,FALSE,"Micro"
"LY6G6F",0.00281429592371591,NA,0.81973898858075,0.353823088455772,0.85993218344099,FALSE,"Micro"
"CFH",0.00278080426983694,NA,0.818923327895595,0.364817591204398,0.85993218344099,FALSE,"Micro"
"COL15A1",0.00276888700611855,NA,0.81810766721044,0.333333333333333,0.85993218344099,FALSE,"Micro"
"CD44",0.00274506945749686,NA,0.817292006525285,0.306846576711644,0.85993218344099,FALSE,"Micro"
"MUC1",0.00274238186595589,NA,0.816476345840131,0.307846076961519,0.85993218344099,FALSE,"Micro"
"GDF6",0.00273958200007372,NA,0.815660685154976,0.362818590704648,0.85993218344099,FALSE,"Micro"
"DSCAM",0.00264838610096446,NA,0.814845024469821,0.369315342328836,0.85993218344099,FALSE,"Micro"
"SCGB3A1",0.00263309739913586,NA,0.814029363784666,0.363818090954523,0.85993218344099,FALSE,"Micro"
"DLK1",0.0025952130093826,NA,0.813213703099511,0.332833583208396,0.85993218344099,FALSE,"Micro"
"AMH",0.00252021192779911,NA,0.812398042414356,0.372813593203398,0.85993218344099,FALSE,"Micro"
"VSIR",0.0024394855719691,NA,0.811582381729201,0.379810094952524,0.85993218344099,FALSE,"Micro"
"TPSG1",0.00241190694743702,NA,0.810766721044046,0.349825087456272,0.85993218344099,FALSE,"Micro"
"ALKAL2",0.00232017190180897,NA,0.809951060358891,0.378810594702649,0.85993218344099,FALSE,"Micro"
"GDF3",0.00230226673253325,NA,0.809135399673736,0.382308845577211,0.85993218344099,FALSE,"Micro"
"ADGRB1",0.00230066034553762,NA,0.808319738988581,0.363818090954523,0.85993218344099,FALSE,"Micro"
"ICOSLG",0.00230022048545727,NA,0.807504078303426,0.373813093453273,0.85993218344099,FALSE,"Micro"
"BMP4",0.00229463264228246,NA,0.806688417618271,0.365817091454273,0.85993218344099,FALSE,"Micro"
"COL1A2",0.00229054736915518,NA,0.805872756933116,0.386806596701649,0.85993218344099,FALSE,"Micro"
"GDF7",0.00227327186947397,NA,0.805057096247961,0.381809095452274,0.85993218344099,FALSE,"Micro"
"RSPO3",0.00225493248058673,NA,0.804241435562806,0.376311844077961,0.85993218344099,FALSE,"Micro"
"IZUMO1",0.00221700501399481,NA,0.803425774877651,0.378810594702649,0.85993218344099,FALSE,"Micro"
"COL19A1",0.00217875145631604,NA,0.802610114192496,0.388805597201399,0.85993218344099,FALSE,"Micro"
"CSF3",0.00217304233895407,NA,0.801794453507341,0.373313343328336,0.85993218344099,FALSE,"Micro"
"ABCA1",0.00214078877408959,NA,0.800978792822186,0.397801099450275,0.85993218344099,FALSE,"Micro"
"COL5A3",0.00211934968023968,NA,0.800163132137031,0.390804597701149,0.85993218344099,FALSE,"Micro"
"FCRL6",0.00208789531012077,NA,0.799347471451876,0.386806596701649,0.85993218344099,FALSE,"Micro"
"LRRN2",0.00208606749162719,NA,0.798531810766721,0.4047976011994,0.85993218344099,FALSE,"Micro"
"CCL8",0.00206176995774155,NA,0.797716150081566,0.388305847076462,0.85993218344099,FALSE,"Micro"
"ALKAL1",0.002014538366316,NA,0.796900489396411,0.392303848075962,0.85993218344099,FALSE,"Micro"
"CCL21",0.00197476989385227,NA,0.796084828711256,0.349825087456272,0.85993218344099,FALSE,"Micro"
"NPW",0.00195403965410727,NA,0.795269168026101,0.393803098450775,0.85993218344099,FALSE,"Micro"
"RET",0.001950971378921,NA,0.794453507340946,0.378810594702649,0.85993218344099,FALSE,"Micro"
"LIF",0.00190880062641564,NA,0.793637846655791,0.366816591704148,0.85993218344099,FALSE,"Micro"
"MMP25",0.00185988080466546,NA,0.792822185970636,0.395302348825587,0.85993218344099,FALSE,"Micro"
"JAML",0.00185269536308021,NA,0.792006525285481,0.391804097951024,0.85993218344099,FALSE,"Micro"
"CD38",0.00182556305721505,NA,0.791190864600326,0.383308345827086,0.85993218344099,FALSE,"Micro"
"IFNL3",0.00179694967521032,NA,0.790375203915171,0.385807096451774,0.85993218344099,FALSE,"Micro"
"PPY",0.00177816691111154,NA,0.789559543230016,0.399300349825087,0.85993218344099,FALSE,"Micro"
"HLA-DOA",0.00177514771245047,NA,0.788743882544861,0.387806096951524,0.85993218344099,FALSE,"Micro"
"PAPLN",0.00175210899890979,NA,0.787928221859706,0.396301849075462,0.85993218344099,FALSE,"Micro"
"PRND",0.00173855755417488,NA,0.787112561174551,0.399800099950025,0.85993218344099,FALSE,"Micro"
"TNFSF14",0.00172189330473847,NA,0.786296900489396,0.356821589205397,0.85993218344099,FALSE,"Micro"
"LTF",0.00171198718129089,NA,0.785481239804241,0.40279860069965,0.85993218344099,FALSE,"Micro"
"S100B",0.00169674681468367,NA,0.784665579119086,0.332833583208396,0.85993218344099,FALSE,"Micro"
"CCL7",0.00168620892285724,NA,0.783849918433931,0.407796101949025,0.85993218344099,FALSE,"Micro"
"IL36B",0.00165800179863036,NA,0.783034257748777,0.416291854072964,0.85993218344099,FALSE,"Micro"
"BMP3",0.00159325730386336,NA,0.782218597063622,0.412293853073463,0.85993218344099,FALSE,"Micro"
"LAMA2",0.0015905070184047,NA,0.781402936378467,0.394302848575712,0.85993218344099,FALSE,"Micro"
"NPPB",0.00158998408393076,NA,0.780587275693312,0.403298350824588,0.85993218344099,FALSE,"Micro"
"MMP2",0.00158870309803824,NA,0.779771615008157,0.413293353323338,0.85993218344099,FALSE,"Micro"
"FCN2",0.00157987339012509,NA,0.778955954323002,0.381809095452274,0.85993218344099,FALSE,"Micro"
"KIRREL1",0.00156861214298562,NA,0.778140293637847,0.409795102448776,0.85993218344099,FALSE,"Micro"
"PVR",0.00154787409090773,NA,0.777324632952692,0.413793103448276,0.85993218344099,FALSE,"Micro"
"CDH3",0.00154660278726902,NA,0.776508972267537,0.426286856571714,0.85993218344099,FALSE,"Micro"
"LFNG",0.00150849236749698,NA,0.775693311582382,0.414792603698151,0.85993218344099,FALSE,"Micro"
"CEACAM5",0.00149392526405371,NA,0.774877650897227,0.412793603198401,0.85993218344099,FALSE,"Micro"
"IL17B",0.00147199036634068,NA,0.774061990212072,0.414792603698151,0.85993218344099,FALSE,"Micro"
"CXCL6",0.00146008085701433,NA,0.773246329526917,0.361319340329835,0.85993218344099,FALSE,"Micro"
"PODXL",0.00144932899151551,NA,0.772430668841762,0.414292853573213,0.85993218344099,FALSE,"Micro"
"TCN2",0.00143299764656309,NA,0.771615008156607,0.417791104447776,0.85993218344099,FALSE,"Micro"
"COL3A1",0.00141388827876419,NA,0.770799347471452,0.420789605197401,0.85993218344099,FALSE,"Micro"
"LRIT1",0.00140774660124141,NA,0.769983686786297,0.426786606696652,0.85993218344099,FALSE,"Micro"
"LEFTY1",0.00136543712403581,NA,0.769168026101142,0.422288855572214,0.85993218344099,FALSE,"Micro"
"IL37",0.00135285696108666,NA,0.768352365415987,0.433783108445777,0.85993218344099,FALSE,"Micro"
"FGF1",0.00131253291350448,NA,0.767536704730832,0.436781609195402,0.85993218344099,FALSE,"Micro"
"CD48",0.00128739513659155,NA,0.766721044045677,0.393303348325837,0.85993218344099,FALSE,"Micro"
"MATN1",0.0012789096005385,NA,0.765905383360522,0.430284857571214,0.85993218344099,FALSE,"Micro"
"WNT8A",0.00126793121846156,NA,0.765089722675367,0.387306346826587,0.85993218344099,FALSE,"Micro"
"CXCL16",0.00126249736699974,NA,0.764274061990212,0.399300349825087,0.85993218344099,FALSE,"Micro"
"CGB7",0.00125573345375039,NA,0.76305057096248,0.422788605697151,0.85993218344099,FALSE,"Micro"
"LOC101059948",0.00125573345375039,NA,0.76305057096248,0.422788605697151,0.85993218344099,FALSE,"Micro"
"F7",0.00124961145524718,NA,0.761827079934747,0.419790104947526,0.85993218344099,FALSE,"Micro"
"SEMA3F",0.00119597889549195,NA,0.761011419249592,0.43728135932034,0.85993218344099,FALSE,"Micro"
"PLB1",0.00119529579014931,NA,0.760195758564437,0.405797101449275,0.85993218344099,FALSE,"Micro"
"FST",0.00118041101434345,NA,0.759380097879282,0.424287856071964,0.85993218344099,FALSE,"Micro"
"CD82",0.00116097824523679,NA,0.758564437194127,0.423788105947026,0.85993218344099,FALSE,"Micro"
"JAG2",0.00115687112719404,NA,0.757748776508972,0.419790104947526,0.85993218344099,FALSE,"Micro"
"HLA-DMA",0.00115315064736889,NA,0.756933115823817,0.422288855572214,0.85993218344099,FALSE,"Micro"
"WNT11",0.00111001204085744,NA,0.756117455138662,0.392303848075962,0.85993218344099,FALSE,"Micro"
"NRTN",0.00110523715239352,NA,0.755301794453507,0.423288355822089,0.85993218344099,FALSE,"Micro"
"NPPC",0.00109385878521916,NA,0.754486133768352,0.431784107946027,0.85993218344099,FALSE,"Micro"
"FLRT3",0.00108585453247377,NA,0.753670473083197,0.442278860569715,0.85993218344099,FALSE,"Micro"
"PSEN1",0.0010724977004374,NA,0.752854812398042,0.4007996001999,0.85993218344099,FALSE,"Micro"
"PTPRK",0.00102077408756818,NA,0.752039151712887,0.44527736131934,0.85993218344099,FALSE,"Micro"
"GJB6",0.000997263744140721,NA,0.751223491027732,0.438780609695152,0.85993218344099,FALSE,"Micro"
"PCDHA2",0.000966288829769552,NA,0.750407830342578,0.459770114942529,0.85993218344099,FALSE,"Micro"
"MICA",0.000956558911385013,NA,0.749592169657422,0.454772613693153,0.85993218344099,FALSE,"Micro"
"PTGS2",0.000956059759835536,NA,0.748776508972268,0.43328335832084,0.85993218344099,FALSE,"Micro"
"CCL5",0.000926408579474432,NA,0.747960848287113,0.349325337331334,0.85993218344099,FALSE,"Micro"
"NPB",0.000914317075980145,NA,0.747145187601958,0.437781109445277,0.85993218344099,FALSE,"Micro"
"SEMA3A",0.000870576496649937,NA,0.746329526916803,0.435782108945527,0.85993218344099,FALSE,"Micro"
"WNT10A",0.000864557725584577,NA,0.745513866231648,0.412793603198401,0.85993218344099,FALSE,"Micro"
"DSG1",0.000853541916981722,NA,0.744698205546493,0.451774112943528,0.85993218344099,FALSE,"Micro"
"LTA",0.000821726369094651,NA,0.743882544861338,0.421789105447276,0.85993218344099,FALSE,"Micro"
"HAS2",0.000774426251596885,NA,0.743066884176183,0.453773113443278,0.85993218344099,FALSE,"Micro"
"GC",0.000773601090856883,NA,0.742251223491028,0.465767116441779,0.85993218344099,FALSE,"Micro"
"PYY",0.000762448059200219,NA,0.741435562805873,0.450774612693653,0.85993218344099,FALSE,"Micro"
"SIGLEC7",0.000761767467191357,NA,0.740619902120718,0.461769115442279,0.85993218344099,FALSE,"Micro"
"EXOC3-AS1",0.000750802293941903,NA,0.739804241435563,0.457271364317841,0.85993218344099,FALSE,"Micro"
"WNT3",0.000750520106717813,NA,0.738988580750408,0.415792103948026,0.85993218344099,FALSE,"Micro"
"LGALS3BP",0.000732505235285198,NA,0.738172920065253,0.431784107946027,0.85993218344099,FALSE,"Micro"
"NMS",0.000726627537460172,NA,0.737357259380098,0.446776611694153,0.85993218344099,FALSE,"Micro"
"WNT8B",0.000706716042283276,NA,0.736541598694943,0.417291354322839,0.85993218344099,FALSE,"Micro"
"C6orf15",0.000706690642972594,NA,0.735725938009788,0.465767116441779,0.85993218344099,FALSE,"Micro"
"BTLA",0.000704983522063742,NA,0.734910277324633,0.44527736131934,0.85993218344099,FALSE,"Micro"
"DKK3",0.000689451119367283,NA,0.734094616639478,0.471264367816092,0.85993218344099,FALSE,"Micro"
"CER1",0.000650278292107385,NA,0.733278955954323,0.469265367316342,0.85993218344099,FALSE,"Micro"
"COL14A1",0.000641434944476033,NA,0.732463295269168,0.460769615192404,0.85993218344099,FALSE,"Micro"
"SEMA4D",0.000609939455491705,NA,0.731647634584013,0.43928035982009,0.85993218344099,FALSE,"Micro"
"NPS",0.000608957273625082,NA,0.730831973898858,0.461769115442279,0.85993218344099,FALSE,"Micro"
"SARAF",0.000591130253071028,NA,0.730016313213703,0.456771614192904,0.85993218344099,FALSE,"Micro"
"CLDN16",0.000588940851019747,NA,0.729200652528548,0.459270364817591,0.85993218344099,FALSE,"Micro"
"PDGFB",0.000583803817838482,NA,0.728384991843393,0.442778610694653,0.85993218344099,FALSE,"Micro"
"COL27A1",0.000582916004625776,NA,0.727569331158238,0.466766616691654,0.85993218344099,FALSE,"Micro"
"APOA4",0.000558551053267352,NA,0.726753670473083,0.458770614692654,0.85993218344099,FALSE,"Micro"
"KIAA0319L",0.000542901492264876,NA,0.725938009787928,0.467266366816592,0.85993218344099,FALSE,"Micro"
"WNT6",0.000539702597620293,NA,0.725122349102773,0.426786606696652,0.85993218344099,FALSE,"Micro"
"PATJ",0.000519852765940912,NA,0.724306688417618,0.452773613193403,0.85993218344099,FALSE,"Micro"
"S100A9",0.000517480877909187,NA,0.723491027732463,0.43728135932034,0.85993218344099,FALSE,"Micro"
"L1CAM",0.000513342911253062,NA,0.722675367047308,0.461769115442279,0.85993218344099,FALSE,"Micro"
"CEACAM7",0.000501494522573886,NA,0.721859706362153,0.466266866566717,0.85993218344099,FALSE,"Micro"
"NRG4",0.000496461698616585,NA,0.721044045676998,0.460269865067466,0.85993218344099,FALSE,"Micro"
"INHBC",0.000496324188561824,NA,0.720228384991843,0.467266366816592,0.85993218344099,FALSE,"Micro"
"ZPBP2",0.000481629146536453,NA,0.719412724306688,0.472763618190905,0.85993218344099,FALSE,"Micro"
"COMP",0.00043298904706966,NA,0.718597063621533,0.457771114442779,0.85993218344099,FALSE,"Micro"
"CDCP1",0.000417076387691998,NA,0.717781402936378,0.467266366816592,0.85993218344099,FALSE,"Micro"
"EFNA1",0.000412305231297001,NA,0.716965742251223,0.471764117941029,0.85993218344099,FALSE,"Micro"
"MELTF",0.000411027570919256,NA,0.716150081566069,0.449775112443778,0.85993218344099,FALSE,"Micro"
"NECTIN1",0.000401416006432866,NA,0.715334420880914,0.478260869565217,0.85993218344099,FALSE,"Micro"
"WNT9A",0.000392686662459097,NA,0.714518760195759,0.432783608195902,0.85993218344099,FALSE,"Micro"
"IGFBPL1",0.000390623537088227,NA,0.713703099510604,0.460269865067466,0.85993218344099,FALSE,"Micro"
"RBP4",0.00038370598796152,NA,0.712887438825449,0.466766616691654,0.85993218344099,FALSE,"Micro"
"CNTN1",0.000375903554420837,NA,0.712071778140294,0.464767616191904,0.85993218344099,FALSE,"Micro"
"LAMB2",0.000371156444076906,NA,0.711256117455139,0.47576211894053,0.85993218344099,FALSE,"Micro"
"COL6A2",0.000366440117663179,NA,0.710440456769984,0.474262868565717,0.85993218344099,FALSE,"Micro"
"GPHB5",0.000364060384702189,NA,0.709624796084829,0.468265867066467,0.85993218344099,FALSE,"Micro"
"WNT5B",0.000364008488150013,NA,0.708809135399674,0.425287356321839,0.85993218344099,FALSE,"Micro"
"PSG6",0.000358630556324887,NA,0.707993474714519,0.473263368315842,0.85993218344099,FALSE,"Micro"
"WNT7A",0.000347954995707126,NA,0.707177814029364,0.418290854572714,0.85993218344099,FALSE,"Micro"
"ICAM5",0.000327228828111893,NA,0.706362153344209,0.465767116441779,0.85993218344099,FALSE,"Micro"
"MPZ",0.000317971146514568,NA,0.705546492659054,0.474762618690655,0.85993218344099,FALSE,"Micro"
"QRFP",0.000316614345172216,NA,0.704730831973899,0.470764617691154,0.85993218344099,FALSE,"Micro"
"BMP6",0.000303393529521644,NA,0.703915171288744,0.440779610194903,0.85993218344099,FALSE,"Micro"
"FAM3D",0.000299417269147837,NA,0.703099510603589,0.447776111944028,0.85993218344099,FALSE,"Micro"
"MFAP5",0.000283703144055804,NA,0.702283849918434,0.444277861069465,0.85993218344099,FALSE,"Micro"
"LRRC4B",0.000255746445551503,NA,0.701468189233279,0.481259370314843,0.85993218344099,FALSE,"Micro"
"INHBE",0.000254254621427034,NA,0.700652528548124,0.47776111944028,0.85993218344099,FALSE,"Micro"
"EGFL8",0.000247685612827021,NA,0.699836867862969,0.473263368315842,0.85993218344099,FALSE,"Micro"
"DSCAML1",0.00022121010197372,NA,0.699021207177814,0.47976011994003,0.85993218344099,FALSE,"Micro"
"MMP12",0.000210123549203393,NA,0.698205546492659,0.478260869565217,0.85993218344099,FALSE,"Micro"
"ITGB1",0.000201943222950321,NA,0.697389885807504,0.471264367816092,0.85993218344099,FALSE,"Micro"
"CDH13",0.000195959417547046,NA,0.696574225122349,0.489755122438781,0.85993218344099,FALSE,"Micro"
"TNFSF13",0.000189325812956924,NA,0.695758564437194,0.40679660169915,0.85993218344099,FALSE,"Micro"
"ULBP2",0.000183429036317972,NA,0.694942903752039,0.477261369315342,0.85993218344099,FALSE,"Micro"
"CD300A",0.000181319936677124,NA,0.694127243066884,0.478760619690155,0.85993218344099,FALSE,"Micro"
"IFNK",0.000173733493532155,NA,0.693311582381729,0.482258870564718,0.85993218344099,FALSE,"Micro"
"BOC",0.000166741540064125,NA,0.692495921696574,0.474762618690655,0.85993218344099,FALSE,"Micro"
"CXCL5",0.000160801114064887,NA,0.691680261011419,0.47576211894053,0.85993218344099,FALSE,"Micro"
"PF4",0.000135911623968199,NA,0.690864600326264,0.44727636181909,0.85993218344099,FALSE,"Micro"
"WNT16",0.00012524426496277,NA,0.690048939641109,0.441779110444778,0.85993218344099,FALSE,"Micro"
"NPFF",0.000118143067721065,NA,0.689233278955954,0.482758620689655,0.85993218344099,FALSE,"Micro"
"JAM3",0.000116049962879568,NA,0.688417618270799,0.478260869565217,0.85993218344099,FALSE,"Micro"
"OSM",0.000112964356047607,NA,0.687601957585644,0.43728135932034,0.85993218344099,FALSE,"Micro"
"TDGF1P3",8.43606152876604e-05,NA,0.686786296900489,0.48575712143928,0.85993218344099,FALSE,"Micro"
"RARRES2",8.12128964831888e-05,NA,0.685970636215334,0.474762618690655,0.85993218344099,FALSE,"Micro"
"CCL3L1",6.09246111629202e-05,NA,0.685154975530179,0.456271864067966,0.85993218344099,FALSE,"Micro"
"COL20A1",5.56771850324266e-05,NA,0.684339314845024,0.48175912043978,0.85993218344099,FALSE,"Micro"
"MSN",5.55048444713066e-05,NA,0.683523654159869,0.491754122938531,0.85993218344099,FALSE,"Micro"
"CLDN19",3.86247254865765e-05,NA,0.682707993474715,0.493253373313343,0.85993218344099,FALSE,"Micro"
"HLA-C",1.1748232815669e-05,NA,0.68189233278956,0.485257371314343,0.85993218344099,FALSE,"Micro"
"COL6A3",7.39628668101937e-06,NA,0.681076672104405,0.491754122938531,0.85993218344099,FALSE,"Micro"
"CLUL1",-5.81014043589753e-06,NA,0.68026101141925,0.488255872063968,0.85993218344099,FALSE,"Micro"
"DHH",-1.31702453211018e-05,NA,0.679445350734095,0.494252873563218,0.85993218344099,FALSE,"Micro"
"ITM2B",-1.48435591294863e-05,NA,0.67862969004894,0.468765617191404,0.85993218344099,FALSE,"Micro"
"LRFN4",-1.89178117780867e-05,NA,0.677814029363785,0.491754122938531,0.85993218344099,FALSE,"Micro"
"MSMP",-2.07781643987264e-05,NA,0.67699836867863,0.490754622688656,0.85993218344099,FALSE,"Micro"
"LIPH",-4.8832506769112e-05,NA,0.676182707993475,0.489255372313843,0.85993218344099,FALSE,"Micro"
"KIRREL3",-6.86885917790676e-05,NA,0.67536704730832,0.492253873063468,0.85993218344099,FALSE,"Micro"
"CCL4L1",-7.07913759091056e-05,NA,0.674551386623165,0.493253373313343,0.85993218344099,FALSE,"Micro"
"GPC3",-7.48347933983271e-05,NA,0.67373572593801,0.490754622688656,0.85993218344099,FALSE,"Micro"
"CCL11",-7.51778049222336e-05,NA,0.672920065252855,0.469265367316342,0.85993218344099,FALSE,"Micro"
"SLAMF6",-9.46147152334336e-05,NA,0.6721044045677,0.498250874562719,0.85993218344099,FALSE,"Micro"
"TIMP1",-0.000100866054986035,NA,0.671288743882545,0.428785607196402,0.85993218344099,FALSE,"Micro"
"BCAN",-0.000105444670830312,NA,0.67047308319739,0.488755622188906,0.85993218344099,FALSE,"Micro"
"MSTN",-0.000114727023774977,NA,0.669657422512235,0.458770614692654,0.85993218344099,FALSE,"Micro"
"CORT",-0.000118284540032751,NA,0.66884176182708,0.47976011994003,0.85993218344099,FALSE,"Micro"
"TIMP3",-0.000118446162269272,NA,0.668026101141925,0.504747626186906,0.85993218344099,FALSE,"Micro"
"WNT9B",-0.000123268601695615,NA,0.66721044045677,0.455772113943028,0.85993218344099,FALSE,"Micro"
"WNT4",-0.000133730085397074,NA,0.666394779771615,0.443778110944528,0.85993218344099,FALSE,"Micro"
"BMP8B",-0.000146276876462289,NA,0.66557911908646,0.492753623188406,0.85993218344099,FALSE,"Micro"
"FCGR3B",-0.000153273645728142,NA,0.664763458401305,0.503748125937031,0.85993218344099,FALSE,"Micro"
"PCDHA6",-0.000158660822533863,NA,0.66394779771615,0.513243378310845,0.85993218344099,FALSE,"Micro"
"NPNT",-0.000158958523764128,NA,0.663132137030995,0.492753623188406,0.85993218344099,FALSE,"Micro"
"ADAM7",-0.000164295237557765,NA,0.66231647634584,0.489755122438781,0.85993218344099,FALSE,"Micro"
"ROBO1",-0.000184239420046848,NA,0.661500815660685,0.504247876061969,0.85993218344099,FALSE,"Micro"
"NETO2",-0.00019253604571638,NA,0.66068515497553,0.494752623688156,0.85993218344099,FALSE,"Micro"
"EFNB2",-0.000200799884214239,NA,0.659869494290375,0.501249375312344,0.85993218344099,FALSE,"Micro"
"C10orf99",-0.000208637077076069,NA,0.65905383360522,0.495252373813093,0.85993218344099,FALSE,"Micro"
"CD2",-0.000226376945618133,NA,0.658238172920065,0.455272363818091,0.85993218344099,FALSE,"Micro"
"PRSS3",-0.000232521149263128,NA,0.65742251223491,0.488255872063968,0.85993218344099,FALSE,"Micro"
"PTPRZ1",-0.00023254514239912,NA,0.656606851549755,0.51424287856072,0.85993218344099,FALSE,"Micro"
"MMP14",-0.00023991535816267,NA,0.6557911908646,0.497751124437781,0.85993218344099,FALSE,"Micro"
"PF4V1",-0.000240146991898405,NA,0.654975530179445,0.491754122938531,0.85993218344099,FALSE,"Micro"
"CTSD",-0.000251368466923553,NA,0.65415986949429,0.493253373313343,0.85993218344099,FALSE,"Micro"
"LAMA3",-0.000254726599641066,NA,0.653344208809135,0.499250374812594,0.85993218344099,FALSE,"Micro"
"FGF11",-0.000338882807870334,NA,0.65252854812398,0.509245377311344,0.85993218344099,FALSE,"Micro"
"COL4A4",-0.00034082621866384,NA,0.651712887438825,0.489755122438781,0.85993218344099,FALSE,"Micro"
"CLEC2L",-0.000348190724782441,NA,0.65089722675367,0.508245877061469,0.85993218344099,FALSE,"Micro"
"SPINT1",-0.000348523010208175,NA,0.650081566068516,0.501249375312344,0.85993218344099,FALSE,"Micro"
"CD320",-0.000353314977711546,NA,0.64926590538336,0.488755622188906,0.85993218344099,FALSE,"Micro"
"WNT7B",-0.000357327468286477,NA,0.648450244698206,0.461269365317341,0.85993218344099,FALSE,"Micro"
"XCL1",-0.000367812935698708,NA,0.647634584013051,0.497751124437781,0.85993218344099,FALSE,"Micro"
"CCL20",-0.000369238984867752,NA,0.646818923327896,0.488255872063968,0.85993218344099,FALSE,"Micro"
"LACRT",-0.00037338164958732,NA,0.646003262642741,0.516741629185407,0.85993218344099,FALSE,"Micro"
"FGL1",-0.000384135659406366,NA,0.645187601957586,0.508245877061469,0.85993218344099,FALSE,"Micro"
"IL1A",-0.000385358298852925,NA,0.644371941272431,0.466266866566717,0.85993218344099,FALSE,"Micro"
"SIGLEC9",-0.000388787508774684,NA,0.643556280587276,0.513743128435782,0.85993218344099,FALSE,"Micro"
"IL1F10",-0.000390946544766003,NA,0.642740619902121,0.505247376311844,0.85993218344099,FALSE,"Micro"
"SCT",-0.000391482151248355,NA,0.641924959216966,0.491754122938531,0.85993218344099,FALSE,"Micro"
"DUSP18",-0.000397274824051848,NA,0.641109298531811,0.503248375812094,0.85993218344099,FALSE,"Micro"
"DEFB103B",-0.000400597133069338,NA,0.640293637846656,0.503248375812094,0.85993218344099,FALSE,"Micro"
"CCL13",-0.00040947294498801,NA,0.639477977161501,0.464267866066967,0.85993218344099,FALSE,"Micro"
"CCL3L3",-0.000419590627543878,NA,0.638662316476346,0.478260869565217,0.85993218344099,FALSE,"Micro"
"ITGAM",-0.000427613041812186,NA,0.637846655791191,0.51624187906047,0.85993218344099,FALSE,"Micro"
"APOC4",-0.000432682429787574,NA,0.637030995106036,0.51824087956022,0.85993218344099,FALSE,"Micro"
"HCRT",-0.00043694852853899,NA,0.636215334420881,0.505247376311844,0.85993218344099,FALSE,"Micro"
"NECTIN2",-0.000439435305162377,NA,0.635399673735726,0.494752623688156,0.85993218344099,FALSE,"Micro"
"NRP1",-0.000463716389323974,NA,0.634584013050571,0.494752623688156,0.85993218344099,FALSE,"Micro"
"VEGFD",-0.000465009122522051,NA,0.633768352365416,0.493753123438281,0.85993218344099,FALSE,"Micro"
"GDNF",-0.00046972678211306,NA,0.632952691680261,0.47976011994003,0.85993218344099,FALSE,"Micro"
"FCER2",-0.000472095286046763,NA,0.632137030995106,0.475262368815592,0.85993218344099,FALSE,"Micro"
"GUCA2B",-0.000486462679546117,NA,0.631321370309951,0.501749125437281,0.85993218344099,FALSE,"Micro"
"COL26A1",-0.000487780741475721,NA,0.630505709624796,0.496251874062969,0.85993218344099,FALSE,"Micro"
"CGB3",-0.000500175208282796,NA,0.629690048939641,0.503248375812094,0.85993218344099,FALSE,"Micro"
"CCL1",-0.000502090818158797,NA,0.628874388254486,0.507746126936532,0.85993218344099,FALSE,"Micro"
"SEMA4A",-0.000509393053464525,NA,0.628058727569331,0.497751124437781,0.85993218344099,FALSE,"Micro"
"WNT10B",-0.000518222649353679,NA,0.627243066884176,0.473263368315842,0.85993218344099,FALSE,"Micro"
"CDH1",-0.000533666211446601,NA,0.626427406199021,0.498750624687656,0.85993218344099,FALSE,"Micro"
"RSPO1",-0.000541741635156965,NA,0.625611745513866,0.52023988005997,0.85993218344099,FALSE,"Micro"
"CCL3",-0.000542278322483926,NA,0.624796084828711,0.461269365317341,0.85993218344099,FALSE,"Micro"
"SELPLG",-0.000547849124645668,NA,0.623980424143556,0.461269365317341,0.85993218344099,FALSE,"Micro"
"CNTN6",-0.000557236574056289,NA,0.623164763458401,0.512743628185907,0.85993218344099,FALSE,"Micro"
"GCG",-0.000577797530905244,NA,0.622349102773246,0.427286356821589,0.85993218344099,FALSE,"Micro"
"BTC",-0.000578559700185681,NA,0.621533442088091,0.471764117941029,0.85993218344099,FALSE,"Micro"
"COL1A1",-0.000581731523086965,NA,0.620717781402936,0.482758620689655,0.85993218344099,FALSE,"Micro"
"TFF1",-0.000609337550411971,NA,0.619902120717781,0.519240379810095,0.85993218344099,FALSE,"Micro"
"SIGLEC15",-0.000626166822451789,NA,0.619086460032626,0.520739630184908,0.85993218344099,FALSE,"Micro"
"LY6G5C",-0.000627045662482479,NA,0.618270799347471,0.513743128435782,0.85993218344099,FALSE,"Micro"
"LHB",-0.000650889553373997,NA,0.617455138662316,0.520739630184908,0.85993218344099,FALSE,"Micro"
"SFRP1",-0.000679916326528574,NA,0.616639477977161,0.517741129435282,0.85993218344099,FALSE,"Micro"
"FAM200A",-0.000691562706358562,NA,0.615823817292007,0.495252373813093,0.85993218344099,FALSE,"Micro"
"LTB",-0.00070683000425411,NA,0.615008156606852,0.491754122938531,0.85993218344099,FALSE,"Micro"
"MFAP2",-0.000723021848819614,NA,0.614192495921697,0.478260869565217,0.85993218344099,FALSE,"Micro"
"LGALS1",-0.000736398615154392,NA,0.613376835236542,0.472263868065967,0.85993218344099,FALSE,"Micro"
"NRG3",-0.000745092687697065,NA,0.612561174551387,0.521239380309845,0.85993218344099,FALSE,"Micro"
"PSPN",-0.000746984108446483,NA,0.611745513866232,0.508745627186407,0.85993218344099,FALSE,"Micro"
"THBS4",-0.000754805284983288,NA,0.610929853181077,0.526736631684158,0.85993218344099,FALSE,"Micro"
"RSPO4",-0.000767933713912319,NA,0.610114192495922,0.531234382808596,0.85993218344099,FALSE,"Micro"
"ATP1B1",-0.000773340658675084,NA,0.609298531810767,0.488755622188906,0.85993218344099,FALSE,"Micro"
"SEMA4B",-0.000803450934689644,NA,0.608482871125612,0.531734132933533,0.85993218344099,FALSE,"Micro"
"ACP4",-0.000809507334699369,NA,0.607667210440457,0.523738130934533,0.85993218344099,FALSE,"Micro"
"COL5A1",-0.000820478611408503,NA,0.606851549755302,0.478260869565217,0.85993218344099,FALSE,"Micro"
"GJB2",-0.000823268489594661,NA,0.606035889070147,0.489255372313843,0.85993218344099,FALSE,"Micro"
"ADM2",-0.000829174546398324,NA,0.605220228384992,0.527236381809095,0.85993218344099,FALSE,"Micro"
"CP",-0.000833944866509085,NA,0.604404567699837,0.510244877561219,0.85993218344099,FALSE,"Micro"
"NEGR1",-0.000835750440366612,NA,0.603588907014682,0.517741129435282,0.85993218344099,FALSE,"Micro"
"VTCN1",-0.000836434795307691,NA,0.602773246329527,0.52023988005997,0.85993218344099,FALSE,"Micro"
"ANGPTL7",-0.000840703132383847,NA,0.601957585644372,0.528235882058971,0.85993218344099,FALSE,"Micro"
"DSC2",-0.000849035469371475,NA,0.601141924959217,0.531734132933533,0.85993218344099,FALSE,"Micro"
"COL9A1",-0.000852292258488799,NA,0.600326264274062,0.497751124437781,0.85993218344099,FALSE,"Micro"
"BMP10",-0.000852320074379502,NA,0.599510603588907,0.535232383808096,0.85993218344099,FALSE,"Micro"
"PCDHB3",-0.000864242629424525,NA,0.598694942903752,0.535232383808096,0.85993218344099,FALSE,"Micro"
"CD14",-0.000875074595845905,NA,0.597879282218597,0.514742628685657,0.85993218344099,FALSE,"Micro"
"SFTPA1",-0.000885576253005514,NA,0.597063621533442,0.513243378310845,0.85993218344099,FALSE,"Micro"
"HLA-A",-0.000898214899387653,NA,0.596247960848287,0.536231884057971,0.85993218344099,FALSE,"Micro"
"COL5A2",-0.000898595565461399,NA,0.595432300163132,0.502748625687156,0.85993218344099,FALSE,"Micro"
"CD96",-0.000910700038987446,NA,0.594616639477977,0.538230884557721,0.85993218344099,FALSE,"Micro"
"COL18A1",-0.000920588672585459,NA,0.593800978792822,0.533233383308346,0.85993218344099,FALSE,"Micro"
"EDN2",-0.000922945444413158,NA,0.592985318107667,0.532733633183408,0.85993218344099,FALSE,"Micro"
"NCR2",-0.000930564636749836,NA,0.592169657422512,0.533733133433283,0.85993218344099,FALSE,"Micro"
"C1QB",-0.000933311561587814,NA,0.591353996737357,0.52423788105947,0.85993218344099,FALSE,"Micro"
"TNFSF4",-0.000936562758523804,NA,0.590538336052202,0.52023988005997,0.85993218344099,FALSE,"Micro"
"ORM1",-0.0009434553457247,NA,0.589722675367047,0.530234882558721,0.85993218344099,FALSE,"Micro"
"CLEC3A",-0.000951992083181786,NA,0.588907014681892,0.533733133433283,0.85993218344099,FALSE,"Micro"
"NRG2",-0.000974381035152708,NA,0.588091353996737,0.514742628685657,0.85993218344099,FALSE,"Micro"
"GAL",-0.000991182575500014,NA,0.587275693311582,0.492253873063468,0.85993218344099,FALSE,"Micro"
"RTN4",-0.000994739342921652,NA,0.586460032626427,0.52423788105947,0.85993218344099,FALSE,"Micro"
"OMG",-0.00099899292156306,NA,0.585644371941272,0.473263368315842,0.85993218344099,FALSE,"Micro"
"ANXA1",-0.00102166558766168,NA,0.584828711256117,0.527236381809095,0.85993218344099,TRUE,"Micro"
"TNFSF15",-0.00103089736514319,NA,0.584013050570963,0.512243878060969,0.85993218344099,FALSE,"Micro"
"NXPH1",-0.00103119039487613,NA,0.583197389885807,0.532733633183408,0.85993218344099,FALSE,"Micro"
"COL6A6",-0.00103958223227745,NA,0.582381729200653,0.540229885057471,0.85993218344099,FALSE,"Micro"
"AMELX",-0.00105695921984768,NA,0.581566068515498,0.535732133933034,0.85993218344099,FALSE,"Micro"
"GDF9",-0.0010610122701892,NA,0.580750407830343,0.538230884557721,0.85993218344099,FALSE,"Micro"
"PSG7",-0.00106387271012604,NA,0.579934747145188,0.534732633683158,0.85993218344099,FALSE,"Micro"
"IFNA7",-0.00106859775084112,NA,0.579119086460033,0.535232383808096,0.85993218344099,FALSE,"Micro"
"IL36RN",-0.00106918078562853,NA,0.578303425774878,0.519240379810095,0.85993218344099,FALSE,"Micro"
"CCL23",-0.00110109166126076,NA,0.577487765089723,0.513243378310845,0.85993218344099,FALSE,"Micro"
"COL6A1",-0.00110138365148509,NA,0.576672104404568,0.507746126936532,0.85993218344099,FALSE,"Micro"
"TAC4",-0.00111375063580082,NA,0.575856443719413,0.546726636681659,0.85993218344099,FALSE,"Micro"
"NRXN3",-0.00112388902054083,NA,0.575040783034258,0.549225387306347,0.85993218344099,FALSE,"Micro"
"EFNB1",-0.00112805514924319,NA,0.574225122349103,0.533233383308346,0.85993218344099,FALSE,"Micro"
"FGF20",-0.00113405740688815,NA,0.573409461663948,0.537731134432784,0.85993218344099,FALSE,"Micro"
"SLIT1",-0.00114494322502355,NA,0.572593800978793,0.547226386806597,0.85993218344099,FALSE,"Micro"
"COL6A5",-0.00114502686227891,NA,0.571778140293638,0.543728135932034,0.85993218344099,FALSE,"Micro"
"CMTM8",-0.00115355118300297,NA,0.570962479608483,0.51424287856072,0.85993218344099,FALSE,"Micro"
"NCAM1",-0.00115448152522752,NA,0.570146818923328,0.549225387306347,0.85993218344099,FALSE,"Micro"
"MUC7",-0.00115597799158831,NA,0.569331158238173,0.550724637681159,0.85993218344099,FALSE,"Micro"
"HBEGF",-0.00119021343376889,NA,0.568515497553018,0.488755622188906,0.85993218344099,FALSE,"Micro"
"PSG4",-0.0012090036229036,NA,0.567699836867863,0.528235882058971,0.85993218344099,FALSE,"Micro"
"EFNA3",-0.0012153707720816,NA,0.566884176182708,0.541729135432284,0.85993218344099,FALSE,"Micro"
"COL8A2",-0.00122417992647595,NA,0.566068515497553,0.522738630684658,0.85993218344099,FALSE,"Micro"
"CD28",-0.00123982482344161,NA,0.565252854812398,0.507246376811594,0.85993218344099,FALSE,"Micro"
"CD160",-0.00125256127322512,NA,0.564437194127243,0.535732133933034,0.85993218344099,FALSE,"Micro"
"ICAM1",-0.00126128746598083,NA,0.563621533442088,0.516741629185407,0.85993218344099,FALSE,"Micro"
"UCN",-0.00126844443697351,NA,0.562805872756933,0.542228885557221,0.85993218344099,FALSE,"Micro"
"APOC1",-0.00128047083987964,NA,0.561990212071778,0.546226886556722,0.85993218344099,TRUE,"Micro"
"EREG",-0.00128710902441419,NA,0.561174551386623,0.52423788105947,0.85993218344099,FALSE,"Micro"
"LIN7C",-0.00128966293134546,NA,0.560358890701468,0.551724137931034,0.85993218344099,FALSE,"Micro"
"NAMPT",-0.00131235954965371,NA,0.559543230016313,0.536731634182909,0.85993218344099,FALSE,"Micro"
"RPS19",-0.00131728298584333,NA,0.558727569331158,0.547226386806597,0.85993218344099,FALSE,"Micro"
"COL21A1",-0.00132844480223716,NA,0.557911908646003,0.549725137431284,0.85993218344099,TRUE,"Micro"
"EZR",-0.001334978920652,NA,0.557096247960848,0.543728135932034,0.85993218344099,FALSE,"Micro"
"DLK2",-0.00134494020492339,NA,0.556280587275693,0.553223388305847,0.85993218344099,FALSE,"Micro"
"NPVF",-0.00134693409644276,NA,0.555464926590538,0.550224887556222,0.85993218344099,FALSE,"Micro"
"COL4A2",-0.00134960497140557,NA,0.554649265905383,0.541729135432284,0.85993218344099,TRUE,"Micro"
"VEGFC",-0.00135556795418809,NA,0.553833605220228,0.498750624687656,0.85993218344099,FALSE,"Micro"
"WNT2",-0.0013611571492317,NA,0.553017944535073,0.52023988005997,0.85993218344099,FALSE,"Micro"
"EDN3",-0.00136296690941621,NA,0.552202283849918,0.504747626186906,0.85993218344099,FALSE,"Micro"
"PSAP",-0.00137041982926246,NA,0.551386623164764,0.56271864067966,0.85993218344099,FALSE,"Micro"
"IFNA21",-0.00137249358335611,NA,0.550570962479608,0.542728635682159,0.85993218344099,FALSE,"Micro"
"PTPRM",-0.00137366686016407,NA,0.549755301794454,0.568215892053973,0.85993218344099,FALSE,"Micro"
"ARTN",-0.00138549898202681,NA,0.548939641109298,0.548725637181409,0.85993218344099,FALSE,"Micro"
"COL28A1",-0.00138553268573581,NA,0.548123980424144,0.552223888055972,0.85993218344099,FALSE,"Micro"
"FN1",-0.00139526734459803,NA,0.547308319738989,0.533233383308346,0.85993218344099,FALSE,"Micro"
"EFNB3",-0.00139655908665621,NA,0.546492659053834,0.548725637181409,0.85993218344099,FALSE,"Micro"
"VWF",-0.00139745425673736,NA,0.545676998368679,0.541729135432284,0.85993218344099,FALSE,"Micro"
"NID2",-0.00139864365199194,NA,0.544861337683524,0.562218890554723,0.85993218344099,FALSE,"Micro"
"SDC2",-0.00144166643275546,NA,0.544045676998369,0.560219890054973,0.85993218344099,FALSE,"Micro"
"LAMA5",-0.00144971554440101,NA,0.543230016313214,0.557721139430285,0.85993218344099,FALSE,"Micro"
"TNC",-0.00145089617323896,NA,0.542414355628059,0.534732633683158,0.85993218344099,TRUE,"Micro"
"APOE",-0.00146115406750199,NA,0.541598694942904,0.549225387306347,0.85993218344099,TRUE,"Micro"
"TIMP2",-0.0014638844780496,NA,0.540783034257749,0.553723138430785,0.85993218344099,FALSE,"Micro"
"PDCD1LG2",-0.00147159240889753,NA,0.539967373572594,0.561719140429785,0.85993218344099,FALSE,"Micro"
"FAM3B",-0.00147457952956658,NA,0.539151712887439,0.540229885057471,0.85993218344099,FALSE,"Micro"
"IFNA4",-0.0014760608733553,NA,0.538336052202284,0.548225887056472,0.85993218344099,FALSE,"Micro"
"SEMA3B",-0.00148877530176882,NA,0.537520391517129,0.555722138930535,0.85993218344099,FALSE,"Micro"
"CLDN3",-0.00149593553681205,NA,0.536704730831974,0.568715642178911,0.85993218344099,FALSE,"Micro"
"SYT1",-0.00150974133695019,NA,0.535889070146819,0.544227886056971,0.85993218344099,FALSE,"Micro"
"FBN1",-0.00151291846048168,NA,0.535073409461664,0.544727636181909,0.85993218344099,FALSE,"Micro"
"NTS",-0.00151521632738209,NA,0.534257748776509,0.549225387306347,0.85993218344099,FALSE,"Micro"
"IFNA5",-0.00152029984859544,NA,0.533442088091354,0.55272363818091,0.85993218344099,FALSE,"Micro"
"HLA-DMB",-0.00152857642159403,NA,0.532626427406199,0.545727136431784,0.85993218344099,FALSE,"Micro"
"CGA",-0.00153452495998609,NA,0.531810766721044,0.555722138930535,0.85993218344099,FALSE,"Micro"
"CDH9",-0.00153493983897658,NA,0.530995106035889,0.584207896051974,0.85993218344099,FALSE,"Micro"
"LY9",-0.00153609901239221,NA,0.530179445350734,0.524737631184408,0.85993218344099,FALSE,"Micro"
"SELL",-0.00154177169329003,NA,0.529363784665579,0.535732133933034,0.85993218344099,FALSE,"Micro"
"NRXN2",-0.00154830426472415,NA,0.528548123980424,0.554222888555722,0.85993218344099,FALSE,"Micro"
"NTM",-0.00155477636796231,NA,0.527732463295269,0.562218890554723,0.85993218344099,FALSE,"Micro"
"COL4A5",-0.00155531846414404,NA,0.526916802610114,0.556221889055472,0.85993218344099,FALSE,"Micro"
"CD80",-0.00155899373511462,NA,0.526101141924959,0.555222388805597,0.85993218344099,FALSE,"Micro"
"FGF9",-0.00157266211587752,NA,0.525285481239804,0.56471764117941,0.85993218344099,FALSE,"Micro"
"IFNA14",-0.00158034399287959,NA,0.524469820554649,0.558220889555222,0.85993218344099,FALSE,"Micro"
"REN",-0.00158352912754294,NA,0.523654159869494,0.545227386306847,0.85993218344099,FALSE,"Micro"
"TSPAN33",-0.00159908706681271,NA,0.522838499184339,0.55672163918041,0.85993218344099,FALSE,"Micro"
"VSIG4",-0.00159974468392797,NA,0.522022838499184,0.564217891054473,0.85993218344099,FALSE,"Micro"
"HLA-DOB",-0.00160169041641025,NA,0.521207177814029,0.559720139930035,0.85993218344099,FALSE,"Micro"
"NYX",-0.001601757858939,NA,0.520391517128874,0.560219890054973,0.85993218344099,FALSE,"Micro"
"CXCL3",-0.00160232382646685,NA,0.519575856443719,0.554222888555722,0.85993218344099,FALSE,"Micro"
"LUM",-0.00160982947942918,NA,0.518760195758564,0.56271864067966,0.85993218344099,FALSE,"Micro"
"UTS2B",-0.00162890649397496,NA,0.517944535073409,0.56071964017991,0.85993218344099,FALSE,"Micro"
"HLA-DPB1",-0.00163715004026948,NA,0.517128874388255,0.563718140929535,0.85993218344099,FALSE,"Micro"
"MCAM",-0.00165086541903462,NA,0.516313213703099,0.541729135432284,0.85993218344099,FALSE,"Micro"
"PTH2",-0.00165457650069399,NA,0.515497553017945,0.568215892053973,0.85993218344099,FALSE,"Micro"
"HSPG2",-0.0016562474299441,NA,0.51468189233279,0.568715642178911,0.85993218344099,FALSE,"Micro"
"CLMP",-0.00165901032205373,NA,0.513866231647635,0.572713643178411,0.85993218344099,FALSE,"Micro"
"ENPP1",-0.00166469077781309,NA,0.51305057096248,0.570214892553723,0.85993218344099,FALSE,"Micro"
"SORL1",-0.00167331582202091,NA,0.512234910277325,0.567716141929036,0.85993218344099,FALSE,"Micro"
"IFNA16",-0.00167500673557482,NA,0.51141924959217,0.549225387306347,0.85993218344099,FALSE,"Micro"
"CEACAM1",-0.0016770214742185,NA,0.510603588907015,0.544727636181909,0.85993218344099,FALSE,"Micro"
"LIN7A",-0.00167714746373489,NA,0.50978792822186,0.56471764117941,0.85993218344099,FALSE,"Micro"
"MDK",-0.00168049060772209,NA,0.508972267536705,0.555222388805597,0.85993218344099,FALSE,"Micro"
"TNN",-0.0016810570115307,NA,0.50815660685155,0.570214892553723,0.85993218344099,FALSE,"Micro"
"CD59",-0.00168254726276913,NA,0.507340946166395,0.515242378810595,0.85993218344099,FALSE,"Micro"
"PPBP",-0.00168389934607135,NA,0.50652528548124,0.561219390304848,0.85993218344099,FALSE,"Micro"
"SDC4",-0.00168589806818284,NA,0.505709624796085,0.562218890554723,0.85993218344099,FALSE,"Micro"
"HSP90B1",-0.00170302265498722,NA,0.50489396411093,0.549725137431284,0.85993218344099,FALSE,"Micro"
"BMP15",-0.00170433917102531,NA,0.504078303425775,0.566216891554223,0.85993218344099,FALSE,"Micro"
"CDH6",-0.00173039766860267,NA,0.50326264274062,0.580209895052474,0.85993218344099,FALSE,"Micro"
"LAMB3",-0.00173121031900384,NA,0.502446982055465,0.565717141429285,0.85993218344099,FALSE,"Micro"
"BTNL8",-0.0017586054079494,NA,0.50163132137031,0.581709145427286,0.85993218344099,FALSE,"Micro"
"HMGB1",-0.0017646028980185,NA,0.500815660685155,0.526736631684158,0.85993218344099,FALSE,"Micro"
"PDYN",-0.00178023752731227,NA,0.5,0.56271864067966,0.85993218344099,FALSE,"Micro"
"POMC",-0.00179827905895048,NA,0.499184339314845,0.503748125937031,0.85993218344099,FALSE,"Micro"
"NPY",-0.00179857391993977,NA,0.49836867862969,0.536231884057971,0.85993218344099,FALSE,"Micro"
"CCL26",-0.00179967069851083,NA,0.497553017944535,0.562218890554723,0.85993218344099,FALSE,"Micro"
"POMZP3",-0.00180753584975316,NA,0.49673735725938,0.561719140429785,0.85993218344099,FALSE,"Micro"
"CCL16",-0.00181263572402652,NA,0.495921696574225,0.571214392803598,0.85993218344099,FALSE,"Micro"
"FGF21",-0.00181519978731584,NA,0.49510603588907,0.561719140429785,0.85993218344099,FALSE,"Micro"
"ALOX5AP",-0.00182461553775087,NA,0.494290375203915,0.578710644677661,0.85993218344099,FALSE,"Micro"
"SLITRK5",-0.00184116542242475,NA,0.49347471451876,0.574212893553223,0.85993218344099,FALSE,"Micro"
"LAMC1",-0.00184433794814972,NA,0.492659053833605,0.570214892553723,0.85993218344099,FALSE,"Micro"
"CHAD",-0.00184728328593326,NA,0.49184339314845,0.56071964017991,0.85993218344099,FALSE,"Micro"
"COL4A1",-0.00185867458085425,NA,0.491027732463295,0.549725137431284,0.85993218344099,FALSE,"Micro"
"CCL22",-0.00186530325009844,NA,0.49021207177814,0.574712643678161,0.85993218344099,FALSE,"Micro"
"HP",-0.00189056120861476,NA,0.489396411092985,0.578210894552724,0.85993218344099,FALSE,"Micro"
"CLU",-0.00189653534223847,NA,0.48858075040783,0.574212893553223,0.85993218344099,FALSE,"Micro"
"LAMA1",-0.00189744747797849,NA,0.487765089722675,0.572713643178411,0.85993218344099,FALSE,"Micro"
"ANGPTL1",-0.00192300924174965,NA,0.48694942903752,0.576711644177911,0.85993218344099,FALSE,"Micro"
"F11R",-0.0019241355550278,NA,0.486133768352365,0.578710644677661,0.85993218344099,FALSE,"Micro"
"TRH",-0.00192849857863008,NA,0.48531810766721,0.56471764117941,0.85993218344099,FALSE,"Micro"
"ICAM4",-0.00194496738037637,NA,0.484502446982055,0.579710144927536,0.85993218344099,FALSE,"Micro"
"CD99",-0.00194728621851511,NA,0.4836867862969,0.550224887556222,0.85993218344099,FALSE,"Micro"
"LIN7B",-0.00195338084101861,NA,0.482871125611745,0.585707146426787,0.85993218344099,FALSE,"Micro"
"COL11A2",-0.00195586866048243,NA,0.482055464926591,0.573713143428286,0.85993218344099,FALSE,"Micro"
"MANSC1",-0.00195933483630393,NA,0.481239804241436,0.577711144427786,0.85993218344099,FALSE,"Micro"
"CD244",-0.00196217310378962,NA,0.480424143556281,0.574712643678161,0.85993218344099,FALSE,"Micro"
"SCUBE2",-0.00196690564223968,NA,0.479608482871126,0.581709145427286,0.85993218344099,FALSE,"Micro"
"LPL",-0.0019743269927049,NA,0.478792822185971,0.572213893053473,0.85993218344099,FALSE,"Micro"
"C3",-0.00199740498354054,NA,0.477977161500816,0.561219390304848,0.85993218344099,FALSE,"Micro"
"NPHS1",-0.00200813539520052,NA,0.477161500815661,0.557221389305347,0.85993218344099,FALSE,"Micro"
"CDH15",-0.00201769456194055,NA,0.476345840130506,0.596201899050475,0.85993218344099,FALSE,"Micro"
"ASIP",-0.00201778415431587,NA,0.475530179445351,0.578710644677661,0.85993218344099,FALSE,"Micro"
"EFNA5",-0.00202259581168017,NA,0.474714518760196,0.581209395302349,0.85993218344099,FALSE,"Micro"
"TNXB",-0.00202566818296724,NA,0.473898858075041,0.586706646676662,0.85993218344099,FALSE,"Micro"
"CD7",-0.00202754598097262,NA,0.473083197389886,0.560219890054973,0.85993218344099,FALSE,"Micro"
"WNT2B",-0.00203504717559651,NA,0.472267536704731,0.537231384307846,0.85993218344099,FALSE,"Micro"
"FASLG",-0.00203609213034558,NA,0.471451876019576,0.582208895552224,0.85993218344099,FALSE,"Micro"
"PCDHA9",-0.00203814184799712,NA,0.470636215334421,0.576211894052973,0.85993218344099,FALSE,"Micro"
"NMB",-0.00203947124088146,NA,0.469820554649266,0.578210894552724,0.85993218344099,FALSE,"Micro"
"CRISP2",-0.00205266936403542,NA,0.469004893964111,0.588205897051474,0.85993218344099,FALSE,"Micro"
"GALP",-0.00205820424987495,NA,0.468189233278956,0.584207896051974,0.85993218344099,FALSE,"Micro"
"MBL2",-0.00209018594928179,NA,0.467373572593801,0.583208395802099,0.85993218344099,FALSE,"Micro"
"LRTM2",-0.00209408115910079,NA,0.466557911908646,0.583708145927036,0.85993218344099,FALSE,"Micro"
"ITGB2",-0.00209815018362154,NA,0.465742251223491,0.585207396301849,0.85993218344099,FALSE,"Micro"
"WFIKKN2",-0.00210866071154588,NA,0.464926590538336,0.581209395302349,0.85993218344099,FALSE,"Micro"
"COL9A3",-0.00212269578246065,NA,0.464110929853181,0.574712643678161,0.85993218344099,FALSE,"Micro"
"SEMA6B",-0.00212477965993858,NA,0.463295269168026,0.589205397301349,0.85993218344099,FALSE,"Micro"
"UCN3",-0.00212694342163426,NA,0.462479608482871,0.586206896551724,0.85993218344099,FALSE,"Micro"
"SST",-0.00213439276270149,NA,0.461663947797716,0.578210894552724,0.85993218344099,FALSE,"Micro"
"ARF1",-0.00214150734784387,NA,0.460848287112561,0.584707646176912,0.85993218344099,FALSE,"Micro"
"SPAG11B",-0.00214342179055028,NA,0.460032626427406,0.604697651174413,0.85993218344099,FALSE,"Micro"
"A2M",-0.00214426239446372,NA,0.459216965742251,0.590204897551224,0.85993218344099,FALSE,"Micro"
"TSHB",-0.00215700114219637,NA,0.458401305057096,0.565717141429285,0.85993218344099,FALSE,"Micro"
"TPSB2",-0.00216223404518975,NA,0.457585644371941,0.594202898550725,0.85993218344099,FALSE,"Micro"
"KISS1",-0.00216411168687316,NA,0.456769983686786,0.583208395802099,0.85993218344099,FALSE,"Micro"
"GRN",-0.00216959590727787,NA,0.455954323001631,0.573713143428286,0.85993218344099,FALSE,"Micro"
"CALCB",-0.00217088783443763,NA,0.455138662316476,0.56671664167916,0.85993218344099,FALSE,"Micro"
"SHBG",-0.00217508495972085,NA,0.454323001631321,0.587706146926537,0.85993218344099,FALSE,"Micro"
"SAA1",-0.00217822695965463,NA,0.453507340946166,0.565717141429285,0.85993218344099,FALSE,"Micro"
"AGRN",-0.00219475975320011,NA,0.452691680261011,0.587706146926537,0.85993218344099,FALSE,"Micro"
"LRRC4",-0.00222157620481443,NA,0.451876019575856,0.584207896051974,0.85993218344099,FALSE,"Micro"
"AMELY",-0.00223236820375177,NA,0.451060358890701,0.588205897051474,0.85993218344099,FALSE,"Micro"
"PIP",-0.00224547205602899,NA,0.450244698205546,0.597701149425287,0.85993218344099,FALSE,"Micro"
"C5",-0.00224700478047977,NA,0.449429037520392,0.530234882558721,0.85993218344099,FALSE,"Micro"
"NDP",-0.0022527138956271,NA,0.448613376835237,0.582208895552224,0.85993218344099,FALSE,"Micro"
"CA12",-0.00225867381476023,NA,0.447797716150082,0.592203898050975,0.85993218344099,FALSE,"Micro"
"FNDC5",-0.00227187364384768,NA,0.446982055464927,0.591204397801099,0.85993218344099,FALSE,"Micro"
"EFEMP2",-0.00229394212112615,NA,0.446166394779772,0.589705147426287,0.85993218344099,FALSE,"Micro"
"BST2",-0.0022966302824155,NA,0.445350734094617,0.587206396801599,0.85993218344099,FALSE,"Micro"
"CXCL14",-0.00230135797545853,NA,0.444535073409462,0.594702648675662,0.85993218344099,FALSE,"Micro"
"GAD1",-0.0023013826317836,NA,0.443719412724307,0.590204897551224,0.85993218344099,FALSE,"Micro"
"PROK1",-0.00230247693741556,NA,0.442903752039152,0.594202898550725,0.85993218344099,FALSE,"Micro"
"BTNL9",-0.00230269902563233,NA,0.442088091353997,0.582708645677161,0.85993218344099,FALSE,"Micro"
"PCDHA1",-0.00230785697348602,NA,0.441272430668842,0.613193403298351,0.85993218344099,FALSE,"Micro"
"IFNA8",-0.00231217928229235,NA,0.440456769983687,0.576711644177911,0.85993218344099,FALSE,"Micro"
"KLK3",-0.0023255830298776,NA,0.439641109298532,0.604197901049475,0.85993218344099,FALSE,"Micro"
"PECAM1",-0.00232768784552355,NA,0.438825448613377,0.599700149925038,0.85993218344099,FALSE,"Micro"
"RARRES1",-0.00233742764026447,NA,0.438009787928222,0.544727636181909,0.85993218344099,FALSE,"Micro"
"IGF1",-0.00233971069572362,NA,0.437194127243067,0.567716141929036,0.85993218344099,FALSE,"Micro"
"PCDHA11",-0.0023400162542342,NA,0.436378466557912,0.614192903548226,0.85993218344099,FALSE,"Micro"
"NCAN",-0.00234227319353442,NA,0.435562805872757,0.588705647176412,0.85993218344099,FALSE,"Micro"
"SLIT3",-0.00236334785663556,NA,0.434747145187602,0.589705147426287,0.85993218344099,FALSE,"Micro"
"COL16A1",-0.00236668496911245,NA,0.433931484502447,0.563218390804598,0.85993218344099,FALSE,"Micro"
"PCDHA5",-0.00236952720365579,NA,0.433115823817292,0.615192403798101,0.85993218344099,FALSE,"Micro"
"PCDHA8",-0.00237062110369357,NA,0.432300163132137,0.614192903548226,0.85993218344099,FALSE,"Micro"
"CCL24",-0.00237824301688119,NA,0.431484502446982,0.59720139930035,0.85993218344099,FALSE,"Micro"
"ADAM12",-0.0023873661278419,NA,0.430668841761827,0.591704147926037,0.85993218344099,FALSE,"Micro"
"THY1",-0.00239521559788756,NA,0.429853181076672,0.594702648675662,0.85993218344099,FALSE,"Micro"
"LYPD6",-0.00240512708135341,NA,0.429037520391517,0.603698150924538,0.85993218344099,FALSE,"Micro"
"MMP9",-0.00242914649189678,NA,0.428221859706362,0.576211894052973,0.85993218344099,FALSE,"Micro"
"LILRB2",-0.00242942536843859,NA,0.427406199021207,0.594702648675662,0.85993218344099,FALSE,"Micro"
"GNAS",-0.00243997033711176,NA,0.426590538336052,0.596201899050475,0.85993218344099,FALSE,"Micro"
"CTSG",-0.00245513502175253,NA,0.425774877650897,0.607196401799101,0.85993218344099,FALSE,"Micro"
"LAMC3",-0.00245749522806443,NA,0.424959216965742,0.602698650674663,0.85993218344099,FALSE,"Micro"
"SEMA3D",-0.00246428924009653,NA,0.424143556280587,0.596201899050475,0.85993218344099,TRUE,"Micro"
"VCAN",-0.00246717886815326,NA,0.423327895595432,0.60119940029985,0.85993218344099,FALSE,"Micro"
"TMPRSS6",-0.00246928819161657,NA,0.422512234910277,0.606696651674163,0.85993218344099,FALSE,"Micro"
"SLITRK2",-0.00248895833434874,NA,0.421696574225122,0.601699150424788,0.85993218344099,FALSE,"Micro"
"PRLH",-0.00251644541505495,NA,0.420880913539967,0.604697651174413,0.85993218344099,FALSE,"Micro"
"COL24A1",-0.0025192328318111,NA,0.420065252854812,0.606696651674163,0.85993218344099,FALSE,"Micro"
"PROS1",-0.00253329343153412,NA,0.419249592169657,0.596201899050475,0.85993218344099,FALSE,"Micro"
"AVP",-0.00253446279696525,NA,0.418433931484502,0.610194902548726,0.85993218344099,FALSE,"Micro"
"HLA-G",-0.0025426238763808,NA,0.417618270799347,0.614192903548226,0.85993218344099,FALSE,"Micro"
"XCL2",-0.0025426295000946,NA,0.416802610114193,0.60119940029985,0.85993218344099,FALSE,"Micro"
"NTN4",-0.00254517643093811,NA,0.415986949429038,0.609695152423788,0.85993218344099,FALSE,"Micro"
"FCAR",-0.00255381900243412,NA,0.415171288743883,0.604697651174413,0.85993218344099,FALSE,"Micro"
"FGF6",-0.00256814537191545,NA,0.414355628058728,0.615192403798101,0.85993218344099,FALSE,"Micro"
"LAYN",-0.00259007253841503,NA,0.413539967373573,0.601699150424788,0.85993218344099,FALSE,"Micro"
"FCN1",-0.00259094901658968,NA,0.412724306688418,0.608195902048976,0.85993218344099,FALSE,"Micro"
"TSPAN3",-0.00259411472990615,NA,0.411908646003263,0.616691654172913,0.85993218344099,FALSE,"Micro"
"MLN",-0.00259532786108993,NA,0.411092985318108,0.604697651174413,0.85993218344099,FALSE,"Micro"
"CLDN1",-0.00260471399250446,NA,0.410277324632953,0.536231884057971,0.85993218344099,FALSE,"Micro"
"GP5",-0.00261265216360552,NA,0.409461663947798,0.6031984007996,0.85993218344099,FALSE,"Micro"
"ANPEP",-0.00263547910445907,NA,0.408646003262643,0.615192403798101,0.85993218344099,FALSE,"Micro"
"GGT1",-0.00263726947072231,NA,0.407830342577488,0.612193903048476,0.85993218344099,FALSE,"Micro"
"LILRB4",-0.00264007262501742,NA,0.407014681892333,0.604697651174413,0.85993218344099,FALSE,"Micro"
"IL23A",-0.00264059479338429,NA,0.406199021207178,0.555722138930535,0.85993218344099,FALSE,"Micro"
"APOB",-0.00265173000499183,NA,0.405383360522023,0.606196901549225,0.85993218344099,FALSE,"Micro"
"VSTM1",-0.0026556089025606,NA,0.404567699836868,0.607196401799101,0.85993218344099,FALSE,"Micro"
"CCK",-0.0026657764495221,NA,0.403752039151713,0.608195902048976,0.85993218344099,FALSE,"Micro"
"CRHR2",-0.00266664865773502,NA,0.402936378466558,0.610194902548726,0.85993218344099,FALSE,"Micro"
"CLDN14",-0.00267040189771114,NA,0.402120717781403,0.619190404797601,0.85993218344099,FALSE,"Micro"
"DSG2",-0.00267445620784125,NA,0.401305057096248,0.615692153923038,0.85993218344099,FALSE,"Micro"
"SEMA3E",-0.00267546529293895,NA,0.400489396411093,0.602698650674663,0.85993218344099,FALSE,"Micro"
"CCL17",-0.00267569710891852,NA,0.399673735725938,0.615692153923038,0.85993218344099,FALSE,"Micro"
"EFNA4",-0.00267670178265604,NA,0.398858075040783,0.604697651174413,0.85993218344099,FALSE,"Micro"
"SERPINC1",-0.00268776136647379,NA,0.398042414355628,0.616191904047976,0.85993218344099,FALSE,"Micro"
"SLITRK6",-0.00268945233023917,NA,0.397226753670473,0.609695152423788,0.85993218344099,FALSE,"Micro"
"F13A1",-0.00269253943294124,NA,0.396411092985318,0.614692653673163,0.85993218344099,FALSE,"Micro"
"ITGA9",-0.00271138724002745,NA,0.395595432300163,0.615692153923038,0.85993218344099,FALSE,"Micro"
"IL26",-0.0027114284984305,NA,0.394779771615008,0.599700149925038,0.85993218344099,FALSE,"Micro"
"FLRT2",-0.00271416350969357,NA,0.393964110929853,0.610694652673663,0.85993218344099,FALSE,"Micro"
"CCL25",-0.00271579500395179,NA,0.393148450244698,0.5992003998001,0.85993218344099,FALSE,"Micro"
"FURIN",-0.00271726592904296,NA,0.392332789559543,0.565717141429285,0.85993218344099,FALSE,"Micro"
"PMCH",-0.00273343723221331,NA,0.391517128874388,0.572213893053473,0.85993218344099,FALSE,"Micro"
"F5",-0.00273580697300244,NA,0.390701468189233,0.615192403798101,0.85993218344099,FALSE,"Micro"
"B2M",-0.00273924531663383,NA,0.389885807504078,0.620689655172414,0.85993218344099,FALSE,"Micro"
"MPIG6B",-0.00276545885423479,NA,0.389070146818923,0.615692153923038,0.85993218344099,FALSE,"Micro"
"IFNA10",-0.00277420567957137,NA,0.388254486133768,0.600699650174913,0.85993218344099,FALSE,"Micro"
"CD1B",-0.00278514320886244,NA,0.387438825448613,0.621189405297351,0.85993218344099,FALSE,"Micro"
"BMP5",-0.00278675803327442,NA,0.386623164763458,0.619690154922539,0.85993218344099,FALSE,"Micro"
"COL4A3",-0.00278741501550021,NA,0.385807504078303,0.619690154922539,0.85993218344099,FALSE,"Micro"
"HEBP1",-0.00278958684955127,NA,0.384991843393148,0.623188405797101,0.85993218344099,FALSE,"Micro"
"COL8A1",-0.00279089577748942,NA,0.384176182707993,0.614692653673163,0.85993218344099,TRUE,"Micro"
"CD72",-0.00279516499745097,NA,0.383360522022838,0.614192903548226,0.85993218344099,FALSE,"Micro"
"INHBA",-0.00281882182459436,NA,0.382544861337684,0.574212893553223,0.85993218344099,FALSE,"Micro"
"CD58",-0.0028362306429873,NA,0.381729200652529,0.607196401799101,0.85993218344099,FALSE,"Micro"
"TAC3",-0.00284078223478069,NA,0.380913539967374,0.574712643678161,0.85993218344099,FALSE,"Micro"
"TRAF2",-0.00284702766972262,NA,0.380097879282219,0.613193403298351,0.85993218344099,FALSE,"Micro"
"IFNA6",-0.00285267339127785,NA,0.379282218597064,0.618690654672664,0.85993218344099,FALSE,"Micro"
"SLITRK4",-0.00286767426249655,NA,0.378466557911909,0.619690154922539,0.85993218344099,FALSE,"Micro"
"FGF5",-0.00286850413749822,NA,0.377650897226754,0.624687656171914,0.85993218344099,FALSE,"Micro"
"RETN",-0.0028691778608136,NA,0.376835236541599,0.60119940029985,0.85993218344099,FALSE,"Micro"
"LRRTM2",-0.00287235660745241,NA,0.376019575856444,0.617191404297851,0.85993218344099,FALSE,"Micro"
"CXCL11",-0.00289107226122849,NA,0.375203915171289,0.619190404797601,0.85993218344099,FALSE,"Micro"
"SERPINF1",-0.0028949852886365,NA,0.374388254486134,0.619190404797601,0.85993218344099,FALSE,"Micro"
"ANGPTL5",-0.00290068429411306,NA,0.373572593800979,0.629185407296352,0.85993218344099,FALSE,"Micro"
"FGF22",-0.00290153509202195,NA,0.372756933115824,0.621189405297351,0.85993218344099,FALSE,"Micro"
"IGFBP3",-0.0029139164917506,NA,0.371941272430669,0.621689155422289,0.85993218344099,FALSE,"Micro"
"CLDN2",-0.00291478624145557,NA,0.371125611745514,0.629685157421289,0.85993218344099,FALSE,"Micro"
"CLCF1",-0.0029169691941482,NA,0.370309951060359,0.627686156921539,0.85993218344099,FALSE,"Micro"
"S100A12",-0.00292150945834848,NA,0.369494290375204,0.604197901049475,0.85993218344099,FALSE,"Micro"
"CEACAM21",-0.0029400435057879,NA,0.368678629690049,0.63368315842079,0.85993218344099,FALSE,"Micro"
"ADAM2",-0.00295216539011582,NA,0.367862969004894,0.625687156421789,0.85993218344099,FALSE,"Micro"
"CD22",-0.0029599027183732,NA,0.367047308319739,0.621189405297351,0.85993218344099,FALSE,"Micro"
"FAP",-0.00296387050152022,NA,0.366231647634584,0.627686156921539,0.85993218344099,TRUE,"Micro"
"TCTN1",-0.00296860634911534,NA,0.365415986949429,0.621689155422289,0.85993218344099,FALSE,"Micro"
"SELE",-0.00297810853840414,NA,0.364600326264274,0.614192903548226,0.85993218344099,FALSE,"Micro"
"LRFN5",-0.00297834403711102,NA,0.363784665579119,0.617191404297851,0.85993218344099,FALSE,"Micro"
"LAMB1",-0.00297932306656444,NA,0.362969004893964,0.632683658170915,0.85993218344099,FALSE,"Micro"
"CXCL9",-0.00298966870280447,NA,0.362153344208809,0.633183408295852,0.85993218344099,FALSE,"Micro"
"HLA-DRA",-0.00300475128624666,NA,0.361337683523654,0.626686656671664,0.85993218344099,FALSE,"Micro"
"IFNA2",-0.00300618683955674,NA,0.360522022838499,0.598700649675162,0.85993218344099,FALSE,"Micro"
"PLAT",-0.00300727077140599,NA,0.359706362153344,0.620689655172414,0.85993218344099,FALSE,"Micro"
"MPZL3",-0.00302152166326976,NA,0.358890701468189,0.627686156921539,0.85993218344099,FALSE,"Micro"
"TG",-0.00302546850425201,NA,0.358075040783034,0.628185907046477,0.85993218344099,FALSE,"Micro"
"CORIN",-0.00302956669669015,NA,0.357259380097879,0.628685657171414,0.85993218344099,FALSE,"Micro"
"IL18BP",-0.00304599392377482,NA,0.356443719412724,0.622688655672164,0.85993218344099,FALSE,"Micro"
"EMC1",-0.00304715769317548,NA,0.355628058727569,0.628685657171414,0.85993218344099,FALSE,"Micro"
"PLA2G10",-0.00305092378043473,NA,0.354812398042414,0.630684657671164,0.85993218344099,FALSE,"Micro"
"SPON2",-0.00305108219690074,NA,0.353996737357259,0.613193403298351,0.85993218344099,FALSE,"Micro"
"MYEOV",-0.00306577677629967,NA,0.353181076672104,0.627686156921539,0.85993218344099,FALSE,"Micro"
"EPGN",-0.00306803308960746,NA,0.352365415986949,0.623188405797101,0.85993218344099,FALSE,"Micro"
"PIGA",-0.00307834523984326,NA,0.351549755301794,0.638680659670165,0.85993218344099,FALSE,"Micro"
"LGALS3",-0.00308027726499412,NA,0.350734094616639,0.627186406796602,0.85993218344099,FALSE,"Micro"
"DEFB106B",-0.00308356444338773,NA,0.349918433931485,0.64367816091954,0.85993218344099,FALSE,"Micro"
"PLA2G2A",-0.00308958994253656,NA,0.34910277324633,0.639180409795102,0.85993218344099,FALSE,"Micro"
"APOD",-0.00309791208364198,NA,0.348287112561175,0.598200899550225,0.85993218344099,TRUE,"Micro"
"COL11A1",-0.00310483213128712,NA,0.34747145187602,0.578710644677661,0.85993218344099,FALSE,"Micro"
"KIR2DL5A",-0.00310840246578055,NA,0.346655791190865,0.637181409295352,0.85993218344099,FALSE,"Micro"
"SOSTDC1",-0.00311237696026952,NA,0.34584013050571,0.63768115942029,0.85993218344099,FALSE,"Micro"
"GDF15",-0.00311737089008066,NA,0.345024469820555,0.633183408295852,0.85993218344099,FALSE,"Micro"
"APOC2",-0.00311852626169335,NA,0.3442088091354,0.630184907546227,0.85993218344099,FALSE,"Micro"
"VIP",-0.00311965919311114,NA,0.343393148450245,0.621689155422289,0.85993218344099,FALSE,"Micro"
"LRFN3",-0.00314033311020365,NA,0.34257748776509,0.63768115942029,0.85993218344099,FALSE,"Micro"
"PRG4",-0.0031474911336,NA,0.341761827079935,0.632183908045977,0.85993218344099,FALSE,"Micro"
"SEMA6A",-0.00315247105271288,NA,0.34094616639478,0.624687656171914,0.85993218344099,FALSE,"Micro"
"CALR",-0.00316610562363913,NA,0.340130505709625,0.592203898050975,0.85993218344099,FALSE,"Micro"
"ADAMTS3",-0.00320389111489742,NA,0.33931484502447,0.615692153923038,0.85993218344099,FALSE,"Micro"
"LRP1B",-0.00322220288813613,NA,0.338499184339315,0.629685157421289,0.85993218344099,FALSE,"Micro"
"C1QA",-0.00322943421730386,NA,0.33768352365416,0.631684157921039,0.85993218344099,FALSE,"Micro"
"ERFE",-0.00323301233394714,NA,0.336867862969005,0.639180409795102,0.85993218344099,FALSE,"Micro"
"PCDHA13",-0.00323683257144279,NA,0.33605220228385,0.653173413293353,0.85993218344099,FALSE,"Micro"
"EFNA2",-0.00324802056517334,NA,0.335236541598695,0.63768115942029,0.85993218344099,FALSE,"Micro"
"ITGA4",-0.00325526691745703,NA,0.33442088091354,0.636181909045477,0.85993218344099,FALSE,"Micro"
"COL2A1",-0.00326683237067163,NA,0.333605220228385,0.60519740129935,0.85993218344099,FALSE,"Micro"
"HLA-DRB3",-0.00327183329226194,NA,0.33278955954323,0.632183908045977,0.85993218344099,FALSE,"Micro"
"COL17A1",-0.00330524512456296,NA,0.331973898858075,0.628185907046477,0.85993218344099,FALSE,"Micro"
"PCDHA12",-0.00330856047747101,NA,0.33115823817292,0.654672663668166,0.85993218344099,FALSE,"Micro"
"PAEP",-0.00332859517085522,NA,0.330342577487765,0.64767616191904,0.85993218344099,FALSE,"Micro"
"CD52",-0.00333077630439817,NA,0.32952691680261,0.619690154922539,0.85993218344099,FALSE,"Micro"
"MMP26",-0.00333291038968134,NA,0.328711256117455,0.632183908045977,0.85993218344099,FALSE,"Micro"
"GZMB",-0.00334708264403628,NA,0.3278955954323,0.650174912543728,0.85993218344099,FALSE,"Micro"
"UCN2",-0.00334782403896338,NA,0.327079934747145,0.64567716141929,0.85993218344099,FALSE,"Micro"
"SPP1",-0.00335774735334636,NA,0.32626427406199,0.630184907546227,0.85993218344099,FALSE,"Micro"
"HAPLN1",-0.00336082169549753,NA,0.325448613376835,0.641179410294853,0.85993218344099,FALSE,"Micro"
"COL4A6",-0.00336874837046428,NA,0.32463295269168,0.633183408295852,0.85993218344099,FALSE,"Micro"
"TGOLN2",-0.00337406600915045,NA,0.323817292006525,0.642678660669665,0.85993218344099,FALSE,"Micro"
"CLDN11",-0.00337495963766798,NA,0.32300163132137,0.644677661169415,0.85993218344099,FALSE,"Micro"
"LAIR2",-0.00338142220224544,NA,0.322185970636215,0.64167916041979,0.85993218344099,FALSE,"Micro"
"COL9A2",-0.00338296797286759,NA,0.32137030995106,0.629185407296352,0.85993218344099,FALSE,"Micro"
"LIPC",-0.00338539237894803,NA,0.320554649265905,0.639180409795102,0.85993218344099,FALSE,"Micro"
"PCDHA10",-0.00339555791871013,NA,0.31973898858075,0.654672663668166,0.85993218344099,FALSE,"Micro"
"FGF17",-0.00340985044741866,NA,0.318923327895595,0.642678660669665,0.85993218344099,FALSE,"Micro"
"TREML1",-0.00341039655528804,NA,0.31810766721044,0.643178410794603,0.85993218344099,FALSE,"Micro"
"C1QTNF5",-0.0034369570175747,NA,0.317292006525285,0.648675662168916,0.85993218344099,FALSE,"Micro"
"INSL3",-0.00345108697171596,NA,0.316476345840131,0.636681659170415,0.85993218344099,FALSE,"Micro"
"GLG1",-0.00346207065688543,NA,0.315660685154976,0.63368315842079,0.85993218344099,FALSE,"Micro"
"INS",-0.00346335526164307,NA,0.314845024469821,0.623188405797101,0.85993218344099,FALSE,"Micro"
"CD200",-0.00346648034711519,NA,0.314029363784666,0.643178410794603,0.85993218344099,FALSE,"Micro"
"GDF10",-0.00346864785829063,NA,0.313213703099511,0.648675662168916,0.85993218344099,FALSE,"Micro"
"SOST",-0.00347550307301727,NA,0.312398042414356,0.647176411794103,0.85993218344099,FALSE,"Micro"
"STX1A",-0.00347637798714986,NA,0.311582381729201,0.660169915042479,0.85993218344099,FALSE,"Micro"
"LRIG1",-0.00347956026385253,NA,0.310766721044046,0.642678660669665,0.85993218344099,FALSE,"Micro"
"CXCL17",-0.00349028343596747,NA,0.309951060358891,0.646176911544228,0.85993218344099,FALSE,"Micro"
"SEMA3G",-0.00351179350975903,NA,0.309135399673736,0.64567716141929,0.85993218344099,FALSE,"Micro"
"VSIG10",-0.00351673549848011,NA,0.308319738988581,0.64367816091954,0.85993218344099,FALSE,"Micro"
"RBP3",-0.00352875519578546,NA,0.307504078303426,0.642178910544728,0.85993218344099,FALSE,"Micro"
"CALM2",-0.00353559066985858,NA,0.306688417618271,0.645177411294353,0.85993218344099,FALSE,"Micro"
"CXCL10",-0.00355457999142914,NA,0.305872756933116,0.649175412293853,0.85993218344099,FALSE,"Micro"
"LGI4",-0.00355577895461672,NA,0.305057096247961,0.659670164917541,0.85993218344099,FALSE,"Micro"
"HLA-DQB1",-0.00356857369603959,NA,0.304241435562806,0.668165917041479,0.85993218344099,FALSE,"Micro"
"PDPN",-0.00357134116633719,NA,0.303425774877651,0.655172413793103,0.85993218344099,FALSE,"Micro"
"FGF14",-0.00357703332065359,NA,0.302610114192496,0.656671664167916,0.85993218344099,FALSE,"Micro"
"PLXNA2",-0.0035774810830516,NA,0.301794453507341,0.644677661169415,0.85993218344099,FALSE,"Micro"
"CALM1",-0.00358357070269063,NA,0.300978792822186,0.650174912543728,0.85993218344099,FALSE,"Micro"
"FGF3",-0.00358539963204949,NA,0.300163132137031,0.64767616191904,0.85993218344099,FALSE,"Micro"
"TFPI",-0.00359481559576558,NA,0.299347471451876,0.660169915042479,0.85993218344099,FALSE,"Micro"
"CDH5",-0.00361396329476995,NA,0.298531810766721,0.653173413293353,0.85993218344099,FALSE,"Micro"
"CD24",-0.00361406838801651,NA,0.297716150081566,0.612693653173413,0.85993218344099,FALSE,"Micro"
"HLA-DRB4",-0.00362124601629555,NA,0.296900489396411,0.63368315842079,0.85993218344099,FALSE,"Micro"
"HLA-DQA2",-0.00362140494648542,NA,0.296084828711256,0.627186406796602,0.85993218344099,FALSE,"Micro"
"TFF2",-0.00363016228706695,NA,0.295269168026101,0.63368315842079,0.85993218344099,FALSE,"Micro"
"ADIPOQ",-0.00363913157933071,NA,0.294453507340946,0.629685157421289,0.85993218344099,FALSE,"Micro"
"LRRC52",-0.00364934582500036,NA,0.293637846655791,0.655172413793103,0.85993218344099,FALSE,"Micro"
"PTGFRN",-0.00366268711195276,NA,0.292822185970636,0.651174412793603,0.85993218344099,FALSE,"Micro"
"GAST",-0.00367218946878368,NA,0.292006525285481,0.651674162918541,0.85993218344099,FALSE,"Micro"
"CXCL13",-0.00369077703876394,NA,0.291190864600326,0.678660669665167,0.85993218344099,FALSE,"Micro"
"CFP",-0.0036917648896346,NA,0.290375203915171,0.656171914042978,0.85993218344099,FALSE,"Micro"
"PENK",-0.00369945280893871,NA,0.289559543230016,0.630684657671164,0.85993218344099,FALSE,"Micro"
"CCN6",-0.00371536598961169,NA,0.288743882544861,0.662168915542229,0.85993218344099,FALSE,"Micro"
"CDH2",-0.00371553183119004,NA,0.287928221859706,0.664667666166917,0.85993218344099,FALSE,"Micro"
"CALCA",-0.00371667480770149,NA,0.287112561174551,0.628185907046477,0.85993218344099,FALSE,"Micro"
"CNTN3",-0.00372152996493472,NA,0.286296900489396,0.660669665167416,0.85993218344099,FALSE,"Micro"
"DCHS1",-0.00372194340121159,NA,0.285481239804241,0.648175912043978,0.85993218344099,FALSE,"Micro"
"IL6",-0.00372233827879598,NA,0.284665579119086,0.580209895052474,0.85993218344099,FALSE,"Micro"
"CRH",-0.00373222842186366,NA,0.283849918433931,0.652673663168416,0.85993218344099,FALSE,"Micro"
"DCN",-0.00373735540905227,NA,0.283034257748776,0.661669165417291,0.85993218344099,FALSE,"Micro"
"CD209",-0.00374494135058701,NA,0.282218597063622,0.63768115942029,0.85993218344099,FALSE,"Micro"
"HLA-DRB5",-0.00377008500906344,NA,0.281402936378467,0.658670664667666,0.85993218344099,FALSE,"Micro"
"KLRA1P",-0.00377672075666675,NA,0.280587275693312,0.651174412793603,0.85993218344099,FALSE,"Micro"
"CXCL2",-0.00378995031089008,NA,0.279771615008157,0.654172913543228,0.85993218344099,TRUE,"Micro"
"TYROBP",-0.0037929045084191,NA,0.278955954323002,0.664167916041979,0.85993218344099,FALSE,"Micro"
"LRFN1",-0.00379973703026051,NA,0.278140293637847,0.660169915042479,0.85993218344099,FALSE,"Micro"
"GHRL",-0.00381052695656663,NA,0.277324632952692,0.681159420289855,0.85993218344099,FALSE,"Micro"
"ADAM28",-0.00382524855720243,NA,0.276508972267537,0.654172913543228,0.85993218344099,FALSE,"Micro"
"ADAM20",-0.00384134494565532,NA,0.275693311582382,0.656671664167916,0.85993218344099,FALSE,"Micro"
"PCDHA3",-0.00384222285199897,NA,0.274877650897227,0.670664667666167,0.85993218344099,FALSE,"Micro"
"ZG16B",-0.00385236142306474,NA,0.274061990212072,0.658670664667666,0.85993218344099,FALSE,"Micro"
"APOA2",-0.00385407013703784,NA,0.273246329526917,0.659170414792604,0.85993218344099,FALSE,"Micro"
"PSG5",-0.00392090284469013,NA,0.272430668841762,0.660669665167416,0.85993218344099,FALSE,"Micro"
"IGSF3",-0.0039222977377208,NA,0.271615008156607,0.670164917541229,0.85993218344099,FALSE,"Micro"
"EDN1",-0.00392341664283093,NA,0.270799347471452,0.609695152423788,0.85993218344099,FALSE,"Micro"
"ITIH2",-0.0039269786867336,NA,0.269983686786297,0.667166416791604,0.85993218344099,FALSE,"Micro"
"LEAP2",-0.00394434215879616,NA,0.269168026101142,0.678660669665167,0.85993218344099,FALSE,"Micro"
"GAS6",-0.00396850503381674,NA,0.268352365415987,0.672663668165917,0.85993218344099,FALSE,"Micro"
"PLG",-0.00398162701497877,NA,0.267536704730832,0.68415792103948,0.85993218344099,FALSE,"Micro"
"KCNA1",-0.00398562235371836,NA,0.266721044045677,0.663668165917041,0.85993218344099,FALSE,"Micro"
"CADM4",-0.00399953006602828,NA,0.265905383360522,0.67416291854073,0.85993218344099,FALSE,"Micro"
"CXADR",-0.00401596182466165,NA,0.265089722675367,0.671164417791104,0.85993218344099,FALSE,"Micro"
"CD47",-0.00401994929135591,NA,0.264274061990212,0.679160419790105,0.85993218344099,FALSE,"Micro"
"ADAM9",-0.00404090032835009,NA,0.263458401305057,0.661169415292354,0.85993218344099,FALSE,"Micro"
"SCGB3A2",-0.00404543499140869,NA,0.262642740619902,0.667166416791604,0.85993218344099,FALSE,"Micro"
"GPC6",-0.00406035775702154,NA,0.261827079934747,0.668165917041479,0.85993218344099,FALSE,"Micro"
"CEL",-0.00406189178972994,NA,0.261011419249592,0.658170914542729,0.85993218344099,FALSE,"Micro"
"LAMC2",-0.00406661523031545,NA,0.260195758564437,0.667166416791604,0.85993218344099,FALSE,"Micro"
"GUCA2A",-0.00408266760801643,NA,0.259380097879282,0.669165417291354,0.85993218344099,FALSE,"Micro"
"CD86",-0.00409282226688134,NA,0.258564437194127,0.659170414792604,0.85993218344099,FALSE,"Micro"
"TCTN3",-0.00409866575799508,NA,0.257748776508972,0.676661669165417,0.85993218344099,FALSE,"Micro"
"SLC6A8",-0.00410178016996434,NA,0.256933115823817,0.668165917041479,0.85993218344099,FALSE,"Micro"
"SPARC",-0.00411933465520998,NA,0.256117455138662,0.666166916541729,0.85993218344099,FALSE,"Micro"
"CALM3",-0.0041461898477495,NA,0.255301794453507,0.68015992003998,0.85993218344099,FALSE,"Micro"
"SFTPA2",-0.00416794039091696,NA,0.254486133768352,0.685157421289355,0.85993218344099,FALSE,"Micro"
"PLEKHO2",-0.00418162894922957,NA,0.253670473083197,0.673163418290855,0.85993218344099,FALSE,"Micro"
"SIGLEC14",-0.00419089135500298,NA,0.252854812398042,0.67216391804098,0.85993218344099,FALSE,"Micro"
"MMP7",-0.00419280320407995,NA,0.252039151712887,0.67416291854073,0.85993218344099,FALSE,"Micro"
"NTNG2",-0.0042040319935339,NA,0.251223491027732,0.677661169415292,0.85993218344099,FALSE,"Micro"
"SIGLEC1",-0.00421083937784403,NA,0.250407830342577,0.680659670164918,0.85993218344099,FALSE,"Micro"
"PRSS2",-0.00423607113912825,NA,0.249592169657423,0.657671164417791,0.85993218344099,FALSE,"Micro"
"IL17C",-0.00425255448433686,NA,0.248776508972268,0.651674162918541,0.85993218344099,FALSE,"Micro"
"CD55",-0.00425444686822901,NA,0.247960848287113,0.67216391804098,0.85993218344099,FALSE,"Micro"
"MICB",-0.00425531851051244,NA,0.247145187601958,0.657171414292854,0.85993218344099,FALSE,"Micro"
"ANOS1",-0.00426297931897624,NA,0.246329526916803,0.682658670664668,0.85993218344099,FALSE,"Micro"
"CD300LF",-0.00426691782612767,NA,0.245513866231648,0.68215892053973,0.85993218344099,FALSE,"Micro"
"CEACAM3",-0.00427935331894877,NA,0.244698205546493,0.675162418790605,0.85993218344099,FALSE,"Micro"
"SEMA7A",-0.00428623550702027,NA,0.243882544861338,0.675162418790605,0.85993218344099,FALSE,"Micro"
"FGF16",-0.00429228450212616,NA,0.243066884176183,0.681659170414793,0.85993218344099,FALSE,"Micro"
"DEFB4A",-0.00431218889041165,NA,0.242251223491028,0.693153423288356,0.85993218344099,FALSE,"Micro"
"CEACAM8",-0.00432393144586503,NA,0.241435562805873,0.67216391804098,0.85993218344099,FALSE,"Micro"
"SELP",-0.0043264214567366,NA,0.240619902120718,0.687156421789105,0.85993218344099,FALSE,"Micro"
"PLTP",-0.00432913631278277,NA,0.239804241435563,0.666166916541729,0.85993218344099,FALSE,"Micro"
"AREG",-0.00434160870077564,NA,0.238988580750408,0.632183908045977,0.85993218344099,FALSE,"Micro"
"RELN",-0.00435548872457559,NA,0.238172920065253,0.670164917541229,0.85993218344099,FALSE,"Micro"
"ADCYAP1",-0.00436575226739056,NA,0.237357259380098,0.666166916541729,0.85993218344099,FALSE,"Micro"
"ANGPTL6",-0.00437100029148389,NA,0.236541598694943,0.692653673163418,0.85993218344099,FALSE,"Micro"
"SEMA6C",-0.00439212988333579,NA,0.235725938009788,0.683658170914543,0.85993218344099,FALSE,"Micro"
"CNTN4",-0.00439250546777445,NA,0.234910277324633,0.675662168915542,0.85993218344099,FALSE,"Micro"
"IFNA17",-0.0044146836328202,NA,0.234094616639478,0.675662168915542,0.85993218344099,FALSE,"Micro"
"VEGFB",-0.00444064126359195,NA,0.233278955954323,0.700149925037481,0.85993218344099,FALSE,"Micro"
"IFNE",-0.00445042153269539,NA,0.232463295269168,0.681659170414793,0.85993218344099,FALSE,"Micro"
"TIGIT",-0.0044520823160495,NA,0.231647634584013,0.693653173413293,0.85993218344099,FALSE,"Micro"
"CLEC2A",-0.00445758617390743,NA,0.230831973898858,0.675162418790605,0.85993218344099,FALSE,"Micro"
"TPH1",-0.00445930836693444,NA,0.230016313213703,0.674662668665667,0.85993218344099,FALSE,"Micro"
"TCN1",-0.00448249429442925,NA,0.229200652528548,0.660169915042479,0.85993218344099,FALSE,"Micro"
"PLXNA1",-0.00448501882267329,NA,0.228384991843393,0.68415792103948,0.85993218344099,FALSE,"Micro"
"FSTL5",-0.0044893690618683,NA,0.227569331158238,0.697651174412794,0.85993218344099,FALSE,"Micro"
"TF",-0.00449334643382853,NA,0.226753670473083,0.699650174912544,0.85993218344099,FALSE,"Micro"
"NCR3LG1",-0.00449502544039349,NA,0.225938009787928,0.693153423288356,0.85993218344099,FALSE,"Micro"
"FGFRL1",-0.00451177509886167,NA,0.225122349102773,0.68615692153923,0.85993218344099,FALSE,"Micro"
"SIRPB2",-0.00451279224676229,NA,0.224306688417618,0.696651674162919,0.85993218344099,FALSE,"Micro"
"C1QTNF1",-0.00451619461895231,NA,0.223491027732463,0.690654672663668,0.85993218344099,FALSE,"Micro"
"KNG1",-0.0045217734147482,NA,0.222675367047308,0.72663668165917,0.85993218344099,FALSE,"Micro"
"ANGPT2",-0.00453577929630966,NA,0.221859706362153,0.698150924537731,0.85993218344099,FALSE,"Micro"
"AZGP1",-0.00454486212178186,NA,0.221044045676998,0.693153423288356,0.85993218344099,TRUE,"Micro"
"NTN3",-0.00455156258907035,NA,0.220228384991843,0.694652673663168,0.85993218344099,FALSE,"Micro"
"MMP1",-0.0045585289540702,NA,0.219412724306688,0.693153423288356,0.85993218344099,FALSE,"Micro"
"OBP2A",-0.00456120922733596,NA,0.218597063621533,0.691154422788606,0.85993218344099,FALSE,"Micro"
"IL12B",-0.00457421860560328,NA,0.217781402936378,0.678660669665167,0.85993218344099,FALSE,"Micro"
"MFGE8",-0.00461089746691269,NA,0.216965742251224,0.694652673663168,0.85993218344099,FALSE,"Micro"
"AANAT",-0.00465575983461062,NA,0.216150081566069,0.700149925037481,0.85993218344099,FALSE,"Micro"
"SEMA4F",-0.00465821009404882,NA,0.215334420880914,0.701149425287356,0.85993218344099,FALSE,"Micro"
"ANXA2",-0.00468743732077577,NA,0.214518760195759,0.692153923038481,0.85993218344099,FALSE,"Micro"
"WIF1",-0.00470020194494655,NA,0.213703099510604,0.71264367816092,0.85993218344099,FALSE,"Micro"
"HLA-DQB2",-0.00470334700348843,NA,0.212887438825449,0.71664167916042,0.85993218344099,FALSE,"Micro"
"CD9",-0.00472723648034086,NA,0.212071778140294,0.712143928035982,0.85993218344099,FALSE,"Micro"
"SPINK1",-0.00473093753898536,NA,0.211256117455139,0.688655672163918,0.85993218344099,FALSE,"Micro"
"VTN",-0.004731109270422,NA,0.210440456769984,0.709645177411294,0.85993218344099,FALSE,"Micro"
"IFNL2",-0.00473801172826305,NA,0.209624796084829,0.698150924537731,0.85993218344099,FALSE,"Micro"
"LGALS9",-0.00474399814713634,NA,0.208809135399674,0.702148925537231,0.85993218344099,TRUE,"Micro"
"EBI3",-0.00475582339880242,NA,0.207993474714519,0.693653173413293,0.85993218344099,FALSE,"Micro"
"CSH2",-0.0047679452308621,NA,0.207177814029364,0.717141429285357,0.85993218344099,FALSE,"Micro"
"CLDN24",-0.00477313063040297,NA,0.206362153344209,0.68815592203898,0.85993218344099,FALSE,"Micro"
"CPAMD8",-0.00479707843693161,NA,0.205546492659054,0.694152923538231,0.85993218344099,FALSE,"Micro"
"INSL5",-0.00481223087066407,NA,0.204730831973899,0.686656671664168,0.85993218344099,FALSE,"Micro"
"FLT3LG",-0.00481983038202151,NA,0.203915171288744,0.708145927036482,0.85993218344099,FALSE,"Micro"
"FGG",-0.00482502211509343,NA,0.203099510603589,0.704147926036982,0.85993218344099,FALSE,"Micro"
"TAFA4",-0.00483775802159312,NA,0.202283849918434,0.687156421789105,0.85993218344099,FALSE,"Micro"
"HLA-E",-0.00485413973234678,NA,0.201468189233279,0.706146926536732,0.85993218344099,FALSE,"Micro"
"ILDR2",-0.00485439233642168,NA,0.200652528548124,0.709645177411294,0.85993218344099,FALSE,"Micro"
"DRAXIN",-0.00486358456736965,NA,0.199836867862969,0.713143428285857,0.85993218344099,FALSE,"Micro"
"PODXL2",-0.0048794649730815,NA,0.199021207177814,0.702648675662169,0.85993218344099,FALSE,"Micro"
"CEACAM20",-0.00489395066911922,NA,0.198205546492659,0.719640179910045,0.85993218344099,FALSE,"Micro"
"HLA-DRB1",-0.00493289191437071,NA,0.197389885807504,0.695152423788106,0.85993218344099,FALSE,"Micro"
"GSTP1",-0.00493418589276043,NA,0.196574225122349,0.706646676661669,0.85993218344099,FALSE,"Micro"
"DEFB1",-0.00493622065769874,NA,0.195758564437194,0.699650174912544,0.85993218344099,FALSE,"Micro"
"F10",-0.00495027002288765,NA,0.194942903752039,0.723138430784608,0.85993218344099,FALSE,"Micro"
"RAET1G",-0.00495227837311054,NA,0.194127243066884,0.704147926036982,0.85993218344099,FALSE,"Micro"
"LGI1",-0.00495334192314757,NA,0.193311582381729,0.710144927536232,0.85993218344099,FALSE,"Micro"
"PRSS1",-0.00497539800143691,NA,0.192495921696574,0.705147426286857,0.85993218344099,FALSE,"Micro"
"SEMA5B",-0.00498225777299835,NA,0.191680261011419,0.706646676661669,0.85993218344099,FALSE,"Micro"
"INHA",-0.00499617697163452,NA,0.190864600326264,0.710644677661169,0.85993218344099,FALSE,"Micro"
"PGLYRP1",-0.00500442350686028,NA,0.190048939641109,0.704147926036982,0.85993218344099,FALSE,"Micro"
"GPI",-0.00500948507834407,NA,0.189233278955954,0.732133933033483,0.85993218344099,FALSE,"Micro"
"SERPINA5",-0.00502148510267418,NA,0.188417618270799,0.713143428285857,0.85993218344099,FALSE,"Micro"
"KITLG",-0.00504173196222804,NA,0.187601957585644,0.716141929035482,0.85993218344099,TRUE,"Micro"
"CLEC4G",-0.0050489247972777,NA,0.186786296900489,0.715142428785607,0.85993218344099,FALSE,"Micro"
"SPX",-0.00506821976610222,NA,0.185970636215334,0.675162418790605,0.85993218344099,FALSE,"Micro"
"SEMA4C",-0.00508444787508018,NA,0.185154975530179,0.721139430284858,0.85993218344099,FALSE,"Micro"
"PNOC",-0.00510845639453554,NA,0.184339314845024,0.655172413793103,0.85993218344099,FALSE,"Micro"
"CCL4L2",-0.00511041842286619,NA,0.183523654159869,0.744627686156922,0.85993218344099,FALSE,"Micro"
"MXRA8",-0.00512397970966119,NA,0.182707993474715,0.713143428285857,0.85993218344099,FALSE,"Micro"
"SERPING1",-0.00512755217038312,NA,0.18189233278956,0.713643178410795,0.85993218344099,FALSE,"Micro"
"FLRT1",-0.00513760136822603,NA,0.181076672104405,0.71664167916042,0.85993218344099,FALSE,"Micro"
"SLURP2",-0.00513895839342724,NA,0.18026101141925,0.719140429785107,0.85993218344099,FALSE,"Micro"
"MXRA5",-0.00514310628863149,NA,0.179445350734095,0.717641179410295,0.85993218344099,FALSE,"Micro"
"CADM3",-0.00514786693777431,NA,0.17862969004894,0.706146926536732,0.85993218344099,FALSE,"Micro"
"PROC",-0.00514904669718221,NA,0.177814029363785,0.72063968015992,0.85993218344099,FALSE,"Micro"
"CCL4",-0.00515445517216962,NA,0.17699836867863,0.742628685657171,0.85993218344099,FALSE,"Micro"
"APOO",-0.00516362124394489,NA,0.176182707993475,0.719140429785107,0.85993218344099,FALSE,"Micro"
"TSLP",-0.00519336791616023,NA,0.17536704730832,0.687656171914043,0.85993218344099,FALSE,"Micro"
"CDH4",-0.00519803447380239,NA,0.174551386623165,0.726136931534233,0.85993218344099,FALSE,"Micro"
"SEMA5A",-0.00521624272837626,NA,0.17373572593801,0.715142428785607,0.85993218344099,FALSE,"Micro"
"RLN3",-0.00522683845462133,NA,0.172920065252855,0.72463768115942,0.85993218344099,FALSE,"Micro"
"RLN2",-0.0052339310123493,NA,0.1721044045677,0.717141429285357,0.85993218344099,FALSE,"Micro"
"CRLF1",-0.00524523190776662,NA,0.171288743882545,0.72263868065967,0.85993218344099,FALSE,"Micro"
"CLEC2D",-0.0052574795291827,NA,0.17047308319739,0.668665667166417,0.85993218344099,FALSE,"Micro"
"VCAM1",-0.00526224109979041,NA,0.169657422512235,0.739630184907546,0.85993218344099,FALSE,"Micro"
"IL9",-0.00526294871056829,NA,0.16884176182708,0.722138930534733,0.85993218344099,FALSE,"Micro"
"NXPH3",-0.0053063319947691,NA,0.168026101141925,0.734632683658171,0.85993218344099,FALSE,"Micro"
"CD70",-0.00531946550959602,NA,0.16721044045677,0.728135932033983,0.85993218344099,FALSE,"Micro"
"PCSK9",-0.005324589205787,NA,0.166394779771615,0.721639180409795,0.85993218344099,FALSE,"Micro"
"TSPAN5",-0.00534814758338512,NA,0.16557911908646,0.720139930034983,0.85993218344099,FALSE,"Micro"
"GPHA2",-0.00535242353205239,NA,0.164763458401305,0.726136931534233,0.85993218344099,FALSE,"Micro"
"KL",-0.00539057107361952,NA,0.16394779771615,0.737631184407796,0.85993218344099,FALSE,"Micro"
"HHIPL2",-0.00539859592677949,NA,0.163132137030995,0.726136931534233,0.85993218344099,FALSE,"Micro"
"PRL",-0.00540617079455222,NA,0.16231647634584,0.71464267866067,0.85993218344099,FALSE,"Micro"
"KLKB1",-0.0054246448349992,NA,0.161500815660685,0.730134932533733,0.85993218344099,FALSE,"Micro"
"BACE1",-0.00543047570307028,NA,0.16068515497553,0.733633183408296,0.85993218344099,FALSE,"Micro"
"F12",-0.00543491310343077,NA,0.159869494290375,0.730634682658671,0.85993218344099,FALSE,"Micro"
"RAET1E",-0.00546313430329704,NA,0.15905383360522,0.733633183408296,0.85993218344099,FALSE,"Micro"
"FAM3C",-0.00547593531174352,NA,0.158238172920065,0.735132433783108,0.85993218344099,FALSE,"Micro"
"TTR",-0.00551911217075786,NA,0.15742251223491,0.719640179910045,0.85993218344099,FALSE,"Micro"
"ZNRF3",-0.0055532459150537,NA,0.156606851549755,0.729635182408796,0.85993218344099,FALSE,"Micro"
"CAMP",-0.00557908364798527,NA,0.1557911908646,0.706146926536732,0.85993218344099,FALSE,"Micro"
"SHISA4",-0.00559887812233781,NA,0.154975530179445,0.733133433283358,0.85993218344099,FALSE,"Micro"
"CLEC2B",-0.00561019266613664,NA,0.15415986949429,0.725137431284358,0.85993218344099,FALSE,"Micro"
"ADAM23",-0.00561788210778055,NA,0.153344208809135,0.735632183908046,0.85993218344099,FALSE,"Micro"
"FGF12",-0.00565614040728305,NA,0.15252854812398,0.733633183408296,0.85993218344099,FALSE,"Micro"
"FGB",-0.00566143896340086,NA,0.151712887438825,0.741129435282359,0.85993218344099,FALSE,"Micro"
"CD79B",-0.00567149557586099,NA,0.15089722675367,0.730634682658671,0.85993218344099,FALSE,"Micro"
"IL17F",-0.00567440448228908,NA,0.150081566068515,0.759620189905047,0.861440277116702,FALSE,"Micro"
"CIB1",-0.00567964737342063,NA,0.149265905383361,0.736131934032983,0.85993218344099,FALSE,"Micro"
"SIRPA",-0.00568255822834989,NA,0.148450244698206,0.734132933533233,0.85993218344099,FALSE,"Micro"
"TNR",-0.00569987285741238,NA,0.147634584013051,0.749625187406297,0.85993218344099,FALSE,"Micro"
"LCN1",-0.00570130208237705,NA,0.146818923327896,0.72863568215892,0.85993218344099,FALSE,"Micro"
"AHSG",-0.00571277153515492,NA,0.146003262642741,0.741629185407296,0.85993218344099,FALSE,"Micro"
"C4A",-0.00573426980785891,NA,0.145187601957586,0.735132433783108,0.85993218344099,FALSE,"Micro"
"HLA-F",-0.00574382764392155,NA,0.144371941272431,0.736131934032983,0.85993218344099,FALSE,"Micro"
"PI16",-0.0057530166417958,NA,0.143556280587276,0.742628685657171,0.85993218344099,FALSE,"Micro"
"FGA",-0.00576165539122114,NA,0.142740619902121,0.745127436281859,0.85993218344099,FALSE,"Micro"
"ECM1",-0.00576459447509145,NA,0.141924959216966,0.740129935032484,0.85993218344099,FALSE,"Micro"
"ADAM15",-0.00577612237642436,NA,0.141109298531811,0.745127436281859,0.85993218344099,FALSE,"Micro"
"APOA5",-0.00581457304394001,NA,0.140293637846656,0.741629185407296,0.85993218344099,FALSE,"Micro"
"HPX",-0.00582826054791271,NA,0.139477977161501,0.743128435782109,0.85993218344099,FALSE,"Micro"
"NTN1",-0.00583174427256613,NA,0.138662316476346,0.75512243878061,0.861289560061682,FALSE,"Micro"
"SLPI",-0.00585174620770166,NA,0.137846655791191,0.745627186406797,0.85993218344099,FALSE,"Micro"
"GRP",-0.00586087968848726,NA,0.137030995106036,0.824587706146927,0.879129625787628,FALSE,"Micro"
"ZP3",-0.00587866688753685,NA,0.136215334420881,0.741129435282359,0.85993218344099,FALSE,"Micro"
"TGFBI",-0.00588572214715488,NA,0.135399673735726,0.745627186406797,0.85993218344099,FALSE,"Micro"
"HLA-B",-0.00595485473773221,NA,0.134584013050571,0.750624687656172,0.85993218344099,FALSE,"Micro"
"NFASC",-0.00596697486236367,NA,0.133768352365416,0.747626186906547,0.85993218344099,FALSE,"Micro"
"LINGO4",-0.00596697486236724,NA,0.132952691680261,0.747626186906547,0.85993218344099,FALSE,"Micro"
"SLAMF7",-0.0059768681070724,NA,0.132137030995106,0.749125437281359,0.85993218344099,FALSE,"Micro"
"TNFSF18",-0.00597943689871807,NA,0.131321370309951,0.740629685157421,0.85993218344099,FALSE,"Micro"
"IL36A",-0.00598362254745404,NA,0.130505709624796,0.72263868065967,0.85993218344099,FALSE,"Micro"
"NECTIN4",-0.00603320747461427,NA,0.129690048939641,0.75712143928036,0.861440277116702,FALSE,"Micro"
"OGN",-0.00607161439471201,NA,0.128874388254486,0.75312343828086,0.86061213796087,FALSE,"Micro"
"ENAM",-0.00608972814423552,NA,0.128058727569331,0.756621689155422,0.861440277116702,FALSE,"Micro"
"SEMA3C",-0.00609844400976592,NA,0.127243066884176,0.75312343828086,0.86061213796087,FALSE,"Micro"
"GH1",-0.00611110476431606,NA,0.126427406199021,0.751124437781109,0.85993218344099,FALSE,"Micro"
"MMRN2",-0.00616055124729846,NA,0.125611745513866,0.754122938530735,0.860951164678611,FALSE,"Micro"
"APOC3",-0.00624479150407069,NA,0.124796084828711,0.765617191404298,0.861440277116702,FALSE,"Micro"
"HLA-DQA1",-0.00624734887160111,NA,0.123980424143556,0.764117941029485,0.861440277116702,FALSE,"Micro"
"NPPA",-0.00626081595101138,NA,0.123164763458401,0.759620189905047,0.861440277116702,FALSE,"Micro"
"CSHL1",-0.00627805529147411,NA,0.122349102773246,0.768115942028985,0.861440277116702,FALSE,"Micro"
"IFNL4",-0.00628432274161857,NA,0.121533442088091,0.762618690654673,0.861440277116702,FALSE,"Micro"
"ANTXR1",-0.00629799753651882,NA,0.120717781402936,0.757621189405297,0.861440277116702,FALSE,"Micro"
"CCL27",-0.00630509382011898,NA,0.119902120717781,0.71664167916042,0.85993218344099,FALSE,"Micro"
"ARMH4",-0.00631246550482177,NA,0.119086460032626,0.762118940529735,0.861440277116702,FALSE,"Micro"
"CRTAM",-0.00637667234237851,NA,0.118270799347471,0.748125937031484,0.85993218344099,FALSE,"Micro"
"VSTM4",-0.00638137656050535,NA,0.117455138662316,0.768615692153923,0.861440277116702,FALSE,"Micro"
"CADM1",-0.0064372401090186,NA,0.116639477977161,0.764117941029485,0.861440277116702,FALSE,"Micro"
"GP1BA",-0.00644990655319577,NA,0.115823817292007,0.767616191904048,0.861440277116702,FALSE,"Micro"
"SLURP1",-0.00645551186110914,NA,0.115008156606852,0.784607696151924,0.865629013450264,FALSE,"Micro"
"PTPRC",-0.00645951545780946,NA,0.114192495921697,0.779610194902549,0.865629013450264,FALSE,"Micro"
"DKK2",-0.00646166626181191,NA,0.113376835236542,0.762618690654673,0.861440277116702,TRUE,"Micro"
"GUCY2D",-0.00648688683964815,NA,0.112561174551387,0.785607196401799,0.865629013450264,FALSE,"Micro"
"CLEC11A",-0.00649037432565448,NA,0.111745513866232,0.750624687656172,0.85993218344099,FALSE,"Micro"
"LCN2",-0.00651479428783248,NA,0.110929853181077,0.786606696651674,0.865629013450264,FALSE,"Micro"
"SIGLEC8",-0.0065671472978707,NA,0.110114192495922,0.774112943528236,0.865629013450264,FALSE,"Micro"
"TIMD4",-0.00663849808323467,NA,0.109298531810767,0.765617191404298,0.861440277116702,FALSE,"Micro"
"BTN2A1",-0.00664401264676729,NA,0.108482871125612,0.76511744127936,0.861440277116702,FALSE,"Micro"
"APP",-0.00665818023970317,NA,0.107667210440457,0.743628185907046,0.85993218344099,FALSE,"Micro"
"AIMP1",-0.00666649784136336,NA,0.106851549755302,0.811094452773613,0.873870452636479,FALSE,"Micro"
"GDF11",-0.0066742220031728,NA,0.106035889070147,0.729135432283858,0.85993218344099,FALSE,"Micro"
"ANGPTL3",-0.00668440817354426,NA,0.105220228384992,0.766116941529235,0.861440277116702,FALSE,"Micro"
"RLN1",-0.00669554108945726,NA,0.104404567699837,0.771114442778611,0.863450815725593,FALSE,"Micro"
"DSPP",-0.00670355387971978,NA,0.103588907014682,0.778610694652674,0.865629013450264,FALSE,"Micro"
"SIGLEC12",-0.00672254313220272,NA,0.102773246329527,0.778110944527736,0.865629013450264,FALSE,"Micro"
"LGI3",-0.00683022642696501,NA,0.101957585644372,0.783108445777111,0.865629013450264,FALSE,"Micro"
"C4BPA",-0.00684681341077487,NA,0.101141924959217,0.768615692153923,0.861440277116702,FALSE,"Micro"
"TGFA",-0.00690285667608693,NA,0.100326264274062,0.764617691154423,0.861440277116702,FALSE,"Micro"
"FAT4",-0.00691453105576441,NA,0.099510603588907,0.777611194402799,0.865629013450264,FALSE,"Micro"
"CEACAM4",-0.006931378462817,NA,0.098694942903752,0.788105947026487,0.865629013450264,FALSE,"Micro"
"THBS1",-0.0069394684915591,NA,0.0978792822185971,0.800599700149925,0.869390988530448,FALSE,"Micro"
"IGSF21",-0.0069910902798705,NA,0.0970636215334421,0.782608695652174,0.865629013450264,FALSE,"Micro"
"NELL2",-0.00699193565033421,NA,0.0962479608482871,0.785107446276862,0.865629013450264,FALSE,"Micro"
"CYTL1",-0.00700757712978158,NA,0.0954323001631321,0.803098450774613,0.869390988530448,TRUE,"Micro"
"PZP",-0.00706093048921549,NA,0.0946166394779772,0.786606696651674,0.865629013450264,FALSE,"Micro"
"SDK2",-0.00707195027431903,NA,0.0938009787928222,0.787106446776612,0.865629013450264,FALSE,"Micro"
"ADGRF5",-0.0071115357377636,NA,0.0929853181076672,0.783108445777111,0.865629013450264,FALSE,"Micro"
"CTF1",-0.00712184744473348,NA,0.0921696574225122,0.794102948525737,0.869326284132286,FALSE,"Micro"
"SIGLEC5",-0.00713373278432098,NA,0.0913539967373573,0.782108945527236,0.865629013450264,FALSE,"Micro"
"SERPINE1",-0.00713929239404916,NA,0.0905383360522023,0.80359820089955,0.869390988530448,TRUE,"Micro"
"KIR2DS3",-0.00714745230603917,NA,0.0897226753670473,0.792103948025987,0.867913538758349,FALSE,"Micro"
"ST14",-0.00716064509189381,NA,0.0889070146818923,0.802098950524738,0.869390988530448,FALSE,"Micro"
"CSH1",-0.00719189065842193,NA,0.0880913539967374,0.798100949525237,0.869390988530448,FALSE,"Micro"
"HDC",-0.00719877109425874,NA,0.0872756933115824,0.778610694652674,0.865629013450264,FALSE,"Micro"
"CCL14",-0.00721059932644124,NA,0.0864600326264274,0.791104447776112,0.867594403335485,FALSE,"Micro"
"AGRP",-0.00726426456110151,NA,0.0856443719412724,0.804097951024488,0.869390988530448,FALSE,"Micro"
"SERPINA1",-0.00728474790837769,NA,0.0848287112561175,0.812593703148426,0.874716420348701,FALSE,"Micro"
"FGF18",-0.00731371984703535,NA,0.0840130505709625,0.787606196901549,0.865629013450264,FALSE,"Micro"
"CHL1",-0.00736044262099574,NA,0.0831973898858075,0.784607696151924,0.865629013450264,FALSE,"Micro"
"CD274",-0.00737062740463393,NA,0.0823817292006525,0.740129935032484,0.85993218344099,FALSE,"Micro"
"TPSAB1",-0.00738876895588805,NA,0.0815660685154976,0.798600699650175,0.869390988530448,FALSE,"Micro"
"ADAM21",-0.0073921840286658,NA,0.0807504078303426,0.777111444277861,0.865629013450264,FALSE,"Micro"
"IGFBP7",-0.00742880071271225,NA,0.0799347471451876,0.788605697151424,0.865629013450264,FALSE,"Micro"
"OPCML",-0.00748207859056149,NA,0.0791190864600326,0.788605697151424,0.865629013450264,FALSE,"Micro"
"FGF13",-0.00750440918675293,NA,0.0783034257748776,0.798100949525237,0.869390988530448,FALSE,"Micro"
"F9",-0.00752056853115345,NA,0.0774877650897227,0.802598700649675,0.869390988530448,FALSE,"Micro"
"MFAP3L",-0.00752687725482869,NA,0.0766721044045677,0.8015992003998,0.869390988530448,FALSE,"Micro"
"IFNW1",-0.00753230780796925,NA,0.0758564437194127,0.80359820089955,0.869390988530448,FALSE,"Micro"
"LTBP1",-0.00755504477934997,NA,0.0750407830342577,0.810594702648676,0.873870452636479,FALSE,"Micro"
"TREML4",-0.00763901194214614,NA,0.0742251223491028,0.801099450274863,0.869390988530448,FALSE,"Micro"
"KIR2DS5",-0.00768880456962423,NA,0.0734094616639478,0.808595702148926,0.873483011580629,FALSE,"Micro"
"ADGRE5",-0.0077573015404341,NA,0.0725938009787928,0.810094952523738,0.873870452636479,FALSE,"Micro"
"CADM2",-0.00781272194539135,NA,0.0717781402936378,0.802098950524738,0.869390988530448,FALSE,"Micro"
"ALCAM",-0.00787861357701149,NA,0.0709624796084829,0.796601699150425,0.869390988530448,FALSE,"Micro"
"HAVCR1",-0.00796376111210627,NA,0.0701468189233279,0.816091954022989,0.876940915507159,FALSE,"Micro"
"NID1",-0.00798843516772125,NA,0.0693311582381729,0.822088955522239,0.879129625787628,FALSE,"Micro"
"LRCH4",-0.00801209715564391,NA,0.0685154975530179,0.816091954022989,0.876940915507159,FALSE,"Micro"
"IL21",-0.00803216495129138,NA,0.067699836867863,0.824587706146927,0.879129625787628,FALSE,"Micro"
"ACE2",-0.00816469257889202,NA,0.066884176182708,0.823588205897052,0.879129625787628,FALSE,"Micro"
"TNFSF10",-0.00817210762934747,NA,0.066068515497553,0.825587206396802,0.879429850292245,FALSE,"Micro"
"NTNG1",-0.0081862571150987,NA,0.065252854812398,0.821089455272364,0.879129625787628,FALSE,"Micro"
"PAM",-0.00819926467656245,NA,0.0644371941272431,0.817091454272864,0.877245426366571,FALSE,"Micro"
"LRPAP1",-0.00822442517661763,NA,0.0636215334420881,0.841079460269865,0.890511960959883,FALSE,"Micro"
"COLQ",-0.00825690077030352,NA,0.0628058727569331,0.824087956021989,0.879129625787628,FALSE,"Micro"
"GH2",-0.0082709649119744,NA,0.0619902120717781,0.843578210894553,0.891616314362232,FALSE,"Micro"
"IL31",-0.00829103856642792,NA,0.0611745513866232,0.829085457271364,0.881622990588039,FALSE,"Micro"
"DSC1",-0.00835535735708295,NA,0.0603588907014682,0.818090954522739,0.877549403932009,FALSE,"Micro"
"CDHR2",-0.00837498451533893,NA,0.0595432300163132,0.820089955022489,0.878924055032851,FALSE,"Micro"
"SIRPG",-0.00856839757410004,NA,0.0587275693311582,0.837581209395302,0.888104823021015,FALSE,"Micro"
"SFTPD",-0.00859233461574052,NA,0.0579119086460033,0.868065967016492,0.905276528402466,FALSE,"Micro"
"MIA",-0.00865714371116807,NA,0.0570962479608483,0.83808095952024,0.888104823021015,FALSE,"Micro"
"TPO",-0.00878874251651959,NA,0.0562805872756933,0.853573213393303,0.895228755485271,FALSE,"Micro"
"S100A10",-0.00880785700262475,NA,0.0554649265905383,0.835082458770615,0.88722984561492,FALSE,"Micro"
"EDA",-0.0088162328892324,NA,0.0546492659053834,0.84807596201899,0.892519805389402,FALSE,"Micro"
"IL36G",-0.00884381521500812,NA,0.0538336052202284,0.84607696151924,0.892234450272714,FALSE,"Micro"
"DKK4",-0.00905174110569073,NA,0.0530179445350734,0.846576711644178,0.892234450272714,FALSE,"Micro"
"CNTN5",-0.00910069403979028,NA,0.0522022838499184,0.829085457271364,0.881622990588039,FALSE,"Micro"
"CNMD",-0.0091158893057847,NA,0.0513866231647635,0.83608195902049,0.88752201022539,FALSE,"Micro"
"MMP15",-0.00914842472644828,NA,0.0505709624796085,0.842578710644678,0.891328946925501,FALSE,"Micro"
"CD1D",-0.00917148671044031,NA,0.0497553017944535,0.852573713143428,0.89494669974353,FALSE,"Micro"
"ADAM11",-0.0091745250041993,NA,0.0489396411092985,0.850574712643678,0.893614084895802,FALSE,"Micro"
"CCL15",-0.00919520213552014,NA,0.0481239804241436,0.893053473263368,0.921643222196821,FALSE,"Micro"
"CRISP3",-0.00923764831935768,NA,0.0473083197389886,0.856571714142929,0.896837905833408,FALSE,"Micro"
"SEMA4G",-0.0092587933749277,NA,0.0464926590538336,0.847076461769115,0.892234450272714,FALSE,"Micro"
"EPO",-0.00927629879606023,NA,0.0456769983686786,0.868565717141429,0.905276528402466,FALSE,"Micro"
"IMPG2",-0.00930872812806652,NA,0.0448613376835237,0.850074962518741,0.893614084895802,FALSE,"Micro"
"DEFB4B",-0.00946358952517161,NA,0.0440456769983687,0.855572213893053,0.896557709169367,FALSE,"Micro"
"IL34",-0.00957052552556783,NA,0.0432300163132137,0.847076461769115,0.892234450272714,FALSE,"Micro"
"FGF8",-0.00965243160876536,NA,0.0424143556280587,0.860069965017491,0.898963913947463,FALSE,"Micro"
"LGI2",-0.00977550848983137,NA,0.0415986949429038,0.859570214892554,0.898963913947463,FALSE,"Micro"
"SERPINE2",-0.00980291811708246,NA,0.0407830342577488,0.869065467266367,0.905276528402466,FALSE,"Micro"
"SLIT2",-0.0100120464507225,NA,0.0399673735725938,0.881559220389805,0.913374673609941,FALSE,"Micro"
"PTDSS1",-0.010036480844089,NA,0.0391517128874388,0.864067966016992,0.902372769284582,FALSE,"Micro"
"F11",-0.010110985726202,NA,0.0383360522022839,0.873563218390805,0.907646261686799,FALSE,"Micro"
"MADCAM1",-0.010194955542892,NA,0.0375203915171289,0.883558220889555,0.914154409281846,FALSE,"Micro"
"PRRG4",-0.0102988334307727,NA,0.0367047308319739,0.871564217891054,0.906857691697445,FALSE,"Micro"
"NUCB2",-0.0103238948360458,NA,0.0358890701468189,0.872063968015992,0.906857691697445,FALSE,"Micro"
"NGF",-0.0104725355939195,NA,0.0350734094616639,0.876061969015492,0.909471111901676,FALSE,"Micro"
"COL10A1",-0.0105560762783857,NA,0.034257748776509,0.908545727136432,0.929798258765354,FALSE,"Micro"
"CCL19",-0.0106369564772762,NA,0.033442088091354,0.882058970514743,0.913374673609941,FALSE,"Micro"
"CX3CL1",-0.0107270394898795,NA,0.032626427406199,0.900049975012494,0.925481051420598,FALSE,"Micro"
"ELFN1",-0.0108872080035829,NA,0.031810766721044,0.882058970514743,0.913374673609941,FALSE,"Micro"
"LRRN1",-0.0110510549645578,NA,0.0309951060358891,0.898050974512744,0.924464238469001,FALSE,"Micro"
"DBH",-0.0110761945947445,NA,0.0301794453507341,0.900549725137431,0.925481051420598,FALSE,"Micro"
"LSAMP",-0.0110897249112958,NA,0.0293637846655791,0.890054972513743,0.91932322203148,FALSE,"Micro"
"APLN",-0.0111102639186874,NA,0.0285481239804241,0.890054972513743,0.91932322203148,FALSE,"Micro"
"SPON1",-0.0111281445150123,NA,0.0277324632952692,0.92103948025987,0.937883095027715,TRUE,"Micro"
"IL12A",-0.0112018559474116,NA,0.0269168026101142,0.919540229885057,0.93713542563161,FALSE,"Micro"
"ESAM",-0.0112323986090234,NA,0.0261011419249592,0.902548725637181,0.926757911907416,FALSE,"Micro"
"NPTX2",-0.0113509806897047,NA,0.0252854812398042,0.898050974512744,0.924464238469001,FALSE,"Micro"
"IGFBP4",-0.0113925173352093,NA,0.0244698205546493,0.898050974512744,0.924464238469001,FALSE,"Micro"
"SEMA6D",-0.0114417119935521,NA,0.0236541598694943,0.904547726136932,0.928032633599448,FALSE,"Micro"
"LRRC4C",-0.0116187492446138,NA,0.0228384991843393,0.908545727136432,0.929798258765354,FALSE,"Micro"
"LRIG2",-0.011796055435995,NA,0.0220228384991843,0.909545227386307,0.930044159890005,FALSE,"Micro"
"ICAM2",-0.0119753706591803,NA,0.0212071778140294,0.928035982008996,0.943439068847319,FALSE,"Micro"
"OSTN",-0.0120026563257089,NA,0.0203915171288744,0.918540729635182,0.93713542563161,FALSE,"Micro"
"CD6",-0.0120571939641752,NA,0.0195758564437194,0.908045977011494,0.929798258765354,FALSE,"Micro"
"TECTB",-0.012139120103348,NA,0.0187601957585644,0.91904047976012,0.93713542563161,FALSE,"Micro"
"MIF",-0.0123054473352488,NA,0.0179445350734095,0.940029985007496,0.950897383678103,FALSE,"Micro"
"ENHO",-0.0126311626559193,NA,0.0171288743882545,0.924037981009495,0.940154922538731,FALSE,"Micro"
"SLITRK3",-0.0127948648822383,NA,0.0163132137030995,0.918540729635182,0.93713542563161,FALSE,"Micro"
"IL32",-0.0131001715200965,NA,0.0154975530179445,0.958520739630185,0.965615054314948,FALSE,"Micro"
"ESM1",-0.0132529899423695,NA,0.0146818923327896,0.935032483758121,0.948191053479883,FALSE,"Micro"
"GDF5",-0.0132630231911043,NA,0.0138662316476346,0.930034982508746,0.94468727493633,FALSE,"Micro"
"C4B_2",-0.0135115393888233,NA,0.0130505709624796,0.935032483758121,0.948191053479883,FALSE,"Micro"
"SNX14",-0.0135232900013969,NA,0.0122349102773246,0.936531734132934,0.948925867917985,FALSE,"Micro"
"LY86",-0.013733844238545,NA,0.0114192495921697,0.947526236881559,0.956111729966977,FALSE,"Micro"
"CD34",-0.0138319384916645,NA,0.0106035889070147,0.943528235882059,0.953648588247131,FALSE,"Micro"
"IL2",-0.0138626358649279,NA,0.00978792822185971,0.964517741129435,0.970060946538225,FALSE,"Micro"
"LTBP3",-0.0139218901554203,NA,0.00897226753670473,0.940029985007496,0.950897383678103,FALSE,"Micro"
"MSMB",-0.0144760580510325,NA,0.00815660685154975,0.952523738130934,0.960363439679337,FALSE,"Micro"
"HHLA2",-0.0148547349039406,NA,0.00734094616639478,0.945027486256872,0.954376480350097,FALSE,"Micro"
"CCL28",-0.0160154820674764,NA,0.0065252854812398,0.978510744627686,0.981716349032691,FALSE,"Micro"
"CKLF",-0.0161458320696333,NA,0.00570962479608483,0.96351824087956,0.969851968017634,FALSE,"Micro"
"ULBP3",-0.0173988222527255,NA,0.00489396411092985,0.970014992503748,0.974789471548065,FALSE,"Micro"
"TARM1",-0.0175526640288027,NA,0.00407830342577488,0.973013493253373,0.977001253471625,FALSE,"Micro"
"PLAU",-0.0177874568666023,NA,0.0032626427406199,0.988505747126437,0.990122273286905,FALSE,"Micro"
"PCDHGB6",-0.019134264431132,NA,0.00244698205546493,0.984507746126936,0.98692470458715,FALSE,"Micro"
"TEX101",-0.0210486825848926,NA,0.00163132137030995,0.992003998000999,0.99281445878368,FALSE,"Micro"
"IGFL2",-0.0211306649368104,NA,0.000815660685154976,0.996501749125437,0.996501749125437,FALSE,"Micro"
"IGFL3",NA,NA,1,NA,NA,FALSE,"Micro"
"C5",0.0612086286872088,NA,0.999184339314845,0.000999500249875062,0.44411532354203,FALSE,"Oligo"
"FSHB",0.0317885288878872,NA,0.99836867862969,0.00499750124937531,0.44411532354203,FALSE,"Oligo"
"ST6GAL1",0.028286855212166,NA,0.997553017944535,0.00399800099950025,0.44411532354203,FALSE,"Oligo"
"SIGLEC14",0.0274266655745093,NA,0.99673735725938,0.00149925037481259,0.44411532354203,FALSE,"Oligo"
"GDF11",0.0273912797847137,NA,0.995921696574225,0.00549725137431284,0.44411532354203,FALSE,"Oligo"
"GDF5",0.022413166752436,NA,0.99510603588907,0.0149925037481259,0.44411532354203,FALSE,"Oligo"
"WNT1",0.0219890660750076,NA,0.994290375203915,0.0139930034982509,0.44411532354203,FALSE,"Oligo"
"PRL",0.0215141424341857,NA,0.99347471451876,0.0259870064967516,0.44411532354203,FALSE,"Oligo"
"CDH2",0.0202001044899971,NA,0.992659053833605,0.00749625187406297,0.44411532354203,FALSE,"Oligo"
"SLITRK1",0.0197531188658449,NA,0.99184339314845,0.00599700149925037,0.44411532354203,FALSE,"Oligo"
"IFNG",0.0196828165405271,NA,0.991027732463295,0.0174912543728136,0.44411532354203,FALSE,"Oligo"
"COL11A1",0.0194441106648391,NA,0.99021207177814,0.024487756121939,0.44411532354203,FALSE,"Oligo"
"NLGN3",0.0181722266772364,NA,0.989396411092985,0.0144927536231884,0.44411532354203,FALSE,"Oligo"
"TNFSF9",0.0181088497068399,NA,0.98858075040783,0.0324837581209395,0.44411532354203,FALSE,"Oligo"
"ENHO",0.018040524787685,NA,0.987765089722675,0.0139930034982509,0.44411532354203,FALSE,"Oligo"
"IL18",0.0178134687653125,NA,0.98694942903752,0.0174912543728136,0.44411532354203,FALSE,"Oligo"
"WNT5A",0.0168436720069636,NA,0.986133768352365,0.0359820089955022,0.44411532354203,FALSE,"Oligo"
"LILRA6",0.0159127064378679,NA,0.98531810766721,0.0399800099950025,0.44411532354203,FALSE,"Oligo"
"APOD",0.0158758973233716,NA,0.984502446982055,0.0444777611194403,0.44411532354203,TRUE,"Oligo"
"ANGPT4",0.0155661620087036,NA,0.983686786296901,0.0214892553723138,0.44411532354203,FALSE,"Oligo"
"MATN1",0.0154077810366529,NA,0.982871125611745,0.0214892553723138,0.44411532354203,FALSE,"Oligo"
"APP",0.0148140876683837,NA,0.982055464926591,0.0484757621189405,0.44411532354203,FALSE,"Oligo"
"LSAMP",0.0146437370091783,NA,0.981239804241436,0.0324837581209395,0.44411532354203,FALSE,"Oligo"
"IL31",0.0142848896551613,NA,0.980424143556281,0.0354822588705647,0.44411532354203,FALSE,"Oligo"
"LRTM2",0.0141777062432602,NA,0.979608482871126,0.0334832583708146,0.44411532354203,FALSE,"Oligo"
"TIMD4",0.0140818861625821,NA,0.978792822185971,0.0324837581209395,0.44411532354203,FALSE,"Oligo"
"IFNL2",0.0140238038923238,NA,0.977977161500816,0.039480259870065,0.44411532354203,FALSE,"Oligo"
"FGF2",0.0134785188392608,NA,0.977161500815661,0.0644677661169415,0.44411532354203,FALSE,"Oligo"
"IFNA5",0.0134093578347767,NA,0.976345840130506,0.0444777611194403,0.44411532354203,FALSE,"Oligo"
"CTF1",0.0132222911655881,NA,0.975530179445351,0.0374812593703148,0.44411532354203,FALSE,"Oligo"
"IFNA7",0.0131968214186734,NA,0.974714518760196,0.0459770114942529,0.44411532354203,FALSE,"Oligo"
"IL27",0.0130722016159415,NA,0.973898858075041,0.0654672663668166,0.44411532354203,FALSE,"Oligo"
"EPO",0.0130544833121964,NA,0.973083197389886,0.0514742628685657,0.44411532354203,FALSE,"Oligo"
"NPNT",0.0129766964338958,NA,0.972267536704731,0.047976011994003,0.44411532354203,FALSE,"Oligo"
"LRIG2",0.0129015736056799,NA,0.971451876019576,0.0489755122438781,0.44411532354203,FALSE,"Oligo"
"IFNA4",0.0128923206947857,NA,0.970636215334421,0.0459770114942529,0.44411532354203,FALSE,"Oligo"
"EBI3",0.0128657446875853,NA,0.969820554649266,0.0509745127436282,0.44411532354203,FALSE,"Oligo"
"IFNA16",0.0128250068561411,NA,0.969004893964111,0.0459770114942529,0.44411532354203,FALSE,"Oligo"
"IFNA21",0.0127941292776602,NA,0.968189233278956,0.0459770114942529,0.44411532354203,FALSE,"Oligo"
"IFNE",0.012731948786244,NA,0.967373572593801,0.0574712643678161,0.44411532354203,FALSE,"Oligo"
"ORM1",0.01271661648526,NA,0.966557911908646,0.0514742628685657,0.44411532354203,FALSE,"Oligo"
"IFNA14",0.0125848107391075,NA,0.965742251223491,0.0529735132433783,0.44411532354203,FALSE,"Oligo"
"ESAM",0.0125766886181367,NA,0.964926590538336,0.047976011994003,0.44411532354203,FALSE,"Oligo"
"FAM200A",0.0124846849899931,NA,0.964110929853181,0.0579710144927536,0.44411532354203,FALSE,"Oligo"
"SPX",0.0124426232237135,NA,0.963295269168026,0.0649675162418791,0.44411532354203,FALSE,"Oligo"
"IFNK",0.0122887347752237,NA,0.962479608482871,0.0539730134932534,0.44411532354203,FALSE,"Oligo"
"IFNL4",0.0122353896784806,NA,0.961663947797716,0.0549725137431284,0.44411532354203,FALSE,"Oligo"
"IFITM1",0.0119734589593541,NA,0.960848287112561,0.0679660169915042,0.44411532354203,FALSE,"Oligo"
"ITGAL",0.0117838579036754,NA,0.960032626427406,0.0919540229885057,0.44411532354203,FALSE,"Oligo"
"POSTN",0.0117771969954207,NA,0.959216965742251,0.0664667666166917,0.44411532354203,FALSE,"Oligo"
"NAALADL1",0.0116372612360046,NA,0.958401305057096,0.0719640179910045,0.44411532354203,FALSE,"Oligo"
"CCL7",0.0115919936878604,NA,0.957585644371941,0.0589705147426287,0.44411532354203,FALSE,"Oligo"
"ANGPTL7",0.0115038345621993,NA,0.956769983686786,0.0664667666166917,0.44411532354203,FALSE,"Oligo"
"C1QB",0.0114475243272841,NA,0.955954323001631,0.0614692653673163,0.44411532354203,FALSE,"Oligo"
"FCRL6",0.0113768035543984,NA,0.955138662316476,0.0694652673663168,0.44411532354203,FALSE,"Oligo"
"TECTB",0.0111542146133942,NA,0.954323001631321,0.0819590204897551,0.44411532354203,FALSE,"Oligo"
"COL22A1",0.0111451606324811,NA,0.953507340946166,0.0819590204897551,0.44411532354203,FALSE,"Oligo"
"IL33",0.011006347408435,NA,0.952691680261011,0.0549725137431284,0.44411532354203,FALSE,"Oligo"
"WNT3",0.0109653091199462,NA,0.951876019575856,0.0969515242378811,0.44411532354203,FALSE,"Oligo"
"IFNA8",0.0108586707479084,NA,0.951060358890702,0.0664667666166917,0.44411532354203,FALSE,"Oligo"
"IFNA2",0.0108308863115163,NA,0.950244698205546,0.0684657671164418,0.44411532354203,FALSE,"Oligo"
"COL20A1",0.010818947441272,NA,0.949429037520392,0.0719640179910045,0.44411532354203,FALSE,"Oligo"
"CLCF1",0.0107353748183436,NA,0.948613376835236,0.0789605197401299,0.44411532354203,FALSE,"Oligo"
"HBEGF",0.0106216479287743,NA,0.947797716150082,0.0644677661169415,0.44411532354203,FALSE,"Oligo"
"PDGFB",0.0105610665974645,NA,0.946982055464927,0.101949025487256,0.44411532354203,FALSE,"Oligo"
"VSIG10",0.0105606332585158,NA,0.946166394779772,0.079960019990005,0.44411532354203,FALSE,"Oligo"
"TPO",0.0105568693295749,NA,0.945350734094617,0.071464267866067,0.44411532354203,FALSE,"Oligo"
"ANGPTL6",0.0104217991081482,NA,0.944535073409462,0.0859570214892554,0.44411532354203,FALSE,"Oligo"
"WNT10B",0.010398759963996,NA,0.943719412724307,0.105447276361819,0.44411532354203,FALSE,"Oligo"
"ANG",0.0103959583419268,NA,0.942903752039152,0.0744627686156921,0.44411532354203,FALSE,"Oligo"
"RECK",0.0103689592023178,NA,0.942088091353997,0.0824587706146927,0.44411532354203,FALSE,"Oligo"
"FAM3B",0.0103384341691517,NA,0.941272430668842,0.0749625187406297,0.44411532354203,FALSE,"Oligo"
"FGF3",0.0102592815266521,NA,0.940456769983687,0.0839580209895052,0.44411532354203,FALSE,"Oligo"
"GH2",0.0102349604329644,NA,0.939641109298532,0.0679660169915042,0.44411532354203,FALSE,"Oligo"
"WNT7B",0.0102336278886668,NA,0.938825448613377,0.109445277361319,0.44411532354203,FALSE,"Oligo"
"WNT9A",0.0102201728447921,NA,0.938009787928222,0.115942028985507,0.44411532354203,FALSE,"Oligo"
"IL25",0.0102083675577424,NA,0.937194127243067,0.0954522738630685,0.44411532354203,FALSE,"Oligo"
"ANGPTL3",0.0102053684058817,NA,0.936378466557912,0.0899550224887556,0.44411532354203,FALSE,"Oligo"
"EPHA4",0.0101700514208989,NA,0.935562805872757,0.104447776111944,0.44411532354203,FALSE,"Oligo"
"WNT8B",0.0101507138267503,NA,0.934747145187602,0.11744127936032,0.44411532354203,FALSE,"Oligo"
"COL6A5",0.0101432129382993,NA,0.933931484502447,0.0849575212393803,0.44411532354203,FALSE,"Oligo"
"ANOS1",0.0101064503825637,NA,0.933115823817292,0.0864567716141929,0.44411532354203,FALSE,"Oligo"
"EPGN",0.0100910649334465,NA,0.932300163132137,0.0889555222388806,0.44411532354203,FALSE,"Oligo"
"WNT8A",0.00995273828966147,NA,0.931484502446982,0.118940529735132,0.44411532354203,FALSE,"Oligo"
"WNT5B",0.00986144541089925,NA,0.930668841761827,0.115942028985507,0.44411532354203,FALSE,"Oligo"
"NRG4",0.00983877586616068,NA,0.929853181076672,0.102948525737131,0.44411532354203,FALSE,"Oligo"
"CD320",0.00983654762156165,NA,0.929037520391517,0.0744627686156921,0.44411532354203,FALSE,"Oligo"
"HDC",0.00982193846968275,NA,0.928221859706362,0.0949525237381309,0.44411532354203,FALSE,"Oligo"
"WNT11",0.00982128220277993,NA,0.927406199021207,0.115942028985507,0.44411532354203,FALSE,"Oligo"
"LRRC4B",0.00980327822939058,NA,0.926590538336052,0.095952023988006,0.44411532354203,FALSE,"Oligo"
"IL12A",0.00979174743891832,NA,0.925774877650897,0.100449775112444,0.44411532354203,FALSE,"Oligo"
"WNT7A",0.00976957479957169,NA,0.924959216965742,0.114942528735632,0.44411532354203,FALSE,"Oligo"
"F11",0.00976330591113224,NA,0.924143556280587,0.0994502748625687,0.44411532354203,FALSE,"Oligo"
"WNT9B",0.00975890239643521,NA,0.923327895595432,0.120939530234883,0.44411532354203,FALSE,"Oligo"
"IFNA10",0.0096999937050525,NA,0.922512234910277,0.0809595202398801,0.44411532354203,FALSE,"Oligo"
"CLDN16",0.00969843337503068,NA,0.921696574225122,0.100449775112444,0.44411532354203,FALSE,"Oligo"
"SIGLEC7",0.00969305070530724,NA,0.920880913539967,0.100949525237381,0.44411532354203,FALSE,"Oligo"
"IGF2",0.00964577936196816,NA,0.920065252854812,0.106946526736632,0.44411532354203,FALSE,"Oligo"
"IFNA6",0.00961109584972559,NA,0.919249592169657,0.102448775612194,0.44411532354203,FALSE,"Oligo"
"WNT10A",0.00954294573913086,NA,0.918433931484502,0.131934032983508,0.44411532354203,FALSE,"Oligo"
"LTA",0.009488310232165,NA,0.917618270799347,0.0889555222388806,0.44411532354203,FALSE,"Oligo"
"FGF22",0.00947823824109717,NA,0.916802610114193,0.103448275862069,0.44411532354203,FALSE,"Oligo"
"CD209",0.00947429001347442,NA,0.915986949429037,0.0999500249875062,0.44411532354203,FALSE,"Oligo"
"CNTF",0.00946266110989095,NA,0.915171288743883,0.0999500249875062,0.44411532354203,FALSE,"Oligo"
"NRG3",0.00946001905039169,NA,0.914355628058728,0.108445777111444,0.44411532354203,FALSE,"Oligo"
"IL17C",0.0094287663127075,NA,0.913539967373573,0.147426286856572,0.44411532354203,FALSE,"Oligo"
"SIGLEC15",0.00942093515886261,NA,0.912724306688418,0.101449275362319,0.44411532354203,FALSE,"Oligo"
"WNT16",0.0094003667387758,NA,0.911908646003263,0.135432283858071,0.44411532354203,FALSE,"Oligo"
"TDGF1P3",0.00940022475928574,NA,0.911092985318108,0.107946026986507,0.44411532354203,FALSE,"Oligo"
"NEGR1",0.00939903412132083,NA,0.910277324632953,0.112443778110945,0.44411532354203,FALSE,"Oligo"
"LILRB2",0.00938702666644419,NA,0.909461663947798,0.100449775112444,0.44411532354203,FALSE,"Oligo"
"SIGLEC9",0.00937917594534576,NA,0.908646003262643,0.101949025487256,0.44411532354203,FALSE,"Oligo"
"TPSAB1",0.00929580535296077,NA,0.907830342577488,0.100949525237381,0.44411532354203,FALSE,"Oligo"
"SIGLEC6",0.00927916594304056,NA,0.907014681892333,0.107446276861569,0.44411532354203,FALSE,"Oligo"
"IL12B",0.00925554605416178,NA,0.906199021207178,0.0954522738630685,0.44411532354203,FALSE,"Oligo"
"TAFA4",0.00914917809080776,NA,0.905383360522023,0.0994502748625687,0.44411532354203,FALSE,"Oligo"
"IL9",0.00912038717712162,NA,0.904567699836868,0.0919540229885057,0.44411532354203,FALSE,"Oligo"
"MUC4",0.00909750488297876,NA,0.903752039151713,0.102948525737131,0.44411532354203,FALSE,"Oligo"
"WNT6",0.00909578943748538,NA,0.902936378466558,0.141429285357321,0.44411532354203,FALSE,"Oligo"
"COL6A6",0.00905150906142395,NA,0.902120717781403,0.114942528735632,0.44411532354203,FALSE,"Oligo"
"SEMA3F",0.00905076002455232,NA,0.901305057096248,0.104447776111944,0.44411532354203,FALSE,"Oligo"
"F9",0.00902333790027781,NA,0.900489396411093,0.112443778110945,0.44411532354203,FALSE,"Oligo"
"NLGN2",0.00902231052868895,NA,0.899673735725938,0.11544227886057,0.44411532354203,FALSE,"Oligo"
"FGF6",0.00901893142856651,NA,0.898858075040783,0.115942028985507,0.44411532354203,FALSE,"Oligo"
"CLDN3",0.00898752852665798,NA,0.898042414355628,0.118940529735132,0.44411532354203,FALSE,"Oligo"
"TGFB2",0.00897987006523777,NA,0.897226753670473,0.128435782108946,0.44411532354203,FALSE,"Oligo"
"CXCL3",0.00897165168379331,NA,0.896411092985318,0.0979510244877561,0.44411532354203,FALSE,"Oligo"
"CLEC2B",0.00895496379467389,NA,0.895595432300163,0.115942028985507,0.44411532354203,FALSE,"Oligo"
"SCUBE2",0.0089219225456056,NA,0.894779771615008,0.116941529235382,0.44411532354203,FALSE,"Oligo"
"WNT2",0.00890652907008599,NA,0.893964110929853,0.131434282858571,0.44411532354203,FALSE,"Oligo"
"CLDN14",0.00885123564858715,NA,0.893148450244698,0.112443778110945,0.44411532354203,FALSE,"Oligo"
"PDGFC",0.00884587220854811,NA,0.892332789559543,0.130934532733633,0.44411532354203,FALSE,"Oligo"
"CLDN2",0.00884052722799008,NA,0.891517128874388,0.118940529735132,0.44411532354203,FALSE,"Oligo"
"MSMP",0.00881077763495077,NA,0.890701468189233,0.115942028985507,0.44411532354203,FALSE,"Oligo"
"WNT4",0.00879348836377873,NA,0.889885807504078,0.128435782108946,0.44411532354203,FALSE,"Oligo"
"NLGN4X",0.00879050143395891,NA,0.889070146818923,0.11944027986007,0.44411532354203,FALSE,"Oligo"
"TCN2",0.00876125720127843,NA,0.888254486133768,0.120939530234883,0.44411532354203,FALSE,"Oligo"
"LRRC52",0.00874963320998204,NA,0.887438825448613,0.12543728135932,0.44411532354203,FALSE,"Oligo"
"CD300LF",0.00867777048769249,NA,0.886623164763458,0.118440779610195,0.44411532354203,FALSE,"Oligo"
"DSCAML1",0.00867369398434945,NA,0.885807504078303,0.120439780109945,0.44411532354203,FALSE,"Oligo"
"SERPING1",0.00866014763981901,NA,0.884991843393148,0.129435282358821,0.44411532354203,FALSE,"Oligo"
"UCN2",0.00862513697694321,NA,0.884176182707993,0.123938030984508,0.44411532354203,FALSE,"Oligo"
"LPL",0.00862319839903144,NA,0.883360522022839,0.108945527236382,0.44411532354203,FALSE,"Oligo"
"ANGPT2",0.00856882019960451,NA,0.882544861337684,0.0779610194902549,0.44411532354203,FALSE,"Oligo"
"NRXN1",0.00854985734258326,NA,0.881729200652529,0.126436781609195,0.44411532354203,FALSE,"Oligo"
"SEMA4F",0.00850633002004866,NA,0.880913539967374,0.126436781609195,0.44411532354203,FALSE,"Oligo"
"LY6G5C",0.00850417557272685,NA,0.880097879282219,0.129935032483758,0.44411532354203,FALSE,"Oligo"
"CSH1",0.00844955588267204,NA,0.879282218597064,0.120439780109945,0.44411532354203,FALSE,"Oligo"
"OPCML",0.0084165373507173,NA,0.878466557911909,0.123938030984508,0.44411532354203,FALSE,"Oligo"
"NMB",0.00836604904402569,NA,0.877650897226754,0.122938530734633,0.44411532354203,FALSE,"Oligo"
"NPVF",0.00835059503538457,NA,0.876835236541599,0.12743628185907,0.44411532354203,FALSE,"Oligo"
"LRRC4",0.00834839459502754,NA,0.876019575856444,0.12143928035982,0.44411532354203,FALSE,"Oligo"
"SIRPA",0.00833204297508935,NA,0.875203915171289,0.132433783108446,0.44411532354203,FALSE,"Oligo"
"IGSF10",0.00830725125844759,NA,0.874388254486134,0.139430284857571,0.44411532354203,FALSE,"Oligo"
"C4BPA",0.00823609630755508,NA,0.873572593800979,0.144927536231884,0.44411532354203,FALSE,"Oligo"
"FNDC5",0.0082291191277829,NA,0.872756933115824,0.135432283858071,0.44411532354203,FALSE,"Oligo"
"IAPP",0.00821629587682652,NA,0.871941272430669,0.128935532233883,0.44411532354203,FALSE,"Oligo"
"CD24",0.00821418920785127,NA,0.871125611745514,0.125937031484258,0.44411532354203,FALSE,"Oligo"
"DKK3",0.00820930848480331,NA,0.870309951060359,0.143428285857071,0.44411532354203,FALSE,"Oligo"
"ICAM3",0.00819404102658022,NA,0.869494290375204,0.131434282858571,0.44411532354203,FALSE,"Oligo"
"NTF4",0.00818787802561239,NA,0.868678629690049,0.100949525237381,0.44411532354203,FALSE,"Oligo"
"CLDN1",0.00816509283976093,NA,0.867862969004894,0.137931034482759,0.44411532354203,FALSE,"Oligo"
"LIPC",0.00814994459283245,NA,0.867047308319739,0.136431784107946,0.44411532354203,FALSE,"Oligo"
"CCL11",0.00812763220574547,NA,0.866231647634584,0.116941529235382,0.44411532354203,FALSE,"Oligo"
"NTF3",0.00812566266711848,NA,0.865415986949429,0.11544227886057,0.44411532354203,FALSE,"Oligo"
"KITLG",0.00812172255974752,NA,0.864600326264274,0.0829585207396302,0.44411532354203,TRUE,"Oligo"
"IL6",0.00809580642336593,NA,0.863784665579119,0.111944027986007,0.44411532354203,FALSE,"Oligo"
"CXCL14",0.00809123223458412,NA,0.862969004893964,0.134932533733133,0.44411532354203,FALSE,"Oligo"
"COL12A1",0.00802718553513472,NA,0.862153344208809,0.133933033483258,0.44411532354203,TRUE,"Oligo"
"BST2",0.00800964532164652,NA,0.861337683523654,0.142928535732134,0.44411532354203,FALSE,"Oligo"
"F10",0.00798275284599635,NA,0.860522022838499,0.11344327836082,0.44411532354203,FALSE,"Oligo"
"RETN",0.00797932758778637,NA,0.859706362153344,0.12543728135932,0.44411532354203,FALSE,"Oligo"
"S100A12",0.00796809318056419,NA,0.858890701468189,0.131934032983508,0.44411532354203,FALSE,"Oligo"
"COL5A3",0.0079645958857389,NA,0.858075040783034,0.141429285357321,0.44411532354203,FALSE,"Oligo"
"TDGF1",0.00793722367121833,NA,0.857259380097879,0.145927036481759,0.44411532354203,FALSE,"Oligo"
"IGSF3",0.00792891042989649,NA,0.856443719412724,0.147426286856572,0.44411532354203,FALSE,"Oligo"
"CXCL2",0.00791749325331073,NA,0.855628058727569,0.106946526736632,0.44411532354203,TRUE,"Oligo"
"FLRT2",0.0078982252815938,NA,0.854812398042414,0.136931534232884,0.44411532354203,FALSE,"Oligo"
"RAET1E",0.00788486622837252,NA,0.853996737357259,0.138930534732634,0.44411532354203,FALSE,"Oligo"
"PRSS2",0.00788419147818825,NA,0.853181076672104,0.106446776611694,0.44411532354203,FALSE,"Oligo"
"PDPN",0.00788177266206724,NA,0.852365415986949,0.134432783608196,0.44411532354203,FALSE,"Oligo"
"FGF16",0.00786477866401715,NA,0.851549755301794,0.136431784107946,0.44411532354203,FALSE,"Oligo"
"TSPAN33",0.00786126745864051,NA,0.85073409461664,0.146426786606697,0.44411532354203,FALSE,"Oligo"
"COL27A1",0.0078451744223555,NA,0.849918433931484,0.147926036981509,0.44411532354203,FALSE,"Oligo"
"NLGN4Y",0.00783079502259232,NA,0.84910277324633,0.142428785607196,0.44411532354203,FALSE,"Oligo"
"FGFRL1",0.00778365324445203,NA,0.848287112561175,0.128935532233883,0.44411532354203,FALSE,"Oligo"
"IGF1",0.00775075202634647,NA,0.84747145187602,0.150924537731134,0.44411532354203,FALSE,"Oligo"
"LAMA1",0.00774957396228899,NA,0.846655791190865,0.144927536231884,0.44411532354203,FALSE,"Oligo"
"LRRN2",0.00774314481763777,NA,0.84584013050571,0.158420789605197,0.44411532354203,FALSE,"Oligo"
"IL1RN",0.00772643216075603,NA,0.845024469820555,0.120939530234883,0.44411532354203,FALSE,"Oligo"
"MMP2",0.00771328090408435,NA,0.8442088091354,0.145927036481759,0.44411532354203,FALSE,"Oligo"
"GH1",0.00770944722860797,NA,0.843393148450245,0.103448275862069,0.44411532354203,FALSE,"Oligo"
"IFNW1",0.00768827139621599,NA,0.84257748776509,0.149425287356322,0.44411532354203,FALSE,"Oligo"
"KL",0.00768541757285402,NA,0.841761827079935,0.137431284357821,0.44411532354203,FALSE,"Oligo"
"NCAN",0.00766865403377042,NA,0.84094616639478,0.153423288355822,0.44411532354203,FALSE,"Oligo"
"CRISP3",0.00766379758651405,NA,0.840130505709625,0.144427786106947,0.44411532354203,FALSE,"Oligo"
"LRIT1",0.00764106154607176,NA,0.83931484502447,0.156921539230385,0.44411532354203,FALSE,"Oligo"
"IL37",0.00763873811545337,NA,0.838499184339315,0.158920539730135,0.44411532354203,FALSE,"Oligo"
"COL28A1",0.00760848447537775,NA,0.83768352365416,0.150924537731134,0.44411532354203,FALSE,"Oligo"
"KIR2DL5A",0.0076083988854072,NA,0.836867862969005,0.155422288855572,0.44411532354203,FALSE,"Oligo"
"FGF5",0.00759547876581622,NA,0.83605220228385,0.143428285857071,0.44411532354203,FALSE,"Oligo"
"LAMA4",0.00759519632913261,NA,0.835236541598695,0.152923538230885,0.44411532354203,FALSE,"Oligo"
"CD22",0.0075650419328273,NA,0.83442088091354,0.154422788605697,0.44411532354203,FALSE,"Oligo"
"CMTM8",0.00756500484596989,NA,0.833605220228385,0.159420289855072,0.44411532354203,FALSE,"Oligo"
"TAC1",0.00755821392367279,NA,0.83278955954323,0.145927036481759,0.44411532354203,FALSE,"Oligo"
"IL17B",0.00754906492576943,NA,0.831973898858075,0.143928035982009,0.44411532354203,FALSE,"Oligo"
"CCL18",0.00754441176501645,NA,0.83115823817292,0.130934532733633,0.44411532354203,FALSE,"Oligo"
"LAMB2",0.00754166630960132,NA,0.830342577487765,0.156921539230385,0.44411532354203,FALSE,"Oligo"
"IL1F10",0.00753187905175289,NA,0.82952691680261,0.148925537231384,0.44411532354203,FALSE,"Oligo"
"ILDR2",0.00749515805397031,NA,0.828711256117455,0.155422288855572,0.44411532354203,FALSE,"Oligo"
"SAA1",0.00749374530174037,NA,0.8278955954323,0.148925537231384,0.44411532354203,FALSE,"Oligo"
"PTPRC",0.00745107768120189,NA,0.827079934747145,0.120439780109945,0.44411532354203,FALSE,"Oligo"
"NOG",0.00744823115473466,NA,0.82626427406199,0.177911044477761,0.44411532354203,FALSE,"Oligo"
"ROBO1",0.00744814777455913,NA,0.825448613376835,0.15992003998001,0.44411532354203,FALSE,"Oligo"
"UCN3",0.0074007290294152,NA,0.82463295269168,0.120439780109945,0.44411532354203,FALSE,"Oligo"
"TNF",0.00739790892030745,NA,0.823817292006525,0.149425287356322,0.44411532354203,FALSE,"Oligo"
"TSLP",0.00737031999374787,NA,0.82300163132137,0.142928535732134,0.44411532354203,FALSE,"Oligo"
"GPC6",0.00736658187143884,NA,0.822185970636215,0.162918540729635,0.44411532354203,FALSE,"Oligo"
"S100A4",0.00732625879952511,NA,0.82137030995106,0.155422288855572,0.44411532354203,FALSE,"Oligo"
"FGF12",0.00732534575378414,NA,0.820554649265905,0.15192403798101,0.44411532354203,FALSE,"Oligo"
"COL15A1",0.00731885705501429,NA,0.81973898858075,0.144427786106947,0.44411532354203,FALSE,"Oligo"
"NLGN1",0.00729414886503351,NA,0.818923327895595,0.109445277361319,0.44411532354203,FALSE,"Oligo"
"OCLN",0.00727468520326926,NA,0.81810766721044,0.168415792103948,0.44411532354203,FALSE,"Oligo"
"TYROBP",0.00725830026012397,NA,0.817292006525285,0.122938530734633,0.44411532354203,FALSE,"Oligo"
"QRFP",0.00723486272558949,NA,0.816476345840131,0.158420789605197,0.44411532354203,FALSE,"Oligo"
"FLRT3",0.00723235469980522,NA,0.815660685154976,0.157421289355322,0.44411532354203,FALSE,"Oligo"
"ICAM4",0.00722269298748017,NA,0.814845024469821,0.16191904047976,0.44411532354203,FALSE,"Oligo"
"COL13A1",0.00721936166175206,NA,0.814029363784666,0.166416791604198,0.44411532354203,FALSE,"Oligo"
"COL14A1",0.0072138591174456,NA,0.813213703099511,0.166916541729135,0.44411532354203,FALSE,"Oligo"
"HLA-DRB5",0.00720179993751622,NA,0.812398042414356,0.173913043478261,0.44411532354203,FALSE,"Oligo"
"CXCL6",0.00719203826978402,NA,0.811582381729201,0.0889555222388806,0.44411532354203,FALSE,"Oligo"
"VEGFA",0.00717245855012677,NA,0.810766721044046,0.163418290854573,0.44411532354203,FALSE,"Oligo"
"POMZP3",0.00717011965410087,NA,0.809951060358891,0.165417291354323,0.44411532354203,FALSE,"Oligo"
"CLUL1",0.00716783086602365,NA,0.809135399673736,0.16591704147926,0.44411532354203,FALSE,"Oligo"
"IFNA17",0.00713989150280017,NA,0.808319738988581,0.111944027986007,0.44411532354203,FALSE,"Oligo"
"IL26",0.00710794576399348,NA,0.807504078303426,0.152923538230885,0.44411532354203,FALSE,"Oligo"
"NPFF",0.00709563605008273,NA,0.806688417618271,0.16391804097951,0.44411532354203,FALSE,"Oligo"
"CAMP",0.00709469758184929,NA,0.805872756933116,0.169415292353823,0.44411532354203,FALSE,"Oligo"
"ALKAL1",0.00708671644291471,NA,0.805057096247961,0.172413793103448,0.44411532354203,FALSE,"Oligo"
"APOA5",0.00708387293564716,NA,0.804241435562806,0.170914542728636,0.44411532354203,FALSE,"Oligo"
"GLG1",0.00706890024886404,NA,0.803425774877651,0.15992003998001,0.44411532354203,FALSE,"Oligo"
"PLB1",0.00705146689230402,NA,0.802610114192496,0.152923538230885,0.44411532354203,FALSE,"Oligo"
"NTN4",0.00705039178141119,NA,0.801794453507341,0.168915542228886,0.44411532354203,FALSE,"Oligo"
"PCDHA7",0.00704901197813864,NA,0.800978792822186,0.175912043978011,0.44411532354203,FALSE,"Oligo"
"SPN",0.00704805488958871,NA,0.800163132137031,0.170414792603698,0.44411532354203,FALSE,"Oligo"
"WNT2B",0.00704013216405051,NA,0.799347471451876,0.184407796101949,0.44411532354203,FALSE,"Oligo"
"BACE2",0.00700855288896879,NA,0.798531810766721,0.179410294852574,0.44411532354203,FALSE,"Oligo"
"TNN",0.00700615211749924,NA,0.797716150081566,0.169415292353823,0.44411532354203,FALSE,"Oligo"
"PLEKHO2",0.00700026186789702,NA,0.796900489396411,0.171914042978511,0.44411532354203,FALSE,"Oligo"
"FGF4",0.00699959983369879,NA,0.796084828711256,0.0964517741129435,0.44411532354203,FALSE,"Oligo"
"COL26A1",0.0069994308853213,NA,0.795269168026101,0.174912543728136,0.44411532354203,FALSE,"Oligo"
"TREML1",0.00699248045331951,NA,0.794453507340946,0.169915042478761,0.44411532354203,FALSE,"Oligo"
"MEGF10",0.00697443919130581,NA,0.793637846655791,0.179410294852574,0.44411532354203,FALSE,"Oligo"
"LAMC2",0.00697036944044889,NA,0.792822185970636,0.164917541229385,0.44411532354203,FALSE,"Oligo"
"CD300C",0.00695434792293553,NA,0.792006525285481,0.172913543228386,0.44411532354203,FALSE,"Oligo"
"BTNL9",0.00695411280360427,NA,0.791190864600326,0.176411794102949,0.44411532354203,FALSE,"Oligo"
"SELP",0.00693794067213436,NA,0.790375203915171,0.178910544727636,0.44411532354203,FALSE,"Oligo"
"MLN",0.00693218856744013,NA,0.789559543230016,0.176411794102949,0.44411532354203,FALSE,"Oligo"
"ITGA9",0.00693141567481189,NA,0.788743882544861,0.177411294352824,0.44411532354203,FALSE,"Oligo"
"LRRN1",0.00692344377719851,NA,0.787928221859706,0.177411294352824,0.44411532354203,FALSE,"Oligo"
"LVRN",0.00692039361999685,NA,0.787112561174551,0.188905547226387,0.44411532354203,FALSE,"Oligo"
"ICAM1",0.00691286059307271,NA,0.786296900489396,0.148425787106447,0.44411532354203,FALSE,"Oligo"
"FGF17",0.00689873809312602,NA,0.785481239804241,0.106946526736632,0.44411532354203,FALSE,"Oligo"
"CD72",0.00687276453867969,NA,0.784665579119086,0.179410294852574,0.44411532354203,FALSE,"Oligo"
"SDC2",0.00685590098466723,NA,0.783849918433931,0.16791604197901,0.44411532354203,FALSE,"Oligo"
"LRRTM3",0.00685292403033253,NA,0.783034257748777,0.176911544227886,0.44411532354203,FALSE,"Oligo"
"NRG2",0.00684697262025609,NA,0.782218597063622,0.148425787106447,0.44411532354203,FALSE,"Oligo"
"BCAN",0.00684669708723503,NA,0.781402936378467,0.178910544727636,0.44411532354203,FALSE,"Oligo"
"PLXNA1",0.00682641256279512,NA,0.780587275693312,0.16591704147926,0.44411532354203,FALSE,"Oligo"
"ADAM7",0.00681498488684407,NA,0.779771615008157,0.174912543728136,0.44411532354203,FALSE,"Oligo"
"COL24A1",0.00680975249301773,NA,0.778955954323002,0.181909045477261,0.44411532354203,FALSE,"Oligo"
"FGF14",0.00679690610251577,NA,0.778140293637847,0.186906546726637,0.44411532354203,FALSE,"Oligo"
"CDCP1",0.00679177502522895,NA,0.777324632952692,0.184907546226887,0.44411532354203,FALSE,"Oligo"
"FGF20",0.00677810242904518,NA,0.776508972267537,0.186906546726637,0.44411532354203,FALSE,"Oligo"
"APOC4",0.00677312465939104,NA,0.775693311582382,0.183408295852074,0.44411532354203,FALSE,"Oligo"
"KIRREL3",0.00675803134271826,NA,0.774877650897227,0.187406296851574,0.44411532354203,FALSE,"Oligo"
"ABCA1",0.00675349947791884,NA,0.774061990212072,0.175412293853073,0.44411532354203,FALSE,"Oligo"
"SYT1",0.00674809069501721,NA,0.773246329526917,0.168915542228886,0.44411532354203,FALSE,"Oligo"
"TAC4",0.00674432524966064,NA,0.772430668841762,0.176911544227886,0.44411532354203,FALSE,"Oligo"
"EREG",0.00674393783857451,NA,0.771615008156607,0.153423288355822,0.44411532354203,FALSE,"Oligo"
"EGFL8",0.00674004750179576,NA,0.770799347471452,0.183408295852074,0.44411532354203,FALSE,"Oligo"
"NRXN2",0.00666857058374329,NA,0.769983686786297,0.146926536731634,0.44411532354203,FALSE,"Oligo"
"SEMA6A",0.00665840899795649,NA,0.769168026101142,0.171914042978511,0.44411532354203,FALSE,"Oligo"
"NCR3LG1",0.00664494046070475,NA,0.768352365415987,0.188905547226387,0.44411532354203,FALSE,"Oligo"
"CRLF1",0.00663485072579769,NA,0.767536704730832,0.183908045977011,0.44411532354203,FALSE,"Oligo"
"FGF11",0.00662497703303924,NA,0.766721044045677,0.192903548225887,0.44411532354203,FALSE,"Oligo"
"MMP25",0.00661763244422947,NA,0.765905383360522,0.183408295852074,0.44411532354203,FALSE,"Oligo"
"CLEC2L",0.00659965851354096,NA,0.765089722675367,0.181409295352324,0.44411532354203,FALSE,"Oligo"
"SCGB3A2",0.00659738874127785,NA,0.764274061990212,0.185907046476762,0.44411532354203,FALSE,"Oligo"
"ARMH4",0.00658188814270144,NA,0.763458401305057,0.179410294852574,0.44411532354203,FALSE,"Oligo"
"TIMP1",0.00657919990541897,NA,0.762642740619902,0.136431784107946,0.44411532354203,FALSE,"Oligo"
"EFNA1",0.00655014848444524,NA,0.761827079934747,0.184407796101949,0.44411532354203,FALSE,"Oligo"
"HHIPL2",0.00654541867642176,NA,0.761011419249592,0.187906046976512,0.44411532354203,FALSE,"Oligo"
"FASLG",0.00654525396717345,NA,0.760195758564437,0.15192403798101,0.44411532354203,FALSE,"Oligo"
"PTHLH",0.00653240061172598,NA,0.759380097879282,0.166916541729135,0.44411532354203,FALSE,"Oligo"
"IFNB1",0.00651500187920304,NA,0.758564437194127,0.172913543228386,0.44411532354203,FALSE,"Oligo"
"TGFBI",0.0065136360846164,NA,0.757748776508972,0.171914042978511,0.44411532354203,FALSE,"Oligo"
"LAIR2",0.00651193917718878,NA,0.756933115823817,0.182908545727136,0.44411532354203,FALSE,"Oligo"
"NPW",0.00650067807621299,NA,0.756117455138662,0.179410294852574,0.44411532354203,FALSE,"Oligo"
"ADGRB1",0.00648093630281817,NA,0.755301794453507,0.188905547226387,0.44411532354203,FALSE,"Oligo"
"A2M",0.00647983197230866,NA,0.754486133768352,0.186906546726637,0.44411532354203,FALSE,"Oligo"
"COL4A1",0.00647929662745247,NA,0.753670473083197,0.159420289855072,0.44411532354203,FALSE,"Oligo"
"NTS",0.00647146526521865,NA,0.752854812398042,0.145427286356822,0.44411532354203,FALSE,"Oligo"
"EFNB3",0.0064603745976286,NA,0.752039151712887,0.191404297851074,0.44411532354203,FALSE,"Oligo"
"F12",0.00646009984918935,NA,0.751223491027732,0.166416791604198,0.44411532354203,FALSE,"Oligo"
"CD7",0.00645103442882158,NA,0.750407830342578,0.136931534232884,0.44411532354203,FALSE,"Oligo"
"LAMA3",0.0064324786807476,NA,0.749592169657422,0.19640179910045,0.44411532354203,FALSE,"Oligo"
"PPY",0.00643101472565885,NA,0.748776508972268,0.186906546726637,0.44411532354203,FALSE,"Oligo"
"CCL4",0.00642068932326317,NA,0.747960848287113,0.165417291354323,0.44411532354203,FALSE,"Oligo"
"DEFB106B",0.00641060330626781,NA,0.747145187601958,0.142928535732134,0.44411532354203,FALSE,"Oligo"
"CCL8",0.00640468623505985,NA,0.746329526916803,0.190404797601199,0.44411532354203,FALSE,"Oligo"
"CCL19",0.00640340764915198,NA,0.745513866231648,0.144427786106947,0.44411532354203,FALSE,"Oligo"
"CD86",0.00639907533299116,NA,0.744698205546493,0.175912043978011,0.44411532354203,FALSE,"Oligo"
"NEO1",0.0063978311183321,NA,0.743882544861338,0.188905547226387,0.44411532354203,FALSE,"Oligo"
"CCL3L1",0.00639239501279283,NA,0.743066884176183,0.152923538230885,0.44411532354203,FALSE,"Oligo"
"COL21A1",0.00639122069546676,NA,0.742251223491028,0.19240379810095,0.44411532354203,TRUE,"Oligo"
"SEMA6B",0.00637915980518354,NA,0.741435562805873,0.193403298350825,0.44411532354203,FALSE,"Oligo"
"CCL14",0.00637240757219599,NA,0.740619902120718,0.19640179910045,0.44411532354203,FALSE,"Oligo"
"NMS",0.0063594936367379,NA,0.739804241435563,0.184907546226887,0.44411532354203,FALSE,"Oligo"
"SLITRK2",0.00635753433832723,NA,0.738988580750408,0.199400299850075,0.44411532354203,FALSE,"Oligo"
"S100A8",0.00635676887344002,NA,0.738172920065253,0.196901549225387,0.44411532354203,FALSE,"Oligo"
"CCL24",0.00635491756937961,NA,0.737357259380098,0.183908045977011,0.44411532354203,FALSE,"Oligo"
"UTS2B",0.00634092998302099,NA,0.736541598694943,0.115942028985507,0.44411532354203,FALSE,"Oligo"
"SLURP1",0.00634023572489874,NA,0.735725938009788,0.186906546726637,0.44411532354203,FALSE,"Oligo"
"MPDZ",0.0063316464905043,NA,0.734910277324633,0.198900549725137,0.44411532354203,FALSE,"Oligo"
"GAS6",0.00632679916939791,NA,0.734094616639478,0.203898050974513,0.44411532354203,FALSE,"Oligo"
"FGF13",0.00632433522644856,NA,0.733278955954323,0.199900049975012,0.44411532354203,FALSE,"Oligo"
"FURIN",0.00629825865359124,NA,0.732463295269168,0.195402298850575,0.44411532354203,FALSE,"Oligo"
"COL7A1",0.00629531061319061,NA,0.731647634584013,0.195402298850575,0.44411532354203,FALSE,"Oligo"
"IBSP",0.00629157426742629,NA,0.730831973898858,0.1984007996002,0.44411532354203,FALSE,"Oligo"
"PCSK9",0.0062708884205677,NA,0.730016313213703,0.166416791604198,0.44411532354203,FALSE,"Oligo"
"IL20",0.00626500485659515,NA,0.729200652528548,0.178410794602699,0.44411532354203,FALSE,"Oligo"
"ICAM5",0.00626369670819106,NA,0.728384991843393,0.189405297351324,0.44411532354203,FALSE,"Oligo"
"ALKAL2",0.00624233874119271,NA,0.727569331158238,0.194902548725637,0.44411532354203,FALSE,"Oligo"
"SLURP2",0.00623757699933746,NA,0.726753670473083,0.19640179910045,0.44411532354203,FALSE,"Oligo"
"EFEMP1",0.00623669736834857,NA,0.725938009787928,0.198900549725137,0.44411532354203,TRUE,"Oligo"
"PDCD1LG2",0.00623105538346222,NA,0.725122349102773,0.203398300849575,0.44411532354203,FALSE,"Oligo"
"RELN",0.00622672303527057,NA,0.724306688417618,0.15592203898051,0.44411532354203,FALSE,"Oligo"
"THY1",0.00621743147389391,NA,0.723491027732463,0.195902048975512,0.44411532354203,FALSE,"Oligo"
"NPPB",0.00621394265259509,NA,0.722675367047308,0.199900049975012,0.44411532354203,FALSE,"Oligo"
"COL6A3",0.00620541166987714,NA,0.721859706362153,0.208895552223888,0.44411532354203,FALSE,"Oligo"
"LGI1",0.00619255255058777,NA,0.721044045676998,0.185407296351824,0.44411532354203,FALSE,"Oligo"
"PCDHA12",0.00618860488647121,NA,0.720228384991843,0.205897051474263,0.44411532354203,FALSE,"Oligo"
"ACE2",0.00617398832596433,NA,0.719412724306688,0.210394802598701,0.44411532354203,FALSE,"Oligo"
"SEMA3G",0.00617248805545957,NA,0.718597063621533,0.19640179910045,0.44411532354203,FALSE,"Oligo"
"SEMA6D",0.00616681316808792,NA,0.717781402936378,0.1944027986007,0.44411532354203,FALSE,"Oligo"
"CEACAM6",0.00614933859124854,NA,0.716965742251223,0.1984007996002,0.44411532354203,FALSE,"Oligo"
"MPZL3",0.0061411571209924,NA,0.716150081566069,0.2063968015992,0.44411532354203,FALSE,"Oligo"
"YARS1",0.00613775573676972,NA,0.715334420880914,0.1984007996002,0.44411532354203,FALSE,"Oligo"
"CD80",0.00613237885687403,NA,0.714518760195759,0.186906546726637,0.44411532354203,FALSE,"Oligo"
"C3",0.0061238657111291,NA,0.713703099510604,0.181409295352324,0.44411532354203,FALSE,"Oligo"
"FSTL5",0.00611637455537188,NA,0.712887438825449,0.207896051974013,0.44411532354203,FALSE,"Oligo"
"HLA-E",0.00611418531083651,NA,0.712071778140294,0.189905047476262,0.44411532354203,FALSE,"Oligo"
"BTC",0.00611064348724112,NA,0.711256117455139,0.158920539730135,0.44411532354203,FALSE,"Oligo"
"ALCAM",0.00610323364773069,NA,0.710440456769984,0.193903048475762,0.44411532354203,FALSE,"Oligo"
"KIR2DS5",0.00610005665382803,NA,0.709624796084829,0.1944027986007,0.44411532354203,FALSE,"Oligo"
"ICAM2",0.00608224964244289,NA,0.708809135399674,0.182908545727136,0.44411532354203,FALSE,"Oligo"
"CXCL11",0.00607971023202265,NA,0.707993474714519,0.168415792103948,0.44411532354203,FALSE,"Oligo"
"HLA-F",0.00607832824414267,NA,0.707177814029364,0.212393803098451,0.44411532354203,FALSE,"Oligo"
"MUC1",0.00606724454472893,NA,0.706362153344209,0.160419790104948,0.44411532354203,FALSE,"Oligo"
"LYPD6",0.00606495145605855,NA,0.705546492659054,0.207896051974013,0.44411532354203,FALSE,"Oligo"
"DSCAM",0.00606398233140205,NA,0.704730831973899,0.208895552223888,0.44411532354203,FALSE,"Oligo"
"THBS4",0.00606395409036452,NA,0.703915171288744,0.198900549725137,0.44411532354203,FALSE,"Oligo"
"PVR",0.00606147550224524,NA,0.703099510603589,0.2063968015992,0.44411532354203,FALSE,"Oligo"
"NXPH1",0.00604805440880514,NA,0.702283849918434,0.2023988005997,0.44411532354203,FALSE,"Oligo"
"LAMC3",0.00604447219016944,NA,0.701468189233279,0.165417291354323,0.44411532354203,FALSE,"Oligo"
"PSG7",0.00604125671359187,NA,0.700652528548124,0.214392803598201,0.44411532354203,FALSE,"Oligo"
"NPB",0.0060401355607421,NA,0.699836867862969,0.192903548225887,0.44411532354203,FALSE,"Oligo"
"CXCL5",0.00601222297576587,NA,0.699021207177814,0.19640179910045,0.44411532354203,FALSE,"Oligo"
"MXRA5",0.00599622436524727,NA,0.698205546492659,0.19640179910045,0.44411532354203,FALSE,"Oligo"
"SLITRK4",0.00598777562266221,NA,0.697389885807504,0.212393803098451,0.44411532354203,FALSE,"Oligo"
"CRISP2",0.00596867968029946,NA,0.696574225122349,0.208895552223888,0.44411532354203,FALSE,"Oligo"
"VCAN",0.00596436547352637,NA,0.695758564437194,0.207896051974013,0.44411532354203,FALSE,"Oligo"
"PLXNA2",0.0059488440201696,NA,0.694942903752039,0.201399300349825,0.44411532354203,FALSE,"Oligo"
"FAM3D",0.00592039305579613,NA,0.694127243066884,0.185407296351824,0.44411532354203,FALSE,"Oligo"
"PYY",0.0059160970557209,NA,0.693311582381729,0.200899550224888,0.44411532354203,FALSE,"Oligo"
"CHAD",0.00591381388032558,NA,0.692495921696574,0.190404797601199,0.44411532354203,FALSE,"Oligo"
"HLA-A",0.00589632519082167,NA,0.691680261011419,0.216891554222889,0.44411532354203,FALSE,"Oligo"
"VTCN1",0.00588674915597298,NA,0.690864600326264,0.202898550724638,0.44411532354203,FALSE,"Oligo"
"SEMA3A",0.00588527417634662,NA,0.690048939641109,0.194902548725637,0.44411532354203,FALSE,"Oligo"
"VEGFD",0.00588303771624407,NA,0.689233278955954,0.194902548725637,0.44411532354203,FALSE,"Oligo"
"IGFBP3",0.00588181315022955,NA,0.688417618270799,0.20439780109945,0.44411532354203,FALSE,"Oligo"
"COL6A2",0.00586727188597652,NA,0.687601957585644,0.212893553223388,0.44411532354203,FALSE,"Oligo"
"AMELY",0.005855450506197,NA,0.686786296900489,0.214892553723138,0.44411532354203,FALSE,"Oligo"
"APOC2",0.00585300062174921,NA,0.685970636215334,0.218390804597701,0.44411532354203,FALSE,"Oligo"
"LY6G6F",0.00584755890949702,NA,0.685154975530179,0.214392803598201,0.44411532354203,FALSE,"Oligo"
"XCL1",0.00583433089151477,NA,0.684339314845024,0.217891054472764,0.44411532354203,FALSE,"Oligo"
"VEGFB",0.00582149581882124,NA,0.683523654159869,0.197901049475262,0.44411532354203,FALSE,"Oligo"
"NRP1",0.00581863850887696,NA,0.682707993474715,0.178910544727636,0.44411532354203,FALSE,"Oligo"
"LUM",0.00581787984996823,NA,0.68189233278956,0.211894052973513,0.44411532354203,FALSE,"Oligo"
"COLQ",0.00581449840545836,NA,0.681076672104405,0.200899550224888,0.44411532354203,FALSE,"Oligo"
"CD300A",0.00580731015384642,NA,0.68026101141925,0.215892053973014,0.44411532354203,FALSE,"Oligo"
"ANGPTL5",0.00579822094093464,NA,0.679445350734095,0.213393303348326,0.44411532354203,FALSE,"Oligo"
"TPSB2",0.00577458007743797,NA,0.67862969004894,0.222888555722139,0.44411532354203,FALSE,"Oligo"
"ADAM9",0.00577385146245303,NA,0.677814029363785,0.190404797601199,0.44411532354203,FALSE,"Oligo"
"MELTF",0.00576995473783304,NA,0.67699836867863,0.1944027986007,0.44411532354203,FALSE,"Oligo"
"LGI3",0.00576631559457499,NA,0.676182707993475,0.221389305347326,0.44411532354203,FALSE,"Oligo"
"CCL17",0.00576425538879851,NA,0.67536704730832,0.211394302848576,0.44411532354203,FALSE,"Oligo"
"NPS",0.00576280397173403,NA,0.674551386623165,0.216391804097951,0.44411532354203,FALSE,"Oligo"
"MMP9",0.00575324400212836,NA,0.67373572593801,0.163418290854573,0.44411532354203,FALSE,"Oligo"
"NPPA",0.0057493026278015,NA,0.672920065252855,0.182908545727136,0.44411532354203,FALSE,"Oligo"
"LAMB3",0.00574852077868372,NA,0.6721044045677,0.213893053473263,0.44411532354203,FALSE,"Oligo"
"BTN1A1",0.00574811951807343,NA,0.671288743882545,0.212893553223388,0.44411532354203,FALSE,"Oligo"
"PRSS3",0.00572465098187919,NA,0.67047308319739,0.210894552723638,0.44411532354203,FALSE,"Oligo"
"COL4A4",0.00571855929317025,NA,0.669657422512235,0.195402298850575,0.44411532354203,FALSE,"Oligo"
"HLA-B",0.00571444606371485,NA,0.66884176182708,0.220889555222389,0.44411532354203,FALSE,"Oligo"
"SLAMF6",0.00569800347927571,NA,0.668026101141925,0.222388805597201,0.44411532354203,FALSE,"Oligo"
"HLA-G",0.00569516521221795,NA,0.66721044045677,0.191404297851074,0.44411532354203,FALSE,"Oligo"
"GGT1",0.00566917443484051,NA,0.666394779771615,0.221889055472264,0.44411532354203,FALSE,"Oligo"
"NCAM1",0.0056685040019568,NA,0.66557911908646,0.215392303848076,0.44411532354203,FALSE,"Oligo"
"NXPH2",0.00566409790001701,NA,0.664763458401305,0.220889555222389,0.44411532354203,FALSE,"Oligo"
"SI",0.00565743673553494,NA,0.66394779771615,0.198900549725137,0.44411532354203,FALSE,"Oligo"
"GPHA2",0.00565577465629296,NA,0.663132137030995,0.227886056971514,0.44411532354203,FALSE,"Oligo"
"SEMA3D",0.00563130666024072,NA,0.66231647634584,0.216891554222889,0.44411532354203,TRUE,"Oligo"
"CCL22",0.00561953149431116,NA,0.661500815660685,0.218890554722639,0.44411532354203,FALSE,"Oligo"
"SLITRK5",0.00561844612609278,NA,0.66068515497553,0.218890554722639,0.44411532354203,FALSE,"Oligo"
"COL1A2",0.00561838091294765,NA,0.659869494290375,0.225387306346827,0.44411532354203,FALSE,"Oligo"
"IL34",0.00561696735640864,NA,0.65905383360522,0.214892553723138,0.44411532354203,FALSE,"Oligo"
"NRXN3",0.00561641847347227,NA,0.658238172920065,0.222888555722139,0.44411532354203,FALSE,"Oligo"
"GPC3",0.00559852297352824,NA,0.65742251223491,0.219390304847576,0.44411532354203,FALSE,"Oligo"
"FGL1",0.00559771060747881,NA,0.656606851549755,0.219390304847576,0.44411532354203,FALSE,"Oligo"
"DEFB103B",0.00558029068049723,NA,0.6557911908646,0.215392303848076,0.44411532354203,FALSE,"Oligo"
"ERFE",0.00555386288449779,NA,0.654975530179445,0.218890554722639,0.44411532354203,FALSE,"Oligo"
"COL3A1",0.00554875081456347,NA,0.65415986949429,0.224887556221889,0.44411532354203,FALSE,"Oligo"
"EFNA3",0.00554461989357827,NA,0.653344208809135,0.218890554722639,0.44411532354203,FALSE,"Oligo"
"CCL15",0.00554392532132307,NA,0.65252854812398,0.166916541729135,0.44411532354203,FALSE,"Oligo"
"CTSG",0.00554036263221108,NA,0.651712887438825,0.210394802598701,0.44411532354203,FALSE,"Oligo"
"CSH2",0.0055401727732483,NA,0.65089722675367,0.197901049475262,0.44411532354203,FALSE,"Oligo"
"APELA",0.00552917190573344,NA,0.650081566068516,0.215392303848076,0.44411532354203,FALSE,"Oligo"
"TMEM190",0.00551677511650871,NA,0.64926590538336,0.224887556221889,0.44411532354203,FALSE,"Oligo"
"TNFSF13B",0.00551572316790255,NA,0.648450244698206,0.170414792603698,0.44411532354203,FALSE,"Oligo"
"HCRT",0.00551374331970322,NA,0.647634584013051,0.207896051974013,0.44411532354203,FALSE,"Oligo"
"COL4A3",0.00550509123310128,NA,0.646818923327896,0.233883058470765,0.44411532354203,FALSE,"Oligo"
"FGF21",0.00550467705221024,NA,0.646003262642741,0.171414292853573,0.44411532354203,FALSE,"Oligo"
"CSHL1",0.00549384357456142,NA,0.645187601957586,0.219890054972514,0.44411532354203,FALSE,"Oligo"
"SFTPA1",0.00549285550136331,NA,0.644371941272431,0.193403298350825,0.44411532354203,FALSE,"Oligo"
"CD79B",0.00549112876613305,NA,0.643556280587276,0.235382308845577,0.44411532354203,FALSE,"Oligo"
"MAG",0.00548835639359453,NA,0.642740619902121,0.227386306846577,0.44411532354203,FALSE,"Oligo"
"GAL",0.00548395772131645,NA,0.641924959216966,0.15992003998001,0.44411532354203,FALSE,"Oligo"
"VSIG4",0.00547612003847997,NA,0.641109298531811,0.231384307846077,0.44411532354203,FALSE,"Oligo"
"LAYN",0.00547026200951556,NA,0.640293637846656,0.230384807596202,0.44411532354203,FALSE,"Oligo"
"SERPINC1",0.00546757769540066,NA,0.639477977161501,0.211894052973513,0.44411532354203,FALSE,"Oligo"
"EDIL3",0.00546444070516286,NA,0.638662316476346,0.232383808095952,0.44411532354203,FALSE,"Oligo"
"CD40LG",0.00546309421657888,NA,0.637846655791191,0.126936531734133,0.44411532354203,FALSE,"Oligo"
"TSPAN5",0.0054621418429932,NA,0.637030995106036,0.230884557721139,0.44411532354203,FALSE,"Oligo"
"LACRT",0.00546045363682364,NA,0.636215334420881,0.233883058470765,0.44411532354203,FALSE,"Oligo"
"SNX14",0.00545946923653461,NA,0.635399673735726,0.232383808095952,0.44411532354203,FALSE,"Oligo"
"NDP",0.00545765033754177,NA,0.634584013050571,0.225887056471764,0.44411532354203,FALSE,"Oligo"
"DMP1",0.00544332312995924,NA,0.633768352365416,0.233883058470765,0.44411532354203,FALSE,"Oligo"
"SCGB1A1",0.00543608718353606,NA,0.632952691680261,0.24087956021989,0.44411532354203,FALSE,"Oligo"
"COL4A2",0.0054320060613765,NA,0.632137030995106,0.213893053473263,0.44411532354203,TRUE,"Oligo"
"CD55",0.0054153050120889,NA,0.631321370309951,0.218890554722639,0.44411532354203,FALSE,"Oligo"
"CCL3L3",0.00540907687177126,NA,0.630505709624796,0.180909545227386,0.44411532354203,FALSE,"Oligo"
"LGALS9",0.00539934036566469,NA,0.629690048939641,0.219890054972514,0.44411532354203,TRUE,"Oligo"
"PGF",0.00538318242837951,NA,0.628874388254486,0.164417791104448,0.44411532354203,FALSE,"Oligo"
"HPX",0.00538005006382883,NA,0.628058727569331,0.231384307846077,0.44411532354203,FALSE,"Oligo"
"EFNB1",0.00536660323419837,NA,0.627243066884176,0.231384307846077,0.44411532354203,FALSE,"Oligo"
"KLRA1P",0.00535419091250293,NA,0.626427406199021,0.225387306346827,0.44411532354203,FALSE,"Oligo"
"CXCL10",0.00534871234207985,NA,0.625611745513866,0.204897551224388,0.44411532354203,FALSE,"Oligo"
"SIGLEC5",0.00533967525854124,NA,0.624796084828711,0.237381309345327,0.44411532354203,FALSE,"Oligo"
"LRRTM2",0.00533839179581832,NA,0.623980424143556,0.24287856071964,0.44411532354203,FALSE,"Oligo"
"PROC",0.00533594576130049,NA,0.623164763458401,0.231384307846077,0.44411532354203,FALSE,"Oligo"
"PGLYRP1",0.00532886376019825,NA,0.622349102773246,0.23888055972014,0.44411532354203,FALSE,"Oligo"
"APOC3",0.00532836642572818,NA,0.621533442088091,0.212393803098451,0.44411532354203,FALSE,"Oligo"
"PSG5",0.00532495803158992,NA,0.620717781402936,0.213393303348326,0.44411532354203,FALSE,"Oligo"
"SIGLEC8",0.00532412160445518,NA,0.619902120717781,0.237881059470265,0.44411532354203,FALSE,"Oligo"
"GALP",0.00531756453756679,NA,0.619086460032626,0.233883058470765,0.44411532354203,FALSE,"Oligo"
"AMELX",0.0053148733957366,NA,0.618270799347471,0.227886056971514,0.44411532354203,FALSE,"Oligo"
"PTPRK",0.00531441856701346,NA,0.617455138662316,0.247376311844078,0.44411532354203,FALSE,"Oligo"
"MMP12",0.00531359619583211,NA,0.616639477977161,0.231384307846077,0.44411532354203,FALSE,"Oligo"
"LAMA5",0.00530990775438092,NA,0.615823817292007,0.243378310844578,0.44411532354203,FALSE,"Oligo"
"JAM3",0.00530839277472392,NA,0.615008156606852,0.228385807096452,0.44411532354203,FALSE,"Oligo"
"SERPINA5",0.0053058279084828,NA,0.614192495921697,0.247376311844078,0.44411532354203,FALSE,"Oligo"
"MSMB",0.00529980152360819,NA,0.613376835236542,0.230884557721139,0.44411532354203,FALSE,"Oligo"
"IGSF11",0.00529861243451835,NA,0.612561174551387,0.223888055972014,0.44411532354203,FALSE,"Oligo"
"IL18BP",0.00529468206314999,NA,0.611745513866232,0.224387806096952,0.44411532354203,FALSE,"Oligo"
"INHBE",0.00529362688684179,NA,0.610929853181077,0.225387306346827,0.44411532354203,FALSE,"Oligo"
"IHH",0.00528990155440185,NA,0.610114192495922,0.189905047476262,0.44411532354203,FALSE,"Oligo"
"CCL4L1",0.00528300479920522,NA,0.609298531810767,0.238380809595202,0.44411532354203,FALSE,"Oligo"
"PSG6",0.00528210992436712,NA,0.608482871125612,0.234382808595702,0.44411532354203,FALSE,"Oligo"
"IL16",0.00527829628193601,NA,0.607667210440457,0.221389305347326,0.44411532354203,FALSE,"Oligo"
"L1CAM",0.00527812243456624,NA,0.606851549755302,0.220889555222389,0.44411532354203,FALSE,"Oligo"
"CNTN4",0.00527111330616626,NA,0.606035889070147,0.239380309845077,0.44411532354203,FALSE,"Oligo"
"ADAM20",0.00525680094293732,NA,0.605220228384992,0.229385307346327,0.44411532354203,FALSE,"Oligo"
"C10orf99",0.00524263841327692,NA,0.604404567699837,0.233883058470765,0.44411532354203,FALSE,"Oligo"
"C1QA",0.00524192786666225,NA,0.603588907014682,0.1944027986007,0.44411532354203,FALSE,"Oligo"
"FCAR",0.00523804923416149,NA,0.602773246329527,0.226386806596702,0.44411532354203,FALSE,"Oligo"
"HSPG2",0.00522170227475151,NA,0.601957585644372,0.216891554222889,0.44411532354203,FALSE,"Oligo"
"LRFN5",0.00522146687372942,NA,0.601141924959217,0.24487756121939,0.44411532354203,FALSE,"Oligo"
"EDN2",0.00521302638669248,NA,0.600326264274062,0.204897551224388,0.44411532354203,FALSE,"Oligo"
"PTGS2",0.00521255984417428,NA,0.599510603588907,0.232383808095952,0.44411532354203,FALSE,"Oligo"
"LIN7B",0.00521214764988371,NA,0.598694942903752,0.236381809095452,0.44411532354203,FALSE,"Oligo"
"ITGB1",0.00521063820546261,NA,0.597879282218597,0.214392803598201,0.44411532354203,FALSE,"Oligo"
"PRLH",0.00519951209944843,NA,0.597063621533442,0.247876061969015,0.44411532354203,FALSE,"Oligo"
"CCN1",0.00518831778053034,NA,0.596247960848287,0.207896051974013,0.44411532354203,FALSE,"Oligo"
"CXCL17",0.00518629525589473,NA,0.595432300163132,0.229385307346327,0.44411532354203,FALSE,"Oligo"
"KIR2DS3",0.00518500942155161,NA,0.594616639477977,0.247876061969015,0.44411532354203,FALSE,"Oligo"
"NID2",0.00518028783195685,NA,0.593800978792822,0.23888055972014,0.44411532354203,FALSE,"Oligo"
"SCGB3A1",0.00517968655236352,NA,0.592985318107667,0.239380309845077,0.44411532354203,FALSE,"Oligo"
"LEAP2",0.00515523077446167,NA,0.592169657422512,0.213393303348326,0.44411532354203,FALSE,"Oligo"
"CA12",0.0051530309851427,NA,0.591353996737357,0.241879060469765,0.44411532354203,FALSE,"Oligo"
"MANSC1",0.0051508907001803,NA,0.590538336052202,0.24287856071964,0.44411532354203,FALSE,"Oligo"
"CALM1",0.00513945949269817,NA,0.589722675367047,0.210394802598701,0.44411532354203,FALSE,"Oligo"
"EFNB2",0.00513742262401419,NA,0.588907014681892,0.247876061969015,0.44411532354203,FALSE,"Oligo"
"CLDN19",0.00512565311730848,NA,0.588091353996737,0.244377811094453,0.44411532354203,FALSE,"Oligo"
"CCL16",0.0051210551773433,NA,0.587275693311582,0.211894052973513,0.44411532354203,FALSE,"Oligo"
"PTH2",0.00510713035045825,NA,0.586460032626427,0.235382308845577,0.44411532354203,FALSE,"Oligo"
"SIGLEC12",0.00510475457619866,NA,0.585644371941272,0.241379310344828,0.44411532354203,FALSE,"Oligo"
"INSL3",0.00509035565929052,NA,0.584828711256117,0.238380809595202,0.44411532354203,FALSE,"Oligo"
"TNFSF12",0.00508683647480828,NA,0.584013050570963,0.186406796601699,0.44411532354203,FALSE,"Oligo"
"ITGB2",0.00508489335089853,NA,0.583197389885807,0.220889555222389,0.44411532354203,FALSE,"Oligo"
"B2M",0.00505822833862397,NA,0.582381729200653,0.206896551724138,0.44411532354203,FALSE,"Oligo"
"SEMA6C",0.00505439630037741,NA,0.581566068515498,0.248875562218891,0.44411532354203,FALSE,"Oligo"
"C4B_2",0.00505385432726038,NA,0.580750407830343,0.255872063968016,0.44411532354203,FALSE,"Oligo"
"NRTN",0.00505299392582068,NA,0.579934747145188,0.238380809595202,0.44411532354203,FALSE,"Oligo"
"HLA-DOB",0.00504149133581848,NA,0.579119086460033,0.230884557721139,0.44411532354203,FALSE,"Oligo"
"PATJ",0.00503736125573449,NA,0.578303425774878,0.245377311344328,0.44411532354203,FALSE,"Oligo"
"CXCL9",0.00503107917924376,NA,0.577487765089723,0.202898550724638,0.44411532354203,FALSE,"Oligo"
"MUC7",0.00502583257099711,NA,0.576672104404568,0.253373313343328,0.44411532354203,FALSE,"Oligo"
"SIRPG",0.00502518087351794,NA,0.575856443719413,0.234382808595702,0.44411532354203,FALSE,"Oligo"
"CER1",0.00501999978963462,NA,0.575040783034258,0.243878060969515,0.44411532354203,FALSE,"Oligo"
"SEMA4C",0.00501979709031,NA,0.574225122349103,0.242378810594703,0.44411532354203,FALSE,"Oligo"
"BTNL8",0.00501475764864836,NA,0.573409461663948,0.251374312843578,0.44411532354203,FALSE,"Oligo"
"AGRP",0.00501090081052851,NA,0.572593800978793,0.225887056471764,0.44411532354203,FALSE,"Oligo"
"KIAA0319L",0.00500330902711871,NA,0.571778140293638,0.250874562718641,0.44411532354203,FALSE,"Oligo"
"CD44",0.00500137891594064,NA,0.570962479608483,0.2063968015992,0.44411532354203,FALSE,"Oligo"
"ALOX5AP",0.00500092894709235,NA,0.570146818923328,0.250374812593703,0.44411532354203,FALSE,"Oligo"
"CCL4L2",0.00499173583281894,NA,0.569331158238173,0.203398300849575,0.44411532354203,FALSE,"Oligo"
"PROK1",0.00499129412978354,NA,0.568515497553018,0.120939530234883,0.44411532354203,FALSE,"Oligo"
"COL19A1",0.00498485315750433,NA,0.567699836867863,0.250874562718641,0.44411532354203,FALSE,"Oligo"
"NETO2",0.00498170206610581,NA,0.566884176182708,0.248875562218891,0.44411532354203,FALSE,"Oligo"
"NTM",0.00497725028709,NA,0.566068515497553,0.252373813093453,0.44411532354203,FALSE,"Oligo"
"NCR2",0.00497524555498172,NA,0.565252854812398,0.254872563718141,0.44411532354203,FALSE,"Oligo"
"NXPH3",0.00497440673961328,NA,0.564437194127243,0.246376811594203,0.44411532354203,FALSE,"Oligo"
"MADCAM1",0.00495856918489112,NA,0.563621533442088,0.227386306846577,0.44411532354203,FALSE,"Oligo"
"GDF3",0.00495754649883946,NA,0.562805872756933,0.245377311344328,0.44411532354203,FALSE,"Oligo"
"TMPRSS6",0.00495636287130043,NA,0.561990212071778,0.255372313843078,0.44411532354203,FALSE,"Oligo"
"ARF1",0.00494681685347871,NA,0.561174551386623,0.252873563218391,0.44411532354203,FALSE,"Oligo"
"CXCL13",0.00494048000823862,NA,0.560358890701468,0.199400299850075,0.44411532354203,FALSE,"Oligo"
"CEL",0.00492610521348731,NA,0.559543230016313,0.195402298850575,0.44411532354203,FALSE,"Oligo"
"INHA",0.00492485911449107,NA,0.558727569331158,0.252873563218391,0.44411532354203,FALSE,"Oligo"
"MBL2",0.00491691675007017,NA,0.557911908646003,0.243378310844578,0.44411532354203,FALSE,"Oligo"
"SCT",0.00491331416487226,NA,0.557096247960848,0.222888555722139,0.44411532354203,FALSE,"Oligo"
"COL4A5",0.00489723540044802,NA,0.556280587275693,0.255872063968016,0.44411532354203,FALSE,"Oligo"
"S100A9",0.00489344181571135,NA,0.555464926590538,0.23288355822089,0.44411532354203,FALSE,"Oligo"
"CCL20",0.00489263591366238,NA,0.554649265905383,0.219390304847576,0.44411532354203,FALSE,"Oligo"
"VTN",0.00486822403812437,NA,0.553833605220228,0.225387306346827,0.44411532354203,FALSE,"Oligo"
"OGN",0.00486322140693309,NA,0.553017944535073,0.248375812093953,0.44411532354203,FALSE,"Oligo"
"SEMA7A",0.00485939721458609,NA,0.552202283849918,0.241379310344828,0.44411532354203,FALSE,"Oligo"
"LGALS1",0.00485734291656754,NA,0.551386623164764,0.186406796601699,0.44411532354203,FALSE,"Oligo"
"NTNG1",0.00484347962791351,NA,0.550570962479608,0.24687656171914,0.44411532354203,FALSE,"Oligo"
"S100B",0.00484236027247377,NA,0.549755301794454,0.189405297351324,0.44411532354203,FALSE,"Oligo"
"LGALS3BP",0.00484217556859573,NA,0.548939641109298,0.238380809595202,0.44411532354203,FALSE,"Oligo"
"BTLA",0.00484023213907651,NA,0.548123980424144,0.251874062968516,0.44411532354203,FALSE,"Oligo"
"CCL26",0.00483537632376917,NA,0.547308319738989,0.225387306346827,0.44411532354203,FALSE,"Oligo"
"FGF7",0.00483445106258269,NA,0.546492659053834,0.180909545227386,0.44411532354203,FALSE,"Oligo"
"COL9A1",0.004828188254142,NA,0.545676998368679,0.216891554222889,0.44411532354203,FALSE,"Oligo"
"COL17A1",0.00481618776108199,NA,0.544861337683524,0.213893053473263,0.44411532354203,FALSE,"Oligo"
"XCL2",0.0048038640054013,NA,0.544045676998369,0.250874562718641,0.44411532354203,FALSE,"Oligo"
"SEMA3E",0.00479611240464323,NA,0.543230016313214,0.263868065967017,0.44411532354203,FALSE,"Oligo"
"VGF",0.0047948079523973,NA,0.542414355628059,0.248875562218891,0.44411532354203,FALSE,"Oligo"
"COMP",0.00478900028652926,NA,0.541598694942904,0.245377311344328,0.44411532354203,FALSE,"Oligo"
"ITGA4",0.00477870064175061,NA,0.540783034257749,0.257371314342829,0.44411532354203,FALSE,"Oligo"
"CCK",0.00476903178976331,NA,0.539967373572594,0.195402298850575,0.44411532354203,FALSE,"Oligo"
"CORIN",0.00476768882234274,NA,0.539151712887439,0.260369815092454,0.44411532354203,FALSE,"Oligo"
"COL11A2",0.00475891699853962,NA,0.538336052202284,0.235382308845577,0.44411532354203,FALSE,"Oligo"
"LEFTY1",0.00475733948844801,NA,0.537520391517129,0.240379810094953,0.44411532354203,FALSE,"Oligo"
"ENPP1",0.00473898973175726,NA,0.536704730831974,0.264367816091954,0.44411532354203,FALSE,"Oligo"
"BMP10",0.00473245079595603,NA,0.535889070146819,0.255372313843078,0.44411532354203,FALSE,"Oligo"
"ADM2",0.00472733964422508,NA,0.535073409461664,0.256871564217891,0.44411532354203,FALSE,"Oligo"
"HAPLN1",0.00472207104941485,NA,0.534257748776509,0.252873563218391,0.44411532354203,FALSE,"Oligo"
"SELE",0.00471965766654844,NA,0.533442088091354,0.235382308845577,0.44411532354203,FALSE,"Oligo"
"GUCY2D",0.00471748597373038,NA,0.532626427406199,0.240379810094953,0.44411532354203,FALSE,"Oligo"
"PAEP",0.00469599965606891,NA,0.531810766721044,0.261869065467266,0.44411532354203,FALSE,"Oligo"
"COL6A1",0.00469517423243748,NA,0.530995106035889,0.223388305847076,0.44411532354203,FALSE,"Oligo"
"MPZ",0.00469240161676806,NA,0.530179445350734,0.267366316841579,0.44411532354203,FALSE,"Oligo"
"DUSP18",0.00469037670017297,NA,0.529363784665579,0.258370814592704,0.44411532354203,FALSE,"Oligo"
"SEMA5B",0.00468213278346862,NA,0.528548123980424,0.263868065967017,0.44411532354203,FALSE,"Oligo"
"ARTN",0.00467679911198139,NA,0.527732463295269,0.243878060969515,0.44411532354203,FALSE,"Oligo"
"SLITRK6",0.00466967048545272,NA,0.526916802610114,0.257371314342829,0.44411532354203,FALSE,"Oligo"
"SEMA3C",0.00466640273212393,NA,0.526101141924959,0.262368815592204,0.44411532354203,FALSE,"Oligo"
"COL5A1",0.00465955837610654,NA,0.525285481239804,0.212393803098451,0.44411532354203,FALSE,"Oligo"
"PODXL",0.0046477098854182,NA,0.524469820554649,0.257871064467766,0.44411532354203,FALSE,"Oligo"
"APOB",0.00464317378835075,NA,0.523654159869494,0.264867566216892,0.44411532354203,FALSE,"Oligo"
"CD28",0.00463664421682171,NA,0.522838499184339,0.188405797101449,0.44411532354203,FALSE,"Oligo"
"MMP14",0.00463518957281008,NA,0.522022838499184,0.249375312343828,0.44411532354203,FALSE,"Oligo"
"FLT3LG",0.00462927493385028,NA,0.521207177814029,0.23488255872064,0.44411532354203,FALSE,"Oligo"
"CD1B",0.00462707455974952,NA,0.520391517128874,0.270364817591204,0.44411532354203,FALSE,"Oligo"
"COL2A1",0.00462168524260092,NA,0.519575856443719,0.215892053973014,0.44411532354203,FALSE,"Oligo"
"OXT",0.00460814009458732,NA,0.518760195758564,0.249375312343828,0.44411532354203,FALSE,"Oligo"
"NECTIN1",0.00460608878355129,NA,0.517944535073409,0.267366316841579,0.44411532354203,FALSE,"Oligo"
"SIRPB2",0.00459551446270871,NA,0.517128874388255,0.260869565217391,0.44411532354203,FALSE,"Oligo"
"EFNA4",0.00459460409289387,NA,0.516313213703099,0.223888055972014,0.44411532354203,FALSE,"Oligo"
"CCL5",0.00458665031229787,NA,0.515497553017945,0.172913543228386,0.44411532354203,FALSE,"Oligo"
"HLA-DMB",0.00457947451288476,NA,0.51468189233279,0.240379810094953,0.44411532354203,FALSE,"Oligo"
"HLA-DRA",0.00457769213408699,NA,0.513866231647635,0.253873063468266,0.44411532354203,FALSE,"Oligo"
"LRIT2",0.00457546636703646,NA,0.51305057096248,0.255372313843078,0.44411532354203,FALSE,"Oligo"
"PLG",0.00457373661182324,NA,0.512234910277325,0.226886556721639,0.44411532354203,FALSE,"Oligo"
"AMH",0.00456286452852923,NA,0.51141924959217,0.256371814092954,0.44411532354203,FALSE,"Oligo"
"IFNL1",0.00455540064561024,NA,0.510603588907015,0.213893053473263,0.44411532354203,FALSE,"Oligo"
"BMP1",0.00455387296804909,NA,0.50978792822186,0.255872063968016,0.44411532354203,FALSE,"Oligo"
"PAPLN",0.00455106183436633,NA,0.508972267536705,0.254872563718141,0.44411532354203,FALSE,"Oligo"
"MMP26",0.00454234050780028,NA,0.50815660685155,0.256871564217891,0.44411532354203,FALSE,"Oligo"
"CFD",0.00453126382049778,NA,0.507340946166395,0.267866066966517,0.44411532354203,FALSE,"Oligo"
"CORT",0.00452705686328586,NA,0.50652528548124,0.224387806096952,0.44411532354203,FALSE,"Oligo"
"CGB7",0.00452548607540848,NA,0.505301794453507,0.259870064967516,0.44411532354203,FALSE,"Oligo"
"LOC101059948",0.00452548607540848,NA,0.505301794453507,0.259870064967516,0.44411532354203,FALSE,"Oligo"
"TNXB",0.00452475492267337,NA,0.504078303425775,0.258870564717641,0.44411532354203,FALSE,"Oligo"
"SLIT3",0.00452194875942494,NA,0.50326264274062,0.264867566216892,0.44411532354203,FALSE,"Oligo"
"CD38",0.00450529076463936,NA,0.502446982055465,0.237381309345327,0.44411532354203,FALSE,"Oligo"
"FCN2",0.0044859108257632,NA,0.50163132137031,0.232383808095952,0.44411532354203,FALSE,"Oligo"
"ITGAM",0.00448480015635855,NA,0.500815660685155,0.248875562218891,0.44411532354203,FALSE,"Oligo"
"TFPI",0.00447335430546405,NA,0.5,0.215892053973014,0.44411532354203,FALSE,"Oligo"
"HAS1",0.00447266289566235,NA,0.499184339314845,0.254372813593203,0.44411532354203,FALSE,"Oligo"
"DSC2",0.00446517894842675,NA,0.49836867862969,0.275862068965517,0.44411532354203,FALSE,"Oligo"
"FCN1",0.00446130742505297,NA,0.497553017944535,0.276861569215392,0.44411532354203,FALSE,"Oligo"
"KIRREL1",0.0044583531845434,NA,0.49673735725938,0.273863068465767,0.44411532354203,FALSE,"Oligo"
"ADAM23",0.00445585203387736,NA,0.495921696574225,0.274862568715642,0.44411532354203,FALSE,"Oligo"
"COL1A1",0.00444971385860428,NA,0.49510603588907,0.227886056971514,0.44411532354203,FALSE,"Oligo"
"PSPN",0.0044452531515906,NA,0.494290375203915,0.241379310344828,0.44411532354203,FALSE,"Oligo"
"HP",0.0044437330303796,NA,0.49347471451876,0.281859070464768,0.44411532354203,FALSE,"Oligo"
"SEMA3B",0.00444116060916806,NA,0.492659053833605,0.254372813593203,0.44411532354203,FALSE,"Oligo"
"PCDHA4",0.00444102886252703,NA,0.49184339314845,0.265867066466767,0.44411532354203,FALSE,"Oligo"
"VSIR",0.00443819013784249,NA,0.491027732463295,0.262368815592204,0.44411532354203,FALSE,"Oligo"
"NPHS1",0.00443660734507841,NA,0.49021207177814,0.225887056471764,0.44411532354203,FALSE,"Oligo"
"LIPH",0.00442512398338249,NA,0.489396411092985,0.269865067466267,0.44411532354203,FALSE,"Oligo"
"LAMC1",0.00442208430510529,NA,0.48858075040783,0.261869065467266,0.44411532354203,FALSE,"Oligo"
"TARM1",0.00441030423954421,NA,0.487765089722675,0.264367816091954,0.44411532354203,FALSE,"Oligo"
"LCN1",0.0044046053960576,NA,0.48694942903752,0.282358820589705,0.44411532354203,FALSE,"Oligo"
"BMP6",0.00440422987451033,NA,0.486133768352365,0.240379810094953,0.44411532354203,FALSE,"Oligo"
"SERPINE1",0.00439659702294988,NA,0.48531810766721,0.269365317341329,0.44411532354203,TRUE,"Oligo"
"CXCL16",0.00438133939489106,NA,0.484502446982055,0.20039980009995,0.44411532354203,FALSE,"Oligo"
"GP5",0.00437253139202013,NA,0.4836867862969,0.275862068965517,0.44411532354203,FALSE,"Oligo"
"CCL21",0.00436988697536363,NA,0.482871125611745,0.187906046976512,0.44411532354203,FALSE,"Oligo"
"SFTPD",0.00436633943140541,NA,0.482055464926591,0.235382308845577,0.44411532354203,FALSE,"Oligo"
"DEFB4A",0.00436587651391112,NA,0.481239804241436,0.274362818590705,0.44411532354203,FALSE,"Oligo"
"SFRP2",0.00435899235876028,NA,0.480424143556281,0.262868565717141,0.44411532354203,FALSE,"Oligo"
"MMP13",0.00434269391103616,NA,0.479608482871126,0.278860569715142,0.44411532354203,FALSE,"Oligo"
"FBLN1",0.00433785839341703,NA,0.478792822185971,0.268365817091454,0.44411532354203,FALSE,"Oligo"
"WNT3A",0.00432980124919184,NA,0.477977161500816,0.239880059970015,0.44411532354203,FALSE,"Oligo"
"PECAM1",0.0043278963017645,NA,0.477161500815661,0.245377311344328,0.44411532354203,FALSE,"Oligo"
"CRHR2",0.0043230260355313,NA,0.476345840130506,0.23888055972014,0.44411532354203,FALSE,"Oligo"
"CFH",0.00432266251915912,NA,0.475530179445351,0.273863068465767,0.44411532354203,FALSE,"Oligo"
"HLA-DOA",0.0043198339653251,NA,0.474714518760196,0.278860569715142,0.44411532354203,FALSE,"Oligo"
"BGN",0.00431638047732508,NA,0.473898858075041,0.235382308845577,0.44411532354203,FALSE,"Oligo"
"ADAM29",0.00430864738461627,NA,0.473083197389886,0.267366316841579,0.44411532354203,FALSE,"Oligo"
"SERPINF1",0.00430820936691718,NA,0.472267536704731,0.243878060969515,0.44411532354203,FALSE,"Oligo"
"FAT4",0.00430693073210865,NA,0.471451876019576,0.270864567716142,0.44411532354203,FALSE,"Oligo"
"STX1A",0.00425879558871489,NA,0.470636215334421,0.251374312843578,0.44411532354203,FALSE,"Oligo"
"DEFB1",0.00424921394345864,NA,0.469820554649266,0.277861069465267,0.44411532354203,FALSE,"Oligo"
"ULBP3",0.00424109773332509,NA,0.469004893964111,0.281859070464768,0.44411532354203,FALSE,"Oligo"
"CALM3",0.00424072286291595,NA,0.468189233278956,0.252873563218391,0.44411532354203,FALSE,"Oligo"
"NPPC",0.00423276030656149,NA,0.467373572593801,0.286356821589205,0.44411532354203,FALSE,"Oligo"
"UXS1",0.00422938470083218,NA,0.466557911908646,0.276361819090455,0.44411532354203,FALSE,"Oligo"
"MPIG6B",0.00422653480114211,NA,0.465742251223491,0.282358820589705,0.44411532354203,FALSE,"Oligo"
"MICA",0.0042176288224453,NA,0.464926590538336,0.279860069965017,0.44411532354203,FALSE,"Oligo"
"OLFM2",0.00421724046801952,NA,0.464110929853181,0.287856071964018,0.44411532354203,FALSE,"Oligo"
"GIP",0.00421394861476279,NA,0.463295269168026,0.227386306846577,0.44411532354203,FALSE,"Oligo"
"HRG",0.00421297121774668,NA,0.462479608482871,0.267366316841579,0.44411532354203,FALSE,"Oligo"
"COL8A2",0.0042117812342175,NA,0.461663947797716,0.251374312843578,0.44411532354203,FALSE,"Oligo"
"NPY",0.00420588343037093,NA,0.460848287112561,0.220889555222389,0.44411532354203,FALSE,"Oligo"
"PRND",0.00420102869586366,NA,0.460032626427406,0.282858570714643,0.44411532354203,FALSE,"Oligo"
"HMGB1",0.00419344799911838,NA,0.459216965742251,0.248875562218891,0.44411532354203,FALSE,"Oligo"
"COL16A1",0.00419097492422424,NA,0.458401305057096,0.226386806596702,0.44411532354203,FALSE,"Oligo"
"AHSG",0.00418700486903555,NA,0.457585644371941,0.283858070964518,0.44411532354203,FALSE,"Oligo"
"CD58",0.00418183248708196,NA,0.456769983686786,0.278360819590205,0.44411532354203,FALSE,"Oligo"
"CD14",0.00418045747493595,NA,0.455954323001631,0.251874062968516,0.44411532354203,FALSE,"Oligo"
"APOE",0.00417612125597609,NA,0.455138662316476,0.246376811594203,0.44411532354203,TRUE,"Oligo"
"LIN7C",0.00416603175361599,NA,0.454323001631321,0.287856071964018,0.44411532354203,FALSE,"Oligo"
"ADAM12",0.00416335287595966,NA,0.453507340946166,0.266366816591704,0.44411532354203,FALSE,"Oligo"
"BMP5",0.00416090860154163,NA,0.452691680261011,0.278860569715142,0.44411532354203,FALSE,"Oligo"
"CDH3",0.0041608494877865,NA,0.451876019575856,0.284857571214393,0.44411532354203,FALSE,"Oligo"
"PCDHA2",0.00415265445316835,NA,0.451060358890701,0.289855072463768,0.44411532354203,FALSE,"Oligo"
"BOC",0.00415193139624436,NA,0.450244698205546,0.28735632183908,0.44411532354203,FALSE,"Oligo"
"ADAM2",0.00413595554675221,NA,0.449429037520392,0.285857071464268,0.44411532354203,FALSE,"Oligo"
"FGF9",0.00413228402225938,NA,0.448613376835237,0.262368815592204,0.44411532354203,FALSE,"Oligo"
"PCDH15",0.00410507966193867,NA,0.447797716150082,0.292853573213393,0.44411532354203,FALSE,"Oligo"
"APOC1",0.00409868679534163,NA,0.446982055464927,0.289855072463768,0.44411532354203,TRUE,"Oligo"
"LRRC4C",0.00409258753639722,NA,0.446166394779772,0.288855572213893,0.44411532354203,FALSE,"Oligo"
"IFNL3",0.00409142218852273,NA,0.445350734094617,0.257371314342829,0.44411532354203,FALSE,"Oligo"
"CLEC11A",0.00408405819631643,NA,0.444535073409462,0.274362818590705,0.44411532354203,FALSE,"Oligo"
"EFNA5",0.00406922072227933,NA,0.443719412724307,0.269865067466267,0.44411532354203,FALSE,"Oligo"
"SFTPA2",0.00406596854595136,NA,0.442903752039152,0.272363818090955,0.44411532354203,FALSE,"Oligo"
"CD2",0.00406032074476128,NA,0.442088091353997,0.23888055972014,0.44411532354203,FALSE,"Oligo"
"GUCA2A",0.00406008802734846,NA,0.441272430668842,0.28535732133933,0.44411532354203,FALSE,"Oligo"
"IGSF21",0.00405700551912392,NA,0.440456769983687,0.278360819590205,0.44411532354203,FALSE,"Oligo"
"DSG2",0.00404339386460359,NA,0.439641109298532,0.290354822588706,0.44411532354203,FALSE,"Oligo"
"CALM2",0.00403995511794084,NA,0.438825448613377,0.223888055972014,0.44411532354203,FALSE,"Oligo"
"APOA4",0.00403760581448906,NA,0.438009787928222,0.298350824587706,0.44411532354203,FALSE,"Oligo"
"VCAM1",0.00403131163321236,NA,0.437194127243067,0.271864067966017,0.44411532354203,FALSE,"Oligo"
"NTN1",0.00402705034566917,NA,0.436378466557912,0.275862068965517,0.44411532354203,FALSE,"Oligo"
"ANXA1",0.00402573726655969,NA,0.435562805872757,0.258870564717641,0.44411532354203,TRUE,"Oligo"
"CLU",0.00402536817872664,NA,0.434747145187602,0.292853573213393,0.44411532354203,FALSE,"Oligo"
"UTS2",0.00400361614407324,NA,0.433931484502447,0.210394802598701,0.44411532354203,FALSE,"Oligo"
"FCER2",0.00399991749508649,NA,0.433115823817292,0.270864567716142,0.44411532354203,FALSE,"Oligo"
"PROS1",0.0039925397599449,NA,0.432300163132137,0.28135932033983,0.44411532354203,FALSE,"Oligo"
"BMP8B",0.00398457519747758,NA,0.431484502446982,0.285857071464268,0.44411532354203,FALSE,"Oligo"
"ENG",0.00397864094159668,NA,0.430668841761827,0.274862568715642,0.44411532354203,FALSE,"Oligo"
"RTN4",0.00397563045205368,NA,0.429853181076672,0.28735632183908,0.44411532354203,FALSE,"Oligo"
"ANGPTL1",0.00397375071933749,NA,0.429037520391517,0.291854072963518,0.44411532354203,FALSE,"Oligo"
"MMP1",0.00397125293888971,NA,0.428221859706362,0.291354322838581,0.44411532354203,FALSE,"Oligo"
"CEACAM3",0.00396900580070049,NA,0.427406199021207,0.28335832083958,0.44411532354203,FALSE,"Oligo"
"C1QTNF5",0.00396787838118191,NA,0.426590538336052,0.299850074962519,0.44411532354203,FALSE,"Oligo"
"GDF10",0.00396138198860604,NA,0.425774877650897,0.271864067966017,0.44411532354203,FALSE,"Oligo"
"ICOSLG",0.00395569134379393,NA,0.424959216965742,0.288855572213893,0.44411532354203,FALSE,"Oligo"
"APOO",0.00394918860502197,NA,0.424143556280587,0.291854072963518,0.44411532354203,FALSE,"Oligo"
"LRFN3",0.00393876127319051,NA,0.423327895595432,0.299350324837581,0.44411532354203,FALSE,"Oligo"
"C1QTNF1",0.00392599319005689,NA,0.422512234910277,0.299350324837581,0.44411532354203,FALSE,"Oligo"
"NRG1",0.00392474744989894,NA,0.421696574225122,0.201399300349825,0.44411532354203,FALSE,"Oligo"
"CLEC2A",0.00391756052182777,NA,0.420880913539967,0.306346826586707,0.44411532354203,FALSE,"Oligo"
"SEMA4B",0.00391712471378609,NA,0.420065252854812,0.297851074462769,0.44411532354203,FALSE,"Oligo"
"MICB",0.00391636992107036,NA,0.419249592169657,0.257871064467766,0.44411532354203,FALSE,"Oligo"
"LEFTY2",0.0039052877178517,NA,0.418433931484502,0.269865067466267,0.44411532354203,FALSE,"Oligo"
"LILRB4",0.00390078693459297,NA,0.417618270799347,0.276361819090455,0.44411532354203,FALSE,"Oligo"
"LTBP1",0.00390047253574161,NA,0.416802610114193,0.286856571714143,0.44411532354203,FALSE,"Oligo"
"RLN3",0.00389835107055517,NA,0.415986949429038,0.293853073463268,0.44411532354203,FALSE,"Oligo"
"F11R",0.00389573350629306,NA,0.415171288743883,0.284357821089455,0.44411532354203,FALSE,"Oligo"
"LRFN4",0.00388188242232002,NA,0.414355628058728,0.295352323838081,0.44411532354203,FALSE,"Oligo"
"BMP8A",0.00387382772649963,NA,0.413539967373573,0.281859070464768,0.44411532354203,FALSE,"Oligo"
"TCTN1",0.0038698927090943,NA,0.412724306688418,0.302348825587206,0.44411532354203,FALSE,"Oligo"
"SHBG",0.00386714591824177,NA,0.411908646003263,0.297351324337831,0.44411532354203,FALSE,"Oligo"
"MSTN",0.00386434158599638,NA,0.411092985318108,0.243378310844578,0.44411532354203,FALSE,"Oligo"
"CD244",0.00385522350460338,NA,0.410277324632953,0.266866566716642,0.44411532354203,FALSE,"Oligo"
"FGA",0.00384142076930086,NA,0.409461663947798,0.293353323338331,0.44411532354203,FALSE,"Oligo"
"SELPLG",0.00384020898981045,NA,0.408646003262643,0.219890054972514,0.44411532354203,FALSE,"Oligo"
"COL9A2",0.00382617185210526,NA,0.407830342577488,0.277861069465267,0.44411532354203,FALSE,"Oligo"
"TNFSF18",0.00382282121945584,NA,0.407014681892333,0.27736131934033,0.44411532354203,FALSE,"Oligo"
"RBP4",0.00381572539452511,NA,0.406199021207178,0.294852573713143,0.44411532354203,FALSE,"Oligo"
"TFF2",0.00378206926525406,NA,0.405383360522023,0.262868565717141,0.44411532354203,FALSE,"Oligo"
"CD48",0.0037788424323238,NA,0.404567699836868,0.274862568715642,0.44411532354203,FALSE,"Oligo"
"INHBC",0.00377105256133882,NA,0.403752039151713,0.287856071964018,0.44411532354203,FALSE,"Oligo"
"VSTM1",0.0037651902204947,NA,0.402936378466558,0.311844077961019,0.44411532354203,FALSE,"Oligo"
"TNC",0.00376398098060375,NA,0.402120717781403,0.248875562218891,0.44411532354203,TRUE,"Oligo"
"TF",0.00376357529663515,NA,0.401305057096248,0.273863068465767,0.44411532354203,FALSE,"Oligo"
"PSG4",0.00375155105965111,NA,0.400489396411093,0.277861069465267,0.44411532354203,FALSE,"Oligo"
"F7",0.00373734367065195,NA,0.399673735725938,0.303348325837081,0.44411532354203,FALSE,"Oligo"
"PDYN",0.00373112245082331,NA,0.398858075040783,0.255872063968016,0.44411532354203,FALSE,"Oligo"
"MCAM",0.00372369982076719,NA,0.398042414355628,0.261369315342329,0.44411532354203,FALSE,"Oligo"
"FBLN2",0.00371702366661219,NA,0.397226753670473,0.308845577211394,0.44411532354203,FALSE,"Oligo"
"LRFN1",0.00371397326214005,NA,0.396411092985318,0.307346326836582,0.44411532354203,FALSE,"Oligo"
"SLIT1",0.00369055450381812,NA,0.395595432300163,0.307846076961519,0.44411532354203,FALSE,"Oligo"
"WFIKKN2",0.0036820208462365,NA,0.394779771615008,0.31584207896052,0.44411532354203,FALSE,"Oligo"
"SPP1",0.00367359623637026,NA,0.393964110929853,0.256871564217891,0.44411532354203,FALSE,"Oligo"
"HAVCR1",0.00366848175788596,NA,0.393148450244698,0.309345327336332,0.44411532354203,FALSE,"Oligo"
"LYZ",0.00366511644035852,NA,0.392332789559543,0.304847576211894,0.44411532354203,FALSE,"Oligo"
"CCL23",0.00362813867145576,NA,0.391517128874388,0.19240379810095,0.44411532354203,FALSE,"Oligo"
"CDH13",0.00362609276625828,NA,0.390701468189233,0.302348825587206,0.44411532354203,FALSE,"Oligo"
"FGB",0.00362511015999772,NA,0.389885807504078,0.31384307846077,0.44411532354203,FALSE,"Oligo"
"CD160",0.003616382969459,NA,0.389070146818923,0.302348825587206,0.44411532354203,FALSE,"Oligo"
"SOSTDC1",0.00361448505727899,NA,0.388254486133768,0.31584207896052,0.44411532354203,FALSE,"Oligo"
"COL9A3",0.00360815788725528,NA,0.387438825448613,0.301349325337331,0.44411532354203,FALSE,"Oligo"
"ANPEP",0.00360712343082217,NA,0.386623164763458,0.311844077961019,0.44411532354203,FALSE,"Oligo"
"IL13",0.0036041184795778,NA,0.385807504078303,0.27336331834083,0.44411532354203,FALSE,"Oligo"
"EZR",0.00360193580164206,NA,0.384991843393148,0.294852573713143,0.44411532354203,FALSE,"Oligo"
"PIGA",0.00360148677674934,NA,0.384176182707993,0.272863568215892,0.44411532354203,FALSE,"Oligo"
"PSG9",0.00359849761917557,NA,0.383360522022838,0.303848075962019,0.44411532354203,FALSE,"Oligo"
"GNRH2",0.00359655832997265,NA,0.382544861337684,0.187406296851574,0.44411532354203,FALSE,"Oligo"
"RPS19",0.00358744072512911,NA,0.381729200652529,0.302848575712144,0.44411532354203,FALSE,"Oligo"
"LIN7A",0.0035871771800753,NA,0.380913539967374,0.309845077461269,0.44411532354203,FALSE,"Oligo"
"PODXL2",0.00358333949916014,NA,0.380097879282219,0.302848575712144,0.44411532354203,FALSE,"Oligo"
"TREML4",0.00357865644853107,NA,0.379282218597064,0.306346826586707,0.44411532354203,FALSE,"Oligo"
"IFNA13",0.00357152453398522,NA,0.378466557911909,0.226886556721639,0.44411532354203,FALSE,"Oligo"
"TCTN3",0.0035686194224353,NA,0.377650897226754,0.314342828585707,0.44411532354203,FALSE,"Oligo"
"EFNA2",0.00356188344185215,NA,0.376835236541599,0.318840579710145,0.44411532354203,FALSE,"Oligo"
"SEMA4A",0.00355512964682351,NA,0.376019575856444,0.303848075962019,0.44411532354203,FALSE,"Oligo"
"HLA-DQB1",0.00355468323546962,NA,0.375203915171289,0.245377311344328,0.44411532354203,FALSE,"Oligo"
"CRP",0.0035537090958263,NA,0.374388254486134,0.152923538230885,0.44411532354203,FALSE,"Oligo"
"CEACAM7",0.00355283434187244,NA,0.373572593800979,0.307846076961519,0.44411532354203,FALSE,"Oligo"
"F8",0.0035527941300788,NA,0.372756933115824,0.275862068965517,0.44411532354203,FALSE,"Oligo"
"HLA-DRB3",0.00354942858534737,NA,0.371941272430669,0.288855572213893,0.44411532354203,FALSE,"Oligo"
"F5",0.00354230195170143,NA,0.371125611745514,0.305847076461769,0.44411532354203,FALSE,"Oligo"
"DHH",0.00352793234664971,NA,0.370309951060359,0.310344827586207,0.44411532354203,FALSE,"Oligo"
"CCL25",0.0035272502651369,NA,0.369494290375204,0.203398300849575,0.44411532354203,FALSE,"Oligo"
"GDF15",0.0035234952238939,NA,0.368678629690049,0.289355322338831,0.44411532354203,FALSE,"Oligo"
"SDC4",0.00352325305239425,NA,0.367862969004894,0.316341829085457,0.44411532354203,FALSE,"Oligo"
"HHLA2",0.00351009845656714,NA,0.367047308319739,0.325337331334333,0.44411532354203,FALSE,"Oligo"
"APOA2",0.00350672567352736,NA,0.366231647634584,0.31584207896052,0.44411532354203,FALSE,"Oligo"
"PPBP",0.0034922156821287,NA,0.365415986949429,0.259370314842579,0.44411532354203,FALSE,"Oligo"
"MIA",0.0034916349876298,NA,0.364600326264274,0.306846576711644,0.44411532354203,FALSE,"Oligo"
"GJB2",0.00348702507093979,NA,0.363784665579119,0.265867066466767,0.44411532354203,FALSE,"Oligo"
"KCNA1",0.0034766127417034,NA,0.362969004893964,0.324337831084458,0.44411532354203,FALSE,"Oligo"
"FBN1",0.00347373608635856,NA,0.362153344208809,0.285857071464268,0.44411532354203,FALSE,"Oligo"
"EGF",0.00347216913713005,NA,0.361337683523654,0.241879060469765,0.44411532354203,FALSE,"Oligo"
"EMC1",0.00347172370944374,NA,0.360522022838499,0.316841579210395,0.44411532354203,FALSE,"Oligo"
"PMCH",0.00345737985688116,NA,0.359706362153344,0.224387806096952,0.44411532354203,FALSE,"Oligo"
"IL23A",0.00345669071155358,NA,0.358890701468189,0.27736131934033,0.44411532354203,FALSE,"Oligo"
"HAS2",0.00345312890577197,NA,0.358075040783034,0.306346826586707,0.44411532354203,FALSE,"Oligo"
"NECTIN2",0.00345134751469978,NA,0.357259380097879,0.278860569715142,0.44411532354203,FALSE,"Oligo"
"SLC6A8",0.00344279148915289,NA,0.356443719412724,0.301349325337331,0.44411532354203,FALSE,"Oligo"
"CEACAM21",0.00343622404444692,NA,0.355628058727569,0.330834582708646,0.44411532354203,FALSE,"Oligo"
"SPON1",0.00342543549784194,NA,0.354812398042414,0.298850574712644,0.44411532354203,TRUE,"Oligo"
"CALCB",0.0034110072364737,NA,0.353996737357259,0.270364817591204,0.44411532354203,FALSE,"Oligo"
"SHISA4",0.00340036248309808,NA,0.353181076672104,0.314842578710645,0.44411532354203,FALSE,"Oligo"
"GDF7",0.0033991565662042,NA,0.352365415986949,0.297351324337831,0.44411532354203,FALSE,"Oligo"
"THBS2",0.00338258878775496,NA,0.351549755301794,0.302848575712144,0.44411532354203,FALSE,"Oligo"
"TNFSF8",0.00337803083806473,NA,0.350734094616639,0.252873563218391,0.44411532354203,FALSE,"Oligo"
"LAMB1",0.00337737143428437,NA,0.349918433931485,0.294352823588206,0.44411532354203,FALSE,"Oligo"
"HLA-C",0.00336530833264813,NA,0.34910277324633,0.31584207896052,0.44411532354203,FALSE,"Oligo"
"OMG",0.00336384123419369,NA,0.348287112561175,0.247376311844078,0.44411532354203,FALSE,"Oligo"
"CD47",0.00336130549893983,NA,0.34747145187602,0.313343328335832,0.44411532354203,FALSE,"Oligo"
"FGF18",0.00335528934070459,NA,0.346655791190865,0.228885557221389,0.44411532354203,FALSE,"Oligo"
"SARAF",0.00335199384092132,NA,0.34584013050571,0.317341329335332,0.44411532354203,FALSE,"Oligo"
"CD96",0.00335086508419947,NA,0.345024469820555,0.324837581209395,0.44411532354203,FALSE,"Oligo"
"GHRL",0.00333233654984701,NA,0.3442088091354,0.214892553723138,0.44411532354203,FALSE,"Oligo"
"ST14",0.0033277247274863,NA,0.343393148450245,0.308845577211394,0.44411532354203,FALSE,"Oligo"
"GZMB",0.00332163087398353,NA,0.34257748776509,0.320839580209895,0.44411532354203,FALSE,"Oligo"
"FN1",0.00330396937993839,NA,0.341761827079935,0.307346326836582,0.44411532354203,FALSE,"Oligo"
"KISS1",0.00330375263126899,NA,0.34094616639478,0.256871564217891,0.44411532354203,FALSE,"Oligo"
"MDK",0.00329292645424955,NA,0.340130505709625,0.278860569715142,0.44411532354203,FALSE,"Oligo"
"COL8A1",0.00329065238049758,NA,0.33931484502447,0.310344827586207,0.44411532354203,TRUE,"Oligo"
"IMPG2",0.00328937408230025,NA,0.338499184339315,0.336331834082959,0.44411532354203,FALSE,"Oligo"
"MYEOV",0.00328281086731227,NA,0.33768352365416,0.320839580209895,0.44411532354203,FALSE,"Oligo"
"PRSS1",0.00328133587113376,NA,0.336867862969005,0.332333833083458,0.44411532354203,FALSE,"Oligo"
"BACE1",0.00327879691657448,NA,0.33605220228385,0.322838580709645,0.44411532354203,FALSE,"Oligo"
"PRSS55",0.00325898634841169,NA,0.335236541598695,0.272363818090955,0.44411532354203,FALSE,"Oligo"
"TIMP2",0.0032468259241168,NA,0.33442088091354,0.309345327336332,0.44411532354203,FALSE,"Oligo"
"GAST",0.00324536236476271,NA,0.333605220228385,0.219390304847576,0.44411532354203,FALSE,"Oligo"
"EDN3",0.00324205011237145,NA,0.33278955954323,0.220889555222389,0.44411532354203,FALSE,"Oligo"
"OSTN",0.0032281171070251,NA,0.331973898858075,0.305347326336832,0.44411532354203,FALSE,"Oligo"
"LRIG1",0.00322166666511649,NA,0.33115823817292,0.317341329335332,0.44411532354203,FALSE,"Oligo"
"LEP",0.00322005613652387,NA,0.330342577487765,0.193903048475762,0.44411532354203,FALSE,"Oligo"
"COL5A2",0.00320626003138993,NA,0.32952691680261,0.291854072963518,0.44411532354203,FALSE,"Oligo"
"FCGR3B",0.00320586158327154,NA,0.328711256117455,0.342328835582209,0.44411532354203,FALSE,"Oligo"
"PLA2G2A",0.00319673401970478,NA,0.3278955954323,0.312843578210895,0.44411532354203,FALSE,"Oligo"
"GDF6",0.00318990283281108,NA,0.327079934747145,0.308845577211394,0.44411532354203,FALSE,"Oligo"
"ULBP2",0.00316597898105604,NA,0.32626427406199,0.323338330834583,0.44411532354203,FALSE,"Oligo"
"VWF",0.00316326499449529,NA,0.325448613376835,0.275862068965517,0.44411532354203,FALSE,"Oligo"
"TRAF2",0.00315536029731491,NA,0.32463295269168,0.284857571214393,0.44411532354203,FALSE,"Oligo"
"PTPRZ1",0.0031505917581119,NA,0.323817292006525,0.339330334832584,0.44411532354203,FALSE,"Oligo"
"PF4V1",0.00314501690381322,NA,0.32300163132137,0.322338830584708,0.44411532354203,FALSE,"Oligo"
"HJV",0.0031404116688501,NA,0.322185970636215,0.328335832083958,0.44411532354203,FALSE,"Oligo"
"NTN3",0.00312810964706892,NA,0.32137030995106,0.338830584707646,0.44411532354203,FALSE,"Oligo"
"HEBP1",0.00312762671980431,NA,0.320554649265905,0.337831084457771,0.44411532354203,FALSE,"Oligo"
"GAD1",0.00312443785023609,NA,0.31973898858075,0.271864067966017,0.44411532354203,FALSE,"Oligo"
"INHBB",0.00311722884003386,NA,0.318923327895595,0.307346326836582,0.44411532354203,FALSE,"Oligo"
"CD52",0.00311507699143116,NA,0.31810766721044,0.294852573713143,0.44411532354203,FALSE,"Oligo"
"IL36RN",0.0031087173907215,NA,0.317292006525285,0.301849075462269,0.44411532354203,FALSE,"Oligo"
"FLRT1",0.00310869123643543,NA,0.316476345840131,0.314842578710645,0.44411532354203,FALSE,"Oligo"
"SERPINE2",0.00309514548240075,NA,0.315660685154976,0.327336331834083,0.44411532354203,FALSE,"Oligo"
"TPH1",0.00309504674499525,NA,0.314845024469821,0.308345827086457,0.44411532354203,FALSE,"Oligo"
"HLA-DQB2",0.00306757080096707,NA,0.314029363784666,0.252373813093453,0.44411532354203,FALSE,"Oligo"
"SELL",0.00306552186249519,NA,0.313213703099511,0.259870064967516,0.44411532354203,FALSE,"Oligo"
"CLDN11",0.00304461642138665,NA,0.312398042414356,0.344827586206897,0.44464609800363,FALSE,"Oligo"
"OBP2A",0.00304444768731064,NA,0.311582381729201,0.338330834582709,0.44411532354203,FALSE,"Oligo"
"CEACAM8",0.00304410980640768,NA,0.310766721044046,0.332333833083458,0.44411532354203,FALSE,"Oligo"
"TGOLN2",0.00302109367265769,NA,0.309951060358891,0.339830084957521,0.44411532354203,FALSE,"Oligo"
"TNFSF15",0.003016241516668,NA,0.309135399673736,0.299850074962519,0.44411532354203,FALSE,"Oligo"
"JAM2",0.00300655498776339,NA,0.308319738988581,0.346826586706647,0.445815916805501,FALSE,"Oligo"
"TAC3",0.0029970111880591,NA,0.307504078303426,0.248375812093953,0.44411532354203,FALSE,"Oligo"
"CTSD",0.0029907994888119,NA,0.306688417618271,0.330334832583708,0.44411532354203,FALSE,"Oligo"
"NAMPT",0.00298966267224922,NA,0.305872756933116,0.322838580709645,0.44411532354203,FALSE,"Oligo"
"NYX",0.00298685209055805,NA,0.305057096247961,0.336831584207896,0.44411532354203,FALSE,"Oligo"
"ZG16B",0.00298643025628406,NA,0.304241435562806,0.341329335332334,0.44411532354203,FALSE,"Oligo"
"PLAT",0.00298335824893422,NA,0.303425774877651,0.294352823588206,0.44411532354203,FALSE,"Oligo"
"IZUMO1",0.00298010002995208,NA,0.302610114192496,0.334332833583208,0.44411532354203,FALSE,"Oligo"
"RGMA",0.0029729392357675,NA,0.301794453507341,0.331334332833583,0.44411532354203,FALSE,"Oligo"
"MFAP3L",0.00295731097404379,NA,0.300978792822186,0.341329335332334,0.44411532354203,FALSE,"Oligo"
"CLMP",0.00294835341649568,NA,0.300163132137031,0.339330334832584,0.44411532354203,FALSE,"Oligo"
"ADAM11",0.00294020098159905,NA,0.299347471451876,0.338830584707646,0.44411532354203,FALSE,"Oligo"
"ANXA2",0.00294015654306873,NA,0.298531810766721,0.320839580209895,0.44411532354203,FALSE,"Oligo"
"DRAXIN",0.00293069767315818,NA,0.297716150081566,0.347826086956522,0.445871630537918,FALSE,"Oligo"
"GNAS",0.00292954196779194,NA,0.296900489396411,0.313343328335832,0.44411532354203,FALSE,"Oligo"
"JAML",0.00290425837237144,NA,0.296084828711256,0.335332333833083,0.44411532354203,FALSE,"Oligo"
"GDF1",0.00288207513948724,NA,0.295269168026101,0.317341329335332,0.44411532354203,FALSE,"Oligo"
"HLA-DQA1",0.00288128444886161,NA,0.294453507340946,0.342328835582209,0.44411532354203,FALSE,"Oligo"
"LGI4",0.00287519757685697,NA,0.293637846655791,0.307346326836582,0.44411532354203,FALSE,"Oligo"
"MXRA8",0.00286772068008108,NA,0.292822185970636,0.340329835082459,0.44411532354203,FALSE,"Oligo"
"SLPI",0.00285403605848376,NA,0.292006525285481,0.329335332333833,0.44411532354203,FALSE,"Oligo"
"SPINT1",0.00282707001771087,NA,0.291190864600326,0.32583708145927,0.44411532354203,FALSE,"Oligo"
"AGRN",0.00280992610203364,NA,0.290375203915171,0.320839580209895,0.44411532354203,FALSE,"Oligo"
"SST",0.0027916926559545,NA,0.289559543230016,0.276361819090455,0.44411532354203,FALSE,"Oligo"
"PRG4",0.00278762837357393,NA,0.288743882544861,0.347326336831584,0.445871630537918,FALSE,"Oligo"
"COL18A1",0.00278017030775608,NA,0.287928221859706,0.339330334832584,0.44411532354203,FALSE,"Oligo"
"IL11",0.0027712977331235,NA,0.287112561174551,0.267866066966517,0.44411532354203,FALSE,"Oligo"
"TRH",0.00276601368300026,NA,0.286296900489396,0.298850574712644,0.44411532354203,FALSE,"Oligo"
"PZP",0.00276555351671473,NA,0.285481239804241,0.351824087956022,0.446787475827304,FALSE,"Oligo"
"SORL1",0.00275581315809817,NA,0.284665579119086,0.340829585207396,0.44411532354203,FALSE,"Oligo"
"INHBA",0.00275138360097437,NA,0.283849918433931,0.291854072963518,0.44411532354203,FALSE,"Oligo"
"TIGIT",0.00274366835123386,NA,0.283034257748776,0.346826586706647,0.445815916805501,FALSE,"Oligo"
"TG",0.00273963248736156,NA,0.282218597063622,0.330334832583708,0.44411532354203,FALSE,"Oligo"
"LPA",0.0027348676001986,NA,0.281402936378467,0.239380309845077,0.44411532354203,FALSE,"Oligo"
"KLKB1",0.00273178858404119,NA,0.280587275693312,0.331334332833583,0.44411532354203,FALSE,"Oligo"
"ITM2B",0.0027315328491514,NA,0.279771615008157,0.335332333833083,0.44411532354203,FALSE,"Oligo"
"DKK1",0.00273063416662841,NA,0.278955954323002,0.32583708145927,0.44411532354203,FALSE,"Oligo"
"HLA-DPB1",0.00272796222683905,NA,0.278140293637847,0.351824087956022,0.446787475827304,FALSE,"Oligo"
"CP",0.00272277255510693,NA,0.277324632952692,0.331834082958521,0.44411532354203,FALSE,"Oligo"
"BMP3",0.00271221559047588,NA,0.276508972267537,0.328835582208896,0.44411532354203,FALSE,"Oligo"
"CRH",0.00270532139172659,NA,0.275693311582382,0.270864567716142,0.44411532354203,FALSE,"Oligo"
"CD200",0.00270497400075774,NA,0.274877650897227,0.334832583708146,0.44411532354203,FALSE,"Oligo"
"CFP",0.00270156543143214,NA,0.274061990212072,0.32583708145927,0.44411532354203,FALSE,"Oligo"
"CHL1",0.00269143710588882,NA,0.273246329526917,0.35832083958021,0.450825869116724,FALSE,"Oligo"
"ENTPD1",0.00267191748418993,NA,0.272430668841762,0.282358820589705,0.44411532354203,FALSE,"Oligo"
"KNG1",0.00266685970035179,NA,0.271615008156607,0.275862068965517,0.44411532354203,FALSE,"Oligo"
"PENK",0.00266618270019071,NA,0.270799347471452,0.299350324837581,0.44411532354203,FALSE,"Oligo"
"CDH1",0.00266597716853655,NA,0.269983686786297,0.31784107946027,0.44411532354203,FALSE,"Oligo"
"INS",0.00266463229435879,NA,0.269168026101142,0.312843578210895,0.44411532354203,FALSE,"Oligo"
"CEACAM1",0.00266322945031367,NA,0.268352365415987,0.325337331334333,0.44411532354203,FALSE,"Oligo"
"UCN",0.00265041636139151,NA,0.267536704730832,0.326836581709145,0.44411532354203,FALSE,"Oligo"
"TNR",0.00264743676073942,NA,0.266721044045677,0.344327836081959,0.44464609800363,FALSE,"Oligo"
"PTGFRN",0.0026461942271428,NA,0.265905383360522,0.341829085457271,0.44411532354203,FALSE,"Oligo"
"ADAM10",0.00264515681007827,NA,0.265089722675367,0.332333833083458,0.44411532354203,FALSE,"Oligo"
"ZDHHC5",0.00264398396914427,NA,0.264274061990212,0.351324337831084,0.446787475827304,FALSE,"Oligo"
"BTN2A1",0.00263267956615013,NA,0.263458401305057,0.365817091454273,0.45297411777982,FALSE,"Oligo"
"CTHRC1",0.00261271120432297,NA,0.262642740619902,0.342828585707146,0.44411532354203,FALSE,"Oligo"
"FGG",0.00259527049267969,NA,0.261827079934747,0.36231884057971,0.452329503264562,FALSE,"Oligo"
"MSN",0.00258772170441905,NA,0.261011419249592,0.36431784107946,0.452329503264562,FALSE,"Oligo"
"IGFBP7",0.00257805622670766,NA,0.260195758564437,0.35432283858071,0.448394088079927,FALSE,"Oligo"
"EDA",0.00254951724304283,NA,0.259380097879282,0.333333333333333,0.44411532354203,FALSE,"Oligo"
"CPAMD8",0.00254782606133859,NA,0.258564437194127,0.362818590704648,0.452329503264562,FALSE,"Oligo"
"REN",0.00253966311649803,NA,0.257748776508972,0.345327336331834,0.44482227866088,FALSE,"Oligo"
"CNTN2",0.00249695352289304,NA,0.256933115823817,0.302848575712144,0.44411532354203,FALSE,"Oligo"
"CD59",0.00248751604141795,NA,0.256117455138662,0.310844577711144,0.44411532354203,FALSE,"Oligo"
"NFASC",0.00247709143367538,NA,0.255301794453507,0.367816091954023,0.453294479520803,FALSE,"Oligo"
"LINGO4",0.00247709143367315,NA,0.254486133768352,0.367816091954023,0.453294479520803,FALSE,"Oligo"
"APOA1",0.0024751801470433,NA,0.253670473083197,0.337331334332834,0.44411532354203,FALSE,"Oligo"
"ZPBP2",0.00247281073349261,NA,0.252854812398042,0.353323338330835,0.447591612673498,FALSE,"Oligo"
"CCN2",0.00247160260308983,NA,0.252039151712887,0.292353823088456,0.44411532354203,TRUE,"Oligo"
"TCN1",0.00247122018593842,NA,0.251223491027732,0.31584207896052,0.44411532354203,FALSE,"Oligo"
"F13A1",0.00245582836281256,NA,0.250407830342577,0.371814092953523,0.454109934065868,FALSE,"Oligo"
"ADAM15",0.00245563323030705,NA,0.249592169657423,0.364817591204398,0.452329503264562,FALSE,"Oligo"
"CD82",0.00245246018046795,NA,0.248776508972268,0.35232383808096,0.446787475827304,FALSE,"Oligo"
"PLTP",0.00244053900074653,NA,0.247960848287113,0.324337831084458,0.44411532354203,FALSE,"Oligo"
"CRB3",0.00243927798103982,NA,0.247145187601958,0.358820589705147,0.450825869116724,FALSE,"Oligo"
"AVP",0.00243535379127725,NA,0.246329526916803,0.301849075462269,0.44411532354203,FALSE,"Oligo"
"ACP4",0.00243127552110062,NA,0.245513866231648,0.366816591704148,0.45297411777982,FALSE,"Oligo"
"MMP16",0.00242928589382534,NA,0.244698205546493,0.364817591204398,0.452329503264562,FALSE,"Oligo"
"VIP",0.00241550387693235,NA,0.243882544861338,0.298350824587706,0.44411532354203,FALSE,"Oligo"
"DSG1",0.00240907884922569,NA,0.243066884176183,0.374312843578211,0.455049977488956,FALSE,"Oligo"
"IL17F",0.00240734348964712,NA,0.242251223491028,0.343328335832084,0.44411532354203,FALSE,"Oligo"
"ALB",0.00240660116569995,NA,0.241435562805873,0.23888055972014,0.44411532354203,FALSE,"Oligo"
"LCN2",0.00239047107921844,NA,0.240619902120718,0.316341829085457,0.44411532354203,FALSE,"Oligo"
"CD99",0.00238939056231541,NA,0.239804241435563,0.291854072963518,0.44411532354203,FALSE,"Oligo"
"LGALS3",0.00237897171963116,NA,0.238988580750408,0.330834582708646,0.44411532354203,FALSE,"Oligo"
"GPI",0.00237233142310613,NA,0.238172920065253,0.331334332833583,0.44411532354203,FALSE,"Oligo"
"GHRH",0.00237047728235002,NA,0.237357259380098,0.332833583208396,0.44411532354203,FALSE,"Oligo"
"GSTP1",0.00235746765858604,NA,0.236541598694943,0.369315342328836,0.453772612189392,FALSE,"Oligo"
"TSHB",0.00235666843467549,NA,0.235725938009788,0.339330334832584,0.44411532354203,FALSE,"Oligo"
"MFAP2",0.00235306720118195,NA,0.234910277324633,0.329335332333833,0.44411532354203,FALSE,"Oligo"
"CGA",0.00233819511785394,NA,0.234094616639478,0.350324837581209,0.446787475827304,FALSE,"Oligo"
"RSPO4",0.00233576681095156,NA,0.233278955954323,0.369315342328836,0.453772612189392,FALSE,"Oligo"
"CGB3",0.00232098180829575,NA,0.232463295269168,0.357321339330335,0.45032781962928,FALSE,"Oligo"
"PSEN1",0.00231592874323516,NA,0.231647634584013,0.330834582708646,0.44411532354203,FALSE,"Oligo"
"AMBN",0.0023126465703268,NA,0.230831973898858,0.376311844077961,0.456417830688616,FALSE,"Oligo"
"GRP",0.00230168024901376,NA,0.230016313213703,0.27736131934033,0.44411532354203,FALSE,"Oligo"
"CCL13",0.00229336220963615,NA,0.229200652528548,0.313343328335832,0.44411532354203,FALSE,"Oligo"
"TFF1",0.00229210742880448,NA,0.228384991843393,0.36631684157921,0.45297411777982,FALSE,"Oligo"
"GUCA2B",0.00228430518178442,NA,0.227569331158238,0.354822588705647,0.448563128136654,FALSE,"Oligo"
"DCHS1",0.00227677338218999,NA,0.226753670473083,0.355322338830585,0.448731819657182,FALSE,"Oligo"
"F2",0.00227204198106814,NA,0.225938009787928,0.237381309345327,0.44411532354203,FALSE,"Oligo"
"CLEC3A",0.00226735909680144,NA,0.225122349102773,0.36431784107946,0.452329503264562,FALSE,"Oligo"
"SEMA4D",0.00226551458834628,NA,0.224306688417618,0.366816591704148,0.45297411777982,FALSE,"Oligo"
"CD1D",0.00224961286786835,NA,0.223491027732463,0.382808595702149,0.460648850427439,FALSE,"Oligo"
"CEACAM4",0.00224848057429741,NA,0.222675367047308,0.373313343328336,0.454581357432616,FALSE,"Oligo"
"PCDHA9",0.00224421955474718,NA,0.221859706362153,0.348325837081459,0.445871630537918,FALSE,"Oligo"
"SERPINA1",0.00224065293502672,NA,0.221044045676998,0.36231884057971,0.452329503264562,FALSE,"Oligo"
"PTPRM",0.00223608407205357,NA,0.220228384991843,0.371814092953523,0.454109934065868,FALSE,"Oligo"
"WIF1",0.00222617236245835,NA,0.219412724306688,0.36031984007996,0.452245700920032,FALSE,"Oligo"
"LHB",0.00219674238220229,NA,0.218597063621533,0.378310844577711,0.457935557912743,FALSE,"Oligo"
"COL4A6",0.0021953080327661,NA,0.217781402936378,0.380309845077461,0.459447298047229,FALSE,"Oligo"
"LRPAP1",0.00217982019789385,NA,0.216965742251224,0.370314842578711,0.454089771930851,FALSE,"Oligo"
"FAP",0.00216846190463251,NA,0.216150081566069,0.369815092453773,0.453931350957788,TRUE,"Oligo"
"CADM4",0.0021338264958072,NA,0.215334420880914,0.363818090954523,0.452329503264562,FALSE,"Oligo"
"BMP4",0.00211425009654671,NA,0.214518760195759,0.297851074462769,0.44411532354203,FALSE,"Oligo"
"GRN",0.00211376828557636,NA,0.213703099510604,0.342328835582209,0.44411532354203,FALSE,"Oligo"
"WBP1",0.00210950871186276,NA,0.212887438825449,0.374812593703148,0.455049977488956,FALSE,"Oligo"
"HLA-DQA2",0.00210644391690218,NA,0.212071778140294,0.340829585207396,0.44411532354203,FALSE,"Oligo"
"SEMA5A",0.00209910013810987,NA,0.211256117455139,0.363318340829585,0.452329503264562,FALSE,"Oligo"
"GREM1",0.00209253752126446,NA,0.210440456769984,0.350824587706147,0.446787475827304,FALSE,"Oligo"
"GCG",0.00209165001100007,NA,0.209624796084829,0.269865067466267,0.44411532354203,FALSE,"Oligo"
"ADAMTS3",0.00208091163739347,NA,0.208809135399674,0.32583708145927,0.44411532354203,FALSE,"Oligo"
"CCL3",0.00207901733472987,NA,0.207993474714519,0.336831584207896,0.44411532354203,FALSE,"Oligo"
"PLA2G10",0.0020682809118277,NA,0.207177814029364,0.340329835082459,0.44411532354203,FALSE,"Oligo"
"GDF9",0.00206257366007258,NA,0.206362153344209,0.372813593203398,0.454581357432616,FALSE,"Oligo"
"PCDHA3",0.00204857251860045,NA,0.205546492659054,0.385307346326837,0.462746567892524,FALSE,"Oligo"
"EFEMP2",0.0020429210716963,NA,0.204730831973899,0.364817591204398,0.452329503264562,FALSE,"Oligo"
"FAM3C",0.00200383456746795,NA,0.203915171288744,0.364817591204398,0.452329503264562,FALSE,"Oligo"
"AIMP1",0.00199803560843689,NA,0.203099510603589,0.333833083458271,0.44411532354203,FALSE,"Oligo"
"ATP1B1",0.00199016063223434,NA,0.202283849918434,0.343328335832084,0.44411532354203,FALSE,"Oligo"
"BMP15",0.00198595540209354,NA,0.201468189233279,0.369315342328836,0.453772612189392,FALSE,"Oligo"
"MFGE8",0.00196512907398856,NA,0.200652528548124,0.382808595702149,0.460648850427439,FALSE,"Oligo"
"CNTN6",0.00195123635916562,NA,0.199836867862969,0.393803098450775,0.468636805628194,FALSE,"Oligo"
"CCN6",0.00195115443674947,NA,0.199021207177814,0.381309345327336,0.460200934015751,FALSE,"Oligo"
"IL21",0.0019182046902388,NA,0.198205546492659,0.294852573713143,0.44411532354203,FALSE,"Oligo"
"GP1BA",0.00191304486986003,NA,0.197389885807504,0.393803098450775,0.468636805628194,FALSE,"Oligo"
"BPI",0.0018775531750981,NA,0.196574225122349,0.349325337331334,0.446218496591121,FALSE,"Oligo"
"GJB6",0.00186749462460475,NA,0.195758564437194,0.400299850074962,0.472871086154126,FALSE,"Oligo"
"COPA",0.00186467080181716,NA,0.194942903752039,0.335832083958021,0.44411532354203,FALSE,"Oligo"
"ENAM",0.00186013579435137,NA,0.194127243066884,0.397801099450275,0.470827388238248,FALSE,"Oligo"
"LY9",0.00185292235928804,NA,0.193311582381729,0.356821589205397,0.45016111923441,FALSE,"Oligo"
"SPINK1",0.00184220599419179,NA,0.192495921696574,0.35232383808096,0.446787475827304,FALSE,"Oligo"
"HLA-DRB4",0.00183915716824643,NA,0.191680261011419,0.360819590204898,0.452329503264562,FALSE,"Oligo"
"POMC",0.00181520139008391,NA,0.190864600326264,0.282358820589705,0.44411532354203,FALSE,"Oligo"
"CDH15",0.00180172307004725,NA,0.190048939641109,0.39480259870065,0.468636805628194,FALSE,"Oligo"
"ADIPOQ",0.0017683964636761,NA,0.189233278955954,0.339830084957521,0.44411532354203,FALSE,"Oligo"
"TNFSF14",0.00174226346561273,NA,0.188417618270799,0.275862068965517,0.44411532354203,FALSE,"Oligo"
"LGI2",0.0017211299691975,NA,0.187601957585644,0.405797101449275,0.476607333916934,FALSE,"Oligo"
"C4A",0.00171552600369257,NA,0.186786296900489,0.393303348325837,0.468636805628194,FALSE,"Oligo"
"ANGPTL4",0.00170385782930495,NA,0.185970636215334,0.319340329835082,0.44411532354203,FALSE,"Oligo"
"CNTN3",0.00163993486224448,NA,0.185154975530179,0.401299350324838,0.473595090701278,FALSE,"Oligo"
"SLIT2",0.00163986038984983,NA,0.184339314845024,0.39480259870065,0.468636805628194,FALSE,"Oligo"
"NUCB2",0.00162560253032104,NA,0.183523654159869,0.409295352323838,0.478422525378532,FALSE,"Oligo"
"CXADR",0.00162270898904658,NA,0.182707993474715,0.382308845577211,0.460648850427439,FALSE,"Oligo"
"CALCA",0.00160482450622726,NA,0.18189233278956,0.297351324337831,0.44411532354203,FALSE,"Oligo"
"CFC1",0.00156506136066776,NA,0.181076672104405,0.377311344327836,0.457177444907615,FALSE,"Oligo"
"TTR",0.00156503792334519,NA,0.18026101141925,0.390304847576212,0.466917420196152,FALSE,"Oligo"
"ADAM28",0.00156267338843516,NA,0.179445350734095,0.412293853073463,0.480095028531362,FALSE,"Oligo"
"AANAT",0.00155788022984375,NA,0.17862969004894,0.407296351824088,0.477452661229194,FALSE,"Oligo"
"CD70",0.00155563739465985,NA,0.177814029363785,0.412293853073463,0.480095028531362,FALSE,"Oligo"
"NT5E",0.00155540830078967,NA,0.17699836867863,0.391304347826087,0.467656415694592,FALSE,"Oligo"
"PTN",0.00153601076813483,NA,0.176182707993475,0.386306846576712,0.46303902843099,FALSE,"Oligo"
"CDH4",0.00152986675498257,NA,0.17536704730832,0.404297851074463,0.475758758468988,FALSE,"Oligo"
"DSC1",0.00152713214381973,NA,0.174551386623165,0.416291854072964,0.482037908609195,FALSE,"Oligo"
"PCDHB3",0.00151413186406313,NA,0.17373572593801,0.408295852073963,0.477710046600387,FALSE,"Oligo"
"TGFB3",0.00145092945060666,NA,0.172920065252855,0.348325837081459,0.445871630537918,FALSE,"Oligo"
"PCDHA10",0.00144543317908543,NA,0.1721044045677,0.410294852573713,0.479133645760532,FALSE,"Oligo"
"HGF",0.00142835808059458,NA,0.171288743882545,0.316841579210395,0.44411532354203,FALSE,"Oligo"
"AZGP1",0.00142335970792815,NA,0.17047308319739,0.414792603698151,0.481175132130904,TRUE,"Oligo"
"EDN1",0.00141452781046091,NA,0.169657422512235,0.226386806596702,0.44411532354203,FALSE,"Oligo"
"DSPP",0.00136392977321261,NA,0.16884176182708,0.349325337331334,0.446218496591121,FALSE,"Oligo"
"DEFB4B",0.00135597589823572,NA,0.168026101141925,0.414792603698151,0.481175132130904,FALSE,"Oligo"
"NECTIN4",0.00135124402136216,NA,0.16721044045677,0.423788105947026,0.484724957782547,FALSE,"Oligo"
"SHH",0.00133832036790745,NA,0.166394779771615,0.32783608195902,0.44411532354203,FALSE,"Oligo"
"PNOC",0.00133700541428096,NA,0.16557911908646,0.27336331834083,0.44411532354203,FALSE,"Oligo"
"TSPAN3",0.00132012286079563,NA,0.164763458401305,0.423788105947026,0.484724957782547,FALSE,"Oligo"
"TIMP3",0.001285397950987,NA,0.16394779771615,0.423288355822089,0.484724957782547,FALSE,"Oligo"
"FGF23",0.00127781117432823,NA,0.163132137030995,0.395802098950525,0.469368413566692,FALSE,"Oligo"
"SFRP1",0.00126702313225406,NA,0.16231647634584,0.404297851074463,0.475758758468988,FALSE,"Oligo"
"SIGLEC1",0.00126151378810321,NA,0.161500815660685,0.411294352823588,0.47984341162752,FALSE,"Oligo"
"SPAG11B",0.00125603599760673,NA,0.16068515497553,0.408295852073963,0.477710046600387,FALSE,"Oligo"
"NID1",0.00125566199777589,NA,0.159869494290375,0.421789105447276,0.484247098568804,FALSE,"Oligo"
"ZNRF3",0.00124913072285357,NA,0.15905383360522,0.416791604197901,0.482037908609195,FALSE,"Oligo"
"MMP7",0.0012293196183192,NA,0.158238172920065,0.412793603198401,0.480220478554645,FALSE,"Oligo"
"DLL1",0.00122249006832322,NA,0.15742251223491,0.399300349825087,0.472145683914799,FALSE,"Oligo"
"HLA-DRB1",0.00121879204464612,NA,0.156606851549755,0.394302848575712,0.468636805628194,FALSE,"Oligo"
"AGT",0.00121838858922825,NA,0.1557911908646,0.248875562218891,0.44411532354203,FALSE,"Oligo"
"ECM1",0.0011837056381225,NA,0.154975530179445,0.426286856571714,0.487128170989132,FALSE,"Oligo"
"SLAMF7",0.00117622202936717,NA,0.15415986949429,0.433783108445777,0.493393043496822,FALSE,"Oligo"
"CEACAM5",0.00117507035093085,NA,0.153344208809135,0.417291354322839,0.482037908609195,FALSE,"Oligo"
"RLN1",0.00116199611424106,NA,0.15252854812398,0.43728135932034,0.494616495999461,FALSE,"Oligo"
"PCDHA8",0.00113422441362698,NA,0.151712887438825,0.418290854572714,0.482037908609195,FALSE,"Oligo"
"PCDHA5",0.00112391307749273,NA,0.15089722675367,0.418290854572714,0.482037908609195,FALSE,"Oligo"
"PCDHA11",0.00112321237714897,NA,0.150081566068515,0.418290854572714,0.482037908609195,FALSE,"Oligo"
"DCN",0.00111807819821598,NA,0.149265905383361,0.414292853573213,0.481175132130904,FALSE,"Oligo"
"NTNG2",0.00109637219259763,NA,0.148450244698206,0.426786606696652,0.487244728055357,FALSE,"Oligo"
"TNFRSF14",0.00107911055088918,NA,0.147634584013051,0.319340329835082,0.44411532354203,FALSE,"Oligo"
"PCDHA1",0.00107507025244485,NA,0.146818923327896,0.421789105447276,0.484247098568804,FALSE,"Oligo"
"DSC3",0.0010666515760112,NA,0.146003262642741,0.430284857571214,0.490781145739979,FALSE,"Oligo"
"CCL27",0.00105701291608103,NA,0.145187601957586,0.258870564717641,0.44411532354203,FALSE,"Oligo"
"ADAM21",0.00103190622558956,NA,0.144371941272431,0.299850074962519,0.44411532354203,FALSE,"Oligo"
"CLDN24",0.00100887320256669,NA,0.143556280587276,0.422788605697151,0.484724957782547,FALSE,"Oligo"
"CD226",0.00100756645899315,NA,0.142740619902121,0.421789105447276,0.484247098568804,FALSE,"Oligo"
"ACE",0.000985719036763498,NA,0.141924959216966,0.401799100449775,0.473728487055798,FALSE,"Oligo"
"CD9",0.000945474282238856,NA,0.141109298531811,0.374812593703148,0.455049977488956,FALSE,"Oligo"
"ITIH2",0.000943542896291305,NA,0.140293637846656,0.442778610694653,0.49899153459149,FALSE,"Oligo"
"SDK2",0.000936920671351079,NA,0.139477977161501,0.449775112443778,0.504555414600392,FALSE,"Oligo"
"PI16",0.000934451701402219,NA,0.138662316476346,0.436281859070465,0.494398961481332,FALSE,"Oligo"
"CNTN1",0.000890827325062961,NA,0.137846655791191,0.433783108445777,0.493393043496822,FALSE,"Oligo"
"CNMD",0.000887515540450027,NA,0.137030995106036,0.436281859070465,0.494398961481332,FALSE,"Oligo"
"LRP1B",0.000808929516550026,NA,0.136215334420881,0.435782108945527,0.494398961481332,FALSE,"Oligo"
"SOST",0.000769195554285885,NA,0.135399673735726,0.456271864067966,0.508583287973847,FALSE,"Oligo"
"IL3",0.000700681615346854,NA,0.134584013050571,0.371814092953523,0.454109934065868,FALSE,"Oligo"
"ADAM17",0.000690685610254586,NA,0.133768352365416,0.274862568715642,0.44411532354203,FALSE,"Oligo"
"CD5L",0.000681846589582064,NA,0.132952691680261,0.379810094952524,0.459296511665194,FALSE,"Oligo"
"IL2",0.000680056925181774,NA,0.132137030995106,0.344827586206897,0.44464609800363,FALSE,"Oligo"
"CDH6",0.000673489728567651,NA,0.131321370309951,0.435782108945527,0.494398961481332,FALSE,"Oligo"
"RSPO1",0.000659414780843387,NA,0.130505709624796,0.441779110444778,0.498323582223621,FALSE,"Oligo"
"INSL5",0.000643269299818172,NA,0.129690048939641,0.289855072463768,0.44411532354203,FALSE,"Oligo"
"CDH5",0.000598511318226253,NA,0.128874388254486,0.449275362318841,0.504456754207681,FALSE,"Oligo"
"C6orf15",0.000581578774301448,NA,0.128058727569331,0.461769115442279,0.511082455162311,FALSE,"Oligo"
"GPHB5",0.00053057241075911,NA,0.127243066884176,0.453273363318341,0.507086639328738,FALSE,"Oligo"
"ADCYAP1",0.000515258074543024,NA,0.126427406199021,0.358820589705147,0.450825869116724,FALSE,"Oligo"
"RSPO3",0.000509629697527752,NA,0.125611745513866,0.458770614692654,0.509514055302358,FALSE,"Oligo"
"CCL1",0.000490153090772076,NA,0.124796084828711,0.457271364317841,0.508771499808679,FALSE,"Oligo"
"HSP90B1",0.000425047918021382,NA,0.123980424143556,0.452273863068466,0.506894311307292,FALSE,"Oligo"
"TNFSF13",0.000415140921734482,NA,0.123164763458401,0.370814592703648,0.454109934065868,FALSE,"Oligo"
"SPON2",0.000409383641779129,NA,0.122349102773246,0.465267366316842,0.512547233577456,FALSE,"Oligo"
"PCDHA6",0.000344235780941172,NA,0.121533442088091,0.466266866566717,0.513186802825003,FALSE,"Oligo"
"RSPO2",0.000327261267892454,NA,0.120717781402936,0.462268865567216,0.511082455162311,FALSE,"Oligo"
"JAG2",0.000326812043874414,NA,0.119902120717781,0.464267866066967,0.51190651299013,FALSE,"Oligo"
"IL1B",0.000309064302430441,NA,0.119086460032626,0.432783608195902,0.493172018641842,FALSE,"Oligo"
"KLK3",0.000271668601558462,NA,0.118270799347471,0.48175912043978,0.525984779446284,FALSE,"Oligo"
"ADGRE5",0.000265711655478964,NA,0.117455138662316,0.452773613193403,0.506990563219304,FALSE,"Oligo"
"RET",0.000235453577587147,NA,0.116639477977161,0.461269365317341,0.511082455162311,FALSE,"Oligo"
"FST",0.000196903486826715,NA,0.115823817292007,0.454772613693153,0.507836327961817,FALSE,"Oligo"
"HLA-DMA",0.000187202863129427,NA,0.115008156606852,0.479260369815092,0.523723419289463,FALSE,"Oligo"
"ADGRF5",0.000179906761398632,NA,0.114192495921697,0.446776611694153,0.502572405257426,FALSE,"Oligo"
"PDGFA",0.00015505892580685,NA,0.113376835236542,0.416791604197901,0.482037908609195,FALSE,"Oligo"
"PCDHA13",0.000151977221896937,NA,0.112561174551387,0.463268365817091,0.511264637951295,FALSE,"Oligo"
"PROK2",0.000142876983365379,NA,0.111745513866232,0.207896051974013,0.44411532354203,FALSE,"Oligo"
"THBS1",0.000115594726462809,NA,0.110929853181077,0.474762618690655,0.520666255949912,FALSE,"Oligo"
"CEACAM20",0.000111687748009358,NA,0.110114192495922,0.474762618690655,0.520666255949912,FALSE,"Oligo"
"PIP",9.47176613963942e-05,NA,0.109298531810767,0.48575712143928,0.529406115447614,FALSE,"Oligo"
"CCN4",8.98130942683584e-05,NA,0.108482871125612,0.469765117441279,0.516109658175397,FALSE,"Oligo"
"ANGPTL2",7.64883774709586e-05,NA,0.107667210440457,0.319340329835082,0.44411532354203,FALSE,"Oligo"
"CCN3",6.19871996160903e-05,NA,0.106851549755302,0.460269865067466,0.510716109336636,FALSE,"Oligo"
"CLEC2D",5.26418805531114e-05,NA,0.106035889070147,0.385307346326837,0.462746567892524,FALSE,"Oligo"
"RLN2",5.21881726949388e-05,NA,0.105220228384992,0.497751124437781,0.538168691470681,FALSE,"Oligo"
"RARRES2",3.30213766564977e-05,NA,0.104404567699837,0.463268365817091,0.511264637951295,FALSE,"Oligo"
"THPO",1.26959160748946e-05,NA,0.103588907014682,0.343328335832084,0.44411532354203,FALSE,"Oligo"
"LFNG",1.14527517396768e-05,NA,0.102773246329527,0.479260369815092,0.523723419289463,FALSE,"Oligo"
"NECTIN3",-1.59702388302613e-05,NA,0.101957585644372,0.386306846576712,0.46303902843099,FALSE,"Oligo"
"VSTM4",-2.24118490930396e-05,NA,0.101141924959217,0.492253873063468,0.534584214984706,FALSE,"Oligo"
"CADM3",-2.90752277983983e-05,NA,0.100326264274062,0.456771614192904,0.508677479442097,FALSE,"Oligo"
"CDH9",-5.3982322342853e-05,NA,0.099510603588907,0.47576211894053,0.521295702774731,FALSE,"Oligo"
"LTF",-0.00010596329719172,NA,0.098694942903752,0.40679660169915,0.47732359873703,FALSE,"Oligo"
"SEMA4G",-0.000111066795319392,NA,0.0978792822185971,0.492753623188406,0.53465295695819,FALSE,"Oligo"
"MMP15",-0.000122622952386964,NA,0.0970636215334421,0.491254372813593,0.534446364739477,FALSE,"Oligo"
"SECTM1",-0.000123928136609892,NA,0.0962479608482871,0.479260369815092,0.523723419289463,FALSE,"Oligo"
"DLK1",-0.000148642209362671,NA,0.0954323001631321,0.419790104947526,0.483310976090902,FALSE,"Oligo"
"S100A10",-0.00017908793634577,NA,0.0946166394779772,0.501249375312344,0.541473090615186,FALSE,"Oligo"
"RBP3",-0.000189872698433522,NA,0.0938009787928222,0.482258870564718,0.526061546252697,FALSE,"Oligo"
"CIB1",-0.000255929752048402,NA,0.0929853181076672,0.503248375812094,0.542198118179257,FALSE,"Oligo"
"GC",-0.000273810958602147,NA,0.0921696574225122,0.493753123438281,0.535263341780437,FALSE,"Oligo"
"PTH",-0.000289777228020399,NA,0.0913539967373573,0.393303348325837,0.468636805628194,FALSE,"Oligo"
"IGFBP4",-0.000296413299454926,NA,0.0905383360522023,0.502748625687156,0.542198118179257,FALSE,"Oligo"
"ZP3",-0.00031581888050039,NA,0.0897226753670473,0.503248375812094,0.542198118179257,FALSE,"Oligo"
"IGFBPL1",-0.000408531184068808,NA,0.0889070146818923,0.491754122938531,0.534515351020142,FALSE,"Oligo"
"ANTXR1",-0.000533635117888432,NA,0.0880913539967374,0.515242378810595,0.55172370108652,FALSE,"Oligo"
"ESM1",-0.000612358267864198,NA,0.0872756933115824,0.52023988005997,0.554650872996922,FALSE,"Oligo"
"COL10A1",-0.000737229258460554,NA,0.0864600326264274,0.454272863568216,0.507741111196227,FALSE,"Oligo"
"PSAP",-0.000770372875240054,NA,0.0856443719412724,0.519740129935032,0.554650872996922,FALSE,"Oligo"
"DKK4",-0.00082650515746562,NA,0.0848287112561175,0.535732133933034,0.568693123109156,FALSE,"Oligo"
"RAET1G",-0.000856265037347665,NA,0.0840130505709625,0.522738630684658,0.556830280511918,FALSE,"Oligo"
"ASIP",-0.000965852624199705,NA,0.0831973898858075,0.52023988005997,0.554650872996922,FALSE,"Oligo"
"CD34",-0.00113775260531507,NA,0.0823817292006525,0.544227886056971,0.575219292855729,FALSE,"Oligo"
"TNFSF4",-0.00114752302346078,NA,0.0815660685154976,0.539230384807596,0.570922403966556,FALSE,"Oligo"
"DKK2",-0.0012645165371272,NA,0.0807504078303426,0.559220389805097,0.586511110882915,TRUE,"Oligo"
"DLK2",-0.00136576277824443,NA,0.0799347471451876,0.549725137431284,0.579529512352258,FALSE,"Oligo"
"CYTL1",-0.00139989995170829,NA,0.0791190864600326,0.549225387306347,0.579501377648816,TRUE,"Oligo"
"TNFSF10",-0.00147624597387039,NA,0.0783034257748776,0.333333333333333,0.44411532354203,FALSE,"Oligo"
"LIF",-0.00150235335269294,NA,0.0774877650897227,0.405297351324338,0.476477212449437,FALSE,"Oligo"
"PLAU",-0.00156558174936746,NA,0.0766721044045677,0.515242378810595,0.55172370108652,FALSE,"Oligo"
"PTDSS1",-0.00160507992838491,NA,0.0758564437194127,0.567216391804098,0.593880410222239,FALSE,"Oligo"
"TPSG1",-0.00167871659389716,NA,0.0750407830342577,0.55672163918041,0.584390752353044,FALSE,"Oligo"
"MIF",-0.00173384938377992,NA,0.0742251223491028,0.529735132433783,0.563303417735577,FALSE,"Oligo"
"CDHR2",-0.00174449176821658,NA,0.0734094616639478,0.577211394302849,0.6027996232063,FALSE,"Oligo"
"GNRH1",-0.00176250282548796,NA,0.0725938009787928,0.386806596701649,0.463184829872454,FALSE,"Oligo"
"NMU",-0.00177889001086955,NA,0.0717781402936378,0.296351824087956,0.44411532354203,FALSE,"Oligo"
"CRTAM",-0.00179772431693448,NA,0.0709624796084829,0.539230384807596,0.570922403966556,FALSE,"Oligo"
"LRCH4",-0.00186133819351126,NA,0.0701468189233279,0.586206896551724,0.611151870873074,FALSE,"Oligo"
"ADM",-0.0018782293538285,NA,0.0693311582381729,0.455272363818091,0.507931371290675,FALSE,"Oligo"
"PAM",-0.00209909273532059,NA,0.0685154975530179,0.598200899550225,0.622596518223471,FALSE,"Oligo"
"LTBP3",-0.00212817411664181,NA,0.067699836867863,0.600199900049975,0.624146755145348,FALSE,"Oligo"
"IL22",-0.00222153203475489,NA,0.066884176182708,0.559720139930035,0.586533080765007,FALSE,"Oligo"
"CD40",-0.00234728980588862,NA,0.066068515497553,0.373313343328336,0.454581357432616,FALSE,"Oligo"
"CADM2",-0.00235637091850738,NA,0.065252854812398,0.550724637681159,0.580083990678779,FALSE,"Oligo"
"OSM",-0.00237014832598932,NA,0.0644371941272431,0.486256871564218,0.529479704592148,FALSE,"Oligo"
"IL24",-0.00242943171578945,NA,0.0636215334420881,0.510244877561219,0.548770829686123,FALSE,"Oligo"
"CXCL1",-0.00252050561489177,NA,0.0628058727569331,0.326836581709145,0.44411532354203,FALSE,"Oligo"
"BMP7",-0.0025489863345728,NA,0.0619902120717781,0.438780609695152,0.495854471288341,FALSE,"Oligo"
"CLEC4G",-0.00256847314115681,NA,0.0611745513866232,0.621689155422289,0.642132559352701,FALSE,"Oligo"
"IL17A",-0.00258929805818891,NA,0.0603588907014682,0.447776111944028,0.503234621221499,FALSE,"Oligo"
"NPTX2",-0.0026417317238189,NA,0.0595432300163132,0.625187406296852,0.645201830424299,FALSE,"Oligo"
"IL10",-0.00267321279488389,NA,0.0587275693311582,0.55472263868066,0.583292044964642,FALSE,"Oligo"
"PCDHGB6",-0.00270117033586794,NA,0.0579119086460033,0.617191404297851,0.639080797439118,FALSE,"Oligo"
"FGF8",-0.00275161941445359,NA,0.0570962479608483,0.44527736131934,0.501346293764882,FALSE,"Oligo"
"NODAL",-0.0028295898779177,NA,0.0562805872756933,0.510744627686157,0.548826463961002,FALSE,"Oligo"
"FGF19",-0.00287476110932077,NA,0.0554649265905383,0.397301349325337,0.470690670138818,FALSE,"Oligo"
"IL15",-0.00296491015354319,NA,0.0546492659053834,0.553723138430785,0.582741275410405,TRUE,"Oligo"
"NELL2",-0.00297909559057291,NA,0.0538336052202284,0.617691154422789,0.639080797439118,FALSE,"Oligo"
"IL32",-0.00310376407994312,NA,0.0530179445350734,0.462268865567216,0.511082455162311,FALSE,"Oligo"
"RARRES1",-0.00317119760827819,NA,0.0522022838499184,0.524737631184408,0.558474021025977,FALSE,"Oligo"
"CNTN5",-0.00317169893861245,NA,0.0513866231647635,0.64767616191904,0.667847894234701,FALSE,"Oligo"
"CX3CL1",-0.0033279802762731,NA,0.0505709624796085,0.468765617191404,0.515473860915144,FALSE,"Oligo"
"IL4",-0.00335439890026377,NA,0.0497553017944535,0.602198900549725,0.625694362318417,FALSE,"Oligo"
"IL19",-0.00335896797388763,NA,0.0489396411092985,0.436781609195402,0.494507829264665,FALSE,"Oligo"
"MFNG",-0.00341283321594883,NA,0.0481239804241436,0.651174412793603,0.67032660140518,FALSE,"Oligo"
"LY86",-0.00352565672870397,NA,0.0473083197389886,0.656171914042978,0.674903941815826,FALSE,"Oligo"
"CSF3",-0.00361698007183846,NA,0.0464926590538336,0.458270864567716,0.509420879396962,FALSE,"Oligo"
"CXCL12",-0.00365175348303307,NA,0.0456769983686786,0.504747626186906,0.543335537854974,FALSE,"Oligo"
"ANGPT1",-0.00376776589984584,NA,0.0448613376835237,0.512743628185907,0.550009583649506,FALSE,"Oligo"
"IL1A",-0.00377896836557071,NA,0.0440456769983687,0.497251374312844,0.538103298174234,FALSE,"Oligo"
"APLN",-0.00377991300391197,NA,0.0432300163132137,0.440779610194903,0.497654398607148,FALSE,"Oligo"
"IFNA1",-0.00381977277137656,NA,0.0424143556280587,0.584207896051974,0.609586603631745,FALSE,"Oligo"
"MST1",-0.00381977420035813,NA,0.0415986949429038,0.540229885057471,0.571486709149743,FALSE,"Oligo"
"TEX101",-0.00383131367365593,NA,0.0407830342577488,0.680659670164918,0.696581533794506,FALSE,"Oligo"
"PF4",-0.00385930952264967,NA,0.0399673735725938,0.496251874062969,0.537496503737521,FALSE,"Oligo"
"CALR",-0.00396458261763931,NA,0.0391517128874388,0.555222388805597,0.583316832149963,FALSE,"Oligo"
"MYOC",-0.00409753327204482,NA,0.0383360522022839,0.547726136931534,0.57841768770787,FALSE,"Oligo"
"DBH",-0.00413373929226797,NA,0.0375203915171289,0.51624187906047,0.552311180654214,FALSE,"Oligo"
"LTB",-0.00415030410598325,NA,0.0367047308319739,0.534732633683158,0.568124437347675,FALSE,"Oligo"
"EXOC3-AS1",-0.00417732286349315,NA,0.0358890701468189,0.694152923538231,0.706260241972037,FALSE,"Oligo"
"SPARC",-0.00419557165376137,NA,0.0350734094616639,0.519740129935032,0.554650872996922,FALSE,"Oligo"
"CFAP54",-0.00433181240962588,NA,0.034257748776509,0.67416291854073,0.690509678271232,FALSE,"Oligo"
"DLL4",-0.00441872822166182,NA,0.033442088091354,0.722138930534733,0.732301481709476,FALSE,"Oligo"
"TGFA",-0.00446952163045914,NA,0.032626427406199,0.536731634182909,0.569260824133388,FALSE,"Oligo"
"CADM1",-0.00450783884014845,NA,0.031810766721044,0.577211394302849,0.6027996232063,FALSE,"Oligo"
"TGFB1",-0.00452738116576815,NA,0.0309951060358891,0.692153923038481,0.705907445611637,FALSE,"Oligo"
"IGFL1",-0.00459108985722338,NA,0.0301794453507341,0.648675662168916,0.668315968172348,FALSE,"Oligo"
"JAG1",-0.0046779599222194,NA,0.0293637846655791,0.670664667666167,0.687501437565736,FALSE,"Oligo"
"FGF10",-0.00468509859817335,NA,0.0285481239804241,0.512243878060969,0.549955083807789,FALSE,"Oligo"
"NGF",-0.00480224403745987,NA,0.0277324632952692,0.575712143928036,0.60226078250371,FALSE,"Oligo"
"CSF2",-0.0048186381418231,NA,0.0269168026101142,0.606696651674163,0.629300083235266,FALSE,"Oligo"
"IL36A",-0.00491774004577285,NA,0.0261011419249592,0.68215892053973,0.697533119917504,FALSE,"Oligo"
"GDF2",-0.00494872033478899,NA,0.0252854812398042,0.621689155422289,0.642132559352701,FALSE,"Oligo"
"BMP2",-0.00506653787472721,NA,0.0244698205546493,0.696651674162919,0.708214357551515,FALSE,"Oligo"
"PRRG4",-0.00535384834842967,NA,0.0236541598694943,0.746626686656672,0.755882389383821,FALSE,"Oligo"
"MMRN2",-0.005408698220439,NA,0.0228384991843393,0.756621689155422,0.764106817160257,FALSE,"Oligo"
"CSF1",-0.00540930629517651,NA,0.0220228384991843,0.5952023988006,0.620002498750625,FALSE,"Oligo"
"ELFN1",-0.00558887363451859,NA,0.0212071778140294,0.768115942028985,0.775075806413103,FALSE,"Oligo"
"FGF1",-0.00575925171408027,NA,0.0203915171288744,0.606696651674163,0.629300083235266,FALSE,"Oligo"
"CKLF",-0.00580908345349785,NA,0.0195758564437194,0.773613193403298,0.779338948946579,FALSE,"Oligo"
"GDNF",-0.00596655607912034,NA,0.0187601957585644,0.693653173413293,0.706260241972037,FALSE,"Oligo"
"SLITRK3",-0.00614657680932105,NA,0.0179445350734095,0.783108445777111,0.787609069028704,FALSE,"Oligo"
"LAMA2",-0.00617622827484023,NA,0.0171288743882545,0.662168915542229,0.679930361726094,FALSE,"Oligo"
"EPCAM",-0.00625714729063825,NA,0.0163132137030995,0.754122938530735,0.762211715924216,FALSE,"Oligo"
"CXCL8",-0.00628247884424818,NA,0.0154975530179445,0.689655172413793,0.704022988505747,FALSE,"Oligo"
"CD6",-0.00634513669983982,NA,0.0146818923327896,0.7976011994003,0.801371855056078,FALSE,"Oligo"
"MFAP5",-0.00636231713573576,NA,0.0138662316476346,0.798100949525237,0.801371855056078,FALSE,"Oligo"
"CCL28",-0.00637526171625312,NA,0.0130505709624796,0.617691154422789,0.639080797439118,FALSE,"Oligo"
"VEGFC",-0.00655120910554657,NA,0.0122349102773246,0.657171414292854,0.675364918212035,FALSE,"Oligo"
"TGM2",-0.00655656578394486,NA,0.0114192495921697,0.751624187906047,0.760313484876059,FALSE,"Oligo"
"PRNP",-0.00657209500441357,NA,0.0106035889070147,0.714142928535732,0.725300150256272,FALSE,"Oligo"
"PDGFD",-0.00660419831493771,NA,0.00978792822185971,0.769115442278861,0.775445610528069,FALSE,"Oligo"
"BDNF",-0.00662750412113035,NA,0.00897226753670473,0.781109445277361,0.786244100628404,FALSE,"Oligo"
"AREG",-0.00664182724830695,NA,0.00815660685154975,0.668165917041479,0.685513608354951,FALSE,"Oligo"
"IL36G",-0.00686966672241576,NA,0.00734094616639478,0.684657671164418,0.699504292891086,FALSE,"Oligo"
"IL36B",-0.0072399572473418,NA,0.0065252854812398,0.71464267866067,0.725300150256272,FALSE,"Oligo"
"CD274",-0.00733154206491219,NA,0.00570962479608483,0.692653673163418,0.705907445611637,FALSE,"Oligo"
"CCL2",-0.00758119672850131,NA,0.00489396411092985,0.746626686656672,0.755882389383821,FALSE,"Oligo"
"TNFSF11",-0.00782597811488314,NA,0.00407830342577488,0.822588705647176,0.82528350894168,FALSE,"Oligo"
"DLL3",-0.00845740275700245,NA,0.0032626427406199,0.88055972013993,0.88055972013993,FALSE,"Oligo"
"IGFL2",-0.00859182314212794,NA,0.00244698205546493,0.875562218890555,0.876277547500759,FALSE,"Oligo"
"IL7",-0.00908062594641108,NA,0.00163132137030995,0.859570214892554,0.861680452735989,FALSE,"Oligo"
"IL5",-0.00921042028864475,NA,0.000815660685154976,0.867566216891554,0.868984967859488,FALSE,"Oligo"
"IGFL3",NA,NA,1,NA,NA,FALSE,"Oligo"
"NTF4",0.0403273663971651,NA,0.999184339314845,0.000499750124937531,0.306096951524238,FALSE,"OPC"
"CCL19",0.0376274039273731,NA,0.99836867862969,0.000499750124937531,0.306096951524238,FALSE,"OPC"
"NPHS1",0.0346008399851368,NA,0.997553017944535,0.00549725137431284,0.688046875684964,FALSE,"OPC"
"NTF3",0.0301561176258349,NA,0.99673735725938,0.00299850074962519,0.688046875684964,FALSE,"OPC"
"HBEGF",0.0290702981891904,NA,0.995921696574225,0.00249875062468766,0.688046875684964,FALSE,"OPC"
"FGF10",0.0266495415759235,NA,0.99510603588907,0.00699650174912544,0.688046875684964,FALSE,"OPC"
"TGFB1",0.0256318544617846,NA,0.994290375203915,0.00499750124937531,0.688046875684964,FALSE,"OPC"
"EDIL3",0.0256205715771174,NA,0.99347471451876,0.00149925037481259,0.612193903048476,FALSE,"OPC"
"SLITRK1",0.0244980102857383,NA,0.992659053833605,0.00449775112443778,0.688046875684964,FALSE,"OPC"
"CSF3",0.0241135690812248,NA,0.99184339314845,0.0119940029985007,0.688046875684964,FALSE,"OPC"
"FGF7",0.023666709720061,NA,0.991027732463295,0.0104947526236882,0.688046875684964,FALSE,"OPC"
"IGF2",0.0227274129797615,NA,0.99021207177814,0.0124937531234383,0.688046875684964,FALSE,"OPC"
"PDGFA",0.0225099316747576,NA,0.989396411092985,0.00999500249875063,0.688046875684964,FALSE,"OPC"
"TGM2",0.022410019654561,NA,0.98858075040783,0.0119940029985007,0.688046875684964,FALSE,"OPC"
"GDNF",0.0215038007976715,NA,0.987765089722675,0.0179910044977511,0.688046875684964,FALSE,"OPC"
"OXT",0.0214556726500355,NA,0.98694942903752,0.0134932533733133,0.688046875684964,FALSE,"OPC"
"PF4V1",0.0212478250046537,NA,0.986133768352365,0.0104947526236882,0.688046875684964,FALSE,"OPC"
"CHAD",0.0208869903931899,NA,0.98531810766721,0.0184907546226887,0.688046875684964,FALSE,"OPC"
"BDNF",0.0204565882013614,NA,0.984502446982055,0.0169915042478761,0.688046875684964,FALSE,"OPC"
"CCL20",0.0195771127404707,NA,0.983686786296901,0.00999500249875063,0.688046875684964,FALSE,"OPC"
"ANGPTL4",0.0193857636269457,NA,0.982871125611745,0.0294852573713143,0.688046875684964,FALSE,"OPC"
"HAS1",0.0191049113360648,NA,0.982055464926591,0.0174912543728136,0.688046875684964,FALSE,"OPC"
"FAM3C",0.0189301543207853,NA,0.981239804241436,0.0254872563718141,0.688046875684964,FALSE,"OPC"
"S100A9",0.017808550942162,NA,0.980424143556281,0.0249875062468766,0.688046875684964,FALSE,"OPC"
"COL22A1",0.0171957172877093,NA,0.979608482871126,0.0264867566216892,0.688046875684964,FALSE,"OPC"
"LY9",0.0171653517454803,NA,0.978792822185971,0.0359820089955022,0.688046875684964,FALSE,"OPC"
"BMP4",0.0168234765382625,NA,0.977977161500816,0.0484757621189405,0.688046875684964,FALSE,"OPC"
"IFITM1",0.0164482450966108,NA,0.977161500815661,0.0334832583708146,0.688046875684964,FALSE,"OPC"
"TNFSF12",0.0163668703698966,NA,0.976345840130506,0.0514742628685657,0.688046875684964,FALSE,"OPC"
"ANGPT4",0.0156921759158555,NA,0.975530179445351,0.0349825087456272,0.688046875684964,FALSE,"OPC"
"WBP1",0.01551399857949,NA,0.974714518760196,0.039480259870065,0.688046875684964,FALSE,"OPC"
"ZDHHC5",0.0154646023187664,NA,0.973898858075041,0.04047976011994,0.688046875684964,FALSE,"OPC"
"NMU",0.0154345133884012,NA,0.973083197389886,0.0769615192403798,0.688046875684964,FALSE,"OPC"
"FGF21",0.0152270210005966,NA,0.972267536704731,0.0574712643678161,0.688046875684964,FALSE,"OPC"
"PGLYRP1",0.0147744631854174,NA,0.971451876019576,0.0424787606196902,0.688046875684964,FALSE,"OPC"
"ANG",0.0145701612841736,NA,0.970636215334421,0.0434782608695652,0.688046875684964,FALSE,"OPC"
"HMGB1",0.0139989647607155,NA,0.969820554649266,0.055472263868066,0.688046875684964,FALSE,"OPC"
"POSTN",0.0139874179638173,NA,0.969004893964111,0.0629685157421289,0.688046875684964,FALSE,"OPC"
"IL18",0.0138822035480173,NA,0.968189233278956,0.0584707646176912,0.688046875684964,FALSE,"OPC"
"PCDHA7",0.013860418855144,NA,0.967373572593801,0.0584707646176912,0.688046875684964,FALSE,"OPC"
"BACE2",0.0138084016881178,NA,0.966557911908646,0.0614692653673163,0.688046875684964,FALSE,"OPC"
"LVRN",0.0134695036592031,NA,0.965742251223491,0.0524737631184408,0.688046875684964,FALSE,"OPC"
"NOG",0.013098412647891,NA,0.964926590538336,0.0659670164917541,0.688046875684964,FALSE,"OPC"
"HLA-DRB3",0.0130316960805672,NA,0.964110929853181,0.063968015992004,0.688046875684964,FALSE,"OPC"
"WNT1",0.0129844459860635,NA,0.963295269168026,0.0834582708645677,0.688046875684964,FALSE,"OPC"
"ADM",0.0127703536112232,NA,0.962479608482871,0.0539730134932534,0.688046875684964,FALSE,"OPC"
"JAM2",0.0125626766956036,NA,0.961663947797716,0.0684657671164418,0.688046875684964,FALSE,"OPC"
"MUC4",0.0123664322343302,NA,0.960848287112561,0.0784607696151924,0.688046875684964,FALSE,"OPC"
"OMG",0.0122653452802005,NA,0.960032626427406,0.0899550224887556,0.688046875684964,FALSE,"OPC"
"MPDZ",0.012090090745301,NA,0.959216965742251,0.079960019990005,0.688046875684964,FALSE,"OPC"
"SERPINE2",0.0120817428572415,NA,0.958401305057096,0.0774612693653173,0.688046875684964,FALSE,"OPC"
"IL10",0.0119334916699884,NA,0.957585644371941,0.0859570214892554,0.688046875684964,FALSE,"OPC"
"FAM200A",0.0118480244584419,NA,0.956769983686786,0.0829585207396302,0.688046875684964,FALSE,"OPC"
"FLRT3",0.0118180336704854,NA,0.955954323001631,0.0829585207396302,0.688046875684964,FALSE,"OPC"
"TAC1",0.0117796719140391,NA,0.955138662316476,0.0834582708645677,0.688046875684964,FALSE,"OPC"
"APP",0.0117294686540327,NA,0.954323001631321,0.102448775612194,0.688046875684964,FALSE,"OPC"
"HRG",0.011689301858403,NA,0.953507340946166,0.0814592703648176,0.688046875684964,FALSE,"OPC"
"NEO1",0.0115402406978615,NA,0.952691680261011,0.0934532733633183,0.688046875684964,FALSE,"OPC"
"PCDH15",0.0114417519370411,NA,0.951876019575856,0.0919540229885057,0.688046875684964,FALSE,"OPC"
"CCL7",0.0113822214099048,NA,0.951060358890702,0.0969515242378811,0.688046875684964,FALSE,"OPC"
"PSG9",0.011295445088041,NA,0.950244698205546,0.0914542728635682,0.688046875684964,FALSE,"OPC"
"PDGFC",0.0112640067475097,NA,0.949429037520392,0.100449775112444,0.688046875684964,FALSE,"OPC"
"RARRES1",0.0112229411267952,NA,0.948613376835236,0.104447776111944,0.688046875684964,FALSE,"OPC"
"IL36A",0.0112179407685565,NA,0.947797716150082,0.0999500249875062,0.688046875684964,FALSE,"OPC"
"SIGLEC6",0.0111954643846517,NA,0.946982055464927,0.0939530234882559,0.688046875684964,FALSE,"OPC"
"IL1A",0.0111759743770743,NA,0.946166394779772,0.107946026986507,0.688046875684964,FALSE,"OPC"
"HJV",0.0108077834419203,NA,0.945350734094617,0.107946026986507,0.688046875684964,FALSE,"OPC"
"TDGF1",0.0107186067490195,NA,0.944535073409462,0.0984507746126937,0.688046875684964,FALSE,"OPC"
"ADAM29",0.0106590568545533,NA,0.943719412724307,0.106446776611694,0.688046875684964,FALSE,"OPC"
"FCRL6",0.0105517480942468,NA,0.942903752039152,0.107946026986507,0.688046875684964,FALSE,"OPC"
"BMP1",0.0105475226790484,NA,0.942088091353997,0.11744127936032,0.688046875684964,FALSE,"OPC"
"IBSP",0.0105297786902633,NA,0.941272430668842,0.100449775112444,0.688046875684964,FALSE,"OPC"
"IHH",0.0105009845304371,NA,0.940456769983687,0.0819590204897551,0.688046875684964,FALSE,"OPC"
"ADGRB1",0.0103850493647069,NA,0.939641109298532,0.116441779110445,0.688046875684964,FALSE,"OPC"
"LAMA4",0.0103427791638767,NA,0.938825448613377,0.117941029485257,0.688046875684964,FALSE,"OPC"
"IFNA7",0.0101944816472655,NA,0.938009787928222,0.114942528735632,0.688046875684964,FALSE,"OPC"
"CCL1",0.0100272940607915,NA,0.937194127243067,0.132933533233383,0.688046875684964,FALSE,"OPC"
"LACRT",0.0100150024451799,NA,0.936378466557912,0.12343828085957,0.688046875684964,FALSE,"OPC"
"GDF5",0.00998681274225849,NA,0.935562805872757,0.111944027986007,0.688046875684964,FALSE,"OPC"
"IFNA5",0.00955232717625061,NA,0.934747145187602,0.129435282358821,0.688046875684964,FALSE,"OPC"
"PCDHA4",0.00952509179664313,NA,0.933931484502447,0.141929035482259,0.688046875684964,FALSE,"OPC"
"BMP7",0.00947170526655441,NA,0.933115823817292,0.139430284857571,0.688046875684964,FALSE,"OPC"
"IFNA14",0.00945751513713896,NA,0.932300163132137,0.131934032983508,0.688046875684964,FALSE,"OPC"
"GNRH1",0.0094415266767919,NA,0.931484502446982,0.132933533233383,0.688046875684964,FALSE,"OPC"
"IFNA21",0.00933462216719804,NA,0.930668841761827,0.134432783608196,0.688046875684964,FALSE,"OPC"
"CLDN1",0.00933081162138722,NA,0.929853181076672,0.138930534732634,0.688046875684964,FALSE,"OPC"
"MMP13",0.00928773694236304,NA,0.929037520391517,0.128435782108946,0.688046875684964,FALSE,"OPC"
"S100A4",0.00921760435488032,NA,0.928221859706362,0.135932033983008,0.688046875684964,FALSE,"OPC"
"CALCA",0.00916998801856202,NA,0.927406199021207,0.0909545227386307,0.688046875684964,FALSE,"OPC"
"NRG4",0.00912383858114866,NA,0.926590538336052,0.138930534732634,0.688046875684964,FALSE,"OPC"
"PDGFB",0.00910787250074041,NA,0.925774877650897,0.143428285857071,0.688046875684964,FALSE,"OPC"
"GDF1",0.00905998693498156,NA,0.924959216965742,0.147426286856572,0.688046875684964,FALSE,"OPC"
"IFNA4",0.00905962512033536,NA,0.924143556280587,0.142428785607196,0.688046875684964,FALSE,"OPC"
"CFD",0.00905478785745037,NA,0.923327895595432,0.145927036481759,0.688046875684964,FALSE,"OPC"
"MAG",0.00901193616504496,NA,0.922512234910277,0.141429285357321,0.688046875684964,FALSE,"OPC"
"IGFBPL1",0.00901128337900931,NA,0.921696574225122,0.154922538730635,0.688046875684964,FALSE,"OPC"
"DKK1",0.00884663772380616,NA,0.920880913539967,0.136931534232884,0.688046875684964,FALSE,"OPC"
"IFNE",0.00883935071901005,NA,0.920065252854812,0.137931034482759,0.688046875684964,FALSE,"OPC"
"PCDHA2",0.00883881810468105,NA,0.919249592169657,0.15392303848076,0.688046875684964,FALSE,"OPC"
"C1QB",0.00882491901127532,NA,0.918433931484502,0.144927536231884,0.688046875684964,FALSE,"OPC"
"LEFTY2",0.00866997433215447,NA,0.917618270799347,0.150424787606197,0.688046875684964,FALSE,"OPC"
"RETN",0.00865171086319202,NA,0.916802610114193,0.141429285357321,0.688046875684964,FALSE,"OPC"
"HDC",0.00862192559838697,NA,0.915986949429037,0.147926036981509,0.688046875684964,FALSE,"OPC"
"TCN2",0.00859427165193834,NA,0.915171288743883,0.147426286856572,0.688046875684964,FALSE,"OPC"
"GDF6",0.00859387702489752,NA,0.914355628058728,0.164917541229385,0.688046875684964,FALSE,"OPC"
"EXOC3-AS1",0.00858862543393017,NA,0.913539967373573,0.157421289355322,0.688046875684964,FALSE,"OPC"
"CXCL8",0.00858095649604126,NA,0.912724306688418,0.134932533733133,0.688046875684964,FALSE,"OPC"
"CFC1",0.00850016123274962,NA,0.911908646003263,0.160919540229885,0.688046875684964,FALSE,"OPC"
"IAPP",0.00844294995981466,NA,0.911092985318108,0.146926536731634,0.688046875684964,FALSE,"OPC"
"IL1RN",0.00843726821020701,NA,0.910277324632953,0.139430284857571,0.688046875684964,FALSE,"OPC"
"PCSK9",0.00843455181739316,NA,0.909461663947798,0.159420289855072,0.688046875684964,FALSE,"OPC"
"NAALADL1",0.00843382317038347,NA,0.908646003262643,0.156921539230385,0.688046875684964,FALSE,"OPC"
"VSIR",0.00834497322138843,NA,0.907830342577488,0.16591704147926,0.688046875684964,FALSE,"OPC"
"EPCAM",0.00833248064808787,NA,0.907014681892333,0.154922538730635,0.688046875684964,FALSE,"OPC"
"C10orf99",0.00828351933543829,NA,0.906199021207178,0.163418290854573,0.688046875684964,FALSE,"OPC"
"VEGFA",0.00826898160318835,NA,0.905383360522023,0.165417291354323,0.688046875684964,FALSE,"OPC"
"NRG3",0.0081801067719435,NA,0.904567699836868,0.163418290854573,0.688046875684964,FALSE,"OPC"
"SPX",0.00815883465570432,NA,0.903752039151713,0.186406796601699,0.688046875684964,FALSE,"OPC"
"AGRP",0.00813921545816044,NA,0.902936378466558,0.143428285857071,0.688046875684964,FALSE,"OPC"
"SPN",0.0081342448498227,NA,0.902120717781403,0.172413793103448,0.688046875684964,FALSE,"OPC"
"MIA",0.00810891669442304,NA,0.901305057096248,0.180409795102449,0.688046875684964,FALSE,"OPC"
"INHBB",0.00809900191185111,NA,0.900489396411093,0.170914542728636,0.688046875684964,FALSE,"OPC"
"GLG1",0.00792151923881919,NA,0.899673735725938,0.176411794102949,0.688046875684964,FALSE,"OPC"
"IL33",0.00782127538869352,NA,0.898858075040783,0.168415792103948,0.688046875684964,FALSE,"OPC"
"WIF1",0.00780687489213829,NA,0.898042414355628,0.16591704147926,0.688046875684964,FALSE,"OPC"
"SEMA3A",0.00779434581953865,NA,0.897226753670473,0.164917541229385,0.688046875684964,FALSE,"OPC"
"FAM3B",0.00778889372963518,NA,0.896411092985318,0.182408795602199,0.688046875684964,FALSE,"OPC"
"GDF7",0.00778110044034515,NA,0.895595432300163,0.178410794602699,0.688046875684964,FALSE,"OPC"
"PF4",0.00774518147277207,NA,0.894779771615008,0.158420789605197,0.688046875684964,FALSE,"OPC"
"BMP8A",0.00766805420744851,NA,0.893964110929853,0.187406296851574,0.688046875684964,FALSE,"OPC"
"TAFA4",0.00762999163014119,NA,0.893148450244698,0.184907546226887,0.688046875684964,FALSE,"OPC"
"BST2",0.00755745874852481,NA,0.892332789559543,0.172913543228386,0.688046875684964,FALSE,"OPC"
"PAEP",0.00755379569289013,NA,0.891517128874388,0.186406796601699,0.688046875684964,FALSE,"OPC"
"LRTM2",0.00747419011502809,NA,0.890701468189233,0.179910044977511,0.688046875684964,FALSE,"OPC"
"MATN1",0.00747129739428372,NA,0.889885807504078,0.195402298850575,0.688046875684964,FALSE,"OPC"
"RGMA",0.0074464731392394,NA,0.889070146818923,0.185907046476762,0.688046875684964,FALSE,"OPC"
"LEFTY1",0.00743484250117997,NA,0.888254486133768,0.185907046476762,0.688046875684964,FALSE,"OPC"
"FGF8",0.00740395378263289,NA,0.887438825448613,0.186406796601699,0.688046875684964,FALSE,"OPC"
"WNT9B",0.00738936961899168,NA,0.886623164763458,0.185907046476762,0.688046875684964,FALSE,"OPC"
"VSIG10",0.00738503859523661,NA,0.885807504078303,0.183908045977011,0.688046875684964,FALSE,"OPC"
"NODAL",0.00738288708786097,NA,0.884991843393148,0.181909045477261,0.688046875684964,FALSE,"OPC"
"IFNA10",0.00736356775873426,NA,0.884176182707993,0.178410794602699,0.688046875684964,FALSE,"OPC"
"CEACAM1",0.00734985168885583,NA,0.883360522022839,0.186406796601699,0.688046875684964,FALSE,"OPC"
"PTH2",0.00732108310770485,NA,0.882544861337684,0.1984007996002,0.688046875684964,FALSE,"OPC"
"BMP10",0.00727621538523503,NA,0.881729200652529,0.193403298350825,0.688046875684964,FALSE,"OPC"
"HLA-DRB1",0.00726144384572895,NA,0.880913539967374,0.183408295852074,0.688046875684964,FALSE,"OPC"
"SNX14",0.00719932821451874,NA,0.880097879282219,0.20439780109945,0.688046875684964,FALSE,"OPC"
"CMTM8",0.00714064251691406,NA,0.879282218597064,0.201399300349825,0.688046875684964,FALSE,"OPC"
"PTPRK",0.00713122707047621,NA,0.878466557911909,0.209895052473763,0.688046875684964,FALSE,"OPC"
"YARS1",0.00711782745320114,NA,0.877650897226754,0.187906046976512,0.688046875684964,FALSE,"OPC"
"C1QTNF5",0.00711415968002959,NA,0.876835236541599,0.199900049975012,0.688046875684964,FALSE,"OPC"
"IFNA2",0.00709686643303347,NA,0.876019575856444,0.184907546226887,0.688046875684964,FALSE,"OPC"
"TIMP1",0.00706048888368348,NA,0.875203915171289,0.15592203898051,0.688046875684964,FALSE,"OPC"
"NLGN2",0.00702516826658674,NA,0.874388254486134,0.212393803098451,0.688046875684964,FALSE,"OPC"
"IFNA8",0.00698475840137066,NA,0.873572593800979,0.186406796601699,0.688046875684964,FALSE,"OPC"
"IFNA16",0.00696375681335211,NA,0.872756933115824,0.180409795102449,0.688046875684964,FALSE,"OPC"
"SEMA4F",0.00690556863616773,NA,0.871941272430669,0.220389805097451,0.688046875684964,FALSE,"OPC"
"IL36G",0.00686677428010132,NA,0.871125611745514,0.189905047476262,0.688046875684964,FALSE,"OPC"
"HP",0.00683547295456688,NA,0.870309951060359,0.206896551724138,0.688046875684964,FALSE,"OPC"
"OSTN",0.00679381068877589,NA,0.869494290375204,0.198900549725137,0.688046875684964,FALSE,"OPC"
"DLL4",0.0067773011037821,NA,0.868678629690049,0.186906546726637,0.688046875684964,FALSE,"OPC"
"EFNA1",0.00677714090500394,NA,0.867862969004894,0.208395802098951,0.688046875684964,FALSE,"OPC"
"MMP12",0.00677047808603318,NA,0.867047308319739,0.196901549225387,0.688046875684964,FALSE,"OPC"
"FGF1",0.00676990933385215,NA,0.866231647634584,0.187406296851574,0.688046875684964,FALSE,"OPC"
"MMP25",0.00676589988640397,NA,0.865415986949429,0.209395302348826,0.688046875684964,FALSE,"OPC"
"IGF1",0.00674289987047806,NA,0.864600326264274,0.211894052973513,0.688046875684964,FALSE,"OPC"
"RECK",0.00672721173642597,NA,0.863784665579119,0.202898550724638,0.688046875684964,FALSE,"OPC"
"CLDN3",0.00671376056304662,NA,0.862969004893964,0.209395302348826,0.688046875684964,FALSE,"OPC"
"ADM2",0.00667844066349458,NA,0.862153344208809,0.216891554222889,0.688046875684964,FALSE,"OPC"
"IGSF10",0.00665426698451213,NA,0.861337683523654,0.221389305347326,0.688046875684964,FALSE,"OPC"
"IFNA6",0.00665359348880349,NA,0.860522022838499,0.213893053473263,0.688046875684964,FALSE,"OPC"
"ADAM10",0.00661442500728283,NA,0.859706362153344,0.196901549225387,0.688046875684964,FALSE,"OPC"
"PROS1",0.00660237116987812,NA,0.858890701468189,0.207896051974013,0.688046875684964,FALSE,"OPC"
"BCAN",0.00658337913347742,NA,0.858075040783034,0.216891554222889,0.688046875684964,FALSE,"OPC"
"DLK2",0.00654216300267487,NA,0.857259380097879,0.216891554222889,0.688046875684964,FALSE,"OPC"
"GPHA2",0.00654100441647233,NA,0.856443719412724,0.225387306346827,0.688046875684964,FALSE,"OPC"
"MIF",0.00651402612226718,NA,0.855628058727569,0.221389305347326,0.688046875684964,FALSE,"OPC"
"CCL18",0.00650407802358203,NA,0.854812398042414,0.1944027986007,0.688046875684964,FALSE,"OPC"
"UXS1",0.00650321740179501,NA,0.853996737357259,0.217891054472764,0.688046875684964,FALSE,"OPC"
"CLDN14",0.00647763378849989,NA,0.853181076672104,0.231884057971014,0.688046875684964,FALSE,"OPC"
"S100A8",0.00646356360435536,NA,0.852365415986949,0.219390304847576,0.688046875684964,FALSE,"OPC"
"GUCY2D",0.00643121221010981,NA,0.851549755301794,0.192903548225887,0.688046875684964,FALSE,"OPC"
"CLDN24",0.00638787896701721,NA,0.85073409461664,0.213393303348326,0.688046875684964,FALSE,"OPC"
"MSTN",0.00629626449752604,NA,0.849918433931484,0.228385807096452,0.688046875684964,FALSE,"OPC"
"BMP3",0.00629497579320304,NA,0.84910277324633,0.226386806596702,0.688046875684964,FALSE,"OPC"
"INHBE",0.00629451276970411,NA,0.848287112561175,0.236381809095452,0.688046875684964,FALSE,"OPC"
"SEMA4C",0.00625060320075126,NA,0.84747145187602,0.223388305847076,0.688046875684964,FALSE,"OPC"
"EPGN",0.00623570725428014,NA,0.846655791190865,0.223888055972014,0.688046875684964,FALSE,"OPC"
"INHBC",0.00622474577363811,NA,0.84584013050571,0.235882058970515,0.688046875684964,FALSE,"OPC"
"PATJ",0.00621857378618407,NA,0.845024469820555,0.231384307846077,0.688046875684964,FALSE,"OPC"
"GDF3",0.00621713438719815,NA,0.8442088091354,0.224387806096952,0.688046875684964,FALSE,"OPC"
"FBLN2",0.00620866320695502,NA,0.843393148450245,0.228885557221389,0.688046875684964,FALSE,"OPC"
"GIP",0.00617579853642952,NA,0.84257748776509,0.231884057971014,0.688046875684964,FALSE,"OPC"
"NT5E",0.00614154987809735,NA,0.841761827079935,0.231384307846077,0.688046875684964,FALSE,"OPC"
"SFRP2",0.00609996051781406,NA,0.84094616639478,0.240379810094953,0.688046875684964,FALSE,"OPC"
"AMELX",0.00602295304578785,NA,0.840130505709625,0.225887056471764,0.688046875684964,FALSE,"OPC"
"ANGPT1",0.00599247492898462,NA,0.83931484502447,0.233883058470765,0.688046875684964,FALSE,"OPC"
"IL13",0.00596954739808492,NA,0.838499184339315,0.218890554722639,0.688046875684964,FALSE,"OPC"
"OLFM2",0.00593275351501665,NA,0.83768352365416,0.249375312343828,0.688046875684964,FALSE,"OPC"
"COL7A1",0.00592322427932212,NA,0.836867862969005,0.249875062468766,0.688046875684964,FALSE,"OPC"
"PODXL",0.00591390995939452,NA,0.83605220228385,0.237381309345327,0.688046875684964,FALSE,"OPC"
"ANGPTL7",0.00589872420325545,NA,0.835236541598695,0.261869065467266,0.688046875684964,FALSE,"OPC"
"S100B",0.00588318020272117,NA,0.83442088091354,0.199400299850075,0.688046875684964,FALSE,"OPC"
"CER1",0.00588170640561313,NA,0.833605220228385,0.24487756121939,0.688046875684964,FALSE,"OPC"
"BTN1A1",0.00587442288728957,NA,0.83278955954323,0.237381309345327,0.688046875684964,FALSE,"OPC"
"S100A12",0.00586347896860866,NA,0.831973898858075,0.23688155922039,0.688046875684964,FALSE,"OPC"
"BMP6",0.00585123879124678,NA,0.83115823817292,0.216391804097951,0.688046875684964,FALSE,"OPC"
"FCER2",0.00583678679793282,NA,0.830342577487765,0.209895052473763,0.688046875684964,FALSE,"OPC"
"GDF2",0.00583275386469662,NA,0.82952691680261,0.222888555722139,0.688046875684964,FALSE,"OPC"
"TSPAN33",0.00582897943107191,NA,0.828711256117455,0.254372813593203,0.688046875684964,FALSE,"OPC"
"ROBO1",0.00578064678475158,NA,0.8278955954323,0.251874062968516,0.688046875684964,FALSE,"OPC"
"F7",0.0057643016211059,NA,0.827079934747145,0.242378810594703,0.688046875684964,FALSE,"OPC"
"CXCL6",0.00573874567113468,NA,0.82626427406199,0.170414792603698,0.688046875684964,FALSE,"OPC"
"NID2",0.00573835825552661,NA,0.825448613376835,0.247376311844078,0.688046875684964,FALSE,"OPC"
"MELTF",0.00566511809356029,NA,0.82463295269168,0.231884057971014,0.688046875684964,FALSE,"OPC"
"DSC3",0.00564470826766293,NA,0.823817292006525,0.252873563218391,0.688046875684964,FALSE,"OPC"
"SEMA4B",0.00563440731164215,NA,0.82300163132137,0.255872063968016,0.688046875684964,FALSE,"OPC"
"APOD",0.00562811859443437,NA,0.822185970636215,0.236381809095452,0.688046875684964,TRUE,"OPC"
"WFIKKN2",0.0056093296706116,NA,0.82137030995106,0.255872063968016,0.688046875684964,FALSE,"OPC"
"CLEC2B",0.00559086502291782,NA,0.820554649265905,0.267866066966517,0.688046875684964,FALSE,"OPC"
"TSPAN3",0.00554223327267637,NA,0.81973898858075,0.261369315342329,0.688046875684964,FALSE,"OPC"
"MEGF10",0.00551830777042843,NA,0.818923327895595,0.254872563718141,0.688046875684964,FALSE,"OPC"
"COL19A1",0.00549861334785556,NA,0.81810766721044,0.264367816091954,0.688046875684964,FALSE,"OPC"
"CNTN4",0.00548083688084758,NA,0.817292006525285,0.268365817091454,0.688046875684964,FALSE,"OPC"
"LYZ",0.0054754985788248,NA,0.816476345840131,0.265867066466767,0.688046875684964,FALSE,"OPC"
"SFRP1",0.00546951957408166,NA,0.815660685154976,0.245877061469265,0.688046875684964,FALSE,"OPC"
"GJB6",0.00546466241638757,NA,0.814845024469821,0.247876061969015,0.688046875684964,FALSE,"OPC"
"CCL26",0.00541832671553491,NA,0.814029363784666,0.228385807096452,0.688046875684964,FALSE,"OPC"
"COL5A3",0.00539786772037948,NA,0.813213703099511,0.260369815092454,0.688046875684964,FALSE,"OPC"
"POMZP3",0.00535487402515516,NA,0.812398042414356,0.258870564717641,0.688046875684964,FALSE,"OPC"
"ANGPTL3",0.00534577450889314,NA,0.811582381729201,0.266366816591704,0.688046875684964,FALSE,"OPC"
"ORM1",0.00532898174466218,NA,0.810766721044046,0.27336331834083,0.688046875684964,FALSE,"OPC"
"MMP16",0.00527991158234882,NA,0.809951060358891,0.256871564217891,0.688046875684964,FALSE,"OPC"
"ENG",0.00527906208559805,NA,0.809135399673736,0.235382308845577,0.688046875684964,FALSE,"OPC"
"CGB7",0.00525418624570269,NA,0.807911908646003,0.264867566216892,0.688046875684964,FALSE,"OPC"
"LOC101059948",0.00525418624570269,NA,0.807911908646003,0.264867566216892,0.688046875684964,FALSE,"OPC"
"IGFL1",0.00524894971666445,NA,0.806688417618271,0.264367816091954,0.688046875684964,FALSE,"OPC"
"BMP8B",0.00524650657584316,NA,0.805872756933116,0.273863068465767,0.688046875684964,FALSE,"OPC"
"CCN1",0.00522247324468511,NA,0.805057096247961,0.250374812593703,0.688046875684964,FALSE,"OPC"
"F11",0.00521016749950601,NA,0.804241435562806,0.274362818590705,0.688046875684964,FALSE,"OPC"
"OCLN",0.0052063935240475,NA,0.803425774877651,0.269365317341329,0.688046875684964,FALSE,"OPC"
"FGF3",0.00519515625141076,NA,0.802610114192496,0.27336331834083,0.688046875684964,FALSE,"OPC"
"GH1",0.00511520076747911,NA,0.801794453507341,0.24087956021989,0.688046875684964,FALSE,"OPC"
"LRIT2",0.00510186161215018,NA,0.800978792822186,0.274862568715642,0.688046875684964,FALSE,"OPC"
"NPPB",0.00510034994784593,NA,0.800163132137031,0.265867066466767,0.688046875684964,FALSE,"OPC"
"EREG",0.00503728976742626,NA,0.799347471451876,0.23888055972014,0.688046875684964,FALSE,"OPC"
"LRRC52",0.00502807507730025,NA,0.798531810766721,0.278860569715142,0.688046875684964,FALSE,"OPC"
"IL25",0.0050059127512159,NA,0.797716150081566,0.278860569715142,0.688046875684964,FALSE,"OPC"
"L1CAM",0.00499387238490882,NA,0.796900489396411,0.274362818590705,0.688046875684964,FALSE,"OPC"
"HPX",0.00498453152231876,NA,0.796084828711256,0.281859070464768,0.688046875684964,FALSE,"OPC"
"TDGF1P3",0.00492819181001355,NA,0.795269168026101,0.276361819090455,0.688046875684964,FALSE,"OPC"
"JAM3",0.00492733510730386,NA,0.794453507340946,0.283858070964518,0.688046875684964,FALSE,"OPC"
"SCGB3A2",0.00492311209600634,NA,0.793637846655791,0.287856071964018,0.688046875684964,FALSE,"OPC"
"FGF11",0.00491860108369473,NA,0.792822185970636,0.293353323338331,0.688046875684964,FALSE,"OPC"
"PDGFD",0.00491104090691452,NA,0.792006525285481,0.237381309345327,0.688046875684964,FALSE,"OPC"
"APOC4",0.00490797680120218,NA,0.791190864600326,0.28335832083958,0.688046875684964,FALSE,"OPC"
"AREG",0.00490133880520306,NA,0.790375203915171,0.259870064967516,0.688046875684964,FALSE,"OPC"
"FCGR3B",0.00487497376425627,NA,0.789559543230016,0.27536231884058,0.688046875684964,FALSE,"OPC"
"ADAM20",0.00486142924992215,NA,0.788743882544861,0.267866066966517,0.688046875684964,FALSE,"OPC"
"INSL3",0.00483246555931325,NA,0.787928221859706,0.278860569715142,0.688046875684964,FALSE,"OPC"
"FGF22",0.00480823255696067,NA,0.787112561174551,0.28535732133933,0.688046875684964,FALSE,"OPC"
"FGFRL1",0.00479660645443565,NA,0.786296900489396,0.268865567216392,0.688046875684964,FALSE,"OPC"
"PRSS2",0.00477438030063185,NA,0.785481239804241,0.251374312843578,0.688046875684964,FALSE,"OPC"
"PIGA",0.00476729862696534,NA,0.784665579119086,0.235382308845577,0.688046875684964,FALSE,"OPC"
"COL1A2",0.00476536056277203,NA,0.783849918433931,0.289855072463768,0.688046875684964,FALSE,"OPC"
"CD48",0.00472918673325088,NA,0.783034257748777,0.256371814092954,0.688046875684964,FALSE,"OPC"
"CLDN16",0.00471504441765818,NA,0.782218597063622,0.302348825587206,0.688046875684964,FALSE,"OPC"
"JAG1",0.00470972307084509,NA,0.781402936378467,0.267866066966517,0.688046875684964,FALSE,"OPC"
"NRP1",0.00467071461746721,NA,0.780587275693312,0.259370314842579,0.688046875684964,FALSE,"OPC"
"NPS",0.00466685464845265,NA,0.779771615008157,0.294352823588206,0.688046875684964,FALSE,"OPC"
"FGF4",0.00465813944394702,NA,0.778955954323002,0.205397301349325,0.688046875684964,FALSE,"OPC"
"PLB1",0.00464608781066708,NA,0.778140293637847,0.274862568715642,0.688046875684964,FALSE,"OPC"
"SEMA3F",0.00463964468823218,NA,0.777324632952692,0.295852073963018,0.688046875684964,FALSE,"OPC"
"ASIP",0.00462280609241641,NA,0.776508972267537,0.286356821589205,0.688046875684964,FALSE,"OPC"
"SEMA4D",0.00460500475347952,NA,0.775693311582382,0.27536231884058,0.688046875684964,FALSE,"OPC"
"NTM",0.00458362134403657,NA,0.774877650897227,0.301849075462269,0.688046875684964,FALSE,"OPC"
"APELA",0.0045647962176679,NA,0.774061990212072,0.295852073963018,0.688046875684964,FALSE,"OPC"
"MMP14",0.00456212567460495,NA,0.773246329526917,0.276361819090455,0.688046875684964,FALSE,"OPC"
"ACE2",0.0045613034480067,NA,0.772430668841762,0.302848575712144,0.688046875684964,FALSE,"OPC"
"CALR",0.00451252190885763,NA,0.771615008156607,0.271364317841079,0.688046875684964,FALSE,"OPC"
"CDH3",0.00449517388850291,NA,0.770799347471452,0.307846076961519,0.688046875684964,FALSE,"OPC"
"LRFN4",0.00449170996434687,NA,0.769983686786297,0.301349325337331,0.688046875684964,FALSE,"OPC"
"LRIT1",0.00448264782477619,NA,0.769168026101142,0.294352823588206,0.688046875684964,FALSE,"OPC"
"SHBG",0.00447824087658253,NA,0.768352365415987,0.294852573713143,0.688046875684964,FALSE,"OPC"
"SEMA3G",0.00445890682627308,NA,0.767536704730832,0.302848575712144,0.688046875684964,FALSE,"OPC"
"CDCP1",0.00445849350130429,NA,0.766721044045677,0.295852073963018,0.688046875684964,FALSE,"OPC"
"AMELY",0.00443323172620801,NA,0.765905383360522,0.305347326336832,0.688046875684964,FALSE,"OPC"
"BTC",0.00442900718756095,NA,0.765089722675367,0.251374312843578,0.688046875684964,FALSE,"OPC"
"IFNK",0.0044284097505396,NA,0.764274061990212,0.290354822588706,0.688046875684964,FALSE,"OPC"
"ARMH4",0.00439638081286084,NA,0.763458401305057,0.301849075462269,0.688046875684964,FALSE,"OPC"
"FGF16",0.00438798969807112,NA,0.762642740619902,0.290354822588706,0.688046875684964,FALSE,"OPC"
"ANGPTL6",0.00436899209555047,NA,0.761827079934747,0.306846576711644,0.688046875684964,FALSE,"OPC"
"COMP",0.0043459804606728,NA,0.761011419249592,0.292853573213393,0.688046875684964,FALSE,"OPC"
"LAMA1",0.00432877871373288,NA,0.760195758564437,0.308345827086457,0.688046875684964,FALSE,"OPC"
"ITGB1",0.00432629403626632,NA,0.759380097879282,0.310344827586207,0.688046875684964,FALSE,"OPC"
"COL12A1",0.0043141275936746,NA,0.758564437194127,0.282358820589705,0.688046875684964,TRUE,"OPC"
"TNC",0.00430004776485941,NA,0.757748776508972,0.238380809595202,0.688046875684964,TRUE,"OPC"
"CD44",0.00429049627026146,NA,0.756933115823817,0.254872563718141,0.688046875684964,FALSE,"OPC"
"LPL",0.00428602850480144,NA,0.756117455138662,0.292853573213393,0.688046875684964,FALSE,"OPC"
"BMP5",0.00427978182872316,NA,0.755301794453507,0.305847076461769,0.688046875684964,FALSE,"OPC"
"DMP1",0.00427769560305318,NA,0.754486133768352,0.303848075962019,0.688046875684964,FALSE,"OPC"
"EGFL8",0.00425156162806993,NA,0.753670473083197,0.306346826586707,0.688046875684964,FALSE,"OPC"
"COL6A3",0.00423785304434607,NA,0.752854812398042,0.309345327336332,0.688046875684964,FALSE,"OPC"
"A2M",0.00421690586497572,NA,0.752039151712887,0.31384307846077,0.688046875684964,FALSE,"OPC"
"CSF1",0.00421343683236987,NA,0.751223491027732,0.277861069465267,0.688046875684964,FALSE,"OPC"
"LIPC",0.00418358680676521,NA,0.750407830342578,0.303348325837081,0.688046875684964,FALSE,"OPC"
"HLA-A",0.00418311769702528,NA,0.749592169657422,0.306346826586707,0.688046875684964,FALSE,"OPC"
"RPS19",0.00417539140157377,NA,0.748776508972268,0.298850574712644,0.688046875684964,FALSE,"OPC"
"AMBN",0.00414291347185512,NA,0.747960848287113,0.311344327836082,0.688046875684964,FALSE,"OPC"
"LGALS3BP",0.00413579151991845,NA,0.747145187601958,0.306846576711644,0.688046875684964,FALSE,"OPC"
"ARF1",0.0041327448538641,NA,0.746329526916803,0.316841579210395,0.688046875684964,FALSE,"OPC"
"LFNG",0.00411452397211973,NA,0.745513866231648,0.31584207896052,0.688046875684964,FALSE,"OPC"
"OGN",0.00411438913585003,NA,0.744698205546493,0.314342828585707,0.688046875684964,FALSE,"OPC"
"ADAM7",0.00407996735381006,NA,0.743882544861338,0.307346326836582,0.688046875684964,FALSE,"OPC"
"ITGA4",0.00406958823033083,NA,0.743066884176183,0.322338830584708,0.688046875684964,FALSE,"OPC"
"ALOX5AP",0.00406322648267745,NA,0.742251223491028,0.316841579210395,0.688046875684964,FALSE,"OPC"
"GHRH",0.0040478133402779,NA,0.741435562805873,0.247876061969015,0.688046875684964,FALSE,"OPC"
"PSAP",0.00403991305195227,NA,0.740619902120718,0.293353323338331,0.688046875684964,FALSE,"OPC"
"SERPING1",0.00402885948907646,NA,0.739804241435563,0.320839580209895,0.688046875684964,FALSE,"OPC"
"FASLG",0.00402756069645482,NA,0.738988580750408,0.290354822588706,0.688046875684964,FALSE,"OPC"
"IL31",0.00400283010913735,NA,0.738172920065253,0.304847576211894,0.688046875684964,FALSE,"OPC"
"SCUBE2",0.00399739711280932,NA,0.737357259380098,0.313343328335832,0.688046875684964,FALSE,"OPC"
"LHB",0.00399416655150738,NA,0.736541598694943,0.326836581709145,0.688046875684964,FALSE,"OPC"
"CD40",0.00397501367531415,NA,0.735725938009788,0.275862068965517,0.688046875684964,FALSE,"OPC"
"PRSS3",0.00395911863430632,NA,0.734910277324633,0.297851074462769,0.688046875684964,FALSE,"OPC"
"ENPP1",0.00395736973735133,NA,0.734094616639478,0.328835582208896,0.688046875684964,FALSE,"OPC"
"CTSG",0.0039509723581185,NA,0.733278955954323,0.305847076461769,0.688046875684964,FALSE,"OPC"
"BOC",0.00393013835019948,NA,0.732463295269168,0.316341829085457,0.688046875684964,FALSE,"OPC"
"EZR",0.00391146045972768,NA,0.731647634584013,0.299350324837581,0.688046875684964,FALSE,"OPC"
"EFNB2",0.0038993432039137,NA,0.730831973898858,0.324337831084458,0.688046875684964,FALSE,"OPC"
"FGF20",0.00388360764170668,NA,0.730016313213703,0.310844577711144,0.688046875684964,FALSE,"OPC"
"CD209",0.00387005580719776,NA,0.729200652528548,0.309845077461269,0.688046875684964,FALSE,"OPC"
"SIGLEC15",0.00385903000648239,NA,0.728384991843393,0.318340829585207,0.688046875684964,FALSE,"OPC"
"FGF12",0.00385229406948562,NA,0.727569331158238,0.324837581209395,0.688046875684964,FALSE,"OPC"
"PLXNA2",0.00382840611409766,NA,0.726753670473083,0.32183908045977,0.688046875684964,FALSE,"OPC"
"TMPRSS6",0.00382416691230659,NA,0.725938009787928,0.326836581709145,0.688046875684964,FALSE,"OPC"
"FNDC5",0.00378482116120839,NA,0.725122349102773,0.334332833583208,0.688046875684964,FALSE,"OPC"
"NCAM1",0.00377363551749485,NA,0.724306688417618,0.329835082458771,0.688046875684964,FALSE,"OPC"
"DLL1",0.00377174882617333,NA,0.723491027732463,0.293353323338331,0.688046875684964,FALSE,"OPC"
"SLITRK4",0.00374150998617337,NA,0.722675367047308,0.324837581209395,0.688046875684964,FALSE,"OPC"
"CTSD",0.00371446294710996,NA,0.721859706362153,0.31784107946027,0.688046875684964,FALSE,"OPC"
"CRB3",0.00370439620176334,NA,0.721044045676998,0.328835582208896,0.688046875684964,FALSE,"OPC"
"FGF6",0.00369304613795456,NA,0.720228384991843,0.333833083458271,0.688046875684964,FALSE,"OPC"
"COL28A1",0.00368603377047033,NA,0.719412724306688,0.336331834082959,0.688046875684964,FALSE,"OPC"
"MYOC",0.00368361924057985,NA,0.718597063621533,0.31384307846077,0.688046875684964,FALSE,"OPC"
"FAM3D",0.00367343097690548,NA,0.717781402936378,0.31984007996002,0.688046875684964,FALSE,"OPC"
"TGFBI",0.00366789544370327,NA,0.716965742251223,0.330334832583708,0.688046875684964,FALSE,"OPC"
"VEGFC",0.00366029968321908,NA,0.716150081566069,0.289355322338831,0.688046875684964,FALSE,"OPC"
"EFNA3",0.00363129347605551,NA,0.715334420880914,0.324837581209395,0.688046875684964,FALSE,"OPC"
"ANGPTL1",0.00361981349580427,NA,0.714518760195759,0.338330834582709,0.688046875684964,FALSE,"OPC"
"MICA",0.00361130336691195,NA,0.713703099510604,0.337331334332834,0.688046875684964,FALSE,"OPC"
"ANPEP",0.00360169335450124,NA,0.712887438825449,0.321339330334833,0.688046875684964,FALSE,"OPC"
"ADAM23",0.0036003354334216,NA,0.712071778140294,0.333333333333333,0.688046875684964,FALSE,"OPC"
"CD22",0.00358142879759878,NA,0.711256117455139,0.338330834582709,0.688046875684964,FALSE,"OPC"
"SLC6A8",0.00356465372503608,NA,0.710440456769984,0.327336331834083,0.688046875684964,FALSE,"OPC"
"MMP1",0.00355232597362223,NA,0.709624796084829,0.334332833583208,0.688046875684964,FALSE,"OPC"
"DEFB106B",0.00352984056771826,NA,0.708809135399674,0.333833083458271,0.688046875684964,FALSE,"OPC"
"SERPINF1",0.00352877959582878,NA,0.707993474714519,0.327336331834083,0.688046875684964,FALSE,"OPC"
"CDH13",0.00352069942834589,NA,0.707177814029364,0.348325837081459,0.688046875684964,FALSE,"OPC"
"GDF11",0.00349678463597495,NA,0.706362153344209,0.290854572713643,0.688046875684964,FALSE,"OPC"
"CP",0.00348587030704318,NA,0.705546492659054,0.322338830584708,0.688046875684964,FALSE,"OPC"
"CORT",0.00348554416931965,NA,0.704730831973899,0.304847576211894,0.688046875684964,FALSE,"OPC"
"NPVF",0.00347632272673352,NA,0.703915171288744,0.342828585707146,0.688046875684964,FALSE,"OPC"
"NRG2",0.00346761375134684,NA,0.703099510603589,0.314842578710645,0.688046875684964,FALSE,"OPC"
"COL11A2",0.0034662623601206,NA,0.702283849918434,0.322338830584708,0.688046875684964,FALSE,"OPC"
"CCL4L1",0.00345153388310362,NA,0.701468189233279,0.344327836081959,0.688046875684964,FALSE,"OPC"
"PRND",0.0034432638386777,NA,0.700652528548124,0.341829085457271,0.688046875684964,FALSE,"OPC"
"CNTN6",0.00344172252193037,NA,0.699836867862969,0.343828085957021,0.688046875684964,FALSE,"OPC"
"FGF9",0.00343298502848996,NA,0.699021207177814,0.31584207896052,0.688046875684964,FALSE,"OPC"
"CEL",0.00342252421404175,NA,0.698205546492659,0.307346326836582,0.688046875684964,FALSE,"OPC"
"TMEM190",0.00342108437959318,NA,0.697389885807504,0.348325837081459,0.688046875684964,FALSE,"OPC"
"IL1B",0.00342002054530206,NA,0.696574225122349,0.303348325837081,0.688046875684964,FALSE,"OPC"
"KLRA1P",0.00339225226136303,NA,0.695758564437194,0.342328835582209,0.688046875684964,FALSE,"OPC"
"FGL1",0.00338312872859247,NA,0.694942903752039,0.350324837581209,0.688046875684964,FALSE,"OPC"
"NYX",0.00338084969409464,NA,0.694127243066884,0.341329335332334,0.688046875684964,FALSE,"OPC"
"DSG2",0.00337841259908532,NA,0.693311582381729,0.350324837581209,0.688046875684964,FALSE,"OPC"
"ALKAL1",0.00337535389422563,NA,0.692495921696574,0.310344827586207,0.688046875684964,FALSE,"OPC"
"COL2A1",0.00337186978819957,NA,0.691680261011419,0.328335832083958,0.688046875684964,FALSE,"OPC"
"PDCD1LG2",0.00336419844661163,NA,0.690864600326264,0.347826086956522,0.688046875684964,FALSE,"OPC"
"MMP9",0.00335366175916075,NA,0.690048939641109,0.295852073963018,0.688046875684964,FALSE,"OPC"
"CD300A",0.0033531772416775,NA,0.689233278955954,0.353823088455772,0.688046875684964,FALSE,"OPC"
"BMP2",0.00334650132015468,NA,0.688417618270799,0.311344327836082,0.688046875684964,FALSE,"OPC"
"TNFSF13B",0.00334192817191,NA,0.687601957585644,0.307346326836582,0.688046875684964,FALSE,"OPC"
"APOC1",0.00333371550688487,NA,0.686786296900489,0.353323338330835,0.688046875684964,TRUE,"OPC"
"GPC3",0.00333303004925176,NA,0.685970636215334,0.35832083958021,0.688046875684964,FALSE,"OPC"
"PPY",0.0033252708008489,NA,0.685154975530179,0.342828585707146,0.688046875684964,FALSE,"OPC"
"APOA4",0.00329174681539289,NA,0.684339314845024,0.351324337831084,0.688046875684964,FALSE,"OPC"
"CEACAM3",0.00329036676689496,NA,0.683523654159869,0.340829585207396,0.688046875684964,FALSE,"OPC"
"QRFP",0.00326803104781685,NA,0.682707993474715,0.350324837581209,0.688046875684964,FALSE,"OPC"
"CA12",0.00325139658469468,NA,0.68189233278956,0.352823588205897,0.688046875684964,FALSE,"OPC"
"COL15A1",0.00324847305861993,NA,0.681076672104405,0.335332333833083,0.688046875684964,FALSE,"OPC"
"SCT",0.00323401784338132,NA,0.68026101141925,0.335332333833083,0.688046875684964,FALSE,"OPC"
"CD160",0.00322703275752133,NA,0.679445350734095,0.350324837581209,0.688046875684964,FALSE,"OPC"
"CEACAM7",0.00322511436246352,NA,0.67862969004894,0.340329835082459,0.688046875684964,FALSE,"OPC"
"ERFE",0.0032187932282428,NA,0.677814029363785,0.337831084457771,0.688046875684964,FALSE,"OPC"
"IL18BP",0.0032022365182627,NA,0.67699836867863,0.348825587206397,0.688046875684964,FALSE,"OPC"
"VCAM1",0.00319340832329755,NA,0.676182707993475,0.341329335332334,0.688046875684964,FALSE,"OPC"
"DKK2",0.00317823550098466,NA,0.67536704730832,0.359820089955023,0.688046875684964,TRUE,"OPC"
"GAS6",0.00317045135714692,NA,0.674551386623165,0.35232383808096,0.688046875684964,FALSE,"OPC"
"CD14",0.00316794460409019,NA,0.67373572593801,0.332833583208396,0.688046875684964,FALSE,"OPC"
"LILRB2",0.00316617637262811,NA,0.672920065252855,0.348825587206397,0.688046875684964,FALSE,"OPC"
"CALCB",0.00316566755358178,NA,0.6721044045677,0.313343328335832,0.688046875684964,FALSE,"OPC"
"DHH",0.00315675963243227,NA,0.671288743882545,0.353823088455772,0.688046875684964,FALSE,"OPC"
"PTPRZ1",0.00314385832208983,NA,0.67047308319739,0.36031984007996,0.688046875684964,FALSE,"OPC"
"SPARC",0.00314081225078068,NA,0.669657422512235,0.325337331334333,0.688046875684964,FALSE,"OPC"
"PRSS1",0.00312846219166414,NA,0.66884176182708,0.364817591204398,0.688046875684964,FALSE,"OPC"
"COL18A1",0.00312826696979351,NA,0.668026101141925,0.354822588705647,0.688046875684964,FALSE,"OPC"
"COL4A2",0.00312784866074783,NA,0.66721044045677,0.344827586206897,0.688046875684964,TRUE,"OPC"
"TNN",0.0031263100609201,NA,0.666394779771615,0.359320339830085,0.688046875684964,FALSE,"OPC"
"GNAS",0.00311184828714966,NA,0.66557911908646,0.289355322338831,0.688046875684964,FALSE,"OPC"
"SLITRK6",0.00311111589196996,NA,0.664763458401305,0.353323338330835,0.688046875684964,FALSE,"OPC"
"SPINT1",0.00310926117831904,NA,0.66394779771615,0.355822088955522,0.688046875684964,FALSE,"OPC"
"LIN7B",0.0030960066769921,NA,0.663132137030995,0.360819590204898,0.688046875684964,FALSE,"OPC"
"TIMP3",0.0030908272518329,NA,0.66231647634584,0.353323338330835,0.688046875684964,FALSE,"OPC"
"ICAM4",0.00308214701242404,NA,0.661500815660685,0.372313843078461,0.688046875684964,FALSE,"OPC"
"NPFF",0.00306667831053034,NA,0.66068515497553,0.36031984007996,0.688046875684964,FALSE,"OPC"
"FGA",0.00305408560795812,NA,0.659869494290375,0.35832083958021,0.688046875684964,FALSE,"OPC"
"COL14A1",0.00304954879958037,NA,0.65905383360522,0.359820089955023,0.688046875684964,FALSE,"OPC"
"THBS2",0.0030448546610543,NA,0.658238172920065,0.344827586206897,0.688046875684964,FALSE,"OPC"
"EFNB1",0.00304448868366459,NA,0.65742251223491,0.353823088455772,0.688046875684964,FALSE,"OPC"
"KIRREL3",0.00303790354899493,NA,0.656606851549755,0.36031984007996,0.688046875684964,FALSE,"OPC"
"COL24A1",0.00302218054536045,NA,0.6557911908646,0.365817091454273,0.688046875684964,FALSE,"OPC"
"GDF9",0.00301935354370896,NA,0.654975530179445,0.350324837581209,0.688046875684964,FALSE,"OPC"
"NECTIN1",0.00301761225377631,NA,0.65415986949429,0.365817091454273,0.688046875684964,FALSE,"OPC"
"SLITRK2",0.00301095579222472,NA,0.653344208809135,0.353823088455772,0.688046875684964,FALSE,"OPC"
"ALKAL2",0.00300700196635998,NA,0.65252854812398,0.328335832083958,0.688046875684964,FALSE,"OPC"
"LAMB3",0.00299545627049132,NA,0.651712887438825,0.367316341829085,0.688046875684964,FALSE,"OPC"
"FGF5",0.00299325856771396,NA,0.65089722675367,0.344827586206897,0.688046875684964,FALSE,"OPC"
"DKK3",0.00297716551111883,NA,0.650081566068516,0.36431784107946,0.688046875684964,FALSE,"OPC"
"PTPRM",0.00297120796749832,NA,0.64926590538336,0.368815592203898,0.688046875684964,FALSE,"OPC"
"EDN2",0.00295981717240137,NA,0.648450244698206,0.331334332833583,0.688046875684964,FALSE,"OPC"
"MUC1",0.00295011367126178,NA,0.647634584013051,0.318340829585207,0.688046875684964,FALSE,"OPC"
"COL6A6",0.00290981052423408,NA,0.646818923327896,0.367316341829085,0.688046875684964,FALSE,"OPC"
"IGFBP7",0.00287877737765109,NA,0.646003262642741,0.356821589205397,0.688046875684964,FALSE,"OPC"
"CXCL12",0.00287787702887156,NA,0.645187601957586,0.334832583708146,0.688046875684964,FALSE,"OPC"
"NCAN",0.00286889876414551,NA,0.644371941272431,0.365317341329335,0.688046875684964,FALSE,"OPC"
"PTGS2",0.002867899502284,NA,0.643556280587276,0.348825587206397,0.688046875684964,FALSE,"OPC"
"NECTIN2",0.00286547708621274,NA,0.642740619902121,0.361819090454773,0.688046875684964,FALSE,"OPC"
"CLCF1",0.00286140962056329,NA,0.641924959216966,0.359820089955023,0.688046875684964,FALSE,"OPC"
"NAMPT",0.00286011919061991,NA,0.641109298531811,0.357821089455272,0.688046875684964,FALSE,"OPC"
"NDP",0.00284924900795337,NA,0.640293637846656,0.367816091954023,0.688046875684964,FALSE,"OPC"
"NPPA",0.00284490545967471,NA,0.639477977161501,0.350824587706147,0.688046875684964,FALSE,"OPC"
"KLK3",0.00284194515828499,NA,0.638662316476346,0.369815092453773,0.688046875684964,FALSE,"OPC"
"TNFSF15",0.00284168870970576,NA,0.637846655791191,0.328835582208896,0.688046875684964,FALSE,"OPC"
"VEGFD",0.00284075798567799,NA,0.637030995106036,0.333833083458271,0.688046875684964,FALSE,"OPC"
"PYY",0.0028337078654485,NA,0.636215334420881,0.370314842578711,0.688046875684964,FALSE,"OPC"
"COL13A1",0.00283285144943968,NA,0.635399673735726,0.365317341329335,0.688046875684964,FALSE,"OPC"
"CD7",0.00283036985448646,NA,0.634584013050571,0.328335832083958,0.688046875684964,FALSE,"OPC"
"TREML1",0.00282854646504127,NA,0.633768352365416,0.36631684157921,0.688046875684964,FALSE,"OPC"
"NPPC",0.00280389811178999,NA,0.632952691680261,0.365817091454273,0.688046875684964,FALSE,"OPC"
"LGI1",0.00279673832915406,NA,0.632137030995106,0.369315342328836,0.688046875684964,FALSE,"OPC"
"SIGLEC14",0.00279541442373872,NA,0.631321370309951,0.360819590204898,0.688046875684964,FALSE,"OPC"
"EFNB3",0.0027947270780166,NA,0.630505709624796,0.365817091454273,0.688046875684964,FALSE,"OPC"
"KCNA1",0.00278817867872053,NA,0.629690048939641,0.377811094452774,0.688046875684964,FALSE,"OPC"
"BMP15",0.00278538028287822,NA,0.628874388254486,0.366816591704148,0.688046875684964,FALSE,"OPC"
"ITM2B",0.00276483285154578,NA,0.628058727569331,0.335832083958021,0.688046875684964,FALSE,"OPC"
"HLA-E",0.00275947036601003,NA,0.627243066884176,0.370314842578711,0.688046875684964,FALSE,"OPC"
"TCTN1",0.00274621533005634,NA,0.626427406199021,0.381309345327336,0.688046875684964,FALSE,"OPC"
"CCN2",0.00274241037189729,NA,0.625611745513866,0.312343828085957,0.688046875684964,TRUE,"OPC"
"FLT3LG",0.00271309582583421,NA,0.624796084828711,0.35632183908046,0.688046875684964,FALSE,"OPC"
"CD72",0.00270942295015098,NA,0.623980424143556,0.370314842578711,0.688046875684964,FALSE,"OPC"
"CXCL2",0.00270624842122098,NA,0.623164763458401,0.32783608195902,0.688046875684964,TRUE,"OPC"
"LRIG1",0.0026965456822759,NA,0.622349102773246,0.370814592703648,0.688046875684964,FALSE,"OPC"
"FCN1",0.00269256599171784,NA,0.621533442088091,0.381309345327336,0.688046875684964,FALSE,"OPC"
"IFNL2",0.00266529783674001,NA,0.620717781402936,0.361819090454773,0.688046875684964,FALSE,"OPC"
"IL36B",0.00265999656691741,NA,0.619902120717781,0.321339330334833,0.688046875684964,FALSE,"OPC"
"LAMA3",0.00264449015992665,NA,0.619086460032626,0.374312843578211,0.688046875684964,FALSE,"OPC"
"CDH1",0.00264094110044074,NA,0.618270799347471,0.359320339830085,0.688046875684964,FALSE,"OPC"
"TYROBP",0.00263433235661434,NA,0.617455138662316,0.326336831584208,0.688046875684964,FALSE,"OPC"
"SIRPA",0.0026256678680502,NA,0.616639477977161,0.383808095952024,0.688046875684964,FALSE,"OPC"
"MANSC1",0.00261394097684921,NA,0.615823817292007,0.382808595702149,0.688046875684964,FALSE,"OPC"
"CLDN11",0.00261210721329148,NA,0.615008156606852,0.383308345827086,0.688046875684964,FALSE,"OPC"
"SERPINC1",0.00260229856908632,NA,0.614192495921697,0.383808095952024,0.688046875684964,FALSE,"OPC"
"CLU",0.00258501268640195,NA,0.613376835236542,0.382808595702149,0.688046875684964,FALSE,"OPC"
"DEFB103B",0.00258448266879499,NA,0.612561174551387,0.382808595702149,0.688046875684964,FALSE,"OPC"
"SIGLEC7",0.0025818617103,NA,0.611745513866232,0.373313343328336,0.688046875684964,FALSE,"OPC"
"CEACAM6",0.00257602458190918,NA,0.610929853181077,0.374312843578211,0.688046875684964,FALSE,"OPC"
"CCL21",0.00256956590986989,NA,0.610114192495922,0.303348325837081,0.688046875684964,FALSE,"OPC"
"PLEKHO2",0.00256408529233309,NA,0.609298531810767,0.388305847076462,0.688046875684964,FALSE,"OPC"
"TG",0.00255293007472539,NA,0.608482871125612,0.368815592203898,0.688046875684964,FALSE,"OPC"
"SIGLEC9",0.00254386791868033,NA,0.607667210440457,0.381309345327336,0.688046875684964,FALSE,"OPC"
"FBN1",0.00253343987302172,NA,0.606851549755302,0.354822588705647,0.688046875684964,FALSE,"OPC"
"CGB3",0.00253321446735171,NA,0.606035889070147,0.371814092953523,0.688046875684964,FALSE,"OPC"
"PLG",0.00252484255053066,NA,0.605220228384992,0.343328335832084,0.688046875684964,FALSE,"OPC"
"GDF10",0.00252429678938467,NA,0.604404567699837,0.359820089955023,0.688046875684964,FALSE,"OPC"
"KIR2DL5A",0.00251630270093737,NA,0.603588907014682,0.374312843578211,0.688046875684964,FALSE,"OPC"
"TRAF2",0.00251550625067905,NA,0.602773246329527,0.355822088955522,0.688046875684964,FALSE,"OPC"
"FGF17",0.00251363158177376,NA,0.601957585644372,0.303348325837081,0.688046875684964,FALSE,"OPC"
"COL27A1",0.0025111705100807,NA,0.601141924959217,0.381309345327336,0.688046875684964,FALSE,"OPC"
"CD300LF",0.00250308228633758,NA,0.600326264274062,0.392303848075962,0.688046875684964,FALSE,"OPC"
"KIAA0319L",0.00249818867953327,NA,0.599510603588907,0.387806096951524,0.688046875684964,FALSE,"OPC"
"LIF",0.00247646149421477,NA,0.598694942903752,0.330834582708646,0.688046875684964,FALSE,"OPC"
"BTNL9",0.00247337423237951,NA,0.597879282218597,0.387306346826587,0.688046875684964,FALSE,"OPC"
"FN1",0.00247202432730274,NA,0.597063621533442,0.362818590704648,0.688046875684964,FALSE,"OPC"
"NTS",0.00246931461747624,NA,0.596247960848287,0.325337331334333,0.688046875684964,FALSE,"OPC"
"SI",0.00245243126060879,NA,0.595432300163132,0.379310344827586,0.688046875684964,FALSE,"OPC"
"VSTM1",0.00245041318951568,NA,0.594616639477977,0.403298350824588,0.688046875684964,FALSE,"OPC"
"LIN7A",0.00244971141212639,NA,0.593800978792822,0.374312843578211,0.688046875684964,FALSE,"OPC"
"CD82",0.00243192876384987,NA,0.592985318107667,0.375812093953024,0.688046875684964,FALSE,"OPC"
"C6orf15",0.00242755676855373,NA,0.592169657422512,0.391304347826087,0.688046875684964,FALSE,"OPC"
"NPW",0.00242252033859171,NA,0.591353996737357,0.388805597201399,0.688046875684964,FALSE,"OPC"
"VSIG4",0.00239643667393116,NA,0.590538336052202,0.39480259870065,0.688046875684964,FALSE,"OPC"
"FGB",0.00238661576371054,NA,0.589722675367047,0.384307846076962,0.688046875684964,FALSE,"OPC"
"COL3A1",0.00237837496646918,NA,0.588907014681892,0.389805097451274,0.688046875684964,FALSE,"OPC"
"CFH",0.00237698314149864,NA,0.588091353996737,0.384807596201899,0.688046875684964,FALSE,"OPC"
"SEMA3E",0.00237254221102918,NA,0.587275693311582,0.3928035982009,0.688046875684964,FALSE,"OPC"
"NCR2",0.00236826076523026,NA,0.586460032626427,0.394302848575712,0.688046875684964,FALSE,"OPC"
"SEMA5B",0.00235829712437701,NA,0.585644371941272,0.394302848575712,0.688046875684964,FALSE,"OPC"
"KL",0.00235695805928221,NA,0.584828711256117,0.387806096951524,0.688046875684964,FALSE,"OPC"
"SDC2",0.00234575499332608,NA,0.584013050570963,0.379810094952524,0.688046875684964,FALSE,"OPC"
"UTS2B",0.00233667956275606,NA,0.583197389885807,0.393303348325837,0.688046875684964,FALSE,"OPC"
"IFNL3",0.00233461755589484,NA,0.582381729200653,0.344827586206897,0.688046875684964,FALSE,"OPC"
"MUC7",0.00232517687662834,NA,0.581566068515498,0.387306346826587,0.688046875684964,FALSE,"OPC"
"IGSF21",0.00230814637827065,NA,0.580750407830343,0.377311344327836,0.688046875684964,FALSE,"OPC"
"NPB",0.00229155149570136,NA,0.579934747145188,0.395302348825587,0.688046875684964,FALSE,"OPC"
"HLA-DRB5",0.00229022911508715,NA,0.579119086460033,0.387306346826587,0.688046875684964,FALSE,"OPC"
"ICAM1",0.00228968507777964,NA,0.578303425774878,0.381809095452274,0.688046875684964,FALSE,"OPC"
"IFNA17",0.00228838136070064,NA,0.577487765089723,0.341829085457271,0.688046875684964,FALSE,"OPC"
"HAVCR1",0.00227915974479004,NA,0.576672104404568,0.397801099450275,0.688046875684964,FALSE,"OPC"
"SEMA6B",0.00226128377098309,NA,0.575856443719413,0.403798100949525,0.688046875684964,FALSE,"OPC"
"CXCL3",0.00221487651200399,NA,0.575040783034258,0.372813593203398,0.688046875684964,FALSE,"OPC"
"CD80",0.00219789940372697,NA,0.574225122349103,0.379810094952524,0.688046875684964,FALSE,"OPC"
"ITIH2",0.0021827599129597,NA,0.573409461663948,0.399300349825087,0.688046875684964,FALSE,"OPC"
"NMS",0.00217735781755123,NA,0.572593800978793,0.40279860069965,0.688046875684964,FALSE,"OPC"
"CRTAM",0.00217170045443764,NA,0.571778140293638,0.379810094952524,0.688046875684964,FALSE,"OPC"
"OPCML",0.00217078647640272,NA,0.570962479608483,0.401799100449775,0.688046875684964,FALSE,"OPC"
"VIP",0.0021703016930511,NA,0.570146818923328,0.320339830084958,0.688046875684964,FALSE,"OPC"
"PLA2G2A",0.00215482911106144,NA,0.569331158238173,0.407796101949025,0.688046875684964,FALSE,"OPC"
"MBL2",0.00214696400449945,NA,0.568515497553018,0.389305347326337,0.688046875684964,FALSE,"OPC"
"CGA",0.00214278533673842,NA,0.567699836867863,0.382308845577211,0.688046875684964,FALSE,"OPC"
"GSTP1",0.00214275306734046,NA,0.566884176182708,0.397801099450275,0.688046875684964,FALSE,"OPC"
"COL6A5",0.00213623196380613,NA,0.566068515497553,0.39880059970015,0.688046875684964,FALSE,"OPC"
"NMB",0.00213297278007574,NA,0.565252854812398,0.398300849575212,0.688046875684964,FALSE,"OPC"
"ADAM12",0.00212795759800505,NA,0.564437194127243,0.392303848075962,0.688046875684964,FALSE,"OPC"
"XCL1",0.00212779860047931,NA,0.563621533442088,0.397801099450275,0.688046875684964,FALSE,"OPC"
"LGALS1",0.00212527259887516,NA,0.562805872756933,0.350824587706147,0.688046875684964,FALSE,"OPC"
"PTHLH",0.00210814923131516,NA,0.561990212071778,0.36231884057971,0.688046875684964,FALSE,"OPC"
"RTN4",0.00210079086603366,NA,0.561174551386623,0.385807096451774,0.688046875684964,FALSE,"OPC"
"MXRA5",0.00208668268158146,NA,0.560358890701468,0.394302848575712,0.688046875684964,FALSE,"OPC"
"FCAR",0.0020824302330671,NA,0.559543230016313,0.397301349325337,0.688046875684964,FALSE,"OPC"
"NFASC",0.00207462298712239,NA,0.558727569331158,0.400299850074962,0.688046875684964,FALSE,"OPC"
"LINGO4",0.00207462298712064,NA,0.557911908646003,0.400299850074962,0.688046875684964,FALSE,"OPC"
"MSN",0.00207458294802202,NA,0.557096247960848,0.399300349825087,0.688046875684964,FALSE,"OPC"
"REN",0.00207164035564097,NA,0.556280587275693,0.369815092453773,0.688046875684964,FALSE,"OPC"
"MDK",0.00206889904695211,NA,0.555464926590538,0.360819590204898,0.688046875684964,FALSE,"OPC"
"CALM1",0.00206304444510563,NA,0.554649265905383,0.373313343328336,0.688046875684964,FALSE,"OPC"
"HSP90B1",0.00203837581621191,NA,0.553833605220228,0.381809095452274,0.688046875684964,FALSE,"OPC"
"CD40LG",0.00203536893172918,NA,0.553017944535073,0.333333333333333,0.688046875684964,FALSE,"OPC"
"CRHR2",0.00203090051024874,NA,0.552202283849918,0.379810094952524,0.688046875684964,FALSE,"OPC"
"ANXA1",0.00202840040456702,NA,0.551386623164764,0.385807096451774,0.688046875684964,TRUE,"OPC"
"NXPH1",0.0020174461573693,NA,0.550570962479608,0.40679660169915,0.688046875684964,FALSE,"OPC"
"ANXA2",0.00201273561303965,NA,0.549755301794454,0.388305847076462,0.688046875684964,FALSE,"OPC"
"ENTPD1",0.00199463292267322,NA,0.548939641109298,0.337331334332834,0.688046875684964,FALSE,"OPC"
"EDN3",0.00199420479597959,NA,0.548123980424144,0.316341829085457,0.688046875684964,FALSE,"OPC"
"CCL24",0.00199018438540088,NA,0.547308319738989,0.4047976011994,0.688046875684964,FALSE,"OPC"
"TNFSF8",0.00198808268813062,NA,0.546492659053834,0.364817591204398,0.688046875684964,FALSE,"OPC"
"CD96",0.00197067498717816,NA,0.545676998368679,0.411294352823588,0.688046875684964,FALSE,"OPC"
"VCAN",0.0019682632491888,NA,0.544861337683524,0.412793603198401,0.688046875684964,FALSE,"OPC"
"COL4A6",0.00195125450740887,NA,0.544045676998369,0.404297851074463,0.688046875684964,FALSE,"OPC"
"CEACAM8",0.0019283708549226,NA,0.543230016313214,0.400299850074962,0.688046875684964,FALSE,"OPC"
"LRFN1",0.00192323781404354,NA,0.542414355628059,0.416291854072964,0.688046875684964,FALSE,"OPC"
"PCDHA11",0.00189706229068658,NA,0.541598694942904,0.421289355322339,0.688046875684964,FALSE,"OPC"
"DRAXIN",0.00189132316366194,NA,0.540783034257749,0.416291854072964,0.688046875684964,FALSE,"OPC"
"PCDHA5",0.00188181968952065,NA,0.539967373572594,0.421789105447276,0.688046875684964,FALSE,"OPC"
"LRFN5",0.00187685570691404,NA,0.539151712887439,0.415792103948026,0.688046875684964,FALSE,"OPC"
"CDH15",0.00187475801741739,NA,0.538336052202284,0.409795102448776,0.688046875684964,FALSE,"OPC"
"WNT7A",0.00187310101247479,NA,0.537520391517129,0.382808595702149,0.688046875684964,FALSE,"OPC"
"PCDHA8",0.00186929278202521,NA,0.536704730831974,0.422288855572214,0.688046875684964,FALSE,"OPC"
"SOSTDC1",0.00186904576463958,NA,0.535889070146819,0.415292353823088,0.688046875684964,FALSE,"OPC"
"LIN7C",0.00186718285234749,NA,0.535073409461664,0.417791104447776,0.688046875684964,FALSE,"OPC"
"SEMA3B",0.00184001431881108,NA,0.534257748776509,0.391804097951024,0.688046875684964,FALSE,"OPC"
"F10",0.0018318256601075,NA,0.533442088091354,0.391804097951024,0.688046875684964,FALSE,"OPC"
"FSTL5",0.0018307645680297,NA,0.532626427406199,0.408795602198901,0.688046875684964,FALSE,"OPC"
"HLA-C",0.00182620328886545,NA,0.531810766721044,0.408795602198901,0.688046875684964,FALSE,"OPC"
"VWF",0.00181535027964651,NA,0.530995106035889,0.393303348325837,0.688046875684964,FALSE,"OPC"
"ULBP2",0.00181321304001694,NA,0.530179445350734,0.422288855572214,0.688046875684964,FALSE,"OPC"
"NLGN4X",0.00180628018238881,NA,0.529363784665579,0.422788605697151,0.688046875684964,FALSE,"OPC"
"PSEN1",0.00180029929133301,NA,0.528548123980424,0.373813093453273,0.688046875684964,FALSE,"OPC"
"GGT1",0.00179724387579718,NA,0.527732463295269,0.414792603698151,0.688046875684964,FALSE,"OPC"
"SIRPB2",0.00179620990370453,NA,0.526916802610114,0.408295852073963,0.688046875684964,FALSE,"OPC"
"CXCL5",0.0017953533925878,NA,0.526101141924959,0.424787606196902,0.688046875684964,FALSE,"OPC"
"PZP",0.00179509353449531,NA,0.525285481239804,0.414292853573213,0.688046875684964,FALSE,"OPC"
"DSC2",0.0017924057078574,NA,0.524469820554649,0.415792103948026,0.688046875684964,FALSE,"OPC"
"CD244",0.00179199927603366,NA,0.523654159869494,0.380309845077461,0.688046875684964,FALSE,"OPC"
"CLUL1",0.00178355459981005,NA,0.522838499184339,0.420289855072464,0.688046875684964,FALSE,"OPC"
"APOO",0.00177717346966065,NA,0.522022838499184,0.414792603698151,0.688046875684964,FALSE,"OPC"
"PDPN",0.00176389585353458,NA,0.521207177814029,0.40679660169915,0.688046875684964,FALSE,"OPC"
"EFNA4",0.00175774283176857,NA,0.520391517128874,0.390804597701149,0.688046875684964,FALSE,"OPC"
"PCDHA1",0.00175217912162046,NA,0.519575856443719,0.427286356821589,0.688046875684964,FALSE,"OPC"
"TECTB",0.00174214858212668,NA,0.518760195758564,0.397801099450275,0.688046875684964,FALSE,"OPC"
"PCDHA6",0.00172882800312519,NA,0.517944535073409,0.428785607196402,0.688046875684964,FALSE,"OPC"
"CNTN3",0.00172603357110426,NA,0.517128874388255,0.423288355822089,0.688046875684964,FALSE,"OPC"
"NETO2",0.00172310938661391,NA,0.516313213703099,0.415292353823088,0.688046875684964,FALSE,"OPC"
"LAIR2",0.00171560539703353,NA,0.515497553017945,0.40679660169915,0.688046875684964,FALSE,"OPC"
"PTN",0.00170651325632078,NA,0.51468189233279,0.3928035982009,0.688046875684964,FALSE,"OPC"
"LCN1",0.001686448442582,NA,0.513866231647635,0.420789605197401,0.688046875684964,FALSE,"OPC"
"CCL11",0.00168005988791675,NA,0.51305057096248,0.394302848575712,0.688046875684964,FALSE,"OPC"
"MPZ",0.00167260866993301,NA,0.512234910277325,0.420289855072464,0.688046875684964,FALSE,"OPC"
"PCDHA10",0.0016723478980345,NA,0.51141924959217,0.428285857071464,0.688046875684964,FALSE,"OPC"
"SEMA3D",0.00167115357081275,NA,0.510603588907015,0.415792103948026,0.688046875684964,TRUE,"OPC"
"FSHB",0.00166975660687619,NA,0.50978792822186,0.390804597701149,0.688046875684964,FALSE,"OPC"
"EPHA4",0.00166728619569079,NA,0.508972267536705,0.402298850574713,0.688046875684964,FALSE,"OPC"
"ANTXR1",0.00166575029156506,NA,0.50815660685155,0.419790104947526,0.688046875684964,FALSE,"OPC"
"UTS2",0.00164166303730794,NA,0.507340946166395,0.415292353823088,0.688046875684964,FALSE,"OPC"
"COL9A2",0.00162143523346718,NA,0.50652528548124,0.403298350824588,0.688046875684964,FALSE,"OPC"
"LRRN2",0.0016208377435481,NA,0.505709624796085,0.43328335832084,0.688046875684964,FALSE,"OPC"
"SLAMF6",0.00160947668195394,NA,0.50489396411093,0.428285857071464,0.688046875684964,FALSE,"OPC"
"MCAM",0.00160823242724431,NA,0.504078303425775,0.412293853073463,0.688046875684964,FALSE,"OPC"
"MMP26",0.00160277401821516,NA,0.50326264274062,0.419290354822589,0.688046875684964,FALSE,"OPC"
"LAYN",0.00160128733563953,NA,0.502446982055465,0.429785107446277,0.688046875684964,FALSE,"OPC"
"RLN3",0.00159524350709342,NA,0.50163132137031,0.425287356321839,0.688046875684964,FALSE,"OPC"
"PLXNA1",0.00159444638402648,NA,0.500815660685155,0.419290354822589,0.688046875684964,FALSE,"OPC"
"COPA",0.00158717554730385,NA,0.5,0.383308345827086,0.688046875684964,FALSE,"OPC"
"CCL8",0.00158376989062375,NA,0.499184339314845,0.424287856071964,0.688046875684964,FALSE,"OPC"
"LAMB2",0.00157986795180101,NA,0.49836867862969,0.425287356321839,0.688046875684964,FALSE,"OPC"
"APOB",0.00157714145555316,NA,0.497553017944535,0.419790104947526,0.688046875684964,FALSE,"OPC"
"THBS4",0.00157622457590135,NA,0.49673735725938,0.425287356321839,0.688046875684964,FALSE,"OPC"
"TCN1",0.00157449575971702,NA,0.495921696574225,0.388805597201399,0.688046875684964,FALSE,"OPC"
"COL21A1",0.00156912987441736,NA,0.49510603588907,0.422788605697151,0.688046875684964,TRUE,"OPC"
"ANGPT2",0.0015611704732073,NA,0.494290375203915,0.36431784107946,0.688046875684964,FALSE,"OPC"
"CCL22",0.00156035395380659,NA,0.49347471451876,0.432283858070965,0.688046875684964,FALSE,"OPC"
"ANGPTL5",0.00155992214553713,NA,0.492659053833605,0.435782108945527,0.688046875684964,FALSE,"OPC"
"COL4A1",0.00155955590558344,NA,0.49184339314845,0.399800099950025,0.688046875684964,FALSE,"OPC"
"LSAMP",0.0015532884473685,NA,0.491027732463295,0.428285857071464,0.688046875684964,FALSE,"OPC"
"RLN1",0.00154654919616143,NA,0.49021207177814,0.427786106946527,0.688046875684964,FALSE,"OPC"
"CD38",0.00152768123288244,NA,0.489396411092985,0.406296851574213,0.688046875684964,FALSE,"OPC"
"SLURP1",0.00151828387897383,NA,0.48858075040783,0.415792103948026,0.688046875684964,FALSE,"OPC"
"IL37",0.00151714097263476,NA,0.487765089722675,0.410794602698651,0.688046875684964,FALSE,"OPC"
"WNT4",0.00151519319719329,NA,0.48694942903752,0.387806096951524,0.688046875684964,FALSE,"OPC"
"C3",0.00150679958136641,NA,0.486133768352365,0.420289855072464,0.688046875684964,FALSE,"OPC"
"LRRTM3",0.00149022421133811,NA,0.48531810766721,0.431284357821089,0.688046875684964,FALSE,"OPC"
"GUCA2B",0.00148208403292267,NA,0.484502446982055,0.408295852073963,0.688046875684964,FALSE,"OPC"
"FGF14",0.00145680520338852,NA,0.4836867862969,0.426786606696652,0.688046875684964,FALSE,"OPC"
"HAS2",0.00145243796675003,NA,0.482871125611745,0.427786106946527,0.688046875684964,FALSE,"OPC"
"IGFBP3",0.00144918044032318,NA,0.482055464926591,0.429285357321339,0.688046875684964,FALSE,"OPC"
"MMP2",0.0014382834181212,NA,0.481239804241436,0.434282858570715,0.688046875684964,FALSE,"OPC"
"CALM2",0.00142598128120788,NA,0.480424143556281,0.376811594202899,0.688046875684964,FALSE,"OPC"
"CRISP2",0.00142335550551279,NA,0.479608482871126,0.432783608195902,0.688046875684964,FALSE,"OPC"
"PROC",0.00142062184886076,NA,0.478792822185971,0.431784107946027,0.688046875684964,FALSE,"OPC"
"ADAM9",0.00140358989599831,NA,0.477977161500816,0.430284857571214,0.688046875684964,FALSE,"OPC"
"MLN",0.001402363151231,NA,0.477161500815661,0.442778610694653,0.688046875684964,FALSE,"OPC"
"CD47",0.00140160529343682,NA,0.476345840130506,0.416291854072964,0.688046875684964,FALSE,"OPC"
"TAC4",0.00139995519958164,NA,0.475530179445351,0.43728135932034,0.688046875684964,FALSE,"OPC"
"LAMB1",0.00139968112161583,NA,0.474714518760196,0.429785107446277,0.688046875684964,FALSE,"OPC"
"LGI3",0.00138709044475295,NA,0.473898858075041,0.43928035982009,0.688046875684964,FALSE,"OPC"
"CCN4",0.00137545689452669,NA,0.473083197389886,0.448775612193903,0.688046875684964,FALSE,"OPC"
"IZUMO1",0.00137492595475308,NA,0.472267536704731,0.43728135932034,0.688046875684964,FALSE,"OPC"
"WNT10A",0.00137388426860424,NA,0.471451876019576,0.403798100949525,0.688046875684964,FALSE,"OPC"
"CXCL17",0.00137094355132691,NA,0.470636215334421,0.434782608695652,0.688046875684964,FALSE,"OPC"
"LRFN3",0.00136750365303847,NA,0.469820554649266,0.43528235882059,0.688046875684964,FALSE,"OPC"
"CCL5",0.0013666775330174,NA,0.469004893964111,0.368815592203898,0.688046875684964,FALSE,"OPC"
"TGOLN2",0.00136661156458175,NA,0.468189233278956,0.435782108945527,0.688046875684964,FALSE,"OPC"
"CXCL14",0.00136647306048166,NA,0.467373572593801,0.431284357821089,0.688046875684964,FALSE,"OPC"
"UCN3",0.00136512720486268,NA,0.466557911908646,0.410794602698651,0.688046875684964,FALSE,"OPC"
"CD79B",0.00136250957802436,NA,0.465742251223491,0.440279860069965,0.688046875684964,FALSE,"OPC"
"CALM3",0.00136081340857968,NA,0.464926590538336,0.417291354322839,0.688046875684964,FALSE,"OPC"
"WNT3",0.00135656908124216,NA,0.464110929853181,0.408295852073963,0.688046875684964,FALSE,"OPC"
"KITLG",0.00134915020555513,NA,0.463295269168026,0.368315842078961,0.688046875684964,TRUE,"OPC"
"B2M",0.00134850572492833,NA,0.462479608482871,0.39480259870065,0.688046875684964,FALSE,"OPC"
"COL1A1",0.00134379411501028,NA,0.461663947797716,0.399300349825087,0.688046875684964,FALSE,"OPC"
"WNT11",0.00134023985715028,NA,0.460848287112561,0.395802098950525,0.688046875684964,FALSE,"OPC"
"COL4A4",0.00133807057792344,NA,0.460032626427406,0.424287856071964,0.688046875684964,FALSE,"OPC"
"SLITRK5",0.00133606278762808,NA,0.459216965742251,0.435782108945527,0.688046875684964,FALSE,"OPC"
"CADM1",0.00132249491812186,NA,0.458401305057096,0.399300349825087,0.688046875684964,FALSE,"OPC"
"SDC4",0.00131886184331487,NA,0.457585644371941,0.43528235882059,0.688046875684964,FALSE,"OPC"
"CXCL16",0.00131019574856449,NA,0.456769983686786,0.415292353823088,0.688046875684964,FALSE,"OPC"
"MFAP2",0.00130732908763937,NA,0.455954323001631,0.413293353323338,0.688046875684964,FALSE,"OPC"
"UCN2",0.0013060811409634,NA,0.455138662316476,0.429285357321339,0.688046875684964,FALSE,"OPC"
"CXCL1",0.00129771395094951,NA,0.454323001631321,0.31384307846077,0.688046875684964,FALSE,"OPC"
"IL24",0.00129158712674594,NA,0.453507340946166,0.395302348825587,0.688046875684964,FALSE,"OPC"
"POMC",0.00128301473252949,NA,0.452691680261011,0.332833583208396,0.688046875684964,FALSE,"OPC"
"CRH",0.00127645958596527,NA,0.451876019575856,0.366816591704148,0.688046875684964,FALSE,"OPC"
"TFPI",0.00126446229770397,NA,0.451060358890701,0.386306846576712,0.688046875684964,FALSE,"OPC"
"C1QTNF1",0.00125375866148632,NA,0.450244698205546,0.43928035982009,0.688046875684964,FALSE,"OPC"
"HLA-B",0.00125373777071208,NA,0.449429037520392,0.44127936031984,0.688046875684964,FALSE,"OPC"
"MFNG",0.00124939201903357,NA,0.448613376835237,0.437781109445277,0.688046875684964,FALSE,"OPC"
"COL5A1",0.00124846079417285,NA,0.447797716150082,0.400299850074962,0.688046875684964,FALSE,"OPC"
"PRG4",0.00123649978868637,NA,0.446982055464927,0.432783608195902,0.688046875684964,FALSE,"OPC"
"COL9A3",0.00122840910590371,NA,0.446166394779772,0.436281859070465,0.688046875684964,FALSE,"OPC"
"WNT8A",0.00122828901076757,NA,0.445350734094617,0.413293353323338,0.688046875684964,FALSE,"OPC"
"ATP1B1",0.00122335390339477,NA,0.444535073409462,0.417291354322839,0.688046875684964,FALSE,"OPC"
"GPHB5",0.00122258051814129,NA,0.443719412724307,0.439780109945027,0.688046875684964,FALSE,"OPC"
"IL36RN",0.00121969880739484,NA,0.442903752039152,0.434782608695652,0.688046875684964,FALSE,"OPC"
"LIPH",0.00119437242664037,NA,0.442088091353997,0.438780609695152,0.688046875684964,FALSE,"OPC"
"ANGPTL2",0.00118984154670544,NA,0.441272430668842,0.403798100949525,0.688046875684964,FALSE,"OPC"
"OBP2A",0.00118812532760288,NA,0.440456769983687,0.444277861069465,0.688046875684964,FALSE,"OPC"
"HAPLN1",0.00118672803339407,NA,0.439641109298532,0.448275862068966,0.688046875684964,FALSE,"OPC"
"WNT9A",0.00118618997271651,NA,0.438825448613377,0.414792603698151,0.688046875684964,FALSE,"OPC"
"IL20",0.00117751774693407,NA,0.438009787928222,0.383308345827086,0.688046875684964,FALSE,"OPC"
"CLEC3A",0.00116939359850493,NA,0.437194127243067,0.442278860569715,0.688046875684964,FALSE,"OPC"
"SEMA6C",0.00116733664114704,NA,0.436378466557912,0.455772113943028,0.688046875684964,FALSE,"OPC"
"SERPINA5",0.00116120794199399,NA,0.435562805872757,0.452273863068466,0.688046875684964,FALSE,"OPC"
"DSC1",0.00115846735548352,NA,0.434747145187602,0.444277861069465,0.688046875684964,FALSE,"OPC"
"GPI",0.00115020724031287,NA,0.433931484502447,0.424287856071964,0.688046875684964,FALSE,"OPC"
"NCR3LG1",0.00114373010958946,NA,0.433115823817292,0.440779610194903,0.688046875684964,FALSE,"OPC"
"ENAM",0.00112396664884938,NA,0.432300163132137,0.449775112443778,0.688046875684964,FALSE,"OPC"
"AANAT",0.00112246956884322,NA,0.431484502446982,0.449275362318841,0.688046875684964,FALSE,"OPC"
"PLA2G10",0.00111168866979529,NA,0.430668841761827,0.419790104947526,0.688046875684964,FALSE,"OPC"
"COL4A5",0.00110009413419835,NA,0.429853181076672,0.449775112443778,0.688046875684964,FALSE,"OPC"
"APOE",0.00108313136881249,NA,0.429037520391517,0.416791604197901,0.688046875684964,TRUE,"OPC"
"IL16",0.00107895133293269,NA,0.428221859706362,0.43728135932034,0.688046875684964,FALSE,"OPC"
"PECAM1",0.00107126136310082,NA,0.427406199021207,0.43328335832084,0.688046875684964,FALSE,"OPC"
"NECTIN4",0.00106896354343643,NA,0.426590538336052,0.446776611694153,0.688046875684964,FALSE,"OPC"
"EFNA5",0.00106737388910447,NA,0.425774877650897,0.427786106946527,0.688046875684964,FALSE,"OPC"
"THY1",0.00105056076919794,NA,0.424959216965742,0.448275862068966,0.688046875684964,FALSE,"OPC"
"WNT5B",0.00102597046826775,NA,0.424143556280587,0.416291854072964,0.688046875684964,FALSE,"OPC"
"ITGAM",0.0010212731004731,NA,0.423327895595432,0.450774612693653,0.688046875684964,FALSE,"OPC"
"CNTN1",0.00102073811825924,NA,0.422512234910277,0.455272363818091,0.688046875684964,FALSE,"OPC"
"LEAP2",0.0010199860531174,NA,0.421696574225122,0.436281859070465,0.688046875684964,FALSE,"OPC"
"ADAM2",0.00101947683813588,NA,0.420880913539967,0.450774612693653,0.688046875684964,FALSE,"OPC"
"TNF",0.00101370840564313,NA,0.420065252854812,0.405797101449275,0.688046875684964,FALSE,"OPC"
"CD52",0.00101202728615482,NA,0.419249592169657,0.427286356821589,0.688046875684964,FALSE,"OPC"
"HSPG2",0.000993478423140429,NA,0.418433931484502,0.441779110444778,0.688046875684964,FALSE,"OPC"
"COL6A1",0.000987077008664169,NA,0.417618270799347,0.438780609695152,0.688046875684964,FALSE,"OPC"
"UCN",0.000980789907961528,NA,0.416802610114193,0.449275362318841,0.688046875684964,FALSE,"OPC"
"SLIT1",0.000977961770137723,NA,0.415986949429038,0.458770614692654,0.688046875684964,FALSE,"OPC"
"KISS1",0.000976845035723897,NA,0.415171288743883,0.415792103948026,0.688046875684964,FALSE,"OPC"
"WNT8B",0.000969164707863325,NA,0.414355628058728,0.420289855072464,0.688046875684964,FALSE,"OPC"
"NPNT",0.000967291555853787,NA,0.413539967373573,0.442278860569715,0.688046875684964,FALSE,"OPC"
"SLIT3",0.000966249591501732,NA,0.412724306688418,0.449775112443778,0.688046875684964,FALSE,"OPC"
"FCN2",0.000963842996137808,NA,0.411908646003263,0.438780609695152,0.688046875684964,FALSE,"OPC"
"COL17A1",0.000953003784058089,NA,0.411092985318108,0.420789605197401,0.688046875684964,FALSE,"OPC"
"LUM",0.00095262294047786,NA,0.410277324632953,0.451774112943528,0.688046875684964,FALSE,"OPC"
"APOA1",0.00094548882962755,NA,0.409461663947798,0.424787606196902,0.688046875684964,FALSE,"OPC"
"PTPRC",0.000945179553125497,NA,0.408646003262643,0.43528235882059,0.688046875684964,FALSE,"OPC"
"SEMA7A",0.000935182857341117,NA,0.407830342577488,0.455272363818091,0.688046875684964,FALSE,"OPC"
"CLMP",0.000928831095278157,NA,0.407014681892333,0.459770114942529,0.688046875684964,FALSE,"OPC"
"DLL3",0.000905867548674541,NA,0.406199021207178,0.452273863068466,0.688046875684964,FALSE,"OPC"
"TGFB2",0.000871474264881612,NA,0.405383360522023,0.411294352823588,0.688046875684964,FALSE,"OPC"
"CLEC2L",0.000869724673839601,NA,0.404567699836868,0.454272863568216,0.688046875684964,FALSE,"OPC"
"PODXL2",0.000869264653601921,NA,0.403752039151713,0.457771114442779,0.688046875684964,FALSE,"OPC"
"SIGLEC8",0.000858651397565124,NA,0.402936378466558,0.466766616691654,0.688046875684964,FALSE,"OPC"
"F13A1",0.000853748147176584,NA,0.402120717781403,0.463768115942029,0.688046875684964,FALSE,"OPC"
"WNT7B",0.000852232691983273,NA,0.401305057096248,0.427786106946527,0.688046875684964,FALSE,"OPC"
"CD58",0.000849733157464155,NA,0.400489396411093,0.44727636181909,0.688046875684964,FALSE,"OPC"
"CD200",0.000838963623712393,NA,0.399673735725938,0.452273863068466,0.688046875684964,FALSE,"OPC"
"DCN",0.000834477036342453,NA,0.398858075040783,0.454772613693153,0.688046875684964,FALSE,"OPC"
"CD86",0.00082666839376191,NA,0.398042414355628,0.437781109445277,0.688046875684964,FALSE,"OPC"
"ADAMTS3",0.000820630626503509,NA,0.397226753670473,0.413793103448276,0.688046875684964,FALSE,"OPC"
"FAT4",0.000820183723496037,NA,0.396411092985318,0.462268865567216,0.688046875684964,FALSE,"OPC"
"LY6G6F",0.000813530177535071,NA,0.395595432300163,0.458770614692654,0.688046875684964,FALSE,"OPC"
"CCL23",0.000812897054751846,NA,0.394779771615008,0.408295852073963,0.688046875684964,FALSE,"OPC"
"COL6A2",0.000797502552212877,NA,0.393964110929853,0.453273363318341,0.688046875684964,FALSE,"OPC"
"PCDHA13",0.000793081487502835,NA,0.393148450244698,0.471264367816092,0.688046875684964,FALSE,"OPC"
"IL17F",0.000785345454463507,NA,0.392332789559543,0.443778110944528,0.688046875684964,FALSE,"OPC"
"TSHB",0.000770128570359959,NA,0.391517128874388,0.44327836081959,0.688046875684964,FALSE,"OPC"
"LAMC3",0.00076952932627933,NA,0.390701468189233,0.439780109945027,0.688046875684964,FALSE,"OPC"
"CCL13",0.000761761641278044,NA,0.389885807504078,0.43928035982009,0.688046875684964,FALSE,"OPC"
"ADAM28",0.000760595666780672,NA,0.389070146818923,0.458770614692654,0.688046875684964,FALSE,"OPC"
"EFNA2",0.000750409496032359,NA,0.388254486133768,0.467766116941529,0.688046875684964,FALSE,"OPC"
"CDH9",0.000747295467697563,NA,0.387438825448613,0.467766116941529,0.688046875684964,FALSE,"OPC"
"DSG1",0.000744533201582477,NA,0.386623164763458,0.468765617191404,0.688046875684964,FALSE,"OPC"
"LAMC1",0.000727751313667129,NA,0.385807504078303,0.455772113943028,0.688046875684964,FALSE,"OPC"
"VGF",0.000714949621908536,NA,0.384991843393148,0.461769115442279,0.688046875684964,FALSE,"OPC"
"APOC2",0.000707693821314682,NA,0.384176182707993,0.464767616191904,0.688046875684964,FALSE,"OPC"
"GPC6",0.000704689703470418,NA,0.383360522022838,0.473263368315842,0.688046875684964,FALSE,"OPC"
"SLURP2",0.000692779762010502,NA,0.382544861337684,0.47376311844078,0.688046875684964,FALSE,"OPC"
"DEFB4A",0.000687047583688674,NA,0.381729200652529,0.466766616691654,0.688046875684964,FALSE,"OPC"
"GUCA2A",0.000684702311555727,NA,0.380913539967374,0.461269365317341,0.688046875684964,FALSE,"OPC"
"GRN",0.000676194286844581,NA,0.380097879282219,0.426286856571714,0.688046875684964,FALSE,"OPC"
"PSG4",0.000675859562375459,NA,0.379282218597064,0.453273363318341,0.688046875684964,FALSE,"OPC"
"VTCN1",0.000674595217471011,NA,0.378466557911909,0.463768115942029,0.688046875684964,FALSE,"OPC"
"SEMA6A",0.000670593915508016,NA,0.377650897226754,0.467266366816592,0.688046875684964,FALSE,"OPC"
"SAA1",0.000654817201267331,NA,0.376835236541599,0.457771114442779,0.688046875684964,FALSE,"OPC"
"BGN",0.000653965519447937,NA,0.376019575856444,0.438780609695152,0.688046875684964,FALSE,"OPC"
"EGF",0.000647925062002011,NA,0.375203915171289,0.411794102948526,0.688046875684964,FALSE,"OPC"
"COL5A2",0.00064624997498282,NA,0.374388254486134,0.44327836081959,0.688046875684964,FALSE,"OPC"
"SELL",0.00063226040842394,NA,0.373572593800979,0.408295852073963,0.688046875684964,FALSE,"OPC"
"SPAG11B",0.000631094897259227,NA,0.372756933115824,0.47576211894053,0.688046875684964,FALSE,"OPC"
"PSG5",0.000617100560876941,NA,0.371941272430669,0.476761619190405,0.688046875684964,FALSE,"OPC"
"CXADR",0.000614618508672514,NA,0.371125611745514,0.461269365317341,0.688046875684964,FALSE,"OPC"
"LGALS9",0.00060324447024367,NA,0.370309951060359,0.465767116441779,0.688046875684964,TRUE,"OPC"
"PROK1",0.000601897113799234,NA,0.369494290375204,0.393803098450775,0.688046875684964,FALSE,"OPC"
"GNRH2",0.000590142988399618,NA,0.368678629690049,0.422288855572214,0.688046875684964,FALSE,"OPC"
"FST",0.000588453229453523,NA,0.367862969004894,0.44327836081959,0.688046875684964,FALSE,"OPC"
"JAG2",0.000588059926770234,NA,0.367047308319739,0.474762618690655,0.688046875684964,FALSE,"OPC"
"CLDN2",0.000581816812896368,NA,0.366231647634584,0.47376311844078,0.688046875684964,FALSE,"OPC"
"WNT3A",0.000568402308319068,NA,0.365415986949429,0.441779110444778,0.688046875684964,FALSE,"OPC"
"CDH5",0.000566050432699209,NA,0.364600326264274,0.469765117441279,0.688046875684964,FALSE,"OPC"
"CEACAM4",0.000561067944117408,NA,0.363784665579119,0.477261369315342,0.688046875684964,FALSE,"OPC"
"CD59",0.000532363683455671,NA,0.362969004893964,0.425787106446777,0.688046875684964,FALSE,"OPC"
"AVP",0.000529257011888875,NA,0.362153344208809,0.434782608695652,0.688046875684964,FALSE,"OPC"
"GALP",0.000528041560919695,NA,0.361337683523654,0.474262868565717,0.688046875684964,FALSE,"OPC"
"COL8A2",0.000519944685101838,NA,0.360522022838499,0.448775612193903,0.688046875684964,FALSE,"OPC"
"AMH",0.000514632148902865,NA,0.359706362153344,0.468765617191404,0.688046875684964,FALSE,"OPC"
"PCDHA3",0.000509764410963148,NA,0.358890701468189,0.478260869565217,0.688046875684964,FALSE,"OPC"
"CCL17",0.000500692845437599,NA,0.358075040783034,0.48175912043978,0.688046875684964,FALSE,"OPC"
"AHSG",0.000498305362805542,NA,0.357259380097879,0.476261869065467,0.688046875684964,FALSE,"OPC"
"C4BPA",0.000494355818085814,NA,0.356443719412724,0.472263868065967,0.688046875684964,FALSE,"OPC"
"SYT1",0.000486001875857287,NA,0.355628058727569,0.475262368815592,0.688046875684964,FALSE,"OPC"
"IL17B",0.000471840609893581,NA,0.354812398042414,0.469765117441279,0.688046875684964,FALSE,"OPC"
"COL20A1",0.00046936106086055,NA,0.353996737357259,0.467266366816592,0.688046875684964,FALSE,"OPC"
"COL9A1",0.000462280116847929,NA,0.353181076672104,0.452273863068466,0.688046875684964,FALSE,"OPC"
"SELP",0.000461968573403411,NA,0.352365415986949,0.472763618190905,0.688046875684964,FALSE,"OPC"
"PCDHA12",0.000453461304885011,NA,0.351549755301794,0.480259870064968,0.688046875684964,FALSE,"OPC"
"GZMB",0.000440880064075731,NA,0.350734094616639,0.482258870564718,0.688046875684964,FALSE,"OPC"
"GCG",0.000440009420741848,NA,0.349918433931485,0.378810594702649,0.688046875684964,FALSE,"OPC"
"KIRREL1",0.000428326467699989,NA,0.34910277324633,0.472763618190905,0.688046875684964,FALSE,"OPC"
"CD99",0.000415048635843692,NA,0.348287112561175,0.450774612693653,0.688046875684964,FALSE,"OPC"
"JAML",0.00040557619509796,NA,0.34747145187602,0.47776111944028,0.688046875684964,FALSE,"OPC"
"KIR2DS5",0.000400065857201945,NA,0.346655791190865,0.47776111944028,0.688046875684964,FALSE,"OPC"
"SST",0.000389697362665435,NA,0.34584013050571,0.426786606696652,0.688046875684964,FALSE,"OPC"
"CD55",0.000375790869108452,NA,0.345024469820555,0.471764117941029,0.688046875684964,FALSE,"OPC"
"TPH1",0.00035794588703443,NA,0.3442088091354,0.467266366816592,0.688046875684964,FALSE,"OPC"
"DCHS1",0.000351492192255131,NA,0.343393148450245,0.458770614692654,0.688046875684964,FALSE,"OPC"
"TSPAN5",0.000345689650836796,NA,0.34257748776509,0.48375812093953,0.688046875684964,FALSE,"OPC"
"TFF2",0.000329429262032999,NA,0.341761827079935,0.465267366316842,0.688046875684964,FALSE,"OPC"
"LAMA5",0.000328634139761297,NA,0.34094616639478,0.482258870564718,0.688046875684964,FALSE,"OPC"
"CXCL13",0.000327639814736754,NA,0.340130505709625,0.461769115442279,0.688046875684964,FALSE,"OPC"
"EFEMP2",0.000308800156880842,NA,0.33931484502447,0.467766116941529,0.688046875684964,FALSE,"OPC"
"CD5L",0.000305004302166477,NA,0.338499184339315,0.459770114942529,0.688046875684964,FALSE,"OPC"
"ITGA9",0.000299511219435244,NA,0.33768352365416,0.484757621189405,0.688046875684964,FALSE,"OPC"
"WNT2",0.000298210983248048,NA,0.336867862969005,0.463768115942029,0.688046875684964,FALSE,"OPC"
"PVR",0.00028422066011974,NA,0.33605220228385,0.486756621689155,0.688046875684964,FALSE,"OPC"
"DSPP",0.000273665077535736,NA,0.335236541598695,0.430784607696152,0.688046875684964,FALSE,"OPC"
"RSPO1",0.00027354340116312,NA,0.33442088091354,0.481259370314843,0.688046875684964,FALSE,"OPC"
"ICAM5",0.000271805559775726,NA,0.333605220228385,0.476261869065467,0.688046875684964,FALSE,"OPC"
"PPBP",0.000262227316837634,NA,0.33278955954323,0.460269865067466,0.688046875684964,FALSE,"OPC"
"ITGAL",0.000261443802368242,NA,0.331973898858075,0.430284857571214,0.688046875684964,FALSE,"OPC"
"STX1A",0.00025113187476527,NA,0.33115823817292,0.476261869065467,0.688046875684964,FALSE,"OPC"
"RAET1G",0.000241730680534993,NA,0.330342577487765,0.471264367816092,0.688046875684964,FALSE,"OPC"
"ZPBP2",0.000228804465960302,NA,0.32952691680261,0.47776111944028,0.688046875684964,FALSE,"OPC"
"WNT10B",0.000219966527786526,NA,0.328711256117455,0.455272363818091,0.688046875684964,FALSE,"OPC"
"LAMC2",0.000219531149306503,NA,0.3278955954323,0.48575712143928,0.688046875684964,FALSE,"OPC"
"CCL25",0.00021761319499895,NA,0.327079934747145,0.407296351824088,0.688046875684964,FALSE,"OPC"
"RSPO4",0.000194309246495479,NA,0.32626427406199,0.478260869565217,0.688046875684964,FALSE,"OPC"
"RBP3",0.000187160293439095,NA,0.325448613376835,0.495752123938031,0.688046875684964,FALSE,"OPC"
"CEACAM5",0.000186267568172145,NA,0.32463295269168,0.489755122438781,0.688046875684964,FALSE,"OPC"
"PCDHB3",0.000151741926427078,NA,0.323817292006525,0.502248875562219,0.688046875684964,FALSE,"OPC"
"SEMA5A",0.000149237505842325,NA,0.32300163132137,0.484757621189405,0.688046875684964,FALSE,"OPC"
"MICB",0.000133883138316456,NA,0.322185970636215,0.462268865567216,0.688046875684964,FALSE,"OPC"
"LRRC4B",0.000126355061520356,NA,0.32137030995106,0.499250374812594,0.688046875684964,FALSE,"OPC"
"C1QA",0.000119865009858722,NA,0.320554649265905,0.475262368815592,0.688046875684964,FALSE,"OPC"
"PIP",0.000113763303476011,NA,0.31973898858075,0.501749125437281,0.688046875684964,FALSE,"OPC"
"F11R",0.000110262281695699,NA,0.318923327895595,0.475262368815592,0.688046875684964,FALSE,"OPC"
"SCGB1A1",0.000102023795914949,NA,0.31810766721044,0.484757621189405,0.688046875684964,FALSE,"OPC"
"SCGB3A1",9.63360891653367e-05,NA,0.317292006525285,0.495752123938031,0.688046875684964,FALSE,"OPC"
"CD28",9.45597871218286e-05,NA,0.316476345840131,0.454272863568216,0.688046875684964,FALSE,"OPC"
"CCN3",9.22375523643073e-05,NA,0.315660685154976,0.475262368815592,0.688046875684964,FALSE,"OPC"
"F2",8.95100214991652e-05,NA,0.314845024469821,0.396301849075462,0.688046875684964,FALSE,"OPC"
"NPY",7.78870539493858e-05,NA,0.314029363784666,0.462768615692154,0.688046875684964,FALSE,"OPC"
"CPAMD8",6.98563537832847e-05,NA,0.313213703099511,0.494752623688156,0.688046875684964,FALSE,"OPC"
"CCK",4.85383830107579e-05,NA,0.312398042414356,0.463768115942029,0.688046875684964,FALSE,"OPC"
"VTN",2.2076489398166e-05,NA,0.311582381729201,0.472263868065967,0.688046875684964,FALSE,"OPC"
"F5",-5.64349339606735e-06,NA,0.310766721044046,0.496751624187906,0.688046875684964,FALSE,"OPC"
"CCL2",-1.17378817340359e-05,NA,0.309951060358891,0.463268365817091,0.688046875684964,FALSE,"OPC"
"SPINK1",-1.28577645554361e-05,NA,0.309135399673736,0.472263868065967,0.688046875684964,FALSE,"OPC"
"SARAF",-1.51148893298953e-05,NA,0.308319738988581,0.497251374312844,0.688046875684964,FALSE,"OPC"
"NXPH3",-2.00869762572014e-05,NA,0.307504078303426,0.500249875062469,0.688046875684964,FALSE,"OPC"
"CTF1",-3.72860035842325e-05,NA,0.306688417618271,0.492753623188406,0.688046875684964,FALSE,"OPC"
"CADM2",-4.795707443011e-05,NA,0.305872756933116,0.48175912043978,0.688046875684964,FALSE,"OPC"
"DEFB1",-5.30281506420315e-05,NA,0.305057096247961,0.505247376311844,0.688046875684964,FALSE,"OPC"
"ADIPOQ",-5.88505198035181e-05,NA,0.304241435562806,0.460269865067466,0.688046875684964,FALSE,"OPC"
"SERPINA1",-6.30303233714483e-05,NA,0.303425774877651,0.489255372313843,0.688046875684964,FALSE,"OPC"
"EBI3",-6.82248167719689e-05,NA,0.302610114192496,0.483258370814593,0.688046875684964,FALSE,"OPC"
"FBLN1",-7.14730343797562e-05,NA,0.301794453507341,0.497751124437781,0.688046875684964,FALSE,"OPC"
"CD320",-0.000104047770354782,NA,0.300978792822186,0.490754622688656,0.688046875684964,FALSE,"OPC"
"CFP",-0.000110817703769056,NA,0.300163132137031,0.491254372813593,0.688046875684964,FALSE,"OPC"
"PGF",-0.000122581409075305,NA,0.299347471451876,0.48175912043978,0.688046875684964,FALSE,"OPC"
"LGI4",-0.000125030307506458,NA,0.298531810766721,0.474262868565717,0.688046875684964,FALSE,"OPC"
"CIB1",-0.000131598006337223,NA,0.297716150081566,0.498250874562719,0.688046875684964,FALSE,"OPC"
"ILDR2",-0.000136157769826279,NA,0.296900489396411,0.504247876061969,0.688046875684964,FALSE,"OPC"
"FAP",-0.000136304094893046,NA,0.296084828711256,0.493253373313343,0.688046875684964,TRUE,"OPC"
"DUSP18",-0.000139053937099422,NA,0.295269168026101,0.516741629185407,0.689709980503268,FALSE,"OPC"
"RSPO2",-0.000181931850878779,NA,0.294453507340946,0.494752623688156,0.688046875684964,FALSE,"OPC"
"WNT16",-0.000191508015124683,NA,0.293637846655791,0.474262868565717,0.688046875684964,FALSE,"OPC"
"FLRT2",-0.000210317611766001,NA,0.292822185970636,0.505747126436782,0.688046875684964,FALSE,"OPC"
"CXCL11",-0.00021899924911741,NA,0.292006525285481,0.493253373313343,0.688046875684964,FALSE,"OPC"
"COL4A3",-0.000227617638135705,NA,0.291190864600326,0.510744627686157,0.688046875684964,FALSE,"OPC"
"MXRA8",-0.000227794311611191,NA,0.290375203915171,0.507246376811594,0.688046875684964,FALSE,"OPC"
"PSG7",-0.000229609144985249,NA,0.289559543230016,0.514742628685657,0.689709980503268,FALSE,"OPC"
"CD2",-0.000232163051797999,NA,0.288743882544861,0.47576211894053,0.688046875684964,FALSE,"OPC"
"CXCL10",-0.000235589299563033,NA,0.287928221859706,0.503748125937031,0.688046875684964,FALSE,"OPC"
"BTLA",-0.000242085984360463,NA,0.287112561174551,0.504747626186906,0.688046875684964,FALSE,"OPC"
"TAC3",-0.000253170067197811,NA,0.286296900489396,0.445777111444278,0.688046875684964,FALSE,"OPC"
"APOA5",-0.000259682068276777,NA,0.285481239804241,0.508745627186407,0.688046875684964,FALSE,"OPC"
"RELN",-0.000271778905299135,NA,0.284665579119086,0.486756621689155,0.688046875684964,FALSE,"OPC"
"TPSB2",-0.000272445619521714,NA,0.283849918433931,0.515242378810595,0.689709980503268,FALSE,"OPC"
"CCL3L3",-0.000275401185944647,NA,0.283034257748776,0.487756121939031,0.688046875684964,FALSE,"OPC"
"HLA-DOA",-0.00028659070637188,NA,0.282218597063622,0.503748125937031,0.688046875684964,FALSE,"OPC"
"HLA-DPB1",-0.00031072069953278,NA,0.281402936378467,0.510244877561219,0.688046875684964,FALSE,"OPC"
"CHL1",-0.000317146272977123,NA,0.280587275693312,0.509245377311344,0.688046875684964,FALSE,"OPC"
"MFAP5",-0.000339469626314521,NA,0.279771615008157,0.503748125937031,0.688046875684964,FALSE,"OPC"
"RLN2",-0.000343240756864121,NA,0.278955954323002,0.525237381309345,0.689709980503268,FALSE,"OPC"
"INHBA",-0.00036446821302781,NA,0.278140293637847,0.450274862568716,0.688046875684964,FALSE,"OPC"
"EFEMP1",-0.000385009930674644,NA,0.277324632952692,0.511244377811094,0.688046875684964,TRUE,"OPC"
"C5",-0.00042790848810649,NA,0.276508972267537,0.438780609695152,0.688046875684964,FALSE,"OPC"
"SEMA4A",-0.000428230740160589,NA,0.275693311582382,0.511744127936032,0.688046875684964,FALSE,"OPC"
"SIGLEC1",-0.000429148465680886,NA,0.274877650897227,0.511744127936032,0.688046875684964,FALSE,"OPC"
"ALB",-0.000433833180289863,NA,0.274061990212072,0.449775112443778,0.688046875684964,FALSE,"OPC"
"IL17C",-0.000452866418682404,NA,0.273246329526917,0.512243878060969,0.688046875684964,FALSE,"OPC"
"NTN1",-0.000456530229219804,NA,0.272430668841762,0.510744627686157,0.688046875684964,FALSE,"OPC"
"LYPD6",-0.000459914423435269,NA,0.271615008156607,0.524737631184408,0.689709980503268,FALSE,"OPC"
"WNT6",-0.000474144842967235,NA,0.270799347471452,0.483258370814593,0.688046875684964,FALSE,"OPC"
"GJB2",-0.000489152847330421,NA,0.269983686786297,0.498250874562719,0.688046875684964,FALSE,"OPC"
"FLRT1",-0.000520683483737015,NA,0.269168026101142,0.510244877561219,0.688046875684964,FALSE,"OPC"
"GDF15",-0.000526875875234179,NA,0.268352365415987,0.51424287856072,0.689709980503268,FALSE,"OPC"
"GP1BA",-0.000529604698571829,NA,0.267536704730832,0.525237381309345,0.689709980503268,FALSE,"OPC"
"GAD1",-0.000540150430065416,NA,0.266721044045677,0.503748125937031,0.688046875684964,FALSE,"OPC"
"SLAMF7",-0.000544256798017686,NA,0.265905383360522,0.52023988005997,0.689709980503268,FALSE,"OPC"
"FGG",-0.000552335148224627,NA,0.265089722675367,0.523238380809595,0.689709980503268,FALSE,"OPC"
"CDH4",-0.000561192554593822,NA,0.264274061990212,0.525237381309345,0.689709980503268,FALSE,"OPC"
"BPI",-0.000569649633652835,NA,0.263458401305057,0.499250374812594,0.688046875684964,FALSE,"OPC"
"PMCH",-0.000582772705657528,NA,0.262642740619902,0.468265867066467,0.688046875684964,FALSE,"OPC"
"TGFB3",-0.000662314076174617,NA,0.261827079934747,0.496751624187906,0.688046875684964,FALSE,"OPC"
"TIMD4",-0.000678342468903489,NA,0.261011419249592,0.530234882558721,0.689709980503268,FALSE,"OPC"
"F8",-0.00067869177273376,NA,0.260195758564437,0.507246376811594,0.688046875684964,FALSE,"OPC"
"PRLH",-0.000678741219152378,NA,0.259380097879282,0.532233883058471,0.689709980503268,FALSE,"OPC"
"IFNL4",-0.000704959988610077,NA,0.258564437194127,0.512243878060969,0.688046875684964,FALSE,"OPC"
"EMC1",-0.000706923950471751,NA,0.257748776508972,0.531734132933533,0.689709980503268,FALSE,"OPC"
"MMP7",-0.000713928816314276,NA,0.256933115823817,0.519740129935032,0.689709980503268,FALSE,"OPC"
"XCL2",-0.00071661461784984,NA,0.256117455138662,0.531234382808596,0.689709980503268,FALSE,"OPC"
"SPP1",-0.000720274219919668,NA,0.255301794453507,0.499250374812594,0.688046875684964,FALSE,"OPC"
"CD1B",-0.000748776325314957,NA,0.254486133768352,0.527236381809095,0.689709980503268,FALSE,"OPC"
"GAL",-0.000749444975548649,NA,0.253670473083197,0.519240379810095,0.689709980503268,FALSE,"OPC"
"CORIN",-0.00075017495654764,NA,0.252854812398042,0.530234882558721,0.689709980503268,FALSE,"OPC"
"SERPINE1",-0.000754107316708234,NA,0.252039151712887,0.52223888055972,0.689709980503268,TRUE,"OPC"
"SOST",-0.000754707367922622,NA,0.251223491027732,0.542728635682159,0.689709980503268,FALSE,"OPC"
"TCTN3",-0.000770484078054425,NA,0.250407830342577,0.525737131434283,0.689709980503268,FALSE,"OPC"
"CEACAM20",-0.000773691885917044,NA,0.249592169657423,0.530234882558721,0.689709980503268,FALSE,"OPC"
"CCL3",-0.000805975120584558,NA,0.248776508972268,0.507246376811594,0.688046875684964,FALSE,"OPC"
"IL21",-0.000810235097512635,NA,0.247960848287113,0.486256871564218,0.688046875684964,FALSE,"OPC"
"IL12B",-0.000838008849243067,NA,0.247145187601958,0.508745627186407,0.688046875684964,FALSE,"OPC"
"CRP",-0.000864135563101976,NA,0.246329526916803,0.449275362318841,0.688046875684964,FALSE,"OPC"
"ALCAM",-0.000870787692053119,NA,0.245513866231648,0.532733633183408,0.689709980503268,FALSE,"OPC"
"PTGFRN",-0.000877009765072134,NA,0.244698205546493,0.532733633183408,0.689709980503268,FALSE,"OPC"
"CDH6",-0.000882721684568297,NA,0.243882544861338,0.531234382808596,0.689709980503268,FALSE,"OPC"
"HLA-DQB1",-0.000884573655586218,NA,0.243066884176183,0.507246376811594,0.688046875684964,FALSE,"OPC"
"ICOSLG",-0.000922283886305752,NA,0.242251223491028,0.531234382808596,0.689709980503268,FALSE,"OPC"
"AIMP1",-0.000955808697602861,NA,0.241435562805873,0.499250374812594,0.688046875684964,FALSE,"OPC"
"RAET1E",-0.000958757253637078,NA,0.240619902120718,0.535232383808096,0.689709980503268,FALSE,"OPC"
"NEGR1",-0.00098265125272183,NA,0.239804241435563,0.540229885057471,0.689709980503268,FALSE,"OPC"
"TNXB",-0.000995469556437129,NA,0.238988580750408,0.536231884057971,0.689709980503268,FALSE,"OPC"
"EDN1",-0.000996047944660494,NA,0.238172920065253,0.418290854572714,0.688046875684964,FALSE,"OPC"
"IFNA1",-0.00102696126233568,NA,0.237357259380098,0.462768615692154,0.688046875684964,FALSE,"OPC"
"CCL16",-0.00104438025065664,NA,0.236541598694943,0.544727636181909,0.689709980503268,FALSE,"OPC"
"SECTM1",-0.00104525686596366,NA,0.235725938009788,0.538730634682659,0.689709980503268,FALSE,"OPC"
"LRRTM2",-0.00105003629716831,NA,0.234910277324633,0.548725637181409,0.689709980503268,FALSE,"OPC"
"CXCL9",-0.0010544045711144,NA,0.234094616639478,0.547726136931534,0.689709980503268,FALSE,"OPC"
"CLEC2A",-0.0010602280324992,NA,0.233278955954323,0.550224887556222,0.689709980503268,FALSE,"OPC"
"MPZL3",-0.00106241897823661,NA,0.232463295269168,0.544227886056971,0.689709980503268,FALSE,"OPC"
"LTBP1",-0.00107486238655446,NA,0.231647634584013,0.539730134932534,0.689709980503268,FALSE,"OPC"
"FGF13",-0.00112370135403957,NA,0.230831973898858,0.549725137431284,0.689709980503268,FALSE,"OPC"
"IL1F10",-0.00112621614515872,NA,0.230016313213703,0.55272363818091,0.689709980503268,FALSE,"OPC"
"APOC3",-0.00115777833113663,NA,0.229200652528548,0.555222388805597,0.689709980503268,FALSE,"OPC"
"BTNL8",-0.00116948808482263,NA,0.228384991843393,0.548225887056472,0.689709980503268,FALSE,"OPC"
"GP5",-0.00117924081335656,NA,0.227569331158238,0.551224387806097,0.689709980503268,FALSE,"OPC"
"GHRL",-0.00122871437219441,NA,0.226753670473083,0.525737131434283,0.689709980503268,FALSE,"OPC"
"SHISA4",-0.00123731808293213,NA,0.225938009787928,0.543728135932034,0.689709980503268,FALSE,"OPC"
"CADM4",-0.00123817789303389,NA,0.225122349102773,0.548725637181409,0.689709980503268,FALSE,"OPC"
"MPIG6B",-0.00124312912884892,NA,0.224306688417618,0.554222888555722,0.689709980503268,FALSE,"OPC"
"SDK2",-0.00124755577012676,NA,0.223491027732463,0.555222388805597,0.689709980503268,FALSE,"OPC"
"MFAP3L",-0.00124893044682584,NA,0.222675367047308,0.548225887056472,0.689709980503268,FALSE,"OPC"
"COL16A1",-0.00131094418538071,NA,0.221859706362153,0.521739130434783,0.689709980503268,FALSE,"OPC"
"COL11A1",-0.00131348185579447,NA,0.221044045676998,0.539230384807596,0.689709980503268,FALSE,"OPC"
"LEP",-0.00131661409263852,NA,0.220228384991843,0.485257371314343,0.688046875684964,FALSE,"OPC"
"ICAM3",-0.00133012434882137,NA,0.219412724306688,0.558220889555222,0.689709980503268,FALSE,"OPC"
"GRP",-0.00133088141895531,NA,0.218597063621533,0.503248375812094,0.688046875684964,FALSE,"OPC"
"TNR",-0.00134406874991417,NA,0.217781402936378,0.540229885057471,0.689709980503268,FALSE,"OPC"
"TIGIT",-0.00134440458205371,NA,0.216965742251224,0.563218390804598,0.689709980503268,FALSE,"OPC"
"MFGE8",-0.0013460930987881,NA,0.216150081566069,0.540229885057471,0.689709980503268,FALSE,"OPC"
"TF",-0.00134780642838583,NA,0.215334420880914,0.541229385307346,0.689709980503268,FALSE,"OPC"
"TFF1",-0.00135223274649928,NA,0.214518760195759,0.545227386306847,0.689709980503268,FALSE,"OPC"
"HLA-DRB4",-0.00135651540302741,NA,0.213703099510604,0.538730634682659,0.689709980503268,FALSE,"OPC"
"PLTP",-0.00135670158072736,NA,0.212887438825449,0.529735132433783,0.689709980503268,FALSE,"OPC"
"SFTPA1",-0.00135873022428942,NA,0.212071778140294,0.558220889555222,0.689709980503268,FALSE,"OPC"
"VEGFB",-0.00136017429636089,NA,0.211256117455139,0.555222388805597,0.689709980503268,FALSE,"OPC"
"NTN3",-0.00137727101608608,NA,0.210440456769984,0.560219890054973,0.689709980503268,FALSE,"OPC"
"CRLF1",-0.00138478575122999,NA,0.209624796084829,0.553723138430785,0.689709980503268,FALSE,"OPC"
"CX3CL1",-0.00141487120118466,NA,0.208809135399674,0.492753623188406,0.688046875684964,FALSE,"OPC"
"HLA-DMB",-0.00143492977133261,NA,0.207993474714519,0.561719140429785,0.689709980503268,FALSE,"OPC"
"CCN6",-0.00143912256873887,NA,0.207177814029364,0.555222388805597,0.689709980503268,FALSE,"OPC"
"PDYN",-0.0014399424975684,NA,0.206362153344209,0.56271864067966,0.689709980503268,FALSE,"OPC"
"COL8A1",-0.00146570619171385,NA,0.205546492659054,0.546726636681659,0.689709980503268,TRUE,"OPC"
"ITGB2",-0.00147559412446128,NA,0.204730831973899,0.550224887556222,0.689709980503268,FALSE,"OPC"
"NLGN4Y",-0.00147744043186692,NA,0.203915171288744,0.575712143928036,0.695510233049156,FALSE,"OPC"
"HLA-DQA2",-0.00149546698552155,NA,0.203099510603589,0.551224387806097,0.689709980503268,FALSE,"OPC"
"NRXN1",-0.00151131341551238,NA,0.202283849918434,0.579710144927536,0.69665509710898,FALSE,"OPC"
"CEACAM21",-0.00151888916600836,NA,0.201468189233279,0.559720139930035,0.689709980503268,FALSE,"OPC"
"ADAM17",-0.00153826922140519,NA,0.200652528548124,0.444277861069465,0.688046875684964,FALSE,"OPC"
"SPON1",-0.00155384661965156,NA,0.199836867862969,0.551224387806097,0.689709980503268,TRUE,"OPC"
"CCL4",-0.00157342611721075,NA,0.199021207177814,0.562218890554723,0.689709980503268,FALSE,"OPC"
"CD300C",-0.00158922271913305,NA,0.198205546492659,0.577711144427786,0.695784229692619,FALSE,"OPC"
"KNG1",-0.0015920493492044,NA,0.197389885807504,0.553223388305847,0.689709980503268,FALSE,"OPC"
"CFAP54",-0.00163862311886868,NA,0.196574225122349,0.557721139430285,0.689709980503268,FALSE,"OPC"
"ST14",-0.00164372361733717,NA,0.195758564437194,0.56271864067966,0.689709980503268,FALSE,"OPC"
"TREML4",-0.0016489930173162,NA,0.194942903752039,0.563718140929535,0.689709980503268,FALSE,"OPC"
"HLA-DQB2",-0.0016726504316689,NA,0.194127243066884,0.540229885057471,0.689709980503268,FALSE,"OPC"
"WNT2B",-0.00170657197666919,NA,0.193311582381729,0.554222888555722,0.689709980503268,FALSE,"OPC"
"HGF",-0.001710412678186,NA,0.192495921696574,0.510744627686157,0.688046875684964,FALSE,"OPC"
"PCDHA9",-0.00174131528369535,NA,0.191680261011419,0.56471764117941,0.689709980503268,FALSE,"OPC"
"GC",-0.00174725311400632,NA,0.190864600326264,0.585707146426787,0.699055234287618,FALSE,"OPC"
"ZG16B",-0.0017520880302987,NA,0.190048939641109,0.570214892553723,0.694873516568429,FALSE,"OPC"
"NRG1",-0.0017567550971277,NA,0.189233278955954,0.543728135932034,0.689709980503268,FALSE,"OPC"
"APOA2",-0.00175879180587815,NA,0.188417618270799,0.570714642678661,0.694873516568429,FALSE,"OPC"
"SIGLEC5",-0.00178358663418481,NA,0.187601957585644,0.573713143428286,0.695151929475421,FALSE,"OPC"
"IFNW1",-0.00178464348030109,NA,0.186786296900489,0.572213893053473,0.695151929475421,FALSE,"OPC"
"ANOS1",-0.0018020500956574,NA,0.185970636215334,0.587206396801599,0.699055234287618,FALSE,"OPC"
"LCN2",-0.00182110162208692,NA,0.185154975530179,0.56271864067966,0.689709980503268,FALSE,"OPC"
"IGSF3",-0.00183452318947517,NA,0.184339314845024,0.589205397301349,0.699227272243955,FALSE,"OPC"
"SLPI",-0.00184858074972924,NA,0.183523654159869,0.580209895052474,0.69665509710898,FALSE,"OPC"
"PLAT",-0.00185553560179937,NA,0.182707993474715,0.551224387806097,0.689709980503268,FALSE,"OPC"
"AGRN",-0.00186674920778701,NA,0.18189233278956,0.570214892553723,0.694873516568429,FALSE,"OPC"
"HLA-DQA1",-0.00187181501452929,NA,0.181076672104405,0.587206396801599,0.699055234287618,FALSE,"OPC"
"CLDN19",-0.00188021088849573,NA,0.18026101141925,0.577211394302849,0.695784229692619,FALSE,"OPC"
"MYEOV",-0.00188586799153309,NA,0.179445350734095,0.583708145927036,0.698881516273113,FALSE,"OPC"
"KIR2DS3",-0.00190478371650146,NA,0.17862969004894,0.584207896051974,0.698881516273113,FALSE,"OPC"
"NID1",-0.00193081445114655,NA,0.177814029363785,0.585207396301849,0.699055234287618,FALSE,"OPC"
"CADM3",-0.00202538173454598,NA,0.17699836867863,0.575212393803098,0.695510233049156,FALSE,"OPC"
"TPSAB1",-0.00203948140392643,NA,0.176182707993475,0.572713643178411,0.695151929475421,FALSE,"OPC"
"TRH",-0.00204327247793623,NA,0.17536704730832,0.571214392803598,0.694873516568429,FALSE,"OPC"
"LRP1B",-0.00205742340186682,NA,0.174551386623165,0.589705147426287,0.699227272243955,FALSE,"OPC"
"IL9",-0.00206701989495592,NA,0.17373572593801,0.573713143428286,0.695151929475421,FALSE,"OPC"
"PRL",-0.00207334261898982,NA,0.172920065252855,0.535732133933034,0.689709980503268,FALSE,"OPC"
"COLQ",-0.00208355355640087,NA,0.1721044045677,0.580709645177411,0.69665509710898,FALSE,"OPC"
"NRXN3",-0.00210527718965212,NA,0.171288743882545,0.596201899050475,0.704288646419317,FALSE,"OPC"
"TPO",-0.00211351903617987,NA,0.17047308319739,0.564217891054473,0.689709980503268,FALSE,"OPC"
"TGFA",-0.00212540838341491,NA,0.169657422512235,0.56271864067966,0.689709980503268,FALSE,"OPC"
"FGF18",-0.00214491349718436,NA,0.16884176182708,0.56271864067966,0.689709980503268,FALSE,"OPC"
"DSCAML1",-0.0021519285639609,NA,0.168026101141925,0.589705147426287,0.699227272243955,FALSE,"OPC"
"IFNA13",-0.0021654070069729,NA,0.16721044045677,0.55272363818091,0.689709980503268,FALSE,"OPC"
"IFNB1",-0.00221172346869773,NA,0.166394779771615,0.544727636181909,0.689709980503268,FALSE,"OPC"
"IL6",-0.00225165389066098,NA,0.16557911908646,0.523738130934533,0.689709980503268,FALSE,"OPC"
"TSLP",-0.00226241898159106,NA,0.164763458401305,0.581209395302349,0.69665509710898,FALSE,"OPC"
"HEBP1",-0.00227552104125026,NA,0.16394779771615,0.599700149925038,0.707057443366863,FALSE,"OPC"
"HLA-G",-0.00227587976372979,NA,0.163132137030995,0.595702148925537,0.704288646419317,FALSE,"OPC"
"IMPG2",-0.00229572074699205,NA,0.16231647634584,0.60119940029985,0.707463271246221,FALSE,"OPC"
"SLIT2",-0.0022984347475302,NA,0.161500815660685,0.592703648175912,0.701509148807239,FALSE,"OPC"
"HHIPL2",-0.00232330562271382,NA,0.16068515497553,0.609195402298851,0.710051729606177,FALSE,"OPC"
"MADCAM1",-0.00234595056453981,NA,0.159869494290375,0.59720139930035,0.704789705340008,FALSE,"OPC"
"RSPO3",-0.00236192169754031,NA,0.15905383360522,0.607696151924038,0.708978843911378,FALSE,"OPC"
"FGF23",-0.00239090348047677,NA,0.158238172920065,0.578210894552724,0.695784229692619,FALSE,"OPC"
"NRTN",-0.00239594236485836,NA,0.15742251223491,0.602198900549725,0.707684435294315,FALSE,"OPC"
"PSG6",-0.0024090395651518,NA,0.156606851549755,0.610694652673663,0.710168116699226,FALSE,"OPC"
"PNOC",-0.00242774233080757,NA,0.1557911908646,0.537731134432784,0.689709980503268,FALSE,"OPC"
"VSTM4",-0.00244102303754246,NA,0.154975530179445,0.60119940029985,0.707463271246221,FALSE,"OPC"
"THPO",-0.00252407192493433,NA,0.15415986949429,0.560219890054973,0.689709980503268,FALSE,"OPC"
"CDH2",-0.00255449116717561,NA,0.153344208809135,0.611194402798601,0.710168116699226,FALSE,"OPC"
"PSPN",-0.00258719632386969,NA,0.15252854812398,0.607696151924038,0.708978843911378,FALSE,"OPC"
"TIMP2",-0.00260115569565016,NA,0.151712887438825,0.611694152923538,0.710168116699226,FALSE,"OPC"
"IL12A",-0.00260345792999004,NA,0.15089722675367,0.577211394302849,0.695784229692619,FALSE,"OPC"
"SPON2",-0.00262516629652718,NA,0.150081566068515,0.607196401799101,0.708978843911378,FALSE,"OPC"
"LRPAP1",-0.00266167546226547,NA,0.149265905383361,0.612193903048476,0.710168116699226,FALSE,"OPC"
"SFTPD",-0.00266183915153378,NA,0.148450244698206,0.6031984007996,0.707684435294315,FALSE,"OPC"
"NTN4",-0.00268369542350624,NA,0.147634584013051,0.620689655172414,0.71576054078224,FALSE,"OPC"
"INSL5",-0.00270652383019229,NA,0.146818923327896,0.537231384307846,0.689709980503268,FALSE,"OPC"
"ADCYAP1",-0.00275104118268789,NA,0.146003262642741,0.586206896551724,0.699055234287618,FALSE,"OPC"
"ACE",-0.00277551627496842,NA,0.145187601957586,0.607196401799101,0.708978843911378,FALSE,"OPC"
"AZGP1",-0.00278046116773855,NA,0.144371941272431,0.621189405297351,0.71576054078224,TRUE,"OPC"
"SELE",-0.00280836198935877,NA,0.143556280587276,0.611194402798601,0.710168116699226,FALSE,"OPC"
"HLA-DMA",-0.0028256247307804,NA,0.142740619902121,0.621189405297351,0.71576054078224,FALSE,"OPC"
"AGT",-0.00283785387838749,NA,0.141924959216966,0.542728635682159,0.689709980503268,FALSE,"OPC"
"F9",-0.002844358111589,NA,0.141109298531811,0.621689155422289,0.71576054078224,FALSE,"OPC"
"SIGLEC12",-0.0028448506843332,NA,0.140293637846656,0.624187906046976,0.717962614936663,FALSE,"OPC"
"LGI2",-0.00285185820233675,NA,0.139477977161501,0.63568215892054,0.725732194480579,FALSE,"OPC"
"DLK1",-0.00286730105344948,NA,0.138662316476346,0.603698150924538,0.707684435294315,FALSE,"OPC"
"CCL4L2",-0.00290560316986377,NA,0.137846655791191,0.633183408295852,0.72490623846955,FALSE,"OPC"
"RBP4",-0.0029063655041015,NA,0.137030995106036,0.64167916041979,0.72666462369182,FALSE,"OPC"
"IL22",-0.00295361763259857,NA,0.136215334420881,0.590204897551224,0.699227272243955,FALSE,"OPC"
"CD9",-0.00296678149488527,NA,0.135399673735726,0.613693153423288,0.71114017660357,FALSE,"OPC"
"THBS1",-0.00296696182289357,NA,0.134584013050571,0.630184907546227,0.723397664463648,FALSE,"OPC"
"LRRC4",-0.0030099067671548,NA,0.133768352365416,0.63568215892054,0.725732194480579,FALSE,"OPC"
"CLEC11A",-0.00301290603670638,NA,0.132952691680261,0.633183408295852,0.72490623846955,FALSE,"OPC"
"LILRA6",-0.00306898234181951,NA,0.132137030995106,0.640179910044978,0.72666462369182,FALSE,"OPC"
"LGALS3",-0.00308790334278702,NA,0.131321370309951,0.64167916041979,0.72666462369182,FALSE,"OPC"
"ECM1",-0.003093049351414,NA,0.130505709624796,0.630684657671164,0.723397664463648,FALSE,"OPC"
"ADAM15",-0.00311193315133626,NA,0.129690048939641,0.64167916041979,0.72666462369182,FALSE,"OPC"
"HCRT",-0.00315041449618177,NA,0.128874388254486,0.643178410794603,0.72666462369182,FALSE,"OPC"
"PENK",-0.00317976747739922,NA,0.128058727569331,0.620189905047476,0.71576054078224,FALSE,"OPC"
"SEMA3C",-0.00320096236862407,NA,0.127243066884176,0.646176911544228,0.72666462369182,FALSE,"OPC"
"IL4",-0.00322041307962007,NA,0.126427406199021,0.602698650674663,0.707684435294315,FALSE,"OPC"
"TTR",-0.00322162976973326,NA,0.125611745513866,0.638680659670165,0.72666462369182,FALSE,"OPC"
"GAST",-0.00324723508478006,NA,0.124796084828711,0.637181409295352,0.72666462369182,FALSE,"OPC"
"CNMD",-0.00326642463432928,NA,0.123980424143556,0.638180909545227,0.72666462369182,FALSE,"OPC"
"DBH",-0.00327293524670168,NA,0.123164763458401,0.575712143928036,0.695510233049156,FALSE,"OPC"
"IGFL2",-0.00327629080195763,NA,0.122349102773246,0.63568215892054,0.725732194480579,FALSE,"OPC"
"ABCA1",-0.0032769476513159,NA,0.121533442088091,0.604697651174413,0.708178415572329,FALSE,"OPC"
"GREM1",-0.00328608536223131,NA,0.120717781402936,0.639180409795102,0.72666462369182,FALSE,"OPC"
"NECTIN3",-0.00328694688626248,NA,0.119902120717781,0.615692153923038,0.712202916483213,FALSE,"OPC"
"EDA",-0.00332413992112835,NA,0.119086460032626,0.652173913043478,0.729944963707754,FALSE,"OPC"
"GH2",-0.0033926036959932,NA,0.118270799347471,0.643178410794603,0.72666462369182,FALSE,"OPC"
"PROK2",-0.00339911478565616,NA,0.117455138662316,0.506746626686657,0.688046875684964,FALSE,"OPC"
"HLA-DRA",-0.00339918307857461,NA,0.116639477977161,0.647176411794103,0.72666462369182,FALSE,"OPC"
"ESAM",-0.00340350705075855,NA,0.115823817292007,0.647176411794103,0.72666462369182,FALSE,"OPC"
"SELPLG",-0.00340804197516049,NA,0.115008156606852,0.652673663168416,0.729944963707754,FALSE,"OPC"
"APLN",-0.0034190629786335,NA,0.114192495921697,0.589705147426287,0.699227272243955,FALSE,"OPC"
"BTN2A1",-0.00346084701548243,NA,0.113376835236542,0.654672663668166,0.730395275950367,FALSE,"OPC"
"PI16",-0.00348088134355553,NA,0.112561174551387,0.646676661669165,0.72666462369182,FALSE,"OPC"
"IFNL1",-0.00349904840071518,NA,0.111745513866232,0.614192903548226,0.71114017660357,FALSE,"OPC"
"DSCAM",-0.00351316328542628,NA,0.110929853181077,0.659670164917541,0.734632683658171,FALSE,"OPC"
"LILRB4",-0.00352245742165577,NA,0.110114192495922,0.651174412793603,0.729815787440223,FALSE,"OPC"
"MSMP",-0.00357260866606312,NA,0.109298531810767,0.649675162418791,0.7288022655339,FALSE,"OPC"
"NRXN2",-0.00363216586834825,NA,0.108482871125612,0.665167416291854,0.738739877568016,FALSE,"OPC"
"ZP3",-0.00366246102395024,NA,0.107667210440457,0.656171914042978,0.731401815016059,FALSE,"OPC"
"TNFSF14",-0.0038088203657989,NA,0.106851549755302,0.646676661669165,0.72666462369182,FALSE,"OPC"
"ENHO",-0.00385204425944132,NA,0.106035889070147,0.666666666666667,0.739734299516908,FALSE,"OPC"
"C4A",-0.00392222302873201,NA,0.105220228384992,0.661169415292354,0.735633545625008,FALSE,"OPC"
"IL32",-0.00392972006799215,NA,0.104404567699837,0.647176411794103,0.72666462369182,FALSE,"OPC"
"LAMA2",-0.00395043981747397,NA,0.103588907014682,0.626686656671664,0.720160557619877,FALSE,"OPC"
"CD24",-0.00398068257295538,NA,0.102773246329527,0.645177411294353,0.72666462369182,FALSE,"OPC"
"TNFRSF14",-0.00399630440712903,NA,0.101957585644372,0.653673163418291,0.729944963707754,FALSE,"OPC"
"BACE1",-0.00400317432337679,NA,0.101141924959217,0.676661669165417,0.748790013304098,FALSE,"OPC"
"TNFSF18",-0.00410209786381347,NA,0.100326264274062,0.68215892053973,0.750006162837864,FALSE,"OPC"
"ADAM11",-0.00411795680814363,NA,0.099510603588907,0.687156421789105,0.75359589676961,FALSE,"OPC"
"NLGN3",-0.00413830615581278,NA,0.098694942903752,0.653173413293353,0.729944963707754,FALSE,"OPC"
"NTNG2",-0.00415801638541747,NA,0.0978792822185971,0.682658670664668,0.750006162837864,FALSE,"OPC"
"IL15",-0.00422912238091579,NA,0.0970636215334421,0.663168415792104,0.737188121003019,TRUE,"OPC"
"CCL3L1",-0.00430370920833473,NA,0.0962479608482871,0.698650674662669,0.762652956691734,FALSE,"OPC"
"IL26",-0.00437930172380455,NA,0.0954323001631321,0.679160419790105,0.749523886705296,FALSE,"OPC"
"PRSS55",-0.00442275950608723,NA,0.0946166394779772,0.699150424787606,0.762652956691734,FALSE,"OPC"
"IL34",-0.00442796994115549,NA,0.0938009787928222,0.700649675162419,0.762929646287967,FALSE,"OPC"
"CD70",-0.00444951384085018,NA,0.0929853181076672,0.685157421289355,0.752076918529982,FALSE,"OPC"
"HLA-DOB",-0.00447702747221029,NA,0.0921696574225122,0.701649175412294,0.763339467033801,FALSE,"OPC"
"SEMA6D",-0.00453810010141807,NA,0.0913539967373573,0.692653673163418,0.757589955022489,FALSE,"OPC"
"CD226",-0.00458353039681651,NA,0.0905383360522023,0.706146926536732,0.764026636284682,FALSE,"OPC"
"ACP4",-0.00459101178164233,NA,0.0897226753670473,0.703648175912044,0.764026636284682,FALSE,"OPC"
"LPA",-0.00460245603210617,NA,0.0889070146818923,0.709145427286357,0.766052159105632,FALSE,"OPC"
"ICAM2",-0.00462439852054742,NA,0.0880913539967374,0.706146926536732,0.764026636284682,FALSE,"OPC"
"PRRG4",-0.00462518660892154,NA,0.0872756933115824,0.697651174412794,0.762375279799886,FALSE,"OPC"
"INHA",-0.00466059460528409,NA,0.0864600326264274,0.700649675162419,0.762929646287967,FALSE,"OPC"
"ADAM21",-0.00471020560774294,NA,0.0856443719412724,0.67816091954023,0.749523886705296,FALSE,"OPC"
"IL19",-0.00473011327241851,NA,0.0848287112561175,0.680659670164918,0.750006162837864,FALSE,"OPC"
"LY6G5C",-0.00474562721730536,NA,0.0840130505709625,0.705147426286857,0.764026636284682,FALSE,"OPC"
"IL17A",-0.0047528288964638,NA,0.0831973898858075,0.681659170414793,0.750006162837864,FALSE,"OPC"
"HLA-F",-0.00475556995773761,NA,0.0823817292006525,0.705147426286857,0.764026636284682,FALSE,"OPC"
"CLEC2D",-0.00477496871858372,NA,0.0815660685154976,0.68215892053973,0.750006162837864,FALSE,"OPC"
"ARTN",-0.00478812750877449,NA,0.0807504078303426,0.715642178910545,0.769676619109234,FALSE,"OPC"
"CSF2",-0.00479726948945805,NA,0.0799347471451876,0.678660669665167,0.749523886705296,FALSE,"OPC"
"PAPLN",-0.00485829064650661,NA,0.0791190864600326,0.71464267866067,0.769277048646151,FALSE,"OPC"
"IGSF11",-0.004869847685512,NA,0.0783034257748776,0.706646676661669,0.764026636284682,FALSE,"OPC"
"SORL1",-0.00492597542000327,NA,0.0774877650897227,0.710144927536232,0.766320184977934,FALSE,"OPC"
"CCL28",-0.00495188091972778,NA,0.0766721044045677,0.646176911544228,0.72666462369182,FALSE,"OPC"
"CCL27",-0.00502211928880032,NA,0.0758564437194127,0.670664667666167,0.74349702976566,FALSE,"OPC"
"TNFSF9",-0.00502576834031326,NA,0.0750407830342577,0.689655172413793,0.755659737215471,FALSE,"OPC"
"LTB",-0.00503323172300519,NA,0.0742251223491028,0.690654672663668,0.756078618420906,FALSE,"OPC"
"TNFSF11",-0.0050909185842765,NA,0.0734094616639478,0.706646676661669,0.764026636284682,FALSE,"OPC"
"PLAU",-0.00513838630945021,NA,0.0725938009787928,0.710644677661169,0.766320184977934,FALSE,"OPC"
"CCL15",-0.00517830308169325,NA,0.0717781402936378,0.740129935032484,0.790461351712984,FALSE,"OPC"
"CNTN2",-0.00520209272339695,NA,0.0709624796084829,0.72263868065967,0.776519634919382,FALSE,"OPC"
"DEFB4B",-0.00521641682745684,NA,0.0701468189233279,0.734632683658171,0.786647760036066,FALSE,"OPC"
"WNT5A",-0.00525272922093355,NA,0.0693311582381729,0.67216391804098,0.744485352260579,FALSE,"OPC"
"SEMA4G",-0.00527375554242135,NA,0.0685154975530179,0.737131434282859,0.787945904883509,FALSE,"OPC"
"PTH",-0.00528180090661477,NA,0.067699836867863,0.736631684157921,0.787945904883509,FALSE,"OPC"
"S100A10",-0.00551652059008866,NA,0.066884176182708,0.748625687156422,0.795374212286745,FALSE,"OPC"
"PRNP",-0.00556092211660064,NA,0.066068515497553,0.713643178410795,0.76887677533265,FALSE,"OPC"
"CSH1",-0.00556350608288581,NA,0.065252854812398,0.743128435782109,0.791593333767899,FALSE,"OPC"
"IL11",-0.00562269027817052,NA,0.0644371941272431,0.733133433283358,0.785729182652768,FALSE,"OPC"
"DKK4",-0.00565739866695473,NA,0.0636215334420881,0.742628685657171,0.791593333767899,FALSE,"OPC"
"CDHR2",-0.00570564749383417,NA,0.0628058727569331,0.744627686156922,0.792344713060137,FALSE,"OPC"
"PTDSS1",-0.00574714707300198,NA,0.0619902120717781,0.742628685657171,0.791593333767899,FALSE,"OPC"
"LRCH4",-0.00578185983557467,NA,0.0611745513866232,0.745127436281859,0.792344713060137,FALSE,"OPC"
"NUCB2",-0.0058029435678084,NA,0.0603588907014682,0.754122938530735,0.80052045034675,FALSE,"OPC"
"CTHRC1",-0.00581889395192356,NA,0.0595432300163132,0.758120939530235,0.803372102875898,FALSE,"OPC"
"CCL14",-0.00586765116882244,NA,0.0587275693311582,0.764117941029485,0.807462647986352,FALSE,"OPC"
"ZNRF3",-0.00605630459182563,NA,0.0579119086460033,0.756121939030485,0.801947511092938,FALSE,"OPC"
"CSH2",-0.0060822520615065,NA,0.0570962479608483,0.769115442278861,0.810117297327261,FALSE,"OPC"
"IL2",-0.00611394573367841,NA,0.0562805872756933,0.731134432783608,0.784272924833555,FALSE,"OPC"
"IL5",-0.00615671018287573,NA,0.0554649265905383,0.760119940029985,0.804794232097434,FALSE,"OPC"
"TNFSF10",-0.00622098801072466,NA,0.0546492659053834,0.726136931534233,0.779594865144115,FALSE,"OPC"
"TNFSF13",-0.00632226907423085,NA,0.0538336052202284,0.769115442278861,0.810117297327261,FALSE,"OPC"
"NXPH2",-0.00633546726269711,NA,0.0530179445350734,0.76311844077961,0.807271234848897,FALSE,"OPC"
"KLKB1",-0.00635243473027862,NA,0.0522022838499184,0.778110944527736,0.816607963141717,FALSE,"OPC"
"F12",-0.0063675332867194,NA,0.0513866231647635,0.778610694652674,0.816607963141717,FALSE,"OPC"
"RARRES2",-0.00644176227557129,NA,0.0505709624796085,0.771114442778611,0.811525079384706,FALSE,"OPC"
"CLEC4G",-0.00647210919803522,NA,0.0497553017944535,0.777611194402799,0.816607963141717,FALSE,"OPC"
"SIRPG",-0.0064987285615693,NA,0.0489396411092985,0.76711644177911,0.809403653039974,FALSE,"OPC"
"COL10A1",-0.00670637197806685,NA,0.0481239804241436,0.782608695652174,0.819921235963215,FALSE,"OPC"
"SFTPA2",-0.00678126912541178,NA,0.0473083197389886,0.788605697151424,0.824267900179603,FALSE,"OPC"
"IGFBP4",-0.00685656234824793,NA,0.0464926590538336,0.790104947526237,0.825130912804467,FALSE,"OPC"
"MSMB",-0.00686495112104242,NA,0.0456769983686786,0.786106946526737,0.822357821942999,FALSE,"OPC"
"TNFSF4",-0.00689515906334082,NA,0.0448613376835237,0.792103948025987,0.826513915103777,FALSE,"OPC"
"OSM",-0.00698686595740945,NA,0.0440456769983687,0.764617691154423,0.807462647986352,FALSE,"OPC"
"IL23A",-0.00701690560885085,NA,0.0432300163132137,0.783108445777111,0.819921235963215,FALSE,"OPC"
"CRISP3",-0.00722661744125471,NA,0.0424143556280587,0.806596701649175,0.838778403667436,FALSE,"OPC"
"CD34",-0.00735524233996294,NA,0.0415986949429038,0.805097451274363,0.837930652345875,FALSE,"OPC"
"EPO",-0.00741856665699238,NA,0.0407830342577488,0.777611194402799,0.816607963141717,FALSE,"OPC"
"SHH",-0.00750740361628944,NA,0.0399673735725938,0.834582708645677,0.86421286398221,FALSE,"OPC"
"ADGRF5",-0.00759469316629738,NA,0.0391517128874388,0.812093953023488,0.843778704371309,FALSE,"OPC"
"CSHL1",-0.00761013456841319,NA,0.0383360522022839,0.819590204897551,0.850845763558898,FALSE,"OPC"
"LRRN1",-0.00802415895015805,NA,0.0375203915171289,0.822088955522239,0.852717163856683,FALSE,"OPC"
"C4B_2",-0.00835598979343382,NA,0.0367047308319739,0.83208395802099,0.862354355817015,FALSE,"OPC"
"LTA",-0.00839187475896257,NA,0.0358890701468189,0.804097951024488,0.837602032317175,FALSE,"OPC"
"LRRC4C",-0.00856738431847734,NA,0.0350734094616639,0.844577711144428,0.872350502657609,FALSE,"OPC"
"FGF19",-0.00857312678746657,NA,0.034257748776509,0.7976011994003,0.831541675970525,FALSE,"OPC"
"LRIG2",-0.00858372402128214,NA,0.033442088091354,0.843078460769615,0.871536805436944,FALSE,"OPC"
"NTNG1",-0.00858822577497548,NA,0.032626427406199,0.839580209895052,0.868653511082297,FALSE,"OPC"
"LTBP3",-0.00867376218244963,NA,0.031810766721044,0.851574212893553,0.878096305382662,FALSE,"OPC"
"NGF",-0.0087360466233575,NA,0.0309951060358891,0.849075462268866,0.876257322055063,FALSE,"OPC"
"TEX101",-0.00887026192028068,NA,0.0301794453507341,0.856071964017991,0.881991720708191,FALSE,"OPC"
"CYTL1",-0.00903347494816739,NA,0.0293637846655791,0.860569715142429,0.885880589117206,TRUE,"OPC"
"FGF2",-0.00917005133032682,NA,0.0285481239804241,0.88255872063968,0.905472724274379,FALSE,"OPC"
"CD1D",-0.00924497696841949,NA,0.0277324632952692,0.865567216391804,0.890276943811889,FALSE,"OPC"
"COL26A1",-0.00937947331057912,NA,0.0269168026101142,0.871564217891054,0.89569309305079,FALSE,"OPC"
"FURIN",-0.00960808699204196,NA,0.0261011419249592,0.884057971014493,0.905494159274878,FALSE,"OPC"
"TPSG1",-0.00979580852539931,NA,0.0252854812398042,0.884057971014493,0.905494159274878,FALSE,"OPC"
"CAMP",-0.00980945058534628,NA,0.0244698205546493,0.875562218890555,0.89904754244839,FALSE,"OPC"
"IL27",-0.0100631354168295,NA,0.0236541598694943,0.902048975512244,0.91778238787583,FALSE,"OPC"
"CNTF",-0.0100711878626778,NA,0.0228384991843393,0.893553223388306,0.914455053175167,FALSE,"OPC"
"HHLA2",-0.0101968492137642,NA,0.0220228384991843,0.896551724137931,0.916757814748719,FALSE,"OPC"
"NLGN1",-0.0105682521766279,NA,0.0212071778140294,0.899050474762619,0.917016512559707,FALSE,"OPC"
"CNTN5",-0.0106350985266529,NA,0.0203915171288744,0.898050974512744,0.916760369815092,FALSE,"OPC"
"CKLF",-0.0107333754216147,NA,0.0195758564437194,0.901549225387306,0.91778238787583,FALSE,"OPC"
"PCDHGB6",-0.0107980012380422,NA,0.0187601957585644,0.902048975512244,0.91778238787583,FALSE,"OPC"
"MST1",-0.0108102335274616,NA,0.0179445350734095,0.91304347826087,0.926659702460286,FALSE,"OPC"
"ADGRE5",-0.0108307997657931,NA,0.0171288743882545,0.907046476761619,0.922101190068866,FALSE,"OPC"
"ST6GAL1",-0.0110386140070571,NA,0.0163132137030995,0.915542228885557,0.927658585926226,FALSE,"OPC"
"CD274",-0.0113199247188518,NA,0.0154975530179445,0.897551224387806,0.916760369815092,FALSE,"OPC"
"CD6",-0.0113921957194187,NA,0.0146818923327896,0.914542728635682,0.927412949154562,FALSE,"OPC"
"PAM",-0.0114192692845327,NA,0.0138662316476346,0.911544227886057,0.92590520660068,FALSE,"OPC"
"NPTX2",-0.0120162283115709,NA,0.0130505709624796,0.922538730634683,0.933975161179741,FALSE,"OPC"
"IL7",-0.0120744786383034,NA,0.0122349102773246,0.931534232883558,0.942303414766605,FALSE,"OPC"
"INS",-0.0124423445506759,NA,0.0114192495921697,0.941029485257371,0.947994341644967,FALSE,"OPC"
"RET",-0.0127881411981803,NA,0.0106035889070147,0.934532733633183,0.943777904946949,FALSE,"OPC"
"IFNG",-0.0128404537594444,NA,0.00978792822185971,0.959020489755122,0.962162244021315,FALSE,"OPC"
"ULBP3",-0.0128786549800687,NA,0.00897226753670473,0.933033483258371,0.943041268144805,FALSE,"OPC"
"TARM1",-0.0130328778065777,NA,0.00815660685154975,0.937031484257871,0.945521884856583,FALSE,"OPC"
"IL3",-0.013154483014193,NA,0.00734094616639478,0.958020989505247,0.962162244021315,FALSE,"OPC"
"MMP15",-0.0134331839022702,NA,0.0065252854812398,0.949525237381309,0.954982278975455,FALSE,"OPC"
"NELL2",-0.0136625133039712,NA,0.00570962479608483,0.946526736631684,0.952748769411514,FALSE,"OPC"
"ESM1",-0.0138484387132717,NA,0.00489396411092985,0.939530234882559,0.947262994017395,FALSE,"OPC"
"LTF",-0.0139545471525068,NA,0.00407830342577488,0.969515242378811,0.970307329995133,FALSE,"OPC"
"LY86",-0.0149294817028877,NA,0.0032626427406199,0.958520739630185,0.962162244021315,FALSE,"OPC"
"ELFN1",-0.0150264045902786,NA,0.00244698205546493,0.960519740129935,0.962591067507947,FALSE,"OPC"
"SLITRK3",-0.0154508206443556,NA,0.00163132137030995,0.961019490254873,0.962591067507947,FALSE,"OPC"
"MMRN2",-0.0167900975426683,NA,0.000815660685154976,0.983008495752124,0.983008495752124,FALSE,"OPC"
"IGFL3",NA,NA,1,NA,NA,FALSE,"OPC"
