EntrezGeneSymbol,Estimate
A1BG,0.002493096772770403
A1CF,0.0004246519104290653
A2M,0.008415996942474545
A2ML1,2.374099297646778e-05
A4GALT,0.002074514237944889
A4GNT,0.002821385603526786
AACS,0.0001824209055856621
AADAT,-3.326316261675797e-05
AAGAB,0.001468722282945438
AAMDC,0.001621457268295447
AARS1,0.001342283587105237
AASDHPPT,0.002495893629364223
ABCC6,-0.0001436913687012875
ABCD4,-0.0001787563273094596
ABCF3,-0.00068069894497649
ABHD10,-0.0007905382244363276
ABHD12,-0.0002105740783656039
ABHD14A,0.001685958051121853
ABHD14B,6.485241383499002e-05
ABHD4,0.0004112080123953171
ABHD5,9.876657867200084e-05
ABI3,-3.672822147311948e-05
ABL1,-0.0003380856908472802
ABL2,0.0001742415507073482
ABLIM3,-2.598062148950932e-05
ABO,-0.001785381291134588
ABR,0.003694665879269152
ABRAXAS1,-0.000140697459362819
ABRAXAS2,-0.0001960178583790013
ACAA1,0.000127162778556209
ACAD8,0.0002069245467294958
ACADL,0.0001172997881743071
ACADM,-1.466927285355834e-05
ACADS,0.0008628228795342711
ACADSB,0.0008195676695671783
ACADVL,-0.0007968104391207824
ACAN,0.009538046843531635
ACAP2,-0.0009095457990174039
ACAT1,0.0003153995012721554
ACAT2,0.0004836086435499055
ACBD4,-0.0006748990102218269
ACBD6,0.0001761309706390882
ACBD7,0.0002401067265127709
ACE,0.001672689011772136
ACE2,0.0001187747336870607
ACHE,0.0007166055533198937
ACLY,3.467064128338513e-05
ACO1,0.003802435067157951
ACOT12,0.00109959573865582
ACOT13,-0.0009812782720014807
ACOT8,0.001062557161568659
ACOX1,0.0004116387254728277
ACP1,0.0006029352344582708
ACP3,0.0004078343743219895
ACP5,0.002806627481919526
ACP6,0.002369056468139152
ACP7,-0.003537875468362471
ACRV1,-0.0001914580587922937
ACSF2,-0.000176712822280735
ACSS2,-0.0008903687587490049
ACTN1,0.00131956426379387
ACTN4,-0.0004972375667589204
ACVR1B,0.0002207335341718529
ACVR2A,0.0001942588628288634
ACVR2B,-0.0002920056135917185
ACVRL1,-0.001015178772886023
ACY1,0.00154718341052356
ACY3,-0.001576446316869028
ACYP1,0.003181366145390507
ACYP2,0.002343695269221487
ADA2,0.004374352648560561
ADAM10,-0.0001451883024256096
ADAM11,0.003155611680659783
ADAM12,0.001338657451252647
ADAM15,0.001241956041119448
ADAM17,0.0004014683441742884
ADAM19,3.827718158360073e-05
ADAM22,0.001824294322502924
ADAM23,0.003107934317198114
ADAM28,0.001175891321305388
ADAM29,-0.0001825867947170221
ADAM30,-0.000292977478373559
ADAM32,-0.0001851712999309066
ADAM7,-0.000841729643761507
ADAM8,3.189387478345303e-05
ADAM9,0.002099371265583576
ADAMDEC1,-0.001198964083776976
ADAMTS13,0.0008683075228120988
ADAMTS15,0.0001212310470341368
ADAMTS3,-0.0001279549912408088
ADAMTS4,0.0001737004248405214
ADAMTS5,-6.999627244140392e-05
ADAMTS6,-0.0008096750644131069
ADAMTSL1,0.002151059080200991
ADAMTSL2,0.002392763744115807
ADAT1,0.000350293523110723
ADAT2,0.0001778424978782397
ADCYAP1,0.0004766512884463644
ADD2,6.618934287500438e-05
ADGRB1,0.0041459111724943
ADGRB2,0.003631376750214728
ADGRB3,0.001830352505397749
ADGRD1,0.002856354265704267
ADGRE2,0.001750069263085034
ADGRE5,0.001445042010770962
ADGRF1,0.001952264436118487
ADGRF2,-9.923061238254806e-05
ADGRF5,0.0003938131268912649
ADGRG1,0.00624338589849615
ADGRG2,0.0004147523490487824
ADGRG5,-0.0008436863546323641
ADGRL3,0.001480523794283243
ADH1A,-0.001146302517800228
ADH1B,0.0005571442469002027
ADH1C,-0.0003204749331862911
ADH4,-0.0001174166794922631
ADH5,-0.0008811466496392641
ADH6,0.001076931027157624
ADH7,-0.0001288358015983537
ADI1,0.001425126395552806
ADIPOQ,0.006417197587425127
ADK,8.162861770117261e-05
ADM,0.002035598576682997
ADM2,-0.0003023080366669655
ADPGK,0.0001653984140368954
ADPRH,-0.0009847400481018387
ADPRS,0.004659261076082389
ADRM1,0.0001107066456391006
ADSL,0.002031419536936771
ADSS1,-4.356035718679452e-05
ADSS2,-0.0005558713565282259
AFAP1L1,-2.499052304990149e-05
AFAP1L2,0.001641578916522906
AFM,0.0009126189545359968
AFP,-0.000775828154828264
AGA,-0.0003709464573530973
AGAP2,0.0007947281710299474
AGAP3,0.0009515411943395435
AGER,0.0003687469810212218
AGFG1,0.001362606012001307
AGFG2,0.0002166884788223106
AGGF1,5.948282266609809e-05
AGO1,0.0006323900100884808
AGO2,-5.548847921625825e-06
AGO3,0.000796952742420598
AGR2,0.0001681478572437116
AGR3,0.001583220463208506
AGRN,0.001840298540180374
AGRP,0.003209104275369656
AGT,-0.0009232281845472561
AGXT,-0.0001413007132129196
AHCY,-0.000138870107836569
AHCYL1,-0.0007660056924625824
AHSA1,0.0005061047236228157
AHSG,0.0004122780536799824
AHSP,0.001908380211225093
AIDA,0.001863981235575143
AIF1,0.002683478163148457
AIF1L,0.005525634697781748
AIFM1,-0.000512027004231241
AIM2,0.001157111551757946
AIMP1,0.001439170152020552
AIP,-0.000992559924173428
AIPL1,6.870358785144044e-05
AK1,0.003850831843971693
AK2,0.004463733948880538
AK4,-0.001206238420685646
AK5,8.634706450102089e-05
AKAP7,-4.23451280554934e-05
AKIRIN2,0.002030804083200856
AKR1A1,0.004482627305698006
AKR1B1,0.003765662088141851
AKR1B10,-0.000858039703485716
AKR1C1,-8.53293535470369e-05
AKR1C2,-0.0003116988172459083
AKR1C3,9.843654716459997e-06
AKR1C4,-7.035236521951703e-05
AKR1D1,-0.0002255865411356139
AKR7A2,-0.0005104128351714901
AKR7A3,-0.0003827190364825472
AKT1,0.004093153823699393
AKT1S1,0.001104352375276558
AKT2,0.001363844370209692
AKT3,0.004476956005392274
ALAD,-0.000397570216828664
ALB,-0.0005505398963384306
ALCAM,0.001540708589905925
ALDH1A1,0.0002809512531210353
ALDH1A2,-0.0006438139367254571
ALDH1A3,0.002325888457199647
ALDH1B1,0.0003023617933366512
ALDH2,8.874736236231334e-05
ALDH3A1,-0.0003731905051893714
ALDH3B1,-0.001047186322540565
ALDH5A1,0.0002791519459376778
ALDH6A1,0.0005121702122198388
ALDH7A1,0.0005742068116471689
ALDOA,0.003027246622449324
ALDOB,-2.55974045538036e-05
ALDOC,0.001238087067515373
ALG2,-0.0007685151377354496
ALK,0.000421288077739536
ALKAL2,0.001527549444311466
ALKBH2,-0.0001418872425407493
ALKBH3,0.0002501305238248702
ALOX15B,0.0006291559564759623
ALOX5,1.990588203901861e-05
ALPG,-0.0003058516701562127
ALPI,0.0009201854978461913
ALPL,0.001734709265370377
ALPP,-0.0002821913976834823
AMBP,0.001801673205812173
AMH,0.002429830085723732
AMIGO1,-0.000804821005969898
AMIGO2,0.002283571973887114
AMMECR1L,-1.516150322372195e-05
AMN,-0.0002730927987163655
AMOT,-0.0001571431497969639
AMPD2,-0.0007265914632252695
AMPH,0.004058489387741899
AMT,-0.000141859072514699
AMY1A,0.000307574372063709
AMY2A,0.003144297157605536
AMY2B,0.003055985932575041
ANAPC10,8.959492572396226e-05
ANAPC7,-0.0001255522732317014
ANG,0.00175501088661703
ANGPT1,0.005051978915099393
ANGPT2,0.003577798848797743
ANGPT4,-0.001260643710442346
ANGPTL1,0.00447514563340677
ANGPTL3,0.005180521609429724
ANGPTL4,-0.0006161430314956224
ANGPTL7,-0.0006805933317604876
ANGPTL8,-9.578756781490701e-05
ANK2,0.0002153774463847484
ANKMY2,-0.0004161739194491598
ANKRA2,0.001870251652107884
ANKRD1,-0.0001601314383043838
ANKRD16,9.60891917262414e-05
ANKRD2,-0.0008302706995309013
ANKRD27,1.981143919837802e-05
ANKRD40,0.0001029763711746847
ANKRD45,9.293131964185195e-05
ANKRD46,-9.464632273091796e-06
ANKRD54,-0.0001693760119581691
ANKRD63,0.0004013683276576064
ANKS3,-6.743782065907165e-05
ANOS1,0.0001121496074245461
ANP32A,-0.000117771815804318
ANP32B,0.003166873722258482
ANP32C,0.0003519186637331962
ANPEP,-3.347121215823319e-05
ANTKMT,0.0004223344325203715
ANTXR1,0.0002885277637266813
ANTXR2,0.001203714565363733
ANXA1,0.003500044960100555
ANXA10,0.000701968923024104
ANXA11,-0.001047401280680531
ANXA13,0.0001886686943705985
ANXA2,0.002745266966444458
ANXA4,-0.0008808363238860744
ANXA5,0.0003250510529297817
ANXA7,0.002004794168732388
ANXA8,-5.164156289216137e-05
ANXA9,0.0002012164466891366
AOC1,-0.00100240404624808
AOC2,-1.818104784778811e-05
AOC3,0.005429435089238132
AP1AR,0.006065806623115622
AP1B1,0.0007199693549514612
AP1G2,0.0008836818079420337
AP1S2,-0.0004051214224461413
AP2A2,0.003626567514985697
AP2B1,0.00232336371734911
AP4M1,-9.938629184031752e-05
APAF1,0.0008602411087017897
APBB1,0.0004278704031392837
APBB1IP,-0.001091418585223871
APBB2,-0.0002675946051106931
APBB3,-0.0008367018807425556
APCDD1,0.0008195516779990675
APCS,0.0004830003209391277
APEX1,0.001783363451981616
APEX2,-2.148158420615544e-05
APLN,-9.784830629668889e-05
APLP1,0.001021665304317718
APLP2,0.001860064406768983
APMAP,0.0005553331806759176
APOA1,0.001709777378683854
APOA2,0.0005877522424934126
APOA4,0.00122595559067637
APOA5,-0.001184889153268358
APOB,0.0002018735584143647
APOBEC2,0.001326063532531354
APOBEC3G,-1.826778737215561e-05
APOC1,-0.0002107503980890125
APOC2,6.233485655762092e-05
APOC3,2.468348484538309e-05
APOD,0.002674318847166814
APOE,-0.0006310878138590112
APOF,-0.0001284497449956716
APOH,-0.0004890471964348779
APOL1,0.001231525063836222
APOL2,0.000418168199347805
APOL3,-0.0006162567387978718
APOM,0.001243700265946145
APP,-0.0005887646892388824
APPL1,-0.0005573976835497183
APRT,-0.0002238210175157424
APTX,5.181455714304427e-05
AQP4,-3.006091345985412e-05
ARAF,-0.0003253106849457652
ARC,-0.0003033373314478194
AREG,1.396198768064981e-05
ARF1,0.003133303569484783
ARF3,9.193189452492155e-05
ARF4,-0.0001838140757814016
ARF5,-0.0003873312396669844
ARF6,-0.0006119134994097696
ARFGAP1,0.0006220517475512033
ARFGAP2,0.001539851907524219
ARFIP1,-0.0008725494541676677
ARFIP2,0.0009278203984192889
ARG2,3.321199295355126e-05
ARHGAP1,0.004164566689268177
ARHGAP22,-5.685204167443657e-05
ARHGAP24,2.783112466644095e-05
ARHGAP25,0.00136900793725564
ARHGAP26,-0.0001884120309953669
ARHGAP30,0.001648950587693947
ARHGAP36,0.0001473474854466551
ARHGAP45,-0.0009496117868221819
ARHGAP5,0.0009479284358601927
ARHGAP6,-0.0001065114881282694
ARHGDIA,-0.0001775800076526049
ARHGDIB,0.00453780603153807
ARHGEF1,-0.0009152696332730026
ARHGEF10,0.00100992424784701
ARHGEF16,0.000103644256505286
ARHGEF2,-0.001103325948110235
ARHGEF25,0.0004544496211869713
ARHGEF7,5.261456167126678e-05
ARID1A,-0.001050338262738764
ARID3A,-0.0002889225021632903
ARID3C,-0.0009971541262414486
ARL1,0.001488967844747168
ARL11,0.001668989732921718
ARL15,0.0003572009877759864
ARL2,0.004545330117436575
ARL2BP,0.0004176217286729209
ARL3,-0.000919204315410145
ARL4D,0.001307080579710402
ARL5A,-0.0005952697871328857
ARL5B,0.0006868968210885808
ARL6,0.001799113031229889
ARL6IP1,0.0004298450447321217
ARL6IP5,-0.001021682047820415
ARL8A,-0.0008035193447564452
ARL8B,3.472009427690613e-05
ARL9,-5.151368343993942e-05
ARMC10,0.0003744599865096565
ARMC3,-6.105262908836456e-05
ARMC5,-0.0001052764702061852
ARMC8,-5.308891890395415e-05
ARNT,0.000645444690543407
ARPC1B,0.007992228294044515
ARPC2,0.0002067701214901141
ARPC3,0.001272115492877359
ARPC5,0.0004135371209048
ARPP19,-0.0002218108981256034
ARPP21,-0.0001733977500398797
ARRB1,0.002420158609349
ARRDC3,0.0002306405236160076
ARRDC5,-0.0002053240803555211
ARSA,0.0002447807452412185
ARSB,-0.0009658297022596877
ARSK,-0.001696955285123046
ART3,0.004389969432199557
ART4,0.0008470575538075926
ART5,-9.411300633944954e-05
ARTN,0.0004361528552939948
AS3MT,0.0003761247628186039
ASAH1,-0.0008222517727723801
ASAH2,0.0001006452579449757
ASAP2,0.00187013877063956
ASAP3,0.0001641001961886318
ASB13,0.000854632179829199
ASB8,-0.0001776934791569904
ASB9,0.007822037146880824
ASCC1,0.001525955458496219
ASCC2,0.0002658031728935851
ASF1A,4.034926430523773e-05
ASF1B,0.0007274014205000195
ASGR1,-0.0005271685897156713
ASGR2,0.0005445409770945199
ASH1L,0.0001295763138664761
ASH2L,-8.866334473025706e-05
ASIC4,-7.222106862228092e-05
ASIP,3.136847701355669e-05
ASL,0.00353847016192739
ASMTL,-0.0001280755985310583
ASPA,0.0009511965352689451
ASPH,0.002593211702075339
ASPN,0.005991624740846023
ASPSCR1,-0.0003101873088661149
ASRGL1,-6.831643729138218e-05
ASTL,-6.062480420196279e-05
ATAD1,-0.001043422461506395
ATAD2,1.695886028847917e-05
ATE1,0.00158831710605694
ATF1,-0.0002085436813697569
ATF3,-0.0002132546491066335
ATF5,0.0003835860695929165
ATF6,0.003181446732488016
ATF6B,0.002583802884837054
ATG3,-0.001171713198773767
ATG4A,-0.0006148021333650674
ATG4B,0.0002408572450412797
ATG4C,-8.667335583803073e-05
ATG5,-0.0005320823651692797
ATG7,-0.0001896296298889332
ATIC,0.001544361755786485
ATL3,2.015349219620482e-05
ATOH1,-2.071612624354673e-05
ATOX1,0.004565956970045836
ATP13A1,0.002186179084021746
ATP1B1,0.001119730964693277
ATP1B2,0.001825229165402308
ATP1B4,-0.0001103854832422259
ATP23,0.0004325303296863183
ATP2A3,0.0004040806888596907
ATP4B,-3.82090963522315e-05
ATP5F1B,-0.000562995739037281
ATP5IF1,7.839030949537269e-05
ATP5MF,0.0001964754457901783
ATP5PB,0.001323539680423602
ATP5PF,0.001203219686391568
ATP5PO,-0.0009677730052512644
ATP6V1C1,-0.0004791983883815532
ATP6V1C2,0.001164100080039295
ATP6V1F,0.003220273199346808
ATRN,0.002251028872911473
ATXN10,-0.0001729462727752601
ATXN3,0.001724297604970799
AUH,0.001138092533725807
AURKA,-2.030200109238791e-05
AURKB,-0.0001419218213027402
AVEN,-1.219176692039266e-05
AXIN2,-0.0009631152974421384
AZGP1,0.002815360317795698
AZIN1,-0.0009750449139120344
AZU1,-0.001181874668969445
B2M,-0.0013184129124877
B3GALT1,-0.0001127923835031898
B3GALT2,0.0006659454561492506
B3GALT5,0.001582588072066821
B3GALT6,0.0008848835914740076
B3GAT1,-0.0004474767824026872
B3GAT3,0.0003881671259009364
B3GLCT,-0.0007570386051152826
B3GNT2,0.003329822556120717
B3GNT4,6.938573254315835e-05
B3GNT6,-5.884295896920623e-05
B3GNT8,0.002386623907925736
B4GALNT1,0.0007139051296375318
B4GALT1,0.0035467207423773
B4GALT2,0.004523924734221119
B4GALT3,-2.398072573567644e-05
B4GALT5,-1.221744634960392e-05
B4GALT6,0.002604705672524567
B4GALT7,0.001553531211112191
B9D2,0.001116960123611714
BACH1,0.0001480434296400735
BACH2,0.0003944661510080903
BAD,-0.0003733892194507567
BAG1,-7.193574369580774e-05
BAG2,0.001329223614125941
BAG3,-0.0001803355644983157
BAG4,-0.0002981096140625387
BAG5,4.364684169538987e-05
BAG6,0.003639255241099149
BAGE2,-6.709242105543377e-05
BAGE3,0.00344431482932312
BAIAP2,-0.0005718904816439515
BAMBI,0.001560225915762373
BAP1,-0.0003181527573897
BAP18,0.000266911124306944
BARD1,9.593117751616606e-05
BASP1,0.003396301770857221
BATF,0.0001944684132360387
BATF3,-0.0002209799705227251
BCAM,0.002550353766288478
BCAN,0.001800971117123183
BCAP29,0.0001061908885638932
BCAR3,0.0003988084833488289
BCAT2,-0.0004401916452509144
BCCIP,0.0004448293375504876
BCDIN3D,0.003432268002122586
BCHE,0.0007285924493845192
BCL10,-0.0008528199176177323
BCL11A,-8.976502244117543e-05
BCL2,-0.001180160562245165
BCL2A1,-0.0003334136897991157
BCL2L1,0.0002058625019909045
BCL2L10,-0.00103726416212837
BCL2L2,0.0002675414310058994
BCL6,0.0001445899137423976
BCL7A,-0.000830475529292731
BDH2,-0.00116275487331263
BDNF,-0.001296426681019876
BDP1,-0.0001009323202361257
BECN1,0.0001764562553135135
BEGAIN,0.0006710428547816976
BEND6,0.0002714973268842843
BET1L,-0.0001111893173466775
BEX2,-7.056479180062673e-05
BEX4,0.0001197017335213184
BEX5,-2.522375250440842e-05
BGLAP,0.003715292216401518
BGN,0.002056993940622376
BHMT2,-0.0005675385978046586
BICD1,0.001242221068207519
BICDL1,0.0001366470787156383
BID,0.0002511335167562509
BIN2,-0.0009476329097431487
BIN3,0.001018097491563265
BIRC2,0.0004436104821775238
BIRC3,-0.0001435760538236736
BIRC5,-0.0001845894770138729
BIRC7,-0.0001303197395874635
BLK,0.0004393416908719277
BLMH,-0.00014855858083109
BLNK,-9.521396936017931e-05
BLOC1S1,0.0002534946284056156
BLOC1S2,-0.0006184083926900407
BLOC1S3,1.18840231084827e-05
BLOC1S5,-0.0002055736095656975
BLOC1S6,0.0003274226468291327
BLVRA,0.0007464227044693481
BLVRB,0.004501588086908428
BMERB1,0.0002793633814215243
BMF,0.0004484937706600105
BMI1,0.0002405174668713576
BMP1,-2.641424654709565e-05
BMP10,-0.001096056904841584
BMP15,-0.0008418854413318301
BMP2,-9.97001276964105e-05
BMP3,-1.293368090686286e-05
BMP4,-0.001087955156500459
BMP5,0.001251565570859719
BMP6,0.001322331493378156
BMP7,0.001473250711761361
BMP8B,0.0001468681412986108
BMPER,-0.001318843973347555
BMPR1A,0.0006259685147387323
BMPR1B,-0.0001380395258934999
BMPR2,0.001265449330310646
BMT2,-0.0001560068999347331
BMX,-6.584030292821557e-05
BNIP3,-0.0001848015440325962
BNIP3L,0.0001440051084666763
BOC,0.00218075841667356
BOLA1,0.002743745010753001
BOLA2,-0.0001807228284065372
BOLA3,0.001861955618245419
BORCS5,0.000752765005981642
BPGM,0.001441707440199458
BPHL,-0.000105776549082077
BPI,-0.001052564665376487
BPIFA1,-0.001157214504021169
BPIFA2,-0.0004406625967028195
BPIFB1,0.00427931999834807
BPNT1,0.002564877876974226
BPNT2,0.003045440493756596
BPTF,0.000246939705265758
BRAF,-0.0006363747339861861
BRAT1,0.0002095858107631624
BRD1,-0.0001679145706594519
BRD2,-0.001137607131067458
BRD4,-0.000199452306893582
BRDT,-8.191403911796478e-07
BRF1,-3.746552427843425e-05
BRICD5,-0.0002163742206067538
BRK1,-0.0003152129712618545
BRMS1L,-0.00094683086537534
BROX,0.0001675824679133882
BRPF1,-0.0008863406977220031
BRSK2,0.001372208036462438
BSG,0.001458952873363637
BST1,0.00191229617426542
BST2,-5.393844915273722e-05
BTC,0.001398367726277233
BTD,0.002117963237076752
BTG1,0.000643330757637848
BTG2,8.717811587446838e-05
BTG4,0.0008615618996746603
BTK,-0.001212476549648617
BTLA,0.0004393063460841431
BTN1A1,0.0002909138959920961
BTN2A1,0.0006710880475672714
BTN2A2,0.002069318485766224
BTN3A2,0.004945714073313331
BTN3A3,0.001687374844899532
BTNL3,-8.675483100675998e-05
BTNL8,-0.0001003974090298186
BTNL9,-0.0001113758320648398
BUB1,0.0001645931505214512
BUD31,-0.001073821893177256
BZW2,-0.0005945019649282254
C10orf105,-0.0001639567292373251
C11orf49,0.0001302354242723614
C11orf68,0.003105779414478007
C11orf87,0.0008734466251153129
C11orf94,-0.0001765143414445289
C12orf65,-0.0002860434770177391
C12orf76,-8.852261540137152e-05
C14orf93,0.002661562590959499
C15orf40,0.0001003673476461375
C16orf54,-0.0001928419961094777
C16orf71,2.806525193843682e-05
C16orf72,-6.39571099505677e-05
C17orf67,0.0001182970268208149
C17orf78,-0.0002356775776889782
C18orf32,-6.300774275309288e-05
C19orf18,4.685412684008417e-05
C19orf53,-0.0002459596072887607
C19orf54,-4.787078625000616e-05
C19orf84,-4.650110982815356e-05
C1D,-8.42682297051869e-05
C1GALT1C1,0.003044791513518919
C1GALT1|C1GALT1C1,0.0028297004640518
C1QA|C1QB|C1QC,0.001545009621714063
C1QBP,0.0008772094192743936
C1QC,0.0005665844201058791
C1QL1,0.002866582784013585
C1QL2,0.003204492662684035
C1QL3,0.003996830791488343
C1QL4,0.0001833546442649856
C1QTNF1,0.004836686943952142
C1QTNF3,-0.002259924059246212
C1QTNF4,0.002135667108915541
C1QTNF5,0.001516669375530208
C1QTNF9,-0.0002805990800085665
C1R,0.006277930923468225
C1RL,0.002916480282463478
C1S,0.002393956374311149
C1orf115,-5.830548618024493e-05
C1orf162,-7.479682996800713e-05
C1orf185,-5.23973372472781e-05
C1orf198,2.407822956256027e-05
C1orf210,-0.0001240414369173639
C1orf43,5.564270767434592e-05
C1orf50,-0.0006466406583142673
C2,0.001672346315603653
C20orf173,5.233363968843144e-05
C20orf202,0.000347239518646562
C22orf15,-5.804938154230718e-05
C22orf23,-0.0005988358052500065
C2CD2L,4.823075699228018e-06
C2orf66,-0.0001817470844016289
C2orf68,0.0006447013763027534
C2orf73,0.00168611743363095
C3,0.00888194799283655
C3orf18,3.9730688934847e-05
C4A|C4B,0.001932505118585117
C4BPA,0.006170060859054546
C4BPB,-0.0009193751043414063
C4orf36,0.0001719368445769568
C5,0.004216547044287893
C5orf38,0.00291804955694541
C5orf46,0.0004929619595731905
C5orf63,2.495133067222316e-05
C5|C6,0.002707540669949318
C6,0.002864184832372783
C6orf89,-7.115421623275698e-05
C7,0.002159475516260216
C7orf69,-3.337587180156252e-05
C8A|C8B|C8G,-0.0002647564204379844
C8G,0.002318932501058826
C9,0.003406318962534456
CA1,0.005819338265798877
CA10,0.001863693974840605
CA11,0.001122632552154568
CA12,-0.0003140933546541504
CA13,-0.0007549403535240726
CA2,-0.000124953926636663
CA3,0.006394331552444933
CA4,0.002625626030880962
CA5A,0.0004590323352545192
CA5B,0.0006327165918119608
CA6,-0.0007280729381642248
CA7,-9.518086021920912e-05
CA8,0.0002214039892428101
CA9,-7.090977755805915e-05
CAB39,0.005168113205187667
CAB39L,0.003808453710203008
CABLES2,0.0007659980960305249
CABP2,0.0002392084423692197
CABP5,2.090928267092654e-05
CABP7,0.0005916711471757061
CACNA2D3,0.004322637352714731
CACNB3,0.0008588483955946351
CACNB4,0.0002731683054338322
CACYBP,0.0026976010972171
CADM1,0.001844102788587176
CADM2,0.002359238381376578
CADM3,0.002820276090235457
CADPS2,-0.0001536492072248201
CALB1,-0.000389005257510804
CALB2,0.003648021374134007
CALCB,0.001530110274427705
CALCOCO2,0.003001558453616193
CALCR,-0.0001680592367069748
CALN1,-0.0001648089963508801
CALR,-0.0006229052320179603
CALY,0.003904842612485872
CAMK1,0.0006816844228229221
CAMK1D,-5.858930945565078e-05
CAMK2A,7.11334248642401e-05
CAMK2B,0.0005560862452284452
CAMK2D,-0.0001694670408134744
CAMK2N2,0.002319325626325847
CAMK4,0.0005383621238372902
CAMKK1,6.409850846896273e-05
CAMLG,0.0005595782451010952
CAMP,-0.001064320488931981
CAND1,0.00550771828247862
CANT1,0.001892630277479244
CANX,-0.0001081846947906977
CAPG,0.002909308218854888
CAPN13,0.0012892522604648
CAPN1|CAPNS1,0.005454945837105522
CAPN2,0.001987534264910219
CAPN3,-0.0005942194235622122
CAPN9,0.002510224347721194
CAPNS1,0.006862759254657211
CAPNS2,0.0003854288135654671
CAPS,0.002563698268070487
CAPSL,-0.0001669041622093288
CAPZB,0.0001867734522446662
CARD17,-1.484534112687472e-05
CARD18,-0.0007623536647820713
CARD19,-0.0001214190416584482
CARD9,-0.00058292563628021
CARHSP1,0.0007591856074730682
CARNMT1,8.877487821423461e-05
CARS1,0.0002542859043797667
CARTPT,-0.0009972194285840074
CASK,0.0005112545423581147
CASP10,0.001327519519064196
CASP2,-0.0002344018201841137
CASP3,0.000670063073170689
CASP4,-4.263715494952445e-05
CASP5,9.962373531481478e-05
CASP7,-0.0001915401613872237
CASP8,-0.0001045281888679325
CASQ1,0.001341651743945161
CASQ2,0.0006315830257794684
CASS4,-0.000188296168237271
CAST,0.00210625854409384
CASTOR1,0.0002267499843836414
CATIP,-0.0002636037450918871
CAV2,0.0001636790975047199
CAV3,-9.327449966797342e-05
CAVIN1,-0.0004769424877895391
CBARP,2.445208951801391e-05
CBFB,-0.0005568856953871214
CBL,0.003884046251584189
CBLC,-0.0002590761816563606
CBLIF,0.0006042726967207848
CBLN1,0.0007661518583215297
CBLN2,-0.0001882655610987299
CBLN4,0.002335141365848141
CBR1,0.004410166306342981
CBR3,0.002955717880441469
CBR4,0.0003477811315481585
CBS,0.0004565164613946328
CBX1,0.0005606953521139379
CBX2,-5.67370584666774e-05
CBX3,-0.0007655350386359175
CBX5,-0.0002479842791594242
CBX7,-7.936399301551883e-05
CCDC103,1.552331773728559e-06
CCDC115,-8.796841029553962e-05
CCDC126,0.0002706093932391247
CCDC134,0.002624923751184777
CCDC140,-9.596770812868843e-05
CCDC149,-8.63765322194825e-05
CCDC167,0.0001145445010042764
CCDC24,0.001665863652162451
CCDC25,9.272714943275416e-05
CCDC43,0.0007854231683321158
CCDC50,0.002116100427267842
CCDC51,-0.0001109999957730308
CCDC59,-0.0002298221229215271
CCDC69,0.001605981094326995
CCDC80,0.006381004398549587
CCDC89,0.0001850102634994018
CCDC9,0.0002365574211453686
CCDC90B,-0.0002374266974609156
CCDC92,-0.0001853484406005627
CCDC97,-0.0002120189258784039
CCK,0.005297099515151907
CCL1,0.0008041693888284034
CCL11,0.00020047727091092
CCL13,-0.001087180399828479
CCL14,0.008561046176646662
CCL15,0.007290053578031423
CCL16,0.004060103984644421
CCL17,8.624202240623983e-05
CCL18,0.005616340885933786
CCL19,0.0007884077338136838
CCL2,0.0003349917142549738
CCL20,6.153952475109153e-05
CCL21,0.0008919548909949115
CCL22,0.001284519938194436
CCL23,0.005457886627625598
CCL24,-0.0002279077038439093
CCL25,-0.0002614628929430957
CCL26,-9.322180249563937e-05
CCL27,-0.0004041028092535214
CCL28,0.001142596669719698
CCL3,-0.0001505686000551408
CCL3L1,0.0002896104180549466
CCL4L1,0.0001386939221104079
CCL5,-0.001154416669881044
CCL7,-0.0006199091805482007
CCL8,4.470513181517373e-05
CCM2,0.0008070530459755787
CCN1,-0.0009927735377288083
CCN2,-0.0003274275678880466
CCN3,-0.0005547944147129488
CCN4,0.0004199821894349212
CCN5,0.01017395022390351
CCN6,0.0001310684806702564
CCNA1,-0.0002406215483072581
CCNA2,-0.0001872933796277271
CCNB1,-0.0001520157017226672
CCNB1IP1,2.406244382275059e-05
CCNB2,2.009207838323344e-05
CCNE1,-0.000790409804780067
CCNH,-0.0009107728167274938
CCNYL1,0.001052162360671824
CCPG1,0.000586947430076752
CCT5,0.0009739331750455018
CCT7,3.220994621509952e-05
CCT8,-0.0002043942322454647
CD109,0.004431210312693822
CD14,0.003721902480384542
CD163,0.004960101163367201
CD164L2,-2.020016741956914e-06
CD177,-7.244647607835777e-05
CD1A,0.0001392358486727069
CD1B,-0.0002727250403199876
CD1D,-0.0001389149503796353
CD2,-0.00057211774099687
CD200,0.002162763269972421
CD200R1,-0.0001020093425270055
CD200R1L,0.0003165692224734046
CD207,-0.0002725573900291095
CD209,0.005152232731982899
CD22,-0.00129024974069976
CD226,-0.000859218331310154
CD244,-0.0001201451702124494
CD247,0.0004061925385847318
CD248,0.003483539467934015
CD27,0.002349311138608683
CD274,0.001211287056072613
CD28,0.001639494873617848
CD2AP,-0.0005121345064860922
CD300A,0.003969460861759802
CD300C,0.005649141755546701
CD300E,-0.000383891811622245
CD300LB,3.870363535133889e-05
CD300LF,-0.0001025777120543616
CD300LG,0.002925827131001099
CD320,0.00253461526068765
CD33,0.00279185950778397
CD34,-6.495886406028972e-05
CD36,-0.001378929957290266
CD37,-0.000156374801494026
CD38,-0.0001449990241413847
CD3E,9.547160960931856e-05
CD3G,0.0001204584285613161
CD4,-0.0009699002588918808
CD40LG,-0.0002542185783463818
CD44,-0.0006725357054508831
CD46,0.003206948230906474
CD47,0.0001727294075431451
CD48,0.002787334692519519
CD5,0.006984286320435737
CD55,0.001335406468362739
CD58,0.001855153716198745
CD59,0.002327423972019287
CD5L,0.005373256431698815
CD6,-0.0001415483688141441
CD63,0.0007387950239475524
CD68,0.003698505576753287
CD69,-3.370411199798832e-05
CD7,0.001818988169127719
CD70,-0.0002627400671047445
CD72,0.0005286956856659877
CD74,-0.0007611703031057566
CD79A,0.0001671167107271109
CD79B,5.339849376669174e-05
CD80,-0.001012239990393808
CD81,-7.391708878188738e-05
CD82,-6.225525402063502e-05
CD83,0.002811870596513076
CD84,0.002522023417888588
CD86,0.001397957153274086
CD8A,0.003739125725446832
CD8A|CD8B,-0.0001075152777883214
CD8B,-0.0006304879358219813
CD9,0.0004474467604297441
CD93,0.003106011096977869
CD96,0.0001173271076372754
CD99L2,-0.001023337108982623
CDC25A,0.0002267129246740762
CDC25B,0.0006809231706173841
CDC34,0.001608688513478035
CDC37,0.0002270688404731831
CDC42,-0.0006601071482071832
CDC42BPA,0.002255581823898276
CDC42BPB,-0.001024203590596626
CDC42EP4,0.0006725328418738038
CDCP1,0.00204303837608054
CDH1,-0.0003782894069360541
CDH11,0.003263740999222351
CDH12,0.0003071587767772664
CDH15,-0.0003282494188106171
CDH17,0.00335761311581461
CDH2,-0.0005233086264883803
CDH20,0.0002366004216372317
CDH4,0.0002488861546645366
CDH6,-0.0009999242370780411
CDH7,0.001865305350940382
CDHR1,-0.0002142531993348742
CDHR3,0.0003465668643669281
CDHR5,7.442338450151402e-05
CDK16,-0.0002243167418762808
CDK1|CCNB1,-0.0001522701073776123
CDK2,-0.0001096615138867189
CDK20,0.0004855505681211487
CDK2AP1,-7.108513398886751e-05
CDK2AP2,-0.0001378411142573017
CDK2|CCNA2,-0.0002302615218828005
CDK5RAP3,0.001337366741736284
CDK5|CDK5R1,-5.04878124717903e-06
CDK8|CCNC,-0.0001171611530010777
CDKL2,0.0008799554764680967
CDKN1A,-0.0001494298153887083
CDKN1B,-0.0004676563759174361
CDKN2B,0.0008464082017442298
CDKN2C,-0.0001716834005353323
CDKN2D,-0.0004406975671598091
CDKN3,0.001538260819988501
CDNF,0.002855308445028512
CDON,0.001373062742712196
CDSN,-0.0001011202379380695
CDX1,-5.179192517942112e-05
CDY1,-0.000271328987094993
CDYL2,-0.000457881497993421
CEACAM16,-0.0001330433145976982
CEACAM19,0.0001963438178349491
CEACAM20,-0.0001414435684580623
CEACAM21,-0.0002011420430443718
CEACAM3,0.0002285392908498597
CEACAM4,-0.0005286627226021459
CEACAM7,0.0002185816964657733
CEACAM8,0.001408132559332238
CEBPA,-0.001109463009635131
CEBPB,-9.25408880070104e-05
CEBPE,-0.0001547147354555296
CEBPG,5.024185416964313e-05
CEL,0.001074459576864423
CELA1,0.003826996376596422
CELA2A,0.0003467714995363539
CELA3B,0.0003457863165029261
CELF2,-0.001107371274840322
CEMIP2,0.000755900136756291
CENPV,7.250263147702814e-05
CENPW,-0.0002108365220961745
CEP112,5.144863262435456e-05
CEP20,0.0004695471937068633
CEP43,-0.0005216278878274161
CEP76,-0.0005592488272892646
CER1,0.0007401510375809554
CERS5,-0.0001403290200577732
CERT1,0.00241970140732832
CES1,0.000109196952011003
CES3,0.004777521260842796
CETN1,-0.0004517889018909439
CETN2,0.001510248612963694
CETN3,-0.0006477976838513482
CETP,-0.0009878564918426966
CFAP298,0.000303324477985963
CFAP300,-0.0006555135409846794
CFAP36,0.001385550512701113
CFAP45,0.0007336219261818158
CFB,0.0008865516211152669
CFC1,0.001802603641213996
CFD,0.00841995757321388
CFDP1,-0.0007157046501784242
CFH,0.000652981017276428
CFHR1,0.005220030880109469
CFHR2,0.003101613927440149
CFHR3,-8.285415204550134e-05
CFHR4,2.432486396277742e-05
CFHR5,0.003166087822005131
CFI,0.0009157811273841491
CFL1,-0.0003966058831102616
CFL2,0.008123276749877664
CFP,0.003487424364776982
CFTR,0.001274743438284048
CGA,-0.000108720324240221
CGA|FSHB,0.007308116517243013
CGA|LHB,0.001965201118483506
CGA|TSHB,3.25616961461822e-06
CGB2,-0.0002649934172115365
CGB3,0.002323809606994238
CGGBP1,-0.0005004558813190997
CGREF1,0.001759951020901879
CHAC2,0.0005660969584494898
CHAD,-0.001680889287454943
CHCHD10,0.0009955652782927284
CHCHD7,-0.001294177404512078
CHD1L,5.636618103445912e-06
CHD7,1.47122886885197e-05
CHEK1,-0.000210426121008567
CHEK2,-0.0001464963362810966
CHFR,-0.0007484010753081326
CHGA,0.005158872245986015
CHGB,0.0002731153125115001
CHI3L1,0.0002838074116625976
CHI3L2,-0.0002450302810882691
CHIA,0.001632609332319863
CHID1,-0.0002301637524281369
CHIT1,0.007998928090521799
CHKB,0.002822431442372191
CHL1,0.001014759539967422
CHMP1A,0.001120235290217139
CHMP1B,-0.0009685231723142669
CHMP2A,0.003158769995407049
CHMP2B,0.0005340372913903617
CHMP3,0.0004185558945293385
CHMP4A,0.006103952875007233
CHMP6,0.0005524898199746646
CHN1,0.002415496876089926
CHP1,0.002381129459553954
CHRD,0.002965550689887917
CHRDL1,0.004502226213807326
CHRDL2,0.00387182066493596
CHRNA5,-0.0001247315304590424
CHRNB3,0.0003814333018076796
CHST1,0.000814332373283078
CHST10,0.0006193470671190988
CHST11,0.0008427597910343474
CHST12,0.001854386762084762
CHST14,-0.0001368077831915673
CHST15,0.003001929238980175
CHST2,-0.001107519002626538
CHST3,-9.310614454681037e-05
CHST4,-0.0009811468294734429
CHST5,0.001231906926174118
CHST6,-0.0008562804183821869
CHST9,8.242921014889715e-05
CHTF8,-0.00110048547991655
CIAO1,-0.0003629503716619157
CIB1,0.001781445649614528
CILP,0.00096772838993046
CILP2,9.512542768974784e-05
CINP,0.0001293309377372586
CIRBP,0.002586369072588838
CISD1,0.002884813033777024
CISD2,-0.001092850061044363
CKAP4,-0.0001418238555738631
CKB,-0.0002147461630435606
CKB|CKM,-0.004862005704388763
CKM,-0.002155989473949336
CKMT1A,0.002317313462593392
CKMT2,0.0001374296090454032
CKS1B,-0.0005720736148481598
CLC,-8.225309929840004e-05
CLCA1,-0.0008545685563462678
CLCA2,0.0005704505342836997
CLDN1,-0.0008994978210847352
CLEC10A,-4.186846025091571e-08
CLEC11A,0.003321615903401429
CLEC12A,0.001970569761983373
CLEC1A,0.0005041790476788664
CLEC1B,2.943330106156234e-05
CLEC2A,0.0001090893039373973
CLEC2B,-7.150428495840117e-05
CLEC2D,-0.001008188157734109
CLEC2L,0.0008727956290696393
CLEC3B,0.001808885152199171
CLEC4A,0.0001885046140684463
CLEC4C,0.0002016275172134236
CLEC4D,1.287092425366893e-05
CLEC4G,0.002902026169510624
CLEC4M,0.001867733209562396
CLEC6A,-0.0001476477685971857
CLEC7A,0.0003160511503731647
CLEC9A,0.000632506218638078
CLIC1,0.002628862877419898
CLIC2,0.001002851675423844
CLIC3,-0.000422606478254435
CLIC4,0.008465292545868038
CLIC5,0.0007286081244130579
CLINT1,0.00289973031212101
CLMP,-0.0007195522244901035
CLN5,-0.0002082258494920886
CLNK,-0.0002279062129623051
CLPP,-4.623979186886497e-05
CLPS,0.0002677479282866229
CLPSL1,0.0002603638849971958
CLPSL2,0.0002477987089789315
CLSTN1,0.0004278496772394374
CLSTN2,0.001548849345398134
CLSTN3,0.0002675481001871185
CLTA,0.001104581112116674
CLTC,-0.0009249763050640388
CLU,0.002047073759464639
CLUAP1,0.001825818606879638
CLUH,-3.788330774239261e-05
CLUL1,-8.167247741432026e-05
CLYBL,-0.0008007256811881741
CMA1,-0.001341073314215591
CMBL,3.511621426306709e-05
CMC4,0.002265876923983842
CMIP,-0.001140421239479484
CMPK1,-0.00074139425181146
CMTM4,0.002161488798674862
CMTR1,7.988779534942407e-05
CNDP1,-0.0003391025237122377
CNDP2,-0.001131587265664929
CNEP1R1,0.0002017848297864138
CNGA2,-0.0001368285057270971
CNGB1,0.0002270537527691346
CNMD,0.0007741475039560652
CNN1,0.00259980469552954
CNN2,0.002556904439810741
CNOT1,0.0005636511765822815
CNOT9,0.001019833821670077
CNP,-0.0001427108962281673
CNPY3,0.0008477272117084584
CNPY4,0.002896435135649289
CNRIP1,0.003572951715285113
CNTF,-6.26259572758904e-05
CNTFR,0.002722016420008295
CNTN1,-7.834250096654249e-05
CNTN2,0.001039513900319882
CNTN3,0.001907267114794331
CNTN4,0.001972891872728027
CNTN5,0.001588264879059242
CNTN6,0.001093368014667557
CNTNAP2,0.001481079944682087
CNTNAP5,0.0006292770014215425
COA3,-0.0001761259129218337
COA4,0.001304884933523959
COA7,0.0007779720390419027
COASY,0.001429977985758603
COCH,0.002645291248425348
COG8,0.0003146023215523693
COL10A1,0.001038289161855938
COL11A2,-0.001182383362130436
COL13A1,-3.054103421979936e-06
COL15A1,0.002455662397667793
COL18A1,0.004853710246662663
COL1A1,0.001041243974721959
COL20A1,0.001617866457314499
COL23A1,-0.0001160021271603497
COL25A1,-0.0002222381703755805
COL28A1,0.004323659110421174
COL2A1,-0.0008332191803214251
COL3A1,0.0001141020268858591
COL5A1,0.00170125585379534
COL6A1,0.001885175067259842
COL6A2,-9.88670510552028e-05
COL6A3,0.00549484099738794
COL6A5,0.0001592254881688338
COL8A1,-9.758541131184684e-05
COL9A1,-8.11728083022313e-05
COL9A3,0.0003365453290602845
COLEC10,6.713038151239394e-05
COLEC12,0.001327124150762052
COLGALT1,0.0004279951314899955
COLGALT2,-0.0002086891822231831
COMMD1,0.0004467425945491081
COMMD10,0.001687023499098812
COMMD5,-1.307878959412645e-05
COMMD6,-5.744201390571553e-05
COMMD7,-0.0002846706989725274
COMMD8,0.0002131716329264346
COMMD9,-0.001042663798112939
COMP,0.007142325445085996
COMT,0.001770522126337082
COMTD1,0.001761555981297265
COPB2,0.0005450796084778285
COPS2,0.001022895646082278
COPS5,0.001410748846794587
COPS7B,0.000235306505380535
COPS8,0.001628394752490958
COQ10A,-0.0006151332160937971
COQ5,-0.0001929388570835948
COQ6,0.0009796046520484164
COQ7,-0.0004386941048513758
COQ8B,-2.059228278025323e-05
COQ9,-0.0003271537347964166
COTL1,0.001224028299946692
COX19,-0.000173550552225305
COX4I2,-8.300137305817857e-05
COX5A,0.002944564092537489
COX5B,3.906150397676762e-05
COX6C,-0.001085858041847524
COX7A1,-0.0001156552747540651
COX7A2L,0.0005357111748292202
CP,-0.000106872984027811
CPA1,0.0007040512370145697
CPA2,8.091784021238e-05
CPB1,0.006834061954971872
CPB2,0.001234481968396683
CPD,0.001054915864229988
CPE,0.001965223543066671
CPLX1,0.004421647129207599
CPLX2,0.003058928418802406
CPLX3,0.001169225808680282
CPM,0.001731529485283144
CPN1,-0.00108178800723274
CPN2,0.002798435545087555
CPNE1,0.003745184028995664
CPNE6,0.0001233007465067375
CPNE7,-0.0002115484554031221
CPOX,-0.0003106774432618873
CPPED1,0.0029390785727118
CPQ,0.0005727293936427314
CPT1B,0.0001074524431589394
CPTP,0.0003013931901648174
CPVL,0.0002704566389510005
CPXM1,0.001286178456991932
CPZ,-0.0004315344244702395
CR1,0.001170221929128714
CR2,0.0002209772924231185
CRABP1,-0.0001597340928879247
CRABP2,0.003397352376058788
CRACR2A,0.0002018801688773336
CRADD,0.002848413573724389
CRAT,-0.0002361923905405763
CRCP,0.000613958193887112
CREB1,7.923968517723197e-06
CREB3L1,2.087529392215325e-06
CREB3L2,-0.0001780834543827752
CREB3L4,0.000911688718491212
CREBL2,-6.996622615820771e-05
CREBZF,1.265759406911242e-05
CREG1,0.0004349889787241507
CRELD1,0.003332995715398788
CREM,-0.0001744517006485059
CRH,0.000241235926475566
CRHBP,-0.001309562298352522
CRIM1,0.002186727840895501
CRIP1,0.005470851799145588
CRIP2,0.003868357956808827
CRIPT,-0.00101908078805907
CRISP2,-0.0002328239499521518
CRISP3,-0.0001036696187339447
CRISPLD2,-0.0005903929179687492
CRK,0.004013159969709909
CRKL,0.00458246459291104
CRLF1,0.004328003424182811
CRLF1|CLCF1,0.0001869431543070526
CRLF2,-0.0009336553659929128
CRLF3,0.0009855298473343231
CRMP1,0.0003292695273198853
CRNN,0.0001380544865930947
CROT,0.0002360055436709255
CRP,0.002418172017841215
CRPPA,0.0002838805335565993
CRTAC1,0.00165003851439443
CRTAM,0.002251424632348637
CRTC3,0.0006027113645695083
CRYAA,-0.0001567956586343514
CRYBA2,0.0004613259750802581
CRYBB1,0.0004610979887249699
CRYBB2,0.000120033191591048
CRYBB3,0.0002238915005478397
CRYGA,-0.0001729360492376075
CRYGC,9.827300900893334e-05
CRYGD,-0.0002527721580633227
CRYGS,0.002723024176107844
CRYL1,0.0003353157986789834
CRYZ,-4.71437101449837e-05
CRYZL1,0.0009617683338896927
CS,-0.0001809475184314357
CSAG1,-1.047570926472912e-05
CSAG2,-3.591225293208177e-05
CSDC2,-0.0005105296725145446
CSDE1,-0.0001559823422969522
CSF1,0.003221631691571174
CSF1R,0.001940258062576196
CSF2,-7.726322852280639e-05
CSF2RA,0.001898483123347148
CSF2RB,0.0001939111411472987
CSF3,0.0003241131587338786
CSF3R,-0.0002041872420482705
CSH1|CSH2,0.0004711232606470896
CSK,-0.0006333811418726399
CSMD1,0.0006353656681537021
CSMD2,0.002850785230205149
CSNK1A1L,0.001065756909617445
CSNK1D,0.0001125677960262716
CSNK1G1,-0.0004983792579451628
CSNK1G2,-0.0009657134909383399
CSNK2A1,-0.00106150033890186
CSNK2A1|CSNK2B,-0.0008171483304049459
CSNK2A2,-1.953504708320555e-05
CSNK2A2|CSNK2B,-0.001098958003677151
CSNK2B,-1.334915103610302e-06
CSPG4,0.0001969782434548787
CSRP2,0.001395670706510833
CSRP3,0.003950091642519885
CST3,-0.0004034947796053477
CST4,0.0007759912567841126
CST5,-4.863319874836065e-07
CST6,0.005635766281578741
CST7,-0.001314992639236145
CST8,0.002456763956912691
CSTB,0.003647161609885254
CSTF1,-0.0009149628574957274
CSTL1,-0.0003931178909679379
CT45A1,-4.903790937180832e-05
CT45A3,9.435446133564382e-06
CT55,-0.0002315142997356082
CT83,-0.001268142942380747
CTAG1A,0.001909654072177861
CTBP1,-0.0001610325036084856
CTCF,-0.0001666971216844039
CTDSP1,0.0007301977885590033
CTDSPL,-0.0009606877051996172
CTF1,0.004404449972151874
CTH,0.0002328980304415949
CTHRC1,0.00276181123720599
CTLA4,-6.24764834013693e-05
CTNNA1,0.0008682935877536
CTNNA2,0.0004720079550981938
CTNNA3,-0.0002347409178694206
CTNNB1,-0.0009931786828405152
CTNNBIP1,0.003336456424471734
CTPS1,0.0005653853727978363
CTRB1,-0.0002233884445219492
CTRB2,-0.004162640336745588
CTRC,-0.0002419304691489692
CTRL,-0.0009403977241658463
CTSA,-0.003179555269234774
CTSB,0.001028426361497417
CTSC,0.002089051376761454
CTSD,-0.001435883388627575
CTSE,0.000255089693217987
CTSF,-0.002702611150104645
CTSG,-0.001167415138659174
CTSH,0.0005820853973963792
CTSK,0.000174507987203097
CTSO,0.001633780137203946
CTSS,0.001234849281963255
CTSV,-0.001974258982160527
CTSZ,0.001139871433572309
CUBN,-3.979712015737239e-05
CUEDC1,-0.0002595980690252714
CUL1,0.0002616782024028502
CUL3,-0.0005663933107783783
CUL4B,0.0003683581053868149
CUL9,0.0001680552225091605
CUTA,0.001255129953793641
CUTC,-0.001183115894668737
CUZD1,0.0007425156711285049
CWF19L1,-0.0003707240095083729
CX3CL1,0.00019913268320788
CXADR,-0.0002332869939174324
CXCL11,-0.0002075238321703615
CXCL12,0.0004827615043940565
CXCL13,0.001245082179898426
CXCL14,-0.0009390224294901184
CXCL16,0.004332616350741936
CXCL17,-5.939762462726198e-05
CXCL2,-0.000723502077470361
CXCL3,-0.0004741392394312882
CXCL5,-9.51957380105112e-05
CXCL6,0.0008293506334194767
CXCL8,0.001843281923211568
CXCL9,0.001206317163295353
CXorf38,0.0001205513930963112
CYB561D1,0.0001656246559365747
CYB5A,0.0006015724334131788
CYB5D2,0.0008561698892697462
CYB5R1,-0.0001995789210270934
CYB5R2,-0.000363222652008094
CYB5R3,-0.0004635347076559275
CYB5R4,-0.0007067378244020432
CYBC1,0.001499508676451262
CYCS,0.000636016752701488
CYGB,0.0004770696032159166
CYLD,-0.0001432918624416052
CYP2C19,-4.891226615543913e-05
CYP3A4,0.001721299315582354
CYREN,0.0003560692854662854
CYRIA,-0.0004086021502301952
CYRIB,0.003146795714106168
CYSRT1,0.0003132171660921081
CYTH1,-0.0004338959490859429
CYTH2,0.0001044233289117838
CYTH3,-0.0003596302275604823
CYTH4,0.0004109490187032765
CYTIP,0.0002773264572896146
DAB2,-0.0004781979121188116
DAG1,0.001187266842733548
DAO,1.795233994903888e-05
DAP,-0.0009369133267556668
DAPK1,-0.000982779030011555
DAPK2,-0.0006501125460585307
DAPK3,6.37238511832087e-05
DAPP1,-8.452521059424263e-05
DARS1,0.002149206390557447
DARS2,-0.0005769603556002784
DAXX,-3.180869470126036e-05
DAZAP1,-0.0006472697679198878
DBI,0.002285554055644749
DBNDD1,0.0001247392172541586
DBNDD2,0.0009148490514572213
DBNL,0.003887700561434647
DBT,-0.0008680992007525239
DCAF11,-7.209910744293562e-06
DCAF12,0.0003677859060257224
DCAF5,1.422429208333934e-05
DCBLD1,-0.0008088692603609929
DCC,0.001846503190648156
DCK,-0.0003603930740450234
DCLK1,0.004591898761762881
DCLK3,0.0001837083127987947
DCN,0.0001499694583465077
DCP1A,0.0003959746582423922
DCP1B,-7.39306715578862e-05
DCPS,0.0005875500445628799
DCT,0.0004050054294454127
DCTD,0.0004959116223855568
DCTN2,0.0005631914125036598
DCTPP1,0.003478306476414835
DCUN1D1,0.004390177211123944
DCUN1D2,-9.337078690677087e-05
DCUN1D3,0.0001576026866304383
DCUN1D5,0.002614638570037656
DCXR,0.0003922163891179831
DDAH1,0.00372537796539814
DDC,-0.0001112134994671311
DDHD2,0.000838676062191467
DDI1,-5.060806915466312e-05
DDI2,-0.0003164274767855843
DDIT3,0.0002460734251287176
DDIT4,2.580681471424959e-05
DDOST,0.003463488275925946
DDR1,-0.00138851654481178
DDR2,0.00119687244485174
DDRGK1,0.002971336683631179
DDT,8.779021110051634e-05
DDX1,-0.0008504571370149175
DDX19A,-0.0008869237413298899
DDX19B,-0.0004753789898984827
DDX23,-0.000643386670008138
DDX25,0.0001091012921630184
DDX39B,0.0004891963524207345
DDX58,0.0001481940005713988
DDX6,0.0006707848158064299
DEAF1,0.001791214898435549
DECR1,-0.0004771446879930066
DECR2,0.0001850521034685101
DEF6,-0.0003320697784148166
DEFA1,-0.0006834560248987462
DEFA3,-0.0002955573683770256
DEFA5,-0.0009291360506297264
DEFB1,0.001831031325517307
DEFB103A,-0.0001733679436454511
DEFB104A,-6.491336966655367e-05
DEFB106A,-0.0002200409331646637
DEFB107A,4.498268516478049e-05
DEFB108B,-2.125513104776777e-05
DEFB110,-0.0001068387316537803
DEFB112,-0.0001588210574280588
DEFB113,0.001220596046040744
DEFB115,-0.0001856830345720763
DEFB116,-0.0001609459105480448
DEFB118,-0.0001649550741303228
DEFB119,-7.324125976646057e-05
DEFB121,0.0001367269828876715
DEFB125,-0.0001486381680749318
DEFB127,3.755367174283873e-05
DEFB128,-0.0001160621458906616
DEFB129,-0.0002463565902467933
DEFB132,-0.0005455845230607797
DEFB135,0.0002927949482531206
DEFB136,0.000111219676842415
DENND10,0.001000847193039312
DENR,-0.000153964786989316
DEPP1,-0.000712929473413268
DERL1,0.0001380374823931308
DES,-0.0004306284883697364
DESI1,0.0001244284556081418
DFFA,0.0004793445156470085
DGCR2,-5.601568343359429e-06
DGCR6,0.0002520789232040785
DGKB,0.0009529124433841821
DHFR,0.0003777664138906773
DHH,0.0004606867734379422
DHODH,-7.883571981913464e-05
DHRS11,7.80869934611756e-05
DHRS3,0.0006008358247879358
DHRS4,0.000358259225713656
DHRS9,0.004029627403829487
DHX38,-3.46808265489746e-05
DHX58,-0.0001526916831803408
DHX8,-0.001101883738853036
DHX9,-0.0009315893615558119
DIABLO,-0.000305080740629363
DIAPH1,0.0008910619276990843
DIDO1,-9.849246592214733e-05
DIMT1,-8.131081568621714e-05
DIPK1C,0.0008687743791438577
DIRAS1,2.351350332811677e-06
DIRAS3,5.884503177326044e-05
DIXDC1,-4.200119742216726e-05
DKK1,-0.0006810574412538889
DKK2,0.006462958315189536
DKK3,0.002383306541081785
DKK4,0.004650983283924992
DKKL1,-0.0004167253698073252
DLAT,9.294689997103707e-05
DLD,0.001282235392496402
DLG2,0.004859248196268655
DLG3,-6.3623835170608e-05
DLG4,0.001445887923273131
DLGAP4,-0.0002401715093031751
DLK1,0.002465108316607618
DLK2,0.002663145797547266
DLL1,0.002619665816087381
DLL3,0.0003857201319823385
DLL4,0.0007901735144293228
DLST,0.000779310587275779
DLX2,6.58003565379049e-05
DLX3,8.156141006898845e-05
DLX4,-2.506449628197065e-05
DMBT1,-0.0002814062692637186
DMC1,0.001081068926486543
DMKN,0.002218895276450064
DMRTB1,-4.873491620928347e-05
DMRTC2,-0.0007568088076636526
DMTN,0.0001603987929325843
DNAI1,-0.0002140597594159239
DNAJA2,-4.29468263811648e-05
DNAJA4,0.0003079865111497329
DNAJB1,-8.685535497358298e-05
DNAJB11,0.002769783319207608
DNAJB12,0.002982589885527966
DNAJB13,-0.0001758700720535606
DNAJB14,0.001272108896041253
DNAJB2,0.0008328914512254319
DNAJB3,0.0006872131222365608
DNAJB4,8.125066639463657e-05
DNAJB6,-4.742711768849234e-05
DNAJB8,0.003988774359167772
DNAJB9,0.00304493047009625
DNAJC1,2.401657184128434e-05
DNAJC10,0.001854038368705567
DNAJC11,-7.311155682031666e-05
DNAJC12,0.0001961710302596627
DNAJC15,-0.00021662038390784
DNAJC16,0.0005329935466664759
DNAJC17,-0.000550868080728999
DNAJC18,0.0009972470185501778
DNAJC19,-0.001152216920915538
DNAJC27,9.406992490783056e-05
DNAJC30,-0.000585866518102811
DNAJC4,0.0001744467335203385
DNAJC5B,0.003231798477680721
DNALI1,-0.0001009670297700487
DNASE1L2,0.003506956027561947
DNASE2B,-1.775897090547901e-05
DNER,0.001953071978921249
DNM1,0.003424774708017358
DNM1L,0.0002778793454329341
DNM2,0.001460441822915381
DNMT3L,-0.0002382500998669188
DNPEP,-0.0005198924614499854
DNPH1,-0.001000348100035755
DOC2B,0.002846260392561081
DOCK2,0.0009806280841630922
DOCK9,-9.331828218790227e-05
DOHH,0.0003634969744088909
DOK1,-0.000928151683067296
DOK2,-0.0008190256771214958
DOT1L,0.001215252416705572
DPCD,-0.0002890523659724845
DPEP1,0.000385979231274439
DPEP2,0.00506610170362363
DPH2,0.0001222338670197458
DPH5,1.596489786060482e-06
DPH7,0.0001517101284233532
DPP10,-0.000145591219613064
DPP4,0.0002653296165713045
DPP6,-5.417814730913843e-05
DPP7,-0.001226326776822937
DPPA4,-0.0001470656158020957
DPT,0.004026673618672851
DPY30,0.001685936124675865
DPYS,0.0003948926218198452
DPYSL3,0.001453680319834557
DPYSL4,-4.130098007332495e-05
DPYSL5,0.0004585877563566157
DR1,0.000785236596672003
DRAP1,-0.0008330420203945592
DRAXIN,0.0004956032213098352
DRG1,-7.309806164375244e-05
DRGX,1.627727967764678e-05
DSC1,0.0002942544983490382
DSC2,0.004112094749763135
DSC3,-8.95698584476717e-05
DSCAM,0.0008561833711229199
DSCAML1,0.001469980963201563
DSCC1,0.0001885126977371487
DSG2,0.002299517005052197
DSG3,-0.001098591151646091
DSG4,4.658792739094378e-07
DSTN,0.004128633804961378
DTD1,0.004151069598330436
DTD2,0.001879240336009116
DTNA,0.001078179802794011
DTNBP1,2.351125333837778e-07
DTX1,-1.095718238535165e-05
DTX3L,-0.001047331278427877
DTYMK,0.0003467534962493504
DUPD1,0.0004861163115181122
DUS2,0.0001086314453814645
DUSP10,0.0005758516020582608
DUSP13,-0.0003434314109230764
DUSP15,0.0003175334880957417
DUSP16,0.0003273585984160843
DUSP18,-6.965107471376132e-05
DUSP19,-5.866167403674439e-05
DUSP21,0.000998678947056465
DUSP23,-0.0002227943203410247
DUSP26,0.001360613883164519
DUSP28,0.0009789648219280392
DUSP3,-0.0001148909780439539
DUSP4,-3.891883875908683e-05
DUSP6,-0.0004568747157994064
DUT,0.00165823596598559
DVL2,0.0013993762999865
DYNC1LI1,0.0002899102813663409
DYNC1LI2,-8.45705575641525e-05
DYNLL1,-0.0002759171247328804
DYNLL2,0.003074700052301535
DYNLRB1,-0.0005405190084477345
DYNLRB2,0.0004457667164563929
DYNLT1,-0.0009230421132496075
DYNLT3,-0.0004883972630290322
DYRK1A,0.0003864456392704915
DYRK2,-0.000143422154591878
DYRK3,-0.0002921820228047135
DYTN,0.0003974137866977813
E2F5,-9.923979629457301e-05
EBAG9,0.001717674369558556
EBI3,0.004208003148876632
ECE1,-4.597101426939103e-05
ECEL1,9.600462676812435e-05
ECH1,0.0001306710876316009
ECHDC1,0.0002414606372390967
ECHS1,0.001388384373660314
ECI1,0.002781238575133641
ECI2,-0.0001577585564682825
ECM1,0.002327724434271148
ECRG4,-0.0007565301372157541
EDA,0.000143792628937041
EDA2R,0.00840619367790624
EDAR,7.3900949327778e-05
EDC4,0.001418979614767503
EDDM3A,0.0007690813430535957
EDDM3B,-9.483936701914043e-05
EDEM2,-4.140475418067264e-05
EDF1,-0.001007471509484013
EDIL3,-0.002015354649374456
EDN1,-0.0001113876983545104
EDN3,0.0001971100056352956
EEA1,-6.488219895577646e-05
EED,-0.0007140496013003789
EEF1A1,0.001426338071346908
EEF1AKMT1,0.0005001282474137401
EEF1B2,-0.0002613003313115565
EEF1D,0.002663427287447009
EEF1E1,-0.0002295029779266925
EEF1G,-0.0007533135253532952
EEF2K,0.0003571806741547066
EEF2KMT,0.0004489718693044061
EFCAB1,0.002408246378422631
EFCAB14,0.004357630718525214
EFEMP1,-0.0005648689946490261
EFHD1,0.007612665122540341
EFHD2,0.003779562930592653
EFNA1,0.001476718424014396
EFNA2,0.002826286324346633
EFNA3,0.00302549328541119
EFNA4,0.002101754013598351
EFNA5,0.003166761049310609
EFNB1,0.003419571175812576
EFNB2,-0.0003205830048274455
EFNB3,0.002609891593569629
EFS,-0.0001575161823524203
EGF,0.0003137955567194335
EGFL6,0.0002639650706093184
EGFLAM,0.001942432911575259
EGFR,0.00202845625353086
EGLN1,-0.0009443145225607395
EGLN2,0.0007544041715087025
EGLN3,0.0002211331916889547
EHBP1,0.0003500331536292809
EHD1,0.003365688704678393
EHD2,0.00924278746590803
EHD3,0.004502437792050099
EHD4,-9.808102000171903e-05
EHF,-4.502568187976951e-06
EHMT2,-9.435015841404561e-05
EID3,-9.036318698416932e-05
EIF1,0.001467951934774176
EIF1AD,0.0003386355097788326
EIF1AX,-0.0001200554298797953
EIF1B,1.323601899940234e-05
EIF2A,-0.0001668382167592834
EIF2B1,-0.0006271914497786129
EIF2S1,0.001935852445901381
EIF2S2,-0.0008916724871892961
EIF3B,0.0001337073533912678
EIF3G,0.004326147361698674
EIF3J,1.49217888166161e-05
EIF3M,0.001016139881091725
EIF4A1,0.003630385818036149
EIF4A2,0.005040590872181498
EIF4A3,-0.0002536383276788076
EIF4B,0.001706485759047425
EIF4E,0.001483077347376545
EIF4E2,0.0005291672375179614
EIF4EBP1,-7.130145994313723e-05
EIF4EBP2,0.000997128566105746
EIF4EBP3,0.0003660240205825264
EIF4G1,0.001460428648734546
EIF4G2,0.003542298500303695
EIF4G3,0.0002066586186063626
EIF4H,0.003434042871288972
EIF5,-0.0002754598784486058
EIF5A,-0.0002649443059894105
EIF5A2,0.0007063409575401593
ELAC1,-0.0001722594186342191
ELANE,0.003882921516534113
ELAPOR1,0.0009831408143679968
ELAPOR2,7.53362636763902e-05
ELAVL1,-0.0010245448555589
ELAVL2,0.002624565333673509
ELF5,-0.0001167874675813042
ELFN2,0.003035987357000237
ELK1,-0.0005360824517072548
ELK3,-0.0005188416569869659
ELK4,0.0007329470702552001
ELL,-0.0001206030784976129
ELL2,-0.0005999352496156393
ELL3,0.0001203984238728692
ELMO1,0.0007922002803291734
ELMO2,-0.0002959656046205271
ELP1,-0.001016291588408779
EMC1,0.0002745757377128664
EMC10,0.00303666889264629
EMC2,0.000512868346357992
EMC4,0.004997903688185803
EMC8,0.0001134020833005074
EMG1,-0.0005865712157177268
EMID1,-0.0001486272939356144
EMILIN3,0.001676352913887244
EML2,-0.0008304752405743773
ENAH,0.001715747897290528
ENDOU,0.0004185956705595413
ENG,0.001277752937288013
ENGASE,0.000256441387622316
ENO1,0.002167447386106843
ENO2,0.002748300188723726
ENO3,0.0002544333771905004
ENOX2,0.0006646930939115083
ENPEP,0.000267265030858592
ENPP2,-0.000738468381391167
ENPP3,-0.001352819587260179
ENPP5,0.002262376571556946
ENPP6,-0.0001625993069135712
ENPP7,0.0002287943878513277
ENSA,-7.145291747158408e-05
ENTPD1,0.004505394915994692
ENTPD2,0.0004593804579178986
ENTPD3,-0.001147806202572715
ENTPD5,-0.001364791275948943
ENTPD6,0.00233920496602368
EOLA1,0.0002794422376580286
EPB41,0.001369436918310561
EPB41L1,-0.0005438486114755554
EPDR1,-0.0003740219242982893
EPHA1,0.0006442223010351335
EPHA10,0.0009500134362078798
EPHA2,0.002178015531758693
EPHA3,0.0004704540631672207
EPHA4,0.003611427294909665
EPHA5,0.001635080063769301
EPHA6,0.003514553666348466
EPHA7,0.00155928521307148
EPHA8,0.0007080103279335264
EPHB1,0.001556632227353314
EPHB2,0.002146807174066148
EPHB3,0.00103064292282786
EPHB4,0.001525116593552075
EPHB6,0.003763863952903516
EPHX2,-0.0002229659345352484
EPN1,0.001603452186199912
EPO,-0.0001752755338256478
EPOR,-0.0001096531503043515
EPS15L1,0.0002088787415252782
EPS8L1,0.0001468335106333616
EPS8L2,0.001553932782147972
EPS8L3,-0.0001290933878303983
EQTN,-7.250171114498624e-05
ERAP1,0.002887275647885504
ERAP2,0.00314320904278982
ERBB2,-0.0009521368020268123
ERBB3,0.003267049704966273
ERBB4,0.0001787590634663169
ERC1,-0.0001600703014289366
ERCC1,0.0001393637609816907
ERCC4,-0.0001047335083931428
EREG,4.071663752323581e-05
ERH,0.00024525013049774
ERLEC1,0.00235558408652971
ERLIN1,0.0001326789974717116
ERMAP,0.0002069396124666819
ERMN,0.0006266599119702447
ERN1,8.135558006663848e-05
ERO1A,0.0004452115889270841
ERO1B,3.071093911696696e-06
ERP27,0.0002052916696024709
ERP29,0.004264300289104617
ERP44,0.005078733865416178
ERVV-1,9.183847443316362e-05
ESAM,0.003634056058887039
ESD,0.001249327133186837
ESM1,0.00333646084509344
ESPN,0.0006486678594330919
ESRP1,-2.691284836537699e-08
ESRRA,-0.0003453008872707421
ESS2,-0.001125335510603919
ETFA,-0.0002974343126305751
ETHE1,9.171624855382462e-05
ETNK1,-0.0001806670457336146
ETNK2,0.001118612716445937
ETS2,0.0003536294984283901
ETV2,-0.0004387882112983434
ETV4,-0.0002839363024098475
ETV5,-0.0002349520137714059
ETV7,0.0002880680384694703
EURL,0.0005015387199924825
EVA1B,0.0002339296127383553
EVA1C,0.001698387818549276
EVL,0.001093498292578773
EVPL,-0.0001860885572010289
EWSR1,0.001692852673386181
EXD1,0.0001975178822332939
EXOC7,0.0001247150860995744
EXOG,-4.5883650778669e-05
EXOSC1,6.65749820852875e-06
EXOSC3,-0.0001795616870905397
EXOSC5,-0.0004082534051102138
EXOSC8,-0.0002271311810632792
EXTL2,0.0005847411706325598
EYA2,0.002262784943252555
EYS,0.0002295838627940219
EZH2,1.227401470599972e-05
EZR,0.004927811148209945
F10,0.002290930989989391
F11,0.00252209122062596
F11R,0.0005832335292964092
F13A1|F13B,0.001862238094237994
F13B,0.001805850341130915
F2,-0.0002513141754299018
F3,-0.0002797742226521441
F5,-0.002617039865697498
F7,0.002641763429540373
F8,0.0004849644502905796
F9,0.001700740612389886
FAAH2,0.0003349852465018511
FABP1,0.0001980462659122285
FABP12,0.000328911350754739
FABP2,0.0004906427034511973
FABP3,0.006450944113356064
FABP4,0.006582934335616343
FABP5,-4.266054901217191e-05
FABP6,-0.0001775107271267922
FABP9,0.000899854118991
FADD,0.001114588482467183
FAF2,0.002465648009289936
FAH,0.002065621049470441
FAHD1,-7.132674020481266e-05
FAHD2A,9.849904353217127e-05
FAIM,0.0003229413906455998
FAM102B,-9.872807986835648e-05
FAM107A,0.0001021272697303016
FAM110A,-0.000882618827786293
FAM118A,0.0005458450249237911
FAM118B,-0.0003042334303753715
FAM151A,-0.0001523737393159589
FAM151B,-0.000144331928315143
FAM160B1,-0.0002874347694364269
FAM162A,-0.0001674254646286326
FAM162B,3.24502474414198e-05
FAM163B,0.002103554212438177
FAM171A1,0.0006932491073019789
FAM171A2,0.0001848282910075907
FAM171B,0.003112632145778261
FAM172A,-0.0001295477354130324
FAM174A,-0.000260693207035633
FAM177A1,0.00301646463972832
FAM189A2,-0.000176743207223225
FAM204A,-0.0007555822367815676
FAM209B,0.0003208924920333907
FAM20A,0.0004831673737457515
FAM20B,0.00316258828990831
FAM20C,0.003286527651533065
FAM210A,0.000894692206982009
FAM219B,0.0003031570567143158
FAM221A,0.0002594692942028624
FAM221B,4.867127421976852e-05
FAM229A,0.0003126199907066246
FAM234B,-0.0002531391882673321
FAM241A,0.0004151608192715054
FAM241B,0.002586106096500778
FAM24B,-5.73291755385866e-05
FAM3A,-0.0002077350584127289
FAM3B,0.0006079955011471606
FAM3C,-0.0002297556949778653
FAM3D,0.001231184033339715
FAM50A,-1.260191844173372e-05
FAM86B1,0.0007647452007749381
FAM89B,-0.000152643190718799
FAM92A,6.543862294765531e-05
FAM9B,0.0005698101415178164
FANCF,-0.0002313294758776578
FANCL,-0.0001939070017314914
FANK1,0.0002415729175080173
FAP,0.0006929650862409256
FARS2,-0.0007297195095634014
FAS,0.006205615274492021
FASLG,0.0007397148291805381
FASN,6.001515027850275e-05
FATE1,-0.0001977964069129079
FAXDC2,5.149068787918326e-05
FBL,-1.901173548928345e-05
FBLIM1,0.001771465333524607
FBLN1,0.0006379390154477942
FBLN5,0.005685396747641325
FBLN7,0.003181453648452337
FBP1,0.003431491669146247
FBP2,-0.002717311674284158
FBXL4,0.001457354237591268
FBXL5,0.0002030097281154388
FBXO28,-0.0001637762524626581
FBXO3,0.0002787244918981434
FBXO48,0.0004615515221359121
FCAMR,-4.632504294634582e-05
FCAR,-0.0001804435564949165
FCER1A,-0.0006524929908746575
FCER2,0.002360506952767486
FCGR1A,0.001374892330486057
FCGR2B,0.008200827383758772
FCGR3A,0.004334601331217039
FCGR3B,0.003994064939595951
FCGRT,0.002994822730017236
FCHSD1,0.002254943471569148
FCMR,0.003596459567558064
FCN1,-0.0008979847850469568
FCN2,0.003052535304270324
FCN3,-0.0005404470917374543
FCRL1,-0.0007013358048131162
FCRL2,-0.0001600190209343551
FCRL3,6.331155599393514e-07
FCRL4,0.0002014847167130405
FCRL5,-0.0005561825403150771
FCRL6,-0.001203335149300279
FCRLA,0.0002041996643667399
FCRLB,0.0002468654016493875
FDCSP,-0.0001766798576218422
FDX2,-1.988679224992925e-05
FEN1,0.0003360903502369297
FER,-0.000524452401149652
FERMT3,0.001858412130692679
FETUB,0.000622687428076857
FEV,-0.0002727365302841175
FGA|FGB|FGG,0.004729097097387262
FGD2,-8.851317366661672e-06
FGF1,0.0003573405612462986
FGF10,-5.215311685220228e-05
FGF12,-1.516358043464916e-05
FGF16,-0.001128009019170814
FGF17,0.0002517050277665507
FGF18,0.0001308526483894962
FGF19,0.001240373860815836
FGF2,-0.0009178271020034328
FGF20,1.81313746150558e-05
FGF22,-0.0002695234787479155
FGF23,-0.0001977827446757779
FGF3,-0.0001028948882350723
FGF4,-0.0003670586769875314
FGF5,-0.001095163445199648
FGF6,-0.0002388408652481559
FGF7,-0.0005964833239514149
FGF8,-0.001402694954907883
FGF9,5.577666549036795e-05
FGFBP1,-9.893622543103556e-05
FGFBP3,-0.0004845248749223887
FGFR1,0.00144118639961099
FGFR2,-0.0002698359733966905
FGFR3,-0.001198108689652989
FGFR4,-0.0008881916212948087
FGFRL1,-0.0003882227866090445
FGG,0.006334452616318298
FGL1,-0.0001731310218518339
FGL2,0.0008601489313769529
FGR,-0.0009872893544410496
FH,0.003522849224692749
FHIT,0.002209837063833549
FHL1,1.993877451917943e-05
FHOD1,-0.0002168889500507561
FIBCD1,7.873454700816425e-05
FIBP,-0.0008893239018238528
FIG4,9.406478644651242e-05
FIS1,0.002092085088854535
FJX1,0.001113320290979395
FKBP14,0.001999592777051766
FKBP1A,0.003267802416524002
FKBP1B,-0.0003666755963706009
FKBP2,0.000126850296117305
FKBP4,0.00469437985231358
FKBP5,-0.0005257722243879253
FKBP7,0.00259785498365505
FLI1,-0.001142620281252642
FLII,0.0007526749484858909
FLJ44635,0.0004680690027703823
FLNA,0.006035404206261905
FLRT1,0.001206210455722595
FLRT2,0.002653692144465344
FLRT3,0.002054438807398116
FLT1,0.001651739439059145
FLT3,-0.0008463034509761751
FLT3LG,0.0009470242485622088
FLT4,0.002447182038224167
FMO3,0.0004808768234599932
FMOD,0.0005408674183938596
FMR1,-0.0002815508643462446
FN1,0.008906615479269776
FN3K,0.001160878782170986
FNBP1,-0.0009358111312596404
FNDC4,-0.001110085582387218
FNDC8,0.0001688352660571784
FNTA,0.0003831312914876359
FOLH1,-0.0001296418202405052
FOLR1,-0.0003294973227413645
FOLR2,0.005511941262601175
FOLR3,0.0007421613387468068
FOSL2,0.0001658824273411686
FOXC2,-0.0002316681984721924
FOXJ2,0.0003889050707557226
FOXL2,0.0003428153939402001
FOXM1,-0.001058701014909389
FOXO1,0.003060472444552914
FOXO3,-0.000831722745055257
FOXO4,-0.0001222760690517206
FOXP1,-8.496005127887669e-05
FOXP3,-2.473932696424457e-05
FOXP4,-0.0007128544353092203
FOXRED1,0.0001341569923669498
FREM1,0.00192692844638851
FREM2,4.719508394591153e-05
FRG1,-0.000141869843242589
FRRS1L,0.0003378034097715982
FRS2,-3.552035909933042e-05
FRZB,0.002652657106305942
FSCN1,-5.381114952862898e-05
FSD1,0.0002088001385882199
FSHB,3.935948139478292e-05
FST,-0.001184329529467133
FSTL1,0.0008220761550487633
FSTL3,0.003920073256113222
FSTL4,0.001796868000150686
FSTL5,0.0009463907383903714
FTCD,0.0001107422690964252
FTH1,0.001480966245454091
FTH1|FTL,0.004132112502205163
FTHL17,-0.0004367705895789606
FTL,0.004288673175156317
FTMT,0.002005784810510574
FTO,0.001074253730572057
FUBP1,0.003344848954606485
FUBP3,-0.0001078453245323448
FUCA1,0.001183823334561651
FUNDC1,0.000153254361903416
FURIN,0.001379479264544
FUT10,0.004564967684820155
FUT11,-0.0004251000301738913
FUT2,0.0005490362421242117
FUT3,-0.0002302046603334148
FUT5,0.00210774903603795
FUT7,-0.0001626019955574476
FUT8,0.0034919078332281
FUT9,-4.160049948146978e-05
FXN,0.0002762475209855699
FXR1,-0.0007475650552551798
FXYD2,0.000985447064530696
FXYD6,0.001194038638744741
FYN,0.0002472690713073457
FZD1,0.003052439183888439
FZD10,0.0002223488172010614
FZD2,0.002906088400549785
FZD4,0.000640706456313396
FZD5,0.001234593447372408
FZD7,0.002902698567100451
FZD8,0.002436771549802101
FZD9,0.001379705690417836
G0S2,3.919305251928515e-05
G3BP1,0.002070829100179596
G3BP2,0.002894957973461327
G6PD,0.004093475853013354
GAA,-0.002219447260486269
GAB1,-0.000399066070249023
GABARAP,0.002924346142983742
GABARAPL1,0.003339263555259404
GABARAPL2,0.00301030622936415
GABBR1,0.001829604587449137
GABBR2,0.0007135348309410464
GABPB1,-0.0002309905898906549
GAD1,0.000542312806154646
GADD45GIP1,-0.0001910160272890805
GAGE12F,0.0007071456418043367
GAGE2A,0.002575773974252663
GAGE2B,0.0006953844161117045
GAGE2D,0.001390277018443205
GAL,0.000183637636922291
GAL3ST1,-0.0007914212192506846
GALE,0.0009085626759017544
GALK1,0.0001749729855775519
GALK2,0.001528347734403087
GALNS,0.0004021803938668682
GALNT1,0.002322153107947009
GALNT10,0.0007639170178168623
GALNT11,-8.181409906050376e-05
GALNT13,0.001881030426446861
GALNT14,0.001067272665192078
GALNT16,0.002389309493842604
GALNT2,0.0004866605463606244
GALNT3,-0.0001079402076652904
GALNT4,0.00354108595246501
GALNT9,0.0005361280842096502
GALP,-1.407229270806083e-05
GAN,0.0002971981760735836
GAP43,0.004288302744337683
GAPDHS,-3.844111868622259e-05
GARS1,0.006625005694694843
GAS1,0.002555204033627009
GAS2,0.0004243623432265408
GAS6,0.003855284938159016
GAS7,0.00121730968496971
GATAD1,0.001280024185486001
GATM,0.0001472030037385481
GBA,0.002158610349224984
GBA3,-3.400224687114933e-05
GBP1,0.004950323116322547
GBP2,0.002837402864306264
GBP5,-0.001074351307392253
GBP6,0.0007896613543225605
GC,0.0003494321674445819
GCA,-0.001038257373327243
GCDH,-0.0001914535603148077
GCG,0.0005076122029948816
GCH1,-2.339326236187124e-05
GCHFR,0.003175058902043717
GCK,0.001644335294548784
GCKR,-0.0001595020726368613
GCLM,0.002587166833025188
GCNT1,-2.517587080504385e-05
GCNT2,6.524755564639815e-05
GCNT4,0.0002917995593678292
GCSH,-0.0002134608513817146
GDA,0.002157544749827393
GDAP1L1,0.001668984462093584
GDF10,-4.824194582726146e-05
GDF11,-0.0006689896291405914
GDF11|MSTN,0.001842570359159737
GDF15,0.0112593010488728
GDF2,-0.0001705018787003717
GDF3,-0.0001105591344102406
GDF5,-0.0005187365534485708
GDF7,7.310775945221633e-05
GDF9,-0.001267088743438612
GDI1,0.002365885145522558
GDI2,0.003847938774866167
GDNF,-0.0001600214589043431
GDPD1,0.001112437533820564
GEM,0.0001301921602557155
GEMIN6,-0.0001752279540750798
GEMIN7,-0.0008253253729519915
GET3,-0.0006040002311346636
GFAP,0.003959455906915234
GFER,0.001757799319614402
GFPT2,0.0002628437398452875
GFRA1,0.001344385178350488
GFRA2,0.004150958189308867
GFRA3,-0.001193388544715108
GFRAL,-0.0001010700267209103
GGA1,0.004806278834338927
GGA3,0.0005100505904725588
GGCT,0.001079888345938219
GGH,0.0001567541611190688
GGPS1,-0.0003148873754537505
GGT2,0.002729379507161744
GGT5,0.001791282394308978
GH1,-0.0002817442548125646
GH2,-1.63193598443261e-05
GHDC,4.999799597322709e-05
GHR,-0.0007715179138703236
GHRH,0.0004838018189497925
GHRL,0.0008276955169145848
GID8,-0.0007380872193324659
GIMAP4,-0.0004664740814489419
GIMAP6,0.0001418001845971209
GIMAP7,-4.054448405232438e-05
GIMD1,-7.369500023867547e-05
GINS1,6.076119745665179e-05
GIP,3.672813298879593e-05
GIPC1,0.0016459730053182
GIPC2,-0.0005624578301910471
GJA1,-0.0002030096558453882
GJA8,-0.0001164200754945152
GJD2,0.0007366586798261722
GK5,-0.001063520132059439
GLA,-0.0007482760338338206
GLCE,0.001356997418756971
GLDN,0.001742869497215729
GLIPR1,0.000952690870402621
GLIPR2,0.002926645345798446
GLO1,0.003806173123661665
GLP1R,-6.761934676722169e-05
GLRX,0.0003976700631163587
GLRX2,0.001217644293653743
GLRX3,0.004655189907910506
GLRX5,0.0003065572405644862
GLS,0.0001083227932504745
GLT8D1,0.0005821322924897581
GLT8D2,0.0002715407210879259
GLTP,0.0001129280928010726
GLTPD2,0.0005712227840694492
GLUD1,0.001108398529793637
GLUL,0.004720697659929781
GLYAT,-0.0005686798451798706
GLYATL2,0.0003791911692771464
GM2A,0.001909068038803211
GMDS,0.0005017270408973561
GMEB2,-0.001138903747244555
GMFB,0.002682022859046469
GMFG,0.001598986578749314
GMNN,5.559161999321891e-05
GMPPA,2.424598407726167e-05
GMPR,-7.274154183894132e-05
GMPR2,-8.318363204694125e-05
GMPS,0.0001342703029716922
GNAI1,-0.0002117015435380541
GNAI3,0.0005224505149073724
GNAQ,0.0005728880897205772
GNAS,-0.0001494469135326362
GNAS|GNAS,-0.0004873002654647109
GNE,0.000230255685388954
GNG11,-3.468784822848771e-05
GNG12,-0.0009384810392725187
GNGT2,9.798063216698547e-05
GNLY,0.005410867871108084
GNMT,-0.0001250941716535098
GNPNAT1,0.001772596756764109
GNPTG,0.002281377200414215
GNRH1,4.263257649319618e-06
GNRH2,0.0005324297979569583
GNS,-0.002248613754207012
GOLGA7,-0.0002412664150501067
GOLM1,0.002110460673853345
GOLM2,0.002613985282996579
GOLPH3,-0.0005032163644960436
GOLPH3L,-0.0008553747608486503
GORAB,1.794670845870106e-05
GOSR1,0.0001435980230876373
GOT2,0.001768763717661555
GP1BA,0.0002368650537799859
GP1BB,1.767735175623664e-05
GP5,0.004299231495137216
GP6,0.001847649871268579
GPC1,0.002024444602052842
GPC2,0.000801713120530809
GPC3,-0.0005071747776409626
GPC4,0.0004732357428374945
GPC5,0.002157900207012627
GPC6,0.001862265991984735
GPCPD1,0.0009002929305602151
GPD1,-0.0006987528085139715
GPHA2,-5.038832311177899e-05
GPHN,0.002051934111818364
GPI,0.006446725905564746
GPN1,0.0003319584136359228
GPNMB,0.006508971703134859
GPR101,0.0001307435282092547
GPR107,-0.0002621700514248207
GPR135,0.0004961055081415344
GPR142,-7.721449909098662e-05
GPR26,-7.831431971475979e-05
GPR37,0.002786882032855469
GPR68,0.0003390409382505684
GPT,0.006710108065898278
GPT2,0.0004881538033094521
GPX1,-0.001005415542624472
GPX2,0.0002755750486326258
GPX3,0.0005620376927462872
GPX5,-3.805105631098503e-05
GPX7,-0.0001958467451955144
GRAMD1C,-0.0002547965690109393
GRAMD2B,8.125208285107772e-05
GRAP,5.390615513216811e-06
GRAP2,0.0001356965993053025
GRB10,-0.0002942833251219085
GRB14,0.004819946253274531
GRB2,0.003436249063863318
GRB7,-8.229503527276699e-05
GREM1,-0.0003534602091030185
GREM2,0.0001818862298456527
GRHPR,0.001310989011551591
GRIA4,0.003191009055149226
GRID1,0.000114385556691665
GRID2,0.0002205986568865562
GRIK2,0.0002099164558319074
GRIPAP1,-0.0009263211662595461
GRK2,-0.001042745659506795
GRK5,-0.0008294429698188168
GRM4,-0.0003346477382596194
GRN,0.003683992064798532
GRP,-0.0001416439654031315
GRPEL1,-0.0004049604577987438
GSC2,0.0004424849124311833
GSK3A,-0.0007698844763744457
GSK3B,-0.0008317224439341977
GSKIP,-7.985461925786964e-05
GSN,0.003799472064695066
GSPT2,-0.0005077170340322146
GSR,0.003895192225040137
GSS,0.003169417084552356
GSTA1,-0.0001973079476132703
GSTA2,-0.001947717260477656
GSTA3,0.0008368698569230836
GSTA4,8.780381204465241e-05
GSTK1,0.0007055752246523414
GSTM1,0.0003699539492341282
GSTM3,0.0001600724738624533
GSTM4,0.0003954780499403885
GSTM5,0.000103898202213692
GSTP1,0.006526253841744603
GSTT1,3.691786280218832e-05
GSTT2,6.45924178417345e-05
GSTT2B,9.183713189431498e-05
GSTZ1,-0.0002361530289064465
GTF2A2,-2.153644011854485e-05
GTF2B,-0.0001033265832467638
GTF2E1,-0.0001357192455617633
GTF2E2,-0.0006828782221938398
GTF2F2,-0.001007203826005538
GTF2I,-0.001095423458579314
GTPBP10,-0.0006335921580531836
GTSF1,3.711389422629652e-05
GUCA1A,5.944185414541702e-05
GUCA1B,0.0001349436250105084
GUCA2B,0.0004570978396176868
GUCD1,-0.0002126353652597351
GUK1,0.003949825704089564
GULP1,0.0002095787369311449
GUSB,-9.34626449506568e-05
GXYLT1,0.001080216267751236
GYG2,6.510478023886156e-05
GZMA,-0.00075642188741694
GZMB,-9.401347786008128e-05
GZMH,-0.0002590398855847531
GZMK,-0.0009072547101681105
GZMM,-0.0001228982515419273
H1-10,-0.0002749554039349188
H1-2,-0.001020707744725356
H2AC1,-0.001504560778322033
H2AC11,-0.001772144975594575
H2AW,-0.00122017874426928
H2AZ1,-0.0002430168354485525
H2BC12,-0.001528832164097345
H2BC21,-0.001537635472788134
H2BU1,-0.001556954567368067
H3C1,-0.0009701755813239045
H6PD,0.003539540695971957
HAAO,0.002542649682112652
HABP2,0.003607015435816435
HABP4,-2.606226674133942e-05
HACL1,-0.000566881711032211
HADH,-0.000719210971603438
HAGH,0.004141013019781876
HAGHL,0.002071841157278644
HAMP,0.004334088532094321
HAO1,0.0001583626121521577
HAPLN1,-0.0006578464230293127
HAPLN4,0.001851126957934595
HARS1,0.005384597877389488
HAT1,-0.0002672544865251436
HAUS1,9.20474018927656e-05
HAVCR1,-0.0001029189796051921
HAVCR2,0.003960230829459757
HAX1,0.001508427022874436
HBA1|HBB,0.005248260946465408
HBD,0.0001312667587488682
HBE1,0.0008615196248954874
HBEGF,0.0002147376736351236
HBG2,0.006191431078982239
HBQ1,0.004287706324380538
HBZ,0.0005200285034353287
HCAR2,-0.0003778350571905604
HCCS,-0.0002451534739688174
HCK,-0.0001443271555485727
HCLS1,0.004364789232711754
HCN1,0.0001781736984344409
HDAC2,-0.00050179705282848
HDAC4,-2.793966747018615e-05
HDAC6,-0.001007851374995159
HDAC8,-3.643099309976742e-05
HDGF,0.0002325364139804388
HDGFL1,-5.871999346749956e-05
HDGFL2,-0.0002107040590881985
HDGFL3,-0.0005286941498011423
HDHD2,0.002219304469583112
HDLBP,0.0003580814501635619
HEBP1,0.003648932105582216
HECTD3,0.0005219452812575827
HECW1,5.204764310041694e-05
HECW2,1.635345693747266e-05
HENMT1,0.002373788423983102
HEPACAM,-1.298533274527907e-05
HEPACAM2,0.00021430950156433
HEPH,-0.0009967000404304143
HEPHL1,-0.0001603525773595585
HERC1,0.001222556896087726
HERC4,9.384560710761809e-05
HERC5,0.0007719657838768388
HERPUD2,0.000233265952897269
HES1,5.738043879714306e-05
HES3,-0.0001220584017514186
HES5,0.0001779705377084065
HES6,4.160122817461197e-06
HEXA,0.0004940959474181547
HEXB,0.002559830794843541
HEXIM1,-0.0001812454228060315
HEXIM2,2.623916003691747e-05
HEY1,-0.0003335528723722326
HGD,-5.104445928757632e-06
HGF,0.002967187508802397
HGFAC,0.002494987718779835
HGS,0.00263467617108925
HHEX,-0.0006347213250673615
HHIP,0.00152128833900928
HHLA2,0.0001427023180333619
HHLA3,-3.17497568032343e-05
HIBADH,8.555389680997745e-05
HIBCH,0.001897851142874891
HID1,0.0006282341141936438
HIF1A,2.469859805556252e-05
HIF1AN,0.0007926431722824053
HIKESHI,-0.0002136145807512831
HINT1,-0.0004846810638312524
HINT2,-0.0002048274675873119
HIP1R,-7.331914258287009e-06
HIPK3,0.001009466632580224
HIRIP3,0.000261976148293422
HJV,0.005448965131129013
HK1,0.0006447728281181055
HK2,-0.0008680859412747004
HLA-C,0.003478897199017483
HLA-DQA2,0.002289662689251703
HLA-DRB3,0.003734407194399022
HLA-E,0.001315811828537554
HLA-G,0.00368756609755375
HLF,0.0007724415040215619
HMBS,0.003635040040997654
HMG20A,-0.0001211777072351603
HMG20B,-0.0001459082014959297
HMGA1,0.0005065363381054945
HMGA2,-0.0010144935663512
HMGB1,-0.001120017622328104
HMGB2,-0.001068545232797361
HMGB3,-0.0009311226494533855
HMGCL,-0.0007135579742078757
HMGCR,-9.801435492563715e-05
HMGCS1,0.003275362881910189
HMGCS2,6.500270922981531e-05
HMGN1,-0.0007155186882759032
HMGN3,0.0003540407731718833
HMOX1,0.004831197637855274
HMOX2,-0.001317637242259412
HMX2,0.0003970267950702021
HMX3,-0.0002708996573143072
HNF1A,2.972024848775347e-06
HNF4A,0.00476336290078581
HNMT,0.001855924933208817
HNRNPA0,0.0004578547162923756
HNRNPA1,0.004991155456569686
HNRNPA2B1,0.002554363333684038
HNRNPAB,-0.001001448213694194
HNRNPC,-0.0001134686676596298
HNRNPD,0.001188303476722249
HNRNPDL,0.003566287081792351
HNRNPF,0.002698240110351096
HNRNPH1,-0.0006451282420526638
HNRNPK,0.000275455718677635
HNRNPLL,-0.0002915549780983334
HNRNPM,0.000440510800514116
HNRNPR,0.0001842736451719178
HOGA1,0.0001209704960289708
HOMER1,0.0005708366331704846
HOMER2,0.0001265526537195029
HOMER3,-0.0003984245995063531
HOPX,0.002448857024492321
HORMAD2,0.0005953977249035596
HOXA11,0.0006721179248743252
HOXA5,-8.84300835135356e-05
HOXD4,0.000294842214025485
HPCAL1,0.001140485750714258
HPD,0.00309897505787031
HPGD,0.0008200795736324
HPGDS,-2.066938149533827e-05
HPRT1,0.004816284698409631
HPSE,-0.0002148854652034802
HPX,-0.0005711832350051921
HRAS,0.0009277939568614737
HRC,0.0002295730025262225
HRG,0.002837875741202988
HRK,-0.0001241075130271629
HS2ST1,0.0009506656398921496
HS3ST1,-0.0002070938080682203
HS3ST3A1,-0.0003383023121951052
HS3ST3B1,0.0001240818356808797
HS3ST4,0.000262252398449804
HS6ST1,0.004275256408989924
HS6ST2,-6.175677764039397e-05
HS6ST3,0.002905841554174313
HSCB,0.0001062604489487685
HSD11B1,0.0003809395904072962
HSD17B1,-0.0003631621122648661
HSD17B10,-0.001187423274383223
HSD17B11,-0.0002709676186151639
HSD17B14,-1.32886641175753e-05
HSD17B7,-0.0001928042090378723
HSD17B8,0.004613459166900885
HSDL2,0.003246593894738777
HSF1,-0.0003836078753546361
HSF2BP,0.001167895981559066
HSH2D,-0.0001819666454806921
HSP90AA1,0.005193409601139457
HSP90AB1,0.00437206740386488
HSP90B1,0.002159542139863492
HSPA1A,0.004234949681744488
HSPA1B,0.005301921876940837
HSPA2,0.003859638542541196
HSPA6,0.0005669219897350799
HSPA8,0.002407223341413452
HSPA9,0.0002741607595324895
HSPB1,0.0007146389303841411
HSPB3,0.0002747026100027607
HSPB6,0.01160409279309824
HSPBP1,0.0007281482212968982
HSPD1,0.003888875211961445
HSPG2,0.005534566557176094
HSPH1,1.721137716366971e-05
HTATIP2,-0.000334498797562166
HTN1,0.001194174048399749
HTR2A,-0.0001321589117931777
HTR6,-2.324508756577483e-05
HTR7,-0.0008824472822281644
HTRA1,0.001630721786189235
HTRA2,0.003455297772010238
HUS1,0.0009697942804272999
HYAL1,0.0002254716193510558
HYAL4,-0.0002578226769043781
HYKK,0.0004686693590522529
HYOU1,0.001614167533733631
HYPK,-0.0001884188011078255
IARS1,0.0003747567696995433
IBSP,0.00276990862362509
ICAM1,0.002960270425262212
ICAM2,0.001218906474321535
ICAM3,-0.00110402108358821
ICAM4,-0.0006416073637935464
ICAM5,0.003604008608371391
ICOSLG,0.001736588772479498
ID1,0.000484676891767849
ID2,-0.001166825397308831
IDE,-0.0009467375196695559
IDH1,0.001480682967272925
IDH3G,-0.0004881717609715548
IDI1,0.004292319035947852
IDI2,-0.0004366760559046474
IDO1,3.165586928075826e-05
IDS,0.0008569978392912228
IDUA,-0.001614523282060789
IER2,-0.001247833102994051
IER3,-0.001136030103537341
IFI16,0.0005377474747587552
IFIH1,0.0002952378306385791
IFIT2,0.0005176872317994121
IFIT3,-0.0007005985080442915
IFNA1,-8.119117891965095e-05
IFNA10,0.0004597151113326901
IFNA14,-0.0002093053811823436
IFNA16,5.701098072190998e-05
IFNA2,0.0002512967505856192
IFNA21,-2.991964653775519e-05
IFNA4,-0.001095789130096132
IFNA5,-9.556491608884851e-06
IFNA6,-0.0001161694780313279
IFNA7,-0.0001152305056102754
IFNA8,-0.0001351323580569377
IFNAR1,-0.00081851482393279
IFNB1,0.0004203732015701272
IFNE,0.0002701313277762265
IFNG,0.0002468806670561645
IFNGR1,0.001313122757653745
IFNGR2,0.0007917897659813845
IFNL1,-0.0001614224939532359
IFNL2,-0.0001934443255083439
IFNL3,5.784101639902735e-05
IFNL4,-0.0005728087016581528
IFNLR1,0.0002274307467060982
IFNW1,-8.442183581703186e-05
IFRD1,-0.0001107445939545764
IFT20,-0.0004583443445485059
IFT22,0.000466090840995059
IGBP1,0.001872888369384999
IGDCC3,-0.000245364062061011
IGDCC4,0.002794539178019056
IGF1,-0.001144197025991636
IGF1R,0.001854754752241914
IGF2,-0.0007939731089289517
IGF2R,0.002927381114325803
IGFALS,-0.001858324617078949
IGFBP1,0.004114047819711375
IGFBP2,0.003682273046648814
IGFBP3,0.0009280413067579998
IGFBP4,0.002167415101519893
IGFBP5,0.001788281221866687
IGFBP6,-0.0003662256897397979
IGFBP7,-0.0008046611402087602
IGFBPL1,0.000981052551089923
IGFL3,-0.0008720225104983934
IGFLR1,0.004681744054190005
IGHA1|IGHA2,0.003996418153061472
IGHD,-0.001883453287380992
IGHE,-0.0004344909082483904
IGHG1,-4.887740615715851e-05
IGHG2,0.0007568860795064911
IGHG4,0.0009798553993695459
IGHM,0.004576867417344537
IGKV1-5,0.0007556271963521482
IGLL1,-0.000117612913893365
IGLON5,0.00214331124255976
IGSF11,0.0007465333375794947
IGSF3,0.001485317029978832
IGSF8,0.002170322855105339
IGSF9B,8.226039981897284e-05
IHH,-0.0002701874837766636
IK,-2.604902791621228e-05
IKBKB,0.002610809562312625
IKBKG,-0.001007023824885986
IL10,0.000325341066440905
IL10RA,0.0002476815031746363
IL10RB,-0.0003483465467469766
IL11,-0.0007793370695962012
IL11RA,0.0009994019233957542
IL12A|EBI3,0.003918147963618332
IL12A|IL12B,-9.184502547947472e-05
IL12B,0.0002862698395005642
IL12B|IL23A,0.0003684591475281158
IL12RB1,-0.00122842188831072
IL12RB2,0.0008474831836237601
IL13,-0.0002930415880868712
IL13RA1,5.593765252313847e-07
IL15,-0.0001772130597871694
IL15RA,0.00395657169151582
IL16,0.004917089164648568
IL17A,-0.0002348074106246254
IL17A|IL17F,7.545124034226018e-05
IL17B,0.002633183686615764
IL17C,0.0002357937515016292
IL17D,0.001177694951193688
IL17F,-0.0002011911314433919
IL17RA,0.003026183300597338
IL17RB,-0.0009447736124796981
IL17RC,0.001285362632847344
IL17RD,0.0006871401426363571
IL17RE,-8.143194044298685e-05
IL18,-6.001869204708786e-05
IL18BP,0.00384353352991127
IL18R1,0.001609475625769808
IL18RAP,0.001219852299098508
IL19,0.001087774787672085
IL1A,0.0002229727569406432
IL1B,-0.00117908437246918
IL1F10,4.750952172235079e-05
IL1R1,0.003989436142388119
IL1R2,0.001649693919172472
IL1RAP,0.002919316627268546
IL1RAPL1,0.0005732512044744446
IL1RAPL2,-4.517455352949865e-05
IL1RL1,0.003153140177265062
IL1RL2,-0.0002130472900143241
IL2,0.0001193955385181209
IL20,-7.617549533905716e-06
IL20RA,-0.0008483564121538112
IL20RB,0.0008640807514119432
IL21,6.994965302190117e-05
IL21R,-0.001135161945124643
IL22,-0.001082273289005745
IL22RA1,-0.0009879317231515986
IL22RA2,-0.0002249171679043849
IL23R,-2.379395844514177e-05
IL24,-8.471767336382554e-05
IL25,-8.614936301802876e-05
IL27RA,0.00202464852243243
IL27|EBI3,-0.000798452733158654
IL2RA,8.961014317657146e-05
IL2RB,0.0009310904614059936
IL2RG,-0.001029204033138349
IL3,-0.0009033062094432308
IL31,-7.091535924129808e-05
IL31RA,1.400774688099312e-05
IL32,0.0002225314975344974
IL34,-0.0002278264059155334
IL36A,0.0006918942635738296
IL36B,-0.0002039125766861282
IL36G,0.0007298545661813294
IL36RN,-0.000635493170685061
IL37,-0.0002148777646462965
IL3RA,0.0007002886304882292
IL4,-0.0002596056676830455
IL4I1,0.0002555791447720591
IL4R,-0.000109279689981246
IL5,-0.0004139790091639058
IL5RA,0.00039552867707306
IL6,-0.00129099155212527
IL6R,0.002398626797781729
IL6ST,0.001955913845098284
IL6|IL6R,-0.0001594275929947559
IL7,0.000337090529538347
IL7R,-0.0002220564416387991
IL9,0.0008394850184521865
ILF2,0.0003748071163625644
ILF3,-0.0003657056397200341
ILK,-0.0006333489977089344
ILKAP,0.0003578794591675942
IMMP2L,0.0004041822602344365
IMPA1,0.0002744627022563017
IMPA2,0.000292065736466287
IMPACT,0.000359835210034981
IMPDH1,-0.0009642026927660891
IMPDH2,0.0007050031869777018
INA,0.000661644626257502
ING1,0.0002306444919229331
ING4,-0.0002473812646741655
INHA,0.001843275090008091
INHA|INHBA,0.0001027011168394069
INHBA,0.01121684008952095
INHBA|INHBB,0.006103022210571851
INHBA|INHBC,0.003558150000443567
INHBB,0.004512527235269412
INHBC,0.0006490334060256417
INIP,-0.0002342857584904237
INO80E,0.0002419275650756672
INPP4A,0.0003115264171245896
INPP4B,-0.0005010677291616813
INPP5A,-0.0008280329264068991
INPP5B,-0.0008169253553113373
INPP5D,-0.0001304722137113534
INPP5E,-0.0001742663497966293
INPP5F,0.0005540578376733244
INS,-1.348596217092177e-05
INSIG1,1.422083220459013e-05
INSL3,-0.0006984391611763574
INSL4,0.0003567949013258815
INSL5,0.0001606173233443123
INSL6,-0.0001086833107131552
INSR,0.001201588034954651
INSRR,0.001196873333277911
INTS3,9.801600708222255e-05
IP6K1,-2.139920428600698e-05
IP6K2,0.0002648504566332517
IQCD,0.0001789997268070638
IQCF1,-7.885356513229e-05
IQCF3,-4.450270605015656e-05
IRAG1,0.0003753618457941278
IRAG2,-0.0002226509911319252
IRAK4,-4.583359190623164e-05
IRF1,0.0003287711550583399
IRF2,-0.0006824054804984051
IRF3,0.003164578634536955
IRF4,-0.0001137877390438082
IRF5,-0.0003167986354366632
IRF6,0.001894436588907033
IRF8,-0.0001074297311192832
IRF9,-0.0001936903368221183
ISCU,-0.0001446061562490061
ISG15,0.003279261805519467
ISL1,1.734894511457349e-05
ISLR2,0.004264948436646747
ISM1,0.0006501020123832468
ISOC1,0.0008190112069175211
IST1,-0.0009197656545386868
ITCH,0.0002709984093354921
ITGA11,2.24658579069585e-05
ITGA11|ITGB1,-1.416559970923668e-05
ITGA1|ITGB1,0.007153050785722935
ITGA2,0.0001314360554590772
ITGA2B|ITGB3,-0.0008836395787539767
ITGA2|ITGB1,-9.385345815890486e-05
ITGA3|ITGB1,1.443104738426468e-05
ITGA4|ITGB1,-9.225152136944681e-05
ITGA5,-0.0001488667535236068
ITGA5|ITGB1,-0.0002229378256453711
ITGA6,0.0001199683619109896
ITGAL,-0.0002018316328940686
ITGAL|ITGB2,-0.0001122862177255156
ITGAM,-0.0002021611393552739
ITGAV|ITGB1,0.0004018093010220446
ITGAV|ITGB3,0.001827082459599569
ITGAV|ITGB5,0.00309012071677371
ITGAV|ITGB6,-0.0001344393783702794
ITGAV|ITGB8,-0.0001007200129230687
ITGB1BP2,0.0003945811766400575
ITGB2,0.0008003522960452367
ITGB5,-0.0001536210111224619
ITGB6,-0.00013925973646855
ITGB7,0.0006401228944376639
ITIH1,0.003255240983807283
ITIH2,0.00186314633817955
ITIH3,0.007310837771590463
ITIH4,0.004315661598318464
ITIH5,0.002037758494048068
ITLN1,0.0001489693007753364
ITM2A,-5.16012782505324e-05
ITM2B,0.002205342186788862
ITM2C,-0.000247663411395606
ITPA,0.002516290463169031
ITPK1,0.004028261893651888
ITPKA,-0.0001855072717077392
ITPKC,0.0002936409610630122
ITPRIPL1,0.0005069861391522514
ITSN1,0.0009677008262531455
IVD,-0.0005566236030553418
IZUMO1,0.0002632731021516638
IZUMO4,0.002534160339831363
JAG1,0.002421764175113322
JAG2,-0.0003240668595928831
JAK2,-0.0003992184386217058
JAKMIP3,-0.0003646226037671043
JAM2,0.001780694324415834
JAM3,0.001840706326291534
JAML,0.007505159723399755
JARID2,0.0002948946012456214
JCHAIN,-1.385381581648486e-05
JDP2,0.0004746968633287639
JMJD6,0.0009544786145877972
JOSD1,-0.0001581185192052118
JPH1,-4.532929206923276e-05
JPH3,-1.172875036163236e-05
JPH4,-0.0001934036989835094
JPT1,0.002620735832561393
JPT2,-0.0005917960901469654
JTB,0.003193905147197647
JUN,-8.480388565825914e-05
JUND,0.0004495866071984811
JUP,0.000794466896484556
KAAG1,-0.0002701975248474146
KARS1,0.001654561595896031
KAT2A,0.0005317306494156032
KAT2B,-0.0001186161991732948
KAT5,-9.053383348589586e-05
KATNAL1,-0.0005745052098935656
KAZALD1,0.002522830835347678
KBTBD11,0.001622497834982027
KCNA10,4.717967307880864e-05
KCNAB2,1.692268368853346e-05
KCNAB3,0.0001201770585489147
KCNE3,0.0003718986842750594
KCNE5,0.01003374373525494
KCNF1,-0.0001996501706897584
KCNG4,-8.632183901824684e-05
KCNIP1,-0.0007757171941072481
KCNIP3,0.0002616197534325446
KCNMB3,0.00189676346284608
KCNN1,-0.0002331388240868158
KCNRG,-0.0001770283311514507
KCTD1,-0.0001280976782217604
KCTD10,-0.0001521270462900786
KCTD15,-0.0002439905524670162
KCTD17,0.0004826638032698451
KCTD2,0.00174379983813431
KCTD3,-0.0009661924430829125
KCTD4,5.148196221234579e-05
KCTD5,3.974868192677568e-05
KCTD6,0.0003943603036118387
KCTD7,0.0009338637167208312
KDF1,0.0007224082904035647
KDM1A,0.0002114768424787496
KDM4C,-0.0009387693881940362
KDM8,-0.0008676746617963874
KDR,0.003234023676058419
KDSR,-0.000738666124521953
KEAP1,0.0004242449008027886
KEL,-0.0002337779797155059
KERA,0.001638730254584118
KHDC1L,0.0002408657107957825
KHDRBS2,-0.0005163669721637898
KHK,-0.0008914460809121023
KHSRP,0.001173297695672952
KIAA0040,0.0004438223667488732
KIAA0319L,0.000759474901785789
KIAA1143,-8.824126480926372e-05
KIAA1549L,0.002361348902825171
KIAA2013,-0.001098394832894101
KIF16B,-0.0001154175637034011
KIF1C,-0.0001154645500433158
KIF22,-0.0009020988803823664
KIF23,7.117750788611362e-06
KIF3A,0.001481053644659318
KIF3B,-0.0001499365741330415
KIF3C,-0.0006980160191921572
KIFBP,-0.0002556860916976608
KIN,-0.001054195838714601
KIR2DL1,-5.208856680842298e-05
KIR2DL2,-0.0006525647975979177
KIR2DL3,0.0005023864111578186
KIR2DL4,-0.0001446354672408834
KIR2DL5A,0.0004379506578813754
KIR2DS2,0.001876036736223313
KIR2DS4,-7.100853851122858e-05
KIR3DL1,0.002463773966496551
KIR3DL2,-0.0001897161318526893
KIR3DL3,0.0007152845853733742
KIR3DS1,-0.0001834112103643973
KIRREL1,0.000408553626232622
KIRREL2,-0.000206266945913949
KIRREL3,0.002065362198505318
KIT,0.001378121457145085
KITLG,0.003399860843810948
KL,-0.002609642374316872
KLB,0.0006475331971342486
KLC1,7.837689180835046e-05
KLC3,-0.000120380355264522
KLF4,-0.0002273897860569609
KLF9,0.001174700974585287
KLHL12,2.050768065200012e-05
KLHL13,-0.0002366052621615863
KLHL14,3.630720310145983e-05
KLHL2,0.00144172359844961
KLHL3,-0.0001517876558634533
KLHL40,-0.0002094087286345265
KLHL41,-0.001148270870459288
KLHL7,-0.0006601145536990991
KLK10,0.003187531411848524
KLK11,-0.002381825218917678
KLK13,0.0001615723287546991
KLK14,0.0002874122227831296
KLK15,0.0005044197667269463
KLK3,-0.0008725065062955522
KLK4,-0.0001719731186574119
KLK5,-0.0001514370031509052
KLK6,0.0008171194550567701
KLK8,0.0005297387415965696
KLK9,-0.0002016779268234056
KLKB1,0.0009108969209925879
KLRB1,-0.000722050195550925
KLRC1,-0.0001617548596150762
KLRC3,0.001649671911041256
KLRC4,-2.510516995725555e-05
KLRF1,-0.0002317570465285707
KLRG2,-0.0008736959938392255
KLRK1,-0.0008158366298478595
KMO,0.0001823684913990578
KMT2C,0.0005038184261244623
KMT2D,-0.001062379224503283
KMT5C,7.282178824366221e-05
KNG1,-0.0003563072579429446
KPNA1,9.791474448287769e-05
KPNA2,-0.0008178191915861695
KPNA4,-0.0001245017147907566
KPNA5,0.0006644614830349085
KPNA6,0.0004175563925868044
KPNB1,0.0003805550867466734
KRAS,-0.0001694160715279127
KREMEN1,0.0023798224360635
KREMEN2,-0.001231691103281096
KRT16,0.000411551453881066
KRT17,0.0006473487453387917
KRT18,0.001929781390723515
KRT19,0.001172730037512592
KRT20,0.001100348898857527
KRT34,0.002148984737951004
KRT5,-0.001050970254384475
KRT6A,0.0005724584217016924
KRT7,-0.0004938471885540406
KRT71,0.0007456342900473496
KRT72,-0.0002333197080049802
KRTAP2-4,0.00120848268154374
KRTDAP,-0.0001359144357365253
KTI12,-0.0002194429317681985
KXD1,-0.0001547178721892983
KYAT1,0.0003735229934743895
KYAT3,0.0008193320649192251
KYNU,-0.0001499436394821331
L1CAM,0.001219608656380278
L3HYPDH,0.002864326537016796
L3MBTL2,-0.0001122139411030839
LACC1,2.868297473915363e-05
LACTB2,0.00445003592137976
LAD1,-0.0001197466638149978
LAG3,0.001326135001800232
LAIR1,-0.0001252035317328186
LAIR2,-4.745137027177712e-05
LAMA2|LAMB1|LAMC1,0.002283993316480839
LAMA3,0.0003926657076127939
LAMA4,0.0001239392119352382
LAMC2,0.00195054808206226
LAMP1,-0.0004466937644286992
LAMTOR3,0.00123952867894055
LANCL1,0.0003557529275551024
LANCL2,0.001706625566279094
LAP3,0.00298306919848844
LARGE1,0.001717984959671585
LAS2,-0.0003219314578293673
LASP1,0.004624270242997883
LAT,-0.0006756769729202264
LAT2,4.146522599654049e-05
LAYN,0.002872368919922706
LBP,0.006738382514936166
LCAT,-0.0006895564223442229
LCE3B,-0.0001838138657260386
LCE3C,0.0005494243967987635
LCK,-0.001098970912897721
LCMT1,-0.0001606905140005538
LCN1,-0.0005742811509629903
LCN10,-0.0009473111054197034
LCN2,0.007458867496156569
LCN8,0.0002205340096767679
LCNL1,-4.169875744860942e-05
LCORL,-0.0002377958600004146
LCP1,0.003662195674339109
LCT,0.0007314896083599316
LCTL,-3.420873708935403e-05
LDB1,-1.056199301495909e-05
LDB2,-0.0001161985955695805
LDHA,0.007038262521598646
LDHB,0.001732509661879305
LDHC,-0.000108047698753698
LDLR,-3.716921170298968e-05
LDLRAD3,0.0002587490097864344
LDLRAD4,-0.0006378835150133166
LDLRAP1,-6.745606120101474e-05
LDOC1,-0.0001178307796048752
LEAP2,0.002963291303916938
LECT2,-0.0009630026903150177
LEFTY2,0.008304012413873522
LEMD1,0.0002246734438398792
LEP,-0.002292125762603842
LEPR,0.002523270477509844
LETMD1,-0.0002422323648535712
LGALS1,0.0004537734811956268
LGALS13,-0.0001649051495005095
LGALS2,-0.0002463565514971614
LGALS3,0.002579083699068509
LGALS4,-0.001107246273777838
LGALS7,-0.0007848992677288838
LGALS8,0.0001625474384225035
LGALS9,0.0008954831406485454
LGALSL,0.0009256823275513733
LGI3,0.0001103310480448824
LGMN,-0.004162511392599263
LGR4,-4.51708463888369e-05
LGR5,-0.0001123653265485694
LGSN,0.0003130201981048154
LHB,3.295043217093356e-06
LHCGR,6.430058175092302e-06
LIF,-0.001174135285313115
LIFR,0.0008879063127466214
LILRA1,0.00465800108824752
LILRA2,0.00355283648918704
LILRA3,0.005064262280920367
LILRA4,0.0009326010546555902
LILRA5,0.002121972225423295
LILRA6,0.0003077561408573593
LILRB1,0.004117773268983506
LILRB2,0.003771352831649681
LILRB3,-0.0008053568375162122
LILRB4,-0.001257943806209254
LILRB5,0.002309589146703685
LIMA1,0.0003633413797414992
LIMD1,0.003029042140558944
LIMD2,-0.0009676459526581218
LIMK1,0.001845720435946577
LIN28B,-0.0004464036670027453
LIN7A,0.001476032720567006
LIN7B,0.00195839534886078
LIN7C,-4.299225307354226e-05
LINGO1,0.001136560597228244
LINGO3,-0.001177800359611526
LIPG,0.003140265394503706
LIPK,-0.0001582647146622536
LIPN,0.0003523396544041105
LMAN1,0.0005966014757813274
LMAN2,0.001433527513416758
LMAN2L,0.001970087073148643
LMNB1,-0.0003015436913408208
LMNB2,0.002025064904817773
LMO3,-7.375550224947146e-05
LMO4,0.002462130741823189
LMOD1,0.000628653598363815
LNPK,-6.356168614513558e-05
LNX1,-0.0001910708596784564
LONP1,-0.000152077390414189
LOXL2,-0.0001510955046756273
LOXL3,0.002187013334574701
LPCAT2,-6.877239231401733e-05
LPIN1,-9.483710630471389e-05
LPL,0.003967614215650531
LPO,-8.4751143668878e-06
LRATD1,0.0006759869032544646
LRATD2,0.001246503085605418
LRCH4,0.0002658522240915758
LRFN1,-5.742902586051705e-05
LRFN2,0.0001287618084188083
LRFN3,-0.0007731884724425664
LRFN4,0.001602820159572975
LRFN5,0.0002915650346792247
LRIG1,0.001324290514102929
LRIG3,0.0009868125938635153
LRIT2,-6.414229539808542e-05
LRIT3,-0.0001073763409163847
LRP1,-0.0008069095305683001
LRP10,0.003843285845983549
LRP11,0.003043071481065892
LRP12,0.002670706032952683
LRP1B,-0.000523318612636975
LRP2,0.0007731267171317439
LRP2BP,0.0007632043897959061
LRP4,0.001047146993468687
LRP5,-0.0001757794363121115
LRP6,0.0006859464605159872
LRP8,0.001210411053177764
LRPAP1,-0.000580629213207987
LRRC15,0.004898855199104594
LRRC20,0.0001955426408003923
LRRC24,-0.0003162038153786616
LRRC25,-0.0001056137226562089
LRRC3,-0.0001583844649200633
LRRC32,0.001356456673944267
LRRC37A2,-0.000143094972537625
LRRC3B,0.0009435926220521201
LRRC4,0.002641199317252858
LRRC4B,-0.0001271862058737865
LRRC4C,0.002200544544717467
LRRC52,0.0005246629305137999
LRRC59,-0.0009334145657724683
LRRC74A,6.60320769282141e-05
LRRC75A,0.000112772676754452
LRRFIP2,0.004193190667248691
LRRK2,0.0007710859373861556
LRRN1,-0.0004757354036727137
LRRTM1,0.0006092775842986728
LRRTM2,0.003371337160327556
LRRTM3,-1.134188950691868e-05
LRRTM4,0.0001770563494024046
LRSAM1,7.831962129883643e-05
LRTM1,0.001925136090783232
LRTM2,0.002725220004713374
LSAMP,0.001235120678011352
LSM1,8.05288556599885e-07
LSM12,-0.0001452435935649866
LSM3,-0.0002670110449694548
LSM4,-0.0008851607661371354
LSMEM1,-8.397090623429136e-05
LSP1,-0.0006555551074111328
LST1,0.001733252022097397
LTA,-0.0001121536589894429
LTA4H,-0.0007606827287879324
LTA|LTB,-0.000558920566773877
LTB4R,0.000610186204322511
LTBP4,0.003061099613995241
LTF,0.003381438378763619
LTK,-0.0008824247208380938
LTO1,-0.0007935976025898325
LUM,0.00245904138578792
LXN,-0.0001387296085131962
LY6D,-0.0001444346766278405
LY6G6C,0.002188199829847054
LY6G6D,-3.001393709412205e-05
LY75,0.002153393279708492
LY86,0.004608792620414429
LY9,0.0002707474062272724
LYG1,-8.543076099195219e-05
LYG2,0.0001002476253068161
LYN,-0.001517936689068892
LYPD1,0.0002257096808785085
LYPD3,0.0002267248018546019
LYPD8,-7.624267979739027e-05
LYPLAL1,-9.628730164044207e-05
LYRM1,0.001101082558805572
LYSMD3,-0.0001165608773899864
LYSMD4,-0.00016356417086915
LYZ,0.005238546273708069
LYZL2,-0.0001192080747712655
LZIC,0.0006016207895550409
LZTFL1,-0.001307654853758685
M1AP,-0.0003664859628189365
MACO1,0.0001219600796034667
MACROD1,-0.0004110692275301073
MACROD2,0.0002869228068663425
MACROH2A1,-5.801412096324753e-05
MAD1L1,-0.000750999839977525
MAD2L1,0.0007702686010264691
MAD2L1BP,0.0003902691209591822
MADCAM1,0.0004860721305637418
MAEA,0.0001929251659405521
MAFG,-0.0007918375335430211
MAG,0.0004935757957669754
MAGEA10,0.0003614753031938755
MAGEA3,0.001587460515789748
MAGEA4,-0.0007847251948283448
MAGEA5,-0.0009625898848737691
MAGEA6,0.001627969077698095
MAGEA8,0.001534185478048743
MAGEB10,0.0002378305279834067
MAGED1,0.0003200087817122645
MAGI2,0.003005672043894476
MAGIX,0.0001082848318959679
MAGOH,0.00133064375216503
MAGOHB,-0.0005448731426875694
MALT1,-4.820871318187861e-05
MAMDC2,-0.0001469845935362848
MAN1A2,0.002245196742794258
MAN1B1,0.001136915931699006
MAN1C1,0.00390455400949489
MAN2B2,0.0002919569195582478
MANBA,-0.0006443495650703958
MANEA,0.002119305269779452
MANF,0.001902699481319035
MANSC1,0.003456593672920626
MANSC4,0.001437032188964874
MAP1LC3A,0.004580280686544412
MAP1LC3B,0.004190038420202241
MAP1LC3B2,0.002044993766179353
MAP2K1,0.00118145200859873
MAP2K2,-0.0003486582504768216
MAP2K3,0.0001482371041119442
MAP2K4,0.001601110280352328
MAP2K5,-0.0008347110153611336
MAP2K6,0.0002443703024302088
MAP3K10,0.000102247029162769
MAP3K11,-0.0003448138267481555
MAP3K3,-0.0008582205442542227
MAP3K7|TAB1,-0.00074176860280956
MAP4K1,0.001555198847024235
MAP4K3,-0.0002405756348753591
MAP4K5,-9.679049802994174e-05
MAP6D1,4.599082352618947e-06
MAPK1,0.0005738794502946952
MAPK10,0.002408873225072282
MAPK11,0.0005235100040694748
MAPK12,-3.640343805302938e-05
MAPK13,-0.001072783509345801
MAPK14,0.001488076579321571
MAPK3,0.001399048445640321
MAPK6,0.002563658494269613
MAPK8,0.0004129834093606794
MAPK9,-0.0005878636592212967
MAPKAPK2,0.0001642442191899095
MAPKAPK3,0.0002733662435094627
MAPKAPK5,0.0003661631822379223
MAPRE1,0.00651393399353042
MAPRE2,-0.0003044668507706363
MAPRE3,0.003240919784801918
MAPT,-0.0001436041861433386
MARCKSL1,0.003391457505066794
MARCO,0.002745240576654609
MARK3,0.0005905429572132478
MARS1,-0.0007886725974705238
MARVELD2,0.0002709089134632723
MASP1,-0.001056646886527977
MAST4,0.001207605785599821
MAT1A,-0.0003376446088132501
MAT2B,0.001702084078650493
MATK,-0.0002909574954325483
MATN2,0.001491445951182492
MATN3,-0.001256629496165226
MATN4,8.32915199709085e-05
MAX,-0.0006740726675465328
MAZ,-0.0002180808449788203
MB,0.004947364266051724
MB21D2,-0.0003567445147912138
MBD1,-9.699924642089787e-05
MBD4,-0.00114524342795809
MBL2,-0.0005414501068979783
MBLAC2,0.000628228294241881
MBNL1,0.001418055048899898
MBNL2,0.0003694844703809011
MBTPS1,-0.0001293986261354947
MCAM,0.0008338738895911602
MCCD1,0.0004200137210970178
MCEE,0.0008840258164410197
MCEMP1,-0.0007662311650436058
MCF2L,0.0003537863833903993
MCL1,0.001197587246619547
MCM6,8.767245753433457e-05
MCTS1,0.0003060346936280289
MDGA1,0.002252572509253438
MDGA2,0.00297175560587348
MDH1,0.002744165397018048
MDH2,0.002501967202981118
MDK,0.002224420806574431
MDM1,0.001188178535287815
MDM2,-0.0002721597076141354
MDM4,0.0001932107276016759
MDP1,0.004230935883277687
ME1,0.003479960554609631
ME2,0.001566643229504565
MECP2,-0.0001952117582680856
MED1,-0.0002653427113980965
MED10,0.001685254334918778
MED11,0.0004800945819536979
MED20,-0.0003692607004260515
MED28,-0.001093487159123898
MED4,-0.0001183446874675209
MEF2C,-0.0002060206609853709
MEF2D,0.0001437151317334823
MEGF10,0.0002793457613740833
MEIG1,-0.0002257383140696681
MEIS2,8.43657955624912e-05
MEMO1,0.0008096537673258368
MEN1,-0.0001263981309540306
MENT,0.0005889234506608445
MEOX1,0.0001191469079661548
MEOX2,-0.0001358440218964403
MEP1A,0.0007601964801877103
MEPE,-0.0001007722648802915
MERTK,0.001680873916816102
MESD,0.003026334886304714
MET,0.002802110416621824
METAP1,-0.001155130125500926
METAP1D,-0.0005314889994747497
METAP2,0.003570915154693678
METRNL,0.001502848505268242
METTL1,8.417767847285421e-05
METTL21C,-7.676820443571697e-06
METTL24,0.002811269769658036
METTL26,-0.0001647688389503188
METTL2B,-0.000125996618204919
METTL3,-0.0001539288110259618
MFAP1,-0.0001978407605322447
MFAP2,0.002474003591969229
MFAP3,0.0002745279248148467
MFAP3L,-0.0007160689530039421
MFAP5,0.0008732804537306893
MFGE8,0.0006656453308768593
MFN1,-0.0001474148744277729
MFNG,0.002592955614020651
MFRP,-8.875720450059562e-05
MGA,1.661439680264051e-05
MGAT1,0.000720597359860131
MGAT2,0.00364017927373964
MGAT3,0.0002674521670260079
MGAT4A,0.0003969564068602272
MGAT4B,0.000902127165805639
MGAT4C,0.000959082973255249
MGAT5,0.003542158413375941
MGMT,0.001646576196984431
MGP,0.008510805078449458
MIA,0.0012744913147798
MICA,0.001250435619168497
MICAL1,4.453249204166957e-05
MICALL1,-0.0005879379777300904
MICALL2,0.0002958729316591098
MICB,0.0005589559925827921
MICOS10,-0.0002397498332873926
MICU2,-0.0005131721212147094
MICU3,-1.549500344067871e-05
MID2,-3.51712322122652e-05
MIEF1,-0.0008097406178647424
MIF,0.01006319688058581
MILR1,0.0006563811061409276
MINAR1,-0.0001656465553736945
MINPP1,0.001959750808050518
MIOX,0.0001979375731755967
MITD1,-0.0003040577412247114
MITF,2.019691013969769e-05
MKNK1,-0.0005968964992535569
MKX,-0.0001355128738737397
MLANA,-0.0006034576884715668
MLEC,0.003142809257926687
MLF1,-0.0002253646945052795
MLIP,-9.162987116335859e-05
MLN,0.0003886825378502523
MLX,-0.0002314295786060687
MLYCD,-0.0001692880424940631
MMAB,-4.539716016063306e-06
MMACHC,-0.0001139697370642021
MMADHC,-0.0006928882073190866
MME,-0.00032381023857976
MMEL1,-0.00079787704135315
MMGT1,-9.608669536255344e-05
MMP1,0.0004347662558233782
MMP10,0.001557168854099603
MMP12,0.003871692228149325
MMP13,0.0003580684441771384
MMP14,0.001192555295025837
MMP16,0.0006881525609504057
MMP17,-0.001111454310221476
MMP19,0.007046636820016327
MMP2,0.00151327458916636
MMP20,-0.0009114323807426198
MMP3,-0.0003494072085229678
MMP7,0.005069558505193884
MMP8,0.001225328210560851
MMP9,0.003823998914605123
MMRN2,-0.0006833553115692039
MNAT1,-3.52636480110335e-05
MNDA,0.00200214790603474
MNX1,1.039632348529327e-05
MOB1A,-0.0009019294352454431
MOB1B,0.003180908376759558
MOB3B,-0.000424241191871283
MOB4,0.001805872855448101
MOCOS,-6.073174190505277e-05
MOCS3,-0.0003240403398768238
MOG,0.0002432329467208623
MORF4L1,-0.000981993813089398
MORF4L2,0.002427739587339077
MOSPD1,-0.0001383213274227343
MPC1,0.0002482901780768105
MPDZ,0.0001775876600671325
MPG,-0.0008829741907218658
MPI,0.0008333597293794545
MPIG6B,0.0007327363312148474
MPL,-0.000187418809050655
MPO,0.0005480919819723178
MPP2,-0.0001681611097301108
MPP5,0.0002667559134515722
MPP6,-0.0008263061460283102
MPP7,0.001586413045576347
MPPED2,0.0001218512331548118
MPST,0.000200605632931865
MPZ,0.001638061926897366
MPZL1,0.001211896715030597
MPZL2,-0.0007435283757401668
MRAP,-8.698292361844511e-05
MRAP2,0.001014708716463042
MRAS,-0.001140506291565766
MRC1,0.00517837388474847
MRC2,0.001563542996811125
MRE11,-0.0001442517434778399
MREG,-0.0002509397954153224
MRFAP1L1,-8.91562715579049e-05
MRI1,0.0009210415616833279
MRM1,0.000534537991070302
MRM2,0.000246411779363128
MRPL1,-0.001258645940094976
MRPL10,5.625723012962042e-06
MRPL12,0.0003021997592294861
MRPL14,0.000571099121024687
MRPL2,5.257611408543556e-05
MRPL21,0.000393145976076805
MRPL28,7.538270615307086e-05
MRPL32,-0.0001609200273327721
MRPL33,0.0002245993890435286
MRPL34,-0.0001543216800376016
MRPL38,-0.0008911057957032431
MRPL52,-4.650312087966667e-05
MRPL55,0.0001772060605824117
MRPL58,0.002156238133683363
MRPS14,-0.000736598504977828
MRRF,-0.0001364484657786357
MRTO4,-0.0003846768890430119
MSANTD2,0.0001153375389433951
MSC,0.001968054873900507
MSH2,0.000142022611444202
MSI2,-0.0001253221931878721
MSLN,0.0001308095695868788
MSMB,0.003999753725130012
MSMP,0.009918178892472356
MSN,-0.0003338967708834763
MSR1,0.0007561087378570053
MSRA,0.0005060646326901769
MSRB1,0.0001444848714338206
MSRB2,-2.699921436772511e-05
MSRB3,-0.0002043740930736439
MST1,0.001538744401724827
MST1R,-0.0003402149517729274
MSTN,-0.0003452434770168031
MSX2,3.950250175345126e-05
MTAP,0.001432742910815678
MTCP1,0.0002526759733188363
MTFR1,-0.0001588213681809187
MTHFD1,0.0002898528138981561
MTHFD2,-0.0009825257682288771
MTHFD2L,0.0001062989977809215
MTHFS,-7.610453990155334e-05
MTHFSD,-0.000317240961249043
MTIF3,-0.0007652720929745148
MTMR1,-4.093848656752724e-05
MTMR6,3.556230025728266e-06
MTMR7,0.001798362733065635
MTPAP,-2.35977112732169e-05
MTRF1L,-0.0001256381336072096
MTSS2,8.181010214093365e-05
MTUS2,6.550240708914598e-06
MTX2,8.633500998681452e-05
MUC1,0.001552614352280939
MUC16,0.0004194952683059804
MUCL1,-6.439571317910588e-05
MUL1,0.0001713713243200314
MUSK,0.0002967020393190327
MUSTN1,0.004797776255276782
MUTYH,7.082585422814423e-05
MVB12B,0.003270912709458883
MVD,-0.0001825525845859223
MVK,-0.0001293639975772924
MVP,-0.0008406445629234661
MX1,-0.0007305114509947612
MXI1,-3.457998609324979e-05
MXRA7,0.002094137990390117
MXRA8,0.004320417444341406
MYB,-2.510326696236704e-05
MYBPC1,-0.0001037739246464323
MYBPC2,-1.226502663102976e-05
MYBPC3,2.330741332712484e-05
MYBPH,7.79983852199352e-05
MYC,0.0001723722134180872
MYCBP,-0.0004384353586959277
MYCT1,-7.494520785163272e-05
MYDGF,0.0006840235057950964
MYG1,-0.0005249251755964193
MYL12A,0.003430057954801071
MYL12B,0.0007051597569898991
MYL3,0.000628658112281425
MYL4,0.00362176752576601
MYL5,0.0002125245193035057
MYL6,0.003772114443053452
MYL6B,0.0005892997015982087
MYL9,0.008045881925606636
MYLPF,0.0004022316394623583
MYNN,0.0001575383373236939
MYO6,-0.0003810319970715084
MYOC,0.004611500566576505
MYOM2,0.0006990317116643308
MYOM3,0.0002373176592822528
MYORG,0.0003247761247694533
MYRF,4.512023655853477e-05
MYSM1,0.0002951975049288156
MYZAP,0.001144297289411227
MZB1,0.001674304109506021
MZF1,-0.0002995557597363278
MZT2A,-8.226172516183639e-05
N4BP2L2,0.002025796537221187
N6AMT1,-0.0005366687417208731
NAA10,-0.0007561499274583614
NAA20,-3.662188140981795e-05
NAA50,3.424264318102624e-05
NAA80,5.758058577745023e-05
NAAA,-0.001211139224594792
NAALAD2,0.0007489091165982323
NAALADL1,0.001178591660269386
NAB1,-0.001022165658338433
NAB2,1.901133462979789e-05
NABP1,-0.001101490832203099
NACA,-0.001079625043188352
NADK,-0.0003438049520114116
NADK2,0.0001434454326637044
NAE1,0.000313667557098228
NAE1|UBA3,-0.000751833140138413
NAGK,4.841238390001008e-05
NAGLU,0.0001186818905201063
NAGPA,0.002763382102860431
NAGS,0.0002361231853900801
NAIF1,0.003623020807224374
NAMPT,-0.00090498012614299
NANOG,-0.0001392716379678773
NANP,-0.0009989002057994825
NANS,0.001272464158963838
NAP1L1,-0.0003465672712453913
NAP1L2,-0.000194089603702745
NAP1L4,0.0009190990019831956
NAPA,0.005467524261664027
NAPB,-0.0001548331092580334
NAPEPLD,3.183082679423341e-05
NAPG,-0.0001441149483533166
NARF,-0.0002067215704487568
NARS1,0.001582041909017357
NARS2,-0.0001476939268958047
NAT1,0.001083578222255171
NAT14,-9.424776302252476e-05
NATD1,-0.0001854271077449745
NAXE,0.002175506643998834
NBL1,0.007116834954943671
NBR1,2.866254924190076e-05
NCALD,0.0004578935356381404
NCAM1,0.0006574654877940501
NCAM2,0.002519622037646187
NCAN,0.00256562861675898
NCBP1,0.0007057335816380478
NCBP2,4.620344164424261e-05
NCF1,0.001314923733259903
NCF2,2.620684202178683e-05
NCK1,0.0002313330374529714
NCK2,0.001385360305180653
NCKIPSD,0.00126173509948616
NCL,-0.0007074942765385082
NCMAP,0.002787497013364071
NCOA2,0.0001427025236158528
NCOA7,-0.0002203071909734087
NCR1,0.0007721816620047466
NCR2,1.892668298976778e-05
NCR3,0.0001946436351135138
NCR3LG1,-0.0001466889523455262
NDC80,0.0008793980971061899
NDE1,0.0002678921101942174
NDEL1,-0.00082156331292271
NDNF,-0.001223898449935026
NDP,0.0002426360861458893
NDRG1,0.0008695119514511487
NDRG2,0.002375196380509342
NDRG3,0.0047533201225785
NDRG4,0.003859214126604721
NDST1,0.00226308286124208
NDUFA2,0.0003453965543429282
NDUFA5,-9.746223943730546e-05
NDUFAF1,-0.0003224922854333211
NDUFAF2,3.052637515609701e-05
NDUFAF3,0.000332513602985387
NDUFAF5,0.0002584491642118993
NDUFAF8,0.000248057463646303
NDUFB10,-7.039905046923486e-05
NDUFB11,-0.000123553419504837
NDUFB6,-0.000133430075371078
NDUFB8,-3.017954375471422e-05
NDUFS4,9.410010729227975e-05
NDUFV2,0.001332422281470775
NECAB1,0.000917875881239955
NECAB3,0.000576255620606523
NECAP2,0.003045908638701614
NECTIN1,0.002647113317735955
NECTIN2,0.001188257073565668
NECTIN3,-0.0001706262949808769
NECTIN4,2.34060755441227e-05
NEDD9,-5.91224887174627e-05
NEFH,0.00713297255443662
NEFL,0.009399553061256387
NEGR1,0.002693676124503733
NEIL2,-0.0001698861500467958
NEK7,-0.00077237105758083
NELFA,0.000861153282689732
NELFE,-0.000594519020534388
NELL1,0.0006361486828699894
NELL2,0.00154441733121054
NENF,0.0003803787272573431
NEO1,0.002099126408531734
NET1,1.508205989701763e-05
NETO1,0.002817382887338386
NETO2,0.001876651040206158
NEU1,-0.004732827190426284
NEURL1,0.0007010121455936932
NEURL4,-0.0007168922023295493
NEUROG1,0.0004125020064745512
NEUROG3,0.000286709206833304
NFASC,0.002341973797608139
NFATC1,-0.0001109152689139246
NFATC4,-0.0001679585834881802
NFE2L1,-0.0007500724614923495
NFE2L2,0.0005116466221908942
NFIA,-0.0006655485907527411
NFKB1,-0.0006647472062562239
NFKBIA,-3.396532833776096e-06
NFKBIB,-4.497697068373266e-05
NFKBID,0.0001195468136940511
NFU1,-3.161710510032833e-05
NFYA,-0.0002708024446274486
NGDN,-2.232993454567111e-05
NGF,0.00034112081817704
NGRN,-9.35577183485126e-05
NHEJ1,-0.0002146207544256779
NHLRC2,-0.0005912191437287483
NHLRC3,0.0003509360079328909
NHP2,-0.001138535396535952
NID2,0.0005928270836475611
NIF3L1,0.006345730921299637
NIP7,-0.0002587804198141877
NIPAL4,0.0002872932655209761
NISCH,0.0002588594514253187
NIT2,7.517750706363601e-05
NKD2,-0.0002002761203823177
NKIRAS1,0.0001219228487396975
NKIRAS2,0.0001880464874309587
NLGN1,0.003668945972509645
NLGN2,0.0003305295508821432
NLGN3,0.0006507485825980952
NLGN4X,0.002212352491632398
NLGN4Y,0.00117492200712477
NLRP1,-0.0001600936566966951
NLRP10,0.0006560656747095719
NLRP4,-0.0002506286254697028
NMB,0.002471727648115553
NME1,0.0005383710110017738
NME4,-0.0007618459646489365
NME7,0.0007090746936635697
NME8,2.394419252184128e-05
NMES1,0.0005896281071650642
NMI,-5.687677216830999e-05
NMNAT1,-0.001149874630897093
NMRAL1,-0.0001144503083010827
NMRK1,0.0002108958900170615
NMRK2,0.0003767633846713337
NMS,0.0002884892888736325
NMT1,-0.0006802445801324222
NMT2,-0.0001945168472309458
NMU,3.414580456618586e-06
NNMT,0.001293775661447651
NODAL,-0.0002102048932509105
NOG,0.001271663294910317
NOMO2,0.001575402435422895
NONO,-0.000685817490720793
NOP16,-0.0001609139627164553
NOS3,-0.0001788174215278336
NOSIP,4.565127190134651e-05
NOTCH1,0.001580407605056264
NOTCH2,0.001919562755351162
NOTCH3,0.002427755365979907
NOTUM,0.001679499949931714
NOVA1,0.0004142316958432231
NPEPL1,-3.607035197470088e-06
NPFF,-9.495587844293912e-05
NPIPB3,0.0001711936284918674
NPL,-0.0004900877157690592
NPLOC4,0.000873057899629838
NPM1,-0.0006391196038969553
NPM2,0.0007089174901475806
NPNT,0.005859700247007047
NPPA,4.8658224905114e-05
NPPB,-0.0002960067474231284
NPPC,0.0003735373361260273
NPS,0.003253853899713817
NPTN,0.002590985355415763
NPTX1,-0.0003879409939258429
NPTX2,0.001225166546232951
NPTXR,0.001121720044137599
NPW,0.002517062478729292
NPY,0.00247374415401155
NQO1,-0.001212612868471205
NQO2,0.0003583614986286096
NR1D1,-0.0002542227746437439
NR1D2,0.000299775966601376
NR1H2,-7.606489442690617e-05
NR1H4,0.0003155369228554374
NR2C2AP,-1.864477923495641e-05
NR3C1,-0.0002565204881652591
NR3C2,0.001010392284786562
NR4A1,4.145145897198207e-05
NR5A2,5.81301048338691e-07
NRAC,1.086644413512524e-05
NRAS,-0.0002671855789202501
NRBF2,-0.0001307434328529782
NRBP1,0.000778773838408939
NRCAM,0.0006603302652612897
NREP,0.000140727320962923
NRG1,0.0009056424632252171
NRG2,0.001081827194434555
NRG3,0.003634448971899121
NRG4,0.0008820892112703874
NRGN,0.005501149586374782
NRIP3,-8.576684641966864e-05
NRL,-0.000905102744501418
NRN1L,0.000212068139568172
NRP1,0.003823324580759465
NRP2,0.003845329539808665
NRSN1,0.0002179691650702546
NRXN1,0.005134513715276731
NRXN2,-2.810957936343766e-05
NRXN3,0.0014025504854223
NSDHL,-5.674340965161887e-05
NSF,0.001707332627906077
NSFL1C,0.00316124641363703
NSMCE1,8.24082155713574e-05
NSMCE2,4.554400127535952e-05
NSUN6,8.651239782081496e-05
NT5C,0.001431855559683572
NT5C2,-0.0005044895438026196
NT5C3A,0.000295282084277159
NT5C3B,0.00130168681206618
NT5DC1,0.0005259403809107594
NT5DC3,0.001796291904703459
NT5E,0.001794888351724212
NT5M,3.900121526408467e-07
NTAN1,0.0004023360255052775
NTAQ1,0.0001901967474093233
NTF3,4.363663465370487e-06
NTF4,-0.0003298904525005308
NTM,0.003772708659374617
NTMT1,-6.23854815044913e-05
NTN1,0.004172165010476985
NTN4,0.001459379902610054
NTNG1,0.001579137013432623
NTRK1,-0.001182667417353036
NTRK2,0.002924740269842772
NTRK3,0.002304750327791149
NTS,-0.0003133630657050197
NUB1,-8.14712020712858e-05
NUBP1,0.001543081334641068
NUBP2,0.001220303273147249
NUCB1,9.127618505204889e-05
NUCB2,6.71142163456036e-05
NUDC,0.002088953541662114
NUDCD2,0.001690539872043537
NUDCD3,0.0008239951229187319
NUDT1,0.0002438592281678736
NUDT10,2.027445472352416e-05
NUDT11,-2.310217499558566e-05
NUDT12,-4.916486558610917e-07
NUDT14,-0.0001210213567618661
NUDT15,-0.0006151691783813236
NUDT16,-9.714255919490988e-06
NUDT16L1,0.0003400084508863586
NUDT2,0.002267267159764621
NUDT21,0.004089373940767209
NUDT3,0.00177501354060869
NUDT5,0.001557069417323212
NUDT7,0.0008501062395743442
NUDT9,0.003229515948450086
NUMB,-0.0002599498548327775
NUMBL,3.778828627196825e-05
NUP210L,-8.955957846995865e-05
NUP98,-0.0009702112258752855
NUTF2,-0.0004540389731492515
NVL,8.663754417308176e-05
NXF1,-0.0001539846998062268
NXPH1,0.001671873506159323
NXPH2,0.001831703697230677
NXPH3,-0.0006591876911948149
NXT1,0.0004274521006390186
NXT2,0.000171489260362306
OAF,0.00255458908056439
OAS1,-0.0001952045294680129
OASL,0.0004690530516877413
OAT,0.0001969412898333592
OAZ1,0.0003519514531538659
OBP2A,-0.0001759660245287244
OBP2B,-0.001888774177116385
OCIAD1,-0.0004369378296648592
OCLN,-0.0003695034237594347
OCRL,-0.0002476711233802768
ODC1,-0.0003012504509252049
OGFR,0.002275668772719763
OGG1,0.0001293200571694333
OGN,0.00123435313883973
OGT,-3.084388140600973e-05
OIT3,-0.0006389697914436518
OLA1,0.003290100830498355
OLAH,0.001006159599681558
OLFM1,0.0008633945193191372
OLFM2,0.002102198102957263
OLFM3,-0.0007870834811841935
OLFML1,-0.000133026365242947
OLFML3,0.003158476153444089
OLIG1,5.452986208728504e-05
OLR1,0.00435308930084545
OMD,0.001790789060269601
OMG,3.957342370480015e-05
OMP,0.001476189012956103
OOSP2,-4.759683027130774e-05
OPALIN,-6.841543659472248e-05
OPCML,0.005135204065885269
OPHN1,0.0002395811981307991
OPRPN,-0.000238536712327383
OPTC,-0.0001235677169734661
ORC6,-0.0008163802949233306
OSBP,-0.0008863875922374775
OSBPL11,-0.000638200754123232
OSBPL1A,0.0002599131288233108
OSBPL9,5.125866326571608e-05
OSCAR,0.0002131403994267131
OSM,-4.377355401390565e-05
OSMR,0.0006103600849602019
OSTF1,-0.0007490353535371577
OSTM1,4.764169433140404e-05
OSTN,-9.07947390681019e-05
OTC,-0.00223119636901019
OTOR,0.000296999244338993
OTUB2,-0.0009113919346987947
OTUD3,-0.0001890846725529782
OTUD7B,0.0006479180239034078
OTULIN,0.0002998581100925347
OTX1,-0.0004623200674212039
OTX2,-0.0002276639704878567
OVCA2,0.002000013670139598
OXCT1,0.001086351001035279
OXLD1,0.0002888311107575799
OXSM,-0.0002311980683084545
OXSR1,0.001809455772483476
OXT,0.001473310093092176
P2RX6,-6.316894492201809e-05
P3H1,-8.204871886547226e-05
P4HA1,-6.117453314925698e-05
P4HA2,0.0007684872809902592
P4HB,0.001503783108991047
PA2G4,0.00160492374126378
PABPC3,-0.0001656725930945403
PABPC4,0.000564202916424365
PABPC5,-8.405724296191061e-05
PABPN1,-0.0009964354304476542
PACSIN1,-0.0002044008448571466
PACSIN2,-0.0006539182318078851
PACSIN3,-3.892293490196452e-05
PADI2,-0.0009725823075825203
PADI4,-0.0004586528729508817
PAEP,-0.0001687085090266685
PAFAH1B2,0.00309187550168928
PAFAH1B3,-0.0006713526097394611
PAFAH2,-0.0005209970980562244
PAGE4,0.0001908950698948965
PAGR1,4.433341898270945e-05
PAICS,-0.0006105430101325936
PAIP1,0.0001918761013404438
PAK3,-1.053812729187353e-05
PAK4,-0.0004285280855378127
PAK5,-0.000183372919223142
PAK6,0.0012892270746371
PALM,0.000762762653116384
PALMD,0.00416758082396383
PAM,0.006186147463664941
PANK1,-1.970193677086626e-05
PANK3,0.0007317319392322951
PAPLN,-0.0001981557855136841
PAPOLG,-0.000360115691054177
PAPPA,0.002443146800354084
PAPPA2,-0.001131649969204392
PAPSS1,-1.801756617191708e-05
PARK7,0.004752799096378304
PARP1,-0.0005187915224914749
PARP11,-0.001135437315412859
PARP16,-0.0004631836067091926
PARVA,0.006285575314842653
PATE1,-0.001010720498649076
PATE4,-0.000198640387600924
PAWR,0.0001704107332710945
PAX3,-8.628124055978671e-05
PAX4,5.16409108105768e-05
PAX8,-0.0003063602200939402
PAXIP1,0.0005122852524588253
PBK,0.0002920848995595817
PBRM1,-0.0009702608417014667
PC,-4.501040728245949e-05
PCBD1,0.00301294001626218
PCBD2,-0.001046921082598417
PCBP1,0.002553451293660323
PCBP2,3.029752223281655e-05
PCBP3,0.0004735701852962582
PCDH1,0.001807520329907252
PCDH10,-0.0006463701083092189
PCDH17,0.002268421924773971
PCDH8,-9.424158337642004e-05
PCDH9,0.001706161889642391
PCDHA7,0.003697822431478956
PCDHAC1,-5.170446843797822e-05
PCDHAC2,0.002612483234342462
PCDHB1,-8.589955991376922e-05
PCDHB10,0.0008362165290556321
PCDHB2,0.0001774774080629014
PCDHB7,0.0004464545562925563
PCDHGA10,0.003219994139846064
PCDHGA12,0.003099265697125863
PCDHGA2,-0.0009720428445452584
PCDHGB1,0.0001368172740909484
PCDHGC3,0.001989481877275412
PCDHGC5,-4.863960108137238e-05
PCK1,-0.0005279623712891516
PCK2,-0.000307377301709864
PCLAF,0.004594463942242972
PCMT1,-0.0002096095031385239
PCNA,-0.0001243398585242827
PCNP,5.039393729840178e-05
PCOLCE,0.001668757515603324
PCOLCE2,0.001115835541981497
PCP4L1,0.001033347958094877
PCSK1,0.002549279775842757
PCSK1N,0.002635933577861212
PCSK2,0.001310651741930111
PCSK7,0.0006368810531685315
PCSK9,0.001849383534863013
PCTP,0.002261149095120893
PCYOX1,0.0008054214132779355
PCYOX1L,0.002425691468326552
PDAP1,-0.0007427291285515793
PDCD1,0.0001801216104615626
PDCD1LG2,0.0005941812898849
PDCD4,-0.000228382417045112
PDCD5,0.00570555915414246
PDCD6,-0.0001560661264209425
PDCD6IP,0.0006590172617517089
PDCL,5.253829806083275e-05
PDCL2,-0.0004649087851094821
PDCL3,0.001458748279822863
PDE11A,-0.0002784003728335041
PDE1A,-0.0004608692315284134
PDE1B,0.002032455630434944
PDE2A,-0.0002485740326096739
PDE3A,0.0003857847587714454
PDE4A,-0.0001048110436473147
PDE4C,0.001169928303117631
PDE4D,-0.00011112415724589
PDE5A,0.0002374906266136815
PDE6D,0.000686047391587879
PDE6H,-0.0001317762667099103
PDE7A,-0.0001426692241371315
PDE9A,0.0004778120797916888
PDGFA,-0.0002058174604865967
PDGFB,-0.000139020219820294
PDGFC,0.001698324349154158
PDGFD,0.0009330967985050468
PDGFRA,-0.0004044105083998782
PDGFRB,0.0003980369598523121
PDGFRL,0.0002689287337210655
PDHA2,0.001484806377090677
PDHB,-0.0002310363908497168
PDHX,0.0001497927493783751
PDIA3,0.002714029470750747
PDIA4,0.002668911411573978
PDIA5,-0.0009192586147216339
PDIA6,0.0038244083094101
PDILT,0.0001717424541224122
PDK2,0.0003847079475578721
PDLIM1,-0.0001839347624155463
PDLIM3,0.006047249710969423
PDLIM4,0.00363840258851945
PDLIM5,0.008682001843309603
PDP1,5.735409415699694e-05
PDPK1,-0.001271306097102053
PDRG1,-0.0004098995673453535
PDXK,6.017453253516889e-05
PDXP,0.001150780434674893
PDYN,0.00102288942848114
PDZD11,-4.860918500486873e-05
PDZD7,-6.120496102622855e-05
PDZK1,-5.815723779445339e-05
PEA15,0.003227991333707088
PEAR1,0.003566632177769522
PEBP1,0.003885840788431623
PECAM1,-0.001249005165153428
PECR,-0.0002073394469120862
PEF1,0.002520369905637543
PELI1,-0.0007541110054835564
PELI2,-0.0005641872029665347
PELO,0.0006495719308159874
PENK,0.007062664194125763
PES1,-0.0001832984444315528
PET117,0.003571841040484677
PEX14,0.001252894611893986
PEX5,-0.0001986281717487563
PF4V1,-0.0001160940664930908
PFDN1,-2.126703650188023e-05
PFDN2,0.001033356284927386
PFDN4,0.00145586915580694
PFDN5,0.001069336067015042
PFKFB1,0.000142479823401285
PFKFB3,-0.0001798832896700465
PFKFB4,-0.0005092485662387844
PFKM,0.001775164118262665
PFN1,0.00565479089158454
PFN2,0.001014921165353585
PFN4,-6.194999924209902e-05
PGA4,0.001066861024121289
PGAM1,0.003572272020615186
PGAM2,0.003095936854091428
PGD,0.001053079725688241
PGF,0.00323135757648816
PGK1,0.0007960362248177398
PGK2,-0.0001716258665705898
PGLS,0.003832570673956279
PGLYRP1,0.001001611434188963
PGLYRP2,0.001262980634627294
PGLYRP3,0.0002775071983963563
PGLYRP4,-0.0004344917835790507
PGM1,0.0009867878668145598
PGM2,0.002077945972031163
PGM5,0.006549540511883587
PGP,0.001277417408606829
PGPEP1,0.0001188804527271303
PGR,0.003066288805152473
PGRMC1,0.002556533873911023
PGRMC2,-0.0007264320295443785
PHB2,-0.0004276433553728137
PHETA2,-0.0002442393662734698
PHEX,0.0007792841748572299
PHF11,0.002977424545245414
PHF3,-0.001131798834550454
PHF6,-9.460369960870493e-05
PHGDH,0.0004620338609299247
PHKA1,-0.0008896131186643669
PHOSPHO1,-0.0001127350178867523
PHOSPHO2,0.0007508078597252597
PHPT1,0.005014524409905284
PHYH,0.001782031458571682
PHYHD1,2.605325690691336e-05
PHYHIP,0.0008260477319346528
PHYHIPL,0.003624109632563555
PI15,-0.0002333616858257458
PI3,0.006658060253991148
PIANP,0.003053271707245113
PIAS3,-1.879643710590896e-06
PIAS4,7.034542561149202e-05
PICK1,0.000793946032907457
PID1,-0.0001861185912233016
PIEZO1,0.0002503861076210405
PIGR,0.003838247760662555
PIH1D1,0.0007728173231164497
PIH1D2,-5.585972445662001e-05
PIK3AP1,-0.000149119530655112
PIK3C2A,0.0004990459855372177
PIK3C3,-0.0008573117402126535
PIK3CA|PIK3R1,0.0004083736560464903
PIK3CG,-0.0003685148411955127
PIK3IP1,-3.07809634425493e-05
PIK3R1,-0.001073816059965647
PILRA,-0.0002057391566211176
PIM1,-7.949563575127936e-05
PIM2,0.0001279706586473413
PIN1,0.001906980436398856
PIN4,0.000142408986803654
PIP4K2A,-0.0006644036418819572
PIP4K2B,-0.000993724559552914
PIPOX,-4.227972798722761e-05
PIR,0.0001111454013546861
PITPNA,0.003206708425051974
PITPNB,-0.0009126281357859212
PITPNM3,1.234184898650912e-05
PITX2,-0.0005552610812119461
PITX3,-0.0006517126207675171
PIWIL1,-9.946153369605918e-05
PKD2,0.0008426068706672846
PKDCC,-3.343329056218467e-05
PKLR,-0.0005517945844350756
PKM,0.003707758348702039
PKN1,0.0009047434429058855
PKN2,0.0007382305954752165
PKP2,0.000242161854117355
PLA1A,-0.0002169548580090002
PLA2G10,-0.001204924799332816
PLA2G12A,0.00177281158328878
PLA2G12B,0.0005616389491079495
PLA2G1B,-0.0002676993064978185
PLA2G2A,0.0008030045848586573
PLA2G2C,-0.0001864122135028548
PLA2G2D,0.0001112570742699454
PLA2G2E,0.001038244966076739
PLA2G4A,0.003116848919871102
PLA2G5,-0.0005015314240657256
PLA2G7,0.002984229565017963
PLA2R1,0.002507698184661631
PLAAT2,-0.0001294435253445022
PLAAT3,0.0001094806398631104
PLAAT4,0.0006744734834158211
PLAT,-0.0003400506325383384
PLAU,-7.82991358969851e-05
PLAUR,0.005231678653152258
PLBD1,-0.0002678922080650949
PLBD2,-0.0009585306877027585
PLCB1,0.003563793578844985
PLCD1,0.00405610028214924
PLCD3,-0.0008669175136666053
PLCG1,0.0004962132050337474
PLCG2,-0.0002048823173800212
PLCXD3,0.004260437811453476
PLD3,0.001348367726560865
PLD5,-6.306550794313333e-05
PLEK,0.001935548815864882
PLEKHA1,3.308054283962102e-05
PLEKHA3,0.0003116599410689594
PLEKHA4,0.0003000485224768732
PLEKHA7,0.0005072774424227084
PLEKHB1,0.002119725046640771
PLEKHF2,0.0003980337653787303
PLEKHM2,0.000180387522399206
PLEKHO2,0.001040826681214465
PLG,-0.0002526677474903236
PLIN3,0.0001654205491116695
PLK1,-0.000256425940079784
PLOD2,-0.004188714929634418
PLOD3,0.0001546938775819499
PLPBP,0.00365165813406173
PLPP4,-0.0001068405110805022
PLS1,-0.0001434468594601842
PLS3,0.0008613983019503285
PLSCR3,6.642594576431269e-05
PLTP,-0.0007954225130663788
PLVAP,-0.000859554732424523
PLXDC1,0.0002307714078005715
PLXDC2,0.003195656633592491
PLXNA1,0.002714782385421641
PLXNA4,0.002140871238628383
PLXNB2,0.002091116204764974
PLXNB3,0.001543375292218664
PLXNC1,0.002740125870987003
PLXND1,0.002480898184086017
PMEL,-0.0006380426760105755
PMEPA1,-0.0001501377014402046
PMF1,8.672034199174799e-05
PML,-0.0006115564209629571
PMM1,0.0001673960417484925
PMM2,0.0009773013076355343
PMP2,0.0002133622779306358
PMPCA,0.002052667181065968
PMS2,0.0001134539083629825
PMVK,4.81228822414012e-05
PNKP,-0.0007893284112692201
PNLIP,0.0009457011621188311
PNLIPRP1,0.0002868138860702054
PNLIPRP2,0.001479412257048222
PNMA2,0.0002623895618428041
PNMT,-0.000399214346718215
PNOC,0.0003039155375987353
PNP,0.0003462820850867693
PNPLA2,-0.0001733400058380078
PNPO,0.0003773729801041788
PNPT1,-0.000241555555202901
PODXL2,-2.592343910903167e-05
POFUT1,0.0008458650277720072
POGLUT1,0.0003714375635470913
POGLUT3,0.0001472942917658966
POLB,-0.00119207737254793
POLD4,7.417525847598107e-05
POLE2,-0.0001533066868328102
POLE3,0.0001427514496549044
POLH,-3.021243314156151e-05
POLI,6.667609438080539e-05
POLM,9.092792203026065e-05
POLR1C,-0.0008619092264742128
POLR2C,-4.810652946609171e-05
POLR2E,-0.0007576551328365139
POLR2F,-0.0004738523973332558
POLR2I,-4.103821872658237e-05
POLR2J,-0.0001747329888128208
POLR2K,0.0008552361757944572
POLR2M,9.252431004857264e-06
POLR3F,-0.0002020775773322027
POLR3K,-0.0001331041253226399
POMC,0.001905423253938627
POMGNT1,7.611916978081416e-05
POMGNT2,0.0003911111798413634
POMK,0.0005689722573504235
PON1,-0.0001554268024616777
PON2,0.0006955832552873082
POP7,0.001135591136037667
POR,-0.0005005233604621059
POSTN,0.01067205617190467
POTEG,9.675209382568284e-05
POTEM,0.0001784137927188712
POU2AF1,-0.0003703027300419029
POU2F1,0.0001046369198974564
POU6F1,0.001284992894718582
PPA1,0.001516945821395294
PPA2,0.001822215363908564
PPARA,-0.0003931414812917837
PPARG,-0.0003708589371548299
PPARGC1A,-2.988445830145696e-05
PPBP,0.00865003780932914
PPCDC,-0.0001638650126312014
PPCS,9.034810066669766e-05
PPFIA1,0.0003091124688706129
PPIA,0.002871772647866079
PPIAL4D,-1.404469523597995e-05
PPIB,-0.0009328818524707743
PPIC,0.001816766795115934
PPID,-0.0001301929954489638
PPIE,-0.0001228509412380845
PPIF,0.00059730257225817
PPIG,-0.0007527723775527595
PPIH,0.0005065934180661525
PPIL1,0.0001886339483031296
PPIL2,0.0002210997841818345
PPIL3,-0.0008147221770087727
PPM1A,0.0008076956712779973
PPM1B,0.004167667837934491
PPM1D,2.901482179442943e-05
PPM1F,0.003451006862850225
PPM1G,0.001600619495780464
PPM1L,-0.0001410492883699122
PPM1M,-6.403338478046869e-05
PPME1,0.001430701362015333
PPP1CC,-5.817486987598957e-05
PPP1R10,-0.0005699357406164758
PPP1R14A,0.0009956854607212906
PPP1R1A,0.002129491900391943
PPP1R2,0.003077415592832465
PPP1R27,8.997852740990622e-06
PPP1R3B,0.0002095184557974225
PPP1R3G,0.0001995529834711964
PPP1R42,0.0001869585111798556
PPP1R8,-0.0008996041791138192
PPP1R9B,-0.001024151430514432
PPP2R1A,0.001072815832047394
PPP2R3A,0.0003745193275774731
PPP2R5A,0.002865474391946531
PPP2R5D,0.0008228587433123514
PPP3CA|PPP3R1,0.005055047280126869
PPP3R1,0.001966162708473498
PPP3R2,-0.0006032345320041024
PPP4C,0.000678135071611656
PPP4R3A,9.295719756575228e-06
PPT1,-0.001332127057898398
PPY,0.0001825573507917319
PQBP1,0.0001011935824797605
PRAME,0.0009074299972909382
PRC1,-0.001115950865250407
PRCP,-0.001656796141936778
PRDM1,-0.0001758619148882592
PRDX1,0.003410794473050309
PRDX3,0.002706791199943694
PRDX4,-0.0001341155661747875
PRDX5,-0.0001360298509859236
PRDX6,0.005522893435758239
PREP,0.002763462652031365
PRG2,0.0001991651892347104
PRG3,-0.0005931526898240718
PRIM1,0.0003297429180518615
PRKAA1|PRKAB1|PRKAG1,-0.000152626446676311
PRKAA2|PRKAB2|PRKAG1,-0.001037015901012829
PRKACA,0.001187619006767008
PRKAR1A,0.00236473160918734
PRKAR1B,0.001744364565448543
PRKAR2A,0.0001945774314760513
PRKAR2B,0.003758990201234806
PRKCA,-0.000507780591539839
PRKCB,0.001559636319960128
PRKCD,-0.0003198919080876381
PRKCG,0.003209688808463626
PRKCI,-0.0009103756353300155
PRKCQ,-0.001200438643417063
PRKCSH,0.002774076608102524
PRKCZ,-0.001225929648564402
PRKG1,0.001733893100077473
PRKN,0.0002987713128305738
PRKRA,-0.0009668335627740917
PRL,-0.001389009168338448
PRLH,-0.001132087502660677
PRLR,-0.0003406594875783166
PRMT3,8.673819122075282e-05
PRND,0.0009316012299406357
PRNP,-0.0001760155373429706
PROC,-0.0007843298702880076
PROCR,0.002162477765887928
PROK1,-0.0005449610582544291
PROK2,-0.0007765193299885619
PROM1,6.855388503019345e-05
PROS1,0.001562539040998074
PRPF18,-8.684863230162687e-07
PRPF19,-0.0003117119937705154
PRPF6,0.0005742428568385093
PRPS1,-0.0001386909085811034
PRPS2,7.563762263540301e-05
PRPSAP1,-0.0001088825912219147
PRPSAP2,-0.0002479572308764808
PRR15,0.0003404541027091184
PRR16,4.615278787745882e-05
PRR27,4.206091600880209e-05
PRRG1,0.0002532466901690733
PRRG4,0.0009835514713501194
PRRT2,0.003461167535641082
PRRX1,0.0005321685774577018
PRSS1,0.005539681750017491
PRSS2,0.006485099419942324
PRSS22,-0.001503421684049894
PRSS27,0.001477204486554479
PRSS3,0.002783025516158976
PRSS35,-0.0001140943607213608
PRSS37,0.0001796614621759143
PRSS57,-0.001161334691219989
PRSS8,0.0037238642639855
PRTFDC1,0.0002513003600936318
PRTG,0.00165859811425385
PRTN3,0.0002828671299332753
PRX,-0.0005891290947735304
PRXL2A,0.0003462615242280898
PSAP,-0.001198218065192384
PSAT1,0.003489887678539569
PSD,8.435460144875821e-05
PSD2,0.0004177276951976611
PSENEN,5.086881231215111e-05
PSG1,-0.0001391617327898513
PSG11,0.000510575124277417
PSG2,-0.0007450732590871904
PSG3,0.0001603489665179456
PSG4,-0.0001010262409601731
PSG6,-0.0001571079811129639
PSG7,-0.0001152297820221097
PSG8,-0.0002598471554016498
PSIP1,0.003862837834248425
PSMA1,0.0001853901278815886
PSMA2,0.001434787410112074
PSMA3,-0.0001117003790701281
PSMA4,0.0006262560371552681
PSMA5,0.001063700851902016
PSMA6,-2.767008251984881e-05
PSMA7,0.007905833298533
PSMB1,0.004743974196674529
PSMB10,0.001916949141468686
PSMB2,0.001453424588236255
PSMB3,0.001142618471764282
PSMB4,0.004049600269096692
PSMB5,0.0005308399419163225
PSMB6,0.0003216737878645388
PSMB7,0.0002464293760414235
PSMB9,0.0007029249538500669
PSMC3,-0.0009111957096173131
PSMC3IP,9.995004486004137e-05
PSMC5,0.0008839733694025484
PSMD10,-0.0004872104055552261
PSMD11,-0.0001826490756488708
PSMD4,-0.0004796283707751157
PSMD5,0.0003251089199102828
PSMD6,0.0005630034574164901
PSMD7,-0.0008699128249695198
PSMD9,0.001855800117030251
PSME1,0.001868967625877054
PSME2,0.002462188444697852
PSME3,-0.0002257441228059985
PSMG2,0.001282376607011183
PSMG3,0.0001344628470109986
PSMG4,0.000147243625606375
PSPC1,-0.0009387643222862704
PSPH,0.0002508077295247532
PSPN,-8.969071223885724e-05
PSTPIP1,-0.0007517183471384925
PTCHD3,0.000187505566990592
PTEN,-0.0006685375627766771
PTER,0.0003610574458800628
PTGDS,-3.029729292264665e-05
PTGES2,0.0002344163230914506
PTGES3,0.001122111162471296
PTGFRN,0.0005589463568125015
PTGR1,0.003804577339858927
PTGS2,-0.000220021811969634
PTH,0.0002276513459971007
PTH1R,-0.000173301475769442
PTH2,0.0001654008191377636
PTHLH,0.001596067732278918
PTK2,-0.000188145949124137
PTK2B,-0.0009530398007244621
PTK6,-7.977494245345315e-06
PTK7,0.001712391695581988
PTN,0.001079089980483753
PTP4A1,0.0003211220943134684
PTP4A2,0.001247937803977452
PTP4A3,0.0002990858308900195
PTPA,0.006704223860187909
PTPMT1,0.0005802535259693624
PTPN1,0.0009631404008259861
PTPN11,0.007240416627897112
PTPN13,3.01994160777763e-05
PTPN2,-0.0001276319338160714
PTPN4,0.001549675936103192
PTPN6,-0.0008300897234661667
PTPN7,-0.000118737908044398
PTPN9,0.0002219005036438596
PTPRD,0.002785776042921464
PTPRH,6.889767415303478e-05
PTPRJ,0.002769493749054722
PTPRN,0.0002229366453942661
PTPRR,0.0007080492535297885
PTPRS,0.001908628682745929
PTPRU,0.001436771837176833
PTRH2,0.000376412407536532
PTRHD1,-0.0005326472176531364
PTS,-0.001085658779862725
PTTG1,-0.0001358041470888072
PTX3,-0.000938932739330327
PUDP,0.001918817457286112
PUF60,0.002385059706069266
PURA,-0.0001070896137653201
PURB,-0.0001720389065445095
PUS1,4.473191366581134e-05
PUS7,0.001632696942161733
PVR,-0.0003804949060410294
PVRIG,-1.138877738687832e-05
PWWP2B,-0.0001354077552776443
PWWP3A,0.001002636247623845
PXDN,0.0006950871471743375
PXDNL,-0.0001893097908057888
PXYLP1,0.0007774913583971844
PYCARD,0.002309733423227277
PYCR1,6.36083375316388e-05
PYCR2,8.67737319260907e-05
PYDC1,0.0002831398819518296
PYGB,0.0007250878661076866
PYGL,0.001943762110378444
PYY,0.0009675621713639513
PZP,0.003276132785597704
QDPR,0.0006411769204259689
QKI,-0.0002024476282897151
QPCT,0.004019051107503798
QPCTL,0.003174319424237495
QPRT,-0.0001913989576705519
QRFP,4.79986011834649e-05
QSOX1,0.00292084116887934
QSOX2,0.002824625241953271
QTRT1,7.217690203602595e-05
QTRT2,0.001060323765118952
RAB11A,0.0002586548865486663
RAB11B,0.001539327449874756
RAB11FIP3,-5.563196011360659e-05
RAB13,0.002044726139632088
RAB14,0.0003004283267907274
RAB17,6.304044477753967e-05
RAB18,0.002598135947407761
RAB1A,0.001250987411616801
RAB1B,-0.0002102493635255555
RAB21,-0.0003075270928388733
RAB22A,-5.892752679429863e-05
RAB23,-0.0006055092690723883
RAB24,0.0003901013646061027
RAB26,-0.0001234164901947774
RAB27A,0.0009921625286952297
RAB27B,8.314727919798703e-05
RAB2A,-0.0007350298743982754
RAB2B,-0.001063854276412088
RAB31,-0.0004831448265882584
RAB32,-0.000924394121594794
RAB33A,-0.0003768149056261891
RAB37,-0.0009227369960199437
RAB38,0.002969871626025811
RAB39B,0.0008592248774297299
RAB3A,-0.0006919806269043162
RAB3B,-0.0001180588929781823
RAB3C,-0.001225774948786244
RAB3D,-0.0006149491587815816
RAB3IL1,-0.0003167517375630971
RAB4A,-0.0001414833375861659
RAB4B,-0.002337772967281256
RAB5A,-0.0009182729277314541
RAB5B,-0.001131743869530091
RAB5C,-0.001183153993798164
RAB6A,0.000671285744738542
RAB6B,0.0001586497550313841
RAB7A,-0.001195341664527395
RAB7B,7.199369767706492e-05
RAB8B,-0.002255452779693414
RABEP1,-0.001010904544294037
RABEPK,0.0002528814668697049
RABGAP1L,0.0002445545747052837
RABIF,-0.000445247382259947
RABL3,-0.0001756278916338961
RABL6,0.002933951717329245
RAC1,-0.0006346595643791402
RAC2,-0.0008800272381708787
RAC3,-0.0002874077880229607
RACGAP1,0.001318109045528026
RACK1,-0.001387141030266879
RAD1,0.0002437761681676711
RAD18,-7.447116965023143e-05
RAD23A,0.004917918308205687
RAD23B,0.004509526507625797
RAD51,-2.263190647319663e-05
RAD51C,0.002163387972846296
RAD51D,-0.0001980458430198371
RAET1L,0.0007645037718418668
RAF1,0.001495409358367582
RAG1,-0.0002565026732771765
RALA,0.001715176371714751
RALYL,-1.895116035049701e-05
RAMP1,0.0003394037846139006
RAMP3,7.043012724497243e-05
RAN,0.0007949663032490301
RANBP1,-0.0008461562568134014
RANBP3,0.002064910473745743
RANGAP1,-0.0006899223447621327
RAP1GAP,0.0005467655529548865
RAP1GDS1,-2.583279900614095e-06
RAP2A,0.0002197028715345966
RAPGEF1,-0.000951680707338269
RAPGEF5,-3.358397824809127e-05
RARRES1,-0.0006607537447325535
RARRES2,0.0001624853477447067
RASA1,0.0002103187495966094
RASSF2,0.0007122469820210756
RASSF5,-0.0006393045449528972
RB1,-0.001068573457032254
RBBP4,0.001761260679555654
RBBP5,-0.001054029154808228
RBBP6,-0.0004311901362607779
RBBP9,0.0001291644689846525
RBFOX1,0.0001144391727051122
RBFOX2,0.0008238707675228637
RBKS,0.0001418865227415128
RBL1,-8.521497355270808e-05
RBL2,0.001923558975823279
RBM17,-0.0008640673925856238
RBM18,-0.0001570533307419559
RBM19,-0.0008577936252805402
RBM22,0.000754511142899041
RBM23,-0.001063977307016116
RBM24,-2.883503626673325e-05
RBM3,0.002226538675873231
RBM39,-0.001208594120341303
RBM4,0.0001680845710642511
RBM41,-0.0006580649716795088
RBM46,0.0003279629918561084
RBMS1,-0.0008415185739083721
RBP1,0.00174393123462523
RBP4,0.0009465842290248775
RBP5,-0.000558729977349708
RBP7,0.002690154656878239
RBPMS2,0.0001774538746329895
RCAN1,9.049865596094207e-05
RCAN2,0.001021095790608628
RCAN3,0.002949115596840835
RCN3,0.001794289708831632
RCSD1,-0.0009146389352184677
RCVRN,0.0001307905920320305
RDH10,0.0002455302695211568
RDH12,0.0009093690633571306
RDH13,0.0003729377739890369
RDH16,0.001119302923159484
RDX,0.004717414880767099
RECQL,-0.00039494129374157
REEP2,0.001254778083088581
REG1A,0.009971235636354317
REG1B,0.00923898485214044
REG3A,0.01247979366094772
REG3G,-0.000211300760168919
REG4,0.002737102774189472
RELB,0.0006603525045396627
RELL1,0.0002650840989966852
RELL2,3.794499326821485e-06
RELN,-0.001474543255701672
RELT,0.00354408368679507
REM1,-0.0001064191748425888
REN,0.003734680454075206
REPIN1,8.675962076659851e-05
REPS2,0.0001845045895043127
RER1,-0.0007747087373814248
RERG,-3.732065504822842e-05
RET,0.0005493826299111094
RETN,0.003922167688408187
RETNLB,-7.032472012412384e-05
RETREG1,0.0003100718960659414
REXO2,0.00585560554121504
RFESD,0.0004210403198228577
RFFL,0.001868129867622024
RFK,-0.000266088382387833
RFNG,0.0009637587301339063
RFPL3,-0.0008141669337744728
RFX5,-0.0007148981822136221
RFXAP,-0.0001907528497231673
RGMA,0.001613037637724262
RGMB,0.001298401177765764
RGN,0.0006066219636090459
RGS1,-0.001102376661635692
RGS10,0.0004026180131604517
RGS13,-0.0006581684281306852
RGS14,7.494264916893597e-05
RGS16,9.219120309734963e-05
RGS18,0.0006095059606090949
RGS19,-0.0002845540749221947
RGS21,0.000215986182802622
RGS3,-6.945391402715189e-05
RGS4,-0.0002849311201885223
RGS5,-6.600029169069583e-05
RGS7,0.0007963854083305759
RGS8,0.0005478031601535149
RHEX,0.001303216233894792
RHOA,0.0009944921274621986
RHOB,0.0005255928472977074
RHOC,-0.0002295857775770519
RHOD,9.534010365862418e-05
RHOG,0.001638259942867957
RHOQ,0.002360180826810632
RHOT1,-0.0003728629498615397
RHPN2,5.85925624650672e-05
RIC3,-7.74515685309529e-05
RIC8A,0.003793723389275747
RILP,-0.0007700393837935434
RILPL1,-0.0008104342555108244
RILPL2,-0.0003910973503206645
RIOX2,-0.0002037486694561671
RIPK2,0.0005028805619180725
RIPPLY1,-0.0001408929032547739
RIPPLY3,-7.010814365498091e-05
RLBP1,-0.0003135304283075474
RLN3,-0.0001650900648706167
RMDN1,0.003416091833758667
RMDN3,-7.385867872837629e-05
RMI1,-0.0001369929145520691
RNASE1,0.007165664601888758
RNASE10,-9.297477082866276e-05
RNASE13,-0.0004828214351920749
RNASE2,0.00171499269743218
RNASE3,0.0044397477165606
RNASE4,0.003586976648776735
RNASE6,0.004158865070661582
RNASEH1,-0.0001601815064262531
RNASET2,0.002787986630448689
RND1,0.000160779695834282
RND3,-0.0001418180252791526
RNF114,0.0004682875797593261
RNF122,0.0005698321752802382
RNF128,0.0005127754944914072
RNF13,-6.133866497590823e-05
RNF141,-0.0001567236919543661
RNF146,0.0001100915702917136
RNF148,-0.0001484751476846139
RNF149,-1.949549748287007e-05
RNF150,0.0001233466525079872
RNF215,0.0001758161591295026
RNF24,3.366064485151348e-05
RNF25,-4.139240576928208e-05
RNF31,8.334313761108563e-05
RNF34,-6.388073658909693e-05
RNF41,0.0001990499598048154
RNF43,-0.0004721083515933942
RNF8,0.002519372675315241
RNGTT,-0.0001458535439445809
RNPC3,0.0004083788615819455
RNPEP,0.0001524139049617421
ROBO1,0.00152003298500758
ROBO2,0.001812214646624032
ROBO3,-6.057773708985553e-06
ROBO4,0.003783902091746449
ROCK2,-7.37619406335639e-05
ROGDI,0.00010667402492566
ROPN1B,0.0001282302906369611
ROR1,0.002784972429863424
ROR2,0.001383936886305491
RORB,-0.0008929132238969888
RORC,-2.901342992362384e-05
ROS1,-5.514057689485312e-05
RP9,0.004987222729908669
RPA2,-0.000478495321017878
RPAIN,-0.0001292936642068827
RPE,0.0007696357801274508
RPIA,-0.0003845515435645556
RPL11,-0.0007236865992845555
RPL12,0.001900791232065588
RPL26L1,-0.0005020833354943365
RPL30,0.001194707484644832
RPL38,-8.109898611780964e-06
RPL5,-0.001046786008610051
RPLP2,0.0002370056835551632
RPN1,0.006496834623352318
RPP25,-0.000516762729502145
RPP25L,-0.0001926451802259584
RPP30,8.436099783493894e-05
RPP40,0.0001487498429197193
RPRD1A,-0.0001571369342304981
RPRD1B,-0.001107715244929986
RPS12,-0.0003737046736170562
RPS14,0.0002254500645576925
RPS19,-0.0001575126575709349
RPS20,-0.0007371747663052336
RPS25,0.0005510285092649289
RPS27A,0.000747760839080259
RPS3,-0.0001338199598999185
RPS3A,-0.000205329073825668
RPS4X,-0.0008330171351075032
RPS5,-8.843014537215467e-05
RPS6KA1,-0.0008347237102329231
RPS6KA3,-0.0008311631554651914
RPS6KA6,-0.0005326411635841317
RPS6KB1,-0.0001814103975951621
RPS6KB2,-4.237298473359493e-05
RPS7,-0.001098230850277087
RPSA,0.00132075454599844
RRAD,-0.0001134349104566212
RRAGC,0.0002062943697986228
RRAS,0.0004141155075981142
RRAS2,5.786595787941496e-05
RRBP1,-8.645804646583108e-05
RRM1,-0.0001070693641285835
RRM2,-0.0001300916855993847
RRM2B,0.0008340883610430326
RS1,-2.706573637440366e-05
RSPO1,-0.0002668713775560337
RSPO2,0.001555447115308436
RSPO3,0.001867162604317546
RSPO4,0.0009411212445994145
RSRP1,-6.55544570533929e-05
RTCA,0.0005507422589028103
RTF1,-9.442727309063382e-05
RTKN,0.0003853780363374516
RTL6,-0.001177080540908757
RTN1,0.0003331587798318602
RTN4IP1,0.0002273016041202627
RTN4R,0.001260064683896391
RTN4RL1,0.002164462129585274
RTP4,9.290936425736289e-06
RTRAF,-0.001000286280581822
RUFY1,0.0001956347147176312
RUNX3,-0.001043845036802058
RUVBL1,-0.0007032146306116709
RWDD1,0.005344703329744594
RWDD4,0.001627965690417664
RXFP1,-0.0001075646818858883
RXRA,-0.000188526466982878
RYBP,4.775532638466724e-05
RYK,0.0006337903716099694
S100A10,-0.001296262926837736
S100A11,7.698800339803008e-05
S100A12,-0.000444902481419891
S100A13,0.005338677532636915
S100A14,0.0003077830301115643
S100A16,0.001503608757679335
S100A2,-9.081625739584004e-06
S100A3,0.0002975376863043965
S100A4,0.006578810100070853
S100A5,0.001267544328191092
S100A6,0.007289231103677912
S100A7,-0.001560241262955673
S100A8,-0.0008935894717586262
S100A8|S100A9,0.0002480637190149516
S100A9,-0.001053336820283725
S100P,0.001492472709108005
S100Z,-0.0002176894018310549
SAA1,-0.0005315388774322607
SAA2,-0.00021979032554654
SAA4,0.0002838167751615141
SAE1|UBA2,-0.0004466552929740075
SAG,0.0003208333424384076
SAMD12,0.00016257715351389
SAMD4B,0.000536771615977446
SAMHD1,0.0003876071883587555
SAMM50,0.001118788251602004
SAMSN1,-0.0005061355260507251
SAP18,-0.00108541843363388
SAP30,-0.0009755410321308734
SAP30L,-0.0005352049235500166
SAR1A,-0.0008871471409320199
SAR1B,-0.000145474062419095
SARG,-8.449793201842663e-05
SARS1,0.00131923328391745
SARS2,9.364282142217666e-06
SAT1,0.0001070666598793164
SAT2,0.0003409162933461441
SATB1,-0.0001766929944117606
SATB2,2.186753865257182e-05
SAYSD1,-3.318781503145427e-05
SBDS,2.314641981799859e-05
SBSN,5.506050674493118e-05
SCAMP5,-0.0001434308823363298
SCAND1,-0.0002190305855494914
SCARA3,0.0009756416217759367
SCARA5,0.0003325853932991695
SCARB1,-0.0003446221200635565
SCARB2,-0.0001646519937409529
SCARF1,0.003948844599318341
SCARF2,0.004552771094838291
SCFD1,9.435848026552047e-05
SCG3,-0.0004915370197228839
SCG5,0.00271753531185195
SCGB1D1,0.002206283537501165
SCGB1D2,0.0009244006899823226
SCGB2A1,0.001586045736466319
SCGB3A1,0.00200373555362792
SCGN,0.001528291278630527
SCIMP,0.0001266645578766932
SCIN,0.001426643762057045
SCLY,0.00183493950758736
SCMH1,0.0004667126210582065
SCN2B,0.00341514028448818
SCN3B,0.00209901755445864
SCN4B,5.661372922766648e-06
SCO1,-0.0007614498940141039
SCO2,-0.0001154550495436818
SCP2,0.000982193376693378
SCPEP1,-0.0009749610762741179
SCRN3,-0.0005598139411006253
SCT,-0.0001274022133519529
SCUBE1,0.002242579120226371
SCUBE3,0.003594701190941308
SDC3,0.001672691467039644
SDCBP,-0.0007260176271087356
SDCBP2,0.002673398856229005
SDF2,-0.0008145927719779995
SDF2L1,0.001040487917879228
SDHAF1,-0.000136869633240846
SDHAF2,0.005832978641068801
SDHAF4,-3.697812943362999e-05
SDHB,1.100550951081602e-05
SDSL,0.001296144740700794
SEC13,0.002227906509876163
SEC14L4,-0.0007708843231484447
SEC61B,-9.152445197793894e-05
SEC61G,-0.0002593689427061846
SECTM1,0.003780095483953052
SEL1L2,0.0002731889287327708
SELE,0.0008190743830863165
SELENBP1,-0.0004429446726411329
SELENOF,0.002760387153666263
SELENOH,2.088698803390651e-05
SELENOM,0.00220453874438551
SELENOS,0.00458808570508023
SELENOW,0.003220815484720016
SELL,0.001878655696424439
SELP,0.004435054160010441
SELPLG,0.0007031385818872047
SEMA3A,-0.001081484357595894
SEMA3B,-7.2020177748074e-05
SEMA3C,-0.001460788968758886
SEMA3E,0.001076949137653677
SEMA3G,0.002364115058586882
SEMA4A,0.002387981446332769
SEMA4B,0.001902282240457856
SEMA4C,0.002039567215159393
SEMA4D,0.002624725478242157
SEMA4F,0.0001091846336728412
SEMA4G,0.001131885844793011
SEMA5A,-0.00159329054920714
SEMA5B,0.0001232155839834357
SEMA6A,0.00104241960372684
SEMA6B,0.0008115008161041535
SEMA6C,0.0009716249481843383
SEMA6D,0.001727067719179299
SEMA7A,0.001317607989864495
SEMG1,0.001404005437164599
SENP1,-0.0001614884153257341
SENP2,9.211450654348606e-05
SENP7,-3.292903608660515e-05
SENP8,8.217482009939955e-05
SEPHS1,0.001244878756930205
SEPSECS,-0.0001345383968362745
SEPTIN1,0.0003866852303636757
SEPTIN10,1.750042460637196e-05
SEPTIN11,0.003447322727413064
SEPTIN3,-9.824717624320286e-05
SEPTIN5,0.002696773906388322
SEPTIN6,-0.0009808212496884444
SERAC1,-0.0002066482092655216
SERF1A,-0.0001823880525961297
SERF2,-9.210133736049142e-05
SERPINA1,0.005207531854679062
SERPINA10,-0.0004230964724556327
SERPINA11,-0.0009143556804504234
SERPINA12,-0.0001356212617658876
SERPINA3,0.003829992607778198
SERPINA4,0.00136642185918895
SERPINA6,2.290098436964755e-05
SERPINA7,0.0002181824827160371
SERPINA9,0.0003765457189338372
SERPINB1,0.002606476621698696
SERPINB13,0.0001520537645642797
SERPINB2,-0.0007126943825986484
SERPINB3,-0.0001890120335455159
SERPINB4,-0.0001085669738720911
SERPINB5,-0.0001870264907622509
SERPINB8,0.0007505748388663097
SERPINB9,0.003392186991624824
SERPINC1,-0.0003047459676449747
SERPIND1,0.001780014130027489
SERPINE1,0.003006320438498545
SERPINE2,-0.002067893031500523
SERPINF1,-0.00042260070242863
SERPINF2,-0.0004429604234331196
SERPING1,0.006085171015853728
SERPINH1,-0.0004335444462023189
SERPINI2,0.0001452396069390574
SERTAD3,0.0003074820771675728
SET,0.002800503716737229
SETBP1,-0.0002138102655594803
SETD2,-5.935091950826142e-05
SETD3,0.001131940310007181
SETMAR,0.0002202293871007565
SEZ6L,0.001510745036286289
SEZ6L2,-0.0001472264604584381
SF1,0.0002301642675857686
SF3B4,5.345687964078102e-05
SF3B6,-0.0009272991891096983
SFN,0.004877989426119475
SFRP1,0.003234846538643034
SFRP2,6.328816134086167e-05
SFRP4,-0.0007290643190517086
SFRP5,0.003103691188947006
SFTA2,0.0003423313212111912
SFTPB,-0.0007098309866679901
SFTPD,0.003629356129114425
SFXN5,0.0001527613679927789
SGF29,0.0001329861379375545
SGK1,-2.508298250404649e-05
SGK3,-0.0001976111887033764
SGSH,-0.003137361022705703
SGTA,-0.000992698652100033
SGTB,0.002032266661488416
SH2B3,0.0008088086677522995
SH2D1A,-0.0001778716797879119
SH2D1B,-0.0007367901380160044
SH2D3C,-1.800909711456209e-05
SH3BGRL2,0.005718403977960153
SH3BGRL3,0.0009689325809279618
SH3BP2,-0.0004709906543767174
SH3BP5,-0.001005836289368257
SH3GL2,0.00194321358638922
SH3GL3,0.0006064687177826183
SH3GLB1,0.00029467767291884
SH3GLB2,-0.0005604778555624622
SH3KBP1,-0.0001280016316980869
SH3PXD2B,0.001034145520076538
SHANK1,0.0006923686048120558
SHANK3,0.002299073771177686
SHARPIN,0.0006016246751581767
SHBG,0.007952359248078054
SHC1,0.002822175719748574
SHC2,-9.941832710945286e-05
SHC4,-0.001139877032672001
SHCBP1L,0.0004356033700069374
SHD,0.0005488817605576677
SHH,0.003610998652617654
SHISA2,-5.739361352829181e-05
SHISAL1,-0.0001247522174928588
SHISAL2A,0.000528665584546816
SHKBP1,-6.325081686417084e-06
SHMT1,-6.90764213636096e-05
SHMT2,-0.0006241663262034841
SHOX,0.0001834223526678566
SIAE,-0.0003153169681367844
SIAH1,2.110500729038499e-05
SIGIRR,-0.0001051075965553601
SIGLEC1,9.198489224203248e-06
SIGLEC11,-0.00097070531320931
SIGLEC12,0.0004313119623092808
SIGLEC14,0.006476627463579345
SIGLEC15,-0.0009211762643186136
SIGLEC5,0.006129877370258189
SIGLEC7,0.004658845696913433
SIGLEC8,-5.077126305167568e-05
SIGLEC9,0.003526843897081486
SIL1,0.0002532002926664017
SIRPA,0.0006166060151278379
SIRPB1,0.002635020044927099
SIRPB2,-0.0004279769716003104
SIRPG,2.501670749778313e-05
SIRT1,0.0007800639942092506
SIRT2,0.00209199074003209
SIRT3,0.0005170546098139116
SIRT5,0.000796503101716949
SIRT6,-0.0006417373285818414
SIT1,9.149630255810646e-05
SIX6,4.985166557743316e-06
SKA1,0.0007051244799380003
SKIL,0.0006184355210363681
SKP1,-0.000682394486668026
SKP2,-0.0009267177380818267
SLAMF1,0.0003237716417789657
SLAMF6,0.0004452203124285429
SLAMF7,0.002443268280377386
SLAMF8,0.0004380083178239729
SLAMF9,0.0001417663910066791
SLBP,-0.001078541100825472
SLC14A1,1.829554079407434e-06
SLC14A2,-0.0003533143569339776
SLC16A3,-4.182942660517343e-05
SLC22A16,0.0003496843687132735
SLC25A18,-0.000160308445928281
SLC25A38,0.0003020835542708323
SLC26A11,0.0001662938325503203
SLC26A5,-7.846344111096011e-05
SLC26A7,-0.0001332271027598196
SLC27A2,-7.588631264548236e-06
SLC30A3,0.0004130778497218426
SLC30A5,0.0002430750209392589
SLC35G2,-0.0002069540816983739
SLC3A1,0.000289528121853473
SLC3A2,0.0001624643940661923
SLC41A2,-6.843752852611464e-06
SLC4A8,-0.0001396108176682078
SLC5A5,0.0002911304965442738
SLC5A8,-0.0001178019488873269
SLC66A1L,0.000188866230439392
SLC6A14,0.001267635570068758
SLC6A16,0.0001873309689548216
SLC6A9,-6.902958516803408e-05
SLCO5A1,0.0001768470594243305
SLFNL1,0.004540844652966557
SLIT1,0.001557081287758361
SLIT2,0.003561593454599268
SLIT3,0.001126180792910373
SLITRK1,0.004411504636139154
SLITRK2,0.00254739570272869
SLITRK3,0.002012265139480786
SLITRK4,0.004000138587095954
SLITRK5,0.004323093638366563
SLITRK6,0.005563664446830292
SLPI,0.004978632903469055
SLTM,-0.0001242598979920821
SMAD1,6.292484418371139e-06
SMAD2,0.0001975248166976799
SMAD3,-0.0002968660151563636
SMAD4,0.001102219621112022
SMAD5,0.0002162126736356288
SMAP1,0.0008177326359115944
SMARCC1,0.0001716386769778112
SMC3,0.002217648847885978
SMCO1,-0.0002657515925813054
SMCO2,-0.0001753789180991265
SMIM13,-9.83536568920878e-05
SMIM24,0.002592077974932319
SMIM3,0.0001583376718844483
SMIM9,-0.0002651861598852874
SMN1,0.0001803905030422018
SMNDC1,-0.0002099211903692294
SMOC1,0.00307648944375155
SMOC2,0.005780442801347646
SMPD1,0.0002379251515629404
SMPDL3A,-0.0008551290740772359
SMR3A,-0.0001012418652117702
SMS,0.0003712596684899809
SMTN,0.0009990177921615896
SMURF1,0.001013091591594539
SMURF2,-0.0001208452151942489
SMYD2,-9.448415325988455e-05
SNAI2,-0.0001618897849041361
SNAP23,0.001131374203887251
SNAP25,0.0004070910479958302
SNAP29,5.902216542699429e-05
SNAPIN,-7.689251966656023e-05
SNCA,-0.0002183333564295646
SNCAIP,-0.0001184436882593199
SNCG,0.003414331837476685
SND1,-0.001059439392357675
SNF8,-0.0006844673507654018
SNIP1,-0.000601049186427666
SNPH,-3.424498207318095e-05
SNRNP25,-0.0006264653986195064
SNRPA,-0.0006250927123278612
SNRPA1,-0.000849596398611065
SNRPB2,-0.0009434356681972481
SNRPC,-0.0001524147307390955
SNRPD2,-8.402448556445031e-05
SNRPD3,-7.861835570306639e-05
SNRPE,-0.0006084672484372925
SNRPF,0.002072629602392168
SNRPG,-0.0004214959827940814
SNTA1,0.0008447339372394393
SNTB1,-0.0006342697160159484
SNTN,0.0001695659432547883
SNU13,-0.0003976217000176677
SNUPN,-0.0005849792811186283
SNX1,0.000341763346609388
SNX11,0.001545111176473378
SNX12,0.00588474928854624
SNX15,0.004237063027058288
SNX16,0.001010420984451031
SNX17,-0.001080997977817348
SNX27,0.0002375904610124464
SNX3,0.002084585437208678
SNX4,-0.0002177419032693165
SNX5,-0.0007438515720043061
SNX7,-0.0007547518112086361
SNX8,-0.00028743228781644
SOCS3,0.0005758384505384677
SOCS7,0.000146747606865873
SOD1,-0.0005862177244375866
SOD2,0.001358985961909783
SOD3,-0.0002524864447167048
SORBS3,0.000181915034613075
SORCS1,0.002389241001016554
SORCS2,0.000208728722883339
SORCS3,0.002883789503825403
SORD,0.0007707261427964735
SORT1,-3.385513336265728e-05
SOS1,9.5383922349111e-06
SOST,-0.0002052807136649436
SOSTDC1,-5.065061825313276e-05
SOX10,-0.0001674979227476305
SOX2,-0.0001061969745328999
SOX6,0.0002972181857147276
SOX9,-9.443612283721909e-05
SP6,0.0001432034004876656
SPA17,-8.682355795146866e-05
SPACA1,-0.0001636602888504993
SPACA3,0.0006385904904514777
SPACA5,9.236351592218022e-05
SPAG11A,8.17939911639604e-06
SPAG11B,0.0005256554493936884
SPAG7,-0.0006210059181255835
SPANXA1,-0.000426521536034956
SPANXN3,0.000127845912571481
SPANXN4,0.000109689054986081
SPARC,-0.0004066208978996037
SPARCL1,0.001744012457319105
SPART,0.0009528386445491979
SPAST,0.002038854105706159
SPATA20,-8.324801159936472e-05
SPATA22,5.900710929906971e-05
SPATA24,-0.0001585673600873241
SPATA31D4,6.105209749070226e-05
SPATA33,-1.864770488379722e-06
SPATA46,0.001531696185288134
SPATA5,0.0001308894793126696
SPATA9,0.004730335623183452
SPATC1L,0.001235756770468483
SPC25,0.0005614490228384284
SPCS1,5.160607263479243e-05
SPDEF,-1.278847724563683e-05
SPDL1,-7.875107953903537e-05
SPECC1,0.000638791657365665
SPEF1,-0.0003087568545874143
SPG21,0.000594128569812466
SPHK1,-2.925703185180898e-05
SPHK2,3.279611659284707e-05
SPI1,-0.001010184142412879
SPIN1,0.0001380617608842548
SPIN3,-0.0001953983090562299
SPINK1,-0.0001448941548569145
SPINK13,0.0001497186256795634
SPINK14,0.0004744193222228435
SPINK2,0.001243637929658325
SPINK4,0.0003907632818302247
SPINK5,0.0003497456130444907
SPINK6,-0.001239081210460279
SPINK7,0.0005168899364557067
SPINK8,-0.00024000241086065
SPINK9,-0.0002349122419422056
SPINT1,0.000104814620289635
SPINT2,0.001413225303936233
SPINT3,-0.0002192631763208319
SPN,0.000466698875648314
SPOCK1,0.002383341622766168
SPOCK2,-0.0001180797316649754
SPOCK3,-0.0006722813916430071
SPON1,0.002231699592626183
SPON2,0.002690190938833758
SPOP,-6.657280465654344e-06
SPP1,0.002592415506302106
SPR,7.738743847831308e-05
SPRED1,-0.0002524706341648086
SPRN,0.0006141189123067472
SPSB1,-0.0002136014039071272
SPTAN1,-0.0002050924336892562
SPTLC1,0.0009768926950656644
SPTLC2,-0.0001994184425415
SQSTM1,0.0006555662318961234
SRA1,-0.0001625823962430026
SRC,-0.0005990320585779073
SRFBP1,-6.211455625170604e-05
SRGAP2,0.0007513119929388694
SRGN,-0.0009046796027294753
SRI,0.001166965346390743
SRL,-0.0004534767543584836
SRM,0.0002926254278480953
SRP14,9.169935739243697e-05
SRP19,-0.0002539283633470665
SRPK1,-0.0009083843020633574
SRPK2,-7.664890490044724e-06
SRRT,-8.931403598353095e-05
SRSF6,-0.0004639589451562767
SRSF7,-0.0002816861133717846
SRXN1,0.001353859812820704
SRY,-0.0001098026165553419
SSB,-0.0009047919555418391
SSBP1,0.0001758309108020351
SSNA1,-0.0001638919785386824
SSPN,-0.0002459512219276987
SSR1,6.769413619277771e-05
SSR2,0.0001718223023770556
SSRP1,-0.0001137297672458345
SST,0.003872966100592198
SSTR1,8.692406178754533e-05
SSU72,-0.0008049580760115525
SSX4,-6.19330974114685e-05
ST13,0.006984577935605477
ST3GAL1,0.001403765642853004
ST3GAL2,-0.0004789966738937788
ST3GAL5,1.586950488255347e-05
ST3GAL6,0.002371227518295713
ST6GAL1,-0.001000701860492959
ST6GAL2,0.0009575845424030418
ST6GALNAC1,-0.0007161101513001541
ST6GALNAC2,-7.631259254860735e-06
ST6GALNAC3,0.0004362844241685395
ST6GALNAC4,-0.0003453620052595877
ST6GALNAC5,0.001198819127211342
ST6GALNAC6,0.0004040253125398336
ST8SIA1,0.002107764664195023
ST8SIA2,0.0004525308529233008
ST8SIA3,-8.535126766750477e-06
ST8SIA4,0.0005729071307392589
ST8SIA6,0.0002842956616056675
STAB1,0.0001119415426160217
STAB2,-0.001203711739114609
STAC,-0.0001214224157540695
STAMBP,-0.0008010903405264847
STAMBPL1,0.002992656086784388
STAP1,-0.001008832186642962
STAR,0.002162629756468052
STARD10,0.005440998434253608
STARD5,-0.001061962079447831
STARD7,0.0001984903075630807
STAT1,-0.001041686821700492
STAT3,0.002829143410227717
STAT5A,-0.0008171226464512344
STAT5B,-0.0005428819421543092
STAT6,-0.0001981149374630007
STATH,0.0005535673629949105
STAU1,-0.0001312788563805733
STAU2,0.0001574203234087784
STC1,0.001419042495191107
STC2,-7.518394065564443e-05
STIM1,-0.0001145478637049743
STK10,0.003265588471948288
STK16,-0.0008284355470119984
STK17B,-0.0002670602280072728
STK3,0.0007406734308433939
STK4,0.0002880438623248063
STMN1,0.004684718856575931
STMN2,0.004586688548960384
STMN3,0.002675442786998397
STMN4,0.0003209222284010014
STMP1,-8.25924056832559e-05
STOM,3.558768851118142e-06
STOML1,0.00169801417408176
STOML2,0.0005630752888600937
STUB1,0.0003198394208161694
STX10,3.522917896349214e-05
STX12,0.004347099042707092
STX17,0.001231856847489299
STX18,0.0002995152469441205
STX1A,0.004714747311060949
STX1B,0.0001770266663185703
STX2,0.004493961782440057
STX3,0.00316182209510033
STX4,0.002034204414162362
STX6,0.003293088727693073
STX7,0.004647537959360914
STX8,0.004837072724477095
STXBP4,0.0005935071276266242
STXBP6,0.0007922045652435161
STYX,0.0001241987663203043
SUB1,-0.0007987955161317932
SUDS3,-0.000884111967544573
SUFU,-9.371550060770275e-05
SUGT1,0.003653869645968965
SULF2,0.001795775377516702
SULT1A1,-0.000931982335017467
SULT1A3,3.055730702709992e-05
SULT1B1,-0.0004933948331509001
SULT1C2,1.73748011677702e-05
SULT1C4,-3.745312879821571e-05
SULT1E1,0.001332325143233844
SULT2A1,0.0001719588311154861
SULT2B1,0.0005857872760080589
SULT4A1,-0.001037299025459367
SULT6B1,-0.0004257844616058847
SUMF1,-0.0001759233620162351
SUMF2,0.001851981915828378
SUMO2,0.0007926677228526967
SUMO3,0.004011766600366977
SUMO4,0.0002457935311873904
SUN3,-4.142662362353192e-05
SUN5,0.0005412981088619804
SUOX,0.001644692751646623
SURF1,0.002454802627282525
SUSD1,7.87483143737033e-06
SUSD3,-0.0001703524469798293
SV2A,0.001055727323909311
SVBP,-0.0002012617361450944
SVEP1,0.002123776339980496
SVIP,0.002758510743003872
SWAP70,0.0007582581801439844
SYAP1,0.0009219940944263036
SYCE1L,0.000776019329163496
SYF2,0.001753714049060112
SYK,-0.0007813827335036975
SYN3,-2.696391316111628e-06
SYNCRIP,-0.0009092035080805877
SYNE2,0.003598148984738032
SYNGR3,7.798967727795863e-05
SYNJ2BP,-0.0009744107330442314
SYT1,0.00347446997182302
SYT11,0.0006724669197724048
SYT12,0.0004758877824197524
SYT13,-0.0001963412095407931
SYT17,-0.001286027064995324
SYT2,0.0002717176868976956
SYT4,0.003094797860790108
SYT5,0.002377819174744322
SYT6,0.0009340039086304502
SYT7,-8.929564321340182e-05
SYT8,0.0002185332569531842
SYT9,-1.018025776792032e-05
SYTL1,-4.342677474890097e-05
SYTL2,-5.471534650005044e-05
SYTL4,-0.00059270393956573
TAC1,0.001290784161197332
TAC4,-0.0001550393875289843
TACC3,-0.0001670973632966559
TACO1,-0.0001858863638507637
TACSTD2,-0.0002481609066931678
TADA1,0.0002542085578582285
TADA2A,1.093482802251981e-05
TAF10,-0.0008352783499347966
TAF12,-7.489376249755051e-05
TAF15,-0.0004647706625891796
TAFA2,-8.036644174440776e-05
TAFA3,0.001196109602191256
TAFA4,0.00077455126389601
TAFA5,0.003300193492335895
TAGLN,0.01004590059066011
TAGLN2,0.005407521127706176
TAGLN3,0.005042099513893408
TANK,-0.0005798653391014116
TAPBP,-0.0005042751591920012
TAPBPL,0.002598851542309884
TARBP2,-9.364856366111344e-05
TARDBP,-0.0001261689354642868
TARS1,0.0006841056997699767
TAT,0.0002090837157554427
TATDN1,0.001068159802753652
TATDN3,0.0003538891967828471
TAX1BP1,0.002201440527511792
TAX1BP3,0.001758346479816299
TBC1D13,-0.0001804780193006013
TBC1D20,-0.0008347176721836731
TBC1D22B,-0.0001330090814125823
TBC1D24,0.001008588062756841
TBC1D25,0.00101646546530078
TBC1D28,-0.0002391084396482653
TBC1D5,0.0004549588633884473
TBCA,0.005224106503473968
TBCB,0.004426605568509657
TBCC,0.001440064214927879
TBCE,0.0008593965175819212
TBCEL,0.001257507112524494
TBK1,-0.001166057754302716
TBL2,0.0001348082807961108
TBP,0.0002484882698732658
TBPL1,0.0002861627603278313
TBX22,-0.0001198963451475644
TBX3,1.582481354822657e-05
TBX5,8.27343927832576e-05
TBXAS1,0.0006589472450082217
TCAP,-0.000178201295007569
TCEA1,0.0001558076636719648
TCEA2,-0.0004215696800489854
TCEA3,-0.0004085980809666366
TCEAL1,-0.0001191150568383438
TCEAL2,0.0001020522169812928
TCEAL3,0.001055410469928854
TCEAL4,0.0001267294100668669
TCEAL5,0.005906908173367167
TCEAL7,0.0004312611614842965
TCEAL8,0.0001523582638700574
TCF21,-6.666343801042407e-05
TCF24,5.669237656404254e-06
TCF4,-0.0009091085872012673
TCL1A,0.0002696199692416462
TCL1B,-0.000275677288430047
TCN1,-0.001001927537360715
TCN2,0.01259461448782534
TCP1,0.0002531568477194484
TCP10L3,-0.00026183213387917
TCP11,-0.0004008722466250801
TCP11L1,0.0001092596178652066
TCTN2,0.0003193455248781924
TDGF1,0.004901238973404125
TDO2,-0.0002625470088760566
TDP1,-0.001067426930465197
TEAD3,0.0007277151459459847
TEAD4,0.0001175109003184108
TEC,-0.0007324421894399597
TECTB,0.0003441019219207217
TEF,-0.0001560053192019029
TEK,0.0003615062226949527
TEN1,-0.0001448307433779427
TENM2,0.0001482015527809928
TENM3,-0.0002415891228856024
TENM4,0.001069916927880105
TEPSIN,0.0006943898353195296
TERB2,0.0002690366438632259
TERF1,-0.0001111465752758084
TES,-1.983657707353967e-05
TESC,0.0008400301105271005
TEX29,0.001807954887415731
TEX30,0.0001096798094478367
TF,-0.0003344492904591153
TFAM,-0.001030404945388734
TFB1M,0.0003793545469396782
TFB2M,0.0001206476284426376
TFCP2L1,-0.0005877692396039893
TFF1,-0.0002007861927069971
TFF2,0.006978895657351126
TFF3,0.004580704943145512
TFIP11,-0.0008588159767559363
TFPI,0.005511553188085798
TFPI2,0.0022802547553816
TFR2,-8.219765061851131e-05
TFRC,-0.001119433025090399
TG,0.0002643797456209697
TGFB1,0.003293262690174498
TGFB2,-0.002051524489064182
TGFB3,-0.0006820359028364702
TGFBI,0.002635836230209217
TGFBR1,0.0001528970260535277
TGFBR2,-5.103468103380451e-05
TGFBR3,0.002046920638800989
TGIF2,0.000157156087682902
TGIF2LX,-5.977179047508829e-05
TGIF2LY,-0.0002139717588109997
TGM1,-0.0001641295319290212
TGM2,0.001895424048665668
TGM4,0.0001229132076426702
THAP11,0.002611271317635011
THAP2,2.479368525960895e-05
THAP4,0.0009578025509092224
THBS1,0.00930087961178392
THBS2,-0.0002893846320381174
THBS3,0.003097833733502774
THBS4,0.003898903016583661
THEM4,-0.0007713767989151958
THG1L,-0.0009903605858362118
THOC1,-0.001247459066757197
THOP1,0.001190353882793109
THPO,-0.000556013261796892
THRA,-9.806417948943861e-05
THRB,0.002443506048411012
THSD1,0.000526303506459694
THSD7A,-0.0002745066180505468
THTPA,-0.0002158527327753571
THY1,-0.0004811820773846582
THYN1,-0.0002050060572450643
TIA1,-0.0005749422779176381
TIAL1,-0.000918243996648243
TIAM1,0.0001114461064422859
TIAM2,-0.0001112551127837022
TICAM2,-0.000440145977176139
TIE1,0.003941773452328039
TIFA,0.0001990108100857365
TIGAR,0.000401090164178436
TIGIT,8.829373972195196e-05
TIMD4,0.004233038003721118
TIMELESS,0.0004046678835719156
TIMM10,-6.00549432622526e-05
TIMM10B,0.0005452319715067141
TIMM13,0.001368106409263214
TIMM21,-9.334637723424908e-05
TIMM23,-3.372590163731129e-06
TIMM50,0.0002144133491560428
TIMM8A,-8.624418108589005e-05
TIMP1,0.006941064877045618
TIMP2,0.0004013750779469769
TIMP3,0.002198071419160778
TIMP4,0.0003295920155484704
TINAGL1,0.0006269398715848442
TINF2,0.0007098391704433067
TIPIN,-0.0001877768223853593
TIPRL,0.005382055282988716
TIRAP,0.0002816552482530353
TJP1,0.0009702200394800127
TK1,-4.588245486901915e-05
TK2,0.0001707323323501033
TKFC,0.002019062199062456
TKT,0.001324955603909755
TLDC2,-0.0001672919929859958
TLE5,8.896776735315608e-05
TLK1,-0.0004496153844809112
TLL1,-1.460092099512556e-05
TLN2,-0.0004245816003683783
TLNRD1,0.00256325879347656
TLR1,0.0006590749718405027
TLR10,0.0002514417146742066
TLR2,-0.0007900398792165644
TLR3,0.0005004587982615003
TLR4,8.950998485205193e-05
TLR4|LY96,0.002030350150446594
TLR5,0.00297264181370566
TM2D1,2.48022771716587e-05
TMA16,0.0001801542432655599
TMCC3,-0.000898553574803161
TMCO5A,-0.0001346556892280396
TMED10,0.0005894703329048538
TMED2,0.00150002568608685
TMED4,-0.000171698087503289
TMED9,0.003600030498900057
TMEFF1,0.00208955474340474
TMEM106A,0.0006853117219660494
TMEM106B,0.0009968496066008591
TMEM108,-0.0001765693953520785
TMEM119,-0.0001370743212636637
TMEM132A,0.001056193887824614
TMEM132B,0.002101078051025669
TMEM132C,0.00107370017079256
TMEM132D,0.0029594769072597
TMEM154,-0.0002581590146877719
TMEM167A,-0.0001443410625498626
TMEM167B,-0.0001177572028980969
TMEM185A,-0.0008454763134378844
TMEM190,0.0008017966757284602
TMEM221,0.0002948355881527492
TMEM225B,-0.0005995276432130879
TMEM230,-0.0003669069768573558
TMEM234,0.0002301014707576114
TMEM237,0.000298233058514104
TMEM25,0.0004119804874761834
TMEM38B,0.000686074487851668
TMEM52,-0.0001169644938512525
TMEM52B,0.0002006021128763975
TMEM59L,0.003421518851795097
TMEM70,2.774887525557858e-05
TMEM87B,-0.0007740991265032199
TMEM8B,0.000714353886774573
TMEM9,0.002509773263890918
TMIGD2,-0.0008654844933879733
TMOD1,-0.0006092010783058869
TMOD2,0.0007877575035913848
TMOD3,0.004975312017111663
TMPRSS11A,-2.972434690440655e-05
TMPRSS11B,6.439212854335574e-06
TMPRSS11D,0.0001638604101283854
TMPRSS15,-0.001358792700985584
TMPRSS5,0.003057908057610251
TMPRSS6,-0.001198458700102855
TMUB1,-0.0005663047027458678
TMUB2,0.0001015581064717516
TMX1,9.19636990784633e-06
TMX3,0.003367254108566039
TNC,0.006637450226426471
TNF,-9.437864054242303e-05
TNFAIP1,-0.0001672687970033071
TNFAIP3,-0.0004925518817166859
TNFAIP6,-0.0003906227953675524
TNFAIP8,0.001485946066015628
TNFRSF10A,2.414730603956094e-06
TNFRSF10B,0.001468318978251193
TNFRSF10D,0.003333182214160667
TNFRSF11A,0.001542886949345398
TNFRSF11B,0.005927415279144712
TNFRSF12A,3.315614662228107e-06
TNFRSF13B,-0.0008532883979481852
TNFRSF13C,0.0004331261727128069
TNFRSF14,0.001367312344959662
TNFRSF17,0.00372779865837788
TNFRSF18,-0.0002737535708634374
TNFRSF19,0.002551940364932035
TNFRSF1A,0.004288784483827182
TNFRSF1B,0.006696738427988541
TNFRSF21,0.001901906619018425
TNFRSF4,0.0001779688961563623
TNFRSF6B,0.0003584787782099166
TNFRSF8,0.00273161195632489
TNFRSF9,-4.599896127048098e-05
TNFSF10,7.84312130770547e-05
TNFSF11,-6.883617581623672e-05
TNFSF12,0.002641866705690452
TNFSF13B,0.0006283216296462671
TNFSF14,-0.001108823369768914
TNFSF15,0.001913087072185114
TNFSF18,-0.000228578563208626
TNFSF4,-0.0001230431881854572
TNFSF8,0.003868320979943296
TNFSF9,1.019848388226082e-05
TNIP1,8.442773221340636e-05
TNKS,-0.0001465028437574321
TNMD,-0.0001251332758681437
TNNI2,-0.0005159642232169822
TNNI3,9.488072013430095e-05
TNNT2,3.249731655731618e-05
TNNT3,-0.0009141742581281276
TNR,0.002393423866544264
TNRC6B,0.0008261303938845324
TNS2,-9.00000578691413e-07
TNS4,0.0006246964612621973
TNXB,0.0007681031990625769
TOLLIP,0.00187788249028847
TOM1,0.0002854068884441098
TOM1L1,0.001567442444289616
TOM1L2,-0.0002810022787616224
TOMM20,-5.995376298172537e-05
TOMM20L,-0.0006345435840465092
TOP1,-0.001229565997787146
TOPBP1,8.68960419677206e-05
TOR1AIP1,0.003311159041573667
TOR1AIP2,0.001860223796780166
TOR4A,-0.0001961940395013016
TOX3,-0.000111102587344363
TP53,-0.0004445656689175363
TP53I11,0.007275349816810189
TP53I13,0.00378255528695213
TP53I3,0.003083131933015191
TP63,-0.0002164959699874174
TPD52L2,0.003240573402309331
TPH1,-0.0001304459104881646
TPI1,0.001476744381202075
TPK1,0.0003009692256377283
TPM1,-0.0001578715018796773
TPM2,-0.000157076669331885
TPM3,0.0004767982051302688
TPM4,0.007436386885834033
TPMT,0.0009232251328522858
TPO,-0.001241901508780387
TPP1,-0.0006971408496279027
TPP2,-0.0001462166761734755
TPPP,9.221602846242727e-05
TPPP2,0.004902895152644704
TPPP3,0.005615922474468201
TPRKB,0.0005512152313150895
TPSAB1,0.003429330997687695
TPSB2,0.003819135468956424
TPSG1,-0.0002289059310427492
TPST1,0.003144026108232363
TPST2,0.003704739258611814
TPT1,0.00458129313572012
TRA2B,0.0006066482656011483
TRABD,0.0006945423200409618
TRABD2A,0.002896593724373926
TRAF4,-0.0001877607038035386
TRAPPC13,-0.0001402032416297997
TRAPPC2,0.0009117035218699622
TRAPPC3,0.0002781258064448024
TRAPPC4,-0.0002690042401353953
TRAPPC5,-7.064290523004918e-05
TRAPPC6A,5.109212780382765e-05
TRAPPC6B,0.0001142158625852382
TRAT1,-0.0001571020463502363
TRDMT1,0.0003882197711778027
TREM1,0.003301031111466935
TREM2,0.006385907102934971
TREML1,0.000300546462291791
TREML2,0.001592772555530444
TREX2,0.0001857259783160047
TRH,-0.0005064139642561758
TRIAP1,-0.0001309830253077618
TRIB2,0.0001348369163953448
TRIL,0.001702512135402417
TRIM21,-7.707250753702098e-05
TRIM27,-7.461707076552164e-05
TRIM28,0.001962134603714037
TRIM3,-0.000181638673314736
TRIM40,-9.535768119389184e-05
TRIM5,-0.0002650933258613547
TRIM54,0.0003339267306055539
TRIM55,-8.466243915326976e-05
TRIM62,-3.746154765072999e-05
TRIM72,0.0001965024063096007
TRIM9,0.001152665965373666
TRIML1,-0.0003863942248474921
TRIO,7.030897954631065e-05
TRIP10,0.00128821568632063
TRMT112,0.0007218146697199863
TRMT6,0.001600725768440596
TRMT61B,0.0001122717343012779
TRPT1,-7.812030769212153e-05
TRUB1,0.0002671551462070194
TSC2,-0.0007044792740406696
TSC22D3,-0.0003406404913623983
TSEN15,0.0006005582182049688
TSEN34,-0.0009252208585687777
TSG101,0.003033934073894531
TSHR,3.92092480888152e-05
TSLP,-0.00115853542201482
TSN,0.0003852845032044462
TSNARE1,-0.0001053817806862014
TSPEAR,0.0003316571825082537
TSR2,0.001483913310258701
TSR3,0.0001244938802501069
TSSC4,0.002208141141580309
TSSK1B,-0.001357583255662512
TSSK2,0.0001496013045488334
TST,0.00177976079961205
TSTA3,-0.000460615643614694
TSTD1,0.000541874700579517
TTC1,0.001948880701337669
TTC17,-0.0001731743023665925
TTC25,-1.520593173635459e-05
TTC27,9.37258888454567e-05
TTC32,9.130138145653529e-05
TTC33,0.0001396348046538453
TTC36,4.705114460415873e-05
TTC9,0.00115361468262995
TTC9B,0.0003412483282323965
TTL,5.024371596618892e-05
TTLL12,-0.000777891325772114
TTN,-0.0001481897032196816
TTPAL,8.890556333569446e-05
TULP1,0.0003538807247487764
TWF1,0.0003162266240676197
TWF2,0.005042779029701046
TWSG1,0.0019150193717292
TXLNA,-0.0008638224892237512
TXN,3.781281744959332e-05
TXNDC11,0.0001792672752219786
TXNDC12,0.003284340241834733
TXNDC5,0.004214492137014222
TXNIP,0.0002435728749887043
TXNL1,0.003220887966861541
TXNL4A,0.0004233397046721972
TXNL4B,0.00122171713381795
TXNRD1,0.003584568454305722
TXNRD3NB,-0.0005523942525492212
TYK2,0.001040105564171921
TYMP,0.001332335015249425
TYMS,-0.0003027398820152929
TYMSOS,-0.000150448755293134
TYRO3,0.002176275262556531
TYRP1,-0.001242607726306991
TYW3,3.274903284840424e-05
TYW5,-8.074291130378727e-05
U2AF2,0.001628969957002392
UAP1,0.0007725431476676714
UBA1,0.000796436746537706
UBA3,0.0003265194189995373
UBA5,0.0002757991687847691
UBA6,-0.0003417867419536423
UBA7,-0.0005101098415316917
UBAC1,-0.000500098732609562
UBASH3A,0.000370539002070254
UBASH3B,-0.0008115261488969058
UBB,0.004018053844120547
UBC,0.002125701150986738
UBD,0.000388923410518078
UBE2A,-0.0001155298495157591
UBE2B,-8.906239239674155e-06
UBE2C,-0.0003643382454475818
UBE2D1,7.729279849403041e-05
UBE2D1|UBB,-0.0008554286191740947
UBE2D2,0.001491289944036896
UBE2D3,0.003336408794180957
UBE2D3|UBB,0.001031256093936977
UBE2D4,0.00439766271834356
UBE2E1,0.002628283450896514
UBE2E3,0.0009732995629136214
UBE2F,-0.000517101279940263
UBE2G1,0.001584355089169285
UBE2G2,0.0002441665856736407
UBE2H,0.0005637396492257024
UBE2I,0.003217948493420954
UBE2J1,-0.0007042082970502294
UBE2K,0.006132516254331396
UBE2L3,-0.001093236425507689
UBE2L3|UBB,-0.0002011169829436119
UBE2M,-0.0001975140248737859
UBE2N,0.003862297738444429
UBE2N|UBE2V1,0.005502890917777937
UBE2N|UBE2V2,0.005430389709583937
UBE2Q1,-3.768641542118553e-05
UBE2Q2,0.0008706508601633075
UBE2S,4.679904409195121e-05
UBE2T,-9.207314661146289e-06
UBE2V1,0.004633367747639816
UBE2V2,0.003370165174868447
UBE2W,-0.0004013746589389721
UBE2Z,0.003454360909965821
UBE3A,1.917342788923034e-05
UBE4A,-0.0004956881343684514
UBL3,0.00520964775068853
UBL4A,0.002848911488180972
UBL5,0.001319427305964695
UBL7,0.0006017145773154016
UBLCP1,0.002040640393031476
UBQLN2,0.004226865478759521
UBQLN3,0.002657432935746158
UBQLN4,0.003804041136997314
UBTD2,-0.0004552865677050172
UBXN2B,-0.0004990877335983506
UBXN4,0.003000005598359951
UCHL1,0.004651284933694172
UCHL5,0.000348317226185588
UCK1,-0.0006125014286738408
UCK2,0.0001155225169297231
UCMA,0.006690831238348908
UCN3,0.001347604906259317
UFC1,0.00469144690839644
UFD1,-0.0002141011873258088
UFM1,0.0008785773317945295
UGDH,0.0001410364864108778
UGP2,0.002599300229273151
UGT1A1,0.0004997040455284488
UGT1A6,-0.0002203711694586179
UGT1A8,5.786668634305603e-05
UGT2A1,-2.967186823209987e-05
UGT2B15,-0.0001786999201270457
ULBP1,-0.001093798690675662
ULBP2,-5.74328009693825e-05
ULBP3,0.0005385493781253244
ULK3,-0.0002084348471914377
UMOD,0.007380453127732453
UMODL1,2.422298587620759e-05
UNC119B,0.0006388174642632188
UNC13A,-0.0001005287313335018
UNC13D,-0.001056267378461162
UNC45A,0.0003241726876815272
UNC5A,0.003738492650165419
UNC5B,0.002147695711584371
UNC5C,0.001717483043382951
UNC5D,0.003702394643977609
UNC93B1,-0.0008682484492899475
UNG,-0.0003997181437220158
UPB1,-8.557026062243677e-05
UPK3BL1,-0.0007630202562199523
UPP1,-0.0008477512269959477
UPP2,0.0004674276158915252
UPRT,-0.0001394237861626243
UQCRB,0.0001660860729197397
URM1,-0.0001897435422449781
UROD,0.0029831104505066
UROS,8.016647939333914e-05
USB1,-0.0002043349934991844
USF1,0.0009054020200969574
USF2,0.0001155974289427716
USH1C,1.557617614287313e-05
USO1,3.396102751348115e-05
USP1,0.0002158399098696941
USP10,1.312491477765394e-05
USP11,-0.0002642520832386934
USP12,0.0003964234272865587
USP14,0.0004449137127770663
USP15,0.002797597562051482
USP19,-0.0001518308595159436
USP1|WDR48,1.757860951522045e-06
USP2,8.110482479577336e-05
USP21,-0.0002175276097939257
USP22,-0.0001520447525875627
USP25,-0.001054066205777873
USP28,-0.0002566958798723492
USP3,-2.194851552991643e-05
USP30,0.0004117876907270567
USP4,-2.32159122498752e-05
USP46,9.160475825241711e-05
USP46|WDR48,-0.0003237341190966281
USP5,0.001086099048275648
USP8,-0.0009693595945424031
UST,0.003083495441507299
UTP6,-0.0001591225568326354
UTS2,0.0001074606119285285
UTS2B,-0.0009478838423972722
UTS2R,-0.0002460627853943407
UXS1,8.832383837470726e-05
VAC14,0.0004260021247550362
VAMP1,4.6917574758594e-05
VAMP2,0.001002945870871481
VAMP3,-0.0001742223058316829
VAMP4,-0.0002116483527130862
VAMP7,6.93960973728665e-05
VAMP8,-0.0001938936155686548
VANGL1,-0.0002657881233630752
VAPA,0.004120920249307754
VAPB,-0.0002652705590682093
VARS1,-0.000803023874706206
VASN,0.003045306377477993
VASP,0.004712354433454883
VAT1,0.004451693727726437
VAT1L,0.0004049633183975036
VAV1,-0.0007304932268510657
VAV3,-0.0003015100779164013
VBP1,-0.0006306459446262445
VCAM1,0.002970563748810899
VCAN,-1.218643798998572e-05
VCL,-0.0002494281261859984
VCP,-0.001165691638059722
VCPIP1,-0.0001782191339144758
VCX,0.0004987776988889591
VCX3A,-0.0009209408169280631
VDR,9.240423481925168e-05
VEGFA,0.0009588597246209849
VEGFB,-0.0002200705628868136
VEGFC,-0.0004589080558249865
VEGFD,0.003094750295596057
VGLL4,-0.0001773472684030461
VHL,-0.0007282002239122128
VHLL,7.245433268940132e-05
VIL1,0.0003066416376356823
VILL,-0.0003584775702031428
VIM,0.01096895389151657
VIP,0.0004277151189336555
VIT,0.001562326325191655
VLDLR,-0.0005846229128765723
VMAC,-6.497468384734547e-05
VNN2,-0.0008446526629270945
VOPP1,0.0003787794646985331
VPS25,0.0008901337170283465
VPS26A,0.005097172842296817
VPS26B,0.0002142700407095389
VPS29,0.001682786654003356
VPS4A,0.0009133158815516327
VPS4B,0.0001845358659703868
VPS53,-0.0001858853380162095
VPS9D1,-0.0008054897596407873
VRK1,-0.0001804162745430171
VSIG1,-4.692523072653528e-05
VSIG10,0.0006527813859001199
VSIG10L,-0.0001627292623452319
VSIG2,0.00316579128068976
VSIG4,0.006493520440088977
VSIG8,7.544465280002121e-05
VSIR,0.003251415427812351
VSNL1,0.002381152980788068
VSTM1,-0.0002616279899574767
VSTM2L,-3.93176921567012e-06
VSTM4,-0.000115878977648053
VSX1,-0.000204500080984657
VTA1,0.0007759690649832075
VTI1A,0.003549560195060918
VTI1B,0.003314695973847017
VTN,-0.002759540091801834
VWA1,0.002632301466456574
VWA2,0.001372425451724325
VWC2,0.003092066502459702
VWC2L,0.002146700630577664
VWF,0.01045161782300487
WARS1,0.006770789560506048
WARS2,-0.0008659197557997751
WAS,-0.0002397392892690141
WASL,-4.090606159663508e-05
WBP1L,-0.0007196249194184871
WBP2,0.0008432112176111857
WDR18,0.0007013146498374999
WDR26,3.952301333684698e-06
WDR48,0.0002143701686746417
WDR5,-0.0005159068006241243
WEE2,4.308976358452419e-07
WFDC1,-0.0005481288244671942
WFDC10A,-0.0002633498896332019
WFDC10B,7.521306539222408e-05
WFDC11,0.0001565041240514189
WFDC13,-1.126526799747196e-05
WFDC2,0.001961652005784938
WFDC3,-0.000558736443563717
WFDC5,6.390389068204459e-05
WFDC6,-0.0001695832359698854
WFDC8,6.067499189029805e-05
WFIKKN1,-0.0001581229026567189
WFIKKN2,0.00159355697873613
WIF1,-0.002014210349121936
WNK1,0.0002227683538587447
WNK3,0.001276351480415117
WNT10B,0.001149278197390323
WNT11,1.506399677326646e-05
WNT16,-0.0001438503065986044
WNT3A,0.0004082121853115898
WNT5A,0.001082223911400241
WNT5B,0.0008367435147590408
WNT7A,-4.689088332989511e-05
WRNIP1,0.000226113333935529
WSCD2,-0.0004919476810721406
WTAP,0.003038572834355715
WWC1,0.001187497977891276
WWOX,-0.0001555538661352295
WWP1,0.0002195054694053214
WWP2,-5.468723210435524e-05
XAGE2,-3.74249711054626e-05
XBP1,3.5128506455577e-07
XCL1,0.001930144607224736
XCL2,0.003207121397215537
XDH,-0.0001917558802470791
XG,0.00142341989485174
XPNPEP1,0.001422656687273707
XPNPEP3,-2.899476884541333e-05
XPO5,-0.0006247964583493775
XRCC1,-0.0003002960358076917
XRCC4,-0.0003922380769727666
XRCC6,-0.0006694862193095926
XXYLT1,0.004208812517204792
XYLB,-0.0001286293273294728
XYLT2,0.0001230160687350128
YAE1,0.001814743455692598
YAP1,0.004512192226718521
YARS1,-0.0005392501583425652
YARS2,-0.0002241225169518229
YBX1,0.000206659268201499
YBX2,-0.0006169766103582397
YEATS4,4.139578750314983e-05
YES1,7.082429365151649e-05
YIPF6,-0.0001688756509193855
YJEFN3,7.042420588405847e-05
YJU2,0.0004857030023760262
YME1L1,-4.988245828714458e-05
YTHDC1,-0.0002873926994642301
YWHAB,0.006172854093733321
YWHAE,0.00453325506170376
YWHAG,0.008755985575502357
YWHAH,0.005439735812539533
YWHAQ,0.00538927956427569
YWHAZ,0.005769119853563176
YY1,-0.0007573316614428217
YY2,-0.0007498112967849043
ZADH2,-6.538763359312965e-05
ZAP70,-0.0009408197790436184
ZBP1,-0.000916749961509473
ZBTB10,-1.120057587477767e-05
ZBTB16,-0.000101715417452554
ZBTB33,-0.0001964391971368776
ZBTB7A,4.153876023600924e-05
ZC3H12A,0.0002379786117322397
ZC3H8,0.0006808488122726265
ZC4H2,0.0002128376695072845
ZCCHC17,-0.001030015563305346
ZCCHC18,0.002109953347652406
ZDHHC14,0.000156145532849337
ZDHHC4,-0.0003869531669439888
ZFAND1,0.0009666037420499369
ZFAND2B,0.0005039372497172117
ZFAND3,0.0006575134719743893
ZFAND5,0.0002242990294324989
ZFP36,-0.0003169724944033682
ZFP91,0.0002773155143432098
ZFYVE27,0.0004135023746038992
ZG16,-0.00115562831789397
ZG16B,0.0005263317844261035
ZHX1,-0.0001952033666327972
ZHX2,-0.0008548575417246754
ZKSCAN7,-0.0001718728386156549
ZNF10,-0.0001998942826105574
ZNF134,3.665035060851014e-06
ZNF174,0.0001394795856496207
ZNF175,-0.0001283908635133678
ZNF18,-0.0003291174441198135
ZNF180,-0.000233612985286328
ZNF23,8.396158475509126e-05
ZNF230,-0.0002062080727345677
ZNF263,0.0002248338447894367
ZNF264,-0.001072788855818583
ZNF275,-0.0007838990842515687
ZNF276,-0.000688325174790913
ZNF329,-0.0001773773269724105
ZNF334,-0.0001577868563098003
ZNF34,0.0004215606602609969
ZNF382,2.551597556426134e-05
ZNF41,-9.734000521071218e-05
ZNF410,-0.0001899110829679125
ZNF415,-0.0001189249526510588
ZNF483,0.001324519462498524
ZNF526,0.0003461601266671427
ZNF560,8.676462164788627e-05
ZNF566,-0.0001679816368992133
ZNF580,-0.0002413386832510729
ZNF593,-0.0001066974022171524
ZNF69,-0.0002229508796524935
ZNF696,-0.0001660291514126142
ZNF75D,-0.0001750698010154277
ZNF774,-0.0002417182236318881
ZNF843,-0.00015441296871606
ZNRF3,-5.418952721115513e-05
ZP4,0.001246527604840741
ZPBP,6.365266311265717e-05
ZPBP2,-0.0001865614765822927
ZPLD1,1.413310400328435e-05
ZRANB1,0.0003563500500867235
ZSWIM7,0.0003344037552933557
ZWILCH,0.0003611683812730449
ZWINT,0.001150916048417659
ZYX,0.003143221826205758
