Entry	Gene Names	Protein names
A0A0C5B5G6	MT-RNR1	Mitochondrial-derived peptide MOTS-c (Mitochondrial open reading frame of the 12S rRNA-c)
A0A0K2S4Q6	CD300H	Protein CD300H (CD300 antigen-like family member H)
A0M8Q6	IGLC7	Immunoglobulin lambda constant 7 (Ig lambda-7 chain C region)
A1E959	ODAM APIN	Odontogenic ameloblast-associated protein (Apin)
A1KZ92	PXDNL VPO2	Probable oxidoreductase PXDNL (EC 1.-.-.-) (Cardiac peroxidase) (Inactive peroxidasin-like protein) (Polysomal ribonuclease 1) (PRM1) (Vascular peroxidase 2)
A1L4H1	SSC5D	Soluble scavenger receptor cysteine-rich domain-containing protein SSC5D (Soluble scavenger protein with 5 SRCR domains) (SSc5D)
A2VEC9	SSPOP KIAA2036 SSPO	SCO-spondin (SCO-spondin pseudogene)
A4D0S4	LAMB4	Laminin subunit beta-4 (Laminin beta-1-related protein)
A4D1T9	PRSS37 TRYX2	Probable inactive serine protease 37 (Probable inactive trypsin-X2)
A5D8T8	CLEC18A MRLP2	C-type lectin domain family 18 member A (Mannose receptor-like protein 2)
A6NI73	LILRA5 ILT11 LILRB7 LIR9	Leukocyte immunoglobulin-like receptor subfamily A member 5 (CD85 antigen-like family member F) (Immunoglobulin-like transcript 11) (ILT-11) (Leukocyte immunoglobulin-like receptor 9) (LIR-9) (CD antigen CD85f)
A6NMY6	ANXA2P2 ANX2L2 ANX2P2 LPC2B	Putative annexin A2-like protein (Annexin A2 pseudogene 2) (Lipocortin II pseudogene)
A6NMZ7	COL6A6	Collagen alpha-6(VI) chain
A8K2U0	A2ML1 CPAMD9	Alpha-2-macroglobulin-like protein 1 (C3 and PZP-like alpha-2-macroglobulin domain-containing protein 9)
A8K7I4	CLCA1 CACC1	Calcium-activated chloride channel regulator 1 (EC 3.4.-.-) (Calcium-activated chloride channel family member 1) (hCLCA1) (Calcium-activated chloride channel protein 1) (CaCC-1) (hCaCC-1)
A8TX70	COL6A5 COL29A1 VWA4	Collagen alpha-5(VI) chain (Collagen alpha-1(XXIX) chain) (von Willebrand factor A domain-containing protein 4)
B2RUY7	VWC2L	von Willebrand factor C domain-containing protein 2-like (VWC2-like protein) (Brorin-like)
K9M1U5	IFNL4	Interferon lambda-4 (IFN-lambda-4)
M5A8F1	ERVH48-1 C21orf105 HERV-Fb1 NDUFV3-AS1	Suppressyn (Endogenous retrovirus group 48 member 1) (NDUFV3 antisense RNA 1) (endogenous retrovirus group Fb member 1)
O00175	CCL24 MPIF2 SCYA24	C-C motif chemokine 24 (CK-beta-6) (Eosinophil chemotactic protein 2) (Eotaxin-2) (Myeloid progenitor inhibitory factor 2) (MPIF-2) (Small-inducible cytokine A24)
O00182	LGALS9	Galectin-9 (Gal-9) (Ecalectin) (Tumor antigen HOM-HD-21)
O00187	MASP2	Mannan-binding lectin serine protease 2 (EC 3.4.21.104) (MBL-associated serine protease 2) (Mannose-binding protein-associated serine protease 2) (MASP-2) [Cleaved into: Mannan-binding lectin serine protease 2 A chain; Mannan-binding lectin serine protease 2 B chain]
O00230	CORT UNQ307/PRO350	Cortistatin [Cleaved into: Cortistatin-29; Cortistatin-17; Cortistatin-14]
O00253	AGRP AGRT ART	Agouti-related protein
O00264	PGRMC1 HPR6.6 PGRMC	Membrane-associated progesterone receptor component 1 (mPR) (Dap1) (IZA)
O00292	LEFTY2 EBAF LEFTA LEFTYA TGFB4 PSEC0024	Left-right determination factor 2 (Endometrial bleeding-associated factor) (Left-right determination factor A) (Protein lefty-2) (Protein lefty-A) (Transforming growth factor beta-4) (TGF-beta-4)
O00294	TULP1 TUBL1	Tubby-related protein 1 (Tubby-like protein 1)
O00300	TNFRSF11B OCIF OPG	Tumor necrosis factor receptor superfamily member 11B (Osteoclastogenesis inhibitory factor) (Osteoprotegerin)
O00339	MATN2 UNQ193/PRO219	Matrilin-2
O00391	QSOX1 QSCN6 UNQ2520/PRO6013	Sulfhydryl oxidase 1 (hQSOX) (EC 1.8.3.2) (Quiescin Q6)
O00468	AGRN AGRIN	Agrin [Cleaved into: Agrin N-terminal 110 kDa subunit; Agrin C-terminal 110 kDa subunit; Agrin C-terminal 90 kDa fragment (C90); Agrin C-terminal 22 kDa fragment (C22)]
O00533	CHL1 CALL	Neural cell adhesion molecule L1-like protein (Close homolog of L1) [Cleaved into: Processed neural cell adhesion molecule L1-like protein]
O00560	SDCBP MDA9 SYCL	Syntenin-1 (Melanoma differentiation-associated protein 9) (MDA-9) (Pro-TGF-alpha cytoplasmic domain-interacting protein 18) (TACIP18) (Scaffold protein Pbp1) (Syndecan-binding protein 1)
O00584	RNASET2 RNASE6PL	Ribonuclease T2 (EC 4.6.1.19) (Ribonuclease 6)
O00585	CCL21 SCYA21 UNQ784/PRO1600	C-C motif chemokine 21 (6Ckine) (Beta-chemokine exodus-2) (Secondary lymphoid-tissue chemokine) (SLC) (Small-inducible cytokine A21)
O00602	FCN1 FCNM	Ficolin-1 (Collagen/fibrinogen domain-containing protein 1) (Ficolin-A) (Ficolin-alpha) (M-ficolin)
O00622	CCN1 CYR61 GIG1 IGFBP10	CCN family member 1 (Cellular communication network factor 1) (Cysteine-rich angiogenic inducer 61) (Insulin-like growth factor-binding protein 10) (IBP-10) (IGF-binding protein 10) (IGFBP-10) (Protein CYR61) (Protein GIG1)
O00626	CCL22 MDC SCYA22 A-152E5.1	C-C motif chemokine 22 (CC chemokine STCP-1) (MDC(1-69)) (Macrophage-derived chemokine) (Small-inducible cytokine A22) (Stimulated T-cell chemotactic protein 1) [Cleaved into: MDC(3-69); MDC(5-69); MDC(7-69)]
O00744	WNT10B WNT12	Protein Wnt-10b (Protein Wnt-12)
O00754	MAN2B1 LAMAN MANB	Lysosomal alpha-mannosidase (Laman) (EC 3.2.1.24) (Lysosomal acid alpha-mannosidase) (Mannosidase alpha class 2B member 1) (Mannosidase alpha-B) [Cleaved into: Lysosomal alpha-mannosidase A peptide; Lysosomal alpha-mannosidase B peptide; Lysosomal alpha-mannosidase C peptide; Lysosomal alpha-mannosidase D peptide; Lysosomal alpha-mannosidase E peptide]
O00755	WNT7A	Protein Wnt-7a
O14511	NRG2 NTAK	Pro-neuregulin-2, membrane-bound isoform (Pro-NRG2) [Cleaved into: Neuregulin-2 (NRG-2) (Divergent of neuregulin-1) (DON-1) (Neural- and thymus-derived activator for ERBB kinases) (NTAK)]
O14514	ADGRB1 BAI1	Adhesion G protein-coupled receptor B1 (Brain-specific angiogenesis inhibitor 1) [Cleaved into: Vasculostatin-40 (Vstat40); Vasculostatin-120 (Vstat120)]
O14558	HSPB6	Heat shock protein beta-6 (HspB6) (Heat shock 20 kDa-like protein p20) (Heat shock protein family B member 6)
O14594	NCAN CSPG3 NEUR	Neurocan core protein (Chondroitin sulfate proteoglycan 3)
O14625	CXCL11 ITAC SCYB11 SCYB9B	C-X-C motif chemokine 11 (Beta-R1) (H174) (Interferon gamma-inducible protein 9) (IP-9) (Interferon-inducible T-cell alpha chemoattractant) (I-TAC) (Small-inducible cytokine B11)
O14638	ENPP3 PDNP3	Ectonucleotide pyrophosphatase/phosphodiesterase family member 3 (E-NPP 3) (NPP3) (Alkaline phosphodiesterase I) (EC 3.1.4.1) (Dinucleoside polyphosphatase) (EC 3.6.1.-) (Nucleotide diphosphatase) (Nucleotide pyrophosphatase) (NPPase) (EC 3.6.1.9) (Phosphodiesterase I beta) (PD-Ibeta) (Phosphodiesterase I/nucleotide pyrophosphatase 3) (CD antigen CD203c)
O14786	NRP1 NRP VEGF165R	Neuropilin-1 (Vascular endothelial cell growth factor 165 receptor) (CD antigen CD304)
O14788	TNFSF11 OPGL RANKL TRANCE	Tumor necrosis factor ligand superfamily member 11 (Osteoclast differentiation factor) (ODF) (Osteoprotegerin ligand) (OPGL) (Receptor activator of nuclear factor kappa-B ligand) (RANKL) (TNF-related activation-induced cytokine) (TRANCE) (CD antigen CD254) [Cleaved into: Tumor necrosis factor ligand superfamily member 11, membrane form; Tumor necrosis factor ligand superfamily member 11, soluble form]
O14791	APOL1 APOL	Apolipoprotein L1 (Apolipoprotein L) (Apo-L) (ApoL) (Apolipoprotein L-I) (ApoL-I)
O14793	MSTN GDF8	Growth/differentiation factor 8 (GDF-8) (Myostatin)
O14904	WNT9A WNT14	Protein Wnt-9a (Protein Wnt-14)
O14905	WNT9B WNT14B WNT15 UNQ6973/PRO21956	Protein Wnt-9b (Protein Wnt-14b) (Protein Wnt-15)
O14944	EREG	Proepiregulin [Cleaved into: Epiregulin (EPR)]
O14960	LECT2	Leukocyte cell-derived chemotaxin-2 (LECT-2) (hLECT2)
O15018	PDZD2 AIPC KIAA0300 PDZK3	PDZ domain-containing protein 2 (Activated in prostate cancer protein) (PDZ domain-containing protein 3) [Cleaved into: Processed PDZ domain-containing protein 2]
O15041	SEMA3E KIAA0331 SEMAH	Semaphorin-3E
O15072	ADAMTS3 KIAA0366	A disintegrin and metalloproteinase with thrombospondin motifs 3 (ADAM-TS 3) (ADAM-TS3) (ADAMTS-3) (EC 3.4.24.-) (Procollagen II N-proteinase) (PC II-NP) (Procollagen II amino propeptide-processing enzyme)
O15123	ANGPT2	Angiopoietin-2 (ANG-2)
O15130	NPFF	Pro-FMRFamide-related neuropeptide FF (FMRFamide-related peptides) [Cleaved into: Neuropeptide SF (NPSF); Neuropeptide FF (NPFF); Neuropeptide AF (NPAF)]
O15173	PGRMC2 DG6 PMBP	Membrane-associated progesterone receptor component 2 (Progesterone membrane-binding protein) (Steroid receptor protein DG6)
O15197	EPHB6	Ephrin type-B receptor 6 (HEP) (Tyrosine-protein kinase-defective receptor EPH-6)
O15204	ADAMDEC1	ADAM DEC1 (EC 3.4.24.-) (A disintegrin and metalloproteinase domain-like protein decysin-1) (ADAM-like protein decysin-1)
O15230	LAMA5 KIAA0533 KIAA1907	Laminin subunit alpha-5 (Laminin-10 subunit alpha) (Laminin-11 subunit alpha) (Laminin-15 subunit alpha)
O15232	MATN3	Matrilin-3
O15240	VGF	Neurosecretory protein VGF [Cleaved into: Neuroendocrine regulatory peptide-1 (NERP-1); Neuroendocrine regulatory peptide-2 (NERP-2); VGF-derived peptide TLQP-21; VGF-derived peptide TLQP-62; Antimicrobial peptide VGF[554-577]]
O15263	DEFB4A DEFB102 DEFB2 DEFB4; DEFB4B	Defensin beta 4A (Beta-defensin 2) (BD-2) (hBD-2) (Defensin, beta 2) (Skin-antimicrobial peptide 1) (SAP1)
O15393	TMPRSS2 PRSS10	Transmembrane protease serine 2 (EC 3.4.21.122) (Serine protease 10) [Cleaved into: Transmembrane protease serine 2 non-catalytic chain; Transmembrane protease serine 2 catalytic chain]
O15444	CCL25 SCYA25 TECK	C-C motif chemokine 25 (Chemokine TECK) (Small-inducible cytokine A25) (Thymus-expressed chemokine)
O15467	CCL16 ILINCK NCC4 SCYA16	C-C motif chemokine 16 (Chemokine CC-4) (HCC-4) (Chemokine LEC) (IL-10-inducible chemokine) (LCC-1) (Liver-expressed chemokine) (Lymphocyte and monocyte chemoattractant) (LMC) (Monotactin-1) (MTN-1) (NCC-4) (Small-inducible cytokine A16)
O15496	PLA2G10	Group 10 secretory phospholipase A2 (EC 3.1.1.4) (Group X secretory phospholipase A2) (GX sPLA2) (sPLA2-X) (Phosphatidylcholine 2-acylhydrolase 10)
O15520	FGF10	Fibroblast growth factor 10 (FGF-10) (Keratinocyte growth factor 2)
O15537	RS1 XLRS1	Retinoschisin (X-linked juvenile retinoschisis protein)
O43155	FLRT2 KIAA0405 UNQ232/PRO265	Leucine-rich repeat transmembrane protein FLRT2 (Fibronectin-like domain-containing leucine-rich transmembrane protein 2)
O43157	PLXNB1 KIAA0407 PLXN5 SEP	Plexin-B1 (Semaphorin receptor SEP)
O43184	ADAM12 MLTN UNQ346/PRO545	Disintegrin and metalloproteinase domain-containing protein 12 (ADAM 12) (EC 3.4.24.-) (Meltrin-alpha)
O43240	KLK10 NES1 PRSSL1	Kallikrein-10 (EC 3.4.21.-) (Normal epithelial cell-specific 1) (Protease serine-like 1)
O43278	SPINT1 HAI1 UNQ223/PRO256	Kunitz-type protease inhibitor 1 (Hepatocyte growth factor activator inhibitor type 1) (HAI-1)
O43320	FGF16	Fibroblast growth factor 16 (FGF-16)
O43323	DHH	Desert hedgehog protein (DHH) (EC 3.1.-.-) (HHG-3) [Cleaved into: Desert hedgehog protein N-product (DHH-N)]
O43405	COCH COCH5B2 UNQ257/PRO294	Cochlin (COCH-5B2)
O43508	TNFSF12 APO3L DR3LG UNQ181/PRO207	Tumor necrosis factor ligand superfamily member 12 (APO3 ligand) (TNF-related weak inducer of apoptosis) (TWEAK) [Cleaved into: Tumor necrosis factor ligand superfamily member 12, membrane form; Tumor necrosis factor ligand superfamily member 12, secreted form]
O43557	TNFSF14 HVEML LIGHT UNQ391/PRO726	Tumor necrosis factor ligand superfamily member 14 (Herpes virus entry mediator ligand) (HVEM-L) (Herpesvirus entry mediator ligand) (CD antigen CD258) [Cleaved into: Tumor necrosis factor ligand superfamily member 14, membrane form; Tumor necrosis factor ligand superfamily member 14, soluble form]
O43699	SIGLEC6 CD33L CD33L1 OBBP1	Sialic acid-binding Ig-like lectin 6 (Siglec-6) (CD33 antigen-like 1) (CDw327) (Obesity-binding protein 1) (OB-BP1) (CD antigen CD327)
O43820	HYAL3 LUCA3	Hyaluronidase-3 (Hyal-3) (EC 3.2.1.35) (Hyaluronoglucosaminidase-3) (Lung carcinoma protein 3) (LuCa-3)
O43827	ANGPTL7 CDT6 UNQ313/PRO356	Angiopoietin-related protein 7 (Angiopoietin-like factor) (Angiopoietin-like protein 7) (Cornea-derived transcript 6 protein)
O43852	CALU	Calumenin (Crocalbin) (IEF SSP 9302)
O43854	EDIL3 DEL1	EGF-like repeat and discoidin I-like domain-containing protein 3 (Developmentally-regulated endothelial cell locus 1 protein) (Integrin-binding protein DEL1)
O43866	CD5L API6 UNQ203/PRO229	CD5 antigen-like (Apoptosis inhibitor expressed by macrophages) (hAIM) (CT-2) (IgM-associated peptide) (SP-alpha)
O43897	TLL1 TLL	Tolloid-like protein 1 (EC 3.4.24.-)
O43915	VEGFD FIGF	Vascular endothelial growth factor D (VEGF-D) (c-Fos-induced growth factor) (FIGF)
O43927	CXCL13 BCA1 BLC SCYB13	C-X-C motif chemokine 13 (Angie) (B cell-attracting chemokine 1) (BCA-1) (B lymphocyte chemoattractant) (CXC chemokine BLC) (Small-inducible cytokine B13)
O60218	AKR1B10 AKR1B11	Aldo-keto reductase family 1 member B10 (EC 1.1.1.300) (EC 1.1.1.54) (ARL-1) (Aldose reductase-like) (Aldose reductase-related protein) (ARP) (hARP) (Small intestine reductase) (SI reductase)
O60235	TMPRSS11D HAT	Transmembrane protease serine 11D (EC 3.4.21.-) (Airway trypsin-like protease) [Cleaved into: Transmembrane protease serine 11D non-catalytic chain; Transmembrane protease serine 11D catalytic chain]
O60241	ADGRB2 BAI2	Adhesion G protein-coupled receptor B2 (Brain-specific angiogenesis inhibitor 2)
O60258	FGF17 UNQ161/PRO187	Fibroblast growth factor 17 (FGF-17)
O60259	KLK8 NRPN PRSS19 TADG14 UNQ283/PRO322	Kallikrein-8 (hK8) (EC 3.4.21.118) (Neuropsin) (NP) (Ovasin) (Serine protease 19) (Serine protease TADG-14) (Tumor-associated differentially expressed gene 14 protein)
O60383	GDF9	Growth/differentiation factor 9 (GDF-9)
O60462	NRP2 VEGF165R2	Neuropilin-2 (Vascular endothelial cell growth factor 165 receptor 2)
O60469	DSCAM	Cell adhesion molecule DSCAM (CHD2) (Down syndrome cell adhesion molecule)
O60513	B4GALT4 UNQ552/PRO1109	Beta-1,4-galactosyltransferase 4 (Beta-1,4-GalTase 4) (Beta4Gal-T4) (b4Gal-T4) (EC 2.4.1.-) (Beta-N-acetylglucosaminyl-glycolipid beta-1,4-galactosyltransferase) (Lactotriaosylceramide beta-1,4-galactosyltransferase) (EC 2.4.1.275) (N-acetyllactosamine synthase) (EC 2.4.1.90) (Nal synthase) (UDP-Gal:beta-GlcNAc beta-1,4-galactosyltransferase 4) (UDP-galactose:beta-N-acetylglucosamine beta-1,4-galactosyltransferase 4)
O60565	GREM1 CKTSF1B1 DAND2 DRM PIG2	Gremlin-1 (Cell proliferation-inducing gene 2 protein) (Cysteine knot superfamily 1, BMP antagonist 1) (DAN domain family member 2) (Down-regulated in Mos-transformed cells protein) (Increased in high glucose protein 2) (IHG-2)
O60568	PLOD3	Multifunctional procollagen lysine hydroxylase and glycosyltransferase LH3 [Includes: Procollagen-lysine,2-oxoglutarate 5-dioxygenase 3 (EC 1.14.11.4) (Lysyl hydroxylase 3) (LH3); Procollagen glycosyltransferase (EC 2.4.1.50) (EC 2.4.1.66) (Galactosylhydroxylysine-glucosyltransferase) (Procollagen galactosyltransferase) (Procollagen glucosyltransferase)]
O60667	FCMR FAIM3 TOSO	Immunoglobulin mu Fc receptor (IgM FcR) (Fas apoptotic inhibitory molecule 3) (FAIM3) (Regulator of Fas-induced apoptosis Toso)
O60687	SRPX2 SRPUL	Sushi repeat-containing protein SRPX2 (Sushi-repeat protein upregulated in leukemia)
O60844	ZG16	Zymogen granule membrane protein 16 (Zymogen granule protein 16) (hZG16) (Secretory lectin ZG16)
O60882	MMP20	Matrix metalloproteinase-20 (MMP-20) (EC 3.4.24.-) (Enamel metalloproteinase) (Enamelysin)
O60938	KERA SLRR2B	Keratocan (KTN) (Keratan sulfate proteoglycan keratocan)
O75015	FCGR3B CD16B FCG3 FCGR3 IGFR3	Low affinity immunoglobulin gamma Fc region receptor III-B (Fc-gamma RIII-beta) (CD16-I) (Fc-gamma RIII) (Fc-gamma RIIIb) (FcRIII) (FcRIIIb) (FcR-10) (IgG Fc receptor III-1) (CD antigen CD16b)
O75077	ADAM23 MDC3	Disintegrin and metalloproteinase domain-containing protein 23 (ADAM 23) (Metalloproteinase-like, disintegrin-like, and cysteine-rich protein 3) (MDC-3)
O75093	SLIT1 KIAA0813 MEGF4 SLIL1	Slit homolog 1 protein (Slit-1) (Multiple epidermal growth factor-like domains protein 4) (Multiple EGF-like domains protein 4)
O75094	SLIT3 KIAA0814 MEGF5 SLIL2 UNQ691/PRO1336	Slit homolog 3 protein (Slit-3) (Multiple epidermal growth factor-like domains protein 5) (Multiple EGF-like domains protein 5)
O75173	ADAMTS4 KIAA0688 UNQ769/PRO1563	A disintegrin and metalloproteinase with thrombospondin motifs 4 (ADAM-TS 4) (ADAM-TS4) (ADAMTS-4) (EC 3.4.24.82) (ADMP-1) (Aggrecanase-1)
O75339	CILP UNQ602/PRO1188	Cartilage intermediate layer protein 1 (CILP-1) (Cartilage intermediate-layer protein) [Cleaved into: Cartilage intermediate layer protein 1 C1; Cartilage intermediate layer protein 1 C2]
O75354	ENTPD6 CD39L2 IL6ST2	Ectonucleoside triphosphate diphosphohydrolase 6 (NTPDase 6) (EC 3.6.1.6) (CD39 antigen-like 2)
O75356	ENTPD5 CD39L4 PCPH	Nucleoside diphosphate phosphatase ENTPD5 (EC 3.6.1.6) (CD39 antigen-like 4) (ER-UDPase) (Ectonucleoside triphosphate diphosphohydrolase 5) (NTPDase 5) (Guanosine-diphosphatase ENTPD5) (GDPase ENTPD5) (Inosine diphosphate phosphatase ENTPD5) (Nucleoside diphosphatase) (Uridine-diphosphatase ENTPD5) (UDPase ENTPD5)
O75386	TULP3 TUBL3	Tubby-related protein 3 (Tubby-like protein 3)
O75398	DEAF1 SPN ZMYND5	Deformed epidermal autoregulatory factor 1 homolog (Nuclear DEAF-1-related transcriptional regulator) (NUDR) (Suppressin) (Zinc finger MYND domain-containing protein 5)
O75443	TECTA	Alpha-tectorin
O75445	USH2A	Usherin (Usher syndrome type IIa protein) (Usher syndrome type-2A protein)
O75462	CRLF1 UNQ288/PRO327	Cytokine receptor-like factor 1 (Cytokine-like factor 1) (CLF-1) (ZcytoR5)
O75487	GPC4 UNQ474/PRO937	Glypican-4 (K-glypican) [Cleaved into: Secreted glypican-4]
O75503	CLN5 BMPS	Bis(monoacylglycero)phosphate synthase CLN5 (BMP synthase CLN5) (EC 2.3.1.-) (Ceroid-lipofuscinosis neuronal protein 5) (Protein CLN5) (Palmitoyl protein thioesterase CLN5) (EC 3.1.2.22) (S-depalmitoylase CLN5) [Cleaved into: Bis(monoacylglycero)phosphate synthase CLN5, secreted form]
O75556	SCGB2A1 LIPHC MGB2 UGB3	Mammaglobin-B (Lacryglobin) (Lipophilin-C) (Mammaglobin-2) (Secretoglobin family 2A member 1)
O75594	PGLYRP1 PGLYRP PGRP TNFSF3L SBBI68 UNQ639/PRO1269	Peptidoglycan recognition protein 1 (Peptidoglycan recognition protein short) (PGRP-S)
O75610	LEFTY1 LEFTB LEFTYB UNQ278/PRO317	Left-right determination factor 1 (Left-right determination factor B) (Protein lefty-1) (Protein lefty-B)
O75629	CREG1 CREG UNQ727/PRO1409	Protein CREG1 (Cellular repressor of E1A-stimulated genes 1)
O75636	FCN3 FCNH HAKA1	Ficolin-3 (Collagen/fibrinogen domain-containing lectin 3 p35) (Collagen/fibrinogen domain-containing protein 3) (H-ficolin) (Hakata antigen)
O75718	CRTAP CASP	Cartilage-associated protein
O75829	CNMD CHMI LECT1 MYETS1	Leukocyte cell-derived chemotaxin 1 (Chondromodulin) [Cleaved into: Chondrosurfactant protein (CH-SP); Chondromodulin-1 (Chondromodulin-I) (ChM-I)]
O75882	ATRN KIAA0548 MGCA	Attractin (DPPT-L) (Mahogany homolog)
O75888	TNFSF13 APRIL TALL2 ZTNF2 UNQ383/PRO715	Tumor necrosis factor ligand superfamily member 13 (A proliferation-inducing ligand) (APRIL) (TNF- and APOL-related leukocyte expressed ligand 2) (TALL-2) (TNF-related death ligand 1) (TRDL-1) (CD antigen CD256)
O75900	MMP23B MMP21 MMP22	Matrix metalloproteinase-23 (MMP-23) (EC 3.4.24.-) (Femalysin) (MIFR-1) (Matrix metalloproteinase-21) (MMP-21) (Matrix metalloproteinase-22) (MMP-22) [Cleaved into: Matrix metalloproteinase-23, soluble form]
O75951	LYZL6 LYC1 UNQ754/PRO1485	Lysozyme-like protein 6 (EC 3.2.1.17)
O76061	STC2	Stanniocalcin-2 (STC-2) (Stanniocalcin-related protein) (STC-related protein) (STCRP)
O76076	CCN5 CT58 CTGFL WISP2 UNQ228/PRO261	CCN family member 5 (Connective tissue growth factor-like protein) (CTGF-L) (Connective tissue growth factor-related protein 58) (WNT1-inducible-signaling pathway protein 2) (WISP-2)
O76093	FGF18 UNQ420/PRO856	Fibroblast growth factor 18 (FGF-18) (zFGF5)
O76096	CST7	Cystatin-F (Cystatin-7) (Cystatin-like metastasis-associated protein) (CMAP) (Leukocystatin)
O94769	ECM2	Extracellular matrix protein 2 (Matrix glycoprotein SC1/ECM2)
O94813	SLIT2 SLIL3	Slit homolog 2 protein (Slit-2) [Cleaved into: Slit homolog 2 protein N-product; Slit homolog 2 protein C-product]
O94907	DKK1 UNQ492/PRO1008	Dickkopf-related protein 1 (Dickkopf-1) (Dkk-1) (hDkk-1) (SK)
O94919	ENDOD1 KIAA0830	Endonuclease domain-containing 1 protein (EC 3.1.30.-)
O94964	MTCL2 C20orf117 KIAA0889 SOGA SOGA1	Microtubule cross-linking factor 2 (SOGA family member 1) (Suppressor of glucose by autophagy) (Suppressor of glucose, autophagy-associated protein 1) [Cleaved into: N-terminal form; C-terminal 80 kDa form (80-kDa SOGA fragment)]
O95150	TNFSF15 TL1 VEGI	Tumor necrosis factor ligand superfamily member 15 (TNF ligand-related molecule 1) (Vascular endothelial cell growth inhibitor) [Cleaved into: Tumor necrosis factor ligand superfamily member 15, membrane form; Tumor necrosis factor ligand superfamily member 15, secreted form]
O95196	CSPG5 CALEB NGC	Chondroitin sulfate proteoglycan 5 (Acidic leucine-rich EGF-like domain-containing brain protein) (Neuroglycan C)
O95388	CCN4 WISP1	CCN family member 4 (WNT1-inducible-signaling pathway protein 1) (WISP-1) (Wnt-1-induced secreted protein)
O95389	CCN6 WISP3 UNQ462/PRO790/PRO956	Cellular communication network factor 6 (CCN family member 6) (WNT1-inducible-signaling pathway protein 3) (WISP-3)
O95390	GDF11 BMP11	Growth/differentiation factor 11 (GDF-11) (Bone morphogenetic protein 11) (BMP-11)
O95393	BMP10	Bone morphogenetic protein 10 (BMP-10)
O95399	UTS2 UNQ525/PRO1068	Urotensin-2 (Urotensin II) (U-II) (UII)
O95407	TNFRSF6B DCR3 TR6 UNQ186/PRO212	Tumor necrosis factor receptor superfamily member 6B (Decoy receptor 3) (DcR3) (Decoy receptor for Fas ligand) (M68)
O95428	PAPLN UNQ2420/PRO4977	Papilin
O95445	APOM G3A NG20 HSPC336	Apolipoprotein M (Apo-M) (ApoM) (Protein G3a)
O95450	ADAMTS2 PCINP PCPNI	A disintegrin and metalloproteinase with thrombospondin motifs 2 (ADAM-TS 2) (ADAM-TS2) (ADAMTS-2) (EC 3.4.24.14) (Procollagen I N-proteinase) (PC I-NP) (Procollagen I/II amino propeptide-processing enzyme) (Procollagen N-endopeptidase) (pNPI)
O95460	MATN4	Matrilin-4
O95467	GNAS GNAS1	Neuroendocrine secretory protein 55 (NESP55) [Cleaved into: LHAL tetrapeptide; GPIPIRRH peptide]
O95631	NTN1 NTN1L	Netrin-1 (Epididymis tissue protein Li 131P)
O95633	FSTL3 FLRG UNQ674/PRO1308	Follistatin-related protein 3 (Follistatin-like protein 3) (Follistatin-related gene protein)
O95711	LY86 MD1	Lymphocyte antigen 86 (Ly-86) (Protein MD-1)
O95715	CXCL14 MIP2G NJAC SCYB14 PSEC0212 UNQ240/PRO273	C-X-C motif chemokine 14 (Chemokine BRAK) (MIP-2G) (Small-inducible cytokine B14)
O95750	FGF19 UNQ334/PRO533	Fibroblast growth factor 19 (FGF-19)
O95760	IL33 C9orf26 IL1F11 NFHEV	Interleukin-33 (IL-33) (Interleukin-1 family member 11) (IL-1F11) (Nuclear factor from high endothelial venules) (NF-HEV) [Cleaved into: Interleukin-33 (95-270); Interleukin-33 (99-270); Interleukin-33 (109-270)]
O95813	CER1 DAND4	Cerberus (Cerberus-related protein) (DAN domain family member 4)
O95833	CLIC3	Chloride intracellular channel protein 3 (Glutaredoxin-like oxidoreductase CLIC3) (EC 1.8.-.-)
O95897	OLFM2 NOE2	Noelin-2 (Olfactomedin-2)
O95925	EPPIN SPINLW1 WAP7 WFDC7	Eppin (Cancer/testis antigen 71) (CT71) (Epididymal protease inhibitor) (Protease inhibitor WAP7) (Serine protease inhibitor-like with Kunitz and WAP domains 1) (WAP four-disulfide core domain protein 7)
O95965	ITGBL1 OSCP TIED	Integrin beta-like protein 1 (Osteoblast-specific cysteine-rich protein) (Ten integrin EGF-like repeat domain-containing protein)
O95967	EFEMP2 FBLN4 UNQ200/PRO226	EGF-containing fibulin-like extracellular matrix protein 2 (Fibulin-4) (FIBL-4) (Protein UPH1)
O95968	SCGB1D1 LIPHA LPNA	Secretoglobin family 1D member 1 (Lipophilin-A)
O95970	LGI1 EPT UNQ775/PRO1569	Leucine-rich glioma-inactivated protein 1 (Epitempin-1)
O95971	CD160 BY55	CD160 antigen (Natural killer cell receptor BY55) (CD antigen CD160) [Cleaved into: CD160 antigen, soluble form]
O95972	BMP15 GDF9B	Bone morphogenetic protein 15 (BMP-15) (Growth/differentiation factor 9B) (GDF-9B)
O95994	AGR2 AG2 UNQ515/PRO1030	Anterior gradient protein 2 homolog (AG-2) (hAG-2) (HPC8) (Secreted cement gland protein XAG-2 homolog)
O95998	IL18BP	Interleukin-18-binding protein (IL-18BP) (Tadekinig-alfa)
O96009	NAPSA NAP1 NAPA	Napsin-A (EC 3.4.23.-) (Aspartyl protease 4) (ASP4) (Asp 4) (Napsin-1) (TA01/TA02)
O96014	WNT11	Protein Wnt-11
P00450	CP	Ceruloplasmin (Cuproxidase ceruloplasmin) (EC 1.16.3.4) (Ferroxidase ceruloplasmin) (EC 1.16.3.1) (Glutathione peroxidase ceruloplasmin) (EC 1.11.1.9) (Glutathione-dependent peroxiredoxin ceruloplasmin) (EC 1.11.1.27)
P00451	F8 F8C	Coagulation factor VIII (Antihemophilic factor) (AHF) (Procoagulant component) [Cleaved into: Factor VIIIa heavy chain, 200 kDa isoform; Factor VIIIa heavy chain, 92 kDa isoform; Factor VIII B chain; Factor VIIIa light chain]
P00488	F13A1 F13A	Coagulation factor XIII A chain (Coagulation factor XIIIa) (EC 2.3.2.13) (Protein-glutamine gamma-glutamyltransferase A chain) (Transglutaminase A chain)
P00533	EGFR ERBB ERBB1 HER1	Epidermal growth factor receptor (EC 2.7.10.1) (Proto-oncogene c-ErbB-1) (Receptor tyrosine-protein kinase erbB-1)
P00709	LALBA LYZL7	Alpha-lactalbumin (Lactose synthase B protein) (Lysozyme-like protein 7)
P00734	F2	Prothrombin (EC 3.4.21.5) (Coagulation factor II) [Cleaved into: Activation peptide fragment 1; Activation peptide fragment 2; Thrombin light chain; Thrombin heavy chain]
P00736	C1R	Complement C1r subcomponent (EC 3.4.21.41) (Complement component 1 subcomponent r) [Cleaved into: Complement C1r subcomponent heavy chain (Complement C1r subcomponent chain A); Complement C1r subcomponent light chain (Complement C1r subcomponent chain B)]
P00738	HP	Haptoglobin (Zonulin) [Cleaved into: Haptoglobin alpha chain; Haptoglobin beta chain]
P00739	HPR	Haptoglobin-related protein
P00740	F9	Coagulation factor IX (EC 3.4.21.22) (Christmas factor) (Plasma thromboplastin component) (PTC) [Cleaved into: Coagulation factor IXa light chain; Coagulation factor IXa heavy chain]
P00742	F10	Coagulation factor X (EC 3.4.21.6) (Stuart factor) (Stuart-Prower factor) [Cleaved into: Factor X light chain; Factor X heavy chain; Activated factor Xa heavy chain]
P00746	CFD DF PFD	Complement factor D (EC 3.4.21.46) (Adipsin) (C3 convertase activator) (Properdin factor D)
P00747	PLG	Plasminogen (EC 3.4.21.7) [Cleaved into: Plasmin heavy chain A; Activation peptide; Angiostatin; Plasmin heavy chain A, short form; Plasmin light chain B]
P00748	F12	Coagulation factor XII (EC 3.4.21.38) (Hageman factor) (HAF) [Cleaved into: Coagulation factor XIIa heavy chain; Beta-factor XIIa part 1; Coagulation factor XIIa light chain (Beta-factor XIIa part 2)]
P00749	PLAU	Urokinase-type plasminogen activator (U-plasminogen activator) (uPA) (EC 3.4.21.73) [Cleaved into: Urokinase-type plasminogen activator long chain A; Urokinase-type plasminogen activator short chain A; Urokinase-type plasminogen activator chain B]
P00750	PLAT	Tissue-type plasminogen activator (t-PA) (t-plasminogen activator) (tPA) (EC 3.4.21.68) (Alteplase) (Reteplase) [Cleaved into: Tissue-type plasminogen activator chain A; Tissue-type plasminogen activator chain B]
P00751	CFB BF BFD	Complement factor B (EC 3.4.21.47) (C3/C5 convertase) (Glycine-rich beta glycoprotein) (GBG) (PBF2) (Properdin factor B) [Cleaved into: Complement factor B Ba (Ba); Complement factor B Bb (Bb)]
P00797	REN	Renin (EC 3.4.23.15) (Angiotensinogenase)
P00973	OAS1 OIAS	2'-5'-oligoadenylate synthase 1 ((2-5')oligo(A) synthase 1) (2-5A synthase 1) (EC 2.7.7.84) (E18/E16) (p46/p42 OAS)
P00995	SPINK1 PSTI	Serine protease inhibitor Kazal-type 1 (Pancreatic secretory trypsin inhibitor) (Tumor-associated trypsin inhibitor) (TATI)
P01008	SERPINC1 AT3 PRO0309	Antithrombin-III (ATIII) (Serpin C1)
P01009	SERPINA1 AAT PI PRO0684 PRO2209	Alpha-1-antitrypsin (Alpha-1 protease inhibitor) (Alpha-1-antiproteinase) (Serpin A1) [Cleaved into: Short peptide from AAT (SPAAT)]
P01011	SERPINA3 AACT GIG24 GIG25	Alpha-1-antichymotrypsin (ACT) (Cell growth-inhibiting gene 24/25 protein) (Serpin A3) [Cleaved into: Alpha-1-antichymotrypsin His-Pro-less]
P01019	AGT SERPINA8	Angiotensinogen (Serpin A8) [Cleaved into: Angiotensin-1 (Angiotensin 1-10) (Angiotensin I) (Ang I); Angiotensin-2 (Angiotensin 1-8) (Angiotensin II) (Ang II); Angiotensin-3 (Angiotensin 2-8) (Angiotensin III) (Ang III) (Des-Asp[1]-angiotensin II); Angiotensin-4 (Angiotensin 3-8) (Angiotensin IV) (Ang IV); Angiotensin 1-9; Angiotensin 1-7; Angiotensin 1-5; Angiotensin 1-4]
P01023	A2M CPAMD5 FWP007	Alpha-2-macroglobulin (Alpha-2-M) (C3 and PZP-like alpha-2-macroglobulin domain-containing protein 5)
P01024	C3 CPAMD1	Complement C3 (C3 and PZP-like alpha-2-macroglobulin domain-containing protein 1) [Cleaved into: Complement C3 beta chain; C3-beta-c (C3bc); Complement C3 alpha chain; C3a anaphylatoxin; Acylation stimulating protein (ASP) (C3adesArg); Complement C3b (Complement C3b-alpha' chain); Complement C3c alpha' chain fragment 1; Complement C3dg fragment; Complement C3g fragment; Complement C3d fragment; Complement C3f fragment; Complement C3c alpha' chain fragment 2]
P01031	C5 CPAMD4	Complement C5 (C3 and PZP-like alpha-2-macroglobulin domain-containing protein 4) [Cleaved into: Complement C5 beta chain; Complement C5 alpha chain; C5a anaphylatoxin; Complement C5b (Complement C5 alpha' chain)]
P01033	TIMP1 CLGI TIMP	Metalloproteinase inhibitor 1 (Erythroid-potentiating activity) (EPA) (Fibroblast collagenase inhibitor) (Collagenase inhibitor) (Tissue inhibitor of metalloproteinases 1) (TIMP-1)
P01034	CST3	Cystatin-C (Cystatin-3) (Gamma-trace) (Neuroendocrine basic polypeptide) (Post-gamma-globulin)
P01036	CST4	Cystatin-S (Cystatin-4) (Cystatin-SA-III) (Salivary acidic protein 1)
P01037	CST1	Cystatin-SN (Cystain-SA-I) (Cystatin-1) (Salivary cystatin-SA-1)
P01042	KNG1 BDK KNG	Kininogen-1 (Alpha-2-thiol proteinase inhibitor) (Fitzgerald factor) (High molecular weight kininogen) (HMWK) (Williams-Fitzgerald-Flaujeac factor) [Cleaved into: Kininogen-1 heavy chain; T-kinin (Ile-Ser-Bradykinin); Bradykinin (Kallidin I); Lysyl-bradykinin (Kallidin II); Kininogen-1 light chain; Low molecular weight growth-promoting factor]
P01127	PDGFB PDGF2 SIS	Platelet-derived growth factor subunit B (PDGF subunit B) (PDGF-2) (Platelet-derived growth factor B chain) (Platelet-derived growth factor beta polypeptide) (Proto-oncogene c-Sis) (Becaplermin)
P01135	TGFA	Protransforming growth factor alpha [Cleaved into: Transforming growth factor alpha (TGF-alpha) (EGF-like TGF) (ETGF) (TGF type 1)]
P01137	TGFB1 TGFB	Transforming growth factor beta-1 proprotein [Cleaved into: Latency-associated peptide (LAP); Transforming growth factor beta-1 (TGF-beta-1)]
P01138	NGF NGFB	Beta-nerve growth factor (Beta-NGF)
P01148	GNRH1 GNRH GRH LHRH	Progonadoliberin-1 (Progonadoliberin I) [Cleaved into: Gonadoliberin-1 (Gonadoliberin I) (Gonadorelin) (Gonadotropin-releasing hormone I) (GnRH-I) (Luliberin I) (Luteinizing hormone-releasing hormone I) (LH-RH I); GnRH-associated peptide 1 (GnRH-associated peptide I)]
P01160	NPPA ANP PND	Natriuretic peptides A (Atrial natriuretic factor prohormone) (proANF) (Atrial natriuretic peptide prohormone) (preproANP) (proANP) (Atriopeptigen) (Cardiodilatin) (CDD) (preproCDD-ANF) [Cleaved into: Long-acting natriuretic peptide (LANP) (Long-acting natriuretic hormone) (LANH) (Pro atrial natriuretic factor 1-30) (proANF 1-30) (Pro atrial natriuretic peptide 1-30) (proANP 1-30); Vessel dilator (VSDL) (Pro atrial natriuretic factor 31-67) (proANF 31-67) (Pro atrial natriuretic peptide 31-67) (proANP 31-67); Kaliuretic peptide (KP) (Pro atrial natriuretic factor 79-98) (proANF 79-98) (Pro atrial natriuretic peptide 79-98) (proANP 79-98); Urodilatin (URO) (CDD 95-126) (CDD-ANP (95-126)) (Pro atrial natriuretic peptide 95-126) (proANP 95-126); Auriculin-C (Atrial natriuretic factor 1-33) (ANF 1-33); Auriculin-D (Atrial natriuretic factor 3-33) (ANF 3-33); Atrial natriuretic peptide (ANP) (Alpha-atrial natriuretic peptide) (Alpha-hANP) (Atrial natriuretic factor) (ANF) (CDD-ANF) (CDD-ANP (99-126)) (Cardionatrin) (Pro atrial natriuretic factor 99-126) (proANF 99-126); Auriculin-B (Atrial natriuretic factor 8-33) (ANF 8-33); Auriculin-A; Atriopeptin-1 (Atriopeptin I); Atriopeptin-2 (Atriopeptin II); Atriopeptin-3 (Atriopeptin III)]
P01178	OXT OT	Oxytocin-neurophysin 1 (OT-NPI) [Cleaved into: Oxytocin (Ocytocin); Neurophysin 1]
P01185	AVP ARVP VP	Vasopressin-neurophysin 2-copeptin (AVP-NPII) [Cleaved into: Arg-vasopressin (Arginine-vasopressin); Neurophysin 2 (Neurophysin-II); Copeptin]
P01189	POMC	Pro-opiomelanocortin (POMC) (Corticotropin-lipotropin) [Cleaved into: NPP; Melanotropin gamma (Gamma-MSH); Potential peptide; Corticotropin (Adrenocorticotropic hormone) (ACTH); Melanocyte-stimulating hormone alpha (Alpha-MSH) (Melanotropin alpha); Corticotropin-like intermediary peptide (CLIP); Lipotropin beta (Beta-LPH); Lipotropin gamma (Gamma-LPH); Melanocyte-stimulating hormone beta (Beta-MSH) (Melanotropin beta); Beta-endorphin; Met-enkephalin]
P01210	PENK	Proenkephalin-A [Cleaved into: Synenkephalin; Met-enkephalin (Opioid growth factor) (OGF); PENK(114-133); PENK(143-183); Met-enkephalin-Arg-Gly-Leu; Leu-enkephalin; PENK(237-258); Met-enkephalin-Arg-Phe; Neuropeptide BAM22 (Bovine adrenal medulla peptide 22); Neuropeptide BAM20 (Bovine adrenal medulla peptide 20); Neuropeptide BAM8-22 (Bovine adrenal medulla peptide 8-22) (BAM(8-22))]
P01213	PDYN	Proenkephalin-B (Beta-neoendorphin-dynorphin) (Preprodynorphin) [Cleaved into: Alpha-neoendorphin; Beta-neoendorphin; Big dynorphin (Big Dyn); Dynorphin A(1-17) (Dyn-A17) (Dynorphin A); Dynorphin A(1-13); Dynorphin A(1-8); Leu-enkephalin; Rimorphin (Dynorphin B) (Dyn-B) (Dynorphin B(1-13)); Leumorphin (Dynorphin B-29)]
P01215	CGA	Glycoprotein hormones alpha chain (Anterior pituitary glycoprotein hormones common subunit alpha) (Choriogonadotropin alpha chain) (Chorionic gonadotrophin subunit alpha) (CG-alpha) (Follicle-stimulating hormone alpha chain) (FSH-alpha) (Follitropin alpha chain) (Luteinizing hormone alpha chain) (LSH-alpha) (Lutropin alpha chain) (Thyroid-stimulating hormone alpha chain) (TSH-alpha) (Thyrotropin alpha chain)
P01222	TSHB	Thyrotropin subunit beta (Thyroid-stimulating hormone subunit beta) (TSH-B) (TSH-beta) (Thyrotropin beta chain) (Thyrotropin alfa)
P01225	FSHB	Follitropin subunit beta (Follicle-stimulating hormone beta subunit) (FSH-B) (FSH-beta) (Follitropin beta chain)
P01229	LHB	Lutropin subunit beta (Lutropin beta chain) (Luteinizing hormone subunit beta) (LH-B) (LSH-B) (LSH-beta)
P01236	PRL	Prolactin (PRL)
P01241	GH1	Somatotropin (Growth hormone) (GH) (GH-N) (Growth hormone 1) (Pituitary growth hormone)
P01242	GH2	Growth hormone variant (GH-V) (Growth hormone 2) (Placenta-specific growth hormone)
P01258	CALCA CALC1	Calcitonin [Cleaved into: Calcitonin (CT); Katacalcin (Calcitonin carboxyl-terminal peptide) (CCP) (PDN-21)]
P01266	TG	Thyroglobulin (Tg)
P01270	PTH	Parathyroid hormone (PTH) (Parathormone) (Parathyrin)
P01275	GCG	Pro-glucagon [Cleaved into: Glicentin; Glicentin-related polypeptide (GRPP); Oxyntomodulin (OXM) (OXY); Glucagon; Glucagon-like peptide 1 (GLP-1) (Incretin hormone); Glucagon-like peptide 1(7-37) (GLP-1(7-37)); Glucagon-like peptide 1(7-36) (GLP-1(7-36)); Glucagon-like peptide 2 (GLP-2)]
P01282	VIP	VIP peptides [Cleaved into: Intestinal peptide PHV-42 (Peptide histidine valine 42) (PHV-42); Intestinal peptide PHM-27 (Peptide histidine methioninamide 27) (PHM-27); Vasoactive intestinal peptide (VIP) (Vasoactive intestinal polypeptide)]
P01286	GHRH GHRF	Somatoliberin (Growth hormone-releasing factor) (GRF) (Growth hormone-releasing hormone) (GHRH) (Somatocrinin) (Somatorelin) (Sermorelin)
P01298	PPY PNP	Pancreatic polypeptide prohormone (PH) (Pancreatic polypeptide Y) (Obinepitide) [Cleaved into: Pancreatic polypeptide (HPP) (PP); Pancreatic icosapeptide (PI)]
P01303	NPY	Pro-neuropeptide Y [Cleaved into: Neuropeptide Y (Neuropeptide tyrosine) (NPY); C-flanking peptide of NPY (CPON)]
P01308	INS	Insulin [Cleaved into: Insulin B chain; Insulin A chain]
P01344	IGF2 IGF-2 PP1446	Insulin-like growth factor 2 (Insulin-like growth factor II) (IGF-II) (Somatomedin-A) (T3M-11-derived growth factor) [Cleaved into: Insulin-like growth factor II Ala-25 Del; Preptin]
P01350	GAST GAS	Gastrin [Cleaved into: Gastrin-71 (Gastrin component I); Gastrin-52 (G52); Big gastrin (Gastrin component II) (Gastrin-34) (G34); Gastrin (Gastrin component III) (Gastrin-17) (G17); Gastrin-14 (G14); Gastrin-6 (G6)]
P01374	LTA TNFB TNFSF1	Lymphotoxin-alpha (LT-alpha) (TNF-beta) (Tumor necrosis factor ligand superfamily member 1)
P01375	TNF TNFA TNFSF2	Tumor necrosis factor (Cachectin) (TNF-alpha) (Tumor necrosis factor ligand superfamily member 2) (TNF-a) [Cleaved into: Tumor necrosis factor, membrane form (N-terminal fragment) (NTF); Intracellular domain 1 (ICD1); Intracellular domain 2 (ICD2); C-domain 1; C-domain 2; Tumor necrosis factor, soluble form]
P01563	IFNA2 IFNA2A IFNA2B IFNA2C	Interferon alpha-2 (IFN-alpha-2) (Interferon alpha-A) (LeIF A)
P01567	IFNA7	Interferon alpha-7 (IFN-alpha-7) (Interferon alpha-J) (LeIF J) (Interferon alpha-J1) (IFN-alpha-J1)
P01568	IFNA21	Interferon alpha-21 (IFN-alpha-21) (Interferon alpha-F) (LeIF F)
P01570	IFNA14	Interferon alpha-14 (IFN-alpha-14) (Interferon alpha-H) (LeIF H) (Interferon lambda-2-H)
P01571	IFNA17	Interferon alpha-17 (IFN-alpha-17) (Interferon alpha-88) (Interferon alpha-I') (LeIF I) (Interferon alpha-T)
P01574	IFNB1 IFB IFNB	Interferon beta (IFN-beta) (Fibroblast interferon)
P01579	IFNG	Interferon gamma (IFN-gamma) (Immune interferon)
P01583	IL1A IL1F1	Interleukin-1 alpha (IL-1 alpha) (Hematopoietin-1)
P01584	IL1B IL1F2	Interleukin-1 beta (IL-1 beta) (Catabolin)
P01588	EPO	Erythropoietin (Epoetin)
P01591	JCHAIN IGCJ IGJ	Immunoglobulin J chain (Joining chain of multimeric IgA and IgM)
P01593	IGKV1D-33	Immunoglobulin kappa variable 1D-33 (Ig kappa chain V-I region AG) (Ig kappa chain V-I region Bi) (Ig kappa chain V-I region Lay) (Ig kappa chain V-I region Ni) (Ig kappa chain V-I region Rei) (Ig kappa chain V-I region Roy) (Ig kappa chain V-I region Scw) (Ig kappa chain V-I region WAT)
P01594	IGKV1-33	Immunoglobulin kappa variable 1-33 (Ig kappa chain V-I region AU) (Ig kappa chain V-I region Ka)
P01597	IGKV1-39	Immunoglobulin kappa variable 1-39 (Ig kappa chain V-I region DEE) (Ig kappa chain V-I region Hau) (Ig kappa chain V-I region Mev) (Ig kappa chain V-I region OU) (Ig kappa chain V-I region Walker)
P01602	IGKV1-5	Immunoglobulin kappa variable 1-5 (Ig kappa chain V-I region CAR) (Ig kappa chain V-I region EU) (Ig kappa chain V-I region HK102) (Ig kappa chain V-I region Kue)
P01615	IGKV2D-28	Immunoglobulin kappa variable 2D-28 (Ig kappa chain V-II region FR) (Ig kappa chain V-II region GM607) (Ig kappa chain V-II region MIL) (Ig kappa chain V-II region TEW)
P01619	IGKV3-20	Immunoglobulin kappa variable 3-20 (Ig kappa chain V-III region B6) (Ig kappa chain V-III region GOL) (Ig kappa chain V-III region HAH) (Ig kappa chain V-III region HIC) (Ig kappa chain V-III region IARC/BL41) (Ig kappa chain V-III region NG9) (Ig kappa chain V-III region SIE) (Ig kappa chain V-III region Ti) (Ig kappa chain V-III region WOL)
P01699	IGLV1-44	Immunoglobulin lambda variable 1-44 (Ig lambda chain V-I region MEM) (Ig lambda chain V-I region VOR)
P01700	IGLV1-47	Immunoglobulin lambda variable 1-47 (Ig lambda chain V-I region HA) (Ig lambda chain V-I region WAH)
P01701	IGLV1-51	Immunoglobulin lambda variable 1-51 (Ig lambda chain V-I region BL2) (Ig lambda chain V-I region EPS) (Ig lambda chain V-I region NEW) (Ig lambda chain V-I region NIG-64)
P01704	IGLV2-14	Immunoglobulin lambda variable 2-14 (Ig lambda chain V-II region NIG-84) (Ig lambda chain V-II region TOG) (Ig lambda chain V-II region VIL)
P01705	IGLV2-23	Immunoglobulin lambda variable 2-23 (Ig lambda chain V-II region NEI)
P01706	IGLV2-11	Immunoglobulin lambda variable 2-11 (Ig gamma lambda chain V-II region DOT) (Ig lambda chain V-II region BOH) (Ig lambda chain V-II region BUR) (Ig lambda chain V-II region NIG-58) (Ig lambda chain V-II region TRO) (Ig lambda chain V-II region WIN)
P01709	IGLV2-8	Immunoglobulin lambda variable 2-8 (Ig lambda chain V-II region BO) (Ig lambda chain V-II region MGC)
P01721	IGLV6-57	Immunoglobulin lambda variable 6-57 (Ig lambda chain V-VI region AR) (Ig lambda chain V-VI region EB4) (Ig lambda chain V-VI region NIG-48) (Ig lambda chain V-VI region SUT) (Ig lambda chain V-VI region WLT)
P01732	CD8A MAL	T-cell surface glycoprotein CD8 alpha chain (T-lymphocyte differentiation antigen T8/Leu-2) (CD antigen CD8a)
P01742	IGHV1-69	Immunoglobulin heavy variable 1-69 (Ig heavy chain V-I region EU) (Ig heavy chain V-I region SIE) (Ig heavy chain V-I region WOL)
P01764	IGHV3-23	Immunoglobulin heavy variable 3-23 (Ig heavy chain V-III region LAY) (Ig heavy chain V-III region POM) (Ig heavy chain V-III region TEI) (Ig heavy chain V-III region TIL) (Ig heavy chain V-III region TUR) (Ig heavy chain V-III region VH26) (Ig heavy chain V-III region WAS) (Ig heavy chain V-III region ZAP)
P01768	IGHV3-30	Immunoglobulin heavy variable 3-30 (Ig heavy chain V-III region BUR) (Ig heavy chain V-III region CAM) (Ig heavy chain V-III region GA) (Ig heavy chain V-III region NIE)
P01772	IGHV3-33	Immunoglobulin heavy variable 3-33 (Ig heavy chain V-III region HIL) (Ig heavy chain V-III region KOL)
P01780	IGHV3-7	Immunoglobulin heavy variable 3-7 (Ig heavy chain V-III region GAL) (Ig heavy chain V-III region GAR) (Ig heavy chain V-III region JON)
P01814	IGHV2-70	Immunoglobulin heavy variable 2-70 (Ig heavy chain V-II region COR) (Ig heavy chain V-II region DAW) (Ig heavy chain V-II region OU) (Ig heavy chain V-II region SESS)
P01817	IGHV2-5	Immunoglobulin heavy variable 2-5 (Ig heavy chain V-II region HE) (Ig heavy chain V-II region MCE)
P01825	IGHV4-59	Immunoglobulin heavy variable 4-59 (Ig heavy chain V-II region NEWM)
P01833	PIGR	Polymeric immunoglobulin receptor (PIgR) (Poly-Ig receptor) (Hepatocellular carcinoma-associated protein TB6) [Cleaved into: Secretory component]
P01834	IGKC	Immunoglobulin kappa constant (Ig kappa chain C region) (Ig kappa chain C region AG) (Ig kappa chain C region CUM) (Ig kappa chain C region EU) (Ig kappa chain C region OU) (Ig kappa chain C region ROY) (Ig kappa chain C region TI)
P01854	IGHE	Immunoglobulin heavy constant epsilon (Ig epsilon chain C region) (Ig epsilon chain C region ND)
P01857	IGHG1	Immunoglobulin heavy constant gamma 1 (Ig gamma-1 chain C region) (Ig gamma-1 chain C region EU) (Ig gamma-1 chain C region KOL) (Ig gamma-1 chain C region NIE)
P01859	IGHG2	Immunoglobulin heavy constant gamma 2 (Ig gamma-2 chain C region) (Ig gamma-2 chain C region DOT) (Ig gamma-2 chain C region TIL) (Ig gamma-2 chain C region ZIE)
P01860	IGHG3	Immunoglobulin heavy constant gamma 3 (HDC) (Heavy chain disease protein) (Ig gamma-3 chain C region)
P01861	IGHG4	Immunoglobulin heavy constant gamma 4 (Ig gamma-4 chain C region)
P01871	IGHM	Immunoglobulin heavy constant mu (Ig mu chain C region) (Ig mu chain C region BOT) (Ig mu chain C region GAL) (Ig mu chain C region OU)
P01876	IGHA1	Immunoglobulin heavy constant alpha 1 (Ig alpha-1 chain C region) (Ig alpha-1 chain C region BUR) (Ig alpha-1 chain C region TRO)
P01877	IGHA2	Immunoglobulin heavy constant alpha 2 (Ig alpha-2 chain C region) (Ig alpha-2 chain C region BUT) (Ig alpha-2 chain C region LAN)
P01880	IGHD	Immunoglobulin heavy constant delta (Ig delta chain C region) (Ig delta chain C region NIG-65) (Ig delta chain C region WAH)
P02452	COL1A1	Collagen alpha-1(I) chain (Alpha-1 type I collagen)
P02458	COL2A1	Collagen alpha-1(II) chain (Alpha-1 type II collagen) [Cleaved into: Collagen alpha-1(II) chain; Chondrocalcin]
P02461	COL3A1	Collagen alpha-1(III) chain
P02462	COL4A1	Collagen alpha-1(IV) chain [Cleaved into: Arresten]
P02511	CRYAB CRYA2 HSPB5	Alpha-crystallin B chain (Alpha(B)-crystallin) (Heat shock protein beta-5) (HspB5) (Heat shock protein family B member 5) (Renal carcinoma antigen NY-REN-27) (Rosenthal fiber component)
P02647	APOA1	Apolipoprotein A-I (Apo-AI) (ApoA-I) (Apolipoprotein A1) [Cleaved into: Proapolipoprotein A-I (ProapoA-I); Truncated apolipoprotein A-I (Apolipoprotein A-I(1-242))]
P02649	APOE	Apolipoprotein E (Apo-E)
P02652	APOA2	Apolipoprotein A-II (Apo-AII) (ApoA-II) (Apolipoprotein A2) [Cleaved into: Proapolipoprotein A-II (ProapoA-II); Truncated apolipoprotein A-II (Apolipoprotein A-II(1-76))]
P02654	APOC1	Apolipoprotein C-I (Apo-CI) (ApoC-I) (Apolipoprotein C1) [Cleaved into: Truncated apolipoprotein C-I]
P02655	APOC2 APC2	Apolipoprotein C-II (Apo-CII) (ApoC-II) (Apolipoprotein C2) [Cleaved into: Proapolipoprotein C-II (ProapoC-II)]
P02656	APOC3	Apolipoprotein C-III (Apo-CIII) (ApoC-III) (Apolipoprotein C3)
P02671	FGA	Fibrinogen alpha chain [Cleaved into: Fibrinopeptide A; Fibrinogen alpha chain]
P02675	FGB	Fibrinogen beta chain [Cleaved into: Fibrinopeptide B; Fibrinogen beta chain]
P02679	FGG PRO2061	Fibrinogen gamma chain
P02741	CRP PTX1	C-reactive protein [Cleaved into: C-reactive protein(1-205)]
P02743	APCS PTX2	Serum amyloid P-component (SAP) (9.5S alpha-1-glycoprotein) [Cleaved into: Serum amyloid P-component(1-203)]
P02745	C1QA	Complement C1q subcomponent subunit A
P02746	C1QB	Complement C1q subcomponent subunit B
P02747	C1QC C1QG	Complement C1q subcomponent subunit C
P02748	C9	Complement component C9 [Cleaved into: Complement component C9a; Complement component C9b]
P02749	APOH B2G1	Beta-2-glycoprotein 1 (APC inhibitor) (Activated protein C-binding protein) (Anticardiolipin cofactor) (Apolipoprotein H) (Apo-H) (Beta-2-glycoprotein I) (B2GPI) (Beta(2)GPI)
P02750	LRG1 LRG	Leucine-rich alpha-2-glycoprotein (LRG)
P02751	FN1 FN	Fibronectin (FN) (Cold-insoluble globulin) (CIG) [Cleaved into: Anastellin; Ugl-Y1; Ugl-Y2; Ugl-Y3]
P02753	RBP4 PRO2222	Retinol-binding protein 4 (Plasma retinol-binding protein) (PRBP) (RBP) [Cleaved into: Plasma retinol-binding protein(1-182); Plasma retinol-binding protein(1-181); Plasma retinol-binding protein(1-179); Plasma retinol-binding protein(1-176)]
P02760	AMBP HCP ITIL	Protein AMBP (Protein HC) [Cleaved into: Alpha-1-microglobulin (EC 1.6.2.-) (Alpha-1 microglycoprotein) (Complex-forming glycoprotein heterogeneous in charge); Inter-alpha-trypsin inhibitor light chain (ITI-LC) (Bikunin) (EDC1) (HI-30) (Uronic-acid-rich protein); Trypstatin]
P02763	ORM1 AGP1	Alpha-1-acid glycoprotein 1 (AGP 1) (Orosomucoid-1) (OMD 1)
P02765	AHSG FETUA PRO2743	Alpha-2-HS-glycoprotein (Alpha-2-Z-globulin) (Ba-alpha-2-glycoprotein) (Fetuin-A) [Cleaved into: Alpha-2-HS-glycoprotein chain A; Alpha-2-HS-glycoprotein chain B]
P02766	TTR PALB	Transthyretin (ATTR) (Prealbumin) (TBPA)
P02768	ALB GIG20 GIG42 PRO0903 PRO1708 PRO2044 PRO2619 PRO2675 UNQ696/PRO1341	Albumin
P02771	AFP HPAFP	Alpha-fetoprotein (Alpha-1-fetoprotein) (Alpha-fetoglobulin)
P02774	GC	Vitamin D-binding protein (DBP) (VDB) (Gc protein-derived macrophage activating factor) (Gc-MAF) (GcMAF) (Gc-globulin) (Group-specific component) (Gc) (Vitamin D-binding protein-macrophage activating factor) (DBP-maf)
P02775	PPBP CTAP3 CXCL7 SCYB7 TGB1 THBGB1	Platelet basic protein (PBP) (C-X-C motif chemokine 7) (Leukocyte-derived growth factor) (LDGF) (Macrophage-derived growth factor) (MDGF) (Small-inducible cytokine B7) [Cleaved into: Connective tissue-activating peptide III (CTAP-III) (LA-PF4) (Low-affinity platelet factor IV); TC-2; Connective tissue-activating peptide III(1-81) (CTAP-III(1-81)); Beta-thromboglobulin (Beta-TG); Neutrophil-activating peptide 2(74) (NAP-2(74)); Neutrophil-activating peptide 2(73) (NAP-2(73)); Neutrophil-activating peptide 2 (NAP-2); TC-1; Neutrophil-activating peptide 2(1-66) (NAP-2(1-66)); Neutrophil-activating peptide 2(1-63) (NAP-2(1-63))]
P02776	PF4 CXCL4 SCYB4	Platelet factor 4 (PF-4) (C-X-C motif chemokine 4) (Iroplact) (Oncostatin-A) [Cleaved into: Platelet factor 4, short form (Endothelial cell growth inhibitor)]
P02778	CXCL10 INP10 SCYB10	C-X-C motif chemokine 10 (10 kDa interferon gamma-induced protein) (Gamma-IP10) (IP-10) (Small-inducible cytokine B10) [Cleaved into: CXCL10(1-73)]
P02786	TFRC	Transferrin receptor protein 1 (TR) (TfR) (TfR1) (Trfr) (T9) (Transferrin receptor 1) (p90) (CD antigen CD71) [Cleaved into: Transferrin receptor protein 1, serum form (sTfR)]
P02787	TF PRO1400	Serotransferrin (Transferrin) (Beta-1 metal-binding globulin) (Siderophilin)
P02788	LTF GIG12 LF	Lactotransferrin (Lactoferrin) (EC 3.4.21.-) (Growth-inhibiting protein 12) (Talalactoferrin) [Cleaved into: Lactoferricin-H (Lfcin-H); Kaliocin-1; Lactoferroxin-A; Lactoferroxin-B; Lactoferroxin-C]
P02790	HPX	Hemopexin (Beta-1B-glycoprotein)
P02808	STATH	Statherin
P02810	PRH1; PRH2	Salivary acidic proline-rich phosphoprotein 1/2 (Db-s) (PRP-1/PRP-2) (Parotid acidic protein) (Pa) (Parotid double-band protein) (Parotid isoelectric focusing variant protein) (PIF-S) (Parotid proline-rich protein 1/2) (Pr1/Pr2) (Protein C) [Cleaved into: Salivary acidic proline-rich phosphoprotein 1/2; Salivary acidic proline-rich phosphoprotein 3/4 (Db-F) (PIF-F) (PRP-3/PRP-4) (Protein A); Peptide P-C]
P02812	PRB2	Basic salivary proline-rich protein 2 (Salivary proline-rich protein) (Con1 glycoprotein) [Cleaved into: Basic proline-rich peptide IB-1; Basic proline-rich peptide P-E (IB-9); Basic proline-rich peptide IB-7; Basic proline-rich peptide IB-8c (Basic peptide P-F); Basic proline-rich peptide IB-4]
P02814	SMR3B PBII PRL3 PROL3	Submaxillary gland androgen-regulated protein 3B (Proline-rich peptide P-B) (Proline-rich protein 3) [Cleaved into: Peptide P-A; Peptide D1A]
P02818	BGLAP	Osteocalcin (Bone Gla protein) (BGP) (Gamma-carboxyglutamic acid-containing protein)
P03950	ANG RNASE5	Angiogenin (EC 3.1.27.-) (Ribonuclease 5) (RNase 5)
P03951	F11	Coagulation factor XI (FXI) (EC 3.4.21.27) (Plasma thromboplastin antecedent) (PTA) [Cleaved into: Coagulation factor XIa heavy chain; Coagulation factor XIa light chain]
P03952	KLKB1 KLK3	Plasma kallikrein (EC 3.4.21.34) (Fletcher factor) (Kininogenin) (Plasma prekallikrein) (PKK) [Cleaved into: Plasma kallikrein heavy chain; Plasma kallikrein light chain]
P03956	MMP1 CLG	Interstitial collagenase (EC 3.4.24.7) (Fibroblast collagenase) (Matrix metalloproteinase-1) (MMP-1) [Cleaved into: 22 kDa interstitial collagenase; 27 kDa interstitial collagenase]
P03971	AMH MIF	Anti-Muellerian hormone (AMH) (Muellerian-inhibiting factor) (Muellerian-inhibiting substance) (MIS)
P03973	SLPI WAP4 WFDC4	Antileukoproteinase (ALP) (BLPI) (HUSI-1) (Mucus proteinase inhibitor) (MPI) (Protease inhibitor WAP4) (Secretory leukocyte protease inhibitor) (Seminal proteinase inhibitor) (WAP four-disulfide core domain protein 4)
P04003	C4BPA C4BP	C4b-binding protein alpha chain (C4bp) (Proline-rich protein) (PRP)
P04004	VTN	Vitronectin (VN) (S-protein) (Serum-spreading factor) (V75) [Cleaved into: Vitronectin V65 subunit; Vitronectin V10 subunit; Somatomedin-B]
P04054	PLA2G1B PLA2 PLA2A PPLA2	Phospholipase A2 (EC 3.1.1.4) (Group IB phospholipase A2) (Phosphatidylcholine 2-acylhydrolase 1B)
P04070	PROC	Vitamin K-dependent protein C (EC 3.4.21.69) (Anticoagulant protein C) (Autoprothrombin IIA) (Blood coagulation factor XIV) [Cleaved into: Vitamin K-dependent protein C light chain; Vitamin K-dependent protein C heavy chain; Activation peptide]
P04083	ANXA1 ANX1 LPC1	Annexin A1 (Annexin I) (Annexin-1) (Calpactin II) (Calpactin-2) (Chromobindin-9) (Lipocortin I) (Phospholipase A2 inhibitory protein) (p35) [Cleaved into: Annexin Ac2-26]
P04085	PDGFA PDGF1	Platelet-derived growth factor subunit A (PDGF subunit A) (PDGF-1) (Platelet-derived growth factor A chain) (Platelet-derived growth factor alpha polypeptide)
P04090	RLN2	Prorelaxin H2 [Cleaved into: Relaxin B chain; Relaxin A chain]
P04114	APOB	Apolipoprotein B-100 (Apo B-100) [Cleaved into: Apolipoprotein B-48 (Apo B-48)]
P04118	CLPS	Colipase
P04141	CSF2 GMCSF	Granulocyte-macrophage colony-stimulating factor (GM-CSF) (Colony-stimulating factor) (CSF) (Molgramostin) (Sargramostim)
P04155	TFF1 BCEI PS2	Trefoil factor 1 (Breast cancer estrogen-inducible protein) (PNR-2) (Polypeptide P1.A) (hP1.A) (Protein pS2)
P04180	LCAT	Phosphatidylcholine-sterol acyltransferase (EC 2.3.1.43) (1-alkyl-2-acetylglycerophosphocholine esterase) (EC 3.1.1.47) (Lecithin-cholesterol acyltransferase) (Phospholipid-cholesterol acyltransferase) (Platelet-activating factor acetylhydrolase) (PAF acetylhydrolase)
P04196	HRG	Histidine-rich glycoprotein (Histidine-proline-rich glycoprotein) (HPRG)
P04217	A1BG	Alpha-1B-glycoprotein (Alpha-1-B glycoprotein)
P04233	CD74 DHLAG	HLA class II histocompatibility antigen gamma chain (HLA-DR antigens-associated invariant chain) (Ia antigen-associated invariant chain) (Ii) (CD antigen CD74) [Cleaved into: Class-II-associated invariant chain peptide (CLIP)]
P04271	S100B	Protein S100-B (S-100 protein beta chain) (S-100 protein subunit beta) (S100 calcium-binding protein B)
P04275	VWF F8VWF	von Willebrand factor (vWF) [Cleaved into: von Willebrand antigen 2 (von Willebrand antigen II)]
P04278	SHBG	Sex hormone-binding globulin (SHBG) (Sex steroid-binding protein) (SBP) (Testis-specific androgen-binding protein) (ABP) (Testosterone-estradiol-binding globulin) (TeBG) (Testosterone-estrogen-binding globulin)
P04279	SEMG1 SEMG	Semenogelin-1 (Cancer/testis antigen 103) (Semenogelin I) (SGI) [Cleaved into: Alpha-inhibin-92; Alpha-inhibin-31; Seminal basic protein]
P04280	PRB1	Basic salivary proline-rich protein 1 (Salivary proline-rich protein) [Cleaved into: Proline-rich peptide II-2; Basic peptide IB-6; Peptide P-H]
P04628	WNT1 INT1	Proto-oncogene Wnt-1 (Proto-oncogene Int-1 homolog)
P04746	AMY2A	Pancreatic alpha-amylase (PA) (EC 3.2.1.1) (1,4-alpha-D-glucan glucanohydrolase)
P05000	IFNW1	Interferon omega-1 (Interferon alpha-II-1)
P05014	IFNA4	Interferon alpha-4 (IFN-alpha-4) (Interferon alpha-4B) (Interferon alpha-76) (Interferon alpha-M1)
P05019	IGF1 IBP1 IGF-1	Insulin-like growth factor 1 (Insulin-like growth factor I) (IGF-I) (Mechano growth factor) (MGF) (Somatomedin-C)
P05060	CHGB SCG1	Secretogranin-1 (Chromogranin-B) (CgB) (Secretogranin I) (SgI) [Cleaved into: PE-11; GAWK peptide; CCB peptide]
P05067	APP A4 AD1	Amyloid-beta precursor protein (APP) (ABPP) (APPI) (Alzheimer disease amyloid A4 protein homolog) (Alzheimer disease amyloid protein) (Amyloid precursor protein) (Amyloid-beta (A4) precursor protein) (Amyloid-beta A4 protein) (Cerebral vascular amyloid peptide) (CVAP) (PreA4) (Protease nexin-II) (PN-II) [Cleaved into: N-APP; Soluble APP-alpha (S-APP-alpha); Soluble APP-beta (S-APP-beta); C99 (Beta-secretase C-terminal fragment) (Beta-CTF); Amyloid-beta protein 42 (Abeta42) (Beta-APP42); Amyloid-beta protein 40 (Abeta40) (Beta-APP40); C83 (Alpha-secretase C-terminal fragment) (Alpha-CTF); P3(42); P3(40); C80; Gamma-secretase C-terminal fragment 59 (Amyloid intracellular domain 59) (AICD-59) (AID(59)) (Gamma-CTF(59)); Gamma-secretase C-terminal fragment 57 (Amyloid intracellular domain 57) (AICD-57) (AID(57)) (Gamma-CTF(57)); Gamma-secretase C-terminal fragment 50 (Amyloid intracellular domain 50) (AICD-50) (AID(50)) (Gamma-CTF(50)); C31]
P05090	APOD	Apolipoprotein D (Apo-D) (ApoD)
P05109	S100A8 CAGA CFAG MRP8	Protein S100-A8 (Calgranulin-A) (Calprotectin L1L subunit) (Cystic fibrosis antigen) (CFAG) (Leukocyte L1 complex light chain) (Migration inhibitory factor-related protein 8) (MRP-8) (p8) (S100 calcium-binding protein A8) (Urinary stone protein band A)
P05111	INHA	Inhibin alpha chain
P05112	IL4	Interleukin-4 (IL-4) (B-cell stimulatory factor 1) (BSF-1) (Binetrakin) (Lymphocyte stimulatory factor 1) (Pitrakinra)
P05113	IL5	Interleukin-5 (IL-5) (B-cell differentiation factor I) (Eosinophil differentiation factor) (T-cell replacing factor) (TRF)
P05120	SERPINB2 PAI2 PLANH2	Plasminogen activator inhibitor 2 (PAI-2) (Monocyte Arg-serpin) (Placental plasminogen activator inhibitor) (Serpin B2) (Urokinase inhibitor)
P05121	SERPINE1 PAI1 PLANH1	Plasminogen activator inhibitor 1 (PAI) (PAI-1) (Endothelial plasminogen activator inhibitor) (Serpin E1)
P05154	SERPINA5 PCI PLANH3 PROCI	Plasma serine protease inhibitor (Acrosomal serine protease inhibitor) (Plasminogen activator inhibitor 3) (PAI-3) (PAI3) (Protein C inhibitor) (PCI) (Serpin A5)
P05155	SERPING1 C1IN C1NH	Plasma protease C1 inhibitor (C1 Inh) (C1Inh) (C1 esterase inhibitor) (C1-inhibiting factor) (Serpin G1)
P05156	CFI IF	Complement factor I (EC 3.4.21.45) (C3B/C4B inactivator) [Cleaved into: Complement factor I heavy chain; Complement factor I light chain]
P05160	F13B	Coagulation factor XIII B chain (Fibrin-stabilizing factor B subunit) (Protein-glutamine gamma-glutamyltransferase B chain) (Transglutaminase B chain)
P05161	ISG15 G1P2 UCRP	Ubiquitin-like protein ISG15 (Interferon-induced 15 kDa protein) (Interferon-induced 17 kDa protein) (IP17) (Ubiquitin cross-reactive protein) (hUCRP)
P05230	FGF1 FGFA	Fibroblast growth factor 1 (FGF-1) (Acidic fibroblast growth factor) (aFGF) (Endothelial cell growth factor) (ECGF) (Heparin-binding growth factor 1) (HBGF-1)
P05231	IL6 IFNB2	Interleukin-6 (IL-6) (B-cell stimulatory factor 2) (BSF-2) (CTL differentiation factor) (CDF) (Hybridoma growth factor) (Interferon beta-2) (IFN-beta-2)
P05305	EDN1	Endothelin-1 (Preproendothelin-1) (PPET1) [Cleaved into: Endothelin-1 (ET-1); Big endothelin-1]
P05408	SCG5 SGNE1	Neuroendocrine protein 7B2 (Pituitary polypeptide) (Secretogranin V) (Secretogranin-5) (Secretory granule endocrine protein I) [Cleaved into: N-terminal peptide; C-terminal peptide]
P05451	REG1A PSPS PSPS1 REG	Lithostathine-1-alpha (Islet cells regeneration factor) (ICRF) (Islet of Langerhans regenerating protein) (REG) (Pancreatic stone protein) (PSP) (Pancreatic thread protein) (PTP) (Regenerating islet-derived protein 1-alpha) (REG-1-alpha) (Regenerating protein I alpha)
P05452	CLEC3B TNA	Tetranectin (TN) (C-type lectin domain family 3 member B) (Plasminogen kringle 4-binding protein)
P05543	SERPINA7 TBG	Thyroxine-binding globulin (Serpin A7) (T4-binding globulin)
P05814	CSN2 CASB	Beta-casein
P05997	COL5A2	Collagen alpha-2(V) chain
P06276	BCHE CHE1	Cholinesterase (EC 3.1.1.8) (Acylcholine acylhydrolase) (Butyrylcholine esterase) (Choline esterase II) (Pseudocholinesterase)
P06307	CCK	Cholecystokinin (CCK) [Cleaved into: Cholecystokinin-58 (CCK58); Cholecystokinin-58 desnonopeptide ((1-49)-CCK58); Cholecystokinin-39 (CCK39); Cholecystokinin-33 (CCK33); Cholecystokinin-25 (CCK25); Cholecystokinin-18 (CCK18); Cholecystokinin-12 (CCK12); Cholecystokinin-8 (CCK8); Cholecystokinin-7 (CCK7); Cholecystokinin-5 (CCK5)]
P06312	IGKV4-1	Immunoglobulin kappa variable 4-1 (Ig kappa chain V-IV region B17) (Ig kappa chain V-IV region JI) (Ig kappa chain V-IV region Len) (Ig kappa chain V-IV region STH)
P06396	GSN	Gelsolin (AGEL) (Actin-depolymerizing factor) (ADF) (Brevin)
P06681	C2	Complement C2 (C3/C5 convertase) [Cleaved into: Complement C2a; Serine protease complement C2b (EC 3.4.21.43)]
P06702	S100A9 CAGB CFAG MRP14	Protein S100-A9 (Calgranulin-B) (Calprotectin L1H subunit) (Leukocyte L1 complex heavy chain) (Migration inhibitory factor-related protein 14) (MRP-14) (p14) (S100 calcium-binding protein A9)
P06727	APOA4	Apolipoprotein A-IV (Apo-AIV) (ApoA-IV) (Apolipoprotein A4)
P06734	FCER2 CD23A CLEC4J FCE2 IGEBF	Low affinity immunoglobulin epsilon Fc receptor (BLAST-2) (C-type lectin domain family 4 member J) (Fc-epsilon-RII) (Immunoglobulin E-binding factor) (Lymphocyte IgE receptor) (CD antigen CD23) [Cleaved into: Low affinity immunoglobulin epsilon Fc receptor membrane-bound form; Low affinity immunoglobulin epsilon Fc receptor soluble form]
P06744	GPI	Glucose-6-phosphate isomerase (GPI) (EC 5.3.1.9) (Autocrine motility factor) (AMF) (D-hexose-6-phosphate anomerase) (Glucose-6-phosphate C2-epimerase) (EC 5.1.3.-) (Neuroleukin) (NLK) (Phosphoglucose isomerase) (PGI) (Phosphohexose isomerase) (PHI) (Sperm antigen 36) (SA-36)
P06850	CRH	Corticoliberin (Corticotropin-releasing factor) (CRF) (Corticotropin-releasing hormone)
P06858	LPL LIPD	Lipoprotein lipase (LPL) (EC 3.1.1.34) (Phospholipase A1) (EC 3.1.1.32)
P06881	CALCA CALC1	Calcitonin gene-related peptide 1 (CGRP1) (Alpha-type CGRP) (Calcitonin gene-related peptide I) (CGRP-I)
P07093	SERPINE2 PI7 PN1	Glia-derived nexin (GDN) (Peptidase inhibitor 7) (PI-7) (Protease nexin 1) (PN-1) (Protease nexin I) (Serpin E2)
P07098	LIPF	Gastric triacylglycerol lipase (GL) (Gastric lipase) (EC 3.1.1.3)
P07225	PROS1 PROS	Vitamin K-dependent protein S
P07237	P4HB ERBA2L PDI PDIA1 PO4DB	Protein disulfide-isomerase (PDI) (EC 5.3.4.1) (Cellular thyroid hormone-binding protein) (Prolyl 4-hydroxylase subunit beta) (p55)
P07288	KLK3 APS	Prostate-specific antigen (PSA) (EC 3.4.21.77) (Gamma-seminoprotein) (Seminin) (Kallikrein-3) (P-30 antigen) (Semenogelase)
P07306	ASGR1 CLEC4H1	Asialoglycoprotein receptor 1 (ASGP-R 1) (ASGPR 1) (C-type lectin domain family 4 member H1) (Hepatic lectin H1) (HL-1)
P07339	CTSD CPSD	Cathepsin D (EC 3.4.23.5) [Cleaved into: Cathepsin D light chain; Cathepsin D heavy chain]
P07355	ANXA2 ANX2 ANX2L4 CAL1H LPC2D	Annexin A2 (Annexin II) (Annexin-2) (Calpactin I heavy chain) (Calpactin-1 heavy chain) (Chromobindin-8) (Lipocortin II) (Placental anticoagulant protein IV) (PAP-IV) (Protein I) (p36)
P07357	C8A	Complement component C8 alpha chain (Complement component 8 subunit alpha)
P07358	C8B	Complement component C8 beta chain (Complement component 8 subunit beta)
P07360	C8G	Complement component C8 gamma chain
P07477	PRSS1 TRP1 TRY1 TRYP1	Serine protease 1 (EC 3.4.21.4) (Anionic trypsin I) (Anionic trypsin-I) (Beta-trypsin) (Cationic trypsinogen) (Pretrypsinogen I) (Trypsin I) (Trypsin-1) [Cleaved into: Alpha-trypsin chain 1; Alpha-trypsin chain 2]
P07478	PRSS2 TRY2 TRYP2	Trypsin-2 (EC 3.4.21.4) (Anionic trypsinogen) (Serine protease 2) (Trypsin II)
P07492	GRP	Gastrin-releasing peptide (GRP) [Cleaved into: Neuromedin-C (GRP-10) (GRP18-27)]
P07498	CSN3 CASK CSN10 CSNK	Kappa-casein
P07585	DCN SLRR1B	Decorin (Bone proteoglycan II) (PG-S2) (PG40)
P07602	PSAP GLBA SAP1	Prosaposin (Proactivator polypeptide) [Cleaved into: Saposin-A (Protein A); Saposin-B-Val; Saposin-B (Cerebroside sulfate activator) (CSAct) (Dispersin) (Sphingolipid activator protein 1) (SAP-1) (Sulfatide/GM1 activator); Saposin-C (A1 activator) (Co-beta-glucosidase) (Glucosylceramidase activator) (Sphingolipid activator protein 2) (SAP-2); Saposin-D (Component C) (Protein C)]
P07711	CTSL CTSL1	Procathepsin L (EC 3.4.22.15) (Cathepsin L1) (Major excreted protein) (MEP) [Cleaved into: Cathepsin L; Cathepsin L heavy chain; Cathepsin L light chain]
P07858	CTSB CPSB	Cathepsin B (EC 3.4.22.1) (APP secretase) (APPS) (Cathepsin B1) [Cleaved into: Cathepsin B light chain; Cathepsin B heavy chain]
P07911	UMOD	Uromodulin (Tamm-Horsfall urinary glycoprotein) (THP) [Cleaved into: Uromodulin, secreted form]
P07942	LAMB1	Laminin subunit beta-1 (Laminin B1 chain) (Laminin-1 subunit beta) (Laminin-10 subunit beta) (Laminin-12 subunit beta) (Laminin-2 subunit beta) (Laminin-6 subunit beta) (Laminin-8 subunit beta)
P07988	SFTPB SFTP3	Pulmonary surfactant-associated protein B (SP-B) (18 kDa pulmonary-surfactant protein) (6 kDa protein) (Pulmonary surfactant-associated proteolipid SPL(Phe))
P07996	THBS1 TSP TSP1	Thrombospondin-1 (Glycoprotein G)
P07998	RNASE1 RIB1 RNS1	Ribonuclease pancreatic (EC 4.6.1.18) (HP-RNase) (RIB-1) (RNase UpI-1) (Ribonuclease 1) (RNase 1) (Ribonuclease A) (RNase A)
P08118	MSMB PRSP	Beta-microseminoprotein (Immunoglobulin-binding factor) (IGBF) (PN44) (Prostate secreted seminal plasma protein) (Prostate secretory protein of 94 amino acids) (PSP-94) (PSP94) (Seminal plasma beta-inhibin)
P08123	COL1A2	Collagen alpha-2(I) chain (Alpha-2 type I collagen)
P08174	CD55 CR DAF	Complement decay-accelerating factor (CD antigen CD55)
P08185	SERPINA6 CBG	Corticosteroid-binding globulin (CBG) (Serpin A6) (Transcortin)
P08217	CELA2A ELA2A	Chymotrypsin-like elastase family member 2A (EC 3.4.21.71) (Elastase-2A)
P08218	CELA2B ELA2B	Chymotrypsin-like elastase family member 2B (EC 3.4.21.71) (Elastase-2B)
P08238	HSP90AB1 HSP90B HSPC2 HSPC3 HSPCB	Heat shock protein HSP 90-beta (HSP 90) (Heat shock 84 kDa) (HSP 84) (HSP84) (Heat shock protein family C member 3)
P08253	MMP2 CLG4A	72 kDa type IV collagenase (EC 3.4.24.24) (72 kDa gelatinase) (Gelatinase A) (Matrix metalloproteinase-2) (MMP-2) (TBE-1) [Cleaved into: PEX]
P08254	MMP3 STMY1	Stromelysin-1 (SL-1) (EC 3.4.24.17) (Matrix metalloproteinase-3) (MMP-3) (Transin-1)
P08294	SOD3	Extracellular superoxide dismutase [Cu-Zn] (EC-SOD) (EC 1.15.1.1)
P08311	CTSG	Cathepsin G (CG) (EC 3.4.21.20) [Cleaved into: Cathepsin G, C-terminal truncated form]
P08476	INHBA	Inhibin beta A chain (Activin beta-A chain) (Erythroid differentiation protein) (EDF)
P08493	MGP MGLAP GIG36	Matrix Gla protein (MGP) (Cell growth-inhibiting gene 36 protein)
P08571	CD14	Monocyte differentiation antigen CD14 (My23 antigen) (Myeloid cell-specific leucine-rich glycoprotein) (CD antigen CD14) [Cleaved into: Monocyte differentiation antigen CD14, urinary form; Monocyte differentiation antigen CD14, membrane-bound form]
P08572	COL4A2	Collagen alpha-2(IV) chain [Cleaved into: Canstatin]
P08581	MET	Hepatocyte growth factor receptor (HGF receptor) (EC 2.7.10.1) (HGF/SF receptor) (Proto-oncogene c-Met) (Scatter factor receptor) (SF receptor) (Tyrosine-protein kinase Met)
P08603	CFH HF HF1 HF2	Complement factor H (H factor 1)
P08620	FGF4 HST HSTF1 KS3	Fibroblast growth factor 4 (FGF-4) (Heparin secretory-transforming protein 1) (HST) (HST-1) (HSTF-1) (Heparin-binding growth factor 4) (HBGF-4) (Transforming protein KS3)
P08637	FCGR3A CD16A FCG3 FCGR3 IGFR3	Low affinity immunoglobulin gamma Fc region receptor III-A (IgG Fc receptor III-A) (CD16-II) (CD16a antigen) (Fc-gamma RIII-alpha) (Fc-gamma RIII) (Fc-gamma RIIIa) (FcRIII) (FcRIIIa) (FcgammaRIIIA) (FcR-10) (IgG Fc receptor III-2) (CD antigen CD16a)
P08697	SERPINF2 AAP PLI	Alpha-2-antiplasmin (Alpha-2-AP) (Alpha-2-plasmin inhibitor) (Alpha-2-PI) (Serpin F2)
P08700	IL3	Interleukin-3 (IL-3) (Hematopoietic growth factor) (Mast cell growth factor) (MCGF) (Multipotential colony-stimulating factor) (P-cell-stimulating factor)
P08709	F7	Coagulation factor VII (EC 3.4.21.21) (Proconvertin) (Serum prothrombin conversion accelerator) (SPCA) (Eptacog alfa) [Cleaved into: Factor VII light chain; Factor VII heavy chain]
P08833	IGFBP1 IBP1	Insulin-like growth factor-binding protein 1 (IBP-1) (IGF-binding protein 1) (IGFBP-1) (Placental protein 12) (PP12)
P08887	IL6R	Interleukin-6 receptor subunit alpha (IL-6 receptor subunit alpha) (IL-6R subunit alpha) (IL-6R-alpha) (IL-6RA) (IL-6R 1) (Membrane glycoprotein 80) (gp80) (CD antigen CD126) [Cleaved into: Soluble interleukin-6 receptor subunit alpha (sIL6R)]
P08949	NMB	Neuromedin-B [Cleaved into: Neuromedin-B-32; Neuromedin-B]
P08962	CD63 MLA1 TSPAN30	CD63 antigen (Granulophysin) (Lysosomal-associated membrane protein 3) (LAMP-3) (Lysosome integral membrane protein 1) (Limp1) (Melanoma-associated antigen ME491) (OMA81H) (Ocular melanoma-associated antigen) (Tetraspanin-30) (Tspan-30) (CD antigen CD63)
P08F94	PKHD1 FCYT TIGM1	Fibrocystin (Polycystic kidney and hepatic disease 1 protein) (Polyductin) (Tigmin)
P09038	FGF2 FGFB	Fibroblast growth factor 2 (FGF-2) (Basic fibroblast growth factor) (bFGF) (Heparin-binding growth factor 2) (HBGF-2)
P09172	DBH	Dopamine beta-hydroxylase (EC 1.14.17.1) (Dopamine beta-monooxygenase) [Cleaved into: Soluble dopamine beta-hydroxylase]
P09228	CST2	Cystatin-SA (Cystatin-2) (Cystatin-S5)
P09237	MMP7 MPSL1 PUMP1	Matrilysin (EC 3.4.24.23) (Matrin) (Matrix metalloproteinase-7) (MMP-7) (Pump-1 protease) (Uterine metalloproteinase)
P09238	MMP10 STMY2	Stromelysin-2 (SL-2) (EC 3.4.24.22) (Matrix metalloproteinase-10) (MMP-10) (Transin-2)
P09326	CD48 BCM1 BLAST1	CD48 antigen (B-lymphocyte activation marker BLAST-1) (BCM1 surface antigen) (Leukocyte antigen MEM-102) (SLAM family member 2) (SLAMF2) (Signaling lymphocytic activation molecule 2) (TCT.1) (CD antigen CD48)
P09341	CXCL1 GRO GRO1 GROA MGSA SCYB1	Growth-regulated alpha protein (C-X-C motif chemokine 1) (GRO-alpha(1-73)) (Melanoma growth stimulatory activity) (MGSA) (Neutrophil-activating protein 3) (NAP-3) [Cleaved into: GRO-alpha(4-73); GRO-alpha(5-73); GRO-alpha(6-73)]
P09382	LGALS1	Galectin-1 (Gal-1) (14 kDa laminin-binding protein) (HLBP14) (14 kDa lectin) (Beta-galactoside-binding lectin L-14-I) (Galaptin) (HBL) (HPL) (Lactose-binding lectin 1) (Lectin galactoside-binding soluble 1) (Putative MAPK-activating protein PM12) (S-Lac lectin 1)
P09429	HMGB1 HMG1	High mobility group protein B1 (High mobility group protein 1) (HMG-1)
P09466	PAEP	Glycodelin (GD) (Placental protein 14) (PP14) (Pregnancy-associated endometrial alpha-2 globulin) (PAEG) (PEG) (Progestagen-associated endometrial protein) (Progesterone-associated endometrial protein) (Zona-binding inhibitory factor-1) (ZIF-1)
P09486	SPARC ON	SPARC (Basement-membrane protein 40) (BM-40) (Osteonectin) (ON) (Secreted protein acidic and rich in cysteine)
P09529	INHBB	Inhibin beta B chain (Activin beta-B chain)
P09544	WNT2 INT1L1 IRP	Protein Wnt-2 (Int-1-like protein 1) (Int-1-related protein) (IRP)
P09603	CSF1	Macrophage colony-stimulating factor 1 (CSF-1) (M-CSF) (MCSF) (Lanimostim) (Proteoglycan macrophage colony-stimulating factor) (PG-M-CSF) [Cleaved into: Processed macrophage colony-stimulating factor 1; Macrophage colony-stimulating factor 1 43 kDa subunit]
P09681	GIP	Gastric inhibitory polypeptide (GIP) (Glucose-dependent insulinotropic polypeptide) (Incretin hormone)
P09683	SCT	Secretin
P09871	C1S	Complement C1s subcomponent (EC 3.4.21.42) (C1 esterase) (Complement component 1 subcomponent s) [Cleaved into: Complement C1s subcomponent heavy chain (Complement C1s subcomponent chain A); Complement C1s subcomponent light chain (Complement C1s subcomponent chain B)]
P09919	CSF3 C17orf33 GCSF	Granulocyte colony-stimulating factor (G-CSF) (Pluripoietin) (Filgrastim) (Lenograstim)
P09958	FURIN FUR PACE PCSK3	Furin (EC 3.4.21.75) (Dibasic-processing enzyme) (Paired basic amino acid residue-cleaving enzyme) (PACE)
P0C0L4	C4A CO4 CPAMD2	Complement C4-A (Acidic complement C4) (C3 and PZP-like alpha-2-macroglobulin domain-containing protein 2) [Cleaved into: Complement C4 beta chain; Complement C4-A alpha chain; C4a anaphylatoxin; Complement C4b-A (Complement C4b-alpha' chain); Complement C4d-A; Complement C4 gamma chain]
P0C0L5	C4B CO4 CPAMD3; C4B_2	Complement C4-B (Basic complement C4) (C3 and PZP-like alpha-2-macroglobulin domain-containing protein 3) [Cleaved into: Complement C4 beta chain; Complement C4-B alpha chain; C4a anaphylatoxin; Complement C4b-B; C4d-B; Complement C4 gamma chain]
P0C2W1	FBXO45 FBX45	F-box/SPRY domain-containing protein 1 (F-box only protein 45) (hFbxo45)
P0CG04	IGLC1	Immunoglobulin lambda constant 1 (Ig lambda chain C region MGC) (Ig lambda-1 chain C region)
P0CG37	CFC1	Cryptic protein (Cryptic family protein 1)
P0DJD7	PGA4	Pepsin A-4 (EC 3.4.23.1) (Pepsinogen-4)
P0DJD8	PGA3	Pepsin A-3 (EC 3.4.23.1) (Pepsinogen-3)
P0DJD9	PGA5	Pepsin A-5 (EC 3.4.23.1) (Pepsinogen-5)
P0DJI8	SAA1	Serum amyloid A-1 protein (SAA) [Cleaved into: Amyloid protein A (Amyloid fibril protein AA); Serum amyloid protein A(2-104); Serum amyloid protein A(3-104); Serum amyloid protein A(2-103); Serum amyloid protein A(2-102); Serum amyloid protein A(4-101)]
P0DJI9	SAA2	Serum amyloid A-2 protein (SAA2) [Cleaved into: Amyloid A2 protein (AA2)]
P0DMC3	APELA ELA TDL	Apelin receptor early endogenous ligand (Protein Elabela) (ELA) (Protein Toddler)
P0DML2	CSH1	Chorionic somatomammotropin hormone 1 (Choriomammotropin) (Lactogen) (Placental lactogen) (PL)
P0DML3	CSH2	Chorionic somatomammotropin hormone 2 (Choriomammotropin) (Lactogen) (Placental lactogen) (PL)
P0DMV8	HSPA1A HSP72 HSPA1 HSX70	Heat shock 70 kDa protein 1A (Heat shock 70 kDa protein 1) (HSP70-1) (HSP70.1) (Heat shock protein family A member 1A)
P0DN86	CGB3 CGB; CGB5; CGB8	Choriogonadotropin subunit beta 3 (Choriogonadotropin subunit beta) (CG-beta) (Chorionic gonadotropin chain beta)
P0DOX5		Immunoglobulin gamma-1 heavy chain (Immunoglobulin gamma-1 heavy chain NIE)
P0DOY2	IGLC2	Immunoglobulin lambda constant 2 (Ig lambda chain C region Kern) (Ig lambda chain C region NIG-64) (Ig lambda chain C region SH) (Ig lambda chain C region X) (Ig lambda-2 chain C region)
P0DOY3	IGLC3	Immunoglobulin lambda constant 3 (Ig lambda chain C region DOT) (Ig lambda chain C region NEWM) (Ig lambda-3 chain C regions)
P0DP57	SLURP2	Secreted Ly-6/uPAR domain-containing protein 2 (Secreted LY6/PLAUR domain-containing protein 2) (Secreted Ly-6/uPAR-related protein 2) (SLURP-2)
P0DPK3	NOTCH2NLB	Notch homolog 2 N-terminal-like protein B
P0DPK4	NOTCH2NLC	Notch homolog 2 N-terminal-like protein C
P0DTE7	AMY1B AMY1	Alpha-amylase 1B (EC 3.2.1.1)
P0DTE8	AMY1C AMY1	Alpha-amylase 1C (EC 3.2.1.1)
P0DUB6	AMY1A AMY1	Alpha-amylase 1A (EC 3.2.1.1) (1,4-alpha-D-glucan glucanohydrolase 1) (Salivary alpha-amylase)
P10082	PYY	Peptide YY (PYY) (PYY-I) (Peptide tyrosine tyrosine) [Cleaved into: Peptide YY(3-36) (PYY-II)]
P10092	CALCB CALC2	Calcitonin gene-related peptide 2 (CGRP2) (Beta-type CGRP) (Beta-CGRP) (Calcitonin gene-related peptide II) (CGRP-II)
P10124	SRGN PRG PRG1	Serglycin (Hematopoietic proteoglycan core protein) (Platelet proteoglycan core protein) (P.PG) (Secretory granule proteoglycan core protein)
P10144	GZMB CGL1 CSPB CTLA1 GRB	Granzyme B (EC 3.4.21.79) (C11) (CTLA-1) (Cathepsin G-like 1) (CTSGL1) (Cytotoxic T-lymphocyte proteinase 2) (Lymphocyte protease) (Fragmentin-2) (Granzyme-2) (Human lymphocyte protein) (HLP) (SECT) (T-cell serine protease 1-3E)
P10145	CXCL8 IL8	Interleukin-8 (IL-8) (C-X-C motif chemokine 8) (Chemokine (C-X-C motif) ligand 8) (Emoctakin) (Granulocyte chemotactic protein 1) (GCP-1) (Monocyte-derived neutrophil chemotactic factor) (MDNCF) (Monocyte-derived neutrophil-activating peptide) (MONAP) (Neutrophil-activating protein 1) (NAP-1) (Protein 3-10C) (T-cell chemotactic factor) [Cleaved into: MDNCF-a (GCP/IL-8 protein IV) (IL8/NAP1 form I); Interleukin-8 ((Ala-IL-8)77) (GCP/IL-8 protein II) (IL-8(1-77)) (IL8/NAP1 form II) (MDNCF-b); IL-8(5-77); IL-8(6-77) ((Ser-IL-8)72) (GCP/IL-8 protein I) (IL8/NAP1 form III) (Lymphocyte-derived neutrophil-activating factor) (LYNAP) (MDNCF-c) (Neutrophil-activating factor) (NAF); IL-8(7-77) (GCP/IL-8 protein V) (IL8/NAP1 form IV); IL-8(8-77) (GCP/IL-8 protein VI) (IL8/NAP1 form V); IL-8(9-77) (GCP/IL-8 protein III) (IL8/NAP1 form VI)]
P10147	CCL3 G0S19-1 MIP1A SCYA3	C-C motif chemokine 3 (G0/G1 switch regulatory protein 19-1) (Macrophage inflammatory protein 1-alpha) (MIP-1-alpha) (PAT 464.1) (SIS-beta) (Small-inducible cytokine A3) (Tonsillar lymphocyte LD78 alpha protein) [Cleaved into: MIP-1-alpha(4-69) (LD78-alpha(4-69))]
P10163	PRB4	Basic salivary proline-rich protein 4 (Salivary proline-rich protein Po) (Parotid o protein) (Salivary proline-rich protein II-1) [Cleaved into: Protein N1; Glycosylated protein A; Peptide P-D (Proline-rich peptide IB-5)]
P10451	SPP1 BNSP OPN PSEC0156	Osteopontin (Bone sialoprotein 1) (Nephropontin) (Secreted phosphoprotein 1) (SPP-1) (Urinary stone protein) (Uropontin)
P10599	TXN TRDX TRX TRX1	Thioredoxin (Trx) (ATL-derived factor) (ADF) (Surface-associated sulphydryl protein) (SASP) (allergen Hom s Trx)
P10600	TGFB3	Transforming growth factor beta-3 proprotein [Cleaved into: Latency-associated peptide (LAP); Transforming growth factor beta-3 (TGF-beta-3)]
P10636	MAPT MAPTL MTBT1 TAU	Microtubule-associated protein tau (Neurofibrillary tangle protein) (Paired helical filament-tau) (PHF-tau)
P10643	C7	Complement component C7
P10645	CHGA	Chromogranin-A (CgA) (Pituitary secretory protein I) (SP-I) [Cleaved into: Vasostatin-1 (Vasostatin I); Vasostatin-2 (Vasostatin II); EA-92; ES-43; Pancreastatin; SS-18; WA-8; WE-14; LF-19; Catestatin (SL21); AL-11; GV-19; GR-44; ER-37; GE-25; Serpinin-RRG; Serpinin; p-Glu serpinin precursor]
P10646	TFPI LACI TFPI1	Tissue factor pathway inhibitor (TFPI) (Extrinsic pathway inhibitor) (EPI) (Lipoprotein-associated coagulation inhibitor) (LACI)
P10720	PF4V1 CXCL4V1 SCYB4V1	Platelet factor 4 variant (C-X-C motif chemokine 4 variant) (CXCL4L1) (PF4alt) (PF4var1) [Cleaved into: Platelet factor 4 variant(4-74); Platelet factor 4 variant(5-74); Platelet factor 4 variant(6-74)]
P10745	RBP3	Retinol-binding protein 3 (Interphotoreceptor retinoid-binding protein) (IRBP) (Interstitial retinol-binding protein)
P10767	FGF6 HST2 HSTF2	Fibroblast growth factor 6 (FGF-6) (Heparin secretory-transforming protein 2) (HST-2) (HSTF-2) (Heparin-binding growth factor 6) (HBGF-6)
P10909	CLU APOJ CLI KUB1 AAG4	Clusterin (Aging-associated gene 4 protein) (Apolipoprotein J) (Apo-J) (Complement cytolysis inhibitor) (CLI) (Complement-associated protein SP-40,40) (Ku70-binding protein 1) (NA1/NA2) (Sulfated glycoprotein 2) (SGP-2) (Testosterone-repressed prostate message 2) (TRPM-2) [Cleaved into: Clusterin beta chain (ApoJalpha) (Complement cytolysis inhibitor a chain) (SP-40,40 beta-chain); Clusterin alpha chain (ApoJbeta) (Complement cytolysis inhibitor b chain) (SP-40,40 alpha-chain)]
P10912	GHR	Growth hormone receptor (GH receptor) (Somatotropin receptor) [Cleaved into: Growth hormone-binding protein (GH-binding protein) (GHBP) (Serum-binding protein)]
P10966	CD8B CD8B1	T-cell surface glycoprotein CD8 beta chain (CD antigen CD8b)
P10997	IAPP	Islet amyloid polypeptide (IAPP) (Amylin) (Diabetes-associated peptide) (DAP) (Insulinoma amyloid peptide)
P11047	LAMC1 LAMB2	Laminin subunit gamma-1 (Laminin B2 chain) (Laminin-1 subunit gamma) (Laminin-10 subunit gamma) (Laminin-11 subunit gamma) (Laminin-2 subunit gamma) (Laminin-3 subunit gamma) (Laminin-4 subunit gamma) (Laminin-6 subunit gamma) (Laminin-7 subunit gamma) (Laminin-8 subunit gamma) (Laminin-9 subunit gamma) (S-laminin subunit gamma) (S-LAM gamma)
P11150	LIPC HTGL	Hepatic triacylglycerol lipase (HL) (Hepatic lipase) (EC 3.1.1.3) (Lipase member C) (Lysophospholipase) (EC 3.1.1.5) (Phospholipase A1) (EC 3.1.1.32)
P11226	MBL2 COLEC1 MBL	Mannose-binding protein C (MBP-C) (Collectin-1) (MBP1) (Mannan-binding protein) (Mannose-binding lectin)
P11464	PSG1 B1G1 PSBG1 PSGGA	Pregnancy-specific beta-1-glycoprotein 1 (PS-beta-G-1) (PSBG-1) (Pregnancy-specific glycoprotein 1) (CD66 antigen-like family member F) (Fetal liver non-specific cross-reactive antigen 1/2) (FL-NCA-1/2) (PSG95) (Pregnancy-specific beta-1 glycoprotein C/D) (PS-beta-C/D) (CD antigen CD66f)
P11487	FGF3 INT2	Fibroblast growth factor 3 (FGF-3) (Heparin-binding growth factor 3) (HBGF-3) (Proto-oncogene Int-2)
P11597	CETP	Cholesteryl ester transfer protein (Lipid transfer protein I)
P11684	SCGB1A1 CC10 CCSP UGB	Uteroglobin (Club cell phospholipid-binding protein) (CCPBP) (Club cells 10 kDa secretory protein) (CC10) (Secretoglobin family 1A member 1) (Urinary protein 1) (UP-1) (UP1) (Urine protein 1)
P11686	SFTPC SFTP2	Surfactant protein C (SP-C) (Pulmonary surfactant-associated protein C) (Pulmonary surfactant-associated proteolipid SPL(Val)) (SP5)
P12034	FGF5	Fibroblast growth factor 5 (FGF-5) (Heparin-binding growth factor 5) (HBGF-5) (Smag-82)
P12107	COL11A1 COLL6	Collagen alpha-1(XI) chain
P12109	COL6A1	Collagen alpha-1(VI) chain
P12110	COL6A2	Collagen alpha-2(VI) chain
P12111	COL6A3	Collagen alpha-3(VI) chain
P12259	F5	Coagulation factor V (Activated protein C cofactor) (Proaccelerin, labile factor) [Cleaved into: Coagulation factor V heavy chain; Coagulation factor V light chain]
P12272	PTHLH PTHRP	Parathyroid hormone-related protein (PTH-rP) (PTHrP) (Parathyroid hormone-like protein) (PLP) [Cleaved into: PTHrP[1-36]; PTHrP[38-94]; Osteostatin (PTHrP[107-139])]
P12273	PIP GCDFP15 GPIP4	Prolactin-inducible protein (Gross cystic disease fluid protein 15) (GCDFP-15) (Prolactin-induced protein) (Secretory actin-binding protein) (SABP) (gp17)
P12544	GZMA CTLA3 HFSP	Granzyme A (EC 3.4.21.78) (CTL tryptase) (Cytotoxic T-lymphocyte proteinase 1) (Fragmentin-1) (Granzyme-1) (Hanukkah factor) (H factor) (HF)
P12643	BMP2 BMP2A	Bone morphogenetic protein 2 (BMP-2) (Bone morphogenetic protein 2A) (BMP-2A)
P12644	BMP4 BMP2B DVR4	Bone morphogenetic protein 4 (BMP-4) (Bone morphogenetic protein 2B) (BMP-2B)
P12645	BMP3 BMP3A	Bone morphogenetic protein 3 (BMP-3) (Bone morphogenetic protein 3A) (BMP-3A) (Osteogenin)
P12724	RNASE3 ECP RNS3	Eosinophil cationic protein (ECP) (EC 3.1.27.-) (Ribonuclease 3) (RNase 3)
P12821	ACE DCP DCP1	Angiotensin-converting enzyme (ACE) (EC 3.4.15.1) (Dipeptidyl carboxypeptidase I) (Kininase II) (CD antigen CD143) [Cleaved into: Angiotensin-converting enzyme, soluble form]
P12838	DEFA4 DEF4	Defensin alpha 4 (Corticostatin HP-4) (HNP-4) (HP-4) (Neutrophil defensin 4)
P13232	IL7	Interleukin-7 (IL-7)
P13236	CCL4 LAG1 MIP1B SCYA4	C-C motif chemokine 4 (G-26 T-lymphocyte-secreted protein) (HC21) (Lymphocyte activation gene 1 protein) (LAG-1) (MIP-1-beta(1-69)) (Macrophage inflammatory protein 1-beta) (MIP-1-beta) (PAT 744) (Protein H400) (SIS-gamma) (Small-inducible cytokine A4) (T-cell activation protein 2) (ACT-2) [Cleaved into: MIP-1-beta(3-69)]
P13284	IFI30 GILT IP30	Gamma-interferon-inducible lysosomal thiol reductase (EC 1.8.4.-) (Gamma-interferon-inducible protein IP-30) (Legumaturain)
P13385	CRIPTO CRIPTO-1 TDGF1	Protein Cripto (Cripto, EGF-CFC family member) (Cripto-1 growth factor) (CRGF) (Epidermal growth factor-like cripto protein CR1) (Teratocarcinoma-derived growth factor 1)
P13497	BMP1 PCOLC	Bone morphogenetic protein 1 (BMP-1) (EC 3.4.24.19) (Mammalian tolloid protein) (mTld) (Procollagen C-proteinase) (PCP)
P13500	CCL2 MCP1 SCYA2	C-C motif chemokine 2 (HC11) (Monocyte chemoattractant protein 1) (Monocyte chemotactic and activating factor) (MCAF) (Monocyte chemotactic protein 1) (MCP-1) (Monocyte secretory protein JE) (Small-inducible cytokine A2)
P13501	CCL5 D17S136E SCYA5	C-C motif chemokine 5 (EoCP) (Eosinophil chemotactic cytokine) (SIS-delta) (Small-inducible cytokine A5) (T cell-specific protein P228) (TCP228) (T-cell-specific protein RANTES) [Cleaved into: RANTES(3-68); RANTES(4-68)]
P13521	SCG2 CHGC	Secretogranin-2 (Chromogranin-C) (Secretogranin II) (SgII) [Cleaved into: Secretoneurin (SN); Manserin]
P13591	NCAM1 NCAM	Neural cell adhesion molecule 1 (N-CAM-1) (NCAM-1) (CD antigen CD56)
P13611	VCAN CSPG2	Versican core protein (Chondroitin sulfate proteoglycan core protein 2) (Chondroitin sulfate proteoglycan 2) (Glial hyaluronate-binding protein) (GHAP) (Large fibroblast proteoglycan) (PG-M)
P13645	KRT10 KPP	Keratin, type I cytoskeletal 10 (Cytokeratin-10) (CK-10) (Keratin-10) (K10)
P13671	C6	Complement component C6
P13688	CEACAM1 BGP BGP1	Cell adhesion molecule CEACAM1 (Biliary glycoprotein 1) (BGP-1) (Carcinoembryonic antigen-related cell adhesion molecule 1) (CEA cell adhesion molecule 1) (CD antigen CD66a)
P13725	OSM	Oncostatin-M (OSM)
P13726	F3	Tissue factor (TF) (Coagulation factor III) (Thromboplastin) (CD antigen CD142)
P13727	PRG2 MBP	Bone marrow proteoglycan (BMPG) (Proteoglycan 2) [Cleaved into: Eosinophil granule major basic protein (EMBP) (MBP) (Pregnancy-associated major basic protein)]
P13747	HLA-E HLA-6.2 HLAE	HLA class I histocompatibility antigen, alpha chain E (MHC class I antigen E) [Cleaved into: Soluble HLA class I histocompatibility antigen, alpha chain E (sHLA-E)]
P13942	COL11A2	Collagen alpha-2(XI) chain
P13987	CD59 MIC11 MIN1 MIN2 MIN3 MSK21	CD59 glycoprotein (1F5 antigen) (20 kDa homologous restriction factor) (HRF-20) (HRF20) (MAC-inhibitory protein) (MAC-IP) (MEM43 antigen) (Membrane attack complex inhibition factor) (MACIF) (Membrane inhibitor of reactive lysis) (MIRL) (Protectin) (CD antigen CD59)
P14138	EDN3	Endothelin-3 (ET-3) (Preproendothelin-3) (PPET3)
P14174	MIF GLIF MMIF	Macrophage migration inhibitory factor (MIF) (EC 5.3.2.1) (Glycosylation-inhibiting factor) (GIF) (L-dopachrome isomerase) (L-dopachrome tautomerase) (EC 5.3.3.12) (Phenylpyruvate tautomerase)
P14207	FOLR2	Folate receptor beta (FR-beta) (Folate receptor 2) (Folate receptor, fetal/placental) (Placental folate-binding protein) (FBP)
P14222	PRF1 PFP	Perforin-1 (P1) (Cytolysin) (Lymphocyte pore-forming protein) (PFP)
P14543	NID1 NID	Nidogen-1 (NID-1) (Entactin)
P14555	PLA2G2A PLA2B PLA2L RASF-A	Phospholipase A2, membrane associated (EC 3.1.1.4) (GIIC sPLA2) (Group IIA phospholipase A2) (Non-pancreatic secretory phospholipase A2) (NPS-PLA2) (Phosphatidylcholine 2-acylhydrolase 2A)
P14735	IDE	Insulin-degrading enzyme (EC 3.4.24.56) (Abeta-degrading protease) (Insulin protease) (Insulinase) (Insulysin)
P14778	IL1R1 IL1R IL1RA IL1RT1	Interleukin-1 receptor type 1 (IL-1R-1) (IL-1RT-1) (IL-1RT1) (EC 3.2.2.6) (CD121 antigen-like family member A) (Interleukin-1 receptor alpha) (IL-1R-alpha) (Interleukin-1 receptor type I) (p80) (CD antigen CD121a) [Cleaved into: Interleukin-1 receptor type 1, membrane form (mIL-1R1) (mIL-1RI); Interleukin-1 receptor type 1, soluble form (sIL-1R1) (sIL-1RI)]
P14780	MMP9 CLG4B	Matrix metalloproteinase-9 (MMP-9) (EC 3.4.24.35) (92 kDa gelatinase) (92 kDa type IV collagenase) (Gelatinase B) (GELB) [Cleaved into: 67 kDa matrix metalloproteinase-9; 82 kDa matrix metalloproteinase-9]
P14920	DAO DAMOX	D-amino-acid oxidase (DAAO) (DAMOX) (DAO) (EC 1.4.3.3)
P15018	LIF HILDA	Leukemia inhibitory factor (LIF) (Differentiation-stimulating factor) (D factor) (Melanoma-derived LPL inhibitor) (MLPLI) (Emfilermin)
P15085	CPA1 CPA	Carboxypeptidase A1 (EC 3.4.17.1)
P15086	CPB1 CPB PCPB	Carboxypeptidase B (EC 3.4.17.2) (Pancreas-specific protein) (PASP)
P15151	PVR PVS	Poliovirus receptor (Nectin-like protein 5) (NECL-5) (CD antigen CD155)
P15169	CPN1 ACBP	Carboxypeptidase N catalytic chain (CPN) (EC 3.4.17.3) (Anaphylatoxin inactivator) (Arginine carboxypeptidase) (Carboxypeptidase N polypeptide 1) (Carboxypeptidase N small subunit) (Kininase-1) (Lysine carboxypeptidase) (Plasma carboxypeptidase B) (Serum carboxypeptidase N) (SCPN)
P15248	IL9	Interleukin-9 (IL-9) (Cytokine P40) (T-cell growth factor P40)
P15291	B4GALT1 GGTB2	Beta-1,4-galactosyltransferase 1 (Beta-1,4-GalTase 1) (Beta4Gal-T1) (b4Gal-T1) (EC 2.4.1.-) (Beta-N-acetylglucosaminyl-glycolipid beta-1,4-galactosyltransferase) (Beta-N-acetylglucosaminylglycopeptide beta-1,4-galactosyltransferase) (EC 2.4.1.38) (Lactose synthase A protein) (EC 2.4.1.22) (N-acetyllactosamine synthase) (EC 2.4.1.90) (Nal synthase) (Neolactotriaosylceramide beta-1,4-galactosyltransferase) (EC 2.4.1.275) (UDP-Gal:beta-GlcNAc beta-1,4-galactosyltransferase 1) (UDP-galactose:beta-N-acetylglucosamine beta-1,4-galactosyltransferase 1) [Cleaved into: Processed beta-1,4-galactosyltransferase 1]
P15309	ACP3 ACPP	Prostatic acid phosphatase (PAP) (EC 3.1.3.2) (5'-nucleotidase) (5'-NT) (EC 3.1.3.5) (Acid phosphatase 3) (Ecto-5'-nucleotidase) (Protein tyrosine phosphatase ACP3) (EC 3.1.3.48) (Thiamine monophosphatase) (TMPase) [Cleaved into: PAPf39]
P15328	FOLR1 FOLR	Folate receptor alpha (FR-alpha) (Adult folate-binding protein) (FBP) (Folate receptor 1) (Folate receptor, adult) (KB cells FBP) (Ovarian tumor-associated antigen MOv18)
P15502	ELN	Elastin (Tropoelastin)
P15509	CSF2RA CSF2R CSF2RY	Granulocyte-macrophage colony-stimulating factor receptor subunit alpha (GM-CSF-R-alpha) (GMCSFR-alpha) (GMR-alpha) (CDw116) (CD antigen CD116)
P15515	HTN1 HIS1	Histatin-1 (Hst1) (Histidine-rich protein 1) (Post-PB protein) (PPB) [Cleaved into: His1-(31-57)-peptide (His1 31/57) (His1-(12-38)-peptide) (His1 12/38) (Histatin 2) (Hst2) (Histatin-2)]
P15516	HTN3 HIS2	Histatin-3 (Basic histidine-rich protein) (Hst) (Histatin 3) (Hst 3) (Histidine-rich protein 3) (PB) [Cleaved into: Histatin-3; His3-(20-44)-peptide (His3 20/44) (His3-(1-25)-peptide) (His3 1/25) (Histatin 6) (Histatin-3 1/25) (Histatin-6); His3-(20-43)-peptide (His3 20/43) (His3-(1-24)-peptide) (His3 1/24) (Histatin 5) (Hst 5) (Histatin-3 1/24) (Histatin-5); His3-(20-32)-peptide (His3 20/32) (His3-(1-13)-peptide) (His3 1/13) (Histatin-3 1/13); His3-(20-31)-peptide (His3 20/31) (His3-(1-12)-peptide) (His3 1/12) (Histatin-3 1/12); His3-(20-30)-peptide (His3 20/30) (His3-(1-11)-peptide) (His3 1/11) (Histatin-3 1/11); His3-(24-32)-peptide (His3 24/32) (His3-(5-13)-peptide) (His3 5/13) (Histatin-3 5/13); His3-(24-31)-peptide (His3 24/31) (His3-(5-12)-peptide) (His3 5/12) (Histatin 11) (Histatin-11) (Histatin-3 5/12); His3-(24-30)-peptide (His3 24/30) (His3-(5-11)-peptide) (His3 5/11) (Histatin 12) (Histatin-12) (Histatin-3 5/11); His3-(25-32)-peptide (His3 25/32) (His3-(6-13)-peptide) (His3 6/13) (Histatin-3 6/13); His3-(25-30)-peptide (His3 25/30) (His3-(6-11)-peptide) (His3 6/11) (Histatin-3 6/11); His3-(26-32)-peptide (His3 26/32) (His3-(7-13)-peptide) (His3 7/13) (Histatin-3 7/13); His3-(26-31)-peptide (His3 26/31) (His3-(7-12)-peptide) (His3 7/12) (Histatin-3 7/12); His3-(26-30)-peptide (His3 26/30) (His3-(7-11)-peptide) (His3 7/11) (Histatin-3 7/11); His3-(31-51)-peptide (His3 31/51) (His3-(12-32)-peptide) (His3 12/32) (Histatin 4) (Histatin-3 12/32) (Histatin-4); His3-(31-44)-peptide (His3 31/44) (His3-(12-25)-peptide) (His3 12/25) (Histatin 9) (Histatin-3 12/25) (Histatin-9); His3-(31-43)-peptide (His3 31/43) (His3-(12-24)-peptide) (His3 12/24) (Histatin 7) (Histatin-3 12/24) (Histatin-7); His3-(32-44)-peptide (His3 32/44) (His3-(13-25)-peptide) (His3 13/25) (Histatin 10) (Histatin-10) (Histatin-3 13/25); His3-(32-43)-peptide (His3 32-43) (His3-(13-24)-peptide) (His3 13/24) (Histatin 8) (Histatin-3 13/24) (Histatin-8); His3-(33-44)-peptide (His3 33/44) (His3-(14-25)-peptide) (His3 14/25) (Histatin-3 14/25); His3-(33-43)-peptide (His3 33/43) (His3-(14-24)-peptide) (His3 14/24) (Histatin-3 14/24); His3-(34-44)-peptide (His3 34/44) (His3-(15-25)-peptide) (His3 15/25) (Histatin-3 15/25); His3-(34-43)-peptide (His3 34/43) (His3-(15-24)-peptide) (His3 15/24) (Histatin-3 15/24); His3-(45-51)-peptide (His3 45/51) (His3-(26-32)-peptide) (His3 26/32) (Histatin-3 26/32); His3-(47-51)-peptide (His3 47/51) (His3-(28-32)-peptide) (His3 28/32) (Histatin-3 28/32); His3-(48-51)-peptide (His3 48/51) (His3-(29-32)-peptide) (His3 29/32) (Histatin-3 29/32)]
P15692	VEGFA VEGF	Vascular endothelial growth factor A, long form (L-VEGF) (Vascular permeability factor) (VPF) [Cleaved into: N-VEGF; VEGFA]
P15814	IGLL1 IGL1	Immunoglobulin lambda-like polypeptide 1 (CD179 antigen-like family member B) (Ig lambda-5) (Immunoglobulin omega polypeptide) (Immunoglobulin-related protein 14.1) (CD antigen CD179b)
P15907	ST6GAL1 SIAT1	Beta-galactoside alpha-2,6-sialyltransferase 1 (Alpha 2,6-ST 1) (EC 2.4.3.1) (CMP-N-acetylneuraminate-beta-galactosamide-alpha-2,6-sialyltransferase 1) (ST6Gal I) (ST6GalI) (Sialyltransferase 1)
P15941	MUC1 PUM	Mucin-1 (MUC-1) (Breast carcinoma-associated antigen DF3) (Cancer antigen 15-3) (CA 15-3) (Carcinoma-associated mucin) (Episialin) (H23AG) (Krebs von den Lungen-6) (KL-6) (PEMT) (Peanut-reactive urinary mucin) (PUM) (Polymorphic epithelial mucin) (PEM) (Tumor-associated epithelial membrane antigen) (EMA) (Tumor-associated mucin) (CD antigen CD227) [Cleaved into: Mucin-1 subunit alpha (MUC1-NT) (MUC1-alpha); Mucin-1 subunit beta (MUC1-beta) (MUC1-CT)]
P16035	TIMP2	Metalloproteinase inhibitor 2 (CSC-21K) (Tissue inhibitor of metalloproteinases 2) (TIMP-2)
P16070	CD44 LHR MDU2 MDU3 MIC4	CD44 antigen (CDw44) (Epican) (Extracellular matrix receptor III) (ECMR-III) (GP90 lymphocyte homing/adhesion receptor) (HUTCH-I) (Heparan sulfate proteoglycan) (Hermes antigen) (Hyaluronate receptor) (Phagocytic glycoprotein 1) (PGP-1) (Phagocytic glycoprotein I) (PGP-I) (CD antigen CD44)
P16112	ACAN AGC1 CSPG1 MSK16	Aggrecan core protein (Cartilage-specific proteoglycan core protein) (CSPCP) (Chondroitin sulfate proteoglycan core protein 1) (Chondroitin sulfate proteoglycan 1) [Cleaved into: Aggrecan core protein 2]
P16233	PNLIP	Pancreatic triacylglycerol lipase (PL) (PTL) (Pancreatic lipase) (EC 3.1.1.3)
P16442	ABO	Histo-blood group ABO system transferase (Fucosylglycoprotein 3-alpha-galactosyltransferase) (Fucosylglycoprotein alpha-N-acetylgalactosaminyltransferase) (Glycoprotein-fucosylgalactoside alpha-N-acetylgalactosaminyltransferase) (EC 2.4.1.40) (Glycoprotein-fucosylgalactoside alpha-galactosyltransferase) (EC 2.4.1.37) (Histo-blood group A transferase) (A transferase) (GTA) (Histo-blood group B transferase) (B transferase) (GTB) (NAGAT) [Cleaved into: Fucosylglycoprotein alpha-N-acetylgalactosaminyltransferase soluble form]
P16471	PRLR	Prolactin receptor (PRL-R)
P16519	PCSK2 NEC2	Neuroendocrine convertase 2 (NEC 2) (EC 3.4.21.94) (KEX2-like endoprotease 2) (Prohormone convertase 2) (Proprotein convertase 2) (PC2)
P16619	CCL3L1 D17S1718 G0S19-2 SCYA3L1; CCL3L3	C-C motif chemokine 3-like 1 (G0/G1 switch regulatory protein 19-2) (LD78-beta(1-70)) (PAT 464.2) (Small-inducible cytokine A3-like 1) (Tonsillar lymphocyte LD78 beta protein) [Cleaved into: LD78-beta(3-70); LD78-beta(5-70)]
P16860	NPPB	Natriuretic peptides B (Brain natriuretic factor prohormone) (preproBNP) (proBNP) (Gamma-brain natriuretic peptide) (Iso-ANP) [Cleaved into: NT-proBNP (NT-pro-BNP) (NT-proBNP(1-76)); proBNP(3-108); Brain natriuretic peptide 32 (BNP(1-32)) (BNP-32) (Brain natriuretic peptide) (BNP); BNP(1-30); BNP(1-29); BNP(1-28); BNP(2-31); BNP(3-32) (des-SerPro-BNP) (proBNP(79-108)); BNP(3-30); BNP(3-29); Brain natriuretic peptide 29 (BNP(4-32)); BNP(4-31); BNP(4-30); BNP(4-29); BNP(4-27); BNP(5-32); BNP(5-31); BNP(5-29)]
P16870	CPE	Carboxypeptidase E (CPE) (EC 3.4.17.10) (Carboxypeptidase H) (CPH) (Enkephalin convertase) (Prohormone-processing carboxypeptidase)
P16871	IL7R	Interleukin-7 receptor subunit alpha (IL-7 receptor subunit alpha) (IL-7R subunit alpha) (IL-7R-alpha) (IL-7RA) (CDw127) (CD antigen CD127)
P17213	BPI	Bactericidal permeability-increasing protein (BPI) (CAP 57)
P17405	SMPD1 ASM	Sphingomyelin phosphodiesterase (EC 3.1.4.12) (EC 3.1.4.3) (Acid sphingomyelinase) (aSMase) [Cleaved into: Sphingomyelin phosphodiesterase, processed form]
P17693	HLA-G HLA-6.0 HLAG	HLA class I histocompatibility antigen, alpha chain G (HLA G antigen) (MHC class I antigen G) [Cleaved into: Soluble HLA class I histocompatibility antigen, alpha chain G (sHLA-G)]
P17931	LGALS3 MAC2	Galectin-3 (Gal-3) (35 kDa lectin) (Carbohydrate-binding protein 35) (CBP 35) (Galactose-specific lectin 3) (Galactoside-binding protein) (GALBP) (IgE-binding protein) (L-31) (Laminin-binding protein) (Lectin L-29) (Mac-2 antigen)
P17936	IGFBP3 IBP3	Insulin-like growth factor-binding protein 3 (IBP-3) (IGF-binding protein 3) (IGFBP-3)
P17948	FLT1 FLT FRT VEGFR1	Vascular endothelial growth factor receptor 1 (VEGFR-1) (EC 2.7.10.1) (Fms-like tyrosine kinase 1) (FLT-1) (Tyrosine-protein kinase FRT) (Tyrosine-protein kinase receptor FLT) (FLT) (Vascular permeability factor receptor)
P18065	IGFBP2 BP2 IBP2	Insulin-like growth factor-binding protein 2 (IBP-2) (IGF-binding protein 2) (IGFBP-2)
P18075	BMP7 OP1	Bone morphogenetic protein 7 (BMP-7) (Osteogenic protein 1) (OP-1) (Eptotermin alfa)
P18428	LBP	Lipopolysaccharide-binding protein (LBP)
P18509	ADCYAP1	Pituitary adenylate cyclase-activating polypeptide (PACAP) [Cleaved into: PACAP-related peptide (PRP-48); Pituitary adenylate cyclase-activating polypeptide 27 (PACAP-27) (PACAP27); Pituitary adenylate cyclase-activating polypeptide 38 (PACAP-38) (PACAP38)]
P18510	IL1RN IL1F3 IL1RA	Interleukin-1 receptor antagonist protein (IL-1RN) (IL-1ra) (IRAP) (ICIL-1RA) (IL1 inhibitor) (Anakinra)
P18627	LAG3 FDC	Lymphocyte activation gene 3 protein (LAG-3) (CD antigen CD223) [Cleaved into: Secreted lymphocyte activation gene 3 protein (sLAG-3)]
P18827	SDC1 SDC	Syndecan-1 (SYND1) (CD antigen CD138)
P19021	PAM	Peptidyl-glycine alpha-amidating monooxygenase (PAM) [Includes: Peptidylglycine alpha-hydroxylating monooxygenase (PHM) (EC 1.14.17.3); Peptidyl-alpha-hydroxyglycine alpha-amidating lyase (EC 4.3.2.5) (Peptidylamidoglycolate lyase) (PAL)]
P19235	EPOR	Erythropoietin receptor (EPO-R)
P19320	VCAM1	Vascular cell adhesion protein 1 (V-CAM 1) (VCAM-1) (INCAM-100) (CD antigen CD106) [Cleaved into: Soluble Vascular Cell Adhesion Molecule-1]
P19438	TNFRSF1A TNFAR TNFR1	Tumor necrosis factor receptor superfamily member 1A (Tumor necrosis factor receptor 1) (TNF-R1) (Tumor necrosis factor receptor type I) (TNF-RI) (TNFR-I) (p55) (p60) (CD antigen CD120a) [Cleaved into: Tumor necrosis factor receptor superfamily member 1A, membrane form; Tumor necrosis factor-binding protein 1 (TBPI)]
P19652	ORM2 AGP2	Alpha-1-acid glycoprotein 2 (AGP 2) (Orosomucoid-2) (OMD 2)
P19801	AOC1 ABP ABP1 DAO	Diamine oxidase [copper-containing] (Diamine oxidase) (EC 1.4.3.22) (Amiloride-binding protein) (Amiloride-binding protein 1) (Amine oxidase copper domain-containing protein 1) (Histaminase) (Kidney amine oxidase) (KAO) (KDAO)
P19823	ITIH2 IGHEP2	Inter-alpha-trypsin inhibitor heavy chain H2 (ITI heavy chain H2) (ITI-HC2) (Inter-alpha-inhibitor heavy chain 2) (Inter-alpha-trypsin inhibitor complex component II) (Serum-derived hyaluronan-associated protein) (SHAP)
P19827	ITIH1 IGHEP1	Inter-alpha-trypsin inhibitor heavy chain H1 (ITI heavy chain H1) (ITI-HC1) (Inter-alpha-inhibitor heavy chain 1) (Inter-alpha-trypsin inhibitor complex component III) (Serum-derived hyaluronan-associated protein) (SHAP)
P19835	CEL BAL	Bile salt-activated lipase (BAL) (EC 3.1.1.13) (EC 3.1.1.3) (EC 3.1.1.6) (Bile salt-stimulated lipase) (BSSL) (Bucelipase) (Carboxyl ester lipase) (Cholesterol esterase) (Pancreatic lysophospholipase) (Sterol esterase)
P19875	CXCL2 GRO2 GROB MIP2A SCYB2	C-X-C motif chemokine 2 (Growth-regulated protein beta) (Gro-beta) (Macrophage inflammatory protein 2-alpha) (MIP2-alpha) [Cleaved into: GRO-beta(5-73) (GRO-beta-T) (Hematopoietic synergistic factor) (HSF) (SB-251353)]
P19876	CXCL3 GRO3 GROG SCYB3	C-X-C motif chemokine 3 (GRO-gamma(1-73)) (Growth-regulated protein gamma) (GRO-gamma) (Macrophage inflammatory protein 2-beta) (MIP2-beta) [Cleaved into: GRO-gamma(5-73)]
P19883	FST	Follistatin (FS) (Activin-binding protein)
P19957	PI3 WAP3 WFDC14	Elafin (Elastase-specific inhibitor) (ESI) (Peptidase inhibitor 3) (PI-3) (Protease inhibitor WAP3) (Skin-derived antileukoproteinase) (SKALP) (WAP four-disulfide core domain protein 14)
P20061	TCN1 TC1	Transcobalamin-1 (TC-1) (Haptocorrin) (HC) (Protein R) (Transcobalamin I) (TC I) (TCI)
P20062	TCN2 TC2	Transcobalamin-2 (TC-2) (Transcobalamin II) (TC II) (TCII)
P20142	PGC	Gastricsin (EC 3.4.23.3) (Pepsinogen C)
P20155	SPINK2	Serine protease inhibitor Kazal-type 2 (Acrosin-trypsin inhibitor) (Epididymis tissue protein Li 172) (HUSI-II)
P20231	TPSB2 TPS2	Tryptase beta-2 (Tryptase-2) (EC 3.4.21.59) (Tryptase II)
P20333	TNFRSF1B TNFBR TNFR2	Tumor necrosis factor receptor superfamily member 1B (Tumor necrosis factor receptor 2) (TNF-R2) (Tumor necrosis factor receptor type II) (TNF-RII) (TNFR-II) (p75) (p80 TNF-alpha receptor) (CD antigen CD120b) (Etanercept) [Cleaved into: Tumor necrosis factor receptor superfamily member 1b, membrane form; Tumor necrosis factor-binding protein 2 (TBP-2) (TBPII)]
P20366	TAC1 NKA NKNA TAC2	Protachykinin-1 (PPT) [Cleaved into: Substance P; Neurokinin A (NKA) (Neuromedin L) (Substance K); Neuropeptide K (NPK); Neuropeptide gamma; C-terminal-flanking peptide]
P20396	TRH	Pro-thyrotropin-releasing hormone (Pro-TRH) (Prothyroliberin) [Cleaved into: Thyrotropin-releasing hormone (TRH) (Protirelin) (TSH-releasing factor) (Thyroliberin) (Thyrotropin-releasing factor) (TRF)]
P20742	PZP CPAMD6	Pregnancy zone protein (C3 and PZP-like alpha-2-macroglobulin domain-containing protein 6)
P20774	OGN OIF SLRR3A	Mimecan (Osteoglycin) (Osteoinductive factor) (OIF)
P20783	NTF3	Neurotrophin-3 (NT-3) (HDNF) (Nerve growth factor 2) (NGF-2) (Neurotrophic factor)
P20800	EDN2	Endothelin-2 (ET-2) (Preproendothelin-2) (PPET2)
P20809	IL11	Interleukin-11 (IL-11) (Adipogenesis inhibitory factor) (AGIF) (Oprelvekin)
P20827	EFNA1 EPLG1 LERK1 TNFAIP4	Ephrin-A1 (EPH-related receptor tyrosine kinase ligand 1) (LERK-1) (Immediate early response protein B61) (Tumor necrosis factor alpha-induced protein 4) (TNF alpha-induced protein 4) [Cleaved into: Ephrin-A1, secreted form]
P20849	COL9A1	Collagen alpha-1(IX) chain
P20851	C4BPB	C4b-binding protein beta chain
P20908	COL5A1	Collagen alpha-1(V) chain
P21128	ENDOU	Uridylate-specific endoribonuclease (EC 3.1.-.-) (EC 4.6.1.-) (Placental protein 11) (PP11) (Protein endoU)
P21246	PTN HBNF1 NEGF1	Pleiotrophin (PTN) (Heparin-binding brain mitogen) (HBBM) (Heparin-binding growth factor 8) (HBGF-8) (Heparin-binding growth-associated molecule) (HB-GAM) (Heparin-binding neurite outgrowth-promoting factor) (HBNF) (Heparin-binding neurite outgrowth-promoting factor 1) (HBNF-1) (Osteoblast-specific factor 1) (OSF-1)
P21583	KITLG MGF SCF	Kit ligand (Mast cell growth factor) (MGF) (Stem cell factor) (SCF) (c-Kit ligand) [Cleaved into: Soluble KIT ligand (sKITLG)]
P21741	MDK MK1 NEGF2	Midkine (MK) (Amphiregulin-associated protein) (ARAP) (Midgestation and kidney protein) (Neurite outgrowth-promoting factor 2) (Neurite outgrowth-promoting protein)
P21781	FGF7 KGF	Fibroblast growth factor 7 (FGF-7) (Heparin-binding growth factor 7) (HBGF-7) (Keratinocyte growth factor)
P21802	FGFR2 BEK KGFR KSAM	Fibroblast growth factor receptor 2 (FGFR-2) (EC 2.7.10.1) (K-sam) (KGFR) (Keratinocyte growth factor receptor) (CD antigen CD332)
P21810	BGN SLRR1A	Biglycan (Bone/cartilage proteoglycan I) (PG-S1)
P21815	IBSP BNSP	Integrin-binding sialoprotein (Bone sialoprotein 2) (Bone sialoprotein II) (BSP II) (Cell-binding sialoprotein)
P21860	ERBB3 HER3	Receptor tyrosine-protein kinase erbB-3 (EC 2.7.10.1) (Proto-oncogene-like protein c-ErbB-3) (Tyrosine kinase-type cell surface receptor HER3)
P21926	CD9 MIC3 TSPAN29 GIG2	CD9 antigen (5H9 antigen) (Cell growth-inhibiting gene 2 protein) (Leukocyte antigen MIC3) (Motility-related protein) (MRP-1) (Tetraspanin-29) (Tspan-29) (p24) (CD antigen CD9)
P21941	MATN1 CMP CRTM	Matrilin-1 (Cartilage matrix protein)
P21980	TGM2	Protein-glutamine gamma-glutamyltransferase 2 (EC 2.3.2.13) (Erythrocyte transglutaminase) (Heart G alpha(h)) (hhG alpha(h)) (Isopeptidase TGM2) (EC 3.4.-.-) (Protein G alpha(h)) (G(h)) (Protein-glutamine deamidase TGM2) (EC 3.5.1.44) (Protein-glutamine dopaminyltransferase TGM2) (EC 2.3.1.-) (Protein-glutamine histaminyltransferase TGM2) (EC 2.3.1.-) (Protein-glutamine noradrenalinyltransferase TGM2) (EC 2.3.1.-) (Protein-glutamine serotonyltransferase TGM2) (EC 2.3.1.-) (Tissue transglutaminase) (tTG) (tTgase) (Transglutaminase C) (TG(C)) (TGC) (TGase C) (Transglutaminase H) (TGase H) (Transglutaminase II) (TGase II) (Transglutaminase-2) (TG2) (TGase-2) (hTG2)
P22003	BMP5	Bone morphogenetic protein 5 (BMP-5)
P22004	BMP6 VGR	Bone morphogenetic protein 6 (BMP-6) (VG-1-related protein) (VG-1-R) (VGR-1)
P22079	LPO SAPX	Lactoperoxidase (LPO) (EC 1.11.1.7) (Salivary peroxidase) (SPO)
P22105	TNXB HXBL TNX TNXB1 TNXB2 XB	Tenascin-X (TN-X) (Hexabrachion-like protein)
P22301	IL10	Interleukin-10 (IL-10) (Cytokine synthesis inhibitory factor) (CSIF)
P22303	ACHE	Acetylcholinesterase (AChE) (EC 3.1.1.7)
P22352	GPX3 GPXP	Glutathione peroxidase 3 (GPx-3) (GSHPx-3) (EC 1.11.1.9) (Extracellular glutathione peroxidase) (Plasma glutathione peroxidase) (GPx-P) (GSHPx-P)
P22362	CCL1 SCYA1	C-C motif chemokine 1 (Small-inducible cytokine A1) (T lymphocyte-secreted protein I-309)
P22413	ENPP1 M6S1 NPPS PC1 PDNP1	Ectonucleotide pyrophosphatase/phosphodiesterase family member 1 (E-NPP 1) (Alkaline phosphodiesterase I) (EC 3.1.4.1) (Membrane component chromosome 6 surface marker 1) (Nucleotide diphosphatase) (Nucleotide pyrophosphatase) (NPPase) (EC 3.6.1.9) (Phosphodiesterase I/nucleotide pyrophosphatase 1) (Plasma-cell membrane glycoprotein PC-1) [Cleaved into: Ectonucleotide pyrophosphatase/phosphodiesterase family member 1, secreted form]
P22455	FGFR4 JTK2 TKF	Fibroblast growth factor receptor 4 (FGFR-4) (EC 2.7.10.1) (CD antigen CD334)
P22466	GAL GAL1 GALN GLNN	Galanin peptides [Cleaved into: Galanin; Galanin message-associated peptide (GMAP)]
P22607	FGFR3 JTK4	Fibroblast growth factor receptor 3 (FGFR-3) (EC 2.7.10.1) (CD antigen CD333)
P22626	HNRNPA2B1 HNRPA2B1	Heterogeneous nuclear ribonucleoproteins A2/B1 (hnRNP A2/B1)
P22692	IGFBP4 IBP4	Insulin-like growth factor-binding protein 4 (IBP-4) (IGF-binding protein 4) (IGFBP-4)
P22749	GNLY LAG2 NKG5 TLA519	Granulysin (Lymphokine LAG-2) (Protein NKG5) (T-cell activation protein 519)
P22792	CPN2 ACBP	Carboxypeptidase N subunit 2 (Carboxypeptidase N 83 kDa chain) (Carboxypeptidase N large subunit) (Carboxypeptidase N polypeptide 2) (Carboxypeptidase N regulatory subunit)
P22891	PROZ	Vitamin K-dependent protein Z
P22894	MMP8 CLG1	Neutrophil collagenase (EC 3.4.24.34) (Matrix metalloproteinase-8) (MMP-8) (PMNL collagenase) (PMNL-CL)
P23083	IGHV1-2	Immunoglobulin heavy variable 1-2 (Ig heavy chain V-I region ND) (Ig heavy chain V-I region V35)
P23142	FBLN1 PP213	Fibulin-1 (FIBL-1)
P23280	CA6	Carbonic anhydrase 6 (EC 4.2.1.1) (Carbonate dehydratase VI) (Carbonic anhydrase VI) (CA-VI) (Salivary carbonic anhydrase) (Secreted carbonic anhydrase)
P23352	ANOS1 ADMLX KAL KAL1 KALIG1	Anosmin-1 (Adhesion molecule-like X-linked) (Kallmann syndrome protein)
P23435	CBLN1	Cerebellin-1 (Precerebellin) [Cleaved into: Cerebellin (CER); [des-Ser1]-cerebellin]
P23471	PTPRZ1 HTPZP2 PTPRZ PTPRZ2 PTPZ	Receptor-type tyrosine-protein phosphatase zeta (R-PTP-zeta) (EC 3.1.3.48) (Protein-tyrosine phosphatase receptor type Z polypeptide 1) (Protein-tyrosine phosphatase receptor type Z polypeptide 2) (R-PTP-zeta-2)
P23560	BDNF	Neurotrophic factor BDNF precursor form (proBDNF) (Abrineurin) (Brain-derived neurotrophic factor) [Cleaved into: Neurotrophic factor BDNF]
P23582	NPPC CNP2	C-type natriuretic peptide [Cleaved into: CNP-22; CNP-29; CNP-53]
P23946	CMA1 CYH CYM	Chymase (EC 3.4.21.39) (Alpha-chymase) (Mast cell protease I)
P24001	IL32 NK4 TAIF	Interleukin-32 (IL-32) (Natural killer cells protein 4) (Tumor necrosis factor alpha-inducing factor)
P24043	LAMA2 LAMM	Laminin subunit alpha-2 (Laminin M chain) (Laminin-12 subunit alpha) (Laminin-2 subunit alpha) (Laminin-4 subunit alpha) (Merosin heavy chain)
P24071	FCAR CD89	Immunoglobulin alpha Fc receptor (IgA Fc receptor) (CD antigen CD89)
P24158	PRTN3 MBN	Myeloblastin (EC 3.4.21.76) (AGP7) (C-ANCA antigen) (Leukocyte proteinase 3) (PR-3) (PR3) (Neutrophil proteinase 4) (NP-4) (P29) (Wegener autoantigen)
P24347	MMP11 STMY3	Stromelysin-3 (SL-3) (ST3) (EC 3.4.24.-) (Matrix metalloproteinase-11) (MMP-11)
P24387	CRHBP CRFBP	Corticotropin-releasing factor-binding protein (CRF-BP) (CRF-binding protein) (Corticotropin-releasing hormone-binding protein) (CRH-BP)
P24394	IL4R IL4RA 582J2.1	Interleukin-4 receptor subunit alpha (IL-4 receptor subunit alpha) (IL-4R subunit alpha) (IL-4R-alpha) (IL-4RA) (CD antigen CD124) [Cleaved into: Soluble interleukin-4 receptor subunit alpha (Soluble IL-4 receptor subunit alpha) (Soluble IL-4R-alpha) (sIL4Ralpha/prot) (IL-4-binding protein) (IL4-BP)]
P24592	IGFBP6 IBP6	Insulin-like growth factor-binding protein 6 (IBP-6) (IGF-binding protein 6) (IGFBP-6)
P24593	IGFBP5 IBP5	Insulin-like growth factor-binding protein 5 (IBP-5) (IGF-binding protein 5) (IGFBP-5)
P24821	TNC HXB	Tenascin (TN) (Cytotactin) (GMEM) (GP 150-225) (Glioma-associated-extracellular matrix antigen) (Hexabrachion) (JI) (Myotendinous antigen) (Neuronectin) (Tenascin-C) (TN-C)
P24855	DNASE1 DNL1 DRNI	Deoxyribonuclease-1 (EC 3.1.21.1) (Deoxyribonuclease I) (DNase I) (Dornase alfa)
P25067	COL8A2	Collagen alpha-2(VIII) chain (Endothelial collagen)
P25311	AZGP1 ZAG ZNGP1	Zinc-alpha-2-glycoprotein (Zn-alpha-2-GP) (Zn-alpha-2-glycoprotein)
P25391	LAMA1 LAMA	Laminin subunit alpha-1 (Laminin A chain) (Laminin-1 subunit alpha) (Laminin-3 subunit alpha) (S-laminin subunit alpha) (S-LAM alpha)
P25445	FAS APT1 FAS1 TNFRSF6	Tumor necrosis factor receptor superfamily member 6 (Apo-1 antigen) (Apoptosis-mediating surface antigen FAS) (FASLG receptor) (CD antigen CD95)
P25774	CTSS	Cathepsin S (EC 3.4.22.27)
P25940	COL5A3	Collagen alpha-3(V) chain
P25942	CD40 TNFRSF5	Tumor necrosis factor receptor superfamily member 5 (B-cell surface antigen CD40) (Bp50) (CD40L receptor) (CDw40) (CD antigen CD40)
P26022	PTX3 TNFAIP5 TSG14	Pentraxin-related protein PTX3 (Pentaxin-related protein PTX3) (Tumor necrosis factor alpha-induced protein 5) (TNF alpha-induced protein 5) (Tumor necrosis factor-inducible gene 14 protein) (TSG-14)
P26447	S100A4 CAPL MTS1	Protein S100-A4 (Calvasculin) (Metastasin) (Placental calcium-binding protein) (Protein Mts1) (S100 calcium-binding protein A4)
P26583	HMGB2 HMG2	High mobility group protein B2 (High mobility group protein 2) (HMG-2)
P26927	MST1 D3F15S2 DNF15S2 HGFL	Hepatocyte growth factor-like protein (Macrophage stimulatory protein) (Macrophage-stimulating protein) (MSP) [Cleaved into: Hepatocyte growth factor-like protein alpha chain; Hepatocyte growth factor-like protein beta chain]
P27169	PON1 PON	Serum paraoxonase/arylesterase 1 (PON 1) (EC 3.1.1.2) (EC 3.1.1.81) (EC 3.1.8.1) (Aromatic esterase 1) (A-esterase 1) (K-45) (Serum aryldialkylphosphatase 1)
P27352	CBLIF GIF IFMH	Cobalamin binding intrinsic factor (Gastric intrinsic factor) (Intrinsic factor) (IF) (INF)
P27487	DPP4 ADCP2 CD26	Dipeptidyl peptidase 4 (EC 3.4.14.5) (ADABP) (Adenosine deaminase complexing protein 2) (ADCP-2) (Dipeptidyl peptidase IV) (DPP IV) (T-cell activation antigen CD26) (TP103) (CD antigen CD26) [Cleaved into: Dipeptidyl peptidase 4 membrane form (Dipeptidyl peptidase IV membrane form); Dipeptidyl peptidase 4 soluble form (Dipeptidyl peptidase IV soluble form)]
P27539	GDF1	Embryonic growth/differentiation factor 1 (GDF-1)
P27658	COL8A1 C3orf7	Collagen alpha-1(VIII) chain (Endothelial collagen) [Cleaved into: Vastatin]
P27797	CALR CRTC	Calreticulin (CRP55) (Calregulin) (Endoplasmic reticulum resident protein 60) (ERp60) (HACBP) (grp60)
P27918	CFP PFC	Properdin (Complement factor P)
P27930	IL1R2 IL1RB	Interleukin-1 receptor type 2 (IL-1R-2) (IL-1RT-2) (IL-1RT2) (CD121 antigen-like family member B) (CDw121b) (IL-1 type II receptor) (Interleukin-1 receptor beta) (IL-1R-beta) (Interleukin-1 receptor type II) (CD antigen CD121b) [Cleaved into: Interleukin-1 receptor type 2, membrane form (mIL-1R2) (mIL-1RII); Interleukin-1 receptor type 2, soluble form (sIL-1R2) (sIL-1RII)]
P28039	AOAH	Acyloxyacyl hydrolase (EC 3.1.1.77) [Cleaved into: Acyloxyacyl hydrolase small subunit; Acyloxyacyl hydrolase large subunit]
P28300	LOX	Protein-lysine 6-oxidase (EC 1.4.3.13) (Lysyl oxidase) [Cleaved into: Protein-lysine 6-oxidase, long form; Protein-lysine 6-oxidase, short form]
P28325	CST5	Cystatin-D (Cystatin-5)
P28799	GRN	Progranulin (PGRN) (Acrogranin) (Epithelin precursor) (Glycoprotein of 88 Kda) (GP88) (Glycoprotein 88) (Granulin precursor) (PC cell-derived growth factor) (PCDGF) (Proepithelin) (PEPI) [Cleaved into: Paragranulin; Granulin-1 (Granulin G); Granulin-2 (Granulin F); Granulin-3 (Epithelin-2) (Granulin B); Granulin-4 (Epithelin-1) (Granulin A); Granulin-5 (Granulin C); Granulin-6 (Granulin D); Granulin-7 (Granulin E)]
P29122	PCSK6 PACE4	Proprotein convertase subtilisin/kexin type 6 (EC 3.4.21.-) (Paired basic amino acid cleaving enzyme 4) (Subtilisin-like proprotein convertase 4) (SPC4) (Subtilisin/kexin-like protease PACE4)
P29279	CCN2 CTGF HCS24 IGFBP8	CCN family member 2 (Cellular communication network factor 2) (Connective tissue growth factor) (Hypertrophic chondrocyte-specific protein 24) (Insulin-like growth factor-binding protein 8) (IBP-8) (IGF-binding protein 8) (IGFBP-8)
P29320	EPHA3 ETK ETK1 HEK TYRO4	Ephrin type-A receptor 3 (EC 2.7.10.1) (EPH-like kinase 4) (EK4) (hEK4) (HEK) (Human embryo kinase) (Tyrosine-protein kinase TYRO4) (Tyrosine-protein kinase receptor ETK1) (Eph-like tyrosine kinase 1)
P29400	COL4A5	Collagen alpha-5(IV) chain
P29459	IL12A NKSF1	Interleukin-12 subunit alpha (IL-12A) (Cytotoxic lymphocyte maturation factor 35 kDa subunit) (CLMF p35) (IL-12 subunit p35) (NK cell stimulatory factor chain 1) (NKSF1)
P29460	IL12B NKSF2	Interleukin-12 subunit beta (IL-12B) (Cytotoxic lymphocyte maturation factor 40 kDa subunit) (CLMF p40) (IL-12 subunit p40) (NK cell stimulatory factor chain 2) (NKSF2)
P29508	SERPINB3 SCCA SCCA1	Serpin B3 (Protein T4-A) (Squamous cell carcinoma antigen 1) (SCCA-1)
P29622	SERPINA4 KST PI4	Kallistatin (Kallikrein inhibitor) (Peptidase inhibitor 4) (PI-4) (Serpin A4)
P29965	CD40LG CD40L TNFSF5 TRAP	CD40 ligand (CD40-L) (T-cell antigen Gp39) (TNF-related activation protein) (TRAP) (Tumor necrosis factor ligand superfamily member 5) (CD antigen CD154) [Cleaved into: CD40 ligand, membrane form; CD40 ligand, soluble form (sCD40L)]
P30203	CD6	T-cell differentiation antigen CD6 (T12) (TP120) (CD antigen CD6) [Cleaved into: Soluble CD6]
P30740	SERPINB1 ELANH2 MNEI PI2	Leukocyte elastase inhibitor (LEI) (Monocyte/neutrophil elastase inhibitor) (EI) (M/NEI) (Peptidase inhibitor 2) (PI-2) (Serpin B1)
P30990	NTS	Neurotensin/neuromedin N [Cleaved into: Large neuromedin N (NmN-125); Neuromedin N (NN) (NmN); Neurotensin (NT); Tail peptide]
P31025	LCN1 VEGP	Lipocalin-1 (Tear lipocalin) (Tlc) (Tear prealbumin) (TP) (von Ebner gland protein) (VEG protein)
P31151	S100A7 PSOR1 S100A7C	Protein S100-A7 (Psoriasin) (S100 calcium-binding protein A7)
P31371	FGF9	Fibroblast growth factor 9 (FGF-9) (Glia-activating factor) (GAF) (Heparin-binding growth factor 9) (HBGF-9)
P31431	SDC4	Syndecan-4 (SYND4) (Amphiglycan) (Ryudocan core protein)
P31947	SFN HME1	14-3-3 protein sigma (Epithelial cell marker protein 1) (Stratifin)
P32455	GBP1	Guanylate-binding protein 1 (EC 3.6.1.-) (EC 3.6.5.-) (GTP-binding protein 1) (GBP-1) (HuGBP-1) (hGBP1) (Guanine nucleotide-binding protein 1) (Interferon-induced guanylate-binding protein 1)
P32881	IFNA8	Interferon alpha-8 (IFN-alpha-8) (Interferon alpha-B) (LeIF B) (Interferon alpha-B2)
P34096	RNASE4 RNS4	Ribonuclease 4 (RNase 4) (EC 3.1.27.-)
P34130	NTF4 NTF5	Neurotrophin-4 (NT-4) (Neurotrophin-5) (NT-5) (Neutrophic factor 4)
P35030	PRSS3 PRSS4 TRY3 TRY4	Trypsin-3 (EC 3.4.21.4) (Brain trypsinogen) (Mesotrypsin) (Mesotrypsinogen) (Serine protease 3) (Serine protease 4) (Trypsin III) (Trypsin IV)
P35052	GPC1	Glypican-1 [Cleaved into: Secreted glypican-1]
P35070	BTC	Probetacellulin [Cleaved into: Betacellulin (BTC)]
P35225	IL13 NC30	Interleukin-13 (IL-13)
P35247	SFTPD COLEC7 PSPD SFTP4	Pulmonary surfactant-associated protein D (PSP-D) (SP-D) (Collectin-7) (Lung surfactant protein D)
P35318	ADM AM	Pro-adrenomedullin [Cleaved into: Adrenomedullin (AM); Proadrenomedullin N-20 terminal peptide (ProAM N-terminal 20 peptide) (PAMP) (ProAM-N20); Proadrenomedullin 9-20 terminal peptide (PAMP-12)]
P35326	SPRR2A	Small proline-rich protein 2A (SPR-2A) (2-1)
P35443	THBS4 TSP4	Thrombospondin-4
P35555	FBN1 FBN	Fibrillin-1 [Cleaved into: Asprosin]
P35556	FBN2	Fibrillin-2 [Cleaved into: Placensin]
P35625	TIMP3	Metalloproteinase inhibitor 3 (Protein MIG-5) (Tissue inhibitor of metalloproteinases 3) (TIMP-3)
P35858	IGFALS ALS	Insulin-like growth factor-binding protein complex acid labile subunit (ALS)
P35916	FLT4 VEGFR3	Vascular endothelial growth factor receptor 3 (VEGFR-3) (EC 2.7.10.1) (Fms-like tyrosine kinase 4) (FLT-4) (Tyrosine-protein kinase receptor FLT4)
P35968	KDR FLK1 VEGFR2	Vascular endothelial growth factor receptor 2 (VEGFR-2) (EC 2.7.10.1) (Fetal liver kinase 1) (FLK-1) (Kinase insert domain receptor) (KDR) (Protein-tyrosine kinase receptor flk-1) (CD antigen CD309)
P36222	CHI3L1	Chitinase-3-like protein 1 (39 kDa synovial protein) (Cartilage glycoprotein 39) (CGP-39) (GP-39) (hCGP-39) (YKL-40)
P36952	SERPINB5 PI5	Serpin B5 (Maspin) (Peptidase inhibitor 5) (PI-5)
P36955	SERPINF1 PEDF PIG35	Pigment epithelium-derived factor (PEDF) (Cell proliferation-inducing gene 35 protein) (EPC-1) (Serpin F1)
P36980	CFHR2 CFHL2 FHR2 HFL3	Complement factor H-related protein 2 (FHR-2) (DDESK59) (H factor-like 3) (H factor-like protein 2)
P37173	TGFBR2	TGF-beta receptor type-2 (TGFR-2) (EC 2.7.11.30) (TGF-beta type II receptor) (Transforming growth factor-beta receptor type II) (TGF-beta receptor type II) (TbetaR-II)
P37840	SNCA NACP PARK1	Alpha-synuclein (Non-A beta component of AD amyloid) (Non-A4 component of amyloid precursor) (NACP)
P39059	COL15A1	Collagen alpha-1(XV) chain [Cleaved into: Restin (Endostatin-XV) (Related to endostatin) (Restin-I); Restin-2 (Restin-II); Restin-3 (Restin-III); Restin-4 (Restin-IV)]
P39060	COL18A1	Collagen alpha-1(XVIII) chain [Cleaved into: Endostatin; Non-collagenous domain 1 (NC1)]
P39877	PLA2G5	Phospholipase A2 group V (EC 3.1.1.4) (PLA2-10) (Phosphatidylcholine 2-acylhydrolase 5)
P39900	MMP12 HME	Macrophage metalloelastase (MME) (EC 3.4.24.65) (Macrophage elastase) (ME) (hME) (Matrix metalloproteinase-12) (MMP-12)
P39905	GDNF	Glial cell line-derived neurotrophic factor (hGDNF) (Astrocyte-derived trophic factor) (ATF)
P40189	IL6ST	Interleukin-6 receptor subunit beta (IL-6 receptor subunit beta) (IL-6R subunit beta) (IL-6R-beta) (IL-6RB) (CDw130) (Interleukin-6 signal transducer) (Membrane glycoprotein 130) (gp130) (Oncostatin-M receptor subunit alpha) (CD antigen CD130)
P40225	THPO MGDF	Thrombopoietin (C-mpl ligand) (ML) (Megakaryocyte colony-stimulating factor) (Megakaryocyte growth and development factor) (MGDF) (Myeloproliferative leukemia virus oncogene ligand)
P40933	IL15	Interleukin-15 (IL-15)
P40967	PMEL D12S53E PMEL17 SILV	Melanocyte protein PMEL (ME20-M) (ME20M) (Melanocyte protein Pmel 17) (Melanocytes lineage-specific antigen GP100) (Melanoma-associated ME20 antigen) (P1) (P100) (Premelanosome protein) (Silver locus protein homolog) [Cleaved into: M-alpha (95 kDa melanocyte-specific secreted glycoprotein) (P26) (Secreted melanoma-associated ME20 antigen) (ME20-S) (ME20S); M-beta]
P41159	LEP OB OBS	Leptin (Obese protein) (Obesity factor)
P41221	WNT5A	Protein Wnt-5a
P41222	PTGDS PDS	Prostaglandin-H2 D-isomerase (EC 5.3.99.2) (Beta-trace protein) (Cerebrin-28) (Glutathione-independent PGD synthase) (Lipocalin-type prostaglandin-D synthase) (L-PGDS) (Prostaglandin-D2 synthase) (PGD2 synthase) (PGDS) (PGDS2)
P41250	GARS1 GARS	Glycine--tRNA ligase (EC 6.1.1.14) (Diadenosine tetraphosphate synthetase) (Ap4A synthetase) (EC 2.7.7.-) (Glycyl-tRNA synthetase) (GlyRS) (Glycyl-tRNA synthetase 1)
P41271	NBL1 DAN DAND1	Neuroblastoma suppressor of tumorigenicity 1 (DAN domain family member 1) (Protein N03) (Zinc finger protein DAN)
P41439	FOLR3	Folate receptor gamma (FR-gamma) (Folate receptor 3)
P42127	ASIP AGTI AGTIL ASP	Agouti-signaling protein (ASP) (Agouti switch protein)
P42702	LIFR	Leukemia inhibitory factor receptor (LIF receptor) (LIF-R) (CD antigen CD118)
P42830	CXCL5 ENA78 SCYB5	C-X-C motif chemokine 5 (ENA-78(1-78)) (Epithelial-derived neutrophil-activating protein 78) (Neutrophil-activating peptide ENA-78) (Small-inducible cytokine B5) [Cleaved into: ENA-78(8-78); ENA-78(9-78)]
P43026	GDF5 BMP14 CDMP1	Growth/differentiation factor 5 (GDF-5) (Bone morphogenetic protein 14) (BMP-14) (Cartilage-derived morphogenetic protein 1) (CDMP-1) (Lipopolysaccharide-associated protein 4) (LAP-4) (LPS-associated protein 4) (Radotermin)
P43235	CTSK CTSO CTSO2	Cathepsin K (EC 3.4.22.38) (Cathepsin O) (Cathepsin O2) (Cathepsin X)
P43251	BTD	Biotinidase (Biotinase) (EC 3.5.1.12)
P43490	NAMPT PBEF PBEF1	Nicotinamide phosphoribosyltransferase (NAmPRTase) (Nampt) (EC 2.4.2.12) (Pre-B-cell colony-enhancing factor 1) (Pre-B cell-enhancing factor) (Visfatin)
P43652	AFM ALB2 ALBA	Afamin (Alpha-albumin) (Alpha-Alb)
P45452	MMP13	Collagenase 3 (EC 3.4.24.-) (Matrix metalloproteinase-13) (MMP-13)
P46379	BAG6 BAT3 G3	Large proline-rich protein BAG6 (BAG family molecular chaperone regulator 6) (BCL2-associated athanogene 6) (BAG-6) (HLA-B-associated transcript 3) (Protein G3) (Protein Scythe)
P47710	CSN1S1 CASA CSN1	Alpha-S1-casein [Cleaved into: Casoxin-D]
P47929	LGALS7 PIG1; LGALS7B	Galectin-7 (Gal-7) (HKL-14) (PI7) (p53-induced gene 1 protein)
P47989	XDH XDHA	Xanthine dehydrogenase/oxidase [Includes: Xanthine dehydrogenase (XD) (EC 1.17.1.4); Xanthine oxidase (XO) (EC 1.17.3.2) (Xanthine oxidoreductase) (XOR)]
P47992	XCL1 LTN SCYC1	Lymphotactin (ATAC) (C motif chemokine 1) (Cytokine SCM-1) (Lymphotaxin) (SCM-1-alpha) (Small-inducible cytokine C1) (XC chemokine ligand 1)
P48023	FASLG APT1LG1 CD95L FASL TNFSF6	Tumor necrosis factor ligand superfamily member 6 (Apoptosis antigen ligand) (APTL) (CD95 ligand) (CD95-L) (Fas antigen ligand) (Fas ligand) (FasL) (CD antigen CD178) [Cleaved into: Tumor necrosis factor ligand superfamily member 6, membrane form; Tumor necrosis factor ligand superfamily member 6, soluble form (Receptor-binding FasL ectodomain) (Soluble Fas ligand) (sFasL); ADAM10-processed FasL form (APL); FasL intracellular domain (FasL ICD) (SPPL2A-processed FasL form) (SPA)]
P48052	CPA2	Carboxypeptidase A2 (EC 3.4.17.15)
P48061	CXCL12 SDF1 SDF1A SDF1B	Stromal cell-derived factor 1 (SDF-1) (hSDF-1) (C-X-C motif chemokine 12) (Intercrine reduced in hepatomas) (IRH) (hIRH) (Pre-B cell growth-stimulating factor) (PBSF) [Cleaved into: SDF-1-beta(3-72); SDF-1-alpha(3-67)]
P48304	REG1B PSPS2 REGL	Lithostathine-1-beta (Pancreatic stone protein 2) (PSP-2) (Regenerating islet-derived protein 1-beta) (REG-1-beta) (Regenerating protein I beta)
P48307	TFPI2	Tissue factor pathway inhibitor 2 (TFPI-2) (Placental protein 5) (PP5)
P48357	LEPR DB OBR	Leptin receptor (LEP-R) (HuB219) (OB receptor) (OB-R) (CD antigen CD295)
P48551	IFNAR2 IFNABR IFNARB	Interferon alpha/beta receptor 2 (IFN-R-2) (IFN-alpha binding protein) (IFN-alpha/beta receptor 2) (Interferon alpha binding protein) (Type I interferon receptor 2)
P48594	SERPINB4 PI11 SCCA2	Serpin B4 (Leupin) (Peptidase inhibitor 11) (PI-11) (Squamous cell carcinoma antigen 2) (SCCA-2)
P48645	NMU	Neuromedin-U [Cleaved into: Neuromedin precursor-related peptide 36 (NURP36); Neuromedin precursor-related peptide 33 (NURP33); Neuromedin-U-25 (NmU-25)]
P48740	MASP1 CRARF CRARF1 PRSS5	Mannan-binding lectin serine protease 1 (EC 3.4.21.-) (Complement-activating component of Ra-reactive factor) (Mannose-binding lectin-associated serine protease 1) (MASP-1) (Mannose-binding protein-associated serine protease) (Ra-reactive factor serine protease p100) (RaRF) (Serine protease 5) [Cleaved into: Mannan-binding lectin serine protease 1 heavy chain; Mannan-binding lectin serine protease 1 light chain]
P48745	CCN3 IGFBP9 NOV NOVH	CCN family member 3 (Cellular communication network factor 3) (Insulin-like growth factor-binding protein 9) (IBP-9) (IGF-binding protein 9) (IGFBP-9) (Nephro blastoma-overexpressed gene protein homolog) (Protein NOV homolog) (NovH)
P48960	ADGRE5 CD97	Adhesion G protein-coupled receptor E5 (Leukocyte antigen CD97) (CD antigen CD97) [Cleaved into: Adhesion G protein-coupled receptor E5 subunit alpha; Adhesion G protein-coupled receptor E5 subunit beta]
P49662	CASP4 ICH2	Caspase-4 (CASP-4) (EC 3.4.22.57) (ICE and Ced-3 homolog 2) (ICH-2) (ICE(rel)-II) (Mih1) (Protease TX) [Cleaved into: Caspase-4 subunit p10; Caspase-4 subunit p20]
P49747	COMP	Cartilage oligomeric matrix protein (COMP) (Thrombospondin-5) (TSP5)
P49763	PGF PGFL PLGF	Placenta growth factor (PlGF)
P49765	VEGFB VRF	Vascular endothelial growth factor B (VEGF-B) (VEGF-related factor) (VRF)
P49767	VEGFC	Vascular endothelial growth factor C (VEGF-C) (Flt4 ligand) (Flt4-L) (Vascular endothelial growth factor-related protein) (VRP)
P49771	FLT3LG	Fms-related tyrosine kinase 3 ligand (Flt3 ligand) (Flt3L) (SL cytokine)
P49788	RARRES1 PEIG1 TIG1	Retinoic acid receptor responder protein 1 (Phorbol ester-induced gene 1 protein) (PERG-1) (RAR-responsive protein TIG1) (Tazarotene-induced gene 1 protein)
P49862	KLK7 PRSS6 SCCE	Kallikrein-7 (hK7) (EC 3.4.21.117) (Serine protease 6) (Stratum corneum chymotryptic enzyme) (hSCCE)
P49863	GZMK TRYP2	Granzyme K (GrK) (EC 3.4.21.-) (Fragmentin-3) (Granzyme-3) (NK-tryptase-2) (NK-Tryp-2)
P49908	SELENOP SELP SEPP1	Selenoprotein P (SeP)
P49913	CAMP CAP18 FALL39 HSD26	Cathelicidin antimicrobial peptide (18 kDa cationic antimicrobial protein) (CAP-18) (hCAP-18) [Cleaved into: Antibacterial peptide FALL-39 (FALL-39 peptide antibiotic); Antibacterial peptide LL-37; Antibacterial peptide KR-20; Antibacterial peptide LL-23; Antibacterial peptide LL-29; Antibacterial peptide KS-30; Antibacterial peptide RK-31; Antibacterial peptide FF-33]
P50591	TNFSF10 APO2L TRAIL	Tumor necrosis factor ligand superfamily member 10 (Apo-2 ligand) (Apo-2L) (TNF-related apoptosis-inducing ligand) (Protein TRAIL) (CD antigen CD253)
P50607	TUB	Tubby protein homolog
P50897	PPT1 CLN1 PPT	Palmitoyl-protein thioesterase 1 (PPT-1) (EC 3.1.2.2) (EC 3.1.2.22) (Palmitoyl-protein hydrolase 1)
P51124	GZMM MET1	Granzyme M (EC 3.4.21.-) (Met-1 serine protease) (Hu-Met-1) (Met-ase) (Natural killer cell granular protease)
P51460	INSL3 RLF RLNL	Insulin-like 3 (Leydig insulin-like peptide) (Ley-I-L) (Relaxin-like factor) [Cleaved into: Insulin-like 3 B chain; Insulin-like 3 A chain]
P51512	MMP16 C8orf57 MMPX2	Matrix metalloproteinase-16 (MMP-16) (EC 3.4.24.-) (MMP-X2) (Membrane-type matrix metalloproteinase 3) (MT-MMP 3) (MTMMP3) (Membrane-type-3 matrix metalloproteinase) (MT3-MMP) (MT3MMP)
P51671	CCL11 SCYA11	Eotaxin (C-C motif chemokine 11) (Eosinophil chemotactic protein) (Small-inducible cytokine A11)
P51858	HDGF HMG1L2	Hepatoma-derived growth factor (HDGF) (High mobility group protein 1-like 2) (HMG-1L2)
P51884	LUM LDC SLRR2D	Lumican (Keratan sulfate proteoglycan lumican) (KSPG lumican)
P51888	PRELP SLRR2A	Prolargin (Proline-arginine-rich end leucine-rich repeat protein)
P51993	FUT6 FCT3A	4-galactosyl-N-acetylglucosaminide 3-alpha-L-fucosyltransferase FUT6 (EC 2.4.1.152) (Fucosyltransferase 6) (Fucosyltransferase VI) (Fuc-TVI) (FucT-VI) (Galactoside 3-L-fucosyltransferase)
P52798	EFNA4 EPLG4 LERK4	Ephrin-A4 (EPH-related receptor tyrosine kinase ligand 4) (LERK-4)
P52823	STC1 STC	Stanniocalcin-1 (STC-1)
P53420	COL4A4	Collagen alpha-4(IV) chain
P53621	COPA	Coatomer subunit alpha (Alpha-coat protein) (Alpha-COP) (HEP-COP) (HEPCOP) [Cleaved into: Xenin (Xenopsin-related peptide); Proxenin]
P54108	CRISP3	Cysteine-rich secretory protein 3 (CRISP-3) (Specific granule protein of 28 kDa) (SGP28)
P54315	PNLIPRP1 PLRP1	Inactive pancreatic lipase-related protein 1 (PL-RP1)
P54317	PNLIPRP2 PLRP2	Pancreatic lipase-related protein 2 (PL-RP2) (Cytotoxic T lymphocyte lipase) (Galactolipase) (EC 3.1.1.26) (Triacylglycerol lipase) (EC 3.1.1.3)
P55000	SLURP1 ARS	Secreted Ly-6/uPAR-related protein 1 (SLURP-1) (ARS component B) (ARS(component B)-81/S) (Anti-neoplastic urinary protein) (ANUP)
P55001	MFAP2 MAGP1	Microfibrillar-associated protein 2 (MFAP-2) (Microfibril-associated glycoprotein 1) (MAGP) (MAGP-1)
P55056	APOC4	Apolipoprotein C-IV (Apo-CIV) (ApoC-IV) (Apolipoprotein C4)
P55058	PLTP	Phospholipid transfer protein (Lipid transfer protein II)
P55075	FGF8 AIGF	Fibroblast growth factor 8 (FGF-8) (Androgen-induced growth factor) (AIGF) (Heparin-binding growth factor 8) (HBGF-8)
P55083	MFAP4	Microfibril-associated glycoprotein 4
P55089	UCN	Urocortin
P55107	GDF10 BMP3B	Growth/differentiation factor 10 (GDF-10) (Bone morphogenetic protein 3B) (BMP-3B) (Bone-inducing protein) (BIP)
P55145	MANF ARMET ARP	Mesencephalic astrocyte-derived neurotrophic factor (Arginine-rich protein) (Protein ARMET)
P55210	CASP7 MCH3	Caspase-7 (CASP-7) (EC 3.4.22.60) (Apoptotic protease Mch-3) (CMH-1) (ICE-like apoptotic protease 3) (ICE-LAP3) [Cleaved into: Caspase-7 subunit p20; Caspase-7 subunit p11]
P55259	GP2	Pancreatic secretory granule membrane major glycoprotein GP2 (Pancreatic zymogen granule membrane protein GP-2) (ZAP75)
P55268	LAMB2 LAMS	Laminin subunit beta-2 (Laminin B1s chain) (Laminin-11 subunit beta) (Laminin-14 subunit beta) (Laminin-15 subunit beta) (Laminin-3 subunit beta) (Laminin-4 subunit beta) (Laminin-7 subunit beta) (Laminin-9 subunit beta) (S-laminin subunit beta) (S-LAM beta)
P55773	CCL23 MIP3 MPIF1 SCYA23	C-C motif chemokine 23 (CK-beta-8) (CKB-8) (Macrophage inflammatory protein 3) (MIP-3) (Myeloid progenitor inhibitory factor 1) (MPIF-1) (Small-inducible cytokine A23) [Cleaved into: CCL23(19-99); CCL23(22-99); CCL23(27-99); CCL23(30-99)]
P55774	CCL18 AMAC1 DCCK1 MIP4 PARC SCYA18	C-C motif chemokine 18 (Alternative macrophage activation-associated CC chemokine 1) (AMAC-1) (CC chemokine PARC) (Dendritic cell chemokine 1) (DC-CK1) (Macrophage inflammatory protein 4) (MIP-4) (Pulmonary and activation-regulated chemokine) (Small-inducible cytokine A18) [Cleaved into: CCL18(1-68); CCL18(3-69); CCL18(4-69)]
P55789	GFER ALR HERV1 HPO	FAD-linked sulfhydryl oxidase ALR (EC 1.8.3.2) (Augmenter of liver regeneration) (hERV1) (Hepatopoietin)
P56703	WNT3 INT4	Proto-oncogene Wnt-3 (Proto-oncogene Int-4 homolog)
P56704	WNT3A	Protein Wnt-3a
P56705	WNT4 UNQ426/PRO864	Protein Wnt-4
P56706	WNT7B	Protein Wnt-7b
P56730	PRSS12	Neurotrypsin (EC 3.4.21.-) (Leydin) (Motopsin) (Serine protease 12)
P56851	EDDM3B FAM12B HE3B UNQ6412/PRO21187	Epididymal secretory protein E3-beta (Human epididymis-specific protein 3-beta) (HE3-beta)
P56975	NRG3	Pro-neuregulin-3, membrane-bound isoform (Pro-NRG3) [Cleaved into: Neuregulin-3 (NRG-3)]
P57764	GSDMD DFNA5L GSDMDC1 FKSG10	Gasdermin-D (Gasdermin domain-containing protein 1) [Cleaved into: Gasdermin-D, N-terminal (GSDMD-NT) (hGSDMD-NTD); Gasdermin-D, C-terminal (GSDMD-CT) (hGSDMD-CTD); Gasdermin-D, p13 (Gasdermin-D, 13 kDa) (13 kDa GSDMD); Gasdermin-D, p40]
P58215	LOXL3 LOXL	Lysyl oxidase homolog 3 (EC 1.4.3.-) (EC 1.4.3.13) (Lysyl oxidase-like protein 3)
P58335	ANTXR2 CMG2	Anthrax toxin receptor 2 (Capillary morphogenesis gene 2 protein) (CMG-2)
P58397	ADAMTS12 UNQ1918/PRO4389	A disintegrin and metalloproteinase with thrombospondin motifs 12 (ADAM-TS 12) (ADAM-TS12) (ADAMTS-12) (EC 3.4.24.-)
P58499	FAM3B C21orf11 C21orf76 PRED44 UNQ320/PRO365	Protein FAM3B (Cytokine-like protein 2-21) (Pancreatic-derived factor) (PANDER)
P59510	ADAMTS20	A disintegrin and metalloproteinase with thrombospondin motifs 20 (ADAM-TS 20) (ADAM-TS20) (ADAMTS-20) (EC 3.4.24.-)
P59665	DEFA1 DEF1 DEFA2 MRS; DEFA1B	Neutrophil defensin 1 (Defensin, alpha 1) (HNP-1) (HP-1) (HP1) [Cleaved into: HP 1-56; Neutrophil defensin 2 (HNP-2) (HP-2) (HP2)]
P59666	DEFA3 DEF3	Neutrophil defensin 3 (Defensin, alpha 3) (HNP-3) (HP-3) (HP3) [Cleaved into: HP 3-56; Neutrophil defensin 2 (HNP-2) (HP-2) (HP2)]
P59827	BPIFB4 C20orf186 LPLUNC4	BPI fold-containing family B member 4 (Ligand-binding protein RY2G5) (Long palate, lung and nasal epithelium carcinoma-associated protein 4)
P60022	DEFB1 BD1 HBD1	Beta-defensin 1 (BD-1) (hBD-1) (Defensin, beta 1)
P60484	PTEN MMAC1 TEP1	Phosphatidylinositol 3,4,5-trisphosphate 3-phosphatase and dual-specificity protein phosphatase PTEN (EC 3.1.3.16) (EC 3.1.3.48) (EC 3.1.3.67) (Inositol polyphosphate 3-phosphatase) (EC 3.1.3.-) (Mutated in multiple advanced cancers 1) (Phosphatase and tensin homolog)
P60568	IL2	Interleukin-2 (IL-2) (T-cell growth factor) (TCGF) (Aldesleukin)
P61278	SST	Somatostatin (Growth hormone release-inhibiting factor) [Cleaved into: Somatostatin-28; Somatostatin-14 (SST-14); Neuronostatin (NST)]
P61366	OSTN	Osteocrin (Musclin) [Cleaved into: Processed Osteocrin]
P61626	LYZ LZM	Lysozyme C (EC 3.2.1.17) (1,4-beta-N-acetylmuramidase C)
P61769	B2M CDABP0092 HDCMA22P	Beta-2-microglobulin [Cleaved into: Beta-2-microglobulin form pI 5.3]
P61812	TGFB2	Transforming growth factor beta-2 proprotein (Cetermin) (Glioblastoma-derived T-cell suppressor factor) (G-TSF) [Cleaved into: Latency-associated peptide (LAP); Transforming growth factor beta-2 (TGF-beta-2)]
P61916	NPC2 HE1	NPC intracellular cholesterol transporter 2 (Epididymal secretory protein E1) (Human epididymis-specific protein 1) (He1) (Niemann-Pick disease type C2 protein)
P62937	PPIA CYPA	Peptidyl-prolyl cis-trans isomerase A (PPIase A) (EC 5.2.1.8) (Cyclophilin A) (Cyclosporin A-binding protein) (Rotamase A) [Cleaved into: Peptidyl-prolyl cis-trans isomerase A, N-terminally processed]
P67809	YBX1 NSEP1 YB1	Y-box-binding protein 1 (YB-1) (CCAAT-binding transcription factor I subunit A) (CBF-A) (DNA-binding protein B) (DBPB) (Enhancer factor I subunit A) (EFI-A) (Nuclease-sensitive element-binding protein 1) (Y-box transcription factor)
P78310	CXADR CAR	Coxsackievirus and adenovirus receptor (CAR) (hCAR) (CVB3-binding protein) (Coxsackievirus B-adenovirus receptor) (HCVADR)
P78333	GPC5	Glypican-5 [Cleaved into: Secreted glypican-5]
P78380	OLR1 CLEC8A LOX1	Oxidized low-density lipoprotein receptor 1 (Ox-LDL receptor 1) (C-type lectin domain family 8 member A) (Lectin-like oxidized LDL receptor 1) (LOX-1) (Lectin-like oxLDL receptor 1) (hLOX-1) (Lectin-type oxidized LDL receptor 1) [Cleaved into: Oxidized low-density lipoprotein receptor 1, soluble form]
P78423	CX3CL1 FKN NTT SCYD1 A-152E5.2	Fractalkine (C-X3-C motif chemokine 1) (CX3C membrane-anchored chemokine) (Neurotactin) (Small-inducible cytokine D1) [Cleaved into: Processed fractalkine]
P78509	RELN	Reelin (EC 3.4.21.-)
P78556	CCL20 LARC MIP3A SCYA20	C-C motif chemokine 20 (Beta-chemokine exodus-1) (CC chemokine LARC) (Liver and activation-regulated chemokine) (Macrophage inflammatory protein 3 alpha) (MIP-3-alpha) (Small-inducible cytokine A20) [Cleaved into: CCL20(1-67); CCL20(1-64); CCL20(2-70)]
P80075	CCL8 MCP2 SCYA10 SCYA8	C-C motif chemokine 8 (HC14) (Monocyte chemoattractant protein 2) (Monocyte chemotactic protein 2) (MCP-2) (Small-inducible cytokine A8) [Cleaved into: MCP-2(6-76)]
P80098	CCL7 MCP3 SCYA6 SCYA7	C-C motif chemokine 7 (Monocyte chemoattractant protein 3) (Monocyte chemotactic protein 3) (MCP-3) (NC28) (Small-inducible cytokine A7)
P80108	GPLD1 PIGPLD1	Phosphatidylinositol-glycan-specific phospholipase D (PI-G PLD) (EC 3.1.4.50) (Glycoprotein phospholipase D) (Glycosyl-phosphatidylinositol-specific phospholipase D) (GPI-PLD) (GPI-specific phospholipase D)
P80162	CXCL6 GCP2 SCYB6	C-X-C motif chemokine 6 (Chemokine alpha 3) (CKA-3) (Granulocyte chemotactic protein 2) (GCP-2) (Small-inducible cytokine B6) [Cleaved into: Small-inducible cytokine B6, N-processed variant 1; Small-inducible cytokine B6, N-processed variant 2; Small-inducible cytokine B6, N-processed variant 3]
P80188	LCN2 HNL NGAL	Neutrophil gelatinase-associated lipocalin (NGAL) (25 kDa alpha-2-microglobulin-related subunit of MMP-9) (Lipocalin-2) (Oncogene 24p3) (Siderocalin) (p25)
P80217	IFI35 IFP35	Interferon-induced 35 kDa protein (IFP 35) (Ifi-35)
P80303	NUCB2 NEFA	Nucleobindin-2 (DNA-binding protein NEFA) (Epididymis secretory protein Li 109) (Gastric cancer antigen Zg4) (Prepronesfatin) [Cleaved into: Nesfatin-1]
P80511	S100A12	Protein S100-A12 (CGRP) (Calcium-binding protein in amniotic fluid 1) (CAAF1) (Calgranulin-C) (CAGC) (Extracellular newly identified RAGE-binding protein) (EN-RAGE) (Migration inhibitory factor-related protein 6) (MRP-6) (p6) (Neutrophil S100 protein) (S100 calcium-binding protein A12) [Cleaved into: Calcitermin]
P80748	IGLV3-21	Immunoglobulin lambda variable 3-21 (Ig lambda chain V-III region LOI) (Ig lambda chain V-V region DEL) (Ig lambda chain V-VII region MOT)
P81172	HAMP HEPC LEAP1 UNQ487/PRO1003	Hepcidin (Liver-expressed antimicrobial peptide 1) (LEAP-1) (Putative liver tumor regressor) (PLTR) [Cleaved into: Hepcidin-25 (Hepc25); Hepcidin-20 (Hepc20)]
P81277	PRLH PRH	Prolactin-releasing peptide (PrRP) (Prolactin-releasing hormone) [Cleaved into: Prolactin-releasing peptide PrRP31; Prolactin-releasing peptide PrRP20]
P81534	DEFB103A BD3 DEFB103 DEFB3; DEFB103B	Beta-defensin 103 (Beta-defensin 3) (BD-3) (DEFB-3) (HBD3) (hBD-3) (Defensin, beta 103) (Defensin-like protein)
P81605	DCD AIDD DSEP	Dermcidin (EC 3.4.-.-) (Preproteolysin) [Cleaved into: Survival-promoting peptide; DCD-1]
P82279	CRB1	Protein crumbs homolog 1
P82987	ADAMTSL3 KIAA1233	ADAMTS-like protein 3 (ADAMTSL-3) (Punctin-2)
P83105	HTRA4	Serine protease HTRA4 (EC 3.4.21.-) (High-temperature requirement factor A4)
P83110	HTRA3 PRSP	Serine protease HTRA3 (EC 3.4.21.-) (High-temperature requirement factor A3) (Pregnancy-related serine protease)
P98066	TNFAIP6 TSG6	Tumor necrosis factor-inducible gene 6 protein (EC 3.1.1.-) (Hyaluronate-binding protein) (TNF-stimulated gene 6 protein) (TSG-6) (Tumor necrosis factor alpha-induced protein 6) (TNF alpha-induced protein 6)
P98088	MUC5AC MUC5	Mucin-5AC (MUC-5AC) (Gastric mucin) (Major airway glycoprotein) (Mucin-5 subtype AC, tracheobronchial) (Tracheobronchial mucin) (TBM)
P98095	FBLN2	Fibulin-2 (FIBL-2)
P98160	HSPG2	Basement membrane-specific heparan sulfate proteoglycan core protein (HSPG) (Perlecan) (PLC) [Cleaved into: Endorepellin; LG3 peptide]
P98161	PKD1	Polycystin-1 (PC1) (Autosomal dominant polycystic kidney disease 1 protein)
P98173	FAM3A 2-19 2.19	Protein FAM3A (Cytokine-like protein 2-19)
Q00604	NDP EVR2	Norrin (Norrie disease protein) (X-linked exudative vitreoretinopathy 2 protein)
Q00796	SORD	Sorbitol dehydrogenase (SDH) (EC 1.1.1.-) ((R,R)-butanediol dehydrogenase) (EC 1.1.1.4) (L-iditol 2-dehydrogenase) (EC 1.1.1.14) (Polyol dehydrogenase) (Ribitol dehydrogenase) (RDH) (EC 1.1.1.56) (Xylitol dehydrogenase) (XDH) (EC 1.1.1.9)
Q00887	PSG9 PSG11	Pregnancy-specific beta-1-glycoprotein 9 (PS-beta-G-9) (PSBG-9) (Pregnancy-specific glycoprotein 9) (PS34) (Pregnancy-specific beta-1 glycoprotein B) (PS-beta-B) (Pregnancy-specific beta-1-glycoprotein 11) (PS-beta-G-11) (PSBG-11) (Pregnancy-specific glycoprotein 11) (Pregnancy-specific glycoprotein 7) (PSG7)
Q00889	PSG6 CGM3 PSG10 PSG12 PSGGB	Pregnancy-specific beta-1-glycoprotein 6 (PS-beta-G-6) (PSBG-6) (Pregnancy-specific glycoprotein 6) (Pregnancy-specific beta-1-glycoprotein 10) (PS-beta-G-10) (PSBG-10) (Pregnancy-specific glycoprotein 10) (Pregnancy-specific beta-1-glycoprotein 12) (PS-beta-G-12) (PSBG-12) (Pregnancy-specific glycoprotein 12)
Q01113	IL9R	Interleukin-9 receptor (IL-9 receptor) (IL-9R) (CD antigen CD129)
Q01469	FABP5	Fatty acid-binding protein 5 (Epidermal-type fatty acid-binding protein) (E-FABP) (Fatty acid-binding protein, epidermal) (Psoriasis-associated fatty acid-binding protein homolog) (PA-FABP)
Q01523	DEFA5 DEF5	Defensin alpha 5 (Defensin-5) (HD5(20-94)) [Cleaved into: HD5(23-94); HD5(29-94); HD5(56-94); HD5(63-94)]
Q01524	DEFA6 DEF6	Defensin-6 (Defensin, alpha 6)
Q01638	IL1RL1 DER4 ST2 T1	Interleukin-1 receptor-like 1 (EC 3.2.2.6) (Protein ST2)
Q01955	COL4A3	Collagen alpha-3(IV) chain (Goodpasture antigen) [Cleaved into: Tumstatin]
Q02297	NRG1 GGF HGL HRGA NDF SMDF	Pro-neuregulin-1, membrane-bound isoform (Pro-NRG1) [Cleaved into: Neuregulin-1 (Acetylcholine receptor-inducing activity) (ARIA) (Breast cancer cell differentiation factor p45) (Glial growth factor) (Heregulin) (HRG) (Neu differentiation factor) (Sensory and motor neuron-derived factor)]
Q02383	SEMG2	Semenogelin-2 (Semenogelin II) (SGII)
Q02388	COL7A1	Collagen alpha-1(VII) chain (Long-chain collagen) (LC collagen)
Q02505	MUC3A MUC3	Mucin-3A (MUC-3A) (Intestinal mucin-3A)
Q02747	GUCA2A GUCA2	Guanylin (Guanylate cyclase activator 2A) (Guanylate cyclase-activating protein 1) (Guanylate cyclase-activating protein I) (GCAP-I) [Cleaved into: HMW-guanylin; Guanylin]
Q02763	TEK TIE2 VMCM VMCM1	Angiopoietin-1 receptor (EC 2.7.10.1) (Endothelial tyrosine kinase) (Tunica interna endothelial cell kinase) (Tyrosine kinase with Ig and EGF homology domains-2) (Tyrosine-protein kinase receptor TEK) (Tyrosine-protein kinase receptor TIE-2) (hTIE2) (p140 TEK) (CD antigen CD202b)
Q02817	MUC2 SMUC	Mucin-2 (MUC-2) (Intestinal mucin-2)
Q02818	NUCB1 NUC	Nucleobindin-1 (CALNUC)
Q02985	CFHR3 CFHL3 FHR3	Complement factor H-related protein 3 (FHR-3) (DOWN16) (H factor-like protein 3)
Q03167	TGFBR3	Transforming growth factor beta receptor type 3 (TGF-beta receptor type 3) (TGFR-3) (Betaglycan) (Transforming growth factor beta receptor III) (TGF-beta receptor type III)
Q03403	TFF2 SML1	Trefoil factor 2 (Spasmolysin) (Spasmolytic polypeptide) (SP)
Q03405	PLAUR MO3 UPAR	Urokinase plasminogen activator surface receptor (U-PAR) (uPAR) (Monocyte activation antigen Mo3) (CD antigen CD87)
Q03591	CFHR1 CFHL CFHL1 CFHL1P CFHR1P FHR1 HFL1 HFL2	Complement factor H-related protein 1 (FHR-1) (H factor-like protein 1) (FHL-1) (H-factor-like 1) (H36)
Q03692	COL10A1	Collagen alpha-1(X) chain
Q04118	PRB3	Basic salivary proline-rich protein 3 (Parotid salivary glycoprotein G1) (Proline-rich protein G1)
Q04756	HGFAC	Hepatocyte growth factor activator serine protease (HGF activator) (HGFA) (HGFA serine protease) (EC 3.4.21.-) (Serine protease HGFAC) [Cleaved into: Hepatocyte growth factor activator short chain; Hepatocyte growth factor activator long chain]
Q04900	CD164	Sialomucin core protein 24 (MUC-24) (Endolyn) (Multi-glycosylated core protein 24) (MGC-24) (MGC-24v) (CD antigen CD164)
Q05315	CLC LGALS10 LGALS10A	Galectin-10 (Gal-10) (Charcot-Leyden crystal protein) (CLC) (Eosinophil lysophospholipase) (Lysolecithin acylhydrolase)
Q05707	COL14A1 UND	Collagen alpha-1(XIV) chain (Undulin)
Q06033	ITIH3	Inter-alpha-trypsin inhibitor heavy chain H3 (ITI heavy chain H3) (ITI-HC3) (Inter-alpha-inhibitor heavy chain 3) (Serum-derived hyaluronan-associated protein) (SHAP)
Q06141	REG3A HIP PAP PAP1	Regenerating islet-derived protein 3-alpha (REG-3-alpha) (Hepatointestinal pancreatic protein) (HIP/PAP) (Human proislet peptide) (HIP) (Pancreatitis-associated protein 1) (Regenerating islet-derived protein III-alpha) (Reg III-alpha) [Cleaved into: Regenerating islet-derived protein 3-alpha 16.5 kDa form; Regenerating islet-derived protein 3-alpha 15 kDa form]
Q06828	FMOD FM SLRR2E	Fibromodulin (FM) (Collagen-binding 59 kDa protein) (Keratan sulfate proteoglycan fibromodulin) (KSPG fibromodulin)
Q07021	C1QBP GC1QBP HABP1 SF2P32	Complement component 1 Q subcomponent-binding protein, mitochondrial (ASF/SF2-associated protein p32) (Glycoprotein gC1qBP) (C1qBP) (Hyaluronan-binding protein 1) (Mitochondrial matrix protein p32) (gC1q-R protein) (p33) (SF2AP32)
Q07092	COL16A1 FP1572	Collagen alpha-1(XVI) chain
Q07325	CXCL9 CMK MIG SCYB9	C-X-C motif chemokine 9 (Gamma-interferon-induced monokine) (Monokine induced by interferon-gamma) (HuMIG) (MIG) (Small-inducible cytokine B9)
Q07654	TFF3 ITF TFI	Trefoil factor 3 (Intestinal trefoil factor) (hITF) (Polypeptide P1.B) (hP1.B)
Q07699	SCN1B	Sodium channel regulatory subunit beta-1
Q08345	DDR1 CAK EDDR1 NEP NTRK4 PTK3A RTK6 TRKE	Epithelial discoidin domain-containing receptor 1 (Epithelial discoidin domain receptor 1) (EC 2.7.10.1) (CD167 antigen-like family member A) (Cell adhesion kinase) (Discoidin receptor tyrosine kinase) (HGK2) (Mammary carcinoma kinase 10) (MCK-10) (Protein-tyrosine kinase 3A) (Protein-tyrosine kinase RTK-6) (TRK E) (Tyrosine kinase DDR) (Tyrosine-protein kinase CAK) (CD antigen CD167a)
Q08380	LGALS3BP M2BP	Galectin-3-binding protein (Basement membrane autoantigen p105) (Lectin galactoside-binding soluble 3-binding protein) (Mac-2-binding protein) (MAC2BP) (Mac-2 BP) (Tumor-associated antigen 90K)
Q08397	LOXL1 LOXL	Lysyl oxidase homolog 1 (EC 1.4.3.13) (Lysyl oxidase-like protein 1) (LOL)
Q08431	MFGE8	Lactadherin (Breast epithelial antigen BA46) (HMFG) (MFGM) (Milk fat globule-EGF factor 8) (MFG-E8) (SED1) [Cleaved into: Lactadherin short form; Medin]
Q08629	SPOCK1 SPOCK TIC1 TICN1	Testican-1 (Protein SPOCK)
Q08648	SPAG11B EP2 HE2	Sperm-associated antigen 11B (Human epididymis-specific protein 2) (He2) (Protein EP2) (Sperm antigen HE2)
Q08830	FGL1 HFREP1	Fibrinogen-like protein 1 (HP-041) (Hepassocin) (HPS) (Hepatocyte-derived fibrinogen-related protein 1) (HFREP-1) (Liver fibrinogen-related protein 1) (LFIRE-1)
Q08J23	NSUN2 SAKI TRM4	RNA cytosine C(5)-methyltransferase NSUN2 (EC 2.1.1.-) (Myc-induced SUN domain-containing protein) (Misu) (NOL1/NOP2/Sun domain family member 2) (Substrate of AIM1/Aurora kinase B) (mRNA cytosine C(5)-methyltransferase) (EC 2.1.1.-) (tRNA cytosine C(5)-methyltransferase) (EC 2.1.1.-, EC 2.1.1.203) (tRNA methyltransferase 4 homolog) (hTrm4)
Q09328	MGAT5 GGNT5	Alpha-1,6-mannosylglycoprotein 6-beta-N-acetylglucosaminyltransferase A (EC 2.4.1.155) (Alpha-mannoside beta-1,6-N-acetylglucosaminyltransferase V) (GlcNAc-T V) (GNT-V) (Mannoside acetylglucosaminyltransferase 5) (N-acetylglucosaminyl-transferase V) [Cleaved into: Secreted alpha-1,6-mannosylglycoprotein 6-beta-N-acetylglucosaminyltransferase A (Secreted beta-1,6-N-acetylglucosaminyltransferase V) (Secreted GNT-V)]
Q10471	GALNT2	Polypeptide N-acetylgalactosaminyltransferase 2 (EC 2.4.1.41) (Polypeptide GalNAc transferase 2) (GalNAc-T2) (pp-GaNTase 2) (Protein-UDP acetylgalactosaminyltransferase 2) (UDP-GalNAc:polypeptide N-acetylgalactosaminyltransferase 2) [Cleaved into: Polypeptide N-acetylgalactosaminyltransferase 2 soluble form]
Q10472	GALNT1	Polypeptide N-acetylgalactosaminyltransferase 1 (EC 2.4.1.41) (Polypeptide GalNAc transferase 1) (GalNAc-T1) (pp-GaNTase 1) (Protein-UDP acetylgalactosaminyltransferase 1) (UDP-GalNAc:polypeptide N-acetylgalactosaminyltransferase 1) [Cleaved into: Polypeptide N-acetylgalactosaminyltransferase 1 soluble form]
Q11201	ST3GAL1 SIAT4 SIAT4A	CMP-N-acetylneuraminate-beta-galactosamide-alpha-2,3-sialyltransferase 1 (Alpha 2,3-ST 1) (Beta-galactoside alpha-2,3-sialyltransferase 1) (EC 2.4.3.4) (Gal-NAc6S) (Gal-beta-1,3-GalNAc-alpha-2,3-sialyltransferase) (Monosialoganglioside sialyltransferase) (EC 2.4.3.2) (SIATFL) (ST3Gal I) (ST3GalI) (ST3GalA.1) (ST3O) (Sialyltransferase 4A) (SIAT4-A)
Q11203	ST3GAL3 SIAT6	CMP-N-acetylneuraminate-beta-1,4-galactoside alpha-2,3-sialyltransferase (EC 2.4.3.6) (Beta-galactoside alpha-2,3-sialyltransferase 3) (Alpha 2,3-ST 3) (Gal beta-1,3(4) GlcNAc alpha-2,3 sialyltransferase) (N-acetyllactosaminide alpha-2,3-sialyltransferase) (ST3Gal III) (ST3GalIII) (ST3N) (Sialyltransferase 6)
Q11206	ST3GAL4 CGS23 NANTA3 SIAT4C STZ	CMP-N-acetylneuraminate-beta-galactosamide-alpha-2,3-sialyltransferase 4 (Alpha 2,3-ST 4) (Beta-galactoside alpha-2,3-sialyltransferase 4) (EC 2.4.3.2) (EC 2.4.3.4) (Alpha 2,3-sialyltransferase IV) (Gal-NAc6S) (Gal-beta-1,3-GalNAc-alpha-2,3-sialyltransferase) (Gal-beta-1,4-GlcNAc-alpha-2,3-sialyltransferase) (N-acetyllactosaminide alpha-2,3-sialyltransferase) (EC 2.4.3.6) (SAT-3) (ST-4) (ST3Gal IV) (ST3GalIV) (ST3GalA.2) (STZ) (Sialyltransferase 4C) (SIAT4-C)
Q12794	HYAL1 LUCA1	Hyaluronidase-1 (Hyal-1) (EC 3.2.1.35) (Hyaluronoglucosaminidase-1) (Lung carcinoma protein 1) (LuCa-1)
Q12805	EFEMP1 FBLN3 FBNL	EGF-containing fibulin-like extracellular matrix protein 1 (Extracellular protein S1-5) (Fibrillin-like protein) (Fibulin-3) (FIBL-3)
Q12841	FSTL1 FRP	Follistatin-related protein 1 (Follistatin-like protein 1)
Q12884	FAP	Prolyl endopeptidase FAP (EC 3.4.21.26) (170 kDa melanoma membrane-bound gelatinase) (Dipeptidyl peptidase FAP) (EC 3.4.14.5) (Fibroblast activation protein alpha) (FAPalpha) (Gelatine degradation protease FAP) (EC 3.4.21.-) (Integral membrane serine protease) (Post-proline cleaving enzyme) (Serine integral membrane protease) (SIMP) (Surface-expressed protease) (Seprase) [Cleaved into: Antiplasmin-cleaving enzyme FAP, soluble form (APCE) (EC 3.4.14.5) (EC 3.4.21.-) (EC 3.4.21.26)]
Q12904	AIMP1 EMAP2 SCYE1	Aminoacyl tRNA synthase complex-interacting multifunctional protein 1 (Multisynthase complex auxiliary component p43) [Cleaved into: Endothelial monocyte-activating polypeptide 2 (EMAP-2) (Endothelial monocyte-activating polypeptide II) (EMAP-II) (Small inducible cytokine subfamily E member 1)]
Q12913	PTPRJ DEP1	Receptor-type tyrosine-protein phosphatase eta (Protein-tyrosine phosphatase eta) (R-PTP-eta) (EC 3.1.3.48) (Density-enhanced phosphatase 1) (DEP-1) (HPTP eta) (Protein-tyrosine phosphatase receptor type J) (R-PTP-J) (CD antigen CD148)
Q13007	IL24 MDA7 ST16	Interleukin-24 (IL-24) (Melanoma differentiation-associated gene 7 protein) (MDA-7) (Suppression of tumorigenicity 16 protein)
Q13018	PLA2R1 CLEC13C	Secretory phospholipase A2 receptor (PLA2-R) (PLA2R) (180 kDa secretory phospholipase A2 receptor) (C-type lectin domain family 13 member C) (M-type receptor) [Cleaved into: Soluble secretory phospholipase A2 receptor (Soluble PLA2-R) (Soluble PLA2R)]
Q13093	PLA2G7 PAFAH	Platelet-activating factor acetylhydrolase (PAF acetylhydrolase) (EC 3.1.1.47) (1-alkyl-2-acetylglycerophosphocholine esterase) (2-acetyl-1-alkylglycerophosphocholine esterase) (Group-VIIA phospholipase A2) (gVIIA-PLA2) (LDL-associated phospholipase A2) (LDL-PLA(2)) (PAF 2-acylhydrolase)
Q13201	MMRN1 ECM EMILIN4 GPIA* MMRN	Multimerin-1 (EMILIN-4) (Elastin microfibril interface located protein 4) (Elastin microfibril interfacer 4) (Endothelial cell multimerin) [Cleaved into: Platelet glycoprotein Ia*; 155 kDa platelet multimerin (p-155) (p155)]
Q13214	SEMA3B SEMA5 SEMAA	Semaphorin-3B (Sema A(V)) (Semaphorin-V) (Sema V)
Q13219	PAPPA	Pappalysin-1 (EC 3.4.24.79) (Insulin-like growth factor-dependent IGF-binding protein 4 protease) (IGF-dependent IGFBP-4 protease) (IGFBP-4ase) (Pregnancy-associated plasma protein A) (PAPP-A)
Q13231	CHIT1	Chitotriosidase-1 (EC 3.2.1.14) (Chitinase-1)
Q13253	NOG	Noggin
Q13261	IL15RA	Interleukin-15 receptor subunit alpha (IL-15 receptor subunit alpha) (IL-15R-alpha) (IL-15RA) (CD antigen CD215) [Cleaved into: Soluble interleukin-15 receptor subunit alpha (sIL-15 receptor subunit alpha) (sIL-15R-alpha) (sIL-15RA)]
Q13275	SEMA3F	Semaphorin-3F (Sema III/F) (Semaphorin IV) (Sema IV)
Q13287	NMI	N-myc-interactor (Nmi) (N-myc and STAT interactor)
Q13291	SLAMF1 SLAM	Signaling lymphocytic activation molecule (CDw150) (IPO-3) (SLAM family member 1) (CD antigen CD150)
Q13316	DMP1	Dentin matrix acidic phosphoprotein 1 (DMP-1) (Dentin matrix protein 1)
Q13361	MFAP5 MAGP2	Microfibrillar-associated protein 5 (MFAP-5) (MP25) (Microfibril-associated glycoprotein 2) (MAGP-2)
Q13410	BTN1A1 BTN	Butyrophilin subfamily 1 member A1 (BT)
Q13421	MSLN MPF	Mesothelin (CAK1 antigen) (Pre-pro-megakaryocyte-potentiating factor) [Cleaved into: Megakaryocyte-potentiating factor (MPF); Mesothelin, cleaved form]
Q13443	ADAM9 KIAA0021 MCMP MDC9 MLTNG	Disintegrin and metalloproteinase domain-containing protein 9 (ADAM 9) (EC 3.4.24.-) (Cellular disintegrin-related protein) (Meltrin-gamma) (Metalloprotease/disintegrin/cysteine-rich protein 9) (Myeloma cell metalloproteinase)
Q13510	ASAH1 ASAH HSD-33 HSD33	Acid ceramidase (AC) (ACDase) (Acid CDase) (EC 3.5.1.23) (Acylsphingosine deacylase) (Glycosylceramide deacylase) (EC 3.5.1.109) (N-acylethanolamine hydrolase ASAH1) (EC 3.5.1.-) (N-acylsphingosine amidohydrolase) (Putative 32 kDa heart protein) (PHP32) [Cleaved into: Acid ceramidase subunit alpha; Acid ceramidase subunit beta]
Q13519	PNOC OFQ	Prepronociceptin [Cleaved into: Nocistatin; Nociceptin (Orphanin FQ) (PPNOC); Orphanin FQ2]
Q13563	PKD2 TRPP1 TRPP2	Polycystin-2 (PC2) (Autosomal dominant polycystic kidney disease type II protein) (Polycystic kidney disease 2 protein) (Polycystwin) (R48321) (Transient receptor potential cation channel subfamily P member 2)
Q13609	DNASE1L3 DHP2 DNAS1L3	Deoxyribonuclease gamma (DNase gamma) (EC 3.1.21.-) (DNase I homolog protein DHP2) (Deoxyribonuclease I-like 3) (DNase I-like 3) (Liver and spleen DNase) (LS-DNase) (LSD)
Q13740	ALCAM MEMD	CD166 antigen (Activated leukocyte cell adhesion molecule) (CD antigen CD166)
Q13751	LAMB3 LAMNB1	Laminin subunit beta-3 (Epiligrin subunit beta) (Kalinin B1 chain) (Kalinin subunit beta) (Laminin B1k chain) (Laminin-5 subunit beta) (Nicein subunit beta)
Q13753	LAMC2 LAMB2T LAMNB2	Laminin subunit gamma-2 (Cell-scattering factor 140 kDa subunit) (CSF 140 kDa subunit) (Epiligrin subunit gamma) (Kalinin subunit gamma) (Kalinin/nicein/epiligrin 100 kDa subunit) (Ladsin 140 kDa subunit) (Laminin B2t chain) (Laminin-5 subunit gamma) (Large adhesive scatter factor 140 kDa subunit) (Nicein subunit gamma)
Q13790	APOF	Apolipoprotein F (Apo-F) (Lipid transfer inhibitor protein) (LTIP)
Q13822	ENPP2 ATX PDNP2	Autotaxin (EC 3.1.4.39) (EC 3.1.4.4) (Ectonucleotide pyrophosphatase/phosphodiesterase family member 2) (E-NPP 2) (Extracellular lysophospholipase D) (LysoPLD)
Q14005	IL16	Pro-interleukin-16 [Cleaved into: Interleukin-16 (IL-16) (Lymphocyte chemoattractant factor) (LCF)]
Q14031	COL4A6	Collagen alpha-6(IV) chain
Q14050	COL9A3	Collagen alpha-3(IX) chain
Q14055	COL9A2	Collagen alpha-2(IX) chain
Q14112	NID2	Nidogen-2 (NID-2) (Osteonidogen)
Q14114	LRP8 APOER2	Low-density lipoprotein receptor-related protein 8 (LRP-8) (Apolipoprotein E receptor 2)
Q14116	IL18 IGIF IL1F4	Interleukin-18 (IL-18) (Iboctadekin) (Interferon gamma-inducing factor) (IFN-gamma-inducing factor) (Interleukin-1 gamma) (IL-1 gamma)
Q14118	DAG1	Dystroglycan 1 (Dystroglycan) (Dystrophin-associated glycoprotein 1) [Cleaved into: Alpha-dystroglycan (Alpha-DG); Beta-dystroglycan (Beta-DG)]
Q14213	EBI3 IL27B	Interleukin-27 subunit beta (IL-27 subunit beta) (IL-27B) (Epstein-Barr virus-induced gene 3 protein) (EBV-induced gene 3 protein)
Q14314	FGL2	Fibroleukin (Fibrinogen-like protein 2) (pT49)
Q14393	GAS6 AXLLG	Growth arrest-specific protein 6 (GAS-6) (AXL receptor tyrosine kinase ligand)
Q14406	CSHL1 CSHP1 CSL	Chorionic somatomammotropin hormone-like 1 (Chorionic somatomammotropin-like) (Lactogen-like)
Q14508	WFDC2 HE4 WAP5	WAP four-disulfide core domain protein 2 (Epididymal secretory protein E4) (Major epididymis-specific protein E4) (Putative protease inhibitor WAP5)
Q14512	FGFBP1 FGFBP HBP17	Fibroblast growth factor-binding protein 1 (FGF-BP) (FGF-BP1) (FGF-binding protein 1) (FGFBP-1) (17 kDa heparin-binding growth factor-binding protein) (17 kDa HBGF-binding protein) (HBp17)
Q14515	SPARCL1	SPARC-like protein 1 (High endothelial venule protein) (Hevin) (MAST 9)
Q14520	HABP2 HGFAL	Factor VII-activating protease (FSAP) (EC 3.4.21.-) (FVII activator) (Hepatocyte growth factor activator-like protein) (Hyaluronan-binding protein 2) (Plasma hyaluronan-binding protein) (PHBP) (Plasma hyaluronan-binding serine protease) (PHBSP) [Cleaved into: Factor VII-activating protease 50 kDa N-terminal heavy chain; Factor VII-activating protease 50 kDa N-terminal heavy chain alternate form; Factor VII-activating protease 27 kDa C-terminal light chain; Factor VII-activating protease 27 kDa C-terminal light chain alternate form]
Q14563	SEMA3A SEMAD	Semaphorin-3A (Semaphorin III) (Sema III)
Q14623	IHH	Indian hedgehog protein (IHH) (EC 3.1.-.-) (HHG-2) [Cleaved into: Indian hedgehog protein N-product]
Q14624	ITIH4 IHRP ITIHL1 PK120 PRO1851	Inter-alpha-trypsin inhibitor heavy chain H4 (ITI heavy chain H4) (ITI-HC4) (Inter-alpha-inhibitor heavy chain 4) (Inter-alpha-trypsin inhibitor family heavy chain-related protein) (IHRP) (Plasma kallikrein sensitive glycoprotein 120) (Gp120) (PK-120) [Cleaved into: 70 kDa inter-alpha-trypsin inhibitor heavy chain H4; 35 kDa inter-alpha-trypsin inhibitor heavy chain H4]
Q14626	IL11RA	Interleukin-11 receptor subunit alpha (IL-11 receptor subunit alpha) (IL-11R subunit alpha) (IL-11R-alpha) (IL-11RA) [Cleaved into: Soluble interleukin-11 receptor subunit alpha (sIL-11R) (sIL-11RA) (sIL11RA)]
Q14703	MBTPS1 KIAA0091 S1P SKI1	Membrane-bound transcription factor site-1 protease (EC 3.4.21.112) (Endopeptidase S1P) (Subtilisin/kexin-isozyme 1) (SKI-1)
Q14766	LTBP1	Latent-transforming growth factor beta-binding protein 1 (LTBP-1) (Transforming growth factor beta-1-binding protein 1) (TGF-beta1-BP-1)
Q14767	LTBP2 C14orf141 LTBP3	Latent-transforming growth factor beta-binding protein 2 (LTBP-2)
Q14773	ICAM4 LW	Intercellular adhesion molecule 4 (ICAM-4) (Landsteiner-Wiener blood group glycoprotein) (LW blood group protein) (CD antigen CD242)
Q14993	COL19A1	Collagen alpha-1(XIX) chain (Collagen alpha-1(Y) chain)
Q14CN2	CLCA4 CaCC2 UNQ562/PRO1124	Calcium-activated chloride channel regulator 4 (EC 3.4.-.-) (Calcium-activated chloride channel family member 4) (hCLCA4) (Calcium-activated chloride channel protein 2) (CaCC-2) (hCaCC-2) (Chloride channel accessory 4) [Cleaved into: Calcium-activated chloride channel regulator 4, 110 kDa form; Calcium-activated chloride channel regulator 4, 30 kDa form]
Q15046	KARS1 KARS KIAA0070	Lysine--tRNA ligase (EC 2.7.7.-) (EC 6.1.1.6) (Lysyl-tRNA synthetase) (LysRS)
Q15063	POSTN OSF2	Periostin (PN) (Osteoblast-specific factor 2) (OSF-2)
Q15109	AGER RAGE	Advanced glycosylation end product-specific receptor (Receptor for advanced glycosylation end products)
Q15113	PCOLCE PCPE1	Procollagen C-endopeptidase enhancer 1 (Procollagen COOH-terminal proteinase enhancer 1) (PCPE-1) (Procollagen C-proteinase enhancer 1) (Type 1 procollagen C-proteinase enhancer protein) (Type I procollagen COOH-terminal proteinase enhancer)
Q15166	PON3	Serum paraoxonase/lactonase 3 (EC 3.1.1.2) (EC 3.1.1.81) (EC 3.1.8.1)
Q15223	NECTIN1 HVEC PRR1 PVRL1	Nectin-1 (Herpes virus entry mediator C) (Herpesvirus entry mediator C) (HveC) (Herpesvirus Ig-like receptor) (HIgR) (Nectin cell adhesion molecule 1) (Poliovirus receptor-related protein 1) (CD antigen CD111)
Q15256	PTPRR ECPTP PTPRQ	Receptor-type tyrosine-protein phosphatase R (R-PTP-R) (EC 3.1.3.48) (Ch-1PTPase) (NC-PTPCOM1) (Protein-tyrosine phosphatase PCPTP1)
Q15389	ANGPT1 KIAA0003	Angiopoietin-1 (ANG-1)
Q15465	SHH	Sonic hedgehog protein (SHH) (EC 3.1.-.-) (HHG-1) (Shh unprocessed N-terminal signaling and C-terminal autoprocessing domains) (ShhNC) [Cleaved into: Sonic hedgehog protein N-product (ShhN) (Shh N-terminal processed signaling domains) (ShhNp)]
Q15485	FCN2 FCNL	Ficolin-2 (37 kDa elastin-binding protein) (EBP-37) (Collagen/fibrinogen domain-containing protein 2) (Ficolin-B) (Ficolin-beta) (Hucolin) (L-ficolin) (Serum lectin p35)
Q15517	CDSN	Corneodesmosin (S protein)
Q15582	TGFBI BIGH3	Transforming growth factor-beta-induced protein ig-h3 (Beta ig-h3) (Kerato-epithelin) (RGD-containing collagen-associated protein) (RGD-CAP)
Q15661	TPSAB1 TPS1 TPS2 TPSB1	Tryptase alpha/beta-1 (Tryptase-1) (EC 3.4.21.59) (Tryptase I) (Tryptase alpha-1)
Q15726	KISS1 PP5098	Metastasis-suppressor KiSS-1 (Kisspeptin-1) [Cleaved into: Metastin (Kisspeptin-54); Kisspeptin-14; Kisspeptin-13; Kisspeptin-10]
Q15782	CHI3L2	Chitinase-3-like protein 2 (Chondrocyte protein 39) (YKL-39)
Q15818	NPTX1	Neuronal pentraxin-1 (NP1) (Neuronal pentraxin I) (NP-I)
Q15828	CST6	Cystatin-M (Cystatin-6) (Cystatin-E)
Q15848	ADIPOQ ACDC ACRP30 APM1 GBP28	Adiponectin (30 kDa adipocyte complement-related protein) (Adipocyte complement-related 30 kDa protein) (ACRP30) (Adipocyte, C1q and collagen domain-containing protein) (Adipose most abundant gene transcript 1 protein) (apM-1) (Gelatin-binding protein)
Q16206	ENOX2 COVA1	Ecto-NOX disulfide-thiol exchanger 2 (APK1 antigen) (Cytosolic ovarian carcinoma antigen 1) (Tumor-associated hydroquinone oxidase) (tNOX) [Includes: Hydroquinone [NADH] oxidase (EC 1.-.-.-); Protein disulfide-thiol oxidoreductase (EC 1.-.-.-)]
Q16270	IGFBP7 MAC25 PSF	Insulin-like growth factor-binding protein 7 (IBP-7) (IGF-binding protein 7) (IGFBP-7) (IGFBP-rP1) (MAC25 protein) (PGI2-stimulating factor) (Prostacyclin-stimulating factor) (Tumor-derived adhesion factor) (TAF)
Q16363	LAMA4	Laminin subunit alpha-4 (Laminin-14 subunit alpha) (Laminin-8 subunit alpha) (Laminin-9 subunit alpha)
Q16552	IL17A CTLA8 IL17	Interleukin-17A (IL-17) (IL-17A) (Cytotoxic T-lymphocyte-associated antigen 8) (CTLA-8)
Q16568	CARTPT CART	Cocaine- and amphetamine-regulated transcript protein [Cleaved into: CART(1-39); CART(42-89)]
Q16610	ECM1	Extracellular matrix protein 1 (Secretory component p85)
Q16619	CTF1	Cardiotrophin-1 (CT-1)
Q16623	STX1A STX1	Syntaxin-1A (Neuron-specific antigen HPC-1)
Q16627	CCL14 NCC2 SCYA14	C-C motif chemokine 14 (Chemokine CC-1/CC-3) (HCC-1/HCC-3) (HCC-1(1-74)) (NCC-2) (Small-inducible cytokine A14) [Cleaved into: HCC-1(3-74); HCC-1(4-74); HCC-1(9-74)]
Q16651	PRSS8	Prostasin (EC 3.4.21.-) (Channel-activating protease 1) (CAP1) (Serine protease 8) [Cleaved into: Prostasin light chain; Prostasin heavy chain]
Q16661	GUCA2B	Guanylate cyclase activator 2B [Cleaved into: Guanylate cyclase C-activating peptide 2 (Guanylate cyclase C-activating peptide II) (GCAP-II); Uroguanylin (UGN)]
Q16663	CCL15 MIP5 NCC3 SCYA15	C-C motif chemokine 15 (Chemokine CC-2) (HCC-2) (Leukotactin-1) (LKN-1) (MIP-1 delta) (Macrophage inflammatory protein 5) (MIP-5) (Mrp-2b) (NCC-3) (Small-inducible cytokine A15) [Cleaved into: CCL15(22-92); CCL15(25-92); CCL15(29-92)]
Q16674	MIA	Melanoma-derived growth regulatory protein (Melanoma inhibitory activity protein)
Q16769	QPCT	Glutaminyl-peptide cyclotransferase (EC 2.3.2.5) (Glutaminyl cyclase) (QC) (sQC) (Glutaminyl-tRNA cyclotransferase) (Glutamyl cyclase) (EC)
Q16787	LAMA3 LAMNA	Laminin subunit alpha-3 (Epiligrin 170 kDa subunit) (E170) (Epiligrin subunit alpha) (Kalinin subunit alpha) (Laminin-5 subunit alpha) (Laminin-6 subunit alpha) (Laminin-7 subunit alpha) (Nicein subunit alpha)
Q16820	MEP1B	Meprin A subunit beta (EC 3.4.24.63) (Endopeptidase-2) (Meprin B) (N-benzoyl-L-tyrosyl-P-amino-benzoic acid hydrolase subunit beta) (PABA peptide hydrolase) (PPH beta)
Q16842	ST3GAL2 SIAT4B	CMP-N-acetylneuraminate-beta-galactosamide-alpha-2,3-sialyltransferase 2 (Alpha 2,3-ST 2) (Beta-galactoside alpha-2,3-sialyltransferase 2) (EC 2.4.3.4) (Gal-NAc6S) (Gal-beta-1,3-GalNAc-alpha-2,3-sialyltransferase) (Monosialoganglioside sialyltransferase) (EC 2.4.3.2) (ST3Gal II) (ST3GalII) (ST3GalA.2) (Sialyltransferase 4B) (SIAT4-B)
Q17R60	IMPG1 IPM150 SPACR	Interphotoreceptor matrix proteoglycan 1 (Interphotoreceptor matrix proteoglycan of 150 kDa) (IPM-150) (Sialoprotein associated with cones and rods)
Q17RW2	COL24A1	Collagen alpha-1(XXIV) chain
Q2I0M5	RSPO4 C20orf182	R-spondin-4 (Roof plate-specific spondin-4) (hRspo4)
Q2M385	MPEG1	Macrophage-expressed gene 1 protein (Macrophage gene 1 protein) (Mpg-1) (Perforin-2) (P-2) [Cleaved into: Macrophage-expressed gene 1 protein, processed form]
Q2MKA7	RSPO1	R-spondin-1 (Roof plate-specific spondin-1) (hRspo1)
Q2MV58	TCTN1 TECT1 UNQ9369/PRO34160	Tectonic-1
Q2TAL6	VWC2 UNQ739/PRO1434	Brorin (Brain-specific chordin-like protein) (von Willebrand factor C domain-containing protein 2)
Q2UY09	COL28A1 COL28	Collagen alpha-1(XXVIII) chain
Q2VPA4	CR1L	Complement component receptor 1-like protein (Complement C4b-binding protein CR-1-like protein)
Q2WEN9	CEACAM16 CEAL2	Cell adhesion molecule CEACAM16 (Carcinoembryonic antigen-like 2) (Carcinoembryonic antigen-related cell adhesion molecule 16) (CEA cell adhesion molecule 16)
Q30KQ6	DEFB114 DEFB14	Beta-defensin 114 (Beta-defensin 14) (DEFB-14) (Defensin, beta 114)
Q32P28	P3H1 GROS1 LEPRE1 PSEC0109	Prolyl 3-hydroxylase 1 (EC 1.14.11.7) (Growth suppressor 1) (Leucine- and proline-enriched proteoglycan 1) (Leprecan-1)
Q495T6	MMEL1 MELL1 MMEL2 NEP2	Membrane metallo-endopeptidase-like 1 (EC 3.4.24.11) (Membrane metallo-endopeptidase-like 2) (NEP2(m)) (Neprilysin II) (NEPII) (Neprilysin-2) (NEP2) (NL2) [Cleaved into: Membrane metallo-endopeptidase-like 1, soluble form (Neprilysin-2 secreted) (NEP2(s))]
Q4G0M1	ERFE C1QTNF15 CTRP15 FAM132B	Erythroferrone (Complement C1q tumor necrosis factor-related protein 15) (Myonectin)
Q4LDE5	SVEP1 C9orf13 CCP22 SELOB	Sushi, von Willebrand factor type A, EGF and pentraxin domain-containing protein 1 (CCP module-containing protein 22) (Polydom) (Selectin-like osteoblast-derived protein) (SEL-OB) (Serologically defined breast cancer antigen NY-BR-38)
Q4V9L6	TMEM119 PSEC0199 UNQ731/PRO1415	Transmembrane protein 119 (Osteoblast induction factor) (OBIF)
Q4ZHG4	FNDC1 FNDC2 KIAA1866 MEL4B3	Fibronectin type III domain-containing protein 1 (Activation-associated cDNA protein) (Expressed in synovial lining protein)
Q504Y2	PKDCC SGK493 VLK	Extracellular tyrosine-protein kinase PKDCC (EC 2.7.10.2) (Protein kinase domain-containing protein, cytoplasmic) (Protein kinase-like protein SgK493) (Sugen kinase 493) (Vertebrate lonesome kinase)
Q53H76	PLA1A NMD PSPLA1	Phospholipase A1 member A (EC 3.1.1.111) (Phosphatidylserine-specific phospholipase A1) (PS-PLA1)
Q5EBL8	PDZD11 AIPP1 PDZK11 PISP HSPC227 UNQ6486/PRO21335	PDZ domain-containing protein 11 (ATPase-interacting PDZ protein) (Plasma membrane calcium ATPase-interacting single-PDZ protein) (PMCA-interacting single-PDZ protein)
Q5FYB1	ARSI	Arylsulfatase I (ASI) (EC 3.1.6.-)
Q5GFL6	VWA2 AMACO	von Willebrand factor A domain-containing protein 2 (A domain-containing protein similar to matrilin and collagen) (AMACO) (Colon cancer secreted protein 2) (CCSP-2)
Q5H8C1	FREM1 C9orf143 C9orf145 C9orf154	FRAS1-related extracellular matrix protein 1 (Protein QBRICK)
Q5IJ48	CRB2	Protein crumbs homolog 2 (Crumbs-like protein 2)
Q5JZY3	EPHA10	Ephrin type-A receptor 10 (EC 2.7.10.1)
Q5K4E3	PRSS36	Polyserase-2 (EC 3.4.21.-) (Polyserine protease 2) (Serine protease 36)
Q5SRR4	LY6G5C C6orf20 G5C NG33	Lymphocyte antigen 6 complex locus protein G5c
Q5T1H1	EYS C6orf178 C6orf179 C6orf180 EGFL10 EGFL11 SPAM UNQ9424/PRO34591	Protein eyes shut homolog (Epidermal growth factor-like protein 10) (EGF-like protein 10) (Epidermal growth factor-like protein 11) (EGF-like protein 11) (Protein spacemaker homolog)
Q5T4F7	SFRP5 FRP1B SARP3	Secreted frizzled-related protein 5 (sFRP-5) (Frizzled-related protein 1b) (FRP-1b) (Secreted apoptosis-related protein 3) (SARP-3)
Q5T4W7	ARTN EVN	Artemin (Enovin) (Neublastin)
Q5T601	ADGRF1 GPR110 PGR19	Adhesion G-protein coupled receptor F1 (G protein-coupled receptor 110) (G protein-coupled receptor KPG_012) [Cleaved into: Adhesion G-protein coupled receptor F1, N-terminal fragment (ADGRF1 N-terminal fragment); Adhesion G-protein coupled receptor F1, C-terminal fragment (ADGRF1 C-terminal fragment)]
Q5T7M4	C1QTNF12 C1QDC2 CTRP12 FAM132A	Adipolin (Adipose-derived insulin-sensitizing factor) (C1q and TNF related protein 12) (Complement C1q tumor necrosis factor-related protein 12) [Cleaved into: Adipolin fC1QTNF12 (Adipolin fCTRP12) (Adipolin full-length form); Adipolin gC1QTNF12 (Adipolin cleaved form) (Adipolin gCTRP12)]
Q5UCC4	EMC10 C19orf63 INM02 UNQ764/PRO1556	ER membrane protein complex subunit 10 (Hematopoietic signal peptide-containing membrane domain-containing protein 1)
Q5VV43	KIAA0319	Dyslexia-associated protein KIAA0319
Q5VX71	SUSD4 UNQ196/PRO222	Sushi domain-containing protein 4
Q5VXI9	LIPN LIPL4	Lipase member N (EC 3.1.1.13) (EC 3.1.1.3) (Lipase-like abhydrolase domain-containing protein 4)
Q5VYX0	RNLS C10orf59	Renalase (EC 1.6.3.5) (Monoamine oxidase-C) (MAO-C)
Q5VYY2	LIPM LIPL3	Lipase member M (EC 3.1.1.-) (Lipase-like abhydrolase domain-containing protein 3)
Q63HQ2	EGFLAM AGRINL AGRNL PIKA	Pikachurin (Agrin-like protein) (EGF-like, fibronectin type-III and laminin G-like domain-containing protein)
Q66K79	CPZ	Carboxypeptidase Z (CPZ) (EC 3.4.17.-)
Q685J3	MUC17 MUC3	Mucin-17 (MUC-17) (Small intestinal mucin-3) (MUC-3)
Q68DV7	RNF43	E3 ubiquitin-protein ligase RNF43 (EC 2.3.2.27) (RING finger protein 43) (RING-type E3 ubiquitin transferase RNF43)
Q6BAA4	FCRLB FCRL2 FCRLM2 FCRY FREB2	Fc receptor-like B (Fc receptor homolog expressed in B-cells protein 2) (FREB-2) (Fc receptor-like and mucin-like protein 2) (Fc receptor-like protein 2) (Fc receptor-related protein Y) (FcRY)
Q6E0U4	DMKN UNQ729/PRO1411	Dermokine (Epidermis-specific secreted protein SK30/SK89)
Q6EMK4	VASN SLITL2 UNQ314/PRO357/PRO1282	Vasorin (Protein slit-like 2)
Q6FHJ7	SFRP4 FRPHE	Secreted frizzled-related protein 4 (sFRP-4) (Frizzled protein, human endometrium) (FrpHE)
Q6GTS8	PM20D1	N-fatty-acyl-amino acid synthase/hydrolase PM20D1 (EC 3.5.1.114) (EC 3.5.1.14) (Peptidase M20 domain-containing protein 1)
Q6H3X3	RAET1G ULBP5	UL-16 binding protein 5 (Retinoic acid early transcript 1G protein)
Q6KF10	GDF6 BMP13 GDF16	Growth/differentiation factor 6 (GDF-6) (Bone morphogenetic protein 13) (BMP-13) (Growth/differentiation factor 16)
Q6NUI6	CHADL SLRR4B	Chondroadherin-like protein
Q6P5X5	C22orf39	Synaptic plasticity regulator PANTS (Plasticity-associated neural transcript short)
Q6P988	NOTUM OK/SW-CL.30	Palmitoleoyl-protein carboxylesterase NOTUM (EC 3.1.1.98) (hNOTUM)
Q6PCB0	VWA1	von Willebrand factor A domain-containing protein 1
Q6Q788	APOA5 RAP3 UNQ411/PRO773	Apolipoprotein A-V (Apo-AV) (ApoA-V) (Apolipoprotein A5) (Regeneration-associated protein 3)
Q6SPF0	SAMD1	Sterile alpha motif domain-containing protein 1 (SAM domain-containing protein 1) (Atherin)
Q6UW15	REG3G PAP1B UNQ429/PRO162	Regenerating islet-derived protein 3-gamma (REG-3-gamma) (Pancreatitis-associated protein 1B) (PAP-1B) (Pancreatitis-associated protein IB) (PAP IB) (Regenerating islet-derived protein III-gamma) (REG III) (Reg III-gamma) [Cleaved into: Regenerating islet-derived protein 3-gamma 16.5 kDa form; Regenerating islet-derived protein 3-gamma 15 kDa form]
Q6UW88	EPGN UNQ3072/PRO9904	Epigen (Epithelial mitogen) (EPG)
Q6UWK7	GPR15LG C10orf99 GPR15L UNQ1833/PRO3446	Protein GPR15LG (Antimicrobial peptide with 57 amino acid residues) (AP-57) (Antimicrobial peptide-57) (Colon-derived SUSD2 binding factor) (CSBF) (Protein GPR15 ligand) (Protein GPR15L) (Secreted protein C10orf99)
Q6UWP2	DHRS11 SDR24C1 UNQ836/PRO1774	Dehydrogenase/reductase SDR family member 11 (17-beta-hydroxysteroid dehydrogenase) (3-beta-hydroxysteroid 3-dehydrogenase) (EC 1.1.1.270) (Estradiol 17-beta-dehydrogenase) (EC 1.1.1.62) (Short-chain dehydrogenase/reductase family 24C member 1)
Q6UWY0	ARSK TSULF UNQ630/PRO1246	Arylsulfatase K (ASK) (EC 3.1.6.1) (Glucuronate-2-sulfatase) (EC 3.1.6.18) (Telethon sulfatase)
Q6UWY2	PRSS57 PRSSL1 UNQ782/PRO1599	Serine protease 57 (EC 3.4.21.-) (Neutrophil serine protease 4) (NSP4) (Serine protease 1-like protein 1)
Q6UX06	OLFM4 GW112 UNQ362/PRO698	Olfactomedin-4 (OLM4) (Antiapoptotic protein GW112) (G-CSF-stimulated clone 1 protein) (hGC-1) (hOLfD)
Q6UX27	VSTM1 UNQ3033/PRO9835	V-set and transmembrane domain-containing protein 1 (Signal inhibitory receptor on leukocytes-1) (SIRL-1)
Q6UX34	SNORC C2orf82 UNQ830/PRO1757	Protein SNORC (Secondary ossification center-associated regulator of chondrocyte maturation protein)
Q6UX39	AMTN UNQ689/PRO1329	Amelotin
Q6UX46	ALKAL2 FAM150B UNQ542/PRO1097	ALK and LTK ligand 2 (Augmentor alpha) (AUG-alpha)
Q6UXB2	CXCL17 VCC1 UNQ473/PRO842	C-X-C motif chemokine 17 (6-Cys CXCL17) (Dendritic cell and monocyte chemokine-like protein) (DMC) (VEGF coregulated chemokine 1) [Cleaved into: 4-Cys CXCL17]
Q6UXB8	PI16 CRISP9 PSPBP PSEC0164 UNQ289/PRO328	Peptidase inhibitor 16 (PI-16) (Cysteine-rich secretory protein 9) (CRISP-9) (PSP94-binding protein) (CD antigen CD364)
Q6UXH0	ANGPTL8 C19orf80 RIFL UNQ599/PRO1185	Angiopoietin-like protein 8 (Betatrophin) (Lipasin) (Refeeding-induced fat and liver protein)
Q6UXH8	CCBE1 KIAA1983 UNQ1921/PRO4395	Collagen and calcium-binding EGF domain-containing protein 1 (Full of fluid protein homolog)
Q6UXI9	NPNT EGFL6L POEM UNQ295/PRO334	Nephronectin (Preosteoblast EGF-like repeat protein with MAM domain) (Protein EGFL6-like)
Q6UXT8	ALKAL1 FAM150A UNQ9433/PRO34745	ALK and LTK ligand 1 (Augmentor beta) (AUG-beta)
Q6UXX9	RSPO2 UNQ9384/PRO34209	R-spondin-2 (Roof plate-specific spondin-2) (hRspo2)
Q6UY14	ADAMTSL4 TSRC1 PP1396 UNQ2803/PRO34012	ADAMTS-like protein 4 (ADAMTSL-4) (Thrombospondin repeat-containing protein 1)
Q6W4X9	MUC6	Mucin-6 (MUC-6) (Gastric mucin-6)
Q6WN34	CHRDL2 BNF1 CHL2 UNQ765/PRO1557	Chordin-like protein 2 (Breast tumor novel factor 1) (BNF-1) (Chordin-related protein 2)
Q6WRI0	IGSF10 CMF608	Immunoglobulin superfamily member 10 (IgSF10) (Calvaria mechanical force protein 608) (CMF608)
Q6X4U4	SOSTDC1 USAG1 CDA019	Sclerostin domain-containing protein 1 (Ectodermal BMP inhibitor) (Ectodin) (Uterine sensitization-associated gene 1 protein) (USAG-1)
Q6XZB0	LIPI LPDL PRED5	Lipase member I (LIPI) (EC 3.1.1.-) (Cancer/testis antigen 17) (CT17) (LPD lipase) (Membrane-associated phosphatidic acid-selective phospholipase A1-beta) (mPA-PLA1 beta)
Q6ZMI3	GLDN COLM UNQ9339/PRO34011	Gliomedin [Cleaved into: Gliomedin shedded ectodomain]
Q6ZMJ4	IL34 C16orf77	Interleukin-34 (IL-34)
Q6ZMM2	ADAMTSL5 THSD6	ADAMTS-like protein 5 (ADAMTSL-5) (Thrombospondin type-1 domain-containing protein 6)
Q6ZMP0	THSD4 UNQ9334/PRO34005	Thrombospondin type-1 domain-containing protein 4 (A disintegrin and metalloproteinase with thrombospondin motifs-like protein 6) (ADAMTS-like protein 6) (ADAMTSL-6)
Q6ZRI0	OTOG OTGN	Otogelin
Q6ZRP7	QSOX2 QSCN6L1 SOXN	Sulfhydryl oxidase 2 (EC 1.8.3.2) (Neuroblastoma-derived sulfhydryl oxidase) (Quiescin Q6-like protein 1)
Q75N90	FBN3 KIAA1776	Fibrillin-3 [Cleaved into: Fibrillin-3 C-terminal peptide]
Q76LX8	ADAMTS13 C9orf8 UNQ6102/PRO20085	A disintegrin and metalloproteinase with thrombospondin motifs 13 (ADAM-TS 13) (ADAM-TS13) (ADAMTS-13) (EC 3.4.24.87) (von Willebrand factor-cleaving protease) (vWF-CP) (vWF-cleaving protease)
Q7L1S5	CHST9 UNQ2549/PRO6175	Carbohydrate sulfotransferase 9 (EC 2.8.2.-) (GalNAc-4-O-sulfotransferase 2) (GalNAc-4-ST2) (GalNAc4ST-2) (N-acetylgalactosamine-4-O-sulfotransferase 2)
Q7L513	FCRLA FCRL FCRL1 FCRLM1 FCRX FREB UNQ291/PRO329	Fc receptor-like A (Fc receptor homolog expressed in B-cells) (Fc receptor-like and mucin-like protein 1) (Fc receptor-like protein) (Fc receptor-related protein X) (FcRX)
Q7L8A9	VASH1 KIAA1036 VASH	Tubulinyl-Tyr carboxypeptidase 1 (EC 3.4.17.17) (Tubulin carboxypeptidase 1) (Tyrosine carboxypeptidase 1) (TTCP 1) (Vasohibin-1)
Q7RTW8	OTOA	Otoancorin
Q7RTZ1	OVCH2 OVTN	Ovochymase-2 (EC 3.4.21.-) (Oviductin)
Q7Z3S9	NOTCH2NLA N2N NOTCH2NL	Notch homolog 2 N-terminal-like protein A (Notch homolog 2 N-terminal-like protein)
Q7Z4H4	ADM2 AM2	Protein ADM2 (Intermedin) [Cleaved into: Adrenomedullin-2 (AM2) (Intermedin-long) (IMDL); Intermedin-short (IMDS)]
Q7Z4P5	GDF7	Growth/differentiation factor 7 (GDF-7)
Q7Z5A7	TAFA5 FAM19A5 UNQ5208/PRO34524	Chemokine-like protein TAFA-5
Q7Z5J1	HSD11B1L HSD3 SCDR10B SDR26C2	Hydroxysteroid 11-beta-dehydrogenase 1-like protein (EC 1.1.1.-) (11-beta-hydroxysteroid dehydrogenase type 3) (11-DH3) (11-beta-HSD3) (Short chain dehydrogenase/reductase family 26C member 2) (Short-chain dehydrogenase/reductase 10B)
Q7Z5L7	PODN SLRR5A UNQ293/PRO332	Podocan
Q7Z5P9	MUC19	Mucin-19 (MUC-19)
Q7Z5Y6	BMP8A	Bone morphogenetic protein 8A (BMP-8A)
Q7Z7G0	ABI3BP NESHBP TARSH	Target of Nesh-SH3 (Tarsh) (ABI gene family member 3-binding protein) (Nesh-binding protein) (NeshBP)
Q86SQ3	ADGRE4P EMR4 EMR4P GPR127 PGR16	Putative adhesion G protein-coupled receptor E4P (EGF-like module receptor 4) (EGF-like module-containing mucin-like hormone receptor-like 4) (G-protein coupled receptor 127) (G-protein coupled receptor PGR16)
Q86TH1	ADAMTSL2 KIAA0605	ADAMTS-like protein 2 (ADAMTSL-2)
Q86UU9	TAC4	Tachykinin-4 (Preprotachykinin-C) (PPT-C) [Cleaved into: Endokinin-A (EKA); Endokinin-A/B (EKA/B); Endokinin-C (EKC)]
Q86UX2	ITIH5 KIAA1953 PP14776 UNQ311/PRO354	Inter-alpha-trypsin inhibitor heavy chain H5 (ITI heavy chain H5) (ITI-HC5) (Inter-alpha-inhibitor heavy chain 5)
Q86V25	VASH2 VASHL	Tubulinyl-Tyr carboxypeptidase 2 (EC 3.4.17.17) (Vasohibin-2) (Vasohibin-like protein)
Q86VB7	CD163 M130	Scavenger receptor cysteine-rich type 1 protein M130 (Hemoglobin scavenger receptor) (CD antigen CD163) [Cleaved into: Soluble CD163 (sCD163)]
Q86WD7	SERPINA9 GCET1 SERPINA11 UNQ692/PRO1337	Serpin A9 (Centerin) (Germinal center B-cell-expressed transcript 1 protein)
Q86X52	CHSY1 CHSY CSS1 KIAA0990 UNQ756/PRO1487	Chondroitin sulfate synthase 1 (EC 2.4.1.175) (EC 2.4.1.226) (Chondroitin glucuronyltransferase 1) (Chondroitin synthase 1) (ChSy-1) (Glucuronosyl-N-acetylgalactosaminyl-proteoglycan 4-beta-N-acetylgalactosaminyltransferase 1) (N-acetylgalactosaminyl-proteoglycan 3-beta-glucuronosyltransferase 1) (N-acetylgalactosaminyltransferase 1)
Q86Y38	XYLT1 XT1	Xylosyltransferase 1 (EC 2.4.2.26) (Peptide O-xylosyltransferase 1) (Xylosyltransferase I) (XT-I) (XylT-I)
Q86Y78	LYPD6 UNQ3023/PRO9821	Ly6/PLAUR domain-containing protein 6
Q86YD3	TMEM25 UNQ2531/PRO6030	Transmembrane protein 25
Q86YJ6	THNSL2	Threonine synthase-like 2 (TSH2) (EC 4.2.3.-) (Secreted osteoclastogenic factor of activated T-cells) (SOFAT)
Q86YW7	GPHB5 GPB5 ZLUT1	Glycoprotein hormone beta-5 (Thyrostimulin subunit beta)
Q86Z23	C1QL4 CTRP11	Complement C1q-like protein 4 (C1q and tumor necrosis factor-related protein 11) (C1q/TNF-related protein 11)
Q8IU54	IFNL1 IL29 ZCYTO21	Interferon lambda-1 (IFN-lambda-1) (Cytokine Zcyto21) (Interleukin-29) (IL-29)
Q8IUK5	PLXDC1 TEM3 TEM7	Plexin domain-containing protein 1 (Tumor endothelial marker 3) (Tumor endothelial marker 7)
Q8IUX7	AEBP1 ACLP	Adipocyte enhancer-binding protein 1 (AE-binding protein 1) (Aortic carboxypeptidase-like protein)
Q8IUX8	EGFL6 MAEG PP648 UNQ281/PRO320	Epidermal growth factor-like protein 6 (EGF-like protein 6) (MAM and EGF domains-containing gene protein)
Q8IVG9	MT-RNR2 HN	Humanin (Humanin mitochondrial) (HNM)
Q8IW00	VSTM4 C10orf72	V-set and transmembrane domain-containing protein 4 [Cleaved into: Peptide Lv]
Q8IW75	SERPINA12	Serpin A12 (OL-64) (Visceral adipose tissue-derived serine protease inhibitor) (Vaspin) (Visceral adipose-specific serpin)
Q8IWL1	SFTPA2 COLEC5 PSAP SFTP1 SFTPA SFTPA2B	Pulmonary surfactant-associated protein A2 (PSP-A) (PSPA) (SP-A) (SP-A2) (35 kDa pulmonary surfactant-associated protein) (Alveolar proteinosis protein) (Collectin-5)
Q8IWL2	SFTPA1 COLEC4 PSAP SFTP1 SFTPA SFTPA1B	Pulmonary surfactant-associated protein A1 (PSP-A) (PSPA) (SP-A) (SP-A1) (35 kDa pulmonary surfactant-associated protein) (Alveolar proteinosis protein) (Collectin-4)
Q8IWU5	SULF2 KIAA1247 UNQ559/PRO1120	Extracellular sulfatase Sulf-2 (hSulf-2) (Arylsulfatase) (EC 3.1.6.1) (N-acetylglucosamine-6-sulfatase) (EC 3.1.6.14) [Cleaved into: Extracellular sulfatase Sulf-2 secreted form]
Q8IWU6	SULF1 KIAA1077	Extracellular sulfatase Sulf-1 (hSulf-1) (Arylsulfatase) (EC 3.1.6.1) (N-acetylglucosamine-6-sulfatase) (EC 3.1.6.14) [Cleaved into: Extracellular sulfatase Sulf-2 secreted form]
Q8IWV2	CNTN4	Contactin-4 (Brain-derived immunoglobulin superfamily protein 2) (BIG-2)
Q8IWY4	SCUBE1	Signal peptide, CUB and EGF-like domain-containing protein 1
Q8IX30	SCUBE3 CEGF3	Signal peptide, CUB and EGF-like domain-containing protein 3
Q8IXA5	SPACA3 LYC3 LYZL3 SLLP1 SPRASA UNQ424/PRO862	Sperm acrosome membrane-associated protein 3 (Cancer/testis antigen 54) (CT54) (Lysozyme-like acrosomal sperm-specific secretory protein ALLP-17) (Lysozyme-like protein 3) (Sperm lysozyme-like protein 1) (Sperm protein reactive with antisperm antibodies) (Sperm protein reactive with ASA) [Cleaved into: Sperm acrosome membrane-associated protein 3, membrane form; Sperm acrosome membrane-associated protein 3, processed form]
Q8IXL6	FAM20C DMP4	Extracellular serine/threonine protein kinase FAM20C (EC 2.7.11.1) (Dentin matrix protein 4) (DMP-4) (Golgi casein kinase) (Golgi-enriched fraction casein kinase) (GEF-CK)
Q8IYS5	OSCAR	Osteoclast-associated immunoglobulin-like receptor (Osteoclast-associated receptor) (hOSCAR) (Polymeric immunoglobulin receptor 3) (PIgR-3) (PIgR3) (Poly-Ig receptor 3)
Q8IZC6	COL27A1 KIAA1870	Collagen alpha-1(XXVII) chain
Q8IZI9	IFNL3 IL28B IL28C ZCYTO22	Interferon lambda-3 (IFN-lambda-3) (Cytokine Zcyto22) (Interleukin-28B) (IL-28B) (Interleukin-28C) (IL-28C)
Q8IZJ0	IFNL2 IL28A ZCYTO20	Interferon lambda-2 (IFN-lambda-2) (Cytokine Zcyto20) (Interleukin-28A) (IL-28A)
Q8IZJ3	CPAMD8 KIAA1283	C3 and PZP-like alpha-2-macroglobulin domain-containing protein 8
Q8IZU9	KIRREL3 KIAA1867 NEPH2 UNQ5923/PRO4502/PRO19814	Kin of IRRE-like protein 3 (Kin of irregular chiasm-like protein 3) (Nephrin-like protein 2) [Cleaved into: Processed kin of IRRE-like protein 3]
Q8N104	DEFB106A BD6 DEFB106 DEFB6; DEFB106B	Beta-defensin 106 (Beta-defensin 6) (BD-6) (DEFB-6) (Defensin, beta 106)
Q8N119	MMP21	Matrix metalloproteinase-21 (MMP-21) (EC 3.4.24.-)
Q8N135	LGI4 LGIL3 UNQ6515/PRO21485	Leucine-rich repeat LGI family member 4 (LGI1-like protein 3) (Leucine-rich glioma-inactivated protein 4)
Q8N145	LGI3 LGIL4 UNQ8190/PRO23199	Leucine-rich repeat LGI family member 3 (LGI1-like protein 4) (Leucine-rich glioma-inactivated protein 3)
Q8N149	LILRA2 ILT1 LIR7	Leukocyte immunoglobulin-like receptor subfamily A member 2 (CD85 antigen-like family member H) (Immunoglobulin-like transcript 1) (ILT-1) (Leukocyte immunoglobulin-like receptor 7) (LIR-7) (CD antigen CD85h)
Q8N158	GPC2	Glypican-2 [Cleaved into: Secreted glypican-2]
Q8N2E6	TOR2A HEMBA1005096 PSEC0218	Prosalusin (Torsin family 2 member A) (Torsin-2A) [Cleaved into: Salusin-alpha; Salusin-beta]
Q8N2S1	LTBP4	Latent-transforming growth factor beta-binding protein 4 (LTBP-4)
Q8N300	SVBP CCDC23	Small vasohibin-binding protein (Coiled coil domain-containing protein 23)
Q8N302	AGGF1 GPATC7 GPATCH7 VG5Q	Angiogenic factor with G patch and FHA domains 1 (Angiogenic factor VG5Q) (hVG5Q) (G patch domain-containing protein 7) (Vasculogenesis gene on 5q protein)
Q8N307	MUC20 KIAA1359 UNQ2782/PRO7170	Mucin-20 (MUC-20)
Q8N387	MUC15 UNQ750/PRO1481	Mucin-15 (MUC-15)
Q8N474	SFRP1 FRP FRP1 SARP2	Secreted frizzled-related protein 1 (FRP-1) (sFRP-1) (Secreted apoptosis-related protein 2) (SARP-2)
Q8N4F0	BPIFB2 BPIL1 C20orf184 LPLUNC2 UNQ2489/PRO5776	BPI fold-containing family B member 2 (Bactericidal/permeability-increasing protein-like 1) (BPI-like 1) (Long palate, lung and nasal epithelium carcinoma-associated protein 2) (RYSR)
Q8N4T0	CPA6 CPAH	Carboxypeptidase A6 (EC 3.4.17.-)
Q8N5G0	SMIM20 C4orf52 MITRAC7	Small integral membrane protein 20 (Mitochondrial translation regulation assembly intermediate of cytochrome c oxidase protein of 7 kDa) (MITRAC7) [Cleaved into: Phoenixin-14 (PNX-14); Phoenixin-20 (PNX-20)]
Q8N5I4	DHRSX CXorf11 DHRS5X SDR46C1 SDR7C6 UNQ6508/PRO21433	Polyprenol dehydrogenase (EC 1.1.1.441) (DHRSXY) (Dehydrogenase/reductase SDR family member on chromosome X) (Dolichal reductase)
Q8N6C5	IGSF1 IGDC1 KIAA0364 PGSF2	Immunoglobulin superfamily member 1 (IgSF1) (Immunoglobulin-like domain-containing protein 1) (Inhibin-binding protein) (InhBP) (Pituitary gland-specific factor 2) (p120)
Q8N6C8	LILRA3 ILT6 LIR4	Leukocyte immunoglobulin-like receptor subfamily A member 3 (CD85 antigen-like family member E) (Immunoglobulin-like transcript 6) (ILT-6) (Leukocyte immunoglobulin-like receptor 4) (LIR-4) (Monocyte inhibitory receptor HM43/HM31) (CD antigen CD85e)
Q8N6G6	ADAMTSL1 ADAMTSR1 C9orf94 UNQ528/PRO1071	ADAMTS-like protein 1 (ADAMTSL-1) (Punctin-1)
Q8N6Q3	CD177 NB1 PRV1 UNQ595/PRO1181	CD177 antigen (Human neutrophil alloantigen 2a) (HNA-2a) (NB1 glycoprotein) (NB1 GP) (Polycythemia rubra vera protein 1) (PRV-1) (CD antigen CD177)
Q8N729	NPW PPL8 PPNPW	Neuropeptide W (Preproprotein L8) (hPPL8) [Cleaved into: Neuropeptide W-23 (NPW23) (hL8); Neuropeptide W-30 (NPW30) (hL8C)]
Q8N8U9	BMPER KIAA1965	BMP-binding endothelial regulator protein (Bone morphogenetic protein-binding endothelial cell precursor-derived regulator) (Protein crossveinless-2) (hCV2)
Q8N907	DAND5 CER2 CKTSF1B3 COCO GREM3 SP1	DAN domain family member 5 (Cerberus-like protein 2) (Cerl-2) (Cysteine knot superfamily 1, BMP antagonist 3) (Gremlin-3)
Q8N9H9	CIROZ C1orf127	Ciliated left-right organizer ZP-N domains-containing protein (Ciliated left-right organizer protein containing ZP-N domains)
Q8NAU1	FNDC5 FRCP2	Fibronectin type III domain-containing protein 5 (Fibronectin type III repeat-containing protein 2) [Cleaved into: Irisin]
Q8NBI3	DRAXIN C1orf187 PSEC0258 UNQ3119/PRO10268	Draxin (Dorsal inhibitory axon guidance protein) (Dorsal repulsive axon guidance protein) (Neucrin)
Q8NBP7	PCSK9 NARC1 PSEC0052	Proprotein convertase subtilisin/kexin type 9 (EC 3.4.21.-) (Neural apoptosis-regulated convertase 1) (NARC-1) (Proprotein convertase 9) (PC9) (Subtilisin/kexin-like protease PC9)
Q8NCC3	PLA2G15 LYPLA3 UNQ341/PRO540	Lysosomal phospholipase A and acyltransferase (EC 2.3.1.-) (EC 3.1.1.32) (EC 3.1.1.4) (1-O-acylceramide synthase) (ACS) (LCAT-like lysophospholipase) (LLPL) (EC 3.1.1.5) (Lysophospholipase 3) (Lysosomal phospholipase A2) (LPLA2) (Phospholipase A2 group XV) (PLA2G15)
Q8NCW5	NAXE AIBP APOA1BP YJEFN1	NAD(P)H-hydrate epimerase (EC 5.1.99.6) (Apolipoprotein A-I-binding protein) (AI-BP) (NAD(P)HX epimerase) (NAXE) (YjeF N-terminal domain-containing protein 1) (YjeF_N1)
Q8NDZ4	DIPK2A C3orf58 DIA1	Divergent protein kinase domain 2A (Deleted in autism protein 1) (Golgi Protein of 49 kDa) (GoPro49) (Hypoxia and AKT-induced stem cell factor) (HASF)
Q8NEV9	IL27 IL27A IL30	Interleukin-27 subunit alpha (IL-27 subunit alpha) (IL-27-A) (IL27-A) (Interleukin-30) (p28)
Q8NFR9	IL17RE UNQ3056/PRO9877	Interleukin-17 receptor E (IL-17 receptor E) (IL-17RE)
Q8NHL6	LILRB1 ILT2 LIR1 MIR7	Leukocyte immunoglobulin-like receptor subfamily B member 1 (LIR-1) (Leukocyte immunoglobulin-like receptor 1) (CD85 antigen-like family member J) (Immunoglobulin-like transcript 2) (ILT-2) (Monocyte/macrophage immunoglobulin-like receptor 7) (MIR-7) (CD antigen CD85j)
Q8NHW4	CCL4L1 CCL4L LAG1 SCYA4L1; CCL4L2 CCL4L SCYA4L2	C-C motif chemokine 4-like (Lymphocyte activation gene 1 protein) (LAG-1) (Macrophage inflammatory protein 1-beta) (MIP-1-beta) (Monocyte adherence-induced protein 5-alpha) (Small-inducible cytokine A4-like)
Q8TAD2	IL17D UNQ3096/PRO21175	Interleukin-17D (IL-17D) (Interleukin-27) (IL-27)
Q8TAG5	VSTM2A VSTM2	V-set and transmembrane domain-containing protein 2A
Q8TAT2	FGFBP3 C10orf13 PSEC0101	Fibroblast growth factor-binding protein 3 (FGF-BP3) (FGF-binding protein 3) (FGFBP-3)
Q8TAX7	MUC7 MG2	Mucin-7 (MUC-7) (Apo-MG2) (Salivary mucin-7)
Q8TB73	NDNF C4orf31 UNQ2748/PRO6487	Protein NDNF (Neuron-derived neurotrophic factor)
Q8TC92	ENOX1 PIG38	Ecto-NOX disulfide-thiol exchanger 1 (Candidate growth-related and time keeping constitutive hydroquinone [NADH] oxidase) (cCNOX) (Cell proliferation-inducing gene 38 protein) (Constitutive Ecto-NOX) (cNOX) [Includes: Hydroquinone [NADH] oxidase (EC 1.-.-.-); Protein disulfide-thiol oxidoreductase (EC 1.-.-.-)]
Q8TCZ2	CD99L2 MIC2L1 UNQ1964/PRO4486	CD99 antigen-like protein 2 (MIC2-like protein 1) (CD antigen CD99)
Q8TD07	RAET1E LETAL N2DL4 ULBP4 UNQ1867/PRO4303	Retinoic acid early transcript 1E (Lymphocyte effector toxicity activation ligand) (NKG2D ligand 4) (N2DL-4) (NKG2DL4) (RAE-1-like transcript 4) (UL16-binding protein 4)
Q8TD46	CD200R1 CD200R CRTR2 MOX2R OX2R UNQ2522/PRO6015	Cell surface glycoprotein CD200 receptor 1 (CD200 cell surface glycoprotein receptor) (Cell surface glycoprotein OX2 receptor 1)
Q8TDE3	RNASE8	Ribonuclease 8 (RNase 8) (EC 3.1.27.-)
Q8TDF5	NETO1 BTCL1	Neuropilin and tolloid-like protein 1 (Brain-specific transmembrane protein containing 2 CUB and 1 LDL-receptor class A domains protein 1)
Q8TDL5	BPIFB1 C20orf114 LPLUNC1 UNQ706/PRO1357	BPI fold-containing family B member 1 (Long palate, lung and nasal epithelium carcinoma-associated protein 1) (von Ebner minor salivary gland protein) (VEMSGP)
Q8TE56	ADAMTS17	A disintegrin and metalloproteinase with thrombospondin motifs 17 (ADAM-TS 17) (ADAM-TS17) (ADAMTS-17) (EC 3.4.24.-)
Q8TE57	ADAMTS16 KIAA2029	A disintegrin and metalloproteinase with thrombospondin motifs 16 (ADAM-TS 16) (ADAM-TS16) (ADAMTS-16) (EC 3.4.24.-)
Q8TE58	ADAMTS15	A disintegrin and metalloproteinase with thrombospondin motifs 15 (ADAM-TS 15) (ADAM-TS15) (ADAMTS-15) (EC 3.4.24.-)
Q8TE59	ADAMTS19	A disintegrin and metalloproteinase with thrombospondin motifs 19 (ADAM-TS 19) (ADAM-TS19) (ADAMTS-19) (EC 3.4.24.-)
Q8TE60	ADAMTS18 ADAMTS21	A disintegrin and metalloproteinase with thrombospondin motifs 18 (ADAM-TS 18) (ADAM-TS18) (ADAMTS-18) (EC 3.4.24.-)
Q8TER0	SNED1	Sushi, nidogen and EGF-like domain-containing protein 1 (Insulin-responsive sequence DNA-binding protein 1) (IRE-BP1)
Q8TEU8	WFIKKN2 GASP1 WFIKKNRP UNQ9235/PRO31996	WAP, Kazal, immunoglobulin, Kunitz and NTR domain-containing protein 2 (Growth and differentiation factor-associated serum protein 1) (GASP-1) (hGASP-1) (WAP, follistatin, immunoglobulin, Kunitz and NTR domain-containing-related protein) (WFIKKN-related protein)
Q8WTQ1	DEFB104A DEFB104 DEFB4; DEFB104B	Beta-defensin 104 (Beta-defensin 4) (BD-4) (DEFB-4) (hBD-4) (Defensin, beta 104)
Q8WU39	MZB1 MEDA7 PACAP HSPC190	Marginal zone B- and B1-cell-specific protein (Mesenteric estrogen-dependent adipose 7) (MEDA-7) (Plasma cell-induced resident endoplasmic reticulum protein) (Plasma cell-induced resident ER protein) (pERp1) (Proapoptotic caspase adapter protein)
Q8WU66	TSPEAR C21orf29	Thrombospondin-type laminin G domain and EAR repeat-containing protein (TSP-EAR)
Q8WUA8	TSKU E2IG4 LRRC54 TSK UNQ850/PRO1788	Tsukushi (E2-induced gene 4 protein) (Leucine-rich repeat-containing protein 54)
Q8WUJ3	CEMIP HYBID KIAA1199	Cell migration-inducing and hyaluronan-binding protein (EC 3.2.1.35) (Hyaluronan binding protein involved in hyaluronan depolymerization)
Q8WUM4	PDCD6IP AIP1 ALIX KIAA1375	Programmed cell death 6-interacting protein (PDCD6-interacting protein) (ALG-2-interacting protein 1) (ALG-2-interacting protein X) (Hp95)
Q8WVN6	SECTM1 K12	Secreted and transmembrane protein 1 (Protein K-12)
Q8WVQ1	CANT1 SHAPY	Soluble calcium-activated nucleotidase 1 (SCAN-1) (EC 3.6.1.6) (Apyrase homolog) (Putative MAPK-activating protein PM09) (Putative NF-kappa-B-activating protein 107)
Q8WWA0	ITLN1 INTL ITLN LFR UNQ640/PRO1270	Intelectin-1 (ITLN-1) (Endothelial lectin HL-1) (Galactofuranose-binding lectin) (Intestinal lactoferrin receptor) (Omentin)
Q8WWQ2	HPSE2 HPA2	Inactive heparanase-2 (Hpa2)
Q8WWY8	LIPH LPDLR MPAPLA1 PLA1B	Lipase member H (LIPH) (EC 3.1.1.-) (LPD lipase-related protein) (Membrane-associated phosphatidic acid-selective phospholipase A1-alpha) (mPA-PLA1 alpha) (Phospholipase A1 member B)
Q8WWZ1	IL1F10 FIL1T IL1HY2 IL38 FKSG75 UNQ6119/PRO20041	Interleukin-1 family member 10 (IL-1F10) (Family of interleukin 1-theta) (FIL1 theta) (Interleukin-1 HY2) (IL-1HY2) (Interleukin-1 theta) (IL-1 theta) (Interleukin-38) (IL-38)
Q8WWZ8	OIT3 LZP UNQ826/PRO1753	Oncoprotein-induced transcript 3 protein (Liver-specific zona pellucida domain-containing protein)
Q8WXD2	SCG3 UNQ2502/PRO5990	Secretogranin-3 (Secretogranin III) (SgIII)
Q8WXF3	RLN3 INSL7 RXN3 ZINS4 UNQ6188/PRO20213	Relaxin-3 (Insulin-like peptide INSL7) (Insulin-like peptide 7) (Prorelaxin H3) [Cleaved into: Relaxin-3 B chain; Relaxin-3 A chain]
Q8WXI7	MUC16 CA125	Mucin-16 (MUC-16) (Ovarian cancer-related tumor marker CA125) (CA-125) (Ovarian carcinoma antigen CA125)
Q8WXS8	ADAMTS14	A disintegrin and metalloproteinase with thrombospondin motifs 14 (ADAM-TS 14) (ADAM-TS14) (ADAMTS-14) (EC 3.4.24.-)
Q8WXW3	PIBF1 C13orf24 PIBF	Progesterone-induced-blocking factor 1 (PIBF) (Centrosomal protein of 90 kDa) (CEP90)
Q92186	ST8SIA2 SIAT8B STX	Alpha-2,8-sialyltransferase 8B (EC 2.4.3.-) (Sialyltransferase 8B) (SIAT8-B) (Sialyltransferase St8Sia II) (ST8SiaII) (Sialyltransferase X) (STX)
Q92187	ST8SIA4 PST PST1 SIAT8D	CMP-N-acetylneuraminate-poly-alpha-2,8-sialyltransferase (EC 2.4.3.-) (Alpha-2,8-sialyltransferase 8D) (Polysialyltransferase) (Polysialyltransferase-1) (Sialyltransferase 8D) (SIAT8-D) (Sialyltransferase St8Sia IV) (ST8SiaIV)
Q92484	SMPDL3A ASML3A	Cyclic GMP-AMP phosphodiesterase SMPDL3A (2',3'-cGAMP phosphodiesterase SMPDL3A) (EC 3.1.4.-) (Acid sphingomyelinase-like phosphodiesterase 3a) (ASM-like phosphodiesterase 3a) (EC 3.6.1.15)
Q92485	SMPDL3B ASML3B ASMLPD	Acid sphingomyelinase-like phosphodiesterase 3b (ASM-like phosphodiesterase 3b) (EC 3.1.4.-)
Q92496	CFHR4 CFHL4 FHR4	Complement factor H-related protein 4 (FHR-4)
Q92520	FAM3C ILEI GS3786	Protein FAM3C (Interleukin-like EMT inducer)
Q92563	SPOCK2 KIAA0275 TICN2 UNQ269/PRO306	Testican-2 (SPARC/osteonectin, CWCV, and Kazal-like domains proteoglycan 2)
Q92583	CCL17 SCYA17 TARC	C-C motif chemokine 17 (CC chemokine TARC) (Small-inducible cytokine A17) (Thymus and activation-regulated chemokine)
Q92626	PXDN KIAA0230 MG50 PRG2 PXD01 VPO VPO1	Peroxidasin homolog (EC 1.11.2.-) (Melanoma-associated antigen MG50) (Peroxidasin 1) (hsPxd01) (Vascular peroxidase 1) (p53-responsive gene 2 protein) [Cleaved into: PXDN active fragment]
Q92673	SORL1 C11orf32	Sortilin-related receptor (Low-density lipoprotein receptor relative with 11 ligand-binding repeats) (LDLR relative with 11 ligand-binding repeats) (LR11) (SorLA-1) (Sorting protein-related receptor containing LDLR class A repeats) (SorLA)
Q92743	HTRA1 HTRA PRSS11	Serine protease HTRA1 (EC 3.4.21.-) (High-temperature requirement A serine peptidase 1) (L56) (Serine protease 11)
Q92752	TNR	Tenascin-R (TN-R) (Janusin) (Restrictin)
Q92765	FRZB FIZ FRE FRP FRZB1 SFRP3	Secreted frizzled-related protein 3 (sFRP-3) (Frezzled) (Fritz) (Frizzled-related protein 1) (FrzB-1)
Q92820	GGH	Gamma-glutamyl hydrolase (EC 3.4.19.9) (Conjugase) (GH) (Gamma-Glu-X carboxypeptidase)
Q92823	NRCAM KIAA0343	Neuronal cell adhesion molecule (Nr-CAM) (Neuronal surface protein Bravo) (hBravo) (NgCAM-related cell adhesion molecule) (Ng-CAM-related)
Q92824	PCSK5 PC5 PC6	Proprotein convertase subtilisin/kexin type 5 (EC 3.4.21.-) (Proprotein convertase 5) (PC5) (Proprotein convertase 6) (PC6) (hPC6) (Subtilisin/kexin-like protease PC5)
Q92832	NELL1 NRP1	Protein kinase C-binding protein NELL1 (NEL-like protein 1) (Nel-related protein 1)
Q92838	EDA ED1 EDA2	Ectodysplasin-A (Ectodermal dysplasia protein) (EDA protein) [Cleaved into: Ectodysplasin-A, membrane form; Ectodysplasin-A, secreted form]
Q92874	DNASE1L2 DHP1 DNAS1L2	Deoxyribonuclease-1-like 2 (EC 3.1.21.-) (DNase I homolog protein DHP1) (Deoxyribonuclease I-like 2) (DNase I-like 2)
Q92876	KLK6 PRSS18 PRSS9	Kallikrein-6 (EC 3.4.21.-) (Neurosin) (Protease M) (SP59) (Serine protease 18) (Serine protease 9) (Zyme)
Q92913	FGF13 FHF2	Fibroblast growth factor 13 (FGF-13) (Fibroblast growth factor homologous factor 2) (FHF-2)
Q92954	PRG4 MSF SZP	Proteoglycan 4 (Lubricin) (Megakaryocyte-stimulating factor) (Superficial zone proteoglycan) [Cleaved into: Proteoglycan 4 C-terminal part]
Q92982	NINJ1	Ninjurin-1 (hNINJ1) (Nerve injury-induced protein 1) [Cleaved into: Secreted ninjurin-1 (Soluble ninjurin-1)]
Q93038	TNFRSF25 APO3 DDR3 DR3 TNFRSF12 WSL WSL1 UNQ455/PRO779	Tumor necrosis factor receptor superfamily member 25 (Apo-3) (Apoptosis-inducing receptor AIR) (Apoptosis-mediating receptor DR3) (Apoptosis-mediating receptor TRAMP) (Death receptor 3) (Lymphocyte-associated receptor of death) (LARD) (Protein WSL) (Protein WSL-1)
Q93063	EXT2	Exostosin-2 (EC 2.4.1.224) (Exostosin glycosyltransferase 2) (Glucuronosyl-N-acetylglucosaminyl-proteoglycan 4-alpha-N-acetylglucosaminyltransferase) (Heparan sulfate co-polymerase subunit EXT1) (Multiple exostoses protein 2)
Q93091	RNASE6 RNS6	Ribonuclease K6 (RNase K6) (EC 3.1.27.-)
Q93097	WNT2B WNT13	Protein Wnt-2b (Protein Wnt-13)
Q93098	WNT8B	Protein Wnt-8b
Q95460	MR1	Major histocompatibility complex class I-related protein 1 (MHC class I-related protein 1) (Class I histocompatibility antigen-like protein)
Q969D9	TSLP	Thymic stromal lymphopoietin
Q969E3	UCN3 SPC	Urocortin-3 (Stresscopin) (Urocortin III) (Ucn III)
Q969H8	MYDGF C19orf10	Myeloid-derived growth factor (MYDGF)
Q969J5	IL22RA2 UNQ5793/PRO19598/PRO19822	Interleukin-22 receptor subunit alpha-2 (IL-22 receptor subunit alpha-2) (IL-22R-alpha-2) (IL-22RA2) (Cytokine receptor class-II member 10) (Cytokine receptor family 2 member 10) (CRF2-10) (Cytokine receptor family type 2, soluble 1) (CRF2-S1) (Interleukin-22-binding protein) (IL-22BP) (IL22BP) (ZcytoR16)
Q96A83	COL26A1 EMID2 EMU2	Collagen alpha-1(XXVI) chain (Alpha-1 type XXVI collagen) (EMI domain-containing protein 2) (Emilin and multimerin domain-containing protein 2) (Emu2)
Q96A84	EMID1 EMU1	EMI domain-containing protein 1 (Emilin and multimerin domain-containing protein 1) (Emu1)
Q96CG8	CTHRC1 UNQ762/PRO1550	Collagen triple helix repeat-containing protein 1
Q96DA0	ZG16B PAUF UNQ773/PRO1567	Pancreatic adenocarcinoma up-regulated factor (Zymogen granule protein 16 homolog B)
Q96DN2	VWCE URG11	von Willebrand factor C and EGF domain-containing protein (HBV X protein up-regulated gene 11 protein) (HBxAg up-regulated gene 11 protein)
Q96DR5	BPIFA2 C20orf70 SPLUNC2 UNQ510/PRO1025	BPI fold-containing family A member 2 (Parotid secretory protein) (PSP) (Short palate, lung and nasal epithelium carcinoma-associated protein 2)
Q96DR8	MUCL1 SBEM UNQ590/PRO1160	Mucin-like protein 1 (Protein BS106) (Small breast epithelial mucin)
Q96F46	IL17RA IL17R	Interleukin-17 receptor A (IL-17 receptor A) (IL-17RA) (CDw217) (CD antigen CD217)
Q96GW7	BCAN BEHAB CSPG7 UNQ2525/PRO6018	Brevican core protein (Brain-enriched hyaluronan-binding protein) (BEHAB) (Chondroitin sulfate proteoglycan 7)
Q96H15	TIMD4 TIM4	T-cell immunoglobulin and mucin domain-containing protein 4 (TIMD-4) (T-cell immunoglobulin mucin receptor 4) (TIM-4) (T-cell membrane protein 4)
Q96HE7	ERO1A ERO1L UNQ434/PRO865	ERO1-like protein alpha (ERO1-L) (ERO1-L-alpha) (EC 1.8.3.2) (Endoplasmic oxidoreductin-1-like protein) (Endoplasmic reticulum oxidoreductase alpha) (Oxidoreductin-1-L-alpha)
Q96HF1	SFRP2 FRP2 SARP1 FKSG12 UNQ361/PRO697	Secreted frizzled-related protein 2 (FRP-2) (sFRP-2) (Secreted apoptosis-related protein 1) (SARP-1)
Q96IU2	ZBED3	Zinc finger BED domain-containing protein 3 (Axin-interacting protein)
Q96IY4	CPB2	Carboxypeptidase B2 (EC 3.4.17.20) (Carboxypeptidase U) (CPU) (Plasma carboxypeptidase B) (pCPB) (Thrombin-activable fibrinolysis inhibitor) (TAFI)
Q96JB6	LOXL4 LOXC	Lysyl oxidase homolog 4 (EC 1.4.3.13) (Lysyl oxidase-like protein 4) (Lysyl oxidase-related protein C)
Q96KN2	CNDP1 CN1 CPGL2 UNQ1915/PRO4380	Beta-Ala-His dipeptidase (EC 3.4.13.20) (CNDP dipeptidase 1) (Carnosine dipeptidase 1) (Glutamate carboxypeptidase-like protein 2) (Serum carnosinase)
Q96LB8	PGLYRP4 PGRPIB SBBI67	Peptidoglycan recognition protein 4 (Peptidoglycan recognition protein I-beta) (PGLYRPIbeta) (PGRP-I-beta) (Peptidoglycan recognition protein intermediate beta)
Q96LB9	PGLYRP3 PGRPIA	Peptidoglycan recognition protein 3 (Peptidoglycan recognition protein I-alpha) (PGLYRPIalpha) (PGRP-I-alpha) (Peptidoglycan recognition protein intermediate alpha)
Q96LC7	SIGLEC10 SLG2 UNQ477/PRO940	Sialic acid-binding Ig-like lectin 10 (Siglec-10) (Siglec-like protein 2)
Q96LT7	C9orf72 DENND9 DENNL72	Guanine nucleotide exchange factor C9orf72
Q96MK3	FAM20A UNQ9388/PRO34279	Pseudokinase FAM20A
Q96NY8	NECTIN4 LNIR PRR4 PVRL4	Nectin-4 (Ig superfamily receptor LNIR) (Nectin cell adhesion molecule 4) (Poliovirus receptor-related protein 4) [Cleaved into: Processed poliovirus receptor-related protein 4]
Q96NZ8	WFIKKN1 C16orf12 GASP2 WFIKKN PSEC0040	WAP, Kazal, immunoglobulin, Kunitz and NTR domain-containing protein 1 (Growth and differentiation factor-associated serum protein 2) (GASP-2) (hGASP-2) (WAP, follistatin, immunoglobulin, Kunitz and NTR domain-containing protein)
Q96NZ9	PRAP1 UPA UNQ608/PRO1195	Proline-rich acidic protein 1 (Epididymis tissue protein Li 178) (Uterine-specific proline-rich acidic protein)
Q96P20	NLRP3 C1orf7 CIAS1 NALP3 PYPAF1	NACHT, LRR and PYD domains-containing protein 3 (EC 3.6.4.-) (Angiotensin/vasopressin receptor AII/AVP-like) (Caterpiller protein 1.1) (CLR1.1) (Cold-induced autoinflammatory syndrome 1 protein) (Cryopyrin) (PYRIN-containing APAF1-like protein 1)
Q96P44	COL21A1 COL1AL FP633	Collagen alpha-1(XXI) chain
Q96PB7	OLFM3 NOE3 UNQ1924/PRO4399	Noelin-3 (Olfactomedin-3) (Optimedin)
Q96PD4	IL17F	Interleukin-17F (IL-17F) (Cytokine ML-1)
Q96PD5	PGLYRP2 PGLYRPL PGRPL UNQ3103/PRO10102	N-acetylmuramoyl-L-alanine amidase (EC 3.5.1.28) (Peptidoglycan recognition protein 2) (Peptidoglycan recognition protein long) (PGRP-L)
Q96PH6	DEFB118 C20orf63 DEFB18 ESC42	Defensin beta 118 (Beta-defensin 18) (DEFB-18) (Epididymal secretory protein 13.6) (ESP13.6)
Q96PX8	SLITRK1 KIAA1910 LRRC12 UNQ233/PRO266	SLIT and NTRK-like protein 1 (Leucine-rich repeat-containing protein 12)
Q96QU1	PCDH15 USH1F	Protocadherin-15
Q96QV1	HHIP HIP UNQ5825/PRO19644	Hedgehog-interacting protein (HHIP) (HIP)
Q96RP3	UCN2 SRP URP	Urocortin-2 (Stresscopin-related peptide) (Urocortin II) (Ucn II) (Urocortin-related peptide)
Q96RQ9	IL4I1 FIG1 UNQ636/PRO1265	L-amino-acid oxidase (LAAO) (LAO) (EC 1.4.3.2) (EC 1.4.3.25) (Interleukin-4-induced protein 1) (IL4-induced protein 1) (hIL4I1) (Protein Fig-1) (hFIG1)
Q96RW7	HMCN1 FIBL6	Hemicentin-1 (Fibulin-6) (FIBL-6)
Q96S42	NODAL	Nodal homolog
Q96SL4	GPX7 GPX6 UNQ469/PRO828	Glutathione peroxidase 7 (GPx-7) (GSHPx-7) (EC 1.11.1.9) (CL683)
Q96T91	GPHA2 GPA2 ZSIG51	Glycoprotein hormone alpha-2 (Putative secreted protein Zsig51) (Thyrostimulin subunit alpha)
Q99062	CSF3R GCSFR	Granulocyte colony-stimulating factor receptor (G-CSF receptor) (G-CSF-R) (CD antigen CD114)
Q99075	HBEGF DTR DTS HEGFL	Proheparin-binding EGF-like growth factor [Cleaved into: Heparin-binding EGF-like growth factor (HB-EGF) (HBEGF) (Diphtheria toxin receptor) (DT-R)]
Q99102	MUC4	Mucin-4 (MUC-4) (Ascites sialoglycoprotein) (ASGP) (Pancreatic adenocarcinoma mucin) (Testis mucin) (Tracheobronchial mucin) [Cleaved into: Mucin-4 alpha chain (Ascites sialoglycoprotein 1) (ASGP-1); Mucin-4 beta chain (Ascites sialoglycoprotein 2) (ASGP-2)]
Q99217	AMELX AMG AMGX	Amelogenin, X isoform
Q99435	NELL2 NRP2	Protein kinase C-binding protein NELL2 (NEL-like protein 2) (Nel-related protein 2)
Q99542	MMP19 MMP18 RASI	Matrix metalloproteinase-19 (MMP-19) (EC 3.4.24.-) (Matrix metalloproteinase RASI) (Matrix metalloproteinase-18) (MMP-18)
Q99574	SERPINI1 PI12	Neuroserpin (Peptidase inhibitor 12) (PI-12) (Serpin I1)
Q99584	S100A13	Protein S100-A13 (S100 calcium-binding protein A13)
Q99616	CCL13 MCP4 NCC1 SCYA13	C-C motif chemokine 13 (CK-beta-10) (Monocyte chemoattractant protein 4) (Monocyte chemotactic protein 4) (MCP-4) (NCC-1) (Small-inducible cytokine A13) [Cleaved into: C-C motif chemokine 13, long chain; C-C motif chemokine 13, medium chain; C-C motif chemokine 13, short chain]
Q99674	CGREF1 CGR11	Cell growth regulator with EF hand domain protein 1 (Cell growth regulatory gene 11 protein) (Hydrophobestin)
Q99715	COL12A1 COL12A1L	Collagen alpha-1(XII) chain
Q99731	CCL19 ELC MIP3B SCYA19	C-C motif chemokine 19 (Beta-chemokine exodus-3) (CK beta-11) (Epstein-Barr virus-induced molecule 1 ligand chemokine) (EBI1 ligand chemokine) (ELC) (Macrophage inflammatory protein 3 beta) (MIP-3-beta) (Small-inducible cytokine A19)
Q99748	NRTN	Neurturin
Q99784	OLFM1 NOE1 NOEL1	Noelin (Neuronal olfactomedin-related ER localized protein) (Olfactomedin-1)
Q99935	OPRPN BPLP PROL1	Opiorphin prepropeptide (Basic proline-rich lacrimal protein) (Proline-rich protein 1) (PRL1) [Cleaved into: Opiorphin]
Q99944	EGFL8 C6orf8 NG3 UNQ8752/PRO29920	Epidermal growth factor-like protein 8 (EGF-like protein 8) (Vascular endothelial statin-2) (VE-statin-2)
Q99969	RARRES2 TIG2	Retinoic acid receptor responder protein 2 (Chemerin) (RAR-responsive protein TIG2) (Tazarotene-induced gene 2 protein)
Q99972	MYOC GLC1A TIGR	Myocilin (Myocilin 55 kDa subunit) (Trabecular meshwork-induced glucocorticoid response protein) [Cleaved into: Myocilin, N-terminal fragment (Myocilin 20 kDa N-terminal fragment); Myocilin, C-terminal fragment (Myocilin 35 kDa N-terminal fragment)]
Q99983	OMD SLRR2C UNQ190/PRO216	Osteomodulin (Keratan sulfate proteoglycan osteomodulin) (KSPG osteomodulin) (Osteoadherin) (OSAD)
Q99985	SEMA3C SEMAE	Semaphorin-3C (Semaphorin-E) (Sema E)
Q99988	GDF15 MIC1 PDF PLAB PTGFB	Growth/differentiation factor 15 (GDF-15) (Macrophage inhibitory cytokine 1) (MIC-1) (NSAID-activated gene 1 protein) (NAG-1) (NSAID-regulated gene 1 protein) (NRG-1) (Placental TGF-beta) (Placental bone morphogenetic protein) (Prostate differentiation factor)
Q9BQ16	SPOCK3 TICN3 UNQ409/PRO771	Testican-3 (SPARC/osteonectin, CWCV, and Kazal-like domains proteoglycan 3)
Q9BQ51	PDCD1LG2 B7DC CD273 PDCD1L2 PDL2	Programmed cell death 1 ligand 2 (PD-1 ligand 2) (PD-L2) (PDCD1 ligand 2) (Programmed death ligand 2) (Butyrophilin B7-DC) (B7-DC) (CD antigen CD273)
Q9BQB4	SOST UNQ2976/PRO7455/PRO7476	Sclerostin
Q9BQI4	CCDC3	Coiled-coil domain-containing protein 3 (Fat/vessel-derived secretory protein) (Favine)
Q9BRR6	ADPGK PSEC0260	ADP-dependent glucokinase (ADP-GK) (ADPGK) (EC 2.7.1.147) (RbBP-35)
Q9BRX8	PRXL2A C10orf58 FAM213A PAMM PRO2290 PSEC0139 UNQ611/PRO1198	Peroxiredoxin-like 2A (Peroxiredoxin-like 2 activated in M-CSF stimulated monocytes) (Protein PAMM) (Redox-regulatory protein FAM213A)
Q9BS86	ZPBP ZPBP1	Zona pellucida-binding protein 1 (Inner acrosomal membrane IAM38) (Sp38)
Q9BT56	SPX C12orf39	Spexin (NPQ) (Neuropeptide Q) (Spexin hormone) [Cleaved into: Spexin-1; Spexin-2 (NPQ 53-70)]
Q9BT67	NDFIP1 N4WBP5 PSEC0192 PSEC0223	NEDD4 family-interacting protein 1 (Breast cancer-associated protein SGA-1M) (NEDD4 WW domain-binding protein 5) (Putative MAPK-activating protein PM13) (Putative NF-kappa-B-activating protein 164) (Putative NFKB and MAPK-activating protein)
Q9BTY2	FUCA2 PSEC0151 UNQ227/PRO260	Plasma alpha-L-fucosidase (EC 3.2.1.51) (Alpha-L-fucoside fucohydrolase 2) (Alpha-L-fucosidase 2)
Q9BU40	CHRDL1 NRLN1	Chordin-like protein 1 (Neuralin-1) (Neurogenesin-1) (Ventroptin)
Q9BUD6	SPON2 DIL1 UNQ435/PRO866	Spondin-2 (Differentially expressed in cancerous and non-cancerous lung cells 1) (DIL-1) (Mindin)
Q9BUR5	APOO FAM121B MIC23 MIC26 My025 UNQ1866/PRO4302	MICOS complex subunit MIC26 (Apolipoprotein O) (MICOS complex subunit MIC23) (Protein FAM121B)
Q9BWP8	COLEC11 UNQ596/PRO1182	Collectin-11 (Collectin kidney protein 1) (CL-K1)
Q9BWS9	CHID1 GL008 PSEC0104 SB139	Chitinase domain-containing protein 1 (Stabilin-1-interacting chitinase-like protein) (SI-CLP)
Q9BX67	JAM3 UNQ859/PRO1868	Junctional adhesion molecule C (JAM-C) (JAM-2) (Junctional adhesion molecule 3) (JAM-3) [Cleaved into: Soluble form of JAM-C (sJAM-C)]
Q9BXI9	C1QTNF6 CTRP6 UNQ581/PRO1151	Complement C1q tumor necrosis factor-related protein 6
Q9BXJ0	C1QTNF5 CTRP5 UNQ303/PRO344	Complement C1q tumor necrosis factor-related protein 5
Q9BXJ1	C1QTNF1 CTRP1 UNQ310/PRO353	Complement C1q tumor necrosis factor-related protein 1 (G protein-coupled receptor-interacting protein) (GIP)
Q9BXJ3	C1QTNF4 CTRP4	Complement C1q tumor necrosis factor-related protein 4 (C1q/TNF-related protein 4)
Q9BXJ4	C1QTNF3 CTRP3 UNQ753/PRO1484	Complement C1q tumor necrosis factor-related protein 3 (Collagenous repeat-containing sequence 26 kDa protein) (CORS26) (Secretory protein CORS26)
Q9BXJ5	C1QTNF2 CTRP2 UNQ6349/PRO21054	Complement C1q tumor necrosis factor-related protein 2
Q9BXJ7	AMN UNQ513/PRO1028	Protein amnionless [Cleaved into: Soluble protein amnionless]
Q9BXN1	ASPN PLAP1 SLRR1C UNQ215/PRO241	Asporin (Periodontal ligament-associated protein 1) (PLAP-1)
Q9BXP8	PAPPA2 PLAC3	Pappalysin-2 (EC 3.4.24.-) (Pregnancy-associated plasma protein A2) (PAPP-A2) (Pregnancy-associated plasma protein E1) (PAPP-E)
Q9BXR6	CFHR5 CFHL5 FHR5	Complement factor H-related protein 5 (FHR-5)
Q9BXS0	COL25A1	Collagen alpha-1(XXV) chain (Alzheimer disease amyloid-associated protein) (AMY) (CLAC-P) [Cleaved into: Collagen-like Alzheimer amyloid plaque component (CLAC)]
Q9BXX0	EMILIN2	EMILIN-2 (Elastin microfibril interface-located protein 2) (Elastin microfibril interfacer 2) (Protein FOAP-10)
Q9BXY4	RSPO3 PWTSR THSD2	R-spondin-3 (Protein with TSP type-1 repeat) (hPWTSR) (Roof plate-specific spondin-3) (hRspo3) (Thrombospondin type-1 domain-containing protein 2)
Q9BY14	TEX101 SGRG UNQ867/PRO1884	Testis-expressed protein 101 (Cell surface receptor NYD-SP8) (Scleroderma-associated autoantigen) (Spermatogenesis-related gene protein)
Q9BY15	ADGRE3 EMR3 UNQ683/PRO1562	Adhesion G protein-coupled receptor E3 (EGF-like module receptor 3) (EGF-like module-containing mucin-like hormone receptor-like 3)
Q9BY76	ANGPTL4 ARP4 HFARP PGAR PP1158 PSEC0166 UNQ171/PRO197	Angiopoietin-related protein 4 (Angiopoietin-like protein 4) (Hepatic fibrinogen/angiopoietin-related protein) (HFARP) [Cleaved into: ANGPTL4 N-terminal chain; ANGPTL4 C-terminal chain]
Q9BYE2	TMPRSS13 MSP TMPRSS11	Transmembrane protease serine 13 (EC 3.4.21.-) (Membrane-type mosaic serine protease) (Mosaic serine protease)
Q9BYF1	ACE2 UNQ868/PRO1885	Angiotensin-converting enzyme 2 (EC 3.4.17.23) (Angiotensin-converting enzyme homolog) (ACEH) (Angiotensin-converting enzyme-related carboxypeptidase) (ACE-related carboxypeptidase) (EC 3.4.17.-) (Metalloprotease MPROT15) [Cleaved into: Processed angiotensin-converting enzyme 2]
Q9BYW3	DEFB126 C20orf8 DEFB26	Beta-defensin 126 (Beta-defensin 26) (DEFB-26) (Defensin, beta 126) (Epididymal secretory protein 13.2) (ESP13.2) (HBD26)
Q9BYZ8	REG4 GISP RELP	Regenerating islet-derived protein 4 (REG-4) (Gastrointestinal secretory protein) (REG-like protein) (Regenerating islet-derived protein IV) (Reg IV)
Q9BZJ3	TPSD1	Tryptase delta (EC 3.4.21.59) (Delta-tryptase) (HmMCP-3-like tryptase III) (Mast cell mMCP-7-like) (Tryptase-3)
Q9BZM1	PLA2G12A PLA2G12 FKSG38 UNQ2519/PRO6012	Group XIIA secretory phospholipase A2 (GXII sPLA2) (sPLA2-XII) (EC 3.1.1.4) (Phosphatidylcholine 2-acylhydrolase 12A)
Q9BZM2	PLA2G2F	Group IIF secretory phospholipase A2 (GIIF sPLA2) (sPLA2-IIF) (EC 3.1.1.4) (Phosphatidylcholine 2-acylhydrolase 2F)
Q9BZM5	ULBP2 N2DL2 RAET1H UNQ463/PRO791	UL16-binding protein 2 (ALCAN-alpha) (NKG2D ligand 2) (N2DL-2) (NKG2DL2) (Retinoic acid early transcript 1H)
Q9BZP6	CHIA	Acidic mammalian chitinase (AMCase) (EC 3.2.1.14) (Lung-specific protein TSA1902)
Q9BZV3	IMPG2 IPM200	Interphotoreceptor matrix proteoglycan 2 (Interphotoreceptor matrix proteoglycan of 200 kDa) (IPM 200) (Sialoprotein associated with cones and rods proteoglycan) (Spacrcan)
Q9BZZ2	SIGLEC1 SN	Sialoadhesin (Sialic acid-binding Ig-like lectin 1) (Siglec-1) (CD antigen CD169)
Q9GZM7	TINAGL1 GIS5 LCN7 OLRG2 TINAGL PP6614 PSEC0088 UNQ204/PRO230	Tubulointerstitial nephritis antigen-like (Glucocorticoid-inducible protein 5) (Oxidized LDL-responsive gene 2 protein) (OLRG-2) (Tubulointerstitial nephritis antigen-related protein) (TIN Ag-related protein) (TIN-Ag-RP)
Q9GZN4	PRSS22 BSSP4 PRSS26 SP001LA UNQ302/PRO343	Brain-specific serine protease 4 (BSSP-4) (EC 3.4.21.-) (Serine protease 22) (Serine protease 26) (Tryptase epsilon)
Q9GZP0	PDGFD IEGF SCDGFB MSTP036 UNQ1899/PRO4345	Platelet-derived growth factor D (PDGF-D) (Iris-expressed growth factor) (Spinal cord-derived growth factor B) (SCDGF-B) [Cleaved into: Platelet-derived growth factor D, latent form (PDGFD latent form); Platelet-derived growth factor D, receptor-binding form (PDGFD receptor-binding form)]
Q9GZT5	WNT10A	Protein Wnt-10a
Q9GZU5	NYX CLRP	Nyctalopin
Q9GZV7	HAPLN2 BRAL1	Hyaluronan and proteoglycan link protein 2 (Brain link protein 1)
Q9GZV9	FGF23 HYPF UNQ3027/PRO9828	Fibroblast growth factor 23 (FGF-23) (Phosphatonin) (Tumor-derived hypophosphatemia-inducing factor) [Cleaved into: Fibroblast growth factor 23 N-terminal peptide; Fibroblast growth factor 23 C-terminal peptide]
Q9GZX6	IL22 ILTIF ZCYTO18 UNQ3099/PRO10096	Interleukin-22 (IL-22) (Cytokine Zcyto18) (IL-10-related T-cell-derived-inducible factor) (IL-TIF)
Q9GZX9	TWSG1 TSG PSEC0250	Twisted gastrulation protein homolog 1
Q9GZZ7	GFRA4	GDNF family receptor alpha-4 (GDNF receptor alpha-4) (GDNFR-alpha-4) (GFR-alpha-4) (Persephin receptor)
Q9GZZ8	LACRT	Extracellular glycoprotein lacritin
Q9H0B8	CRISPLD2 CRISP11 LCRISP2 UNQ2914/PRO1156/PRO9783	Cysteine-rich secretory protein LCCL domain-containing 2 (Cysteine-rich secretory protein 11) (CRISP-11) (LCCL domain-containing cysteine-rich secretory protein 2)
Q9H112	CST11 CST8L	Cystatin-11
Q9H1B5	XYLT2 XT2 UNQ3058/PRO9878	Xylosyltransferase 2 (EC 2.4.2.26) (Peptide O-xylosyltransferase 1) (Xylosyltransferase II) (XT-II) (XylT-II)
Q9H1E1	RNASE7 UNQ2516/PRO6006	Ribonuclease 7 (RNase 7) (EC 3.1.27.-) (Skin-derived antimicrobial protein 2) (SAP-2)
Q9H1J5	WNT8A WNT8D	Protein Wnt-8a (Protein Wnt-8d)
Q9H1J7	WNT5B	Protein Wnt-5b
Q9H1M4	DEFB127 C20orf73 DEFB27 UNQ1956/PRO6071	Beta-defensin 127 (Beta-defensin 27) (DEFB-27) (Defensin, beta 127)
Q9H239	MMP28 MMP25 UNQ1893/PRO4339	Matrix metalloproteinase-28 (MMP-28) (EC 3.4.24.-) (Epilysin)
Q9H293	IL25 IL17E UNQ3120/PRO10272	Interleukin-25 (IL-25) (Interleukin-17E) (IL-17E)
Q9H2A7	CXCL16 SCYB16 SRPSOX UNQ2759/PRO6714	C-X-C motif chemokine 16 (Scavenger receptor for phosphatidylserine and oxidized low density lipoprotein) (SR-PSOX) (Small-inducible cytokine B16) (Transmembrane chemokine CXCL16)
Q9H2R5	KLK15	Kallikrein-15 (EC 3.4.21.-) (ACO protease)
Q9H2X0	CHRD UNQ217/PRO243	Chordin
Q9H2X3	CLEC4M CD209L CD209L1 CD299	C-type lectin domain family 4 member M (CD209 antigen-like protein 1) (DC-SIGN-related protein) (DC-SIGNR) (Dendritic cell-specific ICAM-3-grabbing non-integrin 2) (DC-SIGN2) (Liver/lymph node-specific ICAM-3-grabbing non-integrin) (L-SIGN) (CD antigen CD299)
Q9H324	ADAMTS10	A disintegrin and metalloproteinase with thrombospondin motifs 10 (ADAM-TS 10) (ADAM-TS10) (ADAMTS-10) (EC 3.4.24.-)
Q9H3N1	TMX1 TMX TXNDC TXNDC1 PSEC0085 UNQ235/PRO268	Thioredoxin-related transmembrane protein 1 (Protein disulfide-isomerase TMX1) (EC 5.3.4.1) (Thioredoxin domain-containing protein 1) (Transmembrane Trx-related protein)
Q9H3R2	MUC13 DRCC1 RECC UNQ6194/PRO20221	Mucin-13 (MUC-13) (Down-regulated in colon cancer 1)
Q9H3U7	SMOC2 SMAP2 MSTP117	SPARC-related modular calcium-binding protein 2 (Secreted modular calcium-binding protein 2) (SMOC-2) (Smooth muscle-associated protein 2) (SMAP-2)
Q9H4F8	SMOC1	SPARC-related modular calcium-binding protein 1 (Secreted modular calcium-binding protein 1) (SMOC-1)
Q9H5V8	CDCP1 TRASK UNQ2486/PRO5773	CUB domain-containing protein 1 (Membrane glycoprotein gp140) (Subtractive immunization M plus HEp3-associated 135 kDa protein) (SIMA135) (Transmembrane and associated with src kinases) (CD antigen CD318)
Q9H6E4	CCDC134	Coiled-coil domain-containing protein 134
Q9H772	GREM2 CKTSF1B2 DAND3 PRDC	Gremlin-2 (Cysteine knot superfamily 1, BMP antagonist 2) (DAN domain family member 3) (Protein related to DAN and cerberus)
Q9H8L6	MMRN2 EMILIN3	Multimerin-2 (EMILIN-3) (Elastin microfibril interface located protein 3) (Elastin microfibril interfacer 3) (EndoGlyx-1 p125/p140 subunit)
Q9H9K5	ERVMER34-1 HEMO LP9056	Endogenous retroviral envelope protein HEMO (Endogenous retrovirus group MER34 member 1 Env polyprotein) (HERV-MER_4q12 provirus ancestral Env polyprotein) (Human endogenous MER34 (medium-reiteration-frequency-family-34) open reading frame) (Human endogenous MER34 ORF) (HEMO) [Cleaved into: Endogenous retroviral envelope protein HEMO, secreted form (Endogenous retroviral envelope protein HEMO, 48 kDa form)]
Q9H9S5	FKRP	Ribitol 5-phosphate transferase FKRP (EC 2.7.8.-) (Fukutin-related protein) (Ribitol-5-phosphate transferase)
Q9HB63	NTN4	Netrin-4 (Beta-netrin) (Hepar-derived netrin-like protein)
Q9HBE4	IL21	Interleukin-21 (IL-21) (Za11)
Q9HC23	PROK2 BV8	Prokineticin-2 (PK2) (Protein Bv8 homolog)
Q9HC73	CRLF2 CRL2 ILXR TSLPR	Cytokine receptor-like factor 2 (Cytokine receptor-like 2) (IL-XR) (Thymic stromal lymphopoietin protein receptor) (TSLP receptor)
Q9HC84	MUC5B MUC5	Mucin-5B (MUC-5B) (Cervical mucin) (High molecular weight salivary mucin MG1) (Mucin-5 subtype B, tracheobronchial) (Sublingual gland mucin)
Q9HCB6	SPON1 KIAA0762 VSGP	Spondin-1 (F-spondin) (Vascular smooth muscle cell growth-promoting factor)
Q9HCQ7	NPVF C7orf9 RFRP	Pro-FMRFamide-related neuropeptide VF [Cleaved into: Neuropeptide NPSF; Neuropeptide RFRP-1; Neuropeptide RFRP-2; Neuropeptide NPVF (Neuropeptide RFRP-3)]
Q9HD89	RETN FIZZ3 HXCP1 RSTN UNQ407/PRO1199	Resistin (Adipose tissue-specific secretory factor) (ADSF) (C/EBP-epsilon-regulated myeloid-specific secreted cysteine-rich protein) (Cysteine-rich secreted protein A12-alpha-like 2) (Cysteine-rich secreted protein FIZZ3)
Q9NNX1	TUFT1	Tuftelin
Q9NNX6	CD209 CLEC4L	CD209 antigen (C-type lectin domain family 4 member L) (Dendritic cell-specific ICAM-3-grabbing non-integrin 1) (DC-SIGN) (DC-SIGN1) (CD antigen CD209)
Q9NP55	BPIFA1 LUNX NASG PLUNC SPLUNC1 SPURT UNQ787/PRO1606	BPI fold-containing family A member 1 (Lung-specific protein X) (Nasopharyngeal carcinoma-related protein) (Palate lung and nasal epithelium clone protein) (Secretory protein in upper respiratory tracts) (Short PLUNC1) (SPLUNC1) (Tracheal epithelium-enriched protein) (Von Ebner protein Hl)
Q9NP58	ABCB6 MTABC3 PRP UMAT	ATP-binding cassette sub-family B member 6 (ABC-type heme transporter ABCB6) (EC 7.6.2.5) (Mitochondrial ABC transporter 3) (Mt-ABC transporter 3) (P-glycoprotein-related protein) (Ubiquitously-expressed mammalian ABC half transporter)
Q9NP70	AMBN	Ameloblastin
Q9NP95	FGF20	Fibroblast growth factor 20 (FGF-20)
Q9NP99	TREM1	Triggering receptor expressed on myeloid cells 1 (TREM-1) (Triggering receptor expressed on monocytes 1) (CD antigen CD354)
Q9NPA2	MMP25 MMP20 MMPL1 MT6MMP	Matrix metalloproteinase-25 (MMP-25) (EC 3.4.24.-) (Leukolysin) (Membrane-type matrix metalloproteinase 6) (MT-MMP 6) (MTMMP6) (Membrane-type-6 matrix metalloproteinase) (MT6-MMP) (MT6MMP)
Q9NPE2	NGRN FI58G HT020	Neugrin (Mesenchymal stem cell protein DSC92) (Neurite outgrowth-associated protein) (Spinal cord-derived protein FI58G)
Q9NPF7	IL23A SGRF UNQ2498/PRO5798	Interleukin-23 subunit alpha (IL-23 subunit alpha) (IL-23-A) (Interleukin-23 subunit p19) (IL-23p19)
Q9NPG4	PCDH12 UNQ395/PRO731	Protocadherin-12 (Vascular cadherin-2) (Vascular endothelial cadherin-2) (VE-cad-2) (VE-cadherin-2) [Cleaved into: Protocadherin-12, secreted form]
Q9NPH3	IL1RAP C3orf13 IL1R3	Interleukin-1 receptor accessory protein (IL-1 receptor accessory protein) (IL-1RAcP) (EC 3.2.2.6) (Interleukin-1 receptor 3) (IL-1R-3) (IL-1R3)
Q9NPH9	IL26 AK155	Interleukin-26 (IL-26) (Protein AK155)
Q9NQ30	ESM1	Endothelial cell-specific molecule 1 (ESM-1)
Q9NQ36	SCUBE2 CEGP1	Signal peptide, CUB and EGF-like domain-containing protein 2 (Protein CEGP1) (Scube/You)
Q9NQ38	SPINK5	Serine protease inhibitor Kazal-type 5 (Lympho-epithelial Kazal-type-related inhibitor) (LEKTI) [Cleaved into: Hemofiltrate peptide HF6478; Hemofiltrate peptide HF7665]
Q9NQ76	MEPE	Matrix extracellular phosphoglycoprotein (Osteoblast/osteocyte factor 45) (OF45) (Osteoregulin)
Q9NQ79	CRTAC1 ASPIC1 CEP68	Cartilage acidic protein 1 (68 kDa chondrocyte-expressed protein) (CEP-68) (ASPIC)
Q9NR16	CD163L1 CD163B M160 UNQ6434/PRO23202	Scavenger receptor cysteine-rich type 1 protein M160 (CD163 antigen-like 1) (CD antigen CD163b)
Q9NR23	GDF3 UNQ222/PRO248	Growth/differentiation factor 3 (GDF-3)
Q9NR71	ASAH2 HNAC1	Neutral ceramidase (N-CDase) (NCDase) (EC 3.5.1.-) (EC 3.5.1.23) (Acylsphingosine deacylase 2) (BCDase) (LCDase) (hCD) (N-acylsphingosine amidohydrolase 2) (Non-lysosomal ceramidase) [Cleaved into: Neutral ceramidase soluble form]
Q9NR99	MXRA5	Matrix-remodeling-associated protein 5 (Adhesion protein with leucine-rich repeats and immunoglobulin domains related to perlecan) (Adlican)
Q9NRA1	PDGFC SCDGF UNQ174/PRO200	Platelet-derived growth factor C (PDGF-C) (Fallotein) (Spinal cord-derived growth factor) (SCDGF) (VEGF-E) [Cleaved into: Platelet-derived growth factor C, latent form (PDGFC latent form); Platelet-derived growth factor C, receptor-binding form (PDGFC receptor-binding form)]
Q9NRE1	MMP26	Matrix metalloproteinase-26 (MMP-26) (EC 3.4.24.-) (Endometase) (Matrilysin-2)
Q9NRJ3	CCL28 SCYA28	C-C motif chemokine 28 (Mucosae-associated epithelial chemokine) (MEC) (Protein CCK1) (Small-inducible cytokine A28)
Q9NRM1	ENAM	Enamelin
Q9NRM6	IL17RB CRL4 EVI27 IL17BR UNQ2501/PRO19612	Interleukin-17 receptor B (IL-17 receptor B) (IL-17RB) (Cytokine receptor-like 4) (IL-17 receptor homolog 1) (IL-17Rh1) (IL17Rh1) (Interleukin-17B receptor) (IL-17B receptor)
Q9NRS4	TMPRSS4 TMPRSS3 UNQ776/PRO1570	Transmembrane protease serine 4 (EC 3.4.21.-) (Channel-activating protease 2) (CAPH2) (Membrane-type serine protease 2) (MT-SP2) [Cleaved into: Transmembrane protease serine 4 catalytic chain]
Q9NS15	LTBP3	Latent-transforming growth factor beta-binding protein 3 (LTBP-3)
Q9NS62	THSD1 TMTSP UNQ3010/PRO9769	Thrombospondin type-1 domain-containing protein 1 (Transmembrane molecule with thrombospondin module)
Q9NS71	GKN1 AMP18 CA11 UNQ489/PRO1005	Gastrokine-1 (18 kDa antrum mucosa protein) (AMP-18) (Protein CA11)
Q9NSA1	FGF21 UNQ3115/PRO10196	Fibroblast growth factor 21 (FGF-21)
Q9NT22	EMILIN3 C20orf130 EMILIN5	EMILIN-3 (EMILIN-5) (Elastin microfibril interface-located protein 3) (Elastin microfibril interfacer 3) (Elastin microfibril interface-located protein 5) (Elastin microfibril interfacer 5)
Q9NWH7	SPATA6	Spermatogenesis-associated protein 6
Q9NXC2	GFOD1 C6orf114	Glucose-fructose oxidoreductase domain-containing protein 1 (Gfo/Idh/MocA-like oxidoreductase domain-containing protein 1)
Q9NY56	OBP2A	Odorant-binding protein 2a (Odorant-binding protein IIa) (OBPIIa)
Q9NYP8	EPCIP C21orf120 C21orf62 CU062	Exosomal polycystin-1-interacting protein (B37) (Polycystin-1-interacting protein 1)
Q9NYY1	IL20 ZCYTO10 UNQ852/PRO1801	Interleukin-20 (IL-20) (Cytokine Zcyto10)
Q9NZ20	PLA2G3	Group 3 secretory phospholipase A2 (EC 3.1.1.4) (Group III secretory phospholipase A2) (GIII sPLA2) (sPLA2-III) (Phosphatidylcholine 2-acylhydrolase 3)
Q9NZC2	TREM2	Triggering receptor expressed on myeloid cells 2 (TREM-2) (Triggering receptor expressed on monocytes 2)
Q9NZH6	IL37 FIL1Z IL1F7 IL1H4 IL1RP1	Interleukin-37 (IL-37) (FIL1 zeta) (IL-1X) (Interleukin-1 family member 7) (IL-1F7) (Interleukin-1 homolog 4) (IL-1H) (IL-1H4) (Interleukin-1 zeta) (IL-1 zeta) (Interleukin-1-related protein) (IL-1RP1)
Q9NZH7	IL36B IL1F8 IL1H2	Interleukin-36 beta (FIL1 eta) (Interleukin-1 eta) (IL-1 eta) (Interleukin-1 family member 8) (IL-1F8) (Interleukin-1 homolog 2) (IL-1H2)
Q9NZH8	IL36G IL1E IL1F9 IL1H1 IL1RP2 UNQ2456/PRO5737	Interleukin-36 gamma (IL-1-related protein 2) (IL-1RP2) (Interleukin-1 epsilon) (IL-1 epsilon) (Interleukin-1 family member 9) (IL-1F9) (Interleukin-1 homolog 1) (IL-1H1)
Q9NZK5	ADA2 ADGF CECR1 IDGFL	Adenosine deaminase 2 (EC 3.5.4.4) (Cat eye syndrome critical region protein 1)
Q9NZK7	PLA2G2E	Group IIE secretory phospholipase A2 (GIIE sPLA2) (sPLA2-IIE) (EC 3.1.1.4) (Phosphatidylcholine 2-acylhydrolase 2E)
Q9NZP8	C1RL C1RL1 C1RLP CLSPA	Complement C1r subcomponent-like protein (C1r-LP) (C1r-like protein) (EC 3.4.21.-) (C1r-like serine protease analog protein) (CLSPa)
Q9NZQ7	CD274 B7H1 PDCD1L1 PDCD1LG1 PDL1	Programmed cell death 1 ligand 1 (PD-L1) (PDCD1 ligand 1) (Programmed death ligand 1) (hPD-L1) (B7 homolog 1) (B7-H1) (CD antigen CD274)
Q9NZU0	FLRT3 KIAA1469 UNQ856/PRO1865	Leucine-rich repeat transmembrane protein FLRT3 (Fibronectin-like domain-containing leucine-rich transmembrane protein 3)
Q9NZU1	FLRT1 UNQ752/PRO1483	Leucine-rich repeat transmembrane protein FLRT1 (Fibronectin-like domain-containing leucine-rich transmembrane protein 1)
Q9NZV1	CRIM1 S52 UNQ1886/PRO4330	Cysteine-rich motor neuron 1 protein (CRIM-1) (Cysteine-rich repeat-containing protein S52) [Cleaved into: Processed cysteine-rich motor neuron 1 protein]
Q9NZW4	DSPP	Dentin sialophosphoprotein [Cleaved into: Dentin phosphoprotein (Dentin phosphophoryn) (DPP); Dentin sialoprotein (DSP)]
Q9P0G3	KLK14 KLKL6	Kallikrein-14 (hK14) (EC 3.4.21.-) (Kallikrein-like protein 6) (KLK-L6)
Q9P0W0	IFNK UNQ6124/PRO20084	Interferon kappa (IFN-kappa)
Q9P1T7	MDFIC	MyoD family inhibitor domain-containing protein (I-mfa domain-containing protein) (hIC)
Q9P2K2	TXNDC16 ERP90 KIAA1344	Thioredoxin domain-containing protein 16
Q9P2N4	ADAMTS9 KIAA1312	A disintegrin and metalloproteinase with thrombospondin motifs 9 (ADAM-TS 9) (ADAM-TS9) (ADAMTS-9) (EC 3.4.24.-)
Q9P2W7	B3GAT1 GLCATP	Galactosylgalactosylxylosylprotein 3-beta-glucuronosyltransferase 1 (EC 2.4.1.135) (Beta-1,3-glucuronyltransferase 1) (Glucuronosyltransferase P) (GlcAT-P) (UDP-GlcUA:glycoprotein beta-1,3-glucuronyltransferase) (GlcUAT-P)
Q9UBC7	GALP	Galanin-like peptide
Q9UBD3	XCL2 SCYC2	Cytokine SCM-1 beta (C motif chemokine 2) (XC chemokine ligand 2)
Q9UBD9	CLCF1 BSF3 CLC NNT1	Cardiotrophin-like cytokine factor 1 (B-cell-stimulating factor 3) (BSF-3) (Novel neurotrophin-1) (NNT-1)
Q9UBH0	IL36RN FIL1D IL1F5 IL1HY1 IL1L1 IL1RP3 UNQ1896/PRO4342	Interleukin-36 receptor antagonist protein (IL-36Ra) (FIL1 delta) (IL-1-related protein 3) (IL-1RP3) (Interleukin-1 HY1) (IL-1HY1) (Interleukin-1 delta) (IL-1 delta) (Interleukin-1 family member 5) (IL-1F5) (Interleukin-1 receptor antagonist homolog 1) (IL-1ra homolog 1) (Interleukin-1-like protein 1) (IL-1L1)
Q9UBM4	OPTC OPT	Opticin (Oculoglycan)
Q9UBP4	DKK3 REIC UNQ258/PRO295	Dickkopf-related protein 3 (Dickkopf-3) (Dkk-3) (hDkk-3)
Q9UBQ6	EXTL2 EXTR2	Exostosin-like 2 (EC 2.4.1.223) (Alpha-1,4-N-acetylhexosaminyltransferase EXTL2) (Alpha-GalNAcT EXTL2) (EXT-related protein 2) (Glucuronyl-galactosyl-proteoglycan 4-alpha-N-acetylglucosaminyltransferase) [Cleaved into: Processed exostosin-like 2]
Q9UBR5	CKLF CKLF1 HSPC224 UNQ410/PRO772	Chemokine-like factor (C32)
Q9UBS5	GABBR1 GPRC3A	Gamma-aminobutyric acid type B receptor subunit 1 (GABA-B receptor 1) (GABA-B-R1) (GABA-BR1) (GABABR1) (Gb1)
Q9UBT3	DKK4	Dickkopf-related protein 4 (Dickkopf-4) (Dkk-4) (hDkk-4) [Cleaved into: Dickkopf-related protein 4 short form]
Q9UBU2	DKK2 UNQ682/PRO1316	Dickkopf-related protein 2 (Dickkopf-2) (Dkk-2) (hDkk-2)
Q9UBU3	GHRL MTLRP UNQ524/PRO1066	Appetite-regulating hormone (Growth hormone secretagogue) (Growth hormone-releasing peptide) (Motilin-related peptide) (Protein M46) [Cleaved into: Ghrelin-27; Ghrelin-28 (Ghrelin); Obestatin]
Q9UBV4	WNT16	Protein Wnt-16
Q9UBX5	FBLN5 DANCE UNQ184/PRO210	Fibulin-5 (FIBL-5) (Developmental arteries and neural crest EGF-like protein) (Dance) (Urine p50 protein) (UP50)
Q9UBX7	KLK11 PRSS20 TLSP UNQ649/PRO1279	Kallikrein-11 (hK11) (EC 3.4.21.-) (Hippostasin) (Serine protease 20) (Trypsin-like protease) [Cleaved into: Kallikrein-11 inactive chain 1; Kallikrein-11 inactive chain 2]
Q9UEF7	KL	Klotho (EC 3.2.1.31) [Cleaved into: Klotho peptide]
Q9UFP1	GASK1A C3orf41 FAM198A	Golgi-associated kinase 1A (Protein FAM198A)
Q9UGM3	DMBT1 GP340	Scavenger receptor cysteine-rich domain-containing protein DMBT1 (Deleted in malignant brain tumors 1 protein) (Glycoprotein 340) (Gp-340) (Hensin) (Salivary agglutinin) (SAG) (Surfactant pulmonary-associated D-binding protein)
Q9UGM5	FETUB	Fetuin-B (16G2) (Fetuin-like protein IRL685) (Gugu)
Q9UHA7	IL36A FIL1E IL1E IL1F6	Interleukin-36 alpha (FIL1 epsilon) (Interleukin-1 epsilon) (IL-1 epsilon) (Interleukin-1 family member 6) (IL-1F6)
Q9UHD0	IL19 ZMDA1	Interleukin-19 (IL-19) (Melanoma differentiation-associated protein-like protein) (NG.1)
Q9UHF0	TAC3 NKNB UNQ585/PRO1155	Tachykinin-3 (ZNEUROK1) [Cleaved into: Neurokinin-B (NKB) (Neuromedin-K)]
Q9UHF1	EGFL7 MEGF7 UNQ187/PRO1449	Epidermal growth factor-like protein 7 (EGF-like protein 7) (Multiple epidermal growth factor-like domains protein 7) (Multiple EGF-like domains protein 7) (NOTCH4-like protein) (Vascular endothelial statin) (VE-statin) (Zneu1)
Q9UHG2	PCSK1N	ProSAAS (Proprotein convertase subtilisin/kexin type 1 inhibitor) (Proprotein convertase 1 inhibitor) (pro-SAAS) [Cleaved into: KEP; Big SAAS (b-SAAS); Little SAAS (l-SAAS) (N-proSAAS); Big PEN-LEN (b-PEN-LEN) (SAAS CT(1-49)); PEN; Little LEN (l-LEN); Big LEN (b-LEN) (SAAS CT(25-40))]
Q9UHI8	ADAMTS1 KIAA1346 METH1	A disintegrin and metalloproteinase with thrombospondin motifs 1 (ADAM-TS 1) (ADAM-TS1) (ADAMTS-1) (EC 3.4.24.-) (METH-1)
Q9UHL4	DPP7 DPP2 QPP	Dipeptidyl peptidase 2 (EC 3.4.14.2) (Dipeptidyl aminopeptidase II) (Dipeptidyl peptidase 7) (Dipeptidyl peptidase II) (DPP II) (Quiescent cell proline dipeptidase)
Q9UHV8	LGALS13 PLAC8	Galactoside-binding soluble lectin 13 (Galectin-13) (Gal-13) (Placental tissue protein 13) (PP13) (Placental protein 13)
Q9UI42	CPA4 CPA3 UNQ694/PRO1339	Carboxypeptidase A4 (EC 3.4.17.-) (Carboxypeptidase A3)
Q9UIG4	PSORS1C2 C6orf17 SPR1	Psoriasis susceptibility 1 candidate gene 2 protein (Protein SPR1)
Q9UIK5	TMEFF2 HPP1 TENB2 TPEF UNQ178/PRO204	Tomoregulin-2 (TR-2) (Hyperplastic polyposis protein 1) (Transmembrane protein with EGF-like and two follistatin-like domains)
Q9UIQ6	LNPEP OTASE	Leucyl-cystinyl aminopeptidase (Cystinyl aminopeptidase) (EC 3.4.11.3) (Insulin-regulated membrane aminopeptidase) (Insulin-responsive aminopeptidase) (IRAP) (Oxytocinase) (OTase) (Placental leucine aminopeptidase) (P-LAP) [Cleaved into: Leucyl-cystinyl aminopeptidase, pregnancy serum form]
Q9UJA9	ENPP5 UNQ550/PRO1107	Ectonucleotide pyrophosphatase/phosphodiesterase family member 5 (E-NPP 5) (NPP-5) (EC 3.1.-.-)
Q9UJJ9	GNPTG C16orf27 GNPTAG CAB56184 LP2537	N-acetylglucosamine-1-phosphotransferase subunit gamma (GlcNAc-1-phosphotransferase subunit gamma) (UDP-N-acetylglucosamine-1-phosphotransferase subunit gamma)
Q9UJW2	TINAG	Tubulointerstitial nephritis antigen (TIN-Ag)
Q9UK05	GDF2 BMP9	Growth/differentiation factor 2 (GDF-2) (Bone morphogenetic protein 9) (BMP-9)
Q9UK55	SERPINA10 ZPI UNQ707/PRO1358	Protein Z-dependent protease inhibitor (PZ-dependent protease inhibitor) (PZI) (Serpin A10)
Q9UKJ1	PILRA	Paired immunoglobulin-like type 2 receptor alpha (Cell surface receptor FDF03) (Inhibitory receptor PILR-alpha)
Q9UKP4	ADAMTS7	A disintegrin and metalloproteinase with thrombospondin motifs 7 (ADAM-TS 7) (ADAM-TS7) (ADAMTS-7) (EC 3.4.24.-)
Q9UKP5	ADAMTS6	A disintegrin and metalloproteinase with thrombospondin motifs 6 (ADAM-TS 6) (ADAM-TS6) (ADAMTS-6) (EC 3.4.24.-)
Q9UKQ2	ADAM28 ADAM23 MDCL	Disintegrin and metalloproteinase domain-containing protein 28 (ADAM 28) (EC 3.4.24.-) (Epididymal metalloproteinase-like, disintegrin-like, and cysteine-rich protein II) (eMDC II) (Metalloproteinase-like, disintegrin-like, and cysteine-rich protein L) (MDC-L)
Q9UKR0	KLK12 KLKL5 UNQ669/PRO1303	Kallikrein-12 (EC 3.4.21.-) (Kallikrein-like protein 5) (KLK-L5)
Q9UKU9	ANGPTL2 ARP2 UNQ170/PRO196	Angiopoietin-related protein 2 (Angiopoietin-like protein 2)
Q9UKZ9	PCOLCE2 PCPE2 UNQ250/PRO287	Procollagen C-endopeptidase enhancer 2 (Procollagen COOH-terminal proteinase enhancer 2) (PCPE-2) (Procollagen C-proteinase enhancer 2)
Q9UL52	TMPRSS11E DESC1 TMPRSS11E2 UNQ742/PRO1461	Transmembrane protease serine 11E (EC 3.4.21.-) (Serine protease DESC1) (Transmembrane protease serine 11E2) [Cleaved into: Transmembrane protease serine 11E non-catalytic chain; Transmembrane protease serine 11E catalytic chain]
Q9ULC0	EMCN EMCN2 MUC14	Endomucin (Endomucin-2) (Gastric cancer antigen Ga34) (Mucin-14) (MUC-14)
Q9ULI3	HEG1 KIAA1237	Protein HEG homolog 1
Q9ULZ1	APLN APEL	Apelin (APJ endogenous ligand) [Cleaved into: Apelin-36; Apelin-31; Apelin-28; Apelin-13]
Q9ULZ9	MMP17 MT4MMP	Matrix metalloproteinase-17 (MMP-17) (EC 3.4.24.-) (Membrane-type matrix metalloproteinase 4) (MT-MMP 4) (MTMMP4) (Membrane-type-4 matrix metalloproteinase) (MT4-MMP) (MT4MMP)
Q9UM21	MGAT4A	Alpha-1,3-mannosyl-glycoprotein 4-beta-N-acetylglucosaminyltransferase A (EC 2.4.1.145) (N-glycosyl-oligosaccharide-glycoprotein N-acetylglucosaminyltransferase IVa) (GlcNAc-T IVa) (GnT-IVa) (N-acetylglucosaminyltransferase IVa) (UDP-N-acetylglucosamine: alpha-1,3-D-mannoside beta-1,4-N-acetylglucosaminyltransferase IVa) [Cleaved into: Alpha-1,3-mannosyl-glycoprotein 4-beta-N-acetylglucosaminyltransferase A soluble form]
Q9UM22	EPDR1 MERP1 UCC1	Mammalian ependymin-related protein 1 (MERP-1) (Upregulated in colorectal cancer gene 1 protein)
Q9UMD9	COL17A1 BP180 BPAG2	Collagen alpha-1(XVII) chain (180 kDa bullous pemphigoid antigen 2) (Bullous pemphigoid antigen 2) [Cleaved into: 120 kDa linear IgA disease antigen (120 kDa linear IgA dermatosis antigen) (Linear IgA disease antigen 1) (LAD-1); 97 kDa linear IgA disease antigen (97 kDa linear IgA bullous dermatosis antigen) (97 kDa LAD antigen) (97-LAD) (Linear IgA bullous disease antigen of 97 kDa) (LABD97)]
Q9UMX5	NENF CIR2 SPUF	Neudesin (Cell immortalization-related protein 2) (Neuron-derived neurotrophic factor) (Protein GIG47) (Secreted protein of unknown function) (SPUF protein)
Q9UN73	PCDHA6 CNRS2	Protocadherin alpha-6 (PCDH-alpha-6)
Q9UNA0	ADAMTS5 ADAMTS11 ADMP2	A disintegrin and metalloproteinase with thrombospondin motifs 5 (ADAM-TS 5) (ADAM-TS5) (ADAMTS-5) (EC 3.4.24.-) (A disintegrin and metalloproteinase with thrombospondin motifs 11) (ADAM-TS 11) (ADAMTS-11) (ADMP-2) (Aggrecanase-2)
Q9UNI1	CELA1 ELA1	Chymotrypsin-like elastase family member 1 (EC 3.4.21.36) (Elastase-1) (Pancreatic elastase 1)
Q9UNK4	PLA2G2D SPLASH	Group IID secretory phospholipase A2 (GIID sPLA2) (sPLA2-IID) (EC 3.1.1.4) (PLA2IID) (Phosphatidylcholine 2-acylhydrolase 2D) (Secretory-type PLA, stroma-associated homolog)
Q9UNW1	MINPP1 MIPP UNQ900/PRO1917	Multiple inositol polyphosphate phosphatase 1 (EC 3.1.3.62) (2,3-bisphosphoglycerate 3-phosphatase) (2,3-BPG phosphatase) (EC 3.1.3.80)
Q9UP79	ADAMTS8 METH2	A disintegrin and metalloproteinase with thrombospondin motifs 8 (ADAM-TS 8) (ADAM-TS8) (ADAMTS-8) (EC 3.4.24.-) (METH-2) (METH-8)
Q9UPZ6	THSD7A KIAA0960	Thrombospondin type-1 domain-containing protein 7A [Cleaved into: Thrombospondin type-1 domain-containing protein 7A, soluble form]
Q9UQC9	CLCA2 CACC3	Calcium-activated chloride channel regulator 2 (EC 3.4.-.-) (Calcium-activated chloride channel family member 2) (hCLCA2) (Calcium-activated chloride channel protein 3) (CaCC-3) (hCaCC-3) [Cleaved into: Calcium-activated chloride channel regulator 2, 109 kDa form; Calcium-activated chloride channel regulator 2, 35 kDa form]
Q9UQP3	TNN TNW	Tenascin-N (TN-N) (Tenascin-W) (TN-W)
Q9Y240	CLEC11A CLECSF3 LSLCL SCGF	C-type lectin domain family 11 member A (C-type lectin superfamily member 3) (Lymphocyte secreted C-type lectin) (Osteolectin) (Stem cell growth factor) (p47)
Q9Y251	HPSE HEP HPA HPA1 HPR1 HPSE1 HSE1	Heparanase (EC 3.2.1.166) (Endo-glucoronidase) (Heparanase-1) (Hpa1) [Cleaved into: Heparanase 8 kDa subunit; Heparanase 50 kDa subunit]
Q9Y258	CCL26 SCYA26 UNQ216/PRO242	C-C motif chemokine 26 (CC chemokine IMAC) (Eotaxin-3) (Macrophage inflammatory protein 4-alpha) (MIP-4-alpha) (Small-inducible cytokine A26) (Thymic stroma chemokine-1) (TSC-1)
Q9Y264	ANGPT4 ANG3 ANG4	Angiopoietin-4 (ANG-4) (Angiopoietin-3) (ANG-3)
Q9Y275	TNFSF13B BAFF BLYS TALL1 TNFSF20 ZTNF4 UNQ401/PRO738	Tumor necrosis factor ligand superfamily member 13B (B lymphocyte stimulator) (BLyS) (B-cell-activating factor) (BAFF) (Dendritic cell-derived TNF-like molecule) (TNF- and APOL-related leukocyte expressed ligand 1) (TALL-1) (CD antigen CD257) [Cleaved into: Tumor necrosis factor ligand superfamily member 13b, membrane form; Tumor necrosis factor ligand superfamily member 13b, soluble form]
Q9Y287	ITM2B BRI BRI2	Integral membrane protein 2B (Immature BRI2) (imBRI2) (Protein E25B) (Transmembrane protein BRI) (Bri) [Cleaved into: BRI2, membrane form (Mature BRI2) (mBRI2); BRI2 intracellular domain (BRI2 ICD); BRI2C, soluble form; Bri23 peptide (Bri2-23) (ABri23) (C-terminal peptide) (P23 peptide)]
Q9Y2E5	MAN2B2 KIAA0935	Epididymis-specific alpha-mannosidase (Epman) (EC 3.2.1.24) (Alpha-1,6-mannosidase) (Core-specific lysosomal alpha-1,6-Mannosidase) (Mannosidase alpha class 2B member 2)
Q9Y2Y6	TMEM98 UNQ536/PRO1079	Transmembrane protein 98 (Protein TADA1)
Q9Y337	KLK5 SCTE UNQ570/PRO1132	Kallikrein-5 (EC 3.4.21.-) (Kallikrein-like protein 2) (KLK-L2) (Stratum corneum tryptic enzyme)
Q9Y4K0	LOXL2	Lysyl oxidase homolog 2 (EC 1.4.3.13) (Lysyl oxidase-like protein 2) (Lysyl oxidase-related protein 2) (Lysyl oxidase-related protein WS9-14)
Q9Y4X3	CCL27 ILC SCYA27	C-C motif chemokine 27 (CC chemokine ILC) (Cutaneous T-cell-attracting chemokine) (CTACK) (ESkine) (IL-11 R-alpha-locus chemokine) (Skinkine) (Small-inducible cytokine A27)
Q9Y5C1	ANGPTL3 ANGPT5 UNQ153/PRO179	Angiopoietin-related protein 3 (Angiopoietin-5) (ANG-5) (Angiopoietin-like protein 3) [Cleaved into: ANGPTL3(17-221); ANGPTL3(17-224)]
Q9Y5I2	PCDHA10 CNRS8	Protocadherin alpha-10 (PCDH-alpha-10)
Q9Y5I3	PCDHA1	Protocadherin alpha-1 (PCDH-alpha-1)
Q9Y5K2	KLK4 EMSP1 PRSS17 PSTS	Kallikrein-4 (EC 3.4.21.-) (Enamel matrix serine proteinase 1) (Kallikrein-like protein 1) (KLK-L1) (Prostase) (Serine protease 17)
Q9Y5L2	HILPDA C7orf68 HIG2	Hypoxia-inducible lipid droplet-associated protein (Hypoxia-inducible gene 2 protein)
Q9Y5Q5	CORIN CRN TMPRSS10	Atrial natriuretic peptide-converting enzyme (EC 3.4.21.-) (Corin) (Heart-specific serine proteinase ATC2) (Pro-ANP-converting enzyme) (Transmembrane protease serine 10) [Cleaved into: Atrial natriuretic peptide-converting enzyme, N-terminal propeptide; Atrial natriuretic peptide-converting enzyme, activated protease fragment; Atrial natriuretic peptide-converting enzyme, 180 kDa soluble fragment; Atrial natriuretic peptide-converting enzyme, 160 kDa soluble fragment; Atrial natriuretic peptide-converting enzyme, 100 kDa soluble fragment]
Q9Y5Q6	INSL5 UNQ156/PRO182	Insulin-like peptide INSL5 (Insulin-like peptide 5) [Cleaved into: Insulin-like peptide INSL5 B chain; Insulin-like peptide INSL5 A chain]
Q9Y5R2	MMP24 MT5MMP	Matrix metalloproteinase-24 (MMP-24) (EC 3.4.24.-) (Membrane-type matrix metalloproteinase 5) (MT-MMP 5) (MTMMP5) (Membrane-type-5 matrix metalloproteinase) (MT5-MMP) (MT5MMP) [Cleaved into: Processed matrix metalloproteinase-24]
Q9Y5U5	TNFRSF18 AITR GITR UNQ319/PRO364	Tumor necrosis factor receptor superfamily member 18 (Activation-inducible TNFR family receptor) (Glucocorticoid-induced TNFR-related protein) (CD antigen CD357)
Q9Y5X9	LIPG UNQ387/PRO719	Endothelial lipase (EC 3.1.1.3) (Endothelial cell-derived lipase) (EDL) (EL) (Phospholipase A1) (EC 3.1.1.32)
Q9Y625	GPC6 UNQ369/PRO705	Glypican-6 [Cleaved into: Secreted glypican-6]
Q9Y646	CPQ LCH1 PGCP	Carboxypeptidase Q (EC 3.4.17.-) (Lysosomal dipeptidase) (Plasma glutamate carboxypeptidase)
Q9Y653	ADGRG1 GPR56 TM7LN4 TM7XN1 UNQ540/PRO1083	Adhesion G-protein coupled receptor G1 (G-protein coupled receptor 56) [Cleaved into: Adhesion G-protein coupled receptor G1, N-terminal fragment (ADGRG1 N-terminal fragment) (ADGRG1 NT) (GPR56 N-terminal fragment) (GPR56 NT) (GPR56(N)) (GPR56 extracellular subunit) (GPR56 subunit alpha); Adhesion G-protein coupled receptor G1, C-terminal fragment (ADGRG1 C-terminal fragment) (ADGRG1 CT) (GPR56 C-terminal fragment) (GPR56 CT) (GPR56(C)) (GPR56 seven-transmembrane subunit) (GPR56 7TM) (GPR56 subunit beta)]
Q9Y6C2	EMILIN1 EMI	EMILIN-1 (Elastin microfibril interface-located protein 1) (Elastin microfibril interfacer 1)
Q9Y6F9	WNT6	Protein Wnt-6
Q9Y6L7	TLL2 KIAA0932	Tolloid-like protein 2 (EC 3.4.24.-)
Q9Y6N6	LAMC3	Laminin subunit gamma-3 (Laminin-12 subunit gamma) (Laminin-14 subunit gamma) (Laminin-15 subunit gamma)
Q9Y6R7	FCGBP	IgGFc-binding protein (Fcgamma-binding protein antigen) (FcgammaBP)
Q9Y6W8	ICOS AILIM	Inducible T-cell costimulator (Activation-inducible lymphocyte immunomediatory molecule) (CD antigen CD278)
Q9Y6Y9	LY96 ESOP1 MD2	Lymphocyte antigen 96 (Ly-96) (ESOP-1) (Protein MD-2)
Q9Y6Z7	COLEC10 CLL1 UNQ366/PRO702	Collectin-10 (Collectin liver protein 1) (CL-L1) (Collectin-34) (CL-34)
A0A075B6J9	IGLV2-18	Immunoglobulin lambda variable 2-18
A2NJV5	IGKV2-29	Immunoglobulin kappa variable 2-29
B2RNN3	C1QTNF9B	Complement C1q and tumor necrosis factor-related protein 9B (C1q/TNF-related protein 9B) (CTRP9B) (Complement C1q and tumor necrosis factor-related protein 9-like)
O00295	TULP2 TUBL2	Tubby-related protein 2 (Cancer/testis antigen 65) (CT65) (Tubby-like protein 2)
O00515	LAD1 LAD	Ladinin-1 (Lad-1) (Linear IgA disease antigen) (LADA)
O15335	CHAD SLRR4A	Chondroadherin (Cartilage leucine-rich protein)
O43555	GNRH2	Progonadoliberin-2 (Progonadoliberin II) [Cleaved into: Gonadoliberin-2 (Gonadoliberin II) (Gonadotropin-releasing hormone II) (GnRH II) (Luliberin II) (Luteinizing hormone-releasing hormone II) (LH-RH II); GnRH-associated peptide 2 (GnRH-associated peptide II)]
O43692	PI15 CRISP8 P25TI	Peptidase inhibitor 15 (PI-15) (25 kDa trypsin inhibitor) (p25TI) (Cysteine-rich secretory protein 8) (CRISP-8) (SugarCrisp)
O60542	PSPN	Persephin (PSP)
O60676	CST8 CRES	Cystatin-8 (Cystatin-related epididymal spermatogenic protein)
O75095	MEGF6 EGFL3 KIAA0815	Multiple epidermal growth factor-like domains protein 6 (Multiple EGF-like domains protein 6) (Epidermal growth factor-like protein 3) (EGF-like protein 3)
O75493	CA11 CARP2 UNQ211/PRO237	Carbonic anhydrase-related protein 11 (CA-RP XI) (CA-XI) (CARP XI) (Carbonic anhydrase-related protein 2) (CA-RP II) (CARP-2)
O75596	CLEC3A CLECSF1 UNQ700/PRO1345	C-type lectin domain family 3 member A (C-type lectin superfamily member 1) (Cartilage-derived C-type lectin)
O75711	SCRG1 UNQ390/PRO725	Scrapie-responsive protein 1 (Scrapie-responsive gene 1 protein) (ScRG-1)
O75715	GPX5	Epididymal secretory glutathione peroxidase (EC 1.11.1.9) (Epididymis-specific glutathione peroxidase-like protein) (EGLP) (Glutathione peroxidase 5) (GPx-5) (GSHPx-5)
O75830	SERPINI2 MEPI PI14	Serpin I2 (Myoepithelium-derived serine protease inhibitor) (Pancpin) (Pancreas-specific protein TSA2004) (Peptidase inhibitor 14) (PI-14)
O75973	C1QL1 C1QRF CRF CTRP14	C1q-related factor (C1q and tumor necrosis factor-related protein 14) (C1q/TNF-related protein 14) (Complement component 1 Q subcomponent-like 1)
O95025	SEMA3D UNQ760/PRO1491	Semaphorin-3D
O95084	PRSS23 ZSIG13 UNQ270/PRO307	Serine protease 23 (EC 3.4.21.-) (Putative secreted protein Zsig13)
O95841	ANGPTL1 ANG3 ANGPT3 ARP1 PSEC0154 UNQ162/PRO188	Angiopoietin-related protein 1 (Angiopoietin-3) (ANG-3) (Angiopoietin-like protein 1)
P01566	IFNA10	Interferon alpha-10 (IFN-alpha-10) (Interferon alpha-6L) (Interferon alpha-C) (LeIF C)
P01569	IFNA5	Interferon alpha-5 (IFN-alpha-5) (Interferon alpha-61) (Interferon alpha-G) (LeIF G)
P01599	IGKV1-17	Immunoglobulin kappa variable 1-17 (Ig kappa chain V-I region Gal) (Ig kappa chain V-I region WEA)
P01601	IGKV1D-16	Immunoglobulin kappa variable 1D-16 (Ig kappa chain V-I region HK146) (Ig kappa chain V-I region HK189)
P01611	IGKV1D-12	Immunoglobulin kappa variable 1D-12 (Ig kappa chain V-I region Wes)
P01614	IGKV2D-40	Immunoglobulin kappa variable 2D-40 (Ig kappa chain V-II region Cum)
P01624	IGKV3-15	Immunoglobulin kappa variable 3-15 (Ig kappa chain V-III region CLL) (Ig kappa chain V-III region POM)
P01703	IGLV1-40	Immunoglobulin lambda variable 1-40 (Ig lambda chain V-I region NEWM)
P01714	IGLV3-19	Immunoglobulin lambda variable 3-19 (Ig lambda chain V-III region SH)
P01715	IGLV3-1	Immunoglobulin lambda variable 3-1 (Ig lambda chain V-IV region Bau) (Ig lambda chain V-IV region MOL) (Ig lambda chain V-IV region X)
P01717	IGLV3-25	Immunoglobulin lambda variable 3-25 (Ig lambda chain V-IV region Hil)
P01718	IGLV3-27	Immunoglobulin lambda variable 3-27 (Ig lambda chain V-IV region Kern)
P01743	IGHV1-46	Immunoglobulin heavy variable 1-46 (Ig heavy chain V-I region DOT) (Ig heavy chain V-I region HG3) (Ig heavy chain V-I region Mot)
P01762	IGHV3-11	Immunoglobulin heavy variable 3-11 (Ig heavy chain V-III region TRO)
P01763	IGHV3-48	Immunoglobulin heavy variable 3-48 (Ig heavy chain V-III region WEA)
P01766	IGHV3-13	Immunoglobulin heavy variable 3-13 (Ig heavy chain V-III region BRO)
P01767	IGHV3-53	Immunoglobulin heavy variable 3-53 (Ig heavy chain V-III region BUT)
P01782	IGHV3-9	Immunoglobulin heavy variable 3-9 (Ig heavy chain V-III region DOB)
P01824	IGHV4-39	Immunoglobulin heavy variable 4-39 (Ig heavy chain V-II region WAH)
P04211	IGLV7-43	Immunoglobulin lambda variable 7-43 (Ig lambda chain V region 4A)
P04430	IGKV1-16	Immunoglobulin kappa variable 1-16 (Ig kappa chain V-I region BAN)
P04432	IGKV1D-39	Immunoglobulin kappa variable 1D-39 (Ig kappa chain V-I region Daudi)
P04433	IGKV3-11	Immunoglobulin kappa variable 3-11 (Ig kappa chain V-III region VG)
P04808	RLN1	Prorelaxin H1 [Cleaved into: Relaxin B chain; Relaxin A chain]
P05013	IFNA6	Interferon alpha-6 (IFN-alpha-6) (Interferon alpha-54) (Interferon alpha-K) (LeIF K)
P05015	IFNA16	Interferon alpha-16 (IFN-alpha-16) (Interferon alpha-WA)
P06310	IGKV2-30	Immunoglobulin kappa variable 2-30 (Ig kappa chain V-II region RPMI 6410)
P06315	IGKV5-2	Immunoglobulin kappa variable 5-2 (Ig kappa chain V region EV15)
P06331	IGHV4-34	Immunoglobulin heavy variable 4-34 (Ig heavy chain V-II region ARH-77)
P0C0P6	NPS	Neuropeptide S
P0C7M3	SFTA3 SFTPH	Surfactant-associated protein 3 (Surfactant-associated protein H) (SP-H)
P0C862	C1QTNF9 C1QTNF9A UNQ6503/PRO21380	Complement C1q and tumor necrosis factor-related protein 9A (Complement C1q and tumor necrosis factor-related protein 9)
P0C8F1	PATE4	Prostate and testis expressed protein 4 (PATE-like protein B) (PATE-B)
P0CF74	IGLC6	Immunoglobulin lambda constant 6 (Ig lambda-6 chain C region)
P0DN87	CGB7	Choriogonadotropin subunit beta 7
P0DOX3		Immunoglobulin delta heavy chain (Immunoglobulin delta heavy chain WAH)
P0DOX4		Immunoglobulin epsilon heavy chain (Immunoglobulin epsilon heavy chain ND)
P0DOX6		Immunoglobulin mu heavy chain (Immunoglobulin mu heavy chain OU)
P0DTW3	IGHV1-38-4 IGHV1-C	Probable non-functional immunoglobulin heavy variable 1-38-4
P0DY56	IFNA1	Interferon alpha-1 (IFN-alpha-1) (Interferon alpha-D) (LeIF D)
P10915	HAPLN1 CRTL1	Hyaluronan and proteoglycan link protein 1 (Cartilage-linking protein 1) (Cartilage-link protein) (Proteoglycan link protein)
P12872	MLN	Promotilin [Cleaved into: Motilin; Motilin-associated peptide (MAP)]
P17538	CTRB1 CTRB	Chymotrypsinogen B (EC 3.4.21.1) [Cleaved into: Chymotrypsin B chain A; Chymotrypsin B chain B; Chymotrypsin B chain C]
P19961	AMY2B	Alpha-amylase 2B (EC 3.2.1.1) (1,4-alpha-D-glucan glucanohydrolase 2B) (Carcinoid alpha-amylase)
P20382	PMCH MCH	Pro-MCH [Cleaved into: Neuropeptide-glycine-glutamic acid (NGE) (Neuropeptide G-E); Neuropeptide-glutamic acid-isoleucine (NEI) (Neuropeptide E-I); Melanin-concentrating hormone (MCH)]
P34820	BMP8B BMP8	Bone morphogenetic protein 8B (BMP-8) (BMP-8B) (Osteogenic protein 2) (OP-2)
P35542	SAA4 CSAA	Serum amyloid A-4 protein (Constitutively expressed serum amyloid A protein) (C-SAA)
P47972	NPTX2	Neuronal pentraxin-2 (NP2) (Neuronal pentraxin II) (NP-II)
P54793	ARSF	Arylsulfatase F (ASF) (EC 3.1.6.1)
P55103	INHBC	Inhibin beta C chain (Activin beta-C chain)
P58062	SPINK7 ECG2 UNQ745/PRO1474	Serine protease inhibitor Kazal-type 7 (Esophagus cancer-related gene 2 protein) (ECRG-2)
P58166	INHBE	Inhibin beta E chain (Activin beta-E chain)
P58294	PROK1 UNQ600/PRO1186	Prokineticin-1 (Endocrine-gland-derived vascular endothelial growth factor) (EG-VEGF) (Mambakine)
P59796	GPX6	Glutathione peroxidase 6 (GPx-6) (GSHPx-6) (EC 1.11.1.9)
P59826	BPIFB3 C20orf185 LPLUNC3	BPI fold-containing family B member 3 (Ligand-binding protein RYA3) (Long palate, lung and nasal epithelium carcinoma-associated protein 3)
P60153	RNASE9	Inactive ribonuclease-like protein 9
P60827	C1QTNF8 UNQ5829/PRO19648	Complement C1q tumor necrosis factor-related protein 8 (C1q/TNF-related protein 8) (CTRP8)
P83859	QRFP	Orexigenic neuropeptide QRFP (P518) [Cleaved into: QRF-amide (Neuropeptide RF-amide) (Pyroglutamylated arginine-phenylalanine-amide peptide)]
Q00888	PSG4 CGM4 PSG9	Pregnancy-specific beta-1-glycoprotein 4 (PS-beta-G-4) (PSBG-4) (Pregnancy-specific glycoprotein 4) (Pregnancy-specific beta-1-glycoprotein 9) (PS-beta-G-9) (PSBG-9) (Pregnancy-specific glycoprotein 9)
Q02509	OC90 PLA2L	Otoconin-90 (Oc90) (Phospholipase A2 homolog)
Q07507	DPT	Dermatopontin (Tyrosine-rich acidic matrix protein) (TRAMP)
Q13103	SPP2 SPP24	Secreted phosphoprotein 24 (Spp-24) (Secreted phosphoprotein 2)
Q14641	INSL4	Early placenta insulin-like peptide (EPIL) (Insulin-like peptide 4) (Placentin) [Cleaved into: Early placenta insulin-like peptide B chain; Early placenta insulin-like peptide A chain]
Q15198	PDGFRL PRLTS	Platelet-derived growth factor receptor-like protein (PDGFR-like protein) (PDGF receptor beta-like tumor suppressor)
Q15238	PSG5	Pregnancy-specific beta-1-glycoprotein 5 (PS-beta-G-5) (PSBG-5) (Pregnancy-specific glycoprotein 5) (Fetal liver non-specific cross-reactive antigen 3) (FL-NCA-3)
Q16378	PRR4 LPRP PROL4	Proline-rich protein 4 (Lacrimal proline-rich protein) (Nasopharyngeal carcinoma-associated proline-rich protein 4)
Q17RF5	ODAPH C4orf26	Odontogenesis associated phosphoprotein
Q17RR3	PNLIPRP3	Pancreatic lipase-related protein 3 (PL-RP3) (EC 3.1.1.3)
Q17RY6	LY6K CO16	Lymphocyte antigen 6K (Ly-6K)
Q1L6U9	MSMP PSMP	Prostate-associated microseminoprotein (PC3-secreted microprotein)
Q2L4Q9	PRSS53	Serine protease 53 (EC 3.4.21.-) (Polyserine protease 3) (Polyserase-3)
Q30KP8	DEFB136	Defensin beta 136 (Beta-defensin 136) (DEFB137)
Q30KQ9	DEFB110 DEFB10 DEFB11 DEFB111	Beta-defensin 110 (Beta-defensin 10) (DEFB-10) (Beta-defensin 11) (DEFB-11) (Beta-defensin 111) (Defensin, beta 110) (Defensin, beta 111)
Q3ZCN5	OTOGL C12orf64	Otogelin-like protein
Q49AH0	CDNF ARMETL1	Cerebral dopamine neurotrophic factor (ARMET-like protein 1) (Conserved dopamine neurotrophic factor)
Q53RD9	FBLN7 TM14	Fibulin-7 (FIBL-7)
Q5DT21	SPINK9 LEKTI2	Serine protease inhibitor Kazal-type 9 (Lymphoepithelial Kazal-type-related inhibitor 2)
Q5FYB0	ARSJ UNQ372/PRO708	Arylsulfatase J (ASJ) (EC 3.1.6.-)
Q5GAN6	RNASE10	Inactive ribonuclease-like protein 10
Q5J5C9	DEFB121 DEFB21	Beta-defensin 121 (Beta-defensin 21) (DEFB-21) (Defensin, beta 121)
Q5VWW1	C1QL3 CTRP13	Complement C1q-like protein 3 (C1q and tumor necrosis factor-related protein 13) (C1q/TNF-related protein 13)
Q5VXJ0	LIPK LIPL2	Lipase member K (EC 3.1.1.-) (Lipase-like abhydrolase domain-containing protein 2)
Q5XG92	CES4A CES8 UNQ440/PRO873	Carboxylesterase 4A (EC 3.1.1.-)
Q641Q3	METRNL	Meteorin-like protein (Subfatin)
Q68BL7	OLFML2A UNQ9394/PRO34319	Olfactomedin-like protein 2A (Photomedin-1)
Q68BL8	OLFML2B	Olfactomedin-like protein 2B (Photomedin-2)
Q6H9L7	ISM2 TAIL1 THSD3 PSEC0137	Isthmin-2 (Thrombospondin and AMOP domain-containing isthmin-like protein 1) (Thrombospondin type-1 domain-containing protein 3)
Q6ISS4	LAIR2 CD306	Leukocyte-associated immunoglobulin-like receptor 2 (LAIR-2) (CD antigen CD306)
Q6MZW2	FSTL4 KIAA1061	Follistatin-related protein 4 (Follistatin-like protein 4)
Q6NT32	CES5A CES7	Carboxylesterase 5A (EC 3.1.1.1) (Carboxylesterase-like urinary excreted protein homolog) (Cauxin)
Q6NUJ1	PSAPL1	Proactivator polypeptide-like 1 [Cleaved into: Saposin A-like; Saposin B-Val-like; Saposin B-like; Saposin C-like; Saposin D-like]
Q6P1S2	C3orf33 MSTP052	Protein C3orf33 (Protein AC3-33)
Q6P5S2	LEG1 C6orf58	Protein LEG1 homolog
Q6PEZ8	PODNL1 SLRR5B	Podocan-like protein 1
Q6PKH6	DHRS4L2 SDR25C3	Dehydrogenase/reductase SDR family member 4-like 2 (EC 1.1.-.-) (Short chain dehydrogenase/reductase family 25C member 3) (Protein SDR25C3)
Q6UW32	IGFL1 UNQ644/PRO1274	Insulin growth factor-like family member 1
Q6UWM5	GLIPR1L1 UNQ2972/PRO7434	GLIPR1-like protein 1
Q6UWQ7	IGFL2 UNQ645/PRO1275	Insulin growth factor-like family member 2
Q6UWT2	ENHO C9orf165 UNQ470/PRO830	Adropin (Energy homeostasis-associated protein)
Q6UWT4	C5orf46 UNQ472/PRO839	Uncharacterized protein C5orf46
Q6UX07	DHRS13 SDR7C5 UNQ419/PRO853	Dehydrogenase/reductase SDR family member 13 (EC 1.1.-.-) (Short chain dehydrogenase/reductase family 7C member 5) (Protein SDR7C5)
Q6UX52	C17orf99 IL40 UNQ464/PRO809	Protein IL-40 (Interleukin-40) (IL-40)
Q6UX73	C16orf89 UNQ904/PRO1925	UPF0764 protein C16orf89
Q6UXA7	C6orf15 STG UNQ1840/PRO3566	Uncharacterized protein C6orf15 (Protein STG)
Q6UXH9	PAMR1 RAMP FP938 UNQ699/PRO1344	Inactive serine protease PAMR1 (Peptidase domain-containing protein associated with muscle regeneration 1) (Regeneration-associated muscle protease homolog)
Q6UXI7	VIT UNQ647/PRO1277	Vitrin
Q6UXN2	TREML4 TLT4 UNQ9425/PRO34675	Trem-like transcript 4 protein (TLT-4) (Triggering receptor expressed on myeloid cells-like protein 4)
Q6UXT9	ABHD15 UNQ6510/PRO21435	Protein ABHD15 (Alpha/beta hydrolase domain-containing protein 15) (Abhydrolase domain-containing protein 15)
Q6UXX5	ITIH6 ITIH5L UNQ6369/PRO21074	Inter-alpha-trypsin inhibitor heavy chain H6 (Inter-alpha-trypsin inhibitor heavy chain H5-like protein) (Inter-alpha inhibitor H5-like protein)
Q6X784	ZPBP2 ZPBPL	Zona pellucida-binding protein 2 (ZPBP-like protein)
Q6XPR3	RPTN	Repetin
Q6ZWJ8	KCP CRIM2 KCP1	Kielin/chordin-like protein (Cysteine-rich BMP regulator 2) (Cysteine-rich motor neuron 2 protein) (CRIM-2) (Kielin/chordin-like protein 1) (KCP-1)
Q76B58	BRINP3 DBCCR1L DBCCR1L1 FAM5C	BMP/retinoic acid-inducible neural-specific protein 3 (DBCCR1-like protein 1)
Q76M96	CCDC80 DRO1 URB HBE245	Coiled-coil domain-containing protein 80 (Down-regulated by oncogenes protein 1) (Up-regulated in BRS-3 deficient mouse homolog)
Q7RTY5	PRSS48 ESSPL	Serine protease 48 (EC 3.4.21.-) (Epidermis-specific serine protease-like protein)
Q7RTY7	OVCH1	Ovochymase-1 (EC 3.4.21.-)
Q7Z7B7	DEFB132 DEFB32 UNQ827/PRO1754	Beta-defensin 132 (Beta-defensin 32) (BD-32) (DEFB-32) (Defensin HEL-75) (Defensin, beta 132)
Q86SG7	LYG2 LYGH	Lysozyme g-like protein 2 (EC 3.2.1.-)
Q86UW8	HAPLN4 BRAL2 KIAA1926	Hyaluronan and proteoglycan link protein 4 (Brain link protein 2)
Q86WN2	IFNE IFNE1 UNQ360/PRO655	Interferon epsilon (IFN-epsilon) (Interferon epsilon-1)
Q86WS3	OOSP2 PLAC1L TMEM122	Oocyte-secreted protein 2 (Placenta-specific 1-like protein) (Protein TMEM122)
Q86XP6	GKN2 BLOT GDDR TFIZ1 UNQ465/PRO813	Gastrokine-2 (Blottin) (Down-regulated in gastric cancer) (Trefoil factor interactions(z) 1)
Q8IVN3	MUSTN1	Musculoskeletal embryonic nuclear protein 1
Q8IYD9	LAS2 C18orf54	Lung adenoma susceptibility protein 2
Q8N436	CPXM2 CPX2 UNQ676/PRO1310	Inactive carboxypeptidase-like protein X2
Q8N475	FSTL5 KIAA1263	Follistatin-related protein 5 (Follistatin-like protein 5)
Q8N690	DEFB119 DEFB120 DEFB19 DEFB20 UNQ2449/PRO5729	Beta-defensin 119 (Beta-defensin 120) (Beta-defensin 19) (DEFB-19) (Beta-defensin 20) (DEFB-20) (Defensin, beta 119) (Defensin, beta 120) (ESC42-RELA)
Q8NB37	GATD1 FERRY5 PDDC1	Glutamine amidotransferase-like class 1 domain-containing protein 1 (Ferry endosomal RAB5 effector complex subunit 5) (Fy-5) (Parkinson disease 7 domain-containing protein 1)
Q8NBM8	PCYOX1L PSEC0105	Prenylcysteine oxidase 1-like (EC 1.8.3.5)
Q8NCF0	CLEC18C MRLP3	C-type lectin domain family 18 member C (Mannose receptor-like protein 3)
Q8NDA2	HMCN2	Hemicentin-2
Q8NDX9	LY6G5B C6orf19 G5B	Lymphocyte antigen 6 complex locus protein G5b
Q8NEB7	ACRBP	Acrosin-binding protein (Acrosin-binding protein, 60 kDa form) (Cancer/testis antigen 23) (CT23) (Cancer/testis antigen OY-TES-1) (Proacrosin-binding protein sp32) [Cleaved into: Acrosin-binding protein, mature form (Acrosin-binding protein, 32 kDa form, mature form)]
Q8NET1	DEFB108B DEFB108 DEFB8	Beta-defensin 108B (Beta-defensin 8) (BD-8) (DEFB-8) (hBD-8) (Defensin, beta 108) (Defensin, beta 108B)
Q8NF86	PRSS33	Serine protease 33 (EC 3.4.21.-) (Serine protease EOS)
Q8NFW1	COL22A1	Collagen alpha-1(XXII) chain
Q8NHM4	PRSS3P2 T6 TRY6	Putative trypsin-6 (EC 3.4.21.4) (Serine protease 3 pseudogene 2) (Trypsinogen C)
Q8NI99	ANGPTL6 AGF ARP5 UNQ152/PRO178	Angiopoietin-related protein 6 (Angiopoietin-like protein 6) (Angiopoietin-related growth factor) (Angiopoietin-related protein 5)
Q8TAL6	FIBIN PSEC0235	Fin bud initiation factor homolog
Q8TB96	ITFG1 LNKN-1 TIP CDA08	T-cell immunomodulatory protein (Protein TIP) (Integrin-alpha FG-GAP repeat-containing protein 1) (Linkin)
Q8TCV5	WFDC5 PRG5 WAP1 UNQ3036/PRO9842	WAP four-disulfide core domain protein 5 (Putative protease inhibitor WAP1) (p53-responsive gene 5 protein)
Q8TCW7	ZPLD1	Zona pellucida-like domain-containing protein 1 (ZP domain-containing protein 1) (Cupulin) [Cleaved into: Zona pellucida-like domain-containing protein 1, secreted form]
Q8WUJ1	CYB5D2	Neuferricin (Cytochrome b5 domain-containing protein 2)
Q8WWG1	NRG4	Pro-neuregulin-4, membrane-bound isoform (Pro-NRG4) [Cleaved into: Neuregulin-4 (NRG-4)]
Q8WWY7	WFDC12 C20orf122 WAP2 UNQ544/PRO844	WAP four-disulfide core domain protein 12 (Putative protease inhibitor WAP12) (Whey acidic protein 2)
Q8WX77	IGFBPL1 IGFBPRP4	Insulin-like growth factor-binding protein-like 1 (IGFBP-related protein 10) (Insulin-like growth factor-binding-related protein 4) (IGFBP-rP4)
Q8WXA2	PATE1 PATE	Prostate and testis expressed protein 1
Q8WXQ8	CPA5	Carboxypeptidase A5 (EC 3.4.17.-)
Q96A98	PTH2 TIP39 TIPF39	Tuberoinfundibular peptide of 39 residues (TIP39) (Parathyroid hormone 2)
Q96A99	PTX4 C16orf38	Pentraxin-4
Q96BH3	ELSPBP1 E12	Epididymal sperm-binding protein 1 (Epididymal secretory protein 12) (hE12)
Q96BQ1	FAM3D UNQ567/PRO1130	Protein FAM3D
Q96DX4	RSPRY1 KIAA1972 UNQ328/PRO444	RING finger and SPRY domain-containing protein 1
Q96I82	KAZALD1 FKSG28 FKSG40 UNQ2945/PRO21184	Kazal-type serine protease inhibitor domain-containing protein 1
Q96JK4	HHIPL1 HHIP2 KIAA1822 UNQ9245/PRO34761	HHIP-like protein 1
Q96KX0	LYZL4 LYC4	Lysozyme-like protein 4 (Lysozyme-4)
Q96L15	ART5 UNQ575/PRO1137	Ecto-ADP-ribosyltransferase 5 (EC 2.4.2.31) (ADP-ribosyltransferase C2 and C3 toxin-like 5) (ARTC5) (Mono(ADP-ribosyl)transferase 5) (NAD(P)(+)--arginine ADP-ribosyltransferase 5)
Q96LR4	TAFA4 FAM19A4	Chemokine-like protein TAFA-4
Q96PL1	SCGB3A2 PNSP1 UGRP1 UNQ566/PRO1128	Secretoglobin family 3A member 2 (Pneumo secretory protein 1) (PnSP-1) (Uteroglobin-related protein 1)
Q96PL2	TECTB	Beta-tectorin
Q96QR1	SCGB3A1 HIN1 PNSP2 UGRP2 UNQ629/PRO1245	Secretoglobin family 3A member 1 (Cytokine HIN-1) (High in normal 1) (Pneumo secretory protein 2) (PnSP-2) (Uteroglobin-related protein 2)
Q96S96	PEBP4 CORK1 UNQ1933/PRO4408	Phosphatidylethanolamine-binding protein 4 (PEBP-4) (hPEBP4) (Protein cousin-of-RKIP 1)
Q96SM3	CPXM1 CPX1 CPXM UNQ3015/PRO9782	Probable carboxypeptidase X1 (EC 3.4.17.-) (Metallocarboxypeptidase CPX-1)
Q99218	AMELY AMGL AMGY	Amelogenin, Y isoform
Q99645	EPYC DSPG3 PGLB SLRR3B	Epiphycan (Dermatan sulfate proteoglycan 3) (Proteoglycan-Lb) (PG-Lb) (Small chondroitin/dermatan sulfate proteoglycan)
Q99727	TIMP4	Metalloproteinase inhibitor 4 (Tissue inhibitor of metalloproteinases 4) (TIMP-4)
Q99954	SMR3A PBI PROL5	Submaxillary gland androgen-regulated protein 3A (Proline-rich protein 5) (Proline-rich protein PBI)
Q9BQ08	RETNLB CCRG FIZZ2 HXCP2 RETNL2 UNQ408/PRO770	Resistin-like beta (Colon and small intestine-specific cysteine-rich protein) (Colon carcinoma-related gene protein) (Cysteine-rich secreted protein A12-alpha-like 1) (Cysteine-rich secreted protein FIZZ2) (RELMbeta)
Q9BQR3	PRSS27 MPN UNQ1884/PRO4327	Serine protease 27 (EC 3.4.21.-) (Marapsin) (Pancreasin)
Q9BRJ6	CHLSN C7orf50 FP15621	Protein cholesin
Q9BSG0	PRADC1 C2orf7 PAP21 UNQ833/PRO1760	Protease-associated domain-containing protein 1 (Protease-associated domain-containing protein of 21 kDa) (hPAP21)
Q9BUN1	MENT C1orf56 UNQ547/PRO1104	Protein MENT (Methylated in normal thymocytes protein)
Q9BX93	PLA2G12B PLA2G13 FKSG71	Group XIIB secretory phospholipase A2-like protein (Group XIII secretory phospholipase A2-like protein) (GXIII sPLA2-like) (sPLA2-GXIIB) (GXIIB)
Q9BZ76	CNTNAP3 CASPR3 KIAA1714	Contactin-associated protein-like 3 (Cell recognition molecule Caspr3)
Q9C0B6	BRINP2 DBCCR1L2 FAM5B KIAA1747	BMP/retinoic acid-inducible neural-specific protein 2 (DBCCR1-like protein 2)
Q9H1Z8	ECRG4 C2orf40 UNQ761/PRO1508	Augurin (Esophageal cancer-related gene 4 protein) (ECRG4)
Q9H336	CRISPLD1 CRISP10 LCRISP1 UNQ342/PRO541	Cysteine-rich secretory protein LCCL domain-containing 1 (CocoaCrisp) (Cysteine-rich secretory protein 10) (CRISP-10) (LCCL domain-containing cysteine-rich secretory protein 1) (Trypsin inhibitor Hl)
Q9H3E2	SNX25 MSTP043	Sorting nexin-25
Q9H4A4	RNPEP APB	Aminopeptidase B (AP-B) (EC 3.4.11.6) (Arginine aminopeptidase) (Arginyl aminopeptidase)
Q9H4G1	CST9L CTES7B UNQ1835/PRO3543	Cystatin-9-like (Testatin)
Q9H6D8	FNDC4 FRCP1 UNQ6389/PRO21134	Fibronectin type III domain-containing protein 4 (Fibronectin type III repeat-containing protein 1) [Cleaved into: Soluble FNDC4 (sFNDC4)]
Q9HB40	SCPEP1 RISC SCP1 MSTP034 UNQ265/PRO302	Retinoid-inducible serine carboxypeptidase (EC 3.4.16.-) (Serine carboxypeptidase 1)
Q9HCT0	FGF22 UNQ2500/PRO5800	Fibroblast growth factor 22 (FGF-22)
Q9NPH6	OBP2B UNQ653/PRO1283	Odorant-binding protein 2b (Odorant-binding protein IIb) (OBPIIb)
Q9NRN5	OLFML3 PSEC0035 PSEC0173 PSEC0244 UNQ663/PRO1294	Olfactomedin-like protein 3 (HNOEL-iso) (hOLF44)
Q9NRR1	CYTL1 C4orf4 UNQ1942/PRO4425	Cytokine-like protein 1 (Protein C17)
Q9NS98	SEMA3G	Semaphorin-3G (Semaphorin sem2)
Q9NTU7	CBLN4 CBLNL1 UNQ718/PRO1382	Cerebellin-4 (Cerebellin-like glycoprotein 1)
Q9P0M4	IL17C UNQ561/PRO1122	Interleukin-17C (IL-17C) (Cytokine CX2)
Q9P218	COL20A1 KIAA1510	Collagen alpha-1(XX) chain
Q9UHF5	IL17B IL20 NIRF ZCYTO7 UNQ516/PRO1031	Interleukin-17B (IL-17B) (Cytokine Zcyto7) (Interleukin-20) (IL-20) (Neuronal interleukin-17-related factor)
Q9UK85	DKKL1 SGY1 UNQ735/PRO1429	Dickkopf-like protein 1 (Cancer/testis antigen 34) (CT34) (Protein soggy-1) (SGY-1)
Q9UKR3	KLK13 KLKL4	Kallikrein-13 (EC 3.4.21.-) (Kallikrein-like protein 4) (KLK-L4)
Q9UKY3	CES1P1 CES4	Putative inactive carboxylesterase 4 (Inactive carboxylesterase 1 pseudogene 1) (Placental carboxylesterase 3) (PCE-3)
Q9UQ72	PSG11 PSG13 PSG14	Pregnancy-specific beta-1-glycoprotein 11 (PS-beta-G-11) (PSBG-11) (Pregnancy-specific glycoprotein 11) (Pregnancy-specific beta-1-glycoprotein 13) (PS-beta-G-13) (PSBG-13) (Pregnancy-specific glycoprotein 13)
Q9Y334	VWA7 C6orf27 G7C NG37	von Willebrand factor A domain-containing protein 7 (Protein G7c)
Q9Y5W5	WIF1 UNQ191/PRO217	Wnt inhibitory factor 1 (WIF-1)
A0A075B6H7	IGKV3-7	Probable non-functional immunoglobulin kappa variable 3-7
A0A075B6H8	IGKV1D-42	Probable non-functional immunoglobulin kappa variable 1D-42
A0A075B6H9	IGLV4-69	Immunoglobulin lambda variable 4-69
A0A075B6I0	IGLV8-61	Immunoglobulin lambda variable 8-61
A0A075B6I1	IGLV4-60	Immunoglobulin lambda variable 4-60
A0A075B6I3	IGLV11-55	Probable non-functional immunoglobulin lambda variable 11-55
A0A075B6I4	IGLV10-54	Immunoglobulin lambda variable 10-54
A0A075B6I6	IGLV1-50	Probable non-functional immunoglobulin lambda variable 1-50
A0A075B6I7	IGLV5-48	Probable non-functional immunoglobulin lambda variable 5-48
A0A075B6I9	IGLV7-46	Immunoglobulin lambda variable 7-46
A0A075B6J1	IGLV5-37	Immunoglobulin lambda variable 5-37
A0A075B6J2	IGLV2-33	Probable non-functional immunoglobulin lambda variable 2-33
A0A075B6J6	IGLV3-22	Immunoglobulin lambda variable 3-22
A0A075B6K0	IGLV3-16	Immunoglobulin lambda variable 3-16
A0A075B6K2	IGLV3-12	Immunoglobulin lambda variable 3-12
A0A075B6K4	IGLV3-10	Immunoglobulin lambda variable 3-10
A0A075B6K5	IGLV3-9	Immunoglobulin lambda variable 3-9
A0A075B6K6	IGLV4-3	Immunoglobulin lambda variable 4-3
A0A075B6P5	IGKV2-28	Immunoglobulin kappa variable 2-28
A0A075B6Q5	IGHV3-64	Immunoglobulin heavy variable 3-64
A0A075B6R2	IGHV4-4	Immunoglobulin heavy variable 4-4
A0A075B6R9	IGKV2D-24	Probable non-functional immunoglobulin kappa variable 2D-24
A0A075B6S2	IGKV2D-29	Immunoglobulin kappa variable 2D-29
A0A075B6S4	IGKV1D-17	Immunoglobulin kappa variable 1D-17
A0A075B6S5	IGKV1-27	Immunoglobulin kappa variable 1-27
A0A075B6S6	IGKV2D-30	Immunoglobulin kappa variable 2D-30
A0A075B6S9	IGKV1-37	Probable non-functional immunoglobulin kappa variable 1-37
A0A087WSX0	IGLV5-45	Immunoglobulin lambda variable 5-45
A0A087WSY4	IGHV4-30-2	Immunoglobulin heavy variable 4-30-2
A0A087WSY6	IGKV3D-15	Immunoglobulin kappa variable 3D-15
A0A087WSZ0	IGKV1D-8	Immunoglobulin kappa variable 1D-8
A0A087WW87	IGKV2-40	Immunoglobulin kappa variable 2-40
A0A0A0MRZ7	IGKV2D-26	Immunoglobulin kappa variable 2D-26
A0A0A0MRZ8	IGKV3D-11	Immunoglobulin kappa variable 3D-11
A0A0A0MRZ9	IGLV5-52	Immunoglobulin lambda variable 5-52
A0A0A0MS00	IGLV3-32	Probable non-functional immunoglobulin lambda variable 3-32
A0A0A0MS14	IGHV1-45	Immunoglobulin heavy variable 1-45
A0A0A0MS15	IGHV3-49	Immunoglobulin heavy variable 3-49
A0A0A0MT36	IGKV6D-21	Immunoglobulin kappa variable 6D-21
A0A0B4J1U3	IGLV1-36	Immunoglobulin lambda variable 1-36
A0A0B4J1U7	IGHV6-1	Immunoglobulin heavy variable 6-1
A0A0B4J1V0	IGHV3-15	Immunoglobulin heavy variable 3-15
A0A0B4J1V1	IGHV3-21	Immunoglobulin heavy variable 3-21
A0A0B4J1V2	IGHV2-26	Immunoglobulin heavy variable 2-26
A0A0B4J1V6	IGHV3-73	Immunoglobulin heavy variable 3-73
A0A0B4J1V7	IGHV7-81	Probable non-functional immunoglobulin heavy variable 7-81
A0A0B4J1X5	IGHV3-74	Immunoglobulin heavy variable 3-74
A0A0B4J1X8	IGHV3-43	Immunoglobulin heavy variable 3-43
A0A0B4J1Y8	IGLV9-49	Immunoglobulin lambda variable 9-49
A0A0B4J1Y9	IGHV3-72	Immunoglobulin heavy variable 3-72
A0A0B4J1Z2	IGKV1D-43	Immunoglobulin kappa variable 1D-43
A0A0B4J2D9	IGKV1D-13	Immunoglobulin kappa variable 1D-13
A0A0B4J2H0	IGHV1-69D	Immunoglobulin heavy variable 1-69D
A0A0C4DH24	IGKV6-21	Immunoglobulin kappa variable 6-21
A0A0C4DH25	IGKV3D-20	Immunoglobulin kappa variable 3D-20
A0A0C4DH26	IGKV6D-41	Probable non-functional immunoglobulin kappa variable 6D-41
A0A0C4DH29	IGHV1-3	Immunoglobulin heavy variable 1-3
A0A0C4DH30	IGHV3-16	Probable non-functional immunoglobulin heavy variable 3-16
A0A0C4DH31	IGHV1-18	Immunoglobulin heavy variable 1-18
A0A0C4DH32	IGHV3-20	Immunoglobulin heavy variable 3-20
A0A0C4DH33	IGHV1-24	Immunoglobulin heavy variable 1-24
A0A0C4DH34	IGHV4-28	Immunoglobulin heavy variable 4-28
A0A0C4DH35	IGHV3-35	Probable non-functional immunoglobulin heavy variable 3-35
A0A0C4DH36	IGHV3-38	Probable non-functional immunoglobulin heavy variable 3-38
A0A0C4DH38	IGHV5-51	Immunoglobulin heavy variable 5-51
A0A0C4DH39	IGHV1-58	Immunoglobulin heavy variable 1-58
A0A0C4DH41	IGHV4-61	Immunoglobulin heavy variable 4-61
A0A0C4DH42	IGHV3-66	Immunoglobulin heavy variable 3-66
A0A0C4DH43	IGHV2-70D	Immunoglobulin heavy variable 2-70D
A0A0C4DH55	IGKV3D-7	Immunoglobulin kappa variable 3D-7
A0A0C4DH67	IGKV1-8	Immunoglobulin kappa variable 1-8
A0A0C4DH68	IGKV2-24	Immunoglobulin kappa variable 2-24
A0A0C4DH69	IGKV1-9	Immunoglobulin kappa variable 1-9
A0A0C4DH72	IGKV1-6	Immunoglobulin kappa variable 1-6
A0A0C4DH73	IGKV1-12	Immunoglobulin kappa variable 1-12
A0A0G2JMI3	IGHV1-69-2	Immunoglobulin heavy variable 1-69-2
A0A0G2JS06	IGLV5-39	Immunoglobulin lambda variable 5-39
A0A0J9YVY3	IGHV7-4-1	Immunoglobulin heavy variable 7-4-1
A0A0J9YX35	IGHV3-64D	Immunoglobulin heavy variable 3-64D
A0A0J9YXX1	IGHV5-10-1	Immunoglobulin heavy variable 5-10-1
A0A1B0GTK4	FAM237A	Protein FAM237A
A0A1B0GVD1	FAM237B	Protein FAM237B
A0A1B0GVH4	PRSS51	Serine protease-like protein 51
A0A3B3IS91	POLGARF	POLG alternative reading frame (POLGARF) (ORF-Y) [Cleaved into: POLGARF C-terminal fragment (POLGARFin)]
A0A3G1DIU6	MT-RNR2	Small humanin-like peptide 2 (SHLP2)
A1L453	PRSS38 MPN2	Serine protease 38 (EC 3.4.21.-) (Marapsin-2)
A2RUU4	CLPSL1 C6orf127	Colipase-like protein 1
A6NC86	PINLYP	phospholipase A2 inhibitor and Ly6/PLAUR domain-containing protein
A6NCI4	VWA3A	von Willebrand factor A domain-containing protein 3A
A6NGN9	IGLON5	IgLON family member 5
A6NHN0	OTOL1	Otolin-1
A6NIE9	PRSS29P ISP2	Putative serine protease 29 (EC 3.4.21.-) (Implantation serine proteinase 2-like protein) (ISP2-like protein)
A6NKQ9	CGB1	Choriogonadotropin subunit beta variant 1
A8MTI9	PRSS47P PRSS47	Putative serine protease 47 (EC 3.4.21.-) (Serine protease 47, pseudogene)
A8MTL9	HMSD	Serpin-like protein HMSD (Minor histocompatibility protein HMSD) (Minor histocompatibility serpin domain-containing protein)
A8MV23	SERPINE3	Serpin E3
A8MXU0	DEFB108A DEFB108P1; DEFB108C DEFB108P2	Putative beta-defensin 108A (Defensin, beta 108A) (Defensin, beta 108C) (Putative beta-defensin 108B pseudogene 1/2)
B1AKI9	ISM1 C20orf82 ISM	Isthmin-1
B9A064	IGLL5	Immunoglobulin lambda-like polypeptide 5 (G lambda-1) (Germline immunoglobulin lambda 1)
C9JUS6	ADM5 C19orf76	Putative adrenomedullin-5-like protein
E2RYF7	HCG22 G2 PBMUCL2	Protein PBMUCL2 (HLA complex group 22) (Panbronchiolitis-related mucin-like protein 2)
I3L3R5	CCER2	Coiled-coil domain-containing glutamate-rich protein 2
O00634	NTN3 NTN2L	Netrin-3 (Netrin-2-like protein)
O14498	ISLR UNQ189/PRO215	Immunoglobulin superfamily containing leucine-rich repeat protein
O60575	SPINK4	Serine protease inhibitor Kazal-type 4 (Peptide PEC-60 homolog)
O76038	SCGN SECRET	Secretagogin
O95156	NXPH2 NPH2	Neurexophilin-2
O95157	NXPH3 KIAA1159 NPH3 UNQ687/PRO1327	Neurexophilin-3
O95158	NXPH4 NPH4 UNQ1928/PRO4403	Neurexophilin-4
O95969	SCGB1D2 LIPHB LPNB	Secretoglobin family 1D member 2 (Lipophilin-B)
P0C091	FREM3	FRAS1-related extracellular matrix protein 3
P0CG01	GKN3P	Gastrokine-3
P0CG36	CFC1B	Cryptic family protein 1B
P0CJ72	MTRNR2L5	Humanin-like 5 (HN5) (MT-RNR2-like protein 5)
P0DOX2		Immunoglobulin alpha-2 heavy chain (Immunoglobulin alpha-2 heavy chain BUT)
P0DOX7		Immunoglobulin kappa light chain (Immunoglobulin kappa light chain EU)
P0DOX8		Immunoglobulin lambda-1 light chain (Immunoglobulin lambda-1 light chain MCG)
P0DP01	IGHV1-8	Immunoglobulin heavy variable 1-8
P0DP02	IGHV3-30-3	Immunoglobulin heavy variable 3-30-3
P0DP03	IGHV3-30-5	Immunoglobulin heavy variable 3-30-5
P0DP04	IGHV3-43D	Immunoglobulin heavy variable 3-43D
P0DP06	IGHV4-30-4	Immunoglobulin heavy variable 4-30-4
P0DP07	IGHV4-31	Immunoglobulin heavy variable 4-31
P0DP08	IGHV4-38-2	Immunoglobulin heavy variable 4-38-2
P0DP09	IGKV1-13	Immunoglobulin kappa variable 1-13
P0DP73	DEFB130B	Beta-defensin 130B
P0DP74	DEFB130A DEFB130 DEFB30	Beta-defensin 130A (Beta-defensin 130) (Beta-defensin 30) (DEFB-30) (Defensin, beta 130)
P0DSN7	IGKV1D-37	Probable non-functional immunoglobulin kappa variable 1D-37
P0DTE1	IGHV3-38-3 IGHV3-D	Probable non-functional immunoglobulin heavy variable 3-38-3
P0DTE2	IGHV8-51-1	Probable non-functional immunoglobulin heavy variable 8-51-1
P0DY26	DEFB109D	Beta-defensin 109D
P11465	PSG2 PSBG2	Pregnancy-specific beta-1-glycoprotein 2 (PS-beta-G-2) (PSBG-2) (Pregnancy-specific glycoprotein 2) (Pregnancy-specific beta-1 glycoprotein E) (PS-beta-E)
P16562	CRISP2 GAPDL5 TPX1	Cysteine-rich secretory protein 2 (CRISP-2) (Cancer/testis antigen 36) (CT36) (Testis-specific protein TPX-1)
P58417	NXPH1 NPH1 Nbla00697	Neurexophilin-1
P59861	DEFB131A DEFB131 DEFB31	Beta-defensin 131A (Beta-defensin 31) (DEFB-31) (Defensin, beta 131)
P60985	KRTDAP KDAP UNQ467/PRO826	Keratinocyte differentiation-associated protein
P62502	LCN6 LCN5 UNQ643/PRO1273	Epididymal-specific lipocalin-6 (Lipocalin-5)
Q02325	PLGLB1 PLGL PRGB; PLGLB2 PLGP1	Plasminogen-like protein B (Plasminogen-related protein B)
Q075Z2	BSPH1	Binder of sperm protein homolog 1 (Bovine seminal plasma protein homolog 1) (Bovine seminal plasma protein-like 1)
Q0P651	ABHD18 C4orf29	Protein ABHD18 (Alpha/beta hydrolase domain-containing protein 18) (Abhydrolase domain-containing protein 18)
Q13046	PSG7	Pregnancy-specific beta-1-glycoprotein 7 (PS-beta-G-7) (PSBG-7) (Pregnancy-specific glycoprotein 7)
Q13072	BAGE BAGE1	B melanoma antigen 1 (B melanoma antigen) (Antigen MZ2-BA) (Cancer/testis antigen 2.1) (CT2.1)
Q13296	SCGB2A2 MGB1 UGB2	Mammaglobin-A (Mammaglobin-1) (Secretoglobin family 2A member 2)
Q14507	EDDM3A FAM12A HE3A	Epididymal secretory protein E3-alpha (Human epididymis-specific protein 3-alpha) (HE3-alpha)
Q16557	PSG3	Pregnancy-specific beta-1-glycoprotein 3 (PS-beta-G-3) (PSBG-3) (Pregnancy-specific glycoprotein 3) (Carcinoembryonic antigen SG5)
Q16609	LPAL2 APOARGC	Putative apolipoprotein(a)-like protein 2 (Apo(a)-like protein 2) (Lp(a)-liker protein 2) (Apolipoprotein a-related gene C protein) (Apo(a)rg-C)
Q1W4C9	SPINK13 HBVDNAPTP1 SPINK5L3	Serine protease inhibitor Kazal-type 13 (Hepatitis B virus DNA polymerase transactivated serine protease inhibitor) (Hespintor) (Serine protease inhibitor Kazal-type 5-like 3)
Q1ZYL8	IZUMO4 C19orf36 UNQ831/PRO1758	Izumo sperm-egg fusion protein 4 (Sperm 22 kDa protein c113)
Q2TV78	MST1L D1F15S1A MST1P9 MSTP9	Putative macrophage stimulating 1-like protein (Brain rescue factor 1) (BRF-1) (Hepatocyte growth factor-like protein homolog)
Q30KQ1	DEFB133	Beta-defensin 133 (Defensin, beta 133)
Q30KQ4	DEFB116 DEFB16	Beta-defensin 116 (Beta-defensin 16) (DEFB-16) (Defensin, beta 116)
Q30KQ5	DEFB115 DEFB15	Beta-defensin 115 (Beta-defensin 15) (DEFB-15) (Defensin, beta 115)
Q30KQ8	DEFB112 DEFB12	Beta-defensin 112 (Beta-defensin 12) (DEFB-12) (Defensin, beta 112)
Q30KR1	DEFB109B DEFB109P1B	Beta-defensin 109B (DEFB-109) (HBD9) (Defensin beta 109B)
Q3B7J2	GFOD2 UNQ9430/PRO34691	Glucose-fructose oxidoreductase domain-containing protein 2 (EC 1.-.-.-)
Q5BLP8	NICOL1 C4orf48	NELL2-interacting cell ontogeny regulator 1 (NELL2-interacting cofactor for lumicrine signaling) (NICOL)
Q5JS37	NHLRC3	NHL repeat-containing protein 3
Q5JXM2	METTL24 C6orf186	Probable methyltransferase-like protein 24 (EC 2.1.1.-)
Q5R387	PLA2G2C	Putative inactive group IIC secretory phospholipase A2 (Phosphatidylcholine 2-acylhydrolase-like protein GIIC)
Q5TIE3	VWA5B1	von Willebrand factor A domain-containing protein 5B1
Q5W186	CST9 CLM CTES7A	Cystatin-9 (Cystatin-like molecule)
Q6EBC2	IL31	Interleukin-31 (IL-31)
Q6GPI1	CTRB2	Chymotrypsinogen B2 (EC 3.4.21.1) [Cleaved into: Chymotrypsin B2 chain A; Chymotrypsin B2 chain B; Chymotrypsin B2 chain C]
Q6JVE6	LCN10	Epididymal-specific lipocalin-10
Q6JVE9	LCN8 LCN5	Epididymal-specific lipocalin-8
Q6NT52	CGB2	Choriogonadotropin subunit beta variant 2
Q6P093	AADACL2	Arylacetamide deacetylase-like 2 (EC 3.1.1.-)
Q6PDA7	SPAG11A BIN1B EP2 HE2	Sperm-associated antigen 11A (Antimicrobial-like protein Bin-1b) (Human epididymis-specific protein 2) (He2) (Protein EP2) (Sperm antigen HE2)
Q6PEW0	PRSS54 KLKBL4	Inactive serine protease 54 (Cancer/testis antigen 67) (CT67) (Plasma kallikrein-like protein 4)
Q6UW01	CBLN3 UNQ755/PRO1486	Cerebellin-3
Q6UW10	SFTA2 SFTPG UNQ541/PRO1098	Surfactant-associated protein 2 (Surfactant-associated protein G) (SP-G)
Q6UWE3	CLPSL2 C6orf126 UNQ3045/PRO9861	Colipase-like protein 2
Q6UWF7	NXPE4 C11orf33 FAM55D UNQ3018/PRO9799	NXPE family member 4 (Protein FAM55D)
Q6UWN8	SPINK6 UNQ844/PRO1782	Serine protease inhibitor Kazal-type 6 (Kallikrein inhibitor)
Q6UWP8	SBSN UNQ698/PRO1343	Suprabasin
Q6UWQ5	LYZL1 LYC2 UNQ648/PRO1278	Lysozyme-like protein 1 (EC 3.2.1.17)
Q6UWX4	HHIPL2 HHIP3 KIAA1822L UNQ841/PRO1779	HHIP-like protein 2
Q6UWY5	OLFML1 UNQ564/PRO1126	Olfactomedin-like protein 1
Q6UX82	LYPD8 UNQ511/PRO1026	Ly6/PLAUR domain-containing protein 8
Q6UXB1	IGFL3 UNQ483/PRO982	Insulin growth factor-like family member 3
Q6UXF7	CLEC18B MRLP1 UNQ306/PRO347	C-type lectin domain family 18 member B (Mannose receptor-like protein 1)
Q6UXS0	CLEC19A UNQ5810/PRO19627	C-type lectin domain family 19 member A
Q6UY27	PATE2 C11orf38 UNQ3112/PRO10144	Prostate and testis expressed protein 2 (PATE-like protein M) (PATE-M)
Q6XE38	SCGB1D4 UNQ517/PRO812	Secretoglobin family 1D member 4 (IFN-gamma-inducible secretoglobin) (IIS)
Q6ZNF0	ACP7 PAPL PAPL1	Acid phosphatase type 7 (EC 3.1.3.2) (Purple acid phosphatase long form)
Q765I0	UTS2B URP UTS2D	Urotensin-2B (Urotensin II-related peptide) (Urotensin IIB) (U-IIB) (UIIB) (Urotensin-2 domain-containing protein)
Q7Z304	MAMDC2	MAM domain-containing protein 2 (MAM domain-containing proteoglycan) (Mamcan)
Q7Z4R8	C6orf120	UPF0669 protein C6orf120
Q7Z4W2	LYZL2	Lysozyme-like protein 2 (Lysozyme-2) (EC 3.2.1.17)
Q7Z5A8	TAFA3 FAM19A3	Chemokine-like protein TAFA-3
Q7Z5A9	TAFA1 FAM19A1	Chemokine-like protein TAFA-1
Q7Z5L0	VMO1 UNQ6350/PRO21055	Vitelline membrane outer layer protein 1 homolog
Q7Z5L3	C1QL2 CTRP10	Complement C1q-like protein 2 (C1q and tumor necrosis factor-related protein 10) (C1q/TNF-related protein 10)
Q7Z7B8	DEFB128 DEFB28	Beta-defensin 128 (Beta-defensin 28) (DEFB-28) (Defensin, beta 128)
Q86SI9	IRX2-DT C5orf38 CEI	Putative uncharacterized protein IRX2-DT (Coordinated expression to IRXA2 protein) (IRX2 divergent transcript) (Protein CEI)
Q86TE4	LUZP2 UNQ2566/PRO6246	Leucine zipper protein 2
Q86VR8	FJX1	Four-jointed box protein 1 (Four-jointed protein homolog)
Q86XS5	ANGPTL5 UNQ5795/PRO19600	Angiopoietin-related protein 5 (Angiopoietin-like protein 5)
Q86YQ2	BPIFA4P BASE LATH	Putative BPIFA4P protein (BPI fold containing family A, member 4, pseudogene) (Breast cancer and salivary gland-expressed protein) (Putative latherin)
Q8IUA0	WFDC8 C20orf170 WAP8	WAP four-disulfide core domain protein 8 (Putative protease inhibitor WAP8)
Q8IUB2	WFDC3 WAP14	WAP four-disulfide core domain protein 3 (Putative protease inhibitor WAP14)
Q8IUB3	WFDC10B WAP12	Protein WFDC10B
Q8IUB5	WFDC13 C20orf138 WAP13	WAP four-disulfide core domain protein 13
Q8IUH2	CREG2	Protein CREG2 (Cellular repressor of E1A-stimulated genes 2)
Q8IUK8	CBLN2 UNQ1892/PRO4338	Cerebellin-2
Q8IUL8	CILP2	Cartilage intermediate layer protein 2 (CILP-2) [Cleaved into: Cartilage intermediate layer protein 2 C1; Cartilage intermediate layer protein 2 C2]
Q8IVN8	SBSPON C8orf84 RPESP	Somatomedin-B and thrombospondin type-1 domain-containing protein (RPE-spondin)
Q8IYP2	PRSS58 TRY1 TRYX3 UNQ2540/PRO6090	Serine protease 58 (EC 3.4.21.4) (Trypsin-X3)
Q8IZN7	DEFB107A DEFB107 DEFB7; DEFB107B	Beta-defensin 107 (Beta-defensin 7) (BD-7) (DEFB-7) (Defensin, beta 107)
Q8N0V4	LGI2 KIAA1916 LGIL2	Leucine-rich repeat LGI family member 2 (LGI1-like protein 2) (Leucine-rich glioma-inactivated protein 2)
Q8N129	CNPY4 PSEC0237 UNQ1909/PRO4354	Protein canopy homolog 4
Q8N1E2	LYG1 UNQ1939/PRO4422	Lysozyme g-like protein 1 (EC 3.2.1.-)
Q8N2E2	VWDE	von Willebrand factor D and EGF domain-containing protein
Q8N2X6	EXOC3-AS1 C5orf55	Uncharacterized protein EXOC3-AS1 (EXOC3 antisense RNA 1) (EXOC3 antisense gene protein 1)
Q8N323	NXPE1 FAM55A	NXPE family member 1 (Protein FAM55A)
Q8N3Z0	PRSS35 C6orf158 UNQ522/PRO1057	Inactive serine protease 35
Q8N687	DEFB125 DEFB25	Beta-defensin 125 (Beta-defensin 25) (DEFB-25) (Defensin, beta 125)
Q8N688	DEFB123 DEFB23 UNQ1963/PRO4485	Beta-defensin 123 (Beta-defensin 23) (DEFB-23) (Defensin, beta 123)
Q8N6Y2	LRRC17 P37NB UNQ3076/PRO9909	Leucine-rich repeat-containing protein 17 (p37NB)
Q8NES8	DEFB124 DEFB24	Beta-defensin 124 (Beta-defensin 24) (DEFB-24) (Defensin, beta 124)
Q8NFQ5	BPIFB6 BPIL3	BPI fold-containing family B member 6 (Bactericidal/permeability-increasing protein-like 3)
Q8NFQ6	BPIFC BPIL2	BPI fold-containing family C protein (Bactericidal/permeability-increasing protein-like 2) (BPI-like 2)
Q8NFU4	FDCSP C4orf7 UNQ733/PRO1419	Follicular dendritic cell secreted peptide (FDC secreted protein) (FDC-SP)
Q8NG35	DEFB105A BD5 DEFB105 DEFB5; DEFB105B	Beta-defensin 105 (Beta-defensin 5) (BD-5) (DEFB-5) (Defensin, beta 105)
Q8NG41	NPB PPL7 PPNPB	Neuropeptide B (Preproprotein L7) (hPPL7) [Cleaved into: Neuropeptide B-23 (NPB23) (hL7); Neuropeptide B-29 (NPB29) (hL7C)]
Q8NHW6	OTOS OTOSP	Otospiralin
Q8TAA1	RNASE11 C14orf6 UNQ5832/PRO19669	Putative inactive ribonuclease 11 (RNase 11)
Q8TAV5	KCNJ5-AS1 C11orf45	Uncharacterized protein KCNJ5-AS1 (KCNJ5 antisense RNA 1)
Q8TB22	SPATA20	Spermatogenesis-associated protein 20 (Sperm-specific protein 411) (Ssp411)
Q8WTR8	NTN5	Netrin-5 (Netrin-1-like protein)
Q8WTU2	SSC4D SRCRB4D	Scavenger receptor cysteine-rich domain-containing group B protein (Four scavenger receptor cysteine-rich domains-containing protein) (S4D-SRCRB)
Q8WVF2	UCMA C10orf49	Unique cartilage matrix-associated protein [Cleaved into: Unique cartilage matrix-associated protein C-terminal fragment (Ucma-C) (Gla-rich protein) (GRP)]
Q8WWU7	ITLN2 UNQ2789/PRO7179	Intelectin-2 (Endothelial lectin HL-2)
Q8WX39	LCN9	Epididymal-specific lipocalin-9 (MUP-like lipocalin)
Q969E1	LEAP2	Liver-expressed antimicrobial peptide 2 (LEAP-2)
Q969Y0	NXPE3 FAM55C MSTP115 UNQ5791/PRO19596	NXPE family member 3 (Protein FAM55C)
Q96KW9	SPACA7 C13orf28	Sperm acrosome-associated protein 7
Q96L11	LLCFC1 C7orf34 SOF1	Sperm-egg fusion protein LLCFC1 (LLLL and CFNLAS motif-containing protein 1) (MSSP-binding protein CTM-1) (Sperm-oocyte fusion required protein 1)
Q96MS3	GLT1D1	Glycosyltransferase 1 domain-containing protein 1 (EC 2.4.-.-)
Q96QH8	SPACA5 LYZL5 SPACA5A UNQ6288/PRO20753; SPACA5B	Sperm acrosome-associated protein 5 (EC 3.2.1.17) (Lysozyme-like protein 5) (Sperm-specific lysozyme-like protein X) (SLLP-X)
Q96S86	HAPLN3 EXLD1 UNQ238/PRO271	Hyaluronan and proteoglycan link protein 3
Q99470	SDF2	Stromal cell-derived factor 2 (SDF-2)
Q9BPW4	APOL4	Apolipoprotein L4 (Apolipoprotein L-IV) (ApoL-IV)
Q9BQP9	BPIFA3 C20orf71 SPLUNC3	BPI fold-containing family A member 3 (Short palate, lung and nasal epithelium carcinoma-associated protein 3)
Q9BQY6	WFDC6 C20orf171 WAP6	WAP four-disulfide core domain protein 6 (Putative protease inhibitor WAP6)
Q9BSG5	RTBDN	Retbindin
Q9BXJ2	C1QTNF7 CTRP7	Complement C1q tumor necrosis factor-related protein 7
Q9BYJ0	FGFBP2 KSP37 UNQ425/PRO1065	Fibroblast growth factor-binding protein 2 (FGF-BP2) (FGF-binding protein 2) (FGFBP-2) (37 kDa killer-specific secretory protein) (Ksp37) (HBp17-related protein) (HBp17-RP)
Q9GZN8	ADISSP C20orf27	Adipose-secreted signaling protein
Q9H106	SIRPD PTPNS1L2	Signal-regulatory protein delta (SIRP-delta) (Protein tyrosine phosphatase non-receptor type substrate 1-like 2)
Q9H114	CSTL1	Cystatin-like 1 (RCET11)
Q9H1M3	DEFB129 C20orf87 DEFB29 UNQ5794/PRO19599	Beta-defensin 129 (Beta-defensin 29) (DEFB-29) (Defensin, beta 129)
Q9H3Y0	R3HDML	Peptidase inhibitor R3HDML (Cysteine-rich secretory protein R3HDML)
Q9H7L2	KIR3DX1 KIR3DL0 LENG12	Putative killer cell immunoglobulin-like receptor-like protein KIR3DX1 (Leukocyte receptor cluster member 12)
Q9H7Y0	DIPK2B CXorf36 DIA1R UNQ1862/PRO3743	Divergent protein kinase domain 2B (Deleted in autism-related protein 1)
Q9H972	C14orf93	Uncharacterized protein C14orf93
Q9HBJ0	PLAC1	Placenta-specific protein 1
Q9HC57	WFDC1 PS20	WAP four-disulfide core domain protein 1 (Prostate stromal protein ps20) (ps20 growth inhibitor)
Q9NRC9	OTOR FDP MIAL UNQ3054/PRO9873	Otoraplin (Fibrocyte-derived protein) (Melanoma inhibitory activity-like protein)
Q9UJH8	METRN C16orf23 RJD6	Meteorin
Q9UKQ9	KLK9	Kallikrein-9 (EC 3.4.21.-) (Kallikrein-like protein 3) (KLK-L3)
Q9UQ74	PSG8	Pregnancy-specific beta-1-glycoprotein 8 (PS-beta-G-8) (PSBG-8) (Pregnancy-specific glycoprotein 8)
Q9Y581	INSL6 RIF1	Insulin-like peptide INSL6 (Insulin-like peptide 6) (Relaxin/insulin-like factor 1) [Cleaved into: Insulin-like peptide INSL6 B chain; Insulin-like peptide INSL6 A chain]
A0A087WWS6	IFNA13	Interferon alpha-13
A0A096LNP1	DEFB131B	Beta-defensin 131B (Defensin, beta 131)
A0A0A0MT76	IGLJ1	Immunoglobulin lambda joining 1
A0A0A0MT89	IGKJ1	Immunoglobulin kappa joining 1
A0A0C4DH62	IGHJ1	Immunoglobulin heavy joining 1
A0A1B0GTR0	EDDM13	Epididymal protein 13
A0A2R8Y4Y8	OOSP4B	Oocyte-secreted protein 4B
A0A2R8YFL7	OOSP4A	Oocyte-secreted protein 4A
A0A2R8YFM6	OOSP3	Oocyte-secreted protein 3
A6NC62	RBAKDN	RBAK downstream neighbor protein
A6NE02	BTBD17	BTB/POZ domain-containing protein 17 (Galectin-3-binding protein-like)
A6NFZ4	FAM24A	Protein FAM24A
A6NGW2	STRCP1 STRCP	Putative stereocilin-like protein (Stereocilin pseudogene 1)
A6NHN6	NPIPB15 NPIPL2	Nuclear pore complex-interacting protein family member B15 (Nuclear pore complex-interacting protein-like 2)
A6NJ69	IGIP C5orf53	IgA-inducing protein homolog
A6NNL5	C15orf61	Uncharacterized protein C15orf61
A8MTW9		Putative uncharacterized protein ENSP00000380674
A8MUN3		Putative uncharacterized protein ENSP00000381830
A8MZH6	OOSP1	Putative oocyte-secreted protein 1 homolog
B3GLJ2	PATE3	Prostate and testis expressed protein 3 (Acrosomal vesicle protein HEL-127) (PATE-like protein DJ) (PATE-DJ)
C0HME5	MT-ND4	Mitochondrial alternative ND4 protein (MTALTND4)
C9JL84	HHLA1	HERV-H LTR-associating protein 1
O75200	NPIPB7 NPIPL1	Nuclear pore complex-interacting protein family member B7 (Nuclear pore complex-interacting protein-like 1)
P0C7L1	SPINK8	Serine protease inhibitor Kazal-type 8
P0C854	CECR9	Putative cat eye syndrome critical region protein 9
P0CJ68	MTRNR2L1	Humanin-like 1 (HN1) (MT-RNR2-like protein 1)
P0CJ69	MTRNR2L2	Humanin-like 2 (HN2) (MT-RNR2-like protein 2)
P0CJ70	MTRNR2L3	Humanin-like 3 (HN3) (MT-RNR2-like protein 3)
P0CJ71	MTRNR2L4	Humanin-like 4 (HN4) (MT-RNR2-like protein 4)
P0CJ73	MTRNR2L6	Humanin-like 6 (HN6) (MT-RNR2-like protein 6)
P0CJ74	MTRNR2L7	Humanin-like 7 (HN7) (MT-RNR2-like protein 7)
P0CJ75	MTRNR2L8	Humanin-like 8 (HN8) (MT-RNR2-like protein 8)
P0CJ76	MTRNR2L9	Humanin-like 9 (HN9) (MT-RNR2-like protein 9)
P0CJ77	MTRNR2L10	Humanin-like 10 (HN10) (MT-RNR2-like protein 10)
P0DMP1	MTRNR2L12	Humanin-like 12 (HN12) (MT-RNR2-like protein 12)
P0DMR2	SCGB1C2	Secretoglobin family 1C member 2
P0DOY5	IGHD1-1	Immunoglobulin heavy diversity 1-1
P0DY27	DEFB109C	Beta-defensin 109C
P49223	SPINT3	Kunitz-type protease inhibitor 3 (HKIB9)
Q0P5P2	C17orf67	Uncharacterized protein C17orf67
Q15195	PLGLA PLGLA1 PLGP2 PRGA	Plasminogen-like protein A (Plasminogen-like protein A1) (Plasminogen-related protein A)
Q15846	CLUL1	Clusterin-like protein 1 (Retinal-specific clusterin-like protein)
Q2M2E5	LINC03122 C5orf64	Uncharacterized protein encoded by LINC03122 (Long intergenic non-protein coding RNA 3122)
Q30KP9	DEFB135	Beta-defensin 135 (Defensin, beta 135)
Q30KQ7	DEFB113 DEFB13	Beta-defensin 113 (Beta-defensin 13) (DEFB-13) (Defensin, beta 113)
Q4G0G5	SCGB2B2 SCGB4A2 SCGBL	Secretoglobin family 2B member 2 (Secretoglobin-like protein)
Q4QY38	DEFB134	Beta-defensin 134 (Defensin, beta 134)
Q5GAN3	RNASE13	Probable inactive ribonuclease-like protein 13
Q5GAN4	RNASE12	Probable inactive ribonuclease-like protein 12
Q5H8A3	NMS	Neuromedin-S
Q5JQD4	PYY3	Putative peptide YY-3 (Putative peptide YY3) (PYY-III)
Q5JTB6	PLAC9	Placenta-specific protein 9
Q5T742	ZNF22-AS1 C10orf25	Uncharacterized protein ZNF22-AS1 (ZNF22 antisense RNA 1)
Q5VSP4	LCN1P1 LCN1L1	Putative lipocalin 1-like protein 1 (Lipocalin 1-like pseudogene 1)
Q5VTL7	FNDC7	Fibronectin type III domain-containing protein 7
Q5W188	CST9LP1	Putative cystatin-9-like protein CST9LP1 (Cystatin-9-like pseudogene 1)
Q6B9Z1	IGFL4	Insulin growth factor-like family member 4
Q6IE37	OVOS1	Ovostatin homolog 1
Q6IE38	SPINK14 SPINK5L2	Serine protease inhibitor Kazal-type 14
Q6JVE5	LCN12	Epididymal-specific lipocalin-12
Q6MZM9	PRR27 C4orf40	Proline-rich protein 27
Q6P0A1	FAM180B	Protein FAM180B
Q6UDR6	SPINT4 C20orf137	Kunitz-type protease inhibitor 4
Q6UWF9	FAM180A UNQ1940/PRO4423	Protein FAM180A
Q6UWW0	LCN15 UNQ2541/PRO6093	Lipocalin-15
Q6UXQ8	UNQ6190/PRO20217	Putative uncharacterized protein UNQ6190/PRO20217
Q6UXR4	SERPINA13P SERPINA13 UNQ6121/PRO20043	Putative serpin A13
Q6UXR6	UNQ6494/PRO21346	Putative uncharacterized protein UNQ6494/PRO21346
Q6UXU0	UNQ9165/PRO28630	Putative uncharacterized protein UNQ9165/PRO28630
Q6UY13	UNQ5830/PRO19650/PRO19816	Putative uncharacterized protein UNQ5830/PRO19650/PRO19816
Q6ZVW7	IL17REL	Interleukin-17 receptor E-like protein (IL-17 receptor E-like) (IL-17RE-like)
Q71RG6	FP248	Putative chemokine-related protein FP248 (Protein N73)
Q7Z2R9	SSBP3-AS1 C1orf191 MSTP128	Putative uncharacterized protein SSBP3-AS1 (SSBP3 antisense RNA 1) (SSBP3 antisense gene protein 1)
Q7Z4B0	LINC00305 C18orf20 NCRNA00305	Putative uncharacterized protein encoded by LINC00305
Q86SH4	PRNT	Putative testis-specific prion protein (Protein M8)
Q86U17	SERPINA11	Serpin A11
Q86Y27	BAGE5	B melanoma antigen 5 (Cancer/testis antigen 2.5) (CT2.5)
Q86Y28	BAGE4 MLL3P	B melanoma antigen 4 (Cancer/testis antigen 2.4) (CT2.4)
Q86Y29	BAGE3	B melanoma antigen 3 (Cancer/testis antigen 2.3) (CT2.3)
Q86Y30	BAGE2	B melanoma antigen 2 (Cancer/testis antigen 2.2) (CT2.2)
Q8N5W8	FAM24B	Protein FAM24B
Q8N7Q2	CELF2-AS1 C10orf31	Putative uncharacterized protein CELF2-AS1 (CELF2 antisense RNA 1) (CELF2 antisense gene protein 1)
Q8NEX5	WFDC9 WAP9	Protein WFDC9
Q8NEX6	WFDC11 WAP11	Protein WFDC11
Q8TD33	SCGB1C1	Secretoglobin family 1C member 1 (Secretoglobin RYD5)
Q8WUY1	THEM6 C8orf55 PSEC0098	Protein THEM6 (Mesenchymal stem cell protein DSCD75) (Thioesterase superfamily member 6)
Q8WWF1	C1orf54	Uncharacterized protein C1orf54
Q96EE4	CCDC126 UNQ786/PRO1605	Coiled-coil domain-containing protein 126
Q96MU5	CD300LD-AS1 C17orf77	Uncharacterized protein CD300LD-AS1 (CD300LD antisense RNA 1)
Q9H1F0	WFDC10A C20orf146 WAP10	WAP four-disulfide core domain protein 10A (Putative protease inhibitor WAP10A)
Q9H7B7	PKD1L1-AS1 C7orf69	Putative uncharacterized protein PKD1L1-AS1 (PKD1L1 antisense RNA 1)
Q9NRI6	PYY2	Putative peptide YY-2 (Putative peptide YY2)
S4R3P1	MTRNR2L13	Humanin-like 13 (HN13) (MT-RNR2-like protein 13)
S4R3Y5	MTRNR2L11	Humanin-like 11 (HN11) (MT-RNR2-like protein 11)
A0A411D538	SCPPPQ1	Secretory calcium-binding phosphoprotein proline- and glutamine-rich 1
Q6UXQ4	C2orf66 UNQ6411/PRO21186	Uncharacterized protein C2orf66
Q6UXV3	UNQ6126/PRO20091	Uncharacterized protein UNQ6126/PRO20091
Q6ZRU5		Putative uncharacterized protein FLJ46089
Q9P1C3	PRO2829	Putative uncharacterized protein PRO2829
